t_s,v_kmh,grade_pct,P_wheel_kW,fuel_g_per_s
900.0000,78.0408,1.6523,-27.5884,0.0000
900.1000,77.7829,1.6547,-62.5754,0.0000
900.2000,77.4401,1.6570,-97.0749,0.0000
900.3000,77.0136,1.6593,-113.8392,0.0000
900.4000,76.5871,1.6616,-113.4477,0.0000
900.5000,76.1607,1.6640,-113.0521,0.0000
900.6000,75.7342,1.6663,-112.6524,0.0000
900.7000,75.3077,1.6686,-112.2487,0.0000
900.8000,74.8812,1.6709,-111.8409,0.0000
900.9000,74.4548,1.6732,-111.4292,0.0000
901.0000,74.0283,1.6755,-111.0135,0.0000
901.1000,73.6018,1.6778,-110.5938,0.0000
901.2000,73.1753,1.6801,-110.1703,0.0000
901.3000,72.7488,1.6824,-109.7428,0.0000
901.4000,72.3224,1.6847,-109.3115,0.0000
901.5000,71.8959,1.6870,-108.8763,0.0000
901.6000,71.4694,1.6892,-108.4374,0.0000
901.7000,71.0429,1.6915,-107.9947,0.0000
901.8000,70.6165,1.6937,-107.5482,0.0000
901.9000,70.1900,1.6960,-107.0980,0.0000
902.0000,69.7635,1.6982,-106.6441,0.0000
902.1000,69.3370,1.7005,-106.1865,0.0000
902.2000,68.9105,1.7027,-105.7253,0.0000
902.3000,68.4841,1.7049,-105.2605,0.0000
902.4000,68.0576,1.7071,-104.7921,0.0000
902.5000,67.6311,1.7093,-104.3201,0.0000
902.6000,67.2046,1.7115,-103.8445,0.0000
902.7000,66.7782,1.7137,-103.3655,0.0000
902.8000,66.3517,1.7158,-102.8829,0.0000
902.9000,65.9252,1.7180,-102.3969,0.0000
903.0000,65.4987,1.7202,-101.9075,0.0000
903.1000,65.0722,1.7223,-101.4146,0.0000
903.2000,64.6458,1.7244,-100.9184,0.0000
903.3000,64.2193,1.7265,-100.4188,0.0000
903.4000,63.7928,1.7287,-99.9158,0.0000
903.5000,63.3663,1.7308,-99.4095,0.0000
903.6000,62.9399,1.7328,-98.9000,0.0000
903.7000,62.5134,1.7349,-98.3871,0.0000
903.8000,62.0869,1.7370,-97.8711,0.0000
903.9000,61.6604,1.7390,-97.3518,0.0000
904.0000,61.2340,1.7411,-96.8293,0.0000
904.1000,60.8075,1.7431,-96.3036,0.0000
904.2000,60.3810,1.7451,-95.7749,0.0000
904.3000,59.9545,1.7471,-95.2429,0.0000
904.4000,59.5280,1.7491,-94.7079,0.0000
904.5000,59.1016,1.7511,-94.1698,0.0000
904.6000,58.6751,1.7531,-93.6287,0.0000
904.7000,58.2486,1.7550,-93.0845,0.0000
904.8000,57.8221,1.7570,-92.5374,0.0000
904.9000,57.3957,1.7589,-91.9872,0.0000
905.0000,56.9692,1.7609,-91.4341,0.0000
905.1000,56.5427,1.7628,-90.8781,0.0000
905.2000,56.1162,1.7647,-90.3192,0.0000
905.3000,55.6897,1.7665,-89.7573,0.0000
905.4000,55.2633,1.7684,-89.1927,0.0000
905.5000,54.8368,1.7703,-88.6251,0.0000
905.6000,54.4103,1.7721,-88.0548,0.0000
905.7000,53.9838,1.7739,-87.4816,0.0000
905.8000,53.5574,1.7757,-86.9057,0.0000
905.9000,53.1309,1.7775,-86.3271,0.0000
906.0000,52.7044,1.7793,-85.7457,0.0000
906.1000,52.2779,1.7811,-85.1616,0.0000
906.2000,51.8514,1.7829,-84.5749,0.0000
906.3000,51.4250,1.7846,-83.9854,0.0000
906.4000,50.9985,1.7863,-83.3934,0.0000
906.5000,50.5720,1.7881,-82.7987,0.0000
906.6000,50.1455,1.7898,-82.2015,0.0000
906.7000,49.7191,1.7914,-81.6016,0.0000
906.8000,49.2926,1.7931,-80.9993,0.0000
906.9000,48.8661,1.7948,-80.3944,0.0000
907.0000,48.4396,1.7964,-79.7870,0.0000
907.1000,48.0131,1.7981,-79.1771,0.0000
907.2000,47.5867,1.7997,-78.5648,0.0000
907.3000,47.1602,1.8013,-77.9501,0.0000
907.4000,46.7337,1.8029,-77.3329,0.0000
907.5000,46.3072,1.8044,-76.7133,0.0000
907.6000,45.8808,1.8060,-76.0914,0.0000
907.7000,45.4543,1.8075,-75.4671,0.0000
907.8000,45.0278,1.8091,-74.8406,0.0000
907.9000,44.6013,1.8106,-74.2117,0.0000
908.0000,44.1748,1.8121,-73.5805,0.0000
908.1000,43.7484,1.8136,-72.9471,0.0000
908.2000,43.3219,1.8150,-72.3114,0.0000
908.3000,42.8954,1.8165,-71.6735,0.0000
908.4000,42.4689,1.8179,-71.0335,0.0000
908.5000,42.0425,1.8193,-70.3912,0.0000
908.6000,41.6160,1.8207,-69.7468,0.0000
908.7000,41.1895,1.8221,-69.1003,0.0000
908.8000,40.7630,1.8235,-68.4517,0.0000
908.9000,40.3365,1.8249,-67.8010,0.0000
909.0000,39.9101,1.8262,-67.1483,0.0000
909.1000,39.4836,1.8276,-66.4935,0.0000
909.2000,39.0571,1.8289,-65.8366,0.0000
909.3000,38.6306,1.8302,-65.1778,0.0000
909.4000,38.2042,1.8315,-64.5171,0.0000
909.5000,37.7777,1.8327,-63.8543,0.0000
909.6000,37.3512,1.8340,-63.1897,0.0000
909.7000,36.9247,1.8352,-62.5231,0.0000
909.8000,36.4982,1.8365,-61.8546,0.0000
909.9000,36.0718,1.8377,-61.1843,0.0000
910.0000,35.6453,1.8389,-60.5121,0.0000
910.1000,35.2188,1.8401,-59.8381,0.0000
910.2000,34.7923,1.8412,-59.1623,0.0000
910.3000,34.3659,1.8424,-58.4848,0.0000
910.4000,33.9394,1.8435,-57.8054,0.0000
910.5000,33.5129,1.8447,-57.1244,0.0000
910.6000,33.0864,1.8458,-56.4416,0.0000
910.7000,32.6600,1.8469,-55.7571,0.0000
910.8000,32.2335,1.8479,-55.0710,0.0000
910.9000,31.8070,1.8490,-54.3832,0.0000
911.0000,31.3805,1.8500,-53.6938,0.0000
911.1000,30.9540,1.8511,-53.0027,0.0000
911.2000,30.5276,1.8521,-52.3101,0.0000
911.3000,30.1011,1.8531,-51.6160,0.0000
911.4000,29.6746,1.8541,-50.9202,0.0000
911.5000,29.2481,1.8551,-50.2230,0.0000
911.6000,28.8217,1.8560,-49.5243,0.0000
911.7000,28.3952,1.8570,-48.8241,0.0000
911.8000,27.9687,1.8579,-48.1224,0.0000
911.9000,27.5422,1.8588,-47.4193,0.0000
912.0000,27.1157,1.8597,-46.7148,0.0000
912.1000,26.6893,1.8606,-46.0089,0.0000
912.2000,26.2628,1.8615,-45.3016,0.0000
912.3000,25.8363,1.8623,-44.5930,0.0000
912.4000,25.4098,1.8631,-43.8831,0.0000
912.5000,24.9834,1.8640,-43.1718,0.0000
912.6000,24.5569,1.8648,-42.4593,0.0000
912.7000,24.1304,1.8656,-41.7455,0.0000
912.8000,23.7039,1.8664,-41.0305,0.0000
912.9000,23.2774,1.8671,-40.3143,0.0000
913.0000,22.8510,1.8679,-39.5969,0.0000
913.1000,22.4245,1.8686,-38.8783,0.0000
913.2000,21.9980,1.8693,-38.1585,0.0000
913.3000,21.5715,1.8701,-37.4376,0.0000
913.4000,21.1451,1.8708,-36.7156,0.0000
913.5000,20.7186,1.8714,-35.9925,0.0000
913.6000,20.2921,1.8721,-35.2684,0.0000
913.7000,19.8656,1.8728,-34.5432,0.2778
913.8000,19.4391,1.8734,-33.8170,0.2778
913.9000,19.0127,1.8740,-33.0898,0.2778
914.0000,18.5862,1.8746,-32.3616,0.2778
914.1000,18.1597,1.8752,-31.6325,0.2778
914.2000,17.7332,1.8758,-30.9024,0.2778
914.3000,17.3068,1.8764,-30.1714,0.2778
914.4000,16.8803,1.8769,-29.4395,0.2778
914.5000,16.4538,1.8775,-28.7068,0.2778
914.6000,16.0273,1.8780,-27.9732,0.2778
914.7000,15.6008,1.8785,-27.2388,0.2778
914.8000,15.1744,1.8790,-26.5036,0.2778
914.9000,14.7479,1.8795,-25.7676,0.2778
915.0000,14.3214,1.8799,-25.0308,0.2778
915.1000,13.8949,1.8804,-24.2933,0.2778
915.2000,13.4685,1.8808,-23.5551,0.2778
915.3000,13.0420,1.8813,-22.8162,0.2778
915.4000,12.6155,1.8817,-22.0766,0.2778
915.5000,12.1890,1.8821,-21.3364,0.2778
915.6000,11.7625,1.8825,-20.5955,0.2778
915.7000,11.3361,1.8828,-19.8541,0.2778
915.8000,10.9096,1.8832,-19.1120,0.2778
915.9000,10.4831,1.8835,-18.3694,0.2778
916.0000,10.0566,1.8839,-17.6263,0.2778
916.1000,9.6302,1.8842,-16.8826,0.2778
916.2000,9.2037,1.8845,-16.1384,0.2778
916.3000,8.7772,1.8848,-15.3938,0.2778
916.4000,8.3507,1.8850,-14.6487,0.2778
916.5000,7.9243,1.8853,-13.9032,0.2778
916.6000,7.4978,1.8855,-13.1573,0.2778
916.7000,7.0713,1.8858,-12.4110,0.2778
916.8000,6.6448,1.8860,-11.6643,0.2778
916.9000,6.2183,1.8862,-10.5331,0.2778
917.0000,5.8152,1.8864,-9.0781,0.2778
917.1000,5.4389,1.8866,-7.6682,0.2778
917.2000,5.0930,1.8867,-6.3218,0.2778
917.3000,4.7805,1.8869,-5.0496,0.2778
917.4000,4.5044,1.8871,-4.1336,0.2778
917.5000,4.2443,1.8872,-3.5472,0.2778
917.6000,3.9991,1.8873,-3.0337,0.2778
917.7000,3.7682,1.8874,-2.5845,0.2778
917.8000,3.5506,1.8876,-2.1919,0.2778
917.9000,3.3455,1.8877,-1.8492,0.2778
918.0000,3.1523,1.8878,-1.5506,0.2778
918.1000,2.9703,1.8879,-1.2907,0.2778
918.2000,2.7988,1.8880,-1.0650,0.2778
918.3000,2.6371,1.8881,-0.8692,0.2778
918.4000,2.4848,1.8881,-0.6998,0.2778
918.5000,2.3413,1.8882,-0.5535,0.2778
918.6000,2.2061,1.8883,-0.4275,0.2778
918.7000,2.0787,1.8884,-0.3194,0.2778
918.8000,1.9587,1.8884,-0.2269,0.2778
918.9000,1.8456,1.8885,-0.1480,0.2778
919.0000,1.7390,1.8885,-0.0810,0.2778
919.1000,1.6386,1.8886,-0.0245,0.2778
919.2000,1.5439,1.8886,0.0230,0.6544
919.3000,1.4548,1.8887,0.0625,0.6544
919.4000,1.3708,1.8887,0.0952,0.6544
919.5000,1.2916,1.8888,0.1219,0.6544
919.6000,1.2170,1.8888,0.1435,0.6544
919.7000,1.1467,1.8889,0.1606,0.6544
919.8000,1.0805,1.8889,0.1739,0.6544
919.9000,1.0181,1.8889,0.1839,0.6544
920.0000,0.9593,1.8890,0.1910,0.6544
920.1000,0.9039,1.8890,0.1958,0.6544
920.2000,0.8517,1.8890,0.1985,0.6544
920.3000,0.8025,1.8890,0.1995,0.6544
920.4000,0.7562,1.8891,0.1990,0.6544
920.5000,0.7125,1.8891,0.1973,0.6544
920.6000,0.6714,1.8891,0.1946,0.6544
920.7000,0.6326,1.8891,0.1911,0.6544
920.8000,0.5961,1.8891,0.1870,0.6544
920.9000,0.5616,1.8892,0.1823,0.6544
921.0000,0.5292,1.8892,0.1771,0.6544
921.1000,0.4986,1.8892,0.1717,0.2778
921.2000,0.4698,1.8892,0.1661,0.2778
921.3000,0.4427,1.8892,0.1603,0.2778
921.4000,0.4171,1.8892,0.1544,0.2778
921.5000,0.3931,1.8893,0.1484,0.2778
921.6000,0.3704,1.8893,0.1425,0.2778
921.7000,0.3490,1.8893,0.1366,0.2778
921.8000,0.3288,1.8893,0.1308,0.2778
921.9000,0.3098,1.8893,0.1251,0.2778
922.0000,0.2919,1.8893,0.1196,0.2778
922.1000,0.2751,1.8893,0.1141,0.2778
922.2000,0.2592,1.8893,0.1088,0.2778
922.3000,0.2442,1.8893,0.1037,0.2778
922.4000,0.2301,1.8893,0.0987,0.2778
922.5000,0.2168,1.8894,0.0939,0.2778
922.6000,0.2043,1.8894,0.0893,0.2778
922.7000,0.1925,1.8894,-0.0076,0.2778
922.8000,0.0000,1.8894,-0.0000,0.2778
922.9000,0.0000,1.8894,0.0000,0.2778
923.0000,0.0000,1.8894,0.0000,0.2778
923.1000,0.0000,1.8894,0.0000,0.2778
923.2000,0.0000,1.8894,0.0000,0.2778
923.3000,0.0000,1.8894,0.0000,0.2778
923.4000,0.0000,1.8894,0.0000,0.2778
923.5000,0.0000,1.8894,0.0000,0.2778
923.6000,0.0000,1.8894,0.0000,0.2778
923.7000,0.0000,1.8894,0.0000,0.2778
923.8000,0.0000,1.8894,0.0000,0.2778
923.9000,0.0000,1.8894,0.0000,0.2778
924.0000,0.0000,1.8894,0.0000,0.2778
924.1000,0.0000,1.8894,0.0000,0.2778
924.2000,0.0000,1.8894,0.0000,0.2778
924.3000,0.0000,1.8894,0.0000,0.2778
924.4000,0.0000,1.8894,0.0000,0.2778
924.5000,0.0000,1.8894,0.0000,0.2778
924.6000,0.0000,1.8894,0.0000,0.2778
924.7000,0.0000,1.8894,0.0000,0.2778
924.8000,0.0000,1.8894,0.0000,0.2778
924.9000,0.0000,1.8894,0.0000,0.2778
925.0000,0.0000,1.8894,0.0000,0.2778
925.1000,0.0000,1.8894,0.0000,0.2778
925.2000,0.0000,1.8894,0.0000,0.2778
925.3000,0.0000,1.8894,0.0000,0.2778
925.4000,0.0000,1.8894,0.0000,0.2778
925.5000,0.0000,1.8894,0.0000,0.2778
925.6000,0.0000,1.8894,0.0000,0.2778
925.7000,0.0000,1.8894,0.0000,0.2778
925.8000,0.0000,1.8894,0.0000,0.2778
925.9000,0.0000,1.8894,0.0000,0.2778
926.0000,0.0000,1.8894,0.0000,0.2778
926.1000,0.0000,1.8894,0.0000,0.2778
926.2000,0.0000,1.8894,0.0000,0.2778
926.3000,0.0000,1.8894,0.0000,0.2778
926.4000,0.0000,1.8894,0.0000,0.2778
926.5000,0.0000,1.8894,0.0000,0.2778
926.6000,0.0000,1.8894,0.0000,0.2778
926.7000,0.0000,1.8894,0.0000,0.2778
926.8000,0.0000,1.8894,0.0000,0.2778
926.9000,0.0000,1.8894,0.0000,0.2778
927.0000,0.0000,1.8894,0.0000,0.2778
927.1000,0.0000,1.8894,0.0000,0.2778
927.2000,0.0000,1.8894,0.0000,0.2778
927.3000,0.0000,1.8894,0.0000,0.2778
927.4000,0.0000,1.8894,0.0000,0.2778
927.5000,0.0000,1.8894,0.0000,0.2778
927.6000,0.0000,1.8894,0.0000,0.2778
927.7000,0.0000,1.8894,0.0000,0.2778
927.8000,0.0000,1.8894,0.0000,0.2778
927.9000,0.0000,1.8894,0.0000,0.2778
928.0000,0.0000,1.8894,0.0000,0.2778
928.1000,0.0000,1.8894,0.0000,0.2778
928.2000,0.0000,1.8894,0.0000,0.2778
928.3000,0.0000,1.8894,0.0000,0.2778
928.4000,0.0000,1.8894,0.0000,0.2778
928.5000,0.0000,1.8894,0.0000,0.2778
928.6000,0.0000,1.8894,0.0000,0.2778
928.7000,0.0000,1.8894,0.0000,0.2778
928.8000,0.0000,1.8894,0.0000,0.2778
928.9000,0.0000,1.8894,0.0000,0.2778
929.0000,0.0000,1.8894,0.0000,0.2778
929.1000,0.0000,1.8894,0.0000,0.2778
929.2000,0.0000,1.8894,0.0000,0.2778
929.3000,0.0000,1.8894,0.0000,0.2778
929.4000,0.0000,1.8894,0.0000,0.2778
929.5000,0.0000,1.8894,0.0000,0.2778
929.6000,0.0000,1.8894,0.0000,0.2778
929.7000,0.0000,1.8894,0.0000,0.2778
929.8000,0.0000,1.8894,0.0000,0.2778
929.9000,0.0000,1.8894,0.0000,0.2778
930.0000,0.0000,1.8894,0.0000,0.2778
930.1000,0.0000,1.8894,0.0000,0.2778
930.2000,0.0000,1.8894,0.0000,0.2778
930.3000,0.0000,1.8894,0.0000,0.2778
930.4000,0.0000,1.8894,0.0000,0.2778
930.5000,0.0000,1.8894,0.0000,0.2778
930.6000,0.0000,1.8894,0.0000,0.2778
930.7000,0.0000,1.8894,0.0000,0.2778
930.8000,0.0000,1.8894,0.0000,0.2778
930.9000,0.0000,1.8894,0.0000,0.2778
931.0000,0.0000,1.8894,0.0000,0.2778
931.1000,0.0000,1.8894,0.0000,0.2778
931.2000,0.0000,1.8894,0.0000,0.2778
931.3000,0.0000,1.8894,0.0000,0.2778
931.4000,0.0000,1.8894,0.0000,0.2778
931.5000,0.0000,1.8894,0.0000,0.2778
931.6000,0.0000,1.8894,0.0000,0.2778
931.7000,0.0000,1.8894,0.0000,0.2778
931.8000,0.0000,1.8894,0.0000,0.2778
931.9000,0.0000,1.8894,0.0000,0.2778
932.0000,0.0000,1.8894,0.0000,0.2778
932.1000,0.0000,1.8894,0.0000,0.2778
932.2000,0.0000,1.8894,0.0000,0.2778
932.3000,0.0000,1.8894,0.0000,0.2778
932.4000,0.0000,1.8894,0.0000,0.2778
932.5000,0.0000,1.8894,0.0000,0.2778
932.6000,0.0000,1.8894,0.0000,0.2778
932.7000,0.0000,1.8894,0.0000,0.2778
932.8000,0.0000,1.8894,0.0000,0.2778
932.9000,0.0000,1.8894,0.0000,0.2778
933.0000,0.0000,1.8894,0.0000,0.2778
933.1000,0.0000,1.8894,0.0000,0.2778
933.2000,0.0000,1.8894,0.0000,0.2778
933.3000,0.0000,1.8894,0.0000,0.2778
933.4000,0.0000,1.8894,0.0000,0.2778
933.5000,0.0000,1.8894,0.0000,0.2778
933.6000,0.0000,1.8894,0.0000,0.2778
933.7000,0.0000,1.8894,0.0000,0.2778
933.8000,0.0000,1.8894,0.0000,0.2778
933.9000,0.0000,1.8894,0.0000,0.2778
934.0000,0.0000,1.8894,0.0000,0.2778
934.1000,0.0000,1.8894,0.0000,0.2778
934.2000,0.0000,1.8894,0.0000,0.2778
934.3000,0.0000,1.8894,0.0000,0.2778
934.4000,0.0000,1.8894,0.0000,0.2778
934.5000,0.0000,1.8894,0.0000,0.2778
934.6000,0.0000,1.8894,0.0000,0.2778
934.7000,0.0000,1.8894,0.0000,0.2778
934.8000,0.0000,1.8894,0.0000,0.2778
934.9000,0.0000,1.8894,0.0000,0.2778
935.0000,0.0000,1.8894,0.0000,0.2778
935.1000,0.0000,1.8894,0.0000,0.2778
935.2000,0.0000,1.8894,0.0000,0.2778
935.3000,0.0000,1.8894,0.0000,0.2778
935.4000,0.0000,1.8894,0.0000,0.2778
935.5000,0.0000,1.8894,0.0000,0.2778
935.6000,0.0000,1.8894,0.0000,0.2778
935.7000,0.0000,1.8894,0.0000,0.2778
935.8000,0.0000,1.8894,0.0000,0.2778
935.9000,0.0000,1.8894,0.0000,0.2778
936.0000,0.0000,1.8894,0.0000,0.2778
936.1000,0.0000,1.8894,0.0000,0.2778
936.2000,0.0000,1.8894,0.0000,0.2778
936.3000,0.0000,1.8894,0.0000,0.2778
936.4000,0.0000,1.8894,0.0000,0.2778
936.5000,0.0000,1.8894,0.0000,0.2778
936.6000,0.0000,1.8894,0.0000,0.2778
936.7000,0.0000,1.8894,0.0000,0.2778
936.8000,0.0000,1.8894,0.0000,0.2778
936.9000,0.0000,1.8894,0.0000,0.2778
937.0000,0.0000,1.8894,0.0000,0.2778
937.1000,0.0000,1.8894,0.0000,0.2778
937.2000,0.0000,1.8894,0.0000,0.2778
937.3000,0.0000,1.8894,0.0000,0.2778
937.4000,0.0000,1.8894,0.0000,0.2778
937.5000,0.0000,1.8894,0.0000,0.2778
937.6000,0.0000,1.8894,0.0000,0.2778
937.7000,0.0000,1.8894,0.0000,0.2778
937.8000,0.0000,1.8894,0.0000,0.2778
937.9000,0.0000,1.8894,0.0000,0.2778
938.0000,0.0000,1.8894,0.0000,0.2778
938.1000,0.0000,1.8894,0.0000,0.2778
938.2000,0.0000,1.8894,0.0000,0.2778
938.3000,0.0000,1.8894,0.0000,0.2778
938.4000,0.0000,1.8894,0.0000,0.2778
938.5000,0.0000,1.8894,0.0000,0.2778
938.6000,0.0000,1.8894,0.0000,0.2778
938.7000,0.0000,1.8894,0.0000,0.2778
938.8000,0.0000,1.8894,0.0000,0.2778
938.9000,0.0000,1.8894,0.0000,0.2778
939.0000,0.0000,1.8894,0.0000,0.2778
939.1000,0.0000,1.8894,0.0000,0.2778
939.2000,0.0000,1.8894,0.0000,0.2778
939.3000,0.0000,1.8894,0.0000,0.2778
939.4000,0.0000,1.8894,0.0000,0.2778
939.5000,0.0000,1.8894,0.0000,0.2778
939.6000,0.0000,1.8894,0.0000,0.2778
939.7000,0.0000,1.8894,0.0000,0.2778
939.8000,0.0000,1.8894,0.0000,0.2778
939.9000,0.0000,1.8894,0.0000,0.2778
940.0000,0.0000,1.8894,0.0000,0.2778
940.1000,0.0000,1.8894,0.0000,0.2778
940.2000,0.0000,1.8894,0.0000,0.2778
940.3000,0.0000,1.8894,0.0000,0.2778
940.4000,0.0000,1.8894,0.0000,0.2778
940.5000,0.0000,1.8894,0.0000,0.2778
940.6000,0.0000,1.8894,0.0000,0.2778
940.7000,0.0000,1.8894,0.0000,0.2778
940.8000,0.0000,1.8894,0.0000,0.2778
940.9000,0.2261,1.8894,0.3842,0.2778
941.0000,0.4523,1.8894,0.8588,0.2778
941.1000,0.7538,1.8894,1.7322,0.7952
941.2000,1.1306,1.8894,2.8240,0.9005
941.3000,1.5075,1.8895,3.7654,0.9380
941.4000,1.8844,1.8895,4.7069,0.9774
941.5000,2.2613,1.8896,5.6485,1.0184
941.6000,2.6381,1.8897,6.5902,1.0603
941.7000,3.0150,1.8898,7.5319,1.1044
941.8000,3.3919,1.8899,8.4738,1.1496
941.9000,3.7687,1.8900,9.4158,1.1974
942.0000,4.1456,1.8901,10.3579,1.2455
942.1000,4.5224,1.8902,11.3001,1.2952
942.2000,4.8993,1.8904,12.2425,1.3478
942.3000,5.2761,1.8906,13.1850,1.4033
942.4000,5.6529,1.8907,14.1276,1.4607
942.5000,6.0297,1.8909,15.0703,1.5202
942.6000,6.4065,1.8911,16.0131,1.5810
942.7000,6.7832,1.8913,16.9561,1.6428
942.8000,7.1599,1.8915,17.8991,1.7055
942.9000,7.5366,1.8918,18.8423,1.7692
943.0000,7.9133,1.8920,19.7855,1.8332
943.1000,8.2899,1.8923,20.7287,1.8973
943.2000,8.6665,1.8925,21.6721,1.9621
943.3000,9.0431,1.8928,22.6154,2.0277
943.4000,9.4196,1.8931,23.5588,2.0942
943.5000,9.7960,1.8934,24.5021,2.1614
943.6000,10.1725,1.8937,25.4454,2.2292
943.7000,10.5488,1.8941,26.3887,2.2973
943.8000,10.9251,1.8944,27.3319,2.3662
943.9000,11.3014,1.8948,28.2750,2.4360
944.0000,11.6775,1.8951,29.2180,2.5068
944.1000,12.0536,1.8955,30.1608,2.5786
944.2000,12.4296,1.8959,31.1034,2.6512
944.3000,12.8056,1.8963,32.0457,2.7249
944.4000,13.1814,1.8967,32.9878,2.7998
944.5000,13.5572,1.8971,33.9296,2.8757
944.6000,13.9328,1.8975,34.8711,2.9526
944.7000,14.3083,1.8980,35.8122,3.0305
944.8000,14.6838,1.8984,36.7529,3.1095
944.9000,15.0591,1.8989,37.6931,3.1897
945.0000,15.4343,1.8994,38.6328,3.2712
945.1000,15.8094,1.8999,39.5720,3.3535
945.2000,16.1843,1.9004,40.5106,3.4383
945.3000,16.5591,1.9009,41.4485,3.5247
945.4000,16.9337,1.9014,42.3857,3.6124
945.5000,17.3082,1.9019,43.3222,3.7013
945.6000,17.6825,1.9025,44.2579,3.7910
945.7000,18.0567,1.9030,45.1927,3.8821
945.8000,18.4307,1.9036,46.1266,3.8253
945.9000,18.8045,1.9042,47.0595,3.8831
946.0000,19.1781,1.9048,47.9914,3.9411
946.1000,19.5515,1.9054,48.9222,3.9994
946.2000,19.9247,1.9060,49.8519,4.0580
946.3000,20.2977,1.9066,50.7804,3.3957
946.4000,20.6704,1.9073,51.7075,3.4577
946.5000,21.0430,1.9079,52.6334,3.5200
946.6000,21.4153,1.9086,53.5578,3.5823
946.7000,21.7873,1.9092,54.4807,3.6448
946.8000,22.1591,1.9099,55.4021,3.7074
946.9000,22.5306,1.9106,56.3218,3.7702
947.0000,22.9019,1.9113,57.2399,3.8332
947.1000,23.2728,1.9120,58.1562,3.8963
947.2000,23.6435,1.9127,59.0706,3.9595
947.3000,24.0139,1.9134,59.9832,4.0229
947.4000,24.3840,1.9142,60.8937,4.0865
947.5000,24.7537,1.9149,61.8022,4.1503
947.6000,25.1231,1.9157,62.7085,4.2142
947.7000,25.4922,1.9165,63.6126,4.2783
947.8000,25.8609,1.9172,64.5144,4.3425
947.9000,26.2293,1.9180,65.4138,4.4069
948.0000,26.5973,1.9188,66.3107,4.4715
948.1000,26.9649,1.9197,67.2050,4.5363
948.2000,27.3322,1.9205,68.0967,4.6013
948.3000,27.6990,1.9213,68.9857,4.6664
948.4000,28.0654,1.9221,69.8719,4.7317
948.5000,28.4314,1.9230,70.7551,4.7972
948.6000,28.7970,1.9238,71.6354,4.8629
948.7000,29.1621,1.9247,72.5126,4.9288
948.8000,29.5268,1.9256,73.3866,4.9949
948.9000,29.8910,1.9265,74.2574,5.0611
949.0000,30.2548,1.9274,75.1248,5.1276
949.1000,30.6181,1.9283,75.9888,5.1942
949.2000,30.9808,1.9292,76.8493,4.9584
949.3000,31.3431,1.9301,77.7061,5.0025
949.4000,31.7048,1.9310,78.5593,5.0464
949.5000,32.0660,1.9320,79.4086,5.0915
949.6000,32.4267,1.9329,80.2540,5.1424
949.7000,32.7868,1.9339,81.0955,5.1931
949.8000,33.1464,1.9348,81.9329,5.2435
949.9000,33.5053,1.9358,82.7661,5.2938
950.0000,33.8637,1.9368,83.5951,5.3439
950.1000,34.2215,1.9378,84.4197,5.3937
950.2000,34.5787,1.9388,85.2398,5.4434
950.3000,34.9352,1.9398,86.0554,5.4928
950.4000,35.2911,1.9408,86.8664,5.5420
950.5000,35.6464,1.9418,87.6727,5.5910
950.6000,36.0010,1.9428,88.4741,5.6398
950.7000,36.3550,1.9439,89.2706,5.6884
950.8000,36.7082,1.9449,90.0622,5.7378
950.9000,37.0608,1.9460,90.8486,5.7888
951.0000,37.4126,1.9470,91.6298,5.8398
951.1000,37.7638,1.9481,92.4058,5.8922
951.2000,38.1142,1.9491,93.1764,5.9444
951.3000,38.4638,1.9502,93.9416,5.9965
951.4000,38.8128,1.9513,94.7012,6.0483
951.5000,39.1609,1.9524,95.4551,6.1000
951.6000,39.5083,1.9535,96.2034,6.1516
951.7000,39.8548,1.9546,96.9458,6.2029
951.8000,40.2006,1.9557,97.6824,6.2541
951.9000,40.5455,1.9568,98.4130,6.3050
952.0000,40.8896,1.9579,99.1375,6.3558
952.1000,41.2329,1.9590,99.8558,6.4064
952.2000,41.5753,1.9601,100.5680,6.4568
952.3000,41.9169,1.9613,101.2738,6.5070
952.4000,42.2576,1.9624,101.9732,6.5570
952.5000,42.5974,1.9635,102.6662,6.6067
952.6000,42.9362,1.9647,103.3526,6.6563
952.7000,43.2742,1.9658,104.0323,6.7056
952.8000,43.6113,1.9670,104.7054,6.7547
952.9000,43.9474,1.9681,105.3717,6.8036
953.0000,44.2825,1.9693,106.0311,6.8523
953.1000,44.6167,1.9705,106.6436,6.8984
953.2000,44.9496,1.9716,107.1369,6.9380
953.3000,45.2806,1.9728,107.4791,6.9691
953.4000,45.6091,1.9740,107.6701,6.9918
953.5000,45.9345,1.9751,107.7104,7.0060
953.6000,46.2563,1.9763,107.6417,7.0141
953.7000,46.5743,1.9775,107.5392,7.0202
953.8000,46.8886,1.9787,107.4361,7.0264
953.9000,47.1992,1.9798,107.3324,7.0325
954.0000,47.5063,1.9810,107.2282,7.0386
954.1000,47.8099,1.9822,107.1236,7.0447
954.2000,48.1101,1.9834,107.0186,7.0508
954.3000,48.4069,1.9846,106.9132,7.0568
954.4000,48.7005,1.9858,106.8075,7.0628
954.5000,48.9908,1.9869,106.7014,7.0688
954.6000,49.2779,1.9881,106.5951,7.0748
954.7000,49.5620,1.9893,106.4886,7.0808
954.8000,49.8430,1.9905,106.3819,7.0868
954.9000,50.1210,1.9917,106.2750,7.0927
955.0000,50.3961,1.9928,106.1679,7.0986
955.1000,50.6683,1.9940,106.0608,7.1046
955.2000,50.9377,1.9952,105.9535,7.1105
955.3000,51.2043,1.9964,105.8463,7.1164
955.4000,51.4682,1.9975,105.7389,7.1222
955.5000,51.7293,1.9987,105.6316,7.1281
955.6000,51.9879,1.9999,105.5243,7.1340
955.7000,52.2438,2.0010,105.4170,7.1398
955.8000,52.4972,2.0022,105.3098,7.1456
955.9000,52.7480,2.0033,105.2027,7.1515
956.0000,52.9964,2.0045,105.0957,7.1573
956.1000,53.2424,2.0056,104.9888,7.1631
956.2000,53.4859,2.0068,104.8821,6.6675
956.3000,53.7271,2.0079,104.7755,6.6551
956.4000,53.9660,2.0090,104.6691,6.6430
956.5000,54.2026,2.0102,104.5629,6.6311
956.6000,54.4370,2.0113,104.4569,6.6194
956.7000,54.6691,2.0124,104.3512,6.6080
956.8000,54.8991,2.0135,104.2457,6.5968
956.9000,55.1269,2.0146,104.1404,6.5858
957.0000,55.3525,2.0157,104.0354,6.5765
957.1000,55.5761,2.0168,103.9307,6.5675
957.2000,55.7977,2.0179,103.8263,6.5585
957.3000,56.0172,2.0190,103.7222,6.5525
957.4000,56.2347,2.0200,103.6184,6.5517
957.5000,56.4502,2.0211,103.5149,6.5510
957.6000,56.6638,2.0221,103.4118,6.5502
957.7000,56.8755,2.0232,103.3090,6.5494
957.8000,57.0852,2.0242,103.2065,6.5487
957.9000,57.2931,2.0252,103.1045,6.5479
958.0000,57.4992,2.0263,103.0028,6.5472
958.1000,57.7035,2.0273,102.9014,6.5465
958.2000,57.9059,2.0283,102.8005,6.5458
958.3000,58.1066,2.0292,102.6999,6.5451
958.4000,58.3056,2.0302,102.5998,6.5444
958.5000,58.5028,2.0312,102.5000,6.5437
958.6000,58.6984,2.0321,102.4007,6.5430
958.7000,58.8922,2.0331,102.3017,6.5424
958.8000,59.0844,2.0340,102.2032,6.5417
958.9000,59.2750,2.0349,102.1051,6.5411
959.0000,59.4640,2.0359,102.0074,6.5404
959.1000,59.6513,2.0368,101.9101,6.5398
959.2000,59.8371,2.0377,101.8133,6.5392
959.3000,60.0214,2.0385,101.7169,6.5386
959.4000,60.2041,2.0394,101.6209,6.5380
959.5000,60.3853,2.0402,101.5254,6.5374
959.6000,60.5649,2.0411,101.4303,6.5369
959.7000,60.7432,2.0419,101.3356,6.5363
959.8000,60.9199,2.0427,101.2414,6.5357
959.9000,61.0952,2.0435,101.1476,6.5352
960.0000,61.2691,2.0443,101.0542,6.5347
960.1000,61.4416,2.0451,100.9613,6.5342
960.2000,61.6126,2.0458,100.8688,6.5336
960.3000,61.7823,2.0466,100.7767,6.5331
960.4000,61.9507,2.0473,100.6851,6.5327
960.5000,62.1177,2.0480,100.5939,6.5322
960.6000,62.2833,2.0487,100.5032,6.5317
960.7000,62.4477,2.0494,100.4129,6.5312
960.8000,62.6107,2.0500,100.3230,6.5308
960.9000,62.7725,2.0507,100.2335,6.5303
961.0000,62.9330,2.0513,100.1445,6.5299
961.1000,63.0922,2.0519,100.0559,6.5295
961.2000,63.2502,2.0525,99.9677,6.5290
961.3000,63.4070,2.0531,99.8799,6.5286
961.4000,63.5625,2.0536,99.7926,6.5282
961.5000,63.7169,2.0542,99.7057,6.5278
961.6000,63.8700,2.0547,99.6191,6.5274
961.7000,64.0220,2.0552,99.5330,6.5270
961.8000,64.1728,2.0557,99.4473,6.5266
961.9000,64.3225,2.0562,99.3620,6.5263
962.0000,64.4711,2.0566,99.2771,6.5259
962.1000,64.6185,2.0571,99.1926,6.5255
962.2000,64.7648,2.0575,99.1084,6.5252
962.3000,64.9100,2.0579,99.0247,6.5248
962.4000,65.0541,2.0582,98.9413,6.5245
962.5000,65.1971,2.0586,98.8583,6.5242
962.6000,65.3391,2.0589,98.7757,6.5238
962.7000,65.4800,2.0592,98.6934,6.5235
962.8000,65.6199,2.0595,98.6115,6.5232
962.9000,65.7587,2.0598,98.5300,6.5228
963.0000,65.8965,2.0601,98.4488,6.5225
963.1000,66.0333,2.0603,98.3679,6.5222
963.2000,66.1691,2.0605,98.2874,6.5219
963.3000,66.3039,2.0607,98.2073,6.5216
963.4000,66.4377,2.0608,98.1274,6.5213
963.5000,66.5706,2.0610,98.0479,6.5210
963.6000,66.7025,2.0611,97.9687,6.5207
963.7000,66.8334,2.0612,97.8899,6.5204
963.8000,66.9634,2.0613,97.8113,6.3207
963.9000,67.0924,2.0613,97.7331,6.3129
964.0000,67.2206,2.0613,97.6551,6.3051
964.1000,67.3478,2.0614,97.5774,6.2974
964.2000,67.4741,2.0613,97.5000,6.2898
964.3000,67.5995,2.0613,97.4229,6.2823
964.4000,67.7240,2.0612,97.3461,6.2748
964.5000,67.8477,2.0611,97.2696,6.2674
964.6000,67.9705,2.0610,97.1933,6.2601
964.7000,68.0924,2.0609,97.1172,6.2528
964.8000,68.2134,2.0607,97.0414,6.2456
964.9000,68.3337,2.0605,96.9659,6.2384
965.0000,68.4530,2.0603,96.8906,6.2314
965.1000,68.5716,2.0600,96.8155,6.2243
965.2000,68.6893,2.0598,96.7407,6.2174
965.3000,68.8062,2.0595,96.6660,6.2105
965.4000,68.9223,2.0591,96.5916,6.2042
965.5000,69.0376,2.0588,96.5174,6.2019
965.6000,69.1521,2.0584,96.4434,6.1995
965.7000,69.2658,2.0580,96.3696,6.1971
965.8000,69.3788,2.0576,96.2960,6.1947
965.9000,69.4910,2.0571,96.2225,6.1924
966.0000,69.6024,2.0567,96.1493,6.1900
966.1000,69.7131,2.0561,96.0762,6.1877
966.2000,69.8230,2.0556,96.0033,6.1853
966.3000,69.9321,2.0550,95.9305,6.1829
966.4000,70.0406,2.0544,95.8579,6.1806
966.5000,70.1483,2.0538,95.7854,6.1782
966.6000,70.2553,2.0532,95.7130,6.1759
966.7000,70.3616,2.0525,97.1254,6.2576
966.8000,70.4751,2.0518,100.0705,6.4494
966.9000,70.5960,2.0510,103.0928,6.6788
967.0000,70.7245,2.0503,106.0172,7.1072
967.1000,70.8597,2.0495,108.5644,7.2555
967.2000,71.0004,2.0486,109.0780,7.2895
967.3000,71.1369,2.0478,107.2822,7.1933
967.4000,71.2665,2.0469,104.4252,7.0370
967.5000,71.3865,2.0460,101.1404,6.8562
967.6000,71.4976,2.0450,97.5832,6.6598
967.7000,71.5976,2.0440,93.3800,6.4264
967.8000,71.6856,2.0430,89.3356,6.2015
967.9000,71.7636,2.0420,86.2114,6.0281
968.0000,71.8344,2.0409,83.5361,5.4087
968.1000,71.8978,2.0398,81.2443,5.2327
968.2000,71.9561,2.0387,79.4871,5.1227
968.3000,72.0098,2.0375,77.5278,5.0118
968.4000,72.0574,2.0363,75.4105,4.8918
968.5000,72.0997,2.0351,73.2002,4.7664
968.6000,72.1355,2.0338,70.7831,4.6292
968.7000,72.1649,2.0325,68.8746,4.5209
968.8000,72.1906,2.0312,67.8600,4.4634
968.9000,72.2146,2.0299,66.7767,4.4020
969.0000,72.2344,2.0285,65.4313,4.3257
969.1000,72.2513,2.0271,64.4822,4.2718
969.2000,72.2662,2.0256,63.8367,4.2353
969.3000,72.2797,2.0242,62.9836,4.1869
969.4000,72.2902,2.0226,62.0779,4.1354
969.5000,72.2990,2.0211,61.7183,4.1151
969.6000,72.3076,2.0195,61.7132,4.1148
969.7000,72.3164,2.0180,61.4726,4.1012
969.8000,72.3238,2.0163,60.8614,4.0665
969.9000,72.3295,2.0147,59.7991,4.0062
970.0000,72.3314,2.0130,57.9555,3.9013
970.1000,72.3275,2.0113,55.6448,3.7698
970.2000,72.3175,2.0095,53.3597,3.6397
970.3000,72.3019,2.0077,51.6562,3.5426
970.4000,72.2832,2.0059,50.7143,3.4888
970.5000,72.2630,2.0041,50.4384,3.4729
970.6000,72.2431,2.0022,50.2398,3.4614
970.7000,72.2221,2.0003,49.7914,3.4357
970.8000,72.2001,1.9984,49.1660,3.3999
970.9000,72.1761,1.9964,48.2667,3.3485
971.0000,72.1497,1.9944,47.2632,3.2911
971.1000,72.1207,1.9924,46.8553,3.2676
971.2000,72.0926,1.9904,47.4714,3.3024
971.3000,72.0671,1.9883,48.4483,3.3578
971.4000,72.0444,1.9862,50.0351,3.4478
971.5000,72.0276,1.9840,51.8947,3.5535
971.6000,72.0148,1.9819,52.8792,3.6093
971.7000,72.0034,1.9797,53.2828,3.6322
971.8000,71.9930,1.9775,53.5526,3.6474
971.9000,71.9832,1.9752,53.3035,3.6332
972.0000,71.9717,1.9729,52.9000,3.6101
972.1000,71.9600,1.9706,52.9823,3.6147
972.2000,71.9492,1.9682,53.2255,3.6284
972.3000,71.9390,1.9659,53.7217,3.6565
972.4000,71.9310,1.9635,54.1551,3.6811
972.5000,71.9233,1.9610,54.3549,3.6924
972.6000,71.9166,1.9586,54.1916,3.6831
972.7000,71.9083,1.9561,53.4371,3.6400
972.8000,71.8979,1.9535,52.5461,3.5892
972.9000,71.8851,1.9510,52.1772,3.5681
973.0000,71.8730,1.9484,52.4972,3.5862
973.1000,71.8621,1.9458,53.1055,3.6207
973.2000,71.8535,1.9431,53.6292,3.6504
973.3000,71.8456,1.9405,54.1674,3.6810
973.4000,71.8400,1.9378,54.9494,3.7254
973.5000,71.8365,1.9350,55.5957,3.7622
973.6000,71.8345,1.9323,56.1540,3.7939
973.7000,71.8341,1.9295,56.7933,3.8303
973.8000,71.8357,1.9267,56.7239,3.8264
973.9000,71.8351,1.9238,56.1127,3.7916
974.0000,71.8336,1.9209,54.8827,3.7216
974.1000,71.8268,1.9180,53.4408,3.6395
974.2000,71.8180,1.9151,52.3780,3.5789
974.3000,71.8059,1.9121,51.3335,3.5194
974.4000,71.7919,1.9091,50.3648,3.4641
974.5000,71.7749,1.9061,49.7738,3.4303
974.6000,71.7581,1.9031,49.8088,3.4321
974.7000,71.7417,1.9000,50.2933,3.4595
974.8000,71.7277,1.8969,51.4515,3.5253
974.9000,71.7177,1.8938,52.7376,3.5984
975.0000,71.7108,1.8906,54.3368,3.6893
975.1000,71.7095,1.8874,55.7990,3.7725
975.2000,71.7105,1.8842,56.6903,3.8232
975.3000,71.7140,1.8809,57.7115,3.8814
975.4000,71.7207,1.8777,58.9219,3.9503
975.5000,71.7307,1.8744,60.0520,4.0147
975.6000,71.7435,1.8710,61.2567,4.0834
975.7000,71.7600,1.8677,62.5793,4.1588
975.8000,71.7798,1.8643,63.4443,4.2082
975.9000,71.8010,1.8609,64.2356,4.2534
976.0000,71.8250,1.8574,65.2930,4.3138
976.1000,71.8518,1.8539,66.5855,4.3876
976.2000,71.8827,1.8504,68.3497,4.4883
976.3000,71.9187,1.8469,70.7617,4.6259
976.4000,71.9622,1.8433,73.4601,4.7799
976.5000,72.0123,1.8397,75.7994,4.9134
976.6000,72.0679,1.8361,77.4653,5.0088
976.7000,72.1265,1.8324,78.4559,5.0657
976.8000,72.1870,1.8288,79.1781,5.1074
976.9000,72.2491,1.8250,79.5517,5.1292
977.0000,72.3113,1.8213,79.2422,5.1122
977.1000,72.3715,1.8175,78.7232,5.0833
977.2000,72.4307,1.8137,77.8754,5.0356
977.3000,72.4862,1.8099,76.2368,4.9429
977.4000,72.5366,1.8060,74.2135,4.8283
977.5000,72.5815,1.8021,72.7476,4.7453
977.6000,72.6242,1.7982,71.5822,4.6794
977.7000,72.6629,1.7942,70.6300,4.6256
977.8000,72.7006,1.7902,69.9080,4.5849
977.9000,72.7356,1.7862,68.9205,4.5291
978.0000,72.7681,1.7822,67.6868,4.4592
978.1000,72.7967,1.7781,66.4025,4.3865
978.2000,72.8226,1.7740,65.4091,4.3302
978.3000,72.8461,1.7699,64.7677,4.2939
978.4000,72.8688,1.7657,64.0479,4.2532
978.5000,72.8887,1.7616,62.6690,4.1750
978.6000,72.9044,1.7573,61.3932,4.1025
978.7000,72.9179,1.7531,60.0426,4.0258
978.8000,72.9268,1.7489,58.4598,3.9359
978.9000,72.9322,1.7446,57.2498,3.8671
979.0000,72.9351,1.7403,56.8109,3.8421
979.1000,72.9386,1.7359,56.7743,3.8401
979.2000,72.9416,1.7316,56.8019,3.8417
979.3000,72.9454,1.7272,56.7543,3.8390
979.4000,72.9484,1.7228,56.4580,3.8222
979.5000,72.9510,1.7183,55.8002,3.7848
979.6000,72.9509,1.7139,54.3145,3.7003
979.7000,72.9462,1.7094,52.5092,3.5975
979.8000,72.9370,1.7049,51.0318,3.5134
979.9000,72.9250,1.7003,50.0956,3.4600
980.0000,72.9114,1.6958,49.6012,3.4317
980.1000,72.8972,1.6912,49.3978,3.4200
980.2000,72.8829,1.6866,49.3635,3.4179
980.3000,72.8690,1.6820,49.3076,3.4146
980.4000,72.8548,1.6773,49.3404,3.4163
980.5000,72.8414,1.6726,49.1801,3.4071
980.6000,72.8269,1.6680,49.0644,3.4004
980.7000,72.8133,1.6632,49.3660,3.4174
980.8000,72.8007,1.6585,50.0552,3.4565
980.9000,72.7911,1.6537,50.9466,3.5071
981.0000,72.7835,1.6490,52.1478,3.5753
981.1000,72.7805,1.6442,53.9319,3.6768
981.2000,72.7825,1.6393,56.1022,3.8003
981.3000,72.7911,1.6345,58.4140,3.9319
981.4000,72.8054,1.6296,60.5536,4.0538
981.5000,72.8253,1.6247,62.2444,4.1502
981.6000,72.8485,1.6198,63.4050,4.2164
981.7000,72.8746,1.6149,63.6720,4.2319
981.8000,72.8994,1.6099,62.8669,4.1863
981.9000,72.9214,1.6050,61.9066,4.1319
982.0000,72.9414,1.6000,61.3448,4.1001
982.1000,72.9607,1.5949,60.6831,4.0627
982.2000,72.9775,1.5899,60.0972,4.0295
982.3000,72.9940,1.5848,59.6530,4.0044
982.4000,73.0087,1.5797,58.8361,3.9581
982.5000,73.0212,1.5746,57.9968,3.9105
982.6000,73.0318,1.5695,57.2219,3.8665
982.7000,73.0406,1.5643,56.1798,3.8073
982.8000,73.0461,1.5592,54.8403,3.7311
982.9000,73.0483,1.5540,53.7417,3.6687
983.0000,73.0484,1.5488,52.8927,3.6204
983.1000,73.0466,1.5435,51.9669,3.5677
983.2000,73.0423,1.5383,51.1803,3.5229
983.3000,73.0368,1.5330,50.9434,3.5094
983.4000,73.0317,1.5277,50.2933,3.4723
983.5000,73.0232,1.5224,48.6074,3.3763
983.6000,73.0098,1.5171,46.9177,3.2801
983.7000,72.9930,1.5118,45.3841,3.1926
983.8000,72.9721,1.5065,43.6825,3.0956
983.9000,72.9470,1.5011,42.4961,3.0279
984.0000,72.9205,1.4957,42.2397,3.0130
984.1000,72.8946,1.4903,42.5166,3.0285
984.2000,72.8701,1.4849,43.1281,3.0631
984.3000,72.8478,1.4795,44.1891,3.1232
984.4000,72.8293,1.4740,45.1585,3.1782
984.5000,72.8126,1.4686,45.9020,3.2203
984.6000,72.7984,1.4631,46.5913,3.2594
984.7000,72.7857,1.4576,47.3846,3.3044
984.8000,72.7761,1.4521,48.2734,3.3548
984.9000,72.7684,1.4466,49.0927,3.4014
985.0000,72.7635,1.4411,49.7885,3.4409
985.1000,72.7599,1.4356,50.1744,3.4628
985.2000,72.7573,1.4300,50.2219,3.4655
985.3000,72.7543,1.4244,49.8807,3.4461
985.4000,72.7504,1.4189,49.0817,3.4006
985.5000,72.7437,1.4133,47.3061,3.2995
985.6000,72.7309,1.4076,45.0368,3.1703
985.7000,72.7129,1.4020,43.0157,3.0551
985.8000,72.6902,1.3964,40.9743,2.9420
985.9000,72.6620,1.3907,39.0446,2.8379
986.0000,72.6298,1.3851,37.5865,2.7588
986.1000,72.5947,1.3794,36.2710,2.6871
986.2000,72.5562,1.3737,34.8036,2.6070
986.3000,72.5140,1.3681,33.6014,2.5410
986.4000,72.4699,1.3624,33.1101,2.5137
986.5000,72.4258,1.3567,32.8778,2.5005
986.6000,72.3811,1.3510,32.8932,2.5008
986.7000,72.3377,1.3452,32.9780,2.5049
986.8000,72.2941,1.3395,32.8240,2.4960
986.9000,72.2505,1.3338,32.7554,2.4917
987.0000,72.2071,1.3280,33.2372,2.5175
987.1000,72.1667,1.3223,33.6625,2.5402
987.2000,72.1261,1.3166,33.7112,2.5424
987.3000,72.0865,1.3108,33.7485,2.5440
987.4000,72.0468,1.3050,33.0002,2.5027
987.5000,72.0039,1.2993,31.4149,2.4155
987.6000,71.9564,1.2935,30.0250,2.3387
987.7000,71.9069,1.2877,29.1622,2.2906
987.8000,71.8556,1.2819,28.2465,2.2396
987.9000,71.8018,1.2761,27.8582,2.2175
988.0000,71.7491,1.2703,28.6333,2.2597
988.1000,71.7002,1.2645,29.6107,2.3129
988.2000,71.6532,1.2587,30.3009,2.3503
988.3000,71.6085,1.2529,31.0098,2.3887
988.4000,71.5660,1.2471,31.8528,2.4344
988.5000,71.5263,1.2413,32.7955,2.4855
988.6000,71.4894,1.2354,34.1149,2.5569
988.7000,71.4573,1.2296,35.6583,2.6404
988.8000,71.4290,1.2238,37.4732,2.7383
988.9000,71.4071,1.2180,39.4823,2.8463
989.0000,71.3900,1.2121,41.3719,2.9485
989.1000,71.3785,1.2063,42.9890,3.0404
989.2000,71.3705,1.2004,44.5391,3.1285
989.3000,71.3677,1.1946,46.4934,3.2397
989.4000,71.3703,1.1887,48.6125,3.3603
989.5000,71.3791,1.1828,50.7527,3.4821
989.6000,71.3935,1.1770,52.8026,3.5989
989.7000,71.4134,1.1711,54.7161,3.7080
989.8000,71.4381,1.1652,56.1520,3.7900
989.9000,71.4659,1.1593,56.6933,3.8210
990.0000,71.4937,1.1534,56.3456,3.8015
990.1000,71.5198,1.1475,55.8590,3.7741
990.2000,71.5452,1.1416,55.6070,3.7600
990.3000,71.5703,1.1357,55.4885,3.7535
990.4000,71.5953,1.1298,55.8625,3.7750
990.5000,71.6225,1.1238,56.4915,3.8111
990.6000,71.6511,1.1179,56.5810,3.8164
990.7000,71.6790,1.1120,56.0800,3.7882
990.8000,71.7051,1.1060,55.4440,3.7523
990.9000,71.7298,1.1001,54.4286,3.6947
991.0000,71.7508,1.0941,52.9326,3.6098
991.1000,71.7680,1.0882,51.5189,3.5295
991.2000,71.7819,1.0822,50.5745,3.4759
991.3000,71.7943,1.0763,49.8660,3.4357
991.4000,71.8048,1.0703,49.3270,3.4052
991.5000,71.8148,1.0644,49.1057,3.3927
991.6000,71.8244,1.0584,48.9675,3.3849
991.7000,71.8340,1.0524,48.6466,3.3667
991.8000,71.8423,1.0465,48.3968,3.3526
991.9000,71.8509,1.0405,48.5479,3.3613
992.0000,71.8604,1.0345,49.0147,3.3879
992.1000,71.8718,1.0286,50.1092,3.4503
992.2000,71.8873,1.0226,51.4271,3.5255
992.3000,71.9060,1.0166,52.1553,3.5671
992.4000,71.9256,1.0107,52.5202,3.5880
992.5000,71.9465,1.0047,52.7170,3.5994
992.6000,71.9674,0.9987,52.7512,3.6016
992.7000,71.9887,0.9927,53.0045,3.6162
992.8000,72.0112,0.9868,53.6360,3.6524
992.9000,72.0360,0.9808,54.6257,3.7089
993.0000,72.0639,0.9748,56.0181,3.7884
993.1000,72.0963,0.9689,56.8443,3.8358
993.2000,72.1287,0.9629,56.8080,3.8340
993.3000,72.1611,0.9569,56.6673,3.8263
993.4000,72.1930,0.9510,56.6428,3.8252
993.5000,72.2254,0.9450,56.3722,3.8102
993.6000,72.2560,0.9390,55.5724,3.7650
993.7000,72.2844,0.9330,54.9107,3.7276
993.8000,72.3118,0.9271,54.4095,3.6993
993.9000,72.3378,0.9211,53.2532,3.6338
994.0000,72.3594,0.9152,51.5426,3.5367
994.1000,72.3768,0.9092,50.6526,3.4862
994.2000,72.3940,0.9032,50.5427,3.4801
994.3000,72.4110,0.8973,49.9299,3.4455
994.4000,72.4254,0.8913,48.9500,3.3898
994.5000,72.4376,0.8854,48.5631,3.3680
994.6000,72.4502,0.8795,48.2911,3.3526
994.7000,72.4614,0.8735,47.7032,3.3193
994.8000,72.4713,0.8676,47.6144,3.3143
994.9000,72.4824,0.8617,48.1280,3.3436
995.0000,72.4952,0.8558,48.1012,3.3422
995.1000,72.5065,0.8498,47.2006,3.2911
995.2000,72.5150,0.8439,45.8312,3.2133
995.3000,72.5195,0.8380,44.5071,3.1380
995.4000,72.5215,0.8321,43.7079,3.0926
995.5000,72.5221,0.8263,43.7212,3.0933
995.6000,72.5246,0.8204,44.5171,3.1386
995.7000,72.5298,0.8145,45.7404,3.2083
995.8000,72.5390,0.8086,46.9041,3.2746
995.9000,72.5506,0.8028,47.2742,3.2957
996.0000,72.5621,0.7969,47.0608,3.2837
996.1000,72.5729,0.7911,46.7673,3.2671
996.2000,72.5832,0.7853,45.8398,3.2145
996.3000,72.5895,0.7794,44.0826,3.1146
996.4000,72.5910,0.7736,42.6177,3.0312
996.5000,72.5900,0.7678,41.6008,2.9744
996.6000,72.5866,0.7620,40.8419,2.9336
996.7000,72.5822,0.7562,40.9841,2.9412
996.8000,72.5799,0.7505,41.7123,2.9802
996.9000,72.5797,0.7447,42.2638,3.0110
997.0000,72.5807,0.7390,42.5804,3.0290
997.1000,72.5824,0.7332,42.3325,3.0149
997.2000,72.5825,0.7275,41.0180,2.9430
997.3000,72.5779,0.7218,39.4756,2.8601
997.4000,72.5704,0.7161,37.9902,2.7799
997.5000,72.5584,0.7104,36.2523,2.6857
997.6000,72.5423,0.7047,34.6319,2.5975
997.7000,72.5223,0.6990,33.7818,2.5509
997.8000,72.5023,0.6933,33.5030,2.5355
997.9000,72.4814,0.6877,33.4598,2.5329
998.0000,72.4617,0.6821,33.8180,2.5522
998.1000,72.4431,0.6765,34.3876,2.5830
998.2000,72.4268,0.6709,34.6941,2.5995
998.3000,72.4103,0.6653,34.6808,2.5986
998.4000,72.3944,0.6597,34.3584,2.5808
998.5000,72.3767,0.6541,33.7449,2.5472
998.6000,72.3581,0.6486,33.5331,2.5354
998.7000,72.3398,0.6431,33.8580,2.5529
998.8000,72.3233,0.6375,34.0860,2.5652
998.9000,72.3066,0.6320,34.2344,2.5730
999.0000,72.2914,0.6266,34.4363,2.5839
999.1000,72.2763,0.6211,34.6363,2.5946
999.2000,72.2625,0.6156,34.8893,2.6082
999.3000,72.2491,0.6102,35.1561,2.6225
999.4000,72.2372,0.6048,35.5850,2.6457
999.5000,72.2265,0.5994,36.3649,2.6878
999.6000,72.2191,0.5940,37.1982,2.7329
999.7000,72.2132,0.5886,38.0397,2.7783
999.8000,72.2106,0.5833,39.3021,2.8463
999.9000,72.2116,0.5779,40.6376,2.9181
1000.0000,72.2164,0.5726,41.5955,2.9695
1000.1000,72.2228,0.5673,41.8611,2.9845
1000.2000,72.2292,0.5620,41.2567,2.9515
1000.3000,72.2328,0.5567,39.9660,2.8823
1000.4000,72.2328,0.5514,38.4219,2.7991
1000.5000,72.2286,0.5462,36.9410,2.7191
1000.6000,72.2213,0.5410,35.9412,2.6648
1000.7000,72.2123,0.5357,35.6069,2.6466
1000.8000,72.2036,0.5306,35.8169,2.6579
1000.9000,72.1961,0.5254,36.1945,2.6782
1001.0000,72.1898,0.5202,36.8861,2.7156
1001.1000,72.1863,0.5151,37.9971,2.7756
1001.2000,72.1862,0.5099,39.2284,2.8420
1001.3000,72.1895,0.5048,40.2366,2.8963
1001.4000,72.1950,0.4998,41.3234,2.9547
1001.5000,72.2043,0.4947,42.7393,3.0343
1001.6000,72.2175,0.4896,43.9688,3.1044
1001.7000,72.2335,0.4846,44.7199,3.1473
1001.8000,72.2508,0.4796,45.2420,3.1771
1001.9000,72.2697,0.4746,45.7711,3.2074
1002.0000,72.2901,0.4696,45.6719,3.2020
1002.1000,72.3087,0.4646,44.6868,3.1461
1002.2000,72.3241,0.4597,43.6798,3.0890
1002.3000,72.3378,0.4547,42.8811,3.0437
1002.4000,72.3493,0.4498,41.9068,2.9884
1002.5000,72.3580,0.4449,40.6331,2.9196
1002.6000,72.3632,0.4400,39.4504,2.8561
1002.7000,72.3661,0.4352,38.1573,2.7865
1002.8000,72.3648,0.4303,36.8569,2.7161
1002.9000,72.3613,0.4255,35.8666,2.6624
1003.0000,72.3552,0.4207,35.3274,2.6331
1003.1000,72.3492,0.4160,35.7850,2.6578
1003.2000,72.3458,0.4112,37.4728,2.7492
1003.3000,72.3490,0.4065,39.8252,2.8761
1003.4000,72.3582,0.4018,42.3111,3.0115
1003.5000,72.3746,0.3971,44.8091,3.1537
1003.6000,72.3970,0.3924,46.0662,3.2255
1003.7000,72.4202,0.3877,45.6666,3.2030
1003.8000,72.4407,0.3831,44.5863,3.1417
1003.9000,72.4584,0.3785,43.4837,3.0792
1004.0000,72.4734,0.3739,42.1813,3.0052
1004.1000,72.4846,0.3693,41.2587,2.9547
1004.2000,72.4950,0.3647,40.6868,2.9242
1004.3000,72.5034,0.3602,39.7596,2.8745
1004.4000,72.5093,0.3557,38.6566,2.8151
1004.5000,72.5122,0.3512,38.1080,2.7856
1004.6000,72.5155,0.3467,38.1849,2.7898
1004.7000,72.5191,0.3423,38.5635,2.8102
1004.8000,72.5247,0.3379,39.3045,2.8502
1004.9000,72.5325,0.3335,39.9026,2.8825
1005.0000,72.5414,0.3291,40.0497,2.8905
1005.1000,72.5501,0.3247,40.3166,2.9050
1005.2000,72.5607,0.3204,41.1522,2.9500
1005.3000,72.5740,0.3161,42.4933,3.0240
1005.4000,72.5918,0.3118,44.1716,3.1196
1005.5000,72.6140,0.3075,45.7932,3.2121
1005.6000,72.6404,0.3032,46.8466,3.2723
1005.7000,72.6682,0.2990,46.8846,3.2748
1005.8000,72.6949,0.2948,46.1816,3.2350
1005.9000,72.7192,0.2906,44.7911,3.1562
1006.0000,72.7387,0.2864,43.1775,3.0646
1006.1000,72.7549,0.2823,41.9390,2.9945
1006.2000,72.7682,0.2782,41.1317,2.9514
1006.3000,72.7803,0.2741,40.5717,2.9215
1006.4000,72.7909,0.2700,40.4698,2.9162
1006.5000,72.8027,0.2660,40.6637,2.9267
1006.6000,72.8145,0.2619,40.5006,2.9181
1006.7000,72.8257,0.2579,40.6717,2.9274
1006.8000,72.8386,0.2539,41.2829,2.9604
1006.9000,72.8531,0.2500,41.6545,2.9805
1007.0000,72.8682,0.2460,41.5287,2.9740
1007.1000,72.8822,0.2421,41.1785,2.9553
1007.2000,72.8956,0.2382,40.4555,2.9167
1007.3000,72.9061,0.2344,39.3263,2.8561
1007.4000,72.9138,0.2305,38.7239,2.8237
1007.5000,72.9214,0.2267,39.0957,2.8438
1007.6000,72.9313,0.2229,39.9383,2.8893
1007.7000,72.9435,0.2192,40.9981,2.9464
1007.8000,72.9590,0.2154,42.0032,3.0005
1007.9000,72.9766,0.2117,42.2937,3.0167
1008.0000,72.9938,0.2080,42.2132,3.0123
1008.1000,73.0110,0.2043,42.2974,3.0172
1008.2000,73.0288,0.2007,42.3076,3.0180
1008.3000,73.0463,0.1970,41.9306,2.9977
1008.4000,73.0622,0.1934,41.6177,2.9811
1008.5000,73.0782,0.1899,41.3782,2.9685
1008.6000,73.0931,0.1863,41.2824,2.9635
1008.7000,73.1087,0.1828,41.5044,2.9756
1008.8000,73.1249,0.1793,42.0452,3.0048
1008.9000,73.1435,0.1758,42.8797,3.0517
1009.0000,73.1641,0.1723,43.5569,3.0904
1009.1000,73.1863,0.1689,43.6469,3.0958
1009.2000,73.2075,0.1655,43.0367,3.0613
1009.3000,73.2266,0.1621,42.5045,3.0312
1009.4000,73.2452,0.1587,42.5514,3.0340
1009.5000,73.2647,0.1554,42.6479,3.0397
1009.6000,73.2839,0.1521,42.7823,3.0476
1009.7000,73.3041,0.1488,43.3851,3.0821
1009.8000,73.3265,0.1455,43.6359,3.0966
1009.9000,73.3482,0.1423,43.0774,3.0650
1010.0000,73.3678,0.1391,42.5135,3.0331
1010.1000,73.3866,0.1359,42.3977,3.0270
1010.2000,73.4057,0.1327,42.5657,3.0365
1010.3000,73.4256,0.1296,42.9373,3.0578
1010.4000,73.4467,0.1265,43.1266,3.0688
1010.5000,73.4676,0.1234,43.0528,3.0648
1010.6000,73.4884,0.1203,42.8020,3.0508
1010.7000,73.5081,0.1173,42.1291,3.0141
1010.8000,73.5255,0.1143,41.8321,2.9984
1010.9000,73.5438,0.1113,42.6497,3.0427
1011.0000,73.5655,0.1083,44.1546,3.1285
1011.1000,73.5915,0.1054,45.5819,3.2100
1011.2000,73.6206,0.1025,46.9275,3.2868
1011.3000,73.6536,0.0996,47.5853,3.3246
1011.4000,73.6861,0.0967,46.8608,3.2837
1011.5000,73.7153,0.0939,44.9250,3.1738
1011.6000,73.7379,0.0910,42.3798,3.0304
1011.7000,73.7542,0.0882,39.9084,2.8979
1011.8000,73.7642,0.0855,38.3730,2.8151
1011.9000,73.7727,0.0827,37.7405,2.7810
1012.0000,73.7796,0.0800,37.5426,2.7704
1012.1000,73.7873,0.0773,37.5317,2.7699
1012.2000,73.7942,0.0747,37.0821,2.7456
1012.3000,73.7998,0.0720,35.9304,2.6832
1012.4000,73.8010,0.0694,34.4578,2.6030
1012.5000,73.7991,0.0668,33.9160,2.5735
1012.6000,73.7978,0.0643,34.3904,2.5993
1012.7000,73.7986,0.0617,35.6596,2.6684
1012.8000,73.8039,0.0592,37.2007,2.7522
1012.9000,73.8126,0.0567,38.3699,2.8156
1013.0000,73.8241,0.0542,38.9047,2.8446
1013.1000,73.8357,0.0518,38.8937,2.8441
1013.2000,73.8471,0.0494,38.7390,2.8359
1013.3000,73.8581,0.0470,38.7728,2.8379
1013.4000,73.8698,0.0446,39.4967,2.8771
1013.5000,73.8845,0.0423,40.8134,2.9482
1013.6000,73.9031,0.0400,42.2078,3.0233
1013.7000,73.9250,0.0377,43.2434,3.0803
1013.8000,73.9488,0.0354,44.0472,3.1263
1013.9000,73.9748,0.0332,44.5733,3.1565
1014.0000,74.0013,0.0310,44.2952,3.1409
1014.1000,74.0259,0.0288,43.5588,3.0993
1014.2000,74.0487,0.0266,42.8099,3.0574
1014.3000,74.0695,0.0245,41.7841,3.0026
1014.4000,74.0870,0.0223,40.5167,2.9348
1014.5000,74.1014,0.0202,39.5895,2.8850
1014.6000,74.1143,0.0182,38.8486,2.8451
1014.7000,74.1249,0.0161,37.9505,2.7967
1014.8000,74.1333,0.0141,37.6760,2.7820
1014.9000,74.1427,0.0121,38.2337,2.8123
1015.0000,74.1540,0.0101,39.0946,2.8589
1015.1000,74.1678,0.0082,40.2163,2.9196
1015.2000,74.1849,0.0062,41.6279,2.9957
1015.3000,74.2059,0.0043,42.9750,3.0682
1015.4000,74.2299,0.0025,43.4982,3.0980
1015.5000,74.2535,0.0006,43.4028,3.0928
1015.6000,74.2770,-0.0012,43.0632,3.0738
1015.7000,74.2989,-0.0030,42.9548,3.0683
1015.8000,74.3218,-0.0048,43.0396,3.0731
1015.9000,74.3441,-0.0066,43.2894,3.0873
1016.0000,74.3682,-0.0083,43.4635,3.0974
1016.1000,74.3914,-0.0100,43.4456,3.0966
1016.2000,74.4155,-0.0117,43.3268,3.0901
1016.3000,74.4380,-0.0134,42.9816,3.0715
1016.4000,74.4603,-0.0151,42.9378,3.0694
1016.5000,74.4826,-0.0167,43.0889,3.0778
1016.6000,74.5056,-0.0183,43.2565,3.0871
1016.7000,74.5287,-0.0199,43.3780,3.0942
1016.8000,74.5523,-0.0214,43.5624,3.1050
1016.9000,74.5763,-0.0230,43.9771,3.1288
1017.0000,74.6020,-0.0245,44.4554,3.1563
1017.1000,74.6284,-0.0260,44.9977,3.1874
1017.2000,74.6567,-0.0274,45.1572,3.1968
1017.3000,74.6839,-0.0289,44.1669,3.1407
1017.4000,74.7071,-0.0303,41.7714,3.0100
1017.5000,74.7221,-0.0317,38.6895,2.8441
1017.6000,74.7298,-0.0331,35.9118,2.6935
1017.7000,74.7308,-0.0344,33.8920,2.5834
1017.8000,74.7284,-0.0358,32.5550,2.5102
1017.9000,74.7227,-0.0371,31.8857,2.4734
1018.0000,74.7170,-0.0384,32.1486,2.4878
1018.1000,74.7128,-0.0396,32.8442,2.5259
1018.2000,74.7107,-0.0409,33.5912,2.5667
1018.3000,74.7104,-0.0421,34.5003,2.6164
1018.4000,74.7130,-0.0433,35.3876,2.6648
1018.5000,74.7172,-0.0445,35.5960,2.6762
1018.6000,74.7209,-0.0457,35.0580,2.6469
1018.7000,74.7225,-0.0468,34.3337,2.6074
1018.8000,74.7226,-0.0479,33.8469,2.5808
1018.9000,74.7218,-0.0490,33.5858,2.5665
1019.0000,74.7207,-0.0501,33.7896,2.5777
1019.1000,74.7210,-0.0512,33.9318,2.5855
1019.2000,74.7206,-0.0522,33.8395,2.5804
1019.3000,74.7205,-0.0532,34.0405,2.5914
1019.4000,74.7213,-0.0542,34.3947,2.6107
1019.5000,74.7230,-0.0552,34.1800,2.5990
1019.6000,74.7228,-0.0562,33.9465,2.5863
1019.7000,74.7234,-0.0571,33.9074,2.5842
1019.8000,74.7230,-0.0581,33.3432,2.5533
1019.9000,74.7208,-0.0590,32.8060,2.5239
1020.0000,74.7178,-0.0598,33.1738,2.5440
1020.1000,74.7176,-0.0607,33.6481,2.5699
1020.2000,74.7170,-0.0615,33.4760,2.5605
1020.3000,74.7160,-0.0624,33.5711,2.5657
1020.4000,74.7159,-0.0632,33.7106,2.5733
1020.5000,74.7156,-0.0640,33.0778,2.5387
1020.6000,74.7125,-0.0647,32.3161,2.4969
1020.7000,74.7084,-0.0655,31.8727,2.4725
1020.8000,74.7030,-0.0662,31.4025,2.4466
1020.9000,74.6967,-0.0670,31.2230,2.4367
1021.0000,74.6905,-0.0677,31.2676,2.4391
1021.1000,74.6845,-0.0683,31.1472,2.4324
1021.2000,74.6777,-0.0690,30.7023,2.4078
1021.3000,74.6695,-0.0697,29.7805,2.3570
1021.4000,74.6582,-0.0703,28.3779,2.2794
1021.5000,74.6430,-0.0709,27.4402,2.2273
1021.6000,74.6271,-0.0715,27.3880,2.2242
1021.7000,74.6118,-0.0721,27.6495,2.2385
1021.8000,74.5973,-0.0727,27.8199,2.2478
1021.9000,74.5829,-0.0732,27.3472,2.2214
1022.0000,74.5661,-0.0737,26.2062,2.1579
1022.1000,74.5461,-0.0743,24.8499,2.0822
1022.2000,74.5226,-0.0748,23.3451,1.9979
1022.3000,74.4951,-0.0753,21.8112,1.9117
1022.4000,74.4640,-0.0757,20.7371,1.8510
1022.5000,74.4312,-0.0762,19.7413,1.7945
1022.6000,74.3952,-0.0766,18.3823,1.7174
1022.7000,74.3557,-0.0770,17.1959,1.6498
1022.8000,74.3138,-0.0775,16.0559,1.5846
1022.9000,74.2687,-0.0779,15.0234,1.5253
1023.0000,74.2219,-0.0782,14.6588,1.5040
1023.1000,74.1751,-0.0786,14.7943,1.5112
1023.2000,74.1292,-0.0790,14.9810,1.5213
1023.3000,74.0836,-0.0793,15.5659,1.5541
1023.4000,74.0409,-0.0796,16.2623,1.5932
1023.5000,73.9990,-0.0800,16.9743,1.6332
1023.6000,73.9601,-0.0803,17.5929,1.6678
1023.7000,73.9216,-0.0806,18.0966,1.6958
1023.8000,73.8854,-0.0808,19.0771,1.7508
1023.9000,73.8521,-0.0811,20.2178,1.8147
1024.0000,73.8220,-0.0813,21.1582,1.8673
1024.1000,73.7936,-0.0816,22.3615,1.9345
1024.2000,73.7697,-0.0818,23.7420,2.0114
1024.3000,73.7486,-0.0820,24.3153,2.0431
1024.4000,73.7278,-0.0822,24.7883,2.0693
1024.5000,73.7091,-0.0824,25.9228,2.1322
1024.6000,73.6942,-0.0826,27.2005,2.2029
1024.7000,73.6822,-0.0828,28.5984,2.2801
1024.8000,73.6746,-0.0830,30.3983,2.3792
1024.9000,73.6718,-0.0831,32.4017,2.4891
1025.0000,73.6745,-0.0832,33.7210,2.5613
1025.1000,73.6785,-0.0834,34.1012,2.5821
1025.2000,73.6831,-0.0835,33.9945,2.5763
1025.3000,73.6865,-0.0836,33.6174,2.5558
1025.4000,73.6891,-0.0837,32.7661,2.5093
1025.5000,73.6883,-0.0838,31.1822,2.4224
1025.6000,73.6828,-0.0839,29.5719,2.3338
1025.7000,73.6737,-0.0840,28.0415,2.2492
1025.8000,73.6604,-0.0840,26.5609,2.1670
1025.9000,73.6437,-0.0841,25.4237,2.1037
1026.0000,73.6247,-0.0841,24.9486,2.0770
1026.1000,73.6057,-0.0842,25.1357,2.0872
1026.2000,73.5877,-0.0842,25.9738,2.1336
1026.3000,73.5732,-0.0842,26.9316,2.1866
1026.4000,73.5602,-0.0843,27.6943,2.2287
1026.5000,73.5496,-0.0843,28.6779,2.2829
1026.6000,73.5417,-0.0843,29.6407,2.3359
1026.7000,73.5361,-0.0843,30.4699,2.3815
1026.8000,73.5324,-0.0843,31.3042,2.4273
1026.9000,73.5311,-0.0842,32.1597,2.4742
1027.0000,73.5319,-0.0842,32.9791,2.5191
1027.1000,73.5348,-0.0842,33.5630,2.5510
1027.2000,73.5386,-0.0841,33.3829,2.5412
1027.3000,73.5405,-0.0841,32.7056,2.5042
1027.4000,73.5408,-0.0841,31.9321,2.4618
1027.5000,73.5388,-0.0840,30.8349,2.4016
1027.6000,73.5334,-0.0839,29.7493,2.3418
1027.7000,73.5258,-0.0839,29.1553,2.3090
1027.8000,73.5175,-0.0838,29.1376,2.3079
1027.9000,73.5098,-0.0837,30.0021,2.3555
1028.0000,73.5059,-0.0837,31.4088,2.4327
1028.1000,73.5055,-0.0836,32.3917,2.4866
1028.2000,73.5067,-0.0835,32.9616,2.5178
1028.3000,73.5092,-0.0834,33.3466,2.5389
1028.4000,73.5123,-0.0833,33.2314,2.5326
1028.5000,73.5142,-0.0832,32.6578,2.5013
1028.6000,73.5144,-0.0831,32.4870,2.4919
1028.7000,73.5154,-0.0830,33.0205,2.5211
1028.8000,73.5183,-0.0829,33.8532,2.5667
1028.9000,73.5235,-0.0828,34.8689,2.6221
1029.0000,73.5316,-0.0826,36.3140,2.7008
1029.1000,73.5442,-0.0825,37.8774,2.7856
1029.2000,73.5602,-0.0824,38.9743,2.8451
1029.3000,73.5784,-0.0823,39.5291,2.8752
1029.4000,73.5972,-0.0822,39.3418,2.8654
1029.5000,73.6143,-0.0820,38.2716,2.8078
1029.6000,73.6274,-0.0819,36.7733,2.7269
1029.7000,73.6367,-0.0818,35.4988,2.6577
1029.8000,73.6433,-0.0816,34.2463,2.5896
1029.9000,73.6461,-0.0815,32.5365,2.4962
1030.0000,73.6439,-0.0814,30.6616,2.3933
1030.1000,73.6371,-0.0812,29.3381,2.3204
1030.2000,73.6281,-0.0811,28.7609,2.2884
1030.3000,73.6185,-0.0810,28.3644,2.2664
1030.4000,73.6075,-0.0808,28.2958,2.2625
1030.5000,73.5975,-0.0807,28.9928,2.3009
1030.6000,73.5901,-0.0806,29.6578,2.3374
1030.7000,73.5836,-0.0804,29.8792,2.3496
1030.8000,73.5773,-0.0803,30.5503,2.3864
1030.9000,73.5743,-0.0801,31.7992,2.4550
1031.0000,73.5745,-0.0800,33.2262,2.5331
1031.1000,73.5787,-0.0799,34.7292,2.6151
1031.2000,73.5866,-0.0797,35.6562,2.6657
1031.3000,73.5955,-0.0796,35.5612,2.6606
1031.4000,73.6029,-0.0795,34.9917,2.6297
1031.5000,73.6088,-0.0794,34.0978,2.5811
1031.6000,73.6115,-0.0792,32.7240,2.5061
1031.7000,73.6104,-0.0791,31.5019,2.4391
1031.8000,73.6069,-0.0790,31.0412,2.4137
1031.9000,73.6034,-0.0789,31.1946,2.4221
1032.0000,73.6007,-0.0788,31.5778,2.4431
1032.1000,73.5992,-0.0786,32.0884,2.4711
1032.2000,73.5990,-0.0785,32.5210,2.4948
1032.3000,73.5998,-0.0784,32.5137,2.4944
1032.4000,73.5996,-0.0783,32.1201,2.4728
1032.5000,73.5983,-0.0782,31.7601,2.4531
1032.6000,73.5962,-0.0781,31.5793,2.4432
1032.7000,73.5940,-0.0780,31.3521,2.4307
1032.8000,73.5908,-0.0780,31.1469,2.4194
1032.9000,73.5876,-0.0779,30.9570,2.4089
1033.0000,73.5834,-0.0778,30.5268,2.3852
1033.1000,73.5779,-0.0777,29.9120,2.3513
1033.2000,73.5706,-0.0776,29.1030,2.3066
1033.3000,73.5611,-0.0776,28.3035,2.2624
1033.4000,73.5497,-0.0775,27.8779,2.2387
1033.5000,73.5380,-0.0775,27.8655,2.2379
1033.6000,73.5266,-0.0774,28.0721,2.2492
1033.7000,73.5161,-0.0774,28.4202,2.2683
1033.8000,73.5065,-0.0773,28.8892,2.2941
1033.9000,73.4984,-0.0773,29.1427,2.3080
1034.0000,73.4902,-0.0773,28.7780,2.2878
1034.1000,73.4802,-0.0772,28.1870,2.2550
1034.2000,73.4690,-0.0772,27.8177,2.2344
1034.3000,73.4572,-0.0772,27.0429,2.1914
1034.4000,73.4421,-0.0772,26.0299,2.1350
1034.5000,73.4252,-0.0772,25.6934,2.1161
1034.6000,73.4084,-0.0772,25.9576,2.1306
1034.7000,73.3929,-0.0772,26.7786,2.1760
1034.8000,73.3805,-0.0773,28.5120,2.2718
1034.9000,73.3739,-0.0773,30.3972,2.3756
1035.0000,73.3712,-0.0773,31.2246,2.4210
1035.1000,73.3690,-0.0774,31.3664,2.4288
1035.2000,73.3670,-0.0774,31.5634,2.4396
1035.3000,73.3658,-0.0775,31.2327,2.4214
1035.4000,73.3621,-0.0776,30.1336,2.3610
1035.5000,73.3553,-0.0777,29.3441,2.3174
1035.6000,73.3476,-0.0778,28.4674,2.2689
1035.7000,73.3363,-0.0778,26.5271,2.1614
1035.8000,73.3186,-0.0780,24.8250,2.0666
1035.9000,73.2986,-0.0781,24.3501,2.0399
1036.0000,73.2787,-0.0782,24.3012,2.0370
1036.1000,73.2585,-0.0783,24.2962,2.0364
1036.2000,73.2386,-0.0785,24.3338,2.0383
1036.3000,73.2188,-0.0786,24.2803,2.0351
1036.4000,73.1987,-0.0788,24.0575,2.0225
1036.5000,73.1779,-0.0789,24.2718,2.0342
1036.6000,73.1590,-0.0791,25.5877,2.1072
1036.7000,73.1450,-0.0793,27.8969,2.2351
1036.8000,73.1382,-0.0795,30.4983,2.3784
1036.9000,73.1377,-0.0797,32.5787,2.4925
1037.0000,73.1416,-0.0799,33.7733,2.5578
1037.1000,73.1472,-0.0802,33.7615,2.5572
1037.2000,73.1511,-0.0804,33.0008,2.5157
1037.3000,73.1528,-0.0807,32.3217,2.4786
1037.4000,73.1531,-0.0809,31.9330,2.4573
1037.5000,73.1528,-0.0812,31.8527,2.4529
1037.6000,73.1528,-0.0815,32.3478,2.4800
1037.7000,73.1551,-0.0818,33.0563,2.5188
1037.8000,73.1587,-0.0821,33.4847,2.5423
1037.9000,73.1632,-0.0824,33.5321,2.5449
1038.0000,73.1670,-0.0827,32.7762,2.5036
1038.1000,73.1677,-0.0831,31.5038,2.4340
1038.2000,73.1650,-0.0834,30.3689,2.3716
1038.3000,73.1598,-0.0838,29.4592,2.3215
1038.4000,73.1524,-0.0841,29.2768,2.3113
1038.5000,73.1463,-0.0845,29.9467,2.3482
1038.6000,73.1425,-0.0849,30.7930,2.3946
1038.7000,73.1408,-0.0853,31.8378,2.4519
1038.8000,73.1424,-0.0858,32.7923,2.5042
1038.9000,73.1457,-0.0862,33.4105,2.5380
1039.0000,73.1505,-0.0866,33.6763,2.5526
1039.1000,73.1552,-0.0871,33.8141,2.5602
1039.2000,73.1607,-0.0876,34.0320,2.5721
1039.3000,73.1665,-0.0881,34.1379,2.5780
1039.4000,73.1726,-0.0886,34.2733,2.5854
1039.5000,73.1791,-0.0891,35.2560,2.6390
1039.6000,73.1902,-0.0896,36.5775,2.7109
1039.7000,73.2035,-0.0901,37.5595,2.7643
1039.8000,73.2197,-0.0907,38.4806,2.8143
1039.9000,73.2376,-0.0912,39.4211,2.8652
1040.0000,73.2586,-0.0918,40.3245,2.9141
1040.1000,73.2811,-0.0924,41.1288,2.9576
1040.2000,73.3062,-0.0930,41.9460,3.0018
1040.3000,73.3328,-0.0936,43.0605,3.0639
1040.4000,73.3634,-0.0943,43.8731,3.1104
1040.5000,73.3941,-0.0949,43.7064,3.1013
1040.6000,73.4238,-0.0956,43.3669,3.0822
1040.7000,73.4526,-0.0963,43.3953,3.0842
1040.8000,73.4822,-0.0970,44.2360,3.1323
1040.9000,73.5152,-0.0977,45.8633,3.2252
1041.0000,73.5531,-0.0984,48.0253,3.3486
1041.1000,73.5970,-0.0991,50.1511,3.4699
1041.2000,73.6456,-0.0999,51.4464,3.5441
1041.3000,73.6959,-0.1006,51.1407,3.5272
1041.4000,73.7425,-0.1014,49.9813,3.4618
1041.5000,73.7866,-0.1022,49.0678,3.4102
1041.6000,73.8284,-0.1030,48.4208,3.3739
1041.7000,73.8690,-0.1039,48.0477,3.3531
1041.8000,73.9087,-0.1047,48.0203,3.3519
1041.9000,73.9489,-0.1056,47.9632,3.3491
1042.0000,73.9881,-0.1064,47.8726,3.3443
1042.1000,74.0277,-0.1073,47.9509,3.3492
1042.2000,74.0671,-0.1082,48.1328,3.3599
1042.3000,74.1075,-0.1092,48.4494,3.3784
1042.4000,74.1483,-0.1101,48.7587,3.3964
1042.5000,74.1900,-0.1111,48.6535,3.3908
1042.6000,74.2301,-0.1120,48.0000,3.3540
1042.7000,74.2683,-0.1130,47.3256,3.3161
1042.8000,74.3047,-0.1140,46.7162,3.2818
1042.9000,74.3397,-0.1150,46.0769,3.2458
1043.0000,74.3728,-0.1161,45.5314,3.2151
1043.1000,74.4048,-0.1171,45.4821,3.2126
1043.2000,74.4375,-0.1182,45.3001,3.2026
1043.3000,74.4685,-0.1193,44.5990,3.1631
1043.4000,74.4975,-0.1204,43.7681,3.1161
1043.5000,74.5242,-0.1215,42.7677,3.0611
1043.6000,74.5481,-0.1226,41.8245,3.0109
1043.7000,74.5699,-0.1238,41.8903,3.0147
1043.8000,74.5941,-0.1250,42.8837,3.0683
1043.9000,74.6209,-0.1261,44.1809,3.1409
1044.0000,74.6516,-0.1273,45.2868,3.2041
1044.1000,74.6838,-0.1286,45.9401,3.2416
1044.2000,74.7177,-0.1298,45.5687,3.2208
1044.3000,74.7480,-0.1311,44.7047,3.1720
1044.4000,74.7773,-0.1323,44.5714,3.1647
1044.5000,74.8069,-0.1336,44.2580,3.1472
1044.6000,74.8346,-0.1349,43.2045,3.0885
1044.7000,74.8587,-0.1362,41.7794,3.0124
1044.8000,74.8792,-0.1376,39.8135,2.9068
1044.9000,74.8934,-0.1389,37.1046,2.7604
1045.0000,74.9002,-0.1403,34.8008,2.6351
1045.1000,74.9028,-0.1417,32.6842,2.5194
1045.2000,74.8990,-0.1431,30.5474,2.4020
1045.3000,74.8910,-0.1445,29.0463,2.3191
1045.4000,74.8798,-0.1460,28.1229,2.2679
1045.5000,74.8672,-0.1474,27.7515,2.2472
1045.6000,74.8543,-0.1489,27.8095,2.2502
1045.7000,74.8422,-0.1504,28.3934,2.2824
1045.8000,74.8324,-0.1519,29.3690,2.3362
1045.9000,74.8254,-0.1534,29.8303,2.3616
1046.0000,74.8181,-0.1550,29.6170,2.3497
1046.1000,74.8101,-0.1565,29.4753,2.3418
1046.2000,74.8022,-0.1581,29.4098,2.3381
1046.3000,74.7941,-0.1597,28.8648,2.3079
1046.4000,74.7836,-0.1613,27.9518,2.2573
1046.5000,74.7710,-0.1629,27.1794,2.2143
1046.6000,74.7567,-0.1646,26.7004,2.1876
1046.7000,74.7419,-0.1662,26.4710,2.1747
1046.8000,74.7267,-0.1679,26.2136,2.1602
1046.9000,74.7108,-0.1696,25.8024,2.1371
1047.0000,74.6937,-0.1713,25.5179,2.1211
1047.1000,74.6765,-0.1730,25.4415,2.1167
1047.2000,74.6592,-0.1748,25.0984,2.0973
1047.3000,74.6405,-0.1765,25.0427,2.0940
1047.4000,74.6231,-0.1783,25.6528,2.1278
1047.5000,74.6077,-0.1801,26.1269,2.1540
1047.6000,74.5929,-0.1819,26.5157,2.1754
1047.7000,74.5797,-0.1837,26.8440,2.1935
1047.8000,74.5668,-0.1855,26.8666,2.1946
1047.9000,74.5538,-0.1874,26.8261,2.1922
1048.0000,74.5409,-0.1892,26.2942,2.1625
1048.1000,74.5254,-0.1911,24.8333,2.0810
1048.2000,74.5053,-0.1930,23.3014,1.9952
1048.3000,74.4823,-0.1949,22.1298,1.9294
1048.4000,74.4565,-0.1969,21.3598,1.8859
1048.5000,74.4298,-0.1988,21.6576,1.9023
1048.6000,74.4057,-0.2008,22.7746,1.9646
1048.7000,74.3850,-0.2027,23.7997,2.0217
1048.8000,74.3663,-0.2047,24.6189,2.0672
1048.9000,74.3500,-0.2067,25.3634,2.1085
1049.0000,74.3353,-0.2088,25.8414,2.1349
1049.1000,74.3216,-0.2108,25.7017,2.1270
1049.2000,74.3064,-0.2128,25.1060,2.0937
1049.3000,74.2899,-0.2149,24.6468,2.0679
1049.4000,74.2726,-0.2170,24.6717,2.0691
1049.5000,74.2564,-0.2191,24.7300,2.0721
1049.6000,74.2397,-0.2212,25.1366,2.0946
1049.7000,74.2258,-0.2233,26.4097,2.1652
1049.8000,74.2157,-0.2255,27.3639,2.2180
1049.9000,74.2069,-0.2276,27.3713,2.2183
1050.0000,74.1970,-0.2298,27.2624,2.2122
1050.1000,74.1878,-0.2320,27.5646,2.2288
1050.2000,74.1797,-0.2342,27.9432,2.2497
1050.3000,74.1726,-0.2364,28.6275,2.2874
1050.4000,74.1682,-0.2386,29.7262,2.3480
1050.5000,74.1668,-0.2408,31.3186,2.4356
1050.6000,74.1707,-0.2431,33.1400,2.5355
1050.7000,74.1787,-0.2454,34.7185,2.6218
1050.8000,74.1907,-0.2477,36.2004,2.7026
1050.9000,74.2064,-0.2500,37.5747,2.7774
1051.0000,74.2255,-0.2523,38.2708,2.8153
1051.1000,74.2448,-0.2546,38.4614,2.8258
1051.2000,74.2648,-0.2569,38.5695,2.8319
1051.3000,74.2847,-0.2593,38.1597,2.8100
1051.4000,74.3027,-0.2617,37.4788,2.7734
1051.5000,74.3192,-0.2641,36.7761,2.7355
1051.6000,74.3337,-0.2665,35.9177,2.6890
1051.7000,74.3460,-0.2689,35.1986,2.6500
1051.8000,74.3569,-0.2713,34.8607,2.6317
1051.9000,74.3676,-0.2738,34.6605,2.6209
1052.0000,74.3776,-0.2762,34.5660,2.6159
1052.1000,74.3879,-0.2787,34.4190,2.6080
1052.2000,74.3973,-0.2812,34.0151,2.5861
1052.3000,74.4056,-0.2837,33.4806,2.5570
1052.4000,74.4124,-0.2862,32.6333,2.5107
1052.5000,74.4166,-0.2887,31.6861,2.4588
1052.6000,74.4187,-0.2912,31.0531,2.4240
1052.7000,74.4198,-0.2938,30.8985,2.4156
1052.8000,74.4214,-0.2963,31.1385,2.4288
1052.9000,74.4239,-0.2989,31.8734,2.4692
1053.0000,74.4293,-0.3015,32.8303,2.5217
1053.1000,74.4368,-0.3041,33.6711,2.5678
1053.2000,74.4466,-0.3067,34.2713,2.6007
1053.3000,74.4573,-0.3093,34.4754,2.6119
1053.4000,74.4683,-0.3120,34.0426,2.5884
1053.5000,74.4769,-0.3146,33.1021,2.5371
1053.6000,74.4833,-0.3173,31.9383,2.4734
1053.7000,74.4861,-0.3200,30.7775,2.4097
1053.8000,74.4867,-0.3226,30.2382,2.3800
1053.9000,74.4870,-0.3253,30.5425,2.3968
1054.0000,74.4894,-0.3280,31.1306,2.4291
1054.1000,74.4928,-0.3307,31.3568,2.4416
1054.2000,74.4965,-0.3335,31.0340,2.4239
1054.3000,74.4984,-0.3362,30.2492,2.3808
1054.4000,74.4983,-0.3390,29.0482,2.3145
1054.5000,74.4944,-0.3417,27.9408,2.2533
1054.6000,74.4889,-0.3445,27.7148,2.2407
1054.7000,74.4840,-0.3473,28.0183,2.2574
1054.8000,74.4802,-0.3500,27.9503,2.2536
1054.9000,74.4752,-0.3528,27.5444,2.2311
1055.0000,74.4696,-0.3556,27.1153,2.2072
1055.1000,74.4626,-0.3585,26.5493,2.1757
1055.2000,74.4544,-0.3613,25.8675,2.1378
1055.3000,74.4442,-0.3641,25.3284,2.1076
1055.4000,74.4334,-0.3670,25.2475,2.1030
1055.5000,74.4230,-0.3698,25.4044,2.1116
1055.6000,74.4133,-0.3727,25.8395,2.1357
1055.7000,74.4054,-0.3755,26.6443,2.1803
1055.8000,74.4000,-0.3784,27.8595,2.2476
1055.9000,74.3985,-0.3813,29.0054,2.3110
1056.0000,74.3991,-0.3842,29.8551,2.3579
1056.1000,74.4021,-0.3871,30.2189,2.3779
1056.2000,74.4047,-0.3900,29.9189,2.3614
1056.3000,74.4064,-0.3929,29.2029,2.3220
1056.4000,74.4056,-0.3958,28.3639,2.2756
1056.5000,74.4032,-0.3988,27.4054,2.2225
1056.6000,74.3977,-0.4017,26.3968,2.1665
1056.7000,74.3904,-0.4046,25.7134,2.1284
1056.8000,74.3817,-0.4076,25.0063,2.0890
1056.9000,74.3711,-0.4106,24.2402,2.0461
1057.0000,74.3588,-0.4135,23.8784,2.0258
1057.1000,74.3466,-0.4165,23.8760,2.0255
1057.2000,74.3345,-0.4195,24.2597,2.0468
1057.3000,74.3245,-0.4224,25.3263,2.1061
1057.4000,74.3180,-0.4254,26.2843,2.1593
1057.5000,74.3131,-0.4284,26.7423,2.1847
1057.6000,74.3093,-0.4314,27.4955,2.2264
1057.7000,74.3084,-0.4344,28.1993,2.2654
1057.8000,74.3083,-0.4374,28.5652,2.2856
1057.9000,74.3095,-0.4404,29.1721,2.3191
1058.0000,74.3127,-0.4435,30.2414,2.3781
1058.1000,74.3196,-0.4465,31.2063,2.4313
1058.2000,74.3278,-0.4495,31.9354,2.4714
1058.3000,74.3385,-0.4525,32.9557,2.5274
1058.4000,74.3521,-0.4556,33.9745,2.5833
1058.5000,74.3681,-0.4586,34.6052,2.6179
1058.6000,74.3851,-0.4617,34.6833,2.6224
1058.7000,74.4016,-0.4647,34.9072,2.6348
1058.8000,74.4198,-0.4678,35.1252,2.6469
1058.9000,74.4375,-0.4708,34.8219,2.6306
1059.0000,74.4543,-0.4739,33.9108,2.5811
1059.1000,74.4675,-0.4769,32.4932,2.5037
1059.2000,74.4772,-0.4800,30.5827,2.3989
1059.3000,74.4809,-0.4831,28.2649,2.2710
1059.4000,74.4791,-0.4862,26.6689,2.1826
1059.5000,74.4749,-0.4892,25.6393,2.1253
1059.6000,74.4680,-0.4923,24.6706,2.0713
1059.7000,74.4592,-0.4954,23.6802,2.0159
1059.8000,74.4476,-0.4985,22.6239,1.9567
1059.9000,74.4336,-0.5016,21.2676,1.8804
1060.0000,74.4154,-0.5046,19.7021,1.7921
1060.1000,74.3938,-0.5077,18.4092,1.7189
1060.2000,74.3693,-0.5108,17.4909,1.6666
1060.3000,74.3434,-0.5139,16.8724,1.6313
1060.4000,74.3161,-0.5170,16.5292,1.6115
1060.5000,74.2887,-0.5201,16.8264,1.6280
1060.6000,74.2632,-0.5231,17.3689,1.6585
1060.7000,74.2389,-0.5262,17.8956,1.6881
1060.8000,74.2165,-0.5293,18.1928,1.7046
1060.9000,74.1940,-0.5324,17.8569,1.6854
1061.0000,74.1701,-0.5355,17.0755,1.6408
1061.1000,74.1440,-0.5385,16.5594,1.6113
1061.2000,74.1178,-0.5416,16.3423,1.5986
1061.3000,74.0908,-0.5447,16.3935,1.6012
1061.4000,74.0652,-0.5477,17.3137,1.6531
1061.5000,74.0433,-0.5508,18.8429,1.7394
1061.6000,74.0258,-0.5539,20.1779,1.8145
1061.7000,74.0110,-0.5569,21.3304,1.8791
1061.8000,73.9996,-0.5600,22.3339,1.9353
1061.9000,73.9901,-0.5630,23.0226,1.9737
1062.0000,73.9826,-0.5661,23.3010,1.9892
1062.1000,73.9748,-0.5691,23.5896,2.0052
1062.2000,73.9689,-0.5722,23.9528,2.0254
1062.3000,73.9632,-0.5752,24.3826,2.0494
1062.4000,73.9597,-0.5783,24.8232,2.0739
1062.5000,73.9565,-0.5813,25.0996,2.0892
1062.6000,73.9547,-0.5843,25.4859,2.1107
1062.7000,73.9537,-0.5874,25.8699,2.1321
1062.8000,73.9540,-0.5904,26.4407,2.1638
1062.9000,73.9561,-0.5934,27.2400,2.2081
1063.0000,73.9607,-0.5964,28.4305,2.2741
1063.1000,73.9691,-0.5994,29.9858,2.3600
1063.2000,73.9818,-0.6025,31.8448,2.4623
1063.3000,73.9998,-0.6055,33.7067,2.5644
1063.4000,74.0221,-0.6085,35.6776,2.6721
1063.5000,74.0502,-0.6115,37.7003,2.7823
1063.6000,74.0829,-0.6145,39.2644,2.8672
1063.7000,74.1190,-0.6174,39.9957,2.9071
1063.8000,74.1555,-0.6204,39.9278,2.9039
1063.9000,74.1912,-0.6234,39.2016,2.8652
1064.0000,74.2239,-0.6264,37.7454,2.7868
1064.1000,74.2523,-0.6293,35.7231,2.6774
1064.2000,74.2748,-0.6323,33.8477,2.5755
1064.3000,74.2937,-0.6353,32.4575,2.4996
1064.4000,74.3092,-0.6382,31.5058,2.4476
1064.5000,74.3234,-0.6412,31.1276,2.4270
1064.6000,74.3371,-0.6441,30.7918,2.4087
1064.7000,74.3497,-0.6470,30.5580,2.3960
1064.8000,74.3624,-0.6500,30.9981,2.4203
1064.9000,74.3773,-0.6529,31.4367,2.4446
1065.0000,74.3924,-0.6558,31.1881,2.4311
1065.1000,74.4062,-0.6587,31.0022,2.4211
1065.2000,74.4204,-0.6616,30.9718,2.4196
1065.3000,74.4342,-0.6645,30.3071,2.3832
1065.4000,74.4452,-0.6673,29.5882,2.3437
1065.5000,74.4554,-0.6702,29.6781,2.3488
1065.6000,74.4670,-0.6731,30.0500,2.3694
1065.7000,74.4793,-0.6759,30.2006,2.3779
1065.8000,74.4918,-0.6787,30.0983,2.3724
1065.9000,74.5037,-0.6816,29.7279,2.3521
1066.0000,74.5144,-0.6844,29.0269,2.3135
1066.1000,74.5229,-0.6872,28.2874,2.2728
1066.2000,74.5300,-0.6900,27.5129,2.2300
1066.3000,74.5347,-0.6928,26.4637,2.1718
1066.4000,74.5367,-0.6956,25.0983,2.0959
1066.5000,74.5347,-0.6983,23.4746,2.0053
1066.6000,74.5286,-0.7011,21.2157,1.8786
1066.7000,74.5154,-0.7039,18.6530,1.7340
1066.8000,74.4966,-0.7066,16.6802,1.6221
1066.9000,74.4736,-0.7093,15.5003,1.5548
1067.0000,74.4491,-0.7120,15.3767,1.5475
1067.1000,74.4258,-0.7147,16.3941,1.6051
1067.2000,74.4067,-0.7174,18.0569,1.6991
1067.3000,74.3921,-0.7201,19.8441,1.7999
1067.4000,74.3824,-0.7227,21.2197,1.8771
1067.5000,74.3749,-0.7254,21.8052,1.9099
1067.6000,74.3684,-0.7280,21.9416,1.9175
1067.7000,74.3619,-0.7306,21.9250,1.9165
1067.8000,74.3554,-0.7332,21.8470,1.9120
1067.9000,74.3487,-0.7358,21.8443,1.9118
1068.0000,74.3425,-0.7384,21.8994,1.9148
1068.1000,74.3363,-0.7409,21.9930,1.9200
1068.2000,74.3307,-0.7435,21.9665,1.9185
1068.3000,74.3245,-0.7460,21.4745,1.8908
1068.4000,74.3167,-0.7485,21.0108,1.8646
1068.5000,74.3084,-0.7510,20.9203,1.8595
1068.6000,74.3002,-0.7535,21.2157,1.8760
1068.7000,74.2937,-0.7560,21.8504,1.9115
1068.8000,74.2889,-0.7585,22.8241,1.9660
1068.9000,74.2875,-0.7609,23.7156,2.0159
1069.0000,74.2875,-0.7633,24.5534,2.0626
1069.1000,74.2905,-0.7657,25.1193,2.0942
1069.2000,74.2935,-0.7681,25.4469,2.1125
1069.3000,74.2983,-0.7705,25.4977,2.1154
1069.4000,74.3017,-0.7729,25.1972,2.0987
1069.5000,74.3051,-0.7752,24.6141,2.0662
1069.6000,74.3057,-0.7776,22.9915,1.9756
1069.7000,74.3010,-0.7799,20.3777,1.8289
1069.8000,74.2885,-0.7822,18.1016,1.7003
1069.9000,74.2725,-0.7845,16.7381,1.6228
1070.0000,74.2532,-0.7867,15.6201,1.5591
1070.1000,74.2317,-0.7890,15.3515,1.5436
1070.2000,74.2114,-0.7912,15.9915,1.5798
1070.3000,74.1934,-0.7934,16.8311,1.6272
1070.4000,74.1776,-0.7956,17.2790,1.6525
1070.5000,74.1620,-0.7978,17.4207,1.6603
1070.6000,74.1471,-0.7999,17.7828,1.6806
1070.7000,74.1337,-0.8021,18.1902,1.7035
1070.8000,74.1211,-0.8042,18.3970,1.7151
1070.9000,74.1088,-0.8063,18.8788,1.7422
1071.0000,74.0989,-0.8084,19.9212,1.8008
1071.1000,74.0922,-0.8104,21.3628,1.8819
1071.2000,74.0897,-0.8125,23.3034,1.9906
1071.3000,74.0930,-0.8145,25.1698,2.0947
1071.4000,74.1002,-0.8165,26.3410,2.1599
1071.5000,74.1096,-0.8185,27.1641,2.2057
1071.6000,74.1211,-0.8204,27.5004,2.2245
1071.7000,74.1322,-0.8224,27.1694,2.2063
1071.8000,74.1421,-0.8243,26.8629,2.1894
1071.9000,74.1518,-0.8262,26.7557,2.1836
1072.0000,74.1612,-0.8281,26.6818,2.1796
1072.1000,74.1706,-0.8300,26.7292,2.1823
1072.2000,74.1803,-0.8318,26.9233,2.1932
1072.3000,74.1908,-0.8337,27.1703,2.2070
1072.4000,74.2018,-0.8355,27.2438,2.2112
1072.5000,74.2128,-0.8373,26.7739,2.1853
1072.6000,74.2215,-0.8390,25.7980,2.1312
1072.7000,74.2275,-0.8408,24.7079,2.0706
1072.8000,74.2308,-0.8425,23.8426,2.0223
1072.9000,74.2325,-0.8442,23.8798,2.0244
1073.0000,74.2361,-0.8459,24.7293,2.0719
1073.1000,74.2422,-0.8476,25.5636,2.1184
1073.2000,74.2501,-0.8492,26.0918,2.1478
1073.3000,74.2590,-0.8508,26.5314,2.1724
1073.4000,74.2692,-0.8524,26.5953,2.1760
1073.5000,74.2785,-0.8540,26.2786,2.1585
1073.6000,74.2872,-0.8556,26.4447,2.1679
1073.7000,74.2974,-0.8571,26.4660,2.1692
1073.8000,74.3062,-0.8586,25.8153,2.1331
1073.9000,74.3131,-0.8601,25.3180,2.1055
1074.0000,74.3195,-0.8616,24.7130,2.0719
1074.1000,74.3234,-0.8630,23.7627,2.0189
1074.2000,74.3250,-0.8645,24.0319,2.0340
1074.3000,74.3305,-0.8659,25.3639,2.1083
1074.4000,74.3389,-0.8672,26.1415,2.1516
1074.5000,74.3483,-0.8686,27.2575,2.2137
1074.6000,74.3625,-0.8699,28.9861,2.3095
1074.7000,74.3807,-0.8712,29.9328,2.3619
1074.8000,74.3996,-0.8725,30.1024,2.3715
1074.9000,74.4187,-0.8738,30.4264,2.3896
1075.0000,74.4393,-0.8750,30.6968,2.4047
1075.1000,74.4597,-0.8762,30.4097,2.3891
1075.2000,74.4788,-0.8774,30.0315,2.3685
1075.3000,74.4973,-0.8786,30.0788,2.3714
1075.4000,74.5166,-0.8797,30.1390,2.3749
1075.5000,74.5354,-0.8809,29.9419,2.3643
1075.6000,74.5537,-0.8820,30.0279,2.3692
1075.7000,74.5729,-0.8830,30.4932,2.3951
1075.8000,74.5935,-0.8841,30.6395,2.4034
1075.9000,74.6134,-0.8851,30.6630,2.4049
1076.0000,74.6342,-0.8861,30.6682,2.4054
1076.1000,74.6540,-0.8871,30.0637,2.3724
1076.2000,74.6717,-0.8880,28.5751,2.2904
1076.3000,74.6840,-0.8890,26.6985,2.1866
1076.4000,74.6922,-0.8899,25.0148,2.0931
1076.5000,74.6960,-0.8907,23.2435,1.9942
1076.6000,74.6952,-0.8916,22.0365,1.9266
1076.7000,74.6930,-0.8924,21.3459,1.8878
1076.8000,74.6889,-0.8932,20.7052,1.8517
1076.9000,74.6835,-0.8940,20.2508,1.8261
1077.0000,74.6771,-0.8948,19.8266,1.8021
1077.1000,74.6696,-0.8955,19.0382,1.7576
1077.2000,74.6593,-0.8962,18.5804,1.7316
1077.3000,74.6497,-0.8969,18.6486,1.7353
1077.4000,74.6398,-0.8975,18.6129,1.7332
1077.5000,74.6300,-0.8981,18.6930,1.7376
1077.6000,74.6207,-0.8987,18.9475,1.7519
1077.7000,74.6123,-0.8993,19.1288,1.7620
1077.8000,74.6039,-0.8998,19.4119,1.7779
1077.9000,74.5970,-0.9004,19.8210,1.8009
1078.0000,74.5907,-0.9009,20.0716,1.8149
1078.1000,74.5852,-0.9013,19.9606,1.8086
1078.2000,74.5784,-0.9018,19.4374,1.7790
1078.3000,74.5703,-0.9022,18.7876,1.7423
1078.4000,74.5603,-0.9026,18.0117,1.6983
1078.5000,74.5483,-0.9029,17.4416,1.6659
1078.6000,74.5355,-0.9033,17.1677,1.6502
1078.7000,74.5222,-0.9036,16.9185,1.6359
1078.8000,74.5082,-0.9039,16.8836,1.6338
1078.9000,74.4948,-0.9041,17.0289,1.6419
1079.0000,74.4816,-0.9044,17.0612,1.6435
1079.1000,74.4684,-0.9046,17.1855,1.6504
1079.2000,74.4560,-0.9048,17.4778,1.6669
1079.3000,74.4443,-0.9049,17.5590,1.6713
1079.4000,74.4323,-0.9050,17.2296,1.6525
1079.5000,74.4191,-0.9051,16.9530,1.6367
1079.6000,74.4057,-0.9052,17.5363,1.6696
1079.7000,74.3955,-0.9053,19.0046,1.7525
1079.8000,74.3897,-0.9053,20.6095,1.8429
1079.9000,74.3876,-0.9053,22.7639,1.9638
1080.0000,74.3927,-0.9053,25.2854,2.1047
1080.1000,74.4035,-0.9052,27.2340,2.2130
1080.2000,74.4184,-0.9051,28.6247,2.2902
1080.3000,74.4361,-0.9050,29.3951,2.3329
1080.4000,74.4548,-0.9049,29.4558,2.3365
1080.5000,74.4728,-0.9047,29.1691,2.3209
1080.6000,74.4899,-0.9045,29.1014,2.3174
1080.7000,74.5074,-0.9043,29.2588,2.3263
1080.8000,74.5253,-0.9041,29.1834,2.3223
1080.9000,74.5423,-0.9038,28.8752,2.3055
1081.0000,74.5585,-0.9035,28.2475,2.2710
1081.1000,74.5722,-0.9032,26.3033,2.1634
1081.2000,74.5785,-0.9029,23.3299,1.9977
1081.3000,74.5771,-0.9025,21.1480,1.8754
1081.4000,74.5723,-0.9021,19.6342,1.7901
1081.5000,74.5632,-0.9017,18.5158,1.7268
1081.6000,74.5528,-0.9012,18.6264,1.7330
1081.7000,74.5443,-0.9007,19.7756,1.7977
1081.8000,74.5397,-0.9002,20.9455,1.8635
1081.9000,74.5371,-0.8997,21.6932,1.9055
1082.0000,74.5363,-0.8991,22.2709,1.9379
1082.1000,74.5366,-0.8985,22.7466,1.9646
1082.2000,74.5381,-0.8979,23.0925,1.9839
1082.3000,74.5401,-0.8973,23.7480,2.0206
1082.4000,74.5449,-0.8966,24.8596,2.0827
1082.5000,74.5525,-0.8960,25.7535,2.1326
1082.6000,74.5617,-0.8952,26.4709,2.1725
1082.7000,74.5728,-0.8945,27.3428,2.2211
1082.8000,74.5863,-0.8937,27.5586,2.2332
1082.9000,74.5984,-0.8929,27.2058,2.2138
1083.0000,74.6101,-0.8921,27.6558,2.2388
1083.1000,74.6243,-0.8913,28.2165,2.2700
1083.2000,74.6387,-0.8904,27.8442,2.2496
1083.3000,74.6509,-0.8895,27.0460,2.2055
1083.4000,74.6611,-0.8886,25.9459,2.1445
1083.5000,74.6677,-0.8876,23.9539,2.0336
1083.6000,74.6677,-0.8867,21.8768,1.9173
1083.7000,74.6637,-0.8857,20.7114,1.8518
1083.8000,74.6578,-0.8846,20.4384,1.8364
1083.9000,74.6524,-0.8836,20.6692,1.8493
1084.0000,74.6476,-0.8825,21.2163,1.8800
1084.1000,74.6448,-0.8814,21.7718,1.9112
1084.2000,74.6428,-0.8803,21.8006,1.9128
1084.3000,74.6402,-0.8791,20.9336,1.8640
1084.4000,74.6337,-0.8780,19.6444,1.7914
1084.5000,74.6244,-0.8768,18.6128,1.7330
1084.6000,74.6127,-0.8755,18.0191,1.6993
1084.7000,74.6004,-0.8743,17.7292,1.6828
1084.8000,74.5872,-0.8730,18.2838,1.7140
1084.9000,74.5777,-0.8717,19.6425,1.7906
1085.0000,74.5713,-0.8704,20.9118,1.8620
1085.1000,74.5682,-0.8690,21.8929,1.9171
1085.2000,74.5666,-0.8676,22.4780,1.9499
1085.3000,74.5664,-0.8662,22.7667,1.9660
1085.4000,74.5662,-0.8648,22.8892,1.9729
1085.5000,74.5665,-0.8634,22.2191,1.9354
1085.6000,74.5628,-0.8619,20.8572,1.8588
1085.7000,74.5562,-0.8604,19.5874,1.7873
1085.8000,74.5460,-0.8589,18.0956,1.7029
1085.9000,74.5317,-0.8573,16.6109,1.6186
1086.0000,74.5140,-0.8558,15.9483,1.5807
1086.1000,74.4963,-0.8542,15.9094,1.5783
1086.2000,74.4783,-0.8526,16.7619,1.6265
1086.3000,74.4649,-0.8509,18.3200,1.7146
1086.4000,74.4548,-0.8493,19.6540,1.7899
1086.5000,74.4481,-0.8476,21.1594,1.8745
1086.6000,74.4455,-0.8459,22.2800,1.9374
1086.7000,74.4444,-0.8442,22.4782,1.9485
1086.8000,74.4427,-0.8424,22.4611,1.9475
1086.9000,74.4414,-0.8406,22.4410,1.9463
1087.0000,74.4395,-0.8388,22.0476,1.9243
1087.1000,74.4360,-0.8370,21.5666,1.8972
1087.2000,74.4316,-0.8352,20.7296,1.8502
1087.3000,74.4238,-0.8333,19.8815,1.8023
1087.4000,74.4150,-0.8314,19.8150,1.7985
1087.5000,74.4067,-0.8295,20.6588,1.8459
1087.6000,74.4021,-0.8276,22.3412,1.9403
1087.7000,74.4023,-0.8256,24.5304,2.0627
1087.8000,74.4086,-0.8237,26.5698,2.1762
1087.9000,74.4190,-0.8217,27.8925,2.2497
1088.0000,74.4319,-0.8196,28.4101,2.2785
1088.1000,74.4447,-0.8176,28.5523,2.2865
1088.2000,74.4581,-0.8155,28.9517,2.3087
1088.3000,74.4727,-0.8135,29.3223,2.3294
1088.4000,74.4878,-0.8114,29.9163,2.3623
1088.5000,74.5052,-0.8092,30.6819,2.4047
1088.6000,74.5239,-0.8071,30.7309,2.4076
1088.7000,74.5413,-0.8049,29.9424,2.3644
1088.8000,74.5558,-0.8027,29.2795,2.3280
1088.9000,74.5697,-0.8005,28.9882,2.3121
1089.0000,74.5824,-0.7983,28.5965,2.2906
1089.1000,74.5941,-0.7960,28.7821,2.3010
1089.2000,74.6076,-0.7938,29.5466,2.3433
1089.3000,74.6229,-0.7915,30.1052,2.3743
1089.4000,74.6390,-0.7892,30.2186,2.3807
1089.5000,74.6546,-0.7868,30.4903,2.3959
1089.6000,74.6718,-0.7845,30.8281,2.4147
1089.7000,74.6890,-0.7821,31.1335,2.4317
1089.8000,74.7075,-0.7797,31.4543,2.4495
1089.9000,74.7259,-0.7773,31.7302,2.4649
1090.0000,74.7456,-0.7749,31.6836,2.4626
1090.1000,74.7636,-0.7724,30.9330,2.4216
1090.2000,74.7792,-0.7700,29.8005,2.3594
1090.3000,74.7912,-0.7675,29.1658,2.3245
1090.4000,74.8033,-0.7650,28.9662,2.3136
1090.5000,74.8141,-0.7625,28.4709,2.2864
1090.6000,74.8235,-0.7599,28.4051,2.2828
1090.7000,74.8337,-0.7574,28.8275,2.3063
1090.8000,74.8451,-0.7548,28.3891,2.2822
1090.9000,74.8529,-0.7522,27.1003,2.2109
1091.0000,74.8575,-0.7496,26.0423,2.1522
1091.1000,74.8597,-0.7470,25.2130,2.1061
1091.2000,74.8600,-0.7443,24.3933,2.0604
1091.3000,74.8579,-0.7416,23.5603,2.0138
1091.4000,74.8538,-0.7390,22.8842,1.9759
1091.5000,74.8481,-0.7363,23.1537,1.9910
1091.6000,74.8452,-0.7336,24.0750,2.0424
1091.7000,74.8440,-0.7308,24.7742,2.0814
1091.8000,74.8445,-0.7281,25.9071,2.1445
1091.9000,74.8488,-0.7253,27.7228,2.2454
1092.0000,74.8582,-0.7226,29.4324,2.3400
1092.1000,74.8709,-0.7198,30.6613,2.4079
1092.2000,74.8863,-0.7170,31.8597,2.4740
1092.3000,74.9048,-0.7142,32.3404,2.5006
1092.4000,74.9223,-0.7113,31.7415,2.4679
1092.5000,74.9375,-0.7085,30.3513,2.3916
1092.6000,74.9477,-0.7056,28.3483,2.2812
1092.7000,74.9525,-0.7027,25.9815,2.1499
1092.8000,74.9506,-0.6998,24.0092,2.0400
1092.9000,74.9453,-0.6969,22.7245,1.9681
1093.0000,74.9367,-0.6940,21.7084,1.9110
1093.1000,74.9262,-0.6911,20.8703,1.8638
1093.2000,74.9132,-0.6881,19.8816,1.8079
1093.3000,74.8976,-0.6852,18.6096,1.7360
1093.4000,74.8780,-0.6822,17.0603,1.6480
1093.5000,74.8544,-0.6792,15.3370,1.5498
1093.6000,74.8261,-0.6762,14.0155,1.4741
1093.7000,74.7958,-0.6732,13.5911,1.4495
1093.8000,74.7652,-0.6702,13.8605,1.4646
1093.9000,74.7362,-0.6672,14.4727,1.4992
1094.0000,74.7086,-0.6642,14.9643,1.5269
1094.1000,74.6820,-0.6611,15.1363,1.5364
1094.2000,74.6552,-0.6581,15.5280,1.5584
1094.3000,74.6304,-0.6550,16.1122,1.5914
1094.4000,74.6065,-0.6519,17.1172,1.6481
1094.5000,74.5867,-0.6488,18.8345,1.7451
1094.6000,74.5713,-0.6458,20.2228,1.8232
1094.7000,74.5584,-0.6427,21.0541,1.8699
1094.8000,74.5471,-0.6395,21.7502,1.9088
1094.9000,74.5375,-0.6364,22.0854,1.9275
1095.0000,74.5277,-0.6333,22.1720,1.9323
1095.1000,74.5185,-0.6302,22.9925,1.9781
1095.2000,74.5127,-0.6270,24.2813,2.0501
1095.3000,74.5097,-0.6239,25.8232,2.1359
1095.4000,74.5116,-0.6207,27.2457,2.2150
1095.5000,74.5156,-0.6175,28.0760,2.2610
1095.6000,74.5214,-0.6144,28.7968,2.3009
1095.7000,74.5289,-0.6112,29.2993,2.3288
1095.8000,74.5370,-0.6080,29.6443,2.3479
1095.9000,74.5459,-0.6048,30.2642,2.3822
1096.0000,74.5569,-0.6016,31.0461,2.4253
1096.1000,74.5695,-0.5984,31.3153,2.4403
1096.2000,74.5815,-0.5951,31.0998,2.4286
1096.3000,74.5928,-0.5919,30.6251,2.4026
1096.4000,74.6022,-0.5887,30.3393,2.3870
1096.5000,74.6117,-0.5854,30.4575,2.3936
1096.6000,74.6214,-0.5822,31.0845,2.4282
1096.7000,74.6339,-0.5789,32.1642,2.4876
1096.8000,74.6487,-0.5757,32.6298,2.5133
1096.9000,74.6632,-0.5724,32.0408,2.4812
1097.0000,74.6748,-0.5691,31.3501,2.4434
1097.1000,74.6856,-0.5659,30.8049,2.4136
1097.2000,74.6941,-0.5626,30.1043,2.3751
1097.3000,74.7010,-0.5593,30.1238,2.3763
1097.4000,74.7095,-0.5560,30.8556,2.4167
1097.5000,74.7198,-0.5527,31.1935,2.4354
1097.6000,74.7296,-0.5494,31.1886,2.4352
1097.7000,74.7397,-0.5461,31.1437,2.4329
1097.8000,74.7490,-0.5428,30.9754,2.4237
1097.9000,74.7580,-0.5395,30.6793,2.4075
1098.0000,74.7655,-0.5362,30.5969,2.4031
1098.1000,74.7738,-0.5329,30.5303,2.3995
1098.2000,74.7807,-0.5296,30.2367,2.3834
1098.3000,74.7872,-0.5262,29.5201,2.3440
1098.4000,74.7903,-0.5229,28.5546,2.2907
1098.5000,74.7917,-0.5196,27.6108,2.2385
1098.6000,74.7898,-0.5163,26.6359,2.1844
1098.7000,74.7861,-0.5130,25.6845,2.1315
1098.8000,74.7791,-0.5096,24.8225,2.0834
1098.9000,74.7708,-0.5063,24.2084,2.0490
1099.0000,74.7606,-0.5030,23.4072,2.0041
1099.1000,74.7481,-0.4997,22.4193,1.9487
1099.2000,74.7328,-0.4963,21.7946,1.9135
1099.3000,74.7169,-0.4930,21.9922,1.9244
1099.4000,74.7024,-0.4897,22.6036,1.9585
1099.5000,74.6895,-0.4864,23.9436,2.0333
1099.6000,74.6816,-0.4831,25.7021,2.1312
1099.7000,74.6774,-0.4798,26.9236,2.1990
1099.8000,74.6754,-0.4764,27.2648,2.2179
1099.9000,74.6728,-0.4731,27.3557,2.2229
1100.0000,74.6711,-0.4698,27.3401,2.2221
1100.1000,74.6681,-0.4665,27.0891,2.2081
1100.2000,74.6649,-0.4632,27.6403,2.2386
1100.3000,74.6645,-0.4599,29.0994,2.3193
1100.4000,74.6685,-0.4566,29.8972,2.3634
1100.5000,74.6719,-0.4533,29.3128,2.3312
1100.6000,74.6727,-0.4500,28.7472,2.3000
1100.7000,74.6730,-0.4468,28.1477,2.2668
1100.8000,74.6705,-0.4435,26.6297,2.1826
1100.9000,74.6629,-0.4402,24.9999,2.0919
1101.0000,74.6520,-0.4369,24.2487,2.0499
1101.1000,74.6404,-0.4336,23.6688,2.0174
1101.2000,74.6264,-0.4304,22.9900,1.9792
1101.3000,74.6113,-0.4271,22.7618,1.9663
1101.4000,74.5960,-0.4239,22.6904,1.9621
1101.5000,74.5803,-0.4206,22.5572,1.9545
1101.6000,74.5642,-0.4174,22.9728,1.9775
1101.7000,74.5505,-0.4142,23.9587,2.0325
1101.8000,74.5392,-0.4109,25.3244,2.1085
1101.9000,74.5322,-0.4077,27.1714,2.2111
1102.0000,74.5301,-0.4045,28.5609,2.2880
1102.1000,74.5300,-0.4013,29.2109,2.3239
1102.2000,74.5310,-0.3981,29.6012,2.3454
1102.3000,74.5326,-0.3949,29.6640,2.3489
1102.4000,74.5337,-0.3917,29.4952,2.3396
1102.5000,74.5342,-0.3886,30.0246,2.3688
1102.6000,74.5377,-0.3854,30.6398,2.4027
1102.7000,74.5412,-0.3822,30.3140,2.3848
1102.8000,74.5428,-0.3791,29.6663,2.3492
1102.9000,74.5427,-0.3760,29.0288,2.3140
1103.0000,74.5409,-0.3728,28.1477,2.2653
1103.1000,74.5362,-0.3697,27.2822,2.2173
1103.2000,74.5298,-0.3666,26.9016,2.1961
1103.3000,74.5230,-0.3635,26.5901,2.1787
1103.4000,74.5149,-0.3604,25.9457,2.1428
1103.5000,74.5046,-0.3573,25.1191,2.0967
1103.6000,74.4921,-0.3542,24.1212,2.0409
1103.7000,74.4766,-0.3512,23.1695,1.9875
1103.8000,74.4592,-0.3481,22.5693,1.9537
1103.9000,74.4405,-0.3451,22.2575,1.9361
1104.0000,74.4214,-0.3421,22.0522,1.9243
1104.1000,74.4016,-0.3391,21.9806,1.9201
1104.2000,74.3819,-0.3361,21.6789,1.9029
1104.3000,74.3605,-0.3331,20.8821,1.8579
1104.4000,74.3367,-0.3301,20.0613,1.8115
1104.5000,74.3110,-0.3271,19.0415,1.7537
1104.6000,74.2819,-0.3242,17.8306,1.6849
1104.7000,74.2500,-0.3212,16.7757,1.6247
1104.8000,74.2155,-0.3183,16.0206,1.5815
1104.9000,74.1796,-0.3154,15.3616,1.5436
1105.0000,74.1417,-0.3125,14.8797,1.5157
1105.1000,74.1034,-0.3096,14.5296,1.4953
1105.2000,74.0637,-0.3068,14.3898,1.4869
1105.3000,74.0246,-0.3039,14.7632,1.5077
1105.4000,73.9868,-0.3011,15.5046,1.5495
1105.5000,73.9514,-0.2983,16.9371,1.6305
1105.6000,73.9208,-0.2955,18.6960,1.7297
1105.7000,73.8944,-0.2927,20.2761,1.8185
1105.8000,73.8718,-0.2899,21.6711,1.8966
1105.9000,73.8524,-0.2872,23.3646,1.9913
1106.0000,73.8384,-0.2844,24.3436,2.0458
1106.1000,73.8239,-0.2817,24.8438,2.0735
1106.2000,73.8124,-0.2790,25.4639,2.1078
1106.3000,73.8009,-0.2763,25.7805,2.1253
1106.4000,73.7908,-0.2737,25.6076,2.1156
1106.5000,73.7784,-0.2710,25.5454,2.1120
1106.6000,73.7678,-0.2684,25.8772,2.1303
1106.7000,73.7569,-0.2657,26.4782,2.1636
1106.8000,73.7494,-0.2631,27.1665,2.2016
1106.9000,73.7419,-0.2605,27.1790,2.2023
1107.0000,73.7342,-0.2580,27.1582,2.2010
1107.1000,73.7265,-0.2554,27.3019,2.2089
1107.2000,73.7194,-0.2529,26.8507,2.1838
1107.3000,73.7092,-0.2504,25.9539,2.1339
1107.4000,73.6974,-0.2478,25.7448,2.1221
1107.5000,73.6860,-0.2454,25.8000,2.1251
1107.6000,73.6745,-0.2429,25.4612,2.1061
1107.7000,73.6612,-0.2405,25.3551,2.1000
1107.8000,73.6490,-0.2380,26.0955,2.1411
1107.9000,73.6394,-0.2356,26.8320,2.1818
1108.0000,73.6308,-0.2332,27.5105,2.2193
1108.1000,73.6246,-0.2309,28.4094,2.2690
1108.2000,73.6206,-0.2285,29.1100,2.3076
1108.3000,73.6178,-0.2262,29.2720,2.3165
1108.4000,73.6144,-0.2239,29.3773,2.3223
1108.5000,73.6121,-0.2216,29.2408,2.3147
1108.6000,73.6078,-0.2193,28.6882,2.2842
1108.7000,73.6025,-0.2170,28.4013,2.2683
1108.8000,73.5966,-0.2148,28.2400,2.2593
1108.9000,73.5904,-0.2126,28.3941,2.2677
1109.0000,73.5852,-0.2104,28.8746,2.2942
1109.1000,73.5813,-0.2082,29.3568,2.3207
1109.2000,73.5784,-0.2061,29.6198,2.3352
1109.3000,73.5757,-0.2039,29.8763,2.3493
1109.4000,73.5741,-0.2018,29.7723,2.3436
1109.5000,73.5707,-0.1997,29.1354,2.3084
1109.6000,73.5657,-0.1977,28.6666,2.2825
1109.7000,73.5598,-0.1956,28.4604,2.2710
1109.8000,73.5536,-0.1936,28.1335,2.2529
1109.9000,73.5459,-0.1916,27.9342,2.2418
1110.0000,73.5386,-0.1896,28.3471,2.2645
1110.1000,73.5329,-0.1877,28.9951,2.3002
1110.2000,73.5288,-0.1857,29.6782,2.3378
1110.3000,73.5266,-0.1838,30.9299,2.4067
1110.4000,73.5288,-0.1819,32.9169,2.5156
1110.5000,73.5366,-0.1800,35.1841,2.6394
1110.6000,73.5502,-0.1782,36.9286,2.7343
1110.7000,73.5668,-0.1764,37.8293,2.7833
1110.8000,73.5849,-0.1746,38.3252,2.8103
1110.9000,73.6038,-0.1728,38.4955,2.8198
1111.0000,73.6225,-0.1710,38.1787,2.8029
1111.1000,73.6395,-0.1693,38.0607,2.7967
1111.2000,73.6575,-0.1676,38.7656,2.8350
1111.3000,73.6779,-0.1659,39.4524,2.8723
1111.4000,73.6991,-0.1642,39.5998,2.8805
1111.5000,73.7200,-0.1626,39.6376,2.8828
1111.6000,73.7412,-0.1610,39.7524,2.8893
1111.7000,73.7625,-0.1594,39.5811,2.8803
1111.8000,73.7826,-0.1578,39.4228,2.8720
1111.9000,73.8028,-0.1563,39.4563,2.8741
1112.0000,73.8228,-0.1547,39.4209,2.8724
1112.1000,73.8427,-0.1532,39.5572,2.8800
1112.2000,73.8632,-0.1518,39.8914,2.8983
1112.3000,73.8846,-0.1503,40.0305,2.9061
1112.4000,73.9055,-0.1489,39.5879,2.8825
1112.5000,73.9244,-0.1475,38.8949,2.8453
1112.6000,73.9416,-0.1461,38.1523,2.8054
1112.7000,73.9565,-0.1448,37.6372,2.7777
1112.8000,73.9710,-0.1435,37.2971,2.7594
1112.9000,73.9840,-0.1422,37.1352,2.7508
1113.0000,73.9974,-0.1409,37.5142,2.7715
1113.1000,74.0122,-0.1396,37.9634,2.7960
1113.2000,74.0277,-0.1384,37.7222,2.7832
1113.3000,74.0411,-0.1372,37.0388,2.7463
1113.4000,74.0530,-0.1361,36.8008,2.7335
1113.5000,74.0650,-0.1349,36.7506,2.7310
1113.6000,74.0765,-0.1338,36.9953,2.7444
1113.7000,74.0897,-0.1327,38.4090,2.8211
1113.8000,74.1082,-0.1317,40.4542,2.9317
1113.9000,74.1316,-0.1306,42.1767,3.0245
1114.0000,74.1587,-0.1296,43.5028,3.0975
1114.1000,74.1886,-0.1286,44.0792,3.1306
1114.2000,74.2185,-0.1277,43.7077,3.1098
1114.3000,74.2462,-0.1267,42.5936,3.0483
1114.4000,74.2701,-0.1258,41.3226,2.9804
1114.5000,74.2912,-0.1250,40.2510,2.9230
1114.6000,74.3095,-0.1241,39.5509,2.8855
1114.7000,74.3269,-0.1233,39.1735,2.8653
1114.8000,74.3431,-0.1225,39.0701,2.8599
1114.9000,74.3598,-0.1217,38.9150,2.8518
1115.0000,74.3751,-0.1210,38.9726,2.8551
1115.1000,74.3920,-0.1203,39.0112,2.8574
1115.2000,74.4073,-0.1196,38.4403,2.8267
1115.3000,74.4211,-0.1190,38.2362,2.8158
1115.4000,74.4353,-0.1183,38.1117,2.8093
1115.5000,74.4484,-0.1177,36.8637,2.7418
1115.6000,74.4561,-0.1172,35.1344,2.6479
1115.7000,74.4603,-0.1166,33.8697,2.5789
1115.8000,74.4616,-0.1161,32.5895,2.5089
1115.9000,74.4593,-0.1156,31.6034,2.4548
1116.0000,74.4555,-0.1152,31.3816,2.4425
1116.1000,74.4521,-0.1147,31.9284,2.4725
1116.2000,74.4511,-0.1143,32.9292,2.5274
1116.3000,74.4527,-0.1140,33.8274,2.5765
1116.4000,74.4562,-0.1136,34.4700,2.6116
1116.5000,74.4610,-0.1133,35.1802,2.6504
1116.6000,74.4681,-0.1130,35.6046,2.6736
1116.7000,74.4750,-0.1128,35.5270,2.6695
1116.8000,74.4817,-0.1126,35.2641,2.6552
1116.9000,74.4872,-0.1124,34.7758,2.6287
1117.0000,74.4913,-0.1122,34.2276,2.5988
1117.1000,74.4940,-0.1121,33.8493,2.5782
1117.2000,74.4962,-0.1119,33.4673,2.5573
1117.3000,74.4969,-0.1119,32.9408,2.5285
1117.4000,74.4964,-0.1118,32.7587,2.5186
1117.5000,74.4963,-0.1118,32.2552,2.4910
1117.6000,74.4932,-0.1118,31.1392,2.4297
1117.7000,74.4874,-0.1118,29.7146,2.3512
1117.8000,74.4772,-0.1119,28.0217,2.2575
1117.9000,74.4628,-0.1120,26.1543,2.1538
1118.0000,74.4432,-0.1121,24.2370,2.0468
1118.1000,74.4192,-0.1123,22.4753,1.9480
1118.2000,74.3908,-0.1124,21.0068,1.8653
1118.3000,74.3595,-0.1127,20.2054,1.8198
1118.4000,74.3271,-0.1129,20.0411,1.8102
1118.5000,74.2952,-0.1132,20.5618,1.8392
1118.6000,74.2656,-0.1135,21.8964,1.9138
1118.7000,74.2406,-0.1138,23.2906,1.9916
1118.8000,74.2183,-0.1141,24.1930,2.0417
1118.9000,74.1980,-0.1145,24.8012,2.0754
1119.0000,74.1789,-0.1149,24.7186,2.0706
1119.1000,74.1583,-0.1154,23.7279,2.0151
1119.2000,74.1342,-0.1159,22.5400,1.9484
1119.3000,74.1077,-0.1164,21.5335,1.8916
1119.4000,74.0787,-0.1169,20.3292,1.8236
1119.5000,74.0462,-0.1174,19.5139,1.7773
1119.6000,74.0133,-0.1180,19.2332,1.7611
1119.7000,73.9795,-0.1186,19.3081,1.7649
1119.8000,73.9471,-0.1193,19.3480,1.7668
1119.9000,73.9138,-0.1200,19.1141,1.7532
1120.0000,73.8804,-0.1207,18.4231,1.7138
1120.1000,73.8437,-0.1214,17.6887,1.6719
1120.2000,73.8067,-0.1221,17.0753,1.6367
1120.3000,73.7671,-0.1229,16.3608,1.5957
1120.4000,73.7267,-0.1237,16.2158,1.5870
1120.5000,73.6866,-0.1246,16.7253,1.6155
1120.6000,73.6490,-0.1255,17.2858,1.6469
1120.7000,73.6120,-0.1263,17.6286,1.6659
1120.8000,73.5764,-0.1273,18.2495,1.7006
1120.9000,73.5428,-0.1282,18.8592,1.7347
1121.0000,73.5105,-0.1292,19.2275,1.7551
1121.1000,73.4790,-0.1302,19.0450,1.7444
1121.2000,73.4460,-0.1312,18.2855,1.7012
1121.3000,73.4107,-0.1323,17.3152,1.6459
1121.4000,73.3730,-0.1334,16.2940,1.5875
1121.5000,73.3327,-0.1345,15.6877,1.5526
1121.6000,73.2921,-0.1357,15.9197,1.5654
1121.7000,73.2533,-0.1368,16.6582,1.6069
1121.8000,73.2167,-0.1380,17.3972,1.6483
1121.9000,73.1819,-0.1392,18.4786,1.7091
1122.0000,73.1511,-0.1405,19.6376,1.7742
1122.1000,73.1226,-0.1418,20.3978,1.8166
1122.2000,73.0959,-0.1431,21.5501,1.8810
1122.3000,73.0735,-0.1444,23.1181,1.9686
1122.4000,73.0552,-0.1458,23.7418,2.0032
1122.5000,73.0362,-0.1471,24.2099,2.0291
1122.6000,73.0204,-0.1486,25.5289,2.1024
1122.7000,73.0084,-0.1500,26.5737,2.1602
1122.8000,72.9982,-0.1515,27.2511,2.1976
1122.9000,72.9898,-0.1529,28.3365,2.2576
1123.0000,72.9854,-0.1545,29.0632,2.2976
1123.1000,72.9809,-0.1560,28.5645,2.2700
1123.2000,72.9741,-0.1576,27.4179,2.2066
1123.3000,72.9638,-0.1592,25.8558,2.1199
1123.4000,72.9490,-0.1608,24.0071,2.0168
1123.5000,72.9293,-0.1624,22.5560,1.9355
1123.6000,72.9072,-0.1641,21.8607,1.8963
1123.7000,72.8841,-0.1658,21.5740,1.8800
1123.8000,72.8608,-0.1675,21.3991,1.8699
1123.9000,72.8370,-0.1693,21.2639,1.8621
1124.0000,72.8132,-0.1710,20.7680,1.8340
1124.1000,72.7871,-0.1728,19.5878,1.7673
1124.2000,72.7573,-0.1747,18.3576,1.6975
1124.3000,72.7251,-0.1765,17.3740,1.6416
1124.4000,72.6905,-0.1784,16.5508,1.5945
1124.5000,72.6543,-0.1803,15.7832,1.5505
1124.6000,72.6160,-0.1822,15.1802,1.5158
1124.7000,72.5770,-0.1841,14.8532,1.4968
1124.8000,72.5373,-0.1861,15.1467,1.5131
1124.9000,72.5000,-0.1881,15.5906,1.5379
1125.0000,72.4629,-0.1901,15.6846,1.5428
1125.1000,72.4264,-0.1921,15.7823,1.5480
1125.2000,72.3901,-0.1942,15.6084,1.5377
1125.3000,72.3531,-0.1963,15.3155,1.5206
1125.4000,72.3155,-0.1984,15.4982,1.5306
1125.5000,72.2797,-0.2005,16.2645,1.5737
1125.6000,72.2464,-0.2027,17.1297,1.6224
1125.7000,72.2154,-0.2048,18.2768,1.6870
1125.8000,72.1884,-0.2070,19.3988,1.7500
1125.9000,72.1635,-0.2093,19.7902,1.7717
1126.0000,72.1388,-0.2115,19.6516,1.7636
1126.1000,72.1135,-0.2138,19.1823,1.7369
1126.2000,72.0866,-0.2160,18.7118,1.7101
1126.3000,72.0591,-0.2184,18.1777,1.6796
1126.4000,72.0297,-0.2207,17.7634,1.6559
1126.5000,72.0002,-0.2230,17.9345,1.6653
1126.6000,71.9720,-0.2254,18.6831,1.7072
1126.7000,71.9468,-0.2278,19.0571,1.7280
1126.8000,71.9208,-0.2302,19.2943,1.7411
1126.9000,71.8971,-0.2326,19.9547,1.7780
1127.0000,71.8749,-0.2351,19.9786,1.7791
1127.1000,71.8515,-0.2376,19.6143,1.7584
1127.2000,71.8277,-0.2401,19.6856,1.7621
1127.3000,71.8050,-0.2426,19.9113,1.7746
1127.4000,71.7826,-0.2451,19.8285,1.7697
1127.5000,71.7597,-0.2477,20.3058,1.7963
1127.6000,71.7401,-0.2503,21.4540,1.8605
1127.7000,71.7236,-0.2529,27.5290,2.1984
1127.8000,71.7362,-0.2555,38.4064,2.7923
1127.9000,71.7770,-0.2581,49.2980,3.4033
1128.0000,71.8468,-0.2608,59.9190,4.0083
1128.1000,71.9432,-0.2635,69.9838,4.5819
1128.2000,72.0654,-0.2662,74.8984,4.8627
1128.3000,72.1867,-0.2689,74.7476,4.8553
1128.4000,72.3073,-0.2717,74.5973,4.8479
1128.5000,72.4270,-0.2745,74.4474,4.8405
1128.6000,72.5459,-0.2773,74.2979,4.8332
1128.7000,72.6641,-0.2801,74.1488,4.8259
1128.8000,72.7815,-0.2829,74.0002,4.8186
1128.9000,72.8981,-0.2858,73.8520,4.8113
1129.0000,73.0139,-0.2887,74.8799,4.8709
1129.1000,73.1351,-0.2917,77.1279,5.0000
1129.2000,73.2618,-0.2946,79.4514,5.1334
1129.3000,73.3941,-0.2976,81.8508,5.2712
1129.4000,73.5321,-0.3006,84.2765,5.4372
1129.5000,73.6759,-0.3036,85.3731,5.5186
1129.6000,73.8185,-0.3067,85.2042,5.5034
1129.7000,73.9603,-0.3098,85.2527,5.5048
1129.8000,74.1021,-0.3129,85.3878,5.5128
1129.9000,74.2436,-0.3160,85.1435,5.4919
1130.0000,74.3831,-0.3191,84.2462,5.4218
1130.1000,74.5189,-0.3223,82.6097,5.3257
1130.2000,74.6492,-0.3255,80.4198,5.2025
1130.3000,74.7731,-0.3287,77.6561,5.0465
1130.4000,74.8886,-0.3320,74.8093,4.8858
1130.5000,74.9973,-0.3352,72.3871,4.7491
1130.6000,75.1000,-0.3385,70.3197,4.6326
1130.7000,75.1978,-0.3418,68.2385,4.5152
1130.8000,75.2894,-0.3452,66.5396,4.4196
1130.9000,75.3782,-0.3485,65.3386,4.3522
1131.0000,75.4634,-0.3519,64.1057,4.2830
1131.1000,75.5456,-0.3553,62.5649,4.1962
1131.2000,75.6227,-0.3587,61.0613,4.1115
1131.3000,75.6971,-0.3622,59.7839,4.0396
1131.4000,75.7676,-0.3656,58.1795,3.9491
1131.5000,75.8337,-0.3691,56.6963,3.8654
1131.6000,75.8965,-0.3726,55.9551,3.8240
1131.7000,75.9588,-0.3761,55.5826,3.8034
1131.8000,76.0196,-0.3797,54.9566,3.7685
1131.9000,76.0786,-0.3832,54.3811,3.7364
1132.0000,76.1364,-0.3868,53.8968,3.7094
1132.1000,76.1928,-0.3904,53.4430,3.6842
1132.2000,76.2482,-0.3940,52.8972,3.6538
1132.3000,76.3019,-0.3976,52.2419,3.6171
1132.4000,76.3539,-0.4013,51.5649,3.5791
1132.5000,76.4041,-0.4049,51.0853,3.5524
1132.6000,76.4537,-0.4086,50.7813,3.5356
1132.7000,76.5023,-0.4123,50.4370,3.5166
1132.8000,76.5502,-0.4160,50.3073,3.5097
1132.9000,76.5981,-0.4197,50.5568,3.5244
1133.0000,76.6471,-0.4235,50.7367,3.5352
1133.1000,76.6959,-0.4272,50.3594,3.5143
1133.2000,76.7430,-0.4310,49.6496,3.4744
1133.3000,76.7882,-0.4348,48.8109,3.4272
1133.4000,76.8312,-0.4386,47.5036,3.3533
1133.5000,76.8700,-0.4424,45.5405,3.2421
1133.6000,76.9033,-0.4462,43.4793,3.1301
1133.7000,76.9320,-0.4501,41.4654,3.0221
1133.8000,76.9555,-0.4539,39.1845,2.8991
1133.9000,76.9732,-0.4578,36.8787,2.7742
1134.0000,76.9856,-0.4617,35.4741,2.6977
1134.1000,76.9966,-0.4656,35.4645,2.6974
1134.2000,77.0091,-0.4695,36.6015,2.7595
1134.3000,77.0258,-0.4734,38.7642,2.8773
1134.4000,77.0492,-0.4773,41.6066,3.0312
1134.5000,77.0800,-0.4813,44.5656,3.1906
1134.6000,77.1179,-0.4852,46.4031,3.2938
1134.7000,77.1577,-0.4892,46.1503,3.2799
1134.8000,77.1944,-0.4932,44.3871,3.1826
1134.9000,77.2257,-0.4972,41.9871,3.0540
1135.0000,77.2507,-0.5012,39.2727,2.9077
1135.1000,77.2688,-0.5052,36.9121,2.7797
1135.2000,77.2825,-0.5092,35.7716,2.7177
1135.3000,77.2953,-0.5132,35.3373,2.6942
1135.4000,77.3070,-0.5172,35.0524,2.6788
1135.5000,77.3186,-0.5213,34.7371,2.6617
1135.6000,77.3290,-0.5253,34.2411,2.6346
1135.7000,77.3384,-0.5294,34.1485,2.6297
1135.8000,77.3486,-0.5335,34.9246,2.6723
1135.9000,77.3620,-0.5375,36.3042,2.7478
1136.0000,77.3791,-0.5416,37.6981,2.8239
1136.1000,77.3995,-0.5457,38.7568,2.8817
1136.2000,77.4220,-0.5498,39.0656,2.8987
1136.3000,77.4440,-0.5539,38.3197,2.8585
1136.4000,77.4630,-0.5580,36.6261,2.7666
1136.5000,77.4769,-0.5622,34.4717,2.6491
1136.6000,77.4856,-0.5663,32.6866,2.5513
1136.7000,77.4911,-0.5704,31.2968,2.4749
1136.8000,77.4933,-0.5745,29.9254,2.3993
1136.9000,77.4923,-0.5787,28.8253,2.3384
1137.0000,77.4895,-0.5828,28.0408,2.2948
1137.1000,77.4850,-0.5870,27.2589,2.2514
1137.2000,77.4786,-0.5911,26.4840,2.2082
1137.3000,77.4706,-0.5953,25.9235,2.1769
1137.4000,77.4618,-0.5994,25.9492,2.1782
1137.5000,77.4544,-0.6036,26.5463,2.2114
1137.6000,77.4488,-0.6078,27.5060,2.2646
1137.7000,77.4463,-0.6119,28.5785,2.3241
1137.8000,77.4462,-0.6161,29.1702,2.3569
1137.9000,77.4469,-0.6203,29.1097,2.3536
1138.0000,77.4468,-0.6244,28.8390,2.3386
1138.1000,77.4465,-0.6286,28.7297,2.3325
1138.2000,77.4461,-0.6328,28.9780,2.3463
1138.3000,77.4473,-0.6370,29.6707,2.3846
1138.4000,77.4506,-0.6411,30.7145,2.4423
1138.5000,77.4571,-0.6453,31.5434,2.4881
1138.6000,77.4647,-0.6495,31.5540,2.4888
1138.7000,77.4715,-0.6537,31.1429,2.4662
1138.8000,77.4774,-0.6579,30.8288,2.4489
1138.9000,77.4829,-0.6620,30.3644,2.4234
1139.0000,77.4867,-0.6662,30.4059,2.4257
1139.1000,77.4927,-0.6704,31.0036,2.4588
1139.2000,77.4998,-0.6746,31.7805,2.5017
1139.3000,77.5098,-0.6788,33.2407,2.5821
1139.4000,77.5241,-0.6829,35.0460,2.6812
1139.5000,77.5431,-0.6871,36.5780,2.7650
1139.6000,77.5652,-0.6913,38.3426,2.8613
1139.7000,77.5929,-0.6955,39.8018,2.9408
1139.8000,77.6222,-0.6996,40.1291,2.9589
1139.9000,77.6517,-0.7038,40.0563,2.9553
1140.0000,77.6807,-0.7080,39.6895,2.9359
1140.1000,77.7085,-0.7121,38.8689,2.8917
1140.2000,77.7336,-0.7163,37.9308,2.8411
1140.3000,77.7570,-0.7205,37.2619,2.8050
1140.4000,77.7791,-0.7246,36.6639,2.7727
1140.5000,77.7997,-0.7288,35.6138,2.7157
1140.6000,77.8169,-0.7330,33.7393,2.6133
1140.7000,77.8286,-0.7371,31.3991,2.4848
1140.8000,77.8346,-0.7413,28.5247,2.3259
1140.9000,77.8326,-0.7454,25.5408,2.1599
1141.0000,77.8245,-0.7495,23.4358,2.0421
1141.1000,77.8126,-0.7537,21.9884,1.9607
1141.2000,77.7977,-0.7578,21.4788,1.9319
1141.3000,77.7838,-0.7619,22.0277,1.9626
1141.4000,77.7719,-0.7660,22.5403,1.9912
1141.5000,77.7607,-0.7701,22.6449,1.9970
1141.6000,77.7497,-0.7742,22.6457,1.9969
1141.7000,77.7389,-0.7783,21.9891,1.9599
1141.8000,77.7250,-0.7824,21.1716,1.9137
1141.9000,77.7105,-0.7865,20.7571,1.8902
1142.0000,77.6950,-0.7905,20.2474,1.8612
1142.1000,77.6784,-0.7946,20.0071,1.8475
1142.2000,77.6620,-0.7986,20.4840,1.8742
1142.3000,77.6481,-0.8027,21.0726,1.9072
1142.4000,77.6349,-0.8067,21.5186,1.9321
1142.5000,77.6235,-0.8107,22.3803,1.9805
1142.6000,77.6148,-0.8147,23.8997,2.0656
1142.7000,77.6111,-0.8188,25.2979,2.1437
1142.8000,77.6095,-0.8227,26.0901,2.1878
1142.9000,77.6100,-0.8267,27.0035,2.2387
1143.0000,77.6131,-0.8307,27.9120,2.2892
1143.1000,77.6182,-0.8347,27.6827,2.2765
1143.2000,77.6205,-0.8386,27.0500,2.2414
1143.3000,77.6227,-0.8426,27.2167,2.2507
1143.4000,77.6261,-0.8465,27.3980,2.2608
1143.5000,77.6295,-0.8504,27.6686,2.2759
1143.6000,77.6344,-0.8543,29.0081,2.3503
1143.7000,77.6446,-0.8582,30.6788,2.4427
1143.8000,77.6578,-0.8621,31.7985,2.5046
1143.9000,77.6736,-0.8660,32.4731,2.5420
1144.0000,77.6903,-0.8699,32.2407,2.5294
1144.1000,77.7052,-0.8737,30.7939,2.4499
1144.2000,77.7150,-0.8776,28.7413,2.3365
1144.3000,77.7201,-0.8814,26.3147,2.2017
1144.4000,77.7184,-0.8852,24.2763,2.0879
1144.5000,77.7139,-0.8891,23.3139,2.0339
1144.6000,77.7078,-0.8928,22.8291,2.0067
1144.7000,77.7012,-0.8966,22.5807,1.9926
1144.8000,77.6941,-0.9004,22.5177,1.9890
1144.9000,77.6875,-0.9042,21.9783,1.9586
1145.0000,77.6781,-0.9079,20.5439,1.8778
1145.1000,77.6648,-0.9116,19.2870,1.8066
1145.2000,77.6497,-0.9153,18.4858,1.7611
1145.3000,77.6328,-0.9190,18.1153,1.7399
1145.4000,77.6162,-0.9227,18.4255,1.7573
1145.5000,77.6011,-0.9264,19.3767,1.8109
1145.6000,77.5894,-0.9300,20.4946,1.8739
1145.7000,77.5801,-0.9337,21.1681,1.9118
1145.8000,77.5720,-0.9373,21.8663,1.9510
1145.9000,77.5664,-0.9409,22.8846,2.0081
1146.0000,77.5635,-0.9445,24.0513,2.0734
1146.1000,77.5638,-0.9481,25.3691,2.1471
1146.2000,77.5675,-0.9516,27.5612,2.2692
1146.3000,77.5787,-0.9552,29.9824,2.4035
1146.4000,77.5945,-0.9587,31.0914,2.4649
1146.5000,77.6112,-0.9622,30.9166,2.4555
1146.6000,77.6263,-0.9657,29.8576,2.3972
1146.7000,77.6380,-0.9692,28.0513,2.2973
1146.8000,77.6445,-0.9726,26.1145,2.1896
1146.9000,77.6470,-0.9761,25.3108,2.1448
1147.0000,77.6497,-0.9795,25.7171,2.1675
1147.1000,77.6545,-0.9829,26.2794,2.1989
1147.2000,77.6602,-0.9863,26.6778,2.2212
1147.3000,77.6671,-0.9897,26.8268,2.2296
1147.4000,77.6737,-0.9930,26.3280,2.2019
1147.5000,77.6783,-0.9964,25.0603,2.1312
1147.6000,77.6790,-0.9997,23.5355,2.0459
1147.7000,77.6764,-1.0030,22.1867,1.9702
1147.8000,77.6708,-1.0063,20.8786,1.8965
1147.9000,77.6621,-1.0096,19.2467,1.8043
1148.0000,77.6488,-1.0128,17.4589,1.7029
1148.1000,77.6317,-1.0161,16.3807,1.6414
1148.2000,77.6134,-1.0193,15.3911,1.5848
1148.3000,77.5918,-1.0225,13.7655,1.4918
1148.4000,77.5659,-1.0256,12.1927,1.4013
1148.5000,77.5370,-1.0288,11.4471,1.3582
1148.6000,77.5078,-1.0319,10.7484,1.3176
1148.7000,77.4758,-1.0350,9.5799,1.2499
1148.8000,77.4412,-1.0381,9.0350,1.2180
1148.9000,77.4069,-1.0412,9.5369,1.2466
1149.0000,77.3751,-1.0442,9.9740,1.2714
1149.1000,77.3433,-1.0473,10.2643,1.2878
1149.2000,77.3132,-1.0503,11.1626,1.3392
1149.3000,77.2861,-1.0532,12.2595,1.4019
1149.4000,77.2617,-1.0562,12.9459,1.4410
1149.5000,77.2382,-1.0591,13.3536,1.4640
1149.6000,77.2161,-1.0621,13.7194,1.4847
1149.7000,77.1947,-1.0650,14.0144,1.5013
1149.8000,77.1744,-1.0678,14.1600,1.5094
1149.9000,77.1539,-1.0707,14.4486,1.5257
1150.0000,77.1352,-1.0735,15.4763,1.5841
1150.1000,77.1201,-1.0763,16.6737,1.6520
1150.2000,77.1076,-1.0791,17.8938,1.7212
1150.3000,77.0987,-1.0819,19.3937,1.8059
1150.4000,77.0937,-1.0846,20.5894,1.8734
1150.5000,77.0908,-1.0874,21.2100,1.9083
1150.6000,77.0891,-1.0901,21.2930,1.9129
1150.7000,77.0868,-1.0928,20.8231,1.8864
1150.8000,77.0830,-1.0954,20.0218,1.8412
1150.9000,77.0770,-1.0981,19.2313,1.7965
1151.0000,77.0695,-1.1007,18.7323,1.7682
1151.1000,77.0613,-1.1033,18.4743,1.7535
1151.2000,77.0527,-1.1059,18.2607,1.7413
1151.3000,77.0436,-1.1084,18.0913,1.7316
1151.4000,77.0344,-1.1109,17.9110,1.7213
1151.5000,77.0247,-1.1135,17.1068,1.6755
1151.6000,77.0118,-1.1159,16.2599,1.6272
1151.7000,76.9981,-1.1184,15.9562,1.6098
1151.8000,76.9840,-1.1208,15.7548,1.5982
1151.9000,76.9695,-1.1233,16.2018,1.6234
1152.0000,76.9578,-1.1257,17.5753,1.7013
1152.1000,76.9503,-1.1280,18.8703,1.7746
1152.2000,76.9451,-1.1304,19.1143,1.7883
1152.3000,76.9390,-1.1327,18.1974,1.7364
1152.4000,76.9295,-1.1350,16.1571,1.6204
1152.5000,76.9136,-1.1373,13.2896,1.4566
1152.6000,76.8902,-1.1396,10.4936,1.2958
1152.7000,76.8608,-1.1418,8.7798,1.1965
1152.8000,76.8292,-1.1440,8.3131,1.1692
1152.9000,76.7978,-1.1462,8.2922,1.1676
1153.0000,76.7664,-1.1484,8.4270,1.1750
1153.1000,76.7360,-1.1505,8.9743,1.2063
1153.2000,76.7075,-1.1526,9.8971,1.2593
1153.3000,76.6818,-1.1547,11.2263,1.3355
1153.4000,76.6602,-1.1568,12.3895,1.4021
1153.5000,76.6404,-1.1588,13.2520,1.4513
1153.6000,76.6232,-1.1609,14.2606,1.5087
1153.7000,76.6087,-1.1629,15.2486,1.5649
1153.8000,76.5965,-1.1649,16.1420,1.6157
1153.9000,76.5866,-1.1668,17.5729,1.6968
1154.0000,76.5817,-1.1687,19.3807,1.7991
1154.1000,76.5808,-1.1707,20.8679,1.8830
1154.2000,76.5833,-1.1725,22.2601,1.9613
1154.3000,76.5894,-1.1744,23.8556,2.0508
1154.4000,76.5999,-1.1762,25.6821,2.1529
1154.5000,76.6151,-1.1781,27.5610,2.2576
1154.6000,76.6350,-1.1799,29.4497,2.3624
1154.7000,76.6594,-1.1816,30.7545,2.4347
1154.8000,76.6857,-1.1834,30.9363,2.4451
1154.9000,76.7111,-1.1851,30.2545,2.4078
1155.0000,76.7340,-1.1868,29.1564,2.3474
1155.1000,76.7540,-1.1885,27.7483,2.2696
1155.2000,76.7699,-1.1902,26.3172,2.1903
1155.3000,76.7829,-1.1918,25.2305,2.1299
1155.4000,76.7936,-1.1934,24.5588,2.0925
1155.5000,76.8033,-1.1950,24.3276,2.0797
1155.6000,76.8129,-1.1966,23.8094,2.0508
1155.7000,76.8202,-1.1981,22.9071,2.0004
1155.8000,76.8254,-1.1997,21.8237,1.9396
1155.9000,76.8274,-1.2012,20.8318,1.8838
1156.0000,76.8279,-1.2026,20.2526,1.8512
1156.1000,76.8271,-1.2041,20.0939,1.8422
1156.2000,76.8269,-1.2055,20.4226,1.8608
1156.3000,76.8279,-1.2069,20.7069,1.8768
1156.4000,76.8291,-1.2083,20.5726,1.8693
1156.5000,76.8295,-1.2097,19.9431,1.8338
1156.6000,76.8278,-1.2110,19.4130,1.8038
1156.7000,76.8257,-1.2124,18.7802,1.7680
1156.8000,76.8209,-1.2137,18.1398,1.7317
1156.9000,76.8158,-1.2149,17.7274,1.7083
1157.0000,76.8091,-1.2162,17.3740,1.6882
1157.1000,76.8023,-1.2174,17.0468,1.6695
1157.2000,76.7942,-1.2186,16.9910,1.6662
1157.3000,76.7872,-1.2198,17.7066,1.7068
1157.4000,76.7827,-1.2209,18.8638,1.7722
1157.5000,76.7816,-1.2221,20.3068,1.8537
1157.6000,76.7842,-1.2232,22.3867,1.9708
1157.7000,76.7933,-1.2243,24.4081,2.0841
1157.8000,76.8060,-1.2254,25.1425,2.1253
1157.9000,76.8187,-1.2264,25.0227,2.1187
1158.0000,76.8308,-1.2274,24.4210,2.0853
1158.1000,76.8406,-1.2284,23.1932,2.0167
1158.2000,76.8466,-1.2294,22.0793,1.9542
1158.3000,76.8510,-1.2304,21.5383,1.9239
1158.4000,76.8544,-1.2313,20.8805,1.8869
1158.5000,76.8556,-1.2322,20.3620,1.8577
1158.6000,76.8566,-1.2331,20.3661,1.8580
1158.7000,76.8579,-1.2340,20.1242,1.8443
1158.8000,76.8577,-1.2348,19.8138,1.8268
1158.9000,76.8575,-1.2357,20.4857,1.8647
1159.0000,76.8606,-1.2365,21.6893,1.9325
1159.1000,76.8664,-1.2373,22.6721,1.9878
1159.2000,76.8744,-1.2380,23.9421,2.0590
1159.3000,76.8864,-1.2388,25.2397,2.1316
1159.4000,76.9008,-1.2395,25.7431,2.1599
1159.5000,76.9153,-1.2402,25.4589,2.1442
1159.6000,76.9282,-1.2409,24.9324,2.1150
1159.7000,76.9401,-1.2415,24.3995,2.0854
1159.8000,76.9504,-1.2422,23.9121,2.0582
1159.9000,76.9599,-1.2428,23.8167,2.0530
1160.0000,76.9698,-1.2434,24.1195,2.0701
1160.1000,76.9807,-1.2440,24.3392,2.0825
1160.2000,76.9917,-1.2445,23.9206,2.0592
1160.3000,77.0005,-1.2451,23.3601,2.0279
1160.4000,77.0087,-1.2456,22.8051,1.9969
1160.5000,77.0149,-1.2461,22.0673,1.9556
1160.6000,77.0194,-1.2465,21.4665,1.9219
1160.7000,77.0227,-1.2470,21.2330,1.9088
1160.8000,77.0261,-1.2474,20.9534,1.8931
1160.9000,77.0280,-1.2478,20.1576,1.8482
1161.0000,77.0275,-1.2482,19.2492,1.7969
1161.1000,77.0250,-1.2486,18.1940,1.7372
1161.2000,77.0194,-1.2490,17.2793,1.6853
1161.3000,77.0124,-1.2493,16.7224,1.6535
1161.4000,77.0041,-1.2496,16.6655,1.6502
1161.5000,76.9969,-1.2499,16.8309,1.6595
1161.6000,76.9895,-1.2502,16.9951,1.6688
1161.7000,76.9832,-1.2504,17.5793,1.7018
1161.8000,76.9787,-1.2507,18.1541,1.7344
1161.9000,76.9752,-1.2509,17.7703,1.7126
1162.0000,76.9688,-1.2511,17.0745,1.6730
1162.1000,76.9620,-1.2513,17.0193,1.6698
1162.2000,76.9554,-1.2515,16.6009,1.6460
1162.3000,76.9465,-1.2516,16.0173,1.6127
1162.4000,76.9371,-1.2517,16.3138,1.6294
1162.5000,76.9297,-1.2518,17.2602,1.6831
1162.6000,76.9250,-1.2519,17.9808,1.7239
1162.7000,76.9212,-1.2520,18.7248,1.7660
1162.8000,76.9202,-1.2521,19.4711,1.8082
1162.9000,76.9200,-1.2521,20.3819,1.8596
1163.0000,76.9235,-1.2521,21.3292,1.9130
1163.1000,76.9279,-1.2521,21.8021,1.9396
1163.2000,76.9337,-1.2521,22.3033,1.9679
1163.3000,76.9406,-1.2521,23.5290,2.0367
1163.4000,76.9523,-1.2520,25.0399,2.1213
1163.5000,76.9666,-1.2520,25.7555,2.1614
1163.6000,76.9818,-1.2519,25.8518,2.1669
1163.7000,76.9965,-1.2518,25.2787,2.1352
1163.8000,77.0087,-1.2517,24.1744,2.0736
1163.9000,77.0179,-1.2516,22.5597,1.9833
1164.0000,77.0222,-1.2514,21.2984,1.9124
1164.1000,77.0252,-1.2513,20.8950,1.8898
1164.2000,77.0275,-1.2511,21.2081,1.9074
1164.3000,77.0320,-1.2509,22.0268,1.9535
1164.4000,77.0383,-1.2507,22.9665,2.0063
1164.5000,77.0474,-1.2505,23.8097,2.0537
1164.6000,77.0577,-1.2503,24.8408,2.1114
1164.7000,77.0718,-1.2500,25.8771,2.1694
1164.8000,77.0871,-1.2497,26.8374,2.2231
1164.9000,77.1058,-1.2495,28.7893,2.3316
1165.0000,77.1306,-1.2492,31.0521,2.4570
1165.1000,77.1602,-1.2489,32.1185,2.5160
1165.2000,77.1900,-1.2485,32.7702,2.5522
1165.3000,77.2226,-1.2482,33.1492,2.5734
1165.4000,77.2542,-1.2479,32.0462,2.5132
1165.5000,77.2812,-1.2475,29.9921,2.4003
1165.6000,77.3025,-1.2471,28.3210,2.3081
1165.7000,77.3212,-1.2467,27.0376,2.2371
1165.8000,77.3361,-1.2463,25.6594,2.1605
1165.9000,77.3480,-1.2459,24.3658,2.0884
1166.0000,77.3566,-1.2455,23.7389,2.0534
1166.1000,77.3653,-1.2451,23.4544,2.0376
1166.2000,77.3724,-1.2446,22.4606,1.9819
1166.3000,77.3762,-1.2441,21.3080,1.9172
1166.4000,77.3776,-1.2437,20.4632,1.8696
1166.5000,77.3773,-1.2432,19.8766,1.8365
1166.6000,77.3758,-1.2427,20.3086,1.8609
1166.7000,77.3776,-1.2422,21.4343,1.9243
1166.8000,77.3816,-1.2416,22.8128,2.0018
1166.9000,77.3900,-1.2411,24.7911,2.1127
1167.0000,77.4035,-1.2406,26.6391,2.2159
1167.1000,77.4209,-1.2400,28.1989,2.3028
1167.2000,77.4419,-1.2394,30.1019,2.4084
1167.3000,77.4684,-1.2389,31.9076,2.5083
1167.4000,77.4980,-1.2383,33.2093,2.5802
1167.5000,77.5307,-1.2377,34.4740,2.6499
1167.6000,77.5663,-1.2371,35.1187,2.6857
1167.7000,77.6018,-1.2365,35.7142,2.7187
1167.8000,77.6401,-1.2358,36.9099,2.7844
1167.9000,77.6812,-1.2352,38.1272,2.8511
1168.0000,77.7251,-1.2345,39.2002,2.9099
1168.1000,77.7712,-1.2339,39.8975,2.9483
1168.2000,77.8182,-1.2332,39.8235,2.9449
1168.3000,77.8635,-1.2326,39.2796,2.9160
1168.4000,77.9076,-1.2319,38.8918,2.8955
1168.5000,77.9508,-1.2312,38.7601,2.8889
1168.6000,77.9939,-1.2305,38.5306,2.8770
1168.7000,78.0357,-1.2298,37.6850,2.8316
1168.8000,78.0745,-1.2291,36.4195,2.7631
1168.9000,78.1099,-1.2283,34.8194,2.6761
1169.0000,78.1407,-1.2276,32.7838,2.5648
1169.1000,78.1660,-1.2269,31.2742,2.4820
1169.2000,78.1893,-1.2261,30.5200,2.4407
1169.3000,78.2109,-1.2254,29.6420,2.3924
1169.4000,78.2298,-1.2246,28.3104,2.3189
1169.5000,78.2448,-1.2239,26.3471,2.2099
1169.6000,78.2541,-1.2231,24.0061,2.0792
1169.7000,78.2576,-1.2223,21.5582,1.9418
1169.8000,78.2551,-1.2215,18.9806,1.7963
1169.9000,78.2462,-1.2208,16.7171,1.6678
1170.0000,78.2326,-1.2200,15.1194,1.5767
1170.1000,78.2160,-1.2192,13.9334,1.5087
1170.2000,78.1968,-1.2184,13.0858,1.4600
1170.3000,78.1761,-1.2176,12.4930,1.4257
1170.4000,78.1541,-1.2168,12.1665,1.4067
1170.5000,78.1318,-1.2160,12.1361,1.4047
1170.6000,78.1097,-1.2151,11.7548,1.3826
1170.7000,78.0856,-1.2143,11.1723,1.3488
1170.8000,78.0607,-1.2135,11.0923,1.3439
1170.9000,78.0363,-1.2127,11.6296,1.3745
1171.0000,78.0140,-1.2119,12.6121,1.4306
1171.1000,77.9944,-1.2110,13.9732,1.5084
1171.2000,77.9787,-1.2102,15.2954,1.5837
1171.3000,77.9655,-1.2094,15.9518,1.6210
1171.4000,77.9530,-1.2085,15.6808,1.6054
1171.5000,77.9385,-1.2077,14.4045,1.5324
1171.6000,77.9198,-1.2069,12.3300,1.4134
1171.7000,77.8952,-1.2060,10.3848,1.3012
1171.8000,77.8671,-1.2052,9.4116,1.2447
1171.9000,77.8379,-1.2043,9.0055,1.2209
1172.0000,77.8079,-1.2035,9.3973,1.2432
1172.1000,77.7807,-1.2027,11.2509,1.3497
1172.2000,77.7597,-1.2018,13.8386,1.4979
1172.3000,77.7450,-1.2010,16.3575,1.6414
1172.4000,77.7363,-1.2001,18.9719,1.7897
1172.5000,77.7343,-1.1993,21.2894,1.9204
1172.6000,77.7368,-1.1984,22.7344,2.0017
1172.7000,77.7418,-1.1976,23.4224,2.0404
1172.8000,77.7475,-1.1968,23.6770,2.0547
1172.9000,77.7537,-1.1959,24.0454,2.0754
1173.0000,77.7611,-1.1951,24.7891,2.1171
1173.1000,77.7707,-1.1943,25.5452,2.1594
1173.2000,77.7817,-1.1934,26.5507,2.2156
1173.3000,77.7962,-1.1926,27.6851,2.2789
1173.4000,77.8126,-1.1918,28.1026,2.3022
1173.5000,77.8289,-1.1909,28.6274,2.3315
1173.6000,77.8477,-1.1901,29.4932,2.3797
1173.7000,77.8680,-1.1893,29.7724,2.3954
1173.8000,77.8880,-1.1885,29.3645,2.3731
1173.9000,77.9063,-1.1876,28.7471,2.3391
1174.0000,77.9231,-1.1868,27.3395,2.2612
1174.1000,77.9344,-1.1860,25.8478,2.1783
1174.2000,77.9439,-1.1852,25.4319,2.1552
1174.3000,77.9530,-1.1844,25.6641,2.1683
1174.4000,77.9636,-1.1836,26.3317,2.2056
1174.5000,77.9759,-1.1828,27.4312,2.2669
1174.6000,77.9916,-1.1820,28.4677,2.3247
1174.7000,78.0088,-1.1812,28.5796,2.3311
1174.8000,78.0249,-1.1804,28.1257,2.3061
1174.9000,78.0398,-1.1797,27.5828,2.2761
1175.0000,78.0532,-1.1789,26.9437,2.2408
1175.1000,78.0648,-1.1781,26.2535,2.2025
1175.2000,78.0748,-1.1774,25.4634,2.1585
1175.3000,78.0825,-1.1766,25.4743,2.1592
1175.4000,78.0924,-1.1758,26.4709,2.2149
1175.5000,78.1048,-1.1751,27.6885,2.2828
1175.6000,78.1205,-1.1744,28.6685,2.3374
1175.7000,78.1376,-1.1736,29.5325,2.3855
1175.8000,78.1573,-1.1729,30.3371,2.4302
1175.9000,78.1781,-1.1722,30.5353,2.4414
1176.0000,78.1986,-1.1715,30.1324,2.4194
1176.1000,78.2173,-1.1708,29.5258,2.3861
1176.2000,78.2348,-1.1701,28.9420,2.3540
1176.3000,78.2505,-1.1694,27.3624,2.2665
1176.4000,78.2602,-1.1687,24.8826,2.1283
1176.5000,78.2639,-1.1680,22.3384,1.9858
1176.6000,78.2613,-1.1674,19.6610,1.8349
1176.7000,78.2520,-1.1667,17.1144,1.6905
1176.8000,78.2371,-1.1661,14.9012,1.5643
1176.9000,78.2171,-1.1654,13.0049,1.4556
1177.0000,78.1931,-1.1648,11.6277,1.3762
1177.1000,78.1666,-1.1642,10.8584,1.3317
1177.2000,78.1389,-1.1636,10.5011,1.3108
1177.3000,78.1107,-1.1630,10.7615,1.3254
1177.4000,78.0843,-1.1624,11.7898,1.3843
1177.5000,78.0612,-1.1618,13.6620,1.4914
1177.6000,78.0439,-1.1612,16.0816,1.6293
1177.7000,78.0325,-1.1607,18.0142,1.7389
1177.8000,78.0246,-1.1601,19.3979,1.8172
1177.9000,78.0199,-1.1596,20.3205,1.8692
1178.0000,78.0164,-1.1591,19.8971,1.8453
1178.1000,78.0096,-1.1586,18.5861,1.7711
1178.2000,77.9998,-1.1581,17.6469,1.7177
1178.3000,77.9885,-1.1576,17.5715,1.7133
1178.4000,77.9784,-1.1571,18.1185,1.7442
1178.5000,77.9697,-1.1566,18.7278,1.7786
1178.6000,77.9625,-1.1562,19.5652,1.8259
1178.7000,77.9579,-1.1557,20.5392,1.8808
1178.8000,77.9554,-1.1553,20.6645,1.8879
1178.9000,77.9513,-1.1548,19.9509,1.8476
1179.0000,77.9454,-1.1544,19.6217,1.8289
1179.1000,77.9398,-1.1540,19.5684,1.8258
1179.2000,77.9336,-1.1537,19.4814,1.8208
1179.3000,77.9275,-1.1533,19.5001,1.8218
1179.4000,77.9214,-1.1529,19.4800,1.8206
1179.5000,77.9153,-1.1526,18.8997,1.7877
1179.6000,77.9063,-1.1523,17.8794,1.7298
1179.7000,77.8953,-1.1519,16.5778,1.6557
1179.8000,77.8801,-1.1516,14.5138,1.5379
1179.9000,77.8590,-1.1513,11.9971,1.3935
1180.0000,77.8317,-1.1511,10.3753,1.2999
1180.1000,77.8028,-1.1508,9.6617,1.2584
1180.2000,77.7721,-1.1506,9.4402,1.2453
1180.3000,77.7423,-1.1503,10.2077,1.2892
1180.4000,77.7154,-1.1501,11.4937,1.3629
1180.5000,77.6920,-1.1499,12.0857,1.3967
1180.6000,77.6680,-1.1497,12.0350,1.3935
1180.7000,77.6444,-1.1495,12.0245,1.3926
1180.8000,77.6205,-1.1494,12.1166,1.3976
1180.9000,77.5974,-1.1492,13.0521,1.4510
1181.0000,77.5781,-1.1491,14.4089,1.5284
1181.1000,77.5617,-1.1490,15.2860,1.5782
1181.2000,77.5468,-1.1489,15.6637,1.5996
1181.3000,77.5322,-1.1488,15.8685,1.6111
1181.4000,77.5183,-1.1487,15.7625,1.6049
1181.5000,77.5033,-1.1487,15.7366,1.6032
1181.6000,77.4894,-1.1486,16.0040,1.6183
1181.7000,77.4757,-1.1486,16.0092,1.6184
1181.8000,77.4619,-1.1486,15.5169,1.5902
1181.9000,77.4459,-1.1486,14.3639,1.5242
1182.0000,77.4265,-1.1486,12.9473,1.4430
1182.1000,77.4036,-1.1487,11.8673,1.3807
1182.2000,77.3790,-1.1487,11.8462,1.3792
1182.3000,77.3562,-1.1488,13.3049,1.4626
1182.4000,77.3388,-1.1489,15.5798,1.5924
1182.5000,77.3272,-1.1490,18.0835,1.7345
1182.6000,77.3221,-1.1491,20.6397,1.8789
1182.7000,77.3230,-1.1493,22.6470,1.9918
1182.8000,77.3277,-1.1494,23.6117,2.0460
1182.9000,77.3333,-1.1496,23.8509,2.0594
1183.0000,77.3391,-1.1498,23.7131,2.0518
1183.1000,77.3440,-1.1500,23.6485,2.0482
1183.2000,77.3495,-1.1502,23.7365,2.0532
1183.3000,77.3549,-1.1505,23.8473,2.0595
1183.4000,77.3609,-1.1507,24.1598,2.0770
1183.5000,77.3678,-1.1510,24.7135,2.1081
1183.6000,77.3765,-1.1513,24.9649,2.1222
1183.7000,77.3845,-1.1516,24.7692,2.1114
1183.8000,77.3923,-1.1520,24.4542,2.0939
1183.9000,77.3988,-1.1523,23.6045,2.0464
1184.0000,77.4024,-1.1527,22.3870,1.9782
1184.1000,77.4030,-1.1531,21.1419,1.9082
1184.2000,77.4006,-1.1535,19.8010,1.8325
1184.3000,77.3946,-1.1539,18.7398,1.7725
1184.4000,77.3871,-1.1543,18.7669,1.7739
1184.5000,77.3813,-1.1548,19.1657,1.7964
1184.6000,77.3758,-1.1553,19.4960,1.8150
1184.7000,77.3717,-1.1557,19.9871,1.8427
1184.8000,77.3686,-1.1563,19.8406,1.8344
1184.9000,77.3638,-1.1568,19.3353,1.8058
1185.0000,77.3583,-1.1573,18.6995,1.7698
1185.1000,77.3505,-1.1579,17.7306,1.7148
1185.2000,77.3404,-1.1585,17.6471,1.7099
1185.3000,77.3322,-1.1591,18.7601,1.7729
1185.4000,77.3276,-1.1597,19.7006,1.8260
1185.5000,77.3241,-1.1604,20.6039,1.8769
1185.6000,77.3240,-1.1610,22.0351,1.9575
1185.7000,77.3275,-1.1617,22.7307,1.9966
1185.8000,77.3308,-1.1624,22.6087,1.9898
1185.9000,77.3338,-1.1631,22.9092,2.0067
1186.0000,77.3385,-1.1638,23.6657,2.0491
1186.1000,77.3452,-1.1646,24.2358,2.0811
1186.2000,77.3528,-1.1654,24.7815,2.1117
1186.3000,77.3622,-1.1662,25.4861,2.1511
1186.4000,77.3732,-1.1670,25.9647,2.1780
1186.5000,77.3850,-1.1678,26.2179,2.1922
1186.6000,77.3972,-1.1687,26.7739,2.2233
1186.7000,77.4117,-1.1695,27.4081,2.2588
1186.8000,77.4270,-1.1704,27.8001,2.2807
1186.9000,77.4433,-1.1713,28.0384,2.2941
1187.0000,77.4598,-1.1722,28.5716,2.3239
1187.1000,77.4787,-1.1732,29.1146,2.3542
1187.2000,77.4978,-1.1742,29.2883,2.3641
1187.3000,77.5176,-1.1751,29.3368,2.3670
1187.4000,77.5368,-1.1761,29.0666,2.3523
1187.5000,77.5553,-1.1772,27.9060,2.2882
1187.6000,77.5689,-1.1782,26.1766,2.1922
1187.7000,77.5789,-1.1793,24.9351,2.1230
1187.8000,77.5864,-1.1804,24.0181,2.0718
1187.9000,77.5920,-1.1815,23.2123,2.0268
1188.0000,77.5957,-1.1826,22.6678,1.9963
1188.1000,77.5987,-1.1837,22.1060,1.9647
1188.2000,77.5998,-1.1849,21.0235,1.9039
1188.3000,77.5975,-1.1861,19.9440,1.8430
1188.4000,77.5934,-1.1872,19.6020,1.8236
1188.5000,77.5896,-1.1885,19.8645,1.8384
1188.6000,77.5869,-1.1897,20.4318,1.8703
1188.7000,77.5860,-1.1910,20.9448,1.8993
1188.8000,77.5858,-1.1922,21.2217,1.9149
1188.9000,77.5863,-1.1935,21.2838,1.9184
1189.0000,77.5866,-1.1948,20.6759,1.8841
1189.1000,77.5842,-1.1962,19.6852,1.8282
1189.2000,77.5797,-1.1975,19.0387,1.7916
1189.3000,77.5743,-1.1989,18.1300,1.7401
1189.4000,77.5655,-1.2003,16.8599,1.6679
1189.5000,77.5541,-1.2017,16.4162,1.6425
1189.6000,77.5433,-1.2031,16.2716,1.6342
1189.7000,77.5313,-1.2045,15.6780,1.6002
1189.8000,77.5177,-1.2060,15.1865,1.5721
1189.9000,77.5035,-1.2075,14.8611,1.5533
1190.0000,77.4885,-1.2090,14.1017,1.5098
1190.1000,77.4707,-1.2105,13.3365,1.4658
1190.2000,77.4522,-1.2120,13.2365,1.4598
1190.3000,77.4341,-1.2136,13.7725,1.4903
1190.4000,77.4183,-1.2151,14.2774,1.5190
1190.5000,77.4029,-1.2167,14.5201,1.5327
1190.6000,77.3885,-1.2183,14.8086,1.5490
1190.7000,77.3746,-1.2199,15.1069,1.5658
1190.8000,77.3618,-1.2216,15.4497,1.5852
1190.9000,77.3498,-1.2232,15.2968,1.5764
1191.0000,77.3364,-1.2249,14.6851,1.5413
1191.1000,77.3216,-1.2266,13.9642,1.4999
1191.2000,77.3049,-1.2283,13.3393,1.4640
1191.3000,77.2871,-1.2300,12.8963,1.4384
1191.4000,77.2684,-1.2318,12.6843,1.4260
1191.5000,77.2499,-1.2335,13.0912,1.4491
1191.6000,77.2334,-1.2353,13.6528,1.4811
1191.7000,77.2177,-1.2371,13.4282,1.4681
1191.8000,77.2003,-1.2389,12.4325,1.4108
1191.9000,77.1800,-1.2407,11.9740,1.3843
1192.0000,77.1606,-1.2426,12.1588,1.3946
1192.1000,77.1413,-1.2444,12.5196,1.4151
1192.2000,77.1239,-1.2463,13.3879,1.4647
1192.3000,77.1091,-1.2482,14.6205,1.5350
1192.4000,77.0978,-1.2501,15.9193,1.6089
1192.5000,77.0896,-1.2521,17.0895,1.6753
1192.6000,77.0842,-1.2540,18.3660,1.7476
1192.7000,77.0824,-1.2560,20.2809,1.8558
1192.8000,77.0866,-1.2579,22.9450,2.0057
1192.9000,77.0979,-1.2599,25.5326,2.1505
1193.0000,77.1148,-1.2619,27.2726,2.2476
1193.1000,77.1348,-1.2639,28.0931,2.2934
1193.2000,77.1557,-1.2660,27.8165,2.2783
1193.3000,77.1743,-1.2680,26.2614,2.1921
1193.4000,77.1878,-1.2701,24.1854,2.0764
1193.5000,77.1963,-1.2722,22.7048,1.9935
1193.6000,77.2026,-1.2743,21.8691,1.9467
1193.7000,77.2071,-1.2764,21.3516,1.9176
1193.8000,77.2110,-1.2785,21.3186,1.9158
1193.9000,77.2155,-1.2807,21.3277,1.9164
1194.0000,77.2195,-1.2829,21.2451,1.9118
1194.1000,77.2237,-1.2850,21.6375,1.9339
1194.2000,77.2298,-1.2872,22.6246,1.9894
1194.3000,77.2390,-1.2894,23.7709,2.0538
1194.4000,77.2508,-1.2917,24.8546,2.1145
1194.5000,77.2654,-1.2939,25.7935,2.1671
1194.6000,77.2819,-1.2961,26.0329,2.1807
1194.7000,77.2977,-1.2984,25.7393,2.1645
1194.8000,77.3128,-1.3007,25.7941,2.1677
1194.9000,77.3290,-1.3030,26.4040,2.2019
1195.0000,77.3471,-1.3053,26.7882,2.2235
1195.1000,77.3652,-1.3076,27.0989,2.2410
1195.2000,77.3850,-1.3099,27.5111,2.2641
1195.3000,77.4052,-1.3123,27.4306,2.2599
1195.4000,77.4246,-1.3146,27.2086,2.2478
1195.5000,77.4438,-1.3170,27.5513,2.2671
1195.6000,77.4650,-1.3194,27.9245,2.2881
1195.7000,77.4860,-1.3218,28.1125,2.2988
1195.8000,77.5081,-1.3242,28.2809,2.3084
1195.9000,77.5301,-1.3267,28.4184,2.3163
1196.0000,77.5529,-1.3291,28.4190,2.3166
1196.1000,77.5749,-1.3315,28.2590,2.3080
1196.2000,77.5971,-1.3340,28.2605,2.3084
1196.3000,77.6191,-1.3365,27.9585,2.2919
1196.4000,77.6398,-1.3390,26.7435,2.2246
1196.5000,77.6560,-1.3415,25.1016,2.1333
1196.6000,77.6689,-1.3440,23.6617,2.0529
1196.7000,77.6782,-1.3465,21.8796,1.9530
1196.8000,77.6825,-1.3490,19.8898,1.8409
1196.9000,77.6823,-1.3516,18.3938,1.7563
1197.0000,77.6795,-1.3541,16.9632,1.6751
1197.1000,77.6725,-1.3567,15.4183,1.5871
1197.2000,77.6624,-1.3593,14.3603,1.5266
1197.3000,77.6505,-1.3619,13.9015,1.5002
1197.4000,77.6384,-1.3645,13.5917,1.4824
1197.5000,77.6252,-1.3671,13.4852,1.4761
1197.6000,77.6128,-1.3697,14.0827,1.5101
1197.7000,77.6028,-1.3723,14.7346,1.5473
1197.8000,77.5938,-1.3749,15.0821,1.5670
1197.9000,77.5856,-1.3776,15.2513,1.5765
1198.0000,77.5777,-1.3802,15.5150,1.5915
1198.1000,77.5710,-1.3828,15.7945,1.6073
1198.2000,77.5646,-1.3855,15.9700,1.6172
1198.3000,77.5590,-1.3882,16.3435,1.6384
1198.4000,77.5546,-1.3909,17.1542,1.6845
1198.5000,77.5532,-1.3935,18.3749,1.7537
1198.6000,77.5549,-1.3962,19.7814,1.8333
1198.7000,77.5605,-1.3989,21.6247,1.9372
1198.8000,77.5714,-1.4016,23.7750,2.0580
1198.9000,77.5876,-1.4043,25.6982,2.1657
1199.0000,77.6080,-1.4071,27.2924,2.2547
1199.1000,77.6320,-1.4098,28.8869,2.3435
1199.2000,77.6602,-1.4125,30.6885,2.4435
1199.3000,77.6930,-1.4153,32.5153,2.5445
1199.4000,77.7301,-1.4180,34.2340,2.6393
1199.5000,77.7713,-1.4207,35.5850,2.7138
1199.6000,77.8149,-1.4235,36.2777,2.7521
1199.7000,77.8593,-1.4263,35.7584,2.7243
1199.8000,77.9004,-1.4290,34.1598,2.6374
1199.9000,77.9371,-1.4318,32.5003,2.5467
