t_s,v_kmh,grade_pct,P_wheel_kW,fuel_g_per_s
6300.0000,47.4149,0.3395,15.0021,1.3526
6300.1000,47.4094,0.3394,14.5600,1.3277
6300.2000,47.4008,0.3394,13.8854,1.2897
6300.3000,47.3900,0.3394,13.4662,1.2660
6300.4000,47.3781,0.3393,13.4253,1.2635
6300.5000,47.3670,0.3393,13.2190,1.2518
6300.6000,47.3536,0.3392,12.7940,1.2277
6300.7000,47.3392,0.3392,12.5006,1.2109
6300.8000,47.3234,0.3391,11.9240,1.1781
6300.9000,47.3045,0.3391,11.0542,1.1286
6301.0000,47.2819,0.3390,10.2870,1.0847
6301.1000,47.2569,0.3390,9.6697,1.0493
6301.2000,47.2295,0.3389,9.0506,1.0137
6301.3000,47.1996,0.3389,8.7924,0.9986
6301.4000,47.1702,0.3388,8.7228,0.9943
6301.5000,47.1399,0.3387,8.6996,0.9926
6301.6000,47.1105,0.3387,8.9200,1.0049
6301.7000,47.0821,0.3386,9.2124,1.0213
6301.8000,47.0550,0.3385,9.3860,1.0309
6301.9000,47.0281,0.3384,9.6868,1.0477
6302.0000,47.0036,0.3384,9.9840,1.0644
6302.1000,46.9791,0.3383,9.9417,1.0617
6302.2000,46.9544,0.3382,9.7141,1.0485
6302.3000,46.9282,0.3381,9.3077,1.0250
6302.4000,46.9003,0.3380,8.7315,0.9918
6302.5000,46.8696,0.3380,8.3462,0.9694
6302.6000,46.8386,0.3379,8.3847,0.9712
6302.7000,46.8083,0.3378,8.6415,0.9856
6302.8000,46.7796,0.3377,9.1321,1.0133
6302.9000,46.7534,0.3376,9.8536,1.0542
6303.0000,46.7306,0.3375,10.8572,1.1110
6303.1000,46.7125,0.3374,11.9180,1.1709
6303.2000,46.6984,0.3373,12.9045,1.2264
6303.3000,46.6884,0.3372,14.1311,1.2953
6303.4000,46.6842,0.3371,15.3023,1.3609
6303.5000,46.6837,0.3369,16.1231,1.4068
6303.6000,46.6861,0.3368,16.9995,1.4557
6303.7000,46.6927,0.3367,18.0630,1.5148
6303.8000,46.7038,0.3366,19.0765,1.5711
6303.9000,46.7185,0.3365,19.9014,1.6168
6304.0000,46.7361,0.3364,20.6577,1.6586
6304.1000,46.7569,0.3362,21.6271,1.7121
6304.2000,46.7822,0.3361,22.8113,1.7772
6304.3000,46.8124,0.3360,24.1086,1.8483
6304.4000,46.8481,0.3358,25.4259,1.9203
6304.5000,46.8887,0.3357,26.2328,1.9645
6304.6000,46.9306,0.3356,26.1054,1.9582
6304.7000,46.9699,0.3354,25.4015,1.9205
6304.8000,47.0059,0.3353,24.3145,1.8620
6304.9000,47.0363,0.3351,23.1309,1.7979
6305.0000,47.0626,0.3350,22.2163,1.7482
6305.1000,47.0855,0.3348,21.6052,1.7150
6305.2000,47.1068,0.3347,21.1939,1.6926
6305.3000,47.1263,0.3345,20.7749,1.6698
6305.4000,47.1441,0.3343,20.1218,1.6341
6305.5000,47.1583,0.3342,19.2497,1.5861
6305.6000,47.1691,0.3340,18.6641,1.5538
6305.7000,47.1785,0.3338,18.2595,1.5315
6305.8000,47.1860,0.3337,17.8870,1.5109
6305.9000,47.1925,0.3335,17.8436,1.5086
6306.0000,47.1996,0.3333,17.8696,1.5101
6306.1000,47.2062,0.3331,17.4909,1.4891
6306.2000,47.2103,0.3329,17.1512,1.4703
6306.3000,47.2142,0.3327,16.9500,1.4591
6306.4000,47.2167,0.3326,16.6940,1.4449
6306.5000,47.2186,0.3324,16.8538,1.4538
6306.6000,47.2223,0.3322,17.2822,1.4777
6306.7000,47.2276,0.3320,17.8332,1.5084
6306.8000,47.2358,0.3318,18.4095,1.5405
6306.9000,47.2456,0.3316,18.7063,1.5571
6307.0000,47.2561,0.3314,18.6252,1.5527
6307.1000,47.2653,0.3311,18.5739,1.5500
6307.2000,47.2753,0.3309,18.4620,1.5439
6307.3000,47.2835,0.3307,18.2550,1.5325
6307.4000,47.2919,0.3305,18.2511,1.5324
6307.5000,47.3001,0.3303,18.5963,1.5516
6307.6000,47.3112,0.3300,19.1501,1.5824
6307.7000,47.3238,0.3298,19.4080,1.5968
6307.8000,47.3369,0.3296,19.5860,1.6068
6307.9000,47.3508,0.3294,19.7609,1.6167
6308.0000,47.3652,0.3291,19.6117,1.6086
6308.1000,47.3779,0.3289,19.1310,1.5822
6308.2000,47.3885,0.3286,18.5805,1.5518
6308.3000,47.3967,0.3284,18.0272,1.5212
6308.4000,47.4029,0.3281,17.5022,1.4921
6308.5000,47.4069,0.3279,16.8406,1.4553
6308.6000,47.4078,0.3276,16.0071,1.4088
6308.7000,47.4052,0.3274,15.1747,1.3622
6308.8000,47.3995,0.3271,14.5783,1.3286
6308.9000,47.3922,0.3268,14.4538,1.3216
6309.0000,47.3855,0.3266,14.7850,1.3401
6309.1000,47.3809,0.3263,15.3067,1.3693
6309.2000,47.3784,0.3260,15.7456,1.3938
6309.3000,47.3774,0.3257,15.7065,1.3916
6309.4000,47.3746,0.3255,15.4055,1.3747
6309.5000,47.3711,0.3252,15.4083,1.3748
6309.6000,47.3684,0.3249,15.6739,1.3897
6309.7000,47.3671,0.3246,15.8723,1.4008
6309.8000,47.3660,0.3243,16.0105,1.4085
6309.9000,47.3659,0.3240,15.9676,1.4061
6310.0000,47.3645,0.3237,15.5683,1.3837
6310.1000,47.3611,0.3234,14.9800,1.3507
6310.2000,47.3551,0.3231,14.6230,1.3306
6310.3000,47.3489,0.3228,14.6762,1.3335
6310.4000,47.3433,0.3225,14.6498,1.3320
6310.5000,47.3370,0.3222,14.7957,1.3401
6310.6000,47.3327,0.3218,15.1668,1.3609
6310.7000,47.3294,0.3215,15.5644,1.3831
6310.8000,47.3282,0.3212,16.0529,1.4104
6310.9000,47.3288,0.3209,16.7686,1.4504
6311.0000,47.3334,0.3205,17.5142,1.4919
6311.1000,47.3400,0.3202,18.2489,1.5328
6311.2000,47.3504,0.3199,19.1846,1.5848
6311.3000,47.3644,0.3195,20.0669,1.6337
6311.4000,47.3818,0.3192,20.6742,1.6674
6311.5000,47.4006,0.3188,20.9860,1.6848
6311.6000,47.4204,0.3185,21.1008,1.6914
6311.7000,47.4400,0.3181,21.0492,1.6888
6311.8000,47.4593,0.3178,20.8611,1.6786
6311.9000,47.4773,0.3174,7.3307,0.9179
6312.0000,47.3889,0.3170,-19.4586,0.0000
6312.1000,47.1938,0.3167,-46.0612,0.0000
6312.2000,46.8923,0.3163,-72.4118,0.0000
6312.3000,46.4832,0.3159,-98.2128,0.0000
6312.4000,45.9678,0.3156,-110.1893,0.0000
6312.5000,45.4524,0.3152,-109.0725,0.0000
6312.6000,44.9369,0.3148,-107.9517,0.0000
6312.7000,44.4215,0.3145,-106.8269,0.0000
6312.8000,43.9061,0.3141,-105.6982,0.0000
6312.9000,43.3907,0.3137,-104.5657,0.0000
6313.0000,42.8752,0.3134,-103.4293,0.0000
6313.1000,42.3598,0.3130,-102.2892,0.0000
6313.2000,41.8444,0.3127,-101.1454,0.0000
6313.3000,41.3290,0.3123,-99.9979,0.0000
6313.4000,40.8135,0.3119,-98.8467,0.0000
6313.5000,40.2981,0.3116,-97.6919,0.0000
6313.6000,39.7827,0.3112,-96.5336,0.0000
6313.7000,39.2673,0.3109,-95.3718,0.0000
6313.8000,38.7518,0.3105,-94.2065,0.0000
6313.9000,38.2364,0.3102,-93.0378,0.0000
6314.0000,37.7210,0.3099,-91.8658,0.0000
6314.1000,37.2056,0.3095,-90.6904,0.0000
6314.2000,36.6901,0.3092,-89.5117,0.0000
6314.3000,36.1747,0.3088,-88.3298,0.0000
6314.4000,35.6593,0.3085,-87.1447,0.0000
6314.5000,35.1439,0.3082,-85.9564,0.0000
6314.6000,34.6284,0.3079,-84.7651,0.0000
6314.7000,34.1130,0.3075,-83.5707,0.0000
6314.8000,33.5976,0.3072,-82.3732,0.0000
6314.9000,33.0822,0.3069,-81.1728,0.0000
6315.0000,32.5667,0.3066,-79.9695,0.0000
6315.1000,32.0513,0.3063,-78.7633,0.0000
6315.2000,31.5359,0.3060,-77.5542,0.0000
6315.3000,31.0204,0.3057,-76.3424,0.0000
6315.4000,30.5050,0.3054,-75.1278,0.0000
6315.5000,29.9896,0.3051,-73.9105,0.0000
6315.6000,29.4742,0.3048,-72.6906,0.0000
6315.7000,28.9587,0.3045,-71.4680,0.0000
6315.8000,28.4433,0.3042,-70.2429,0.0000
6315.9000,27.9279,0.3039,-69.0153,0.0000
6316.0000,27.4125,0.3036,-67.7851,0.0000
6316.1000,26.8970,0.3034,-66.5526,0.0000
6316.2000,26.3816,0.3031,-65.3177,0.0000
6316.3000,25.8662,0.3028,-64.0804,0.0000
6316.4000,25.3508,0.3026,-62.8408,0.0000
6316.5000,24.8353,0.3023,-61.5990,0.0000
6316.6000,24.3199,0.3021,-60.3550,0.0000
6316.7000,23.8045,0.3018,-59.1088,0.0000
6316.8000,23.2891,0.3016,-57.8605,0.0000
6316.9000,22.7736,0.3013,-56.6101,0.0000
6317.0000,22.2582,0.3011,-55.3577,0.0000
6317.1000,21.7428,0.3009,-54.1034,0.0000
6317.2000,21.2274,0.3006,-52.8471,0.0000
6317.3000,20.7119,0.3004,-51.5889,0.0000
6317.4000,20.1965,0.3002,-50.3289,0.0000
6317.5000,19.6811,0.3000,-49.0670,0.2778
6317.6000,19.1657,0.2998,-47.8035,0.2778
6317.7000,18.6502,0.2996,-46.5382,0.2778
6317.8000,18.1348,0.2994,-45.2712,0.2778
6317.9000,17.6194,0.2992,-44.0027,0.2778
6318.0000,17.1040,0.2990,-42.7326,0.2778
6318.1000,16.5885,0.2988,-41.4609,0.2778
6318.2000,16.0731,0.2987,-40.1878,0.2778
6318.3000,15.5577,0.2985,-38.9133,0.2778
6318.4000,15.0423,0.2983,-37.6373,0.2778
6318.5000,14.5268,0.2982,-36.3601,0.2778
6318.6000,14.0114,0.2980,-35.0815,0.2778
6318.7000,13.4960,0.2979,-33.8017,0.2778
6318.8000,12.9806,0.2977,-32.5207,0.2778
6318.9000,12.4651,0.2976,-31.2385,0.2778
6319.0000,11.9497,0.2974,-29.9552,0.2778
6319.1000,11.4343,0.2973,-28.6709,0.2778
6319.2000,10.9188,0.2972,-27.3855,0.2778
6319.3000,10.4034,0.2971,-26.0992,0.2778
6319.4000,9.8880,0.2970,-24.8119,0.2778
6319.5000,9.3726,0.2969,-23.5237,0.2778
6319.6000,8.8571,0.2968,-22.2347,0.2778
6319.7000,8.3417,0.2967,-20.9450,0.2778
6319.8000,7.8263,0.2966,-19.6545,0.2778
6319.9000,7.3109,0.2965,-18.3632,0.2778
6320.0000,6.7954,0.2964,-17.0714,0.2778
6320.1000,6.2800,0.2963,-15.1263,0.2778
6320.2000,5.8038,0.2963,-12.7154,0.2778
6320.3000,5.3708,0.2962,-10.4895,0.2778
6320.4000,4.9845,0.2961,-8.4563,0.2778
6320.5000,4.6484,0.2961,-6.6116,0.2778
6320.6000,4.3657,0.2960,-5.3940,0.2778
6320.7000,4.1002,0.2960,-4.7045,0.2778
6320.8000,3.8508,0.2960,-4.0995,0.2778
6320.9000,3.6167,0.2959,-3.5690,0.2778
6321.0000,3.3967,0.2959,-3.1038,0.2778
6321.1000,3.1901,0.2958,-2.6962,0.2778
6321.2000,2.9961,0.2958,-2.3392,0.2778
6321.3000,2.8139,0.2958,-2.0266,0.2778
6321.4000,2.6428,0.2957,-1.7531,0.2778
6321.5000,2.4821,0.2957,-1.5140,0.2778
6321.6000,2.3311,0.2957,-1.3050,0.2778
6321.7000,2.1894,0.2957,-1.1225,0.2778
6321.8000,2.0562,0.2956,-0.9633,0.2778
6321.9000,1.9312,0.2956,-0.8245,0.2778
6322.0000,1.8137,0.2956,-0.7035,0.2778
6322.1000,1.7034,0.2956,-0.5983,0.2778
6322.2000,1.5998,0.2956,-0.5069,0.2778
6322.3000,1.5026,0.2955,-0.4275,0.2778
6322.4000,1.4112,0.2955,-0.3586,0.2778
6322.5000,1.3254,0.2955,-0.2990,0.2778
6322.6000,1.2448,0.2955,-0.2475,0.2778
6322.7000,1.1691,0.2955,-0.2030,0.2778
6322.8000,1.0980,0.2955,-0.1647,0.2778
6322.9000,1.0312,0.2954,-0.1318,0.2778
6323.0000,0.9685,0.2954,-0.1036,0.2778
6323.1000,0.9096,0.2954,-0.0795,0.2778
6323.2000,0.8543,0.2954,-0.0590,0.2778
6323.3000,0.8023,0.2954,-0.0415,0.2778
6323.4000,0.7535,0.2954,-0.0268,0.2778
6323.5000,0.7077,0.2954,-0.0144,0.2778
6323.6000,0.6647,0.2954,-0.0040,0.2778
6323.7000,0.6242,0.2954,0.0046,0.6544
6323.8000,0.5863,0.2954,0.0118,0.6544
6323.9000,0.5506,0.2954,0.0176,0.6544
6324.0000,0.5171,0.2954,0.0223,0.6544
6324.1000,0.4857,0.2954,0.0260,0.2778
6324.2000,0.4562,0.2953,0.0289,0.2778
6324.3000,0.4284,0.2953,0.0311,0.2778
6324.4000,0.4024,0.2953,0.0327,0.2778
6324.5000,0.3779,0.2953,0.0338,0.2778
6324.6000,0.3549,0.2953,0.0344,0.2778
6324.7000,0.3333,0.2953,0.0347,0.2778
6324.8000,0.3131,0.2953,0.0347,0.2778
6324.9000,0.2940,0.2953,0.0345,0.2778
6325.0000,0.2761,0.2953,0.0340,0.2778
6325.1000,0.2593,0.2953,0.0334,0.2778
6325.2000,0.2436,0.2953,0.0326,0.2778
6325.3000,0.2288,0.2953,0.0318,0.2778
6325.4000,0.2148,0.2953,0.0308,0.2778
6325.5000,0.2018,0.2953,-0.0714,0.2778
6325.6000,0.0000,0.2953,-0.0000,0.2778
6325.7000,0.0000,0.2953,0.0000,0.2778
6325.8000,0.0000,0.2953,0.0000,0.2778
6325.9000,0.0000,0.2953,0.0000,0.2778
6326.0000,0.0000,0.2953,0.0000,0.2778
6326.1000,0.0000,0.2953,0.0000,0.2778
6326.2000,0.0000,0.2953,0.0000,0.2778
6326.3000,0.0000,0.2953,0.0000,0.2778
6326.4000,0.0000,0.2953,0.0000,0.2778
6326.5000,0.0000,0.2953,0.0000,0.2778
6326.6000,0.0000,0.2953,0.0000,0.2778
6326.7000,0.0000,0.2953,0.0000,0.2778
6326.8000,0.0000,0.2953,0.0000,0.2778
6326.9000,0.0000,0.2953,0.0000,0.2778
6327.0000,0.0000,0.2953,0.0000,0.2778
6327.1000,0.0000,0.2953,0.0000,0.2778
6327.2000,0.0000,0.2953,0.0000,0.2778
6327.3000,0.0000,0.2953,0.0000,0.2778
6327.4000,0.0000,0.2953,0.0000,0.2778
6327.5000,0.0000,0.2953,0.0000,0.2778
6327.6000,0.0000,0.2953,0.0000,0.2778
6327.7000,0.0000,0.2953,0.0000,0.2778
6327.8000,0.0000,0.2953,0.0000,0.2778
6327.9000,0.0000,0.2953,0.0000,0.2778
6328.0000,0.0000,0.2953,0.0000,0.2778
6328.1000,0.0000,0.2953,0.0000,0.2778
6328.2000,0.0000,0.2953,0.0000,0.2778
6328.3000,0.0000,0.2953,0.0000,0.2778
6328.4000,0.0000,0.2953,0.0000,0.2778
6328.5000,0.0000,0.2953,0.0000,0.2778
6328.6000,0.0000,0.2953,0.0000,0.2778
6328.7000,0.0000,0.2953,0.0000,0.2778
6328.8000,0.0000,0.2953,0.0000,0.2778
6328.9000,0.0000,0.2953,0.0000,0.2778
6329.0000,0.0000,0.2953,0.0000,0.2778
6329.1000,0.0000,0.2953,0.0000,0.2778
6329.2000,0.0000,0.2953,0.0000,0.2778
6329.3000,0.0000,0.2953,0.0000,0.2778
6329.4000,0.0000,0.2953,0.0000,0.2778
6329.5000,0.0000,0.2953,0.0000,0.2778
6329.6000,0.0000,0.2953,0.0000,0.2778
6329.7000,0.0000,0.2953,0.0000,0.2778
6329.8000,0.0000,0.2953,0.0000,0.2778
6329.9000,0.0000,0.2953,0.0000,0.2778
6330.0000,0.0000,0.2953,0.0000,0.2778
6330.1000,0.0000,0.2953,0.0000,0.2778
6330.2000,0.0000,0.2953,0.0000,0.2778
6330.3000,0.0000,0.2953,0.0000,0.2778
6330.4000,0.0000,0.2953,0.0000,0.2778
6330.5000,0.0000,0.2953,0.0000,0.2778
6330.6000,0.0000,0.2953,0.0000,0.2778
6330.7000,0.0000,0.2953,0.0000,0.2778
6330.8000,0.0000,0.2953,0.0000,0.2778
6330.9000,0.0000,0.2953,0.0000,0.2778
6331.0000,0.0000,0.2953,0.0000,0.2778
6331.1000,0.0000,0.2953,0.0000,0.2778
6331.2000,0.0000,0.2953,0.0000,0.2778
6331.3000,0.0000,0.2953,0.0000,0.2778
6331.4000,0.0000,0.2953,0.0000,0.2778
6331.5000,0.0000,0.2953,0.0000,0.2778
6331.6000,0.0000,0.2953,0.0000,0.2778
6331.7000,0.0000,0.2953,0.0000,0.2778
6331.8000,0.0000,0.2953,0.0000,0.2778
6331.9000,0.0000,0.2953,0.0000,0.2778
6332.0000,0.0000,0.2953,0.0000,0.2778
6332.1000,0.0000,0.2953,0.0000,0.2778
6332.2000,0.0000,0.2953,0.0000,0.2778
6332.3000,0.0000,0.2953,0.0000,0.2778
6332.4000,0.0000,0.2953,0.0000,0.2778
6332.5000,0.0000,0.2953,0.0000,0.2778
6332.6000,0.0000,0.2953,0.0000,0.2778
6332.7000,0.0000,0.2953,0.0000,0.2778
6332.8000,0.0000,0.2953,0.0000,0.2778
6332.9000,0.0000,0.2953,0.0000,0.2778
6333.0000,0.0000,0.2953,0.0000,0.2778
6333.1000,0.0000,0.2953,0.0000,0.2778
6333.2000,0.0000,0.2953,0.0000,0.2778
6333.3000,0.0000,0.2953,0.0000,0.2778
6333.4000,0.0000,0.2953,0.0000,0.2778
6333.5000,0.0000,0.2953,0.0000,0.2778
6333.6000,0.0000,0.2953,0.0000,0.2778
6333.7000,0.0000,0.2953,0.0000,0.2778
6333.8000,0.0000,0.2953,0.0000,0.2778
6333.9000,0.0000,0.2953,0.0000,0.2778
6334.0000,0.0000,0.2953,0.0000,0.2778
6334.1000,0.0000,0.2953,0.0000,0.2778
6334.2000,0.0000,0.2953,0.0000,0.2778
6334.3000,0.0000,0.2953,0.0000,0.2778
6334.4000,0.0000,0.2953,0.0000,0.2778
6334.5000,0.0000,0.2953,0.0000,0.2778
6334.6000,0.0000,0.2953,0.0000,0.2778
6334.7000,0.0000,0.2953,0.0000,0.2778
6334.8000,0.0000,0.2953,0.0000,0.2778
6334.9000,0.0000,0.2953,0.0000,0.2778
6335.0000,0.0000,0.2953,0.0000,0.2778
6335.1000,0.0000,0.2953,0.0000,0.2778
6335.2000,0.0000,0.2953,0.0000,0.2778
6335.3000,0.0000,0.2953,0.0000,0.2778
6335.4000,0.0000,0.2953,0.0000,0.2778
6335.5000,0.0000,0.2953,0.0000,0.2778
6335.6000,0.0000,0.2953,0.0000,0.2778
6335.7000,0.0000,0.2953,0.0000,0.2778
6335.8000,0.0000,0.2953,0.0000,0.2778
6335.9000,0.0000,0.2953,0.0000,0.2778
6336.0000,0.0000,0.2953,0.0000,0.2778
6336.1000,0.0000,0.2953,0.0000,0.2778
6336.2000,0.0000,0.2953,0.0000,0.2778
6336.3000,0.0000,0.2953,0.0000,0.2778
6336.4000,0.0000,0.2953,0.0000,0.2778
6336.5000,0.0000,0.2953,0.0000,0.2778
6336.6000,0.0000,0.2953,0.0000,0.2778
6336.7000,0.0000,0.2953,0.0000,0.2778
6336.8000,0.0000,0.2953,0.0000,0.2778
6336.9000,0.0000,0.2953,0.0000,0.2778
6337.0000,0.0000,0.2953,0.0000,0.2778
6337.1000,0.0000,0.2953,0.0000,0.2778
6337.2000,0.0000,0.2953,0.0000,0.2778
6337.3000,0.0000,0.2953,0.0000,0.2778
6337.4000,0.0000,0.2953,0.0000,0.2778
6337.5000,0.0000,0.2953,0.0000,0.2778
6337.6000,0.0000,0.2953,0.0000,0.2778
6337.7000,0.0000,0.2953,0.0000,0.2778
6337.8000,0.0000,0.2953,0.0000,0.2778
6337.9000,0.0000,0.2953,0.0000,0.2778
6338.0000,0.0000,0.2953,0.0000,0.2778
6338.1000,0.0000,0.2953,0.0000,0.2778
6338.2000,0.0000,0.2953,0.0000,0.2778
6338.3000,0.0000,0.2953,0.0000,0.2778
6338.4000,0.0000,0.2953,0.0000,0.2778
6338.5000,0.0000,0.2953,0.0000,0.2778
6338.6000,0.0000,0.2953,0.0000,0.2778
6338.7000,0.0000,0.2953,0.0000,0.2778
6338.8000,0.0000,0.2953,0.0000,0.2778
6338.9000,0.0000,0.2953,0.0000,0.2778
6339.0000,0.0000,0.2953,0.0000,0.2778
6339.1000,0.0000,0.2953,0.0000,0.2778
6339.2000,0.0000,0.2953,0.0000,0.2778
6339.3000,0.0000,0.2953,0.0000,0.2778
6339.4000,0.0000,0.2953,0.0000,0.2778
6339.5000,0.0000,0.2953,0.0000,0.2778
6339.6000,0.0000,0.2953,0.0000,0.2778
6339.7000,0.0000,0.2953,0.0000,0.2778
6339.8000,0.0000,0.2953,0.0000,0.2778
6339.9000,0.0000,0.2953,0.0000,0.2778
6340.0000,0.0000,0.2953,0.0000,0.2778
6340.1000,0.0000,0.2953,0.0000,0.2778
6340.2000,0.0000,0.2953,0.0000,0.2778
6340.3000,0.0000,0.2953,0.0000,0.2778
6340.4000,0.0000,0.2953,0.0000,0.2778
6340.5000,0.0000,0.2953,0.0000,0.2778
6340.6000,0.0000,0.2953,0.0000,0.2778
6340.7000,0.0000,0.2953,0.0000,0.2778
6340.8000,0.0000,0.2953,0.0000,0.2778
6340.9000,0.0000,0.2953,0.0000,0.2778
6341.0000,0.0000,0.2953,0.0000,0.2778
6341.1000,0.0000,0.2953,0.0000,0.2778
6341.2000,0.0000,0.2953,0.0000,0.2778
6341.3000,0.0000,0.2953,0.0000,0.2778
6341.4000,0.0000,0.2953,0.0000,0.2778
6341.5000,0.0000,0.2953,0.0000,0.2778
6341.6000,0.0000,0.2953,0.0000,0.2778
6341.7000,0.0000,0.2953,0.0000,0.2778
6341.8000,0.0000,0.2953,0.0000,0.2778
6341.9000,0.0000,0.2953,0.0000,0.2778
6342.0000,0.0000,0.2953,0.0000,0.2778
6342.1000,0.0000,0.2953,0.0000,0.2778
6342.2000,0.0000,0.2953,0.0000,0.2778
6342.3000,0.0000,0.2953,0.0000,0.2778
6342.4000,0.0000,0.2953,0.0000,0.2778
6342.5000,0.0000,0.2953,0.0000,0.2778
6342.6000,0.0000,0.2953,0.0000,0.2778
6342.7000,0.0000,0.2953,0.0000,0.2778
6342.8000,0.0000,0.2953,0.0000,0.2778
6342.9000,0.0000,0.2953,0.0000,0.2778
6343.0000,0.0000,0.2953,0.0000,0.2778
6343.1000,0.0000,0.2953,0.0000,0.2778
6343.2000,0.0000,0.2953,0.0000,0.2778
6343.3000,0.0000,0.2953,0.0000,0.2778
6343.4000,0.0000,0.2953,0.0000,0.2778
6343.5000,0.0000,0.2953,0.0000,0.2778
6343.6000,0.0000,0.2953,0.0000,0.2778
6343.7000,0.0000,0.2953,0.0000,0.2778
6343.8000,0.0000,0.2953,0.0000,0.2778
6343.9000,0.0000,0.2953,0.0000,0.2778
6344.0000,0.0000,0.2953,0.0000,0.2778
6344.1000,0.0000,0.2953,0.0000,0.2778
6344.2000,0.0000,0.2953,0.0000,0.2778
6344.3000,0.0000,0.2953,0.0000,0.2778
6344.4000,0.0000,0.2953,0.0000,0.2778
6344.5000,0.0000,0.2953,0.0000,0.2778
6344.6000,0.0000,0.2953,0.0000,0.2778
6344.7000,0.0000,0.2953,0.0000,0.2778
6344.8000,0.0000,0.2953,0.0000,0.2778
6344.9000,0.0000,0.2953,0.0000,0.2778
6345.0000,0.0000,0.2953,0.0000,0.2778
6345.1000,0.0000,0.2953,0.0000,0.2778
6345.2000,0.0000,0.2953,0.0000,0.2778
6345.3000,0.0000,0.2953,0.0000,0.2778
6345.4000,0.0000,0.2953,0.0000,0.2778
6345.5000,0.0000,0.2953,0.0000,0.2778
6345.6000,0.0000,0.2953,0.0000,0.2778
6345.7000,0.0000,0.2953,0.0000,0.2778
6345.8000,0.0000,0.2953,0.0000,0.2778
6345.9000,0.0000,0.2953,0.0000,0.2778
6346.0000,0.0000,0.2953,0.0000,0.2778
6346.1000,0.0000,0.2953,0.0000,0.2778
6346.2000,0.0000,0.2953,0.0000,0.2778
6346.3000,0.0000,0.2953,0.0000,0.2778
6346.4000,0.0000,0.2953,0.0000,0.2778
6346.5000,0.0000,0.2953,0.0000,0.2778
6346.6000,0.0000,0.2953,0.0000,0.2778
6346.7000,0.0000,0.2953,0.0000,0.2778
6346.8000,0.0000,0.2953,0.0000,0.2778
6346.9000,0.0000,0.2953,0.0000,0.2778
6347.0000,0.0000,0.2953,0.0000,0.2778
6347.1000,0.0000,0.2953,0.0000,0.2778
6347.2000,0.0000,0.2953,0.0000,0.2778
6347.3000,0.0000,0.2953,0.0000,0.2778
6347.4000,0.0000,0.2953,0.0000,0.2778
6347.5000,0.0000,0.2953,0.0000,0.2778
6347.6000,0.0000,0.2953,0.0000,0.2778
6347.7000,0.0000,0.2953,0.0000,0.2778
6347.8000,0.0000,0.2953,0.0000,0.2778
6347.9000,0.0000,0.2953,0.0000,0.2778
6348.0000,0.0000,0.2953,0.0000,0.2778
6348.1000,0.0000,0.2953,0.0000,0.2778
6348.2000,0.0000,0.2953,0.0000,0.2778
6348.3000,0.0000,0.2953,0.0000,0.2778
6348.4000,0.0000,0.2953,0.0000,0.2778
6348.5000,0.0000,0.2953,0.0000,0.2778
6348.6000,0.0000,0.2953,0.0000,0.2778
6348.7000,0.0000,0.2953,0.0000,0.2778
6348.8000,0.0000,0.2953,0.0000,0.2778
6348.9000,0.0000,0.2953,0.0000,0.2778
6349.0000,0.0000,0.2953,0.0000,0.2778
6349.1000,0.0000,0.2953,0.0000,0.2778
6349.2000,0.0000,0.2953,0.0000,0.2778
6349.3000,0.0000,0.2953,0.0000,0.2778
6349.4000,0.0000,0.2953,0.0000,0.2778
6349.5000,0.0000,0.2953,0.0000,0.2778
6349.6000,0.0000,0.2953,0.0000,0.2778
6349.7000,0.0000,0.2953,0.0000,0.2778
6349.8000,0.0000,0.2953,0.0000,0.2778
6349.9000,0.0000,0.2953,0.0000,0.2778
6350.0000,0.0000,0.2953,0.0000,0.2778
6350.1000,0.0000,0.2953,0.0000,0.2778
6350.2000,0.0000,0.2953,0.0000,0.2778
6350.3000,0.0000,0.2953,0.0000,0.2778
6350.4000,0.0000,0.2953,0.0000,0.2778
6350.5000,0.0000,0.2953,0.0000,0.2778
6350.6000,0.0000,0.2953,0.0000,0.2778
6350.7000,0.0000,0.2953,0.0000,0.2778
6350.8000,0.0000,0.2953,0.0000,0.2778
6350.9000,0.0000,0.2953,0.0000,0.2778
6351.0000,0.0000,0.2953,0.0000,0.2778
6351.1000,0.0000,0.2953,0.0000,0.2778
6351.2000,0.0000,0.2953,0.0000,0.2778
6351.3000,0.0000,0.2953,0.0000,0.2778
6351.4000,0.0000,0.2953,0.0000,0.2778
6351.5000,0.0000,0.2953,0.0000,0.2778
6351.6000,0.0000,0.2953,0.0000,0.2778
6351.7000,0.0000,0.2953,0.0000,0.2778
6351.8000,0.0000,0.2953,0.0000,0.2778
6351.9000,0.0000,0.2953,0.0000,0.2778
6352.0000,0.0000,0.2953,0.0000,0.2778
6352.1000,0.0000,0.2953,0.0000,0.2778
6352.2000,0.0000,0.2953,0.0000,0.2778
6352.3000,0.0000,0.2953,0.0000,0.2778
6352.4000,0.0000,0.2953,0.0000,0.2778
6352.5000,0.0000,0.2953,0.0000,0.2778
6352.6000,0.0000,0.2953,0.0000,0.2778
6352.7000,0.0000,0.2953,0.0000,0.2778
6352.8000,0.0000,0.2953,0.0000,0.2778
6352.9000,0.0000,0.2953,0.0000,0.2778
6353.0000,0.0000,0.2953,0.0000,0.2778
6353.1000,0.0000,0.2953,0.0000,0.2778
6353.2000,0.0000,0.2953,0.0000,0.2778
6353.3000,0.0000,0.2953,0.0000,0.2778
6353.4000,0.0000,0.2953,0.0000,0.2778
6353.5000,0.0000,0.2953,0.0000,0.2778
6353.6000,0.0000,0.2953,0.0000,0.2778
6353.7000,0.0000,0.2953,0.0000,0.2778
6353.8000,0.0000,0.2953,0.0000,0.2778
6353.9000,0.0000,0.2953,0.0000,0.2778
6354.0000,0.0000,0.2953,0.0000,0.2778
6354.1000,0.0000,0.2953,0.0000,0.2778
6354.2000,0.0000,0.2953,0.0000,0.2778
6354.3000,0.0000,0.2953,0.0000,0.2778
6354.4000,0.0000,0.2953,0.0000,0.2778
6354.5000,0.0000,0.2953,0.0000,0.2778
6354.6000,0.0000,0.2953,0.0000,0.2778
6354.7000,0.0000,0.2953,0.0000,0.2778
6354.8000,0.0000,0.2953,0.0000,0.2778
6354.9000,0.0000,0.2953,0.0000,0.2778
6355.0000,0.0000,0.2953,0.0000,0.2778
6355.1000,0.0000,0.2953,0.0000,0.2778
6355.2000,0.0000,0.2953,0.0000,0.2778
6355.3000,0.0000,0.2953,0.0000,0.2778
6355.4000,0.0000,0.2953,0.0000,0.2778
6355.5000,0.0000,0.2953,0.0000,0.2778
6355.6000,0.0000,0.2953,0.0000,0.2778
6355.7000,0.0000,0.2953,0.0000,0.2778
6355.8000,0.0000,0.2953,0.0000,0.2778
6355.9000,0.0000,0.2953,0.0000,0.2778
6356.0000,0.0000,0.2953,0.0000,0.2778
6356.1000,0.0000,0.2953,0.0000,0.2778
6356.2000,0.0000,0.2953,0.0000,0.2778
6356.3000,0.0000,0.2953,0.0000,0.2778
6356.4000,0.0000,0.2953,0.0000,0.2778
6356.5000,0.0000,0.2953,0.0000,0.2778
6356.6000,0.0000,0.2953,0.0000,0.2778
6356.7000,0.0000,0.2953,0.0000,0.2778
6356.8000,0.0000,0.2953,0.0000,0.2778
6356.9000,0.0000,0.2953,0.0000,0.2778
6357.0000,0.0000,0.2953,0.0000,0.2778
6357.1000,0.0000,0.2953,0.0000,0.2778
6357.2000,0.0000,0.2953,0.0000,0.2778
6357.3000,0.0000,0.2953,0.0000,0.2778
6357.4000,0.0000,0.2953,0.0000,0.2778
6357.5000,0.0000,0.2953,0.0000,0.2778
6357.6000,0.0000,0.2953,0.0000,0.2778
6357.7000,0.0000,0.2953,0.0000,0.2778
6357.8000,0.0000,0.2953,0.0000,0.2778
6357.9000,0.0000,0.2953,0.0000,0.2778
6358.0000,0.0000,0.2953,0.0000,0.2778
6358.1000,0.0000,0.2953,0.0000,0.2778
6358.2000,0.0000,0.2953,0.0000,0.2778
6358.3000,0.0000,0.2953,0.0000,0.2778
6358.4000,0.0000,0.2953,0.0000,0.2778
6358.5000,0.0000,0.2953,0.0000,0.2778
6358.6000,0.0000,0.2953,0.0000,0.2778
6358.7000,0.0000,0.2953,0.0000,0.2778
6358.8000,0.0000,0.2953,0.0000,0.2778
6358.9000,0.0000,0.2953,0.0000,0.2778
6359.0000,0.0000,0.2953,0.0000,0.2778
6359.1000,0.0000,0.2953,0.0000,0.2778
6359.2000,0.0000,0.2953,0.0000,0.2778
6359.3000,0.0000,0.2953,0.0000,0.2778
6359.4000,0.0000,0.2953,0.0000,0.2778
6359.5000,0.0000,0.2953,0.0000,0.2778
6359.6000,0.0000,0.2953,0.0000,0.2778
6359.7000,0.0000,0.2953,0.0000,0.2778
6359.8000,0.0000,0.2953,0.0000,0.2778
6359.9000,0.0000,0.2953,0.0000,0.2778
6360.0000,0.0000,0.2953,0.0000,0.2778
6360.1000,0.0000,0.2953,0.0000,0.2778
6360.2000,0.0000,0.2953,0.0000,0.2778
6360.3000,0.0000,0.2953,0.0000,0.2778
6360.4000,0.0000,0.2953,0.0000,0.2778
6360.5000,0.0000,0.2953,0.0000,0.2778
6360.6000,0.0000,0.2953,0.0000,0.2778
6360.7000,0.0000,0.2953,0.0000,0.2778
6360.8000,0.0000,0.2953,0.0000,0.2778
6360.9000,0.0000,0.2953,0.0000,0.2778
6361.0000,0.0000,0.2953,0.0000,0.2778
6361.1000,0.0000,0.2953,0.0000,0.2778
6361.2000,0.0000,0.2953,0.0000,0.2778
6361.3000,0.0000,0.2953,0.0000,0.2778
6361.4000,0.0000,0.2953,0.0000,0.2778
6361.5000,0.0000,0.2953,0.0000,0.2778
6361.6000,0.0000,0.2953,0.0000,0.2778
6361.7000,0.0000,0.2953,0.0000,0.2778
6361.8000,0.0000,0.2953,0.0000,0.2778
6361.9000,0.0000,0.2953,0.0000,0.2778
6362.0000,0.0000,0.2953,0.0000,0.2778
6362.1000,0.0000,0.2953,0.0000,0.2778
6362.2000,0.0000,0.2953,0.0000,0.2778
6362.3000,0.0000,0.2953,0.0000,0.2778
6362.4000,0.0000,0.2953,0.0000,0.2778
6362.5000,0.0000,0.2953,0.0000,0.2778
6362.6000,0.0000,0.2953,0.0000,0.2778
6362.7000,0.0000,0.2953,0.0000,0.2778
6362.8000,0.0000,0.2953,0.0000,0.2778
6362.9000,0.0000,0.2953,0.0000,0.2778
6363.0000,0.0000,0.2953,0.0000,0.2778
6363.1000,0.0000,0.2953,0.0000,0.2778
6363.2000,0.0000,0.2953,0.0000,0.2778
6363.3000,0.0000,0.2953,0.0000,0.2778
6363.4000,0.0000,0.2953,0.0000,0.2778
6363.5000,0.0000,0.2953,0.0000,0.2778
6363.6000,0.0000,0.2953,0.0000,0.2778
6363.7000,0.0000,0.2953,0.0000,0.2778
6363.8000,0.0000,0.2953,0.0000,0.2778
6363.9000,0.0000,0.2953,0.0000,0.2778
6364.0000,0.0000,0.2953,0.0000,0.2778
6364.1000,0.0000,0.2953,0.0000,0.2778
6364.2000,0.0000,0.2953,0.0000,0.2778
6364.3000,0.0000,0.2953,0.0000,0.2778
6364.4000,0.0000,0.2953,0.0000,0.2778
6364.5000,0.0000,0.2953,0.0000,0.2778
6364.6000,0.0000,0.2953,0.0000,0.2778
6364.7000,0.0000,0.2953,0.0000,0.2778
6364.8000,0.0000,0.2953,0.0000,0.2778
6364.9000,0.0000,0.2953,0.0000,0.2778
6365.0000,0.0000,0.2953,0.0000,0.2778
6365.1000,0.0000,0.2953,0.0000,0.2778
6365.2000,0.0000,0.2953,0.0000,0.2778
6365.3000,0.0000,0.2953,0.0000,0.2778
6365.4000,0.0000,0.2953,0.0000,0.2778
6365.5000,0.0000,0.2953,0.0000,0.2778
6365.6000,0.0000,0.2953,0.0000,0.2778
6365.7000,0.0000,0.2953,0.0000,0.2778
6365.8000,0.0000,0.2953,0.0000,0.2778
6365.9000,0.0000,0.2953,0.0000,0.2778
6366.0000,0.0000,0.2953,0.0000,0.2778
6366.1000,0.0000,0.2953,0.0000,0.2778
6366.2000,0.0000,0.2953,0.0000,0.2778
6366.3000,0.0000,0.2953,0.0000,0.2778
6366.4000,0.0000,0.2953,0.0000,0.2778
6366.5000,0.0000,0.2953,0.0000,0.2778
6366.6000,0.0000,0.2953,0.0000,0.2778
6366.7000,0.0000,0.2953,0.0000,0.2778
6366.8000,0.0000,0.2953,0.0000,0.2778
6366.9000,0.0000,0.2953,0.0000,0.2778
6367.0000,0.0000,0.2953,0.0000,0.2778
6367.1000,0.0000,0.2953,0.0000,0.2778
6367.2000,0.0000,0.2953,0.0000,0.2778
6367.3000,0.0000,0.2953,0.0000,0.2778
6367.4000,0.0000,0.2953,0.0000,0.2778
6367.5000,0.0000,0.2953,0.0000,0.2778
6367.6000,0.0000,0.2953,0.0000,0.2778
6367.7000,0.0000,0.2953,0.0000,0.2778
6367.8000,0.0000,0.2953,0.0000,0.2778
6367.9000,0.0000,0.2953,0.0000,0.2778
6368.0000,0.0000,0.2953,0.0000,0.2778
6368.1000,0.0000,0.2953,0.0000,0.2778
6368.2000,0.0000,0.2953,0.0000,0.2778
6368.3000,0.0000,0.2953,0.0000,0.2778
6368.4000,0.0000,0.2953,0.0000,0.2778
6368.5000,0.0000,0.2953,0.0000,0.2778
6368.6000,0.0000,0.2953,0.0000,0.2778
6368.7000,0.0000,0.2953,0.0000,0.2778
6368.8000,0.0000,0.2953,0.0000,0.2778
6368.9000,0.0000,0.2953,0.0000,0.2778
6369.0000,0.0000,0.2953,0.0000,0.2778
6369.1000,0.0000,0.2953,0.0000,0.2778
6369.2000,0.0000,0.2953,0.0000,0.2778
6369.3000,0.0000,0.2953,0.0000,0.2778
6369.4000,0.0000,0.2953,0.0000,0.2778
6369.5000,0.0000,0.2953,0.0000,0.2778
6369.6000,0.0000,0.2953,0.0000,0.2778
6369.7000,0.0000,0.2953,0.0000,0.2778
6369.8000,0.0000,0.2953,0.0000,0.2778
6369.9000,0.0000,0.2953,0.0000,0.2778
6370.0000,0.0000,0.2953,0.0000,0.2778
6370.1000,0.0000,0.2953,0.0000,0.2778
6370.2000,0.0000,0.2953,0.0000,0.2778
6370.3000,0.0000,0.2953,0.0000,0.2778
6370.4000,0.0000,0.2953,0.0000,0.2778
6370.5000,0.0000,0.2953,0.0000,0.2778
6370.6000,0.0000,0.2953,0.0000,0.2778
6370.7000,0.0000,0.2953,0.0000,0.2778
6370.8000,0.0000,0.2953,0.0000,0.2778
6370.9000,0.0000,0.2953,0.0000,0.2778
6371.0000,0.0000,0.2953,0.0000,0.2778
6371.1000,0.0000,0.2953,0.0000,0.2778
6371.2000,0.0000,0.2953,0.0000,0.2778
6371.3000,0.0000,0.2953,0.0000,0.2778
6371.4000,0.0000,0.2953,0.0000,0.2778
6371.5000,0.0000,0.2953,0.0000,0.2778
6371.6000,0.0000,0.2953,0.0000,0.2778
6371.7000,0.0000,0.2953,0.0000,0.2778
6371.8000,0.0000,0.2953,0.0000,0.2778
6371.9000,0.0000,0.2953,0.0000,0.2778
6372.0000,0.0000,0.2953,0.0000,0.2778
6372.1000,0.0000,0.2953,0.0000,0.2778
6372.2000,0.0000,0.2953,0.0000,0.2778
6372.3000,0.0000,0.2953,0.0000,0.2778
6372.4000,0.0000,0.2953,0.0000,0.2778
6372.5000,0.0000,0.2953,0.0000,0.2778
6372.6000,0.0000,0.2953,0.0000,0.2778
6372.7000,0.0000,0.2953,0.0000,0.2778
6372.8000,0.0000,0.2953,0.0000,0.2778
6372.9000,0.0000,0.2953,0.0000,0.2778
6373.0000,0.0000,0.2953,0.0000,0.2778
6373.1000,0.0000,0.2953,0.0000,0.2778
6373.2000,0.0000,0.2953,0.0000,0.2778
6373.3000,0.0000,0.2953,0.0000,0.2778
6373.4000,0.0000,0.2953,0.0000,0.2778
6373.5000,0.0000,0.2953,0.0000,0.2778
6373.6000,0.0000,0.2953,0.0000,0.2778
6373.7000,0.0000,0.2953,0.0000,0.2778
6373.8000,0.0000,0.2953,0.0000,0.2778
6373.9000,0.0000,0.2953,0.0000,0.2778
6374.0000,0.0000,0.2953,0.0000,0.2778
6374.1000,0.0000,0.2953,0.0000,0.2778
6374.2000,0.0000,0.2953,0.0000,0.2778
6374.3000,0.0000,0.2953,0.0000,0.2778
6374.4000,0.0000,0.2953,0.0000,0.2778
6374.5000,0.0000,0.2953,0.0000,0.2778
6374.6000,0.0000,0.2953,0.0000,0.2778
6374.7000,0.0000,0.2953,0.0000,0.2778
6374.8000,0.0000,0.2953,0.0000,0.2778
6374.9000,0.0000,0.2953,0.0000,0.2778
6375.0000,0.0000,0.2953,0.0000,0.2778
6375.1000,0.0000,0.2953,0.0000,0.2778
6375.2000,0.0000,0.2953,0.0000,0.2778
6375.3000,0.0000,0.2953,0.0000,0.2778
6375.4000,0.0000,0.2953,0.0000,0.2778
6375.5000,0.0000,0.2953,0.0000,0.2778
6375.6000,0.0000,0.2953,0.0000,0.2778
6375.7000,0.2013,0.2953,0.2579,0.2778
6375.8000,0.4026,0.2953,0.5874,0.2778
6375.9000,0.6711,0.2953,1.2176,0.6544
6376.0000,1.0066,0.2953,2.0053,0.7121
6376.1000,1.3421,0.2953,2.6737,0.7397
6376.2000,1.6777,0.2952,3.3422,0.7686
6376.3000,2.0132,0.2952,4.0107,0.7986
6376.4000,2.3487,0.2952,4.6792,0.8293
6376.5000,2.6842,0.2952,5.3478,0.8615
6376.6000,3.0197,0.2951,6.0163,0.8944
6376.7000,3.3552,0.2951,6.6848,0.9292
6376.8000,3.6907,0.2951,7.3533,0.9642
6376.9000,4.0262,0.2950,8.0218,1.0003
6377.0000,4.3616,0.2950,8.6902,1.0385
6377.1000,4.6970,0.2949,9.3585,1.0790
6377.2000,5.0324,0.2949,10.0266,1.1210
6377.3000,5.3677,0.2948,10.6947,1.1645
6377.4000,5.7030,0.2947,11.3625,1.2093
6377.5000,6.0383,0.2947,12.0301,1.2548
6377.6000,6.3735,0.2946,12.6974,1.3009
6377.7000,6.7086,0.2945,13.3645,1.3475
6377.8000,7.0437,0.2945,14.0311,1.3945
6377.9000,7.3787,0.2944,14.6974,1.4420
6378.0000,7.7137,0.2943,15.3632,1.4900
6378.1000,8.0485,0.2942,16.0285,1.5386
6378.2000,8.3833,0.2941,16.6933,1.5877
6378.3000,8.7179,0.2940,17.3574,1.6370
6378.4000,9.0525,0.2939,18.0208,1.6867
6378.5000,9.3869,0.2938,18.6834,1.7369
6378.6000,9.7212,0.2937,19.3452,1.7876
6378.7000,10.0554,0.2936,20.0061,1.8390
6378.8000,10.3894,0.2935,20.6661,1.8911
6378.9000,10.7233,0.2933,21.3250,1.9433
6379.0000,11.0570,0.2932,21.9827,1.9962
6379.1000,11.3905,0.2931,22.6392,2.0496
6379.2000,11.7238,0.2929,23.2944,2.1038
6379.3000,12.0570,0.2928,23.9482,2.1587
6379.4000,12.3899,0.2927,24.6006,2.2141
6379.5000,12.7226,0.2925,25.2513,2.2701
6379.6000,13.0551,0.2924,25.9004,2.3267
6379.7000,13.3873,0.2922,26.5477,2.3841
6379.8000,13.7193,0.2921,27.1931,2.4422
6379.9000,14.0510,0.2919,27.8366,2.5010
6380.0000,14.3825,0.2917,28.4779,2.5612
6380.1000,14.7136,0.2916,29.1171,2.6223
6380.2000,15.0444,0.2914,29.7540,2.6842
6380.3000,15.3749,0.2912,30.3885,2.7468
6380.4000,15.7051,0.2910,31.0204,2.7076
6380.5000,16.0349,0.2908,31.6497,2.7461
6380.6000,16.3643,0.2906,32.2762,2.7847
6380.7000,16.6933,0.2904,32.8999,2.8233
6380.8000,17.0220,0.2902,33.5206,2.8620
6380.9000,17.3502,0.2900,34.1381,2.9007
6381.0000,17.6780,0.2898,34.7524,2.9394
6381.1000,18.0054,0.2896,35.3634,2.9772
6381.2000,18.3323,0.2894,35.9708,3.0144
6381.3000,18.6587,0.2892,36.5747,3.0516
6381.4000,18.9846,0.2889,37.1747,3.0887
6381.5000,19.3101,0.2887,37.7709,3.1258
6381.6000,19.6349,0.2885,38.3631,3.1629
6381.7000,19.9593,0.2882,38.9512,3.1999
6381.8000,20.2831,0.2880,39.5350,2.7573
6381.9000,20.6063,0.2877,40.1144,2.7986
6382.0000,20.9289,0.2875,40.6892,2.8398
6382.1000,21.2508,0.2872,41.2594,2.8808
6382.2000,21.5722,0.2869,41.8248,2.9218
6382.3000,21.8929,0.2867,42.3852,2.9626
6382.4000,22.2129,0.2864,42.9406,3.0032
6382.5000,22.5322,0.2861,43.4908,3.0438
6382.6000,22.8509,0.2858,44.0356,3.0841
6382.7000,23.1688,0.2856,44.5750,3.1244
6382.8000,23.4859,0.2853,45.1088,3.1644
6382.9000,23.8023,0.2850,45.6368,3.2043
6383.0000,24.1179,0.2847,46.1590,3.2441
6383.1000,24.4327,0.2844,46.6752,3.2836
6383.2000,24.7467,0.2840,47.1853,3.3230
6383.3000,25.0598,0.2837,47.6892,3.3622
6383.4000,25.3721,0.2834,48.1866,3.1675
6383.5000,25.6835,0.2831,48.6776,3.1996
6383.6000,25.9940,0.2827,49.1620,3.2314
6383.7000,26.3036,0.2824,49.6396,3.2629
6383.8000,26.6122,0.2821,50.1104,3.2940
6383.9000,26.9199,0.2817,50.5742,3.3248
6384.0000,27.2266,0.2814,51.0309,3.3553
6384.1000,27.5324,0.2810,51.4804,3.3853
6384.2000,27.8371,0.2806,51.9226,3.4150
6384.3000,28.1407,0.2803,52.3573,3.4444
6384.4000,28.4433,0.2799,52.7846,3.4733
6384.5000,28.7449,0.2795,53.2042,3.5019
6384.6000,29.0453,0.2791,53.6160,3.5301
6384.7000,29.3447,0.2787,54.0201,3.5579
6384.8000,29.6429,0.2783,54.4162,3.5853
6384.9000,29.9399,0.2779,54.8043,3.6122
6385.0000,30.2358,0.2775,55.1843,3.6388
6385.1000,30.5305,0.2771,55.5561,3.6650
6385.2000,30.8240,0.2767,55.9196,3.6907
6385.3000,31.1163,0.2763,56.2747,3.7160
6385.4000,31.4073,0.2758,56.6215,3.7409
6385.5000,31.6971,0.2754,56.9597,3.7654
6385.6000,31.9856,0.2750,57.2894,3.7894
6385.7000,32.2728,0.2745,57.6105,3.8130
6385.8000,32.5587,0.2741,57.9228,3.8362
6385.9000,32.8432,0.2736,58.2264,3.8589
6386.0000,33.1264,0.2732,58.5212,3.8811
6386.1000,33.4083,0.2727,58.8072,3.9029
6386.2000,33.6887,0.2722,59.0843,3.9243
6386.3000,33.9678,0.2717,59.3525,3.9451
6386.4000,34.2454,0.2712,59.6117,3.9656
6386.5000,34.5217,0.2708,59.8619,3.9855
6386.6000,34.7964,0.2703,60.1030,4.0050
6386.7000,35.0698,0.2698,60.3352,4.0241
6386.8000,35.3416,0.2692,60.5481,4.0420
6386.9000,35.6118,0.2687,60.6967,4.0565
6387.0000,35.8800,0.2682,60.7464,3.8997
6387.1000,36.1456,0.2677,60.6985,3.8824
6387.2000,36.4081,0.2672,60.5543,3.8586
6387.3000,36.6673,0.2666,60.3256,3.8312
6387.4000,36.9228,0.2661,60.0605,3.8192
6387.5000,37.1746,0.2655,59.7963,3.8073
6387.6000,37.4228,0.2650,59.5330,3.7954
6387.7000,37.6676,0.2644,59.2705,3.7836
6387.8000,37.9090,0.2638,59.0090,3.7719
6387.9000,38.1471,0.2633,58.7485,3.7602
6388.0000,38.3819,0.2627,58.4890,3.7485
6388.1000,38.6135,0.2621,58.2305,3.7369
6388.2000,38.8420,0.2615,57.9730,3.7253
6388.3000,39.0675,0.2609,57.7166,3.7138
6388.4000,39.2899,0.2603,57.4613,3.7024
6388.5000,39.5095,0.2597,57.2071,3.6910
6388.6000,39.7261,0.2591,56.9541,3.6796
6388.7000,39.9399,0.2585,56.7022,3.6683
6388.8000,40.1510,0.2578,56.4515,3.6571
6388.9000,40.3593,0.2572,56.2020,3.6459
6389.0000,40.5650,0.2566,55.9537,3.6348
6389.1000,40.7681,0.2559,55.7067,3.6237
6389.2000,40.9686,0.2553,55.4609,3.6127
6389.3000,41.1666,0.2546,55.2163,3.6018
6389.4000,41.3621,0.2539,54.9731,3.5909
6389.5000,41.5552,0.2533,54.7311,3.5801
6389.6000,41.7460,0.2526,54.4904,3.5693
6389.7000,41.9343,0.2519,54.2510,3.5586
6389.8000,42.1204,0.2512,54.0129,3.5480
6389.9000,42.3042,0.2506,53.7762,3.5374
6390.0000,42.4858,0.2499,53.5408,3.5269
6390.1000,42.6652,0.2492,53.3067,3.5164
6390.2000,42.8424,0.2485,53.0740,3.5060
6390.3000,43.0175,0.2477,52.8427,3.4957
6390.4000,43.1906,0.2470,52.6127,3.4855
6390.5000,43.3616,0.2463,52.3841,3.4753
6390.6000,43.5306,0.2456,52.1568,3.4651
6390.7000,43.6976,0.2448,51.9310,3.4550
6390.8000,43.8627,0.2441,51.7065,3.4450
6390.9000,44.0258,0.2433,51.4834,3.4351
6391.0000,44.1871,0.2426,51.2617,3.4252
6391.1000,44.3465,0.2418,51.0413,3.4154
6391.2000,44.5040,0.2411,50.8224,3.4056
6391.3000,44.6598,0.2403,50.6048,3.3959
6391.4000,44.8138,0.2395,50.3887,3.3863
6391.5000,44.9661,0.2387,50.1739,3.3767
6391.6000,45.1166,0.2379,49.9605,3.3672
6391.7000,45.2654,0.2372,49.7486,3.3578
6391.8000,45.4126,0.2364,49.5380,3.3484
6391.9000,45.5581,0.2355,49.3287,3.3391
6392.0000,45.7020,0.2347,49.1209,3.3298
6392.1000,45.8443,0.2339,48.9145,3.3206
6392.2000,45.9850,0.2331,48.7094,3.3115
6392.3000,46.1242,0.2323,48.5057,3.3024
6392.4000,46.2619,0.2314,48.3034,3.2934
6392.5000,46.3980,0.2306,48.1025,3.2845
6392.6000,46.5327,0.2298,47.9029,3.2756
6392.7000,46.6659,0.2289,47.7047,3.2668
6392.8000,46.7976,0.2280,47.5079,3.2580
6392.9000,46.9279,0.2272,47.3124,3.2493
6393.0000,47.0569,0.2263,47.1183,3.2407
6393.1000,47.1844,0.2254,46.9255,3.1350
6393.2000,47.3106,0.2246,46.7340,3.1252
6393.3000,47.4354,0.2237,46.5439,3.1155
6393.4000,47.5589,0.2228,46.3551,3.1059
6393.5000,47.6811,0.2219,46.1676,3.0963
6393.6000,47.8020,0.2210,46.6627,3.1255
6393.7000,47.9269,0.2201,47.1619,3.1550
6393.8000,48.0506,0.2192,47.7277,3.1883
6393.9000,48.1789,0.2183,49.0922,3.2670
6394.0000,48.3121,0.2173,50.5345,3.3502
6394.1000,48.4504,0.2164,51.3646,3.3986
6394.2000,48.5887,0.2155,52.1737,3.4458
6394.3000,48.7320,0.2145,52.6533,3.4744
6394.4000,48.8726,0.2136,51.8839,3.4319
6394.5000,49.0085,0.2126,50.8478,3.3743
6394.6000,49.1399,0.2117,49.6659,3.3083
6394.7000,49.2655,0.2107,48.4021,3.2377
6394.8000,49.3859,0.2097,47.1368,3.1669
6394.9000,49.5008,0.2087,46.0447,3.1060
6395.0000,49.6119,0.2078,44.9526,3.0450
6395.1000,49.7175,0.2068,43.7725,2.9790
6395.2000,49.8188,0.2058,42.9490,2.9332
6395.3000,49.9173,0.2048,42.6726,2.9184
6395.4000,50.0158,0.2038,42.4988,2.9095
6395.5000,50.1122,0.2028,42.4006,2.9049
6395.6000,50.2092,0.2017,42.4793,2.9103
6395.7000,50.3054,0.2007,42.0814,2.8886
6395.8000,50.3987,0.1997,41.1066,2.8342
6395.9000,50.4870,0.1987,40.4921,2.8002
6396.0000,50.5749,0.1976,40.3829,2.7948
6396.1000,50.6618,0.1966,40.1550,2.7828
6396.2000,50.7474,0.1955,40.2636,2.7898
6396.3000,50.8344,0.1945,40.7196,2.8165
6396.4000,50.9229,0.1934,40.6249,2.8120
6396.5000,51.0085,0.1924,39.9958,2.7772
6396.6000,51.0917,0.1913,39.5819,2.7545
6396.7000,51.1737,0.1902,39.0547,2.7254
6396.8000,51.2524,0.1891,38.2502,2.6806
6396.9000,51.3280,0.1880,37.6779,2.6488
6397.0000,51.4020,0.1869,37.0923,2.6164
6397.1000,51.4728,0.1859,36.2715,2.5705
6397.2000,51.5403,0.1848,35.6637,2.5367
6397.3000,51.6063,0.1836,35.2894,2.5161
6397.4000,51.6706,0.1825,34.9968,2.5002
6397.5000,51.7340,0.1814,34.6999,2.4840
6397.6000,51.7959,0.1803,34.2122,2.4582
6397.7000,51.8554,0.1792,33.3020,2.4103
6397.8000,51.9103,0.1780,32.1937,2.3516
6397.9000,51.9614,0.1769,31.0986,2.2933
6398.0000,52.0081,0.1758,30.0241,2.2359
6398.1000,52.0512,0.1746,29.0088,2.1815
6398.2000,52.0903,0.1735,28.0911,2.1322
6398.3000,52.1266,0.1723,27.4805,2.0994
6398.4000,52.1611,0.1712,27.0886,2.0785
6398.5000,52.1944,0.1700,27.1018,2.0797
6398.6000,52.2289,0.1688,27.4378,2.0984
6398.7000,52.2646,0.1677,27.6276,2.1093
6398.8000,52.3003,0.1665,27.3978,2.0972
6398.9000,52.3342,0.1653,26.6813,2.0586
6399.0000,52.3646,0.1641,25.4631,1.9923
6399.1000,52.3896,0.1630,23.9862,1.9116
6399.2000,52.4094,0.1618,22.6132,1.8361
6399.3000,52.4244,0.1606,21.4361,1.7712
6399.4000,52.4357,0.1594,20.6635,1.7285
6399.5000,52.4452,0.1582,20.2511,1.7057
6399.6000,52.4535,0.1570,20.2512,1.7059
6399.7000,52.4631,0.1558,20.7028,1.7311
6399.8000,52.4747,0.1546,21.3269,1.7658
6399.9000,52.4888,0.1534,21.8438,1.7946
6400.0000,52.5041,0.1521,21.8468,1.7950
6400.1000,52.5182,0.1509,21.0188,1.7493
6400.2000,52.5276,0.1497,19.5299,1.6667
6400.3000,52.5310,0.1485,17.6308,1.5607
6400.4000,52.5269,0.1472,15.5019,1.4411
6400.5000,52.5151,0.1460,13.8610,1.3484
6400.6000,52.4993,0.1448,13.0741,1.3037
6400.7000,52.4820,0.1435,13.0831,1.3040
6400.8000,52.4663,0.1423,13.7620,1.3422
6400.9000,52.4541,0.1410,14.4359,1.3802
6401.0000,52.4434,0.1398,14.7274,1.3965
6401.1000,52.4334,0.1385,14.6333,1.3910
6401.2000,52.4222,0.1373,13.8090,1.3443
6401.3000,52.4064,0.1360,12.3426,1.2611
6401.4000,52.3848,0.1348,11.0756,1.1888
6401.5000,52.3600,0.1335,10.4634,1.1536
6401.6000,52.3341,0.1323,10.3497,1.1468
6401.7000,52.3087,0.1310,10.9729,1.1820
6401.8000,52.2875,0.1297,12.0366,1.2423
6401.9000,52.2699,0.1285,12.7486,1.2825
6402.0000,52.2541,0.1272,12.9069,1.2912
6402.1000,52.2377,0.1259,12.8746,1.2892
6402.2000,52.2218,0.1246,12.7954,1.2845
6402.3000,52.2051,0.1234,12.7825,1.2836
6402.4000,52.1892,0.1221,13.6265,1.3312
6402.5000,52.1787,0.1208,15.0684,1.4125
6402.6000,52.1734,0.1195,16.1567,1.4736
6402.7000,52.1709,0.1182,16.6057,1.4988
6402.8000,52.1689,0.1169,16.5413,1.4952
6402.9000,52.1660,0.1156,15.9232,1.4604
6403.0000,52.1597,0.1143,14.9728,1.4068
6403.1000,52.1500,0.1130,14.5900,1.3851
6403.2000,52.1410,0.1117,14.7184,1.3923
6403.3000,52.1325,0.1104,14.9606,1.4058
6403.4000,52.1254,0.1091,15.2465,1.4218
6403.5000,52.1190,0.1078,15.4760,1.4347
6403.6000,52.1136,0.1065,15.7081,1.4477
6403.7000,52.1090,0.1052,16.1963,1.4751
6403.8000,52.1073,0.1039,17.3567,1.5401
6403.9000,52.1113,0.1026,19.2067,1.6435
6404.0000,52.1231,0.1013,21.6377,1.7786
6404.1000,52.1446,0.0999,24.1845,1.9193
6404.2000,52.1748,0.0986,26.2741,2.0342
6404.3000,52.2114,0.0973,27.8501,2.1207
6404.4000,52.2529,0.0959,29.0324,2.1855
6404.5000,52.2979,0.0946,29.5011,2.2115
6404.6000,52.3426,0.0933,29.1956,2.1955
6404.7000,52.3852,0.0919,28.3750,2.1515
6404.8000,52.4238,0.0906,27.1248,2.0840
6404.9000,52.4573,0.0892,25.7266,2.0080
6405.0000,52.4857,0.0879,24.7048,1.9523
6405.1000,52.5117,0.0865,23.6266,1.8933
6405.2000,52.5324,0.0852,22.6044,1.8372
6405.3000,52.5510,0.0838,22.0400,1.8063
6405.4000,52.5676,0.0824,21.4891,1.7760
6405.5000,52.5823,0.0811,20.7966,1.7378
6405.6000,52.5939,0.0797,20.4421,1.7182
6405.7000,52.6061,0.0783,20.7431,1.7351
6405.8000,52.6199,0.0770,21.4032,1.7719
6405.9000,52.6369,0.0756,21.9716,1.8036
6406.0000,52.6548,0.0742,22.3845,1.8266
6406.1000,52.6747,0.0728,22.8850,1.8545
6406.2000,52.6962,0.0715,23.1778,1.8710
6406.3000,52.7182,0.0701,23.1009,1.8670
6406.4000,52.7391,0.0687,22.9415,1.8585
6406.5000,52.7599,0.0673,22.9477,1.8591
6406.6000,52.7809,0.0659,22.7381,1.8478
6406.7000,52.8002,0.0645,22.2181,1.8193
6406.8000,52.8174,0.0631,21.5962,1.7851
6406.9000,52.8323,0.0617,20.9896,1.7516
6407.0000,52.8452,0.0603,20.2292,1.7096
6407.1000,52.8547,0.0589,19.2114,1.6530
6407.2000,52.8603,0.0575,18.0873,1.5903
6407.3000,52.8619,0.0561,17.0829,1.5341
6407.4000,52.8604,0.0547,16.0849,1.4780
6407.5000,52.8549,0.0533,15.2943,1.4335
6407.6000,52.8480,0.0519,15.2086,1.4286
6407.7000,52.8420,0.0504,15.4614,1.4427
6407.8000,52.8370,0.0490,15.8516,1.4646
6407.9000,52.8339,0.0476,16.5700,1.5050
6408.0000,52.8341,0.0462,16.8069,1.5183
6408.1000,52.8328,0.0448,16.0165,1.4739
6408.2000,52.8275,0.0434,14.9457,1.4135
6408.3000,52.8187,0.0419,13.7679,1.3469
6408.4000,52.8051,0.0405,12.1761,1.2565
6408.5000,52.7850,0.0391,10.6794,1.1710
6408.6000,52.7608,0.0377,9.6398,1.1113
6408.7000,52.7335,0.0362,8.9092,1.0309
6408.8000,52.7043,0.0348,8.5291,1.0045
6408.9000,52.6745,0.0334,8.6876,1.0152
6409.0000,52.6466,0.0320,9.3439,1.0606
6409.1000,52.6217,0.0305,10.4111,1.1352
6409.2000,52.6017,0.0291,11.5746,1.2173
6409.3000,52.5853,0.0277,12.3489,1.2725
6409.4000,52.5710,0.0262,13.1448,1.3295
6409.5000,52.5604,0.0248,14.2372,1.4085
6409.6000,52.5541,0.0234,15.2654,1.4834
6409.7000,52.5510,0.0219,16.1489,1.4778
6409.8000,52.5512,0.0205,16.9367,1.5220
6409.9000,52.5539,0.0191,17.0294,1.5273
6410.0000,52.5548,0.0176,16.7553,1.5119
6410.1000,52.5556,0.0162,16.7224,1.5101
6410.2000,52.5564,0.0148,16.9806,1.5246
6410.3000,52.5592,0.0133,17.5004,1.5537
6410.4000,52.5638,0.0119,18.2348,1.5949
6410.5000,52.5719,0.0104,19.1808,1.6478
6410.6000,52.5833,0.0090,20.0727,1.6976
6410.7000,52.5979,0.0075,20.5369,1.7236
6410.8000,52.6127,0.0061,20.5630,1.7252
6410.9000,52.6275,0.0047,20.4025,1.7165
6411.0000,52.6412,0.0032,19.6072,1.6724
6411.1000,52.6503,0.0018,18.6052,1.6166
6411.2000,52.6568,0.0003,18.0535,1.5859
6411.3000,52.6621,-0.0011,17.8255,1.5732
6411.4000,52.6670,-0.0026,17.4925,1.5546
6411.5000,52.6700,-0.0040,17.2607,1.5417
6411.6000,52.6734,-0.0055,16.8399,1.5181
6411.7000,52.6734,-0.0070,16.1703,1.4805
6411.8000,52.6720,-0.0084,15.8776,1.4641
6411.9000,52.6701,-0.0099,16.2468,1.4848
6412.0000,52.6715,-0.0113,16.9706,1.5254
6412.1000,52.6748,-0.0128,18.0161,1.5840
6412.2000,52.6838,-0.0142,19.3985,1.6613
6412.3000,52.6971,-0.0157,20.4764,1.7214
6412.4000,52.7138,-0.0171,20.9800,1.7496
6412.5000,52.7307,-0.0186,21.0667,1.7546
6412.6000,52.7481,-0.0201,20.5920,1.7285
6412.7000,52.7616,-0.0215,19.5500,1.6707
6412.8000,52.7716,-0.0230,18.7437,1.6259
6412.9000,52.7794,-0.0244,18.0023,1.5846
6413.0000,52.7841,-0.0259,16.7024,1.5118
6413.1000,52.7827,-0.0274,15.3982,1.4384
6413.2000,52.7782,-0.0288,14.4952,1.3875
6413.3000,52.7704,-0.0303,13.1891,1.3135
6413.4000,52.7567,-0.0318,11.8774,1.2389
6413.5000,52.7397,-0.0332,11.1401,1.1967
6413.6000,52.7209,-0.0347,10.8072,1.1775
6413.7000,52.7016,-0.0362,10.4002,1.1541
6413.8000,52.6801,-0.0376,10.1608,1.1401
6413.9000,52.6593,-0.0391,10.4680,1.1574
6414.0000,52.6401,-0.0405,11.2450,1.2015
6414.1000,52.6251,-0.0420,12.0347,1.2462
6414.2000,52.6117,-0.0435,12.5402,1.2748
6414.3000,52.6005,-0.0449,12.9084,1.2955
6414.4000,52.5899,-0.0464,12.8579,1.2925
6414.5000,52.5784,-0.0478,12.7592,1.2868
6414.6000,52.5673,-0.0493,13.0859,1.3052
6414.7000,52.5583,-0.0508,13.4357,1.3249
6414.8000,52.5498,-0.0522,13.5847,1.3332
6414.9000,52.5420,-0.0537,13.6780,1.3384
6415.0000,52.5343,-0.0551,13.2170,1.3122
6415.1000,52.5233,-0.0566,12.1295,1.2504
6415.2000,52.5080,-0.0580,11.2117,1.1980
6415.3000,52.4905,-0.0595,10.6031,1.1631
6415.4000,52.4710,-0.0609,10.0919,1.1337
6415.5000,52.4500,-0.0624,10.0200,1.1293
6415.6000,52.4301,-0.0639,10.4257,1.1522
6415.7000,52.4123,-0.0653,10.9556,1.1822
6415.8000,52.3963,-0.0668,11.4880,1.2124
6415.9000,52.3825,-0.0682,12.3135,1.2591
6416.0000,52.3726,-0.0697,13.1928,1.3089
6416.1000,52.3653,-0.0711,13.9286,1.3504
6416.2000,52.3608,-0.0725,14.8456,1.4021
6416.3000,52.3602,-0.0740,15.6910,1.4497
6416.4000,52.3620,-0.0754,16.0591,1.4704
6416.5000,52.3641,-0.0769,16.2645,1.4820
6416.6000,52.3675,-0.0783,16.2760,1.4827
6416.7000,52.3697,-0.0798,15.4080,1.4339
6416.8000,52.3669,-0.0812,14.1420,1.3625
6416.9000,52.3602,-0.0827,13.3153,1.3157
6417.0000,52.3515,-0.0841,12.3287,1.2596
6417.1000,52.3378,-0.0856,11.0342,1.1858
6417.2000,52.3199,-0.0870,10.3697,1.1477
6417.3000,52.3016,-0.0884,10.1564,1.1353
6417.4000,52.2824,-0.0899,10.0214,1.1274
6417.5000,52.2632,-0.0913,10.2823,1.1421
6417.6000,52.2460,-0.0927,10.7702,1.1697
6417.7000,52.2305,-0.0942,11.4105,1.2060
6417.8000,52.2182,-0.0956,12.0699,1.2433
6417.9000,52.2076,-0.0970,12.2271,1.2521
6418.0000,52.1965,-0.0985,12.0896,1.2442
6418.1000,52.1850,-0.0999,11.9825,1.2379
6418.2000,52.1733,-0.1013,11.6819,1.2207
6418.3000,52.1598,-0.1027,11.5257,1.2117
6418.4000,52.1471,-0.1042,11.8107,1.2277
6418.5000,52.1358,-0.1056,12.2601,1.2531
6418.6000,52.1265,-0.1070,12.8812,1.2882
6418.7000,52.1199,-0.1084,13.3183,1.3129
6418.8000,52.1138,-0.1099,13.3379,1.3140
6418.9000,52.1075,-0.1113,13.3508,1.3146
6419.0000,52.1016,-0.1127,13.3651,1.3153
6419.1000,52.0955,-0.1141,13.5176,1.3239
6419.2000,52.0909,-0.1155,14.2269,1.3639
6419.3000,52.0900,-0.1169,15.4413,1.4324
6419.4000,52.0943,-0.1183,16.7034,1.5033
6419.5000,52.1027,-0.1198,18.1453,1.5841
6419.6000,52.1175,-0.1212,19.7284,1.6726
6419.7000,52.1373,-0.1226,21.0723,1.7474
6419.8000,52.1618,-0.1240,22.1723,1.8086
6419.9000,52.1896,-0.1254,23.0515,1.8575
6420.0000,52.2205,-0.1268,23.5513,1.8855
6420.1000,52.2518,-0.1282,23.8276,1.9011
6420.2000,52.2846,-0.1296,23.9328,1.9073
6420.3000,52.3166,-0.1310,23.8050,1.9007
6420.4000,52.3483,-0.1324,23.5148,1.8851
6420.5000,52.3782,-0.1338,23.0441,1.8595
6420.6000,52.4065,-0.1352,22.1003,1.8078
6420.7000,52.4295,-0.1366,20.6762,1.7292
6420.8000,52.4475,-0.1380,19.2058,1.6476
6420.9000,52.4599,-0.1394,17.8655,1.5729
6421.0000,52.4683,-0.1408,16.5436,1.4990
6421.1000,52.4712,-0.1422,15.3430,1.4315
6421.2000,52.4711,-0.1436,14.8164,1.4018
6421.3000,52.4704,-0.1450,14.6400,1.3919
6421.4000,52.4690,-0.1464,14.4693,1.3822
6421.5000,52.4672,-0.1478,14.5983,1.3895
6421.6000,52.4669,-0.1492,15.0155,1.4130
6421.7000,52.4681,-0.1505,15.1164,1.4187
6421.8000,52.4686,-0.1519,14.6895,1.3946
6421.9000,52.4669,-0.1533,14.1032,1.3615
6422.0000,52.4633,-0.1547,13.7794,1.3432
6422.1000,52.4593,-0.1561,13.6178,1.3340
6422.2000,52.4546,-0.1574,13.4482,1.3243
6422.3000,52.4495,-0.1588,13.4919,1.3267
6422.4000,52.4453,-0.1602,13.6258,1.3343
6422.5000,52.4413,-0.1616,13.4780,1.3259
6422.6000,52.4361,-0.1629,13.0202,1.2999
6422.7000,52.4289,-0.1643,12.7637,1.2852
6422.8000,52.4220,-0.1657,13.0983,1.3041
6422.9000,52.4174,-0.1670,13.7458,1.3407
6423.0000,52.4152,-0.1684,14.1879,1.3657
6423.1000,52.4139,-0.1697,14.4725,1.3817
6423.2000,52.4139,-0.1711,14.5629,1.3868
6423.3000,52.4132,-0.1724,13.9711,1.3534
6423.4000,52.4091,-0.1738,12.8183,1.2881
6423.5000,52.4003,-0.1751,11.7846,1.2293
6423.6000,52.3888,-0.1765,11.0688,1.1884
6423.7000,52.3749,-0.1778,10.2974,1.1443
6423.8000,52.3580,-0.1791,9.6347,1.1062
6423.9000,52.3395,-0.1805,9.5269,1.0998
6424.0000,52.3220,-0.1818,9.6706,1.1078
6424.1000,52.3047,-0.1831,9.8356,1.1170
6424.2000,52.2886,-0.1845,10.4141,1.1499
6424.3000,52.2756,-0.1858,11.2870,1.1995
6424.4000,52.2658,-0.1871,11.8511,1.2315
6424.5000,52.2571,-0.1884,12.0633,1.2434
6424.6000,52.2490,-0.1898,11.8733,1.2325
6424.7000,52.2390,-0.1911,11.2770,1.1985
6424.8000,52.2267,-0.1924,10.6977,1.1653
6424.9000,52.2126,-0.1937,10.3323,1.1443
6425.0000,52.1979,-0.1950,9.9740,1.1237
6425.1000,52.1813,-0.1963,9.6708,1.1061
6425.2000,52.1645,-0.1976,9.7403,1.1099
6425.3000,52.1486,-0.1989,9.7404,1.1097
6425.4000,52.1320,-0.2002,9.2027,1.0788
6425.5000,52.1123,-0.2015,8.5550,1.0029
6425.6000,52.0911,-0.2028,8.1789,0.9767
6425.7000,52.0689,-0.2041,7.9576,0.9613
6425.8000,52.0463,-0.2053,7.6624,0.9409
6425.9000,52.0221,-0.2066,7.4703,0.9275
6426.0000,51.9982,-0.2079,7.6149,0.9373
6426.1000,51.9752,-0.2092,7.7394,0.9457
6426.2000,51.9524,-0.2104,7.3805,0.9209
6426.3000,51.9270,-0.2117,6.9106,0.8886
6426.4000,51.9009,-0.2130,6.8870,0.8868
6426.5000,51.8755,-0.2142,7.0727,0.8994
6426.6000,51.8510,-0.2155,7.6512,0.9389
6426.7000,51.8299,-0.2167,8.7544,1.0152
6426.8000,51.8135,-0.2180,10.0849,1.1084
6426.9000,51.8023,-0.2192,11.0802,1.1789
6427.0000,51.7934,-0.2204,11.6543,1.2198
6427.1000,51.7864,-0.2217,12.0895,1.2510
6427.2000,51.7807,-0.2229,12.2731,1.2642
6427.3000,51.7753,-0.2242,12.3325,1.2684
6427.4000,51.7701,-0.2254,12.7028,1.2951
6427.5000,51.7674,-0.2266,13.3350,1.3409
6427.6000,51.7670,-0.2278,13.7810,1.3734
6427.7000,51.7677,-0.2290,14.0272,1.3487
6427.8000,51.7691,-0.2303,14.0523,1.3502
6427.9000,51.7700,-0.2315,13.7729,1.3344
6428.0000,51.7695,-0.2327,13.5535,1.3220
6428.1000,51.7689,-0.2339,13.2589,1.3053
6428.2000,51.7663,-0.2351,12.8224,1.2806
6428.3000,51.7626,-0.2363,12.4795,1.2611
6428.4000,51.7576,-0.2375,12.2523,1.2481
6428.5000,51.7524,-0.2387,11.6984,1.2166
6428.6000,51.7434,-0.2399,10.8150,1.1662
6428.7000,51.7319,-0.2411,9.9975,1.1194
6428.8000,51.7171,-0.2423,9.2634,1.0773
6428.9000,51.7003,-0.2434,8.1704,0.9739
6429.0000,51.6776,-0.2446,6.6984,0.8725
6429.1000,51.6502,-0.2458,5.5338,0.7944
6429.2000,51.6193,-0.2470,4.5688,0.7303
6429.3000,51.5850,-0.2481,3.4685,0.6579
6429.4000,51.5461,-0.2493,2.5975,0.6010
6429.5000,51.5056,-0.2504,2.3161,0.5825
6429.6000,51.4649,-0.2516,2.3779,0.5862
6429.7000,51.4250,-0.2527,2.6181,0.6014
6429.8000,51.3862,-0.2539,3.0595,0.6297
6429.9000,51.3497,-0.2550,3.9239,0.6859
6430.0000,51.3175,-0.2562,4.9083,0.7505
6430.1000,51.2884,-0.2573,5.4477,0.7861
6430.2000,51.2603,-0.2584,5.8376,0.8119
6430.3000,51.2343,-0.2596,6.4088,0.8500
6430.4000,51.2105,-0.2607,6.6644,0.8673
6430.5000,51.1865,-0.2618,6.3770,0.8475
6430.6000,51.1607,-0.2629,5.9874,0.8212
6430.7000,51.1340,-0.2640,5.8315,0.8106
6430.8000,51.1073,-0.2651,5.7878,0.8075
6430.9000,51.0804,-0.2662,5.9036,0.8150
6431.0000,51.0547,-0.2673,6.3929,0.8477
6431.1000,51.0316,-0.2684,6.9745,0.8875
6431.2000,51.0103,-0.2695,6.8555,0.8792
6431.3000,50.9864,-0.2706,6.3287,0.8429
6431.4000,50.9614,-0.2717,5.8864,0.8131
6431.5000,50.9344,-0.2727,5.4147,0.7814
6431.6000,50.9060,-0.2738,4.9923,0.7531
6431.7000,50.8760,-0.2749,4.8238,0.7417
6431.8000,50.8465,-0.2759,4.8548,0.7435
6431.9000,50.8170,-0.2770,4.9217,0.7478
6432.0000,50.7881,-0.2781,5.2334,0.7683
6432.1000,50.7610,-0.2791,6.0228,0.8208
6432.2000,50.7382,-0.2802,7.0646,0.8919
6432.3000,50.7190,-0.2812,7.8996,0.9497
6432.4000,50.7025,-0.2822,8.5883,0.9977
6432.5000,50.6886,-0.2833,9.2988,1.0477
6432.6000,50.6775,-0.2843,9.9806,1.0959
6432.7000,50.6688,-0.2853,10.8091,1.1550
6432.8000,50.6640,-0.2864,11.6834,1.2179
6432.9000,50.6618,-0.2874,12.3795,1.2684
6433.0000,50.6623,-0.2884,12.8916,1.3058
6433.1000,50.6640,-0.2894,12.9987,1.3136
6433.2000,50.6654,-0.2904,12.7625,1.2963
6433.3000,50.6654,-0.2914,12.6667,1.2893
6433.4000,50.6661,-0.2924,12.8973,1.3062
6433.5000,50.6679,-0.2934,13.3019,1.2946
6433.6000,50.6717,-0.2944,14.1794,1.3442
6433.7000,50.6801,-0.2954,15.3936,1.4127
6433.8000,50.6929,-0.2964,16.3917,1.4689
6433.9000,50.7088,-0.2974,16.8407,1.4942
6434.0000,50.7250,-0.2984,16.7310,1.4882
6434.1000,50.7400,-0.2994,16.0409,1.4497
6434.2000,50.7510,-0.3003,14.7441,1.3770
6434.3000,50.7564,-0.3013,13.2587,1.2932
6434.4000,50.7565,-0.3023,12.0613,1.2254
6434.5000,50.7530,-0.3032,11.0419,1.1674
6434.6000,50.7456,-0.3042,10.2126,1.1201
6434.7000,50.7360,-0.3052,10.0818,1.1125
6434.8000,50.7277,-0.3061,10.9382,1.1612
6434.9000,50.7246,-0.3071,12.2811,1.2375
6435.0000,50.7264,-0.3080,13.9324,1.3309
6435.1000,50.7357,-0.3089,15.8202,1.4373
6435.2000,50.7515,-0.3099,17.1046,1.5095
6435.3000,50.7703,-0.3108,17.4185,1.5273
6435.4000,50.7884,-0.3117,17.0978,1.5095
6435.5000,50.8049,-0.3127,16.0054,1.4485
6435.6000,50.8149,-0.3136,14.2571,1.3503
6435.7000,50.8183,-0.3145,12.6317,1.2585
6435.8000,50.8163,-0.3154,11.2472,1.1798
6435.9000,50.8095,-0.3163,10.1292,1.1161
6436.0000,50.7993,-0.3172,9.4377,1.0765
6436.1000,50.7875,-0.3181,9.2050,1.0630
6436.2000,50.7756,-0.3190,9.1910,1.0621
6436.3000,50.7638,-0.3199,8.9237,1.0466
6436.4000,50.7500,-0.3208,8.5327,1.0241
6436.5000,50.7354,-0.3217,8.4585,0.9888
6436.6000,50.7212,-0.3226,8.4157,0.9857
6436.7000,50.7064,-0.3235,8.3875,0.9837
6436.8000,50.6921,-0.3243,8.8650,1.0171
6436.9000,50.6809,-0.3252,9.5117,1.0627
6437.0000,50.6715,-0.3261,9.7907,1.0824
6437.1000,50.6625,-0.3269,9.7201,1.0774
6437.2000,50.6527,-0.3278,9.2351,1.0430
6437.3000,50.6402,-0.3286,8.3550,0.9811
6437.4000,50.6239,-0.3295,7.2241,0.9023
6437.5000,50.6031,-0.3303,5.9830,0.8171
6437.6000,50.5776,-0.3312,4.9723,0.7494
6437.7000,50.5494,-0.3320,4.4217,0.7127
6437.8000,50.5200,-0.3328,4.1468,0.6943
6437.9000,50.4898,-0.3337,3.8903,0.6772
6438.0000,50.4586,-0.3345,3.8159,0.6721
6438.1000,50.4280,-0.3353,3.9647,0.6816
6438.2000,50.3981,-0.3361,4.3043,0.7038
6438.3000,50.3702,-0.3369,4.7621,0.7340
6438.4000,50.3438,-0.3377,5.1848,0.7619
6438.5000,50.3192,-0.3385,5.7506,0.7996
6438.6000,50.2972,-0.3393,6.1126,0.8238
6438.7000,50.2754,-0.3401,5.9073,0.8098
6438.8000,50.2520,-0.3409,5.4900,0.7817
6438.9000,50.2272,-0.3417,5.3729,0.7737
6439.0000,50.2030,-0.3424,5.3725,0.7735
6439.1000,50.1783,-0.3432,5.5240,0.7834
6439.2000,50.1554,-0.3440,6.0749,0.8204
6439.3000,50.1350,-0.3448,6.4755,0.8477
6439.4000,50.1152,-0.3455,6.2507,0.8322
6439.5000,50.0932,-0.3463,5.8340,0.8037
6439.6000,50.0704,-0.3470,5.1697,0.7590
6439.7000,50.0435,-0.3478,3.9395,0.6771
6439.8000,50.0115,-0.3485,2.9298,0.6107
6439.9000,49.9772,-0.3492,2.6856,0.5945
6440.0000,49.9435,-0.3500,2.8492,0.6049
6440.1000,49.9105,-0.3507,3.2071,0.6280
6440.2000,49.8796,-0.3514,3.9560,0.6770
6440.3000,49.8524,-0.3521,4.8820,0.7383
6440.4000,49.8287,-0.3529,5.6300,0.7882
6440.5000,49.8073,-0.3536,6.0209,0.8145
6440.6000,49.7866,-0.3543,6.3548,0.8373
6440.7000,49.7679,-0.3550,6.9254,0.8767
6440.8000,49.7516,-0.3557,7.5662,0.9212
6440.9000,49.7378,-0.3564,8.4446,0.9828
6441.0000,49.7284,-0.3571,9.6930,1.0714
6441.1000,49.7241,-0.3577,11.0878,1.1717
6441.2000,49.7253,-0.3584,12.4518,1.2713
6441.3000,49.7315,-0.3591,13.7932,1.3114
6441.4000,49.7429,-0.3598,14.8379,1.3703
6441.5000,49.7570,-0.3604,15.4558,1.4052
6441.6000,49.7730,-0.3611,15.7673,1.4229
6441.7000,49.7895,-0.3618,15.9774,1.4349
6441.8000,49.8071,-0.3624,16.2212,1.4487
6441.9000,49.8253,-0.3631,16.4928,1.4642
6442.0000,49.8450,-0.3637,16.6752,1.4746
6442.1000,49.8646,-0.3644,16.6384,1.4728
6442.2000,49.8839,-0.3650,16.4106,1.4603
6442.3000,49.9017,-0.3657,15.7801,1.4251
6442.4000,49.9162,-0.3663,15.0941,1.3868
6442.5000,49.9288,-0.3669,14.5156,1.3544
6442.6000,49.9390,-0.3676,14.2271,1.3383
6442.7000,49.9494,-0.3682,14.2160,1.3378
6442.8000,49.9594,-0.3688,14.6301,1.3612
6442.9000,49.9730,-0.3694,15.2126,1.3941
6443.0000,49.9874,-0.3700,15.8201,1.4284
6443.1000,50.0055,-0.3706,16.3468,1.4581
6443.2000,50.0239,-0.3712,16.4148,1.4622
6443.3000,50.0425,-0.3718,16.1932,1.4500
6443.4000,50.0592,-0.3724,15.9036,1.4339
6443.5000,50.0755,-0.3730,15.6634,1.4206
6443.6000,50.0903,-0.3736,15.4477,1.4087
6443.7000,50.1051,-0.3742,15.4927,1.4114
6443.8000,50.1202,-0.3748,15.6736,1.4217
6443.9000,50.1362,-0.3754,15.9465,1.4372
6444.0000,50.1534,-0.3759,16.4547,1.4659
6444.1000,50.1732,-0.3765,17.2899,1.5129
6444.2000,50.1966,-0.3771,18.2313,1.5657
6444.3000,50.2235,-0.3776,19.1709,1.6183
6444.4000,50.2539,-0.3782,19.8160,1.6545
6444.5000,50.2854,-0.3787,19.6921,1.6480
6444.6000,50.3148,-0.3793,19.0206,1.6111
6444.7000,50.3412,-0.3798,18.3533,1.5742
6444.8000,50.3654,-0.3804,17.4364,1.5234
6444.9000,50.3849,-0.3809,16.3631,1.4636
6445.0000,50.4010,-0.3814,15.7198,1.4277
6445.1000,50.4156,-0.3820,15.1117,1.3937
6445.2000,50.4272,-0.3825,14.2405,1.3448
6445.3000,50.4353,-0.3830,13.2373,1.2882
6445.4000,50.4393,-0.3835,12.1054,1.2242
6445.5000,50.4389,-0.3841,11.0152,1.1622
6445.6000,50.4348,-0.3846,10.3212,1.1226
6445.7000,50.4293,-0.3851,10.0067,1.1046
6445.8000,50.4229,-0.3856,9.9222,1.0997
6445.9000,50.4168,-0.3861,10.0847,1.1089
6446.0000,50.4117,-0.3866,10.2873,1.1204
6446.1000,50.4072,-0.3871,10.5607,1.1360
6446.2000,50.4042,-0.3875,11.0978,1.1665
6446.3000,50.4037,-0.3880,11.6019,1.1952
6446.4000,50.4045,-0.3885,11.8669,1.2102
6446.5000,50.4061,-0.3890,12.0548,1.2209
6446.6000,50.4083,-0.3894,12.1110,1.2241
6446.7000,50.4103,-0.3899,11.8625,1.2100
6446.8000,50.4107,-0.3904,11.3778,1.1825
6446.9000,50.4091,-0.3908,11.2241,1.1738
6447.0000,50.4083,-0.3913,11.3938,1.1834
6447.1000,50.4081,-0.3917,11.6682,1.1990
6447.2000,50.4094,-0.3922,11.9509,1.2150
6447.3000,50.4113,-0.3926,12.6347,1.2538
6447.4000,50.4178,-0.3931,13.4217,1.2984
6447.5000,50.4255,-0.3935,13.8981,1.3254
6447.6000,50.4356,-0.3939,14.2091,1.3431
6447.7000,50.4456,-0.3943,13.9606,1.3292
6447.8000,50.4538,-0.3948,13.3043,1.2922
6447.9000,50.4590,-0.3952,12.4617,1.2446
6448.0000,50.4609,-0.3956,11.7517,1.2043
6448.1000,50.4607,-0.3960,11.3427,1.1811
6448.2000,50.4596,-0.3964,11.4365,1.1864
6448.3000,50.4602,-0.3968,11.8658,1.2108
6448.4000,50.4623,-0.3972,12.5037,1.2470
6448.5000,50.4677,-0.3976,13.0437,1.2777
6448.6000,50.4738,-0.3980,13.3739,1.2964
6448.7000,50.4817,-0.3984,13.9448,1.3287
6448.8000,50.4921,-0.3988,14.5056,1.3605
6448.9000,50.5041,-0.3991,14.9301,1.3845
6449.0000,50.5177,-0.3995,15.4449,1.4136
6449.1000,50.5335,-0.3999,15.6583,1.4258
6449.2000,50.5486,-0.4003,15.3880,1.4108
6449.3000,50.5624,-0.4006,15.1819,1.3994
6449.4000,50.5760,-0.4010,15.3119,1.4068
6449.5000,50.5907,-0.4013,15.6964,1.4286
6449.6000,50.6071,-0.4017,16.0916,1.4510
6449.7000,50.6247,-0.4020,16.4004,1.4685
6449.8000,50.6433,-0.4024,16.3983,1.4686
6449.9000,50.6609,-0.4027,15.7065,1.4300
6450.0000,50.6743,-0.4031,14.5982,1.3679
6450.1000,50.6835,-0.4034,13.4972,1.3058
6450.2000,50.6887,-0.4037,12.2175,1.2335
6450.3000,50.6884,-0.4040,10.9656,1.1623
6450.4000,50.6843,-0.4044,10.1121,1.1136
6450.5000,50.6777,-0.4047,9.1814,1.0604
6450.6000,50.6667,-0.4050,8.4093,0.9850
6450.7000,50.6544,-0.4053,8.1997,0.9703
6450.8000,50.6419,-0.4056,8.2135,0.9712
6450.9000,50.6298,-0.4059,8.1869,0.9692
6451.0000,50.6171,-0.4062,8.5758,0.9964
6451.1000,50.6079,-0.4065,9.3052,1.0477
6451.2000,50.6008,-0.4068,9.6726,1.0737
6451.3000,50.5944,-0.4071,10.0567,1.1010
6451.4000,50.5902,-0.4074,-0.5735,0.0000
6451.5000,50.5045,-0.4076,-22.7143,0.0000
6451.6000,50.3349,-0.4079,-45.0459,0.0000
6451.7000,50.0814,-0.4082,-66.9464,0.0000
6451.8000,49.7455,-0.4085,-88.5479,0.0000
6451.9000,49.3254,-0.4087,-98.9143,0.0000
6452.0000,48.9053,-0.4090,-98.1830,0.0000
6452.1000,48.4852,-0.4092,-97.4489,0.0000
6452.2000,48.0650,-0.4095,-96.7119,0.0000
6452.3000,47.6449,-0.4097,-95.9721,0.0000
6452.4000,47.2248,-0.4099,-95.2294,0.0000
6452.5000,46.8047,-0.4102,-94.4840,0.0000
6452.6000,46.3845,-0.4104,-93.7358,0.0000
6452.7000,45.9644,-0.4106,-92.9849,0.0000
6452.8000,45.5443,-0.4108,-92.2313,0.0000
6452.9000,45.1241,-0.4110,-91.4751,0.0000
6453.0000,44.7040,-0.4112,-90.7161,0.0000
6453.1000,44.2839,-0.4114,-89.9546,0.0000
6453.2000,43.8638,-0.4116,-89.1904,0.0000
6453.3000,43.4436,-0.4118,-88.4237,0.0000
6453.4000,43.0235,-0.4120,-87.6545,0.0000
6453.5000,42.6034,-0.4122,-86.8827,0.0000
6453.6000,42.1833,-0.4123,-86.1084,0.0000
6453.7000,41.7631,-0.4125,-85.3316,0.0000
6453.8000,41.3430,-0.4127,-84.5524,0.0000
6453.9000,40.9229,-0.4128,-83.7708,0.0000
6454.0000,40.5028,-0.4130,-82.9868,0.0000
6454.1000,40.0826,-0.4131,-82.2004,0.0000
6454.2000,39.6625,-0.4133,-81.4117,0.0000
6454.3000,39.2424,-0.4134,-80.6206,0.0000
6454.4000,38.8223,-0.4136,-79.8273,0.0000
6454.5000,38.4021,-0.4137,-79.0317,0.0000
6454.6000,37.9820,-0.4139,-78.2338,0.0000
6454.7000,37.5619,-0.4140,-77.4338,0.0000
6454.8000,37.1418,-0.4141,-76.6315,0.0000
6454.9000,36.7216,-0.4143,-75.8271,0.0000
6455.0000,36.3015,-0.4144,-75.0205,0.0000
6455.1000,35.8814,-0.4145,-74.2118,0.0000
6455.2000,35.4613,-0.4146,-73.4011,0.0000
6455.3000,35.0411,-0.4147,-72.5882,0.0000
6455.4000,34.6210,-0.4148,-71.7734,0.0000
6455.5000,34.2009,-0.4150,-70.9565,0.0000
6455.6000,33.7808,-0.4151,-70.1376,0.0000
6455.7000,33.3606,-0.4152,-69.3167,0.0000
6455.8000,32.9405,-0.4153,-68.4940,0.0000
6455.9000,32.5204,-0.4154,-67.6693,0.0000
6456.0000,32.1003,-0.4155,-66.8427,0.0000
6456.1000,31.6801,-0.4156,-66.0142,0.0000
6456.2000,31.2600,-0.4156,-65.1839,0.0000
6456.3000,30.8399,-0.4157,-64.3518,0.0000
6456.4000,30.4198,-0.4158,-63.5179,0.0000
6456.5000,29.9996,-0.4159,-62.6823,0.0000
6456.6000,29.5795,-0.4160,-61.8448,0.0000
6456.7000,29.1594,-0.4161,-61.0057,0.0000
6456.8000,28.7392,-0.4161,-60.1649,0.0000
6456.9000,28.3191,-0.4162,-59.3224,0.0000
6457.0000,27.8990,-0.4163,-58.4783,0.0000
6457.1000,27.4789,-0.4163,-57.6326,0.0000
6457.2000,27.0587,-0.4164,-56.7852,0.0000
6457.3000,26.6386,-0.4165,-55.9364,0.0000
6457.4000,26.2185,-0.4165,-55.0859,0.0000
6457.5000,25.7984,-0.4166,-54.2340,0.0000
6457.6000,25.3782,-0.4167,-53.3805,0.0000
6457.7000,24.9581,-0.4167,-52.5256,0.0000
6457.8000,24.5380,-0.4168,-51.6692,0.0000
6457.9000,24.1179,-0.4168,-50.8114,0.0000
6458.0000,23.6977,-0.4169,-49.9523,0.0000
6458.1000,23.2776,-0.4169,-49.0917,0.0000
6458.2000,22.8575,-0.4170,-48.2298,0.0000
6458.3000,22.4374,-0.4170,-47.3666,0.0000
6458.4000,22.0172,-0.4171,-46.5021,0.0000
6458.5000,21.5971,-0.4171,-45.6363,0.0000
6458.6000,21.1770,-0.4172,-44.7693,0.0000
6458.7000,20.7569,-0.4172,-43.9010,0.0000
6458.8000,20.3367,-0.4173,-43.0316,0.0000
6458.9000,19.9166,-0.4173,-42.1609,0.2778
6459.0000,19.4965,-0.4173,-41.2891,0.2778
6459.1000,19.0764,-0.4174,-40.4162,0.2778
6459.2000,18.6562,-0.4174,-39.5422,0.2778
6459.3000,18.2361,-0.4175,-38.6672,0.2778
6459.4000,17.8160,-0.4175,-37.7910,0.2778
6459.5000,17.3959,-0.4175,-36.9139,0.2778
6459.6000,16.9757,-0.4176,-36.0357,0.2778
6459.7000,16.5556,-0.4176,-35.1565,0.2778
6459.8000,16.1355,-0.4176,-34.2764,0.2778
6459.9000,15.7154,-0.4176,-33.3954,0.2778
6460.0000,15.2952,-0.4177,-32.5135,0.2778
6460.1000,14.8751,-0.4177,-31.6307,0.2778
6460.2000,14.4550,-0.4177,-30.7470,0.2778
6460.3000,14.0349,-0.4177,-29.8625,0.2778
6460.4000,13.6147,-0.4178,-28.9772,0.2778
6460.5000,13.1946,-0.4178,-28.0911,0.2778
6460.6000,12.7745,-0.4178,-27.2042,0.2778
6460.7000,12.3543,-0.4178,-26.3166,0.2778
6460.8000,11.9342,-0.4178,-25.4283,0.2778
6460.9000,11.5141,-0.4179,-24.5393,0.2778
6461.0000,11.0940,-0.4179,-23.6496,0.2778
6461.1000,10.6738,-0.4179,-22.7593,0.2778
6461.2000,10.2537,-0.4179,-21.8684,0.2778
6461.3000,9.8336,-0.4179,-20.9769,0.2778
6461.4000,9.4135,-0.4180,-20.0848,0.2778
6461.5000,8.9933,-0.4180,-19.1922,0.2778
6461.6000,8.5732,-0.4180,-18.2991,0.2778
6461.7000,8.1531,-0.4180,-17.4055,0.2778
6461.8000,7.7330,-0.4180,-16.5114,0.2778
6461.9000,7.3128,-0.4180,-15.6168,0.2778
6462.0000,6.8927,-0.4180,-14.7219,0.2778
6462.1000,6.4726,-0.4180,-13.8265,0.2778
6462.2000,6.0525,-0.4180,-12.8840,0.2778
6462.3000,5.6353,-0.4181,-11.8160,0.2778
6462.4000,5.2273,-0.4181,-10.6257,0.2778
6462.5000,4.8344,-0.4181,-9.3739,0.2778
6462.6000,4.4619,-0.4181,-8.0594,0.2778
6462.7000,4.1191,-0.4181,-6.7808,0.2778
6462.8000,3.8072,-0.4181,-5.6746,0.2778
6462.9000,3.5233,-0.4181,-4.7510,0.2778
6463.0000,3.2650,-0.4181,-3.9796,0.2778
6463.1000,3.0300,-0.4181,-3.3704,0.2778
6463.2000,2.8120,-0.4181,-2.8853,0.2778
6463.3000,2.6097,-0.4181,-2.4689,0.2778
6463.4000,2.4219,-0.4181,-2.1113,0.2778
6463.5000,2.2476,-0.4181,-1.8044,0.2778
6463.6000,2.0859,-0.4181,-1.5411,0.2778
6463.7000,1.9358,-0.4181,-1.3153,0.2778
6463.8000,1.7965,-0.4181,-1.1216,0.2778
6463.9000,1.6673,-0.4181,-0.9557,0.2778
6464.0000,1.5473,-0.4181,-0.8135,0.2778
6464.1000,1.4360,-0.4181,-0.6917,0.2778
6464.2000,1.3326,-0.4181,-0.5874,0.2778
6464.3000,1.2367,-0.4181,-0.4982,0.2778
6464.4000,1.1478,-0.4181,-0.4219,0.2778
6464.5000,1.0652,-0.4181,-0.3568,0.2778
6464.6000,0.9885,-0.4181,-0.3011,0.2778
6464.7000,0.9174,-0.4181,-0.2536,0.2778
6464.8000,0.8514,-0.4181,-0.2131,0.2778
6464.9000,0.7901,-0.4181,-0.1786,0.2778
6465.0000,0.7333,-0.4181,-0.1493,0.2778
6465.1000,0.6805,-0.4181,-0.1243,0.2778
6465.2000,0.6315,-0.4181,-0.1031,0.2778
6465.3000,0.5861,-0.4181,-0.0852,0.2778
6465.4000,0.5439,-0.4181,-0.0700,0.2778
6465.5000,0.5048,-0.4182,-0.0571,0.2778
6465.6000,0.4685,-0.4182,-0.0463,0.2778
6465.7000,0.4348,-0.4182,-0.0371,0.2778
6465.8000,0.4035,-0.4182,-0.0295,0.2778
6465.9000,0.3744,-0.4182,-0.0231,0.2778
6466.0000,0.3475,-0.4182,-0.0177,0.2778
6466.1000,0.3225,-0.4182,-0.0132,0.2778
6466.2000,0.2993,-0.4182,-0.0095,0.2778
6466.3000,0.2778,-0.4182,-0.0065,0.2778
6466.4000,0.2578,-0.4182,-0.0040,0.2778
6466.5000,0.2392,-0.4182,-0.0019,0.2778
6466.6000,0.2220,-0.4182,-0.0003,0.2778
6466.7000,0.2060,-0.4182,-0.1033,0.2778
6466.8000,0.0000,-0.4182,-0.0000,0.2778
6466.9000,0.0000,-0.4182,-0.0000,0.2778
6467.0000,0.0000,-0.4182,-0.0000,0.2778
6467.1000,0.0000,-0.4182,-0.0000,0.2778
6467.2000,0.0000,-0.4182,-0.0000,0.2778
6467.3000,0.0000,-0.4182,-0.0000,0.2778
6467.4000,0.0000,-0.4182,-0.0000,0.2778
6467.5000,0.0000,-0.4182,-0.0000,0.2778
6467.6000,0.0000,-0.4182,-0.0000,0.2778
6467.7000,0.0000,-0.4182,-0.0000,0.2778
6467.8000,0.0000,-0.4182,-0.0000,0.2778
6467.9000,0.0000,-0.4182,-0.0000,0.2778
6468.0000,0.0000,-0.4182,-0.0000,0.2778
6468.1000,0.0000,-0.4182,-0.0000,0.2778
6468.2000,0.0000,-0.4182,-0.0000,0.2778
6468.3000,0.0000,-0.4182,-0.0000,0.2778
6468.4000,0.0000,-0.4182,-0.0000,0.2778
6468.5000,0.0000,-0.4182,-0.0000,0.2778
6468.6000,0.0000,-0.4182,-0.0000,0.2778
6468.7000,0.0000,-0.4182,-0.0000,0.2778
6468.8000,0.0000,-0.4182,-0.0000,0.2778
6468.9000,0.0000,-0.4182,-0.0000,0.2778
6469.0000,0.0000,-0.4182,-0.0000,0.2778
6469.1000,0.0000,-0.4182,-0.0000,0.2778
6469.2000,0.0000,-0.4182,-0.0000,0.2778
6469.3000,0.0000,-0.4182,-0.0000,0.2778
6469.4000,0.0000,-0.4182,-0.0000,0.2778
6469.5000,0.0000,-0.4182,-0.0000,0.2778
6469.6000,0.0000,-0.4182,-0.0000,0.2778
6469.7000,0.0000,-0.4182,-0.0000,0.2778
6469.8000,0.0000,-0.4182,-0.0000,0.2778
6469.9000,0.0000,-0.4182,-0.0000,0.2778
6470.0000,0.0000,-0.4182,-0.0000,0.2778
6470.1000,0.0000,-0.4182,-0.0000,0.2778
6470.2000,0.0000,-0.4182,-0.0000,0.2778
6470.3000,0.0000,-0.4182,-0.0000,0.2778
6470.4000,0.0000,-0.4182,-0.0000,0.2778
6470.5000,0.0000,-0.4182,-0.0000,0.2778
6470.6000,0.0000,-0.4182,-0.0000,0.2778
6470.7000,0.0000,-0.4182,-0.0000,0.2778
6470.8000,0.0000,-0.4182,-0.0000,0.2778
6470.9000,0.0000,-0.4182,-0.0000,0.2778
6471.0000,0.0000,-0.4182,-0.0000,0.2778
6471.1000,0.0000,-0.4182,-0.0000,0.2778
6471.2000,0.0000,-0.4182,-0.0000,0.2778
6471.3000,0.0000,-0.4182,-0.0000,0.2778
6471.4000,0.0000,-0.4182,-0.0000,0.2778
6471.5000,0.0000,-0.4182,-0.0000,0.2778
6471.6000,0.0000,-0.4182,-0.0000,0.2778
6471.7000,0.0000,-0.4182,-0.0000,0.2778
6471.8000,0.0000,-0.4182,-0.0000,0.2778
6471.9000,0.0000,-0.4182,-0.0000,0.2778
6472.0000,0.0000,-0.4182,-0.0000,0.2778
6472.1000,0.0000,-0.4182,-0.0000,0.2778
6472.2000,0.0000,-0.4182,-0.0000,0.2778
6472.3000,0.0000,-0.4182,-0.0000,0.2778
6472.4000,0.0000,-0.4182,-0.0000,0.2778
6472.5000,0.0000,-0.4182,-0.0000,0.2778
6472.6000,0.0000,-0.4182,-0.0000,0.2778
6472.7000,0.0000,-0.4182,-0.0000,0.2778
6472.8000,0.0000,-0.4182,-0.0000,0.2778
6472.9000,0.0000,-0.4182,-0.0000,0.2778
6473.0000,0.0000,-0.4182,-0.0000,0.2778
6473.1000,0.0000,-0.4182,-0.0000,0.2778
6473.2000,0.0000,-0.4182,-0.0000,0.2778
6473.3000,0.0000,-0.4182,-0.0000,0.2778
6473.4000,0.0000,-0.4182,-0.0000,0.2778
6473.5000,0.0000,-0.4182,-0.0000,0.2778
6473.6000,0.0000,-0.4182,-0.0000,0.2778
6473.7000,0.0000,-0.4182,-0.0000,0.2778
6473.8000,0.0000,-0.4182,-0.0000,0.2778
6473.9000,0.0000,-0.4182,-0.0000,0.2778
6474.0000,0.0000,-0.4182,-0.0000,0.2778
6474.1000,0.0000,-0.4182,-0.0000,0.2778
6474.2000,0.0000,-0.4182,-0.0000,0.2778
6474.3000,0.0000,-0.4182,-0.0000,0.2778
6474.4000,0.0000,-0.4182,-0.0000,0.2778
6474.5000,0.0000,-0.4182,-0.0000,0.2778
6474.6000,0.0000,-0.4182,-0.0000,0.2778
6474.7000,0.0000,-0.4182,-0.0000,0.2778
6474.8000,0.0000,-0.4182,-0.0000,0.2778
6474.9000,0.0000,-0.4182,-0.0000,0.2778
6475.0000,0.0000,-0.4182,-0.0000,0.2778
6475.1000,0.0000,-0.4182,-0.0000,0.2778
6475.2000,0.0000,-0.4182,-0.0000,0.2778
6475.3000,0.0000,-0.4182,-0.0000,0.2778
6475.4000,0.0000,-0.4182,-0.0000,0.2778
6475.5000,0.0000,-0.4182,-0.0000,0.2778
6475.6000,0.0000,-0.4182,-0.0000,0.2778
6475.7000,0.0000,-0.4182,-0.0000,0.2778
6475.8000,0.0000,-0.4182,-0.0000,0.2778
6475.9000,0.0000,-0.4182,-0.0000,0.2778
6476.0000,0.0000,-0.4182,-0.0000,0.2778
6476.1000,0.0000,-0.4182,-0.0000,0.2778
6476.2000,0.0000,-0.4182,-0.0000,0.2778
6476.3000,0.0000,-0.4182,-0.0000,0.2778
6476.4000,0.0000,-0.4182,-0.0000,0.2778
6476.5000,0.0000,-0.4182,-0.0000,0.2778
6476.6000,0.0000,-0.4182,-0.0000,0.2778
6476.7000,0.0000,-0.4182,-0.0000,0.2778
6476.8000,0.0000,-0.4182,-0.0000,0.2778
6476.9000,0.0000,-0.4182,-0.0000,0.2778
6477.0000,0.0000,-0.4182,-0.0000,0.2778
6477.1000,0.0000,-0.4182,-0.0000,0.2778
6477.2000,0.0000,-0.4182,-0.0000,0.2778
6477.3000,0.0000,-0.4182,-0.0000,0.2778
6477.4000,0.0000,-0.4182,-0.0000,0.2778
6477.5000,0.0000,-0.4182,-0.0000,0.2778
6477.6000,0.0000,-0.4182,-0.0000,0.2778
6477.7000,0.0000,-0.4182,-0.0000,0.2778
6477.8000,0.0000,-0.4182,-0.0000,0.2778
6477.9000,0.0000,-0.4182,-0.0000,0.2778
6478.0000,0.0000,-0.4182,-0.0000,0.2778
6478.1000,0.0000,-0.4182,-0.0000,0.2778
6478.2000,0.0000,-0.4182,-0.0000,0.2778
6478.3000,0.0000,-0.4182,-0.0000,0.2778
6478.4000,0.0000,-0.4182,-0.0000,0.2778
6478.5000,0.0000,-0.4182,-0.0000,0.2778
6478.6000,0.0000,-0.4182,-0.0000,0.2778
6478.7000,0.0000,-0.4182,-0.0000,0.2778
6478.8000,0.0000,-0.4182,-0.0000,0.2778
6478.9000,0.0000,-0.4182,-0.0000,0.2778
6479.0000,0.0000,-0.4182,-0.0000,0.2778
6479.1000,0.0000,-0.4182,-0.0000,0.2778
6479.2000,0.0000,-0.4182,-0.0000,0.2778
6479.3000,0.0000,-0.4182,-0.0000,0.2778
6479.4000,0.0000,-0.4182,-0.0000,0.2778
6479.5000,0.0000,-0.4182,-0.0000,0.2778
6479.6000,0.0000,-0.4182,-0.0000,0.2778
6479.7000,0.0000,-0.4182,-0.0000,0.2778
6479.8000,0.0000,-0.4182,-0.0000,0.2778
6479.9000,0.0000,-0.4182,-0.0000,0.2778
6480.0000,0.0000,-0.4182,-0.0000,0.2778
6480.1000,0.0000,-0.4182,-0.0000,0.2778
6480.2000,0.0000,-0.4182,-0.0000,0.2778
6480.3000,0.0000,-0.4182,-0.0000,0.2778
6480.4000,0.0000,-0.4182,-0.0000,0.2778
6480.5000,0.0000,-0.4182,-0.0000,0.2778
6480.6000,0.0000,-0.4182,-0.0000,0.2778
6480.7000,0.0000,-0.4182,-0.0000,0.2778
6480.8000,0.0000,-0.4182,-0.0000,0.2778
6480.9000,0.0000,-0.4182,-0.0000,0.2778
6481.0000,0.0000,-0.4182,-0.0000,0.2778
6481.1000,0.0000,-0.4182,-0.0000,0.2778
6481.2000,0.0000,-0.4182,-0.0000,0.2778
6481.3000,0.0000,-0.4182,-0.0000,0.2778
6481.4000,0.0000,-0.4182,-0.0000,0.2778
6481.5000,0.0000,-0.4182,-0.0000,0.2778
6481.6000,0.0000,-0.4182,-0.0000,0.2778
6481.7000,0.0000,-0.4182,-0.0000,0.2778
6481.8000,0.0000,-0.4182,-0.0000,0.2778
6481.9000,0.0000,-0.4182,-0.0000,0.2778
6482.0000,0.0000,-0.4182,-0.0000,0.2778
6482.1000,0.0000,-0.4182,-0.0000,0.2778
6482.2000,0.0000,-0.4182,-0.0000,0.2778
6482.3000,0.0000,-0.4182,-0.0000,0.2778
6482.4000,0.0000,-0.4182,-0.0000,0.2778
6482.5000,0.0000,-0.4182,-0.0000,0.2778
6482.6000,0.0000,-0.4182,-0.0000,0.2778
6482.7000,0.0000,-0.4182,-0.0000,0.2778
6482.8000,0.0000,-0.4182,-0.0000,0.2778
6482.9000,0.0000,-0.4182,-0.0000,0.2778
6483.0000,0.0000,-0.4182,-0.0000,0.2778
6483.1000,0.0000,-0.4182,-0.0000,0.2778
6483.2000,0.0000,-0.4182,-0.0000,0.2778
6483.3000,0.0000,-0.4182,-0.0000,0.2778
6483.4000,0.0000,-0.4182,-0.0000,0.2778
6483.5000,0.0000,-0.4182,-0.0000,0.2778
6483.6000,0.0000,-0.4182,-0.0000,0.2778
6483.7000,0.0000,-0.4182,-0.0000,0.2778
6483.8000,0.0000,-0.4182,-0.0000,0.2778
6483.9000,0.0000,-0.4182,-0.0000,0.2778
6484.0000,0.0000,-0.4182,-0.0000,0.2778
6484.1000,0.0000,-0.4182,-0.0000,0.2778
6484.2000,0.0000,-0.4182,-0.0000,0.2778
6484.3000,0.0000,-0.4182,-0.0000,0.2778
6484.4000,0.0000,-0.4182,-0.0000,0.2778
6484.5000,0.0000,-0.4182,-0.0000,0.2778
6484.6000,0.0000,-0.4182,-0.0000,0.2778
6484.7000,0.0000,-0.4182,-0.0000,0.2778
6484.8000,0.0000,-0.4182,-0.0000,0.2778
6484.9000,0.0000,-0.4182,-0.0000,0.2778
6485.0000,0.0000,-0.4182,-0.0000,0.2778
6485.1000,0.0000,-0.4182,-0.0000,0.2778
6485.2000,0.0000,-0.4182,-0.0000,0.2778
6485.3000,0.0000,-0.4182,-0.0000,0.2778
6485.4000,0.0000,-0.4182,-0.0000,0.2778
6485.5000,0.0000,-0.4182,-0.0000,0.2778
6485.6000,0.0000,-0.4182,-0.0000,0.2778
6485.7000,0.0000,-0.4182,-0.0000,0.2778
6485.8000,0.0000,-0.4182,-0.0000,0.2778
6485.9000,0.0000,-0.4182,-0.0000,0.2778
6486.0000,0.0000,-0.4182,-0.0000,0.2778
6486.1000,0.0000,-0.4182,-0.0000,0.2778
6486.2000,0.0000,-0.4182,-0.0000,0.2778
6486.3000,0.0000,-0.4182,-0.0000,0.2778
6486.4000,0.0000,-0.4182,-0.0000,0.2778
6486.5000,0.0000,-0.4182,-0.0000,0.2778
6486.6000,0.0000,-0.4182,-0.0000,0.2778
6486.7000,0.0000,-0.4182,-0.0000,0.2778
6486.8000,0.0000,-0.4182,-0.0000,0.2778
6486.9000,0.0000,-0.4182,-0.0000,0.2778
6487.0000,0.0000,-0.4182,-0.0000,0.2778
6487.1000,0.0000,-0.4182,-0.0000,0.2778
6487.2000,0.0000,-0.4182,-0.0000,0.2778
6487.3000,0.0000,-0.4182,-0.0000,0.2778
6487.4000,0.0000,-0.4182,-0.0000,0.2778
6487.5000,0.0000,-0.4182,-0.0000,0.2778
6487.6000,0.0000,-0.4182,-0.0000,0.2778
6487.7000,0.0000,-0.4182,-0.0000,0.2778
6487.8000,0.0000,-0.4182,-0.0000,0.2778
6487.9000,0.0000,-0.4182,-0.0000,0.2778
6488.0000,0.0000,-0.4182,-0.0000,0.2778
6488.1000,0.0000,-0.4182,-0.0000,0.2778
6488.2000,0.0000,-0.4182,-0.0000,0.2778
6488.3000,0.0000,-0.4182,-0.0000,0.2778
6488.4000,0.0000,-0.4182,-0.0000,0.2778
6488.5000,0.0000,-0.4182,-0.0000,0.2778
6488.6000,0.0000,-0.4182,-0.0000,0.2778
6488.7000,0.0000,-0.4182,-0.0000,0.2778
6488.8000,0.0000,-0.4182,-0.0000,0.2778
6488.9000,0.0000,-0.4182,-0.0000,0.2778
6489.0000,0.0000,-0.4182,-0.0000,0.2778
6489.1000,0.0000,-0.4182,-0.0000,0.2778
6489.2000,0.0000,-0.4182,-0.0000,0.2778
6489.3000,0.0000,-0.4182,-0.0000,0.2778
6489.4000,0.0000,-0.4182,-0.0000,0.2778
6489.5000,0.0000,-0.4182,-0.0000,0.2778
6489.6000,0.0000,-0.4182,-0.0000,0.2778
6489.7000,0.0000,-0.4182,-0.0000,0.2778
6489.8000,0.0000,-0.4182,-0.0000,0.2778
6489.9000,0.0000,-0.4182,-0.0000,0.2778
6490.0000,0.0000,-0.4182,-0.0000,0.2778
6490.1000,0.0000,-0.4182,-0.0000,0.2778
6490.2000,0.0000,-0.4182,-0.0000,0.2778
6490.3000,0.0000,-0.4182,-0.0000,0.2778
6490.4000,0.0000,-0.4182,-0.0000,0.2778
6490.5000,0.0000,-0.4182,-0.0000,0.2778
6490.6000,0.0000,-0.4182,-0.0000,0.2778
6490.7000,0.0000,-0.4182,-0.0000,0.2778
6490.8000,0.0000,-0.4182,-0.0000,0.2778
6490.9000,0.0000,-0.4182,-0.0000,0.2778
6491.0000,0.0000,-0.4182,-0.0000,0.2778
6491.1000,0.0000,-0.4182,-0.0000,0.2778
6491.2000,0.0000,-0.4182,-0.0000,0.2778
6491.3000,0.0000,-0.4182,-0.0000,0.2778
6491.4000,0.0000,-0.4182,-0.0000,0.2778
6491.5000,0.0000,-0.4182,-0.0000,0.2778
6491.6000,0.0000,-0.4182,-0.0000,0.2778
6491.7000,0.0000,-0.4182,-0.0000,0.2778
6491.8000,0.0000,-0.4182,-0.0000,0.2778
6491.9000,0.0000,-0.4182,-0.0000,0.2778
6492.0000,0.0000,-0.4182,-0.0000,0.2778
6492.1000,0.0000,-0.4182,-0.0000,0.2778
6492.2000,0.0000,-0.4182,-0.0000,0.2778
6492.3000,0.0000,-0.4182,-0.0000,0.2778
6492.4000,0.0000,-0.4182,-0.0000,0.2778
6492.5000,0.0000,-0.4182,-0.0000,0.2778
6492.6000,0.0000,-0.4182,-0.0000,0.2778
6492.7000,0.0000,-0.4182,-0.0000,0.2778
6492.8000,0.0000,-0.4182,-0.0000,0.2778
6492.9000,0.0000,-0.4182,-0.0000,0.2778
6493.0000,0.0000,-0.4182,-0.0000,0.2778
6493.1000,0.0000,-0.4182,-0.0000,0.2778
6493.2000,0.0000,-0.4182,-0.0000,0.2778
6493.3000,0.0000,-0.4182,-0.0000,0.2778
6493.4000,0.0000,-0.4182,-0.0000,0.2778
6493.5000,0.0000,-0.4182,-0.0000,0.2778
6493.6000,0.0000,-0.4182,-0.0000,0.2778
6493.7000,0.0000,-0.4182,-0.0000,0.2778
6493.8000,0.0000,-0.4182,-0.0000,0.2778
6493.9000,0.0000,-0.4182,-0.0000,0.2778
6494.0000,0.0000,-0.4182,-0.0000,0.2778
6494.1000,0.0000,-0.4182,-0.0000,0.2778
6494.2000,0.0000,-0.4182,-0.0000,0.2778
6494.3000,0.0000,-0.4182,-0.0000,0.2778
6494.4000,0.0000,-0.4182,-0.0000,0.2778
6494.5000,0.0000,-0.4182,-0.0000,0.2778
6494.6000,0.0000,-0.4182,-0.0000,0.2778
6494.7000,0.0000,-0.4182,-0.0000,0.2778
6494.8000,0.0000,-0.4182,-0.0000,0.2778
6494.9000,0.0000,-0.4182,-0.0000,0.2778
6495.0000,0.0000,-0.4182,-0.0000,0.2778
6495.1000,0.0000,-0.4182,-0.0000,0.2778
6495.2000,0.0000,-0.4182,-0.0000,0.2778
6495.3000,0.0000,-0.4182,-0.0000,0.2778
6495.4000,0.0000,-0.4182,-0.0000,0.2778
6495.5000,0.0000,-0.4182,-0.0000,0.2778
6495.6000,0.0000,-0.4182,-0.0000,0.2778
6495.7000,0.0000,-0.4182,-0.0000,0.2778
6495.8000,0.0000,-0.4182,-0.0000,0.2778
6495.9000,0.0000,-0.4182,-0.0000,0.2778
6496.0000,0.0000,-0.4182,-0.0000,0.2778
6496.1000,0.0000,-0.4182,-0.0000,0.2778
6496.2000,0.0000,-0.4182,-0.0000,0.2778
6496.3000,0.0000,-0.4182,-0.0000,0.2778
6496.4000,0.0000,-0.4182,-0.0000,0.2778
6496.5000,0.0000,-0.4182,-0.0000,0.2778
6496.6000,0.0000,-0.4182,-0.0000,0.2778
6496.7000,0.0000,-0.4182,-0.0000,0.2778
6496.8000,0.0000,-0.4182,-0.0000,0.2778
6496.9000,0.0000,-0.4182,-0.0000,0.2778
6497.0000,0.0000,-0.4182,-0.0000,0.2778
6497.1000,0.0000,-0.4182,-0.0000,0.2778
6497.2000,0.0000,-0.4182,-0.0000,0.2778
6497.3000,0.0000,-0.4182,-0.0000,0.2778
6497.4000,0.0000,-0.4182,-0.0000,0.2778
6497.5000,0.0000,-0.4182,-0.0000,0.2778
6497.6000,0.0000,-0.4182,-0.0000,0.2778
6497.7000,0.0000,-0.4182,-0.0000,0.2778
6497.8000,0.0000,-0.4182,-0.0000,0.2778
6497.9000,0.0000,-0.4182,-0.0000,0.2778
6498.0000,0.0000,-0.4182,-0.0000,0.2778
6498.1000,0.0000,-0.4182,-0.0000,0.2778
6498.2000,0.0000,-0.4182,-0.0000,0.2778
6498.3000,0.0000,-0.4182,-0.0000,0.2778
6498.4000,0.0000,-0.4182,-0.0000,0.2778
6498.5000,0.0000,-0.4182,-0.0000,0.2778
6498.6000,0.0000,-0.4182,-0.0000,0.2778
6498.7000,0.0000,-0.4182,-0.0000,0.2778
6498.8000,0.0000,-0.4182,-0.0000,0.2778
6498.9000,0.0000,-0.4182,-0.0000,0.2778
6499.0000,0.0000,-0.4182,-0.0000,0.2778
6499.1000,0.0000,-0.4182,-0.0000,0.2778
6499.2000,0.0000,-0.4182,-0.0000,0.2778
6499.3000,0.0000,-0.4182,-0.0000,0.2778
6499.4000,0.0000,-0.4182,-0.0000,0.2778
6499.5000,0.0000,-0.4182,-0.0000,0.2778
6499.6000,0.0000,-0.4182,-0.0000,0.2778
6499.7000,0.0000,-0.4182,-0.0000,0.2778
6499.8000,0.0000,-0.4182,-0.0000,0.2778
6499.9000,0.0000,-0.4182,-0.0000,0.2778
6500.0000,0.0000,-0.4182,-0.0000,0.2778
6500.1000,0.0000,-0.4182,-0.0000,0.2778
6500.2000,0.0000,-0.4182,-0.0000,0.2778
6500.3000,0.0000,-0.4182,-0.0000,0.2778
6500.4000,0.0000,-0.4182,-0.0000,0.2778
6500.5000,0.0000,-0.4182,-0.0000,0.2778
6500.6000,0.0000,-0.4182,-0.0000,0.2778
6500.7000,0.0000,-0.4182,-0.0000,0.2778
6500.8000,0.0000,-0.4182,-0.0000,0.2778
6500.9000,0.0000,-0.4182,-0.0000,0.2778
6501.0000,0.0000,-0.4182,-0.0000,0.2778
6501.1000,0.0000,-0.4182,-0.0000,0.2778
6501.2000,0.0000,-0.4182,-0.0000,0.2778
6501.3000,0.0000,-0.4182,-0.0000,0.2778
6501.4000,0.0000,-0.4182,-0.0000,0.2778
6501.5000,0.0000,-0.4182,-0.0000,0.2778
6501.6000,0.0000,-0.4182,-0.0000,0.2778
6501.7000,0.0000,-0.4182,-0.0000,0.2778
6501.8000,0.0000,-0.4182,0.0000,0.2778
6501.9000,0.2522,-0.4182,0.3588,0.2778
6502.0000,0.5044,-0.4182,0.8298,0.6544
6502.1000,0.8407,-0.4182,1.7573,0.7318
6502.2000,1.2610,-0.4182,2.9168,0.8460
6502.3000,1.6814,-0.4182,3.8890,0.8862
6502.4000,2.1017,-0.4182,4.8613,0.9287
6502.5000,2.5220,-0.4182,5.8334,0.9721
6502.6000,2.9423,-0.4182,6.8054,1.0180
6502.7000,3.3625,-0.4182,7.7772,1.0655
6502.8000,3.7827,-0.4182,8.7486,1.1157
6502.9000,4.2029,-0.4182,9.7196,1.1659
6503.0000,4.6229,-0.4182,10.6899,1.2194
6503.1000,5.0429,-0.4182,11.6595,1.2766
6503.2000,5.4628,-0.4182,12.6281,1.3362
6503.3000,5.8825,-0.4182,13.5957,1.3982
6503.4000,6.3021,-0.4182,14.5618,1.4616
6503.5000,6.7215,-0.4182,15.5264,1.5259
6503.6000,7.1408,-0.4182,16.4892,1.5911
6503.7000,7.5598,-0.4182,17.4499,1.6571
6503.8000,7.9785,-0.4183,18.4083,1.7235
6503.9000,8.3970,-0.4183,19.3640,1.7904
6504.0000,8.8152,-0.4183,20.3167,1.8577
6504.1000,9.2330,-0.4183,21.2662,1.9258
6504.2000,9.6505,-0.4183,22.2120,1.9946
6504.3000,10.0676,-0.4183,23.1539,2.0642
6504.4000,10.4842,-0.4183,24.0913,2.1339
6504.5000,10.9004,-0.4183,25.0241,2.2040
6504.6000,11.3160,-0.4184,25.9517,2.2751
6504.7000,11.7311,-0.4184,26.8737,2.3471
6504.8000,12.1455,-0.4184,27.7897,2.4200
6504.9000,12.5594,-0.4184,28.6994,2.4934
6505.0000,12.9725,-0.4184,29.6021,2.5677
6505.1000,13.3849,-0.4184,30.4976,2.6428
6505.2000,13.7966,-0.4184,31.3852,2.7189
6505.3000,14.2074,-0.4185,32.2646,2.7954
6505.4000,14.6173,-0.4185,33.1352,2.8726
6505.5000,15.0263,-0.4185,33.9966,2.9507
6505.6000,15.4344,-0.4185,34.8483,3.0311
6505.7000,15.8414,-0.4185,35.6897,3.1122
6505.8000,16.2473,-0.4185,36.5204,3.1939
6505.9000,16.6521,-0.4186,37.3399,3.2763
6506.0000,17.0557,-0.4186,38.1476,3.2378
6506.1000,17.4581,-0.4186,38.9430,3.2849
6506.2000,17.8592,-0.4186,39.7256,3.3317
6506.3000,18.2589,-0.4186,40.4950,3.3779
6506.4000,18.6572,-0.4186,41.2505,3.4236
6506.5000,19.0540,-0.4187,41.9918,3.4677
6506.6000,19.4493,-0.4187,42.7183,3.5101
6506.7000,19.8430,-0.4187,43.4295,3.5518
6506.8000,20.2350,-0.4187,44.1249,3.0165
6506.9000,20.6254,-0.4187,44.8041,3.0651
6507.0000,21.0140,-0.4187,45.4666,3.1129
6507.1000,21.4007,-0.4188,46.1120,3.1600
6507.2000,21.7856,-0.4188,46.7397,3.2062
6507.3000,22.1685,-0.4188,47.3495,3.2516
6507.4000,22.5495,-0.4188,47.9408,3.2962
6507.5000,22.9283,-0.4188,48.5132,3.3400
6507.6000,23.3051,-0.4188,49.0665,3.3828
6507.7000,23.6796,-0.4189,49.6002,3.4247
6507.8000,24.0519,-0.4189,50.1140,3.4657
6507.9000,24.4220,-0.4189,50.6075,3.5058
6508.0000,24.7896,-0.4189,51.0806,3.5449
6508.1000,25.1549,-0.4189,51.5328,3.3718
6508.2000,25.5176,-0.4189,51.9639,3.3836
6508.3000,25.8779,-0.4189,52.3737,3.4118
6508.4000,26.2356,-0.4189,52.7620,3.4388
6508.5000,26.5906,-0.4190,53.1285,3.4646
6508.6000,26.9430,-0.4190,53.4733,3.4893
6508.7000,27.2926,-0.4190,53.7960,3.5127
6508.8000,27.6394,-0.4190,54.0966,3.5349
6508.9000,27.9834,-0.4190,54.3750,3.5560
6509.0000,28.3246,-0.4190,54.6311,3.5758
6509.1000,28.6628,-0.4190,54.8650,3.5944
6509.2000,28.9980,-0.4190,55.0766,3.6118
6509.3000,29.3302,-0.4190,55.2659,3.6280
6509.4000,29.6593,-0.4190,55.4330,3.6429
6509.5000,29.9853,-0.4190,55.5780,3.6567
6509.6000,30.3082,-0.4190,55.7010,3.6692
6509.7000,30.6279,-0.4190,55.8020,3.6806
6509.8000,30.9444,-0.4190,55.8814,3.6907
6509.9000,31.2577,-0.4190,55.9392,3.6997
6510.0000,31.5676,-0.4190,55.9756,3.7075
6510.1000,31.8743,-0.4190,55.9910,3.7141
6510.2000,32.1776,-0.4190,55.9855,3.7196
6510.3000,32.4775,-0.4190,55.9594,3.7240
6510.4000,32.7741,-0.4190,55.9131,3.7272
6510.5000,33.0672,-0.4190,55.8468,3.7293
6510.6000,33.3568,-0.4190,55.7609,3.7303
6510.7000,33.6431,-0.4190,55.6558,3.7302
6510.8000,33.9258,-0.4190,55.5318,3.7291
6510.9000,34.2050,-0.4190,55.3894,3.5788
6511.0000,34.4808,-0.4190,55.2290,3.5530
6511.1000,34.7530,-0.4190,55.0509,3.5269
6511.2000,35.0216,-0.4189,52.7407,3.3907
6511.3000,35.2640,-0.4189,48.2831,3.1446
6511.4000,35.4806,-0.4189,43.8569,2.9002
6511.5000,35.6724,-0.4189,39.4461,2.6564
6511.6000,35.8396,-0.4189,34.8131,2.4001
6511.7000,35.9803,-0.4189,32.0610,2.2483
6511.8000,36.1170,-0.4188,31.2967,2.2074
6511.9000,36.2483,-0.4188,30.3134,2.1542
6512.0000,36.3733,-0.4188,29.3943,2.1072
6512.1000,36.4938,-0.4188,28.7905,2.0775
6512.2000,36.6114,-0.4187,28.4613,2.0622
6512.3000,36.7273,-0.4187,28.1540,2.0480
6512.4000,36.8406,-0.4187,27.4801,2.0142
6512.5000,36.9486,-0.4186,26.4854,1.9631
6512.6000,37.0508,-0.4186,25.4385,1.9090
6512.7000,37.1472,-0.4186,24.1615,1.8423
6512.8000,37.2356,-0.4185,22.7998,1.7706
6512.9000,37.3174,-0.4185,21.7155,1.7135
6513.0000,37.3942,-0.4185,20.7436,1.6622
6513.1000,37.4657,-0.4184,19.7133,1.6074
6513.2000,37.5316,-0.4184,18.7280,1.5548
6513.3000,37.5927,-0.4184,17.7038,1.4999
6513.4000,37.6479,-0.4183,16.7622,1.4492
6513.5000,37.6992,-0.4183,16.0577,1.4114
6513.6000,37.7470,-0.4182,15.5524,1.3843
6513.7000,37.7930,-0.4182,15.2921,1.3707
6513.8000,37.8380,-0.4181,15.2704,1.3702
6513.9000,37.8835,-0.4181,15.3069,1.3729
6514.0000,37.9285,-0.4180,14.9700,1.3550
6514.1000,37.9704,-0.4180,14.1581,1.3108
6514.2000,38.0072,-0.4179,13.1104,1.2534
6514.3000,38.0385,-0.4179,12.0597,1.1956
6514.4000,38.0647,-0.4178,10.9944,1.1367
6514.5000,38.0852,-0.4178,9.8421,1.0726
6514.6000,38.0999,-0.4177,8.6097,0.9646
6514.7000,38.1082,-0.4177,7.5013,0.8764
6514.8000,38.1119,-0.4176,6.5064,0.7984
6514.9000,38.1103,-0.4175,5.4391,0.7158
6515.0000,38.1034,-0.4175,4.4064,0.6381
6515.1000,38.0916,-0.4174,3.4714,0.5694
6515.2000,38.0754,-0.4174,2.5852,0.5057
6515.3000,38.0549,-0.4173,1.8005,0.4514
6515.4000,38.0310,-0.4172,1.3020,0.4174
6515.5000,38.0055,-0.4172,1.1045,0.4040
6515.6000,37.9797,-0.4171,1.1735,0.4084
6515.7000,37.9550,-0.4170,1.6668,0.4417
6515.8000,37.9341,-0.4170,2.2822,0.4838
6515.9000,37.9155,-0.4169,2.4368,0.4944
6516.0000,37.8962,-0.4168,2.3551,0.4886
6516.1000,37.8769,-0.4168,2.6139,0.5065
6516.2000,37.8602,-0.4167,2.7289,0.5146
6516.3000,37.8421,-0.4166,2.1836,0.4764
6516.4000,37.8200,-0.4165,1.7820,0.4487
6516.5000,37.7978,-0.4165,1.8741,0.4548
6516.6000,37.7767,-0.4164,1.7426,0.4457
6516.7000,37.7533,-0.4163,1.2718,0.4136
6516.8000,37.7275,-0.4162,1.2198,0.4099
6516.9000,37.7036,-0.4161,1.6631,0.4398
6517.0000,37.6823,-0.4161,2.3054,0.4838
6517.1000,37.6649,-0.4160,3.0420,0.5361
6517.2000,37.6510,-0.4159,3.7871,0.5903
6517.3000,37.6411,-0.4158,4.4959,0.6429
6517.4000,37.6343,-0.4157,5.0256,0.6827
6517.5000,37.6297,-0.4157,5.2310,0.6984
6517.6000,37.6250,-0.4156,5.3220,0.7054
6517.7000,37.6214,-0.4155,5.7010,0.7346
6517.8000,37.6205,-0.4154,6.3153,0.7825
6517.9000,37.6230,-0.4153,6.9424,0.8317
6518.0000,37.6284,-0.4152,7.4378,0.8709
6518.1000,37.6358,-0.4151,7.7882,0.8988
6518.2000,37.6447,-0.4150,8.1838,0.9304
6518.3000,37.6561,-0.4150,8.6551,0.9683
6518.4000,37.6696,-0.4149,9.0613,1.0011
6518.5000,37.6850,-0.4148,9.4941,1.0363
6518.6000,37.7028,-0.4147,9.9934,1.0770
6518.7000,37.7232,-0.4146,10.0885,1.0847
6518.8000,37.7418,-0.4145,9.9213,1.0710
6518.9000,37.7604,-0.4144,10.0860,1.0845
6519.0000,37.7806,-0.4143,10.4172,1.1116
6519.1000,37.8024,-0.4142,10.6907,1.1340
6519.2000,37.8253,-0.4141,11.0723,1.1655
6519.3000,37.8508,-0.4140,11.3402,1.1876
6519.4000,37.8762,-0.4139,11.2942,1.1837
6519.5000,37.9011,-0.4138,11.2234,1.1778
6519.6000,37.9257,-0.4137,11.3477,1.1880
6519.7000,37.9518,-0.4136,11.8122,1.1805
6519.8000,37.9808,-0.4135,12.4559,1.2167
6519.9000,38.0131,-0.4134,12.8950,1.2416
6520.0000,38.0464,-0.4133,12.8735,1.2409
6520.1000,38.0783,-0.4132,12.5876,1.2255
6520.2000,38.1086,-0.4131,12.0504,1.1961
6520.3000,38.1350,-0.4130,11.4383,1.1625
6520.4000,38.1591,-0.4129,11.1560,1.1471
6520.5000,38.1827,-0.4128,11.1283,1.1459
6520.6000,38.2064,-0.4127,11.1683,1.1485
6520.7000,38.2302,-0.4125,10.9682,1.1377
6520.8000,38.2518,-0.4124,10.3401,1.1030
6520.9000,38.2693,-0.4123,9.5087,1.0567
6521.0000,38.2826,-0.4122,8.9205,0.9895
6521.1000,38.2943,-0.4121,8.4081,0.9485
6521.2000,38.3025,-0.4120,8.0880,0.9231
6521.3000,38.3109,-0.4119,8.3783,0.9462
6521.4000,38.3220,-0.4118,8.8470,0.9836
6521.5000,38.3350,-0.4116,9.1419,1.0072
6521.6000,38.3489,-0.4115,9.3589,1.0247
6521.7000,38.3640,-0.4114,9.4645,1.0332
6521.8000,38.3789,-0.4113,9.1952,1.0115
6521.9000,38.3912,-0.4112,8.5276,0.9581
6522.0000,38.3995,-0.4111,7.5682,0.8821
6522.1000,38.4024,-0.4110,6.6156,0.8075
6522.2000,38.4012,-0.4108,5.8306,0.7467
6522.3000,38.3964,-0.4107,5.5407,0.7244
6522.4000,38.3924,-0.4106,5.8068,0.7449
6522.5000,38.3902,-0.4105,6.4746,0.7965
6522.6000,38.3928,-0.4104,7.3663,0.8662
6522.7000,38.3994,-0.4102,8.0766,0.9222
6522.8000,38.4089,-0.4101,8.2467,0.9357
6522.9000,38.4171,-0.4100,8.2231,0.9339
6523.0000,38.4264,-0.4099,8.2461,0.9357
6523.1000,38.4347,-0.4097,8.1060,0.9246
6523.2000,38.4426,-0.4096,8.0522,0.9203
6523.3000,38.4504,-0.4095,8.2680,0.9374
6523.4000,38.4603,-0.4094,8.4668,0.9532
6523.5000,38.4700,-0.4092,8.6857,0.9707
6523.6000,38.4820,-0.4091,9.2095,1.0126
6523.7000,38.4968,-0.4090,9.8869,1.0672
6523.8000,38.5155,-0.4089,10.4209,1.1105
6523.9000,38.5354,-0.4087,10.8566,1.1459
6524.0000,38.5582,-0.4086,11.3283,1.1845
6524.1000,38.5826,-0.4085,11.7333,1.2178
6524.2000,38.6093,-0.4084,12.2126,1.2127
6524.3000,38.6383,-0.4082,12.7848,1.2449
6524.4000,38.6704,-0.4081,13.2892,1.2734
6524.5000,38.7042,-0.4080,13.5827,1.2902
6524.6000,38.7389,-0.4078,13.6595,1.2949
6524.7000,38.7733,-0.4077,13.3315,1.2773
6524.8000,38.8047,-0.4076,12.7571,1.2459
6524.9000,38.8333,-0.4075,12.0767,1.2085
6525.0000,38.8579,-0.4073,11.1451,1.1570
6525.1000,38.8773,-0.4072,10.4503,1.1185
6525.2000,38.8951,-0.4071,10.1248,1.1006
6525.3000,38.9113,-0.4069,9.6153,1.0724
6525.4000,38.9241,-0.4068,9.0078,0.9964
6525.5000,38.9343,-0.4067,8.5598,0.9608
6525.6000,38.9427,-0.4065,7.9661,0.9140
6525.7000,38.9471,-0.4064,7.2588,0.8586
6525.8000,38.9486,-0.4063,6.9794,0.8369
6525.9000,38.9503,-0.4061,7.1286,0.8485
6526.0000,38.9532,-0.4060,7.5869,0.8842
6526.1000,38.9593,-0.4059,8.1058,0.9250
6526.2000,38.9673,-0.4057,8.3995,0.9482
6526.3000,38.9762,-0.4056,8.5328,0.9587
6526.4000,38.9854,-0.4055,8.6810,0.9704
6526.5000,38.9957,-0.4053,8.6701,0.9696
6526.6000,39.0047,-0.4052,8.5883,0.9631
6526.7000,39.0142,-0.4050,8.8804,0.9863
6526.8000,39.0260,-0.4049,9.3391,1.0228
6526.9000,39.0399,-0.4048,9.8149,1.0609
6527.0000,39.0562,-0.4046,10.4635,1.1131
6527.1000,39.0763,-0.4045,11.1380,1.1677
6527.2000,39.0991,-0.4044,11.7349,1.2164
6527.3000,39.1248,-0.4042,12.3106,1.2635
6527.4000,39.1530,-0.4041,12.7213,1.2493
6527.5000,39.1825,-0.4040,12.9209,1.2608
6527.6000,39.2125,-0.4038,12.8447,1.2570
6527.7000,39.2412,-0.4037,12.3272,1.2287
6527.8000,39.2660,-0.4035,11.5742,1.1872
6527.9000,39.2873,-0.4034,10.9785,1.1543
6528.0000,39.3063,-0.4033,10.4499,1.1251
6528.1000,39.3225,-0.4031,9.9739,1.0987
6528.2000,39.3368,-0.4030,9.7237,1.0849
6528.3000,39.3505,-0.4028,9.6748,1.0824
6528.4000,39.3643,-0.4027,9.3607,1.0245
6528.5000,39.3749,-0.4026,8.7856,0.9789
6528.6000,39.3832,-0.4024,8.3495,0.9445
6528.7000,39.3895,-0.4023,7.9697,0.9148
6528.8000,39.3941,-0.4022,7.5788,0.8843
6528.9000,39.3967,-0.4020,7.1854,0.8537
6529.0000,39.3975,-0.4019,6.7762,0.8221
6529.1000,39.3962,-0.4017,6.1287,0.7724
6529.2000,39.3908,-0.4016,5.4582,0.7217
6529.3000,39.3830,-0.4015,4.9405,0.6832
6529.4000,39.3727,-0.4013,4.4277,0.6454
6529.5000,39.3600,-0.4012,3.9123,0.6078
6529.6000,39.3447,-0.4010,3.5352,0.5805
6529.7000,39.3285,-0.4009,3.3099,0.5643
6529.8000,39.3111,-0.4008,2.9652,0.5396
6529.9000,39.2915,-0.4006,2.8203,0.5294
6530.0000,39.2728,-0.4005,3.1490,0.5525
6530.1000,39.2564,-0.4004,3.5343,0.5800
6530.2000,39.2414,-0.4002,3.8660,0.6038
6530.3000,39.2283,-0.4001,4.4264,0.6446
6530.4000,39.2187,-0.3999,4.8238,0.6738
6530.5000,39.2094,-0.3998,4.7459,0.6680
6530.6000,39.1990,-0.3997,4.6397,0.6602
6530.7000,39.1888,-0.3995,4.6293,0.6593
6530.8000,39.1783,-0.3994,4.5842,0.6560
6530.9000,39.1676,-0.3993,4.7630,0.6691
6531.0000,39.1590,-0.3991,5.2799,0.7075
6531.1000,39.1533,-0.3990,5.8681,0.7517
6531.2000,39.1503,-0.3989,6.3524,0.7889
6531.3000,39.1492,-0.3987,6.7562,0.8200
6531.4000,39.1501,-0.3986,7.1500,0.8505
6531.5000,39.1529,-0.3985,7.3904,0.8692
6531.6000,39.1561,-0.3983,7.5345,0.8804
6531.7000,39.1602,-0.3982,7.7395,0.8965
6531.8000,39.1654,-0.3981,7.7022,0.8935
6531.9000,39.1691,-0.3979,7.6261,0.8876
6532.0000,39.1735,-0.3978,7.8536,0.9054
6532.1000,39.1794,-0.3976,8.2601,0.9373
6532.2000,39.1877,-0.3975,8.8319,0.9825
6532.3000,39.1991,-0.3974,9.7173,1.0529
6532.4000,39.2158,-0.3973,10.5359,1.1187
6532.5000,39.2350,-0.3971,10.8933,1.1476
6532.6000,39.2551,-0.3970,10.8051,1.1404
6532.7000,39.2733,-0.3969,10.4488,1.1116
6532.8000,39.2899,-0.3967,9.9691,1.0730
6532.9000,39.3035,-0.3966,9.2073,1.0123
6533.0000,39.3127,-0.3965,8.3936,0.9479
6533.1000,39.3184,-0.3963,7.6785,0.8919
6533.2000,39.3207,-0.3962,6.7127,0.8170
6533.3000,39.3171,-0.3961,5.6980,0.7394
6533.4000,39.3097,-0.3959,4.9349,0.6824
6533.5000,39.2988,-0.3958,4.1836,0.6272
6533.6000,39.2841,-0.3957,3.4973,0.5774
6533.7000,39.2667,-0.3956,3.0005,0.5419
6533.8000,39.2473,-0.3954,2.4416,0.5030
6533.9000,39.2245,-0.3953,2.0343,0.4750
6534.0000,39.2012,-0.3952,2.1087,0.4799
6534.1000,39.1792,-0.3950,2.4512,0.5032
6534.2000,39.1592,-0.3949,3.0653,0.5459
6534.3000,39.1431,-0.3948,4.0599,0.6174
6534.4000,39.1328,-0.3947,5.1837,0.7002
6534.5000,39.1276,-0.3945,6.2051,0.7775
6534.6000,39.1272,-0.3944,7.2991,0.8620
6534.7000,39.1325,-0.3943,8.3717,0.9461
6534.8000,39.1424,-0.3942,9.1036,1.0040
6534.9000,39.1547,-0.3941,9.5359,1.0385
6535.0000,39.1687,-0.3939,9.7847,1.0584
6535.1000,39.1834,-0.3938,9.7731,1.0574
6535.2000,39.1972,-0.3937,9.5155,1.0368
6535.3000,39.2093,-0.3936,9.1993,1.0116
6535.4000,39.2201,-0.3934,8.8962,0.9876
6535.5000,39.2292,-0.3933,8.6071,0.9647
6535.6000,39.2371,-0.3932,8.3842,0.9471
6535.7000,39.2441,-0.3931,8.2511,0.9367
6535.8000,39.2507,-0.3930,7.9252,0.9111
6535.9000,39.2545,-0.3928,7.2423,0.8578
6536.0000,39.2545,-0.3927,6.5028,0.8007
6536.1000,39.2511,-0.3926,5.9537,0.7586
6536.2000,39.2459,-0.3925,5.4057,0.7173
6536.3000,39.2373,-0.3924,5.0692,0.6921
6536.4000,39.2288,-0.3923,5.3873,0.7158
6536.5000,39.2233,-0.3922,6.0809,0.7682
6536.6000,39.2214,-0.3920,6.8175,0.8249
6536.7000,39.2230,-0.3919,7.4968,0.8776
6536.8000,39.2277,-0.3918,7.8091,0.9020
6536.9000,39.2323,-0.3917,7.5307,0.8803
6537.0000,39.2343,-0.3916,7.2063,0.8550
6537.1000,39.2357,-0.3915,7.1756,0.8526
6537.2000,39.2374,-0.3914,7.2497,0.8584
6537.3000,39.2396,-0.3913,7.7627,0.8984
6537.4000,39.2462,-0.3911,8.6855,0.9709
6537.5000,39.2572,-0.3910,9.1708,1.0094
6537.6000,39.2684,-0.3909,9.2032,1.0119
6537.7000,39.2796,-0.3908,9.3174,1.0210
6537.8000,39.2919,-0.3907,9.5238,1.0375
6537.9000,39.3051,-0.3906,9.7519,1.0557
6538.0000,39.3195,-0.3905,10.1974,1.0913
6538.1000,39.3369,-0.3904,10.5888,1.1228
6538.2000,39.3550,-0.3903,10.7569,1.1363
6538.3000,39.3739,-0.3902,11.0152,1.1572
6538.4000,39.3944,-0.3901,11.4506,1.1925
6538.5000,39.4174,-0.3900,12.1077,1.2459
6538.6000,39.4441,-0.3899,12.7901,1.2576
6538.7000,39.4734,-0.3898,13.6787,1.3073
6538.8000,39.5085,-0.3897,14.5560,1.3564
6538.9000,39.5461,-0.3896,14.9193,1.3771
6539.0000,39.5844,-0.3895,14.7813,1.3700
6539.1000,39.6205,-0.3894,14.4081,1.3500
6539.2000,39.6550,-0.3893,13.9350,1.3243
6539.3000,39.6864,-0.3892,13.6960,1.3116
6539.4000,39.7185,-0.3891,13.9859,1.3281
6539.5000,39.7525,-0.3890,14.3700,1.3499
6539.6000,39.7881,-0.3889,14.9194,1.3809
6539.7000,39.8271,-0.3888,15.6347,1.4209
6539.8000,39.8693,-0.3887,15.9440,1.4386
6539.9000,39.9110,-0.3886,15.8628,1.4348
6540.0000,39.9521,-0.3885,15.8078,1.4324
6540.1000,39.9931,-0.3884,15.6367,1.4237
6540.2000,40.0324,-0.3884,15.4355,1.4132
6540.3000,40.0712,-0.3883,15.3453,1.4088
6540.4000,40.1095,-0.3882,15.3350,1.4089
6540.5000,40.1480,-0.3881,15.3082,1.4080
6540.6000,40.1858,-0.3880,15.3494,1.4109
6540.7000,40.2246,-0.3879,15.5141,1.4206
6540.8000,40.2637,-0.3878,15.8912,1.4420
6540.9000,40.3058,-0.3877,16.0751,1.4528
6541.0000,40.3464,-0.3877,15.8361,1.4403
6541.1000,40.3860,-0.3876,15.6069,1.4283
6541.2000,40.4243,-0.3875,15.0901,1.4003
6541.3000,40.4588,-0.3874,14.1104,1.3467
6541.4000,40.4878,-0.3873,13.2820,1.3012
6541.5000,40.5144,-0.3872,13.0992,1.2915
6541.6000,40.5415,-0.3872,12.9696,1.2847
6541.7000,40.5669,-0.3871,12.5708,1.2629
6541.8000,40.5902,-0.3870,12.0486,1.2342
6541.9000,40.6105,-0.3869,11.4889,1.2033
6542.0000,40.6285,-0.3869,10.9317,1.1725
6542.1000,40.6436,-0.3868,10.3007,1.0987
6542.2000,40.6557,-0.3867,10.0247,1.0769
6542.3000,40.6682,-0.3866,10.2468,1.0945
6542.4000,40.6822,-0.3866,10.6976,1.1302
6542.5000,40.6988,-0.3865,11.3254,1.1801
6542.6000,40.7186,-0.3864,12.1512,1.2461
6542.7000,40.7428,-0.3864,12.9696,1.3121
6542.8000,40.7701,-0.3863,13.4239,1.3488
6542.9000,40.7984,-0.3862,13.6274,1.3653
6543.0000,40.8274,-0.3862,13.5830,1.3616
6543.1000,40.8551,-0.3861,13.3078,1.3391
6543.2000,40.8815,-0.3860,12.8158,1.2993
6543.3000,40.9045,-0.3860,12.4060,1.2662
6543.4000,40.9269,-0.3859,12.0601,1.2384
6543.5000,40.9467,-0.3858,11.6667,1.2069
6543.6000,40.9654,-0.3858,11.5549,1.1980
6543.7000,40.9840,-0.3857,11.7394,1.2127
6543.8000,41.0044,-0.3857,12.1218,1.2432
6543.9000,41.0265,-0.3856,12.6896,1.2887
6544.0000,41.0519,-0.3855,13.2748,1.3358
6544.1000,41.0793,-0.3855,13.5710,1.3597
6544.2000,41.1073,-0.3854,13.7522,1.3743
6544.3000,41.1362,-0.3854,13.7923,1.3775
6544.4000,41.1645,-0.3853,13.5850,1.3606
6544.5000,41.1913,-0.3853,13.5292,1.3560
6544.6000,41.2189,-0.3852,13.6683,1.3671
6544.7000,41.2469,-0.3852,13.6500,1.3656
6544.8000,41.2742,-0.3851,13.9019,1.3859
6544.9000,41.3044,-0.3851,14.3325,1.3725
6545.0000,41.3355,-0.3850,14.3506,1.3740
6545.1000,41.3656,-0.3850,14.2791,1.3705
6545.2000,41.3960,-0.3850,14.5054,1.3836
6545.3000,41.4280,-0.3849,14.5431,1.3862
6545.4000,41.4586,-0.3849,14.2901,1.3726
6545.5000,41.4881,-0.3848,13.9443,1.3539
6545.6000,41.5154,-0.3848,13.6699,1.3391
6545.7000,41.5423,-0.3848,13.4834,1.3292
6545.8000,41.5678,-0.3847,13.2091,1.3144
6545.9000,41.5921,-0.3847,13.1238,1.3100
6546.0000,41.6166,-0.3847,13.4531,1.3287
6546.1000,41.6439,-0.3846,13.6065,1.3377
6546.2000,41.6696,-0.3846,13.3087,1.3216
6546.3000,41.6940,-0.3846,12.9808,1.3037
6546.4000,41.7167,-0.3845,12.7216,1.2897
6546.5000,41.7387,-0.3845,12.5273,1.2792
6546.6000,41.7595,-0.3845,12.5742,1.2822
6546.7000,41.7818,-0.3845,12.8631,1.2986
6546.8000,41.8052,-0.3844,12.9870,1.3059
6546.9000,41.8285,-0.3844,12.9527,1.3043
6547.0000,41.8514,-0.3844,13.0812,1.3119
6547.1000,41.8758,-0.3844,13.2406,1.3211
6547.2000,41.9000,-0.3843,13.4141,1.3312
6547.3000,41.9258,-0.3843,14.0668,1.3678
6547.4000,41.9558,-0.3843,14.9905,1.4195
6547.5000,41.9898,-0.3843,15.4219,1.4440
6547.6000,42.0236,-0.3843,15.4654,1.4469
6547.7000,42.0577,-0.3843,15.2031,1.4330
6547.8000,42.0890,-0.3843,14.1039,1.3726
6547.9000,42.1131,-0.3842,12.2417,1.2694
6548.0000,42.1275,-0.3842,10.2419,1.0942
6548.1000,42.1337,-0.3842,8.6184,0.9691
6548.2000,42.1335,-0.3842,7.4216,0.8782
6548.3000,42.1290,-0.3842,6.8718,0.8371
6548.4000,42.1239,-0.3842,6.9035,0.8394
6548.5000,42.1196,-0.3842,7.3148,0.8701
6548.6000,42.1183,-0.3842,7.8225,0.9085
6548.7000,42.1186,-0.3842,8.1740,0.9352
6548.8000,42.1203,-0.3842,8.3895,0.9516
6548.9000,42.1226,-0.3842,8.6131,0.9687
6549.0000,42.1263,-0.3842,8.8908,0.9900
6549.1000,42.1310,-0.3842,9.0659,1.0034
6549.2000,42.1364,-0.3842,9.2220,1.0154
6549.3000,42.1424,-0.3842,9.4298,1.0315
6549.4000,42.1496,-0.3842,9.4907,1.0362
6549.5000,42.1562,-0.3843,9.2680,1.0190
6549.6000,42.1613,-0.3843,8.8487,0.9868
6549.7000,42.1642,-0.3843,8.3112,0.9458
6549.8000,42.1645,-0.3843,7.6806,0.8979
6549.9000,42.1617,-0.3843,7.3243,0.8709
6550.0000,42.1588,-0.3843,7.3639,0.8739
6550.1000,42.1564,-0.3844,7.6451,0.8952
6550.2000,42.1560,-0.3844,8.2006,0.9373
6550.3000,42.1586,-0.3844,8.8105,0.9839
6550.4000,42.1637,-0.3844,9.3569,1.0259
6550.5000,42.1711,-0.3844,10.0130,1.0765
6550.6000,42.1821,-0.3845,10.5799,1.1205
6550.7000,42.1945,-0.3845,10.9082,1.1461
6550.8000,42.2084,-0.3845,11.4292,1.1869
6550.9000,42.2254,-0.3846,11.9037,1.2241
6551.0000,42.2434,-0.3846,11.7890,1.2151
6551.1000,42.2594,-0.3846,11.2300,1.1713
6551.2000,42.2724,-0.3846,10.5515,1.1183
6551.3000,42.2822,-0.3847,9.8122,1.0611
6551.4000,42.2885,-0.3847,9.0016,0.9987
6551.5000,42.2911,-0.3848,8.5070,0.9609
6551.6000,42.2930,-0.3848,8.5834,0.9668
6551.7000,42.2963,-0.3848,8.8081,0.9839
6551.8000,42.3002,-0.3849,8.8382,0.9862
6551.9000,42.3037,-0.3849,8.8679,0.9885
6552.0000,42.3079,-0.3850,8.6878,0.9748
6552.1000,42.3098,-0.3850,8.2452,0.9410
6552.2000,42.3100,-0.3851,8.0077,0.9230
6552.3000,42.3097,-0.3851,7.8526,0.9113
6552.4000,42.3086,-0.3852,7.5818,0.8908
6552.5000,42.3059,-0.3852,7.2366,0.8648
6552.6000,42.3017,-0.3853,6.9398,0.8427
6552.7000,42.2964,-0.3853,6.6204,0.8190
6552.8000,42.2894,-0.3854,6.1862,0.7871
6552.9000,42.2802,-0.3854,6.1296,0.7829
6553.0000,42.2727,-0.3855,6.6137,0.8185
6553.1000,42.2679,-0.3856,6.9965,0.8468
6553.2000,42.2638,-0.3856,6.9466,0.8431
6553.3000,42.2586,-0.3857,6.7433,0.8280
6553.4000,42.2527,-0.3858,6.2453,0.7912
6553.5000,42.2431,-0.3858,5.6425,0.7471
6553.6000,42.2319,-0.3859,5.7102,0.7520
6553.7000,42.2229,-0.3860,6.2431,0.7910
6553.8000,42.2164,-0.3860,6.6581,0.8215
6553.9000,42.2112,-0.3861,7.0000,0.8469
6554.0000,42.2078,-0.3862,7.3819,0.8754
6554.1000,42.2060,-0.3862,7.4091,0.8775
6554.2000,42.2029,-0.3863,6.9931,0.8463
6554.3000,42.1973,-0.3864,6.9481,0.8430
6554.4000,42.1938,-0.3865,7.2185,0.8631
6554.5000,42.1908,-0.3866,7.3204,0.8707
6554.6000,42.1882,-0.3866,7.2899,0.8684
6554.7000,42.1848,-0.3867,7.4092,0.8774
6554.8000,42.1834,-0.3868,7.6093,0.8925
6554.9000,42.1818,-0.3869,7.9010,0.9146
6555.0000,42.1829,-0.3870,8.2713,0.9427
6555.1000,42.1847,-0.3871,8.6258,0.9698
6555.2000,42.1890,-0.3872,9.0834,1.0049
6555.3000,42.1949,-0.3872,9.3395,1.0246
6555.4000,42.2015,-0.3873,9.4714,1.0347
6555.5000,42.2085,-0.3874,9.6265,1.0467
6555.6000,42.2164,-0.3875,9.7699,1.0578
6555.7000,42.2247,-0.3876,10.0649,1.0806
6555.8000,42.2353,-0.3877,10.4791,1.1127
6555.9000,42.2473,-0.3878,10.8091,1.1384
6556.0000,42.2607,-0.3879,11.1102,1.1619
6556.1000,42.2753,-0.3880,11.4299,1.1869
6556.2000,42.2916,-0.3881,11.6936,1.2076
6556.3000,42.3085,-0.3882,11.9755,1.2297
6556.4000,42.3272,-0.3883,12.2345,1.2501
6556.5000,42.3464,-0.3885,12.2081,1.2480
6556.6000,42.3648,-0.3886,11.8984,1.2236
6556.7000,42.3811,-0.3887,11.5528,1.1965
6556.8000,42.3963,-0.3888,11.3705,1.1822
6556.9000,42.4110,-0.3889,11.1784,1.1672
6557.0000,42.4245,-0.3890,10.9323,1.1480
6557.1000,42.4369,-0.3891,10.5493,1.1182
6557.2000,42.4469,-0.3893,9.9158,1.0692
6557.3000,42.4536,-0.3894,8.8616,0.9883
6557.4000,42.4543,-0.3895,7.6093,0.8932
6557.5000,42.4499,-0.3896,6.7778,0.8313
6557.6000,42.4432,-0.3897,6.5812,0.8167
6557.7000,42.4371,-0.3899,7.0270,0.8497
6557.8000,42.4343,-0.3900,8.0271,0.9248
6557.9000,42.4371,-0.3901,9.1020,1.0067
6558.0000,42.4440,-0.3902,9.7226,1.0543
6558.1000,42.4523,-0.3904,9.9700,1.0734
6558.2000,42.4613,-0.3905,9.6410,1.0481
6558.3000,42.4666,-0.3906,8.9201,0.9928
6558.4000,42.4692,-0.3908,8.5231,0.9625
6558.5000,42.4710,-0.3909,8.4967,0.9605
6558.6000,42.4734,-0.3911,8.4078,0.9538
6558.7000,42.4744,-0.3912,8.2097,0.9387
6558.8000,42.4750,-0.3913,-0.7298,0.0000
6558.9000,42.3966,-0.3915,-18.6185,0.0000
6559.0000,42.2380,-0.3916,-36.5315,0.0000
6559.1000,41.9991,-0.3918,-54.0566,0.0000
6559.2000,41.6815,-0.3919,-70.9837,0.0000
6559.3000,41.2860,-0.3920,-78.8963,0.0000
6559.4000,40.8906,-0.3922,-78.2135,0.0000
6559.5000,40.4952,-0.3923,-77.5285,0.0000
6559.6000,40.0997,-0.3925,-76.8415,0.0000
6559.7000,39.7043,-0.3926,-76.1524,0.0000
6559.8000,39.3088,-0.3928,-75.4613,0.0000
6559.9000,38.9134,-0.3929,-74.7682,0.0000
6560.0000,38.5179,-0.3930,-74.0731,0.0000
6560.1000,38.1225,-0.3932,-73.3760,0.0000
6560.2000,37.7270,-0.3933,-72.6769,0.0000
6560.3000,37.3316,-0.3935,-71.9759,0.0000
6560.4000,36.9362,-0.3936,-71.2730,0.0000
6560.5000,36.5407,-0.3938,-70.5682,0.0000
6560.6000,36.1453,-0.3939,-69.8616,0.0000
6560.7000,35.7498,-0.3940,-69.1531,0.0000
6560.8000,35.3544,-0.3942,-68.4427,0.0000
6560.9000,34.9589,-0.3943,-67.7305,0.0000
6561.0000,34.5635,-0.3944,-67.0165,0.0000
6561.1000,34.1681,-0.3946,-66.3008,0.0000
6561.2000,33.7726,-0.3947,-65.5833,0.0000
6561.3000,33.3772,-0.3948,-64.8641,0.0000
6561.4000,32.9817,-0.3950,-64.1431,0.0000
6561.5000,32.5863,-0.3951,-63.4205,0.0000
6561.6000,32.1908,-0.3952,-62.6961,0.0000
6561.7000,31.7954,-0.3954,-61.9702,0.0000
6561.8000,31.3999,-0.3955,-61.2425,0.0000
6561.9000,31.0045,-0.3956,-60.5133,0.0000
6562.0000,30.6091,-0.3958,-59.7825,0.0000
6562.1000,30.2136,-0.3959,-59.0501,0.0000
6562.2000,29.8182,-0.3960,-58.3161,0.0000
6562.3000,29.4227,-0.3961,-57.5807,0.0000
6562.4000,29.0273,-0.3963,-56.8437,0.0000
6562.5000,28.6318,-0.3964,-56.1052,0.0000
6562.6000,28.2364,-0.3965,-55.3652,0.0000
6562.7000,27.8409,-0.3966,-54.6238,0.0000
6562.8000,27.4455,-0.3968,-53.8809,0.0000
6562.9000,27.0501,-0.3969,-53.1366,0.0000
6563.0000,26.6546,-0.3970,-52.3910,0.0000
6563.1000,26.2592,-0.3971,-51.6439,0.0000
6563.2000,25.8637,-0.3972,-50.8955,0.0000
6563.3000,25.4683,-0.3973,-50.1458,0.0000
6563.4000,25.0728,-0.3974,-49.3948,0.0000
6563.5000,24.6774,-0.3976,-48.6424,0.0000
6563.6000,24.2819,-0.3977,-47.8888,0.0000
6563.7000,23.8865,-0.3978,-47.1340,0.0000
6563.8000,23.4911,-0.3979,-46.3779,0.0000
6563.9000,23.0956,-0.3980,-45.6206,0.0000
6564.0000,22.7002,-0.3981,-44.8621,0.0000
6564.1000,22.3047,-0.3982,-44.1024,0.0000
6564.2000,21.9093,-0.3983,-43.3416,0.0000
6564.3000,21.5138,-0.3984,-42.5797,0.0000
6564.4000,21.1184,-0.3985,-41.8166,0.0000
6564.5000,20.7230,-0.3986,-41.0525,0.0000
6564.6000,20.3275,-0.3987,-40.2873,0.0000
6564.7000,19.9321,-0.3988,-39.5210,0.2778
6564.8000,19.5366,-0.3989,-38.7537,0.2778
6564.9000,19.1412,-0.3990,-37.9854,0.2778
6565.0000,18.7457,-0.3990,-37.2162,0.2778
6565.1000,18.3503,-0.3991,-36.4459,0.2778
6565.2000,17.9548,-0.3992,-35.6747,0.2778
6565.3000,17.5594,-0.3993,-34.9026,0.2778
6565.4000,17.1640,-0.3994,-34.1295,0.2778
6565.5000,16.7685,-0.3995,-33.3556,0.2778
6565.6000,16.3731,-0.3995,-32.5808,0.2778
6565.7000,15.9776,-0.3996,-31.8052,0.2778
6565.8000,15.5822,-0.3997,-31.0287,0.2778
6565.9000,15.1867,-0.3998,-30.2515,0.2778
6566.0000,14.7913,-0.3998,-29.4734,0.2778
6566.1000,14.3958,-0.3999,-28.6946,0.2778
6566.2000,14.0004,-0.4000,-27.9150,0.2778
6566.3000,13.6050,-0.4000,-27.1348,0.2778
6566.4000,13.2095,-0.4001,-26.3538,0.2778
6566.5000,12.8141,-0.4002,-25.5721,0.2778
6566.6000,12.4186,-0.4002,-24.7898,0.2778
6566.7000,12.0232,-0.4003,-24.0068,0.2778
6566.8000,11.6277,-0.4004,-23.2232,0.2778
6566.9000,11.2323,-0.4004,-22.4390,0.2778
6567.0000,10.8368,-0.4005,-21.6542,0.2778
6567.1000,10.4414,-0.4005,-20.8689,0.2778
6567.2000,10.0460,-0.4006,-20.0830,0.2778
6567.3000,9.6505,-0.4006,-19.2966,0.2778
6567.4000,9.2551,-0.4007,-18.5097,0.2778
6567.5000,8.8596,-0.4007,-17.7224,0.2778
6567.6000,8.4642,-0.4007,-16.9345,0.2778
6567.7000,8.0687,-0.4008,-16.1463,0.2778
6567.8000,7.6733,-0.4008,-15.3576,0.2778
6567.9000,7.2779,-0.4009,-14.5685,0.2778
6568.0000,6.8824,-0.4009,-13.7790,0.2778
6568.1000,6.4870,-0.4009,-12.9892,0.2778
6568.2000,6.0915,-0.4010,-12.1756,0.2778
6568.3000,5.6975,-0.4010,-11.2599,0.2778
6568.4000,5.3107,-0.4010,-10.0052,0.2778
6568.5000,4.9516,-0.4010,-8.5628,0.2778
6568.6000,4.6233,-0.4011,-7.2109,0.2778
6568.7000,4.3283,-0.4011,-5.9726,0.2778
6568.8000,4.0679,-0.4011,-4.9048,0.2778
6568.9000,3.8388,-0.4011,-4.1798,0.2778
6569.0000,3.6226,-0.4011,-3.7041,0.2778
6569.1000,3.4185,-0.4012,-3.2814,0.2778
6569.2000,3.2260,-0.4012,-2.9060,0.2778
6569.3000,3.0443,-0.4012,-2.5726,0.2778
6569.4000,2.8728,-0.4012,-2.2765,0.2778
6569.5000,2.7110,-0.4012,-2.0137,0.2778
6569.6000,2.5583,-0.4012,-1.7803,0.2778
6569.7000,2.4142,-0.4012,-1.5733,0.2778
6569.8000,2.2782,-0.4013,-1.3896,0.2778
6569.9000,2.1499,-0.4013,-1.2266,0.2778
6570.0000,2.0288,-0.4013,-1.0821,0.2778
6570.1000,1.9145,-0.4013,-0.9540,0.2778
6570.2000,1.8067,-0.4013,-0.8405,0.2778
6570.3000,1.7049,-0.4013,-0.7398,0.2778
6570.4000,1.6089,-0.4013,-0.6507,0.2778
6570.5000,1.5183,-0.4013,-0.5718,0.2778
6570.6000,1.4328,-0.4013,-0.5020,0.2778
6570.7000,1.3521,-0.4013,-0.4402,0.2778
6570.8000,1.2759,-0.4013,-0.3856,0.2778
6570.9000,1.2041,-0.4014,-0.3373,0.2778
6571.0000,1.1362,-0.4014,-0.2946,0.2778
6571.1000,1.0722,-0.4014,-0.2570,0.2778
6571.2000,1.0118,-0.4014,-0.2237,0.2778
6571.3000,0.9548,-0.4014,-0.1944,0.2778
6571.4000,0.9011,-0.4014,-0.1686,0.2778
6571.5000,0.8503,-0.4014,-0.1458,0.2778
6571.6000,0.8024,-0.4014,-0.1258,0.2778
6571.7000,0.7572,-0.4014,-0.1082,0.2778
6571.8000,0.7146,-0.4014,-0.0928,0.2778
6571.9000,0.6743,-0.4014,-0.0792,0.2778
6572.0000,0.6363,-0.4014,-0.0673,0.2778
6572.1000,0.6005,-0.4014,-0.0569,0.2778
6572.2000,0.5667,-0.4014,-0.0478,0.2778
6572.3000,0.5348,-0.4014,-0.0399,0.2778
6572.4000,0.5046,-0.4014,-0.0330,0.2778
6572.5000,0.4762,-0.4014,-0.0270,0.2778
6572.6000,0.4494,-0.4014,-0.0217,0.2778
6572.7000,0.4241,-0.4014,-0.0172,0.2778
6572.8000,0.4002,-0.4014,-0.0133,0.2778
6572.9000,0.3777,-0.4014,-0.0099,0.2778
6573.0000,0.3564,-0.4014,-0.0071,0.2778
6573.1000,0.3363,-0.4014,-0.0046,0.2778
6573.2000,0.3174,-0.4014,-0.0025,0.2778
6573.3000,0.2995,-0.4014,-0.0007,0.2778
6573.4000,0.2826,-0.4014,0.0008,0.2778
6573.5000,0.2667,-0.4014,0.0021,0.2778
6573.6000,0.2517,-0.4014,0.0031,0.2778
6573.7000,0.2375,-0.4014,0.0040,0.2778
6573.8000,0.2241,-0.4014,0.0047,0.2778
6573.9000,0.2115,-0.4014,0.0052,0.2778
6574.0000,0.1996,-0.4014,-0.0939,0.2778
6574.1000,0.0000,-0.4014,-0.0000,0.2778
6574.2000,0.0000,-0.4014,-0.0000,0.2778
6574.3000,0.0000,-0.4014,-0.0000,0.2778
6574.4000,0.0000,-0.4014,-0.0000,0.2778
6574.5000,0.0000,-0.4014,-0.0000,0.2778
6574.6000,0.0000,-0.4014,-0.0000,0.2778
6574.7000,0.0000,-0.4014,-0.0000,0.2778
6574.8000,0.0000,-0.4014,-0.0000,0.2778
6574.9000,0.0000,-0.4014,-0.0000,0.2778
6575.0000,0.0000,-0.4014,-0.0000,0.2778
6575.1000,0.0000,-0.4014,-0.0000,0.2778
6575.2000,0.0000,-0.4014,-0.0000,0.2778
6575.3000,0.0000,-0.4014,-0.0000,0.2778
6575.4000,0.0000,-0.4014,-0.0000,0.2778
6575.5000,0.0000,-0.4014,-0.0000,0.2778
6575.6000,0.0000,-0.4014,-0.0000,0.2778
6575.7000,0.0000,-0.4014,-0.0000,0.2778
6575.8000,0.0000,-0.4014,-0.0000,0.2778
6575.9000,0.0000,-0.4014,-0.0000,0.2778
6576.0000,0.0000,-0.4014,-0.0000,0.2778
6576.1000,0.0000,-0.4014,-0.0000,0.2778
6576.2000,0.0000,-0.4014,-0.0000,0.2778
6576.3000,0.0000,-0.4014,-0.0000,0.2778
6576.4000,0.0000,-0.4014,-0.0000,0.2778
6576.5000,0.0000,-0.4014,-0.0000,0.2778
6576.6000,0.0000,-0.4014,-0.0000,0.2778
6576.7000,0.0000,-0.4014,-0.0000,0.2778
6576.8000,0.0000,-0.4014,-0.0000,0.2778
6576.9000,0.0000,-0.4014,-0.0000,0.2778
6577.0000,0.0000,-0.4014,-0.0000,0.2778
6577.1000,0.0000,-0.4014,-0.0000,0.2778
6577.2000,0.0000,-0.4014,-0.0000,0.2778
6577.3000,0.0000,-0.4014,-0.0000,0.2778
6577.4000,0.0000,-0.4014,-0.0000,0.2778
6577.5000,0.0000,-0.4014,-0.0000,0.2778
6577.6000,0.0000,-0.4014,-0.0000,0.2778
6577.7000,0.0000,-0.4014,-0.0000,0.2778
6577.8000,0.0000,-0.4014,-0.0000,0.2778
6577.9000,0.0000,-0.4014,-0.0000,0.2778
6578.0000,0.0000,-0.4014,-0.0000,0.2778
6578.1000,0.0000,-0.4014,-0.0000,0.2778
6578.2000,0.0000,-0.4014,-0.0000,0.2778
6578.3000,0.0000,-0.4014,-0.0000,0.2778
6578.4000,0.0000,-0.4014,-0.0000,0.2778
6578.5000,0.0000,-0.4014,-0.0000,0.2778
6578.6000,0.0000,-0.4014,-0.0000,0.2778
6578.7000,0.0000,-0.4014,-0.0000,0.2778
6578.8000,0.0000,-0.4014,-0.0000,0.2778
6578.9000,0.0000,-0.4014,-0.0000,0.2778
6579.0000,0.0000,-0.4014,-0.0000,0.2778
6579.1000,0.0000,-0.4014,-0.0000,0.2778
6579.2000,0.0000,-0.4014,-0.0000,0.2778
6579.3000,0.0000,-0.4014,-0.0000,0.2778
6579.4000,0.0000,-0.4014,-0.0000,0.2778
6579.5000,0.0000,-0.4014,-0.0000,0.2778
6579.6000,0.0000,-0.4014,-0.0000,0.2778
6579.7000,0.0000,-0.4014,-0.0000,0.2778
6579.8000,0.0000,-0.4014,-0.0000,0.2778
6579.9000,0.0000,-0.4014,-0.0000,0.2778
6580.0000,0.0000,-0.4014,-0.0000,0.2778
6580.1000,0.0000,-0.4014,-0.0000,0.2778
6580.2000,0.0000,-0.4014,-0.0000,0.2778
6580.3000,0.0000,-0.4014,-0.0000,0.2778
6580.4000,0.0000,-0.4014,-0.0000,0.2778
6580.5000,0.0000,-0.4014,-0.0000,0.2778
6580.6000,0.0000,-0.4014,-0.0000,0.2778
6580.7000,0.0000,-0.4014,-0.0000,0.2778
6580.8000,0.0000,-0.4014,-0.0000,0.2778
6580.9000,0.0000,-0.4014,-0.0000,0.2778
6581.0000,0.0000,-0.4014,-0.0000,0.2778
6581.1000,0.0000,-0.4014,-0.0000,0.2778
6581.2000,0.0000,-0.4014,-0.0000,0.2778
6581.3000,0.0000,-0.4014,-0.0000,0.2778
6581.4000,0.0000,-0.4014,-0.0000,0.2778
6581.5000,0.0000,-0.4014,-0.0000,0.2778
6581.6000,0.0000,-0.4014,-0.0000,0.2778
6581.7000,0.0000,-0.4014,-0.0000,0.2778
6581.8000,0.0000,-0.4014,-0.0000,0.2778
6581.9000,0.0000,-0.4014,-0.0000,0.2778
6582.0000,0.0000,-0.4014,-0.0000,0.2778
6582.1000,0.0000,-0.4014,-0.0000,0.2778
6582.2000,0.0000,-0.4014,-0.0000,0.2778
6582.3000,0.0000,-0.4014,-0.0000,0.2778
6582.4000,0.0000,-0.4014,-0.0000,0.2778
6582.5000,0.0000,-0.4014,-0.0000,0.2778
6582.6000,0.0000,-0.4014,-0.0000,0.2778
6582.7000,0.0000,-0.4014,-0.0000,0.2778
6582.8000,0.0000,-0.4014,-0.0000,0.2778
6582.9000,0.0000,-0.4014,-0.0000,0.2778
6583.0000,0.0000,-0.4014,-0.0000,0.2778
6583.1000,0.0000,-0.4014,-0.0000,0.2778
6583.2000,0.0000,-0.4014,-0.0000,0.2778
6583.3000,0.0000,-0.4014,-0.0000,0.2778
6583.4000,0.0000,-0.4014,-0.0000,0.2778
6583.5000,0.0000,-0.4014,-0.0000,0.2778
6583.6000,0.0000,-0.4014,-0.0000,0.2778
6583.7000,0.0000,-0.4014,-0.0000,0.2778
6583.8000,0.0000,-0.4014,-0.0000,0.2778
6583.9000,0.0000,-0.4014,-0.0000,0.2778
6584.0000,0.0000,-0.4014,-0.0000,0.2778
6584.1000,0.0000,-0.4014,-0.0000,0.2778
6584.2000,0.0000,-0.4014,-0.0000,0.2778
6584.3000,0.0000,-0.4014,-0.0000,0.2778
6584.4000,0.0000,-0.4014,-0.0000,0.2778
6584.5000,0.0000,-0.4014,-0.0000,0.2778
6584.6000,0.0000,-0.4014,-0.0000,0.2778
6584.7000,0.0000,-0.4014,-0.0000,0.2778
6584.8000,0.0000,-0.4014,-0.0000,0.2778
6584.9000,0.0000,-0.4014,-0.0000,0.2778
6585.0000,0.0000,-0.4014,-0.0000,0.2778
6585.1000,0.0000,-0.4014,-0.0000,0.2778
6585.2000,0.0000,-0.4014,-0.0000,0.2778
6585.3000,0.0000,-0.4014,-0.0000,0.2778
6585.4000,0.0000,-0.4014,-0.0000,0.2778
6585.5000,0.0000,-0.4014,-0.0000,0.2778
6585.6000,0.0000,-0.4014,-0.0000,0.2778
6585.7000,0.0000,-0.4014,-0.0000,0.2778
6585.8000,0.0000,-0.4014,-0.0000,0.2778
6585.9000,0.0000,-0.4014,-0.0000,0.2778
6586.0000,0.0000,-0.4014,-0.0000,0.2778
6586.1000,0.0000,-0.4014,-0.0000,0.2778
6586.2000,0.0000,-0.4014,-0.0000,0.2778
6586.3000,0.0000,-0.4014,-0.0000,0.2778
6586.4000,0.0000,-0.4014,-0.0000,0.2778
6586.5000,0.0000,-0.4014,-0.0000,0.2778
6586.6000,0.0000,-0.4014,-0.0000,0.2778
6586.7000,0.0000,-0.4014,-0.0000,0.2778
6586.8000,0.0000,-0.4014,-0.0000,0.2778
6586.9000,0.0000,-0.4014,-0.0000,0.2778
6587.0000,0.0000,-0.4014,-0.0000,0.2778
6587.1000,0.0000,-0.4014,-0.0000,0.2778
6587.2000,0.0000,-0.4014,-0.0000,0.2778
6587.3000,0.0000,-0.4014,-0.0000,0.2778
6587.4000,0.0000,-0.4014,-0.0000,0.2778
6587.5000,0.0000,-0.4014,-0.0000,0.2778
6587.6000,0.0000,-0.4014,-0.0000,0.2778
6587.7000,0.0000,-0.4014,-0.0000,0.2778
6587.8000,0.0000,-0.4014,-0.0000,0.2778
6587.9000,0.0000,-0.4014,-0.0000,0.2778
6588.0000,0.0000,-0.4014,-0.0000,0.2778
6588.1000,0.0000,-0.4014,-0.0000,0.2778
6588.2000,0.0000,-0.4014,-0.0000,0.2778
6588.3000,0.0000,-0.4014,-0.0000,0.2778
6588.4000,0.0000,-0.4014,-0.0000,0.2778
6588.5000,0.0000,-0.4014,-0.0000,0.2778
6588.6000,0.0000,-0.4014,-0.0000,0.2778
6588.7000,0.0000,-0.4014,-0.0000,0.2778
6588.8000,0.0000,-0.4014,-0.0000,0.2778
6588.9000,0.0000,-0.4014,-0.0000,0.2778
6589.0000,0.0000,-0.4014,-0.0000,0.2778
6589.1000,0.0000,-0.4014,-0.0000,0.2778
6589.2000,0.0000,-0.4014,-0.0000,0.2778
6589.3000,0.0000,-0.4014,-0.0000,0.2778
6589.4000,0.0000,-0.4014,-0.0000,0.2778
6589.5000,0.0000,-0.4014,-0.0000,0.2778
6589.6000,0.0000,-0.4014,-0.0000,0.2778
6589.7000,0.0000,-0.4014,-0.0000,0.2778
6589.8000,0.0000,-0.4014,-0.0000,0.2778
6589.9000,0.0000,-0.4014,-0.0000,0.2778
6590.0000,0.0000,-0.4014,-0.0000,0.2778
6590.1000,0.0000,-0.4014,-0.0000,0.2778
6590.2000,0.0000,-0.4014,-0.0000,0.2778
6590.3000,0.0000,-0.4014,-0.0000,0.2778
6590.4000,0.0000,-0.4014,-0.0000,0.2778
6590.5000,0.0000,-0.4014,-0.0000,0.2778
6590.6000,0.0000,-0.4014,-0.0000,0.2778
6590.7000,0.0000,-0.4014,-0.0000,0.2778
6590.8000,0.0000,-0.4014,-0.0000,0.2778
6590.9000,0.0000,-0.4014,-0.0000,0.2778
6591.0000,0.0000,-0.4014,-0.0000,0.2778
6591.1000,0.0000,-0.4014,-0.0000,0.2778
6591.2000,0.0000,-0.4014,-0.0000,0.2778
6591.3000,0.0000,-0.4014,-0.0000,0.2778
6591.4000,0.0000,-0.4014,-0.0000,0.2778
6591.5000,0.0000,-0.4014,-0.0000,0.2778
6591.6000,0.0000,-0.4014,-0.0000,0.2778
6591.7000,0.0000,-0.4014,-0.0000,0.2778
6591.8000,0.0000,-0.4014,-0.0000,0.2778
6591.9000,0.0000,-0.4014,-0.0000,0.2778
6592.0000,0.0000,-0.4014,-0.0000,0.2778
6592.1000,0.0000,-0.4014,-0.0000,0.2778
6592.2000,0.0000,-0.4014,-0.0000,0.2778
6592.3000,0.0000,-0.4014,-0.0000,0.2778
6592.4000,0.0000,-0.4014,-0.0000,0.2778
6592.5000,0.0000,-0.4014,-0.0000,0.2778
6592.6000,0.0000,-0.4014,-0.0000,0.2778
6592.7000,0.0000,-0.4014,-0.0000,0.2778
6592.8000,0.0000,-0.4014,-0.0000,0.2778
6592.9000,0.0000,-0.4014,-0.0000,0.2778
6593.0000,0.0000,-0.4014,-0.0000,0.2778
6593.1000,0.0000,-0.4014,-0.0000,0.2778
6593.2000,0.0000,-0.4014,-0.0000,0.2778
6593.3000,0.0000,-0.4014,-0.0000,0.2778
6593.4000,0.0000,-0.4014,-0.0000,0.2778
6593.5000,0.0000,-0.4014,-0.0000,0.2778
6593.6000,0.0000,-0.4014,-0.0000,0.2778
6593.7000,0.0000,-0.4014,-0.0000,0.2778
6593.8000,0.0000,-0.4014,-0.0000,0.2778
6593.9000,0.0000,-0.4014,-0.0000,0.2778
6594.0000,0.0000,-0.4014,-0.0000,0.2778
6594.1000,0.0000,-0.4014,-0.0000,0.2778
6594.2000,0.0000,-0.4014,-0.0000,0.2778
6594.3000,0.0000,-0.4014,-0.0000,0.2778
6594.4000,0.0000,-0.4014,-0.0000,0.2778
6594.5000,0.0000,-0.4014,-0.0000,0.2778
6594.6000,0.0000,-0.4014,-0.0000,0.2778
6594.7000,0.0000,-0.4014,-0.0000,0.2778
6594.8000,0.0000,-0.4014,-0.0000,0.2778
6594.9000,0.0000,-0.4014,-0.0000,0.2778
6595.0000,0.0000,-0.4014,-0.0000,0.2778
6595.1000,0.0000,-0.4014,-0.0000,0.2778
6595.2000,0.0000,-0.4014,-0.0000,0.2778
6595.3000,0.0000,-0.4014,-0.0000,0.2778
6595.4000,0.0000,-0.4014,-0.0000,0.2778
6595.5000,0.0000,-0.4014,-0.0000,0.2778
6595.6000,0.0000,-0.4014,-0.0000,0.2778
6595.7000,0.0000,-0.4014,-0.0000,0.2778
6595.8000,0.0000,-0.4014,-0.0000,0.2778
6595.9000,0.0000,-0.4014,-0.0000,0.2778
6596.0000,0.0000,-0.4014,-0.0000,0.2778
6596.1000,0.0000,-0.4014,-0.0000,0.2778
6596.2000,0.0000,-0.4014,-0.0000,0.2778
6596.3000,0.0000,-0.4014,-0.0000,0.2778
6596.4000,0.0000,-0.4014,-0.0000,0.2778
6596.5000,0.0000,-0.4014,-0.0000,0.2778
6596.6000,0.0000,-0.4014,-0.0000,0.2778
6596.7000,0.0000,-0.4014,-0.0000,0.2778
6596.8000,0.0000,-0.4014,-0.0000,0.2778
6596.9000,0.0000,-0.4014,-0.0000,0.2778
6597.0000,0.0000,-0.4014,-0.0000,0.2778
6597.1000,0.0000,-0.4014,-0.0000,0.2778
6597.2000,0.0000,-0.4014,-0.0000,0.2778
6597.3000,0.0000,-0.4014,-0.0000,0.2778
6597.4000,0.0000,-0.4014,-0.0000,0.2778
6597.5000,0.0000,-0.4014,-0.0000,0.2778
6597.6000,0.0000,-0.4014,-0.0000,0.2778
6597.7000,0.0000,-0.4014,-0.0000,0.2778
6597.8000,0.0000,-0.4014,-0.0000,0.2778
6597.9000,0.0000,-0.4014,-0.0000,0.2778
6598.0000,0.0000,-0.4014,-0.0000,0.2778
6598.1000,0.0000,-0.4014,-0.0000,0.2778
6598.2000,0.0000,-0.4014,-0.0000,0.2778
6598.3000,0.0000,-0.4014,-0.0000,0.2778
6598.4000,0.0000,-0.4014,-0.0000,0.2778
6598.5000,0.0000,-0.4014,-0.0000,0.2778
6598.6000,0.0000,-0.4014,-0.0000,0.2778
6598.7000,0.0000,-0.4014,-0.0000,0.2778
6598.8000,0.0000,-0.4014,-0.0000,0.2778
6598.9000,0.0000,-0.4014,-0.0000,0.2778
6599.0000,0.0000,-0.4014,-0.0000,0.2778
6599.1000,0.0000,-0.4014,-0.0000,0.2778
6599.2000,0.0000,-0.4014,-0.0000,0.2778
6599.3000,0.0000,-0.4014,-0.0000,0.2778
6599.4000,0.0000,-0.4014,-0.0000,0.2778
6599.5000,0.0000,-0.4014,-0.0000,0.2778
6599.6000,0.0000,-0.4014,-0.0000,0.2778
6599.7000,0.0000,-0.4014,-0.0000,0.2778
6599.8000,0.0000,-0.4014,-0.0000,0.2778
6599.9000,0.0000,-0.4014,-0.0000,0.2778
