t_s,v_kmh,grade_pct,P_wheel_kW,fuel_g_per_s
3000.0000,39.5856,0.0000,8.7121,0.9732
3000.1000,39.5789,0.0000,8.6397,0.9675
3000.2000,39.5712,0.0000,8.4463,0.9523
3000.3000,39.5627,0.0000,8.5174,0.9579
3000.4000,39.5557,0.0000,8.5898,0.9636
3000.5000,39.5479,0.0000,8.2442,0.9364
3000.6000,39.5376,0.0000,7.6757,0.8920
3000.7000,39.5244,0.0000,6.9833,0.8383
3000.8000,39.5076,0.0000,6.1176,0.7718
3000.9000,39.4862,0.0000,5.3529,0.7142
3001.0000,39.4621,0.0000,4.8869,0.6795
3001.1000,39.4363,0.0000,4.5857,0.6572
3001.2000,39.4094,0.0000,4.5708,0.6560
3001.3000,39.3836,0.0000,4.8095,0.6735
3001.4000,39.3590,0.0000,-2.3170,0.0000
3001.5000,39.2649,0.0000,-16.7983,0.0000
3001.6000,39.1012,0.0000,-31.2062,0.0000
3001.7000,38.8675,0.0000,-45.5308,0.0000
3001.8000,38.5633,0.0000,-59.6933,0.0000
3001.9000,38.1880,0.0000,-66.3580,0.0000
3002.0000,37.8127,0.0000,-65.7710,0.0000
3002.1000,37.4374,0.0000,-65.1821,0.0000
3002.2000,37.0621,0.0000,-64.5912,0.0000
3002.3000,36.6869,0.0000,-63.9985,0.0000
3002.4000,36.3116,0.0000,-63.4039,0.0000
3002.5000,35.9363,0.0000,-62.8075,0.0000
3002.6000,35.5610,0.0000,-62.2092,0.0000
3002.7000,35.1857,0.0000,-61.6091,0.0000
3002.8000,34.8105,0.0000,-61.0072,0.0000
3002.9000,34.4352,0.0000,-60.4036,0.0000
3003.0000,34.0599,0.0000,-59.7982,0.0000
3003.1000,33.6846,0.0000,-59.1910,0.0000
3003.2000,33.3093,0.0000,-58.5821,0.0000
3003.3000,32.9341,0.0000,-57.9716,0.0000
3003.4000,32.5588,0.0000,-57.3593,0.0000
3003.5000,32.1835,0.0000,-56.7454,0.0000
3003.6000,31.8082,0.0000,-56.1298,0.0000
3003.7000,31.4329,0.0000,-55.5126,0.0000
3003.8000,31.0577,0.0000,-54.8939,0.0000
3003.9000,30.6824,0.0000,-54.2735,0.0000
3004.0000,30.3071,0.0000,-53.6515,0.0000
3004.1000,29.9318,0.0000,-53.0281,0.0000
3004.2000,29.5565,0.0000,-52.4031,0.0000
3004.3000,29.1813,0.0000,-51.7765,0.0000
3004.4000,28.8060,0.0000,-51.1485,0.0000
3004.5000,28.4307,0.0000,-50.5190,0.0000
3004.6000,28.0554,0.0000,-49.8881,0.0000
3004.7000,27.6801,0.0000,-49.2558,0.0000
3004.8000,27.3049,0.0000,-48.6220,0.0000
3004.9000,26.9296,0.0000,-47.9868,0.0000
3005.0000,26.5543,0.0000,-47.3503,0.0000
3005.1000,26.1790,0.0000,-46.7124,0.0000
3005.2000,25.8037,0.0000,-46.0731,0.0000
3005.3000,25.4285,0.0000,-45.4326,0.0000
3005.4000,25.0532,0.0000,-44.7908,0.0000
3005.5000,24.6779,0.0000,-44.1476,0.0000
3005.6000,24.3026,0.0000,-43.5032,0.0000
3005.7000,23.9273,0.0000,-42.8576,0.0000
3005.8000,23.5520,0.0000,-42.2108,0.0000
3005.9000,23.1768,0.0000,-41.5627,0.0000
3006.0000,22.8015,0.0000,-40.9135,0.0000
3006.1000,22.4262,0.0000,-40.2631,0.0000
3006.2000,22.0509,0.0000,-39.6116,0.0000
3006.3000,21.6756,0.0000,-38.9589,0.0000
3006.4000,21.3004,0.0000,-38.3051,0.0000
3006.5000,20.9251,0.0000,-37.6503,0.0000
3006.6000,20.5498,0.0000,-36.9944,0.0000
3006.7000,20.1745,0.0000,-36.3374,0.0000
3006.8000,19.7992,0.0000,-35.6794,0.2778
3006.9000,19.4240,0.0000,-35.0204,0.2778
3007.0000,19.0487,0.0000,-34.3604,0.2778
3007.1000,18.6734,0.0000,-33.6994,0.2778
3007.2000,18.2981,0.0000,-33.0375,0.2778
3007.3000,17.9228,0.0000,-32.3746,0.2778
3007.4000,17.5476,0.0000,-31.7108,0.2778
3007.5000,17.1723,0.0000,-31.0462,0.2778
3007.6000,16.7970,0.0000,-30.3806,0.2778
3007.7000,16.4217,0.0000,-29.7142,0.2778
3007.8000,16.0464,0.0000,-29.0470,0.2778
3007.9000,15.6712,0.0000,-28.3789,0.2778
3008.0000,15.2959,0.0000,-27.7101,0.2778
3008.1000,14.9206,0.0000,-27.0404,0.2778
3008.2000,14.5453,0.0000,-26.3700,0.2778
3008.3000,14.1700,0.0000,-25.6989,0.2778
3008.4000,13.7948,0.0000,-25.0270,0.2778
3008.5000,13.4195,0.0000,-24.3544,0.2778
3008.6000,13.0442,0.0000,-23.6812,0.2778
3008.7000,12.6689,0.0000,-23.0072,0.2778
3008.8000,12.2936,0.0000,-22.3327,0.2778
3008.9000,11.9184,0.0000,-21.6575,0.2778
3009.0000,11.5431,0.0000,-20.9817,0.2778
3009.1000,11.1678,0.0000,-20.3053,0.2778
3009.2000,10.7925,0.0000,-19.6283,0.2778
3009.3000,10.4172,0.0000,-18.9508,0.2778
3009.4000,10.0420,0.0000,-18.2728,0.2778
3009.5000,9.6667,0.0000,-17.5942,0.2778
3009.6000,9.2914,0.0000,-16.9152,0.2778
3009.7000,8.9161,0.0000,-16.2356,0.2778
3009.8000,8.5408,0.0000,-15.5556,0.2778
3009.9000,8.1656,0.0000,-14.8752,0.2778
3010.0000,7.7903,0.0000,-14.1944,0.2778
3010.1000,7.4150,0.0000,-13.5132,0.2778
3010.2000,7.0397,0.0000,-12.8316,0.2778
3010.3000,6.6644,0.0000,-12.1496,0.2778
3010.4000,6.2892,0.0000,-11.4673,0.2778
3010.5000,5.9139,0.0000,-10.7331,0.2778
3010.6000,5.5419,0.0000,-9.8897,0.2778
3010.7000,5.1782,0.0000,-8.9512,0.2778
3010.8000,4.8274,0.0000,-7.9603,0.2778
3010.9000,4.4938,0.0000,-6.9531,0.2778
3011.0000,4.1815,0.0000,-5.9923,0.2778
3011.1000,3.8912,0.0000,-5.1405,0.2778
3011.2000,3.6212,0.0000,-4.4068,0.2778
3011.3000,3.3702,0.0000,-3.7751,0.2778
3011.4000,3.1368,0.0000,-3.2313,0.2778
3011.5000,2.9198,0.0000,-2.7652,0.2778
3011.6000,2.7179,0.0000,-2.3656,0.2778
3011.7000,2.5299,0.0000,-2.0214,0.2778
3011.8000,2.3549,0.0000,-1.7251,0.2778
3011.9000,2.1920,0.0000,-1.4702,0.2778
3012.0000,2.0404,0.0000,-1.2510,0.2778
3012.1000,1.8992,0.0000,-1.0627,0.2778
3012.2000,1.7679,0.0000,-0.9010,0.2778
3012.3000,1.6456,0.0000,-0.7623,0.2778
3012.4000,1.5317,0.0000,-0.6433,0.2778
3012.5000,1.4258,0.0000,-0.5415,0.2778
3012.6000,1.3272,0.0000,-0.4543,0.2778
3012.7000,1.2354,0.0000,-0.3798,0.2778
3012.8000,1.1499,0.0000,-0.3162,0.2778
3012.9000,1.0704,0.0000,-0.2620,0.2778
3013.0000,0.9963,0.0000,-0.2159,0.2778
3013.1000,0.9274,0.0000,-0.1766,0.2778
3013.2000,0.8633,0.0000,-0.1434,0.2778
3013.3000,0.8035,0.0000,-0.1152,0.2778
3013.4000,0.7480,0.0000,-0.0915,0.2778
3013.5000,0.6962,0.0000,-0.0715,0.2778
3013.6000,0.6481,0.0000,-0.0547,0.2778
3013.7000,0.6032,0.0000,-0.0406,0.2778
3013.8000,0.5615,0.0000,-0.0289,0.2778
3013.9000,0.5227,0.0000,-0.0192,0.2778
3014.0000,0.4865,0.0000,-0.0112,0.2778
3014.1000,0.4529,0.0000,-0.0046,0.2778
3014.2000,0.4215,0.0000,0.0007,0.2778
3014.3000,0.3924,0.0000,0.0050,0.2778
3014.4000,0.3652,0.0000,0.0084,0.2778
3014.5000,0.3400,0.0000,0.0111,0.2778
3014.6000,0.3165,0.0000,0.0132,0.2778
3014.7000,0.2946,0.0000,0.0147,0.2778
3014.8000,0.2742,0.0000,0.0158,0.2778
3014.9000,0.2552,0.0000,0.0166,0.2778
3015.0000,0.2376,0.0000,0.0170,0.2778
3015.1000,0.2211,0.0000,0.0172,0.2778
3015.2000,0.2058,0.0000,-0.0872,0.2778
3015.3000,0.0000,0.0000,-0.0000,0.2778
3015.4000,0.0000,0.0000,0.0000,0.2778
3015.5000,0.0000,0.0000,0.0000,0.2778
3015.6000,0.0000,0.0000,0.0000,0.2778
3015.7000,0.0000,0.0000,0.0000,0.2778
3015.8000,0.0000,0.0000,0.0000,0.2778
3015.9000,0.0000,0.0000,0.0000,0.2778
3016.0000,0.0000,0.0000,0.0000,0.2778
3016.1000,0.0000,0.0000,0.0000,0.2778
3016.2000,0.0000,0.0000,0.0000,0.2778
3016.3000,0.0000,0.0000,0.0000,0.2778
3016.4000,0.0000,0.0000,0.0000,0.2778
3016.5000,0.0000,0.0000,0.0000,0.2778
3016.6000,0.0000,0.0000,0.0000,0.2778
3016.7000,0.0000,0.0000,0.0000,0.2778
3016.8000,0.0000,0.0000,0.0000,0.2778
3016.9000,0.0000,0.0000,0.0000,0.2778
3017.0000,0.0000,0.0000,0.0000,0.2778
3017.1000,0.0000,0.0000,0.0000,0.2778
3017.2000,0.0000,0.0000,0.0000,0.2778
3017.3000,0.0000,0.0000,0.0000,0.2778
3017.4000,0.0000,0.0000,0.0000,0.2778
3017.5000,0.0000,0.0000,0.0000,0.2778
3017.6000,0.0000,0.0000,0.0000,0.2778
3017.7000,0.0000,0.0000,0.0000,0.2778
3017.8000,0.0000,0.0000,0.0000,0.2778
3017.9000,0.0000,0.0000,0.0000,0.2778
3018.0000,0.0000,0.0000,0.0000,0.2778
3018.1000,0.0000,0.0000,0.0000,0.2778
3018.2000,0.0000,0.0000,0.0000,0.2778
3018.3000,0.0000,0.0000,0.0000,0.2778
3018.4000,0.0000,0.0000,0.0000,0.2778
3018.5000,0.0000,0.0000,0.0000,0.2778
3018.6000,0.0000,0.0000,0.0000,0.2778
3018.7000,0.0000,0.0000,0.0000,0.2778
3018.8000,0.0000,0.0000,0.0000,0.2778
3018.9000,0.0000,0.0000,0.0000,0.2778
3019.0000,0.0000,0.0000,0.0000,0.2778
3019.1000,0.0000,0.0000,0.0000,0.2778
3019.2000,0.0000,0.0000,0.0000,0.2778
3019.3000,0.0000,0.0000,0.0000,0.2778
3019.4000,0.0000,0.0000,0.0000,0.2778
3019.5000,0.0000,0.0000,0.0000,0.2778
3019.6000,0.0000,0.0000,0.0000,0.2778
3019.7000,0.0000,0.0000,0.0000,0.2778
3019.8000,0.0000,0.0000,0.0000,0.2778
3019.9000,0.0000,0.0000,0.0000,0.2778
3020.0000,0.0000,0.0000,0.0000,0.2778
3020.1000,0.0000,0.0000,0.0000,0.2778
3020.2000,0.0000,0.0000,0.0000,0.2778
3020.3000,0.0000,0.0000,0.0000,0.2778
3020.4000,0.0000,0.0000,0.0000,0.2778
3020.5000,0.0000,0.0000,0.0000,0.2778
3020.6000,0.0000,0.0000,0.0000,0.2778
3020.7000,0.0000,0.0000,0.0000,0.2778
3020.8000,0.0000,0.0000,0.0000,0.2778
3020.9000,0.0000,0.0000,0.0000,0.2778
3021.0000,0.0000,0.0000,0.0000,0.2778
3021.1000,0.0000,0.0000,0.0000,0.2778
3021.2000,0.0000,0.0000,0.0000,0.2778
3021.3000,0.0000,0.0000,0.0000,0.2778
3021.4000,0.0000,0.0000,0.0000,0.2778
3021.5000,0.0000,0.0000,0.0000,0.2778
3021.6000,0.0000,0.0000,0.0000,0.2778
3021.7000,0.0000,0.0000,0.0000,0.2778
3021.8000,0.0000,0.0000,0.0000,0.2778
3021.9000,0.0000,0.0000,0.0000,0.2778
3022.0000,0.0000,0.0000,0.0000,0.2778
3022.1000,0.0000,0.0000,0.0000,0.2778
3022.2000,0.0000,0.0000,0.0000,0.2778
3022.3000,0.0000,0.0000,0.0000,0.2778
3022.4000,0.0000,0.0000,0.0000,0.2778
3022.5000,0.0000,0.0000,0.0000,0.2778
3022.6000,0.0000,0.0000,0.0000,0.2778
3022.7000,0.0000,0.0000,0.0000,0.2778
3022.8000,0.0000,0.0000,0.0000,0.2778
3022.9000,0.0000,0.0000,0.0000,0.2778
3023.0000,0.0000,0.0000,0.0000,0.2778
3023.1000,0.0000,0.0000,0.0000,0.2778
3023.2000,0.0000,0.0000,0.0000,0.2778
3023.3000,0.0000,0.0000,0.0000,0.2778
3023.4000,0.0000,0.0000,0.0000,0.2778
3023.5000,0.0000,0.0000,0.0000,0.2778
3023.6000,0.0000,0.0000,0.0000,0.2778
3023.7000,0.0000,0.0000,0.0000,0.2778
3023.8000,0.0000,0.0000,0.0000,0.2778
3023.9000,0.0000,0.0000,0.0000,0.2778
3024.0000,0.0000,0.0000,0.0000,0.2778
3024.1000,0.0000,0.0000,0.0000,0.2778
3024.2000,0.0000,0.0000,0.0000,0.2778
3024.3000,0.0000,0.0000,0.0000,0.2778
3024.4000,0.0000,0.0000,0.0000,0.2778
3024.5000,0.0000,0.0000,0.0000,0.2778
3024.6000,0.0000,0.0000,0.0000,0.2778
3024.7000,0.0000,0.0000,0.0000,0.2778
3024.8000,0.0000,0.0000,0.0000,0.2778
3024.9000,0.0000,0.0000,0.0000,0.2778
3025.0000,0.0000,0.0000,0.0000,0.2778
3025.1000,0.0000,0.0000,0.0000,0.2778
3025.2000,0.0000,0.0000,0.0000,0.2778
3025.3000,0.0000,0.0000,0.0000,0.2778
3025.4000,0.0000,0.0000,0.0000,0.2778
3025.5000,0.0000,0.0000,0.0000,0.2778
3025.6000,0.0000,0.0000,0.0000,0.2778
3025.7000,0.0000,0.0000,0.0000,0.2778
3025.8000,0.0000,0.0000,0.0000,0.2778
3025.9000,0.0000,0.0000,0.0000,0.2778
3026.0000,0.0000,0.0000,0.0000,0.2778
3026.1000,0.0000,0.0000,0.0000,0.2778
3026.2000,0.0000,0.0000,0.0000,0.2778
3026.3000,0.0000,0.0000,0.0000,0.2778
3026.4000,0.0000,0.0000,0.0000,0.2778
3026.5000,0.0000,0.0000,0.0000,0.2778
3026.6000,0.0000,0.0000,0.0000,0.2778
3026.7000,0.0000,0.0000,0.0000,0.2778
3026.8000,0.0000,0.0000,0.0000,0.2778
3026.9000,0.0000,0.0000,0.0000,0.2778
3027.0000,0.0000,0.0000,0.0000,0.2778
3027.1000,0.0000,0.0000,0.0000,0.2778
3027.2000,0.0000,0.0000,0.0000,0.2778
3027.3000,0.0000,0.0000,0.0000,0.2778
3027.4000,0.0000,0.0000,0.0000,0.2778
3027.5000,0.0000,0.0000,0.0000,0.2778
3027.6000,0.0000,0.0000,0.0000,0.2778
3027.7000,0.0000,0.0000,0.0000,0.2778
3027.8000,0.0000,0.0000,0.0000,0.2778
3027.9000,0.0000,0.0000,0.0000,0.2778
3028.0000,0.0000,0.0000,0.0000,0.2778
3028.1000,0.0000,0.0000,0.0000,0.2778
3028.2000,0.0000,0.0000,0.0000,0.2778
3028.3000,0.0000,0.0000,0.0000,0.2778
3028.4000,0.0000,0.0000,0.0000,0.2778
3028.5000,0.0000,0.0000,0.0000,0.2778
3028.6000,0.0000,0.0000,0.0000,0.2778
3028.7000,0.0000,0.0000,0.0000,0.2778
3028.8000,0.0000,0.0000,0.0000,0.2778
3028.9000,0.0000,0.0000,0.0000,0.2778
3029.0000,0.0000,0.0000,0.0000,0.2778
3029.1000,0.0000,0.0000,0.0000,0.2778
3029.2000,0.0000,0.0000,0.0000,0.2778
3029.3000,0.0000,0.0000,0.0000,0.2778
3029.4000,0.0000,0.0000,0.0000,0.2778
3029.5000,0.0000,0.0000,0.0000,0.2778
3029.6000,0.0000,0.0000,0.0000,0.2778
3029.7000,0.0000,0.0000,0.0000,0.2778
3029.8000,0.0000,0.0000,0.0000,0.2778
3029.9000,0.0000,0.0000,0.0000,0.2778
3030.0000,0.0000,0.0000,0.0000,0.2778
3030.1000,0.0000,0.0000,0.0000,0.2778
3030.2000,0.0000,0.0000,0.0000,0.2778
3030.3000,0.0000,0.0000,0.0000,0.2778
3030.4000,0.0000,0.0000,0.0000,0.2778
3030.5000,0.0000,0.0000,0.0000,0.2778
3030.6000,0.0000,0.0000,0.0000,0.2778
3030.7000,0.0000,0.0000,0.0000,0.2778
3030.8000,0.0000,0.0000,0.0000,0.2778
3030.9000,0.0000,0.0000,0.0000,0.2778
3031.0000,0.0000,0.0000,0.0000,0.2778
3031.1000,0.0000,0.0000,0.0000,0.2778
3031.2000,0.0000,0.0000,0.0000,0.2778
3031.3000,0.0000,0.0000,0.0000,0.2778
3031.4000,0.0000,0.0000,0.0000,0.2778
3031.5000,0.0000,0.0000,0.0000,0.2778
3031.6000,0.0000,0.0000,0.0000,0.2778
3031.7000,0.0000,0.0000,0.0000,0.2778
3031.8000,0.0000,0.0000,0.0000,0.2778
3031.9000,0.0000,0.0000,0.0000,0.2778
3032.0000,0.0000,0.0000,0.0000,0.2778
3032.1000,0.0000,0.0000,0.0000,0.2778
3032.2000,0.0000,0.0000,0.0000,0.2778
3032.3000,0.0000,0.0000,0.0000,0.2778
3032.4000,0.0000,0.0000,0.0000,0.2778
3032.5000,0.0000,0.0000,0.0000,0.2778
3032.6000,0.0000,0.0000,0.0000,0.2778
3032.7000,0.0000,0.0000,0.0000,0.2778
3032.8000,0.0000,0.0000,0.0000,0.2778
3032.9000,0.0000,0.0000,0.0000,0.2778
3033.0000,0.0000,0.0000,0.0000,0.2778
3033.1000,0.0000,0.0000,0.0000,0.2778
3033.2000,0.0000,0.0000,0.0000,0.2778
3033.3000,0.0000,0.0000,0.0000,0.2778
3033.4000,0.0000,0.0000,0.0000,0.2778
3033.5000,0.0000,0.0000,0.0000,0.2778
3033.6000,0.0000,0.0000,0.0000,0.2778
3033.7000,0.0000,0.0000,0.0000,0.2778
3033.8000,0.0000,0.0000,0.0000,0.2778
3033.9000,0.0000,0.0000,0.0000,0.2778
3034.0000,0.0000,0.0000,0.0000,0.2778
3034.1000,0.0000,0.0000,0.0000,0.2778
3034.2000,0.0000,0.0000,0.0000,0.2778
3034.3000,0.0000,0.0000,0.0000,0.2778
3034.4000,0.0000,0.0000,0.0000,0.2778
3034.5000,0.0000,0.0000,0.0000,0.2778
3034.6000,0.0000,0.0000,0.0000,0.2778
3034.7000,0.0000,0.0000,0.0000,0.2778
3034.8000,0.0000,0.0000,0.0000,0.2778
3034.9000,0.0000,0.0000,0.0000,0.2778
3035.0000,0.0000,0.0000,0.0000,0.2778
3035.1000,0.0000,0.0000,0.0000,0.2778
3035.2000,0.0000,0.0000,0.0000,0.2778
3035.3000,0.0000,0.0000,0.0000,0.2778
3035.4000,0.0000,0.0000,0.0000,0.2778
3035.5000,0.0000,0.0000,0.0000,0.2778
3035.6000,0.0000,0.0000,0.0000,0.2778
3035.7000,0.0000,0.0000,0.0000,0.2778
3035.8000,0.0000,0.0000,0.0000,0.2778
3035.9000,0.0000,0.0000,0.0000,0.2778
3036.0000,0.0000,0.0000,0.0000,0.2778
3036.1000,0.0000,0.0000,0.0000,0.2778
3036.2000,0.0000,0.0000,0.0000,0.2778
3036.3000,0.0000,0.0000,0.0000,0.2778
3036.4000,0.0000,0.0000,0.0000,0.2778
3036.5000,0.0000,0.0000,0.0000,0.2778
3036.6000,0.0000,0.0000,0.0000,0.2778
3036.7000,0.0000,0.0000,0.0000,0.2778
3036.8000,0.0000,0.0000,0.0000,0.2778
3036.9000,0.0000,0.0000,0.0000,0.2778
3037.0000,0.0000,0.0000,0.0000,0.2778
3037.1000,0.0000,0.0000,0.0000,0.2778
3037.2000,0.0000,0.0000,0.0000,0.2778
3037.3000,0.0000,0.0000,0.0000,0.2778
3037.4000,0.0000,0.0000,0.0000,0.2778
3037.5000,0.0000,0.0000,0.0000,0.2778
3037.6000,0.0000,0.0000,0.0000,0.2778
3037.7000,0.0000,0.0000,0.0000,0.2778
3037.8000,0.0000,0.0000,0.0000,0.2778
3037.9000,0.0000,0.0000,0.0000,0.2778
3038.0000,0.0000,0.0000,0.0000,0.2778
3038.1000,0.0000,0.0000,0.0000,0.2778
3038.2000,0.0000,0.0000,0.0000,0.2778
3038.3000,0.0000,0.0000,0.0000,0.2778
3038.4000,0.0000,0.0000,0.0000,0.2778
3038.5000,0.0000,0.0000,0.0000,0.2778
3038.6000,0.0000,0.0000,0.0000,0.2778
3038.7000,0.0000,0.0000,0.0000,0.2778
3038.8000,0.0000,0.0000,0.0000,0.2778
3038.9000,0.0000,0.0000,0.0000,0.2778
3039.0000,0.0000,0.0000,0.0000,0.2778
3039.1000,0.0000,0.0000,0.0000,0.2778
3039.2000,0.0000,0.0000,0.0000,0.2778
3039.3000,0.0000,0.0000,0.0000,0.2778
3039.4000,0.0000,0.0000,0.0000,0.2778
3039.5000,0.0000,0.0000,0.0000,0.2778
3039.6000,0.0000,0.0000,0.0000,0.2778
3039.7000,0.0000,0.0000,0.0000,0.2778
3039.8000,0.0000,0.0000,0.0000,0.2778
3039.9000,0.0000,0.0000,0.0000,0.2778
3040.0000,0.0000,0.0000,0.0000,0.2778
3040.1000,0.0000,0.0000,0.0000,0.2778
3040.2000,0.0000,0.0000,0.0000,0.2778
3040.3000,0.0000,0.0000,0.0000,0.2778
3040.4000,0.0000,0.0000,0.0000,0.2778
3040.5000,0.0000,0.0000,0.0000,0.2778
3040.6000,0.0000,0.0000,0.0000,0.2778
3040.7000,0.0000,0.0000,0.0000,0.2778
3040.8000,0.0000,0.0000,0.0000,0.2778
3040.9000,0.0000,0.0000,0.0000,0.2778
3041.0000,0.0000,0.0000,0.0000,0.2778
3041.1000,0.0000,0.0000,0.0000,0.2778
3041.2000,0.0000,0.0000,0.0000,0.2778
3041.3000,0.0000,0.0000,0.0000,0.2778
3041.4000,0.0000,0.0000,0.0000,0.2778
3041.5000,0.0000,0.0000,0.0000,0.2778
3041.6000,0.0000,0.0000,0.0000,0.2778
3041.7000,0.0000,0.0000,0.0000,0.2778
3041.8000,0.0000,0.0000,0.0000,0.2778
3041.9000,0.0000,0.0000,0.0000,0.2778
3042.0000,0.0000,0.0000,0.0000,0.2778
3042.1000,0.0000,0.0000,0.0000,0.2778
3042.2000,0.0000,0.0000,0.0000,0.2778
3042.3000,0.0000,0.0000,0.0000,0.2778
3042.4000,0.0000,0.0000,0.0000,0.2778
3042.5000,0.0000,0.0000,0.0000,0.2778
3042.6000,0.0000,0.0000,0.0000,0.2778
3042.7000,0.0000,0.0000,0.0000,0.2778
3042.8000,0.0000,0.0000,0.0000,0.2778
3042.9000,0.0000,0.0000,0.0000,0.2778
3043.0000,0.0000,0.0000,0.0000,0.2778
3043.1000,0.0000,0.0000,0.0000,0.2778
3043.2000,0.0000,0.0000,0.0000,0.2778
3043.3000,0.0000,0.0000,0.0000,0.2778
3043.4000,0.0000,0.0000,0.0000,0.2778
3043.5000,0.0000,0.0000,0.0000,0.2778
3043.6000,0.0000,0.0000,0.0000,0.2778
3043.7000,0.0000,0.0000,0.0000,0.2778
3043.8000,0.0000,0.0000,0.0000,0.2778
3043.9000,0.0000,0.0000,0.0000,0.2778
3044.0000,0.0000,0.0000,0.0000,0.2778
3044.1000,0.0000,0.0000,0.0000,0.2778
3044.2000,0.0000,0.0000,0.0000,0.2778
3044.3000,0.0000,0.0000,0.0000,0.2778
3044.4000,0.0000,0.0000,0.0000,0.2778
3044.5000,0.0000,0.0000,0.0000,0.2778
3044.6000,0.0000,0.0000,0.0000,0.2778
3044.7000,0.0000,0.0000,0.0000,0.2778
3044.8000,0.0000,0.0000,0.0000,0.2778
3044.9000,0.0000,0.0000,0.0000,0.2778
3045.0000,0.0000,0.0000,0.0000,0.2778
3045.1000,0.0000,0.0000,0.0000,0.2778
3045.2000,0.0000,0.0000,0.0000,0.2778
3045.3000,0.0000,0.0000,0.0000,0.2778
3045.4000,0.0000,0.0000,0.0000,0.2778
3045.5000,0.0000,0.0000,0.0000,0.2778
3045.6000,0.0000,0.0000,0.0000,0.2778
3045.7000,0.0000,0.0000,0.0000,0.2778
3045.8000,0.0000,0.0000,0.0000,0.2778
3045.9000,0.0000,0.0000,0.0000,0.2778
3046.0000,0.0000,0.0000,0.0000,0.2778
3046.1000,0.0000,0.0000,0.0000,0.2778
3046.2000,0.0000,0.0000,0.0000,0.2778
3046.3000,0.0000,0.0000,0.0000,0.2778
3046.4000,0.0000,0.0000,0.0000,0.2778
3046.5000,0.0000,0.0000,0.0000,0.2778
3046.6000,0.0000,0.0000,0.0000,0.2778
3046.7000,0.0000,0.0000,0.0000,0.2778
3046.8000,0.0000,0.0000,0.0000,0.2778
3046.9000,0.0000,0.0000,0.0000,0.2778
3047.0000,0.0000,0.0000,0.0000,0.2778
3047.1000,0.0000,0.0000,0.0000,0.2778
3047.2000,0.0000,0.0000,0.0000,0.2778
3047.3000,0.0000,0.0000,0.0000,0.2778
3047.4000,0.0000,0.0000,0.0000,0.2778
3047.5000,0.0000,0.0000,0.0000,0.2778
3047.6000,0.0000,0.0000,0.0000,0.2778
3047.7000,0.0000,0.0000,0.0000,0.2778
3047.8000,0.0000,0.0000,0.0000,0.2778
3047.9000,0.0000,0.0000,0.0000,0.2778
3048.0000,0.0000,0.0000,0.0000,0.2778
3048.1000,0.0000,0.0000,0.0000,0.2778
3048.2000,0.0000,0.0000,0.0000,0.2778
3048.3000,0.0000,0.0000,0.0000,0.2778
3048.4000,0.0000,0.0000,0.0000,0.2778
3048.5000,0.0000,0.0000,0.0000,0.2778
3048.6000,0.0000,0.0000,0.0000,0.2778
3048.7000,0.0000,0.0000,0.0000,0.2778
3048.8000,0.0000,0.0000,0.0000,0.2778
3048.9000,0.0000,0.0000,0.0000,0.2778
3049.0000,0.0000,0.0000,0.0000,0.2778
3049.1000,0.0000,0.0000,0.0000,0.2778
3049.2000,0.0000,0.0000,0.0000,0.2778
3049.3000,0.0000,0.0000,0.0000,0.2778
3049.4000,0.0000,0.0000,0.0000,0.2778
3049.5000,0.0000,0.0000,0.0000,0.2778
3049.6000,0.0000,0.0000,0.0000,0.2778
3049.7000,0.0000,0.0000,0.0000,0.2778
3049.8000,0.0000,0.0000,0.0000,0.2778
3049.9000,0.0000,0.0000,0.0000,0.2778
3050.0000,0.0000,0.0000,0.0000,0.2778
3050.1000,0.0000,0.0000,0.0000,0.2778
3050.2000,0.0000,0.0000,0.0000,0.2778
3050.3000,0.0000,0.0000,0.0000,0.2778
3050.4000,0.0000,0.0000,0.0000,0.2778
3050.5000,0.0000,0.0000,0.0000,0.2778
3050.6000,0.0000,0.0000,0.0000,0.2778
3050.7000,0.0000,0.0000,0.0000,0.2778
3050.8000,0.0000,0.0000,0.0000,0.2778
3050.9000,0.0000,0.0000,0.0000,0.2778
3051.0000,0.0000,0.0000,0.0000,0.2778
3051.1000,0.0000,0.0000,0.0000,0.2778
3051.2000,0.0000,0.0000,0.0000,0.2778
3051.3000,0.0000,0.0000,0.0000,0.2778
3051.4000,0.0000,0.0000,0.0000,0.2778
3051.5000,0.0000,0.0000,0.0000,0.2778
3051.6000,0.0000,0.0000,0.0000,0.2778
3051.7000,0.0000,0.0000,0.0000,0.2778
3051.8000,0.0000,0.0000,0.0000,0.2778
3051.9000,0.0000,0.0000,0.0000,0.2778
3052.0000,0.0000,0.0000,0.0000,0.2778
3052.1000,0.0000,0.0000,0.0000,0.2778
3052.2000,0.0000,0.0000,0.0000,0.2778
3052.3000,0.0000,0.0000,0.0000,0.2778
3052.4000,0.0000,0.0000,0.0000,0.2778
3052.5000,0.0000,0.0000,0.0000,0.2778
3052.6000,0.0000,0.0000,0.0000,0.2778
3052.7000,0.0000,0.0000,0.0000,0.2778
3052.8000,0.0000,0.0000,0.0000,0.2778
3052.9000,0.0000,0.0000,0.0000,0.2778
3053.0000,0.0000,0.0000,0.0000,0.2778
3053.1000,0.0000,0.0000,0.0000,0.2778
3053.2000,0.0000,0.0000,0.0000,0.2778
3053.3000,0.0000,0.0000,0.0000,0.2778
3053.4000,0.0000,0.0000,0.0000,0.2778
3053.5000,0.0000,0.0000,0.0000,0.2778
3053.6000,0.0000,0.0000,0.0000,0.2778
3053.7000,0.0000,0.0000,0.0000,0.2778
3053.8000,0.0000,0.0000,0.0000,0.2778
3053.9000,0.0000,0.0000,0.0000,0.2778
3054.0000,0.0000,0.0000,0.0000,0.2778
3054.1000,0.0000,0.0000,0.0000,0.2778
3054.2000,0.0000,0.0000,0.0000,0.2778
3054.3000,0.0000,0.0000,0.0000,0.2778
3054.4000,0.0000,0.0000,0.0000,0.2778
3054.5000,0.0000,0.0000,0.0000,0.2778
3054.6000,0.0000,0.0000,0.0000,0.2778
3054.7000,0.0000,0.0000,0.0000,0.2778
3054.8000,0.0000,0.0000,0.0000,0.2778
3054.9000,0.0000,0.0000,0.0000,0.2778
3055.0000,0.0000,0.0000,0.0000,0.2778
3055.1000,0.0000,0.0000,0.0000,0.2778
3055.2000,0.0000,0.0000,0.0000,0.2778
3055.3000,0.0000,0.0000,0.0000,0.2778
3055.4000,0.0000,0.0000,0.0000,0.2778
3055.5000,0.0000,0.0000,0.0000,0.2778
3055.6000,0.0000,0.0000,0.0000,0.2778
3055.7000,0.0000,0.0000,0.0000,0.2778
3055.8000,0.0000,0.0000,0.0000,0.2778
3055.9000,0.0000,0.0000,0.0000,0.2778
3056.0000,0.0000,0.0000,0.0000,0.2778
3056.1000,0.0000,0.0000,0.0000,0.2778
3056.2000,0.0000,0.0000,0.0000,0.2778
3056.3000,0.0000,0.0000,0.0000,0.2778
3056.4000,0.0000,0.0000,0.0000,0.2778
3056.5000,0.0000,0.0000,0.0000,0.2778
3056.6000,0.0000,0.0000,0.0000,0.2778
3056.7000,0.0000,0.0000,0.0000,0.2778
3056.8000,0.0000,0.0000,0.0000,0.2778
3056.9000,0.0000,0.0000,0.0000,0.2778
3057.0000,0.0000,0.0000,0.0000,0.2778
3057.1000,0.0000,0.0000,0.0000,0.2778
3057.2000,0.0000,0.0000,0.0000,0.2778
3057.3000,0.0000,0.0000,0.0000,0.2778
3057.4000,0.0000,0.0000,0.0000,0.2778
3057.5000,0.0000,0.0000,0.0000,0.2778
3057.6000,0.0000,0.0000,0.0000,0.2778
3057.7000,0.0000,0.0000,0.0000,0.2778
3057.8000,0.0000,0.0000,0.0000,0.2778
3057.9000,0.0000,0.0000,0.0000,0.2778
3058.0000,0.0000,0.0000,0.0000,0.2778
3058.1000,0.0000,0.0000,0.0000,0.2778
3058.2000,0.0000,0.0000,0.0000,0.2778
3058.3000,0.0000,0.0000,0.0000,0.2778
3058.4000,0.0000,0.0000,0.0000,0.2778
3058.5000,0.0000,0.0000,0.0000,0.2778
3058.6000,0.0000,0.0000,0.0000,0.2778
3058.7000,0.0000,0.0000,0.0000,0.2778
3058.8000,0.0000,0.0000,0.0000,0.2778
3058.9000,0.0000,0.0000,0.0000,0.2778
3059.0000,0.0000,0.0000,0.0000,0.2778
3059.1000,0.0000,0.0000,0.0000,0.2778
3059.2000,0.0000,0.0000,0.0000,0.2778
3059.3000,0.0000,0.0000,0.0000,0.2778
3059.4000,0.0000,0.0000,0.0000,0.2778
3059.5000,0.0000,0.0000,0.0000,0.2778
3059.6000,0.0000,0.0000,0.0000,0.2778
3059.7000,0.0000,0.0000,0.0000,0.2778
3059.8000,0.0000,0.0000,0.0000,0.2778
3059.9000,0.0000,0.0000,0.0000,0.2778
3060.0000,0.0000,0.0000,0.0000,0.2778
3060.1000,0.0000,0.0000,0.0000,0.2778
3060.2000,0.0000,0.0000,0.0000,0.2778
3060.3000,0.0000,0.0000,0.0000,0.2778
3060.4000,0.0000,0.0000,0.0000,0.2778
3060.5000,0.0000,0.0000,0.0000,0.2778
3060.6000,0.0000,0.0000,0.0000,0.2778
3060.7000,0.0000,0.0000,0.0000,0.2778
3060.8000,0.0000,0.0000,0.0000,0.2778
3060.9000,0.0000,0.0000,0.0000,0.2778
3061.0000,0.0000,0.0000,0.0000,0.2778
3061.1000,0.0000,0.0000,0.0000,0.2778
3061.2000,0.0000,0.0000,0.0000,0.2778
3061.3000,0.0000,0.0000,0.0000,0.2778
3061.4000,0.0000,0.0000,0.0000,0.2778
3061.5000,0.0000,0.0000,0.0000,0.2778
3061.6000,0.0000,0.0000,0.0000,0.2778
3061.7000,0.0000,0.0000,0.0000,0.2778
3061.8000,0.0000,0.0000,0.0000,0.2778
3061.9000,0.0000,0.0000,0.0000,0.2778
3062.0000,0.0000,0.0000,0.0000,0.2778
3062.1000,0.0000,0.0000,0.0000,0.2778
3062.2000,0.0000,0.0000,0.0000,0.2778
3062.3000,0.0000,0.0000,0.0000,0.2778
3062.4000,0.0000,0.0000,0.0000,0.2778
3062.5000,0.0000,0.0000,0.0000,0.2778
3062.6000,0.0000,0.0000,0.0000,0.2778
3062.7000,0.0000,0.0000,0.0000,0.2778
3062.8000,0.0000,0.0000,0.0000,0.2778
3062.9000,0.0000,0.0000,0.0000,0.2778
3063.0000,0.0000,0.0000,0.0000,0.2778
3063.1000,0.0000,0.0000,0.0000,0.2778
3063.2000,0.0000,0.0000,0.0000,0.2778
3063.3000,0.0000,0.0000,0.0000,0.2778
3063.4000,0.0000,0.0000,0.0000,0.2778
3063.5000,0.0000,0.0000,0.0000,0.2778
3063.6000,0.0000,0.0000,0.0000,0.2778
3063.7000,0.0000,0.0000,0.0000,0.2778
3063.8000,0.0000,0.0000,0.0000,0.2778
3063.9000,0.0000,0.0000,0.0000,0.2778
3064.0000,0.0000,0.0000,0.0000,0.2778
3064.1000,0.0000,0.0000,0.0000,0.2778
3064.2000,0.0000,0.0000,0.0000,0.2778
3064.3000,0.0000,0.0000,0.0000,0.2778
3064.4000,0.0000,0.0000,0.0000,0.2778
3064.5000,0.0000,0.0000,0.0000,0.2778
3064.6000,0.0000,0.0000,0.0000,0.2778
3064.7000,0.0000,0.0000,0.0000,0.2778
3064.8000,0.0000,0.0000,0.0000,0.2778
3064.9000,0.0000,0.0000,0.0000,0.2778
3065.0000,0.0000,0.0000,0.0000,0.2778
3065.1000,0.0000,0.0000,0.0000,0.2778
3065.2000,0.0000,0.0000,0.0000,0.2778
3065.3000,0.0000,0.0000,0.0000,0.2778
3065.4000,0.0000,0.0000,0.0000,0.2778
3065.5000,0.0000,0.0000,0.0000,0.2778
3065.6000,0.0000,0.0000,0.0000,0.2778
3065.7000,0.0000,0.0000,0.0000,0.2778
3065.8000,0.0000,0.0000,0.0000,0.2778
3065.9000,0.0000,0.0000,0.0000,0.2778
3066.0000,0.0000,0.0000,0.0000,0.2778
3066.1000,0.0000,0.0000,0.0000,0.2778
3066.2000,0.0000,0.0000,0.0000,0.2778
3066.3000,0.0000,0.0000,0.0000,0.2778
3066.4000,0.0000,0.0000,0.0000,0.2778
3066.5000,0.0000,0.0000,0.0000,0.2778
3066.6000,0.0000,0.0000,0.0000,0.2778
3066.7000,0.0000,0.0000,0.0000,0.2778
3066.8000,0.0000,0.0000,0.0000,0.2778
3066.9000,0.0000,0.0000,0.0000,0.2778
3067.0000,0.0000,0.0000,0.0000,0.2778
3067.1000,0.0000,0.0000,0.0000,0.2778
3067.2000,0.0000,0.0000,0.0000,0.2778
3067.3000,0.0000,0.0000,0.0000,0.2778
3067.4000,0.0000,0.0000,0.0000,0.2778
3067.5000,0.0000,0.0000,0.0000,0.2778
3067.6000,0.0000,0.0000,0.0000,0.2778
3067.7000,0.0000,0.0000,0.0000,0.2778
3067.8000,0.0000,0.0000,0.0000,0.2778
3067.9000,0.0000,0.0000,0.0000,0.2778
3068.0000,0.0000,0.0000,0.0000,0.2778
3068.1000,0.0000,0.0000,0.0000,0.2778
3068.2000,0.0000,0.0000,0.0000,0.2778
3068.3000,0.0000,0.0000,0.0000,0.2778
3068.4000,0.0000,0.0000,0.0000,0.2778
3068.5000,0.0000,0.0000,0.0000,0.2778
3068.6000,0.0000,0.0000,0.0000,0.2778
3068.7000,0.0000,0.0000,0.0000,0.2778
3068.8000,0.0000,0.0000,0.0000,0.2778
3068.9000,0.0000,0.0000,0.0000,0.2778
3069.0000,0.0000,0.0000,0.0000,0.2778
3069.1000,0.0000,0.0000,0.0000,0.2778
3069.2000,0.0000,0.0000,0.0000,0.2778
3069.3000,0.0000,0.0000,0.0000,0.2778
3069.4000,0.0000,0.0000,0.0000,0.2778
3069.5000,0.0000,0.0000,0.0000,0.2778
3069.6000,0.0000,0.0000,0.0000,0.2778
3069.7000,0.0000,0.0000,0.0000,0.2778
3069.8000,0.0000,0.0000,0.0000,0.2778
3069.9000,0.0000,0.0000,0.0000,0.2778
3070.0000,0.0000,0.0000,0.0000,0.2778
3070.1000,0.0000,0.0000,0.0000,0.2778
3070.2000,0.0000,0.0000,0.0000,0.2778
3070.3000,0.0000,0.0000,0.0000,0.2778
3070.4000,0.0000,0.0000,0.0000,0.2778
3070.5000,0.0000,0.0000,0.0000,0.2778
3070.6000,0.0000,0.0000,0.0000,0.2778
3070.7000,0.0000,0.0000,0.0000,0.2778
3070.8000,0.0000,0.0000,0.0000,0.2778
3070.9000,0.0000,0.0000,0.0000,0.2778
3071.0000,0.0000,0.0000,0.0000,0.2778
3071.1000,0.0000,0.0000,0.0000,0.2778
3071.2000,0.0000,0.0000,0.0000,0.2778
3071.3000,0.0000,0.0000,0.0000,0.2778
3071.4000,0.0000,0.0000,0.0000,0.2778
3071.5000,0.0000,0.0000,0.0000,0.2778
3071.6000,0.0000,0.0000,0.0000,0.2778
3071.7000,0.0000,0.0000,0.0000,0.2778
3071.8000,0.0000,0.0000,0.0000,0.2778
3071.9000,0.0000,0.0000,0.0000,0.2778
3072.0000,0.0000,0.0000,0.0000,0.2778
3072.1000,0.0000,0.0000,0.0000,0.2778
3072.2000,0.0000,0.0000,0.0000,0.2778
3072.3000,0.0000,0.0000,0.0000,0.2778
3072.4000,0.0000,0.0000,0.0000,0.2778
3072.5000,0.0000,0.0000,0.0000,0.2778
3072.6000,0.0000,0.0000,0.0000,0.2778
3072.7000,0.0000,0.0000,0.0000,0.2778
3072.8000,0.0000,0.0000,0.0000,0.2778
3072.9000,0.0000,0.0000,0.0000,0.2778
3073.0000,0.0000,0.0000,0.0000,0.2778
3073.1000,0.0000,0.0000,0.0000,0.2778
3073.2000,0.0000,0.0000,0.0000,0.2778
3073.3000,0.0000,0.0000,0.0000,0.2778
3073.4000,0.0000,0.0000,0.0000,0.2778
3073.5000,0.0000,0.0000,0.0000,0.2778
3073.6000,0.0000,0.0000,0.0000,0.2778
3073.7000,0.0000,0.0000,0.0000,0.2778
3073.8000,0.0000,0.0000,0.0000,0.2778
3073.9000,0.0000,0.0000,0.0000,0.2778
3074.0000,0.0000,0.0000,0.0000,0.2778
3074.1000,0.0000,0.0000,0.0000,0.2778
3074.2000,0.0000,0.0000,0.0000,0.2778
3074.3000,0.0000,0.0000,0.0000,0.2778
3074.4000,0.0000,0.0000,0.0000,0.2778
3074.5000,0.0000,0.0000,0.0000,0.2778
3074.6000,0.0000,0.0000,0.0000,0.2778
3074.7000,0.0000,0.0000,0.0000,0.2778
3074.8000,0.0000,0.0000,0.0000,0.2778
3074.9000,0.0000,0.0000,0.0000,0.2778
3075.0000,0.0000,0.0000,0.0000,0.2778
3075.1000,0.0000,0.0000,0.0000,0.2778
3075.2000,0.0000,0.0000,0.0000,0.2778
3075.3000,0.0000,0.0000,0.0000,0.2778
3075.4000,0.0000,0.0000,0.0000,0.2778
3075.5000,0.0000,0.0000,0.0000,0.2778
3075.6000,0.0000,0.0000,0.0000,0.2778
3075.7000,0.0000,0.0000,0.0000,0.2778
3075.8000,0.0000,0.0000,0.0000,0.2778
3075.9000,0.0000,0.0000,0.0000,0.2778
3076.0000,0.0000,0.0000,0.0000,0.2778
3076.1000,0.0000,0.0000,0.0000,0.2778
3076.2000,0.0000,0.0000,0.0000,0.2778
3076.3000,0.0000,0.0000,0.0000,0.2778
3076.4000,0.0000,0.0000,0.0000,0.2778
3076.5000,0.0000,0.0000,0.0000,0.2778
3076.6000,0.0000,0.0000,0.0000,0.2778
3076.7000,0.0000,0.0000,0.0000,0.2778
3076.8000,0.0000,0.0000,0.0000,0.2778
3076.9000,0.0000,0.0000,0.0000,0.2778
3077.0000,0.0000,0.0000,0.0000,0.2778
3077.1000,0.0000,0.0000,0.0000,0.2778
3077.2000,0.0000,0.0000,0.0000,0.2778
3077.3000,0.0000,0.0000,0.0000,0.2778
3077.4000,0.0000,0.0000,0.0000,0.2778
3077.5000,0.0000,0.0000,0.0000,0.2778
3077.6000,0.0000,0.0000,0.0000,0.2778
3077.7000,0.0000,0.0000,0.0000,0.2778
3077.8000,0.0000,0.0000,0.0000,0.2778
3077.9000,0.0000,0.0000,0.0000,0.2778
3078.0000,0.0000,0.0000,0.0000,0.2778
3078.1000,0.0000,0.0000,0.0000,0.2778
3078.2000,0.0000,0.0000,0.0000,0.2778
3078.3000,0.0000,0.0000,0.0000,0.2778
3078.4000,0.0000,0.0000,0.0000,0.2778
3078.5000,0.0000,0.0000,0.0000,0.2778
3078.6000,0.0000,0.0000,0.0000,0.2778
3078.7000,0.0000,0.0000,0.0000,0.2778
3078.8000,0.0000,0.0000,0.0000,0.2778
3078.9000,0.0000,0.0000,0.0000,0.2778
3079.0000,0.0000,0.0000,0.0000,0.2778
3079.1000,0.0000,0.0000,0.0000,0.2778
3079.2000,0.0000,0.0000,0.0000,0.2778
3079.3000,0.0000,0.0000,0.0000,0.2778
3079.4000,0.0000,0.0000,0.0000,0.2778
3079.5000,0.0000,0.0000,0.0000,0.2778
3079.6000,0.0000,0.0000,0.0000,0.2778
3079.7000,0.0000,0.0000,0.0000,0.2778
3079.8000,0.0000,0.0000,0.0000,0.2778
3079.9000,0.0000,0.0000,0.0000,0.2778
3080.0000,0.0000,0.0000,0.0000,0.2778
3080.1000,0.0000,0.0000,0.0000,0.2778
3080.2000,0.0000,0.0000,0.0000,0.2778
3080.3000,0.0000,0.0000,0.0000,0.2778
3080.4000,0.0000,0.0000,0.0000,0.2778
3080.5000,0.0000,0.0000,0.0000,0.2778
3080.6000,0.0000,0.0000,0.0000,0.2778
3080.7000,0.0000,0.0000,0.0000,0.2778
3080.8000,0.0000,0.0000,0.0000,0.2778
3080.9000,0.0000,0.0000,0.0000,0.2778
3081.0000,0.0000,0.0000,0.0000,0.2778
3081.1000,0.0000,0.0000,0.0000,0.2778
3081.2000,0.0000,0.0000,0.0000,0.2778
3081.3000,0.0000,0.0000,0.0000,0.2778
3081.4000,0.0000,0.0000,0.0000,0.2778
3081.5000,0.0000,0.0000,0.0000,0.2778
3081.6000,0.0000,0.0000,0.0000,0.2778
3081.7000,0.0000,0.0000,0.0000,0.2778
3081.8000,0.0000,0.0000,0.0000,0.2778
3081.9000,0.0000,0.0000,0.0000,0.2778
3082.0000,0.0000,0.0000,0.0000,0.2778
3082.1000,0.0000,0.0000,0.0000,0.2778
3082.2000,0.0000,0.0000,0.0000,0.2778
3082.3000,0.0000,0.0000,0.0000,0.2778
3082.4000,0.0000,0.0000,0.0000,0.2778
3082.5000,0.0000,0.0000,0.0000,0.2778
3082.6000,0.0000,0.0000,0.0000,0.2778
3082.7000,0.0000,0.0000,0.0000,0.2778
3082.8000,0.0000,0.0000,0.0000,0.2778
3082.9000,0.0000,0.0000,0.0000,0.2778
3083.0000,0.0000,0.0000,0.0000,0.2778
3083.1000,0.0000,0.0000,0.0000,0.2778
3083.2000,0.0000,0.0000,0.0000,0.2778
3083.3000,0.0000,0.0000,0.0000,0.2778
3083.4000,0.0000,0.0000,0.0000,0.2778
3083.5000,0.0000,0.0000,0.0000,0.2778
3083.6000,0.0000,0.0000,0.0000,0.2778
3083.7000,0.0000,0.0000,0.0000,0.2778
3083.8000,0.0000,0.0000,0.0000,0.2778
3083.9000,0.0000,0.0000,0.0000,0.2778
3084.0000,0.0000,0.0000,0.0000,0.2778
3084.1000,0.0000,0.0000,0.0000,0.2778
3084.2000,0.0000,0.0000,0.0000,0.2778
3084.3000,0.0000,0.0000,0.0000,0.2778
3084.4000,0.0000,0.0000,0.0000,0.2778
3084.5000,0.0000,0.0000,0.0000,0.2778
3084.6000,0.0000,0.0000,0.0000,0.2778
3084.7000,0.0000,0.0000,0.0000,0.2778
3084.8000,0.0000,0.0000,0.0000,0.2778
3084.9000,0.0000,0.0000,0.0000,0.2778
3085.0000,0.0000,0.0000,0.0000,0.2778
3085.1000,0.0000,0.0000,0.0000,0.2778
3085.2000,0.0000,0.0000,0.0000,0.2778
3085.3000,0.0000,0.0000,0.0000,0.2778
3085.4000,0.0000,0.0000,0.0000,0.2778
3085.5000,0.0000,0.0000,0.0000,0.2778
3085.6000,0.0000,0.0000,0.0000,0.2778
3085.7000,0.0000,0.0000,0.0000,0.2778
3085.8000,0.0000,0.0000,0.0000,0.2778
3085.9000,0.0000,0.0000,0.0000,0.2778
3086.0000,0.0000,0.0000,0.0000,0.2778
3086.1000,0.0000,0.0000,0.0000,0.2778
3086.2000,0.0000,0.0000,0.0000,0.2778
3086.3000,0.0000,0.0000,0.0000,0.2778
3086.4000,0.0000,0.0000,0.0000,0.2778
3086.5000,0.0000,0.0000,0.0000,0.2778
3086.6000,0.0000,0.0000,0.0000,0.2778
3086.7000,0.0000,0.0000,0.0000,0.2778
3086.8000,0.0000,0.0000,0.0000,0.2778
3086.9000,0.0000,0.0000,0.0000,0.2778
3087.0000,0.0000,0.0000,0.0000,0.2778
3087.1000,0.0000,0.0000,0.0000,0.2778
3087.2000,0.0000,0.0000,0.0000,0.2778
3087.3000,0.0000,0.0000,0.0000,0.2778
3087.4000,0.2354,0.0000,0.3315,0.2778
3087.5000,0.4708,0.0000,0.7609,0.2778
3087.6000,0.7846,0.0000,1.5942,0.7078
3087.7000,1.1769,0.0000,2.6358,0.8121
3087.8000,1.5692,0.0000,3.5145,0.8483
3087.9000,1.9615,0.0000,4.3931,0.8865
3088.0000,2.3537,0.0000,5.2717,0.9255
3088.1000,2.7460,0.0000,6.1502,0.9665
3088.2000,3.1382,0.0000,7.0286,1.0088
3088.3000,3.5304,0.0000,7.9068,1.0536
3088.4000,3.9225,0.0000,8.7847,1.0989
3088.5000,4.3146,0.0000,9.6622,1.1459
3088.6000,4.7066,0.0000,10.5392,1.1958
3088.7000,5.0986,0.0000,11.4156,1.2486
3088.8000,5.4904,0.0000,12.2912,1.3034
3088.9000,5.8821,0.0000,13.1660,1.3603
3089.0000,6.2737,0.0000,14.0397,1.4181
3089.1000,6.6652,0.0000,14.9122,1.4767
3089.2000,7.0565,0.0000,15.7833,1.5362
3089.3000,7.4476,0.0000,16.6528,1.5962
3089.4000,7.8384,0.0000,17.5205,1.6567
3089.5000,8.2291,0.0000,18.3861,1.7179
3089.6000,8.6195,0.0000,19.2496,1.7791
3089.7000,9.0096,0.0000,20.1105,1.8410
3089.8000,9.3994,0.0000,20.9686,1.9036
3089.9000,9.7889,0.0000,21.8238,1.9668
3090.0000,10.1780,0.0000,22.6756,2.0307
3090.1000,10.5667,0.0000,23.5239,2.0946
3090.2000,10.9550,0.0000,24.3684,2.1591
3090.3000,11.3428,0.0000,25.2086,2.2244
3090.4000,11.7302,0.0000,26.0444,2.2905
3090.5000,12.1170,0.0000,26.8753,2.3575
3090.6000,12.5033,0.0000,27.7012,2.4248
3090.7000,12.8889,0.0000,28.5215,2.4929
3090.8000,13.2740,0.0000,29.3360,2.5618
3090.9000,13.6584,0.0000,30.1444,2.6315
3091.0000,14.0420,0.0000,30.9462,2.7018
3091.1000,14.4249,0.0000,31.7411,2.7726
3091.2000,14.8071,0.0000,32.5287,2.8441
3091.3000,15.1884,0.0000,33.3087,2.9177
3091.4000,15.5688,0.0000,34.0807,2.9922
3091.5000,15.9484,0.0000,34.8442,3.0670
3091.6000,16.3270,0.0000,35.5990,3.1425
3091.7000,16.7045,0.0000,36.3446,3.1052
3091.8000,17.0811,0.0000,37.0806,3.1491
3091.9000,17.4565,0.0000,37.8066,3.1926
3092.0000,17.8308,0.0000,38.5223,3.2357
3092.1000,18.2040,0.0000,39.2273,3.2785
3092.2000,18.5759,0.0000,39.9212,3.3209
3092.3000,18.9465,0.0000,40.6035,3.3611
3092.4000,19.3158,0.0000,41.2740,3.4006
3092.5000,19.6838,0.0000,41.9322,3.4397
3092.6000,20.0503,0.0000,42.5777,2.9240
3092.7000,20.4154,0.0000,43.2103,2.9692
3092.8000,20.7790,0.0000,43.8295,3.0138
3092.9000,21.1410,0.0000,44.4350,3.0578
3093.0000,21.5013,0.0000,45.0265,3.1012
3093.1000,21.8601,0.0000,45.6035,3.1439
3093.2000,22.2171,0.0000,46.1659,3.1860
3093.3000,22.5724,0.0000,46.7132,3.2274
3093.4000,22.9258,0.0000,47.2452,3.2681
3093.5000,23.2775,0.0000,47.7616,3.3081
3093.6000,23.6272,0.0000,48.2620,3.3473
3093.7000,23.9750,0.0000,48.7463,3.3858
3093.8000,24.3207,0.0000,49.2142,3.4236
3093.9000,24.6645,0.0000,49.6654,3.4606
3094.0000,25.0061,0.0000,50.0998,3.4968
3094.1000,25.3457,0.0000,50.5170,3.2992
3094.2000,25.6830,0.0000,50.9170,3.3265
3094.3000,26.0181,0.0000,51.2995,3.3529
3094.4000,26.3510,0.0000,51.6644,3.3783
3094.5000,26.6816,0.0000,52.0116,3.4027
3094.6000,27.0098,0.0000,52.3409,3.4262
3094.7000,27.3356,0.0000,52.6522,3.4486
3094.8000,27.6590,0.0000,52.9455,3.4701
3094.9000,27.9799,0.0000,53.2206,3.4907
3095.0000,28.2983,0.0000,53.4776,3.5102
3095.1000,28.6141,0.0000,53.7163,3.5287
3095.2000,28.9274,0.0000,53.9369,3.5463
3095.3000,29.2380,0.0000,54.1392,3.5628
3095.4000,29.5460,0.0000,54.3234,3.5784
3095.5000,29.8513,0.0000,54.4894,3.5929
3095.6000,30.1538,0.0000,54.6374,3.6065
3095.7000,30.4536,0.0000,54.7675,3.6191
3095.8000,30.7507,0.0000,54.8658,3.6300
3095.9000,31.0447,0.0000,54.8829,3.6363
3096.0000,31.3352,0.0000,54.7841,3.6360
3096.1000,31.6214,0.0000,54.5724,3.6294
3096.2000,31.9029,0.0000,54.2510,3.6166
3096.3000,32.1792,0.0000,53.8378,3.5986
3096.4000,32.4500,0.0000,53.3879,3.5785
3096.5000,32.7154,0.0000,52.9411,3.5586
3096.6000,32.9755,0.0000,52.4973,3.5388
3096.7000,33.2306,0.0000,52.0567,3.5191
3096.8000,33.4808,0.0000,51.6193,3.4996
3096.9000,33.7261,0.0000,51.1852,3.2905
3097.0000,33.9668,0.0000,50.7544,3.2689
3097.1000,34.2030,0.0000,50.3270,3.2475
3097.2000,34.4347,0.0000,49.9031,3.2262
3097.3000,34.6621,0.0000,49.4826,3.2051
3097.4000,34.8852,0.0000,47.8265,3.1151
3097.5000,35.0909,0.0000,44.8517,2.9513
3097.6000,35.2787,0.0000,41.7761,2.7819
3097.7000,35.4486,0.0000,38.6936,2.6119
3097.8000,35.6011,0.0000,35.6774,2.4455
3097.9000,35.7370,0.0000,33.9567,2.3511
3098.0000,35.8697,0.0000,33.5800,2.3317
3098.1000,36.0000,0.0000,33.1281,2.3080
3098.2000,36.1265,0.0000,32.5286,2.2761
3098.3000,36.2491,0.0000,31.8951,2.2423
3098.4000,36.3677,0.0000,30.9902,2.1933
3098.5000,36.4796,0.0000,29.9169,2.1366
3098.6000,36.5859,0.0000,29.1752,2.0994
3098.7000,36.6891,0.0000,28.5912,2.0704
3098.8000,36.7883,0.0000,27.7589,2.0281
3098.9000,36.8821,0.0000,27.1311,1.9963
3099.0000,36.9740,0.0000,26.7510,1.9777
3099.1000,37.0630,0.0000,26.0539,1.9420
3099.2000,37.1470,0.0000,25.1286,1.8940
3099.3000,37.2259,0.0000,24.3702,1.8547
3099.4000,37.3015,0.0000,23.6376,1.8167
3099.5000,37.3723,0.0000,22.9097,1.7787
3099.6000,37.4400,0.0000,22.3989,1.7523
3099.7000,37.5051,0.0000,22.0948,1.7369
3099.8000,37.5693,0.0000,22.0023,1.7329
3099.9000,37.6330,0.0000,22.0324,1.7355
3100.0000,37.6969,0.0000,22.0275,1.7363
3100.1000,37.7601,0.0000,21.9356,1.7323
3100.2000,37.8226,0.0000,21.9045,1.7316
3100.3000,37.8851,0.0000,21.8263,1.7284
3100.4000,37.9463,0.0000,21.5793,1.7160
3100.5000,38.0058,0.0000,21.2144,1.6972
3100.6000,38.0631,0.0000,20.9858,1.6857
3100.7000,38.1199,0.0000,20.8023,1.6767
3100.8000,38.1749,0.0000,20.3341,1.6521
3100.9000,38.2267,0.0000,19.6983,1.6184
3101.0000,38.2750,0.0000,19.1685,1.5903
3101.1000,38.3212,0.0000,18.6505,1.5628
3101.2000,38.3642,0.0000,17.9571,1.5256
3101.3000,38.4033,0.0000,17.3859,1.4950
3101.4000,38.4404,0.0000,17.1379,1.4819
3101.5000,38.4769,0.0000,16.9690,1.4732
3101.6000,38.5121,0.0000,16.7070,1.4594
3101.7000,38.5457,0.0000,16.5200,1.4497
3101.8000,38.5789,0.0000,16.4337,1.4455
3101.9000,38.6115,0.0000,16.3160,1.4395
3102.0000,38.6433,0.0000,16.1417,1.4304
3102.1000,38.6741,0.0000,15.9925,1.4227
3102.2000,38.7043,0.0000,15.8965,1.4179
3102.3000,38.7339,0.0000,15.6560,1.4051
3102.4000,38.7616,0.0000,15.1781,1.3792
3102.5000,38.7864,0.0000,14.7127,1.3539
3102.6000,38.8094,0.0000,14.3530,1.3344
3102.7000,38.8306,0.0000,13.9382,1.3118
3102.8000,38.8494,0.0000,13.6955,1.2986
3102.9000,38.8681,0.0000,14.0006,1.3158
3103.0000,38.8899,0.0000,14.7274,1.3563
3103.1000,38.9155,0.0000,15.5416,1.4016
3103.2000,38.9450,0.0000,16.4112,1.4499
3103.3000,38.9790,0.0000,17.1593,1.4915
3103.4000,39.0155,0.0000,17.5618,1.5141
3103.5000,39.0531,0.0000,17.6778,1.5211
3103.6000,39.0905,0.0000,17.6199,1.5185
3103.7000,39.1273,0.0000,17.3548,1.5045
3103.8000,39.1620,0.0000,16.9373,1.4822
3103.9000,39.1946,0.0000,16.4756,1.4573
3104.0000,39.2246,0.0000,15.7216,1.4163
3104.1000,39.2497,0.0000,14.8891,1.3708
3104.2000,39.2716,0.0000,14.3618,1.3420
3104.3000,39.2915,0.0000,14.0118,1.3229
3104.4000,39.3099,0.0000,13.6769,1.3047
3104.5000,39.3265,0.0000,13.3948,1.2893
3104.6000,39.3421,0.0000,13.1667,1.2769
3104.7000,39.3565,0.0000,12.9125,1.2630
3104.8000,39.3696,0.0000,12.7702,1.2553
3104.9000,39.3825,0.0000,12.9042,1.2629
3105.0000,39.3968,0.0000,13.2432,1.2820
3105.1000,39.4129,0.0000,13.5634,1.3000
3105.2000,39.4302,0.0000,13.6006,1.3023
3105.3000,39.4466,0.0000,13.4378,1.2935
3105.4000,39.4622,0.0000,13.1812,1.2795
3105.5000,39.4761,0.0000,12.8956,1.2639
3105.6000,39.4889,0.0000,12.6252,1.2491
3105.7000,39.5002,0.0000,12.4727,1.2408
3105.8000,39.5115,0.0000,12.1894,1.2252
3105.9000,39.5199,0.0000,11.5667,1.1907
3106.0000,39.5253,0.0000,10.8172,1.1489
3106.1000,39.5265,0.0000,10.0545,1.1063
3106.2000,39.5246,0.0000,9.4625,1.0325
3106.3000,39.5202,0.0000,9.2297,1.0141
3106.4000,39.5160,0.0000,9.1615,1.0086
3106.5000,39.5110,0.0000,9.1278,1.0060
3106.6000,39.5065,0.0000,9.2688,1.0172
3106.7000,39.5029,0.0000,9.3698,1.0252
3106.8000,39.4994,0.0000,9.2528,1.0159
3106.9000,39.4946,0.0000,9.0459,0.9995
3107.0000,39.4892,0.0000,8.6788,0.9705
3107.1000,39.4810,0.0000,8.0699,0.9227
3107.2000,39.4697,0.0000,7.4546,0.8747
3107.3000,39.4556,0.0000,7.1557,0.8515
3107.4000,39.4416,0.0000,7.3024,0.8629
3107.5000,39.4289,0.0000,7.6699,0.8914
3107.6000,39.4185,0.0000,8.0445,0.9206
3107.7000,39.4094,0.0000,8.3543,0.9449
3107.8000,39.4020,0.0000,8.4147,0.9497
3107.9000,39.3936,0.0000,8.2167,0.9341
3108.0000,39.3842,0.0000,8.0412,0.9203
3108.1000,39.3742,0.0000,7.7133,0.8947
3108.2000,39.3617,0.0000,7.2114,0.8557
3108.3000,39.3469,0.0000,6.5662,0.8058
3108.4000,39.3283,0.0000,5.6949,0.7393
3108.5000,39.3052,0.0000,4.8717,0.6777
3108.6000,39.2788,0.0000,4.3773,0.6412
3108.7000,39.2510,0.0000,3.9711,0.6115
3108.8000,39.2207,0.0000,3.6704,0.5896
3108.9000,39.1901,0.0000,3.6889,0.5908
3109.0000,39.1601,0.0000,3.7338,0.5938
3109.1000,39.1300,0.0000,3.5830,0.5828
3109.2000,39.0986,0.0000,3.3675,0.5671
3109.3000,39.0666,0.0000,3.2483,0.5584
3109.4000,39.0341,0.0000,3.0766,0.5460
3109.5000,39.0005,0.0000,2.8585,0.5303
3109.6000,38.9660,0.0000,2.7818,0.5247
3109.7000,38.9317,0.0000,2.6044,0.5122
3109.8000,38.8956,0.0000,2.2131,0.4851
3109.9000,38.8575,0.0000,1.9501,0.4668
3110.0000,38.8190,0.0000,1.8882,0.4624
3110.1000,38.7804,0.0000,1.7863,0.4552
3110.2000,38.7409,0.0000,1.8323,0.4581
3110.3000,38.7029,0.0000,2.0670,0.4738
3110.4000,38.6658,0.0000,2.2613,0.4869
3110.5000,38.6298,0.0000,2.4090,0.4969
3110.6000,38.5942,0.0000,2.5002,0.5029
3110.7000,38.5592,0.0000,2.5927,0.5091
3110.8000,38.5246,0.0000,2.8877,0.5297
3110.9000,38.4925,0.0000,3.2907,0.5584
3111.0000,38.4619,0.0000,3.5572,0.5775
3111.1000,38.4326,0.0000,3.7883,0.5941
3111.2000,38.4044,0.0000,3.9243,0.6039
3111.3000,38.3764,0.0000,4.0655,0.6142
3111.4000,38.3497,0.0000,4.2074,0.6245
3111.5000,38.3232,0.0000,4.1400,0.6194
3111.6000,38.2958,0.0000,4.0823,0.6150
3111.7000,38.2689,0.0000,4.5229,0.6475
3111.8000,38.2460,0.0000,5.2377,0.7010
3111.9000,38.2261,0.0000,5.9356,0.7544
3112.0000,38.2101,0.0000,6.7726,0.8194
3112.1000,38.1986,0.0000,7.7653,0.8974
3112.2000,38.1925,0.0000,8.7564,0.9763
3112.3000,38.1908,0.0000,9.4682,1.0336
3112.4000,38.1917,0.0000,9.8897,1.0678
3112.5000,38.1942,0.0000,10.2449,1.0967
3112.6000,38.1986,0.0000,10.6014,1.1258
3112.7000,38.2046,0.0000,10.7094,1.1346
3112.8000,38.2101,0.0000,10.4234,1.1112
3112.9000,38.2132,0.0000,10.1559,1.0894
3113.0000,38.2160,0.0000,10.1583,1.0896
3113.1000,38.2191,0.0000,10.0975,1.0846
3113.2000,38.2214,0.0000,10.0044,1.0771
3113.3000,38.2235,0.0000,10.2817,1.0996
3113.4000,38.2285,0.0000,10.7702,1.1396
3113.5000,38.2355,0.0000,11.0764,1.1647
3113.6000,38.2434,0.0000,11.3002,1.1831
3113.7000,38.2526,0.0000,11.4930,1.1990
3113.8000,38.2624,0.0000,11.5900,1.2070
3113.9000,38.2725,0.0000,11.3221,1.1848
3114.0000,38.2796,0.0000,10.9411,1.1535
3114.1000,38.2859,0.0000,10.7933,1.1413
3114.2000,38.2915,0.0000,10.6896,1.1328
3114.3000,38.2967,0.0000,10.4988,1.1172
3114.4000,38.3004,0.0000,10.3548,1.1055
3114.5000,38.3042,0.0000,10.2197,1.0944
3114.6000,38.3066,0.0000,9.9423,1.0719
3114.7000,38.3077,0.0000,9.6804,1.0507
3114.8000,38.3075,0.0000,9.4308,1.0305
3114.9000,38.3060,0.0000,9.3560,1.0245
3115.0000,38.3051,0.0000,9.3762,1.0261
3115.1000,38.3039,0.0000,9.3856,1.0269
3115.2000,38.3031,0.0000,9.3623,1.0250
3115.3000,38.3016,0.0000,9.3754,1.0260
3115.4000,38.3009,0.0000,9.4816,1.0346
3115.5000,38.3005,0.0000,9.6608,1.0491
3115.6000,38.3016,0.0000,9.8356,1.0632
3115.7000,38.3029,0.0000,9.9857,1.0754
3115.8000,38.3055,0.0000,10.1958,1.0925
3115.9000,38.3088,0.0000,10.4372,1.1122
3116.0000,38.3137,0.0000,10.6641,1.1307
3116.1000,38.3194,0.0000,10.9236,1.1519
3116.2000,38.3268,0.0000,11.2881,1.1819
3116.3000,38.3360,0.0000,11.5130,1.2004
3116.4000,38.3456,0.0000,11.3422,1.1863
3116.5000,38.3530,0.0000,10.8044,1.1421
3116.6000,38.3573,0.0000,10.2144,1.0939
3116.7000,38.3589,0.0000,9.4844,1.0348
3116.8000,38.3560,0.0000,8.6456,0.9675
3116.9000,38.3493,0.0000,7.9164,0.9095
3117.0000,38.3392,0.0000,7.3528,0.8650
3117.1000,38.3271,0.0000,6.8261,0.8238
3117.2000,38.3119,0.0000,6.5157,0.7995
3117.3000,38.2967,0.0000,6.5761,0.8042
3117.4000,38.2822,0.0000,6.7249,0.8158
3117.5000,38.2685,0.0000,6.9762,0.8354
3117.6000,38.2565,0.0000,7.2736,0.8587
3117.7000,38.2458,0.0000,7.5009,0.8766
3117.8000,38.2361,0.0000,7.5979,0.8842
3117.9000,38.2264,0.0000,7.5121,0.8774
3118.0000,38.2158,0.0000,7.3213,0.8624
3118.1000,38.2043,0.0000,7.1459,0.8486
3118.2000,38.1920,0.0000,7.1506,0.8489
3118.3000,38.1806,0.0000,7.3824,0.8672
3118.4000,38.1707,0.0000,7.7273,0.8944
3118.5000,38.1627,0.0000,8.0091,0.9167
3118.6000,38.1556,0.0000,8.3511,0.9439
3118.7000,38.1511,0.0000,8.6236,0.9657
3118.8000,38.1467,0.0000,8.5822,0.9624
3118.9000,38.1417,0.0000,8.5851,0.9626
3119.0000,38.1374,0.0000,8.7495,0.9758
3119.1000,38.1340,0.0000,8.7615,0.9768
3119.2000,38.1298,0.0000,8.4903,0.9550
3119.3000,38.1239,0.0000,8.0620,0.9209
3119.4000,38.1154,0.0000,7.6850,0.8910
3119.5000,38.1057,0.0000,7.6888,0.8913
3119.6000,38.0974,0.0000,8.0379,0.9190
3119.7000,38.0912,0.0000,8.6989,0.9718
3119.8000,38.0894,0.0000,9.7659,1.0578
3119.9000,38.0938,0.0000,10.9227,1.1524
3120.0000,38.1035,0.0000,11.5736,1.1695
3120.1000,38.1143,0.0000,11.7655,1.1804
3120.2000,38.1258,0.0000,11.8039,1.1827
3120.3000,38.1369,0.0000,11.6534,1.1745
3120.4000,38.1469,0.0000,11.3655,1.1586
3120.5000,38.1551,0.0000,11.1687,1.1478
3120.6000,38.1631,0.0000,11.1186,1.1451
3120.7000,38.1708,0.0000,11.0158,1.1395
3120.8000,38.1777,0.0000,10.8368,1.1296
3120.9000,38.1836,0.0000,10.6635,1.1200
3121.0000,38.1888,0.0000,10.5460,1.1135
3121.1000,38.1935,0.0000,10.4844,1.1102
3121.2000,38.1981,0.0000,10.5195,1.1122
3121.3000,38.2031,0.0000,10.7627,1.1258
3121.4000,38.2101,0.0000,11.2027,1.1505
3121.5000,38.2194,0.0000,11.7688,1.1821
3121.6000,38.2319,0.0000,12.4846,1.2221
3121.7000,38.2483,0.0000,13.1495,1.2592
3121.8000,38.2673,0.0000,13.5762,1.2832
3121.9000,38.2877,0.0000,13.8351,1.2978
3122.0000,38.3092,0.0000,13.9366,1.3037
3122.1000,38.3305,0.0000,13.7474,1.2936
3122.2000,38.3500,0.0000,13.6532,1.2887
3122.3000,38.3703,0.0000,13.6628,1.2895
3122.4000,38.3897,0.0000,13.4344,1.2772
3122.5000,38.4077,0.0000,13.1957,1.2642
3122.6000,38.4247,0.0000,12.9193,1.2491
3122.7000,38.4399,0.0000,12.3334,1.2168
3122.8000,38.4510,0.0000,11.7273,1.1833
3122.9000,38.4602,0.0000,11.3257,1.1611
3123.0000,38.4674,0.0000,10.9307,1.1392
3123.1000,38.4727,0.0000,10.5455,1.1178
3123.2000,38.4760,0.0000,10.0878,1.0922
3123.3000,38.4768,0.0000,9.7231,1.0718
3123.4000,38.4766,0.0000,9.6084,1.0654
3123.5000,38.4762,0.0000,9.5435,1.0618
3123.6000,38.4754,0.0000,9.4313,1.0555
3123.7000,38.4739,0.0000,9.3626,1.0516
3123.8000,38.4724,0.0000,9.2333,1.0443
3123.9000,38.4696,0.0000,8.8704,0.9854
3124.0000,38.4646,0.0000,8.2990,0.9399
3124.1000,38.4563,0.0000,7.9167,0.9096
3124.2000,38.4475,0.0000,7.7688,0.8979
3124.3000,38.4377,0.0000,7.5319,0.8792
3124.4000,38.4266,0.0000,7.3359,0.8638
3124.5000,38.4150,0.0000,7.1872,0.8521
3124.6000,38.4025,0.0000,6.9225,0.8314
3124.7000,38.3883,0.0000,6.7193,0.8155
3124.8000,38.3739,0.0000,6.4690,0.7960
3124.9000,38.3573,0.0000,6.1692,0.7728
3125.0000,38.3399,0.0000,6.0463,0.7632
3125.1000,38.3222,0.0000,5.8858,0.7508
3125.2000,38.3033,0.0000,5.6469,0.7323
3125.3000,38.2833,0.0000,5.6645,0.7336
3125.4000,38.2647,0.0000,5.9333,0.7543
3125.5000,38.2473,0.0000,6.1326,0.7697
3125.6000,38.2307,0.0000,6.3386,0.7856
3125.7000,38.2155,0.0000,6.6714,0.8115
3125.8000,38.2022,0.0000,6.9294,0.8316
3125.9000,38.1896,0.0000,6.8932,0.8288
3126.0000,38.1760,0.0000,6.8378,0.8244
3126.1000,38.1629,0.0000,7.0155,0.8383
3126.2000,38.1511,0.0000,7.2756,0.8587
3126.3000,38.1406,0.0000,7.6141,0.8854
3126.4000,38.1322,0.0000,8.0831,0.9226
3126.5000,38.1263,0.0000,8.4877,0.9548
3126.6000,38.1220,0.0000,8.6184,0.9653
3126.7000,38.1174,0.0000,8.3439,0.9434
3126.8000,38.1104,0.0000,7.9311,0.9105
3126.9000,38.1018,0.0000,7.6773,0.8904
3127.0000,38.0922,0.0000,7.5844,0.8830
3127.1000,38.0828,0.0000,7.6424,0.8876
3127.2000,38.0738,0.0000,7.9421,0.9113
3127.3000,38.0673,0.0000,8.1226,0.9257
3127.4000,38.0602,0.0000,8.0834,0.9226
3127.5000,38.0534,0.0000,8.2018,0.9320
3127.6000,38.0475,0.0000,8.3307,0.9423
3127.7000,38.0419,0.0000,8.3542,0.9442
3127.8000,38.0363,0.0000,8.7015,0.9720
3127.9000,38.0342,0.0000,9.3524,1.0244
3128.0000,38.0350,0.0000,9.9932,1.0764
3128.1000,38.0393,0.0000,10.7623,1.1393
3128.2000,38.0477,0.0000,11.5161,1.2015
3128.3000,38.0595,0.0000,11.9423,1.1894
3128.4000,38.0721,0.0000,12.1419,1.2007
3128.5000,38.0857,0.0000,12.2406,1.2064
3128.6000,38.0992,0.0000,12.1565,1.2019
3128.7000,38.1120,0.0000,11.8418,1.1846
3128.8000,38.1223,0.0000,11.4778,1.1645
3128.9000,38.1314,0.0000,11.2324,1.1510
3129.0000,38.1393,0.0000,10.9675,1.1363
3129.1000,38.1457,0.0000,0.1046,0.5210
3129.2000,38.0460,0.0000,-21.0473,0.0000
3129.3000,37.8427,0.0000,-41.8184,0.0000
3129.4000,37.5349,0.0000,-62.3818,0.0000
3129.5000,37.1218,0.0000,-82.4745,0.0000
3129.6000,36.6034,0.0000,-91.6160,0.0000
3129.7000,36.0850,0.0000,-90.4005,0.0000
3129.8000,35.5666,0.0000,-89.1815,0.0000
3129.9000,35.0482,0.0000,-87.9591,0.0000
3130.0000,34.5297,0.0000,-86.7333,0.0000
3130.1000,34.0113,0.0000,-85.5040,0.0000
3130.2000,33.4929,0.0000,-84.2715,0.0000
3130.3000,32.9745,0.0000,-83.0357,0.0000
3130.4000,32.4561,0.0000,-81.7967,0.0000
3130.5000,31.9376,0.0000,-80.5546,0.0000
3130.6000,31.4192,0.0000,-79.3093,0.0000
3130.7000,30.9008,0.0000,-78.0610,0.0000
3130.8000,30.3824,0.0000,-76.8097,0.0000
3130.9000,29.8640,0.0000,-75.5554,0.0000
3131.0000,29.3455,0.0000,-74.2982,0.0000
3131.1000,28.8271,0.0000,-73.0381,0.0000
3131.2000,28.3087,0.0000,-71.7752,0.0000
3131.3000,27.7903,0.0000,-70.5096,0.0000
3131.4000,27.2719,0.0000,-69.2413,0.0000
3131.5000,26.7534,0.0000,-67.9703,0.0000
3131.6000,26.2350,0.0000,-66.6967,0.0000
3131.7000,25.7166,0.0000,-65.4206,0.0000
3131.8000,25.1982,0.0000,-64.1419,0.0000
3131.9000,24.6798,0.0000,-62.8608,0.0000
3132.0000,24.1613,0.0000,-61.5773,0.0000
3132.1000,23.6429,0.0000,-60.2915,0.0000
3132.2000,23.1245,0.0000,-59.0033,0.0000
3132.3000,22.6061,0.0000,-57.7129,0.0000
3132.4000,22.0876,0.0000,-56.4203,0.0000
3132.5000,21.5692,0.0000,-55.1255,0.0000
3132.6000,21.0508,0.0000,-53.8287,0.0000
3132.7000,20.5324,0.0000,-52.5297,0.0000
3132.8000,20.0140,0.0000,-51.2288,0.0000
3132.9000,19.4955,0.0000,-49.9260,0.2778
3133.0000,18.9771,0.0000,-48.6212,0.2778
3133.1000,18.4587,0.0000,-47.3146,0.2778
3133.2000,17.9403,0.0000,-46.0062,0.2778
3133.3000,17.4219,0.0000,-44.6960,0.2778
3133.4000,16.9034,0.0000,-43.3842,0.2778
3133.5000,16.3850,0.0000,-42.0707,0.2778
3133.6000,15.8666,0.0000,-40.7556,0.2778
3133.7000,15.3482,0.0000,-39.4390,0.2778
3133.8000,14.8298,0.0000,-38.1208,0.2778
3133.9000,14.3113,0.0000,-36.8013,0.2778
3134.0000,13.7929,0.0000,-35.4803,0.2778
3134.1000,13.2745,0.0000,-34.1580,0.2778
3134.2000,12.7561,0.0000,-32.8344,0.2778
3134.3000,12.2377,0.0000,-31.5095,0.2778
3134.4000,11.7192,0.0000,-30.1835,0.2778
3134.5000,11.2008,0.0000,-28.8563,0.2778
3134.6000,10.6824,0.0000,-27.5280,0.2778
3134.7000,10.1640,0.0000,-26.1987,0.2778
3134.8000,9.6456,0.0000,-24.8684,0.2778
3134.9000,9.1271,0.0000,-23.5372,0.2778
3135.0000,8.6087,0.0000,-22.2051,0.2778
3135.1000,8.0903,0.0000,-20.8721,0.2778
3135.2000,7.5719,0.0000,-19.5383,0.2778
3135.3000,7.0535,0.0000,-17.9524,0.2778
3135.4000,6.5485,0.0000,-16.2030,0.2778
3135.5000,6.0570,0.0000,-14.4808,0.2778
3135.6000,5.5837,0.0000,-12.7064,0.2778
3135.7000,5.1359,0.0000,-10.9096,0.2778
3135.8000,4.7199,0.0000,-9.3227,0.2778
3135.9000,4.3283,0.0000,-7.9268,0.2778
3136.0000,3.9668,0.0000,-6.6335,0.2778
3136.1000,3.6354,0.0000,-5.5226,0.2778
3136.2000,3.3317,0.0000,-4.5935,0.2778
3136.3000,3.0534,0.0000,-3.8170,0.2778
3136.4000,2.7983,0.0000,-3.1682,0.2778
3136.5000,2.5645,0.0000,-2.6264,0.2778
3136.6000,2.3503,0.0000,-2.1742,0.2778
3136.7000,2.1539,0.0000,-1.7970,0.2778
3136.8000,1.9740,0.0000,-1.4827,0.2778
3136.9000,1.8091,0.0000,-1.2209,0.2778
3137.0000,1.6580,0.0000,-1.0030,0.2778
3137.1000,1.5195,0.0000,-0.8219,0.2778
3137.2000,1.3925,0.0000,-0.6715,0.2778
3137.3000,1.2762,0.0000,-0.5467,0.2778
3137.4000,1.1696,0.0000,-0.4434,0.2778
3137.5000,1.0719,0.0000,-0.3579,0.2778
3137.6000,0.9823,0.0000,-0.2873,0.2778
3137.7000,0.9003,0.0000,-0.2292,0.2778
3137.8000,0.8251,0.0000,-0.1813,0.2778
3137.9000,0.7561,0.0000,-0.1421,0.2778
3138.0000,0.6930,0.0000,-0.1100,0.2778
3138.1000,0.6351,0.0000,-0.0838,0.2778
3138.2000,0.5820,0.0000,-0.0625,0.2778
3138.3000,0.5334,0.0000,-0.0453,0.2778
3138.4000,0.4888,0.0000,-0.0314,0.2778
3138.5000,0.4480,0.0000,-0.0203,0.2778
3138.6000,0.4106,0.0000,-0.0115,0.2778
3138.7000,0.3763,0.0000,-0.0046,0.2778
3138.8000,0.3448,0.0000,0.0008,0.2778
3138.9000,0.3160,0.0000,0.0050,0.2778
3139.0000,0.2896,0.0000,0.0081,0.2778
3139.1000,0.2654,0.0000,0.0104,0.2778
3139.2000,0.2433,0.0000,0.0120,0.2778
3139.3000,0.2229,0.0000,0.0131,0.2778
3139.4000,0.2043,0.0000,-0.0876,0.2778
3139.5000,0.0000,0.0000,-0.0000,0.2778
3139.6000,0.0000,0.0000,0.0000,0.2778
3139.7000,0.0000,0.0000,0.0000,0.2778
3139.8000,0.0000,0.0000,0.0000,0.2778
3139.9000,0.0000,0.0000,0.0000,0.2778
3140.0000,0.0000,0.0000,0.0000,0.2778
3140.1000,0.0000,0.0000,0.0000,0.2778
3140.2000,0.0000,0.0000,0.0000,0.2778
3140.3000,0.0000,0.0000,0.0000,0.2778
3140.4000,0.0000,0.0000,0.0000,0.2778
3140.5000,0.0000,0.0000,0.0000,0.2778
3140.6000,0.0000,0.0000,0.0000,0.2778
3140.7000,0.0000,0.0000,0.0000,0.2778
3140.8000,0.0000,0.0000,0.0000,0.2778
3140.9000,0.0000,0.0000,0.0000,0.2778
3141.0000,0.0000,0.0000,0.0000,0.2778
3141.1000,0.0000,0.0000,0.0000,0.2778
3141.2000,0.0000,0.0000,0.0000,0.2778
3141.3000,0.0000,0.0000,0.0000,0.2778
3141.4000,0.0000,0.0000,0.0000,0.2778
3141.5000,0.0000,0.0000,0.0000,0.2778
3141.6000,0.0000,0.0000,0.0000,0.2778
3141.7000,0.0000,0.0000,0.0000,0.2778
3141.8000,0.0000,0.0000,0.0000,0.2778
3141.9000,0.0000,0.0000,0.0000,0.2778
3142.0000,0.0000,0.0000,0.0000,0.2778
3142.1000,0.0000,0.0000,0.0000,0.2778
3142.2000,0.0000,0.0000,0.0000,0.2778
3142.3000,0.0000,0.0000,0.0000,0.2778
3142.4000,0.0000,0.0000,0.0000,0.2778
3142.5000,0.0000,0.0000,0.0000,0.2778
3142.6000,0.0000,0.0000,0.0000,0.2778
3142.7000,0.0000,0.0000,0.0000,0.2778
3142.8000,0.0000,0.0000,0.0000,0.2778
3142.9000,0.0000,0.0000,0.0000,0.2778
3143.0000,0.0000,0.0000,0.0000,0.2778
3143.1000,0.0000,0.0000,0.0000,0.2778
3143.2000,0.0000,0.0000,0.0000,0.2778
3143.3000,0.0000,0.0000,0.0000,0.2778
3143.4000,0.0000,0.0000,0.0000,0.2778
3143.5000,0.0000,0.0000,0.0000,0.2778
3143.6000,0.0000,0.0000,0.0000,0.2778
3143.7000,0.0000,0.0000,0.0000,0.2778
3143.8000,0.0000,0.0000,0.0000,0.2778
3143.9000,0.0000,0.0000,0.0000,0.2778
3144.0000,0.0000,0.0000,0.0000,0.2778
3144.1000,0.0000,0.0000,0.0000,0.2778
3144.2000,0.0000,0.0000,0.0000,0.2778
3144.3000,0.0000,0.0000,0.0000,0.2778
3144.4000,0.0000,0.0000,0.0000,0.2778
3144.5000,0.0000,0.0000,0.0000,0.2778
3144.6000,0.0000,0.0000,0.0000,0.2778
3144.7000,0.0000,0.0000,0.0000,0.2778
3144.8000,0.0000,0.0000,0.0000,0.2778
3144.9000,0.0000,0.0000,0.0000,0.2778
3145.0000,0.0000,0.0000,0.0000,0.2778
3145.1000,0.0000,0.0000,0.0000,0.2778
3145.2000,0.0000,0.0000,0.0000,0.2778
3145.3000,0.0000,0.0000,0.0000,0.2778
3145.4000,0.0000,0.0000,0.0000,0.2778
3145.5000,0.0000,0.0000,0.0000,0.2778
3145.6000,0.0000,0.0000,0.0000,0.2778
3145.7000,0.0000,0.0000,0.0000,0.2778
3145.8000,0.0000,0.0000,0.0000,0.2778
3145.9000,0.0000,0.0000,0.0000,0.2778
3146.0000,0.0000,0.0000,0.0000,0.2778
3146.1000,0.0000,0.0000,0.0000,0.2778
3146.2000,0.0000,0.0000,0.0000,0.2778
3146.3000,0.0000,0.0000,0.0000,0.2778
3146.4000,0.0000,0.0000,0.0000,0.2778
3146.5000,0.0000,0.0000,0.0000,0.2778
3146.6000,0.0000,0.0000,0.0000,0.2778
3146.7000,0.0000,0.0000,0.0000,0.2778
3146.8000,0.0000,0.0000,0.0000,0.2778
3146.9000,0.0000,0.0000,0.0000,0.2778
3147.0000,0.0000,0.0000,0.0000,0.2778
3147.1000,0.0000,0.0000,0.0000,0.2778
3147.2000,0.0000,0.0000,0.0000,0.2778
3147.3000,0.0000,0.0000,0.0000,0.2778
3147.4000,0.0000,0.0000,0.0000,0.2778
3147.5000,0.0000,0.0000,0.0000,0.2778
3147.6000,0.0000,0.0000,0.0000,0.2778
3147.7000,0.0000,0.0000,0.0000,0.2778
3147.8000,0.0000,0.0000,0.0000,0.2778
3147.9000,0.0000,0.0000,0.0000,0.2778
3148.0000,0.0000,0.0000,0.0000,0.2778
3148.1000,0.0000,0.0000,0.0000,0.2778
3148.2000,0.0000,0.0000,0.0000,0.2778
3148.3000,0.0000,0.0000,0.0000,0.2778
3148.4000,0.0000,0.0000,0.0000,0.2778
3148.5000,0.0000,0.0000,0.0000,0.2778
3148.6000,0.0000,0.0000,0.0000,0.2778
3148.7000,0.0000,0.0000,0.0000,0.2778
3148.8000,0.0000,0.0000,0.0000,0.2778
3148.9000,0.0000,0.0000,0.0000,0.2778
3149.0000,0.0000,0.0000,0.0000,0.2778
3149.1000,0.0000,0.0000,0.0000,0.2778
3149.2000,0.0000,0.0000,0.0000,0.2778
3149.3000,0.0000,0.0000,0.0000,0.2778
3149.4000,0.0000,0.0000,0.0000,0.2778
3149.5000,0.0000,0.0000,0.0000,0.2778
3149.6000,0.0000,0.0000,0.0000,0.2778
3149.7000,0.0000,0.0000,0.0000,0.2778
3149.8000,0.0000,0.0000,0.0000,0.2778
3149.9000,0.0000,0.0000,0.0000,0.2778
3150.0000,0.0000,0.0000,0.0000,0.2778
3150.1000,0.0000,0.0000,0.0000,0.2778
3150.2000,0.0000,0.0000,0.0000,0.2778
3150.3000,0.0000,0.0000,0.0000,0.2778
3150.4000,0.0000,0.0000,0.0000,0.2778
3150.5000,0.0000,0.0000,0.0000,0.2778
3150.6000,0.0000,0.0000,0.0000,0.2778
3150.7000,0.0000,0.0000,0.0000,0.2778
3150.8000,0.0000,0.0000,0.0000,0.2778
3150.9000,0.0000,0.0000,0.0000,0.2778
3151.0000,0.0000,0.0000,0.0000,0.2778
3151.1000,0.0000,0.0000,0.0000,0.2778
3151.2000,0.0000,0.0000,0.0000,0.2778
3151.3000,0.0000,0.0000,0.0000,0.2778
3151.4000,0.0000,0.0000,0.0000,0.2778
3151.5000,0.0000,0.0000,0.0000,0.2778
3151.6000,0.0000,0.0000,0.0000,0.2778
3151.7000,0.0000,0.0000,0.0000,0.2778
3151.8000,0.0000,0.0000,0.0000,0.2778
3151.9000,0.0000,0.0000,0.0000,0.2778
3152.0000,0.0000,0.0000,0.0000,0.2778
3152.1000,0.0000,0.0000,0.0000,0.2778
3152.2000,0.0000,0.0000,0.0000,0.2778
3152.3000,0.0000,0.0000,0.0000,0.2778
3152.4000,0.0000,0.0000,0.0000,0.2778
3152.5000,0.0000,0.0000,0.0000,0.2778
3152.6000,0.0000,0.0000,0.0000,0.2778
3152.7000,0.0000,0.0000,0.0000,0.2778
3152.8000,0.0000,0.0000,0.0000,0.2778
3152.9000,0.0000,0.0000,0.0000,0.2778
3153.0000,0.0000,0.0000,0.0000,0.2778
3153.1000,0.0000,0.0000,0.0000,0.2778
3153.2000,0.0000,0.0000,0.0000,0.2778
3153.3000,0.0000,0.0000,0.0000,0.2778
3153.4000,0.0000,0.0000,0.0000,0.2778
3153.5000,0.0000,0.0000,0.0000,0.2778
3153.6000,0.0000,0.0000,0.0000,0.2778
3153.7000,0.0000,0.0000,0.0000,0.2778
3153.8000,0.0000,0.0000,0.0000,0.2778
3153.9000,0.0000,0.0000,0.0000,0.2778
3154.0000,0.0000,0.0000,0.0000,0.2778
3154.1000,0.0000,0.0000,0.0000,0.2778
3154.2000,0.0000,0.0000,0.0000,0.2778
3154.3000,0.0000,0.0000,0.0000,0.2778
3154.4000,0.0000,0.0000,0.0000,0.2778
3154.5000,0.0000,0.0000,0.0000,0.2778
3154.6000,0.0000,0.0000,0.0000,0.2778
3154.7000,0.0000,0.0000,0.0000,0.2778
3154.8000,0.0000,0.0000,0.0000,0.2778
3154.9000,0.0000,0.0000,0.0000,0.2778
3155.0000,0.0000,0.0000,0.0000,0.2778
3155.1000,0.0000,0.0000,0.0000,0.2778
3155.2000,0.0000,0.0000,0.0000,0.2778
3155.3000,0.0000,0.0000,0.0000,0.2778
3155.4000,0.0000,0.0000,0.0000,0.2778
3155.5000,0.0000,0.0000,0.0000,0.2778
3155.6000,0.0000,0.0000,0.0000,0.2778
3155.7000,0.0000,0.0000,0.0000,0.2778
3155.8000,0.0000,0.0000,0.0000,0.2778
3155.9000,0.0000,0.0000,0.0000,0.2778
3156.0000,0.0000,0.0000,0.0000,0.2778
3156.1000,0.0000,0.0000,0.0000,0.2778
3156.2000,0.0000,0.0000,0.0000,0.2778
3156.3000,0.0000,0.0000,0.0000,0.2778
3156.4000,0.0000,0.0000,0.0000,0.2778
3156.5000,0.0000,0.0000,0.0000,0.2778
3156.6000,0.0000,0.0000,0.0000,0.2778
3156.7000,0.0000,0.0000,0.0000,0.2778
3156.8000,0.0000,0.0000,0.0000,0.2778
3156.9000,0.0000,0.0000,0.0000,0.2778
3157.0000,0.0000,0.0000,0.0000,0.2778
3157.1000,0.0000,0.0000,0.0000,0.2778
3157.2000,0.0000,0.0000,0.0000,0.2778
3157.3000,0.0000,0.0000,0.0000,0.2778
3157.4000,0.0000,0.0000,0.0000,0.2778
3157.5000,0.0000,0.0000,0.0000,0.2778
3157.6000,0.0000,0.0000,0.0000,0.2778
3157.7000,0.0000,0.0000,0.0000,0.2778
3157.8000,0.0000,0.0000,0.0000,0.2778
3157.9000,0.0000,0.0000,0.0000,0.2778
3158.0000,0.0000,0.0000,0.0000,0.2778
3158.1000,0.0000,0.0000,0.0000,0.2778
3158.2000,0.0000,0.0000,0.0000,0.2778
3158.3000,0.0000,0.0000,0.0000,0.2778
3158.4000,0.0000,0.0000,0.0000,0.2778
3158.5000,0.0000,0.0000,0.0000,0.2778
3158.6000,0.0000,0.0000,0.0000,0.2778
3158.7000,0.0000,0.0000,0.0000,0.2778
3158.8000,0.0000,0.0000,0.0000,0.2778
3158.9000,0.0000,0.0000,0.0000,0.2778
3159.0000,0.0000,0.0000,0.0000,0.2778
3159.1000,0.0000,0.0000,0.0000,0.2778
3159.2000,0.0000,0.0000,0.0000,0.2778
3159.3000,0.0000,0.0000,0.0000,0.2778
3159.4000,0.0000,0.0000,0.0000,0.2778
3159.5000,0.0000,0.0000,0.0000,0.2778
3159.6000,0.0000,0.0000,0.0000,0.2778
3159.7000,0.0000,0.0000,0.0000,0.2778
3159.8000,0.0000,0.0000,0.0000,0.2778
3159.9000,0.0000,0.0000,0.0000,0.2778
3160.0000,0.0000,0.0000,0.0000,0.2778
3160.1000,0.0000,0.0000,0.0000,0.2778
3160.2000,0.0000,0.0000,0.0000,0.2778
3160.3000,0.0000,0.0000,0.0000,0.2778
3160.4000,0.0000,0.0000,0.0000,0.2778
3160.5000,0.0000,0.0000,0.0000,0.2778
3160.6000,0.0000,0.0000,0.0000,0.2778
3160.7000,0.0000,0.0000,0.0000,0.2778
3160.8000,0.0000,0.0000,0.0000,0.2778
3160.9000,0.0000,0.0000,0.0000,0.2778
3161.0000,0.0000,0.0000,0.0000,0.2778
3161.1000,0.0000,0.0000,0.0000,0.2778
3161.2000,0.0000,0.0000,0.0000,0.2778
3161.3000,0.0000,0.0000,0.0000,0.2778
3161.4000,0.0000,0.0000,0.0000,0.2778
3161.5000,0.0000,0.0000,0.0000,0.2778
3161.6000,0.0000,0.0000,0.0000,0.2778
3161.7000,0.0000,0.0000,0.0000,0.2778
3161.8000,0.0000,0.0000,0.0000,0.2778
3161.9000,0.0000,0.0000,0.0000,0.2778
3162.0000,0.0000,0.0000,0.0000,0.2778
3162.1000,0.0000,0.0000,0.0000,0.2778
3162.2000,0.0000,0.0000,0.0000,0.2778
3162.3000,0.0000,0.0000,0.0000,0.2778
3162.4000,0.0000,0.0000,0.0000,0.2778
3162.5000,0.0000,0.0000,0.0000,0.2778
3162.6000,0.0000,0.0000,0.0000,0.2778
3162.7000,0.0000,0.0000,0.0000,0.2778
3162.8000,0.0000,0.0000,0.0000,0.2778
3162.9000,0.0000,0.0000,0.0000,0.2778
3163.0000,0.0000,0.0000,0.0000,0.2778
3163.1000,0.0000,0.0000,0.0000,0.2778
3163.2000,0.0000,0.0000,0.0000,0.2778
3163.3000,0.0000,0.0000,0.0000,0.2778
3163.4000,0.0000,0.0000,0.0000,0.2778
3163.5000,0.0000,0.0000,0.0000,0.2778
3163.6000,0.0000,0.0000,0.0000,0.2778
3163.7000,0.0000,0.0000,0.0000,0.2778
3163.8000,0.0000,0.0000,0.0000,0.2778
3163.9000,0.0000,0.0000,0.0000,0.2778
3164.0000,0.0000,0.0000,0.0000,0.2778
3164.1000,0.0000,0.0000,0.0000,0.2778
3164.2000,0.0000,0.0000,0.0000,0.2778
3164.3000,0.0000,0.0000,0.0000,0.2778
3164.4000,0.0000,0.0000,0.0000,0.2778
3164.5000,0.0000,0.0000,0.0000,0.2778
3164.6000,0.0000,0.0000,0.0000,0.2778
3164.7000,0.0000,0.0000,0.0000,0.2778
3164.8000,0.0000,0.0000,0.0000,0.2778
3164.9000,0.0000,0.0000,0.0000,0.2778
3165.0000,0.0000,0.0000,0.0000,0.2778
3165.1000,0.0000,0.0000,0.0000,0.2778
3165.2000,0.0000,0.0000,0.0000,0.2778
3165.3000,0.0000,0.0000,0.0000,0.2778
3165.4000,0.0000,0.0000,0.0000,0.2778
3165.5000,0.0000,0.0000,0.0000,0.2778
3165.6000,0.0000,0.0000,0.0000,0.2778
3165.7000,0.0000,0.0000,0.0000,0.2778
3165.8000,0.0000,0.0000,0.0000,0.2778
3165.9000,0.0000,0.0000,0.0000,0.2778
3166.0000,0.0000,0.0000,0.0000,0.2778
3166.1000,0.0000,0.0000,0.0000,0.2778
3166.2000,0.0000,0.0000,0.0000,0.2778
3166.3000,0.0000,0.0000,0.0000,0.2778
3166.4000,0.0000,0.0000,0.0000,0.2778
3166.5000,0.0000,0.0000,0.0000,0.2778
3166.6000,0.0000,0.0000,0.0000,0.2778
3166.7000,0.0000,0.0000,0.0000,0.2778
3166.8000,0.0000,0.0000,0.0000,0.2778
3166.9000,0.0000,0.0000,0.0000,0.2778
3167.0000,0.0000,0.0000,0.0000,0.2778
3167.1000,0.0000,0.0000,0.0000,0.2778
3167.2000,0.0000,0.0000,0.0000,0.2778
3167.3000,0.0000,0.0000,0.0000,0.2778
3167.4000,0.0000,0.0000,0.0000,0.2778
3167.5000,0.0000,0.0000,0.0000,0.2778
3167.6000,0.0000,0.0000,0.0000,0.2778
3167.7000,0.0000,0.0000,0.0000,0.2778
3167.8000,0.0000,0.0000,0.0000,0.2778
3167.9000,0.0000,0.0000,0.0000,0.2778
3168.0000,0.0000,0.0000,0.0000,0.2778
3168.1000,0.0000,0.0000,0.0000,0.2778
3168.2000,0.0000,0.0000,0.0000,0.2778
3168.3000,0.0000,0.0000,0.0000,0.2778
3168.4000,0.0000,0.0000,0.0000,0.2778
3168.5000,0.0000,0.0000,0.0000,0.2778
3168.6000,0.0000,0.0000,0.0000,0.2778
3168.7000,0.0000,0.0000,0.0000,0.2778
3168.8000,0.0000,0.0000,0.0000,0.2778
3168.9000,0.0000,0.0000,0.0000,0.2778
3169.0000,0.0000,0.0000,0.0000,0.2778
3169.1000,0.0000,0.0000,0.0000,0.2778
3169.2000,0.0000,0.0000,0.0000,0.2778
3169.3000,0.0000,0.0000,0.0000,0.2778
3169.4000,0.0000,0.0000,0.0000,0.2778
3169.5000,0.0000,0.0000,0.0000,0.2778
3169.6000,0.0000,0.0000,0.0000,0.2778
3169.7000,0.0000,0.0000,0.0000,0.2778
3169.8000,0.0000,0.0000,0.0000,0.2778
3169.9000,0.0000,0.0000,0.0000,0.2778
3170.0000,0.0000,0.0000,0.0000,0.2778
3170.1000,0.0000,0.0000,0.0000,0.2778
3170.2000,0.0000,0.0000,0.0000,0.2778
3170.3000,0.0000,0.0000,0.0000,0.2778
3170.4000,0.0000,0.0000,0.0000,0.2778
3170.5000,0.0000,0.0000,0.0000,0.2778
3170.6000,0.0000,0.0000,0.0000,0.2778
3170.7000,0.0000,0.0000,0.0000,0.2778
3170.8000,0.0000,0.0000,0.0000,0.2778
3170.9000,0.0000,0.0000,0.0000,0.2778
3171.0000,0.0000,0.0000,0.0000,0.2778
3171.1000,0.0000,0.0000,0.0000,0.2778
3171.2000,0.0000,0.0000,0.0000,0.2778
3171.3000,0.0000,0.0000,0.0000,0.2778
3171.4000,0.0000,0.0000,0.0000,0.2778
3171.5000,0.0000,0.0000,0.0000,0.2778
3171.6000,0.0000,0.0000,0.0000,0.2778
3171.7000,0.0000,0.0000,0.0000,0.2778
3171.8000,0.0000,0.0000,0.0000,0.2778
3171.9000,0.0000,0.0000,0.0000,0.2778
3172.0000,0.0000,0.0000,0.0000,0.2778
3172.1000,0.0000,0.0000,0.0000,0.2778
3172.2000,0.0000,0.0000,0.0000,0.2778
3172.3000,0.0000,0.0000,0.0000,0.2778
3172.4000,0.0000,0.0000,0.0000,0.2778
3172.5000,0.0000,0.0000,0.0000,0.2778
3172.6000,0.0000,0.0000,0.0000,0.2778
3172.7000,0.0000,0.0000,0.0000,0.2778
3172.8000,0.0000,0.0000,0.0000,0.2778
3172.9000,0.0000,0.0000,0.0000,0.2778
3173.0000,0.0000,0.0000,0.0000,0.2778
3173.1000,0.0000,0.0000,0.0000,0.2778
3173.2000,0.0000,0.0000,0.0000,0.2778
3173.3000,0.0000,0.0000,0.0000,0.2778
3173.4000,0.0000,0.0000,0.0000,0.2778
3173.5000,0.0000,0.0000,0.0000,0.2778
3173.6000,0.0000,0.0000,0.0000,0.2778
3173.7000,0.0000,0.0000,0.0000,0.2778
3173.8000,0.0000,0.0000,0.0000,0.2778
3173.9000,0.0000,0.0000,0.0000,0.2778
3174.0000,0.0000,0.0000,0.0000,0.2778
3174.1000,0.0000,0.0000,0.0000,0.2778
3174.2000,0.0000,0.0000,0.0000,0.2778
3174.3000,0.0000,0.0000,0.0000,0.2778
3174.4000,0.0000,0.0000,0.0000,0.2778
3174.5000,0.0000,0.0000,0.0000,0.2778
3174.6000,0.0000,0.0000,0.0000,0.2778
3174.7000,0.0000,0.0000,0.0000,0.2778
3174.8000,0.0000,0.0000,0.0000,0.2778
3174.9000,0.0000,0.0000,0.0000,0.2778
3175.0000,0.0000,0.0000,0.0000,0.2778
3175.1000,0.0000,0.0000,0.0000,0.2778
3175.2000,0.0000,0.0000,0.0000,0.2778
3175.3000,0.0000,0.0000,0.0000,0.2778
3175.4000,0.0000,0.0000,0.0000,0.2778
3175.5000,0.0000,0.0000,0.0000,0.2778
3175.6000,0.0000,0.0000,0.0000,0.2778
3175.7000,0.0000,0.0000,0.0000,0.2778
3175.8000,0.0000,0.0000,0.0000,0.2778
3175.9000,0.0000,0.0000,0.0000,0.2778
3176.0000,0.0000,0.0000,0.0000,0.2778
3176.1000,0.0000,0.0000,0.0000,0.2778
3176.2000,0.0000,0.0000,0.0000,0.2778
3176.3000,0.0000,0.0000,0.0000,0.2778
3176.4000,0.0000,0.0000,0.0000,0.2778
3176.5000,0.0000,0.0000,0.0000,0.2778
3176.6000,0.0000,0.0000,0.0000,0.2778
3176.7000,0.0000,0.0000,0.0000,0.2778
3176.8000,0.0000,0.0000,0.0000,0.2778
3176.9000,0.0000,0.0000,0.0000,0.2778
3177.0000,0.0000,0.0000,0.0000,0.2778
3177.1000,0.0000,0.0000,0.0000,0.2778
3177.2000,0.0000,0.0000,0.0000,0.2778
3177.3000,0.0000,0.0000,0.0000,0.2778
3177.4000,0.0000,0.0000,0.0000,0.2778
3177.5000,0.0000,0.0000,0.0000,0.2778
3177.6000,0.0000,0.0000,0.0000,0.2778
3177.7000,0.0000,0.0000,0.0000,0.2778
3177.8000,0.0000,0.0000,0.0000,0.2778
3177.9000,0.0000,0.0000,0.0000,0.2778
3178.0000,0.0000,0.0000,0.0000,0.2778
3178.1000,0.0000,0.0000,0.0000,0.2778
3178.2000,0.0000,0.0000,0.0000,0.2778
3178.3000,0.0000,0.0000,0.0000,0.2778
3178.4000,0.0000,0.0000,0.0000,0.2778
3178.5000,0.0000,0.0000,0.0000,0.2778
3178.6000,0.0000,0.0000,0.0000,0.2778
3178.7000,0.0000,0.0000,0.0000,0.2778
3178.8000,0.0000,0.0000,0.0000,0.2778
3178.9000,0.0000,0.0000,0.0000,0.2778
3179.0000,0.0000,0.0000,0.0000,0.2778
3179.1000,0.0000,0.0000,0.0000,0.2778
3179.2000,0.0000,0.0000,0.0000,0.2778
3179.3000,0.0000,0.0000,0.0000,0.2778
3179.4000,0.0000,0.0000,0.0000,0.2778
3179.5000,0.0000,0.0000,0.0000,0.2778
3179.6000,0.0000,0.0000,0.0000,0.2778
3179.7000,0.0000,0.0000,0.0000,0.2778
3179.8000,0.0000,0.0000,0.0000,0.2778
3179.9000,0.0000,0.0000,0.0000,0.2778
3180.0000,0.0000,0.0000,0.0000,0.2778
3180.1000,0.0000,0.0000,0.0000,0.2778
3180.2000,0.0000,0.0000,0.0000,0.2778
3180.3000,0.0000,0.0000,0.0000,0.2778
3180.4000,0.0000,0.0000,0.0000,0.2778
3180.5000,0.0000,0.0000,0.0000,0.2778
3180.6000,0.0000,0.0000,0.0000,0.2778
3180.7000,0.0000,0.0000,0.0000,0.2778
3180.8000,0.0000,0.0000,0.0000,0.2778
3180.9000,0.0000,0.0000,0.0000,0.2778
3181.0000,0.0000,0.0000,0.0000,0.2778
3181.1000,0.0000,0.0000,0.0000,0.2778
3181.2000,0.0000,0.0000,0.0000,0.2778
3181.3000,0.0000,0.0000,0.0000,0.2778
3181.4000,0.0000,0.0000,0.0000,0.2778
3181.5000,0.0000,0.0000,0.0000,0.2778
3181.6000,0.0000,0.0000,0.0000,0.2778
3181.7000,0.0000,0.0000,0.0000,0.2778
3181.8000,0.0000,0.0000,0.0000,0.2778
3181.9000,0.0000,0.0000,0.0000,0.2778
3182.0000,0.0000,0.0000,0.0000,0.2778
3182.1000,0.0000,0.0000,0.0000,0.2778
3182.2000,0.0000,0.0000,0.0000,0.2778
3182.3000,0.0000,0.0000,0.0000,0.2778
3182.4000,0.0000,0.0000,0.0000,0.2778
3182.5000,0.0000,0.0000,0.0000,0.2778
3182.6000,0.0000,0.0000,0.0000,0.2778
3182.7000,0.0000,0.0000,0.0000,0.2778
3182.8000,0.0000,0.0000,0.0000,0.2778
3182.9000,0.0000,0.0000,0.0000,0.2778
3183.0000,0.0000,0.0000,0.0000,0.2778
3183.1000,0.0000,0.0000,0.0000,0.2778
3183.2000,0.0000,0.0000,0.0000,0.2778
3183.3000,0.0000,0.0000,0.0000,0.2778
3183.4000,0.0000,0.0000,0.0000,0.2778
3183.5000,0.0000,0.0000,0.0000,0.2778
3183.6000,0.0000,0.0000,0.0000,0.2778
3183.7000,0.0000,0.0000,0.0000,0.2778
3183.8000,0.0000,0.0000,0.0000,0.2778
3183.9000,0.0000,0.0000,0.0000,0.2778
3184.0000,0.0000,0.0000,0.0000,0.2778
3184.1000,0.0000,0.0000,0.0000,0.2778
3184.2000,0.0000,0.0000,0.0000,0.2778
3184.3000,0.0000,0.0000,0.0000,0.2778
3184.4000,0.0000,0.0000,0.0000,0.2778
3184.5000,0.0000,0.0000,0.0000,0.2778
3184.6000,0.0000,0.0000,0.0000,0.2778
3184.7000,0.0000,0.0000,0.0000,0.2778
3184.8000,0.0000,0.0000,0.0000,0.2778
3184.9000,0.0000,0.0000,0.0000,0.2778
3185.0000,0.0000,0.0000,0.0000,0.2778
3185.1000,0.0000,0.0000,0.0000,0.2778
3185.2000,0.0000,0.0000,0.0000,0.2778
3185.3000,0.0000,0.0000,0.0000,0.2778
3185.4000,0.0000,0.0000,0.0000,0.2778
3185.5000,0.0000,0.0000,0.0000,0.2778
3185.6000,0.0000,0.0000,0.0000,0.2778
3185.7000,0.0000,0.0000,0.0000,0.2778
3185.8000,0.0000,0.0000,0.0000,0.2778
3185.9000,0.0000,0.0000,0.0000,0.2778
3186.0000,0.0000,0.0000,0.0000,0.2778
3186.1000,0.0000,0.0000,0.0000,0.2778
3186.2000,0.0000,0.0000,0.0000,0.2778
3186.3000,0.0000,0.0000,0.0000,0.2778
3186.4000,0.0000,0.0000,0.0000,0.2778
3186.5000,0.0000,0.0000,0.0000,0.2778
3186.6000,0.0000,0.0000,0.0000,0.2778
3186.7000,0.0000,0.0000,0.0000,0.2778
3186.8000,0.0000,0.0000,0.0000,0.2778
3186.9000,0.0000,0.0000,0.0000,0.2778
3187.0000,0.0000,0.0000,0.0000,0.2778
3187.1000,0.0000,0.0000,0.0000,0.2778
3187.2000,0.0000,0.0000,0.0000,0.2778
3187.3000,0.0000,0.0000,0.0000,0.2778
3187.4000,0.0000,0.0000,0.0000,0.2778
3187.5000,0.0000,0.0000,0.0000,0.2778
3187.6000,0.0000,0.0000,0.0000,0.2778
3187.7000,0.0000,0.0000,0.0000,0.2778
3187.8000,0.0000,0.0000,0.0000,0.2778
3187.9000,0.0000,0.0000,0.0000,0.2778
3188.0000,0.0000,0.0000,0.0000,0.2778
3188.1000,0.0000,0.0000,0.0000,0.2778
3188.2000,0.0000,0.0000,0.0000,0.2778
3188.3000,0.0000,0.0000,0.0000,0.2778
3188.4000,0.0000,0.0000,0.0000,0.2778
3188.5000,0.0000,0.0000,0.0000,0.2778
3188.6000,0.0000,0.0000,0.0000,0.2778
3188.7000,0.0000,0.0000,0.0000,0.2778
3188.8000,0.0000,0.0000,0.0000,0.2778
3188.9000,0.0000,0.0000,0.0000,0.2778
3189.0000,0.0000,0.0000,0.0000,0.2778
3189.1000,0.0000,0.0000,0.0000,0.2778
3189.2000,0.0000,0.0000,0.0000,0.2778
3189.3000,0.0000,0.0000,0.0000,0.2778
3189.4000,0.0000,0.0000,0.0000,0.2778
3189.5000,0.0000,0.0000,0.0000,0.2778
3189.6000,0.0000,0.0000,0.0000,0.2778
3189.7000,0.0000,0.0000,0.0000,0.2778
3189.8000,0.0000,0.0000,0.0000,0.2778
3189.9000,0.0000,0.0000,0.0000,0.2778
3190.0000,0.0000,0.0000,0.0000,0.2778
3190.1000,0.0000,0.0000,0.0000,0.2778
3190.2000,0.0000,0.0000,0.0000,0.2778
3190.3000,0.0000,0.0000,0.0000,0.2778
3190.4000,0.0000,0.0000,0.0000,0.2778
3190.5000,0.0000,0.0000,0.0000,0.2778
3190.6000,0.0000,0.0000,0.0000,0.2778
3190.7000,0.0000,0.0000,0.0000,0.2778
3190.8000,0.0000,0.0000,0.0000,0.2778
3190.9000,0.0000,0.0000,0.0000,0.2778
3191.0000,0.0000,0.0000,0.0000,0.2778
3191.1000,0.0000,0.0000,0.0000,0.2778
3191.2000,0.0000,0.0000,0.0000,0.2778
3191.3000,0.0000,0.0000,0.0000,0.2778
3191.4000,0.0000,0.0000,0.0000,0.2778
3191.5000,0.0000,0.0000,0.0000,0.2778
3191.6000,0.0000,0.0000,0.0000,0.2778
3191.7000,0.0000,0.0000,0.0000,0.2778
3191.8000,0.0000,0.0000,0.0000,0.2778
3191.9000,0.0000,0.0000,0.0000,0.2778
3192.0000,0.0000,0.0000,0.0000,0.2778
3192.1000,0.0000,0.0000,0.0000,0.2778
3192.2000,0.0000,0.0000,0.0000,0.2778
3192.3000,0.0000,0.0000,0.0000,0.2778
3192.4000,0.0000,0.0000,0.0000,0.2778
3192.5000,0.0000,0.0000,0.0000,0.2778
3192.6000,0.0000,0.0000,0.0000,0.2778
3192.7000,0.0000,0.0000,0.0000,0.2778
3192.8000,0.0000,0.0000,0.0000,0.2778
3192.9000,0.0000,0.0000,0.0000,0.2778
3193.0000,0.0000,0.0000,0.0000,0.2778
3193.1000,0.0000,0.0000,0.0000,0.2778
3193.2000,0.0000,0.0000,0.0000,0.2778
3193.3000,0.0000,0.0000,0.0000,0.2778
3193.4000,0.0000,0.0000,0.0000,0.2778
3193.5000,0.0000,0.0000,0.0000,0.2778
3193.6000,0.0000,0.0000,0.0000,0.2778
3193.7000,0.0000,0.0000,0.0000,0.2778
3193.8000,0.0000,0.0000,0.0000,0.2778
3193.9000,0.0000,0.0000,0.0000,0.2778
3194.0000,0.0000,0.0000,0.0000,0.2778
3194.1000,0.0000,0.0000,0.0000,0.2778
3194.2000,0.0000,0.0000,0.0000,0.2778
3194.3000,0.0000,0.0000,0.0000,0.2778
3194.4000,0.0000,0.0000,0.0000,0.2778
3194.5000,0.0000,0.0000,0.0000,0.2778
3194.6000,0.0000,0.0000,0.0000,0.2778
3194.7000,0.0000,0.0000,0.0000,0.2778
3194.8000,0.0000,0.0000,0.0000,0.2778
3194.9000,0.0000,0.0000,0.0000,0.2778
3195.0000,0.0000,0.0000,0.0000,0.2778
3195.1000,0.0000,0.0000,0.0000,0.2778
3195.2000,0.0000,0.0000,0.0000,0.2778
3195.3000,0.0000,0.0000,0.0000,0.2778
3195.4000,0.0000,0.0000,0.0000,0.2778
3195.5000,0.0000,0.0000,0.0000,0.2778
3195.6000,0.0000,0.0000,0.0000,0.2778
3195.7000,0.0000,0.0000,0.0000,0.2778
3195.8000,0.0000,0.0000,0.0000,0.2778
3195.9000,0.0000,0.0000,0.0000,0.2778
3196.0000,0.0000,0.0000,0.0000,0.2778
3196.1000,0.0000,0.0000,0.0000,0.2778
3196.2000,0.0000,0.0000,0.0000,0.2778
3196.3000,0.0000,0.0000,0.0000,0.2778
3196.4000,0.0000,0.0000,0.0000,0.2778
3196.5000,0.0000,0.0000,0.0000,0.2778
3196.6000,0.0000,0.0000,0.0000,0.2778
3196.7000,0.0000,0.0000,0.0000,0.2778
3196.8000,0.0000,0.0000,0.0000,0.2778
3196.9000,0.0000,0.0000,0.0000,0.2778
3197.0000,0.0000,0.0000,0.0000,0.2778
3197.1000,0.0000,0.0000,0.0000,0.2778
3197.2000,0.0000,0.0000,0.0000,0.2778
3197.3000,0.0000,0.0000,0.0000,0.2778
3197.4000,0.0000,0.0000,0.0000,0.2778
3197.5000,0.0000,0.0000,0.0000,0.2778
3197.6000,0.0000,0.0000,0.0000,0.2778
3197.7000,0.0000,0.0000,0.0000,0.2778
3197.8000,0.0000,0.0000,0.0000,0.2778
3197.9000,0.0000,0.0000,0.0000,0.2778
3198.0000,0.0000,0.0000,0.0000,0.2778
3198.1000,0.0000,0.0000,0.0000,0.2778
3198.2000,0.0000,0.0000,0.0000,0.2778
3198.3000,0.0000,0.0000,0.0000,0.2778
3198.4000,0.0000,0.0000,0.0000,0.2778
3198.5000,0.0000,0.0000,0.0000,0.2778
3198.6000,0.0000,0.0000,0.0000,0.2778
3198.7000,0.0000,0.0000,0.0000,0.2778
3198.8000,0.0000,0.0000,0.0000,0.2778
3198.9000,0.0000,0.0000,0.0000,0.2778
3199.0000,0.0000,0.0000,0.0000,0.2778
3199.1000,0.0000,0.0000,0.0000,0.2778
3199.2000,0.0000,0.0000,0.0000,0.2778
3199.3000,0.0000,0.0000,0.0000,0.2778
3199.4000,0.0000,0.0000,0.0000,0.2778
3199.5000,0.0000,0.0000,0.0000,0.2778
3199.6000,0.0000,0.0000,0.0000,0.2778
3199.7000,0.0000,0.0000,0.0000,0.2778
3199.8000,0.0000,0.0000,0.0000,0.2778
3199.9000,0.0000,0.0000,0.0000,0.2778
3200.0000,0.0000,0.0000,0.0000,0.2778
3200.1000,0.0000,0.0000,0.0000,0.2778
3200.2000,0.0000,0.0000,0.0000,0.2778
3200.3000,0.0000,0.0000,0.0000,0.2778
3200.4000,0.0000,0.0000,0.0000,0.2778
3200.5000,0.0000,0.0000,0.0000,0.2778
3200.6000,0.0000,0.0000,0.0000,0.2778
3200.7000,0.0000,0.0000,0.0000,0.2778
3200.8000,0.0000,0.0000,0.0000,0.2778
3200.9000,0.0000,0.0000,0.0000,0.2778
3201.0000,0.0000,0.0000,0.0000,0.2778
3201.1000,0.0000,0.0000,0.0000,0.2778
3201.2000,0.0000,0.0000,0.0000,0.2778
3201.3000,0.0000,0.0000,0.0000,0.2778
3201.4000,0.0000,0.0000,0.0000,0.2778
3201.5000,0.0000,0.0000,0.0000,0.2778
3201.6000,0.0000,0.0000,0.0000,0.2778
3201.7000,0.0000,0.0000,0.0000,0.2778
3201.8000,0.0000,0.0000,0.0000,0.2778
3201.9000,0.0000,0.0000,0.0000,0.2778
3202.0000,0.0000,0.0000,0.0000,0.2778
3202.1000,0.0000,0.0000,0.0000,0.2778
3202.2000,0.0000,0.0000,0.0000,0.2778
3202.3000,0.0000,0.0000,0.0000,0.2778
3202.4000,0.0000,0.0000,0.0000,0.2778
3202.5000,0.0000,0.0000,0.0000,0.2778
3202.6000,0.0000,0.0000,0.0000,0.2778
3202.7000,0.0000,0.0000,0.0000,0.2778
3202.8000,0.0000,0.0000,0.0000,0.2778
3202.9000,0.0000,0.0000,0.0000,0.2778
3203.0000,0.0000,0.0000,0.0000,0.2778
3203.1000,0.0000,0.0000,0.0000,0.2778
3203.2000,0.0000,0.0000,0.0000,0.2778
3203.3000,0.0000,0.0000,0.0000,0.2778
3203.4000,0.0000,0.0000,0.0000,0.2778
3203.5000,0.0000,0.0000,0.0000,0.2778
3203.6000,0.0000,0.0000,0.0000,0.2778
3203.7000,0.0000,0.0000,0.0000,0.2778
3203.8000,0.0000,0.0000,0.0000,0.2778
3203.9000,0.0000,0.0000,0.0000,0.2778
3204.0000,0.0000,0.0000,0.0000,0.2778
3204.1000,0.0000,0.0000,0.0000,0.2778
3204.2000,0.0000,0.0000,0.0000,0.2778
3204.3000,0.0000,0.0000,0.0000,0.2778
3204.4000,0.0000,0.0000,0.0000,0.2778
3204.5000,0.0000,0.0000,0.0000,0.2778
3204.6000,0.0000,0.0000,0.0000,0.2778
3204.7000,0.0000,0.0000,0.0000,0.2778
3204.8000,0.0000,0.0000,0.0000,0.2778
3204.9000,0.0000,0.0000,0.0000,0.2778
3205.0000,0.0000,0.0000,0.0000,0.2778
3205.1000,0.0000,0.0000,0.0000,0.2778
3205.2000,0.0000,0.0000,0.0000,0.2778
3205.3000,0.0000,0.0000,0.0000,0.2778
3205.4000,0.0000,0.0000,0.0000,0.2778
3205.5000,0.0000,0.0000,0.0000,0.2778
3205.6000,0.0000,0.0000,0.0000,0.2778
3205.7000,0.0000,0.0000,0.0000,0.2778
3205.8000,0.0000,0.0000,0.0000,0.2778
3205.9000,0.0000,0.0000,0.0000,0.2778
3206.0000,0.0000,0.0000,0.0000,0.2778
3206.1000,0.0000,0.0000,0.0000,0.2778
3206.2000,0.0000,0.0000,0.0000,0.2778
3206.3000,0.0000,0.0000,0.0000,0.2778
3206.4000,0.0000,0.0000,0.0000,0.2778
3206.5000,0.0000,0.0000,0.0000,0.2778
3206.6000,0.0000,0.0000,0.0000,0.2778
3206.7000,0.0000,0.0000,0.0000,0.2778
3206.8000,0.0000,0.0000,0.0000,0.2778
3206.9000,0.0000,0.0000,0.0000,0.2778
3207.0000,0.0000,0.0000,0.0000,0.2778
3207.1000,0.0000,0.0000,0.0000,0.2778
3207.2000,0.0000,0.0000,0.0000,0.2778
3207.3000,0.0000,0.0000,0.0000,0.2778
3207.4000,0.0000,0.0000,0.0000,0.2778
3207.5000,0.0000,0.0000,0.0000,0.2778
3207.6000,0.0000,0.0000,0.0000,0.2778
3207.7000,0.0000,0.0000,0.0000,0.2778
3207.8000,0.0000,0.0000,0.0000,0.2778
3207.9000,0.0000,0.0000,0.0000,0.2778
3208.0000,0.0000,0.0000,0.0000,0.2778
3208.1000,0.0000,0.0000,0.0000,0.2778
3208.2000,0.0000,0.0000,0.0000,0.2778
3208.3000,0.0000,0.0000,0.0000,0.2778
3208.4000,0.0000,0.0000,0.0000,0.2778
3208.5000,0.0000,0.0000,0.0000,0.2778
3208.6000,0.0000,0.0000,0.0000,0.2778
3208.7000,0.0000,0.0000,0.0000,0.2778
3208.8000,0.0000,0.0000,0.0000,0.2778
3208.9000,0.0000,0.0000,0.0000,0.2778
3209.0000,0.0000,0.0000,0.0000,0.2778
3209.1000,0.0000,0.0000,0.0000,0.2778
3209.2000,0.0000,0.0000,0.0000,0.2778
3209.3000,0.0000,0.0000,0.0000,0.2778
3209.4000,0.0000,0.0000,0.0000,0.2778
3209.5000,0.0000,0.0000,0.0000,0.2778
3209.6000,0.0000,0.0000,0.0000,0.2778
3209.7000,0.0000,0.0000,0.0000,0.2778
3209.8000,0.0000,0.0000,0.0000,0.2778
3209.9000,0.0000,0.0000,0.0000,0.2778
3210.0000,0.0000,0.0000,0.0000,0.2778
3210.1000,0.0000,0.0000,0.0000,0.2778
3210.2000,0.0000,0.0000,0.0000,0.2778
3210.3000,0.0000,0.0000,0.0000,0.2778
3210.4000,0.0000,0.0000,0.0000,0.2778
3210.5000,0.0000,0.0000,0.0000,0.2778
3210.6000,0.0000,0.0000,0.0000,0.2778
3210.7000,0.0000,0.0000,0.0000,0.2778
3210.8000,0.0000,0.0000,0.0000,0.2778
3210.9000,0.0000,0.0000,0.0000,0.2778
3211.0000,0.0000,0.0000,0.0000,0.2778
3211.1000,0.0000,0.0000,0.0000,0.2778
3211.2000,0.0000,0.0000,0.0000,0.2778
3211.3000,0.0000,0.0000,0.0000,0.2778
3211.4000,0.0000,0.0000,0.0000,0.2778
3211.5000,0.0000,0.0000,0.0000,0.2778
3211.6000,0.2319,0.0000,0.3223,0.2778
3211.7000,0.4638,0.0000,0.7395,0.2778
3211.8000,0.7729,0.0000,1.5490,0.6977
3211.9000,1.1594,0.0000,2.5608,0.7996
3212.0000,1.5459,0.0000,3.4145,0.8348
3212.1000,1.9323,0.0000,4.2682,0.8719
3212.2000,2.3188,0.0000,5.1220,0.9099
3212.3000,2.7052,0.0000,5.9757,0.9498
3212.4000,3.0916,0.0000,6.8295,0.9909
3212.5000,3.4780,0.0000,7.6833,1.0343
3212.6000,3.8644,0.0000,8.5370,1.0786
3212.7000,4.2508,0.0000,9.3907,1.1241
3212.8000,4.6371,0.0000,10.2442,1.1725
3212.9000,5.0234,0.0000,11.0976,1.2238
3213.0000,5.4097,0.0000,11.9507,1.2771
3213.1000,5.7958,0.0000,12.8036,1.3326
3213.2000,6.1820,0.0000,13.6561,1.3891
3213.3000,6.5680,0.0000,14.5082,1.4464
3213.4000,6.9540,0.0000,15.3598,1.5045
3213.5000,7.3399,0.0000,16.2109,1.5633
3213.6000,7.7257,0.0000,17.0613,1.6227
3213.7000,8.1113,0.0000,17.9109,1.6828
3213.8000,8.4969,0.0000,18.7597,1.7432
3213.9000,8.8823,0.0000,19.6075,1.8042
3214.0000,9.2676,0.0000,20.4542,1.8658
3214.1000,9.6527,0.0000,21.2997,1.9283
3214.2000,10.0376,0.0000,22.1439,1.9914
3214.3000,10.4223,0.0000,22.9867,2.0551
3214.4000,10.8068,0.0000,23.8279,2.1191
3214.5000,11.1911,0.0000,24.6673,2.1840
3214.6000,11.5752,0.0000,25.5049,2.2499
3214.7000,11.9590,0.0000,26.3404,2.3168
3214.8000,12.3425,0.0000,27.1738,2.3843
3214.9000,12.7258,0.0000,28.0049,2.4527
3215.0000,13.1087,0.0000,28.8334,2.5220
3215.1000,13.4914,0.0000,29.6592,2.5923
3215.2000,13.8736,0.0000,30.4822,2.6636
3215.3000,14.2555,0.0000,31.3022,2.7355
3215.4000,14.6371,0.0000,32.1190,2.8083
3215.5000,15.0182,0.0000,32.9323,2.8828
3215.6000,15.3988,0.0000,33.7421,2.9591
3215.7000,15.7791,0.0000,34.5480,3.0363
3215.8000,16.1588,0.0000,35.3500,3.1142
3215.9000,16.5381,0.0000,36.1478,3.0967
3216.0000,16.9169,0.0000,36.9411,3.1448
3216.1000,17.2951,0.0000,37.7298,3.1930
3216.2000,17.6727,0.0000,38.5138,3.2412
3216.3000,18.0498,0.0000,39.2926,3.2894
3216.4000,18.4262,0.0000,40.0662,3.3376
3216.5000,18.8020,0.0000,40.8343,3.3853
3216.6000,19.1771,0.0000,41.5967,3.4314
3216.7000,19.5516,0.0000,42.3532,3.4774
3216.8000,19.9253,0.0000,43.1035,3.5233
3216.9000,20.2983,0.0000,43.8474,3.0023
3217.0000,20.6705,0.0000,44.5847,3.0538
3217.1000,21.0419,0.0000,45.3151,3.1051
3217.2000,21.4125,0.0000,46.0385,3.1561
3217.3000,21.7823,0.0000,46.7545,3.2070
3217.4000,22.1511,0.0000,47.4630,3.2576
3217.5000,22.5191,0.0000,48.1637,3.3080
3217.6000,22.8861,0.0000,48.8565,3.3581
3217.7000,23.2522,0.0000,49.5410,3.4080
3217.8000,23.6172,0.0000,50.2170,3.4577
3217.9000,23.9812,0.0000,50.8843,3.5070
3218.0000,24.3442,0.0000,51.4748,3.5523
3218.1000,24.7051,0.0000,51.9104,3.5890
3218.2000,25.0627,0.0000,52.1829,3.6166
3218.3000,25.4159,0.0000,52.2917,3.4134
3218.4000,25.7637,0.0000,52.2366,3.4024
3218.5000,26.1053,0.0000,52.0905,3.3989
3218.6000,26.4406,0.0000,51.9365,3.3950
3218.7000,26.7699,0.0000,51.7827,3.3910
3218.8000,27.0936,0.0000,51.6289,3.3871
3218.9000,27.4117,0.0000,51.4753,3.3832
3219.0000,27.7244,0.0000,51.3217,3.3793
3219.1000,28.0320,0.0000,51.1683,3.3755
3219.2000,28.3347,0.0000,51.0151,3.3716
3219.3000,28.6325,0.0000,50.8619,3.3677
3219.4000,28.9257,0.0000,50.7089,3.3639
3219.5000,29.2143,0.0000,50.5561,3.3601
3219.6000,29.4986,0.0000,50.4034,3.3563
3219.7000,29.7786,0.0000,50.2509,3.3525
3219.8000,30.0544,0.0000,50.0986,3.3487
3219.9000,30.3263,0.0000,49.9465,3.3449
3220.0000,30.5943,0.0000,49.7946,3.3411
3220.1000,30.8585,0.0000,49.6430,3.3374
3220.2000,31.1189,0.0000,49.4916,3.3336
3220.3000,31.3758,0.0000,49.3405,3.3299
3220.4000,31.6292,0.0000,49.1897,3.3261
3220.5000,31.8792,0.0000,49.0391,3.3224
3220.6000,32.1258,0.0000,48.8889,3.3187
3220.7000,32.3692,0.0000,48.7391,3.3150
3220.8000,32.6094,0.0000,48.5895,3.3113
3220.9000,32.8465,0.0000,48.4404,3.3076
3221.0000,33.0805,0.0000,48.2916,3.3040
3221.1000,33.3117,0.0000,48.1431,3.3003
3221.2000,33.5399,0.0000,47.9951,3.2967
3221.3000,33.7653,0.0000,47.8475,3.1045
3221.4000,33.9879,0.0000,47.7004,3.0986
3221.5000,34.2078,0.0000,47.5537,3.0927
3221.6000,34.4250,0.0000,47.4074,3.0868
3221.7000,34.6396,0.0000,47.2616,3.0809
3221.8000,34.8517,0.0000,47.1163,3.0751
3221.9000,35.0613,0.0000,46.9714,3.0693
3222.0000,35.2685,0.0000,46.8271,3.0635
3222.1000,35.4732,0.0000,46.6833,3.0577
3222.2000,35.6756,0.0000,46.5400,3.0519
3222.3000,35.8757,0.0000,46.3972,3.0462
3222.4000,36.0735,0.0000,46.2550,3.0405
3222.5000,36.2691,0.0000,46.1133,3.0349
3222.6000,36.4625,0.0000,45.9722,3.0292
3222.7000,36.6538,0.0000,45.8316,3.0236
3222.8000,36.8429,0.0000,45.6917,3.0180
3222.9000,37.0300,0.0000,45.5523,3.0124
3223.0000,37.2151,0.0000,45.4135,3.0069
3223.1000,37.3981,0.0000,45.2753,3.0014
3223.2000,37.5792,0.0000,45.1377,2.9959
3223.3000,37.7584,0.0000,45.0007,2.9904
3223.4000,37.9356,0.0000,44.8643,2.9850
3223.5000,38.1110,0.0000,44.7286,2.9796
3223.6000,38.2846,0.0000,44.5935,2.9742
3223.7000,38.4563,0.0000,44.4590,2.9689
3223.8000,38.6263,0.0000,44.3252,2.9635
3223.9000,38.7945,0.0000,44.1920,2.9583
3224.0000,38.9610,0.0000,44.0594,2.9530
3224.1000,39.1258,0.0000,43.9275,2.9478
3224.2000,39.2889,0.0000,43.7963,2.9426
3224.3000,39.4504,0.0000,43.6657,2.9374
3224.4000,39.6103,0.0000,43.5358,2.9322
3224.5000,39.7686,0.0000,43.4066,2.9271
3224.6000,39.9253,0.0000,43.2780,2.9220
3224.7000,40.0804,0.0000,43.1501,2.9170
3224.8000,40.2341,0.0000,43.0229,2.9119
3224.9000,40.3862,0.0000,42.8964,2.9069
3225.0000,40.5368,0.0000,42.7705,2.9020
3225.1000,40.6860,0.0000,42.6453,2.8970
3225.2000,40.8338,0.0000,42.5209,2.8921
3225.3000,40.9801,0.0000,42.3971,2.8872
3225.4000,41.1250,0.0000,42.2740,2.8824
3225.5000,41.2686,0.0000,42.1515,2.8776
3225.6000,41.4108,0.0000,42.0298,2.8728
3225.7000,41.5516,0.0000,41.9088,2.8680
3225.8000,41.6912,0.0000,41.7884,2.8633
3225.9000,41.8294,0.0000,41.6688,2.8586
3226.0000,41.9663,0.0000,41.5498,2.8539
3226.1000,42.1020,0.0000,41.4315,2.8493
3226.2000,42.2364,0.0000,41.3140,2.8446
3226.3000,42.3695,0.0000,41.1971,2.8401
3226.4000,42.5015,0.0000,41.0809,2.8355
3226.5000,42.6322,0.0000,40.9654,2.8310
3226.6000,42.7618,0.0000,40.8506,2.8265
3226.7000,42.8901,0.0000,40.7365,2.8220
3226.8000,43.0174,0.0000,40.6231,2.8176
3226.9000,43.1434,0.0000,40.5103,2.8132
3227.0000,43.2684,0.0000,40.3983,2.8088
3227.1000,43.3922,0.0000,40.2870,2.8047
3227.2000,43.5149,0.0000,40.1763,2.8011
3227.3000,43.6365,0.0000,40.0663,2.7976
3227.4000,43.7571,0.0000,39.9570,2.7093
3227.5000,43.8766,0.0000,39.8484,2.7041
3227.6000,43.9950,0.0000,39.7405,2.6989
3227.7000,44.1124,0.0000,39.6333,2.6938
3227.8000,44.2288,0.0000,39.5267,2.6886
3227.9000,44.3442,0.0000,39.4208,2.6836
3228.0000,44.4585,0.0000,39.3156,2.6785
3228.1000,44.5719,0.0000,39.2111,2.6735
3228.2000,44.6843,0.0000,39.1072,2.6685
3228.3000,44.7957,0.0000,39.0040,2.6636
3228.4000,44.9062,0.0000,38.9015,2.6587
3228.5000,45.0158,0.0000,38.7996,2.6538
3228.6000,45.1244,0.0000,38.6984,2.6490
3228.7000,45.2321,0.0000,38.5978,2.6442
3228.8000,45.3388,0.0000,38.4980,2.6394
3228.9000,45.4447,0.0000,38.3987,2.6347
3229.0000,45.5497,0.0000,38.3001,2.6300
3229.1000,45.6538,0.0000,38.2022,2.6253
3229.2000,45.7570,0.0000,38.1049,2.6206
3229.3000,45.8594,0.0000,38.0083,2.6160
3229.4000,45.9609,0.0000,37.9123,2.6115
3229.5000,46.0616,0.0000,38.9342,2.6705
3229.6000,46.1706,0.0000,41.1116,2.7954
3229.7000,46.2881,0.0000,43.1262,2.9111
3229.8000,46.4124,0.0000,44.7597,3.0051
3229.9000,46.5420,0.0000,45.8672,3.0692
3230.0000,46.6741,0.0000,45.4216,3.0450
3230.1000,46.7987,0.0000,43.7699,2.9521
3230.2000,46.9162,0.0000,42.3043,2.8698
3230.3000,47.0279,0.0000,41.0866,2.8015
3230.4000,47.1345,0.0000,40.1446,2.7489
3230.5000,47.2377,0.0000,39.2182,2.6971
3230.6000,47.3360,0.0000,37.9566,2.6263
3230.7000,47.4283,0.0000,36.6443,2.5525
3230.8000,47.5154,0.0000,35.5352,2.4902
3230.9000,47.5981,0.0000,34.4020,2.4266
3231.0000,47.6755,0.0000,33.1570,2.3565
3231.1000,47.7478,0.0000,32.0041,2.2916
3231.2000,47.8155,0.0000,30.6327,2.2143
3231.3000,47.8765,0.0000,28.7445,2.1129
3231.4000,47.9289,0.0000,26.9993,2.0194
3231.5000,47.9757,0.0000,25.6336,1.9460
3231.6000,48.0170,0.0000,24.2699,1.8723
3231.7000,48.0528,0.0000,23.1495,1.8115
3231.8000,48.0852,0.0000,22.6203,1.7829
3231.9000,48.1166,0.0000,22.1443,1.7571
3232.0000,48.1450,0.0000,21.6002,1.7276
3232.1000,48.1721,0.0000,21.4435,1.7193
3232.2000,48.1991,0.0000,21.1810,1.7052
3232.3000,48.2239,0.0000,20.4115,1.6630
3232.4000,48.2448,0.0000,19.5792,1.6173
3232.5000,48.2630,0.0000,18.8972,1.5797
3232.6000,48.2784,0.0000,18.0131,1.5308
3232.7000,48.2896,0.0000,17.2899,1.4906
3232.8000,48.2993,0.0000,17.0241,1.4759
3232.9000,48.3084,0.0000,16.8459,1.4661
3233.0000,48.3166,0.0000,16.5244,1.4482
3233.1000,48.3231,0.0000,16.2085,1.4307
3233.2000,48.3289,0.0000,16.0181,1.4201
3233.3000,48.3339,0.0000,15.7603,1.4057
3233.4000,48.3377,0.0000,15.6786,1.4012
3233.5000,48.3420,0.0000,15.9659,1.4173
3233.6000,48.3480,0.0000,16.3243,1.4374
3233.7000,48.3551,0.0000,16.5175,1.4483
3233.8000,48.3625,0.0000,16.7099,1.4591
3233.9000,48.3711,0.0000,16.8222,1.4655
3234.0000,48.3794,0.0000,17.0920,1.4807
3234.1000,48.3900,0.0000,17.6833,1.5137
3234.2000,48.4028,0.0000,18.2864,1.5474
3234.3000,48.4181,0.0000,19.1336,1.5946
3234.4000,48.4375,0.0000,20.4743,1.6690
3234.5000,48.4631,0.0000,21.6523,1.7343
3234.6000,48.4915,0.0000,22.4534,1.7786
3234.7000,48.5232,0.0000,23.2830,1.8245
3234.8000,48.5579,0.0000,23.8300,1.8549
3234.9000,48.5937,0.0000,23.8031,1.8538
3235.0000,48.6279,0.0000,23.5368,1.8397
3235.1000,48.6614,0.0000,23.3143,1.8279
3235.2000,48.6937,0.0000,23.0026,1.8112
3235.3000,48.7246,0.0000,22.7200,1.7961
3235.4000,48.7545,0.0000,22.7161,1.7963
3235.5000,48.7852,0.0000,22.8865,1.8060
3235.6000,48.8163,0.0000,22.8964,1.8069
3235.7000,48.8468,0.0000,22.8094,1.8025
3235.8000,48.8771,0.0000,23.0375,1.8154
3235.9000,48.9092,0.0000,23.4119,1.8363
3236.0000,48.9422,0.0000,23.3886,1.8354
3236.1000,48.9739,0.0000,23.1078,1.8204
3236.2000,49.0045,0.0000,22.6748,1.7970
3236.3000,49.0328,0.0000,21.7575,1.7470
3236.4000,49.0561,0.0000,20.5098,1.6784
3236.5000,49.0747,0.0000,19.5567,1.6259
3236.6000,49.0906,0.0000,18.9018,1.5898
3236.7000,49.1040,0.0000,18.3249,1.5578
3236.8000,49.1154,0.0000,18.0189,1.5410
3236.9000,49.1264,0.0000,17.8423,1.5312
3237.0000,49.1364,0.0000,17.5817,1.5168
3237.1000,49.1453,0.0000,17.4373,1.5089
3237.2000,49.1542,0.0000,17.4722,1.5109
3237.3000,49.1633,0.0000,17.4462,1.5096
3237.4000,49.1719,0.0000,17.2602,1.4993
3237.5000,49.1796,0.0000,16.9356,1.4813
3237.6000,49.1857,0.0000,16.5662,1.4607
3237.7000,49.1905,0.0000,16.3058,1.4462
3237.8000,49.1946,0.0000,15.9677,1.4273
3237.9000,49.1968,0.0000,15.4396,1.3977
3238.0000,49.1968,0.0000,14.9132,1.3682
3238.1000,49.1949,0.0000,14.4159,1.3402
3238.2000,49.1911,0.0000,13.8838,1.3102
3238.3000,49.1852,0.0000,13.4920,1.2880
3238.4000,49.1784,0.0000,13.3339,1.2790
3238.5000,49.1713,0.0000,13.1509,1.2686
3238.6000,49.1631,0.0000,12.8449,1.2512
3238.7000,49.1538,0.0000,12.5866,1.2365
3238.8000,49.1436,0.0000,12.3418,1.2225
3238.9000,49.1324,0.0000,12.1416,1.2110
3239.0000,49.1208,0.0000,12.0646,1.2065
3239.1000,49.1090,0.0000,12.0751,1.2070
3239.2000,49.0975,0.0000,11.8064,1.1916
3239.3000,49.0837,0.0000,11.2874,1.1620
3239.4000,49.0683,0.0000,10.8571,1.1374
3239.5000,49.0512,0.0000,10.7434,1.1307
3239.6000,49.0350,0.0000,10.6853,1.1272
3239.7000,49.0176,0.0000,10.6890,1.1272
3239.8000,49.0014,0.0000,10.6820,1.1267
3239.9000,48.9840,0.0000,10.4615,1.1139
3240.0000,48.9662,0.0000,10.2552,1.1020
3240.1000,48.9473,0.0000,9.9887,1.0865
3240.2000,48.9275,0.0000,9.9870,1.0862
3240.3000,48.9087,0.0000,10.3714,1.1079
3240.4000,48.8919,0.0000,10.6588,1.1241
3240.5000,48.8754,0.0000,10.4739,1.1134
3240.6000,48.8573,0.0000,10.4354,1.1110
3240.7000,48.8405,0.0000,10.5133,1.1152
3240.8000,48.8230,0.0000,10.3604,1.1063
3240.9000,48.8051,0.0000,10.3962,1.1082
3241.0000,48.7880,0.0000,10.7888,1.1303
3241.1000,48.7732,0.0000,11.2780,1.1579
3241.2000,48.7600,0.0000,11.5457,1.1730
3241.3000,48.7473,0.0000,11.7311,1.1834
3241.4000,48.7356,0.0000,12.0265,1.2000
3241.5000,48.7252,0.0000,12.2469,1.2123
3241.6000,48.7152,0.0000,12.2384,1.2117
3241.7000,48.7048,0.0000,12.4294,1.2224
3241.8000,48.6964,0.0000,12.7260,1.2391
3241.9000,48.6883,0.0000,12.8472,1.2459
3242.0000,48.6808,0.0000,13.1873,1.2650
3242.1000,48.6754,0.0000,13.7098,1.2944
3242.2000,48.6720,0.0000,14.0915,1.3159
3242.3000,48.6696,0.0000,14.5397,1.3411
3242.4000,48.6697,0.0000,15.1682,1.3764
3242.5000,48.6722,0.0000,15.8191,1.4129
3242.6000,48.6773,0.0000,16.3293,1.4415
3242.7000,48.6837,0.0000,16.5804,1.4556
3242.8000,48.6907,0.0000,16.5154,1.4521
3242.9000,48.6966,0.0000,16.1659,1.4326
3243.0000,48.7009,0.0000,15.7356,1.4086
3243.1000,48.7034,0.0000,15.3715,1.3882
3243.2000,48.7049,0.0000,15.1361,1.3750
3243.3000,48.7055,0.0000,15.2286,1.3802
3243.4000,48.7077,0.0000,15.6175,1.4020
3243.5000,48.7114,0.0000,15.9671,1.4217
3243.6000,48.7163,0.0000,16.4491,1.4487
3243.7000,48.7236,0.0000,16.9056,1.4743
3243.8000,48.7320,0.0000,16.9934,1.4793
3243.9000,48.7400,0.0000,17.0286,1.4813
3244.0000,48.7487,0.0000,17.0858,1.4846
3244.1000,48.7571,0.0000,16.7102,1.4637
3244.2000,48.7627,0.0000,16.1904,1.4348
3244.3000,48.7671,0.0000,15.9069,1.4189
3244.4000,48.7706,0.0000,15.5205,1.3973
3244.5000,48.7719,0.0000,14.9420,1.3649
3244.6000,48.7709,0.0000,14.5996,1.3456
3244.7000,48.7696,0.0000,14.4424,1.3368
3244.8000,48.7673,0.0000,14.2917,1.3283
3244.9000,48.7649,0.0000,14.2575,1.3263
3245.0000,48.7624,0.0000,14.1006,1.3174
3245.1000,48.7588,0.0000,13.6382,1.2913
3245.2000,48.7527,0.0000,13.2006,1.2666
3245.3000,48.7457,0.0000,12.9227,1.2508
3245.4000,48.7375,0.0000,12.5266,1.2283
3245.5000,48.7275,0.0000,12.2481,1.2124
3245.6000,48.7171,0.0000,12.3105,1.2158
3245.7000,48.7076,0.0000,12.6123,1.2328
3245.8000,48.6997,0.0000,13.0657,1.2584
3245.9000,48.6937,0.0000,13.7206,1.2952
3246.0000,48.6909,0.0000,14.7884,1.3553
3246.1000,48.6933,0.0000,15.9729,1.4218
3246.2000,48.6996,0.0000,16.6678,1.4607
3246.3000,48.7073,0.0000,16.8902,1.4732
3246.4000,48.7153,0.0000,16.9302,1.4755
3246.5000,48.7233,0.0000,16.5436,1.4540
3246.6000,48.7283,0.0000,15.8635,1.4160
3246.7000,48.7310,0.0000,15.4174,1.3911
3246.8000,48.7325,0.0000,15.2296,1.3806
3246.9000,48.7337,0.0000,14.9450,1.3646
3247.0000,48.7330,0.0000,14.9684,1.3659
3247.1000,48.7344,0.0000,15.6003,1.4014
3247.2000,48.7386,0.0000,16.4208,1.4474
3247.3000,48.7463,0.0000,17.2356,1.4930
3247.4000,48.7568,0.0000,18.1308,1.5429
3247.5000,48.7714,0.0000,19.0753,1.5956
3247.6000,48.7891,0.0000,19.7232,1.6317
3247.7000,48.8087,0.0000,20.0614,1.6507
3247.8000,48.8289,0.0000,20.0859,1.6523
3247.9000,48.8485,0.0000,19.7936,1.6363
3248.0000,48.8664,0.0000,19.0358,1.5945
3248.1000,48.8800,0.0000,18.0678,1.5409
3248.2000,48.8903,0.0000,17.2871,1.4975
3248.3000,48.8979,0.0000,16.7508,1.4677
3248.4000,48.9041,0.0000,16.3664,1.4462
3248.5000,48.9086,0.0000,15.9379,1.4223
3248.6000,48.9114,0.0000,15.4812,1.3968
3248.7000,48.9125,0.0000,14.9655,1.3678
3248.8000,48.9113,0.0000,14.2847,1.3295
3248.9000,48.9071,0.0000,13.6859,1.2957
3249.0000,48.9013,0.0000,13.5003,1.2852
3249.1000,48.8957,0.0000,13.5683,1.2890
3249.2000,48.8905,0.0000,13.6605,1.2941
3249.3000,48.8856,0.0000,13.8672,1.3057
3249.4000,48.8820,0.0000,14.0471,1.3158
3249.5000,48.8785,0.0000,14.0849,1.3179
3249.6000,48.8752,0.0000,13.9827,1.3121
3249.7000,48.8709,0.0000,13.9316,1.3092
3249.8000,48.8672,0.0000,14.1153,1.3195
3249.9000,48.8644,0.0000,14.1185,1.3196
3250.0000,48.8608,0.0000,14.0673,1.3167
3250.1000,48.8576,0.0000,14.2069,1.3245
3250.2000,48.8550,0.0000,14.2561,1.3273
3250.3000,48.8522,0.0000,14.1020,1.3186
3250.4000,48.8485,0.0000,14.0423,1.3151
3250.5000,48.8452,0.0000,14.0146,1.3136
3250.6000,48.8413,0.0000,13.9973,1.3125
3250.7000,48.8379,0.0000,14.1500,1.3211
3250.8000,48.8352,0.0000,14.3901,1.3346
3250.9000,48.8337,0.0000,14.8209,1.3588
3251.0000,48.8343,0.0000,15.1638,1.3780
3251.1000,48.8354,0.0000,15.1577,1.3777
3251.2000,48.8360,0.0000,14.8799,1.3621
3251.3000,48.8350,0.0000,14.5052,1.3410
3251.4000,48.8326,0.0000,14.1649,1.3219
3251.5000,48.8290,0.0000,13.9802,1.3114
3251.6000,48.8253,0.0000,13.9280,1.3084
3251.7000,48.8213,0.0000,14.0412,1.3148
3251.8000,48.8184,0.0000,14.3388,1.3315
3251.9000,48.8167,0.0000,14.3862,1.3341
3252.0000,48.8142,0.0000,14.1136,1.3188
3252.1000,48.8104,0.0000,14.1210,1.3191
3252.2000,48.8080,0.0000,14.3531,1.3322
3252.3000,48.8060,0.0000,14.3792,1.3336
3252.4000,48.8038,0.0000,14.4914,1.3399
3252.5000,48.8027,0.0000,14.8188,1.3583
3252.6000,48.8031,0.0000,14.9436,1.3653
3252.7000,48.8029,0.0000,14.8694,1.3612
3252.8000,48.8027,0.0000,14.9124,1.3636
3252.9000,48.8029,0.0000,14.9681,1.3667
3253.0000,48.8031,0.0000,14.8750,1.3615
3253.1000,48.8025,0.0000,14.7519,1.3545
3253.2000,48.8018,0.0000,14.5441,1.3428
3253.3000,48.7996,0.0000,14.1867,1.3227
3253.4000,48.7961,0.0000,14.0463,1.3148
3253.5000,48.7929,0.0000,14.1247,1.3191
3253.6000,48.7900,0.0000,14.2085,1.3238
3253.7000,48.7875,0.0000,14.2893,1.3283
3253.8000,48.7852,0.0000,14.1987,1.3232
3253.9000,48.7820,0.0000,13.7055,1.2954
3254.0000,48.7759,0.0000,13.1160,1.2621
3254.1000,48.7682,0.0000,12.5616,1.2306
3254.2000,48.7578,0.0000,12.0882,1.2037
3254.3000,48.7465,0.0000,11.8085,1.1877
3254.4000,48.7340,0.0000,11.7893,1.1865
3254.5000,48.7225,0.0000,11.8903,1.1921
3254.6000,48.7109,0.0000,11.9332,1.1944
3254.7000,48.6998,0.0000,11.9969,1.1979
3254.8000,48.6887,0.0000,12.1140,1.2044
3254.9000,48.6786,0.0000,12.1585,1.2068
3255.0000,48.6679,0.0000,12.0741,1.2019
3255.1000,48.6571,0.0000,11.8960,1.1917
3255.2000,48.6451,0.0000,11.8433,1.1886
3255.3000,48.6340,0.0000,12.2853,1.2135
3255.4000,48.6254,0.0000,13.3219,1.2720
3255.5000,48.6224,0.0000,14.6101,1.3445
3255.6000,48.6239,0.0000,15.8486,1.4140
3255.7000,48.6304,0.0000,16.7329,1.4635
3255.8000,48.6387,0.0000,17.0439,1.4810
3255.9000,48.6477,0.0000,16.9629,1.4766
3256.0000,48.6553,0.0000,16.8438,1.4700
3256.1000,48.6633,0.0000,17.0246,1.4802
3256.2000,48.6723,0.0000,17.2212,1.4913
3256.3000,48.6818,0.0000,17.2694,1.4941
3256.4000,48.6911,0.0000,17.4625,1.5050
3256.5000,48.7020,0.0000,17.7254,1.5197
3256.6000,48.7133,0.0000,17.8360,1.5260
3256.7000,48.7250,0.0000,18.1101,1.5414
3256.8000,48.7384,0.0000,18.6510,1.5716
3256.9000,48.7543,0.0000,19.0493,1.5939
3257.0000,48.7706,0.0000,19.2401,1.6047
3257.1000,48.7879,0.0000,19.4743,1.6179
3257.2000,48.8060,0.0000,19.6916,1.6302
3257.3000,48.8248,0.0000,19.8353,1.6383
3257.4000,48.8439,0.0000,19.8900,1.6416
3257.5000,48.8630,0.0000,19.9731,1.6464
3257.6000,48.8827,0.0000,20.0214,1.6493
3257.7000,48.9021,0.0000,19.7810,1.6363
3257.8000,48.9198,0.0000,19.2732,1.6083
3257.9000,48.9352,0.0000,18.6113,1.5718
3258.0000,48.9477,0.0000,17.6956,1.5210
3258.1000,48.9559,0.0000,16.7103,1.4661
3258.2000,48.9608,0.0000,15.8617,1.4187
3258.3000,48.9625,0.0000,15.1077,1.3764
3258.4000,48.9615,0.0000,14.5654,1.3459
3258.5000,48.9590,0.0000,14.3597,1.3343
3258.6000,48.9565,0.0000,14.3747,1.3351
3258.7000,48.9541,0.0000,14.6523,1.3507
3258.8000,48.9537,0.0000,15.0423,1.3726
3258.9000,48.9544,0.0000,15.3983,1.3926
3259.0000,48.9567,0.0000,15.7833,1.4142
3259.1000,48.9604,0.0000,16.0357,1.4284
3259.2000,48.9646,0.0000,16.2001,1.4377
3259.3000,48.9695,0.0000,16.4499,1.4517
3259.4000,48.9757,0.0000,16.7659,1.4694
3259.5000,48.9829,0.0000,17.0678,1.4864
3259.6000,48.9914,0.0000,17.3306,1.5011
3259.7000,49.0007,0.0000,17.6757,1.5205
3259.8000,49.0118,0.0000,18.2249,1.5512
3259.9000,49.0252,0.0000,18.7365,1.5798
3260.0000,49.0401,0.0000,19.1026,1.6003
3260.1000,49.0563,0.0000,19.5415,1.6248
3260.2000,49.0746,0.0000,19.8012,1.6394
3260.3000,49.0926,0.0000,19.6116,1.6291
3260.4000,49.1093,0.0000,19.3906,1.6171
3260.5000,49.1256,0.0000,19.2726,1.6107
3260.6000,49.1413,0.0000,18.9952,1.5955
3260.7000,49.1554,0.0000,18.9032,1.5906
3260.8000,49.1703,0.0000,19.3315,1.6145
3260.9000,49.1876,0.0000,19.8263,1.6422
3261.0000,49.2062,0.0000,20.2892,1.6680
3261.1000,49.2270,0.0000,20.9095,1.7026
3261.2000,49.2503,0.0000,21.4063,1.7302
3261.3000,49.2747,0.0000,21.7008,1.7468
3261.4000,49.3001,0.0000,22.0056,1.7639
3261.5000,49.3267,0.0000,22.2433,1.7773
3261.6000,49.3538,0.0000,22.3433,1.7831
3261.7000,49.3810,0.0000,22.3205,1.7822
3261.8000,49.4077,0.0000,22.0340,1.7667
3261.9000,49.4326,0.0000,21.3921,1.7317
3262.0000,49.4543,0.0000,20.7190,1.6948
3262.1000,49.4739,0.0000,20.3446,1.6743
3262.2000,49.4926,0.0000,20.0886,1.6604
3262.3000,49.5102,0.0000,19.9248,1.6515
3262.4000,49.5276,0.0000,20.0819,1.6604
3262.5000,49.5462,0.0000,20.2974,1.6726
3262.6000,49.5652,0.0000,20.2338,1.6693
3262.7000,49.5833,0.0000,20.0994,1.6621
3262.8000,49.6011,0.0000,20.0423,1.6591
3262.9000,49.6186,0.0000,19.9164,1.6524
3263.0000,49.6354,0.0000,19.7252,1.6420
3263.1000,49.6514,0.0000,19.5425,1.6320
3263.2000,49.6667,0.0000,19.4209,1.6255
3263.3000,49.6817,0.0000,19.3050,1.6192
3263.4000,49.6960,0.0000,19.1412,1.6103
3263.5000,49.7097,0.0000,18.9847,1.6018
3263.6000,49.7227,0.0000,18.8351,1.5936
3263.7000,49.7352,0.0000,18.6921,1.5858
3263.8000,49.7471,0.0000,18.5556,1.5783
3263.9000,49.7585,0.0000,18.4251,1.5712
3264.0000,49.7694,0.0000,18.3004,1.5644
3264.1000,49.7797,0.0000,18.1813,1.5579
3264.2000,49.7897,0.0000,17.9433,1.5448
3264.3000,49.7982,0.0000,17.6246,1.5271
3264.4000,49.8056,0.0000,17.2453,1.5060
3264.5000,49.8112,0.0000,16.7619,1.4791
3264.6000,49.8150,0.0000,16.2115,1.4483
3264.7000,49.8164,0.0000,15.4925,1.4080
3264.8000,49.8147,0.0000,14.8281,1.3706
3264.9000,49.8111,0.0000,14.4676,1.3503
3265.0000,49.8067,0.0000,14.2054,1.3355
3265.1000,49.8011,0.0000,14.0564,1.3270
3265.2000,49.7956,0.0000,14.1108,1.3300
3265.3000,49.7905,0.0000,13.9898,1.3231
3265.4000,49.7841,0.0000,13.7422,1.3091
3265.5000,49.7771,0.0000,13.5755,1.2996
3265.6000,49.7694,0.0000,13.3327,1.2858
3265.7000,49.7606,0.0000,13.3663,1.2876
3265.8000,49.7533,0.0000,13.7526,1.3093
3265.9000,49.7474,0.0000,14.0290,1.3248
3266.0000,49.7422,0.0000,14.2294,1.3361
3266.1000,49.7379,0.0000,14.4962,1.3511
3266.2000,49.7347,0.0000,14.6858,1.3617
3266.3000,49.7319,0.0000,14.7384,1.3646
3266.4000,49.7291,0.0000,14.9445,1.3762
3266.5000,49.7278,0.0000,15.3251,1.3975
3266.6000,49.7280,0.0000,15.5468,1.4100
3266.7000,49.7284,0.0000,15.5363,1.4094
3266.8000,49.7284,0.0000,15.5939,1.4126
3266.9000,49.7293,0.0000,15.6250,1.4144
3267.0000,49.7296,0.0000,15.5673,1.4112
3267.1000,49.7300,0.0000,15.3941,1.4014
3267.2000,49.7289,0.0000,15.0824,1.3839
3267.3000,49.7270,0.0000,14.7550,1.3655
3267.4000,49.7235,0.0000,14.1659,1.3323
3267.5000,49.7171,0.0000,13.2752,1.2819
3267.6000,49.7068,0.0000,12.6948,1.2490
3267.7000,49.6961,0.0000,12.6934,1.2488
3267.8000,49.6858,0.0000,12.6978,1.2489
3267.9000,49.6751,0.0000,12.5413,1.2400
3268.0000,49.6638,0.0000,12.4383,1.2340
3268.1000,49.6523,0.0000,12.3198,1.2271
3268.2000,49.6401,0.0000,11.8720,1.2016
3268.3000,49.6253,0.0000,11.2060,1.1636
3268.4000,49.6081,0.0000,10.4967,1.1231
3268.5000,49.5880,0.0000,9.7792,1.0819
3268.6000,49.5654,0.0000,9.0539,1.0402
3268.7000,49.5398,0.0000,8.1294,0.9870
3268.8000,49.5103,0.0000,7.1171,0.8885
3268.9000,49.4771,0.0000,6.4543,0.8424
3269.0000,49.4426,0.0000,6.0053,0.8112
3269.1000,49.4061,0.0000,5.7363,0.7925
3269.2000,49.3696,0.0000,5.9464,0.8067
3269.3000,49.3349,0.0000,6.4349,0.8402
3269.4000,49.3023,0.0000,7.1041,0.8865
3269.5000,49.2727,0.0000,8.0070,0.9496
3269.6000,49.2471,0.0000,8.9155,1.0138
3269.7000,49.2247,0.0000,9.7153,1.0709
3269.8000,49.2053,0.0000,10.4181,1.1215
3269.9000,49.1883,0.0000,10.9762,1.1619
3270.0000,49.1733,0.0000,11.2135,1.1791
3270.1000,49.1581,0.0000,11.0550,1.1675
3270.2000,49.1420,0.0000,10.6779,1.1401
3270.3000,49.1240,0.0000,10.2952,1.1123
3270.4000,49.1050,0.0000,9.9027,1.0839
3270.5000,49.0840,0.0000,9.6886,1.0684
3270.6000,49.0634,0.0000,9.5146,1.0559
3270.7000,49.0413,0.0000,9.2566,1.0373
3270.8000,49.0187,0.0000,9.3438,1.0434
3270.9000,48.9973,0.0000,9.8236,1.0778
3271.0000,48.9786,0.0000,10.3849,1.1183
3271.1000,48.9616,0.0000,11.2386,1.1804
3271.2000,48.9495,0.0000,12.3489,1.2207
3271.3000,48.9411,0.0000,13.1256,1.2645
3271.4000,48.9350,0.0000,13.5672,1.2894
3271.5000,48.9300,0.0000,13.7662,1.3005
3271.6000,48.9255,0.0000,13.6911,1.2962
3271.7000,48.9200,0.0000,13.3818,1.2787
3271.8000,48.9131,0.0000,13.1411,1.2651
3271.9000,48.9058,0.0000,12.9703,1.2553
3272.0000,48.8976,0.0000,13.1840,1.2673
3272.1000,48.8919,0.0000,13.8065,1.3024
3272.2000,48.8886,0.0000,14.5419,1.3437
3272.3000,48.8886,0.0000,15.5094,1.3981
3272.4000,48.8928,0.0000,16.5963,1.4590
3272.5000,48.9012,0.0000,17.4585,1.5072
3272.6000,48.9119,0.0000,17.9331,1.5338
3272.7000,48.9240,0.0000,18.3334,1.5562
3272.8000,48.9377,0.0000,18.4294,1.5617
3272.9000,48.9504,0.0000,18.1378,1.5456
3273.0000,48.9619,0.0000,17.6124,1.5165
3273.1000,48.9705,0.0000,17.1646,1.4916
3273.2000,48.9785,0.0000,16.9880,1.4819
3273.3000,48.9856,0.0000,16.7130,1.4666
3273.4000,48.9914,0.0000,16.2167,1.4389
3273.5000,48.9948,0.0000,15.7474,1.4127
3273.6000,48.9970,0.0000,15.2217,1.3832
3273.7000,48.9962,0.0000,14.4116,1.3376
3273.8000,48.9922,0.0000,13.7276,1.2991
3273.9000,48.9862,0.0000,1.8565,0.5330
3274.0000,48.8906,0.0000,-21.3867,0.0000
3274.1000,48.7053,0.0000,-44.4012,0.0000
3274.2000,48.4312,0.0000,-67.0283,0.0000
3274.3000,48.0681,0.0000,-89.2110,0.0000
3274.4000,47.6165,0.0000,-99.6621,0.0000
3274.5000,47.1649,0.0000,-98.8388,0.0000
3274.6000,46.7133,0.0000,-98.0120,0.0000
3274.7000,46.2617,0.0000,-97.1818,0.0000
3274.8000,45.8101,0.0000,-96.3482,0.0000
3274.9000,45.3585,0.0000,-95.5111,0.0000
3275.0000,44.9069,0.0000,-94.6708,0.0000
3275.1000,44.4553,0.0000,-93.8270,0.0000
3275.2000,44.0037,0.0000,-92.9801,0.0000
3275.3000,43.5521,0.0000,-92.1298,0.0000
3275.4000,43.1005,0.0000,-91.2764,0.0000
3275.5000,42.6489,0.0000,-90.4197,0.0000
3275.6000,42.1973,0.0000,-89.5599,0.0000
3275.7000,41.7457,0.0000,-88.6970,0.0000
3275.8000,41.2941,0.0000,-87.8310,0.0000
3275.9000,40.8425,0.0000,-86.9620,0.0000
3276.0000,40.3909,0.0000,-86.0899,0.0000
3276.1000,39.9393,0.0000,-85.2149,0.0000
3276.2000,39.4877,0.0000,-84.3369,0.0000
3276.3000,39.0361,0.0000,-83.4559,0.0000
3276.4000,38.5845,0.0000,-82.5721,0.0000
3276.5000,38.1329,0.0000,-81.6855,0.0000
3276.6000,37.6813,0.0000,-80.7960,0.0000
3276.7000,37.2297,0.0000,-79.9037,0.0000
3276.8000,36.7781,0.0000,-79.0087,0.0000
3276.9000,36.3266,0.0000,-78.1110,0.0000
3277.0000,35.8750,0.0000,-77.2106,0.0000
3277.1000,35.4234,0.0000,-76.3075,0.0000
3277.2000,34.9718,0.0000,-75.4019,0.0000
3277.3000,34.5202,0.0000,-74.4936,0.0000
3277.4000,34.0686,0.0000,-73.5828,0.0000
3277.5000,33.6170,0.0000,-72.6695,0.0000
3277.6000,33.1654,0.0000,-71.7536,0.0000
3277.7000,32.7138,0.0000,-70.8354,0.0000
3277.8000,32.2622,0.0000,-69.9147,0.0000
3277.9000,31.8106,0.0000,-68.9916,0.0000
3278.0000,31.3590,0.0000,-68.0662,0.0000
3278.1000,30.9074,0.0000,-67.1385,0.0000
3278.2000,30.4558,0.0000,-66.2085,0.0000
3278.3000,30.0042,0.0000,-65.2762,0.0000
3278.4000,29.5526,0.0000,-64.3417,0.0000
3278.5000,29.1010,0.0000,-63.4050,0.0000
3278.6000,28.6494,0.0000,-62.4662,0.0000
3278.7000,28.1978,0.0000,-61.5253,0.0000
3278.8000,27.7462,0.0000,-60.5823,0.0000
3278.9000,27.2946,0.0000,-59.6372,0.0000
3279.0000,26.8430,0.0000,-58.6901,0.0000
3279.1000,26.3914,0.0000,-57.7410,0.0000
3279.2000,25.9398,0.0000,-56.7900,0.0000
3279.3000,25.4882,0.0000,-55.8371,0.0000
3279.4000,25.0366,0.0000,-54.8822,0.0000
3279.5000,24.5850,0.0000,-53.9256,0.0000
3279.6000,24.1334,0.0000,-52.9671,0.0000
3279.7000,23.6818,0.0000,-52.0068,0.0000
3279.8000,23.2302,0.0000,-51.0448,0.0000
3279.9000,22.7786,0.0000,-50.0811,0.0000
3280.0000,22.3270,0.0000,-49.1156,0.0000
3280.1000,21.8754,0.0000,-48.1486,0.0000
3280.2000,21.4238,0.0000,-47.1799,0.0000
3280.3000,20.9722,0.0000,-46.2096,0.0000
3280.4000,20.5206,0.0000,-45.2378,0.0000
3280.5000,20.0690,0.0000,-44.2644,0.0000
3280.6000,19.6174,0.0000,-43.2896,0.2778
3280.7000,19.1658,0.0000,-42.3134,0.2778
3280.8000,18.7142,0.0000,-41.3357,0.2778
3280.9000,18.2626,0.0000,-40.3566,0.2778
3281.0000,17.8110,0.0000,-39.3762,0.2778
3281.1000,17.3594,0.0000,-38.3945,0.2778
3281.2000,16.9078,0.0000,-37.4114,0.2778
3281.3000,16.4562,0.0000,-36.4272,0.2778
3281.4000,16.0046,0.0000,-35.4417,0.2778
3281.5000,15.5530,0.0000,-34.4550,0.2778
3281.6000,15.1014,0.0000,-33.4672,0.2778
3281.7000,14.6498,0.0000,-32.4783,0.2778
3281.8000,14.1982,0.0000,-31.4883,0.2778
3281.9000,13.7466,0.0000,-30.4972,0.2778
3282.0000,13.2950,0.0000,-29.5051,0.2778
3282.1000,12.8434,0.0000,-28.5121,0.2778
3282.2000,12.3918,0.0000,-27.5181,0.2778
3282.3000,11.9402,0.0000,-26.5232,0.2778
3282.4000,11.4886,0.0000,-25.5273,0.2778
3282.5000,11.0370,0.0000,-24.5307,0.2778
3282.6000,10.5854,0.0000,-23.5332,0.2778
3282.7000,10.1339,0.0000,-22.5350,0.2778
3282.8000,9.6823,0.0000,-21.5360,0.2778
3282.9000,9.2307,0.0000,-20.5362,0.2778
3283.0000,8.7791,0.0000,-19.5359,0.2778
3283.1000,8.3275,0.0000,-18.5348,0.2778
3283.2000,7.8759,0.0000,-17.5331,0.2778
3283.3000,7.4243,0.0000,-16.5309,0.2778
3283.4000,6.9727,0.0000,-15.6381,0.2778
3283.5000,6.5151,0.0000,-14.8200,0.2778
3283.6000,6.0516,0.0000,-13.8750,0.2778
3283.7000,5.5873,0.0000,-12.7139,0.2778
3283.8000,5.1305,0.0000,-11.3746,0.2778
3283.9000,4.6884,0.0000,-9.8711,0.2778
3284.0000,4.2738,0.0000,-8.3079,0.2778
3284.1000,3.8928,0.0000,-6.8714,0.2778
3284.2000,3.5458,0.0000,-5.6500,0.2778
3284.3000,3.2297,0.0000,-4.6411,0.2778
3284.4000,2.9418,0.0000,-3.8082,0.2778
3284.5000,2.6795,0.0000,-3.1209,0.2778
3284.6000,2.4406,0.0000,-2.5542,0.2778
3284.7000,2.2231,0.0000,-2.0871,0.2778
3284.8000,2.0249,0.0000,-1.7024,0.2778
3284.9000,1.8444,0.0000,-1.3858,0.2778
3285.0000,1.6799,0.0000,-1.1255,0.2778
3285.1000,1.5302,0.0000,-0.9117,0.2778
3285.2000,1.3938,0.0000,-0.7363,0.2778
3285.3000,1.2695,0.0000,-0.5926,0.2778
3285.4000,1.1563,0.0000,-0.4750,0.2778
3285.5000,1.0533,0.0000,-0.3789,0.2778
3285.6000,0.9594,0.0000,-0.3005,0.2778
3285.7000,0.8738,0.0000,-0.2367,0.2778
3285.8000,0.7959,0.0000,-0.1849,0.2778
3285.9000,0.7250,0.0000,-0.1429,0.2778
3286.0000,0.6604,0.0000,-0.1091,0.2778
3286.1000,0.6015,0.0000,-0.0818,0.2778
3286.2000,0.5479,0.0000,-0.0600,0.2778
3286.3000,0.4990,0.0000,-0.0425,0.2778
3286.4000,0.4545,0.0000,-0.0287,0.2778
3286.5000,0.4140,0.0000,-0.0179,0.2778
3286.6000,0.3771,0.0000,-0.0094,0.2778
3286.7000,0.3435,0.0000,-0.0028,0.2778
3286.8000,0.3129,0.0000,0.0022,0.2778
3286.9000,0.2850,0.0000,0.0059,0.2778
3287.0000,0.2596,0.0000,0.0086,0.2778
3287.1000,0.2364,0.0000,0.0106,0.2778
3287.2000,0.2154,0.0000,-0.1000,0.2778
3287.3000,0.0000,0.0000,-0.0000,0.2778
3287.4000,0.0000,0.0000,0.0000,0.2778
3287.5000,0.0000,0.0000,0.0000,0.2778
3287.6000,0.0000,0.0000,0.0000,0.2778
3287.7000,0.0000,0.0000,0.0000,0.2778
3287.8000,0.0000,0.0000,0.0000,0.2778
3287.9000,0.0000,0.0000,0.0000,0.2778
3288.0000,0.0000,0.0000,0.0000,0.2778
3288.1000,0.0000,0.0000,0.0000,0.2778
3288.2000,0.0000,0.0000,0.0000,0.2778
3288.3000,0.0000,0.0000,0.0000,0.2778
3288.4000,0.0000,0.0000,0.0000,0.2778
3288.5000,0.0000,0.0000,0.0000,0.2778
3288.6000,0.0000,0.0000,0.0000,0.2778
3288.7000,0.0000,0.0000,0.0000,0.2778
3288.8000,0.0000,0.0000,0.0000,0.2778
3288.9000,0.0000,0.0000,0.0000,0.2778
3289.0000,0.0000,0.0000,0.0000,0.2778
3289.1000,0.0000,0.0000,0.0000,0.2778
3289.2000,0.0000,0.0000,0.0000,0.2778
3289.3000,0.0000,0.0000,0.0000,0.2778
3289.4000,0.0000,0.0000,0.0000,0.2778
3289.5000,0.0000,0.0000,0.0000,0.2778
3289.6000,0.0000,0.0000,0.0000,0.2778
3289.7000,0.0000,0.0000,0.0000,0.2778
3289.8000,0.0000,0.0000,0.0000,0.2778
3289.9000,0.0000,0.0000,0.0000,0.2778
3290.0000,0.0000,0.0000,0.0000,0.2778
3290.1000,0.0000,0.0000,0.0000,0.2778
3290.2000,0.0000,0.0000,0.0000,0.2778
3290.3000,0.0000,0.0000,0.0000,0.2778
3290.4000,0.0000,0.0000,0.0000,0.2778
3290.5000,0.0000,0.0000,0.0000,0.2778
3290.6000,0.0000,0.0000,0.0000,0.2778
3290.7000,0.0000,0.0000,0.0000,0.2778
3290.8000,0.0000,0.0000,0.0000,0.2778
3290.9000,0.0000,0.0000,0.0000,0.2778
3291.0000,0.0000,0.0000,0.0000,0.2778
3291.1000,0.0000,0.0000,0.0000,0.2778
3291.2000,0.0000,0.0000,0.0000,0.2778
3291.3000,0.0000,0.0000,0.0000,0.2778
3291.4000,0.0000,0.0000,0.0000,0.2778
3291.5000,0.0000,0.0000,0.0000,0.2778
3291.6000,0.0000,0.0000,0.0000,0.2778
3291.7000,0.0000,0.0000,0.0000,0.2778
3291.8000,0.0000,0.0000,0.0000,0.2778
3291.9000,0.0000,0.0000,0.0000,0.2778
3292.0000,0.0000,0.0000,0.0000,0.2778
3292.1000,0.0000,0.0000,0.0000,0.2778
3292.2000,0.0000,0.0000,0.0000,0.2778
3292.3000,0.0000,0.0000,0.0000,0.2778
3292.4000,0.0000,0.0000,0.0000,0.2778
3292.5000,0.0000,0.0000,0.0000,0.2778
3292.6000,0.0000,0.0000,0.0000,0.2778
3292.7000,0.0000,0.0000,0.0000,0.2778
3292.8000,0.0000,0.0000,0.0000,0.2778
3292.9000,0.0000,0.0000,0.0000,0.2778
3293.0000,0.0000,0.0000,0.0000,0.2778
3293.1000,0.0000,0.0000,0.0000,0.2778
3293.2000,0.0000,0.0000,0.0000,0.2778
3293.3000,0.0000,0.0000,0.0000,0.2778
3293.4000,0.0000,0.0000,0.0000,0.2778
3293.5000,0.0000,0.0000,0.0000,0.2778
3293.6000,0.0000,0.0000,0.0000,0.2778
3293.7000,0.0000,0.0000,0.0000,0.2778
3293.8000,0.0000,0.0000,0.0000,0.2778
3293.9000,0.0000,0.0000,0.0000,0.2778
3294.0000,0.0000,0.0000,0.0000,0.2778
3294.1000,0.0000,0.0000,0.0000,0.2778
3294.2000,0.0000,0.0000,0.0000,0.2778
3294.3000,0.0000,0.0000,0.0000,0.2778
3294.4000,0.0000,0.0000,0.0000,0.2778
3294.5000,0.0000,0.0000,0.0000,0.2778
3294.6000,0.0000,0.0000,0.0000,0.2778
3294.7000,0.0000,0.0000,0.0000,0.2778
3294.8000,0.0000,0.0000,0.0000,0.2778
3294.9000,0.0000,0.0000,0.0000,0.2778
3295.0000,0.0000,0.0000,0.0000,0.2778
3295.1000,0.0000,0.0000,0.0000,0.2778
3295.2000,0.0000,0.0000,0.0000,0.2778
3295.3000,0.0000,0.0000,0.0000,0.2778
3295.4000,0.0000,0.0000,0.0000,0.2778
3295.5000,0.0000,0.0000,0.0000,0.2778
3295.6000,0.0000,0.0000,0.0000,0.2778
3295.7000,0.0000,0.0000,0.0000,0.2778
3295.8000,0.0000,0.0000,0.0000,0.2778
3295.9000,0.0000,0.0000,0.0000,0.2778
3296.0000,0.0000,0.0000,0.0000,0.2778
3296.1000,0.0000,0.0000,0.0000,0.2778
3296.2000,0.0000,0.0000,0.0000,0.2778
3296.3000,0.0000,0.0000,0.0000,0.2778
3296.4000,0.0000,0.0000,0.0000,0.2778
3296.5000,0.0000,0.0000,0.0000,0.2778
3296.6000,0.0000,0.0000,0.0000,0.2778
3296.7000,0.0000,0.0000,0.0000,0.2778
3296.8000,0.0000,0.0000,0.0000,0.2778
3296.9000,0.0000,0.0000,0.0000,0.2778
3297.0000,0.0000,0.0000,0.0000,0.2778
3297.1000,0.0000,0.0000,0.0000,0.2778
3297.2000,0.0000,0.0000,0.0000,0.2778
3297.3000,0.0000,0.0000,0.0000,0.2778
3297.4000,0.0000,0.0000,0.0000,0.2778
3297.5000,0.0000,0.0000,0.0000,0.2778
3297.6000,0.0000,0.0000,0.0000,0.2778
3297.7000,0.0000,0.0000,0.0000,0.2778
3297.8000,0.0000,0.0000,0.0000,0.2778
3297.9000,0.0000,0.0000,0.0000,0.2778
3298.0000,0.0000,0.0000,0.0000,0.2778
3298.1000,0.0000,0.0000,0.0000,0.2778
3298.2000,0.0000,0.0000,0.0000,0.2778
3298.3000,0.0000,0.0000,0.0000,0.2778
3298.4000,0.0000,0.0000,0.0000,0.2778
3298.5000,0.0000,0.0000,0.0000,0.2778
3298.6000,0.0000,0.0000,0.0000,0.2778
3298.7000,0.0000,0.0000,0.0000,0.2778
3298.8000,0.0000,0.0000,0.0000,0.2778
3298.9000,0.0000,0.0000,0.0000,0.2778
3299.0000,0.0000,0.0000,0.0000,0.2778
3299.1000,0.0000,0.0000,0.0000,0.2778
3299.2000,0.0000,0.0000,0.0000,0.2778
3299.3000,0.0000,0.0000,0.0000,0.2778
3299.4000,0.0000,0.0000,0.0000,0.2778
3299.5000,0.0000,0.0000,0.0000,0.2778
3299.6000,0.0000,0.0000,0.0000,0.2778
3299.7000,0.0000,0.0000,0.0000,0.2778
3299.8000,0.0000,0.0000,0.0000,0.2778
3299.9000,0.0000,0.0000,0.0000,0.2778
