t_s,v_kmh,grade_pct,P_wheel_kW,fuel_g_per_s
2400.0000,0.0000,0.0000,0.0000,0.2778
2400.1000,0.0000,0.0000,0.0000,0.2778
2400.2000,0.0000,0.0000,0.0000,0.2778
2400.3000,0.0000,0.0000,0.0000,0.2778
2400.4000,0.0000,0.0000,0.0000,0.2778
2400.5000,0.0000,0.0000,0.0000,0.2778
2400.6000,0.0000,0.0000,0.0000,0.2778
2400.7000,0.0000,0.0000,0.0000,0.2778
2400.8000,0.0000,0.0000,0.0000,0.2778
2400.9000,0.0000,0.0000,0.0000,0.2778
2401.0000,0.0000,0.0000,0.0000,0.2778
2401.1000,0.0000,0.0000,0.0000,0.2778
2401.2000,0.0000,0.0000,0.0000,0.2778
2401.3000,0.0000,0.0000,0.0000,0.2778
2401.4000,0.0000,0.0000,0.0000,0.2778
2401.5000,0.0000,0.0000,0.0000,0.2778
2401.6000,0.0000,0.0000,0.0000,0.2778
2401.7000,0.0000,0.0000,0.0000,0.2778
2401.8000,0.0000,0.0000,0.0000,0.2778
2401.9000,0.0000,0.0000,0.0000,0.2778
2402.0000,0.0000,0.0000,0.0000,0.2778
2402.1000,0.0000,0.0000,0.0000,0.2778
2402.2000,0.0000,0.0000,0.0000,0.2778
2402.3000,0.0000,0.0000,0.0000,0.2778
2402.4000,0.0000,0.0000,0.0000,0.2778
2402.5000,0.0000,0.0000,0.0000,0.2778
2402.6000,0.0000,0.0000,0.0000,0.2778
2402.7000,0.0000,0.0000,0.0000,0.2778
2402.8000,0.0000,0.0000,0.0000,0.2778
2402.9000,0.0000,0.0000,0.0000,0.2778
2403.0000,0.0000,0.0000,0.0000,0.2778
2403.1000,0.0000,0.0000,0.0000,0.2778
2403.2000,0.0000,0.0000,0.0000,0.2778
2403.3000,0.0000,0.0000,0.0000,0.2778
2403.4000,0.0000,0.0000,0.0000,0.2778
2403.5000,0.0000,0.0000,0.0000,0.2778
2403.6000,0.0000,0.0000,0.0000,0.2778
2403.7000,0.0000,0.0000,0.0000,0.2778
2403.8000,0.0000,0.0000,0.0000,0.2778
2403.9000,0.0000,0.0000,0.0000,0.2778
2404.0000,0.0000,0.0000,0.0000,0.2778
2404.1000,0.0000,0.0000,0.0000,0.2778
2404.2000,0.0000,0.0000,0.0000,0.2778
2404.3000,0.0000,0.0000,0.0000,0.2778
2404.4000,0.0000,0.0000,0.0000,0.2778
2404.5000,0.0000,0.0000,0.0000,0.2778
2404.6000,0.0000,0.0000,0.0000,0.2778
2404.7000,0.0000,0.0000,0.0000,0.2778
2404.8000,0.0000,0.0000,0.0000,0.2778
2404.9000,0.0000,0.0000,0.0000,0.2778
2405.0000,0.0000,0.0000,0.0000,0.2778
2405.1000,0.0000,0.0000,0.0000,0.2778
2405.2000,0.0000,0.0000,0.0000,0.2778
2405.3000,0.0000,0.0000,0.0000,0.2778
2405.4000,0.0000,0.0000,0.0000,0.2778
2405.5000,0.0000,0.0000,0.0000,0.2778
2405.6000,0.0000,0.0000,0.0000,0.2778
2405.7000,0.0000,0.0000,0.0000,0.2778
2405.8000,0.0000,0.0000,0.0000,0.2778
2405.9000,0.0000,0.0000,0.0000,0.2778
2406.0000,0.0000,0.0000,0.0000,0.2778
2406.1000,0.0000,0.0000,0.0000,0.2778
2406.2000,0.0000,0.0000,0.0000,0.2778
2406.3000,0.0000,0.0000,0.0000,0.2778
2406.4000,0.0000,0.0000,0.0000,0.2778
2406.5000,0.0000,0.0000,0.0000,0.2778
2406.6000,0.0000,0.0000,0.0000,0.2778
2406.7000,0.0000,0.0000,0.0000,0.2778
2406.8000,0.0000,0.0000,0.0000,0.2778
2406.9000,0.0000,0.0000,0.0000,0.2778
2407.0000,0.0000,0.0000,0.0000,0.2778
2407.1000,0.0000,0.0000,0.0000,0.2778
2407.2000,0.0000,0.0000,0.0000,0.2778
2407.3000,0.2299,0.0000,0.3171,0.2778
2407.4000,0.4598,0.0000,0.7275,0.2778
2407.5000,0.7663,0.0000,1.5235,0.6919
2407.6000,1.1494,0.0000,2.5186,0.7926
2407.7000,1.5326,0.0000,3.3581,0.8272
2407.8000,1.9157,0.0000,4.1977,0.8637
2407.9000,2.2988,0.0000,5.0372,0.9011
2408.0000,2.6819,0.0000,5.8767,0.9402
2408.1000,3.0650,0.0000,6.7161,0.9806
2408.2000,3.4480,0.0000,7.5552,1.0232
2408.3000,3.8310,0.0000,8.3942,1.0667
2408.4000,4.2140,0.0000,9.2328,1.1113
2408.5000,4.5969,0.0000,10.0709,1.1587
2408.6000,4.9797,0.0000,10.9086,1.2090
2408.7000,5.3624,0.0000,11.7455,1.2612
2408.8000,5.7450,0.0000,12.5817,1.3154
2408.9000,6.1275,0.0000,13.4170,1.3708
2409.0000,6.5099,0.0000,14.2512,1.4269
2409.1000,6.8921,0.0000,15.0842,1.4837
2409.2000,7.2742,0.0000,15.9158,1.5412
2409.3000,7.6560,0.0000,16.7458,1.5991
2409.4000,8.0377,0.0000,17.5740,1.6577
2409.5000,8.4191,0.0000,18.4002,1.7167
2409.6000,8.8002,0.0000,19.2242,1.7760
2409.7000,9.1811,0.0000,20.0458,1.8358
2409.8000,9.5617,0.0000,20.8648,1.8963
2409.9000,9.9419,0.0000,21.6808,1.9574
2410.0000,10.3218,0.0000,22.4937,2.0191
2410.1000,10.7013,0.0000,23.3031,2.0808
2410.2000,11.0804,0.0000,24.1089,2.1433
2410.3000,11.4590,0.0000,24.9107,2.2065
2410.4000,11.8372,0.0000,25.7082,2.2705
2410.5000,12.2148,0.0000,26.5012,2.3352
2410.6000,12.5919,0.0000,27.2893,2.4003
2410.7000,12.9685,0.0000,28.0723,2.4662
2410.8000,13.3444,0.0000,28.8497,2.5328
2410.9000,13.7197,0.0000,29.6214,2.6002
2411.0000,14.0943,0.0000,30.3869,2.6681
2411.1000,14.4682,0.0000,31.1460,2.7365
2411.2000,14.8413,0.0000,31.8983,2.8062
2411.3000,15.2136,0.0000,32.6434,2.8774
2411.4000,15.5851,0.0000,33.3810,2.9494
2411.5000,15.9558,0.0000,34.1108,3.0217
2411.6000,16.3255,0.0000,34.8325,2.9973
2411.7000,16.6943,0.0000,35.5455,3.0398
2411.8000,17.0621,0.0000,36.2497,3.0819
2411.9000,17.4288,0.0000,36.9446,3.1238
2412.0000,17.7945,0.0000,37.6300,3.1654
2412.1000,18.1590,0.0000,38.3053,3.2066
2412.2000,18.5224,0.0000,38.9704,3.2470
2412.3000,18.8846,0.0000,39.6248,3.2855
2412.4000,19.2455,0.0000,40.2682,3.3237
2412.5000,19.6051,0.0000,40.9003,3.3614
2412.6000,19.9634,0.0000,41.5207,3.3986
2412.7000,20.3203,0.0000,42.1290,2.9054
2412.8000,20.6758,0.0000,42.7251,2.9485
2412.9000,21.0298,0.0000,43.3084,2.9910
2413.0000,21.3822,0.0000,43.8788,3.0329
2413.1000,21.7331,0.0000,44.4359,3.0742
2413.2000,22.0824,0.0000,44.9794,3.1149
2413.3000,22.4301,0.0000,45.5090,3.1550
2413.4000,22.7760,0.0000,46.0244,3.1945
2413.5000,23.1202,0.0000,46.5254,3.2333
2413.6000,23.4626,0.0000,47.0118,3.2714
2413.7000,23.8032,0.0000,47.4832,3.3088
2413.8000,24.1418,0.0000,47.9394,3.3456
2413.9000,24.4786,0.0000,48.3803,3.3816
2414.0000,24.8134,0.0000,48.8055,3.4169
2414.1000,25.1462,0.0000,49.2149,3.2227
2414.2000,25.4769,0.0000,49.6084,3.2495
2414.3000,25.8056,0.0000,49.9857,3.2755
2414.4000,26.1321,0.0000,50.3466,3.3005
2414.5000,26.4564,0.0000,50.6912,3.3247
2414.6000,26.7785,0.0000,51.0192,3.3479
2414.7000,27.0984,0.0000,51.3305,3.3703
2414.8000,27.4160,0.0000,51.6251,3.3917
2414.9000,27.7312,0.0000,51.9028,3.4123
2415.0000,28.0441,0.0000,52.1345,3.4303
2415.1000,28.3541,0.0000,52.2646,3.4425
2415.2000,28.6607,0.0000,52.2677,3.4476
2415.3000,28.9629,0.0000,52.1461,3.4457
2415.4000,29.2603,0.0000,51.9025,3.4369
2415.5000,29.5521,0.0000,51.5702,3.4231
2415.6000,29.8382,0.0000,51.2103,3.4077
2415.7000,30.1188,0.0000,50.8520,3.3923
2415.8000,30.3940,0.0000,50.4954,3.3771
2415.9000,30.6640,0.0000,50.1405,3.3619
2416.0000,30.9289,0.0000,49.7873,3.3468
2416.1000,31.1889,0.0000,49.4359,3.3318
2416.2000,31.4442,0.0000,49.0865,3.3168
2416.3000,31.6947,0.0000,48.7390,3.3020
2416.4000,31.9408,0.0000,48.3934,3.2872
2416.5000,32.1825,0.0000,48.0500,3.2725
2416.6000,32.4199,0.0000,47.7086,3.2579
2416.7000,32.6531,0.0000,47.3693,3.2434
2416.8000,32.8823,0.0000,47.0322,3.2290
2416.9000,33.1074,0.0000,46.6974,3.2147
2417.0000,33.3288,0.0000,46.3647,3.2005
2417.1000,33.5463,0.0000,46.0344,3.1864
2417.2000,33.7602,0.0000,45.7064,2.9849
2417.3000,33.9704,0.0000,45.3808,2.9689
2417.4000,34.1772,0.0000,45.0575,2.9530
2417.5000,34.3805,0.0000,44.7366,2.9372
2417.6000,34.5805,0.0000,44.4181,2.9216
2417.7000,34.7772,0.0000,44.1021,2.9061
2417.8000,34.9707,0.0000,43.7886,2.8907
2417.9000,35.1610,0.0000,43.4776,2.8755
2418.0000,35.3483,0.0000,43.1690,2.8603
2418.1000,35.5326,0.0000,42.8630,2.8453
2418.2000,35.7139,0.0000,42.5595,2.8305
2418.3000,35.8924,0.0000,42.2585,2.8157
2418.4000,36.0680,0.0000,41.5116,2.7761
2418.5000,36.2362,0.0000,40.3563,2.7137
2418.6000,36.3975,0.0000,39.2624,2.6546
2418.7000,36.5522,0.0000,38.1294,2.5933
2418.8000,36.6998,0.0000,36.8925,2.5262
2418.9000,36.8400,0.0000,36.0923,2.4833
2419.0000,36.9777,0.0000,35.5745,2.4561
2419.1000,37.1110,0.0000,34.8817,2.4192
2419.2000,37.2401,0.0000,34.1946,2.3825
2419.3000,37.3649,0.0000,33.3314,2.3360
2419.4000,37.4840,0.0000,32.3411,2.2823
2419.5000,37.5976,0.0000,31.5310,2.2404
2419.6000,37.7073,0.0000,30.7859,2.2031
2419.7000,37.8124,0.0000,29.8719,2.1567
2419.8000,37.9119,0.0000,29.1183,2.1186
2419.9000,38.0085,0.0000,28.4075,2.0825
2420.0000,38.1001,0.0000,27.3659,2.0287
2420.1000,38.1855,0.0000,26.1919,1.9676
2420.2000,38.2647,0.0000,25.2473,1.9184
2420.3000,38.3401,0.0000,24.4650,1.8777
2420.4000,38.4111,0.0000,23.7461,1.8402
2420.5000,38.4788,0.0000,23.1836,1.8110
2420.6000,38.5437,0.0000,22.7566,1.7891
2420.7000,38.6068,0.0000,22.3169,1.7663
2420.8000,38.6669,0.0000,21.8224,1.7406
2420.9000,38.7247,0.0000,21.6696,1.7332
2421.0000,38.7829,0.0000,21.9000,1.7466
2421.1000,38.8425,0.0000,22.0396,1.7551
2421.2000,38.9016,0.0000,21.8744,1.7471
2421.3000,38.9592,0.0000,21.4534,1.7252
2421.4000,39.0138,0.0000,20.5153,1.6752
2421.5000,39.0619,0.0000,19.2422,1.6067
2421.6000,39.1039,0.0000,18.2617,1.5538
2421.7000,39.1423,0.0000,17.7011,1.5237
2421.8000,39.1786,0.0000,17.3753,1.5064
2421.9000,39.2136,0.0000,17.2922,1.5024
2422.0000,39.2489,0.0000,17.2641,1.5015
2422.1000,39.2835,0.0000,16.9699,1.4858
2422.2000,39.3158,0.0000,16.6209,1.4672
2422.3000,39.3468,0.0000,16.5268,1.4625
2422.4000,39.3779,0.0000,16.4880,1.4609
2422.5000,39.4084,0.0000,16.3980,1.4564
2422.6000,39.4385,0.0000,16.3338,1.4533
2422.7000,39.4682,0.0000,16.1855,1.4456
2422.8000,39.4968,0.0000,16.0135,1.4366
2422.9000,39.5246,0.0000,15.9250,1.4322
2423.0000,39.5522,0.0000,15.8055,1.4260
2423.1000,39.5787,0.0000,15.7688,1.4244
2423.2000,39.6058,0.0000,15.9705,1.4360
2423.3000,39.6341,0.0000,16.2056,1.4493
2423.4000,39.6632,0.0000,16.4697,1.4643
2423.5000,39.6939,0.0000,16.8798,1.4874
2423.6000,39.7267,0.0000,17.1402,1.5022
2423.7000,39.7597,0.0000,17.1226,1.5017
2423.8000,39.7922,0.0000,16.9067,1.4904
2423.9000,39.8229,0.0000,16.4821,1.4675
2424.0000,39.8512,0.0000,16.1721,1.4509
2424.1000,39.8788,0.0000,15.9665,1.4400
2424.2000,39.9050,0.0000,15.4625,1.4127
2424.3000,39.9277,0.0000,14.6326,1.3672
2424.4000,39.9459,0.0000,13.6374,1.3124
2424.5000,39.9591,0.0000,12.4596,1.2472
2424.6000,39.9661,0.0000,11.4052,1.1886
2424.7000,39.9693,0.0000,10.7046,1.1495
2424.8000,39.9697,0.0000,10.3899,1.1319
2424.9000,39.9699,0.0000,10.3927,1.1321
2425.0000,39.9703,0.0000,10.5208,1.1392
2425.1000,39.9718,0.0000,10.8616,1.1583
2425.2000,39.9754,0.0000,11.5146,1.1948
2425.3000,39.9830,0.0000,12.1862,1.2323
2425.4000,39.9929,0.0000,12.7044,1.2613
2425.5000,40.0053,0.0000,13.1994,1.2890
2425.6000,40.0199,0.0000,13.5663,1.3096
2425.7000,40.0357,0.0000,13.6034,1.3119
2425.8000,40.0505,0.0000,13.3273,1.2968
2425.9000,40.0637,0.0000,12.9314,1.2750
2426.0000,40.0747,0.0000,12.5597,1.2546
2426.1000,40.0843,0.0000,12.2017,1.2348
2426.2000,40.0919,0.0000,11.9060,1.2184
2426.3000,40.0986,0.0000,11.6987,1.2070
2426.4000,40.1042,0.0000,11.3865,1.1897
2426.5000,40.1080,0.0000,10.9345,1.1645
2426.6000,40.1094,0.0000,10.2995,1.1290
2426.7000,40.1072,0.0000,9.6701,1.0489
2426.8000,40.1026,0.0000,9.2340,1.0145
2426.9000,40.0964,0.0000,9.0326,0.9987
2427.0000,40.0899,0.0000,9.0361,0.9990
2427.1000,40.0837,0.0000,9.2422,1.0152
2427.2000,40.0792,0.0000,9.5047,1.0359
2427.3000,40.0755,0.0000,9.9607,1.0720
2427.4000,40.0753,0.0000,10.6756,1.1289
2427.5000,40.0783,0.0000,11.3009,1.1790
2427.6000,40.0841,0.0000,11.7770,1.2174
2427.7000,40.0915,0.0000,12.2474,1.2554
2427.8000,40.1016,0.0000,12.7082,1.2928
2427.9000,40.1134,0.0000,13.1828,1.2898
2428.0000,40.1279,0.0000,13.7522,1.3216
2428.1000,40.1450,0.0000,14.4126,1.3584
2428.2000,40.1656,0.0000,14.9677,1.3895
2428.3000,40.1878,0.0000,15.1287,1.3987
2428.4000,40.2098,0.0000,15.0658,1.3956
2428.5000,40.2313,0.0000,14.6978,1.3756
2428.6000,40.2498,0.0000,13.8322,1.3280
2428.7000,40.2630,0.0000,12.9198,1.2775
2428.8000,40.2728,0.0000,12.2812,1.2422
2428.9000,40.2800,0.0000,11.6342,1.2062
2429.0000,40.2838,0.0000,11.1244,1.1778
2429.1000,40.2862,0.0000,11.1562,1.1797
2429.2000,40.2902,0.0000,11.4772,1.1976
2429.3000,40.2956,0.0000,11.7032,1.2103
2429.4000,40.3017,0.0000,11.7407,1.2125
2429.5000,40.3075,0.0000,11.6871,1.2096
2429.6000,40.3131,0.0000,11.4017,1.1938
2429.7000,40.3161,0.0000,10.7938,1.1599
2429.8000,40.3160,0.0000,10.1068,1.0835
2429.9000,40.3126,0.0000,9.6909,1.0506
2430.0000,40.3086,0.0000,9.4895,1.0347
2430.1000,40.3033,0.0000,9.3253,1.0218
2430.2000,40.2978,0.0000,9.4459,1.0313
2430.3000,40.2936,0.0000,9.5749,1.0415
2430.4000,40.2894,0.0000,9.3652,1.0249
2430.5000,40.2833,0.0000,8.8927,0.9879
2430.6000,40.2746,0.0000,8.5180,0.9586
2430.7000,40.2650,0.0000,8.2278,0.9360
2430.8000,40.2537,0.0000,8.0712,0.9239
2430.9000,40.2427,0.0000,8.2128,0.9348
2431.0000,40.2327,0.0000,8.6609,0.9697
2431.1000,40.2259,0.0000,9.2289,1.0142
2431.2000,40.2213,0.0000,9.6385,1.0465
2431.3000,40.2184,0.0000,10.1062,1.0835
2431.4000,40.2182,0.0000,10.6837,1.1294
2431.5000,40.2207,0.0000,11.3819,1.1853
2431.6000,40.2270,0.0000,12.0026,1.2353
2431.7000,40.2354,0.0000,12.3800,1.2658
2431.8000,40.2452,0.0000,12.6758,1.2897
2431.9000,40.2562,0.0000,12.9845,1.3148
2432.0000,40.2689,0.0000,13.0717,1.3219
2432.1000,40.2807,0.0000,13.1480,1.3281
2432.2000,40.2940,0.0000,13.5983,1.3157
2432.3000,40.3100,0.0000,14.2560,1.3524
2432.4000,40.3294,0.0000,14.8701,1.3867
2432.5000,40.3510,0.0000,15.5220,1.4230
2432.6000,40.3764,0.0000,16.1791,1.4597
2432.7000,40.4040,0.0000,16.6052,1.4836
2432.8000,40.4333,0.0000,16.8576,1.4979
2432.9000,40.4631,0.0000,16.9862,1.5055
2433.0000,40.4933,0.0000,16.9366,1.5032
2433.1000,40.5225,0.0000,16.9208,1.5028
2433.2000,40.5524,0.0000,16.9579,1.5053
2433.3000,40.5818,0.0000,16.8331,1.4989
2433.4000,40.6104,0.0000,16.8739,1.5016
2433.5000,40.6400,0.0000,17.2833,1.5246
2433.6000,40.6722,0.0000,17.6635,1.5460
2433.7000,40.7051,0.0000,17.8219,1.5553
2433.8000,40.7386,0.0000,18.0247,1.5669
2433.9000,40.7732,0.0000,18.0785,1.5704
2434.0000,40.8070,0.0000,17.7756,1.5544
2434.1000,40.8386,0.0000,17.2694,1.5271
2434.2000,40.8676,0.0000,16.6846,1.4954
2434.3000,40.8936,0.0000,15.9040,1.4528
2434.4000,40.9152,0.0000,15.0054,1.4035
2434.5000,40.9328,0.0000,13.9888,1.3475
2434.6000,40.9449,0.0000,13.0523,1.2957
2434.7000,40.9538,0.0000,12.4962,1.2649
2434.8000,40.9607,0.0000,12.3133,1.2548
2434.9000,40.9679,0.0000,12.5159,1.2662
2435.0000,40.9767,0.0000,12.9799,1.2922
2435.1000,40.9881,0.0000,13.3975,1.3155
2435.2000,41.0007,0.0000,13.6248,1.3284
2435.3000,41.0142,0.0000,13.6495,1.3300
2435.4000,41.0269,0.0000,13.3908,1.3158
2435.5000,41.0379,0.0000,13.1321,1.3016
2435.6000,41.0482,0.0000,13.0316,1.2962
2435.7000,41.0583,0.0000,13.0476,1.2972
2435.8000,41.0686,0.0000,13.0657,1.2984
2435.9000,41.0788,0.0000,12.8502,1.2866
2436.0000,41.0872,0.0000,12.4556,1.2648
2436.1000,41.0937,0.0000,11.9957,1.2392
2436.2000,41.0978,0.0000,11.5422,1.2140
2436.3000,41.1001,0.0000,11.1612,1.1928
2436.4000,41.1007,0.0000,10.9862,1.1830
2436.5000,41.1014,0.0000,10.8859,1.1774
2436.6000,41.1010,0.0000,10.7286,1.1324
2436.7000,41.1003,0.0000,10.5434,1.1178
2436.8000,41.0983,0.0000,10.3777,1.1047
2436.9000,41.0960,0.0000,10.5688,1.1198
2437.0000,41.0957,0.0000,11.1770,1.1678
2437.1000,41.0991,0.0000,11.8904,1.2245
2437.2000,41.1054,0.0000,12.5774,1.2795
2437.3000,41.1150,0.0000,13.2511,1.3337
2437.4000,41.1274,0.0000,13.5824,1.3605
2437.5000,41.1400,0.0000,13.5492,1.3578
2437.6000,41.1520,0.0000,13.4539,1.3500
2437.7000,41.1637,0.0000,13.3466,1.3413
2437.8000,41.1747,0.0000,13.3149,1.3387
2437.9000,41.1860,0.0000,13.4902,1.3528
2438.0000,41.1986,0.0000,13.9350,1.3888
2438.1000,41.2139,0.0000,14.5809,1.3848
2438.2000,41.2323,0.0000,15.2919,1.4244
2438.3000,41.2541,0.0000,16.1591,1.4727
2438.4000,41.2803,0.0000,16.8811,1.5129
2438.5000,41.3085,0.0000,17.1624,1.5288
2438.6000,41.3372,0.0000,17.2720,1.5353
2438.7000,41.3662,0.0000,17.3960,1.5426
2438.8000,41.3958,0.0000,17.2211,1.5335
2438.9000,41.4231,0.0000,16.8481,1.5134
2439.0000,41.4492,0.0000,16.4288,1.4907
2439.1000,41.4725,0.0000,15.7514,1.4537
2439.2000,41.4922,0.0000,14.7366,1.3979
2439.3000,41.5062,0.0000,13.6508,1.3379
2439.4000,41.5160,0.0000,12.7814,1.2898
2439.5000,41.5221,0.0000,12.0157,1.2472
2439.6000,41.5249,0.0000,11.5276,1.2200
2439.7000,41.5264,0.0000,11.4564,1.2161
2439.8000,41.5286,0.0000,11.4007,1.2130
2439.9000,41.5297,0.0000,11.2305,1.2035
2440.0000,41.5303,0.0000,11.1892,1.2012
2440.1000,41.5309,0.0000,10.8596,1.1425
2440.2000,41.5286,0.0000,10.2082,1.0914
2440.3000,41.5233,0.0000,9.8536,1.0638
2440.4000,41.5177,0.0000,9.5483,1.0400
2440.5000,41.5097,0.0000,9.0360,1.0003
2440.6000,41.4995,0.0000,8.8238,0.9839
2440.7000,41.4896,0.0000,8.9158,0.9910
2440.8000,41.4803,0.0000,8.9620,0.9945
2440.9000,41.4709,0.0000,9.0941,1.0047
2441.0000,41.4627,0.0000,9.5530,1.0403
2441.1000,41.4575,0.0000,10.1009,1.0830
2441.2000,41.4544,0.0000,10.5134,1.1153
2441.3000,41.4530,0.0000,10.8161,1.1391
2441.4000,41.4527,0.0000,11.0495,1.1575
2441.5000,41.4533,0.0000,11.1006,1.1615
2441.6000,41.4535,0.0000,10.9323,1.1482
2441.7000,41.4526,0.0000,10.6467,1.1258
2441.8000,41.4502,0.0000,10.1820,1.0894
2441.9000,41.4451,0.0000,9.5137,1.0372
2442.0000,41.4365,0.0000,8.8574,0.9864
2442.1000,41.4255,0.0000,8.4008,0.9512
2442.2000,41.4129,0.0000,7.9279,0.9149
2442.3000,41.3976,0.0000,7.3898,0.8738
2442.4000,41.3801,0.0000,7.0489,0.8479
2442.5000,41.3617,0.0000,6.7060,0.8221
2442.6000,41.3412,0.0000,6.2299,0.7865
2442.7000,41.3185,0.0000,5.9287,0.7642
2442.8000,41.2953,0.0000,5.8312,0.7569
2442.9000,41.2719,0.0000,5.6848,0.7460
2443.0000,41.2473,0.0000,5.5669,0.7372
2443.1000,41.2229,0.0000,5.5507,0.7360
2443.2000,41.1983,0.0000,5.8016,0.7543
2443.3000,41.1763,0.0000,6.4914,0.8054
2443.4000,41.1581,0.0000,7.4190,0.8755
2443.5000,41.1446,0.0000,8.4021,0.9508
2443.6000,41.1354,0.0000,9.3166,1.0217
2443.7000,41.1304,0.0000,9.9729,1.0729
2443.8000,41.1273,0.0000,10.0116,1.0760
2443.9000,41.1226,0.0000,9.6472,1.0474
2444.0000,41.1162,0.0000,9.3369,1.0232
2444.1000,41.1087,0.0000,9.0951,1.0044
2444.2000,41.1001,0.0000,8.7126,0.9747
2444.3000,41.0891,0.0000,8.2646,0.9401
2444.4000,41.0764,0.0000,7.7228,0.8985
2444.5000,41.0605,0.0000,7.1278,0.8531
2444.6000,41.0424,0.0000,6.7334,0.8231
2444.7000,41.0229,0.0000,6.6863,0.8195
2444.8000,41.0045,0.0000,7.0226,0.8449
2444.9000,40.9881,0.0000,7.5747,0.8870
2445.0000,40.9748,0.0000,7.8855,0.9108
2445.1000,40.9614,0.0000,0.7996,0.4043
2445.2000,40.8828,0.0000,-13.4745,0.0000
2445.3000,40.7377,0.0000,-27.7806,0.0000
2445.4000,40.5263,0.0000,-41.8328,0.0000
2445.5000,40.2493,0.0000,-55.4421,0.0000
2445.6000,39.9081,0.0000,-61.8263,0.0000
2445.7000,39.5669,0.0000,-61.3625,0.0000
2445.8000,39.2256,0.0000,-60.8970,0.0000
2445.9000,38.8844,0.0000,-60.4298,0.0000
2446.0000,38.5432,0.0000,-59.9610,0.0000
2446.1000,38.2019,0.0000,-59.4906,0.0000
2446.2000,37.8607,0.0000,-59.0185,0.0000
2446.3000,37.5195,0.0000,-58.5449,0.0000
2446.4000,37.1782,0.0000,-58.0697,0.0000
2446.5000,36.8370,0.0000,-57.5929,0.0000
2446.6000,36.4958,0.0000,-57.1145,0.0000
2446.7000,36.1545,0.0000,-56.6346,0.0000
2446.8000,35.8133,0.0000,-56.1532,0.0000
2446.9000,35.4721,0.0000,-55.6703,0.0000
2447.0000,35.1309,0.0000,-55.1859,0.0000
2447.1000,34.7896,0.0000,-54.7000,0.0000
2447.2000,34.4484,0.0000,-54.2126,0.0000
2447.3000,34.1072,0.0000,-53.7238,0.0000
2447.4000,33.7659,0.0000,-53.2335,0.0000
2447.5000,33.4247,0.0000,-52.7418,0.0000
2447.6000,33.0835,0.0000,-52.2487,0.0000
2447.7000,32.7422,0.0000,-51.7542,0.0000
2447.8000,32.4010,0.0000,-51.2583,0.0000
2447.9000,32.0598,0.0000,-50.7611,0.0000
2448.0000,31.7185,0.0000,-50.2625,0.0000
2448.1000,31.3773,0.0000,-49.7626,0.0000
2448.2000,31.0361,0.0000,-49.2613,0.0000
2448.3000,30.6949,0.0000,-48.7587,0.0000
2448.4000,30.3536,0.0000,-48.2549,0.0000
2448.5000,30.0124,0.0000,-47.7497,0.0000
2448.6000,29.6712,0.0000,-47.2433,0.0000
2448.7000,29.3299,0.0000,-46.7357,0.0000
2448.8000,28.9887,0.0000,-46.2268,0.0000
2448.9000,28.6475,0.0000,-45.7167,0.0000
2449.0000,28.3062,0.0000,-45.2053,0.0000
2449.1000,27.9650,0.0000,-44.6928,0.0000
2449.2000,27.6238,0.0000,-44.1791,0.0000
2449.3000,27.2825,0.0000,-43.6642,0.0000
2449.4000,26.9413,0.0000,-43.1482,0.0000
2449.5000,26.6001,0.0000,-42.6311,0.0000
2449.6000,26.2589,0.0000,-42.1128,0.0000
2449.7000,25.9176,0.0000,-41.5934,0.0000
2449.8000,25.5764,0.0000,-41.0729,0.0000
2449.9000,25.2352,0.0000,-40.5514,0.0000
2450.0000,24.8939,0.0000,-40.0287,0.0000
2450.1000,24.5527,0.0000,-39.5051,0.0000
2450.2000,24.2115,0.0000,-38.9804,0.0000
2450.3000,23.8702,0.0000,-38.4546,0.0000
2450.4000,23.5290,0.0000,-37.9279,0.0000
2450.5000,23.1878,0.0000,-37.4002,0.0000
2450.6000,22.8465,0.0000,-36.8715,0.0000
2450.7000,22.5053,0.0000,-36.3418,0.0000
2450.8000,22.1641,0.0000,-35.8112,0.0000
2450.9000,21.8229,0.0000,-35.2796,0.0000
2451.0000,21.4816,0.0000,-34.7471,0.0000
2451.1000,21.1404,0.0000,-34.2137,0.0000
2451.2000,20.7992,0.0000,-33.6795,0.0000
2451.3000,20.4579,0.0000,-33.1443,0.0000
2451.4000,20.1167,0.0000,-32.6083,0.0000
2451.5000,19.7755,0.0000,-32.0714,0.2778
2451.6000,19.4342,0.0000,-31.5337,0.2778
2451.7000,19.0930,0.0000,-30.9952,0.2778
2451.8000,18.7518,0.0000,-30.4559,0.2778
2451.9000,18.4105,0.0000,-29.9158,0.2778
2452.0000,18.0693,0.0000,-29.3749,0.2778
2452.1000,17.7281,0.0000,-28.8332,0.2778
2452.2000,17.3869,0.0000,-28.2908,0.2778
2452.3000,17.0456,0.0000,-27.7477,0.2778
2452.4000,16.7044,0.0000,-27.2038,0.2778
2452.5000,16.3632,0.0000,-26.6593,0.2778
2452.6000,16.0219,0.0000,-26.1140,0.2778
2452.7000,15.6807,0.0000,-25.5681,0.2778
2452.8000,15.3395,0.0000,-25.0215,0.2778
2452.9000,14.9982,0.0000,-24.4743,0.2778
2453.0000,14.6570,0.0000,-23.9264,0.2778
2453.1000,14.3158,0.0000,-23.3779,0.2778
2453.2000,13.9745,0.0000,-22.8288,0.2778
2453.3000,13.6333,0.0000,-22.2792,0.2778
2453.4000,13.2921,0.0000,-21.7289,0.2778
2453.5000,12.9509,0.0000,-21.1781,0.2778
2453.6000,12.6096,0.0000,-20.6267,0.2778
2453.7000,12.2684,0.0000,-20.0748,0.2778
2453.8000,11.9272,0.0000,-19.5224,0.2778
2453.9000,11.5859,0.0000,-18.9695,0.2778
2454.0000,11.2447,0.0000,-18.4161,0.2778
2454.1000,10.9035,0.0000,-17.8622,0.2778
2454.2000,10.5622,0.0000,-17.3079,0.2778
2454.3000,10.2210,0.0000,-16.7531,0.2778
2454.4000,9.8798,0.0000,-16.1979,0.2778
2454.5000,9.5385,0.0000,-15.6423,0.2778
2454.6000,9.1973,0.0000,-15.0862,0.2778
2454.7000,8.8561,0.0000,-14.5298,0.2778
2454.8000,8.5149,0.0000,-13.9730,0.2778
2454.9000,8.1736,0.0000,-13.4159,0.2778
2455.0000,7.8324,0.0000,-12.8584,0.2778
2455.1000,7.4912,0.0000,-12.3005,0.2778
2455.2000,7.1499,0.0000,-11.7424,0.2778
2455.3000,6.8087,0.0000,-11.1839,0.2778
2455.4000,6.4675,0.0000,-10.6252,0.2778
2455.5000,6.1262,0.0000,-10.0662,0.2778
2455.6000,5.7850,0.0000,-9.4493,0.2778
2455.7000,5.4475,0.0000,-8.7321,0.2778
2455.8000,5.1179,0.0000,-8.4003,0.2778
2455.9000,4.7660,0.0000,-8.2700,0.2778
2456.0000,4.4010,0.0000,-7.8474,0.2778
2456.1000,4.0311,0.0000,-7.2542,0.2778
2456.2000,3.6600,0.0000,-6.5864,0.2778
2456.3000,3.2901,0.0000,-5.5843,0.2778
2456.4000,2.9576,0.0000,-4.4645,0.2778
2456.5000,2.6588,0.0000,-3.5645,0.2778
2456.6000,2.3901,0.0000,-2.8415,0.2778
2456.7000,2.1486,0.0000,-2.2612,0.2778
2456.8000,1.9315,0.0000,-1.7957,0.2778
2456.9000,1.7363,0.0000,-1.4228,0.2778
2457.0000,1.5608,0.0000,-1.1243,0.2778
2457.1000,1.4031,0.0000,-0.8856,0.2778
2457.2000,1.2613,0.0000,-0.6950,0.2778
2457.3000,1.1339,0.0000,-0.5431,0.2778
2457.4000,1.0193,0.0000,-0.4222,0.2778
2457.5000,0.9163,0.0000,-0.3262,0.2778
2457.6000,0.8237,0.0000,-0.2502,0.2778
2457.7000,0.7405,0.0000,-0.1901,0.2778
2457.8000,0.6656,0.0000,-0.1427,0.2778
2457.9000,0.5984,0.0000,-0.1055,0.2778
2458.0000,0.5379,0.0000,-0.0765,0.2778
2458.1000,0.4836,0.0000,-0.0539,0.2778
2458.2000,0.4347,0.0000,-0.0364,0.2778
2458.3000,0.3908,0.0000,-0.0231,0.2778
2458.4000,0.3513,0.0000,-0.0129,0.2778
2458.5000,0.3158,0.0000,-0.0053,0.2778
2458.6000,0.2839,0.0000,0.0004,0.2778
2458.7000,0.2552,0.0000,0.0045,0.2778
2458.8000,0.2294,0.0000,0.0074,0.2778
2458.9000,0.2062,0.0000,-0.0919,0.2778
2459.0000,0.0000,0.0000,-0.0000,0.2778
2459.1000,0.0000,0.0000,0.0000,0.2778
2459.2000,0.0000,0.0000,0.0000,0.2778
2459.3000,0.0000,0.0000,0.0000,0.2778
2459.4000,0.0000,0.0000,0.0000,0.2778
2459.5000,0.0000,0.0000,0.0000,0.2778
2459.6000,0.0000,0.0000,0.0000,0.2778
2459.7000,0.0000,0.0000,0.0000,0.2778
2459.8000,0.0000,0.0000,0.0000,0.2778
2459.9000,0.0000,0.0000,0.0000,0.2778
2460.0000,0.0000,0.0000,0.0000,0.2778
2460.1000,0.0000,0.0000,0.0000,0.2778
2460.2000,0.0000,0.0000,0.0000,0.2778
2460.3000,0.0000,0.0000,0.0000,0.2778
2460.4000,0.0000,0.0000,0.0000,0.2778
2460.5000,0.0000,0.0000,0.0000,0.2778
2460.6000,0.0000,0.0000,0.0000,0.2778
2460.7000,0.0000,0.0000,0.0000,0.2778
2460.8000,0.0000,0.0000,0.0000,0.2778
2460.9000,0.0000,0.0000,0.0000,0.2778
2461.0000,0.0000,0.0000,0.0000,0.2778
2461.1000,0.0000,0.0000,0.0000,0.2778
2461.2000,0.0000,0.0000,0.0000,0.2778
2461.3000,0.0000,0.0000,0.0000,0.2778
2461.4000,0.0000,0.0000,0.0000,0.2778
2461.5000,0.0000,0.0000,0.0000,0.2778
2461.6000,0.0000,0.0000,0.0000,0.2778
2461.7000,0.0000,0.0000,0.0000,0.2778
2461.8000,0.0000,0.0000,0.0000,0.2778
2461.9000,0.0000,0.0000,0.0000,0.2778
2462.0000,0.0000,0.0000,0.0000,0.2778
2462.1000,0.0000,0.0000,0.0000,0.2778
2462.2000,0.0000,0.0000,0.0000,0.2778
2462.3000,0.0000,0.0000,0.0000,0.2778
2462.4000,0.0000,0.0000,0.0000,0.2778
2462.5000,0.0000,0.0000,0.0000,0.2778
2462.6000,0.0000,0.0000,0.0000,0.2778
2462.7000,0.0000,0.0000,0.0000,0.2778
2462.8000,0.0000,0.0000,0.0000,0.2778
2462.9000,0.0000,0.0000,0.0000,0.2778
2463.0000,0.0000,0.0000,0.0000,0.2778
2463.1000,0.0000,0.0000,0.0000,0.2778
2463.2000,0.0000,0.0000,0.0000,0.2778
2463.3000,0.0000,0.0000,0.0000,0.2778
2463.4000,0.0000,0.0000,0.0000,0.2778
2463.5000,0.0000,0.0000,0.0000,0.2778
2463.6000,0.0000,0.0000,0.0000,0.2778
2463.7000,0.0000,0.0000,0.0000,0.2778
2463.8000,0.0000,0.0000,0.0000,0.2778
2463.9000,0.0000,0.0000,0.0000,0.2778
2464.0000,0.0000,0.0000,0.0000,0.2778
2464.1000,0.0000,0.0000,0.0000,0.2778
2464.2000,0.0000,0.0000,0.0000,0.2778
2464.3000,0.0000,0.0000,0.0000,0.2778
2464.4000,0.0000,0.0000,0.0000,0.2778
2464.5000,0.0000,0.0000,0.0000,0.2778
2464.6000,0.0000,0.0000,0.0000,0.2778
2464.7000,0.0000,0.0000,0.0000,0.2778
2464.8000,0.0000,0.0000,0.0000,0.2778
2464.9000,0.0000,0.0000,0.0000,0.2778
2465.0000,0.0000,0.0000,0.0000,0.2778
2465.1000,0.0000,0.0000,0.0000,0.2778
2465.2000,0.0000,0.0000,0.0000,0.2778
2465.3000,0.0000,0.0000,0.0000,0.2778
2465.4000,0.0000,0.0000,0.0000,0.2778
2465.5000,0.0000,0.0000,0.0000,0.2778
2465.6000,0.0000,0.0000,0.0000,0.2778
2465.7000,0.0000,0.0000,0.0000,0.2778
2465.8000,0.0000,0.0000,0.0000,0.2778
2465.9000,0.0000,0.0000,0.0000,0.2778
2466.0000,0.0000,0.0000,0.0000,0.2778
2466.1000,0.0000,0.0000,0.0000,0.2778
2466.2000,0.0000,0.0000,0.0000,0.2778
2466.3000,0.0000,0.0000,0.0000,0.2778
2466.4000,0.0000,0.0000,0.0000,0.2778
2466.5000,0.0000,0.0000,0.0000,0.2778
2466.6000,0.0000,0.0000,0.0000,0.2778
2466.7000,0.0000,0.0000,0.0000,0.2778
2466.8000,0.0000,0.0000,0.0000,0.2778
2466.9000,0.0000,0.0000,0.0000,0.2778
2467.0000,0.0000,0.0000,0.0000,0.2778
2467.1000,0.0000,0.0000,0.0000,0.2778
2467.2000,0.0000,0.0000,0.0000,0.2778
2467.3000,0.0000,0.0000,0.0000,0.2778
2467.4000,0.0000,0.0000,0.0000,0.2778
2467.5000,0.0000,0.0000,0.0000,0.2778
2467.6000,0.0000,0.0000,0.0000,0.2778
2467.7000,0.0000,0.0000,0.0000,0.2778
2467.8000,0.0000,0.0000,0.0000,0.2778
2467.9000,0.0000,0.0000,0.0000,0.2778
2468.0000,0.0000,0.0000,0.0000,0.2778
2468.1000,0.0000,0.0000,0.0000,0.2778
2468.2000,0.0000,0.0000,0.0000,0.2778
2468.3000,0.0000,0.0000,0.0000,0.2778
2468.4000,0.0000,0.0000,0.0000,0.2778
2468.5000,0.0000,0.0000,0.0000,0.2778
2468.6000,0.0000,0.0000,0.0000,0.2778
2468.7000,0.0000,0.0000,0.0000,0.2778
2468.8000,0.0000,0.0000,0.0000,0.2778
2468.9000,0.0000,0.0000,0.0000,0.2778
2469.0000,0.0000,0.0000,0.0000,0.2778
2469.1000,0.0000,0.0000,0.0000,0.2778
2469.2000,0.0000,0.0000,0.0000,0.2778
2469.3000,0.0000,0.0000,0.0000,0.2778
2469.4000,0.0000,0.0000,0.0000,0.2778
2469.5000,0.0000,0.0000,0.0000,0.2778
2469.6000,0.0000,0.0000,0.0000,0.2778
2469.7000,0.0000,0.0000,0.0000,0.2778
2469.8000,0.0000,0.0000,0.0000,0.2778
2469.9000,0.0000,0.0000,0.0000,0.2778
2470.0000,0.0000,0.0000,0.0000,0.2778
2470.1000,0.0000,0.0000,0.0000,0.2778
2470.2000,0.0000,0.0000,0.0000,0.2778
2470.3000,0.0000,0.0000,0.0000,0.2778
2470.4000,0.0000,0.0000,0.0000,0.2778
2470.5000,0.0000,0.0000,0.0000,0.2778
2470.6000,0.0000,0.0000,0.0000,0.2778
2470.7000,0.0000,0.0000,0.0000,0.2778
2470.8000,0.0000,0.0000,0.0000,0.2778
2470.9000,0.0000,0.0000,0.0000,0.2778
2471.0000,0.0000,0.0000,0.0000,0.2778
2471.1000,0.0000,0.0000,0.0000,0.2778
2471.2000,0.0000,0.0000,0.0000,0.2778
2471.3000,0.0000,0.0000,0.0000,0.2778
2471.4000,0.0000,0.0000,0.0000,0.2778
2471.5000,0.0000,0.0000,0.0000,0.2778
2471.6000,0.0000,0.0000,0.0000,0.2778
2471.7000,0.0000,0.0000,0.0000,0.2778
2471.8000,0.0000,0.0000,0.0000,0.2778
2471.9000,0.0000,0.0000,0.0000,0.2778
2472.0000,0.0000,0.0000,0.0000,0.2778
2472.1000,0.0000,0.0000,0.0000,0.2778
2472.2000,0.0000,0.0000,0.0000,0.2778
2472.3000,0.0000,0.0000,0.0000,0.2778
2472.4000,0.0000,0.0000,0.0000,0.2778
2472.5000,0.0000,0.0000,0.0000,0.2778
2472.6000,0.0000,0.0000,0.0000,0.2778
2472.7000,0.0000,0.0000,0.0000,0.2778
2472.8000,0.0000,0.0000,0.0000,0.2778
2472.9000,0.0000,0.0000,0.0000,0.2778
2473.0000,0.0000,0.0000,0.0000,0.2778
2473.1000,0.0000,0.0000,0.0000,0.2778
2473.2000,0.0000,0.0000,0.0000,0.2778
2473.3000,0.0000,0.0000,0.0000,0.2778
2473.4000,0.0000,0.0000,0.0000,0.2778
2473.5000,0.0000,0.0000,0.0000,0.2778
2473.6000,0.0000,0.0000,0.0000,0.2778
2473.7000,0.0000,0.0000,0.0000,0.2778
2473.8000,0.0000,0.0000,0.0000,0.2778
2473.9000,0.0000,0.0000,0.0000,0.2778
2474.0000,0.0000,0.0000,0.0000,0.2778
2474.1000,0.0000,0.0000,0.0000,0.2778
2474.2000,0.0000,0.0000,0.0000,0.2778
2474.3000,0.0000,0.0000,0.0000,0.2778
2474.4000,0.0000,0.0000,0.0000,0.2778
2474.5000,0.0000,0.0000,0.0000,0.2778
2474.6000,0.0000,0.0000,0.0000,0.2778
2474.7000,0.0000,0.0000,0.0000,0.2778
2474.8000,0.0000,0.0000,0.0000,0.2778
2474.9000,0.0000,0.0000,0.0000,0.2778
2475.0000,0.0000,0.0000,0.0000,0.2778
2475.1000,0.0000,0.0000,0.0000,0.2778
2475.2000,0.0000,0.0000,0.0000,0.2778
2475.3000,0.0000,0.0000,0.0000,0.2778
2475.4000,0.0000,0.0000,0.0000,0.2778
2475.5000,0.0000,0.0000,0.0000,0.2778
2475.6000,0.0000,0.0000,0.0000,0.2778
2475.7000,0.0000,0.0000,0.0000,0.2778
2475.8000,0.0000,0.0000,0.0000,0.2778
2475.9000,0.0000,0.0000,0.0000,0.2778
2476.0000,0.0000,0.0000,0.0000,0.2778
2476.1000,0.0000,0.0000,0.0000,0.2778
2476.2000,0.0000,0.0000,0.0000,0.2778
2476.3000,0.0000,0.0000,0.0000,0.2778
2476.4000,0.0000,0.0000,0.0000,0.2778
2476.5000,0.0000,0.0000,0.0000,0.2778
2476.6000,0.0000,0.0000,0.0000,0.2778
2476.7000,0.0000,0.0000,0.0000,0.2778
2476.8000,0.0000,0.0000,0.0000,0.2778
2476.9000,0.0000,0.0000,0.0000,0.2778
2477.0000,0.0000,0.0000,0.0000,0.2778
2477.1000,0.0000,0.0000,0.0000,0.2778
2477.2000,0.0000,0.0000,0.0000,0.2778
2477.3000,0.0000,0.0000,0.0000,0.2778
2477.4000,0.0000,0.0000,0.0000,0.2778
2477.5000,0.0000,0.0000,0.0000,0.2778
2477.6000,0.0000,0.0000,0.0000,0.2778
2477.7000,0.0000,0.0000,0.0000,0.2778
2477.8000,0.0000,0.0000,0.0000,0.2778
2477.9000,0.0000,0.0000,0.0000,0.2778
2478.0000,0.0000,0.0000,0.0000,0.2778
2478.1000,0.0000,0.0000,0.0000,0.2778
2478.2000,0.0000,0.0000,0.0000,0.2778
2478.3000,0.0000,0.0000,0.0000,0.2778
2478.4000,0.0000,0.0000,0.0000,0.2778
2478.5000,0.0000,0.0000,0.0000,0.2778
2478.6000,0.0000,0.0000,0.0000,0.2778
2478.7000,0.0000,0.0000,0.0000,0.2778
2478.8000,0.0000,0.0000,0.0000,0.2778
2478.9000,0.0000,0.0000,0.0000,0.2778
2479.0000,0.0000,0.0000,0.0000,0.2778
2479.1000,0.0000,0.0000,0.0000,0.2778
2479.2000,0.0000,0.0000,0.0000,0.2778
2479.3000,0.0000,0.0000,0.0000,0.2778
2479.4000,0.0000,0.0000,0.0000,0.2778
2479.5000,0.0000,0.0000,0.0000,0.2778
2479.6000,0.0000,0.0000,0.0000,0.2778
2479.7000,0.0000,0.0000,0.0000,0.2778
2479.8000,0.0000,0.0000,0.0000,0.2778
2479.9000,0.0000,0.0000,0.0000,0.2778
2480.0000,0.0000,0.0000,0.0000,0.2778
2480.1000,0.0000,0.0000,0.0000,0.2778
2480.2000,0.0000,0.0000,0.0000,0.2778
2480.3000,0.0000,0.0000,0.0000,0.2778
2480.4000,0.0000,0.0000,0.0000,0.2778
2480.5000,0.0000,0.0000,0.0000,0.2778
2480.6000,0.0000,0.0000,0.0000,0.2778
2480.7000,0.0000,0.0000,0.0000,0.2778
2480.8000,0.0000,0.0000,0.0000,0.2778
2480.9000,0.0000,0.0000,0.0000,0.2778
2481.0000,0.0000,0.0000,0.0000,0.2778
2481.1000,0.0000,0.0000,0.0000,0.2778
2481.2000,0.0000,0.0000,0.0000,0.2778
2481.3000,0.0000,0.0000,0.0000,0.2778
2481.4000,0.0000,0.0000,0.0000,0.2778
2481.5000,0.0000,0.0000,0.0000,0.2778
2481.6000,0.0000,0.0000,0.0000,0.2778
2481.7000,0.0000,0.0000,0.0000,0.2778
2481.8000,0.0000,0.0000,0.0000,0.2778
2481.9000,0.0000,0.0000,0.0000,0.2778
2482.0000,0.0000,0.0000,0.0000,0.2778
2482.1000,0.0000,0.0000,0.0000,0.2778
2482.2000,0.0000,0.0000,0.0000,0.2778
2482.3000,0.0000,0.0000,0.0000,0.2778
2482.4000,0.0000,0.0000,0.0000,0.2778
2482.5000,0.0000,0.0000,0.0000,0.2778
2482.6000,0.0000,0.0000,0.0000,0.2778
2482.7000,0.0000,0.0000,0.0000,0.2778
2482.8000,0.0000,0.0000,0.0000,0.2778
2482.9000,0.0000,0.0000,0.0000,0.2778
2483.0000,0.0000,0.0000,0.0000,0.2778
2483.1000,0.0000,0.0000,0.0000,0.2778
2483.2000,0.0000,0.0000,0.0000,0.2778
2483.3000,0.0000,0.0000,0.0000,0.2778
2483.4000,0.0000,0.0000,0.0000,0.2778
2483.5000,0.0000,0.0000,0.0000,0.2778
2483.6000,0.0000,0.0000,0.0000,0.2778
2483.7000,0.0000,0.0000,0.0000,0.2778
2483.8000,0.0000,0.0000,0.0000,0.2778
2483.9000,0.0000,0.0000,0.0000,0.2778
2484.0000,0.0000,0.0000,0.0000,0.2778
2484.1000,0.0000,0.0000,0.0000,0.2778
2484.2000,0.0000,0.0000,0.0000,0.2778
2484.3000,0.0000,0.0000,0.0000,0.2778
2484.4000,0.0000,0.0000,0.0000,0.2778
2484.5000,0.0000,0.0000,0.0000,0.2778
2484.6000,0.0000,0.0000,0.0000,0.2778
2484.7000,0.0000,0.0000,0.0000,0.2778
2484.8000,0.0000,0.0000,0.0000,0.2778
2484.9000,0.0000,0.0000,0.0000,0.2778
2485.0000,0.0000,0.0000,0.0000,0.2778
2485.1000,0.0000,0.0000,0.0000,0.2778
2485.2000,0.0000,0.0000,0.0000,0.2778
2485.3000,0.0000,0.0000,0.0000,0.2778
2485.4000,0.0000,0.0000,0.0000,0.2778
2485.5000,0.0000,0.0000,0.0000,0.2778
2485.6000,0.0000,0.0000,0.0000,0.2778
2485.7000,0.0000,0.0000,0.0000,0.2778
2485.8000,0.0000,0.0000,0.0000,0.2778
2485.9000,0.0000,0.0000,0.0000,0.2778
2486.0000,0.0000,0.0000,0.0000,0.2778
2486.1000,0.0000,0.0000,0.0000,0.2778
2486.2000,0.0000,0.0000,0.0000,0.2778
2486.3000,0.0000,0.0000,0.0000,0.2778
2486.4000,0.0000,0.0000,0.0000,0.2778
2486.5000,0.0000,0.0000,0.0000,0.2778
2486.6000,0.0000,0.0000,0.0000,0.2778
2486.7000,0.0000,0.0000,0.0000,0.2778
2486.8000,0.0000,0.0000,0.0000,0.2778
2486.9000,0.0000,0.0000,0.0000,0.2778
2487.0000,0.0000,0.0000,0.0000,0.2778
2487.1000,0.0000,0.0000,0.0000,0.2778
2487.2000,0.0000,0.0000,0.0000,0.2778
2487.3000,0.0000,0.0000,0.0000,0.2778
2487.4000,0.0000,0.0000,0.0000,0.2778
2487.5000,0.0000,0.0000,0.0000,0.2778
2487.6000,0.0000,0.0000,0.0000,0.2778
2487.7000,0.0000,0.0000,0.0000,0.2778
2487.8000,0.0000,0.0000,0.0000,0.2778
2487.9000,0.0000,0.0000,0.0000,0.2778
2488.0000,0.0000,0.0000,0.0000,0.2778
2488.1000,0.0000,0.0000,0.0000,0.2778
2488.2000,0.0000,0.0000,0.0000,0.2778
2488.3000,0.0000,0.0000,0.0000,0.2778
2488.4000,0.0000,0.0000,0.0000,0.2778
2488.5000,0.0000,0.0000,0.0000,0.2778
2488.6000,0.0000,0.0000,0.0000,0.2778
2488.7000,0.0000,0.0000,0.0000,0.2778
2488.8000,0.0000,0.0000,0.0000,0.2778
2488.9000,0.0000,0.0000,0.0000,0.2778
2489.0000,0.0000,0.0000,0.0000,0.2778
2489.1000,0.0000,0.0000,0.0000,0.2778
2489.2000,0.0000,0.0000,0.0000,0.2778
2489.3000,0.0000,0.0000,0.0000,0.2778
2489.4000,0.0000,0.0000,0.0000,0.2778
2489.5000,0.0000,0.0000,0.0000,0.2778
2489.6000,0.0000,0.0000,0.0000,0.2778
2489.7000,0.0000,0.0000,0.0000,0.2778
2489.8000,0.0000,0.0000,0.0000,0.2778
2489.9000,0.0000,0.0000,0.0000,0.2778
2490.0000,0.0000,0.0000,0.0000,0.2778
2490.1000,0.0000,0.0000,0.0000,0.2778
2490.2000,0.0000,0.0000,0.0000,0.2778
2490.3000,0.0000,0.0000,0.0000,0.2778
2490.4000,0.0000,0.0000,0.0000,0.2778
2490.5000,0.0000,0.0000,0.0000,0.2778
2490.6000,0.0000,0.0000,0.0000,0.2778
2490.7000,0.0000,0.0000,0.0000,0.2778
2490.8000,0.0000,0.0000,0.0000,0.2778
2490.9000,0.0000,0.0000,0.0000,0.2778
2491.0000,0.0000,0.0000,0.0000,0.2778
2491.1000,0.0000,0.0000,0.0000,0.2778
2491.2000,0.0000,0.0000,0.0000,0.2778
2491.3000,0.0000,0.0000,0.0000,0.2778
2491.4000,0.0000,0.0000,0.0000,0.2778
2491.5000,0.0000,0.0000,0.0000,0.2778
2491.6000,0.0000,0.0000,0.0000,0.2778
2491.7000,0.0000,0.0000,0.0000,0.2778
2491.8000,0.0000,0.0000,0.0000,0.2778
2491.9000,0.0000,0.0000,0.0000,0.2778
2492.0000,0.0000,0.0000,0.0000,0.2778
2492.1000,0.0000,0.0000,0.0000,0.2778
2492.2000,0.0000,0.0000,0.0000,0.2778
2492.3000,0.0000,0.0000,0.0000,0.2778
2492.4000,0.0000,0.0000,0.0000,0.2778
2492.5000,0.0000,0.0000,0.0000,0.2778
2492.6000,0.0000,0.0000,0.0000,0.2778
2492.7000,0.0000,0.0000,0.0000,0.2778
2492.8000,0.0000,0.0000,0.0000,0.2778
2492.9000,0.0000,0.0000,0.0000,0.2778
2493.0000,0.0000,0.0000,0.0000,0.2778
2493.1000,0.0000,0.0000,0.0000,0.2778
2493.2000,0.0000,0.0000,0.0000,0.2778
2493.3000,0.0000,0.0000,0.0000,0.2778
2493.4000,0.0000,0.0000,0.0000,0.2778
2493.5000,0.0000,0.0000,0.0000,0.2778
2493.6000,0.0000,0.0000,0.0000,0.2778
2493.7000,0.0000,0.0000,0.0000,0.2778
2493.8000,0.0000,0.0000,0.0000,0.2778
2493.9000,0.0000,0.0000,0.0000,0.2778
2494.0000,0.0000,0.0000,0.0000,0.2778
2494.1000,0.0000,0.0000,0.0000,0.2778
2494.2000,0.0000,0.0000,0.0000,0.2778
2494.3000,0.0000,0.0000,0.0000,0.2778
2494.4000,0.0000,0.0000,0.0000,0.2778
2494.5000,0.0000,0.0000,0.0000,0.2778
2494.6000,0.0000,0.0000,0.0000,0.2778
2494.7000,0.0000,0.0000,0.0000,0.2778
2494.8000,0.0000,0.0000,0.0000,0.2778
2494.9000,0.0000,0.0000,0.0000,0.2778
2495.0000,0.0000,0.0000,0.0000,0.2778
2495.1000,0.0000,0.0000,0.0000,0.2778
2495.2000,0.0000,0.0000,0.0000,0.2778
2495.3000,0.0000,0.0000,0.0000,0.2778
2495.4000,0.0000,0.0000,0.0000,0.2778
2495.5000,0.0000,0.0000,0.0000,0.2778
2495.6000,0.0000,0.0000,0.0000,0.2778
2495.7000,0.0000,0.0000,0.0000,0.2778
2495.8000,0.0000,0.0000,0.0000,0.2778
2495.9000,0.0000,0.0000,0.0000,0.2778
2496.0000,0.0000,0.0000,0.0000,0.2778
2496.1000,0.0000,0.0000,0.0000,0.2778
2496.2000,0.0000,0.0000,0.0000,0.2778
2496.3000,0.0000,0.0000,0.0000,0.2778
2496.4000,0.0000,0.0000,0.0000,0.2778
2496.5000,0.0000,0.0000,0.0000,0.2778
2496.6000,0.0000,0.0000,0.0000,0.2778
2496.7000,0.0000,0.0000,0.0000,0.2778
2496.8000,0.0000,0.0000,0.0000,0.2778
2496.9000,0.0000,0.0000,0.0000,0.2778
2497.0000,0.0000,0.0000,0.0000,0.2778
2497.1000,0.0000,0.0000,0.0000,0.2778
2497.2000,0.0000,0.0000,0.0000,0.2778
2497.3000,0.0000,0.0000,0.0000,0.2778
2497.4000,0.0000,0.0000,0.0000,0.2778
2497.5000,0.0000,0.0000,0.0000,0.2778
2497.6000,0.0000,0.0000,0.0000,0.2778
2497.7000,0.0000,0.0000,0.0000,0.2778
2497.8000,0.0000,0.0000,0.0000,0.2778
2497.9000,0.0000,0.0000,0.0000,0.2778
2498.0000,0.0000,0.0000,0.0000,0.2778
2498.1000,0.0000,0.0000,0.0000,0.2778
2498.2000,0.0000,0.0000,0.0000,0.2778
2498.3000,0.0000,0.0000,0.0000,0.2778
2498.4000,0.0000,0.0000,0.0000,0.2778
2498.5000,0.0000,0.0000,0.0000,0.2778
2498.6000,0.0000,0.0000,0.0000,0.2778
2498.7000,0.0000,0.0000,0.0000,0.2778
2498.8000,0.0000,0.0000,0.0000,0.2778
2498.9000,0.0000,0.0000,0.0000,0.2778
2499.0000,0.0000,0.0000,0.0000,0.2778
2499.1000,0.0000,0.0000,0.0000,0.2778
2499.2000,0.0000,0.0000,0.0000,0.2778
2499.3000,0.0000,0.0000,0.0000,0.2778
2499.4000,0.0000,0.0000,0.0000,0.2778
2499.5000,0.0000,0.0000,0.0000,0.2778
2499.6000,0.0000,0.0000,0.0000,0.2778
2499.7000,0.0000,0.0000,0.0000,0.2778
2499.8000,0.0000,0.0000,0.0000,0.2778
2499.9000,0.0000,0.0000,0.0000,0.2778
2500.0000,0.0000,0.0000,0.0000,0.2778
2500.1000,0.0000,0.0000,0.0000,0.2778
2500.2000,0.0000,0.0000,0.0000,0.2778
2500.3000,0.0000,0.0000,0.0000,0.2778
2500.4000,0.0000,0.0000,0.0000,0.2778
2500.5000,0.0000,0.0000,0.0000,0.2778
2500.6000,0.0000,0.0000,0.0000,0.2778
2500.7000,0.0000,0.0000,0.0000,0.2778
2500.8000,0.0000,0.0000,0.0000,0.2778
2500.9000,0.0000,0.0000,0.0000,0.2778
2501.0000,0.0000,0.0000,0.0000,0.2778
2501.1000,0.0000,0.0000,0.0000,0.2778
2501.2000,0.0000,0.0000,0.0000,0.2778
2501.3000,0.0000,0.0000,0.0000,0.2778
2501.4000,0.0000,0.0000,0.0000,0.2778
2501.5000,0.0000,0.0000,0.0000,0.2778
2501.6000,0.0000,0.0000,0.0000,0.2778
2501.7000,0.0000,0.0000,0.0000,0.2778
2501.8000,0.0000,0.0000,0.0000,0.2778
2501.9000,0.0000,0.0000,0.0000,0.2778
2502.0000,0.0000,0.0000,0.0000,0.2778
2502.1000,0.0000,0.0000,0.0000,0.2778
2502.2000,0.0000,0.0000,0.0000,0.2778
2502.3000,0.0000,0.0000,0.0000,0.2778
2502.4000,0.0000,0.0000,0.0000,0.2778
2502.5000,0.0000,0.0000,0.0000,0.2778
2502.6000,0.0000,0.0000,0.0000,0.2778
2502.7000,0.0000,0.0000,0.0000,0.2778
2502.8000,0.0000,0.0000,0.0000,0.2778
2502.9000,0.0000,0.0000,0.0000,0.2778
2503.0000,0.0000,0.0000,0.0000,0.2778
2503.1000,0.0000,0.0000,0.0000,0.2778
2503.2000,0.0000,0.0000,0.0000,0.2778
2503.3000,0.0000,0.0000,0.0000,0.2778
2503.4000,0.0000,0.0000,0.0000,0.2778
2503.5000,0.0000,0.0000,0.0000,0.2778
2503.6000,0.0000,0.0000,0.0000,0.2778
2503.7000,0.0000,0.0000,0.0000,0.2778
2503.8000,0.0000,0.0000,0.0000,0.2778
2503.9000,0.0000,0.0000,0.0000,0.2778
2504.0000,0.0000,0.0000,0.0000,0.2778
2504.1000,0.0000,0.0000,0.0000,0.2778
2504.2000,0.0000,0.0000,0.0000,0.2778
2504.3000,0.0000,0.0000,0.0000,0.2778
2504.4000,0.0000,0.0000,0.0000,0.2778
2504.5000,0.0000,0.0000,0.0000,0.2778
2504.6000,0.0000,0.0000,0.0000,0.2778
2504.7000,0.0000,0.0000,0.0000,0.2778
2504.8000,0.0000,0.0000,0.0000,0.2778
2504.9000,0.0000,0.0000,0.0000,0.2778
2505.0000,0.0000,0.0000,0.0000,0.2778
2505.1000,0.0000,0.0000,0.0000,0.2778
2505.2000,0.0000,0.0000,0.0000,0.2778
2505.3000,0.0000,0.0000,0.0000,0.2778
2505.4000,0.0000,0.0000,0.0000,0.2778
2505.5000,0.0000,0.0000,0.0000,0.2778
2505.6000,0.0000,0.0000,0.0000,0.2778
2505.7000,0.0000,0.0000,0.0000,0.2778
2505.8000,0.0000,0.0000,0.0000,0.2778
2505.9000,0.0000,0.0000,0.0000,0.2778
2506.0000,0.0000,0.0000,0.0000,0.2778
2506.1000,0.0000,0.0000,0.0000,0.2778
2506.2000,0.0000,0.0000,0.0000,0.2778
2506.3000,0.0000,0.0000,0.0000,0.2778
2506.4000,0.0000,0.0000,0.0000,0.2778
2506.5000,0.0000,0.0000,0.0000,0.2778
2506.6000,0.0000,0.0000,0.0000,0.2778
2506.7000,0.0000,0.0000,0.0000,0.2778
2506.8000,0.0000,0.0000,0.0000,0.2778
2506.9000,0.0000,0.0000,0.0000,0.2778
2507.0000,0.0000,0.0000,0.0000,0.2778
2507.1000,0.0000,0.0000,0.0000,0.2778
2507.2000,0.0000,0.0000,0.0000,0.2778
2507.3000,0.0000,0.0000,0.0000,0.2778
2507.4000,0.0000,0.0000,0.0000,0.2778
2507.5000,0.0000,0.0000,0.0000,0.2778
2507.6000,0.0000,0.0000,0.0000,0.2778
2507.7000,0.0000,0.0000,0.0000,0.2778
2507.8000,0.0000,0.0000,0.0000,0.2778
2507.9000,0.0000,0.0000,0.0000,0.2778
2508.0000,0.0000,0.0000,0.0000,0.2778
2508.1000,0.0000,0.0000,0.0000,0.2778
2508.2000,0.0000,0.0000,0.0000,0.2778
2508.3000,0.0000,0.0000,0.0000,0.2778
2508.4000,0.0000,0.0000,0.0000,0.2778
2508.5000,0.0000,0.0000,0.0000,0.2778
2508.6000,0.0000,0.0000,0.0000,0.2778
2508.7000,0.0000,0.0000,0.0000,0.2778
2508.8000,0.0000,0.0000,0.0000,0.2778
2508.9000,0.0000,0.0000,0.0000,0.2778
2509.0000,0.0000,0.0000,0.0000,0.2778
2509.1000,0.0000,0.0000,0.0000,0.2778
2509.2000,0.0000,0.0000,0.0000,0.2778
2509.3000,0.0000,0.0000,0.0000,0.2778
2509.4000,0.0000,0.0000,0.0000,0.2778
2509.5000,0.0000,0.0000,0.0000,0.2778
2509.6000,0.0000,0.0000,0.0000,0.2778
2509.7000,0.0000,0.0000,0.0000,0.2778
2509.8000,0.0000,0.0000,0.0000,0.2778
2509.9000,0.0000,0.0000,0.0000,0.2778
2510.0000,0.0000,0.0000,0.0000,0.2778
2510.1000,0.0000,0.0000,0.0000,0.2778
2510.2000,0.0000,0.0000,0.0000,0.2778
2510.3000,0.0000,0.0000,0.0000,0.2778
2510.4000,0.0000,0.0000,0.0000,0.2778
2510.5000,0.0000,0.0000,0.0000,0.2778
2510.6000,0.0000,0.0000,0.0000,0.2778
2510.7000,0.0000,0.0000,0.0000,0.2778
2510.8000,0.0000,0.0000,0.0000,0.2778
2510.9000,0.0000,0.0000,0.0000,0.2778
2511.0000,0.0000,0.0000,0.0000,0.2778
2511.1000,0.0000,0.0000,0.0000,0.2778
2511.2000,0.0000,0.0000,0.0000,0.2778
2511.3000,0.0000,0.0000,0.0000,0.2778
2511.4000,0.0000,0.0000,0.0000,0.2778
2511.5000,0.0000,0.0000,0.0000,0.2778
2511.6000,0.0000,0.0000,0.0000,0.2778
2511.7000,0.0000,0.0000,0.0000,0.2778
2511.8000,0.0000,0.0000,0.0000,0.2778
2511.9000,0.0000,0.0000,0.0000,0.2778
2512.0000,0.0000,0.0000,0.0000,0.2778
2512.1000,0.0000,0.0000,0.0000,0.2778
2512.2000,0.0000,0.0000,0.0000,0.2778
2512.3000,0.0000,0.0000,0.0000,0.2778
2512.4000,0.0000,0.0000,0.0000,0.2778
2512.5000,0.0000,0.0000,0.0000,0.2778
2512.6000,0.0000,0.0000,0.0000,0.2778
2512.7000,0.0000,0.0000,0.0000,0.2778
2512.8000,0.0000,0.0000,0.0000,0.2778
2512.9000,0.0000,0.0000,0.0000,0.2778
2513.0000,0.0000,0.0000,0.0000,0.2778
2513.1000,0.0000,0.0000,0.0000,0.2778
2513.2000,0.0000,0.0000,0.0000,0.2778
2513.3000,0.0000,0.0000,0.0000,0.2778
2513.4000,0.0000,0.0000,0.0000,0.2778
2513.5000,0.0000,0.0000,0.0000,0.2778
2513.6000,0.0000,0.0000,0.0000,0.2778
2513.7000,0.0000,0.0000,0.0000,0.2778
2513.8000,0.0000,0.0000,0.0000,0.2778
2513.9000,0.0000,0.0000,0.0000,0.2778
2514.0000,0.0000,0.0000,0.0000,0.2778
2514.1000,0.0000,0.0000,0.0000,0.2778
2514.2000,0.0000,0.0000,0.0000,0.2778
2514.3000,0.0000,0.0000,0.0000,0.2778
2514.4000,0.0000,0.0000,0.0000,0.2778
2514.5000,0.0000,0.0000,0.0000,0.2778
2514.6000,0.0000,0.0000,0.0000,0.2778
2514.7000,0.0000,0.0000,0.0000,0.2778
2514.8000,0.0000,0.0000,0.0000,0.2778
2514.9000,0.0000,0.0000,0.0000,0.2778
2515.0000,0.0000,0.0000,0.0000,0.2778
2515.1000,0.0000,0.0000,0.0000,0.2778
2515.2000,0.0000,0.0000,0.0000,0.2778
2515.3000,0.0000,0.0000,0.0000,0.2778
2515.4000,0.0000,0.0000,0.0000,0.2778
2515.5000,0.0000,0.0000,0.0000,0.2778
2515.6000,0.0000,0.0000,0.0000,0.2778
2515.7000,0.0000,0.0000,0.0000,0.2778
2515.8000,0.0000,0.0000,0.0000,0.2778
2515.9000,0.0000,0.0000,0.0000,0.2778
2516.0000,0.0000,0.0000,0.0000,0.2778
2516.1000,0.0000,0.0000,0.0000,0.2778
2516.2000,0.0000,0.0000,0.0000,0.2778
2516.3000,0.0000,0.0000,0.0000,0.2778
2516.4000,0.0000,0.0000,0.0000,0.2778
2516.5000,0.0000,0.0000,0.0000,0.2778
2516.6000,0.0000,0.0000,0.0000,0.2778
2516.7000,0.0000,0.0000,0.0000,0.2778
2516.8000,0.0000,0.0000,0.0000,0.2778
2516.9000,0.0000,0.0000,0.0000,0.2778
2517.0000,0.0000,0.0000,0.0000,0.2778
2517.1000,0.0000,0.0000,0.0000,0.2778
2517.2000,0.0000,0.0000,0.0000,0.2778
2517.3000,0.0000,0.0000,0.0000,0.2778
2517.4000,0.0000,0.0000,0.0000,0.2778
2517.5000,0.0000,0.0000,0.0000,0.2778
2517.6000,0.0000,0.0000,0.0000,0.2778
2517.7000,0.0000,0.0000,0.0000,0.2778
2517.8000,0.0000,0.0000,0.0000,0.2778
2517.9000,0.0000,0.0000,0.0000,0.2778
2518.0000,0.0000,0.0000,0.0000,0.2778
2518.1000,0.0000,0.0000,0.0000,0.2778
2518.2000,0.0000,0.0000,0.0000,0.2778
2518.3000,0.0000,0.0000,0.0000,0.2778
2518.4000,0.0000,0.0000,0.0000,0.2778
2518.5000,0.0000,0.0000,0.0000,0.2778
2518.6000,0.0000,0.0000,0.0000,0.2778
2518.7000,0.0000,0.0000,0.0000,0.2778
2518.8000,0.0000,0.0000,0.0000,0.2778
2518.9000,0.0000,0.0000,0.0000,0.2778
2519.0000,0.0000,0.0000,0.0000,0.2778
2519.1000,0.0000,0.0000,0.0000,0.2778
2519.2000,0.0000,0.0000,0.0000,0.2778
2519.3000,0.0000,0.0000,0.0000,0.2778
2519.4000,0.0000,0.0000,0.0000,0.2778
2519.5000,0.0000,0.0000,0.0000,0.2778
2519.6000,0.0000,0.0000,0.0000,0.2778
2519.7000,0.0000,0.0000,0.0000,0.2778
2519.8000,0.0000,0.0000,0.0000,0.2778
2519.9000,0.0000,0.0000,0.0000,0.2778
2520.0000,0.0000,0.0000,0.0000,0.2778
2520.1000,0.0000,0.0000,0.0000,0.2778
2520.2000,0.0000,0.0000,0.0000,0.2778
2520.3000,0.0000,0.0000,0.0000,0.2778
2520.4000,0.0000,0.0000,0.0000,0.2778
2520.5000,0.0000,0.0000,0.0000,0.2778
2520.6000,0.0000,0.0000,0.0000,0.2778
2520.7000,0.0000,0.0000,0.0000,0.2778
2520.8000,0.0000,0.0000,0.0000,0.2778
2520.9000,0.0000,0.0000,0.0000,0.2778
2521.0000,0.0000,0.0000,0.0000,0.2778
2521.1000,0.0000,0.0000,0.0000,0.2778
2521.2000,0.0000,0.0000,0.0000,0.2778
2521.3000,0.0000,0.0000,0.0000,0.2778
2521.4000,0.0000,0.0000,0.0000,0.2778
2521.5000,0.0000,0.0000,0.0000,0.2778
2521.6000,0.0000,0.0000,0.0000,0.2778
2521.7000,0.0000,0.0000,0.0000,0.2778
2521.8000,0.0000,0.0000,0.0000,0.2778
2521.9000,0.0000,0.0000,0.0000,0.2778
2522.0000,0.0000,0.0000,0.0000,0.2778
2522.1000,0.0000,0.0000,0.0000,0.2778
2522.2000,0.0000,0.0000,0.0000,0.2778
2522.3000,0.0000,0.0000,0.0000,0.2778
2522.4000,0.0000,0.0000,0.0000,0.2778
2522.5000,0.0000,0.0000,0.0000,0.2778
2522.6000,0.0000,0.0000,0.0000,0.2778
2522.7000,0.0000,0.0000,0.0000,0.2778
2522.8000,0.0000,0.0000,0.0000,0.2778
2522.9000,0.0000,0.0000,0.0000,0.2778
2523.0000,0.0000,0.0000,0.0000,0.2778
2523.1000,0.0000,0.0000,0.0000,0.2778
2523.2000,0.0000,0.0000,0.0000,0.2778
2523.3000,0.0000,0.0000,0.0000,0.2778
2523.4000,0.0000,0.0000,0.0000,0.2778
2523.5000,0.0000,0.0000,0.0000,0.2778
2523.6000,0.0000,0.0000,0.0000,0.2778
2523.7000,0.0000,0.0000,0.0000,0.2778
2523.8000,0.0000,0.0000,0.0000,0.2778
2523.9000,0.0000,0.0000,0.0000,0.2778
2524.0000,0.0000,0.0000,0.0000,0.2778
2524.1000,0.0000,0.0000,0.0000,0.2778
2524.2000,0.0000,0.0000,0.0000,0.2778
2524.3000,0.0000,0.0000,0.0000,0.2778
2524.4000,0.0000,0.0000,0.0000,0.2778
2524.5000,0.0000,0.0000,0.0000,0.2778
2524.6000,0.0000,0.0000,0.0000,0.2778
2524.7000,0.0000,0.0000,0.0000,0.2778
2524.8000,0.0000,0.0000,0.0000,0.2778
2524.9000,0.0000,0.0000,0.0000,0.2778
2525.0000,0.0000,0.0000,0.0000,0.2778
2525.1000,0.0000,0.0000,0.0000,0.2778
2525.2000,0.0000,0.0000,0.0000,0.2778
2525.3000,0.0000,0.0000,0.0000,0.2778
2525.4000,0.0000,0.0000,0.0000,0.2778
2525.5000,0.0000,0.0000,0.0000,0.2778
2525.6000,0.0000,0.0000,0.0000,0.2778
2525.7000,0.0000,0.0000,0.0000,0.2778
2525.8000,0.0000,0.0000,0.0000,0.2778
2525.9000,0.0000,0.0000,0.0000,0.2778
2526.0000,0.0000,0.0000,0.0000,0.2778
2526.1000,0.0000,0.0000,0.0000,0.2778
2526.2000,0.0000,0.0000,0.0000,0.2778
2526.3000,0.0000,0.0000,0.0000,0.2778
2526.4000,0.0000,0.0000,0.0000,0.2778
2526.5000,0.0000,0.0000,0.0000,0.2778
2526.6000,0.0000,0.0000,0.0000,0.2778
2526.7000,0.0000,0.0000,0.0000,0.2778
2526.8000,0.0000,0.0000,0.0000,0.2778
2526.9000,0.0000,0.0000,0.0000,0.2778
2527.0000,0.0000,0.0000,0.0000,0.2778
2527.1000,0.0000,0.0000,0.0000,0.2778
2527.2000,0.0000,0.0000,0.0000,0.2778
2527.3000,0.0000,0.0000,0.0000,0.2778
2527.4000,0.0000,0.0000,0.0000,0.2778
2527.5000,0.0000,0.0000,0.0000,0.2778
2527.6000,0.0000,0.0000,0.0000,0.2778
2527.7000,0.0000,0.0000,0.0000,0.2778
2527.8000,0.0000,0.0000,0.0000,0.2778
2527.9000,0.0000,0.0000,0.0000,0.2778
2528.0000,0.0000,0.0000,0.0000,0.2778
2528.1000,0.0000,0.0000,0.0000,0.2778
2528.2000,0.0000,0.0000,0.0000,0.2778
2528.3000,0.0000,0.0000,0.0000,0.2778
2528.4000,0.0000,0.0000,0.0000,0.2778
2528.5000,0.0000,0.0000,0.0000,0.2778
2528.6000,0.0000,0.0000,0.0000,0.2778
2528.7000,0.0000,0.0000,0.0000,0.2778
2528.8000,0.0000,0.0000,0.0000,0.2778
2528.9000,0.0000,0.0000,0.0000,0.2778
2529.0000,0.0000,0.0000,0.0000,0.2778
2529.1000,0.0000,0.0000,0.0000,0.2778
2529.2000,0.0000,0.0000,0.0000,0.2778
2529.3000,0.0000,0.0000,0.0000,0.2778
2529.4000,0.0000,0.0000,0.0000,0.2778
2529.5000,0.0000,0.0000,0.0000,0.2778
2529.6000,0.0000,0.0000,0.0000,0.2778
2529.7000,0.0000,0.0000,0.0000,0.2778
2529.8000,0.0000,0.0000,0.0000,0.2778
2529.9000,0.0000,0.0000,0.0000,0.2778
2530.0000,0.0000,0.0000,0.0000,0.2778
2530.1000,0.0000,0.0000,0.0000,0.2778
2530.2000,0.0000,0.0000,0.0000,0.2778
2530.3000,0.0000,0.0000,0.0000,0.2778
2530.4000,0.0000,0.0000,0.0000,0.2778
2530.5000,0.0000,0.0000,0.0000,0.2778
2530.6000,0.0000,0.0000,0.0000,0.2778
2530.7000,0.0000,0.0000,0.0000,0.2778
2530.8000,0.0000,0.0000,0.0000,0.2778
2530.9000,0.0000,0.0000,0.0000,0.2778
2531.0000,0.0000,0.0000,0.0000,0.2778
2531.1000,0.2731,0.0000,0.4391,0.2778
2531.2000,0.5461,0.0000,1.0098,0.6308
2531.3000,0.9102,0.0000,2.1218,0.8205
2531.4000,1.3653,0.0000,3.5119,0.9514
2531.5000,1.8204,0.0000,4.6825,0.9994
2531.6000,2.2754,0.0000,5.8532,1.0500
2531.7000,2.7305,0.0000,7.0238,1.1020
2531.8000,3.1855,0.0000,8.1943,1.1567
2531.9000,3.6405,0.0000,9.3647,1.2140
2532.0000,4.0955,0.0000,10.5347,1.2737
2532.1000,4.5504,0.0000,11.7043,1.3345
2532.2000,5.0052,0.0000,12.8734,1.3995
2532.3000,5.4599,0.0000,14.0418,1.4683
2532.4000,5.9146,0.0000,15.2093,1.5400
2532.5000,6.3691,0.0000,16.3758,1.6143
2532.6000,6.8234,0.0000,17.5409,1.6900
2532.7000,7.2776,0.0000,18.7045,1.7670
2532.8000,7.7316,0.0000,19.8664,1.8451
2532.9000,8.1854,0.0000,21.0263,1.9231
2533.0000,8.6390,0.0000,22.1838,2.0017
2533.1000,9.0923,0.0000,23.3387,2.0813
2533.2000,9.5453,0.0000,24.4906,2.1620
2533.3000,9.9980,0.0000,25.6393,2.2437
2533.4000,10.4503,0.0000,26.7844,2.3253
2533.5000,10.9022,0.0000,27.9255,2.4079
2533.6000,11.3537,0.0000,29.0621,2.4914
2533.7000,11.8048,0.0000,30.1940,2.5762
2533.8000,12.2553,0.0000,31.3207,2.6619
2533.9000,12.7053,0.0000,32.4418,2.7486
2534.0000,13.1547,0.0000,33.5568,2.8367
2534.1000,13.6035,0.0000,34.6653,2.9260
2534.2000,14.0516,0.0000,35.7667,3.0162
2534.3000,14.4991,0.0000,36.8607,3.1075
2534.4000,14.9457,0.0000,37.9467,3.2000
2534.5000,15.3916,0.0000,39.0243,3.2938
2534.6000,15.8367,0.0000,40.0929,3.3883
2534.7000,16.2808,0.0000,41.1519,3.4854
2534.8000,16.7240,0.0000,42.2010,3.5842
2534.9000,17.1662,0.0000,43.2394,3.6843
2535.0000,17.6073,0.0000,44.2668,3.7850
2535.1000,18.0474,0.0000,45.2825,3.8867
2535.2000,18.4863,0.0000,46.2860,3.8356
2535.3000,18.9239,0.0000,47.2768,3.8951
2535.4000,19.3604,0.0000,48.2542,3.9542
2535.5000,19.7955,0.0000,49.2178,4.0129
2535.6000,20.2292,0.0000,50.1670,3.3592
2535.7000,20.6615,0.0000,51.1012,3.4231
2535.8000,21.0923,0.0000,52.0199,3.4865
2535.9000,21.5215,0.0000,52.9226,3.5492
2536.0000,21.9492,0.0000,53.8086,3.6113
2536.1000,22.3752,0.0000,54.6775,3.6726
2536.2000,22.7994,0.0000,55.5288,3.7333
2536.3000,23.2219,0.0000,56.3619,3.7932
2536.4000,23.6425,0.0000,57.1763,3.8523
2536.5000,24.0613,0.0000,57.9715,3.9106
2536.6000,24.4780,0.0000,58.6606,3.9633
2536.7000,24.8914,0.0000,59.1439,4.0045
2536.8000,25.3000,0.0000,59.4111,4.0338
2536.9000,25.7025,0.0000,59.4630,4.0510
2537.0000,26.0975,0.0000,59.3007,4.0561
2537.1000,26.4839,0.0000,59.0193,3.8584
2537.2000,26.8619,0.0000,58.7272,3.8101
2537.3000,27.2319,0.0000,58.4354,3.7743
2537.4000,27.5942,0.0000,58.1439,3.7631
2537.5000,27.9491,0.0000,57.8527,3.7520
2537.6000,28.2969,0.0000,57.5618,3.7410
2537.7000,28.6379,0.0000,57.2713,3.7299
2537.8000,28.9723,0.0000,56.9813,3.7189
2537.9000,29.3003,0.0000,56.6917,3.7080
2538.0000,29.6222,0.0000,56.4026,3.6970
2538.1000,29.9382,0.0000,56.1141,3.6861
2538.2000,30.2484,0.0000,55.8262,3.6753
2538.3000,30.5531,0.0000,55.5390,3.6644
2538.4000,30.8525,0.0000,55.2525,3.6536
2538.5000,31.1466,0.0000,54.9667,3.6428
2538.6000,31.4356,0.0000,54.6817,3.6321
2538.7000,31.7198,0.0000,54.3976,3.6214
2538.8000,31.9992,0.0000,54.1144,3.6108
2538.9000,32.2739,0.0000,53.8321,3.6001
2539.0000,32.5442,0.0000,53.5508,3.5896
2539.1000,32.8100,0.0000,53.2705,3.5790
2539.2000,33.0716,0.0000,52.9912,3.5685
2539.3000,33.3290,0.0000,52.7131,3.5581
2539.4000,33.5824,0.0000,52.4361,3.5477
2539.5000,33.8318,0.0000,52.1603,3.3536
2539.6000,34.0774,0.0000,51.8856,3.3332
2539.7000,34.3192,0.0000,51.6123,3.3204
2539.8000,34.5573,0.0000,51.3401,3.3077
2539.9000,34.7918,0.0000,51.0693,3.2950
2540.0000,35.0228,0.0000,50.7999,3.2824
2540.1000,35.2505,0.0000,50.5317,3.2699
2540.2000,35.4747,0.0000,50.2650,3.2574
2540.3000,35.6957,0.0000,49.9997,3.2451
2540.4000,35.9135,0.0000,49.7358,3.2327
2540.5000,36.1281,0.0000,49.4734,3.2205
2540.6000,36.3397,0.0000,49.2124,3.2084
2540.7000,36.5483,0.0000,48.9529,3.1963
2540.8000,36.7539,0.0000,48.6950,3.1843
2540.9000,36.9567,0.0000,48.4386,3.1723
2541.0000,37.1566,0.0000,48.1837,3.1605
2541.1000,37.3537,0.0000,47.9304,3.1487
2541.2000,37.5482,0.0000,47.6787,3.1370
2541.3000,37.7400,0.0000,47.4286,3.1253
2541.4000,37.9291,0.0000,47.1801,3.1138
2541.5000,38.1158,0.0000,46.9332,3.1023
2541.6000,38.2999,0.0000,46.6879,3.0909
2541.7000,38.4815,0.0000,46.4443,3.0796
2541.8000,38.6607,0.0000,46.2023,3.0684
2541.9000,38.8376,0.0000,45.9620,3.0572
2542.0000,39.0121,0.0000,45.7233,3.0462
2542.1000,39.1843,0.0000,45.4863,3.0352
2542.2000,39.3543,0.0000,45.2510,3.0243
2542.3000,39.5221,0.0000,45.0173,3.0134
2542.4000,39.6877,0.0000,44.7853,3.0027
2542.5000,39.8512,0.0000,44.5550,2.9920
2542.6000,40.0126,0.0000,44.3264,2.9814
2542.7000,40.1719,0.0000,44.0995,2.9709
2542.8000,40.3292,0.0000,43.8743,2.9605
2542.9000,40.4845,0.0000,43.6507,2.9502
2543.0000,40.6379,0.0000,43.4289,2.9399
2543.1000,40.7893,0.0000,43.2087,2.9297
2543.2000,40.9388,0.0000,42.9903,2.9196
2543.3000,41.0865,0.0000,42.7735,2.9096
2543.4000,41.2323,0.0000,42.5584,2.8997
2543.5000,41.3764,0.0000,42.3450,2.8898
2543.6000,41.5186,0.0000,42.1332,2.8800
2543.7000,41.6591,0.0000,41.9232,2.8703
2543.8000,41.7979,0.0000,41.7148,2.8607
2543.9000,41.9350,0.0000,41.5081,2.8511
2544.0000,42.0705,0.0000,41.3031,2.8417
2544.1000,42.2043,0.0000,41.0997,2.8323
2544.2000,42.3365,0.0000,41.2685,2.8436
2544.3000,42.4704,0.0000,41.8511,2.8778
2544.4000,42.6063,0.0000,42.4528,2.9132
2544.5000,42.7441,0.0000,42.9514,2.9428
2544.6000,42.8830,0.0000,43.3232,2.9655
2544.7000,43.0226,0.0000,43.2311,2.9624
2544.8000,43.1591,0.0000,42.6063,2.9297
2544.9000,43.2918,0.0000,41.8831,2.8915
2545.0000,43.4206,0.0000,41.1009,2.8500
2545.1000,43.5451,0.0000,40.1002,2.7977
2545.2000,43.6640,0.0000,38.8180,2.7328
2545.3000,43.7762,0.0000,37.3964,2.5635
2545.4000,43.8818,0.0000,35.8187,2.4744
2545.5000,43.9794,0.0000,34.2019,2.3830
2545.6000,44.0702,0.0000,32.8108,2.3045
2545.7000,44.1551,0.0000,31.8153,2.2485
2545.8000,44.2367,0.0000,31.0132,2.2035
2545.9000,44.3141,0.0000,30.3576,2.1668
2546.0000,44.3895,0.0000,30.0059,2.1474
2546.1000,44.4633,0.0000,29.9944,2.1474
2546.2000,44.5380,0.0000,30.0225,2.1496
2546.3000,44.6115,0.0000,29.9845,2.1481
2546.4000,44.6853,0.0000,29.9259,2.1454
2546.5000,44.7578,0.0000,29.5595,2.1252
2546.6000,44.8279,0.0000,28.8717,2.0866
2546.7000,44.8940,0.0000,28.1662,2.0470
2546.8000,44.9577,0.0000,27.7651,2.0248
2546.9000,45.0200,0.0000,27.5056,2.0105
2547.0000,45.0811,0.0000,27.2464,1.9963
2547.1000,45.1408,0.0000,26.9454,1.9802
2547.2000,45.1989,0.0000,26.6596,1.9656
2547.3000,45.2558,0.0000,26.3136,1.9477
2547.4000,45.3107,0.0000,26.0036,1.9318
2547.5000,45.3646,0.0000,26.0064,1.9326
2547.6000,45.4191,0.0000,26.1861,1.9430
2547.7000,45.4741,0.0000,26.2961,1.9496
2547.8000,45.5292,0.0000,26.5083,1.9617
2547.9000,45.5856,0.0000,26.8629,1.9815
2548.0000,45.6432,0.0000,27.0165,1.9905
2548.1000,45.7005,0.0000,26.9425,1.9873
2548.2000,45.7571,0.0000,26.7331,1.9768
2548.3000,45.8122,0.0000,26.2440,1.9512
2548.4000,45.8644,0.0000,25.5871,1.9164
2548.5000,45.9138,0.0000,24.8648,1.8780
2548.6000,45.9597,0.0000,24.0305,1.8333
2548.7000,46.0020,0.0000,23.1707,1.7871
2548.8000,46.0406,0.0000,22.1786,1.7335
2548.9000,46.0744,0.0000,20.7800,1.6573
2549.0000,46.1013,0.0000,19.1741,1.5693
2549.1000,46.1219,0.0000,17.8714,1.4975
2549.2000,46.1380,0.0000,16.7227,1.4339
2549.3000,46.1491,0.0000,15.8135,1.3833
2549.4000,46.1577,0.0000,15.4715,1.3643
2549.5000,46.1660,0.0000,15.5322,1.3678
2549.6000,46.1751,0.0000,15.8379,1.3850
2549.7000,46.1857,0.0000,16.5911,1.4271
2549.8000,46.2009,0.0000,17.3658,1.4703
2549.9000,46.2179,0.0000,17.8999,1.5002
2550.0000,46.2374,0.0000,18.5734,1.5377
2550.1000,46.2597,0.0000,18.9773,1.5603
2550.2000,46.2824,0.0000,18.8103,1.5513
2550.3000,46.3032,0.0000,18.4196,1.5300
2550.4000,46.3226,0.0000,18.1487,1.5152
2550.5000,46.3411,0.0000,18.1929,1.5179
2550.6000,46.3607,0.0000,18.3810,1.5285
2550.7000,46.3807,0.0000,18.4225,1.5310
2550.8000,46.4005,0.0000,18.4946,1.5353
2550.9000,46.4210,0.0000,18.3516,1.5276
2551.0000,46.4396,0.0000,17.7380,1.4938
2551.1000,46.4549,0.0000,17.1661,1.4622
2551.2000,46.4688,0.0000,16.8754,1.4462
2551.3000,46.4817,0.0000,16.4883,1.4248
2551.4000,46.4923,0.0000,15.8718,1.3906
2551.5000,46.5002,0.0000,15.0874,1.3468
2551.6000,46.5044,0.0000,13.9682,1.2841
2551.7000,46.5032,0.0000,12.7732,1.2168
2551.8000,46.4977,0.0000,11.8938,1.1671
2551.9000,46.4893,0.0000,11.4937,1.1443
2552.0000,46.4806,0.0000,11.4483,1.1417
2552.1000,46.4719,0.0000,11.7301,1.1575
2552.2000,46.4656,0.0000,12.2430,1.1865
2552.3000,46.4611,0.0000,12.6627,1.2101
2552.4000,46.4582,0.0000,12.8540,1.2209
2552.5000,46.4552,0.0000,12.7707,1.2161
2552.6000,46.4516,0.0000,12.5595,1.2042
2552.7000,46.4470,0.0000,12.3494,1.1923
2552.8000,46.4417,0.0000,12.2451,1.1863
2552.9000,46.4363,0.0000,12.4210,1.1962
2553.0000,46.4324,0.0000,12.8069,1.2179
2553.1000,46.4301,0.0000,13.0233,1.2301
2553.2000,46.4281,0.0000,12.9087,1.2236
2553.3000,46.4248,0.0000,12.5770,1.2049
2553.4000,46.4201,0.0000,12.2229,1.1848
2553.5000,46.4140,0.0000,12.0404,1.1744
2553.6000,46.4078,0.0000,12.1901,1.1828
2553.7000,46.4030,0.0000,12.5875,1.2052
2553.8000,46.4000,0.0000,13.1477,1.2368
2553.9000,46.3998,0.0000,13.4860,1.2558
2554.0000,46.3996,0.0000,13.6909,1.2673
2554.1000,46.4010,0.0000,14.0902,1.2898
2554.2000,46.4040,0.0000,14.6185,1.3194
2554.3000,46.4097,0.0000,15.3550,1.3607
2554.4000,46.4187,0.0000,16.2966,1.4134
2554.5000,46.4320,0.0000,17.0345,1.4546
2554.6000,46.4470,0.0000,17.2698,1.4679
2554.7000,46.4621,0.0000,17.1932,1.4638
2554.8000,46.4764,0.0000,16.8346,1.4440
2554.9000,46.4885,0.0000,16.1279,1.4048
2555.0000,46.4970,0.0000,15.2894,1.3581
2555.1000,46.5022,0.0000,14.5021,1.3140
2555.2000,46.5043,0.0000,13.7056,1.2693
2555.3000,46.5031,0.0000,13.2115,1.2415
2555.4000,46.5011,0.0000,13.4278,1.2537
2555.5000,46.5017,0.0000,13.8440,1.2771
2555.6000,46.5031,0.0000,14.2016,1.2972
2555.7000,46.5066,0.0000,14.7648,1.3288
2555.8000,46.5126,0.0000,15.2848,1.3580
2555.9000,46.5202,0.0000,15.7334,1.3831
2556.0000,46.5298,0.0000,16.3668,1.4186
2556.1000,46.5426,0.0000,17.0614,1.4574
2556.2000,46.5577,0.0000,17.6458,1.4901
2556.3000,46.5751,0.0000,18.0841,1.5146
2556.4000,46.5937,0.0000,17.9417,1.5069
2556.5000,46.6099,0.0000,17.3985,1.4770
2556.6000,46.6240,0.0000,16.9258,1.4508
2556.7000,46.6363,0.0000,16.6351,1.4348
2556.8000,46.6480,0.0000,16.5180,1.4284
2556.9000,46.6593,0.0000,16.6568,1.4363
2557.0000,46.6720,0.0000,17.0873,1.4604
2557.1000,46.6867,0.0000,17.5870,1.4883
2557.2000,46.7035,0.0000,17.9197,1.5070
2557.3000,46.7208,0.0000,18.0321,1.5134
2557.4000,46.7383,0.0000,17.8705,1.5047
2557.5000,46.7542,0.0000,17.4832,1.4834
2557.6000,46.7685,0.0000,17.2523,1.4707
2557.7000,46.7825,0.0000,17.2324,1.4698
2557.8000,46.7966,0.0000,17.3668,1.4774
2557.9000,46.8116,0.0000,17.6558,1.4936
2558.0000,46.8279,0.0000,17.9282,1.5089
2558.1000,46.8450,0.0000,4.5223,0.6937
2558.2000,46.7532,0.0000,-22.5283,0.0000
2558.3000,46.5521,0.0000,-49.5437,0.0000
2558.4000,46.2408,0.0000,-76.1046,0.0000
2558.5000,45.8207,0.0000,-101.9242,0.0000
2558.6000,45.2918,0.0000,-113.9289,0.0000
2558.7000,44.7629,0.0000,-112.7272,0.0000
2558.8000,44.2340,0.0000,-111.5210,0.0000
2558.9000,43.7051,0.0000,-110.3103,0.0000
2559.0000,43.1762,0.0000,-109.0952,0.0000
2559.1000,42.6473,0.0000,-107.8758,0.0000
2559.2000,42.1185,0.0000,-106.6520,0.0000
2559.3000,41.5896,0.0000,-105.4239,0.0000
2559.4000,41.0607,0.0000,-104.1916,0.0000
2559.5000,40.5318,0.0000,-102.9551,0.0000
2559.6000,40.0029,0.0000,-101.7146,0.0000
2559.7000,39.4740,0.0000,-100.4700,0.0000
2559.8000,38.9451,0.0000,-99.2214,0.0000
2559.9000,38.4162,0.0000,-97.9688,0.0000
2560.0000,37.8873,0.0000,-96.7124,0.0000
2560.1000,37.3584,0.0000,-95.4521,0.0000
2560.2000,36.8295,0.0000,-94.1880,0.0000
2560.3000,36.3006,0.0000,-92.9202,0.0000
2560.4000,35.7717,0.0000,-91.6487,0.0000
2560.5000,35.2428,0.0000,-90.3736,0.0000
2560.6000,34.7139,0.0000,-89.0949,0.0000
2560.7000,34.1850,0.0000,-87.8127,0.0000
2560.8000,33.6561,0.0000,-86.5270,0.0000
2560.9000,33.1273,0.0000,-85.2379,0.0000
2561.0000,32.5984,0.0000,-83.9455,0.0000
2561.1000,32.0695,0.0000,-82.6497,0.0000
2561.2000,31.5406,0.0000,-81.3508,0.0000
2561.3000,31.0117,0.0000,-80.0486,0.0000
2561.4000,30.4828,0.0000,-78.7432,0.0000
2561.5000,29.9539,0.0000,-77.4348,0.0000
2561.6000,29.4250,0.0000,-76.1233,0.0000
2561.7000,28.8961,0.0000,-74.8089,0.0000
2561.8000,28.3672,0.0000,-73.4915,0.0000
2561.9000,27.8383,0.0000,-72.1713,0.0000
2562.0000,27.3094,0.0000,-70.8482,0.0000
2562.1000,26.7805,0.0000,-69.5224,0.0000
2562.2000,26.2516,0.0000,-68.1938,0.0000
2562.3000,25.7227,0.0000,-66.8626,0.0000
2562.4000,25.1938,0.0000,-65.5288,0.0000
2562.5000,24.6649,0.0000,-64.1925,0.0000
2562.6000,24.1361,0.0000,-62.8536,0.0000
2562.7000,23.6072,0.0000,-61.5123,0.0000
2562.8000,23.0783,0.0000,-60.1686,0.0000
2562.9000,22.5494,0.0000,-58.8225,0.0000
2563.0000,22.0205,0.0000,-57.4742,0.0000
2563.1000,21.4916,0.0000,-56.1236,0.0000
2563.2000,20.9627,0.0000,-54.7709,0.0000
2563.3000,20.4338,0.0000,-53.4160,0.0000
2563.4000,19.9049,0.0000,-52.0591,0.2778
2563.5000,19.3760,0.0000,-50.7001,0.2778
2563.6000,18.8471,0.0000,-49.3392,0.2778
2563.7000,18.3182,0.0000,-47.9764,0.2778
2563.8000,17.7893,0.0000,-46.6117,0.2778
2563.9000,17.2604,0.0000,-45.2452,0.2778
2564.0000,16.7315,0.0000,-43.8769,0.2778
2564.1000,16.2026,0.0000,-42.5070,0.2778
2564.2000,15.6737,0.0000,-41.1354,0.2778
2564.3000,15.1449,0.0000,-39.7623,0.2778
2564.4000,14.6160,0.0000,-38.3876,0.2778
2564.5000,14.0871,0.0000,-37.0114,0.2778
2564.6000,13.5582,0.0000,-35.6338,0.2778
2564.7000,13.0293,0.0000,-34.2548,0.2778
2564.8000,12.5004,0.0000,-32.8745,0.2778
2564.9000,11.9715,0.0000,-31.4929,0.2778
2565.0000,11.4426,0.0000,-30.1101,0.2778
2565.1000,10.9137,0.0000,-28.7262,0.2778
2565.2000,10.3848,0.0000,-27.3411,0.2778
2565.3000,9.8559,0.0000,-25.9550,0.2778
2565.4000,9.3270,0.0000,-24.5679,0.2778
2565.5000,8.7981,0.0000,-23.1799,0.2778
2565.6000,8.2692,0.0000,-21.7910,0.2778
2565.7000,7.7403,0.0000,-20.4012,0.2778
2565.8000,7.2114,0.0000,-19.0106,0.2778
2565.9000,6.6825,0.0000,-17.6193,0.2778
2566.0000,6.1537,0.0000,-16.1303,0.2778
2566.1000,5.6307,0.0000,-14.4382,0.2778
2566.2000,5.1235,0.0000,-12.5927,0.2778
2566.3000,4.6409,0.0000,-10.6419,0.2778
2566.4000,4.1960,0.0000,-8.7149,0.2778
2566.5000,3.7950,0.0000,-7.0030,0.2778
2566.6000,3.4377,0.0000,-5.5927,0.2778
2566.7000,3.1193,0.0000,-4.4662,0.2778
2566.8000,2.8357,0.0000,-3.6056,0.2778
2566.9000,2.5778,0.0000,-2.9419,0.2778
2567.0000,2.3434,0.0000,-2.3968,0.2778
2567.1000,2.1304,0.0000,-1.9495,0.2778
2567.2000,1.9367,0.0000,-1.5826,0.2778
2567.3000,1.7606,0.0000,-1.2820,0.2778
2567.4000,1.6005,0.0000,-1.0359,0.2778
2567.5000,1.4550,0.0000,-0.8347,0.2778
2567.6000,1.3227,0.0000,-0.6704,0.2778
2567.7000,1.2024,0.0000,-0.5363,0.2778
2567.8000,1.0931,0.0000,-0.4271,0.2778
2567.9000,0.9937,0.0000,-0.3384,0.2778
2568.0000,0.9033,0.0000,-0.2664,0.2778
2568.1000,0.8212,0.0000,-0.2080,0.2778
2568.2000,0.7465,0.0000,-0.1609,0.2778
2568.3000,0.6786,0.0000,-0.1230,0.2778
2568.4000,0.6169,0.0000,-0.0926,0.2778
2568.5000,0.5608,0.0000,-0.0683,0.2778
2568.6000,0.5098,0.0000,-0.0489,0.2778
2568.7000,0.4635,0.0000,-0.0336,0.2778
2568.8000,0.4213,0.0000,-0.0216,0.2778
2568.9000,0.3830,0.0000,-0.0122,0.2778
2569.0000,0.3482,0.0000,-0.0049,0.2778
2569.1000,0.3165,0.0000,0.0006,0.2778
2569.2000,0.2878,0.0000,0.0047,0.2778
2569.3000,0.2616,0.0000,0.0077,0.2778
2569.4000,0.2378,0.0000,0.0099,0.2778
2569.5000,0.2162,0.0000,-0.1012,0.2778
2569.6000,0.0000,0.0000,-0.0000,0.2778
2569.7000,0.0000,0.0000,0.0000,0.2778
2569.8000,0.0000,0.0000,0.0000,0.2778
2569.9000,0.0000,0.0000,0.0000,0.2778
2570.0000,0.0000,0.0000,0.0000,0.2778
2570.1000,0.0000,0.0000,0.0000,0.2778
2570.2000,0.0000,0.0000,0.0000,0.2778
2570.3000,0.0000,0.0000,0.0000,0.2778
2570.4000,0.0000,0.0000,0.0000,0.2778
2570.5000,0.0000,0.0000,0.0000,0.2778
2570.6000,0.0000,0.0000,0.0000,0.2778
2570.7000,0.0000,0.0000,0.0000,0.2778
2570.8000,0.0000,0.0000,0.0000,0.2778
2570.9000,0.0000,0.0000,0.0000,0.2778
2571.0000,0.0000,0.0000,0.0000,0.2778
2571.1000,0.0000,0.0000,0.0000,0.2778
2571.2000,0.0000,0.0000,0.0000,0.2778
2571.3000,0.0000,0.0000,0.0000,0.2778
2571.4000,0.0000,0.0000,0.0000,0.2778
2571.5000,0.0000,0.0000,0.0000,0.2778
2571.6000,0.0000,0.0000,0.0000,0.2778
2571.7000,0.0000,0.0000,0.0000,0.2778
2571.8000,0.0000,0.0000,0.0000,0.2778
2571.9000,0.0000,0.0000,0.0000,0.2778
2572.0000,0.0000,0.0000,0.0000,0.2778
2572.1000,0.0000,0.0000,0.0000,0.2778
2572.2000,0.0000,0.0000,0.0000,0.2778
2572.3000,0.0000,0.0000,0.0000,0.2778
2572.4000,0.0000,0.0000,0.0000,0.2778
2572.5000,0.0000,0.0000,0.0000,0.2778
2572.6000,0.0000,0.0000,0.0000,0.2778
2572.7000,0.0000,0.0000,0.0000,0.2778
2572.8000,0.0000,0.0000,0.0000,0.2778
2572.9000,0.0000,0.0000,0.0000,0.2778
2573.0000,0.0000,0.0000,0.0000,0.2778
2573.1000,0.0000,0.0000,0.0000,0.2778
2573.2000,0.0000,0.0000,0.0000,0.2778
2573.3000,0.0000,0.0000,0.0000,0.2778
2573.4000,0.0000,0.0000,0.0000,0.2778
2573.5000,0.0000,0.0000,0.0000,0.2778
2573.6000,0.0000,0.0000,0.0000,0.2778
2573.7000,0.0000,0.0000,0.0000,0.2778
2573.8000,0.0000,0.0000,0.0000,0.2778
2573.9000,0.0000,0.0000,0.0000,0.2778
2574.0000,0.0000,0.0000,0.0000,0.2778
2574.1000,0.0000,0.0000,0.0000,0.2778
2574.2000,0.0000,0.0000,0.0000,0.2778
2574.3000,0.0000,0.0000,0.0000,0.2778
2574.4000,0.0000,0.0000,0.0000,0.2778
2574.5000,0.0000,0.0000,0.0000,0.2778
2574.6000,0.0000,0.0000,0.0000,0.2778
2574.7000,0.0000,0.0000,0.0000,0.2778
2574.8000,0.0000,0.0000,0.0000,0.2778
2574.9000,0.0000,0.0000,0.0000,0.2778
2575.0000,0.0000,0.0000,0.0000,0.2778
2575.1000,0.0000,0.0000,0.0000,0.2778
2575.2000,0.0000,0.0000,0.0000,0.2778
2575.3000,0.0000,0.0000,0.0000,0.2778
2575.4000,0.0000,0.0000,0.0000,0.2778
2575.5000,0.0000,0.0000,0.0000,0.2778
2575.6000,0.0000,0.0000,0.0000,0.2778
2575.7000,0.0000,0.0000,0.0000,0.2778
2575.8000,0.0000,0.0000,0.0000,0.2778
2575.9000,0.0000,0.0000,0.0000,0.2778
2576.0000,0.0000,0.0000,0.0000,0.2778
2576.1000,0.0000,0.0000,0.0000,0.2778
2576.2000,0.0000,0.0000,0.0000,0.2778
2576.3000,0.0000,0.0000,0.0000,0.2778
2576.4000,0.0000,0.0000,0.0000,0.2778
2576.5000,0.0000,0.0000,0.0000,0.2778
2576.6000,0.0000,0.0000,0.0000,0.2778
2576.7000,0.0000,0.0000,0.0000,0.2778
2576.8000,0.0000,0.0000,0.0000,0.2778
2576.9000,0.0000,0.0000,0.0000,0.2778
2577.0000,0.0000,0.0000,0.0000,0.2778
2577.1000,0.0000,0.0000,0.0000,0.2778
2577.2000,0.0000,0.0000,0.0000,0.2778
2577.3000,0.0000,0.0000,0.0000,0.2778
2577.4000,0.0000,0.0000,0.0000,0.2778
2577.5000,0.0000,0.0000,0.0000,0.2778
2577.6000,0.0000,0.0000,0.0000,0.2778
2577.7000,0.0000,0.0000,0.0000,0.2778
2577.8000,0.0000,0.0000,0.0000,0.2778
2577.9000,0.0000,0.0000,0.0000,0.2778
2578.0000,0.0000,0.0000,0.0000,0.2778
2578.1000,0.0000,0.0000,0.0000,0.2778
2578.2000,0.0000,0.0000,0.0000,0.2778
2578.3000,0.0000,0.0000,0.0000,0.2778
2578.4000,0.0000,0.0000,0.0000,0.2778
2578.5000,0.0000,0.0000,0.0000,0.2778
2578.6000,0.0000,0.0000,0.0000,0.2778
2578.7000,0.0000,0.0000,0.0000,0.2778
2578.8000,0.0000,0.0000,0.0000,0.2778
2578.9000,0.0000,0.0000,0.0000,0.2778
2579.0000,0.0000,0.0000,0.0000,0.2778
2579.1000,0.0000,0.0000,0.0000,0.2778
2579.2000,0.0000,0.0000,0.0000,0.2778
2579.3000,0.0000,0.0000,0.0000,0.2778
2579.4000,0.0000,0.0000,0.0000,0.2778
2579.5000,0.0000,0.0000,0.0000,0.2778
2579.6000,0.0000,0.0000,0.0000,0.2778
2579.7000,0.0000,0.0000,0.0000,0.2778
2579.8000,0.0000,0.0000,0.0000,0.2778
2579.9000,0.0000,0.0000,0.0000,0.2778
2580.0000,0.0000,0.0000,0.0000,0.2778
2580.1000,0.0000,0.0000,0.0000,0.2778
2580.2000,0.0000,0.0000,0.0000,0.2778
2580.3000,0.0000,0.0000,0.0000,0.2778
2580.4000,0.0000,0.0000,0.0000,0.2778
2580.5000,0.0000,0.0000,0.0000,0.2778
2580.6000,0.0000,0.0000,0.0000,0.2778
2580.7000,0.0000,0.0000,0.0000,0.2778
2580.8000,0.0000,0.0000,0.0000,0.2778
2580.9000,0.0000,0.0000,0.0000,0.2778
2581.0000,0.0000,0.0000,0.0000,0.2778
2581.1000,0.0000,0.0000,0.0000,0.2778
2581.2000,0.0000,0.0000,0.0000,0.2778
2581.3000,0.0000,0.0000,0.0000,0.2778
2581.4000,0.0000,0.0000,0.0000,0.2778
2581.5000,0.0000,0.0000,0.0000,0.2778
2581.6000,0.0000,0.0000,0.0000,0.2778
2581.7000,0.0000,0.0000,0.0000,0.2778
2581.8000,0.0000,0.0000,0.0000,0.2778
2581.9000,0.0000,0.0000,0.0000,0.2778
2582.0000,0.0000,0.0000,0.0000,0.2778
2582.1000,0.0000,0.0000,0.0000,0.2778
2582.2000,0.0000,0.0000,0.0000,0.2778
2582.3000,0.0000,0.0000,0.0000,0.2778
2582.4000,0.0000,0.0000,0.0000,0.2778
2582.5000,0.0000,0.0000,0.0000,0.2778
2582.6000,0.0000,0.0000,0.0000,0.2778
2582.7000,0.0000,0.0000,0.0000,0.2778
2582.8000,0.0000,0.0000,0.0000,0.2778
2582.9000,0.0000,0.0000,0.0000,0.2778
2583.0000,0.0000,0.0000,0.0000,0.2778
2583.1000,0.0000,0.0000,0.0000,0.2778
2583.2000,0.0000,0.0000,0.0000,0.2778
2583.3000,0.0000,0.0000,0.0000,0.2778
2583.4000,0.0000,0.0000,0.0000,0.2778
2583.5000,0.0000,0.0000,0.0000,0.2778
2583.6000,0.0000,0.0000,0.0000,0.2778
2583.7000,0.0000,0.0000,0.0000,0.2778
2583.8000,0.0000,0.0000,0.0000,0.2778
2583.9000,0.0000,0.0000,0.0000,0.2778
2584.0000,0.0000,0.0000,0.0000,0.2778
2584.1000,0.0000,0.0000,0.0000,0.2778
2584.2000,0.0000,0.0000,0.0000,0.2778
2584.3000,0.0000,0.0000,0.0000,0.2778
2584.4000,0.0000,0.0000,0.0000,0.2778
2584.5000,0.0000,0.0000,0.0000,0.2778
2584.6000,0.0000,0.0000,0.0000,0.2778
2584.7000,0.0000,0.0000,0.0000,0.2778
2584.8000,0.0000,0.0000,0.0000,0.2778
2584.9000,0.0000,0.0000,0.0000,0.2778
2585.0000,0.0000,0.0000,0.0000,0.2778
2585.1000,0.0000,0.0000,0.0000,0.2778
2585.2000,0.0000,0.0000,0.0000,0.2778
2585.3000,0.0000,0.0000,0.0000,0.2778
2585.4000,0.0000,0.0000,0.0000,0.2778
2585.5000,0.0000,0.0000,0.0000,0.2778
2585.6000,0.0000,0.0000,0.0000,0.2778
2585.7000,0.0000,0.0000,0.0000,0.2778
2585.8000,0.0000,0.0000,0.0000,0.2778
2585.9000,0.0000,0.0000,0.0000,0.2778
2586.0000,0.0000,0.0000,0.0000,0.2778
2586.1000,0.0000,0.0000,0.0000,0.2778
2586.2000,0.0000,0.0000,0.0000,0.2778
2586.3000,0.0000,0.0000,0.0000,0.2778
2586.4000,0.0000,0.0000,0.0000,0.2778
2586.5000,0.0000,0.0000,0.0000,0.2778
2586.6000,0.0000,0.0000,0.0000,0.2778
2586.7000,0.0000,0.0000,0.0000,0.2778
2586.8000,0.0000,0.0000,0.0000,0.2778
2586.9000,0.0000,0.0000,0.0000,0.2778
2587.0000,0.0000,0.0000,0.0000,0.2778
2587.1000,0.0000,0.0000,0.0000,0.2778
2587.2000,0.0000,0.0000,0.0000,0.2778
2587.3000,0.0000,0.0000,0.0000,0.2778
2587.4000,0.0000,0.0000,0.0000,0.2778
2587.5000,0.0000,0.0000,0.0000,0.2778
2587.6000,0.0000,0.0000,0.0000,0.2778
2587.7000,0.2703,0.0000,0.4308,0.2778
2587.8000,0.5407,0.0000,0.9907,0.6544
2587.9000,0.9011,0.0000,2.0812,0.8121
2588.0000,1.3517,0.0000,3.4444,0.9410
2588.1000,1.8022,0.0000,4.5926,0.9881
2588.2000,2.2528,0.0000,5.7408,1.0378
2588.3000,2.7033,0.0000,6.8889,1.0887
2588.4000,3.1538,0.0000,8.0370,1.1425
2588.5000,3.6043,0.0000,9.1849,1.1985
2588.6000,4.0547,0.0000,10.3325,1.2572
2588.7000,4.5050,0.0000,11.4797,1.3167
2588.8000,4.9553,0.0000,12.6264,1.3802
2588.9000,5.4056,0.0000,13.7725,1.4476
2589.0000,5.8557,0.0000,14.9177,1.5179
2589.1000,6.3057,0.0000,16.0619,1.5907
2589.2000,6.7555,0.0000,17.2049,1.6650
2589.3000,7.2052,0.0000,18.3465,1.7405
2589.4000,7.6547,0.0000,19.4864,1.8171
2589.5000,8.1041,0.0000,20.6244,1.8939
2589.6000,8.5532,0.0000,21.7601,1.9710
2589.7000,9.0020,0.0000,22.8934,2.0492
2589.8000,9.4505,0.0000,24.0240,2.1283
2589.9000,9.8988,0.0000,25.1514,2.2085
2590.0000,10.3467,0.0000,26.2754,2.2888
2590.1000,10.7942,0.0000,27.3955,2.3698
2590.2000,11.2413,0.0000,28.5116,2.4518
2590.3000,11.6879,0.0000,29.6231,2.5349
2590.4000,12.1341,0.0000,30.7296,2.6191
2590.5000,12.5798,0.0000,31.8308,2.7042
2590.6000,13.0249,0.0000,32.9263,2.7905
2590.7000,13.4694,0.0000,34.0155,2.8781
2590.8000,13.9133,0.0000,35.0981,2.9667
2590.9000,14.3565,0.0000,36.1736,3.0562
2591.0000,14.7989,0.0000,37.2416,3.1469
2591.1000,15.2406,0.0000,38.3014,3.2389
2591.2000,15.6815,0.0000,39.3528,3.3318
2591.3000,16.1216,0.0000,40.3951,3.4266
2591.4000,16.5607,0.0000,41.4278,3.5235
2591.5000,16.9988,0.0000,42.4505,3.6217
2591.6000,17.4360,0.0000,43.4627,3.7207
2591.7000,17.8721,0.0000,44.4637,3.8205
2591.8000,18.3071,0.0000,45.4531,3.7765
2591.9000,18.7409,0.0000,46.4304,3.8352
2592.0000,19.1735,0.0000,47.3950,3.8935
2592.1000,19.6048,0.0000,48.3464,3.9514
2592.2000,20.0348,0.0000,49.2840,3.3042
2592.3000,20.4635,0.0000,50.2074,3.3674
2592.4000,20.8907,0.0000,51.1160,3.4299
2592.5000,21.3164,0.0000,52.0092,3.4919
2592.6000,21.7405,0.0000,52.8866,3.5532
2592.7000,22.1631,0.0000,53.7476,3.6139
2592.8000,22.5840,0.0000,54.5918,3.6738
2592.9000,23.0031,0.0000,55.4185,3.7331
2593.0000,23.4205,0.0000,56.2275,3.7917
2593.1000,23.8361,0.0000,57.0180,3.8495
2593.2000,24.2498,0.0000,57.7665,3.9052
2593.3000,24.6611,0.0000,58.3773,3.9534
2593.4000,25.0687,0.0000,58.7764,3.9898
2593.5000,25.4710,0.0000,58.9641,4.0145
2593.6000,25.8669,0.0000,58.9411,4.0274
2593.7000,26.2551,0.0000,58.7339,4.0299
2593.8000,26.6348,0.0000,58.4468,3.8038
2593.9000,27.0065,0.0000,58.1601,3.7580
2594.0000,27.3703,0.0000,57.8736,3.7445
2594.1000,27.7267,0.0000,57.5874,3.7337
2594.2000,28.0760,0.0000,57.3016,3.7228
2594.3000,28.4183,0.0000,57.0161,3.7120
2594.4000,28.7541,0.0000,56.7310,3.7013
2594.5000,29.0834,0.0000,56.4463,3.6905
2594.6000,29.4066,0.0000,56.1621,3.6798
2594.7000,29.7238,0.0000,55.8784,3.6692
2594.8000,30.0352,0.0000,55.5953,3.6585
2594.9000,30.3410,0.0000,55.3129,3.6479
2595.0000,30.6415,0.0000,55.0310,3.6373
2595.1000,30.9367,0.0000,54.7499,3.6268
2595.2000,31.2268,0.0000,54.4696,3.6163
2595.3000,31.5120,0.0000,54.1900,3.6058
2595.4000,31.7924,0.0000,53.9113,3.5954
2595.5000,32.0682,0.0000,53.6335,3.5850
2595.6000,32.3394,0.0000,53.3566,3.5746
2595.7000,32.6063,0.0000,53.0807,3.5643
2595.8000,32.8688,0.0000,52.8057,3.5540
2595.9000,33.1272,0.0000,52.5319,3.5438
2596.0000,33.3815,0.0000,52.2591,3.5336
2596.1000,33.6318,0.0000,51.9874,3.5234
2596.2000,33.8783,0.0000,51.7169,3.3218
2596.3000,34.1210,0.0000,51.4476,3.3092
2596.4000,34.3600,0.0000,51.1795,3.2967
2596.5000,34.5954,0.0000,50.9127,3.2842
2596.6000,34.8273,0.0000,50.6471,3.2718
2596.7000,35.0558,0.0000,50.3829,3.2595
2596.8000,35.2809,0.0000,50.1200,3.2473
2596.9000,35.5027,0.0000,49.8584,3.2351
2597.0000,35.7213,0.0000,49.5982,3.2230
2597.1000,35.9368,0.0000,49.3395,3.2109
2597.2000,36.1492,0.0000,49.0821,3.1989
2597.3000,36.3586,0.0000,48.8262,3.1870
2597.4000,36.5651,0.0000,48.5718,3.1752
2597.5000,36.7686,0.0000,48.3189,3.1635
2597.6000,36.9694,0.0000,48.0674,3.1518
2597.7000,37.1673,0.0000,47.8175,3.1402
2597.8000,37.3626,0.0000,47.5691,3.1287
2597.9000,37.5551,0.0000,47.3223,3.1172
2598.0000,37.7451,0.0000,47.0770,3.1058
2598.1000,37.9325,0.0000,46.8333,3.0945
2598.2000,38.1174,0.0000,46.5911,3.0833
2598.3000,38.2998,0.0000,46.3506,3.0722
2598.4000,38.4798,0.0000,46.1116,3.0611
2598.5000,38.6575,0.0000,45.8743,3.0501
2598.6000,38.8328,0.0000,45.6386,3.0392
2598.7000,39.0058,0.0000,45.4045,3.0284
2598.8000,39.1765,0.0000,45.1720,3.0176
2598.9000,39.3450,0.0000,44.9412,3.0069
2599.0000,39.5114,0.0000,44.7119,2.9963
2599.1000,39.6756,0.0000,44.4844,2.9858
2599.2000,39.8378,0.0000,44.2585,2.9754
2599.3000,39.9979,0.0000,44.0342,2.9650
2599.4000,40.1559,0.0000,43.8116,2.9547
2599.5000,40.3120,0.0000,43.5906,2.9445
2599.6000,40.4661,0.0000,43.2773,2.9292
2599.7000,40.6174,0.0000,42.9091,2.9107
2599.8000,40.7662,0.0000,42.6193,2.8967
2599.9000,40.9131,0.0000,42.4080,2.8869
2600.0000,41.0584,0.0000,42.1086,2.8723
2600.1000,41.2008,0.0000,41.5159,2.8413
2600.2000,41.3390,0.0000,40.4859,2.7860
2600.3000,41.4706,0.0000,39.0815,2.7099
2600.4000,41.5946,0.0000,37.5725,2.6286
2600.5000,41.7111,0.0000,36.0724,2.5522
2600.6000,41.8204,0.0000,34.7053,2.4823
2600.7000,41.9235,0.0000,33.5699,2.4243
2600.8000,42.0215,0.0000,32.6125,2.3754
2600.9000,42.1152,0.0000,31.7587,2.3318
2601.0000,42.2047,0.0000,30.9995,2.2930
2601.1000,42.2908,0.0000,30.3501,2.2599
2601.2000,42.3738,0.0000,29.8527,2.2349
2601.3000,42.4547,0.0000,29.3415,2.2090
2601.4000,42.5326,0.0000,28.5909,2.1702
2601.5000,42.6062,0.0000,27.8547,2.1320
2601.6000,42.6769,0.0000,27.3599,2.1067
2601.7000,42.7456,0.0000,26.7880,2.0771
2601.8000,42.8108,0.0000,26.3211,2.0531
2601.9000,42.8749,0.0000,26.4537,2.0614
2602.0000,42.9407,0.0000,26.6187,2.0714
2602.1000,43.0058,0.0000,26.4048,2.0610
2602.2000,43.0693,0.0000,26.3317,2.0581
2602.3000,43.1333,0.0000,26.4169,2.0638
2602.4000,43.1970,0.0000,25.9228,2.0382
2602.5000,43.2562,0.0000,25.2805,2.0045
2602.6000,43.3139,0.0000,25.1797,2.0001
2602.7000,43.3718,0.0000,25.2698,2.0059
2602.8000,43.4299,0.0000,25.2203,2.0042
2602.9000,43.4870,0.0000,25.0240,1.9946
2603.0000,43.5430,0.0000,24.6698,1.9764
2603.1000,43.5966,0.0000,23.9542,1.9385
2603.2000,43.6460,0.0000,23.0205,1.8886
2603.3000,43.6912,0.0000,22.0577,1.8369
2603.4000,43.7320,0.0000,21.1717,1.7892
2603.5000,43.7693,0.0000,20.6027,1.6200
2603.6000,43.8049,0.0000,20.6297,1.6219
2603.7000,43.8422,0.0000,20.8180,1.6326
2603.8000,43.8793,0.0000,20.8688,1.6358
2603.9000,43.9168,0.0000,21.0094,1.6439
2604.0000,43.9548,0.0000,21.0179,1.6448
2604.1000,43.9922,0.0000,20.5035,1.6172
2604.2000,44.0256,0.0000,19.8466,1.5817
2604.3000,44.0571,0.0000,19.3473,1.5547
2604.4000,44.0860,0.0000,18.9694,1.5342
2604.5000,44.1141,0.0000,18.5172,1.5097
2604.6000,44.1390,0.0000,17.9532,1.4789
2604.7000,44.1622,0.0000,17.5366,1.4562
2604.8000,44.1834,0.0000,17.2177,1.4388
2604.9000,44.2037,0.0000,16.9677,1.4252
2605.0000,44.2226,0.0000,17.0262,1.4286
2605.1000,44.2433,0.0000,17.5225,1.4563
2605.2000,44.2664,0.0000,17.9939,1.4826
2605.3000,44.2910,0.0000,18.3073,1.5002
2605.4000,44.3167,0.0000,18.4543,1.5086
2605.5000,44.3424,0.0000,18.2780,1.4992
2605.6000,44.3664,0.0000,17.9539,1.4816
2605.7000,44.3892,0.0000,17.6560,1.4654
2605.8000,44.4105,0.0000,17.4224,1.4527
2605.9000,44.4312,0.0000,17.5582,1.4605
2606.0000,44.4536,0.0000,18.0897,1.4901
2606.1000,44.4787,0.0000,18.6623,1.5219
2606.2000,44.5058,0.0000,19.1330,1.5481
2606.3000,44.5347,0.0000,19.4370,1.5652
2606.4000,44.5643,0.0000,19.3178,1.5590
2606.5000,44.5920,0.0000,19.0121,1.5425
2606.6000,44.6188,0.0000,18.6637,1.5236
2606.7000,44.6435,0.0000,18.2253,1.4998
2606.8000,44.6664,0.0000,17.8731,1.4806
2606.9000,44.6879,0.0000,17.7904,1.4763
2607.0000,44.7101,0.0000,17.6278,1.4675
2607.1000,44.7301,0.0000,17.2698,1.4479
2607.2000,44.7491,0.0000,17.1289,1.4404
2607.3000,44.7679,0.0000,17.0838,1.4381
2607.4000,44.7864,0.0000,16.9434,1.4305
2607.5000,44.8039,0.0000,16.7915,1.4223
2607.6000,44.8210,0.0000,16.5141,1.4071
2607.7000,44.8361,0.0000,15.8730,1.3716
2607.8000,44.8477,0.0000,15.1431,1.3311
2607.9000,44.8566,0.0000,14.3013,1.2841
2608.0000,44.8611,0.0000,13.3041,1.2283
2608.1000,44.8616,0.0000,12.3851,1.1766
2608.2000,44.8583,0.0000,11.7923,1.1431
2608.3000,44.8538,0.0000,11.1587,1.1073
2608.4000,44.8453,0.0000,10.3440,1.0610
2608.5000,44.8339,0.0000,9.7526,1.0273
2608.6000,44.8205,0.0000,9.3671,1.0052
2608.7000,44.8059,0.0000,9.0057,0.9845
2608.8000,44.7895,0.0000,8.9415,0.9806
2608.9000,44.7745,0.0000,9.2963,1.0007
2609.0000,44.7610,0.0000,9.6119,1.0185
2609.1000,44.7487,0.0000,9.8633,1.0327
2609.2000,44.7375,0.0000,10.1446,1.0485
2609.3000,44.7276,0.0000,10.3844,1.0620
2609.4000,44.7184,0.0000,10.6011,1.0742
2609.5000,44.7104,0.0000,11.0398,1.0990
2609.6000,44.7049,0.0000,11.7623,1.1397
2609.7000,44.7030,0.0000,12.4276,1.1772
2609.8000,44.7032,0.0000,12.7917,1.1977
2609.9000,44.7044,0.0000,13.2092,1.2212
2610.0000,44.7081,0.0000,13.6283,1.2448
2610.1000,44.7128,0.0000,13.4768,1.2363
2610.2000,44.7152,0.0000,13.0485,1.2123
2610.3000,44.7163,0.0000,12.8741,1.2025
2610.4000,44.7172,0.0000,12.7386,1.1949
2610.5000,44.7171,0.0000,12.5940,1.1868
2610.6000,44.7168,0.0000,12.8385,1.2005
2610.7000,44.7188,0.0000,13.4109,1.2327
2610.8000,44.7234,0.0000,14.0774,1.2701
2610.9000,44.7310,0.0000,14.4904,1.2933
2611.0000,44.7389,0.0000,14.5463,1.2965
2611.1000,44.7470,0.0000,14.5313,1.2958
2611.2000,44.7548,0.0000,14.4827,1.2931
2611.3000,44.7624,0.0000,14.4415,1.2909
2611.4000,44.7698,0.0000,14.4480,1.2914
2611.5000,44.7774,0.0000,14.6246,1.3013
2611.6000,44.7863,0.0000,14.9828,1.3214
2611.7000,44.7969,0.0000,15.2336,1.3355
2611.8000,44.8078,0.0000,15.1767,1.3325
2611.9000,44.8179,0.0000,15.1026,1.3285
2612.0000,44.8282,0.0000,14.7830,1.3107
2612.1000,44.8355,0.0000,14.0103,1.2676
2612.2000,44.8392,0.0000,13.2439,1.2247
2612.3000,44.8400,0.0000,12.5270,1.1843
2612.4000,44.8377,0.0000,11.5911,1.1315
2612.5000,44.8307,0.0000,10.7641,1.0847
2612.6000,44.8214,0.0000,10.3955,1.0637
2612.7000,44.8113,0.0000,10.4027,1.0640
2612.8000,44.8022,0.0000,10.8194,1.0875
2612.9000,44.7956,0.0000,11.6745,1.1358
2613.0000,44.7937,0.0000,12.8165,1.2001
2613.1000,44.7968,0.0000,13.6726,1.2482
2613.2000,44.8021,0.0000,13.9861,1.2659
2613.3000,44.8078,0.0000,13.9288,1.2627
2613.4000,44.8126,0.0000,13.6782,1.2487
2613.5000,44.8161,0.0000,13.2380,1.2241
2613.6000,44.8172,0.0000,12.7974,1.1993
2613.7000,44.8170,0.0000,12.6663,1.1919
2613.8000,44.8170,0.0000,12.5685,1.1864
2613.9000,44.8160,0.0000,12.4107,1.1775
2614.0000,44.8146,0.0000,12.3701,1.1752
2614.1000,44.8133,0.0000,12.4394,1.1791
2614.2000,44.8125,0.0000,12.4897,1.1819
2614.3000,44.8116,0.0000,12.6417,1.1905
2614.4000,44.8121,0.0000,12.8647,1.2030
2614.5000,44.8131,0.0000,13.0931,1.2159
2614.6000,44.8156,0.0000,13.4985,1.2387
2614.7000,44.8200,0.0000,3.3617,0.6018
2614.8000,44.7369,0.0000,-17.4048,0.0000
2614.9000,44.5663,0.0000,-38.0353,0.0000
2615.0000,44.3083,0.0000,-58.4808,0.0000
2615.1000,43.9620,0.0000,-78.7617,0.0000
2615.2000,43.5265,0.0000,-88.3613,0.0000
2615.3000,43.0911,0.0000,-87.5755,0.0000
2615.4000,42.6556,0.0000,-86.7866,0.0000
2615.5000,42.2201,0.0000,-85.9949,0.0000
2615.6000,41.7847,0.0000,-85.2002,0.0000
2615.7000,41.3492,0.0000,-84.4027,0.0000
2615.8000,40.9137,0.0000,-83.6023,0.0000
2615.9000,40.4783,0.0000,-82.7992,0.0000
2616.0000,40.0428,0.0000,-81.9932,0.0000
2616.1000,39.6074,0.0000,-81.1845,0.0000
2616.2000,39.1719,0.0000,-80.3731,0.0000
2616.3000,38.7364,0.0000,-79.5589,0.0000
2616.4000,38.3010,0.0000,-78.7422,0.0000
2616.5000,37.8655,0.0000,-77.9227,0.0000
2616.6000,37.4301,0.0000,-77.1007,0.0000
2616.7000,36.9946,0.0000,-76.2761,0.0000
2616.8000,36.5591,0.0000,-75.4490,0.0000
2616.9000,36.1237,0.0000,-74.6194,0.0000
2617.0000,35.6882,0.0000,-73.7873,0.0000
2617.1000,35.2528,0.0000,-72.9527,0.0000
2617.2000,34.8173,0.0000,-72.1157,0.0000
2617.3000,34.3818,0.0000,-71.2763,0.0000
2617.4000,33.9464,0.0000,-70.4345,0.0000
2617.5000,33.5109,0.0000,-69.5905,0.0000
2617.6000,33.0755,0.0000,-68.7441,0.0000
2617.7000,32.6400,0.0000,-67.8954,0.0000
2617.8000,32.2045,0.0000,-67.0445,0.0000
2617.9000,31.7691,0.0000,-66.1914,0.0000
2618.0000,31.3336,0.0000,-65.3361,0.0000
2618.1000,30.8982,0.0000,-64.4787,0.0000
2618.2000,30.4627,0.0000,-63.6191,0.0000
2618.3000,30.0272,0.0000,-62.7574,0.0000
2618.4000,29.5918,0.0000,-61.8937,0.0000
2618.5000,29.1563,0.0000,-61.0279,0.0000
2618.6000,28.7208,0.0000,-60.1602,0.0000
2618.7000,28.2854,0.0000,-59.2904,0.0000
2618.8000,27.8499,0.0000,-58.4187,0.0000
2618.9000,27.4145,0.0000,-57.5452,0.0000
2619.0000,26.9790,0.0000,-56.6697,0.0000
2619.1000,26.5435,0.0000,-55.7923,0.0000
2619.2000,26.1081,0.0000,-54.9132,0.0000
2619.3000,25.6726,0.0000,-54.0322,0.0000
2619.4000,25.2372,0.0000,-53.1495,0.0000
2619.5000,24.8017,0.0000,-52.2651,0.0000
2619.6000,24.3662,0.0000,-51.3789,0.0000
2619.7000,23.9308,0.0000,-50.4911,0.0000
2619.8000,23.4953,0.0000,-49.6016,0.0000
2619.9000,23.0599,0.0000,-48.7106,0.0000
2620.0000,22.6244,0.0000,-47.8179,0.0000
2620.1000,22.1889,0.0000,-46.9237,0.0000
2620.2000,21.7535,0.0000,-46.0279,0.0000
2620.3000,21.3180,0.0000,-45.1307,0.0000
2620.4000,20.8826,0.0000,-44.2320,0.0000
2620.5000,20.4471,0.0000,-43.3318,0.0000
2620.6000,20.0116,0.0000,-42.4303,0.0000
2620.7000,19.5762,0.0000,-41.5274,0.2778
2620.8000,19.1407,0.0000,-40.6231,0.2778
2620.9000,18.7053,0.0000,-39.7175,0.2778
2621.0000,18.2698,0.0000,-38.8107,0.2778
2621.1000,17.8343,0.0000,-37.9025,0.2778
2621.2000,17.3989,0.0000,-36.9932,0.2778
2621.3000,16.9634,0.0000,-36.0827,0.2778
2621.4000,16.5279,0.0000,-35.1709,0.2778
2621.5000,16.0925,0.0000,-34.2581,0.2778
2621.6000,15.6570,0.0000,-33.3442,0.2778
2621.7000,15.2216,0.0000,-32.4291,0.2778
2621.8000,14.7861,0.0000,-31.5131,0.2778
2621.9000,14.3506,0.0000,-30.5960,0.2778
2622.0000,13.9152,0.0000,-29.6779,0.2778
2622.1000,13.4797,0.0000,-28.7589,0.2778
2622.2000,13.0443,0.0000,-27.8389,0.2778
2622.3000,12.6088,0.0000,-26.9181,0.2778
2622.4000,12.1733,0.0000,-25.9964,0.2778
2622.5000,11.7379,0.0000,-25.0738,0.2778
2622.6000,11.3024,0.0000,-24.1504,0.2778
2622.7000,10.8670,0.0000,-23.2263,0.2778
2622.8000,10.4315,0.0000,-22.3014,0.2778
2622.9000,9.9960,0.0000,-21.3758,0.2778
2623.0000,9.5606,0.0000,-20.4495,0.2778
2623.1000,9.1251,0.0000,-19.5226,0.2778
2623.2000,8.6897,0.0000,-18.5950,0.2778
2623.3000,8.2542,0.0000,-17.6669,0.2778
2623.4000,7.8187,0.0000,-16.7381,0.2778
2623.5000,7.3833,0.0000,-15.8089,0.2778
2623.6000,6.9478,0.0000,-14.8791,0.2778
2623.7000,6.5124,0.0000,-13.9488,0.2778
2623.8000,6.0769,0.0000,-12.9678,0.2778
2623.9000,5.6446,0.0000,-11.8522,0.2778
2624.0000,5.2221,0.0000,-10.6067,0.2778
2624.1000,4.8158,0.0000,-9.2984,0.2778
2624.2000,4.4314,0.0000,-7.9825,0.2778
2624.3000,4.0740,0.0000,-6.7362,0.2778
2624.4000,3.7455,0.0000,-5.6449,0.2778
2624.5000,3.4434,0.0000,-4.7753,0.2778
2624.6000,3.1604,0.0000,-4.0737,0.2778
2624.7000,2.8953,0.0000,-3.4647,0.2778
2624.8000,2.6472,0.0000,-2.9372,0.2778
2624.9000,2.4151,0.0000,-2.4814,0.2778
2625.0000,2.1980,0.0000,-2.0572,0.2778
2625.1000,2.0004,0.0000,-1.6749,0.2778
2625.2000,1.8206,0.0000,-1.3609,0.2778
2625.3000,1.6569,0.0000,-1.1031,0.2778
2625.4000,1.5080,0.0000,-0.8918,0.2778
2625.5000,1.3724,0.0000,-0.7187,0.2778
2625.6000,1.2490,0.0000,-0.5772,0.2778
2625.7000,1.1368,0.0000,-0.4615,0.2778
2625.8000,1.0346,0.0000,-0.3672,0.2778
2625.9000,0.9416,0.0000,-0.2905,0.2778
2626.0000,0.8569,0.0000,-0.2281,0.2778
2626.1000,0.7799,0.0000,-0.1776,0.2778
2626.2000,0.7098,0.0000,-0.1368,0.2778
2626.3000,0.6460,0.0000,-0.1039,0.2778
2626.4000,0.5879,0.0000,-0.0775,0.2778
2626.5000,0.5351,0.0000,-0.0564,0.2778
2626.6000,0.4870,0.0000,-0.0396,0.2778
2626.7000,0.4432,0.0000,-0.0264,0.2778
2626.8000,0.4034,0.0000,-0.0160,0.2778
2626.9000,0.3671,0.0000,-0.0079,0.2778
2627.0000,0.3341,0.0000,-0.0017,0.2778
2627.1000,0.3041,0.0000,0.0030,0.2778
2627.2000,0.2767,0.0000,0.0065,0.2778
2627.3000,0.2519,0.0000,0.0091,0.2778
2627.4000,0.2292,0.0000,0.0109,0.2778
2627.5000,0.2086,0.0000,-0.0929,0.2778
2627.6000,0.0000,0.0000,-0.0000,0.2778
2627.7000,0.0000,0.0000,0.0000,0.2778
2627.8000,0.0000,0.0000,0.0000,0.2778
2627.9000,0.0000,0.0000,0.0000,0.2778
2628.0000,0.0000,0.0000,0.0000,0.2778
2628.1000,0.0000,0.0000,0.0000,0.2778
2628.2000,0.0000,0.0000,0.0000,0.2778
2628.3000,0.0000,0.0000,0.0000,0.2778
2628.4000,0.0000,0.0000,0.0000,0.2778
2628.5000,0.0000,0.0000,0.0000,0.2778
2628.6000,0.0000,0.0000,0.0000,0.2778
2628.7000,0.0000,0.0000,0.0000,0.2778
2628.8000,0.0000,0.0000,0.0000,0.2778
2628.9000,0.0000,0.0000,0.0000,0.2778
2629.0000,0.0000,0.0000,0.0000,0.2778
2629.1000,0.0000,0.0000,0.0000,0.2778
2629.2000,0.0000,0.0000,0.0000,0.2778
2629.3000,0.0000,0.0000,0.0000,0.2778
2629.4000,0.0000,0.0000,0.0000,0.2778
2629.5000,0.0000,0.0000,0.0000,0.2778
2629.6000,0.0000,0.0000,0.0000,0.2778
2629.7000,0.0000,0.0000,0.0000,0.2778
2629.8000,0.0000,0.0000,0.0000,0.2778
2629.9000,0.0000,0.0000,0.0000,0.2778
2630.0000,0.0000,0.0000,0.0000,0.2778
2630.1000,0.0000,0.0000,0.0000,0.2778
2630.2000,0.0000,0.0000,0.0000,0.2778
2630.3000,0.0000,0.0000,0.0000,0.2778
2630.4000,0.0000,0.0000,0.0000,0.2778
2630.5000,0.0000,0.0000,0.0000,0.2778
2630.6000,0.0000,0.0000,0.0000,0.2778
2630.7000,0.0000,0.0000,0.0000,0.2778
2630.8000,0.0000,0.0000,0.0000,0.2778
2630.9000,0.0000,0.0000,0.0000,0.2778
2631.0000,0.0000,0.0000,0.0000,0.2778
2631.1000,0.0000,0.0000,0.0000,0.2778
2631.2000,0.0000,0.0000,0.0000,0.2778
2631.3000,0.0000,0.0000,0.0000,0.2778
2631.4000,0.0000,0.0000,0.0000,0.2778
2631.5000,0.0000,0.0000,0.0000,0.2778
2631.6000,0.0000,0.0000,0.0000,0.2778
2631.7000,0.0000,0.0000,0.0000,0.2778
2631.8000,0.0000,0.0000,0.0000,0.2778
2631.9000,0.0000,0.0000,0.0000,0.2778
2632.0000,0.0000,0.0000,0.0000,0.2778
2632.1000,0.0000,0.0000,0.0000,0.2778
2632.2000,0.0000,0.0000,0.0000,0.2778
2632.3000,0.0000,0.0000,0.0000,0.2778
2632.4000,0.0000,0.0000,0.0000,0.2778
2632.5000,0.0000,0.0000,0.0000,0.2778
2632.6000,0.0000,0.0000,0.0000,0.2778
2632.7000,0.0000,0.0000,0.0000,0.2778
2632.8000,0.0000,0.0000,0.0000,0.2778
2632.9000,0.0000,0.0000,0.0000,0.2778
2633.0000,0.0000,0.0000,0.0000,0.2778
2633.1000,0.0000,0.0000,0.0000,0.2778
2633.2000,0.0000,0.0000,0.0000,0.2778
2633.3000,0.0000,0.0000,0.0000,0.2778
2633.4000,0.0000,0.0000,0.0000,0.2778
2633.5000,0.0000,0.0000,0.0000,0.2778
2633.6000,0.0000,0.0000,0.0000,0.2778
2633.7000,0.0000,0.0000,0.0000,0.2778
2633.8000,0.0000,0.0000,0.0000,0.2778
2633.9000,0.0000,0.0000,0.0000,0.2778
2634.0000,0.0000,0.0000,0.0000,0.2778
2634.1000,0.0000,0.0000,0.0000,0.2778
2634.2000,0.0000,0.0000,0.0000,0.2778
2634.3000,0.0000,0.0000,0.0000,0.2778
2634.4000,0.0000,0.0000,0.0000,0.2778
2634.5000,0.0000,0.0000,0.0000,0.2778
2634.6000,0.0000,0.0000,0.0000,0.2778
2634.7000,0.0000,0.0000,0.0000,0.2778
2634.8000,0.0000,0.0000,0.0000,0.2778
2634.9000,0.0000,0.0000,0.0000,0.2778
2635.0000,0.0000,0.0000,0.0000,0.2778
2635.1000,0.0000,0.0000,0.0000,0.2778
2635.2000,0.0000,0.0000,0.0000,0.2778
2635.3000,0.0000,0.0000,0.0000,0.2778
2635.4000,0.0000,0.0000,0.0000,0.2778
2635.5000,0.0000,0.0000,0.0000,0.2778
2635.6000,0.0000,0.0000,0.0000,0.2778
2635.7000,0.0000,0.0000,0.0000,0.2778
2635.8000,0.0000,0.0000,0.0000,0.2778
2635.9000,0.0000,0.0000,0.0000,0.2778
2636.0000,0.0000,0.0000,0.0000,0.2778
2636.1000,0.0000,0.0000,0.0000,0.2778
2636.2000,0.0000,0.0000,0.0000,0.2778
2636.3000,0.0000,0.0000,0.0000,0.2778
2636.4000,0.0000,0.0000,0.0000,0.2778
2636.5000,0.0000,0.0000,0.0000,0.2778
2636.6000,0.0000,0.0000,0.0000,0.2778
2636.7000,0.0000,0.0000,0.0000,0.2778
2636.8000,0.0000,0.0000,0.0000,0.2778
2636.9000,0.0000,0.0000,0.0000,0.2778
2637.0000,0.0000,0.0000,0.0000,0.2778
2637.1000,0.0000,0.0000,0.0000,0.2778
2637.2000,0.0000,0.0000,0.0000,0.2778
2637.3000,0.0000,0.0000,0.0000,0.2778
2637.4000,0.0000,0.0000,0.0000,0.2778
2637.5000,0.0000,0.0000,0.0000,0.2778
2637.6000,0.0000,0.0000,0.0000,0.2778
2637.7000,0.0000,0.0000,0.0000,0.2778
2637.8000,0.0000,0.0000,0.0000,0.2778
2637.9000,0.0000,0.0000,0.0000,0.2778
2638.0000,0.0000,0.0000,0.0000,0.2778
2638.1000,0.0000,0.0000,0.0000,0.2778
2638.2000,0.0000,0.0000,0.0000,0.2778
2638.3000,0.0000,0.0000,0.0000,0.2778
2638.4000,0.0000,0.0000,0.0000,0.2778
2638.5000,0.0000,0.0000,0.0000,0.2778
2638.6000,0.0000,0.0000,0.0000,0.2778
2638.7000,0.0000,0.0000,0.0000,0.2778
2638.8000,0.0000,0.0000,0.0000,0.2778
2638.9000,0.0000,0.0000,0.0000,0.2778
2639.0000,0.0000,0.0000,0.0000,0.2778
2639.1000,0.0000,0.0000,0.0000,0.2778
2639.2000,0.0000,0.0000,0.0000,0.2778
2639.3000,0.0000,0.0000,0.0000,0.2778
2639.4000,0.0000,0.0000,0.0000,0.2778
2639.5000,0.0000,0.0000,0.0000,0.2778
2639.6000,0.0000,0.0000,0.0000,0.2778
2639.7000,0.0000,0.0000,0.0000,0.2778
2639.8000,0.0000,0.0000,0.0000,0.2778
2639.9000,0.0000,0.0000,0.0000,0.2778
2640.0000,0.0000,0.0000,0.0000,0.2778
2640.1000,0.0000,0.0000,0.0000,0.2778
2640.2000,0.0000,0.0000,0.0000,0.2778
2640.3000,0.0000,0.0000,0.0000,0.2778
2640.4000,0.0000,0.0000,0.0000,0.2778
2640.5000,0.0000,0.0000,0.0000,0.2778
2640.6000,0.0000,0.0000,0.0000,0.2778
2640.7000,0.0000,0.0000,0.0000,0.2778
2640.8000,0.0000,0.0000,0.0000,0.2778
2640.9000,0.0000,0.0000,0.0000,0.2778
2641.0000,0.0000,0.0000,0.0000,0.2778
2641.1000,0.0000,0.0000,0.0000,0.2778
2641.2000,0.0000,0.0000,0.0000,0.2778
2641.3000,0.0000,0.0000,0.0000,0.2778
2641.4000,0.0000,0.0000,0.0000,0.2778
2641.5000,0.0000,0.0000,0.0000,0.2778
2641.6000,0.0000,0.0000,0.0000,0.2778
2641.7000,0.0000,0.0000,0.0000,0.2778
2641.8000,0.0000,0.0000,0.0000,0.2778
2641.9000,0.0000,0.0000,0.0000,0.2778
2642.0000,0.0000,0.0000,0.0000,0.2778
2642.1000,0.0000,0.0000,0.0000,0.2778
2642.2000,0.0000,0.0000,0.0000,0.2778
2642.3000,0.0000,0.0000,0.0000,0.2778
2642.4000,0.0000,0.0000,0.0000,0.2778
2642.5000,0.0000,0.0000,0.0000,0.2778
2642.6000,0.0000,0.0000,0.0000,0.2778
2642.7000,0.0000,0.0000,0.0000,0.2778
2642.8000,0.0000,0.0000,0.0000,0.2778
2642.9000,0.0000,0.0000,0.0000,0.2778
2643.0000,0.0000,0.0000,0.0000,0.2778
2643.1000,0.0000,0.0000,0.0000,0.2778
2643.2000,0.0000,0.0000,0.0000,0.2778
2643.3000,0.0000,0.0000,0.0000,0.2778
2643.4000,0.0000,0.0000,0.0000,0.2778
2643.5000,0.0000,0.0000,0.0000,0.2778
2643.6000,0.0000,0.0000,0.0000,0.2778
2643.7000,0.0000,0.0000,0.0000,0.2778
2643.8000,0.0000,0.0000,0.0000,0.2778
2643.9000,0.0000,0.0000,0.0000,0.2778
2644.0000,0.0000,0.0000,0.0000,0.2778
2644.1000,0.0000,0.0000,0.0000,0.2778
2644.2000,0.0000,0.0000,0.0000,0.2778
2644.3000,0.0000,0.0000,0.0000,0.2778
2644.4000,0.0000,0.0000,0.0000,0.2778
2644.5000,0.0000,0.0000,0.0000,0.2778
2644.6000,0.0000,0.0000,0.0000,0.2778
2644.7000,0.0000,0.0000,0.0000,0.2778
2644.8000,0.0000,0.0000,0.0000,0.2778
2644.9000,0.0000,0.0000,0.0000,0.2778
2645.0000,0.0000,0.0000,0.0000,0.2778
2645.1000,0.0000,0.0000,0.0000,0.2778
2645.2000,0.0000,0.0000,0.0000,0.2778
2645.3000,0.0000,0.0000,0.0000,0.2778
2645.4000,0.0000,0.0000,0.0000,0.2778
2645.5000,0.0000,0.0000,0.0000,0.2778
2645.6000,0.0000,0.0000,0.0000,0.2778
2645.7000,0.2529,0.0000,0.3796,0.2778
2645.8000,0.5057,0.0000,0.8721,0.6544
2645.9000,0.8429,0.0000,1.8298,0.7593
2646.0000,1.2643,0.0000,3.0269,0.8756
2646.1000,1.6858,0.0000,4.0359,0.9171
2646.2000,2.1072,0.0000,5.0449,0.9609
2646.3000,2.5286,0.0000,6.0538,1.0055
2646.4000,2.9500,0.0000,7.0625,1.0528
2646.5000,3.3714,0.0000,8.0710,1.1015
2646.6000,3.7927,0.0000,9.0792,1.1535
2646.7000,4.2139,0.0000,10.0870,1.2051
2646.8000,4.6351,0.0000,11.0941,1.2598
2646.9000,5.0561,0.0000,12.1006,1.3183
2647.0000,5.4771,0.0000,13.1061,1.3795
2647.1000,5.8979,0.0000,14.1104,1.4430
2647.2000,6.3186,0.0000,15.1135,1.5081
2647.3000,6.7391,0.0000,16.1149,1.5743
2647.4000,7.1594,0.0000,17.1146,1.6415
2647.5000,7.5795,0.0000,18.1122,1.7094
2647.6000,7.9994,0.0000,19.1075,1.7778
2647.7000,8.4190,0.0000,20.1001,1.8464
2647.8000,8.8382,0.0000,21.0897,1.9156
2647.9000,9.2571,0.0000,22.0760,1.9856
2648.0000,9.6757,0.0000,23.0587,2.0563
2648.1000,10.0938,0.0000,24.0374,2.1279
2648.2000,10.5115,0.0000,25.0117,2.1993
2648.3000,10.9287,0.0000,25.9812,2.2714
2648.4000,11.3454,0.0000,26.9455,2.3443
2648.5000,11.7615,0.0000,27.9043,2.4183
2648.6000,12.1770,0.0000,28.8570,2.4930
2648.7000,12.5919,0.0000,29.8032,2.5683
2648.8000,13.0061,0.0000,30.7425,2.6445
2648.9000,13.4195,0.0000,31.6744,2.7217
2649.0000,13.8321,0.0000,32.5985,2.7997
2649.1000,14.2440,0.0000,33.5142,2.8782
2649.2000,14.6549,0.0000,34.4211,2.9575
2649.3000,15.0649,0.0000,35.3186,3.0376
2649.4000,15.4739,0.0000,36.2063,3.1192
2649.5000,15.8819,0.0000,37.0837,3.2024
2649.6000,16.2888,0.0000,37.9502,3.2862
2649.7000,16.6945,0.0000,38.8053,3.3708
2649.8000,17.0990,0.0000,39.6485,3.4562
2649.9000,17.5023,0.0000,40.4793,3.4086
2650.0000,17.9043,0.0000,41.2972,3.4571
2650.1000,18.3049,0.0000,42.1016,3.5051
2650.2000,18.7041,0.0000,42.8921,3.5526
2650.3000,19.1018,0.0000,43.6681,3.5995
2650.4000,19.4979,0.0000,44.4291,3.6441
2650.5000,19.8924,0.0000,45.1747,3.6875
2650.6000,20.2853,0.0000,45.9042,3.1187
2650.7000,20.6765,0.0000,46.6174,3.1692
2650.8000,21.0658,0.0000,47.3136,3.2190
2650.9000,21.4534,0.0000,47.9924,3.2680
2651.0000,21.8390,0.0000,48.6534,3.3161
2651.1000,22.2226,0.0000,49.2961,3.3635
2651.2000,22.6043,0.0000,49.9202,3.4099
2651.3000,22.9838,0.0000,50.5252,3.4555
2651.4000,23.3612,0.0000,51.1107,3.5002
2651.5000,23.7364,0.0000,51.6763,3.5440
2651.6000,24.1094,0.0000,52.2218,3.5869
2651.7000,24.4800,0.0000,52.7467,3.6287
2651.8000,24.8482,0.0000,53.2508,3.6696
2651.9000,25.2140,0.0000,53.7338,3.5371
2652.0000,25.5774,0.0000,54.1955,3.5484
2652.1000,25.9381,0.0000,54.5862,3.5550
2652.2000,26.2956,0.0000,54.8327,3.5569
2652.3000,26.6487,0.0000,54.9130,3.5665
2652.4000,26.9964,0.0000,54.8295,3.5668
2652.5000,27.3379,0.0000,54.5848,3.5580
2652.6000,27.6722,0.0000,54.2347,3.5432
2652.7000,27.9994,0.0000,53.8599,3.5271
2652.8000,28.3196,0.0000,53.4862,3.5110
2652.9000,28.6332,0.0000,53.1137,3.4950
2653.0000,28.9403,0.0000,52.7426,3.4790
2653.1000,29.2412,0.0000,52.3728,3.4631
2653.2000,29.5360,0.0000,52.0044,3.4473
2653.3000,29.8250,0.0000,51.6376,3.4315
2653.4000,30.1084,0.0000,51.2724,3.4159
2653.5000,30.3863,0.0000,50.9088,3.4003
2653.6000,30.6589,0.0000,50.5470,3.3847
2653.7000,30.9263,0.0000,50.1870,3.3693
2653.8000,31.1888,0.0000,49.8288,3.3539
2653.9000,31.4463,0.0000,49.4726,3.3386
2654.0000,31.6992,0.0000,49.1184,3.3235
2654.1000,31.9474,0.0000,48.7662,3.3084
2654.2000,32.1912,0.0000,48.4161,3.2933
2654.3000,32.4306,0.0000,48.0682,3.2784
2654.4000,32.6658,0.0000,47.7224,3.2636
2654.5000,32.8968,0.0000,47.3788,3.2489
2654.6000,33.1239,0.0000,47.0376,3.2342
2654.7000,33.3469,0.0000,46.6986,3.2197
2654.8000,33.5662,0.0000,46.3620,3.2053
2654.9000,33.7817,0.0000,46.0278,3.0030
2655.0000,33.9936,0.0000,45.6960,2.9867
2655.1000,34.2019,0.0000,45.3666,2.9705
2655.2000,34.4067,0.0000,45.0397,2.9544
2655.3000,34.6081,0.0000,44.7152,2.9385
2655.4000,34.8061,0.0000,44.3933,2.9227
2655.5000,35.0009,0.0000,44.0739,2.9070
2655.6000,35.1926,0.0000,43.7571,2.8914
2655.7000,35.3811,0.0000,42.7773,2.8389
2655.8000,35.5595,0.0000,41.1687,2.7512
2655.9000,35.7283,0.0000,39.6489,2.6684
2656.0000,35.8883,0.0000,38.2155,2.5903
2656.1000,36.0399,0.0000,36.7768,2.5119
2656.2000,36.1829,0.0000,35.9195,2.4658
2656.3000,36.3238,0.0000,35.5183,2.4451
2656.4000,36.4609,0.0000,34.8520,2.4096
2656.5000,36.5934,0.0000,33.9889,2.3631
2656.6000,36.7200,0.0000,32.8035,2.2986
2656.7000,36.8388,0.0000,31.3626,2.2198
2656.8000,36.9494,0.0000,30.0662,2.1525
2656.9000,37.0539,0.0000,28.9843,2.0972
2657.0000,37.1524,0.0000,27.9111,2.0421
2657.1000,37.2449,0.0000,26.9941,1.9950
2657.2000,37.3333,0.0000,26.3456,1.9619
2657.3000,37.4185,0.0000,25.6672,1.9271
2657.4000,37.4993,0.0000,24.7053,1.8770
2657.5000,37.5741,0.0000,23.5263,1.8150
2657.6000,37.6424,0.0000,22.5750,1.7649
2657.7000,37.7071,0.0000,21.8642,1.7276
2657.8000,37.7678,0.0000,21.1597,1.6905
2657.9000,37.8251,0.0000,20.6816,1.6655
2658.0000,37.8806,0.0000,20.5368,1.6585
2658.1000,37.9359,0.0000,20.4025,1.6521
2658.2000,37.9897,0.0000,20.1572,1.6396
2658.3000,38.0423,0.0000,19.9186,1.6275
2658.4000,38.0933,0.0000,19.6149,1.6118
2658.5000,38.1425,0.0000,19.2507,1.5927
2658.6000,38.1896,0.0000,18.9518,1.5772
2658.7000,38.2355,0.0000,18.9045,1.5753
2658.8000,38.2818,0.0000,19.1151,1.5875
2658.9000,38.3295,0.0000,19.6010,1.6147
2659.0000,38.3803,0.0000,20.2052,1.6484
2659.1000,38.4336,0.0000,20.5165,1.6661
2659.2000,38.4871,0.0000,20.2198,1.6508
2659.3000,38.5371,0.0000,19.5769,1.6167
2659.4000,38.5839,0.0000,18.8513,1.5778
2659.5000,38.6265,0.0000,17.9683,1.5303
2659.6000,38.6645,0.0000,17.1805,1.4878
2659.7000,38.6991,0.0000,16.7333,1.4638
2659.8000,38.7325,0.0000,16.4297,1.4476
2659.9000,38.7640,0.0000,16.1353,1.4319
2660.0000,38.7943,0.0000,16.0824,1.4295
2660.1000,38.8251,0.0000,16.1510,1.4337
2660.2000,38.8558,0.0000,16.1496,1.4341
2660.3000,38.8865,0.0000,16.2091,1.4379
2660.4000,38.9176,0.0000,16.1385,1.4345
2660.5000,38.9474,0.0000,15.8426,1.4186
2660.6000,38.9755,0.0000,15.6231,1.4070
2660.7000,39.0030,0.0000,15.6750,1.4103
2660.8000,39.0315,0.0000,15.6581,1.4098
2660.9000,39.0586,0.0000,15.5594,1.4048
2661.0000,39.0860,0.0000,15.5666,1.4056
2661.1000,39.1131,0.0000,15.4119,1.3975
2661.2000,39.1388,0.0000,15.1109,1.3813
2661.3000,39.1628,0.0000,14.9431,1.3724
2661.4000,39.1868,0.0000,14.6509,1.3567
2661.5000,39.2078,0.0000,14.1630,1.3300
2661.6000,39.2270,0.0000,13.7066,1.3050
2661.7000,39.2436,0.0000,13.1565,1.2748
2661.8000,39.2574,0.0000,12.5218,1.2398
2661.9000,39.2678,0.0000,12.0204,1.2121
2662.0000,39.2767,0.0000,11.6567,1.1919
2662.1000,39.2835,0.0000,11.3958,1.1775
2662.2000,39.2899,0.0000,11.1569,1.1643
2662.3000,39.2944,0.0000,10.9567,1.1532
2662.4000,39.2989,0.0000,10.9506,1.1529
2662.5000,39.3033,0.0000,10.9960,1.1555
2662.6000,39.3082,0.0000,11.1928,1.1666
2662.7000,39.3145,0.0000,11.5516,1.1867
2662.8000,39.3227,0.0000,11.8569,1.2038
2662.9000,39.3320,0.0000,12.1759,1.2217
2663.0000,39.3432,0.0000,12.6429,1.2478
2663.1000,39.3569,0.0000,13.0583,1.2711
2663.2000,39.3721,0.0000,13.4314,1.2920
2663.3000,39.3892,0.0000,13.8197,1.3138
2663.4000,39.4081,0.0000,14.1280,1.3312
2663.5000,39.4281,0.0000,14.2538,1.3384
2663.6000,39.4480,0.0000,13.9870,1.3240
2663.7000,39.4654,0.0000,13.4872,1.2966
2663.8000,39.4804,0.0000,13.0256,1.2712
2663.9000,39.4933,0.0000,12.8137,1.2596
2664.0000,39.5063,0.0000,12.8438,1.2615
2664.1000,39.5193,0.0000,12.9280,1.2664
2664.2000,39.5331,0.0000,12.9729,1.2691
2664.3000,39.5465,0.0000,12.8699,1.2636
2664.4000,39.5592,0.0000,12.5134,1.2440
2664.5000,39.5691,0.0000,11.9669,1.2137
2664.6000,39.5765,0.0000,11.6101,1.1940
2664.7000,39.5831,0.0000,11.4417,1.1847
2664.8000,39.5888,0.0000,11.2874,1.1762
2664.9000,39.5939,0.0000,11.1081,1.1662
2665.0000,39.5979,0.0000,10.9577,1.1579
2665.1000,39.6015,0.0000,10.6830,1.1426
2665.2000,39.6029,0.0000,10.3321,1.1230
2665.3000,39.6031,0.0000,10.1236,1.1114
2665.4000,39.6025,0.0000,10.1202,1.1112
2665.5000,39.6027,0.0000,10.2564,1.1188
2665.6000,39.6034,0.0000,10.5204,1.1336
2665.7000,39.6062,0.0000,10.8015,1.1493
2665.8000,39.6095,0.0000,11.0067,1.1608
2665.9000,39.6142,0.0000,11.0387,1.1627
2666.0000,39.6178,0.0000,10.8692,1.1533
2666.1000,39.6209,0.0000,10.7948,1.1492
2666.2000,39.6238,0.0000,10.7380,1.1460
2666.3000,39.6263,0.0000,10.3973,1.1270
2666.4000,39.6260,0.0000,9.8494,1.0633
2666.5000,39.6232,0.0000,9.3469,1.0234
2666.6000,39.6181,0.0000,8.8304,0.9825
2666.7000,39.6105,0.0000,8.5547,0.9608
2666.8000,39.6028,0.0000,8.6957,0.9719
2666.9000,39.5965,0.0000,8.9787,0.9942
2667.0000,39.5915,0.0000,9.1344,1.0065
2667.1000,39.5868,0.0000,9.1676,1.0091
2667.2000,39.5821,0.0000,9.1755,1.0098
2667.3000,39.5774,0.0000,9.2030,1.0120
2667.4000,39.5731,0.0000,9.3832,1.0262
2667.5000,39.5701,0.0000,9.7196,1.0530
2667.6000,39.5690,0.0000,9.9992,1.0753
2667.7000,39.5687,0.0000,10.1987,1.0912
2667.8000,39.5695,0.0000,10.5334,1.1181
2667.9000,39.5724,0.0000,10.9010,1.1476
2668.0000,39.5767,0.0000,11.1285,1.1660
2668.1000,39.5818,0.0000,11.3654,1.1852
2668.2000,39.5883,0.0000,11.4201,1.1896
2668.3000,39.5939,0.0000,11.1650,1.1689
2668.4000,39.5979,0.0000,10.8045,1.1398
2668.5000,39.6000,0.0000,10.4196,1.1089
2668.6000,39.6004,0.0000,10.0279,1.0775
2668.7000,39.5987,0.0000,9.9690,1.0728
2668.8000,39.5986,0.0000,10.2591,1.0960
2668.9000,39.5997,0.0000,10.6245,1.1253
2669.0000,39.6030,0.0000,11.0398,1.1588
2669.1000,39.6081,0.0000,11.4835,1.1947
2669.2000,39.6156,0.0000,11.5938,1.2036
2669.3000,39.6217,0.0000,11.2094,1.1725
2669.4000,39.6255,0.0000,10.7077,1.1320
2669.5000,39.6268,0.0000,10.5148,1.1165
2669.6000,39.6287,0.0000,10.5164,1.1166
2669.7000,39.6301,0.0000,10.5856,1.1222
2669.8000,39.6327,0.0000,10.8804,1.1459
2669.9000,39.6368,0.0000,10.9889,1.1546
2670.0000,39.6404,0.0000,10.7451,1.1350
2670.1000,39.6422,0.0000,10.6665,1.1287
2670.2000,39.6451,0.0000,10.9158,1.1487
2670.3000,39.6492,0.0000,11.1292,1.1659
2670.4000,39.6541,0.0000,11.4544,1.1922
2670.5000,39.6613,0.0000,11.9270,1.2305
2670.6000,39.6707,0.0000,12.0436,1.2400
2670.7000,39.6789,0.0000,11.7716,1.2179
2670.8000,39.6857,0.0000,11.4721,1.1936
2670.9000,39.6911,0.0000,11.2138,1.1727
2671.0000,39.6953,0.0000,10.8869,1.1463
2671.1000,39.6976,0.0000,10.5862,1.1221
2671.2000,39.6989,0.0000,10.4204,1.1088
2671.3000,39.6996,0.0000,10.2717,1.0969
2671.4000,39.6996,0.0000,10.2688,1.0967
2671.5000,39.7002,0.0000,10.3549,1.1036
2671.6000,39.7010,0.0000,10.4202,1.1088
2671.7000,39.7023,0.0000,10.6791,1.1296
2671.8000,39.7055,0.0000,11.2897,1.1788
2671.9000,39.7126,0.0000,11.9200,1.2298
2672.0000,39.7218,0.0000,12.5093,1.2778
2672.1000,39.7344,0.0000,13.0906,1.2787
2672.2000,39.7491,0.0000,13.3633,1.2941
2672.3000,39.7642,0.0000,13.2409,1.2876
2672.4000,39.7776,0.0000,13.0196,1.2755
2672.5000,39.7906,0.0000,12.9230,1.2703
2672.6000,39.8030,0.0000,12.8394,1.2659
2672.7000,39.8152,0.0000,12.8196,1.2649
2672.8000,39.8273,0.0000,12.8761,1.2683
2672.9000,39.8400,0.0000,12.8780,1.2686
2673.0000,39.8521,0.0000,12.6769,1.2576
2673.1000,39.8627,0.0000,12.3790,1.2412
2673.2000,39.8720,0.0000,12.1112,1.2264
2673.3000,39.8801,0.0000,12.1043,1.2262
2673.4000,39.8892,0.0000,12.4768,1.2470
2673.5000,39.9008,0.0000,13.1548,1.2849
2673.6000,39.9163,0.0000,14.0590,1.3353
2673.7000,39.9363,0.0000,14.9957,1.3874
2673.8000,39.9606,0.0000,15.6954,1.4264
2673.9000,39.9871,0.0000,16.0000,1.4436
2674.0000,40.0141,0.0000,15.9951,1.4438
2674.1000,40.0404,0.0000,15.9369,1.4410
2674.2000,40.0667,0.0000,15.9003,1.4394
2674.3000,40.0925,0.0000,15.6903,1.4282
2674.4000,40.1167,0.0000,15.4039,1.4128
2674.5000,40.1397,0.0000,15.3106,1.4080
2674.6000,40.1629,0.0000,15.3278,1.4093
2674.7000,40.1859,0.0000,15.2162,1.4035
2674.8000,40.2079,0.0000,15.1540,1.4004
2674.9000,40.2303,0.0000,15.2011,1.4034
2675.0000,40.2526,0.0000,15.1823,1.4027
2675.1000,40.2746,0.0000,15.1333,1.4003
2675.2000,40.2964,0.0000,15.1236,1.4001
2675.3000,40.3182,0.0000,15.2322,1.4065
2675.4000,40.3408,0.0000,15.2418,1.4074
2675.5000,40.3626,0.0000,14.8019,1.3834
2675.6000,40.3811,0.0000,14.1267,1.3463
2675.7000,40.3964,0.0000,13.3365,1.3028
2675.8000,40.4074,0.0000,12.4807,1.2554
2675.9000,40.4147,0.0000,11.9286,1.2248
2676.0000,40.4205,0.0000,11.8016,1.2178
2676.1000,40.4266,0.0000,11.9226,1.2246
2676.2000,40.4334,0.0000,12.4675,1.2551
2676.3000,40.4446,0.0000,13.2304,1.2976
2676.4000,40.4586,0.0000,13.8351,1.3314
2676.5000,40.4753,0.0000,14.3237,1.3587
2676.6000,40.4937,0.0000,14.4419,1.3656
2676.7000,40.5115,0.0000,13.9917,1.3409
2676.8000,40.5256,0.0000,13.3639,1.3063
2676.9000,40.5374,0.0000,12.8064,1.2755
2677.0000,40.5463,0.0000,12.4379,1.2552
2677.1000,40.5546,0.0000,12.3433,1.2501
2677.2000,40.5626,0.0000,12.3024,1.2479
2677.3000,40.5705,0.0000,12.1865,1.2416
2677.4000,40.5774,0.0000,12.0969,1.2367
2677.5000,40.5844,0.0000,11.9064,1.2262
2677.6000,40.5895,0.0000,11.5433,1.2060
2677.7000,40.5931,0.0000,11.2721,1.1909
2677.8000,40.5956,0.0000,11.1889,1.1863
2677.9000,40.5985,0.0000,11.2102,1.1876
2678.0000,40.6012,0.0000,11.3008,1.1927
2678.1000,40.6049,0.0000,11.4977,1.2037
2678.2000,40.6094,0.0000,11.7182,1.2161
2678.3000,40.6151,0.0000,11.7272,1.2167
2678.4000,40.6197,0.0000,11.6620,1.2131
2678.5000,40.6248,0.0000,11.7218,1.2165
2678.6000,40.6299,0.0000,11.5819,1.2088
2678.7000,40.6337,0.0000,11.2053,1.1879
2678.8000,40.6352,0.0000,10.5872,1.1533
2678.9000,40.6333,0.0000,9.4892,1.0348
2679.0000,40.6247,0.0000,7.9183,0.9126
2679.1000,40.6081,0.0000,6.5677,0.8093
2679.2000,40.5870,0.0000,5.6847,0.7432
2679.3000,40.5623,0.0000,5.0348,0.6952
2679.4000,40.5352,0.0000,4.8468,0.6814
2679.5000,40.5089,0.0000,5.1301,0.7020
2679.6000,40.4845,0.0000,5.5921,0.7359
2679.7000,40.4626,0.0000,6.0973,0.7734
2679.8000,40.4430,0.0000,6.7114,0.8197
2679.9000,40.4268,0.0000,7.2881,0.8638
2680.0000,40.4126,0.0000,7.9066,0.9114
2680.1000,40.4023,0.0000,8.5334,0.9600
2680.2000,40.3941,0.0000,9.1457,1.0078
2680.3000,40.3895,0.0000,9.8282,1.0614
2680.4000,40.3876,0.0000,10.5518,1.1188
2680.5000,40.3898,0.0000,11.2830,1.1771
2680.6000,40.3948,0.0000,11.8777,1.2248
2680.7000,40.4025,0.0000,12.2861,1.2577
2680.8000,40.4113,0.0000,12.6122,1.2841
2680.9000,40.4220,0.0000,12.8779,1.3056
2681.0000,40.4332,0.0000,12.9587,1.3121
2681.1000,40.4446,0.0000,12.8702,1.3049
2681.2000,40.4549,0.0000,12.8457,1.3029
2681.3000,40.4661,0.0000,12.9444,1.3109
2681.4000,40.4773,0.0000,12.8032,1.2994
2681.5000,40.4871,0.0000,12.4015,1.2668
2681.6000,40.4944,0.0000,12.1046,1.2429
2681.7000,40.5014,0.0000,11.7587,1.2150
2681.8000,40.5055,0.0000,11.1917,1.1696
2681.9000,40.5072,0.0000,10.9253,1.1484
2682.0000,40.5088,0.0000,11.0975,1.1621
2682.1000,40.5121,0.0000,11.3758,1.1844
2682.2000,40.5163,0.0000,11.5468,1.1980
2682.3000,40.5212,0.0000,11.7070,1.2109
2682.4000,40.5269,0.0000,11.7750,1.2163
2682.5000,40.5323,0.0000,11.5490,1.1982
2682.6000,40.5359,0.0000,11.0761,1.1604
2682.7000,40.5369,0.0000,10.7126,1.1315
2682.8000,40.5371,0.0000,10.5038,1.1149
2682.9000,40.5362,0.0000,10.3760,1.1047
2683.0000,40.5351,0.0000,10.3133,1.0998
2683.1000,40.5337,0.0000,10.2387,1.0939
2683.2000,40.5319,0.0000,10.0489,1.0789
2683.3000,40.5287,0.0000,9.7885,1.0583
2683.4000,40.5246,0.0000,9.3892,1.0269
2683.5000,40.5176,0.0000,9.0247,0.9984
2683.6000,40.5101,0.0000,9.1415,1.0075
2683.7000,40.5043,0.0000,9.5671,1.0409
2683.8000,40.5008,0.0000,10.0634,1.0800
2683.9000,40.4996,0.0000,10.5647,1.1197
2684.0000,40.5007,0.0000,11.0738,1.1602
2684.1000,40.5043,0.0000,11.3109,1.1792
2684.2000,40.5077,0.0000,11.2618,1.1752
2684.3000,40.5107,0.0000,11.2073,1.1709
2684.4000,40.5136,0.0000,11.1134,1.1634
2684.5000,40.5158,0.0000,10.9393,1.1495
2684.6000,40.5170,0.0000,10.7951,1.1380
2684.7000,40.5178,0.0000,10.7662,1.1357
2684.8000,40.5188,0.0000,10.7042,1.1308
2684.9000,40.5190,0.0000,10.5417,1.1179
2685.0000,40.5184,0.0000,10.3604,1.1035
2685.1000,40.5170,0.0000,10.2217,1.0925
2685.2000,40.5152,0.0000,10.1107,1.0837
2685.3000,40.5127,0.0000,9.9880,1.0740
2685.4000,40.5097,0.0000,10.0451,1.0786
2685.5000,40.5078,0.0000,10.1667,1.0882
2685.6000,40.5059,0.0000,10.1741,1.0888
2685.7000,40.5041,0.0000,10.3237,1.1006
2685.8000,40.5037,0.0000,-1.0730,0.0000
2685.9000,40.3956,0.0000,-24.1699,0.0000
2686.0000,40.1794,0.0000,-47.0470,0.0000
2686.1000,39.8555,0.0000,-69.4827,0.0000
2686.2000,39.4237,0.0000,-91.4881,0.0000
2686.3000,38.8826,0.0000,-101.5904,0.0000
2686.4000,38.3415,0.0000,-100.2734,0.0000
2686.5000,37.8003,0.0000,-98.9523,0.0000
2686.6000,37.2592,0.0000,-97.6271,0.0000
2686.7000,36.7181,0.0000,-96.2980,0.0000
2686.8000,36.1770,0.0000,-94.9651,0.0000
2686.9000,35.6359,0.0000,-93.6283,0.0000
2687.0000,35.0948,0.0000,-92.2877,0.0000
2687.1000,34.5537,0.0000,-90.9433,0.0000
2687.2000,34.0125,0.0000,-89.5954,0.0000
2687.3000,33.4714,0.0000,-88.2438,0.0000
2687.4000,32.9303,0.0000,-86.8886,0.0000
2687.5000,32.3892,0.0000,-85.5300,0.0000
2687.6000,31.8481,0.0000,-84.1679,0.0000
2687.7000,31.3070,0.0000,-82.8025,0.0000
2687.8000,30.7658,0.0000,-81.4337,0.0000
2687.9000,30.2247,0.0000,-80.0617,0.0000
2688.0000,29.6836,0.0000,-78.6864,0.0000
2688.1000,29.1425,0.0000,-77.3080,0.0000
2688.2000,28.6014,0.0000,-75.9265,0.0000
2688.3000,28.0603,0.0000,-74.5420,0.0000
2688.4000,27.5191,0.0000,-73.1545,0.0000
2688.5000,26.9780,0.0000,-71.7641,0.0000
2688.6000,26.4369,0.0000,-70.3708,0.0000
2688.7000,25.8958,0.0000,-68.9748,0.0000
2688.8000,25.3547,0.0000,-67.5759,0.0000
2688.9000,24.8136,0.0000,-66.1744,0.0000
2689.0000,24.2724,0.0000,-64.7703,0.0000
2689.1000,23.7313,0.0000,-63.3635,0.0000
2689.2000,23.1902,0.0000,-61.9543,0.0000
2689.3000,22.6491,0.0000,-60.5426,0.0000
2689.4000,22.1080,0.0000,-59.1285,0.0000
2689.5000,21.5669,0.0000,-57.7120,0.0000
2689.6000,21.0258,0.0000,-56.2933,0.0000
2689.7000,20.4846,0.0000,-54.8723,0.0000
2689.8000,19.9435,0.0000,-53.4492,0.2778
2689.9000,19.4024,0.0000,-52.0239,0.2778
2690.0000,18.8613,0.0000,-50.5966,0.2778
2690.1000,18.3202,0.0000,-49.1673,0.2778
2690.2000,17.7791,0.0000,-47.7360,0.2778
2690.3000,17.2379,0.0000,-46.3029,0.2778
2690.4000,16.6968,0.0000,-44.8679,0.2778
2690.5000,16.1557,0.0000,-43.4311,0.2778
2690.6000,15.6146,0.0000,-41.9927,0.2778
2690.7000,15.0735,0.0000,-40.5525,0.2778
2690.8000,14.5324,0.0000,-39.1108,0.2778
2690.9000,13.9912,0.0000,-37.6676,0.2778
2691.0000,13.4501,0.0000,-36.2228,0.2778
2691.1000,12.9090,0.0000,-34.7767,0.2778
2691.2000,12.3679,0.0000,-33.3291,0.2778
2691.3000,11.8268,0.0000,-31.8803,0.2778
2691.4000,11.2857,0.0000,-30.4301,0.2778
2691.5000,10.7445,0.0000,-28.9788,0.2778
2691.6000,10.2034,0.0000,-27.5264,0.2778
2691.7000,9.6623,0.0000,-26.0729,0.2778
2691.8000,9.1212,0.0000,-24.6183,0.2778
2691.9000,8.5801,0.0000,-23.1628,0.2778
2692.0000,8.0390,0.0000,-21.7064,0.2778
2692.1000,7.4979,0.0000,-20.2491,0.2778
2692.2000,6.9567,0.0000,-18.7910,0.2778
2692.3000,6.4156,0.0000,-17.3095,0.2778
2692.4000,5.8758,0.0000,-15.6473,0.2778
2692.5000,5.3481,0.0000,-13.7662,0.2778
2692.6000,4.8421,0.0000,-11.6671,0.2778
2692.7000,4.3765,0.0000,-9.5385,0.2778
2692.8000,3.9575,0.0000,-7.6102,0.2778
2692.9000,3.5889,0.0000,-5.9975,0.2778
2693.0000,3.2650,0.0000,-4.7284,0.2778
2693.1000,2.9807,0.0000,-3.8094,0.2778
2693.2000,2.7211,0.0000,-3.1365,0.2778
2693.3000,2.4841,0.0000,-2.5791,0.2778
2693.4000,2.2677,0.0000,-2.1175,0.2778
2693.5000,2.0702,0.0000,-1.7356,0.2778
2693.6000,1.8899,0.0000,-1.4198,0.2778
2693.7000,1.7253,0.0000,-1.1590,0.2778
2693.8000,1.5751,0.0000,-0.9437,0.2778
2693.9000,1.4379,0.0000,-0.7663,0.2778
2694.0000,1.3127,0.0000,-0.6201,0.2778
2694.1000,1.1984,0.0000,-0.4999,0.2778
2694.2000,1.0940,0.0000,-0.4012,0.2778
2694.3000,0.9987,0.0000,-0.3203,0.2778
2694.4000,0.9117,0.0000,-0.2541,0.2778
2694.5000,0.8323,0.0000,-0.2000,0.2778
2694.6000,0.7598,0.0000,-0.1560,0.2778
2694.7000,0.6937,0.0000,-0.1202,0.2778
2694.8000,0.6333,0.0000,-0.0913,0.2778
2694.9000,0.5781,0.0000,-0.0679,0.2778
2695.0000,0.5278,0.0000,-0.0492,0.2778
2695.1000,0.4818,0.0000,-0.0342,0.2778
2695.2000,0.4398,0.0000,-0.0223,0.2778
2695.3000,0.4015,0.0000,-0.0129,0.2778
2695.4000,0.3666,0.0000,-0.0056,0.2778
2695.5000,0.3346,0.0000,0.0001,0.2778
2695.6000,0.3055,0.0000,0.0043,0.2778
2695.7000,0.2789,0.0000,0.0076,0.2778
2695.8000,0.2546,0.0000,0.0099,0.2778
2695.9000,0.2324,0.0000,0.0115,0.2778
2696.0000,0.2122,0.0000,-0.0963,0.2778
2696.1000,0.0000,0.0000,-0.0000,0.2778
2696.2000,0.0000,0.0000,0.0000,0.2778
2696.3000,0.0000,0.0000,0.0000,0.2778
2696.4000,0.0000,0.0000,0.0000,0.2778
2696.5000,0.0000,0.0000,0.0000,0.2778
2696.6000,0.0000,0.0000,0.0000,0.2778
2696.7000,0.0000,0.0000,0.0000,0.2778
2696.8000,0.0000,0.0000,0.0000,0.2778
2696.9000,0.0000,0.0000,0.0000,0.2778
2697.0000,0.0000,0.0000,0.0000,0.2778
2697.1000,0.0000,0.0000,0.0000,0.2778
2697.2000,0.0000,0.0000,0.0000,0.2778
2697.3000,0.0000,0.0000,0.0000,0.2778
2697.4000,0.0000,0.0000,0.0000,0.2778
2697.5000,0.0000,0.0000,0.0000,0.2778
2697.6000,0.0000,0.0000,0.0000,0.2778
2697.7000,0.0000,0.0000,0.0000,0.2778
2697.8000,0.0000,0.0000,0.0000,0.2778
2697.9000,0.0000,0.0000,0.0000,0.2778
2698.0000,0.0000,0.0000,0.0000,0.2778
2698.1000,0.0000,0.0000,0.0000,0.2778
2698.2000,0.0000,0.0000,0.0000,0.2778
2698.3000,0.0000,0.0000,0.0000,0.2778
2698.4000,0.0000,0.0000,0.0000,0.2778
2698.5000,0.0000,0.0000,0.0000,0.2778
2698.6000,0.0000,0.0000,0.0000,0.2778
2698.7000,0.0000,0.0000,0.0000,0.2778
2698.8000,0.0000,0.0000,0.0000,0.2778
2698.9000,0.0000,0.0000,0.0000,0.2778
2699.0000,0.0000,0.0000,0.0000,0.2778
2699.1000,0.0000,0.0000,0.0000,0.2778
2699.2000,0.0000,0.0000,0.0000,0.2778
2699.3000,0.0000,0.0000,0.0000,0.2778
2699.4000,0.0000,0.0000,0.0000,0.2778
2699.5000,0.0000,0.0000,0.0000,0.2778
2699.6000,0.0000,0.0000,0.0000,0.2778
2699.7000,0.0000,0.0000,0.0000,0.2778
2699.8000,0.0000,0.0000,0.0000,0.2778
2699.9000,0.0000,0.0000,0.0000,0.2778
