t_s,v_kmh,grade_pct,P_wheel_kW,fuel_g_per_s
2100.0000,92.7332,5.6425,146.2430,9.5675
2100.1000,92.7196,5.6384,144.4699,9.5669
2100.2000,92.7029,5.6343,142.8613,9.5661
2100.3000,92.6832,5.6302,141.8926,9.5652
2100.4000,92.6630,5.6261,141.1311,9.5643
2100.5000,92.6407,5.6219,140.2521,9.5632
2100.6000,92.6174,5.6178,139.5189,9.5622
2100.7000,92.5926,5.6136,138.9180,9.5610
2100.8000,92.5674,5.6094,138.1682,9.5599
2100.9000,92.5401,5.6052,136.5520,9.5586
2101.0000,92.5089,5.6009,134.9469,9.5572
2101.1000,92.4756,5.5967,134.1574,9.5557
2101.2000,92.4418,5.5924,133.9666,9.5541
2101.3000,92.4083,5.5881,134.3987,9.5526
2101.4000,92.3768,5.5838,135.8140,9.5511
2101.5000,92.3498,5.5795,138.0048,9.5499
2101.6000,92.3278,5.5751,140.3028,9.5489
2101.7000,92.3106,5.5708,141.8290,9.5481
2101.8000,92.2954,5.5664,142.6883,9.5474
2101.9000,92.2822,5.5620,143.0287,9.5467
2102.0000,92.2688,5.5576,142.0696,9.5461
2102.1000,92.2521,5.5532,140.5645,9.5454
2102.2000,92.2330,5.5488,139.6179,9.5445
2102.3000,92.2129,5.5444,138.8721,9.5435
2102.4000,92.1913,5.5399,138.2029,9.5425
2102.5000,92.1690,5.5355,138.2643,9.5415
2102.6000,92.1481,5.5310,138.4202,9.5405
2102.7000,92.1269,5.5265,138.5804,9.5396
2102.8000,92.1072,5.5220,139.8679,9.5387
2102.9000,92.0918,5.5175,141.7930,9.5379
2103.0000,92.0805,5.5130,143.2996,9.5374
2103.1000,92.0717,5.5085,144.9361,9.5370
2103.2000,92.0674,5.5040,147.4650,9.5368
2103.3000,92.0694,5.4994,149.4306,9.5369
2103.4000,92.0735,5.4949,150.6144,9.5371
2103.5000,92.0805,5.4903,152.1686,9.5374
2103.6000,92.0912,5.4858,153.4591,9.5379
2103.7000,92.1038,5.4812,153.0186,9.5385
2103.8000,92.1129,5.4766,151.0978,9.5389
2103.9000,92.1177,5.4721,148.8393,9.5391
2104.0000,92.1178,5.4675,146.8849,9.5391
2104.1000,92.1150,5.4629,145.4132,9.5390
2104.2000,92.1094,5.4583,144.3402,9.5388
2104.3000,92.1025,5.4537,144.0227,9.5384
2104.4000,92.0960,5.4491,144.7562,9.5381
2104.5000,92.0925,5.4445,145.7842,9.5380
2104.6000,92.0905,5.4398,146.8635,9.5379
2104.7000,92.0918,5.4352,148.6739,9.5379
2104.8000,92.0976,5.4306,150.8621,9.5382
2104.9000,92.1081,5.4260,152.3032,9.5387
2105.0000,92.1199,5.4214,152.8877,9.5392
2105.1000,92.1330,5.4167,153.4839,9.5398
2105.2000,92.1475,5.4121,154.0018,9.5405
2105.3000,92.1629,5.4075,154.5865,9.5412
2105.4000,92.1799,5.4029,155.3403,9.5420
2105.5000,92.1985,5.3982,156.1874,9.5429
2105.6000,92.2191,5.3936,157.1807,9.5438
2105.7000,92.2418,5.3890,158.0396,9.5449
2105.8000,92.2660,5.3843,158.3609,9.5460
2105.9000,92.2901,5.3797,158.3424,9.5471
2106.0000,92.3143,5.3751,157.4732,9.5482
2106.1000,92.3349,5.3704,155.3218,9.5492
2106.2000,92.3504,5.3658,153.3726,9.5499
2106.3000,92.3632,5.3612,152.0199,9.5505
2106.4000,92.3733,5.3566,150.8689,9.5510
2106.5000,92.3816,5.3520,150.5312,9.5513
2106.6000,92.3906,5.3474,150.4437,9.5517
2106.7000,92.3987,5.3428,149.6350,9.5521
2106.8000,92.4046,5.3382,148.5649,9.5524
2106.9000,92.4086,5.3336,147.7138,9.5526
2107.0000,92.4113,5.3290,146.7868,9.5527
2107.1000,92.4118,5.3244,146.3766,9.5527
2107.2000,92.4131,5.3198,147.3740,9.5528
2107.3000,92.4180,5.3153,148.9817,9.5530
2107.4000,92.4261,5.3107,151.2135,9.5534
2107.5000,92.4404,5.3061,154.4795,9.5540
2107.6000,92.4620,5.3016,157.8130,9.5550
2107.7000,92.4899,5.2971,160.0197,9.5563
2107.8000,92.5206,5.2925,161.5441,9.5577
2107.9000,92.5547,5.2880,162.3524,9.5593
2108.0000,92.5886,5.2835,162.0234,9.5609
2108.1000,92.6213,5.2790,161.4940,9.5624
2108.2000,92.6529,5.2745,160.6493,9.5638
2108.3000,92.6822,5.2700,159.3167,9.5651
2108.4000,92.7084,5.2656,158.0948,9.5663
2108.5000,92.7327,5.2611,157.5496,9.5675
2108.6000,92.7567,5.2567,157.8689,9.5686
2108.7000,92.7823,5.2522,159.1486,9.5697
2108.8000,92.8116,5.2478,160.9881,9.5711
2108.9000,92.8447,5.2434,162.6825,9.5726
2109.0000,92.8808,5.2390,163.6763,9.5742
2109.1000,92.9178,5.2346,163.3461,9.5759
2109.2000,92.9525,5.2302,161.7715,9.5775
2109.3000,92.9830,5.2259,159.5501,9.5789
2109.4000,93.0086,5.2215,156.9352,9.5801
2109.5000,93.0286,5.2172,154.4838,9.5810
2109.6000,93.0443,5.2129,152.7880,9.5817
2109.7000,93.0575,5.2086,151.7877,9.5823
2109.8000,93.0693,5.2043,151.8931,9.5828
2109.9000,93.0831,5.2000,152.9379,9.5834
2110.0000,93.0993,5.1957,154.1053,9.5842
2110.1000,93.1180,5.1915,155.1642,9.5850
2110.2000,93.1386,5.1873,156.5341,9.5860
2110.3000,93.1628,5.1831,157.4510,9.5871
2110.4000,93.1872,5.1789,157.4112,9.5882
2110.5000,93.2113,5.1747,158.0221,9.5893
2110.6000,93.2381,5.1706,159.3259,9.5905
2110.7000,93.2675,5.1665,160.3353,9.5918
2110.8000,93.2984,5.1624,161.3769,9.5932
2110.9000,93.3320,5.1583,162.8564,9.5947
2111.0000,93.3688,5.1542,163.4603,9.5964
2111.1000,93.4046,5.1501,162.7932,9.5980
2111.2000,93.4386,5.1461,162.0050,9.5995
2111.3000,93.4712,5.1421,161.0307,9.6010
2111.4000,93.5012,5.1381,160.0946,9.6024
2111.5000,93.5299,5.1341,159.5936,9.6036
2111.6000,93.5578,5.1302,159.8415,9.6049
2111.7000,93.5875,5.1262,160.2959,9.6062
2111.8000,93.6172,5.1223,160.4369,9.6076
2111.9000,93.6475,5.1184,160.8323,9.6089
2112.0000,93.6787,5.1146,161.1017,9.6103
2112.1000,93.7099,5.1107,160.5139,9.6117
2112.2000,93.7387,5.1069,159.8147,9.6130
2112.3000,93.7671,5.1031,159.9054,9.6143
2112.4000,93.7962,5.0994,160.0700,9.6156
2112.5000,93.8252,5.0956,160.4310,9.6169
2112.6000,93.8556,5.0919,161.4607,9.6183
2112.7000,93.8887,5.0882,162.4680,9.6197
2112.8000,93.9231,5.0845,163.0675,9.6213
2112.9000,93.9585,5.0809,163.3003,9.6229
2113.0000,93.9937,5.0772,163.2712,9.6244
2113.1000,94.0288,5.0736,163.0609,9.6260
2113.2000,94.0631,5.0700,162.8493,9.6275
2113.3000,94.0972,5.0665,162.7410,9.6290
2113.4000,94.1309,5.0630,162.2523,9.6305
2113.5000,94.1629,5.0595,161.8267,9.6320
2113.6000,94.1948,5.0560,161.3359,9.6334
2113.7000,94.2247,5.0526,160.5170,9.6347
2113.8000,94.2532,5.0491,159.6877,9.6360
2113.9000,94.2798,5.0457,159.4373,9.6371
2114.0000,94.3072,5.0424,159.6488,9.6384
2114.1000,94.3346,5.0390,159.8638,9.6396
2114.2000,94.3628,5.0357,160.4189,9.6408
2114.3000,94.3923,5.0324,161.2666,9.6421
2114.4000,94.4239,5.0292,161.9170,9.6435
2114.5000,94.4558,5.0260,162.0425,9.6449
2114.6000,94.4878,5.0228,162.4133,9.6463
2114.7000,94.5211,5.0196,162.7751,9.6478
2114.8000,94.5543,5.0165,162.7518,9.6493
2114.9000,94.5874,5.0134,162.6209,9.6507
2115.0000,94.6200,5.0103,162.4214,9.6522
2115.1000,94.6521,5.0072,162.3300,9.6536
2115.2000,94.6842,5.0042,162.3074,9.6550
2115.3000,94.7161,5.0012,162.2851,9.6564
2115.4000,94.7479,4.9982,162.1797,9.6578
2115.5000,94.7793,4.9953,161.7447,9.6592
2115.6000,94.8092,4.9924,161.1803,9.6605
2115.7000,94.8383,4.9895,160.9452,9.6617
2115.8000,94.8671,4.9867,160.9222,9.6630
2115.9000,94.8959,4.9839,160.9992,9.6643
2116.0000,94.9250,4.9811,161.2856,9.6655
2116.1000,94.9549,4.9783,160.6938,9.6668
2116.2000,94.9815,4.9756,158.7673,9.6680
2116.3000,95.0035,4.9729,156.3781,9.6690
2116.4000,95.0206,4.9703,153.6283,9.6697
2116.5000,95.0317,4.9676,150.3642,9.6702
2116.6000,95.0359,4.9650,147.5812,9.6704
2116.7000,95.0361,4.9625,145.7056,9.6704
2116.8000,95.0329,4.9599,144.1983,9.6703
2116.9000,95.0274,4.9574,143.2838,9.6700
2117.0000,95.0208,4.9550,142.9626,9.6697
2117.1000,95.0142,4.9526,142.8404,9.6694
2117.2000,95.0074,4.9502,142.8751,9.6691
2117.3000,95.0011,4.9478,143.1149,9.6689
2117.4000,94.9955,4.9454,143.7163,9.6686
2117.5000,94.9919,4.9431,144.9722,9.6685
2117.6000,94.9914,4.9409,146.4906,9.6684
2117.7000,94.9940,4.9386,147.6151,9.6686
2117.8000,94.9981,4.9364,148.1756,9.6687
2117.9000,95.0030,4.9343,148.0384,9.6689
2118.0000,95.0067,4.9321,147.7001,9.6691
2118.1000,95.0103,4.9300,147.8257,9.6693
2118.2000,95.0147,4.9279,148.5542,9.6695
2118.3000,95.0213,4.9259,149.9058,9.6697
2118.4000,95.0311,4.9239,151.4566,9.6702
2118.5000,95.0439,4.9219,152.5431,9.6707
2118.6000,95.0580,4.9200,153.1358,9.6713
2118.7000,95.0731,4.9180,153.5532,9.6720
2118.8000,95.0888,4.9162,153.3538,9.6727
2118.9000,95.1032,4.9143,152.8046,9.6733
2119.0000,95.1167,4.9125,152.1630,9.6739
2119.1000,95.1285,4.9107,151.3600,9.6744
2119.2000,95.1388,4.9090,150.7222,9.6749
2119.3000,95.1481,4.9072,150.5766,9.6753
2119.4000,95.1578,4.9055,150.7917,9.6757
2119.5000,95.1680,4.9039,151.3656,9.6761
2119.6000,95.1800,4.9023,152.0303,9.6767
2119.7000,95.1928,4.9007,151.9533,9.6772
2119.8000,95.2045,4.8991,151.4256,9.6777
2119.9000,95.2151,4.8976,150.7619,9.6782
2120.0000,95.2242,4.8961,149.5360,9.6786
2120.1000,95.2300,4.8946,147.7602,9.6788
2120.2000,95.2321,4.8932,146.2915,9.6789
2120.3000,95.2322,4.8918,145.4230,9.6789
2120.4000,95.2309,4.8904,144.9369,9.6789
2120.5000,95.2291,4.8891,145.5332,9.6788
2120.6000,95.2303,4.8878,147.0679,9.6788
2120.7000,95.2347,4.8865,148.2908,9.6790
2120.8000,95.2408,4.8852,148.3990,9.6793
2120.9000,95.2457,4.8840,147.4408,9.6795
2121.0000,95.2480,4.8828,144.9539,9.6796
2121.1000,95.2430,4.8817,141.9220,9.6794
2121.2000,95.2335,4.8805,139.9982,9.6790
2121.3000,95.2211,4.8794,139.3899,9.6784
2121.4000,95.2093,4.8784,139.9089,9.6779
2121.5000,95.1991,4.8773,141.5689,9.6775
2121.6000,95.1941,4.8763,143.9745,9.6773
2121.7000,95.1936,4.8754,146.2632,9.6772
2121.8000,95.1977,4.8744,147.5899,9.6774
2121.9000,95.2025,4.8735,148.0096,9.6776
2122.0000,95.2083,4.8726,148.5018,9.6779
2122.1000,95.2150,4.8717,148.7948,9.6782
2122.2000,95.2220,4.8709,148.1757,9.6785
2122.3000,95.2262,4.8701,148.0509,9.6787
2122.4000,95.2327,4.8693,149.0953,9.6789
2122.5000,95.2411,4.8686,150.4160,9.6793
2122.6000,95.2528,4.8679,151.7601,9.6798
2122.7000,95.2664,4.8672,153.1808,9.6804
2122.8000,95.2836,4.8665,154.2416,9.6812
2122.9000,95.3013,4.8659,154.3754,9.6819
2123.0000,95.3189,4.8653,153.5403,9.6827
2123.1000,95.3332,4.8647,151.9213,9.6833
2123.2000,95.3443,4.8641,150.7185,9.6838
2123.3000,95.3537,4.8636,149.9110,9.6842
2123.4000,95.3615,4.8631,149.0706,9.6845
2123.5000,95.3676,4.8626,148.3097,9.6848
2123.6000,95.3724,4.8622,147.5221,9.6850
2123.7000,95.3753,4.8618,146.0253,9.6851
2123.8000,95.3742,4.8614,144.4237,9.6851
2123.9000,95.3708,4.8610,143.2527,9.6849
2124.0000,95.3651,4.8606,142.5164,9.6847
2124.1000,95.3588,4.8603,142.8654,9.6844
2124.2000,95.3546,4.8600,144.2824,9.6842
2124.3000,95.3540,4.8597,145.7761,9.6842
2124.4000,95.3557,4.8595,147.6239,9.6843
2124.5000,95.3625,4.8592,149.3722,9.6846
2124.6000,95.3711,4.8590,149.8831,9.6849
2124.7000,95.3798,4.8589,149.5218,9.6853
2124.8000,95.3868,4.8587,148.3356,9.6856
2124.9000,95.3908,4.8586,146.3763,9.6858
2125.0000,95.3901,4.8584,144.8488,9.6858
2125.1000,95.3880,4.8583,144.3406,9.6857
2125.2000,95.3853,4.8583,144.2838,9.6856
2125.3000,95.3830,4.8582,144.8147,9.6855
2125.4000,95.3824,4.8582,145.6174,9.6854
2125.5000,95.3833,4.8582,145.6631,9.6855
2125.6000,95.3829,4.8582,144.9759,9.6855
2125.7000,95.3811,4.8582,144.5079,9.6854
2125.8000,95.3789,4.8583,144.1268,9.6853
2125.9000,95.3756,4.8583,143.4082,9.6851
2126.0000,95.3705,4.8584,143.3269,9.6849
2126.1000,95.3670,4.8585,143.8954,9.6848
2126.2000,95.3642,4.8587,143.6724,9.6846
2126.3000,95.3597,4.8588,143.3438,9.6845
2126.4000,95.3557,4.8590,143.7756,9.6843
2126.5000,95.3530,4.8591,143.8253,9.6842
2126.6000,95.3492,4.8593,143.3736,9.6840
2126.7000,95.3447,4.8596,143.1847,9.6838
2126.8000,95.3401,4.8598,142.8467,9.6836
2126.9000,95.3344,4.8600,142.3049,9.6834
2127.0000,95.3277,4.8603,142.2117,9.6831
2127.1000,95.3216,4.8606,142.9306,9.6828
2127.2000,95.3178,4.8609,143.6694,9.6826
2127.3000,95.3147,4.8612,144.0178,9.6825
2127.4000,95.3123,4.8615,143.9599,9.6824
2127.5000,95.3089,4.8618,143.4075,9.6823
2127.6000,95.3044,4.8622,142.1948,9.6821
2127.7000,95.2962,4.8625,141.3766,9.6817
2127.8000,95.2885,4.8629,141.4390,9.6814
2127.9000,95.2806,4.8633,141.8885,9.6810
2128.0000,95.2747,4.8637,143.2589,9.6808
2128.1000,95.2723,4.8641,145.0747,9.6807
2128.2000,95.2736,4.8645,146.8374,9.6807
2128.3000,95.2781,4.8650,149.1403,9.6809
2128.4000,95.2884,4.8654,152.1362,9.6814
2128.5000,95.3047,4.8659,154.6905,9.6821
2128.6000,95.3250,4.8663,156.9160,9.6830
2128.7000,95.3498,4.8668,159.0122,9.6840
2128.8000,95.3781,4.8673,160.3465,9.6853
2128.9000,95.4079,4.8678,160.8921,9.6865
2129.0000,95.4380,4.8683,161.0122,9.6878
2129.1000,95.4679,4.8688,161.0471,9.6886
2129.2000,95.4978,4.8693,161.0820,9.6891
2129.3000,95.5275,4.8698,161.1169,9.6896
2129.4000,95.5572,4.8704,161.1519,9.6901
2129.5000,95.5867,4.8709,161.1869,9.6906
2129.6000,95.6161,4.8715,161.2220,9.6910
2129.7000,95.6454,4.8720,161.2571,9.6915
2129.8000,95.6746,4.8726,161.2921,9.6920
2129.9000,95.7038,4.8732,161.3272,9.6925
2130.0000,95.7328,4.8737,161.3623,9.6929
2130.1000,95.7617,4.8743,161.3974,9.6934
2130.2000,95.7905,4.8749,161.4325,9.6939
2130.3000,95.8192,4.8755,161.4676,9.6943
2130.4000,95.8478,4.8761,161.5026,9.6948
2130.5000,95.8763,4.8766,161.5377,9.6952
2130.6000,95.9047,4.8772,161.5727,9.6957
2130.7000,95.9330,4.8778,161.6076,9.6961
2130.8000,95.9612,4.8784,161.6425,9.6966
2130.9000,95.9893,4.8790,161.6774,9.6970
2131.0000,96.0173,4.8796,161.6330,9.6975
2131.1000,96.0448,4.8802,161.1663,9.6979
2131.2000,96.0707,4.8808,160.2524,9.6983
2131.3000,96.0943,4.8814,159.2347,9.6987
2131.4000,96.1159,4.8820,158.0489,9.6990
2131.5000,96.1346,4.8826,156.5936,9.6993
2131.6000,96.1502,4.8832,155.2774,9.6996
2131.7000,96.1636,4.8838,154.3537,9.6998
2131.8000,96.1754,4.8844,153.6851,9.6999
2131.9000,96.1860,4.8850,153.1258,9.7001
2132.0000,96.1954,4.8856,152.7006,9.7003
2132.1000,96.2042,4.8862,152.4101,9.7004
2132.2000,96.2124,4.8868,152.6156,9.7005
2132.3000,96.2219,4.8874,152.9607,9.7007
2132.4000,96.2313,4.8880,152.8680,9.7008
2132.5000,96.2403,4.8885,152.6748,9.7009
2132.6000,96.2488,4.8891,151.9294,9.7011
2132.7000,96.2547,4.8897,150.2993,9.7012
2132.8000,96.2567,4.8902,148.6827,9.7012
2132.9000,96.2562,4.8908,147.6545,9.7012
2133.0000,96.2542,4.8913,146.9588,9.7012
2133.1000,96.2510,4.8918,147.3474,9.7011
2133.2000,96.2504,4.8924,148.6304,9.7011
2133.3000,96.2522,4.8929,149.4264,9.7011
2133.4000,96.2547,4.8934,149.8028,9.7012
2133.5000,96.2580,4.8939,150.2652,9.7012
2133.6000,96.2622,4.8944,151.2356,9.7013
2133.7000,96.2692,4.8949,152.2421,9.7014
2133.8000,96.2773,4.8953,152.5778,9.7015
2133.9000,96.2854,4.8958,152.7242,9.7016
2134.0000,96.2940,4.8962,152.9649,9.7018
2134.1000,96.3030,4.8967,152.7310,9.7019
2134.2000,96.3105,4.8971,152.4295,9.7020
2134.3000,96.3182,4.8975,152.8918,9.7021
2134.4000,96.3275,4.8979,153.7436,9.7023
2134.5000,96.3384,4.8983,154.3166,9.7024
2134.6000,96.3497,4.8987,154.5633,9.7026
2134.7000,96.3614,4.8991,154.7875,9.7028
2134.8000,96.3735,4.8994,155.0049,9.7030
2134.9000,96.3860,4.8998,155.0171,9.7032
2135.0000,96.3980,4.9001,154.9710,9.7034
2135.1000,96.4101,4.9004,155.0244,9.7035
2135.2000,96.4221,4.9007,155.0046,9.7037
2135.3000,96.4340,4.9010,155.1967,9.7039
2135.4000,96.4467,4.9013,155.2020,9.7041
2135.5000,96.4584,4.9015,155.1952,9.7043
2135.6000,96.4709,4.9017,155.2281,9.7045
2135.7000,96.4827,4.9020,154.5240,9.7046
2135.8000,96.4923,4.9022,153.1974,9.7048
2135.9000,96.4987,4.9023,151.6774,9.7049
2136.0000,96.5023,4.9025,149.2546,9.7049
2136.1000,96.4992,4.9026,145.5268,9.7049
2136.2000,96.4882,4.9028,142.0815,9.7047
2136.3000,96.4718,4.9029,139.3999,9.7045
2136.4000,96.4504,4.9030,136.8993,9.7041
2136.5000,96.4244,4.9030,135.1690,9.7037
2136.6000,96.3965,4.9031,134.2984,9.7033
2136.7000,96.3673,4.9031,133.1376,9.7029
2136.8000,96.3352,4.9031,131.5169,9.7024
2136.9000,96.2999,4.9031,130.7898,9.7019
2137.0000,96.2652,4.9031,131.2902,9.7013
2137.1000,96.2322,4.9030,132.0118,9.7008
2137.2000,96.2007,4.9030,133.0167,9.7003
2137.3000,96.1720,4.9029,134.2434,9.6999
2137.4000,96.1456,4.9027,135.1338,9.6995
2137.5000,96.1206,4.9026,135.5975,9.6991
2137.6000,96.0962,4.9024,135.7152,9.6987
2137.7000,96.0719,4.9022,135.4166,9.6983
2137.8000,96.0467,4.9020,135.3060,9.6979
2137.9000,96.0222,4.9018,134.8861,9.6976
2138.0000,95.9955,4.9015,133.0727,9.6971
2138.1000,95.9642,4.9013,131.2884,9.6966
2138.2000,95.9308,4.9010,130.7774,9.6961
2138.3000,95.8978,4.9006,130.7396,9.6956
2138.4000,95.8645,4.9003,131.0365,9.6951
2138.5000,95.8330,4.8999,132.5461,9.6945
2138.6000,95.8061,4.8995,135.0086,9.6941
2138.7000,95.7845,4.8991,137.0925,9.6938
2138.8000,95.7660,4.8986,138.7921,9.6935
2138.9000,95.7514,4.8981,140.4382,9.6932
2139.0000,95.7396,4.8976,141.6656,9.6930
2139.1000,95.7300,4.8971,142.4371,9.6929
2139.2000,95.7213,4.8965,143.2798,9.6927
2139.3000,95.7151,4.8959,144.5799,9.6926
2139.4000,95.7117,4.8953,146.0843,9.6926
2139.5000,95.7115,4.8947,147.6029,9.6926
2139.6000,95.7141,4.8940,149.0805,9.6926
2139.7000,95.7198,4.8933,150.2646,9.6927
2139.8000,95.7271,4.8926,150.6668,9.6928
2139.9000,95.7343,4.8919,150.5118,9.6930
2140.0000,95.7409,4.8911,150.2306,9.6931
2140.1000,95.7471,4.8903,149.7888,9.6932
2140.2000,95.7519,4.8894,148.8740,9.6932
2140.3000,95.7545,4.8886,148.3422,9.6933
2140.4000,95.7573,4.8877,148.9352,9.6933
2140.5000,95.7622,4.8867,149.7002,9.6934
2140.6000,95.7680,4.8858,149.7701,9.6935
2140.7000,95.7732,4.8848,149.6407,9.6936
2140.8000,95.7785,4.8838,148.8428,9.6937
2140.9000,95.7806,4.8827,146.8377,9.6937
2141.0000,95.7781,4.8817,144.7425,9.6937
2141.1000,95.7719,4.8806,144.0142,9.6936
2141.2000,95.7667,4.8794,144.6748,9.6935
2141.3000,95.7633,4.8783,146.0613,9.6934
2141.4000,95.7636,4.8771,147.9193,9.6934
2141.5000,95.7677,4.8759,150.0206,9.6935
2141.6000,95.7763,4.8746,152.0201,9.6936
2141.7000,95.7882,4.8733,153.6237,9.6938
2141.8000,95.8032,4.8720,155.2963,9.6941
2141.9000,95.8216,4.8706,157.2360,9.6944
2142.0000,95.8441,4.8693,159.0393,9.6947
2142.1000,95.8695,4.8679,159.8345,9.6951
2142.2000,95.8950,4.8664,159.4380,9.6955
2142.3000,95.9186,4.8649,158.1305,9.6959
2142.4000,95.9388,4.8634,156.6513,9.6962
2142.5000,95.9565,4.8619,155.1901,9.6965
2142.6000,95.9708,4.8603,153.7506,9.6967
2142.7000,95.9829,4.8587,153.0437,9.6969
2142.8000,95.9944,4.8571,152.6884,9.6971
2142.9000,96.0050,4.8554,152.0202,9.6973
2143.0000,96.0140,4.8537,151.0353,9.6974
2143.1000,96.0207,4.8519,150.4218,9.6975
2143.2000,96.0273,4.8502,150.0317,9.6976
2143.3000,96.0326,4.8484,149.8194,9.6977
2143.4000,96.0384,4.8465,150.3108,9.6978
2143.5000,96.0456,4.8447,151.4571,9.6979
2143.6000,96.0560,4.8428,152.5394,9.6981
2143.7000,96.0676,4.8408,153.7588,9.6983
2143.8000,96.0827,4.8389,155.2311,9.6985
2143.9000,96.1001,4.8369,155.4802,9.6988
2144.0000,96.1161,4.8348,155.0224,9.6990
2144.1000,96.1317,4.8328,154.5059,9.6993
2144.2000,96.1457,4.8307,153.3148,9.6995
2144.3000,96.1565,4.8285,151.4642,9.6996
2144.4000,96.1633,4.8264,150.1692,9.6998
2144.5000,96.1691,4.8242,149.5030,9.6998
2144.6000,96.1734,4.8219,148.7990,9.6999
2144.7000,96.1766,4.8197,148.3805,9.7000
2144.8000,96.1794,4.8174,147.8332,9.7000
2144.9000,96.1805,4.8150,146.4791,9.7000
2145.0000,96.1781,4.8127,144.4226,9.7000
2145.1000,96.1713,4.8103,142.3439,9.6999
2145.2000,96.1610,4.8079,139.9557,9.6997
2145.3000,96.1451,4.8054,138.2670,9.6995
2145.4000,96.1285,4.8029,138.2885,9.6992
2145.5000,96.1130,4.8004,139.0457,9.6990
2145.6000,96.0997,4.7978,139.7844,9.6988
2145.7000,96.0874,4.7952,140.6929,9.6986
2145.8000,96.0779,4.7926,141.3100,9.6984
2145.9000,96.0684,4.7899,141.1248,9.6983
2146.0000,96.0584,4.7873,140.2764,9.6981
2146.1000,96.0458,4.7845,139.3292,9.6979
2146.2000,96.0325,4.7818,138.7235,9.6977
2146.3000,96.0178,4.7790,138.4757,9.6975
2146.4000,96.0038,4.7762,138.0960,9.6973
2146.5000,95.9879,4.7734,137.4593,9.6970
2146.6000,95.9717,4.7705,137.1413,9.6968
2146.7000,95.9550,4.7676,136.5647,9.6965
2146.8000,95.9369,4.7646,135.5983,9.6962
2146.9000,95.9167,4.7617,135.5755,9.6959
2147.0000,95.8989,4.7587,136.7623,9.6956
2147.1000,95.8838,4.7556,138.0926,9.6954
2147.2000,95.8716,4.7526,139.7602,9.6952
2147.3000,95.8634,4.7495,141.2050,9.6950
2147.4000,95.8571,4.7464,141.3064,9.6949
2147.5000,95.8496,4.7432,140.5403,9.6948
2147.6000,95.8406,4.7400,139.6784,9.6947
2147.7000,95.8300,4.7368,138.5328,9.6945
2147.8000,95.8168,4.7336,137.9662,9.6943
2147.9000,95.8043,4.7303,138.1311,9.6941
2148.0000,95.7921,4.7270,138.2140,9.6939
2148.1000,95.7802,4.7237,138.1215,9.6937
2148.2000,95.7680,4.7203,138.3454,9.6935
2148.3000,95.7574,4.7169,138.4957,9.6933
2148.4000,95.7461,4.7135,138.6752,9.6932
2148.5000,95.7365,4.7101,139.6434,9.6930
2148.6000,95.7294,4.7066,140.7253,9.6929
2148.7000,95.7244,4.7031,141.5101,9.6928
2148.8000,95.7206,4.6996,142.1461,9.6927
2148.9000,95.7184,4.6960,142.1671,9.6927
2149.0000,95.7150,4.6924,141.6540,9.6926
2149.1000,95.7110,4.6888,141.5169,9.6926
2149.2000,95.7074,4.6852,140.9067,9.6925
2149.3000,95.7012,4.6815,139.6423,9.6924
2149.4000,95.6929,4.6778,138.3157,9.6923
2149.5000,95.6819,4.6741,136.6238,9.6921
2149.6000,95.6672,4.6704,134.2477,9.6919
2149.7000,95.6472,4.6666,132.3035,9.6915
2149.8000,95.6253,4.6628,130.5495,9.6912
2149.9000,95.5988,4.6590,128.5535,9.6908
2150.0000,95.5696,4.6552,127.3457,9.6903
2150.1000,95.5388,4.6513,126.8213,9.6898
2150.2000,95.5081,4.6474,126.6977,9.6893
2150.3000,95.4774,4.6435,127.3051,9.6888
2150.4000,95.4496,4.6396,128.2897,9.6883
2150.5000,95.4233,4.6356,129.0077,9.6872
2150.6000,95.3988,4.6316,129.6333,9.6861
2150.7000,95.3755,4.6276,129.6478,9.6851
2150.8000,95.3516,4.6236,129.6876,9.6841
2150.9000,95.3289,4.6196,130.6565,9.6831
2151.0000,95.3093,4.6155,131.1362,9.6823
2151.1000,95.2890,4.6114,130.7907,9.6814
2151.2000,95.2685,4.6073,130.6041,9.6805
2151.3000,95.2480,4.6032,130.0986,9.6796
2151.4000,95.2259,4.5990,129.2535,9.6787
2151.5000,95.2025,4.5949,129.0498,9.6776
2151.6000,95.1802,4.5907,129.4109,9.6767
2151.7000,95.1587,4.5865,129.6473,9.6757
2151.8000,95.1377,4.5822,130.0890,9.6748
2151.9000,95.1185,4.5780,131.0879,9.6740
2152.0000,95.1020,4.5737,132.4977,9.6733
2152.1000,95.0887,4.5694,133.8632,9.6727
2152.2000,95.0781,4.5651,135.0188,9.6722
2152.3000,95.0698,4.5608,136.0045,9.6719
2152.4000,95.0635,4.5565,136.5127,9.6716
2152.5000,95.0576,4.5521,136.6767,9.6713
2152.6000,95.0522,4.5478,136.7647,9.6711
2152.7000,95.0470,4.5434,136.8520,9.6709
2152.8000,95.0424,4.5390,136.4840,9.6707
2152.9000,95.0361,4.5345,136.4076,9.6704
2153.0000,95.0314,4.5301,137.1216,9.6702
2153.1000,95.0283,4.5257,138.3362,9.6701
2153.2000,95.0289,4.5212,139.7213,9.6701
2153.3000,95.0316,4.5167,140.7076,9.6702
2153.4000,95.0363,4.5122,140.8389,9.6704
2153.5000,95.0398,4.5077,139.9530,9.6706
2153.6000,95.0412,4.5032,138.6555,9.6706
2153.7000,95.0399,4.4986,137.5632,9.6706
2153.8000,95.0373,4.4941,137.3243,9.6704
2153.9000,95.0353,4.4895,137.6671,9.6704
2154.0000,95.0345,4.4849,138.0391,9.6703
2154.1000,95.0342,4.4804,138.1515,9.6703
2154.2000,95.0342,4.4758,138.5015,9.6703
2154.3000,95.0357,4.4711,139.1009,9.6704
2154.4000,95.0382,4.4665,139.3681,9.6705
2154.5000,95.0411,4.4619,139.1495,9.6706
2154.6000,95.0431,4.4573,139.3419,9.6707
2154.7000,95.0470,4.4526,140.0622,9.6709
2154.8000,95.0521,4.4479,140.1095,9.6711
2154.9000,95.0565,4.4433,139.6400,9.6713
2155.0000,95.0600,4.4386,139.4568,9.6714
2155.1000,95.0639,4.4339,139.6619,9.6716
2155.2000,95.0686,4.4292,139.8028,9.6718
2155.3000,95.0733,4.4245,140.4397,9.6720
2155.4000,95.0808,4.4198,141.3204,9.6723
2155.5000,95.0893,4.4151,141.5962,9.6727
2155.6000,95.0980,4.4104,141.3871,9.6731
2155.7000,95.1059,4.4056,141.0181,9.6734
2155.8000,95.1135,4.4009,140.8332,9.6738
2155.9000,95.1209,4.3962,141.5335,9.6741
2156.0000,95.1315,4.3914,143.3647,9.6745
2156.1000,95.1464,4.3867,145.5376,9.6752
2156.2000,95.1658,4.3819,147.6434,9.6760
2156.3000,95.1891,4.3772,149.4840,9.6771
2156.4000,95.2159,4.3724,150.7435,9.6782
2156.5000,95.2443,4.3676,151.1470,9.6795
2156.6000,95.2727,4.3629,150.9085,9.6807
2156.7000,95.3002,4.3581,150.0296,9.6819
2156.8000,95.3252,4.3533,148.8668,9.6830
2156.9000,95.3482,4.3485,147.9674,9.6840
2157.0000,95.3697,4.3438,147.3093,9.6849
2157.1000,95.3902,4.3390,146.6860,9.6858
2157.2000,95.4093,4.3342,146.0774,9.6866
2157.3000,95.4275,4.3294,145.3321,9.6874
2157.4000,95.4438,4.3247,143.9411,9.6881
2157.5000,95.4567,4.3199,142.8530,9.6884
2157.6000,95.4689,4.3151,142.1995,9.6886
2157.7000,95.4794,4.3103,141.1842,9.6888
2157.8000,95.4878,4.3056,139.5875,9.6889
2157.9000,95.4922,4.3008,138.1629,9.6890
2158.0000,95.4953,4.2960,136.7789,9.6890
2158.1000,95.4946,4.2913,134.5873,9.6890
2158.2000,95.4893,4.2865,132.3958,9.6890
2158.3000,95.4802,4.2818,130.8105,9.6888
2158.4000,95.4691,4.2770,129.3869,9.6886
2158.5000,95.4548,4.2723,128.2831,9.6884
2158.6000,95.4398,4.2676,128.4867,9.6879
2158.7000,95.4268,4.2629,129.4040,9.6874
2158.8000,95.4158,4.2582,130.7403,9.6869
2158.9000,95.4085,4.2535,132.6440,9.6866
2159.0000,95.4055,4.2488,134.2795,9.6864
2159.1000,95.4050,4.2441,135.2920,9.6864
2159.2000,95.4063,4.2394,136.1782,9.6865
2159.3000,95.4096,4.2348,136.7117,9.6866
2159.4000,95.4133,4.2301,136.2573,9.6868
2159.5000,95.4151,4.2255,135.2648,9.6869
2159.6000,95.4151,4.2208,134.3306,9.6869
2159.7000,95.4136,4.2162,133.6651,9.6868
2159.8000,95.4113,4.2116,133.1604,9.6867
2159.9000,95.4081,4.2070,133.2771,9.6865
2160.0000,95.4066,4.2024,133.7705,9.6865
2160.1000,95.4057,4.1979,133.3936,9.6864
2160.2000,95.4030,4.1933,132.5887,9.6863
2160.3000,95.3992,4.1888,131.8287,9.6862
2160.4000,95.3939,4.1842,130.0437,9.6859
2160.5000,95.3834,4.1797,127.2088,9.6855
2160.6000,95.3673,4.1752,124.7640,9.6848
2160.7000,95.3475,4.1708,123.0487,8.4448
2160.8000,95.3251,4.1663,121.7665,8.3421
2160.9000,95.3008,4.1619,121.2192,8.2981
2161.0000,95.2767,4.1574,122.2115,8.3761
2161.1000,95.2568,4.1530,124.0114,9.6800
2161.2000,95.2404,4.1487,125.0673,9.6793
2161.3000,95.2251,4.1443,125.3087,9.6786
2161.4000,95.2100,4.1399,125.0529,9.6780
2161.5000,95.1942,4.1356,124.4515,9.6773
2161.6000,95.1772,4.1313,124.0331,9.6765
2161.7000,95.1601,4.1270,124.1111,9.6758
2161.8000,95.1439,4.1228,124.4209,9.6751
2161.9000,95.1285,4.1185,124.4657,9.6744
2162.0000,95.1128,4.1143,123.9210,9.6737
2162.1000,95.0957,4.1101,122.7781,8.4161
2162.2000,95.0760,4.1059,121.0204,8.2760
2162.3000,95.0523,4.1018,119.4320,8.1503
2162.4000,95.0267,4.0976,118.9658,8.1131
2162.5000,95.0018,4.0935,119.5312,8.1567
2162.6000,94.9789,4.0895,120.6469,8.2438
2162.7000,94.9589,4.0854,121.9202,8.3440
2162.8000,94.9416,4.0814,123.0517,8.4336
2162.9000,94.9264,4.0774,124.5683,9.6656
2163.0000,94.9155,4.0734,125.9619,9.6651
2163.1000,94.9063,4.0694,127.0232,9.6647
2163.2000,94.9000,4.0655,128.4005,9.6644
2163.3000,94.8966,4.0616,130.0436,9.6643
2163.4000,94.8971,4.0577,130.6296,9.6643
2163.5000,94.8963,4.0539,129.4759,9.6643
2163.6000,94.8925,4.0501,127.4364,9.6641
2163.7000,94.8839,4.0463,124.8454,9.6637
2163.8000,94.8701,4.0425,122.1328,8.3584
2163.9000,94.8510,4.0388,120.0960,8.1969
2164.0000,94.8296,4.0351,119.3860,8.1406
2164.1000,94.8081,4.0314,119.1823,8.1240
2164.2000,94.7863,4.0278,119.3441,8.1361
2164.3000,94.7659,4.0242,120.0727,8.1927
2164.4000,94.7474,4.0206,120.4771,8.2240
2164.5000,94.7291,4.0170,121.0379,8.2678
2164.6000,94.7132,4.0135,122.5565,8.3878
2164.7000,94.7013,4.0100,124.1163,9.6557
2164.8000,94.6920,4.0066,124.9993,9.6553
2164.9000,94.6840,4.0031,125.7396,9.6550
2165.0000,94.6779,3.9998,125.7356,9.6547
2165.1000,94.6701,3.9964,124.9135,9.6544
2165.2000,94.6611,3.9931,124.9612,9.6540
2165.3000,94.6538,3.9898,125.6151,9.6537
2165.4000,94.6477,3.9865,126.3095,9.6534
2165.5000,94.6434,3.9833,127.5563,9.6532
2165.6000,94.6425,3.9801,129.1339,9.6532
2165.7000,94.6448,3.9769,130.2015,9.6533
2165.8000,94.6484,3.9738,130.4226,9.6534
2165.9000,94.6517,3.9707,130.3777,9.6536
2166.0000,94.6553,3.9677,130.5726,9.6537
2166.1000,94.6595,3.9647,131.0578,9.6539
2166.2000,94.6652,3.9617,131.7635,9.6542
2166.3000,94.6724,3.9588,133.1607,9.6545
2166.4000,94.6838,3.9558,135.1682,9.6550
2166.5000,94.6991,3.9530,136.5831,9.6556
2166.6000,94.7162,3.9501,136.6101,9.6564
2166.7000,94.7317,3.9473,135.5674,9.6571
2166.8000,94.7446,3.9446,134.3997,9.6576
2166.9000,94.7555,3.9419,133.6261,9.6581
2167.0000,94.7654,3.9392,133.5703,9.6586
2167.1000,94.7762,3.9365,134.4073,9.6590
2167.2000,94.7895,3.9339,135.4336,9.6596
2167.3000,94.8044,3.9313,136.1588,9.6603
2167.4000,94.8207,3.9288,136.6201,9.6610
2167.5000,94.8374,3.9263,136.8265,9.6617
2167.6000,94.8545,3.9239,137.3700,9.6625
2167.7000,94.8734,3.9214,138.0316,9.6633
2167.8000,94.8931,3.9191,137.9523,9.6641
2167.9000,94.9117,3.9167,137.2172,9.6650
2168.0000,94.9285,3.9144,136.3010,9.6657
2168.1000,94.9434,3.9122,134.8777,9.6663
2168.2000,94.9545,3.9100,132.8638,9.6668
2168.3000,94.9614,3.9078,131.3658,9.6671
2168.4000,94.9667,3.9057,130.7434,9.6674
2168.5000,94.9712,3.9036,129.8554,9.6676
2168.6000,94.9731,3.9015,128.8192,9.6676
2168.7000,94.9736,3.8995,129.2752,9.6677
2168.8000,94.9774,3.8976,130.4351,9.6678
2168.9000,94.9826,3.8956,130.6451,9.6681
2169.0000,94.9873,3.8938,130.6313,9.6683
2169.1000,94.9926,3.8919,130.6472,9.6685
2169.2000,94.9974,3.8901,129.7890,9.6687
2169.3000,94.9994,3.8884,128.8570,9.6688
2169.4000,95.0006,3.8867,128.4022,9.6688
2169.5000,95.0009,3.8850,127.8297,9.6689
2169.6000,94.9999,3.8834,127.2853,9.6688
2169.7000,94.9981,3.8818,126.7461,9.6687
2169.8000,94.9952,3.8803,125.6783,9.6686
2169.9000,94.9892,3.8788,123.7973,8.4946
2170.0000,94.9790,3.8774,122.1815,8.3653
2170.1000,94.9668,3.8760,120.8374,8.2585
2170.2000,94.9514,3.8746,119.4768,8.1510
2170.3000,94.9341,3.8733,118.4539,8.0706
2170.4000,94.9148,3.8720,118.8386,8.1001
2170.5000,94.8993,3.8708,119.8138,8.1761
2170.6000,94.8841,3.8697,120.2857,8.2127
2170.7000,94.8707,3.8685,120.6623,8.2420
2170.8000,94.8572,3.8674,120.6702,8.2423
2170.9000,94.8440,3.8664,120.2957,8.2124
2171.0000,94.8292,3.8654,119.9653,8.1860
2171.1000,94.8149,3.8645,120.2959,8.2116
2171.2000,94.8016,3.8636,121.4727,8.3042
2171.3000,94.7922,3.8627,123.1346,8.4360
2171.4000,94.7857,3.8619,124.1904,9.6594
2171.5000,94.7805,3.8611,124.9681,9.6592
2171.6000,94.7772,3.8604,125.4124,9.6591
2171.7000,94.7739,3.8597,125.6668,9.6589
2171.8000,94.7717,3.8591,126.6667,9.6588
2171.9000,94.7725,3.8585,128.3497,9.6589
2172.0000,94.7770,3.8580,130.0269,9.6591
2172.1000,94.7844,3.8575,131.6684,9.6594
2172.2000,94.7954,3.8571,132.7205,9.6599
2172.3000,94.8070,3.8567,132.7010,9.6604
2172.4000,94.8179,3.8563,132.6822,9.6609
2172.5000,94.8293,3.8560,132.9641,9.6614
2172.6000,94.8412,3.8558,133.3693,9.6619
2172.7000,94.8541,3.8555,133.7840,9.6624
2172.8000,94.8675,3.8554,133.8928,9.6630
2172.9000,94.8807,3.8553,133.3492,9.6636
2173.0000,94.8919,3.8552,132.5676,9.6641
2173.1000,94.9019,3.8551,131.7126,9.6645
2173.2000,94.9096,3.8552,130.9554,9.6649
2173.3000,94.9165,3.8552,131.0977,9.6652
2173.4000,94.9247,3.8553,131.3953,9.6655
2173.5000,94.9327,3.8555,130.8715,9.6659
2173.6000,94.9387,3.8557,130.2392,9.6661
2173.7000,94.9442,3.8559,130.1981,9.6664
2173.8000,94.9500,6.0000,165.3057,9.6666
2173.9000,94.9500,6.0000,163.8537,9.6666
2174.0000,94.9500,6.0000,163.8537,9.6666
2174.1000,94.9500,6.0000,163.8537,9.6666
2174.2000,94.9500,6.0000,163.8537,9.6666
2174.3000,94.9500,6.0000,163.8537,9.6666
2174.4000,94.9500,6.0000,163.8537,9.6666
2174.5000,94.9500,6.0000,163.8537,9.6666
2174.6000,94.9500,6.0000,163.8537,9.6666
2174.7000,94.9500,6.0000,163.8537,9.6666
2174.8000,94.9500,6.0000,163.8537,9.6666
2174.9000,94.9500,6.0000,163.8537,9.6666
2175.0000,94.9500,6.0000,163.8537,9.6666
2175.1000,94.9500,6.0000,163.8537,9.6666
2175.2000,94.9500,6.0000,163.8537,9.6666
2175.3000,94.9500,6.0000,163.8537,9.6666
2175.4000,94.9500,6.0000,163.8537,9.6666
2175.5000,94.9500,6.0000,163.8537,9.6666
2175.6000,94.9500,6.0000,163.8537,9.6666
2175.7000,94.9500,6.0000,163.8537,9.6666
2175.8000,94.9500,6.0000,163.8537,9.6666
2175.9000,94.9500,6.0000,163.8537,9.6666
2176.0000,94.9500,6.0000,163.8537,9.6666
2176.1000,94.9500,6.0000,163.8537,9.6666
2176.2000,94.9500,6.0000,163.8537,9.6666
2176.3000,94.9500,6.0000,163.8537,9.6666
2176.4000,94.9500,6.0000,163.8537,9.6666
2176.5000,94.9500,6.0000,163.8537,9.6666
2176.6000,94.9500,6.0000,163.8537,9.6666
2176.7000,94.9500,6.0000,163.8537,9.6666
2176.8000,94.9500,6.0000,163.8537,9.6666
2176.9000,94.9500,6.0000,163.8537,9.6666
2177.0000,94.9500,6.0000,163.8537,9.6666
2177.1000,94.9500,6.0000,163.8537,9.6666
2177.2000,94.9500,6.0000,163.8537,9.6666
2177.3000,94.9500,6.0000,163.8537,9.6666
2177.4000,94.9500,6.0000,163.8537,9.6666
2177.5000,94.9500,6.0000,163.8537,9.6666
2177.6000,94.9500,6.0000,163.8537,9.6666
2177.7000,94.9500,6.0000,163.8537,9.6666
2177.8000,94.9500,6.0000,163.8537,9.6666
2177.9000,94.9500,6.0000,163.8537,9.6666
2178.0000,94.9500,6.0000,163.8537,9.6666
2178.1000,94.9500,6.0000,163.8537,9.6666
2178.2000,94.9500,6.0000,163.8537,9.6666
2178.3000,94.9500,6.0000,163.8537,9.6666
2178.4000,94.9500,6.0000,163.8537,9.6666
2178.5000,94.9500,6.0000,163.8537,9.6666
2178.6000,94.9500,6.0000,163.8537,9.6666
2178.7000,94.9500,6.0000,163.8537,9.6666
2178.8000,94.9500,6.0000,163.8537,9.6666
2178.9000,94.9500,6.0000,163.8537,9.6666
2179.0000,94.9500,6.0000,163.8537,9.6666
2179.1000,94.9500,6.0000,163.8537,9.6666
2179.2000,94.9500,6.0000,163.8537,9.6666
2179.3000,94.9500,6.0000,163.8537,9.6666
2179.4000,94.9500,6.0000,163.8537,9.6666
2179.5000,94.9500,6.0000,163.8537,9.6666
2179.6000,94.9500,6.0000,163.8537,9.6666
2179.7000,94.9500,6.0000,163.8537,9.6666
2179.8000,94.9500,6.0000,163.8537,9.6666
2179.9000,94.9500,6.0000,163.8537,9.6666
2180.0000,94.9500,6.0000,163.8537,9.6666
2180.1000,94.9500,6.0000,163.8537,9.6666
2180.2000,94.9500,6.0000,163.8537,9.6666
2180.3000,94.9500,6.0000,163.8537,9.6666
2180.4000,94.9500,6.0000,163.8537,9.6666
2180.5000,94.9500,6.0000,163.8537,9.6666
2180.6000,94.9500,6.0000,163.8537,9.6666
2180.7000,94.9500,6.0000,163.8537,9.6666
2180.8000,94.9500,6.0000,163.8537,9.6666
2180.9000,94.9500,6.0000,163.8537,9.6666
2181.0000,94.9500,6.0000,163.8537,9.6666
2181.1000,94.9500,6.0000,163.8537,9.6666
2181.2000,94.9500,6.0000,163.8537,9.6666
2181.3000,94.9500,6.0000,163.8537,9.6666
2181.4000,94.9500,6.0000,163.8537,9.6666
2181.5000,94.9500,6.0000,163.8537,9.6666
2181.6000,94.9500,6.0000,163.8537,9.6666
2181.7000,94.9500,6.0000,163.8537,9.6666
2181.8000,94.9500,6.0000,163.8537,9.6666
2181.9000,94.9500,6.0000,163.8537,9.6666
2182.0000,94.9500,6.0000,163.8537,9.6666
2182.1000,94.9500,6.0000,163.8537,9.6666
2182.2000,94.9500,6.0000,163.8537,9.6666
2182.3000,94.9500,6.0000,163.8537,9.6666
2182.4000,94.9500,6.0000,163.8537,9.6666
2182.5000,94.9500,6.0000,163.8537,9.6666
2182.6000,94.9500,6.0000,163.8537,9.6666
2182.7000,94.9500,6.0000,163.8537,9.6666
2182.8000,94.9500,6.0000,163.8537,9.6666
2182.9000,94.9500,6.0000,163.8537,9.6666
2183.0000,94.9500,6.0000,163.8537,9.6666
2183.1000,94.9500,6.0000,163.8537,9.6666
2183.2000,94.9500,6.0000,163.8537,9.6666
2183.3000,94.9500,6.0000,163.8537,9.6666
2183.4000,94.9500,6.0000,163.8537,9.6666
2183.5000,94.9500,6.0000,163.8537,9.6666
2183.6000,94.9500,6.0000,163.8537,9.6666
2183.7000,94.9500,6.0000,163.8537,9.6666
2183.8000,94.9500,6.0000,163.8537,9.6666
2183.9000,94.9500,6.0000,163.8537,9.6666
2184.0000,94.9500,6.0000,163.8537,9.6666
2184.1000,94.9500,6.0000,163.8537,9.6666
2184.2000,94.9500,6.0000,163.8537,9.6666
2184.3000,94.9500,6.0000,163.8537,9.6666
2184.4000,94.9500,6.0000,163.8537,9.6666
2184.5000,94.9500,6.0000,163.8537,9.6666
2184.6000,94.9500,6.0000,163.8537,9.6666
2184.7000,94.9500,6.0000,163.8537,9.6666
2184.8000,94.9500,6.0000,163.8537,9.6666
2184.9000,94.9500,6.0000,163.8537,9.6666
2185.0000,94.9500,6.0000,163.8537,9.6666
2185.1000,94.9500,6.0000,163.8537,9.6666
2185.2000,94.9500,6.0000,163.8537,9.6666
2185.3000,94.9500,6.0000,163.8537,9.6666
2185.4000,94.9500,6.0000,163.8537,9.6666
2185.5000,94.9500,6.0000,163.8537,9.6666
2185.6000,94.9500,6.0000,163.8537,9.6666
2185.7000,94.9500,6.0000,163.8537,9.6666
2185.8000,94.9500,6.0000,163.8537,9.6666
2185.9000,94.9500,6.0000,163.8537,9.6666
2186.0000,94.9500,6.0000,163.8537,9.6666
2186.1000,94.9500,6.0000,163.8537,9.6666
2186.2000,94.9500,6.0000,163.8537,9.6666
2186.3000,94.9500,6.0000,163.8537,9.6666
2186.4000,94.9500,6.0000,163.8537,9.6666
2186.5000,94.9500,6.0000,163.8537,9.6666
2186.6000,94.9500,6.0000,163.8537,9.6666
2186.7000,94.9500,6.0000,163.8537,9.6666
2186.8000,94.9500,6.0000,163.8537,9.6666
2186.9000,94.9500,6.0000,163.8537,9.6666
2187.0000,94.9500,6.0000,163.8537,9.6666
2187.1000,94.9500,6.0000,163.8537,9.6666
2187.2000,94.9500,6.0000,163.8537,9.6666
2187.3000,94.9500,6.0000,163.8537,9.6666
2187.4000,94.9500,6.0000,163.8537,9.6666
2187.5000,94.9500,6.0000,163.8537,9.6666
2187.6000,94.9500,6.0000,163.8537,9.6666
2187.7000,94.9500,6.0000,163.8537,9.6666
2187.8000,94.9500,6.0000,163.8537,9.6666
2187.9000,94.9500,6.0000,163.8537,9.6666
2188.0000,94.9500,6.0000,163.8537,9.6666
2188.1000,94.9500,6.0000,163.8537,9.6666
2188.2000,94.9500,6.0000,163.8537,9.6666
2188.3000,94.9500,6.0000,163.8537,9.6666
2188.4000,94.9500,6.0000,163.8537,9.6666
2188.5000,94.9500,6.0000,163.8537,9.6666
2188.6000,94.9500,6.0000,163.8537,9.6666
2188.7000,94.9500,6.0000,163.8537,9.6666
2188.8000,94.9500,6.0000,163.8537,9.6666
2188.9000,94.9500,6.0000,163.8537,9.6666
2189.0000,94.9500,6.0000,163.8537,9.6666
2189.1000,94.9500,6.0000,163.8537,9.6666
2189.2000,94.9500,6.0000,163.8537,9.6666
2189.3000,94.9500,6.0000,163.8537,9.6666
2189.4000,94.9500,6.0000,163.8537,9.6666
2189.5000,94.9500,6.0000,163.8537,9.6666
2189.6000,94.9500,6.0000,163.8537,9.6666
2189.7000,94.9500,6.0000,163.8537,9.6666
2189.8000,94.9500,6.0000,163.8537,9.6666
2189.9000,94.9500,6.0000,163.8537,9.6666
2190.0000,94.9500,6.0000,163.8537,9.6666
2190.1000,94.9500,6.0000,163.8537,9.6666
2190.2000,94.9500,6.0000,163.8537,9.6666
2190.3000,94.9500,6.0000,163.8537,9.6666
2190.4000,94.9500,6.0000,163.8537,9.6666
2190.5000,94.9500,6.0000,163.8537,9.6666
2190.6000,94.9500,6.0000,163.8537,9.6666
2190.7000,94.9500,6.0000,163.8537,9.6666
2190.8000,94.9500,6.0000,163.8537,9.6666
2190.9000,94.9500,6.0000,163.8537,9.6666
2191.0000,94.9500,6.0000,163.8537,9.6666
2191.1000,94.9500,6.0000,163.8537,9.6666
2191.2000,94.9500,6.0000,163.8537,9.6666
2191.3000,94.9500,6.0000,163.8537,9.6666
2191.4000,94.9500,6.0000,163.8537,9.6666
2191.5000,94.9500,6.0000,163.8537,9.6666
2191.6000,94.9500,6.0000,163.8537,9.6666
2191.7000,94.9500,6.0000,163.8537,9.6666
2191.8000,94.9500,6.0000,163.8537,9.6666
2191.9000,94.9500,6.0000,163.8537,9.6666
2192.0000,94.9500,6.0000,163.8537,9.6666
2192.1000,94.9500,6.0000,163.8537,9.6666
2192.2000,94.9500,6.0000,163.8537,9.6666
2192.3000,94.9500,6.0000,163.8537,9.6666
2192.4000,94.9500,6.0000,163.8537,9.6666
2192.5000,94.9500,6.0000,163.8537,9.6666
2192.6000,94.9500,6.0000,163.8537,9.6666
2192.7000,94.9500,6.0000,163.8537,9.6666
2192.8000,94.9500,6.0000,163.8537,9.6666
2192.9000,94.9500,6.0000,163.8537,9.6666
2193.0000,94.9500,6.0000,163.8537,9.6666
2193.1000,94.9500,6.0000,163.8537,9.6666
2193.2000,94.9500,6.0000,163.8537,9.6666
2193.3000,94.9500,6.0000,163.8537,9.6666
2193.4000,94.9500,6.0000,163.8537,9.6666
2193.5000,94.9500,6.0000,163.8537,9.6666
2193.6000,94.9500,6.0000,163.8537,9.6666
2193.7000,94.9500,6.0000,163.8537,9.6666
2193.8000,94.9500,6.0000,163.8537,9.6666
2193.9000,94.9500,6.0000,163.8537,9.6666
2194.0000,94.9500,6.0000,163.8537,9.6666
2194.1000,94.9500,6.0000,163.8537,9.6666
2194.2000,94.9500,6.0000,163.8537,9.6666
2194.3000,94.9500,6.0000,163.8537,9.6666
2194.4000,94.9500,6.0000,163.8537,9.6666
2194.5000,94.9500,6.0000,163.8537,9.6666
2194.6000,94.9500,6.0000,163.8537,9.6666
2194.7000,94.9500,6.0000,163.8537,9.6666
2194.8000,94.9500,6.0000,163.8537,9.6666
2194.9000,94.9500,6.0000,163.8537,9.6666
2195.0000,94.9500,6.0000,163.8537,9.6666
2195.1000,94.9500,6.0000,163.8537,9.6666
2195.2000,94.9500,6.0000,163.8537,9.6666
2195.3000,94.9500,6.0000,163.8537,9.6666
2195.4000,94.9500,6.0000,163.8537,9.6666
2195.5000,94.9500,6.0000,163.8537,9.6666
2195.6000,94.9500,6.0000,163.8537,9.6666
2195.7000,94.9500,6.0000,163.8537,9.6666
2195.8000,94.9500,6.0000,163.8537,9.6666
2195.9000,94.9500,6.0000,163.8537,9.6666
2196.0000,94.9500,6.0000,163.8537,9.6666
2196.1000,94.9500,6.0000,163.8537,9.6666
2196.2000,94.9500,6.0000,163.8537,9.6666
2196.3000,94.9500,6.0000,163.8537,9.6666
2196.4000,94.9500,6.0000,163.8537,9.6666
2196.5000,94.9500,6.0000,163.8537,9.6666
2196.6000,94.9500,6.0000,163.8537,9.6666
2196.7000,94.9500,6.0000,163.8537,9.6666
2196.8000,94.9500,6.0000,163.8537,9.6666
2196.9000,94.9500,6.0000,163.8537,9.6666
2197.0000,94.9500,6.0000,163.8537,9.6666
2197.1000,94.9500,6.0000,163.8537,9.6666
2197.2000,94.9500,6.0000,163.8537,9.6666
2197.3000,94.9500,6.0000,163.8537,9.6666
2197.4000,94.9500,6.0000,163.8537,9.6666
2197.5000,94.9500,6.0000,163.8537,9.6666
2197.6000,94.9500,6.0000,163.8537,9.6666
2197.7000,94.9500,6.0000,163.8537,9.6666
2197.8000,94.9500,6.0000,163.8537,9.6666
2197.9000,94.9500,6.0000,163.8537,9.6666
2198.0000,94.9500,6.0000,163.8537,9.6666
2198.1000,94.9500,6.0000,163.8537,9.6666
2198.2000,94.9500,6.0000,163.8537,9.6666
2198.3000,94.9500,6.0000,163.8537,9.6666
2198.4000,94.9500,6.0000,163.8537,9.6666
2198.5000,94.9500,6.0000,163.8537,9.6666
2198.6000,94.9500,6.0000,163.8537,9.6666
2198.7000,94.9500,6.0000,163.8537,9.6666
2198.8000,94.9500,6.0000,163.8537,9.6666
2198.9000,94.9500,6.0000,163.8537,9.6666
2199.0000,94.9500,6.0000,163.8537,9.6666
2199.1000,94.9500,6.0000,163.8537,9.6666
2199.2000,94.9500,6.0000,163.8537,9.6666
2199.3000,94.9500,6.0000,163.8537,9.6666
2199.4000,94.9500,6.0000,163.8537,9.6666
2199.5000,94.9500,6.0000,163.8537,9.6666
2199.6000,94.9500,6.0000,163.8537,9.6666
2199.7000,94.9500,6.0000,163.8537,9.6666
2199.8000,94.9500,6.0000,163.8537,9.6666
2199.9000,94.9500,6.0000,163.8537,9.6666
2200.0000,94.9500,6.0000,163.8537,9.6666
2200.1000,94.9500,6.0000,163.8537,9.6666
2200.2000,94.9500,6.0000,163.8537,9.6666
2200.3000,94.9500,6.0000,163.8537,9.6666
2200.4000,94.9500,6.0000,163.8537,9.6666
2200.5000,94.9500,6.0000,163.8537,9.6666
2200.6000,94.9500,6.0000,163.8537,9.6666
2200.7000,94.9500,6.0000,163.8537,9.6666
2200.8000,94.9500,6.0000,163.8537,9.6666
2200.9000,94.9500,6.0000,163.8537,9.6666
2201.0000,94.9500,6.0000,163.8537,9.6666
2201.1000,94.9500,6.0000,163.8537,9.6666
2201.2000,94.9500,6.0000,163.8537,9.6666
2201.3000,94.9500,6.0000,163.8537,9.6666
2201.4000,94.9500,6.0000,163.8537,9.6666
2201.5000,94.9500,6.0000,163.8537,9.6666
2201.6000,94.9500,6.0000,163.8537,9.6666
2201.7000,94.9500,6.0000,163.8537,9.6666
2201.8000,94.9500,6.0000,163.8537,9.6666
2201.9000,94.9500,6.0000,163.8537,9.6666
2202.0000,94.9500,6.0000,163.8537,9.6666
2202.1000,94.9500,6.0000,163.8537,9.6666
2202.2000,94.9500,6.0000,163.8537,9.6666
2202.3000,94.9500,6.0000,163.8537,9.6666
2202.4000,94.9500,6.0000,163.8537,9.6666
2202.5000,94.9500,6.0000,163.8537,9.6666
2202.6000,94.9500,6.0000,163.8537,9.6666
2202.7000,94.9500,6.0000,163.8537,9.6666
2202.8000,94.9500,6.0000,163.8537,9.6666
2202.9000,94.9500,6.0000,163.8537,9.6666
2203.0000,94.9500,6.0000,163.8537,9.6666
2203.1000,94.9500,6.0000,163.8537,9.6666
2203.2000,94.9500,6.0000,163.8537,9.6666
2203.3000,94.9500,6.0000,163.8537,9.6666
2203.4000,94.9500,6.0000,163.8537,9.6666
2203.5000,94.9500,6.0000,163.8537,9.6666
2203.6000,94.9500,6.0000,163.8537,9.6666
2203.7000,94.9500,6.0000,163.8537,9.6666
2203.8000,94.9500,6.0000,163.8537,9.6666
2203.9000,94.9500,6.0000,163.8537,9.6666
2204.0000,94.9500,6.0000,163.8537,9.6666
2204.1000,94.9500,6.0000,163.8537,9.6666
2204.2000,94.9500,6.0000,163.8537,9.6666
2204.3000,94.9500,6.0000,163.8537,9.6666
2204.4000,94.9500,6.0000,163.8537,9.6666
2204.5000,94.9500,6.0000,163.8537,9.6666
2204.6000,94.9500,6.0000,163.8537,9.6666
2204.7000,94.9500,6.0000,163.8537,9.6666
2204.8000,94.9500,6.0000,163.8537,9.6666
2204.9000,94.9500,6.0000,163.8537,9.6666
2205.0000,94.9500,6.0000,163.8537,9.6666
2205.1000,94.9500,6.0000,163.8537,9.6666
2205.2000,94.9500,6.0000,163.8537,9.6666
2205.3000,94.9500,6.0000,163.8537,9.6666
2205.4000,94.9500,6.0000,163.8537,9.6666
2205.5000,94.9500,6.0000,163.8537,9.6666
2205.6000,94.9500,6.0000,163.8537,9.6666
2205.7000,94.9500,6.0000,163.8537,9.6666
2205.8000,94.9500,6.0000,163.8537,9.6666
2205.9000,94.9500,6.0000,163.8537,9.6666
2206.0000,94.9500,6.0000,163.8537,9.6666
2206.1000,94.9500,6.0000,163.8537,9.6666
2206.2000,94.9500,6.0000,163.8537,9.6666
2206.3000,94.9500,6.0000,163.8537,9.6666
2206.4000,94.9500,6.0000,163.8537,9.6666
2206.5000,94.9500,6.0000,163.8537,9.6666
2206.6000,94.9500,6.0000,163.8537,9.6666
2206.7000,94.9500,6.0000,163.8537,9.6666
2206.8000,94.9500,6.0000,163.8537,9.6666
2206.9000,94.9500,6.0000,163.8537,9.6666
2207.0000,94.9500,6.0000,163.8537,9.6666
2207.1000,94.9500,6.0000,163.8537,9.6666
2207.2000,94.9500,6.0000,163.8537,9.6666
2207.3000,94.9500,6.0000,163.8537,9.6666
2207.4000,94.9500,6.0000,163.8537,9.6666
2207.5000,94.9500,6.0000,163.8537,9.6666
2207.6000,94.9500,6.0000,163.8537,9.6666
2207.7000,94.9500,6.0000,163.8537,9.6666
2207.8000,94.9500,6.0000,163.8537,9.6666
2207.9000,94.9500,6.0000,163.8537,9.6666
2208.0000,94.9500,6.0000,163.8537,9.6666
2208.1000,94.9500,6.0000,163.8537,9.6666
2208.2000,94.9500,6.0000,163.8537,9.6666
2208.3000,94.9500,6.0000,163.8537,9.6666
2208.4000,94.9500,6.0000,163.8537,9.6666
2208.5000,94.9500,6.0000,163.8537,9.6666
2208.6000,94.9500,6.0000,163.8537,9.6666
2208.7000,94.9500,6.0000,163.8537,9.6666
2208.8000,94.9500,6.0000,163.8537,9.6666
2208.9000,94.9500,6.0000,163.8537,9.6666
2209.0000,94.9500,6.0000,163.8537,9.6666
2209.1000,94.9500,6.0000,163.8537,9.6666
2209.2000,94.9500,6.0000,163.8537,9.6666
2209.3000,94.9500,6.0000,163.8537,9.6666
2209.4000,94.9500,6.0000,163.8537,9.6666
2209.5000,94.9500,6.0000,163.8537,9.6666
2209.6000,94.9500,6.0000,163.8537,9.6666
2209.7000,94.9500,6.0000,163.8537,9.6666
2209.8000,94.9500,6.0000,163.8537,9.6666
2209.9000,94.9500,6.0000,163.8537,9.6666
2210.0000,94.9500,6.0000,163.8537,9.6666
2210.1000,94.9500,6.0000,163.8537,9.6666
2210.2000,94.9500,6.0000,163.8537,9.6666
2210.3000,94.9500,6.0000,163.8537,9.6666
2210.4000,94.9500,6.0000,163.8537,9.6666
2210.5000,94.9500,6.0000,163.8537,9.6666
2210.6000,94.9500,6.0000,163.8537,9.6666
2210.7000,94.9500,6.0000,163.8537,9.6666
2210.8000,94.9500,6.0000,163.8537,9.6666
2210.9000,94.9500,6.0000,163.8537,9.6666
2211.0000,94.9500,6.0000,163.8537,9.6666
2211.1000,94.9500,6.0000,163.8537,9.6666
2211.2000,94.9500,6.0000,163.8537,9.6666
2211.3000,94.9500,6.0000,163.8537,9.6666
2211.4000,94.9500,6.0000,163.8537,9.6666
2211.5000,94.9500,6.0000,163.8537,9.6666
2211.6000,94.9500,6.0000,163.8537,9.6666
2211.7000,94.9500,6.0000,163.8537,9.6666
2211.8000,94.9500,6.0000,163.8537,9.6666
2211.9000,94.9500,6.0000,163.8537,9.6666
2212.0000,94.9500,6.0000,163.8537,9.6666
2212.1000,94.9500,6.0000,163.8537,9.6666
2212.2000,94.9500,6.0000,163.8537,9.6666
2212.3000,94.9500,6.0000,163.8537,9.6666
2212.4000,94.9500,6.0000,163.8537,9.6666
2212.5000,94.9500,6.0000,163.8537,9.6666
2212.6000,94.9500,6.0000,163.8537,9.6666
2212.7000,94.9500,6.0000,163.8537,9.6666
2212.8000,94.9500,6.0000,163.8537,9.6666
2212.9000,94.9500,6.0000,163.8537,9.6666
2213.0000,94.9500,6.0000,163.8537,9.6666
2213.1000,94.9500,6.0000,163.8537,9.6666
2213.2000,94.9500,6.0000,163.8537,9.6666
2213.3000,94.9500,6.0000,163.8537,9.6666
2213.4000,94.9500,6.0000,163.8537,9.6666
2213.5000,94.9500,6.0000,163.8537,9.6666
2213.6000,94.9500,6.0000,163.8537,9.6666
2213.7000,94.9500,6.0000,163.8537,9.6666
2213.8000,94.9500,6.0000,163.8537,9.6666
2213.9000,94.9500,6.0000,163.8537,9.6666
2214.0000,94.9500,6.0000,163.8537,9.6666
2214.1000,94.9500,6.0000,163.8537,9.6666
2214.2000,94.9500,6.0000,163.8537,9.6666
2214.3000,94.9500,6.0000,163.8537,9.6666
2214.4000,94.9500,6.0000,163.8537,9.6666
2214.5000,94.9500,6.0000,163.8537,9.6666
2214.6000,94.9500,6.0000,163.8537,9.6666
2214.7000,94.9500,6.0000,163.8537,9.6666
2214.8000,94.9500,6.0000,163.8537,9.6666
2214.9000,94.9500,6.0000,163.8537,9.6666
2215.0000,94.9500,6.0000,163.8537,9.6666
2215.1000,94.9500,6.0000,163.8537,9.6666
2215.2000,94.9500,6.0000,163.8537,9.6666
2215.3000,94.9500,6.0000,163.8537,9.6666
2215.4000,94.9500,6.0000,163.8537,9.6666
2215.5000,94.9500,6.0000,163.8537,9.6666
2215.6000,94.9500,6.0000,163.8537,9.6666
2215.7000,94.9500,6.0000,163.8537,9.6666
2215.8000,94.9500,6.0000,163.8537,9.6666
2215.9000,94.9500,6.0000,163.8537,9.6666
2216.0000,94.9500,6.0000,163.8537,9.6666
2216.1000,94.9500,6.0000,163.8537,9.6666
2216.2000,94.9500,6.0000,163.8537,9.6666
2216.3000,94.9500,6.0000,163.8537,9.6666
2216.4000,94.9500,6.0000,163.8537,9.6666
2216.5000,94.9500,6.0000,163.8537,9.6666
2216.6000,94.9500,6.0000,163.8537,9.6666
2216.7000,94.9500,6.0000,163.8537,9.6666
2216.8000,94.9500,6.0000,163.8537,9.6666
2216.9000,94.9500,6.0000,163.8537,9.6666
2217.0000,94.9500,6.0000,163.8537,9.6666
2217.1000,94.9500,6.0000,163.8537,9.6666
2217.2000,94.9500,6.0000,163.8537,9.6666
2217.3000,94.9500,6.0000,163.8537,9.6666
2217.4000,94.9500,6.0000,163.8537,9.6666
2217.5000,94.9500,6.0000,163.8537,9.6666
2217.6000,94.9500,6.0000,163.8537,9.6666
2217.7000,94.9500,6.0000,163.8537,9.6666
2217.8000,94.9500,6.0000,163.8537,9.6666
2217.9000,94.9500,6.0000,163.8537,9.6666
2218.0000,94.9500,6.0000,163.8537,9.6666
2218.1000,94.9500,6.0000,163.8537,9.6666
2218.2000,94.9500,6.0000,163.8537,9.6666
2218.3000,94.9500,6.0000,163.8537,9.6666
2218.4000,94.9500,6.0000,163.8537,9.6666
2218.5000,94.9500,6.0000,163.8537,9.6666
2218.6000,94.9500,6.0000,163.8537,9.6666
2218.7000,94.9500,6.0000,163.8537,9.6666
2218.8000,94.9500,6.0000,163.8537,9.6666
2218.9000,94.9500,6.0000,163.8537,9.6666
2219.0000,94.9500,6.0000,163.8537,9.6666
2219.1000,94.9500,6.0000,163.8537,9.6666
2219.2000,94.9500,6.0000,163.8537,9.6666
2219.3000,94.9500,6.0000,163.8537,9.6666
2219.4000,94.9500,6.0000,163.8537,9.6666
2219.5000,94.9500,6.0000,163.8537,9.6666
2219.6000,94.9500,6.0000,163.8537,9.6666
2219.7000,94.9500,6.0000,163.8537,9.6666
2219.8000,94.9500,6.0000,163.8537,9.6666
2219.9000,94.9500,6.0000,163.8537,9.6666
2220.0000,94.9500,6.0000,163.8537,9.6666
2220.1000,94.9500,6.0000,163.8537,9.6666
2220.2000,94.9500,6.0000,163.8537,9.6666
2220.3000,94.9500,6.0000,163.8537,9.6666
2220.4000,94.9500,6.0000,163.8537,9.6666
2220.5000,94.9500,6.0000,163.8537,9.6666
2220.6000,94.9500,6.0000,163.8537,9.6666
2220.7000,94.9500,6.0000,163.8537,9.6666
2220.8000,94.9500,6.0000,163.8537,9.6666
2220.9000,94.9500,6.0000,163.8537,9.6666
2221.0000,94.9500,6.0000,163.8537,9.6666
2221.1000,94.9500,6.0000,163.8537,9.6666
2221.2000,94.9500,6.0000,163.8537,9.6666
2221.3000,94.9500,6.0000,163.8537,9.6666
2221.4000,94.9500,6.0000,163.8537,9.6666
2221.5000,94.9500,6.0000,163.8537,9.6666
2221.6000,94.9500,6.0000,163.8537,9.6666
2221.7000,94.9500,6.0000,163.8537,9.6666
2221.8000,94.9500,6.0000,163.8537,9.6666
2221.9000,94.9500,6.0000,163.8537,9.6666
2222.0000,94.9500,6.0000,163.8537,9.6666
2222.1000,94.9500,6.0000,163.8537,9.6666
2222.2000,94.9500,6.0000,163.8537,9.6666
2222.3000,94.9500,6.0000,163.8537,9.6666
2222.4000,94.9500,6.0000,163.8537,9.6666
2222.5000,94.9500,6.0000,163.8537,9.6666
2222.6000,94.9500,6.0000,163.8537,9.6666
2222.7000,94.9500,6.0000,163.8537,9.6666
2222.8000,94.9500,6.0000,163.8537,9.6666
2222.9000,94.9500,6.0000,163.8537,9.6666
2223.0000,94.9500,6.0000,163.8537,9.6666
2223.1000,94.9500,6.0000,163.8537,9.6666
2223.2000,94.9500,6.0000,163.8537,9.6666
2223.3000,94.9500,6.0000,163.8537,9.6666
2223.4000,94.9500,6.0000,163.8537,9.6666
2223.5000,94.9500,6.0000,163.8537,9.6666
2223.6000,94.9500,6.0000,163.8537,9.6666
2223.7000,94.9500,6.0000,163.8537,9.6666
2223.8000,94.9500,6.0000,163.8537,9.6666
2223.9000,94.9500,6.0000,163.8537,9.6666
2224.0000,94.9500,6.0000,163.8537,9.6666
2224.1000,94.9500,6.0000,163.8537,9.6666
2224.2000,94.9500,6.0000,163.8537,9.6666
2224.3000,94.9500,6.0000,163.8537,9.6666
2224.4000,94.9500,6.0000,163.8537,9.6666
2224.5000,94.9500,6.0000,163.8537,9.6666
2224.6000,94.9500,6.0000,163.8537,9.6666
2224.7000,94.9500,6.0000,163.8537,9.6666
2224.8000,94.9500,6.0000,163.8537,9.6666
2224.9000,94.9500,6.0000,163.8537,9.6666
2225.0000,94.9500,6.0000,163.8537,9.6666
2225.1000,94.9500,6.0000,163.8537,9.6666
2225.2000,94.9500,6.0000,163.8537,9.6666
2225.3000,94.9500,6.0000,163.8537,9.6666
2225.4000,94.9500,6.0000,163.8537,9.6666
2225.5000,94.9500,6.0000,163.8537,9.6666
2225.6000,94.9500,6.0000,163.8537,9.6666
2225.7000,94.9500,6.0000,163.8537,9.6666
2225.8000,94.9500,6.0000,163.8537,9.6666
2225.9000,94.9500,6.0000,163.8537,9.6666
2226.0000,94.9500,6.0000,163.8537,9.6666
2226.1000,94.9500,6.0000,163.8537,9.6666
2226.2000,94.9500,6.0000,163.8537,9.6666
2226.3000,94.9500,6.0000,163.8537,9.6666
2226.4000,94.9500,6.0000,163.8537,9.6666
2226.5000,94.9500,6.0000,163.8537,9.6666
2226.6000,94.9500,6.0000,163.8537,9.6666
2226.7000,94.9500,6.0000,163.8537,9.6666
2226.8000,94.9500,6.0000,163.8537,9.6666
2226.9000,94.9500,6.0000,163.8537,9.6666
2227.0000,94.9500,6.0000,163.8537,9.6666
2227.1000,94.9500,6.0000,163.8537,9.6666
2227.2000,94.9500,6.0000,163.8537,9.6666
2227.3000,94.9500,6.0000,163.8537,9.6666
2227.4000,94.9500,6.0000,163.8537,9.6666
2227.5000,94.9500,6.0000,163.8537,9.6666
2227.6000,94.9500,6.0000,163.8537,9.6666
2227.7000,94.9500,6.0000,163.8537,9.6666
2227.8000,94.9500,6.0000,163.8537,9.6666
2227.9000,94.9500,6.0000,163.8537,9.6666
2228.0000,94.9500,6.0000,163.8537,9.6666
2228.1000,94.9500,6.0000,163.8537,9.6666
2228.2000,94.9500,6.0000,163.8537,9.6666
2228.3000,94.9500,6.0000,163.8537,9.6666
2228.4000,94.9500,6.0000,163.8537,9.6666
2228.5000,94.9500,6.0000,163.8537,9.6666
2228.6000,94.9500,6.0000,163.8537,9.6666
2228.7000,94.9500,6.0000,163.8537,9.6666
2228.8000,94.9500,6.0000,163.8537,9.6666
2228.9000,94.9500,6.0000,163.8537,9.6666
2229.0000,94.9500,6.0000,163.8537,9.6666
2229.1000,94.9500,6.0000,163.8537,9.6666
2229.2000,94.9500,6.0000,163.8537,9.6666
2229.3000,94.9500,6.0000,163.8537,9.6666
2229.4000,94.9500,6.0000,163.8537,9.6666
2229.5000,94.9500,6.0000,163.8537,9.6666
2229.6000,94.9500,6.0000,163.8537,9.6666
2229.7000,94.9500,6.0000,163.8537,9.6666
2229.8000,94.9500,6.0000,163.8537,9.6666
2229.9000,94.9500,6.0000,163.8537,9.6666
2230.0000,94.9500,6.0000,163.8537,9.6666
2230.1000,94.9500,6.0000,163.8537,9.6666
2230.2000,94.9500,6.0000,163.8537,9.6666
2230.3000,94.9500,6.0000,163.8537,9.6666
2230.4000,94.9500,6.0000,163.8537,9.6666
2230.5000,94.9500,6.0000,163.8537,9.6666
2230.6000,94.9500,6.0000,163.8537,9.6666
2230.7000,94.9500,6.0000,163.8537,9.6666
2230.8000,94.9500,6.0000,163.8537,9.6666
2230.9000,94.9500,6.0000,163.8537,9.6666
2231.0000,94.9500,6.0000,163.8537,9.6666
2231.1000,94.9500,6.0000,163.8537,9.6666
2231.2000,94.9500,6.0000,163.8537,9.6666
2231.3000,94.9500,6.0000,163.8537,9.6666
2231.4000,94.9500,6.0000,163.8537,9.6666
2231.5000,94.9500,6.0000,163.8537,9.6666
2231.6000,94.9500,6.0000,163.8537,9.6666
2231.7000,94.9500,6.0000,163.8537,9.6666
2231.8000,94.9500,6.0000,163.8537,9.6666
2231.9000,94.9500,6.0000,163.8537,9.6666
2232.0000,94.9500,6.0000,163.8537,9.6666
2232.1000,94.9500,6.0000,163.8537,9.6666
2232.2000,94.9500,6.0000,163.8537,9.6666
2232.3000,94.9500,6.0000,163.8537,9.6666
2232.4000,94.9500,6.0000,163.8537,9.6666
2232.5000,94.9500,6.0000,163.8537,9.6666
2232.6000,94.9500,6.0000,163.8537,9.6666
2232.7000,94.9500,6.0000,163.8537,9.6666
2232.8000,94.9500,6.0000,163.8537,9.6666
2232.9000,94.9500,6.0000,163.8537,9.6666
2233.0000,94.9500,6.0000,163.8537,9.6666
2233.1000,94.9500,6.0000,163.8537,9.6666
2233.2000,94.9500,6.0000,163.8537,9.6666
2233.3000,94.9500,6.0000,163.8537,9.6666
2233.4000,94.9500,6.0000,163.8537,9.6666
2233.5000,94.9500,6.0000,163.8537,9.6666
2233.6000,94.9500,6.0000,163.8537,9.6666
2233.7000,94.9500,6.0000,163.8537,9.6666
2233.8000,94.9500,6.0000,163.8537,9.6666
2233.9000,94.9500,6.0000,163.8537,9.6666
2234.0000,94.9500,6.0000,163.8537,9.6666
2234.1000,94.9500,6.0000,163.8537,9.6666
2234.2000,94.9500,6.0000,163.8537,9.6666
2234.3000,94.9500,6.0000,163.8537,9.6666
2234.4000,94.9500,6.0000,163.8537,9.6666
2234.5000,94.9500,6.0000,163.8537,9.6666
2234.6000,94.9500,6.0000,163.8537,9.6666
2234.7000,94.9500,6.0000,163.8537,9.6666
2234.8000,94.9500,6.0000,163.8537,9.6666
2234.9000,94.9500,6.0000,163.8537,9.6666
2235.0000,94.9500,6.0000,163.8537,9.6666
2235.1000,94.9500,6.0000,163.8537,9.6666
2235.2000,94.9500,6.0000,163.8537,9.6666
2235.3000,94.9500,6.0000,163.8537,9.6666
2235.4000,94.9500,6.0000,163.8537,9.6666
2235.5000,94.9500,6.0000,163.8537,9.6666
2235.6000,94.9500,6.0000,163.8537,9.6666
2235.7000,94.9500,6.0000,163.8537,9.6666
2235.8000,94.9500,6.0000,163.8537,9.6666
2235.9000,94.9500,6.0000,163.8537,9.6666
2236.0000,94.9500,6.0000,163.8537,9.6666
2236.1000,94.9500,6.0000,163.8537,9.6666
2236.2000,94.9500,6.0000,163.8537,9.6666
2236.3000,94.9500,6.0000,163.8537,9.6666
2236.4000,94.9500,6.0000,163.8537,9.6666
2236.5000,94.9500,6.0000,163.8537,9.6666
2236.6000,94.9500,6.0000,163.8537,9.6666
2236.7000,94.9500,6.0000,163.8537,9.6666
2236.8000,94.9500,6.0000,163.8537,9.6666
2236.9000,94.9500,6.0000,163.8537,9.6666
2237.0000,94.9500,6.0000,163.8537,9.6666
2237.1000,94.9500,6.0000,163.8537,9.6666
2237.2000,94.9500,6.0000,163.8537,9.6666
2237.3000,94.9500,6.0000,163.8537,9.6666
2237.4000,94.9500,6.0000,163.8537,9.6666
2237.5000,94.9500,6.0000,163.8537,9.6666
2237.6000,94.9500,6.0000,163.8537,9.6666
2237.7000,94.9500,6.0000,163.8537,9.6666
2237.8000,94.9500,6.0000,163.8537,9.6666
2237.9000,94.9500,6.0000,163.8537,9.6666
2238.0000,94.9500,6.0000,163.8537,9.6666
2238.1000,94.9500,6.0000,163.8537,9.6666
2238.2000,94.9500,6.0000,163.8537,9.6666
2238.3000,94.9500,6.0000,163.8537,9.6666
2238.4000,94.9500,6.0000,163.8537,9.6666
2238.5000,94.9500,6.0000,163.8537,9.6666
2238.6000,94.9500,6.0000,163.8537,9.6666
2238.7000,94.9500,6.0000,163.8537,9.6666
2238.8000,94.9500,6.0000,163.8537,9.6666
2238.9000,94.9500,6.0000,163.8537,9.6666
2239.0000,94.9500,6.0000,163.8537,9.6666
2239.1000,94.9500,6.0000,163.8537,9.6666
2239.2000,94.9500,6.0000,163.8537,9.6666
2239.3000,94.9500,6.0000,163.8537,9.6666
2239.4000,94.9500,6.0000,163.8537,9.6666
2239.5000,94.9500,6.0000,163.8537,9.6666
2239.6000,94.9500,6.0000,163.8537,9.6666
2239.7000,94.9500,6.0000,163.8537,9.6666
2239.8000,94.9500,6.0000,163.8537,9.6666
2239.9000,94.9500,6.0000,163.8537,9.6666
2240.0000,94.9500,6.0000,163.8537,9.6666
2240.1000,94.9500,6.0000,163.8537,9.6666
2240.2000,94.9500,6.0000,163.8537,9.6666
2240.3000,94.9500,6.0000,163.8537,9.6666
2240.4000,94.9500,6.0000,163.8537,9.6666
2240.5000,94.9500,6.0000,163.8537,9.6666
2240.6000,94.9500,6.0000,163.8537,9.6666
2240.7000,94.9500,6.0000,163.8537,9.6666
2240.8000,94.9500,6.0000,163.8537,9.6666
2240.9000,94.9500,6.0000,163.8537,9.6666
2241.0000,94.9500,6.0000,163.8537,9.6666
2241.1000,94.9500,6.0000,163.8537,9.6666
2241.2000,94.9500,6.0000,163.8537,9.6666
2241.3000,94.9500,6.0000,163.8537,9.6666
2241.4000,94.9500,6.0000,163.8537,9.6666
2241.5000,94.9500,6.0000,163.8537,9.6666
2241.6000,94.9500,6.0000,163.8537,9.6666
2241.7000,94.9500,6.0000,163.8537,9.6666
2241.8000,94.9500,6.0000,163.8537,9.6666
2241.9000,94.9500,6.0000,163.8537,9.6666
2242.0000,94.9500,6.0000,163.8537,9.6666
2242.1000,94.9500,6.0000,163.8537,9.6666
2242.2000,94.9500,6.0000,163.8537,9.6666
2242.3000,94.9500,6.0000,163.8537,9.6666
2242.4000,94.9500,6.0000,163.8537,9.6666
2242.5000,94.9500,6.0000,163.8537,9.6666
2242.6000,94.9500,6.0000,163.8537,9.6666
2242.7000,94.9500,6.0000,163.8537,9.6666
2242.8000,94.9500,6.0000,163.8537,9.6666
2242.9000,94.9500,6.0000,163.8537,9.6666
2243.0000,94.9500,6.0000,163.8537,9.6666
2243.1000,94.9500,6.0000,163.8537,9.6666
2243.2000,94.9500,6.0000,163.8537,9.6666
2243.3000,94.9500,6.0000,163.8537,9.6666
2243.4000,94.9500,6.0000,163.8537,9.6666
2243.5000,94.9500,6.0000,163.8537,9.6666
2243.6000,94.9500,6.0000,163.8537,9.6666
2243.7000,94.9500,6.0000,163.8537,9.6666
2243.8000,94.9500,6.0000,163.8537,9.6666
2243.9000,94.9500,6.0000,163.8537,9.6666
2244.0000,94.9500,6.0000,163.8537,9.6666
2244.1000,94.9500,6.0000,163.8537,9.6666
2244.2000,94.9500,6.0000,163.8537,9.6666
2244.3000,94.9500,6.0000,163.8537,9.6666
2244.4000,94.9500,6.0000,163.8537,9.6666
2244.5000,94.9500,6.0000,163.8537,9.6666
2244.6000,94.9500,6.0000,163.8537,9.6666
2244.7000,94.9500,6.0000,163.8537,9.6666
2244.8000,94.9500,6.0000,163.8537,9.6666
2244.9000,94.9500,6.0000,163.8537,9.6666
2245.0000,94.9500,6.0000,163.8537,9.6666
2245.1000,94.9500,6.0000,163.8537,9.6666
2245.2000,94.9500,6.0000,163.8537,9.6666
2245.3000,94.9500,6.0000,163.8537,9.6666
2245.4000,94.9500,6.0000,163.8537,9.6666
2245.5000,94.9500,6.0000,163.8537,9.6666
2245.6000,94.9500,6.0000,163.8537,9.6666
2245.7000,94.9500,6.0000,163.8537,9.6666
2245.8000,94.9500,6.0000,163.8537,9.6666
2245.9000,94.9500,6.0000,163.8537,9.6666
2246.0000,94.9500,6.0000,163.8537,9.6666
2246.1000,94.9500,6.0000,163.8537,9.6666
2246.2000,94.9500,6.0000,163.8537,9.6666
2246.3000,94.9500,6.0000,163.8537,9.6666
2246.4000,94.9500,6.0000,163.8537,9.6666
2246.5000,94.9500,6.0000,163.8537,9.6666
2246.6000,94.9500,6.0000,163.8537,9.6666
2246.7000,94.9500,6.0000,163.8537,9.6666
2246.8000,94.9500,6.0000,163.8537,9.6666
2246.9000,94.9500,6.0000,163.8537,9.6666
2247.0000,94.9500,6.0000,163.8537,9.6666
2247.1000,94.9500,6.0000,163.8537,9.6666
2247.2000,94.9500,6.0000,163.8537,9.6666
2247.3000,94.9500,6.0000,163.8537,9.6666
2247.4000,94.9500,6.0000,163.8537,9.6666
2247.5000,94.9500,6.0000,163.8537,9.6666
2247.6000,94.9500,6.0000,163.8537,9.6666
2247.7000,94.9500,6.0000,163.8537,9.6666
2247.8000,94.9500,6.0000,163.8537,9.6666
2247.9000,94.9500,6.0000,163.8537,9.6666
2248.0000,94.9500,6.0000,163.8537,9.6666
2248.1000,94.9500,6.0000,163.8537,9.6666
2248.2000,94.9500,6.0000,163.8537,9.6666
2248.3000,94.9500,6.0000,163.8537,9.6666
2248.4000,94.9500,6.0000,163.8537,9.6666
2248.5000,94.9500,6.0000,163.8537,9.6666
2248.6000,94.9500,6.0000,163.8537,9.6666
2248.7000,94.9500,6.0000,163.8537,9.6666
2248.8000,94.9500,6.0000,163.8537,9.6666
2248.9000,94.9500,6.0000,163.8537,9.6666
2249.0000,94.9500,6.0000,163.8537,9.6666
2249.1000,94.9500,6.0000,163.8537,9.6666
2249.2000,94.9500,6.0000,163.8537,9.6666
2249.3000,94.9500,6.0000,163.8537,9.6666
2249.4000,94.9500,6.0000,163.8537,9.6666
2249.5000,94.9500,6.0000,163.8537,9.6666
2249.6000,94.9500,6.0000,163.8537,9.6666
2249.7000,94.9500,6.0000,163.8537,9.6666
2249.8000,94.9500,6.0000,163.8537,9.6666
2249.9000,94.9500,6.0000,163.8537,9.6666
2250.0000,94.9500,6.0000,163.8537,9.6666
2250.1000,94.9500,6.0000,163.8537,9.6666
2250.2000,94.9500,6.0000,163.8537,9.6666
2250.3000,94.9500,6.0000,163.8537,9.6666
2250.4000,94.9500,6.0000,163.8537,9.6666
2250.5000,94.9500,6.0000,163.8537,9.6666
2250.6000,94.9500,6.0000,163.8537,9.6666
2250.7000,94.9500,6.0000,163.8537,9.6666
2250.8000,94.9500,6.0000,163.8537,9.6666
2250.9000,94.9500,6.0000,163.8537,9.6666
2251.0000,94.9500,6.0000,163.8537,9.6666
2251.1000,94.9500,6.0000,163.8537,9.6666
2251.2000,94.9500,6.0000,163.8537,9.6666
2251.3000,94.9500,6.0000,163.8537,9.6666
2251.4000,94.9500,6.0000,163.8537,9.6666
2251.5000,94.9500,6.0000,163.8537,9.6666
2251.6000,94.9500,6.0000,163.8537,9.6666
2251.7000,94.9500,6.0000,163.8537,9.6666
2251.8000,94.9500,6.0000,163.8537,9.6666
2251.9000,94.9500,6.0000,163.8537,9.6666
2252.0000,94.9500,6.0000,163.8537,9.6666
2252.1000,94.9500,6.0000,163.8537,9.6666
2252.2000,94.9500,6.0000,163.8537,9.6666
2252.3000,94.9500,6.0000,163.8537,9.6666
2252.4000,94.9500,6.0000,163.8537,9.6666
2252.5000,94.9500,6.0000,163.8537,9.6666
2252.6000,94.9500,6.0000,163.8537,9.6666
2252.7000,94.9500,6.0000,163.8537,9.6666
2252.8000,94.9500,6.0000,163.8537,9.6666
2252.9000,94.9500,6.0000,163.8537,9.6666
2253.0000,94.9500,6.0000,163.8537,9.6666
2253.1000,94.9500,6.0000,163.8537,9.6666
2253.2000,94.9500,6.0000,163.8537,9.6666
2253.3000,94.9500,6.0000,163.8537,9.6666
2253.4000,94.9500,6.0000,163.8537,9.6666
2253.5000,94.9500,6.0000,163.8537,9.6666
2253.6000,94.9500,6.0000,163.8537,9.6666
2253.7000,94.9500,6.0000,163.8537,9.6666
2253.8000,94.9500,6.0000,163.8537,9.6666
2253.9000,94.9500,6.0000,163.8537,9.6666
2254.0000,94.9500,6.0000,163.8537,9.6666
2254.1000,94.9500,6.0000,163.8537,9.6666
2254.2000,94.9500,6.0000,163.8537,9.6666
2254.3000,94.9500,6.0000,163.8537,9.6666
2254.4000,94.9500,6.0000,163.8537,9.6666
2254.5000,94.9500,6.0000,163.8537,9.6666
2254.6000,94.9500,6.0000,163.8537,9.6666
2254.7000,94.9500,6.0000,163.8537,9.6666
2254.8000,94.9500,6.0000,163.8537,9.6666
2254.9000,94.9500,6.0000,163.8537,9.6666
2255.0000,94.9500,6.0000,163.8537,9.6666
2255.1000,94.9500,6.0000,163.8537,9.6666
2255.2000,94.9500,6.0000,163.8537,9.6666
2255.3000,94.9500,6.0000,163.8537,9.6666
2255.4000,94.9500,6.0000,163.8537,9.6666
2255.5000,94.9500,6.0000,163.8537,9.6666
2255.6000,94.9500,6.0000,163.8537,9.6666
2255.7000,94.9500,6.0000,163.8537,9.6666
2255.8000,94.9500,6.0000,163.8537,9.6666
2255.9000,94.9500,6.0000,163.8537,9.6666
2256.0000,94.9500,6.0000,163.8537,9.6666
2256.1000,94.9500,6.0000,163.8537,9.6666
2256.2000,94.9500,6.0000,163.8537,9.6666
2256.3000,94.9500,6.0000,163.8537,9.6666
2256.4000,94.9500,6.0000,163.8537,9.6666
2256.5000,94.9500,6.0000,163.8537,9.6666
2256.6000,94.9500,6.0000,163.8537,9.6666
2256.7000,94.9500,6.0000,163.8537,9.6666
2256.8000,94.9500,6.0000,163.8537,9.6666
2256.9000,94.9500,6.0000,163.8537,9.6666
2257.0000,94.9500,6.0000,163.8537,9.6666
2257.1000,94.9500,6.0000,163.8537,9.6666
2257.2000,94.9500,6.0000,163.8537,9.6666
2257.3000,94.9500,6.0000,163.8537,9.6666
2257.4000,94.9500,6.0000,163.8537,9.6666
2257.5000,94.9500,6.0000,163.8537,9.6666
2257.6000,94.9500,6.0000,163.8537,9.6666
2257.7000,94.9500,6.0000,163.8537,9.6666
2257.8000,94.9500,6.0000,163.8537,9.6666
2257.9000,94.9500,6.0000,163.8537,9.6666
2258.0000,94.9500,6.0000,163.8537,9.6666
2258.1000,94.9500,6.0000,163.8537,9.6666
2258.2000,94.9500,6.0000,163.8537,9.6666
2258.3000,94.9500,6.0000,163.8537,9.6666
2258.4000,94.9500,6.0000,163.8537,9.6666
2258.5000,94.9500,6.0000,163.8537,9.6666
2258.6000,94.9500,6.0000,163.8537,9.6666
2258.7000,94.9500,6.0000,163.8537,9.6666
2258.8000,94.9500,6.0000,163.8537,9.6666
2258.9000,94.9500,6.0000,163.8537,9.6666
2259.0000,94.9500,6.0000,163.8537,9.6666
2259.1000,94.9500,6.0000,163.8537,9.6666
2259.2000,94.9500,6.0000,163.8537,9.6666
2259.3000,94.9500,6.0000,163.8537,9.6666
2259.4000,94.9500,6.0000,163.8537,9.6666
2259.5000,94.9500,6.0000,163.8537,9.6666
2259.6000,94.9500,6.0000,163.8537,9.6666
2259.7000,94.9500,6.0000,163.8537,9.6666
2259.8000,94.9500,6.0000,163.8537,9.6666
2259.9000,94.9500,6.0000,163.8537,9.6666
2260.0000,94.9500,6.0000,163.8537,9.6666
2260.1000,94.9500,6.0000,163.8537,9.6666
2260.2000,94.9500,6.0000,163.8537,9.6666
2260.3000,94.9500,6.0000,163.8537,9.6666
2260.4000,94.9500,6.0000,163.8537,9.6666
2260.5000,94.9500,6.0000,163.8537,9.6666
2260.6000,94.9500,6.0000,163.8537,9.6666
2260.7000,94.9500,6.0000,163.8537,9.6666
2260.8000,94.9500,6.0000,163.8537,9.6666
2260.9000,94.9500,6.0000,163.8537,9.6666
2261.0000,94.9500,6.0000,163.8537,9.6666
2261.1000,94.9500,6.0000,163.8537,9.6666
2261.2000,94.9500,6.0000,163.8537,9.6666
2261.3000,94.9500,6.0000,163.8537,9.6666
2261.4000,94.9500,6.0000,163.8537,9.6666
2261.5000,94.9500,6.0000,163.8537,9.6666
2261.6000,94.9500,6.0000,163.8537,9.6666
2261.7000,94.9500,6.0000,163.8537,9.6666
2261.8000,94.9500,6.0000,163.8537,9.6666
2261.9000,94.9500,6.0000,163.8537,9.6666
2262.0000,94.9500,6.0000,163.8537,9.6666
2262.1000,94.9500,6.0000,163.8537,9.6666
2262.2000,94.9500,6.0000,163.8537,9.6666
2262.3000,94.9500,6.0000,163.8537,9.6666
2262.4000,94.9500,6.0000,163.8537,9.6666
2262.5000,94.9500,6.0000,163.8537,9.6666
2262.6000,94.9500,6.0000,163.8537,9.6666
2262.7000,94.9500,6.0000,163.8537,9.6666
2262.8000,94.9500,6.0000,163.8537,9.6666
2262.9000,94.9500,6.0000,163.8537,9.6666
2263.0000,94.9500,6.0000,163.8537,9.6666
2263.1000,94.9500,6.0000,163.8537,9.6666
2263.2000,94.9500,6.0000,163.8537,9.6666
2263.3000,94.9500,6.0000,163.8537,9.6666
2263.4000,94.9500,6.0000,163.8537,9.6666
2263.5000,94.9500,6.0000,163.8537,9.6666
2263.6000,94.9500,6.0000,163.8537,9.6666
2263.7000,94.9500,6.0000,163.8537,9.6666
2263.8000,94.9500,6.0000,163.8537,9.6666
2263.9000,94.9500,6.0000,163.8537,9.6666
2264.0000,94.9500,6.0000,163.8537,9.6666
2264.1000,94.9500,6.0000,163.8537,9.6666
2264.2000,94.9500,6.0000,163.8537,9.6666
2264.3000,94.9500,6.0000,163.8537,9.6666
2264.4000,94.9500,6.0000,163.8537,9.6666
2264.5000,94.9500,6.0000,163.8537,9.6666
2264.6000,94.9500,6.0000,163.8537,9.6666
2264.7000,94.9500,6.0000,163.8537,9.6666
2264.8000,94.9500,6.0000,163.8537,9.6666
2264.9000,94.9500,6.0000,163.8537,9.6666
2265.0000,94.9500,6.0000,163.8537,9.6666
2265.1000,94.9500,6.0000,163.8537,9.6666
2265.2000,94.9500,6.0000,163.8537,9.6666
2265.3000,94.9500,6.0000,163.8537,9.6666
2265.4000,94.9500,6.0000,163.8537,9.6666
2265.5000,94.9500,6.0000,163.8537,9.6666
2265.6000,94.9500,6.0000,163.8537,9.6666
2265.7000,94.9500,6.0000,163.8537,9.6666
2265.8000,94.9500,6.0000,163.8537,9.6666
2265.9000,94.9500,6.0000,163.8537,9.6666
2266.0000,94.9500,6.0000,163.8537,9.6666
2266.1000,94.9500,6.0000,163.8537,9.6666
2266.2000,94.9500,6.0000,163.8537,9.6666
2266.3000,94.9500,6.0000,163.8537,9.6666
2266.4000,94.9500,6.0000,163.8537,9.6666
2266.5000,94.9500,6.0000,163.8537,9.6666
2266.6000,94.9500,6.0000,163.8537,9.6666
2266.7000,94.9500,6.0000,163.8537,9.6666
2266.8000,94.9500,6.0000,163.8537,9.6666
2266.9000,94.9500,6.0000,163.8537,9.6666
2267.0000,94.9500,6.0000,163.8537,9.6666
2267.1000,94.9500,6.0000,163.8537,9.6666
2267.2000,94.9500,6.0000,163.8537,9.6666
2267.3000,94.9500,6.0000,163.8537,9.6666
2267.4000,94.9500,6.0000,163.8537,9.6666
2267.5000,94.9500,6.0000,163.8537,9.6666
2267.6000,94.9500,6.0000,163.8537,9.6666
2267.7000,94.9500,6.0000,163.8537,9.6666
2267.8000,94.9500,6.0000,163.8537,9.6666
2267.9000,94.9500,6.0000,163.8537,9.6666
2268.0000,94.9500,6.0000,163.8537,9.6666
2268.1000,94.9500,6.0000,163.8537,9.6666
2268.2000,94.9500,6.0000,163.8537,9.6666
2268.3000,94.9500,6.0000,163.8537,9.6666
2268.4000,94.9500,6.0000,163.8537,9.6666
2268.5000,94.9500,6.0000,163.8537,9.6666
2268.6000,94.9500,6.0000,163.8537,9.6666
2268.7000,94.9500,6.0000,163.8537,9.6666
2268.8000,94.9500,6.0000,163.8537,9.6666
2268.9000,94.9500,6.0000,163.8537,9.6666
2269.0000,94.9500,6.0000,163.8537,9.6666
2269.1000,94.9500,6.0000,163.8537,9.6666
2269.2000,94.9500,6.0000,163.8537,9.6666
2269.3000,94.9500,6.0000,163.8537,9.6666
2269.4000,94.9500,6.0000,163.8537,9.6666
2269.5000,94.9500,6.0000,163.8537,9.6666
2269.6000,94.9500,6.0000,163.8537,9.6666
2269.7000,94.9500,6.0000,163.8537,9.6666
2269.8000,94.9500,6.0000,163.8537,9.6666
2269.9000,94.9500,6.0000,163.8537,9.6666
2270.0000,94.9500,6.0000,163.8537,9.6666
2270.1000,94.9500,6.0000,163.8537,9.6666
2270.2000,94.9500,6.0000,163.8537,9.6666
2270.3000,94.9500,6.0000,163.8537,9.6666
2270.4000,94.9500,6.0000,163.8537,9.6666
2270.5000,94.9500,6.0000,163.8537,9.6666
2270.6000,94.9500,6.0000,163.8537,9.6666
2270.7000,94.9500,6.0000,163.8537,9.6666
2270.8000,94.9500,6.0000,163.8537,9.6666
2270.9000,94.9500,6.0000,163.8537,9.6666
2271.0000,94.9500,6.0000,163.8537,9.6666
2271.1000,94.9500,6.0000,163.8537,9.6666
2271.2000,94.9500,6.0000,163.8537,9.6666
2271.3000,94.9500,6.0000,163.8537,9.6666
2271.4000,94.9500,6.0000,163.8537,9.6666
2271.5000,94.9500,6.0000,163.8537,9.6666
2271.6000,94.9500,6.0000,163.8537,9.6666
2271.7000,94.9500,6.0000,163.8537,9.6666
2271.8000,94.9500,6.0000,163.8537,9.6666
2271.9000,94.9500,6.0000,163.8537,9.6666
2272.0000,94.9500,6.0000,163.8537,9.6666
2272.1000,94.9500,6.0000,163.8537,9.6666
2272.2000,94.9500,6.0000,163.8537,9.6666
2272.3000,94.9500,6.0000,163.8537,9.6666
2272.4000,94.9500,6.0000,163.8537,9.6666
2272.5000,94.9500,6.0000,163.8537,9.6666
2272.6000,94.9500,6.0000,163.8537,9.6666
2272.7000,94.9500,6.0000,163.8537,9.6666
2272.8000,94.9500,6.0000,163.8537,9.6666
2272.9000,94.9500,6.0000,163.8537,9.6666
2273.0000,94.9500,6.0000,163.8537,9.6666
2273.1000,94.9500,6.0000,163.8537,9.6666
2273.2000,94.9500,6.0000,163.8537,9.6666
2273.3000,94.9500,6.0000,163.8537,9.6666
2273.4000,94.9500,6.0000,163.8537,9.6666
2273.5000,94.9500,6.0000,163.8537,9.6666
2273.6000,94.9500,6.0000,163.8537,9.6666
2273.7000,94.9500,6.0000,163.8537,9.6666
2273.8000,94.9500,6.0000,163.8537,9.6666
2273.9000,94.9500,6.0000,163.8537,9.6666
2274.0000,94.9500,6.0000,163.8537,9.6666
2274.1000,94.9500,6.0000,163.8537,9.6666
2274.2000,94.9500,6.0000,163.8537,9.6666
2274.3000,94.9500,6.0000,163.8537,9.6666
2274.4000,94.9500,6.0000,163.8537,9.6666
2274.5000,94.9500,6.0000,163.8537,9.6666
2274.6000,94.9500,6.0000,163.8537,9.6666
2274.7000,94.9500,6.0000,163.8537,9.6666
2274.8000,94.9500,6.0000,163.8537,9.6666
2274.9000,94.9500,6.0000,163.8537,9.6666
2275.0000,94.9500,6.0000,163.8537,9.6666
2275.1000,94.9500,6.0000,163.8537,9.6666
2275.2000,94.9500,6.0000,163.8537,9.6666
2275.3000,94.9500,6.0000,163.8537,9.6666
2275.4000,94.9500,6.0000,163.8537,9.6666
2275.5000,94.9500,6.0000,163.8537,9.6666
2275.6000,94.9500,6.0000,163.8537,9.6666
2275.7000,94.9500,6.0000,163.8537,9.6666
2275.8000,94.9500,6.0000,163.8537,9.6666
2275.9000,94.9500,6.0000,163.8537,9.6666
2276.0000,94.9500,6.0000,163.8537,9.6666
2276.1000,94.9500,6.0000,163.8537,9.6666
2276.2000,94.9500,6.0000,163.8537,9.6666
2276.3000,94.9500,6.0000,163.8537,9.6666
2276.4000,94.9500,6.0000,163.8537,9.6666
2276.5000,94.9500,6.0000,163.8537,9.6666
2276.6000,94.9500,6.0000,163.8537,9.6666
2276.7000,94.9500,6.0000,163.8537,9.6666
2276.8000,94.9500,6.0000,163.8537,9.6666
2276.9000,94.9500,6.0000,163.8537,9.6666
2277.0000,94.9500,6.0000,163.8537,9.6666
2277.1000,94.9500,6.0000,163.8537,9.6666
2277.2000,94.9500,6.0000,163.8537,9.6666
2277.3000,94.9500,6.0000,163.8537,9.6666
2277.4000,94.9500,6.0000,163.8537,9.6666
2277.5000,94.9500,6.0000,163.8537,9.6666
2277.6000,94.9500,6.0000,163.8537,9.6666
2277.7000,94.9500,6.0000,163.8537,9.6666
2277.8000,94.9500,6.0000,163.8537,9.6666
2277.9000,94.9500,6.0000,163.8537,9.6666
2278.0000,94.9500,6.0000,163.8537,9.6666
2278.1000,94.9500,6.0000,163.8537,9.6666
2278.2000,94.9500,6.0000,163.8537,9.6666
2278.3000,94.9500,6.0000,163.8537,9.6666
2278.4000,94.9500,6.0000,163.8537,9.6666
2278.5000,94.9500,6.0000,163.8537,9.6666
2278.6000,94.9500,6.0000,163.8537,9.6666
2278.7000,94.9500,6.0000,163.8537,9.6666
2278.8000,94.9500,6.0000,163.8537,9.6666
2278.9000,94.9500,6.0000,163.8537,9.6666
2279.0000,94.9500,6.0000,163.8537,9.6666
2279.1000,94.9500,6.0000,163.8537,9.6666
2279.2000,94.9500,6.0000,163.8537,9.6666
2279.3000,94.9500,6.0000,163.8537,9.6666
2279.4000,94.9500,6.0000,163.8537,9.6666
2279.5000,94.9500,6.0000,163.8537,9.6666
2279.6000,94.9500,6.0000,163.8537,9.6666
2279.7000,94.9500,6.0000,163.8537,9.6666
2279.8000,94.9500,6.0000,163.8537,9.6666
2279.9000,94.9500,6.0000,163.8537,9.6666
2280.0000,94.9500,6.0000,163.8537,9.6666
2280.1000,94.9500,6.0000,163.8537,9.6666
2280.2000,94.9500,6.0000,163.8537,9.6666
2280.3000,94.9500,6.0000,163.8537,9.6666
2280.4000,94.9500,6.0000,163.8537,9.6666
2280.5000,94.9500,6.0000,163.8537,9.6666
2280.6000,94.9500,6.0000,163.8537,9.6666
2280.7000,94.9500,6.0000,163.8537,9.6666
2280.8000,94.9500,6.0000,163.8537,9.6666
2280.9000,94.9500,6.0000,163.8537,9.6666
2281.0000,94.9500,6.0000,163.8537,9.6666
2281.1000,94.9500,6.0000,163.8537,9.6666
2281.2000,94.9500,6.0000,163.8537,9.6666
2281.3000,94.9500,6.0000,163.8537,9.6666
2281.4000,94.9500,6.0000,163.8537,9.6666
2281.5000,94.9500,6.0000,163.8537,9.6666
2281.6000,94.9500,6.0000,163.8537,9.6666
2281.7000,94.9500,6.0000,163.8537,9.6666
2281.8000,94.9500,6.0000,163.8537,9.6666
2281.9000,94.9500,6.0000,163.8537,9.6666
2282.0000,94.9500,6.0000,163.8537,9.6666
2282.1000,94.9500,6.0000,163.8537,9.6666
2282.2000,94.9500,6.0000,163.8537,9.6666
2282.3000,94.9500,6.0000,163.8537,9.6666
2282.4000,94.9500,6.0000,163.8537,9.6666
2282.5000,94.9500,6.0000,163.8537,9.6666
2282.6000,94.9500,6.0000,163.8537,9.6666
2282.7000,94.9500,6.0000,163.8537,9.6666
2282.8000,94.9500,6.0000,163.8537,9.6666
2282.9000,94.9500,6.0000,163.8537,9.6666
2283.0000,94.9500,6.0000,163.8537,9.6666
2283.1000,94.9500,6.0000,163.8537,9.6666
2283.2000,94.9500,6.0000,163.8537,9.6666
2283.3000,94.9500,6.0000,163.8537,9.6666
2283.4000,94.9500,6.0000,163.8537,9.6666
2283.5000,94.9500,6.0000,163.8537,9.6666
2283.6000,94.9500,6.0000,163.8537,9.6666
2283.7000,94.9500,6.0000,163.8537,9.6666
2283.8000,94.9500,6.0000,163.8537,9.6666
2283.9000,94.9500,6.0000,163.8537,9.6666
2284.0000,94.9500,6.0000,163.8537,9.6666
2284.1000,94.9500,6.0000,163.8537,9.6666
2284.2000,94.9500,6.0000,163.8537,9.6666
2284.3000,94.9500,6.0000,163.8537,9.6666
2284.4000,94.9500,6.0000,163.8537,9.6666
2284.5000,94.9500,6.0000,163.8537,9.6666
2284.6000,94.9500,6.0000,163.8537,9.6666
2284.7000,94.9500,6.0000,163.8537,9.6666
2284.8000,94.9500,6.0000,163.8537,9.6666
2284.9000,94.9500,6.0000,163.8537,9.6666
2285.0000,94.9500,6.0000,163.8537,9.6666
2285.1000,94.9500,6.0000,163.8537,9.6666
2285.2000,94.9500,6.0000,163.8537,9.6666
2285.3000,94.9500,6.0000,163.8537,9.6666
2285.4000,94.9500,6.0000,163.8537,9.6666
2285.5000,94.9500,6.0000,163.8537,9.6666
2285.6000,94.9500,6.0000,163.8537,9.6666
2285.7000,94.9500,6.0000,163.8537,9.6666
2285.8000,94.9500,6.0000,163.8537,9.6666
2285.9000,94.9500,6.0000,163.8537,9.6666
2286.0000,94.9500,6.0000,163.8537,9.6666
2286.1000,94.9500,6.0000,163.8537,9.6666
2286.2000,94.9500,6.0000,163.8537,9.6666
2286.3000,94.9500,6.0000,163.8537,9.6666
2286.4000,94.9500,6.0000,163.8537,9.6666
2286.5000,94.9500,6.0000,163.8537,9.6666
2286.6000,94.9500,6.0000,163.8537,9.6666
2286.7000,94.9500,6.0000,163.8537,9.6666
2286.8000,94.9500,6.0000,163.8537,9.6666
2286.9000,94.9500,6.0000,163.8537,9.6666
2287.0000,94.9500,6.0000,163.8537,9.6666
2287.1000,94.9500,6.0000,163.8537,9.6666
2287.2000,94.9500,6.0000,163.8537,9.6666
2287.3000,94.9500,6.0000,163.8537,9.6666
2287.4000,94.9500,6.0000,163.8537,9.6666
2287.5000,94.9500,6.0000,163.8537,9.6666
2287.6000,94.9500,6.0000,163.8537,9.6666
2287.7000,94.9500,6.0000,163.8537,9.6666
2287.8000,94.9500,6.0000,163.8537,9.6666
2287.9000,94.9500,6.0000,163.8537,9.6666
2288.0000,94.9500,6.0000,163.8537,9.6666
2288.1000,94.9500,6.0000,163.8537,9.6666
2288.2000,94.9500,6.0000,163.8537,9.6666
2288.3000,94.9500,6.0000,163.8537,9.6666
2288.4000,94.9500,6.0000,163.8537,9.6666
2288.5000,94.9500,6.0000,163.8537,9.6666
2288.6000,94.9500,6.0000,163.8537,9.6666
2288.7000,94.9500,6.0000,163.8537,9.6666
2288.8000,94.9500,6.0000,163.8537,9.6666
2288.9000,94.9500,6.0000,163.8537,9.6666
2289.0000,94.9500,6.0000,163.8537,9.6666
2289.1000,94.9500,6.0000,163.8537,9.6666
2289.2000,94.9500,6.0000,163.8537,9.6666
2289.3000,94.9500,6.0000,163.8537,9.6666
2289.4000,94.9500,6.0000,163.8537,9.6666
2289.5000,94.9500,6.0000,163.8537,9.6666
2289.6000,94.9500,6.0000,163.8537,9.6666
2289.7000,94.9500,6.0000,163.8537,9.6666
2289.8000,94.9500,6.0000,163.8537,9.6666
2289.9000,94.9500,6.0000,163.8537,9.6666
2290.0000,94.9500,6.0000,163.8537,9.6666
2290.1000,94.9500,6.0000,163.8537,9.6666
2290.2000,94.9500,6.0000,163.8537,9.6666
2290.3000,94.9500,6.0000,163.8537,9.6666
2290.4000,94.9500,6.0000,163.8537,9.6666
2290.5000,94.9500,6.0000,163.8537,9.6666
2290.6000,94.9500,6.0000,163.8537,9.6666
2290.7000,94.9500,6.0000,163.8537,9.6666
2290.8000,94.9500,6.0000,163.8537,9.6666
2290.9000,94.9500,6.0000,163.8537,9.6666
2291.0000,94.9500,6.0000,163.8537,9.6666
2291.1000,94.9500,6.0000,163.8537,9.6666
2291.2000,94.9500,6.0000,163.8537,9.6666
2291.3000,94.9500,6.0000,163.8537,9.6666
2291.4000,94.9500,6.0000,163.8537,9.6666
2291.5000,94.9500,6.0000,163.8537,9.6666
2291.6000,94.9500,6.0000,163.8537,9.6666
2291.7000,94.9500,6.0000,163.8537,9.6666
2291.8000,94.9500,6.0000,163.8537,9.6666
2291.9000,94.9500,6.0000,163.8537,9.6666
2292.0000,94.9500,6.0000,163.8537,9.6666
2292.1000,94.9500,6.0000,163.8537,9.6666
2292.2000,94.9500,6.0000,163.8537,9.6666
2292.3000,94.9500,6.0000,163.8537,9.6666
2292.4000,94.9500,6.0000,163.8537,9.6666
2292.5000,94.9500,6.0000,163.8537,9.6666
2292.6000,94.9500,6.0000,163.8537,9.6666
2292.7000,94.9500,6.0000,163.8537,9.6666
2292.8000,94.9500,6.0000,163.8537,9.6666
2292.9000,94.9500,6.0000,163.8537,9.6666
2293.0000,94.9500,6.0000,163.8537,9.6666
2293.1000,94.9500,6.0000,163.8537,9.6666
2293.2000,94.9500,6.0000,163.8537,9.6666
2293.3000,94.9500,6.0000,163.8537,9.6666
2293.4000,94.9500,6.0000,163.8537,9.6666
2293.5000,94.9500,6.0000,163.8537,9.6666
2293.6000,94.9500,6.0000,163.8537,9.6666
2293.7000,94.9500,6.0000,163.8537,9.6666
2293.8000,94.9500,6.0000,163.8537,9.6666
2293.9000,94.9500,6.0000,163.8537,9.6666
2294.0000,94.9500,6.0000,163.8537,9.6666
2294.1000,94.9500,6.0000,163.8537,9.6666
2294.2000,94.9500,6.0000,163.8537,9.6666
2294.3000,94.9500,6.0000,163.8537,9.6666
2294.4000,94.9500,6.0000,163.8537,9.6666
2294.5000,94.9500,6.0000,163.8537,9.6666
2294.6000,94.9500,6.0000,163.8537,9.6666
2294.7000,94.9500,6.0000,163.8537,9.6666
2294.8000,94.9500,6.0000,163.8537,9.6666
2294.9000,94.9500,6.0000,163.8537,9.6666
2295.0000,94.9500,6.0000,163.8537,9.6666
2295.1000,94.9500,6.0000,163.8537,9.6666
2295.2000,94.9500,6.0000,163.8537,9.6666
2295.3000,94.9500,6.0000,163.8537,9.6666
2295.4000,94.9500,6.0000,163.8537,9.6666
2295.5000,94.9500,6.0000,163.8537,9.6666
2295.6000,94.9500,6.0000,163.8537,9.6666
2295.7000,94.9500,6.0000,163.8537,9.6666
2295.8000,94.9500,6.0000,163.8537,9.6666
2295.9000,94.9500,6.0000,163.8537,9.6666
2296.0000,94.9500,6.0000,163.8537,9.6666
2296.1000,94.9500,6.0000,163.8537,9.6666
2296.2000,94.9500,6.0000,163.8537,9.6666
2296.3000,94.9500,6.0000,163.8537,9.6666
2296.4000,94.9500,6.0000,163.8537,9.6666
2296.5000,94.9500,6.0000,163.8537,9.6666
2296.6000,94.9500,6.0000,163.8537,9.6666
2296.7000,94.9500,6.0000,163.8537,9.6666
2296.8000,94.9500,6.0000,163.8537,9.6666
2296.9000,94.9500,6.0000,163.8537,9.6666
2297.0000,94.9500,6.0000,163.8537,9.6666
2297.1000,94.9500,6.0000,163.8537,9.6666
2297.2000,94.9500,6.0000,163.8537,9.6666
2297.3000,94.9500,6.0000,163.8537,9.6666
2297.4000,94.9500,6.0000,163.8537,9.6666
2297.5000,94.9500,6.0000,163.8537,9.6666
2297.6000,94.9500,6.0000,163.8537,9.6666
2297.7000,94.9500,6.0000,163.8537,9.6666
2297.8000,94.9500,6.0000,163.8537,9.6666
2297.9000,94.9500,6.0000,163.8537,9.6666
2298.0000,94.9500,6.0000,163.8537,9.6666
2298.1000,94.9500,6.0000,163.8537,9.6666
2298.2000,94.9500,6.0000,163.8537,9.6666
2298.3000,94.9500,6.0000,163.8537,9.6666
2298.4000,94.9500,6.0000,163.8537,9.6666
2298.5000,94.9500,6.0000,163.8537,9.6666
2298.6000,94.9500,6.0000,163.8537,9.6666
2298.7000,94.9500,6.0000,163.8537,9.6666
2298.8000,94.9500,6.0000,163.8537,9.6666
2298.9000,94.9500,6.0000,163.8537,9.6666
2299.0000,94.9500,6.0000,163.8537,9.6666
2299.1000,94.9500,6.0000,163.8537,9.6666
2299.2000,94.9500,6.0000,163.8537,9.6666
2299.3000,94.9500,6.0000,163.8537,9.6666
2299.4000,94.9500,6.0000,163.8537,9.6666
2299.5000,94.9500,6.0000,163.8537,9.6666
2299.6000,94.9500,6.0000,163.8537,9.6666
2299.7000,94.9500,6.0000,163.8537,9.6666
2299.8000,94.9500,6.0000,163.8537,9.6666
2299.9000,94.9500,6.0000,163.8537,9.6666
2300.0000,94.9500,6.0000,163.8537,9.6666
2300.1000,94.9500,6.0000,163.8537,9.6666
2300.2000,94.9500,6.0000,163.8537,9.6666
2300.3000,94.9500,6.0000,163.8537,9.6666
2300.4000,94.9500,6.0000,163.8537,9.6666
2300.5000,94.9500,6.0000,163.8537,9.6666
2300.6000,94.9500,6.0000,163.8537,9.6666
2300.7000,94.9500,6.0000,163.8537,9.6666
2300.8000,94.9500,6.0000,163.8537,9.6666
2300.9000,94.9500,6.0000,163.8537,9.6666
2301.0000,94.9500,6.0000,163.8537,9.6666
2301.1000,94.9500,6.0000,163.8537,9.6666
2301.2000,94.9500,6.0000,163.8537,9.6666
2301.3000,94.9500,6.0000,163.8537,9.6666
2301.4000,94.9500,6.0000,163.8537,9.6666
2301.5000,94.9500,6.0000,163.8537,9.6666
2301.6000,94.9500,6.0000,163.8537,9.6666
2301.7000,94.9500,6.0000,163.8537,9.6666
2301.8000,94.9500,6.0000,163.8537,9.6666
2301.9000,94.9500,6.0000,163.8537,9.6666
2302.0000,94.9500,6.0000,163.8537,9.6666
2302.1000,94.9500,6.0000,163.8537,9.6666
2302.2000,94.9500,6.0000,163.8537,9.6666
2302.3000,94.9500,6.0000,163.8537,9.6666
2302.4000,94.9500,6.0000,163.8537,9.6666
2302.5000,94.9500,6.0000,163.8537,9.6666
2302.6000,94.9500,6.0000,163.8537,9.6666
2302.7000,94.9500,6.0000,163.8537,9.6666
2302.8000,94.9500,6.0000,163.8537,9.6666
2302.9000,94.9500,6.0000,163.8537,9.6666
2303.0000,94.9500,6.0000,163.8537,9.6666
2303.1000,94.9500,6.0000,163.8537,9.6666
2303.2000,94.9500,6.0000,163.8537,9.6666
2303.3000,94.9500,6.0000,163.8537,9.6666
2303.4000,94.9500,6.0000,163.8537,9.6666
2303.5000,94.9500,6.0000,163.8537,9.6666
2303.6000,94.9500,6.0000,163.8537,9.6666
2303.7000,94.9500,6.0000,163.8537,9.6666
2303.8000,94.9500,6.0000,163.8537,9.6666
2303.9000,94.9500,6.0000,163.8537,9.6666
2304.0000,94.9500,6.0000,163.8537,9.6666
2304.1000,94.9500,6.0000,163.8537,9.6666
2304.2000,94.9500,6.0000,163.8537,9.6666
2304.3000,94.9500,6.0000,163.8537,9.6666
2304.4000,94.9500,6.0000,163.8537,9.6666
2304.5000,94.9500,6.0000,163.8537,9.6666
2304.6000,94.9500,6.0000,163.8537,9.6666
2304.7000,94.9500,6.0000,163.8537,9.6666
2304.8000,94.9500,6.0000,163.8537,9.6666
2304.9000,94.9500,6.0000,163.8537,9.6666
2305.0000,94.9500,6.0000,163.8537,9.6666
2305.1000,94.9500,6.0000,163.8537,9.6666
2305.2000,94.9500,6.0000,163.8537,9.6666
2305.3000,94.9500,6.0000,163.8537,9.6666
2305.4000,94.9500,6.0000,163.8537,9.6666
2305.5000,94.9500,6.0000,163.8537,9.6666
2305.6000,94.9500,6.0000,163.8537,9.6666
2305.7000,94.9500,6.0000,163.8537,9.6666
2305.8000,94.9500,6.0000,163.8537,9.6666
2305.9000,94.9500,6.0000,163.8537,9.6666
2306.0000,94.9500,6.0000,163.8537,9.6666
2306.1000,94.9500,6.0000,163.8537,9.6666
2306.2000,94.9500,6.0000,163.8537,9.6666
2306.3000,94.9500,6.0000,163.8537,9.6666
2306.4000,94.9500,6.0000,163.8537,9.6666
2306.5000,94.9500,6.0000,163.8537,9.6666
2306.6000,94.9500,6.0000,163.8537,9.6666
2306.7000,94.9500,6.0000,163.8537,9.6666
2306.8000,94.9500,6.0000,163.8537,9.6666
2306.9000,94.9500,6.0000,163.8537,9.6666
2307.0000,94.9500,6.0000,163.8537,9.6666
2307.1000,94.9500,6.0000,163.8537,9.6666
2307.2000,94.9500,6.0000,163.8537,9.6666
2307.3000,94.9500,6.0000,163.8537,9.6666
2307.4000,94.9500,6.0000,163.8537,9.6666
2307.5000,94.9500,6.0000,163.8537,9.6666
2307.6000,94.9500,6.0000,163.8537,9.6666
2307.7000,94.9500,6.0000,163.8537,9.6666
2307.8000,94.9500,6.0000,163.8537,9.6666
2307.9000,94.9500,6.0000,163.8537,9.6666
2308.0000,94.9500,6.0000,163.8537,9.6666
2308.1000,94.9500,6.0000,163.8537,9.6666
2308.2000,94.9500,6.0000,163.8537,9.6666
2308.3000,94.9500,6.0000,163.8537,9.6666
2308.4000,94.9500,6.0000,163.8537,9.6666
2308.5000,94.9500,6.0000,163.8537,9.6666
2308.6000,94.9500,6.0000,163.8537,9.6666
2308.7000,94.9500,6.0000,163.8537,9.6666
2308.8000,94.9500,6.0000,163.8537,9.6666
2308.9000,94.9500,6.0000,163.8537,9.6666
2309.0000,94.9500,6.0000,163.8537,9.6666
2309.1000,94.9500,6.0000,163.8537,9.6666
2309.2000,94.9500,6.0000,163.8537,9.6666
2309.3000,94.9500,6.0000,163.8537,9.6666
2309.4000,94.9500,6.0000,163.8537,9.6666
2309.5000,94.9500,6.0000,163.8537,9.6666
2309.6000,94.9500,6.0000,163.8537,9.6666
2309.7000,94.9500,6.0000,163.8537,9.6666
2309.8000,94.9500,6.0000,163.8537,9.6666
2309.9000,94.9500,6.0000,163.8537,9.6666
2310.0000,94.9500,6.0000,163.8537,9.6666
2310.1000,94.9500,6.0000,163.8537,9.6666
2310.2000,94.9500,6.0000,163.8537,9.6666
2310.3000,94.9500,6.0000,163.8537,9.6666
2310.4000,94.9500,6.0000,163.8537,9.6666
2310.5000,94.9500,6.0000,163.8537,9.6666
2310.6000,94.9500,6.0000,163.8537,9.6666
2310.7000,94.9500,6.0000,163.8537,9.6666
2310.8000,94.9500,6.0000,163.8537,9.6666
2310.9000,94.9500,6.0000,163.8537,9.6666
2311.0000,94.9500,6.0000,163.8537,9.6666
2311.1000,94.9500,6.0000,163.8537,9.6666
2311.2000,94.9500,6.0000,163.8537,9.6666
2311.3000,94.9500,6.0000,163.8537,9.6666
2311.4000,94.9500,6.0000,163.8537,9.6666
2311.5000,94.9500,6.0000,163.8537,9.6666
2311.6000,94.9500,6.0000,163.8537,9.6666
2311.7000,94.9500,6.0000,163.8537,9.6666
2311.8000,94.9500,6.0000,163.8537,9.6666
2311.9000,94.9500,6.0000,163.8537,9.6666
2312.0000,94.9500,6.0000,163.8537,9.6666
2312.1000,94.9500,6.0000,163.8537,9.6666
2312.2000,94.9500,6.0000,163.8537,9.6666
2312.3000,94.9500,6.0000,163.8537,9.6666
2312.4000,94.9500,6.0000,163.8537,9.6666
2312.5000,94.9500,6.0000,163.8537,9.6666
2312.6000,94.9500,6.0000,163.8537,9.6666
2312.7000,94.9500,6.0000,163.8537,9.6666
2312.8000,94.9500,6.0000,163.8537,9.6666
2312.9000,94.9500,6.0000,163.8537,9.6666
2313.0000,94.9500,6.0000,163.8537,9.6666
2313.1000,94.9500,6.0000,163.8537,9.6666
2313.2000,94.9500,6.0000,163.8537,9.6666
2313.3000,94.9500,6.0000,163.8537,9.6666
2313.4000,94.9500,6.0000,163.8537,9.6666
2313.5000,94.9500,6.0000,163.8537,9.6666
2313.6000,94.9500,6.0000,163.8537,9.6666
2313.7000,94.9500,6.0000,163.8537,9.6666
2313.8000,94.9500,6.0000,163.8537,9.6666
2313.9000,94.9500,6.0000,163.8537,9.6666
2314.0000,94.9500,6.0000,163.8537,9.6666
2314.1000,94.9500,6.0000,163.8537,9.6666
2314.2000,94.9500,6.0000,163.8537,9.6666
2314.3000,94.9500,6.0000,163.8537,9.6666
2314.4000,94.9500,6.0000,163.8537,9.6666
2314.5000,94.9500,6.0000,163.8537,9.6666
2314.6000,94.9500,6.0000,163.8537,9.6666
2314.7000,94.9500,6.0000,163.8537,9.6666
2314.8000,94.9500,6.0000,163.8537,9.6666
2314.9000,94.9500,6.0000,163.8537,9.6666
2315.0000,94.9500,6.0000,163.8537,9.6666
2315.1000,94.9500,6.0000,163.8537,9.6666
2315.2000,94.9500,6.0000,163.8537,9.6666
2315.3000,94.9500,6.0000,163.8537,9.6666
2315.4000,94.9500,6.0000,163.8537,9.6666
2315.5000,94.9500,6.0000,163.8537,9.6666
2315.6000,94.9500,6.0000,163.8537,9.6666
2315.7000,94.9500,6.0000,163.8537,9.6666
2315.8000,94.9500,6.0000,163.8537,9.6666
2315.9000,94.9500,6.0000,163.8537,9.6666
2316.0000,94.9500,6.0000,163.8537,9.6666
2316.1000,94.9500,6.0000,163.8537,9.6666
2316.2000,94.9500,6.0000,163.8537,9.6666
2316.3000,94.9500,6.0000,163.8537,9.6666
2316.4000,94.9500,6.0000,163.8537,9.6666
2316.5000,94.9500,6.0000,163.8537,9.6666
2316.6000,94.9500,6.0000,163.8537,9.6666
2316.7000,94.9500,6.0000,163.8537,9.6666
2316.8000,94.9500,6.0000,163.8537,9.6666
2316.9000,94.9500,6.0000,163.8537,9.6666
2317.0000,94.9500,6.0000,163.8537,9.6666
2317.1000,94.9500,6.0000,163.8537,9.6666
2317.2000,94.9500,6.0000,163.8537,9.6666
2317.3000,94.9500,6.0000,163.8537,9.6666
2317.4000,94.9500,6.0000,163.8537,9.6666
2317.5000,94.9500,6.0000,163.8537,9.6666
2317.6000,94.9500,6.0000,163.8537,9.6666
2317.7000,94.9500,6.0000,163.8537,9.6666
2317.8000,94.9500,6.0000,163.8537,9.6666
2317.9000,94.9500,6.0000,163.8537,9.6666
2318.0000,94.9500,6.0000,163.8537,9.6666
2318.1000,94.9500,6.0000,163.8537,9.6666
2318.2000,94.9500,6.0000,163.8537,9.6666
2318.3000,94.9500,6.0000,163.8537,9.6666
2318.4000,94.9500,6.0000,163.8537,9.6666
2318.5000,94.9500,6.0000,163.8537,9.6666
2318.6000,94.9500,6.0000,163.8537,9.6666
2318.7000,94.9500,6.0000,163.8537,9.6666
2318.8000,94.9500,6.0000,163.8537,9.6666
2318.9000,94.9500,6.0000,163.8537,9.6666
2319.0000,94.9500,6.0000,163.8537,9.6666
2319.1000,94.9500,6.0000,163.8537,9.6666
2319.2000,94.9500,6.0000,163.8537,9.6666
2319.3000,94.9500,6.0000,163.8537,9.6666
2319.4000,94.9500,6.0000,163.8537,9.6666
2319.5000,94.9500,6.0000,163.8537,9.6666
2319.6000,94.9500,6.0000,163.8537,9.6666
2319.7000,94.9500,6.0000,163.8537,9.6666
2319.8000,94.9500,6.0000,163.8537,9.6666
2319.9000,94.9500,6.0000,163.8537,9.6666
2320.0000,94.9500,6.0000,163.8537,9.6666
2320.1000,94.9500,6.0000,163.8537,9.6666
2320.2000,94.9500,6.0000,163.8537,9.6666
2320.3000,94.9500,6.0000,163.8537,9.6666
2320.4000,94.9500,6.0000,163.8537,9.6666
2320.5000,94.9500,6.0000,163.8537,9.6666
2320.6000,94.9500,6.0000,163.8537,9.6666
2320.7000,94.9500,6.0000,163.8537,9.6666
2320.8000,94.9500,6.0000,163.8537,9.6666
2320.9000,94.9500,6.0000,163.8537,9.6666
2321.0000,94.9500,6.0000,163.8537,9.6666
2321.1000,94.9500,6.0000,163.8537,9.6666
2321.2000,94.9500,6.0000,163.8537,9.6666
2321.3000,94.9500,6.0000,163.8537,9.6666
2321.4000,94.9500,6.0000,163.8537,9.6666
2321.5000,94.9500,6.0000,163.8537,9.6666
2321.6000,94.9500,6.0000,163.8537,9.6666
2321.7000,94.9500,6.0000,163.8537,9.6666
2321.8000,94.9500,6.0000,163.8537,9.6666
2321.9000,94.9500,6.0000,163.8537,9.6666
2322.0000,94.9500,6.0000,163.8537,9.6666
2322.1000,94.9500,6.0000,163.8537,9.6666
2322.2000,94.9500,6.0000,163.8537,9.6666
2322.3000,94.9500,6.0000,163.8537,9.6666
2322.4000,94.9500,6.0000,163.8537,9.6666
2322.5000,94.9500,6.0000,163.8537,9.6666
2322.6000,94.9500,6.0000,163.8537,9.6666
2322.7000,94.9500,6.0000,163.8537,9.6666
2322.8000,94.9500,6.0000,163.8537,9.6666
2322.9000,94.9500,6.0000,163.8537,9.6666
2323.0000,94.9500,6.0000,163.8537,9.6666
2323.1000,94.9500,6.0000,163.8537,9.6666
2323.2000,94.9500,6.0000,163.8537,9.6666
2323.3000,94.9500,6.0000,163.8537,9.6666
2323.4000,94.9500,6.0000,163.8537,9.6666
2323.5000,94.9500,6.0000,163.8537,9.6666
2323.6000,94.9500,6.0000,163.8537,9.6666
2323.7000,94.9500,6.0000,163.8537,9.6666
2323.8000,94.9500,6.0000,163.8537,9.6666
2323.9000,94.9500,6.0000,163.8537,9.6666
2324.0000,94.9500,6.0000,163.8537,9.6666
2324.1000,94.9500,6.0000,163.8537,9.6666
2324.2000,94.9500,6.0000,163.8537,9.6666
2324.3000,94.9500,6.0000,163.8537,9.6666
2324.4000,94.9500,6.0000,163.8537,9.6666
2324.5000,94.9500,6.0000,163.8537,9.6666
2324.6000,94.9500,6.0000,163.8537,9.6666
2324.7000,94.9500,6.0000,163.8537,9.6666
2324.8000,94.9500,6.0000,163.8537,9.6666
2324.9000,94.9500,6.0000,163.8537,9.6666
2325.0000,94.9500,6.0000,163.8537,9.6666
2325.1000,94.9500,6.0000,163.8537,9.6666
2325.2000,94.9500,6.0000,163.8537,9.6666
2325.3000,94.9500,6.0000,163.8537,9.6666
2325.4000,94.9500,6.0000,163.8537,9.6666
2325.5000,94.9500,6.0000,163.8537,9.6666
2325.6000,94.9500,6.0000,163.8537,9.6666
2325.7000,94.9500,6.0000,163.8537,9.6666
2325.8000,94.9500,6.0000,163.8537,9.6666
2325.9000,94.9500,6.0000,163.8537,9.6666
2326.0000,94.9500,6.0000,163.8537,9.6666
2326.1000,94.9500,6.0000,163.8537,9.6666
2326.2000,94.9500,6.0000,163.8537,9.6666
2326.3000,94.9500,6.0000,163.8537,9.6666
2326.4000,94.9500,6.0000,163.8537,9.6666
2326.5000,94.9500,6.0000,163.8537,9.6666
2326.6000,94.9500,6.0000,163.8537,9.6666
2326.7000,94.9500,6.0000,163.8537,9.6666
2326.8000,94.9500,6.0000,163.8537,9.6666
2326.9000,94.9500,6.0000,163.8537,9.6666
2327.0000,94.9500,6.0000,163.8537,9.6666
2327.1000,94.9500,6.0000,163.8537,9.6666
2327.2000,94.9500,6.0000,163.8537,9.6666
2327.3000,94.9500,6.0000,163.8537,9.6666
2327.4000,94.9500,6.0000,163.8537,9.6666
2327.5000,94.9500,6.0000,163.8537,9.6666
2327.6000,94.9500,6.0000,163.8537,9.6666
2327.7000,94.9500,6.0000,163.8537,9.6666
2327.8000,94.9500,6.0000,163.8537,9.6666
2327.9000,94.9500,6.0000,163.8537,9.6666
2328.0000,94.9500,6.0000,163.8537,9.6666
2328.1000,94.9500,6.0000,163.8537,9.6666
2328.2000,94.9500,6.0000,163.8537,9.6666
2328.3000,94.9500,6.0000,163.8537,9.6666
2328.4000,94.9500,6.0000,163.8537,9.6666
2328.5000,94.9500,6.0000,163.8537,9.6666
2328.6000,94.9500,6.0000,163.8537,9.6666
2328.7000,94.9500,6.0000,163.8537,9.6666
2328.8000,94.9500,6.0000,163.8537,9.6666
2328.9000,94.9500,6.0000,163.8537,9.6666
2329.0000,94.9500,6.0000,163.8537,9.6666
2329.1000,94.9500,6.0000,163.8537,9.6666
2329.2000,94.9500,6.0000,163.8537,9.6666
2329.3000,94.9500,6.0000,163.8537,9.6666
2329.4000,94.9500,6.0000,163.8537,9.6666
2329.5000,94.9500,6.0000,163.8537,9.6666
2329.6000,94.9500,6.0000,163.8537,9.6666
2329.7000,94.9500,6.0000,163.8537,9.6666
2329.8000,94.9500,6.0000,163.8537,9.6666
2329.9000,94.9500,6.0000,163.8537,9.6666
2330.0000,94.9500,6.0000,163.8537,9.6666
2330.1000,94.9500,6.0000,163.8537,9.6666
2330.2000,94.9500,6.0000,163.8537,9.6666
2330.3000,94.9500,6.0000,163.8537,9.6666
2330.4000,94.9500,6.0000,163.8537,9.6666
2330.5000,94.9500,6.0000,163.8537,9.6666
2330.6000,94.9500,6.0000,163.8537,9.6666
2330.7000,94.9500,6.0000,163.8537,9.6666
2330.8000,94.9500,6.0000,163.8537,9.6666
2330.9000,94.9500,6.0000,163.8537,9.6666
2331.0000,94.9500,6.0000,163.8537,9.6666
2331.1000,94.9500,6.0000,163.8537,9.6666
2331.2000,94.9500,6.0000,163.8537,9.6666
2331.3000,94.9500,6.0000,163.8537,9.6666
2331.4000,94.9500,6.0000,163.8537,9.6666
2331.5000,94.9500,6.0000,163.8537,9.6666
2331.6000,94.9500,6.0000,163.8537,9.6666
2331.7000,94.9500,6.0000,163.8537,9.6666
2331.8000,94.9500,6.0000,163.8537,9.6666
2331.9000,94.9500,6.0000,163.8537,9.6666
2332.0000,94.9500,6.0000,163.8537,9.6666
2332.1000,94.9500,6.0000,163.8537,9.6666
2332.2000,94.9500,6.0000,163.8537,9.6666
2332.3000,94.9500,6.0000,163.8537,9.6666
2332.4000,94.9500,6.0000,163.8537,9.6666
2332.5000,94.9500,6.0000,163.8537,9.6666
2332.6000,94.9500,6.0000,163.8537,9.6666
2332.7000,94.9500,6.0000,163.8537,9.6666
2332.8000,94.9500,6.0000,163.8537,9.6666
2332.9000,94.9500,6.0000,163.8537,9.6666
2333.0000,94.9500,6.0000,163.8537,9.6666
2333.1000,94.9500,6.0000,163.8537,9.6666
2333.2000,94.9500,6.0000,163.8537,9.6666
2333.3000,94.9500,6.0000,163.8537,9.6666
2333.4000,94.9500,6.0000,163.8537,9.6666
2333.5000,94.9500,6.0000,163.8537,9.6666
2333.6000,94.9500,6.0000,163.8537,9.6666
2333.7000,94.9500,6.0000,163.8537,9.6666
2333.8000,94.9500,6.0000,163.8537,9.6666
2333.9000,94.9500,6.0000,163.8537,9.6666
2334.0000,94.9500,6.0000,163.8537,9.6666
2334.1000,94.9500,6.0000,163.8537,9.6666
2334.2000,94.9500,6.0000,163.8537,9.6666
2334.3000,94.9500,6.0000,163.8537,9.6666
2334.4000,94.9500,6.0000,163.8537,9.6666
2334.5000,94.9500,6.0000,163.8537,9.6666
2334.6000,94.9500,6.0000,163.8537,9.6666
2334.7000,94.9500,6.0000,163.8537,9.6666
2334.8000,94.9500,6.0000,163.8537,9.6666
2334.9000,94.9500,6.0000,163.8537,9.6666
2335.0000,94.9500,6.0000,163.8537,9.6666
2335.1000,94.9500,6.0000,163.8537,9.6666
2335.2000,94.9500,6.0000,163.8537,9.6666
2335.3000,94.9500,6.0000,163.8537,9.6666
2335.4000,94.9500,6.0000,163.8537,9.6666
2335.5000,94.9500,6.0000,163.8537,9.6666
2335.6000,94.9500,6.0000,163.8537,9.6666
2335.7000,94.9500,6.0000,163.8537,9.6666
2335.8000,94.9500,6.0000,163.8537,9.6666
2335.9000,94.9500,6.0000,163.8537,9.6666
2336.0000,94.9500,6.0000,163.8537,9.6666
2336.1000,94.9500,6.0000,163.8537,9.6666
2336.2000,94.9500,6.0000,163.8537,9.6666
2336.3000,94.9500,6.0000,163.8537,9.6666
2336.4000,94.9500,6.0000,163.8537,9.6666
2336.5000,94.9500,6.0000,163.8537,9.6666
2336.6000,94.9500,6.0000,163.8537,9.6666
2336.7000,94.9500,6.0000,163.8537,9.6666
2336.8000,94.9500,6.0000,163.8537,9.6666
2336.9000,94.9500,6.0000,163.8537,9.6666
2337.0000,94.9500,6.0000,163.8537,9.6666
2337.1000,94.9500,6.0000,163.8537,9.6666
2337.2000,94.9500,6.0000,163.8537,9.6666
2337.3000,94.9500,6.0000,163.8537,9.6666
2337.4000,94.9500,6.0000,163.8537,9.6666
2337.5000,94.9500,6.0000,163.8537,9.6666
2337.6000,94.9500,6.0000,163.8537,9.6666
2337.7000,94.9500,6.0000,163.8537,9.6666
2337.8000,94.9500,6.0000,163.8537,9.6666
2337.9000,94.9500,6.0000,163.8537,9.6666
2338.0000,94.9500,6.0000,163.8537,9.6666
2338.1000,94.9500,6.0000,163.8537,9.6666
2338.2000,94.9500,6.0000,163.8537,9.6666
2338.3000,94.9500,6.0000,163.8537,9.6666
2338.4000,94.9500,6.0000,163.8537,9.6666
2338.5000,94.9500,6.0000,163.8537,9.6666
2338.6000,94.9500,6.0000,163.8537,9.6666
2338.7000,94.9500,6.0000,163.8537,9.6666
2338.8000,94.9500,6.0000,163.8537,9.6666
2338.9000,94.9500,6.0000,163.8537,9.6666
2339.0000,94.9500,6.0000,163.8537,9.6666
2339.1000,94.9500,6.0000,163.8537,9.6666
2339.2000,94.9500,6.0000,163.8537,9.6666
2339.3000,94.9500,6.0000,163.8537,9.6666
2339.4000,94.9500,6.0000,163.8537,9.6666
2339.5000,94.9500,6.0000,163.8537,9.6666
2339.6000,94.9500,6.0000,163.8537,9.6666
2339.7000,94.9500,6.0000,163.8537,9.6666
2339.8000,94.9500,6.0000,163.8537,9.6666
2339.9000,94.9500,6.0000,163.8537,9.6666
2340.0000,94.9500,6.0000,163.8537,9.6666
2340.1000,94.9500,6.0000,163.8537,9.6666
2340.2000,94.9500,6.0000,163.8537,9.6666
2340.3000,94.9500,6.0000,163.8537,9.6666
2340.4000,94.9500,6.0000,163.8537,9.6666
2340.5000,94.9500,6.0000,163.8537,9.6666
2340.6000,94.9500,6.0000,163.8537,9.6666
2340.7000,94.9500,6.0000,163.8537,9.6666
2340.8000,94.9500,6.0000,163.8537,9.6666
2340.9000,94.9500,6.0000,163.8537,9.6666
2341.0000,94.9500,6.0000,163.8537,9.6666
2341.1000,94.9500,6.0000,163.8537,9.6666
2341.2000,94.9500,6.0000,163.8537,9.6666
2341.3000,94.9500,6.0000,163.8537,9.6666
2341.4000,94.9500,6.0000,163.8537,9.6666
2341.5000,94.9500,6.0000,163.8537,9.6666
2341.6000,94.9500,6.0000,163.8537,9.6666
2341.7000,94.9500,6.0000,163.8537,9.6666
2341.8000,94.9500,6.0000,163.8537,9.6666
2341.9000,94.9500,6.0000,163.8537,9.6666
2342.0000,94.9500,6.0000,163.8537,9.6666
2342.1000,94.9500,6.0000,163.8537,9.6666
2342.2000,94.9500,6.0000,163.8537,9.6666
2342.3000,94.9500,6.0000,163.8537,9.6666
2342.4000,94.9500,6.0000,163.8537,9.6666
2342.5000,94.9500,6.0000,163.8537,9.6666
2342.6000,94.9500,6.0000,163.8537,9.6666
2342.7000,94.9500,6.0000,163.8537,9.6666
2342.8000,94.9500,6.0000,163.8537,9.6666
2342.9000,94.9500,6.0000,163.8537,9.6666
2343.0000,94.9500,6.0000,163.8537,9.6666
2343.1000,94.9500,6.0000,163.8537,9.6666
2343.2000,94.9500,6.0000,163.8537,9.6666
2343.3000,94.9500,6.0000,163.8537,9.6666
2343.4000,94.9500,6.0000,163.8537,9.6666
2343.5000,94.9500,6.0000,163.8537,9.6666
2343.6000,94.9500,6.0000,163.8537,9.6666
2343.7000,94.9500,6.0000,163.8537,9.6666
2343.8000,94.9500,6.0000,163.8537,9.6666
2343.9000,94.9500,6.0000,163.8537,9.6666
2344.0000,94.9500,6.0000,163.8537,9.6666
2344.1000,94.9500,6.0000,163.8537,9.6666
2344.2000,94.9500,6.0000,163.8537,9.6666
2344.3000,94.9500,6.0000,163.8537,9.6666
2344.4000,94.9500,6.0000,163.8537,9.6666
2344.5000,94.9500,6.0000,163.8537,9.6666
2344.6000,94.9500,6.0000,163.8537,9.6666
2344.7000,94.9500,6.0000,163.8537,9.6666
2344.8000,94.9500,6.0000,163.8537,9.6666
2344.9000,94.9500,6.0000,163.8537,9.6666
2345.0000,94.9500,6.0000,163.8537,9.6666
2345.1000,94.9500,6.0000,163.8537,9.6666
2345.2000,94.9500,6.0000,163.8537,9.6666
2345.3000,94.9500,6.0000,163.8537,9.6666
2345.4000,94.9500,6.0000,163.8537,9.6666
2345.5000,94.9500,6.0000,163.8537,9.6666
2345.6000,94.9500,6.0000,163.8537,9.6666
2345.7000,94.9500,6.0000,163.8537,9.6666
2345.8000,94.9500,6.0000,163.8537,9.6666
2345.9000,94.9500,6.0000,163.8537,9.6666
2346.0000,94.9500,6.0000,163.8537,9.6666
2346.1000,94.9500,6.0000,163.8537,9.6666
2346.2000,94.9500,6.0000,163.8537,9.6666
2346.3000,94.9500,6.0000,163.8537,9.6666
2346.4000,94.9500,6.0000,163.8537,9.6666
2346.5000,94.9500,6.0000,163.8537,9.6666
2346.6000,94.9500,6.0000,163.8537,9.6666
2346.7000,94.9500,6.0000,163.8537,9.6666
2346.8000,94.9500,6.0000,163.8537,9.6666
2346.9000,94.9500,6.0000,163.8537,9.6666
2347.0000,94.9500,6.0000,163.8537,9.6666
2347.1000,94.9500,6.0000,163.8537,9.6666
2347.2000,94.9500,6.0000,163.8537,9.6666
2347.3000,94.9500,6.0000,163.8537,9.6666
2347.4000,94.9500,6.0000,163.8537,9.6666
2347.5000,94.9500,6.0000,163.8537,9.6666
2347.6000,94.9500,6.0000,163.8537,9.6666
2347.7000,94.9500,6.0000,163.8537,9.6666
2347.8000,94.9500,6.0000,163.8537,9.6666
2347.9000,94.9500,6.0000,163.8537,9.6666
2348.0000,94.9500,6.0000,163.8537,9.6666
2348.1000,94.9500,6.0000,163.8537,9.6666
2348.2000,94.9500,6.0000,163.8537,9.6666
2348.3000,94.9500,6.0000,163.8537,9.6666
2348.4000,94.9500,6.0000,163.8537,9.6666
2348.5000,94.9500,6.0000,163.8537,9.6666
2348.6000,94.9500,6.0000,163.8537,9.6666
2348.7000,94.9500,6.0000,163.8537,9.6666
2348.8000,94.9500,6.0000,163.8537,9.6666
2348.9000,94.9500,6.0000,163.8537,9.6666
2349.0000,94.9500,6.0000,163.8537,9.6666
2349.1000,94.9500,6.0000,163.8537,9.6666
2349.2000,94.9500,6.0000,163.8537,9.6666
2349.3000,94.9500,6.0000,163.8537,9.6666
2349.4000,94.9500,6.0000,163.8537,9.6666
2349.5000,94.9500,6.0000,163.8537,9.6666
2349.6000,94.9500,6.0000,163.8537,9.6666
2349.7000,94.9500,6.0000,163.8537,9.6666
2349.8000,94.9500,6.0000,163.8537,9.6666
2349.9000,94.9500,6.0000,163.8537,9.6666
2350.0000,94.9500,6.0000,163.8537,9.6666
2350.1000,94.9500,6.0000,163.8537,9.6666
2350.2000,94.9500,6.0000,163.8537,9.6666
2350.3000,94.9500,6.0000,163.8537,9.6666
2350.4000,94.9500,6.0000,163.8537,9.6666
2350.5000,94.9500,6.0000,163.8537,9.6666
2350.6000,94.9500,6.0000,163.8537,9.6666
2350.7000,94.9500,6.0000,163.8537,9.6666
2350.8000,94.9500,6.0000,163.8537,9.6666
2350.9000,94.9500,6.0000,163.8537,9.6666
2351.0000,94.9500,6.0000,163.8537,9.6666
2351.1000,94.9500,6.0000,163.8537,9.6666
2351.2000,94.9500,6.0000,163.8537,9.6666
2351.3000,94.9500,6.0000,163.8537,9.6666
2351.4000,94.9500,6.0000,163.8537,9.6666
2351.5000,94.9500,6.0000,163.8537,9.6666
2351.6000,94.9500,6.0000,163.8537,9.6666
2351.7000,94.9500,6.0000,163.8537,9.6666
2351.8000,94.9500,6.0000,163.8537,9.6666
2351.9000,94.9500,6.0000,163.8537,9.6666
2352.0000,94.9500,6.0000,163.8537,9.6666
2352.1000,94.9500,6.0000,163.8537,9.6666
2352.2000,94.9500,6.0000,163.8537,9.6666
2352.3000,94.9500,6.0000,163.8537,9.6666
2352.4000,94.9500,6.0000,163.8537,9.6666
2352.5000,94.9500,6.0000,163.8537,9.6666
2352.6000,94.9500,6.0000,163.8537,9.6666
2352.7000,94.9500,6.0000,163.8537,9.6666
2352.8000,94.9500,6.0000,163.8537,9.6666
2352.9000,94.9500,6.0000,163.8537,9.6666
2353.0000,94.9500,6.0000,163.8537,9.6666
2353.1000,94.9500,6.0000,163.8537,9.6666
2353.2000,94.9500,6.0000,163.8537,9.6666
2353.3000,94.9500,6.0000,163.8537,9.6666
2353.4000,94.9500,6.0000,163.8537,9.6666
2353.5000,94.9500,6.0000,163.8537,9.6666
2353.6000,94.9500,6.0000,163.8537,9.6666
2353.7000,94.9500,6.0000,163.8537,9.6666
2353.8000,94.9500,6.0000,163.8537,9.6666
2353.9000,94.9500,6.0000,163.8537,9.6666
2354.0000,94.9500,6.0000,163.8537,9.6666
2354.1000,94.9500,6.0000,163.8537,9.6666
2354.2000,94.9500,6.0000,163.8537,9.6666
2354.3000,94.9500,6.0000,163.8537,9.6666
2354.4000,94.9500,6.0000,163.8537,9.6666
2354.5000,94.9500,6.0000,163.8537,9.6666
2354.6000,94.9500,6.0000,163.8537,9.6666
2354.7000,94.9500,6.0000,163.8537,9.6666
2354.8000,94.9500,6.0000,163.8537,9.6666
2354.9000,94.9500,6.0000,163.8537,9.6666
2355.0000,94.9500,6.0000,163.8537,9.6666
2355.1000,94.9500,6.0000,163.8537,9.6666
2355.2000,94.9500,6.0000,163.8537,9.6666
2355.3000,94.9500,6.0000,163.8537,9.6666
2355.4000,94.9500,6.0000,163.8537,9.6666
2355.5000,94.9500,6.0000,163.8537,9.6666
2355.6000,94.9500,6.0000,163.8537,9.6666
2355.7000,94.9500,6.0000,163.8537,9.6666
2355.8000,94.9500,6.0000,163.8537,9.6666
2355.9000,94.9500,6.0000,163.8537,9.6666
2356.0000,94.9500,6.0000,163.8537,9.6666
2356.1000,94.9500,6.0000,163.8537,9.6666
2356.2000,94.9500,6.0000,163.8537,9.6666
2356.3000,94.9500,6.0000,163.8537,9.6666
2356.4000,94.9500,6.0000,163.8537,9.6666
2356.5000,94.9500,6.0000,163.8537,9.6666
2356.6000,94.9500,6.0000,163.8537,9.6666
2356.7000,94.9500,6.0000,163.8537,9.6666
2356.8000,94.9500,6.0000,163.8537,9.6666
2356.9000,94.9500,6.0000,163.8537,9.6666
2357.0000,94.9500,6.0000,163.8537,9.6666
2357.1000,94.9500,6.0000,163.8537,9.6666
2357.2000,94.9500,6.0000,163.8537,9.6666
2357.3000,94.9500,6.0000,163.8537,9.6666
2357.4000,94.9500,6.0000,163.8537,9.6666
2357.5000,94.9500,6.0000,163.8537,9.6666
2357.6000,94.9500,6.0000,163.8537,9.6666
2357.7000,94.9500,6.0000,163.8537,9.6666
2357.8000,94.9500,6.0000,163.8537,9.6666
2357.9000,94.9500,6.0000,163.8537,9.6666
2358.0000,94.9500,6.0000,163.8537,9.6666
2358.1000,94.9500,6.0000,163.8537,9.6666
2358.2000,94.9500,6.0000,163.8537,9.6666
2358.3000,94.9500,6.0000,163.8537,9.6666
2358.4000,94.9500,6.0000,163.8537,9.6666
2358.5000,94.9500,6.0000,163.8537,9.6666
2358.6000,94.9500,6.0000,163.8537,9.6666
2358.7000,94.9500,6.0000,163.8537,9.6666
2358.8000,94.9500,6.0000,163.8537,9.6666
2358.9000,94.9500,6.0000,163.8537,9.6666
2359.0000,94.9500,6.0000,163.8537,9.6666
2359.1000,94.9500,6.0000,163.8537,9.6666
2359.2000,94.9500,6.0000,163.8537,9.6666
2359.3000,94.9500,6.0000,163.8537,9.6666
2359.4000,94.9500,6.0000,163.8537,9.6666
2359.5000,94.9500,6.0000,163.8537,9.6666
2359.6000,94.9500,6.0000,163.8537,9.6666
2359.7000,94.9500,6.0000,163.8537,9.6666
2359.8000,94.9500,6.0000,163.8537,9.6666
2359.9000,94.9500,6.0000,163.8537,9.6666
2360.0000,94.9500,6.0000,163.8537,9.6666
2360.1000,94.9500,6.0000,163.8537,9.6666
2360.2000,94.9500,6.0000,163.8537,9.6666
2360.3000,94.9500,6.0000,163.8537,9.6666
2360.4000,94.9500,6.0000,163.8537,9.6666
2360.5000,94.9500,6.0000,163.8537,9.6666
2360.6000,94.9500,6.0000,163.8537,9.6666
2360.7000,94.9500,6.0000,163.8537,9.6666
2360.8000,94.9500,6.0000,163.8537,9.6666
2360.9000,94.9500,6.0000,163.8537,9.6666
2361.0000,94.9500,6.0000,163.8537,9.6666
2361.1000,94.9500,6.0000,163.8537,9.6666
2361.2000,94.9500,6.0000,163.8537,9.6666
2361.3000,94.9500,6.0000,163.8537,9.6666
2361.4000,94.9500,6.0000,163.8537,9.6666
2361.5000,94.9500,6.0000,163.8537,9.6666
2361.6000,94.9500,6.0000,163.8537,9.6666
2361.7000,94.9500,6.0000,163.8537,9.6666
2361.8000,94.9500,6.0000,163.8537,9.6666
2361.9000,94.9500,6.0000,163.8537,9.6666
2362.0000,94.9500,6.0000,163.8537,9.6666
2362.1000,94.9500,6.0000,163.8537,9.6666
2362.2000,94.9500,6.0000,163.8537,9.6666
2362.3000,94.9500,6.0000,163.8537,9.6666
2362.4000,94.9500,6.0000,163.8537,9.6666
2362.5000,94.9500,6.0000,163.8537,9.6666
2362.6000,94.9500,6.0000,163.8537,9.6666
2362.7000,94.9500,6.0000,163.8537,9.6666
2362.8000,94.9500,6.0000,163.8537,9.6666
2362.9000,94.9500,6.0000,163.8537,9.6666
2363.0000,94.9500,6.0000,163.8537,9.6666
2363.1000,94.9500,6.0000,163.8537,9.6666
2363.2000,94.9500,6.0000,163.8537,9.6666
2363.3000,94.9500,6.0000,163.8537,9.6666
2363.4000,94.9500,6.0000,163.8537,9.6666
2363.5000,94.9500,6.0000,163.8537,9.6666
2363.6000,94.9500,6.0000,163.8537,9.6666
2363.7000,94.9500,6.0000,163.8537,9.6666
2363.8000,94.9500,6.0000,163.8537,9.6666
2363.9000,94.9500,6.0000,163.8537,9.6666
2364.0000,94.9500,6.0000,163.8537,9.6666
2364.1000,94.9500,6.0000,163.8537,9.6666
2364.2000,94.9500,6.0000,163.8537,9.6666
2364.3000,94.9500,6.0000,163.8537,9.6666
2364.4000,94.9500,6.0000,163.8537,9.6666
2364.5000,94.9500,6.0000,163.8537,9.6666
2364.6000,94.9500,6.0000,163.8537,9.6666
2364.7000,94.9500,6.0000,163.8537,9.6666
2364.8000,94.9500,6.0000,163.8537,9.6666
2364.9000,94.9500,6.0000,163.8537,9.6666
2365.0000,94.9500,6.0000,163.8537,9.6666
2365.1000,94.9500,6.0000,163.8537,9.6666
2365.2000,94.9500,6.0000,163.8537,9.6666
2365.3000,94.9500,6.0000,163.8537,9.6666
2365.4000,94.9500,6.0000,163.8537,9.6666
2365.5000,94.9500,6.0000,163.8537,9.6666
2365.6000,94.9500,6.0000,163.8537,9.6666
2365.7000,94.9500,6.0000,163.8537,9.6666
2365.8000,94.9500,6.0000,163.8537,9.6666
2365.9000,94.9500,6.0000,163.8537,9.6666
2366.0000,94.9500,6.0000,163.8537,9.6666
2366.1000,94.9500,6.0000,163.8537,9.6666
2366.2000,94.9500,6.0000,163.8537,9.6666
2366.3000,94.9500,6.0000,163.8537,9.6666
2366.4000,94.9500,6.0000,163.8537,9.6666
2366.5000,94.9500,6.0000,163.8537,9.6666
2366.6000,94.9500,6.0000,163.8537,9.6666
2366.7000,94.9500,6.0000,163.8537,9.6666
2366.8000,94.9500,6.0000,163.8537,9.6666
2366.9000,94.9500,6.0000,163.8537,9.6666
2367.0000,94.9500,6.0000,163.8537,9.6666
2367.1000,94.9500,6.0000,163.8537,9.6666
2367.2000,94.9500,6.0000,163.8537,9.6666
2367.3000,94.9500,6.0000,163.8537,9.6666
2367.4000,94.9500,6.0000,163.8537,9.6666
2367.5000,94.9500,6.0000,163.8537,9.6666
2367.6000,94.9500,6.0000,163.8537,9.6666
2367.7000,94.9500,6.0000,163.8537,9.6666
2367.8000,94.9500,6.0000,163.8537,9.6666
2367.9000,94.9500,6.0000,163.8537,9.6666
2368.0000,94.9500,6.0000,163.8537,9.6666
2368.1000,94.9500,6.0000,163.8537,9.6666
2368.2000,94.9500,6.0000,163.8537,9.6666
2368.3000,94.9500,6.0000,163.8537,9.6666
2368.4000,94.9500,6.0000,163.8537,9.6666
2368.5000,94.9500,6.0000,163.8537,9.6666
2368.6000,94.9500,6.0000,163.8537,9.6666
2368.7000,94.9500,6.0000,163.8537,9.6666
2368.8000,94.9500,6.0000,163.8537,9.6666
2368.9000,94.9500,6.0000,163.8537,9.6666
2369.0000,94.9500,6.0000,163.8537,9.6666
2369.1000,94.9500,6.0000,163.8537,9.6666
2369.2000,94.9500,6.0000,163.8537,9.6666
2369.3000,94.9500,6.0000,163.8537,9.6666
2369.4000,94.9500,6.0000,163.8537,9.6666
2369.5000,94.9500,6.0000,163.8537,9.6666
2369.6000,94.9500,6.0000,163.8537,9.6666
2369.7000,94.9500,6.0000,163.8537,9.6666
2369.8000,94.9500,6.0000,163.8537,9.6666
2369.9000,94.9500,6.0000,163.8537,9.6666
2370.0000,94.9500,6.0000,163.8537,9.6666
2370.1000,94.9500,6.0000,163.8537,9.6666
2370.2000,94.9500,6.0000,163.8537,9.6666
2370.3000,94.9500,6.0000,163.8537,9.6666
2370.4000,94.9500,6.0000,163.8537,9.6666
2370.5000,94.9500,6.0000,163.8537,9.6666
2370.6000,94.9500,6.0000,163.8537,9.6666
2370.7000,94.9500,6.0000,163.8537,9.6666
2370.8000,94.9500,6.0000,163.8537,9.6666
2370.9000,94.9500,6.0000,163.8537,9.6666
2371.0000,94.9500,6.0000,163.8537,9.6666
2371.1000,94.9500,6.0000,163.8537,9.6666
2371.2000,94.9500,6.0000,163.8537,9.6666
2371.3000,94.9500,6.0000,163.8537,9.6666
2371.4000,94.9500,6.0000,163.8537,9.6666
2371.5000,94.9500,6.0000,163.8537,9.6666
2371.6000,94.9500,6.0000,163.8537,9.6666
2371.7000,94.9500,6.0000,163.8537,9.6666
2371.8000,94.9500,6.0000,163.8537,9.6666
2371.9000,94.9500,6.0000,163.8537,9.6666
2372.0000,94.9500,6.0000,163.8537,9.6666
2372.1000,94.9500,6.0000,163.8537,9.6666
2372.2000,94.9500,6.0000,163.8537,9.6666
2372.3000,94.9500,6.0000,163.8537,9.6666
2372.4000,94.9500,6.0000,163.8537,9.6666
2372.5000,94.9500,6.0000,163.8537,9.6666
2372.6000,94.9500,6.0000,163.8537,9.6666
2372.7000,94.9500,6.0000,163.8537,9.6666
2372.8000,94.9500,6.0000,163.8537,9.6666
2372.9000,94.9500,6.0000,163.8537,9.6666
2373.0000,94.9500,6.0000,163.8537,9.6666
2373.1000,94.9500,6.0000,163.8537,9.6666
2373.2000,94.9500,6.0000,163.8537,9.6666
2373.3000,94.9500,6.0000,163.8537,9.6666
2373.4000,94.9500,6.0000,163.8537,9.6666
2373.5000,94.9500,6.0000,163.8537,9.6666
2373.6000,94.9500,6.0000,163.8537,9.6666
2373.7000,94.9500,6.0000,163.8537,9.6666
2373.8000,94.9500,6.0000,163.8537,9.6666
2373.9000,94.9500,6.0000,163.8537,9.6666
2374.0000,94.9500,6.0000,163.8537,9.6666
2374.1000,94.9500,6.0000,163.8537,9.6666
2374.2000,94.9500,6.0000,163.8537,9.6666
2374.3000,94.9500,6.0000,163.8537,9.6666
2374.4000,94.9500,6.0000,163.8537,9.6666
2374.5000,94.9500,6.0000,163.8537,9.6666
2374.6000,94.9500,6.0000,163.8537,9.6666
2374.7000,94.9500,6.0000,163.8537,9.6666
2374.8000,94.9500,6.0000,163.8537,9.6666
2374.9000,94.9500,6.0000,163.8537,9.6666
2375.0000,94.9500,6.0000,163.8537,9.6666
2375.1000,94.9500,6.0000,163.8537,9.6666
2375.2000,94.9500,6.0000,163.8537,9.6666
2375.3000,94.9500,6.0000,163.8537,9.6666
2375.4000,94.9500,6.0000,163.8537,9.6666
2375.5000,94.9500,6.0000,163.8537,9.6666
2375.6000,94.9500,6.0000,163.8537,9.6666
2375.7000,94.9500,6.0000,163.8537,9.6666
2375.8000,94.9500,6.0000,163.8537,9.6666
2375.9000,94.9500,6.0000,163.8537,9.6666
2376.0000,94.9500,6.0000,163.8537,9.6666
2376.1000,94.9500,6.0000,163.8537,9.6666
2376.2000,94.9500,6.0000,163.8537,9.6666
2376.3000,94.9500,6.0000,163.8537,9.6666
2376.4000,94.9500,6.0000,163.8537,9.6666
2376.5000,94.9500,6.0000,163.8537,9.6666
2376.6000,94.9500,6.0000,163.8537,9.6666
2376.7000,94.9500,6.0000,163.8537,9.6666
2376.8000,94.9500,6.0000,163.8537,9.6666
2376.9000,94.9500,6.0000,163.8537,9.6666
2377.0000,94.9500,6.0000,163.8537,9.6666
2377.1000,94.9500,6.0000,163.8537,9.6666
2377.2000,94.9500,6.0000,163.8537,9.6666
2377.3000,94.9500,6.0000,163.8537,9.6666
2377.4000,94.9500,6.0000,163.8537,9.6666
2377.5000,94.9500,6.0000,163.8537,9.6666
2377.6000,94.9500,6.0000,163.8537,9.6666
2377.7000,94.9500,6.0000,163.8537,9.6666
2377.8000,94.9500,6.0000,163.8537,9.6666
2377.9000,94.9500,6.0000,163.8537,9.6666
2378.0000,94.9500,6.0000,163.8537,9.6666
2378.1000,94.9500,6.0000,163.8537,9.6666
2378.2000,94.9500,6.0000,163.8537,9.6666
2378.3000,94.9500,6.0000,163.8537,9.6666
2378.4000,94.9500,6.0000,163.8537,9.6666
2378.5000,94.9500,6.0000,163.8537,9.6666
2378.6000,94.9500,6.0000,163.8537,9.6666
2378.7000,94.9500,6.0000,163.8537,9.6666
2378.8000,94.9500,6.0000,163.8537,9.6666
2378.9000,94.9500,6.0000,163.8537,9.6666
2379.0000,94.9500,6.0000,163.8537,9.6666
2379.1000,94.9500,6.0000,163.8537,9.6666
2379.2000,94.9500,6.0000,163.8537,9.6666
2379.3000,94.9500,6.0000,163.8537,9.6666
2379.4000,94.9500,6.0000,163.8537,9.6666
2379.5000,94.9500,6.0000,163.8537,9.6666
2379.6000,94.9500,6.0000,163.8537,9.6666
2379.7000,94.9500,6.0000,163.8537,9.6666
2379.8000,94.9500,6.0000,163.8537,9.6666
2379.9000,94.9500,6.0000,163.8537,9.6666
2380.0000,94.9500,6.0000,163.8537,9.6666
2380.1000,94.9500,6.0000,163.8537,9.6666
2380.2000,94.9500,6.0000,163.8537,9.6666
2380.3000,94.9500,6.0000,163.8537,9.6666
2380.4000,94.9500,6.0000,163.8537,9.6666
2380.5000,94.9500,6.0000,163.8537,9.6666
2380.6000,94.9500,6.0000,163.8537,9.6666
2380.7000,94.9500,6.0000,163.8537,9.6666
2380.8000,94.9500,6.0000,163.8537,9.6666
2380.9000,94.9500,6.0000,163.8537,9.6666
2381.0000,94.9500,6.0000,163.8537,9.6666
2381.1000,94.9500,6.0000,163.8537,9.6666
2381.2000,94.9500,6.0000,163.8537,9.6666
2381.3000,94.9500,6.0000,163.8537,9.6666
2381.4000,94.9500,6.0000,163.8537,9.6666
2381.5000,94.9500,6.0000,163.8537,9.6666
2381.6000,94.9500,6.0000,163.8537,9.6666
2381.7000,94.9500,6.0000,163.8537,9.6666
2381.8000,94.9500,6.0000,163.8537,9.6666
2381.9000,94.9500,6.0000,163.8537,9.6666
2382.0000,94.9500,6.0000,163.8537,9.6666
2382.1000,94.9500,6.0000,163.8537,9.6666
2382.2000,94.9500,6.0000,163.8537,9.6666
2382.3000,94.9500,6.0000,163.8537,9.6666
2382.4000,94.9500,6.0000,163.8537,9.6666
2382.5000,94.9500,6.0000,163.8537,9.6666
2382.6000,94.9500,6.0000,163.8537,9.6666
2382.7000,94.9500,6.0000,163.8537,9.6666
2382.8000,94.9500,6.0000,163.8537,9.6666
2382.9000,94.9500,6.0000,163.8537,9.6666
2383.0000,94.9500,6.0000,163.8537,9.6666
2383.1000,94.9500,6.0000,163.8537,9.6666
2383.2000,94.9500,6.0000,163.8537,9.6666
2383.3000,94.9500,6.0000,163.8537,9.6666
2383.4000,94.9500,6.0000,163.8537,9.6666
2383.5000,94.9500,6.0000,163.8537,9.6666
2383.6000,94.9500,6.0000,163.8537,9.6666
2383.7000,94.9500,6.0000,163.8537,9.6666
2383.8000,94.9500,6.0000,163.8537,9.6666
2383.9000,94.9500,6.0000,163.8537,9.6666
2384.0000,94.9500,6.0000,163.8537,9.6666
2384.1000,94.9500,6.0000,163.8537,9.6666
2384.2000,94.9500,6.0000,163.8537,9.6666
2384.3000,94.9500,6.0000,163.8537,9.6666
2384.4000,94.9500,6.0000,163.8537,9.6666
2384.5000,94.9500,6.0000,163.8537,9.6666
2384.6000,94.9500,6.0000,163.8537,9.6666
2384.7000,94.9500,6.0000,163.8537,9.6666
2384.8000,94.9500,6.0000,163.8537,9.6666
2384.9000,94.9500,6.0000,163.8537,9.6666
2385.0000,94.9500,6.0000,163.8537,9.6666
2385.1000,94.9500,6.0000,163.8537,9.6666
2385.2000,94.9500,6.0000,163.8537,9.6666
2385.3000,94.9500,6.0000,163.8537,9.6666
2385.4000,94.9500,6.0000,163.8537,9.6666
2385.5000,94.9500,6.0000,163.8537,9.6666
2385.6000,94.9500,6.0000,163.8537,9.6666
2385.7000,94.9500,6.0000,163.8537,9.6666
2385.8000,94.9500,6.0000,163.8537,9.6666
2385.9000,94.9500,6.0000,163.8537,9.6666
2386.0000,94.9500,6.0000,163.8537,9.6666
2386.1000,94.9500,6.0000,163.8537,9.6666
2386.2000,94.9500,6.0000,163.8537,9.6666
2386.3000,94.9500,6.0000,163.8537,9.6666
2386.4000,94.9500,6.0000,163.8537,9.6666
2386.5000,94.9500,6.0000,163.8537,9.6666
2386.6000,94.9500,6.0000,163.8537,9.6666
2386.7000,94.9500,6.0000,163.8537,9.6666
2386.8000,94.9500,6.0000,163.8537,9.6666
2386.9000,94.9500,6.0000,163.8537,9.6666
2387.0000,94.9500,6.0000,163.8537,9.6666
2387.1000,94.9500,6.0000,163.8537,9.6666
2387.2000,94.9500,6.0000,163.8537,9.6666
2387.3000,94.9500,6.0000,163.8537,9.6666
2387.4000,94.9500,6.0000,163.8537,9.6666
2387.5000,94.9500,6.0000,163.8537,9.6666
2387.6000,94.9500,6.0000,163.8537,9.6666
2387.7000,94.9500,6.0000,163.8537,9.6666
2387.8000,94.9500,6.0000,163.8537,9.6666
2387.9000,94.9500,6.0000,163.8537,9.6666
2388.0000,94.9500,6.0000,163.8537,9.6666
2388.1000,94.9500,6.0000,163.8537,9.6666
2388.2000,94.9500,6.0000,163.8537,9.6666
2388.3000,94.9500,6.0000,163.8537,9.6666
2388.4000,94.9500,6.0000,163.8537,9.6666
2388.5000,94.9500,6.0000,163.8537,9.6666
2388.6000,94.9500,6.0000,163.8537,9.6666
2388.7000,94.9500,6.0000,163.8537,9.6666
2388.8000,94.9500,6.0000,163.8537,9.6666
2388.9000,94.9500,6.0000,163.8537,9.6666
2389.0000,94.9500,6.0000,163.8537,9.6666
2389.1000,94.9500,6.0000,163.8537,9.6666
2389.2000,94.9500,6.0000,163.8537,9.6666
2389.3000,94.9500,6.0000,163.8537,9.6666
2389.4000,94.9500,6.0000,163.8537,9.6666
2389.5000,94.9500,6.0000,163.8537,9.6666
2389.6000,94.9500,6.0000,163.8537,9.6666
2389.7000,94.9500,6.0000,163.8537,9.6666
2389.8000,94.9500,6.0000,163.8537,9.6666
2389.9000,94.9500,6.0000,163.8537,9.6666
2390.0000,94.9500,6.0000,163.8537,9.6666
2390.1000,94.9500,6.0000,163.8537,9.6666
2390.2000,94.9500,6.0000,163.8537,9.6666
2390.3000,94.9500,6.0000,163.8537,9.6666
2390.4000,94.9500,6.0000,163.8537,9.6666
2390.5000,94.9500,6.0000,163.8537,9.6666
2390.6000,94.9500,6.0000,163.8537,9.6666
2390.7000,94.9500,6.0000,163.8537,9.6666
2390.8000,94.9500,6.0000,163.8537,9.6666
2390.9000,94.9500,6.0000,163.8537,9.6666
2391.0000,94.9500,6.0000,163.8537,9.6666
2391.1000,94.9500,6.0000,163.8537,9.6666
2391.2000,94.9500,6.0000,163.8537,9.6666
2391.3000,94.9500,6.0000,163.8537,9.6666
2391.4000,94.9500,6.0000,163.8537,9.6666
2391.5000,94.9500,6.0000,163.8537,9.6666
2391.6000,94.9500,6.0000,163.8537,9.6666
2391.7000,94.9500,6.0000,163.8537,9.6666
2391.8000,94.9500,6.0000,163.8537,9.6666
2391.9000,94.9500,6.0000,163.8537,9.6666
2392.0000,94.9500,6.0000,163.8537,9.6666
2392.1000,94.9500,6.0000,163.8537,9.6666
2392.2000,94.9500,6.0000,163.8537,9.6666
2392.3000,94.9500,6.0000,163.8537,9.6666
2392.4000,94.9500,6.0000,163.8537,9.6666
2392.5000,94.9500,6.0000,163.8537,9.6666
2392.6000,94.9500,6.0000,163.8537,9.6666
2392.7000,94.9500,6.0000,163.8537,9.6666
2392.8000,94.9500,6.0000,163.8537,9.6666
2392.9000,94.9500,6.0000,163.8537,9.6666
2393.0000,94.9500,6.0000,163.8537,9.6666
2393.1000,94.9500,6.0000,163.8537,9.6666
2393.2000,94.9500,6.0000,163.8537,9.6666
2393.3000,94.9500,6.0000,163.8537,9.6666
2393.4000,94.9500,6.0000,163.8537,9.6666
2393.5000,94.9500,6.0000,163.8537,9.6666
2393.6000,94.9500,6.0000,163.8537,9.6666
2393.7000,94.9500,6.0000,163.8537,9.6666
2393.8000,94.9500,6.0000,163.8537,9.6666
2393.9000,94.9500,6.0000,163.8537,9.6666
2394.0000,94.9500,6.0000,163.8537,9.6666
2394.1000,94.9500,6.0000,163.8537,9.6666
2394.2000,94.9500,6.0000,163.8537,9.6666
2394.3000,94.9500,6.0000,163.8537,9.6666
2394.4000,94.9500,6.0000,163.8537,9.6666
2394.5000,94.9500,6.0000,163.8537,9.6666
2394.6000,94.9500,6.0000,163.8537,9.6666
2394.7000,94.9500,6.0000,163.8537,9.6666
2394.8000,94.9500,6.0000,163.8537,9.6666
2394.9000,94.9500,6.0000,163.8537,9.6666
2395.0000,94.9500,6.0000,163.8537,9.6666
2395.1000,94.9500,6.0000,163.8537,9.6666
2395.2000,94.9500,6.0000,163.8537,9.6666
2395.3000,94.9500,6.0000,163.8537,9.6666
2395.4000,94.9500,6.0000,163.8537,9.6666
2395.5000,94.9500,6.0000,163.8537,9.6666
2395.6000,94.9500,6.0000,163.8537,9.6666
2395.7000,94.9500,6.0000,163.8537,9.6666
2395.8000,94.9500,6.0000,163.8537,9.6666
2395.9000,94.9500,6.0000,163.8537,9.6666
2396.0000,94.9500,6.0000,163.8537,9.6666
2396.1000,94.9500,6.0000,163.8537,9.6666
2396.2000,94.9500,6.0000,163.8537,9.6666
2396.3000,94.9500,6.0000,163.8537,9.6666
2396.4000,94.9500,6.0000,163.8537,9.6666
2396.5000,94.9500,6.0000,163.8537,9.6666
2396.6000,94.9500,6.0000,163.8537,9.6666
2396.7000,94.9500,6.0000,163.8537,9.6666
2396.8000,94.9500,6.0000,163.8537,9.6666
2396.9000,94.9500,6.0000,163.8537,9.6666
2397.0000,94.9500,6.0000,163.8537,9.6666
2397.1000,94.9500,6.0000,163.8537,9.6666
2397.2000,94.9500,6.0000,163.8537,9.6666
2397.3000,94.9500,6.0000,163.8537,9.6666
2397.4000,94.9500,6.0000,163.8537,9.6666
2397.5000,94.9500,6.0000,163.8537,9.6666
2397.6000,94.9500,6.0000,163.8537,9.6666
2397.7000,94.9500,6.0000,163.8537,9.6666
2397.8000,94.9500,6.0000,163.8537,9.6666
2397.9000,94.9500,6.0000,163.8537,9.6666
2398.0000,94.9500,6.0000,163.8537,9.6666
2398.1000,94.9500,6.0000,163.8537,9.6666
2398.2000,94.9500,6.0000,163.8537,9.6666
2398.3000,94.9500,6.0000,163.8537,9.6666
2398.4000,94.9500,6.0000,163.8537,9.6666
2398.5000,94.9500,6.0000,163.8537,9.6666
2398.6000,94.9500,6.0000,163.8537,9.6666
2398.7000,94.9500,6.0000,163.8537,9.6666
2398.8000,94.9500,6.0000,163.8537,9.6666
2398.9000,94.9500,6.0000,163.8537,9.6666
2399.0000,94.9500,6.0000,163.8537,9.6666
2399.1000,94.9500,6.0000,163.8537,9.6666
2399.2000,94.9500,6.0000,163.8537,9.6666
2399.3000,94.9500,6.0000,163.8537,9.6666
2399.4000,94.9500,6.0000,163.8537,9.6666
2399.5000,94.9500,6.0000,163.8537,9.6666
2399.6000,94.9500,6.0000,163.8537,9.6666
2399.7000,94.9500,6.0000,163.8537,9.6666
2399.8000,94.9500,6.0000,163.8537,9.6666
2399.9000,94.9500,6.0000,163.8537,9.6666
