t_s,v_kmh,grade_pct,P_wheel_kW,fuel_g_per_s
4800.0000,90.2611,-0.3970,40.3387,3.1452
4800.1000,90.2434,-0.3965,39.1531,3.0800
4800.2000,90.2246,-0.3961,39.2756,3.0864
4800.3000,90.2075,-0.3957,39.8619,3.1183
4800.4000,90.1913,-0.3953,40.4065,3.1479
4800.5000,90.1765,-0.3950,40.7115,3.1644
4800.6000,90.1616,-0.3947,40.4034,3.1473
4800.7000,90.1456,-0.3945,38.6249,3.0495
4800.8000,90.1233,-0.3943,35.9327,2.9009
4800.9000,90.0962,-0.3941,33.1957,2.7490
4801.0000,90.0625,-0.3939,30.0724,2.5747
4801.1000,90.0225,-0.3938,27.2794,2.4178
4801.2000,89.9773,-0.3938,25.8375,2.3362
4801.3000,89.9314,-0.3938,25.5580,2.3198
4801.4000,89.8853,-0.3938,25.8005,2.3328
4801.5000,89.8406,-0.3938,26.8793,2.3928
4801.6000,89.7993,-0.3939,27.8446,2.4463
4801.7000,89.7589,-0.3940,28.1958,2.4654
4801.8000,89.7192,-0.3942,28.3556,2.4738
4801.9000,89.6797,-0.3944,28.3548,2.4732
4802.0000,89.6402,-0.3946,28.6449,2.4889
4802.1000,89.6021,-0.3949,29.6543,2.5447
4802.2000,89.5671,-0.3952,31.2463,2.6330
4802.3000,89.5360,-0.3955,32.4772,2.7010
4802.4000,89.5063,-0.3959,33.1946,2.7404
4802.5000,89.4784,-0.3963,33.9101,2.7796
4802.6000,89.4519,-0.3967,34.3696,2.8047
4802.7000,89.4261,-0.3972,34.4571,2.8092
4802.8000,89.4002,-0.3977,34.9607,2.8367
4802.9000,89.3766,-0.3983,35.8534,2.8856
4803.0000,89.3547,-0.3989,36.3026,2.9101
4803.1000,89.3332,-0.3995,36.5011,2.9207
4803.2000,89.3122,-0.4001,36.3353,2.9113
4803.3000,89.2901,-0.4008,35.7202,2.8770
4803.4000,89.2668,-0.4015,35.4622,2.8624
4803.5000,89.2438,-0.4023,35.4282,2.8602
4803.6000,89.2204,-0.4031,35.6136,2.8701
4803.7000,89.1984,-0.4039,36.6895,2.9291
4803.8000,89.1798,-0.4048,38.1730,3.0105
4803.9000,89.1642,-0.4056,39.1320,3.0629
4804.0000,89.1498,-0.4066,39.9796,3.1092
4804.1000,89.1379,-0.4075,40.8377,3.1560
4804.2000,89.1273,-0.4085,40.9905,3.1642
4804.3000,89.1162,-0.4095,41.2813,3.1799
4804.4000,89.1069,-0.4106,42.0981,3.2244
4804.5000,89.0994,-0.4116,43.0355,3.2753
4804.6000,89.0942,-0.4128,44.3228,3.3453
4804.7000,89.0923,-0.4139,46.3356,3.4544
4804.8000,89.0957,-0.4151,48.3332,3.5624
4804.9000,89.1023,-0.4163,50.0606,3.6555
4805.0000,89.1131,-0.4175,51.8638,3.7525
4805.1000,89.1273,-0.4188,53.1909,3.8268
4805.2000,89.1437,-0.4201,54.2523,3.8875
4805.3000,89.1625,-0.4214,55.4629,3.9567
4805.4000,89.1840,-0.4228,56.6849,4.0266
4805.5000,89.2079,-0.4242,57.7461,4.0874
4805.6000,89.2338,-0.4256,58.4373,4.1272
4805.7000,89.2605,-0.4271,58.3598,4.1231
4805.8000,89.2861,-0.4286,57.2162,4.0583
4805.9000,89.3079,-0.4301,55.3876,3.9544
4806.0000,89.3257,-0.4316,53.8931,3.8695
4806.1000,89.3412,-0.4332,53.3829,3.8407
4806.2000,89.3568,-0.4348,53.3181,3.8372
4806.3000,89.3721,-0.4364,53.5929,3.8531
4806.4000,89.3889,-0.4381,54.0791,3.8810
4806.5000,89.4062,-0.4398,54.5395,3.9075
4806.6000,89.4249,-0.4415,54.9942,3.9336
4806.7000,89.4442,-0.4433,55.5801,3.9673
4806.8000,89.4654,-0.4450,56.5738,4.0242
4806.9000,89.4888,-0.4468,57.7414,4.0910
4807.0000,89.5149,-0.4487,58.4917,4.1341
4807.1000,89.5415,-0.4505,57.9502,4.1036
4807.2000,89.5652,-0.4524,56.2197,4.0054
4807.3000,89.5845,-0.4543,54.2726,3.8947
4807.4000,89.6001,-0.4562,52.5264,3.7955
4807.5000,89.6120,-0.4582,50.9203,3.7095
4807.6000,89.6209,-0.4602,49.9352,3.6567
4807.7000,89.6287,-0.4622,49.9439,3.6573
4807.8000,89.6377,-0.4643,50.1494,3.6685
4807.9000,89.6465,-0.4663,50.3705,3.6805
4808.0000,89.6565,-0.4684,50.6062,3.6933
4808.1000,89.6664,-0.4705,51.0644,3.7181
4808.2000,89.6784,-0.4727,51.8617,3.7610
4808.3000,89.6917,-0.4748,53.0071,3.8241
4808.4000,89.7086,-0.4770,53.8773,3.8739
4808.5000,89.7256,-0.4792,53.5678,3.8565
4808.6000,89.7413,-0.4815,52.5931,3.8012
4808.7000,89.7542,-0.4837,51.2041,3.7269
4808.8000,89.7641,-0.4860,49.3164,3.6255
4808.9000,89.7692,-0.4883,47.7945,3.5435
4809.0000,89.7729,-0.4906,46.8269,3.4912
4809.1000,89.7740,-0.4930,45.4171,3.4149
4809.2000,89.7719,-0.4953,44.0205,3.3389
4809.3000,89.7673,-0.4977,42.7725,3.2709
4809.4000,89.7601,-0.5001,41.4409,3.1981
4809.5000,89.7502,-0.5025,40.6729,3.1560
4809.6000,89.7400,-0.5050,40.5399,3.1485
4809.7000,89.7297,-0.5075,40.0377,3.1209
4809.8000,89.7176,-0.5099,39.2850,3.0794
4809.9000,89.7044,-0.5124,38.5641,3.0397
4810.0000,89.6895,-0.5150,37.9869,3.0077
4810.1000,89.6741,-0.5175,37.8521,3.0001
4810.2000,89.6589,-0.5201,37.9392,3.0047
4810.3000,89.6441,-0.5226,38.4066,3.0301
4810.4000,89.6311,-0.5252,39.3369,3.0810
4810.5000,89.6205,-0.5278,40.1417,3.1250
4810.6000,89.6112,-0.5304,40.6815,3.1544
4810.7000,89.6031,-0.5331,43.4963,3.3079
4810.8000,89.6058,-0.5357,48.2766,3.5671
4810.9000,89.6180,-0.5384,52.5862,3.7991
4811.0000,89.6390,-0.5411,56.6495,4.0309
4811.1000,89.6684,-0.5438,60.6529,4.2594
4811.2000,89.7063,-0.5465,62.6475,4.3736
4811.3000,89.7440,-0.5492,62.6062,4.3717
4811.4000,89.7816,-0.5520,62.5648,4.3699
4811.5000,89.8191,-0.5548,62.5230,4.3680
4811.6000,89.8565,-0.5575,62.4811,4.3662
4811.7000,89.8937,-0.5603,62.4390,4.3643
4811.8000,89.9309,-0.5631,62.3966,4.3624
4811.9000,89.9679,-0.5660,62.3540,4.3605
4812.0000,90.0048,-0.5688,62.3113,4.3586
4812.1000,90.0416,-0.5716,62.2683,4.3566
4812.2000,90.0783,-0.5745,62.2252,4.3547
4812.3000,90.1149,-0.5774,62.1819,4.3527
4812.4000,90.1513,-0.5802,62.1384,4.3508
4812.5000,90.1877,-0.5831,62.0947,4.3488
4812.6000,90.2239,-0.5860,62.0509,4.3468
4812.7000,90.2600,-0.5890,62.0069,4.3448
4812.8000,90.2960,-0.5919,61.9627,4.3428
4812.9000,90.3319,-0.5948,61.9184,4.3408
4813.0000,90.3677,-0.5978,61.8739,4.3388
4813.1000,90.4034,-0.6007,61.8293,4.3367
4813.2000,90.4390,-0.6037,61.7845,4.3347
4813.3000,90.4744,-0.6067,61.7396,4.3326
4813.4000,90.5098,-0.6097,61.6946,4.3305
4813.5000,90.5450,-0.6126,61.6495,4.3285
4813.6000,90.5802,-0.6156,61.6043,4.3264
4813.7000,90.6152,-0.6187,61.5589,4.3243
4813.8000,90.6501,-0.6217,61.5134,4.3222
4813.9000,90.6849,-0.6247,61.4679,4.3201
4814.0000,90.7196,-0.6277,61.4222,4.3180
4814.1000,90.7543,-0.6307,61.3765,4.3159
4814.2000,90.7888,-0.6338,61.3306,4.3137
4814.3000,90.8232,-0.6368,61.2847,4.3116
4814.4000,90.8574,-0.6399,61.2387,4.3095
4814.5000,90.8916,-0.6429,61.1927,4.3073
4814.6000,90.9257,-0.6460,61.1466,4.3052
4814.7000,90.9597,-0.6490,61.1004,4.3030
4814.8000,90.9936,-0.6521,61.0542,4.3009
4814.9000,91.0274,-0.6552,61.0079,4.2987
4815.0000,91.0610,-0.6582,60.9616,4.2966
4815.1000,91.0946,-0.6613,60.9153,4.2944
4815.2000,91.1281,-0.6644,60.8689,4.2922
4815.3000,91.1615,-0.6675,60.8225,4.2901
4815.4000,91.1948,-0.6705,60.7761,4.2879
4815.5000,91.2279,-0.6736,60.7297,4.2857
4815.6000,91.2610,-0.6767,60.6833,4.2836
4815.7000,91.2940,-0.6798,60.6369,4.2814
4815.8000,91.3269,-0.6829,60.5905,4.2792
4815.9000,91.3597,-0.6859,60.5441,4.2770
4816.0000,91.3923,-0.6890,60.4977,4.2749
4816.1000,91.4249,-0.6921,60.4514,4.2727
4816.2000,91.4574,-0.6952,60.4051,4.2705
4816.3000,91.4898,-0.6982,60.3588,4.2683
4816.4000,91.5221,-0.7013,60.3125,4.2662
4816.5000,91.5543,-0.7044,60.2663,4.2640
4816.6000,91.5865,-0.7074,60.2202,4.2618
4816.7000,91.6185,-0.7105,60.1741,4.2597
4816.8000,91.6504,-0.7136,60.1281,4.2575
4816.9000,91.6822,-0.7166,60.0822,4.2553
4817.0000,91.7140,-0.7197,60.0363,4.2532
4817.1000,91.7456,-0.7227,59.9905,4.2510
4817.2000,91.7772,-0.7258,59.9448,4.2489
4817.3000,91.8086,-0.7288,59.8992,4.2467
4817.4000,91.8400,-0.7318,59.8538,4.2446
4817.5000,91.8713,-0.7348,59.8084,4.2424
4817.6000,91.9025,-0.7379,59.7631,4.2403
4817.7000,91.9336,-0.7409,59.7179,4.2382
4817.8000,91.9646,-0.7439,59.6729,4.2361
4817.9000,91.9955,-0.7469,59.6280,4.2340
4818.0000,92.0263,-0.7498,59.5832,4.2318
4818.1000,92.0570,-0.7528,59.5386,4.2297
4818.2000,92.0877,-0.7558,59.4941,4.2277
4818.3000,92.1183,-0.7587,59.4498,4.2256
4818.4000,92.1487,-0.7617,59.4056,4.2235
4818.5000,92.1791,-0.7646,59.3616,4.2214
4818.6000,92.2094,-0.7676,59.3178,4.2194
4818.7000,92.2396,-0.7705,59.2741,4.2173
4818.8000,92.2697,-0.7734,59.2306,4.2153
4818.9000,92.2998,-0.7763,59.1874,4.2132
4819.0000,92.3297,-0.7792,59.1443,4.2112
4819.1000,92.3596,-0.7820,59.1014,4.2092
4819.2000,92.3894,-0.7849,59.0587,4.2072
4819.3000,92.4191,-0.7878,59.0162,4.2052
4819.4000,92.4487,-0.7906,58.9739,4.2032
4819.5000,92.4782,-0.7934,58.9319,4.2013
4819.6000,92.5076,-0.7962,58.8901,4.1993
4819.7000,92.5370,-0.7990,58.8485,4.1974
4819.8000,92.5663,-0.8018,58.8071,4.1954
4819.9000,92.5955,-0.8046,58.7660,4.1935
4820.0000,92.6246,-0.8073,58.7252,4.1916
4820.1000,92.6536,-0.8101,58.6845,4.1897
4820.2000,92.6826,-0.8128,58.6442,4.1878
4820.3000,92.7114,-0.8155,58.6041,4.1860
4820.4000,92.7402,-0.8182,58.5643,4.1841
4820.5000,92.7689,-0.8208,58.5248,4.1823
4820.6000,92.7975,-0.8235,59.7858,4.2546
4820.7000,92.8314,-0.8261,62.3508,4.4014
4820.8000,92.8704,-0.8288,64.9141,4.5482
4820.9000,92.9146,-0.8314,67.4762,4.6950
4821.0000,92.9639,-0.8340,70.0375,4.8419
4821.1000,93.0183,-0.8365,71.2950,4.9144
4821.2000,93.0725,-0.8391,71.2439,4.9123
4821.3000,93.1265,-0.8416,71.1931,4.9102
4821.4000,93.1803,-0.8441,71.1426,4.9082
4821.5000,93.2340,-0.8466,71.0924,4.9061
4821.6000,93.2874,-0.8491,71.0425,4.9041
4821.7000,93.3406,-0.8516,70.9930,4.9020
4821.8000,93.3936,-0.8540,70.9437,4.9000
4821.9000,93.4464,-0.8564,70.8947,4.8980
4822.0000,93.4990,-0.8588,70.8461,4.8961
4822.1000,93.5514,-0.8612,70.7978,4.8941
4822.2000,93.6037,-0.8636,70.7498,4.8921
4822.3000,93.6557,-0.8659,70.7022,4.8902
4822.4000,93.7075,-0.8682,70.6549,4.8883
4822.5000,93.7591,-0.8705,70.6080,4.8864
4822.6000,93.8106,-0.8728,70.5615,4.8845
4822.7000,93.8618,-0.8750,70.5153,4.8827
4822.8000,93.9129,-0.8773,70.4694,4.8808
4822.9000,93.9638,-0.8795,70.4240,4.8790
4823.0000,94.0144,-0.8817,70.3789,4.8772
4823.1000,94.0649,-0.8838,70.3342,4.8754
4823.2000,94.1152,-0.8860,70.2444,4.8711
4823.3000,94.1651,-0.8881,70.1548,4.8667
4823.4000,94.2149,-0.8902,70.1112,4.8650
4823.5000,94.2644,-0.8922,70.0560,4.8626
4823.6000,94.3138,-0.8943,70.0011,4.8602
4823.7000,94.3629,-0.8963,69.8200,4.8506
4823.8000,94.4113,-0.8983,69.2244,4.8174
4823.9000,94.4579,-0.9002,68.5123,4.7775
4824.0000,94.5032,-0.9022,67.3580,4.7123
4824.1000,94.5450,-0.9041,65.1256,4.5855
4824.2000,94.5813,-0.9060,62.4245,4.4318
4824.3000,94.6122,-0.9078,59.8177,4.2835
4824.4000,94.6380,-0.9097,56.9457,4.1199
4824.5000,94.6574,-0.9115,54.0304,3.9570
4824.6000,94.6716,-0.9132,51.7937,3.8368
4824.7000,94.6821,-0.9150,50.1424,3.7478
4824.8000,94.6897,-0.9167,48.4825,3.6580
4824.9000,94.6937,-0.9184,47.2919,3.5935
4825.0000,94.6967,-0.9201,46.9549,3.5752
4825.1000,94.6994,-0.9217,46.9245,3.5736
4825.2000,94.7024,-0.9233,46.6770,3.5602
4825.3000,94.7042,-0.9249,46.3284,3.5412
4825.4000,94.7059,-0.9265,45.6187,3.5026
4825.5000,94.7049,-0.9280,44.5807,3.4460
4825.6000,94.7026,-0.9295,43.8623,3.4067
4825.7000,94.6989,-0.9309,43.8527,3.4061
4825.8000,94.6966,-0.9324,44.8431,3.4602
4825.9000,94.6970,-0.9338,46.7159,3.5622
4826.0000,94.7023,-0.9352,49.4020,3.7081
4826.1000,94.7135,-0.9365,51.6773,3.8312
4826.2000,94.7279,-0.9378,53.0191,3.9038
4826.3000,94.7444,-0.9391,53.9814,3.9558
4826.4000,94.7626,-0.9404,54.2856,3.9724
4826.5000,94.7803,-0.9416,53.5071,3.9309
4826.6000,94.7954,-0.9428,52.9682,3.9021
4826.7000,94.8109,-0.9440,52.6766,3.8867
4826.8000,94.8248,-0.9451,51.6659,3.8325
4826.9000,94.8363,-0.9462,50.3091,3.7594
4827.0000,94.8448,-0.9473,49.1736,3.6980
4827.1000,94.8518,-0.9484,47.9417,3.6313
4827.2000,94.8555,-0.9494,46.7674,3.5676
4827.3000,94.8579,-0.9504,46.4417,3.5499
4827.4000,94.8603,-0.9513,45.9079,3.5209
4827.5000,94.8606,-0.9522,44.8736,3.4645
4827.6000,94.8589,-0.9531,43.8929,3.4109
4827.7000,94.8554,-0.9540,43.2910,3.3779
4827.8000,94.8514,-0.9548,42.8618,3.3543
4827.9000,94.8462,-0.9556,43.1482,3.3699
4828.0000,94.8435,-0.9564,43.8758,3.4097
4828.1000,94.8413,-0.9571,44.3569,3.4359
4828.2000,94.8405,-0.9579,45.4018,3.4930
4828.3000,94.8425,-0.9585,46.9211,3.5757
4828.4000,94.8479,-0.9592,48.6293,3.6686
4828.5000,94.8567,-0.9598,50.7366,3.7828
4828.6000,94.8704,-0.9604,53.3362,3.9232
4828.7000,94.8895,-0.9609,54.9511,4.0102
4828.8000,94.9096,-0.9615,55.3101,4.0307
4828.9000,94.9300,-0.9620,55.0025,4.0137
4829.0000,94.9487,-0.9624,53.6039,3.9389
4829.1000,94.9636,-0.9629,51.4560,3.8234
4829.2000,94.9737,-0.9633,49.1044,3.6964
4829.3000,94.9791,-0.9636,46.8535,3.5743
4829.4000,94.9803,-0.9640,44.9794,3.4722
4829.5000,94.9783,-0.9643,43.8648,3.4112
4829.6000,94.9751,-0.9646,43.1450,3.3718
4829.7000,94.9703,-0.9648,42.4454,3.3334
4829.8000,94.9643,-0.9650,41.9495,3.3061
4829.9000,94.9576,-0.9652,41.7737,3.2963
4830.0000,94.9509,-0.9654,42.0809,3.3131
4830.1000,94.9455,-0.9655,42.9584,3.3611
4830.2000,94.9424,-0.9656,43.8081,3.4076
4830.3000,94.9403,-0.9657,44.1071,3.4239
4830.4000,94.9384,-0.9657,44.0662,3.4216
4830.5000,94.9362,-0.9657,43.5206,3.3917
4830.6000,94.9322,-0.9657,43.0333,3.3650
4830.7000,94.9280,-0.9657,43.8109,3.4075
4830.8000,94.9271,-0.9656,45.2925,3.4884
4830.9000,94.9289,-0.9655,46.7316,3.5668
4831.0000,94.9337,-0.9653,48.0361,3.6378
4831.1000,94.9406,-0.9652,48.2605,3.6501
4831.2000,94.9462,-0.9650,47.3324,3.5998
4831.3000,94.9494,-0.9648,45.9272,3.5234
4831.4000,94.9494,-0.9645,44.5352,3.4474
4831.5000,94.9470,-0.9642,43.7137,3.4025
4831.6000,94.9437,-0.9639,43.2989,3.3797
4831.7000,94.9397,-0.9636,43.3040,3.3799
4831.8000,94.9364,-0.9632,43.9156,3.4133
4831.9000,94.9348,-0.9628,44.0681,3.4217
4832.0000,94.9322,-0.9624,43.8218,3.4081
4832.1000,94.9296,-0.9619,43.5266,3.3920
4832.2000,94.9257,-0.9615,42.8350,3.3540
4832.3000,94.9204,-0.9610,42.0197,3.3092
4832.4000,94.9133,-0.9604,41.7622,3.2950
4832.5000,94.9069,-0.9599,41.5932,3.2856
4832.6000,94.8991,-0.9593,42.0137,3.3086
4832.7000,94.8944,-0.9587,43.2693,3.3773
4832.8000,94.8916,-0.9580,44.7621,3.4589
4832.9000,94.8928,-0.9574,46.8895,3.5748
4833.0000,94.8984,-0.9567,49.0087,3.6900
4833.1000,94.9080,-0.9560,50.7260,3.7831
4833.2000,94.9203,-0.9552,52.1345,3.8593
4833.3000,94.9354,-0.9545,52.4507,3.8766
4833.4000,94.9488,-0.9537,51.1679,3.8076
4833.5000,94.9586,-0.9528,49.3015,3.7068
4833.6000,94.9646,-0.9520,47.1281,3.5890
4833.7000,94.9656,-0.9511,44.9184,3.4686
4833.8000,94.9627,-0.9502,43.9252,3.4143
4833.9000,94.9598,-0.9493,44.2082,3.4297
4834.0000,94.9580,-0.9484,45.1374,3.4804
4834.1000,94.9587,-0.9474,46.0271,3.5289
4834.2000,94.9603,-0.9464,47.0643,3.5854
4834.3000,94.9651,-0.9454,48.1083,3.6422
4834.4000,94.9707,-0.9444,48.1775,3.6461
4834.5000,94.9757,-0.9433,47.5754,3.6135
4834.6000,94.9789,-0.9423,47.4534,3.6069
4834.7000,94.9832,-0.9412,47.3167,3.5995
4834.8000,94.9858,-0.9400,46.2478,3.5414
4834.9000,94.9858,-0.9389,45.2001,3.4843
4835.0000,94.9841,-0.9377,44.7222,3.4582
4835.1000,94.9821,-0.9366,44.3084,3.4355
4835.2000,94.9787,-0.9354,44.0983,3.4240
4835.3000,94.9759,-0.9341,44.3540,3.4379
4835.4000,94.9734,-0.9329,44.4582,3.4436
4835.5000,94.9709,-0.9316,44.0959,3.4238
4835.6000,94.9669,-0.9303,43.6616,3.3999
4835.7000,94.9626,-0.9290,42.7680,3.3509
4835.8000,94.9550,-0.9277,41.4220,3.2770
4835.9000,94.9453,-0.9264,40.4876,3.2255
4836.0000,94.9340,-0.9250,40.0690,3.2023
4836.1000,94.9226,-0.9236,39.6704,3.1801
4836.2000,94.9096,-0.9222,39.7914,3.1866
4836.3000,94.8987,-0.9208,40.3748,3.2185
4836.4000,94.8880,-0.9194,40.6675,3.2345
4836.5000,94.8782,-0.9179,41.0047,3.2528
4836.6000,94.8688,-0.9165,41.1133,3.2587
4836.7000,94.8594,-0.9150,40.7552,3.2388
4836.8000,94.8486,-0.9135,40.5948,3.2298
4836.9000,94.8385,-0.9120,41.1097,3.2580
4837.0000,94.8296,-0.9105,41.2968,3.2681
4837.1000,94.8202,-0.9089,41.4090,3.2741
4837.2000,94.8117,-0.9074,41.6438,3.2869
4837.3000,94.8032,-0.9058,41.5768,3.2831
4837.4000,94.7944,-0.9043,41.6506,3.2870
4837.5000,94.7861,-0.9027,42.0815,3.3105
4837.6000,94.7790,-0.9011,42.4806,3.3323
4837.7000,94.7722,-0.8994,42.5521,3.3361
4837.8000,94.7653,-0.8978,42.3349,3.3241
4837.9000,94.7576,-0.8962,41.3410,3.2694
4838.0000,94.7467,-0.8945,39.8465,3.1870
4838.1000,94.7330,-0.8928,39.0942,3.1454
4838.2000,94.7190,-0.8912,39.3630,3.1600
4838.3000,94.7063,-0.8895,40.3496,3.2141
4838.4000,94.6962,-0.8878,42.6139,3.3382
4838.5000,94.6925,-0.8861,45.4207,3.4916
4838.6000,94.6935,-0.8844,46.8012,3.5668
4838.7000,94.6952,-0.8826,46.8747,3.5708
4838.8000,94.6964,-0.8809,46.6703,3.5597
4838.9000,94.6971,-0.8792,45.7086,3.5074
4839.0000,94.6943,-0.8774,44.8011,3.4578
4839.1000,94.6913,-0.8757,44.5585,3.4445
4839.2000,94.6875,-0.8739,44.6063,3.4471
4839.3000,94.6846,-0.8721,44.6641,3.4502
4839.4000,94.6809,-0.8703,44.3077,3.4307
4839.5000,94.6765,-0.8686,44.0608,3.4171
4839.6000,94.6716,-0.8668,44.3282,3.4316
4839.7000,94.6682,-0.8650,44.6388,3.4485
4839.8000,94.6645,-0.8632,44.5824,3.4454
4839.9000,94.6608,-0.8614,44.3903,3.4349
4840.0000,94.6562,-0.8596,43.8307,3.4042
4840.1000,94.6501,-0.8577,43.2800,3.3740
4840.2000,94.6433,-0.8559,42.4923,3.3307
4840.3000,94.6340,-0.8541,41.7697,3.2910
4840.4000,94.6242,-0.8523,41.9137,3.2987
4840.5000,94.6154,-0.8505,42.3100,3.3203
4840.6000,94.6071,-0.8486,42.1622,3.3121
4840.7000,94.5976,-0.8468,42.4263,3.3264
4840.8000,94.5904,-0.8450,43.3290,3.3757
4840.9000,94.5844,-0.8432,43.6958,3.3957
4841.0000,94.5785,-0.8413,43.1396,3.3652
4841.1000,94.5702,-0.8395,42.7125,3.3416
4841.2000,94.5625,-0.8377,42.4306,3.3261
4841.3000,94.5530,-0.8358,42.1346,3.3097
4841.4000,94.5441,-0.8340,42.6492,3.3378
4841.5000,94.5366,-0.8322,43.9580,3.4092
4841.6000,94.5328,-0.8304,45.4575,3.4910
4841.7000,94.5312,-0.8285,46.4389,3.5445
4841.8000,94.5312,-0.8267,47.2563,3.5889
4841.9000,94.5327,-0.8249,47.9171,3.6248
4842.0000,94.5352,-0.8231,47.6379,3.6097
4842.1000,94.5355,-0.8213,46.6368,3.5553
4842.2000,94.5339,-0.8195,45.9631,3.5186
4842.3000,94.5313,-0.8177,44.5204,3.4399
4842.4000,94.5239,-0.8159,42.2032,3.3130
4842.5000,94.5120,-0.8141,40.5957,3.2246
4842.6000,94.4980,-0.8123,39.3806,3.1575
4842.7000,94.4813,-0.8105,37.8478,3.0726
4842.8000,94.4612,-0.8088,36.4861,2.9970
4842.9000,94.4389,-0.8070,35.1007,2.9199
4843.0000,94.4133,-0.8053,33.5285,2.8321
4843.1000,94.3848,-0.8035,32.2284,2.7592
4843.2000,94.3540,-0.8018,31.2372,2.7034
4843.3000,94.3216,-0.8001,30.2675,2.6487
4843.4000,94.2869,-0.7983,29.7988,2.6219
4843.5000,94.2527,-0.7966,29.6798,2.6147
4843.6000,94.2176,-0.7949,28.9252,2.5719
4843.7000,94.1804,-0.7932,28.6164,2.5540
4843.8000,94.1442,-0.7916,29.2231,2.5875
4843.9000,94.1095,-0.7899,29.8925,2.6244
4844.0000,94.0760,-0.7882,30.7904,2.6742
4844.1000,94.0450,-0.7866,32.5490,2.7719
4844.2000,94.0186,-0.7850,34.3411,2.8712
4844.3000,93.9948,-0.7833,35.8774,2.9561
4844.4000,93.9746,-0.7817,37.2699,3.0328
4844.5000,93.9564,-0.7801,38.0177,3.0738
4844.6000,93.9392,-0.7786,38.8139,3.1175
4844.7000,93.9242,-0.7770,39.4117,3.1502
4844.8000,93.9094,-0.7755,39.4722,3.1533
4844.9000,93.8946,-0.7739,39.8233,3.1724
4845.0000,93.8812,-0.7724,40.1883,3.1922
4845.1000,93.8678,-0.7709,40.2637,3.1962
4845.2000,93.8547,-0.7694,41.1655,3.2455
4845.3000,93.8449,-0.7679,42.9906,3.3454
4845.4000,93.8391,-0.7665,44.6162,3.4341
4845.5000,93.8358,-0.7650,46.5833,3.5412
4845.6000,93.8378,-0.7636,49.1289,3.6793
4845.7000,93.8446,-0.7622,50.8462,3.7722
4845.8000,93.8534,-0.7608,51.4334,3.8040
4845.9000,93.8625,-0.7594,51.9633,3.8327
4846.0000,93.8732,-0.7581,52.0528,3.8377
4846.1000,93.8825,-0.7567,50.7010,3.7650
4846.2000,93.8876,-0.7554,48.7996,3.6622
4846.3000,93.8891,-0.7541,47.3439,3.5833
4846.4000,93.8884,-0.7528,46.0301,3.5119
4846.5000,93.8845,-0.7516,45.2888,3.4715
4846.6000,93.8807,-0.7503,45.4754,3.4816
4846.7000,93.8775,-0.7491,45.5611,3.4862
4846.8000,93.8739,-0.7479,45.2088,3.4669
4846.9000,93.8693,-0.7467,44.3426,3.4196
4847.0000,93.8622,-0.7456,43.3742,3.3666
4847.1000,93.8536,-0.7444,42.1693,3.3005
4847.2000,93.8416,-0.7433,40.7587,3.2230
4847.3000,93.8274,-0.7422,40.2098,3.1926
4847.4000,93.8132,-0.7412,40.3959,3.2026
4847.5000,93.7997,-0.7401,40.3748,3.2012
4847.6000,93.7854,-0.7391,40.3803,3.2013
4847.7000,93.7719,-0.7381,40.8385,3.2262
4847.8000,93.7595,-0.7371,40.8421,3.2263
4847.9000,93.7461,-0.7362,40.1885,3.1901
4848.0000,93.7310,-0.7353,39.4490,3.1492
4848.1000,93.7146,-0.7344,38.9220,3.1199
4848.2000,93.6975,-0.7335,39.0814,3.1285
4848.3000,93.6817,-0.7326,39.7287,3.1638
4848.4000,93.6673,-0.7318,40.3675,3.1987
4848.5000,93.6541,-0.7310,41.1469,3.2413
4848.6000,93.6428,-0.7303,42.1583,3.2966
4848.7000,93.6337,-0.7295,42.6265,3.3221
4848.8000,93.6243,-0.7288,42.5861,3.3197
4848.9000,93.6151,-0.7281,42.6964,3.3256
4849.0000,93.6061,-0.7274,42.6708,3.3241
4849.1000,93.5968,-0.7268,42.9616,3.3399
4849.2000,93.5890,-0.7262,43.8393,3.3877
4849.3000,93.5832,-0.7256,45.3172,3.4682
4849.4000,93.5814,-0.7251,47.4406,3.5837
4849.5000,93.5842,-0.7245,49.3452,3.6869
4849.6000,93.5900,-0.7240,50.3019,3.7387
4849.7000,93.5965,-0.7236,50.4281,3.7456
4849.8000,93.6028,-0.7231,49.3952,3.6899
4849.9000,93.6051,-0.7227,47.7728,3.6021
4850.0000,93.6047,-0.7223,47.1438,3.5679
4850.1000,93.6045,-0.7220,46.9022,3.5548
4850.2000,93.6032,-0.7217,46.7295,3.5454
4850.3000,93.6022,-0.7214,46.7894,3.5486
4850.4000,93.6011,-0.7211,46.3943,3.5271
4850.5000,93.5985,-0.7209,45.7298,3.4909
4850.6000,93.5947,-0.7207,45.4202,3.4740
4850.7000,93.5910,-0.7205,45.4616,3.4762
4850.8000,93.5873,-0.7204,46.0557,3.5085
4850.9000,93.5859,-0.7203,47.0125,3.5605
4851.0000,93.5862,-0.7202,47.7370,3.5998
4851.1000,93.5877,-0.7202,48.1320,3.6213
4851.2000,93.5895,-0.7202,48.4083,3.6363
4851.3000,93.5922,-0.7202,48.7779,3.6563
4851.4000,93.5955,-0.7203,49.4639,3.6935
4851.5000,93.6009,-0.7204,50.3511,3.7415
4851.6000,93.6077,-0.7205,51.2164,3.7883
4851.7000,93.6166,-0.7206,51.5373,3.8058
4851.8000,93.6247,-0.7208,50.7927,3.7657
4851.9000,93.6305,-0.7210,49.3687,3.6889
4852.0000,93.6328,-0.7213,47.9982,3.6147
4852.1000,93.6331,-0.7216,47.1063,3.5663
4852.2000,93.6319,-0.7219,46.9794,3.5594
4852.3000,93.6317,-0.7223,47.7750,3.6026
4852.4000,93.6337,-0.7226,48.8375,3.6602
4852.5000,93.6378,-0.7231,48.5556,3.6450
4852.6000,93.6386,-0.7235,47.2546,3.5745
4852.7000,93.6375,-0.7240,45.8073,3.4958
4852.8000,93.6326,-0.7246,44.4480,3.4216
4852.9000,93.6260,-0.7251,44.2520,3.4108
4853.0000,93.6204,-0.7257,45.2048,3.4627
4853.1000,93.6178,-0.7263,46.4479,3.5303
4853.2000,93.6172,-0.7270,47.6057,3.5932
4853.3000,93.6193,-0.7277,47.8227,3.6050
4853.4000,93.6196,-0.7284,47.1247,3.5671
4853.5000,93.6190,-0.7292,47.1292,3.5673
4853.6000,93.6194,-0.7300,47.4180,3.5830
4853.7000,93.6199,-0.7309,47.2090,3.5717
4853.8000,93.6195,-0.7317,47.2971,3.5765
4853.9000,93.6205,-0.7327,47.6202,3.5940
4854.0000,93.6215,-0.7336,46.9964,3.5602
4854.1000,93.6200,-0.7346,45.9863,3.5052
4854.2000,93.6170,-0.7356,45.6931,3.4892
4854.3000,93.6144,-0.7367,45.9338,3.5023
4854.4000,93.6124,-0.7378,45.9545,3.5034
4854.5000,93.6100,-0.7389,46.4999,3.5330
4854.6000,93.6103,-0.7401,47.5216,3.5885
4854.7000,93.6121,-0.7413,48.3177,3.6317
4854.8000,93.6157,-0.7425,48.9192,3.6643
4854.9000,93.6200,-0.7438,48.9345,3.6652
4855.0000,93.6237,-0.7451,48.2698,3.6293
4855.1000,93.6254,-0.7464,47.5204,3.5887
4855.2000,93.6262,-0.7478,46.8551,3.5526
4855.3000,93.6252,-0.7492,46.5250,3.5346
4855.4000,93.6248,-0.7507,46.8238,3.5509
4855.5000,93.6251,-0.7522,46.8976,3.5549
4855.6000,93.6251,-0.7537,46.5677,3.5369
4855.7000,93.6242,-0.7552,46.3706,3.5262
4855.8000,93.6235,-0.7568,46.3722,3.5263
4855.9000,93.6228,-0.7585,46.4209,3.5289
4856.0000,93.6224,-0.7601,46.6899,3.5435
4856.1000,93.6228,-0.7619,47.1797,3.5702
4856.2000,93.6245,-0.7636,47.8817,3.6083
4856.3000,93.6279,-0.7654,48.5092,3.6423
4856.4000,93.6322,-0.7672,48.9548,3.6665
4856.5000,93.6375,-0.7690,49.5794,3.7004
4856.6000,93.6444,-0.7709,49.8967,3.7177
4856.7000,93.6511,-0.7728,49.8194,3.7136
4856.8000,93.6578,-0.7748,49.5572,3.6995
4856.9000,93.6635,-0.7768,49.5184,3.6975
4857.0000,93.6701,-0.7788,50.4378,3.7473
4857.1000,93.6796,-0.7809,51.9616,3.8296
4857.2000,93.6925,-0.7830,53.2795,3.9007
4857.3000,93.7074,-0.7851,54.4972,3.9663
4857.4000,93.7252,-0.7873,55.6490,4.0323
4857.5000,93.7448,-0.7895,55.5860,4.0290
4857.6000,93.7624,-0.7918,54.8911,3.9896
4857.7000,93.7792,-0.7940,54.5195,3.9687
4857.8000,93.7953,-0.7964,54.2539,3.9547
4857.9000,93.8111,-0.7987,54.0997,3.9467
4858.0000,93.8267,-0.8011,54.3891,3.9625
4858.1000,93.8438,-0.8035,55.1644,4.0064
4858.2000,93.8625,-0.8060,55.7755,4.0416
4858.3000,93.8821,-0.8085,56.5058,4.0835
4858.4000,93.9038,-0.8110,57.5522,4.1436
4858.5000,93.9276,-0.8136,58.8649,4.2188
4858.6000,93.9547,-0.8162,60.0073,4.2844
4858.7000,93.9831,-0.8188,60.7143,4.3252
4858.8000,94.0130,-0.8215,60.8210,4.3317
4858.9000,94.0418,-0.8242,59.5402,4.2591
4859.0000,94.0665,-0.8269,57.3448,4.1341
4859.1000,94.0865,-0.8297,55.5389,4.0314
4859.2000,94.1041,-0.8325,54.2311,3.9586
4859.3000,94.1189,-0.8353,52.9462,3.8898
4859.4000,94.1315,-0.8382,52.0924,3.8440
4859.5000,94.1430,-0.8411,51.7138,3.8238
4859.6000,94.1541,-0.8441,51.1945,3.7960
4859.7000,94.1637,-0.8470,50.7733,3.7734
4859.8000,94.1733,-0.8500,50.7955,3.7748
4859.9000,94.1831,-0.8531,51.5465,3.8155
4860.0000,94.1959,-0.8561,52.9962,3.8938
4860.1000,94.2116,-0.8592,54.4897,3.9742
4860.2000,94.2305,-0.8624,55.9626,4.0577
4860.3000,94.2522,-0.8655,57.3558,4.1376
4860.4000,94.2767,-0.8687,58.1100,4.1810
4860.5000,94.3016,-0.8720,58.0509,4.1780
4860.6000,94.3259,-0.8752,58.1883,4.1862
4860.7000,94.3514,-0.8785,57.8632,4.1680
4860.8000,94.3745,-0.8819,56.8099,4.1082
4860.9000,94.3958,-0.8852,56.5952,4.0963
4861.0000,94.4181,-0.8886,56.9495,4.1169
4861.1000,94.4410,-0.8920,56.0943,4.0684
4861.2000,94.4600,-0.8955,54.2918,3.9677
4861.3000,94.4757,-0.8990,52.6221,3.8782
4861.4000,94.4882,-0.9025,50.5986,3.7693
4861.5000,94.4960,-0.9060,48.0503,3.6315
4861.6000,94.4985,-0.9096,45.5909,3.4978
4861.7000,94.4967,-0.9132,43.3667,3.3763
4861.8000,94.4905,-0.9168,41.1641,3.2554
4861.9000,94.4802,-0.9204,38.7802,3.1241
4862.0000,94.4648,-0.9241,37.2805,3.0410
4862.1000,94.4489,-0.9278,36.8246,3.0156
4862.2000,94.4320,-0.9315,36.8971,3.0193
4862.3000,94.4167,-0.9353,37.2225,3.0371
4862.4000,94.4015,-0.9391,37.4871,3.0515
4862.5000,94.3875,-0.9429,37.3029,3.0411
4862.6000,94.3719,-0.9467,37.0397,3.0263
4862.7000,94.3573,-0.9506,37.3180,3.0414
4862.8000,94.3431,-0.9545,38.0303,3.0806
4862.9000,94.3316,-0.9584,39.6763,3.1711
4863.0000,94.3244,-0.9623,41.1783,3.2536
4863.1000,94.3193,-0.9662,41.8876,3.2924
4863.2000,94.3151,-0.9702,42.6240,3.3327
4863.3000,94.3133,-0.9742,43.9008,3.4026
4863.4000,94.3145,-0.9782,44.7246,3.4476
4863.5000,94.3162,-0.9823,45.1517,3.4709
4863.6000,94.3195,-0.9863,45.4419,3.4868
4863.7000,94.3226,-0.9904,44.8279,3.4533
4863.8000,94.3236,-0.9945,43.4461,3.3779
4863.9000,94.3215,-0.9987,42.6596,3.3348
4864.0000,94.3196,-1.0028,42.5290,3.3276
4864.1000,94.3173,-1.0070,42.8933,3.3475
4864.2000,94.3172,-1.0112,43.7766,3.3958
4864.3000,94.3186,-1.0154,44.1845,3.4181
4864.4000,94.3205,-1.0196,44.1045,3.4138
4864.5000,94.3219,-1.0239,44.2928,3.4241
4864.6000,94.3248,-1.0281,44.4144,3.4308
4864.7000,94.3269,-1.0324,44.9944,3.4625
4864.8000,94.3324,-1.0367,46.8122,3.5616
4864.9000,94.3421,-1.0410,48.2281,3.6386
4865.0000,94.3535,-1.0454,48.7833,3.6689
4865.1000,94.3656,-1.0497,49.0264,3.6823
4865.2000,94.3782,-1.0541,48.3651,3.6466
4865.3000,94.3879,-1.0585,46.3398,3.5368
4865.4000,94.3927,-1.0629,44.1430,3.4171
4865.5000,94.3939,-1.0673,42.1227,3.3065
4865.6000,94.3908,-1.0718,40.1925,3.2005
4865.7000,94.3846,-1.0762,38.4454,3.1041
4865.8000,94.3749,-1.0807,37.2388,3.0373
4865.9000,94.3642,-1.0852,36.6161,3.0027
4866.0000,94.3524,-1.0897,36.4738,2.9946
4866.1000,94.3415,-1.0942,36.8816,3.0170
4866.2000,94.3317,-1.0987,37.5774,3.0554
4866.3000,94.3239,-1.1032,38.3232,3.0964
4866.4000,94.3174,-1.1077,39.3970,3.1555
4866.5000,94.3143,-1.1123,40.9129,3.2389
4866.6000,94.3142,-1.1168,42.6264,3.3328
4866.7000,94.3183,-1.1214,44.4167,3.4308
4866.8000,94.3256,-1.1260,46.2252,3.5295
4866.9000,94.3372,-1.1306,47.0422,3.5741
4867.0000,94.3481,-1.1352,46.5371,3.5469
4867.1000,94.3579,-1.1398,46.4007,3.5396
4867.2000,94.3685,-1.1444,46.6500,3.5533
4867.3000,94.3795,-1.1490,45.9041,3.5129
4867.4000,94.3874,-1.1536,44.5066,3.4368
4867.5000,94.3931,-1.1583,43.0295,3.3562
4867.6000,94.3953,-1.1629,40.1751,3.1996
4867.7000,94.3899,-1.1676,36.4083,2.9916
4867.8000,94.3774,-1.1722,33.2233,2.8146
4867.9000,94.3597,-1.1769,30.3704,2.6550
4868.0000,94.3362,-1.1815,28.0090,2.5222
4868.1000,94.3094,-1.1862,26.6664,2.4463
4868.2000,94.2810,-1.1909,26.2921,2.4248
4868.3000,94.2532,-1.1955,26.7840,2.4521
4868.4000,94.2272,-1.2002,27.5930,2.4972
4868.5000,94.2031,-1.2049,27.7115,2.5035
4868.6000,94.1780,-1.2096,27.5635,2.4948
4868.7000,94.1537,-1.2142,27.8049,2.5080
4868.8000,94.1300,-1.2189,27.3691,2.4831
4868.9000,94.1044,-1.2236,27.2782,2.4776
4869.0000,94.0808,-1.2282,28.7157,2.5580
4869.1000,94.0614,-1.2329,29.6295,2.6090
4869.2000,94.0419,-1.2376,29.1599,2.5824
4869.3000,94.0211,-1.2422,28.8259,2.5633
4869.4000,94.0006,-1.2469,28.2927,2.5331
4869.5000,93.9781,-1.2515,27.4367,2.4846
4869.6000,93.9546,-1.2562,26.9658,2.4578
4869.7000,93.9306,-1.2608,26.6250,2.4382
4869.8000,93.9062,-1.2655,26.6532,2.4395
4869.9000,93.8827,-1.2701,26.9349,2.4550
4870.0000,93.8599,-1.2748,26.5187,2.4312
4870.1000,93.8352,-1.2794,26.3854,2.4233
4870.2000,93.8123,-1.2840,27.3868,2.4793
4870.3000,93.7920,-1.2886,28.1780,2.5235
4870.4000,93.7727,-1.2932,28.3980,2.5356
4870.5000,93.7537,-1.2978,28.3290,2.5314
4870.6000,93.7345,-1.3024,28.1371,2.5203
4870.7000,93.7152,-1.3070,28.1733,2.5221
4870.8000,93.6965,-1.3115,28.6831,2.5504
4870.9000,93.6797,-1.3161,30.2614,2.6386
4871.0000,93.6678,-1.3207,32.9761,2.7899
4871.1000,93.6622,-1.3252,35.6957,2.9409
4871.2000,93.6616,-1.3297,37.5035,3.0409
4871.3000,93.6637,-1.3342,38.6370,3.1034
4871.4000,93.6680,-1.3387,39.3346,3.1419
4871.5000,93.6731,-1.3432,39.8391,3.1698
4871.6000,93.6797,-1.3477,40.3450,3.1977
4871.7000,93.6872,-1.3522,40.5255,3.2077
4871.8000,93.6947,-1.3567,40.6286,3.2135
4871.9000,93.7029,-1.3611,40.2849,3.1948
4872.0000,93.7093,-1.3655,38.9473,3.1212
4872.1000,93.7123,-1.3700,36.7604,3.0006
4872.2000,93.7102,-1.3744,34.2802,2.8631
4872.3000,93.7036,-1.3787,32.3027,2.7529
4872.4000,93.6938,-1.3831,30.9069,2.6749
4872.5000,93.6819,-1.3875,29.6237,2.6029
4872.6000,93.6674,-1.3918,28.5145,2.5405
4872.7000,93.6513,-1.3961,27.6778,2.4933
4872.8000,93.6338,-1.4004,25.9487,2.3957
4872.9000,93.6111,-1.4047,23.6748,2.2669
4873.0000,93.5848,-1.4090,22.5421,2.2023
4873.1000,93.5580,-1.4132,22.3295,2.1899
4873.2000,93.5313,-1.4174,22.4339,2.1954
4873.3000,93.5053,-1.4216,22.7241,2.2115
4873.4000,93.4801,-1.4258,23.3572,2.2470
4873.5000,93.4571,-1.4300,23.9071,2.2778
4873.6000,93.4346,-1.4341,24.3795,2.3041
4873.7000,93.4139,-1.4382,25.1583,2.3478
4873.8000,93.3948,-1.4423,26.2529,2.4093
4873.9000,93.3789,-1.4464,26.9240,2.4468
4874.0000,93.3630,-1.4504,27.3489,2.4705
4874.1000,93.3491,-1.4545,28.5213,2.5361
4874.2000,93.3383,-1.4585,29.5330,2.5927
4874.3000,93.3289,-1.4624,30.1925,2.6294
4874.4000,93.3210,-1.4664,31.5219,2.7036
4874.5000,93.3172,-1.4703,33.4181,2.8092
4874.6000,93.3173,-1.4742,34.9598,2.8948
4874.7000,93.3201,-1.4781,36.5249,2.9815
4874.8000,93.3267,-1.4819,38.1879,3.0735
4874.9000,93.3365,-1.4858,39.8239,3.1637
4875.0000,93.3500,-1.4895,41.4665,3.2541
4875.1000,93.3665,-1.4933,42.5739,3.3150
4875.2000,93.3846,-1.4971,43.3660,3.3586
4875.3000,93.4046,-1.5008,43.9298,3.3897
4875.4000,93.4251,-1.5045,43.6411,3.3743
4875.5000,93.4440,-1.5081,42.3648,3.3048
4875.6000,93.4595,-1.5117,41.0354,3.2322
4875.7000,93.4732,-1.5153,39.6428,3.1559
4875.8000,93.4832,-1.5189,37.8510,3.0573
4875.9000,93.4898,-1.5225,36.3829,2.9763
4876.0000,93.4942,-1.5260,35.0241,2.9011
4876.1000,93.4955,-1.5294,33.1204,2.7953
4876.2000,93.4924,-1.5329,31.3373,2.6959
4876.3000,93.4868,-1.5363,30.4165,2.6443
4876.4000,93.4802,-1.5397,29.3457,2.5843
4876.5000,93.4705,-1.5430,27.6415,2.4885
4876.6000,93.4574,-1.5463,26.7044,2.4356
4876.7000,93.4442,-1.5496,26.4071,2.4187
4876.8000,93.4301,-1.5529,26.1369,2.4033
4876.9000,93.4161,-1.5561,26.3421,2.4146
4877.0000,93.4031,-1.5593,27.4748,2.4781
4877.1000,93.3940,-1.5624,28.9404,2.5603
4877.2000,93.3872,-1.5655,30.1716,2.6291
4877.3000,93.3833,-1.5686,31.0297,2.6770
4877.4000,93.3802,-1.5716,31.2845,2.6912
4877.5000,93.3776,-1.5746,30.8986,2.6696
4877.6000,93.3732,-1.5776,29.7590,2.6058
4877.7000,93.3661,-1.5805,28.2487,2.5211
4877.8000,93.3558,-1.5834,27.4544,2.4763
4877.9000,93.3458,-1.5862,27.8953,2.5009
4878.0000,93.3376,-1.5890,29.2153,2.5748
4878.1000,93.3331,-1.5918,30.9461,2.6716
4878.2000,93.3321,-1.5945,32.6966,2.7692
4878.3000,93.3349,-1.5972,34.3472,2.8611
4878.4000,93.3407,-1.5998,35.0507,2.9002
4878.5000,93.3465,-1.6025,34.6294,2.8769
4878.6000,93.3508,-1.6050,34.3388,2.8608
4878.7000,93.3556,-1.6076,34.5916,2.8749
4878.8000,93.3610,-1.6101,34.0506,2.8450
4878.9000,93.3638,-1.6125,33.1445,2.7946
4879.0000,93.3656,-1.6149,32.6338,2.7662
4879.1000,93.3665,-1.6173,31.6235,2.7099
4879.2000,93.3644,-1.6196,29.9902,2.6186
4879.3000,93.3589,-1.6219,28.4317,2.5312
4879.4000,93.3507,-1.6241,27.1580,2.4596
4879.5000,93.3402,-1.6263,25.8779,2.3873
4879.6000,93.3270,-1.6285,24.4409,2.3060
4879.7000,93.3109,-1.6306,23.1795,2.2344
4879.8000,93.2928,-1.6327,22.6134,2.2021
4879.9000,93.2746,-1.6347,21.9138,2.1621
4880.0000,93.2540,-1.6367,21.3492,2.1297
4880.1000,93.2337,-1.6386,21.4430,2.1348
4880.2000,93.2137,-1.6405,21.4381,2.1342
4880.3000,93.1937,-1.6423,21.0152,2.1099
4880.4000,93.1721,-1.6441,20.5381,2.0824
4880.5000,93.1504,-1.6459,20.1801,2.0617
4880.6000,93.1276,-1.6476,19.6853,2.0332
4880.7000,93.1041,-1.6492,19.0924,1.9990
4880.8000,93.0791,-1.6509,18.7366,1.9784
4880.9000,93.0543,-1.6524,18.5601,1.9679
4881.0000,93.0289,-1.6539,17.6606,1.9162
4881.1000,93.0007,-1.6554,15.9677,1.8188
4881.2000,92.9686,-1.6568,14.4719,1.7324
4881.3000,92.9346,-1.6582,12.9366,1.6434
4881.4000,92.8965,-1.6596,11.0418,1.5334
4881.5000,92.8551,-1.6608,10.1527,1.4813
4881.6000,92.8136,-1.6621,9.9305,1.4678
4881.7000,92.7715,-1.6633,9.8018,1.4598
4881.8000,92.7298,-1.6644,9.9665,1.4687
4881.9000,92.6886,-1.6655,10.8914,1.5217
4882.0000,92.6509,-1.6666,12.4584,1.6118
4882.1000,92.6164,-1.6676,14.7911,1.7457
4882.2000,92.5884,-1.6685,17.5936,1.9059
4882.3000,92.5655,-1.6694,20.2163,2.0553
4882.4000,92.5484,-1.6703,22.4399,2.1813
4882.5000,92.5346,-1.6711,24.1497,2.2779
4882.6000,92.5246,-1.6718,26.3111,2.3996
4882.7000,92.5198,-1.6725,28.2341,2.5076
4882.8000,92.5177,-1.6732,29.2322,2.5636
4882.9000,92.5170,-1.6738,30.1631,2.6156
4883.0000,92.5188,-1.6743,31.5533,2.6933
4883.1000,92.5238,-1.6749,32.6408,2.7539
4883.2000,92.5300,-1.6753,33.7568,2.8161
4883.3000,92.5396,-1.6757,35.8449,2.9320
4883.4000,92.5543,-1.6761,38.3774,3.0721
4883.5000,92.5742,-1.6764,40.3157,3.1790
4883.6000,92.5967,-1.6767,41.8145,3.2615
4883.7000,92.6226,-1.6769,43.6671,3.3632
4883.8000,92.6525,-1.6770,45.5609,3.4668
4883.9000,92.6859,-1.6772,46.5501,3.5211
4884.0000,92.7197,-1.6772,46.2705,3.5065
4884.1000,92.7518,-1.6772,44.7284,3.4231
4884.2000,92.7791,-1.6772,42.0196,3.2755
4884.3000,92.8000,-1.6771,38.5352,3.0845
4884.4000,92.8131,-1.6770,34.6862,2.8719
4884.5000,92.8182,-1.6768,31.4035,2.6894
4884.6000,92.8179,-1.6765,29.1304,2.5623
4884.7000,92.8138,-1.6762,27.5994,2.4764
4884.8000,92.8072,-1.6759,26.3710,2.4072
4884.9000,92.7981,-1.6755,25.8540,2.3779
4885.0000,92.7894,-1.6750,26.2771,2.4016
4885.1000,92.7820,-1.6746,26.5618,2.4176
4885.2000,92.7745,-1.6740,26.2643,2.4007
4885.3000,92.7659,-1.6734,26.0886,2.3907
4885.4000,92.7577,-1.6728,26.1440,2.3937
4885.5000,92.7494,-1.6721,25.2386,2.3425
4885.6000,92.7374,-1.6713,24.3850,2.2942
4885.7000,92.7256,-1.6705,24.4495,2.2976
4885.8000,92.7140,-1.6696,24.7972,2.3171
4885.9000,92.7035,-1.6687,25.2982,2.3452
4886.0000,92.6939,-1.6678,26.0104,2.3852
4886.1000,92.6864,-1.6668,26.6239,2.4196
4886.2000,92.6792,-1.6657,27.3339,2.4595
4886.3000,92.6746,-1.6646,28.3333,2.5155
4886.4000,92.6714,-1.6634,29.0234,2.5541
4886.5000,92.6695,-1.6622,29.8377,2.5997
4886.6000,92.6696,-1.6610,30.7475,2.6506
4886.7000,92.6713,-1.6596,31.2182,2.6769
4886.8000,92.6733,-1.6583,31.3787,2.6858
4886.9000,92.6755,-1.6569,31.5699,2.6965
4887.0000,92.6781,-1.6554,31.2817,2.6805
4887.1000,92.6791,-1.6539,30.6004,2.6425
4887.2000,92.6788,-1.6523,29.7956,2.5975
4887.3000,92.6764,-1.6507,28.8136,2.5425
4887.4000,92.6720,-1.6490,28.4256,2.5206
4887.5000,92.6679,-1.6473,29.1090,2.5589
4887.6000,92.6662,-1.6455,30.0901,2.6138
4887.7000,92.6660,-1.6437,30.3600,2.6289
4887.8000,92.6653,-1.6418,30.5658,2.6403
4887.9000,92.6658,-1.6399,31.0150,2.6654
4888.0000,92.6668,-1.6380,31.5179,2.6935
4888.1000,92.6692,-1.6359,32.0951,2.7257
4888.2000,92.6724,-1.6339,32.8901,2.7700
4888.3000,92.6779,-1.6317,33.8031,2.8209
4888.4000,92.6846,-1.6296,34.1837,2.8421
4888.5000,92.6915,-1.6273,34.0408,2.8343
4888.6000,92.6975,-1.6251,33.3195,2.7943
4888.7000,92.7012,-1.6228,31.9172,2.7163
4888.8000,92.7013,-1.6204,30.2811,2.6250
4888.9000,92.6982,-1.6180,28.9187,2.5487
4889.0000,92.6926,-1.6155,27.3147,2.4586
4889.1000,92.6828,-1.6130,25.4456,2.3532
4889.2000,92.6695,-1.6104,24.1685,2.2809
4889.3000,92.6544,-1.6078,23.0606,2.2180
4889.4000,92.6364,-1.6052,22.0429,2.1601
4889.5000,92.6171,-1.6024,21.7319,2.1421
4889.6000,92.5978,-1.5997,22.3959,2.1795
4889.7000,92.5811,-1.5969,24.0776,2.2745
4889.8000,92.5685,-1.5940,26.2706,2.3980
4889.9000,92.5606,-1.5911,28.4677,2.5213
4890.0000,92.5568,-1.5882,30.1255,2.6141
4890.1000,92.5555,-1.5852,31.2693,2.6780
4890.2000,92.5562,-1.5822,31.9365,2.7152
4890.3000,92.5574,-1.5791,31.9162,2.7141
4890.4000,92.5578,-1.5760,31.2448,2.6767
4890.5000,92.5560,-1.5728,30.5170,2.6360
4890.6000,92.5533,-1.5696,30.5983,2.6405
4890.7000,92.5516,-1.5663,31.4721,2.6892
4890.8000,92.5522,-1.5630,32.6719,2.7561
4890.9000,92.5553,-1.5596,33.8190,2.8199
4891.0000,92.5602,-1.5562,35.3224,2.9034
4891.1000,92.5692,-1.5528,37.1867,3.0066
4891.2000,92.5815,-1.5493,38.5628,3.0827
4891.3000,92.5957,-1.5457,40.0085,3.1624
4891.4000,92.6136,-1.5421,42.2465,3.2854
4891.5000,92.6367,-1.5385,44.1148,3.3878
4891.6000,92.6618,-1.5348,44.4418,3.4060
4891.7000,92.6857,-1.5311,44.0174,3.3833
4891.8000,92.7088,-1.5274,43.3995,3.3499
4891.9000,92.7298,-1.5236,42.4356,3.2975
4892.0000,92.7485,-1.5197,41.6091,3.2526
4892.1000,92.7659,-1.5158,41.2555,3.2335
4892.2000,92.7828,-1.5119,41.0375,3.2218
4892.3000,92.7988,-1.5079,40.6054,3.1983
4892.4000,92.8136,-1.5039,40.0316,3.1670
4892.5000,92.8270,-1.4998,39.1363,3.1180
4892.6000,92.8378,-1.4957,38.4782,3.0819
4892.7000,92.8482,-1.4915,38.3902,3.0773
4892.8000,92.8583,-1.4874,38.5281,3.0850
4892.9000,92.8689,-1.4831,38.5918,3.0887
4893.0000,92.8789,-1.4789,38.5437,3.0862
4893.1000,92.8890,-1.4745,38.3788,3.0773
4893.2000,92.8980,-1.4702,38.1795,3.0664
4893.3000,92.9069,-1.4658,38.0337,3.0585
4893.4000,92.9149,-1.4614,38.3264,3.0748
4893.5000,92.9247,-1.4569,39.2877,3.1278
4893.6000,92.9363,-1.4524,39.7716,3.1546
4893.7000,92.9476,-1.4478,39.5838,3.1445
4893.8000,92.9581,-1.4432,40.0096,3.1681
4893.9000,92.9708,-1.4386,40.6654,3.2043
4894.0000,92.9835,-1.4339,40.7307,3.2081
4894.1000,92.9961,-1.4292,41.2150,3.2348
4894.2000,93.0104,-1.4245,42.1575,3.2867
4894.3000,93.0264,-1.4197,42.3728,3.2987
4894.4000,93.0412,-1.4149,42.0972,3.2839
4894.5000,93.0557,-1.4101,42.0669,3.2824
4894.6000,93.0700,-1.4052,41.8917,3.2731
4894.7000,93.0833,-1.4003,41.2783,3.2396
4894.8000,93.0947,-1.3953,40.1408,3.1774
4894.9000,93.1030,-1.3903,38.5711,3.0911
4895.0000,93.1076,-1.3853,37.4706,3.0305
4895.1000,93.1111,-1.3802,37.5269,3.0337
4895.2000,93.1156,-1.3751,38.5687,3.0912
4895.3000,93.1229,-1.3700,40.8525,3.2169
4895.4000,93.1363,-1.3649,43.8364,3.3804
4895.5000,93.1553,-1.3597,46.5294,3.5274
4895.6000,93.1791,-1.3544,48.0894,3.6124
4895.7000,93.2040,-1.3492,48.7917,3.6509
4895.8000,93.2301,-1.3439,49.3734,3.6827
4895.9000,93.2568,-1.3386,49.5965,3.6952
4896.0000,93.2834,-1.3332,49.2620,3.6776
4896.1000,93.3082,-1.3278,48.3593,3.6291
4896.2000,93.3305,-1.3224,46.9566,3.5534
4896.3000,93.3492,-1.3170,44.3545,3.4120
4896.4000,93.3606,-1.3115,40.6957,3.2120
4896.5000,93.3640,-1.3060,36.8041,2.9976
4896.6000,93.3592,-1.3004,33.8800,2.8355
4896.7000,93.3504,-1.2949,31.9616,2.7286
4896.8000,93.3376,-1.2893,30.8041,2.6637
4896.9000,93.3238,-1.2837,30.9391,2.6711
4897.0000,93.3112,-1.2780,31.9881,2.7294
4897.1000,93.3013,-1.2724,33.1786,2.7956
4897.2000,93.2932,-1.2667,34.8363,2.8876
4897.3000,93.2897,-1.2610,37.2380,3.0205
4897.4000,93.2909,-1.2552,39.9528,3.1701
4897.5000,93.2981,-1.2495,42.9268,3.3333
4897.6000,93.3109,-1.2437,45.5344,3.4757
4897.7000,93.3281,-1.2378,46.7513,3.5422
4897.8000,93.3453,-1.2320,46.9713,3.5544
4897.9000,93.3629,-1.2261,47.2705,3.5709
4898.0000,93.3809,-1.2203,48.2131,3.6223
4898.1000,93.4018,-1.2143,50.0560,3.7224
4898.2000,93.4267,-1.2084,52.5119,3.8551
4898.3000,93.4569,-1.2025,55.1027,3.9972
4898.4000,93.4917,-1.1965,57.2020,4.1175
4898.5000,93.5299,-1.1905,58.5961,4.1976
4898.6000,93.5696,-1.1844,59.4026,4.2442
4898.7000,93.6103,-1.1784,59.8421,4.2699
4898.8000,93.6512,-1.1723,60.1351,4.2872
4898.9000,93.6924,-1.1662,60.5895,4.3137
4899.0000,93.7344,-1.1601,60.5876,4.3142
4899.1000,93.7750,-1.1540,59.3988,4.2470
4899.2000,93.8115,-1.1478,58.0733,4.1719
4899.3000,93.8461,-1.1417,57.1286,4.1185
4899.4000,93.8781,-1.1355,55.6064,4.0321
4899.5000,93.9060,-1.1293,53.7869,3.9315
4899.6000,93.9301,-1.1231,53.0837,3.8941
4899.7000,93.9546,-1.1168,52.8377,3.8813
4899.8000,93.9772,-1.1106,51.8991,3.8311
4899.9000,93.9973,-1.1043,50.6891,3.7662
4900.0000,94.0145,-1.0980,49.3378,3.6934
4900.1000,94.0286,-1.0917,47.4557,3.5916
4900.2000,94.0378,-1.0854,45.4884,3.4848
4900.3000,94.0435,-1.0790,44.1442,3.4116
4900.4000,94.0468,-1.0727,43.6458,3.3844
4900.5000,94.0501,-1.0663,44.0673,3.4075
4900.6000,94.0546,-1.0600,44.6797,3.4410
4900.7000,94.0599,-1.0536,45.0731,3.4625
4900.8000,94.0655,-1.0472,45.4756,3.4845
4900.9000,94.0720,-1.0408,45.7604,3.5001
4901.0000,94.0783,-1.0344,45.6820,3.4960
4901.1000,94.0840,-1.0279,45.9748,3.5120
4901.2000,94.0910,-1.0215,47.5217,3.5962
4901.3000,94.1024,-1.0151,49.4610,3.7015
4901.4000,94.1166,-1.0086,51.3561,3.8041
4901.5000,94.1351,-1.0022,53.9403,3.9435
4901.6000,94.1592,-0.9957,57.0719,4.1200
4901.7000,94.1897,-0.9892,58.9064,4.2251
4901.8000,94.2205,-0.9827,58.9126,4.2259
4901.9000,94.2503,-0.9762,58.4907,4.2023
4902.0000,94.2788,-0.9697,57.2073,4.1295
4902.1000,94.3029,-0.9632,54.9850,4.0030
4902.2000,94.3219,-0.9567,53.5957,3.9281
4902.3000,94.3399,-0.9502,53.6509,3.9313
4902.4000,94.3586,-0.9437,53.8915,3.9445
4902.5000,94.3769,-0.9372,54.3579,3.9699
4902.6000,94.3969,-0.9306,55.7376,4.0474
4902.7000,94.4202,-0.9241,57.5096,4.1489
4902.8000,94.4467,-0.9176,59.4447,4.2597
4902.9000,94.4772,-0.9110,61.0390,4.3512
4903.0000,94.5094,-0.9045,62.2108,4.4185
4903.1000,94.5438,-0.8979,62.6846,4.4461
4903.2000,94.5773,-0.8914,61.8351,4.3981
4903.3000,94.6077,-0.8848,60.3497,4.3138
4903.4000,94.6346,-0.8783,59.1151,4.2437
4903.5000,94.6595,-0.8717,57.7140,4.1641
4903.6000,94.6801,-0.8652,55.6703,4.0478
4903.7000,94.6963,-0.8586,53.8771,3.9494
4903.8000,94.7093,-0.8521,52.7636,3.8897
4903.9000,94.7205,-0.8455,52.0755,3.8528
4904.0000,94.7302,-0.8390,51.8356,3.8400
4904.1000,94.7399,-0.8324,52.2623,3.8632
4904.2000,94.7508,-0.8259,52.2850,3.8646
4904.3000,94.7601,-0.8193,51.0965,3.8007
4904.4000,94.7658,-0.8128,49.5582,3.7176
4904.5000,94.7685,-0.8063,48.6089,3.6662
4904.6000,94.7700,-0.7998,48.3078,3.6499
4904.7000,94.7710,-0.7932,48.8488,3.6792
4904.8000,94.7742,-0.7867,50.2764,3.7566
4904.9000,94.7805,-0.7802,52.0988,3.8551
4905.0000,94.7904,-0.7737,54.0994,3.9629
4905.1000,94.8041,-0.7672,55.7429,4.0538
4905.2000,94.8201,-0.7608,56.4553,4.0947
4905.3000,94.8361,-0.7543,56.2734,4.0846
4905.4000,94.8508,-0.7478,55.0567,4.0153
4905.5000,94.8615,-0.7414,52.7065,3.8891
4905.6000,94.8663,-0.7349,49.8031,3.7325
4905.7000,94.8650,-0.7285,47.1549,3.5888
4905.8000,94.8588,-0.7220,45.0942,3.4765
4905.9000,94.8489,-0.7156,43.5139,3.3900
4906.0000,94.8361,-0.7092,42.3492,3.3260
4906.1000,94.8211,-0.7028,42.1398,3.3142
4906.2000,94.8071,-0.6964,42.7324,3.3465
4906.3000,94.7941,-0.6901,43.9594,3.4135
4906.4000,94.7847,-0.6837,46.2348,3.5374
4906.5000,94.7804,-0.6774,48.6319,3.6676
4906.6000,94.7801,-0.6711,49.5558,3.7177
4906.7000,94.7791,-0.6647,49.7936,3.7305
4906.8000,94.7793,-0.6584,49.5349,3.7165
4906.9000,94.7768,-0.6522,48.0812,3.6377
4907.0000,94.7708,-0.6459,46.6605,3.5604
4907.1000,94.7623,-0.6396,46.3692,3.5444
4907.2000,94.7548,-0.6334,46.6114,3.5575
4907.3000,94.7468,-0.6272,46.7410,3.5644
4907.4000,94.7394,-0.6210,47.2425,3.5915
4907.5000,94.7331,-0.6148,47.8116,3.6223
4907.6000,94.7276,-0.6086,48.2587,3.6465
4907.7000,94.7227,-0.6025,48.5589,3.6627
4907.8000,94.7180,-0.5963,48.9981,3.6865
4907.9000,94.7144,-0.5902,49.9022,3.7354
4908.0000,94.7129,-0.5841,51.4420,3.8185
4908.1000,94.7151,-0.5781,53.0963,3.9077
4908.2000,94.7198,-0.5720,54.1145,3.9625
4908.3000,94.7256,-0.5660,54.0118,3.9571
4908.4000,94.7294,-0.5599,53.0031,3.9029
4908.5000,94.7307,-0.5539,51.9163,3.8444
4908.6000,94.7298,-0.5479,51.7475,3.8353
4908.7000,94.7301,-0.5420,53.0304,3.9044
4908.8000,94.7339,-0.5360,55.8782,4.0605
4908.9000,94.7450,-0.5301,59.7026,4.2789
4909.0000,94.7636,-0.5242,62.9923,4.4670
4909.1000,94.7874,-0.5183,64.9269,4.5778
4909.2000,94.8131,-0.5125,66.1908,4.6504
4909.3000,94.8413,-0.5066,67.0884,4.7021
4909.4000,94.8700,-0.5008,67.4097,4.7208
4909.5000,94.8990,-0.4950,67.3361,4.7171
4909.6000,94.9268,-0.4892,67.1137,4.7048
4909.7000,94.9543,-0.4835,66.2968,4.6586
4909.8000,94.9783,-0.4777,64.6466,4.5648
4909.9000,94.9986,-0.4720,63.0894,4.4762
4910.0000,95.0159,-0.4663,62.1246,4.4213
4910.1000,95.0319,-0.4607,61.9204,4.4099
4910.2000,95.0479,-0.4550,62.7464,4.4573
4910.3000,95.0667,-0.4494,64.9209,4.5818
4910.4000,95.0909,-0.4438,67.3895,4.7231
4910.5000,95.1189,-0.4382,69.2227,4.8282
4910.6000,95.1498,-0.4327,70.1819,4.8834
4910.7000,95.1811,-0.4272,69.8125,4.8628
4910.8000,95.2099,-0.4217,68.4335,4.7846
4910.9000,95.2351,-0.4162,66.8968,4.6972
4911.0000,95.2573,-0.4107,65.5337,4.6197
4911.1000,95.2766,-0.4053,64.3452,4.5521
4911.2000,95.2936,-0.3999,63.8406,4.5236
4911.3000,95.3104,-0.3945,63.7881,4.5209
4911.4000,95.3267,-0.3892,64.0117,4.5339
4911.5000,95.3440,-0.3839,64.6593,4.5711
4911.6000,95.3623,-0.3786,65.5382,4.6216
4911.7000,95.3826,-0.3733,66.5746,4.6811
4911.8000,95.4045,-0.3680,67.2235,4.7185
4911.9000,95.4269,-0.3628,67.3587,4.7265
4912.0000,95.4489,-0.3576,67.0425,4.7088
4912.1000,95.4695,-0.3525,65.8980,4.6438
4912.2000,95.4864,-0.3473,63.9464,4.5326
4912.3000,95.4989,-0.3422,62.0467,4.4243
4912.4000,95.5079,-0.3372,60.1812,4.3179
4912.5000,95.5125,-0.3321,58.9202,4.2460
4912.6000,95.5162,-0.3271,59.0918,4.2558
4912.7000,95.5212,-0.3221,60.0110,4.3084
4912.8000,95.5281,-0.3171,61.1256,4.3722
4912.9000,95.5371,-0.3122,62.4095,4.4456
4913.0000,95.5487,-0.3073,63.4357,4.5044
4913.1000,95.5613,-0.3024,64.0809,4.5415
4913.2000,95.5751,-0.2975,65.1036,4.6001
4913.3000,95.5913,-0.2927,66.6959,4.6913
4913.4000,95.6109,-0.2879,68.5338,4.7965
4913.5000,95.6340,-0.2832,70.0864,4.8856
4913.6000,95.6592,-0.2784,71.4676,4.9648
4913.7000,95.6872,-0.2737,72.4778,5.0230
4913.8000,95.7160,-0.2691,73.0205,5.0544
4913.9000,95.7456,-0.2644,73.5184,5.0833
4914.0000,95.7758,-0.2598,73.5192,5.0838
4914.1000,95.8049,-0.2552,72.6670,5.0356
4914.2000,95.8312,-0.2507,72.0962,5.0034
4914.3000,95.8576,-0.2461,71.8224,4.9882
4914.4000,95.8823,-0.2416,71.0363,4.9437
4914.5000,95.9051,-0.2372,70.5723,4.9176
4914.6000,95.9276,-0.2327,70.7734,4.9294
4914.7000,95.9507,-0.2283,70.8247,4.9327
4914.8000,95.9729,-0.2239,70.5306,4.9163
4914.9000,95.9945,-0.2196,70.2716,4.9018
4915.0000,96.0152,-0.2153,70.3084,4.9042
4915.1000,96.0365,-0.2110,70.7367,4.9290
4915.2000,96.0584,-0.2067,70.9641,4.9424
4915.3000,96.0801,-0.2025,71.0163,4.9457
4915.4000,96.1019,-0.1983,71.3606,4.9657
4915.5000,96.1245,-0.1941,71.6909,4.9849
4915.6000,96.1471,-0.1900,71.1836,4.9563
4915.7000,96.1673,-0.1859,70.2647,4.9041
4915.8000,96.1859,-0.1818,69.9352,4.8856
4915.9000,96.2044,-0.1778,69.4784,4.8598
4916.0000,96.2208,-0.1737,68.4914,4.8037
4916.1000,96.2350,-0.1698,68.0592,4.7792
4916.2000,96.2494,-0.1658,68.0088,4.7766
4916.3000,96.2631,-0.1619,67.8012,4.7649
4916.4000,96.2762,-0.1580,67.6304,4.7554
4916.5000,96.2889,-0.1541,67.3441,4.7392
4916.6000,96.3006,-0.1503,67.5269,4.7499
4916.7000,96.3136,-0.1465,68.3397,4.7965
4916.8000,96.3281,-0.1427,69.7018,4.8745
4916.9000,96.3461,-0.1390,71.4596,4.9752
4917.0000,96.3672,-0.1353,73.3805,5.0853
4917.1000,96.3923,-0.1316,74.7805,5.1657
4917.2000,96.4184,-0.1279,75.3229,5.1971
4917.3000,96.4453,-0.1243,74.9904,5.1785
4917.4000,96.4697,-0.1207,74.3019,5.1396
4917.5000,96.4934,-0.1171,73.1511,5.0742
4917.6000,96.5129,-0.1136,70.8965,4.9457
4917.7000,96.5274,-0.1101,69.0867,4.8426
4917.8000,96.5394,-0.1066,67.6057,4.7581
4917.9000,96.5479,-0.1032,65.5581,4.6413
4918.0000,96.5516,-0.0998,63.1759,4.5052
4918.1000,96.5505,-0.0964,61.6019,4.4153
4918.2000,96.5478,-0.0930,60.3859,4.3458
4918.3000,96.5417,-0.0897,59.0736,4.2707
4918.4000,96.5338,-0.0864,57.6766,4.1908
4918.5000,96.5220,-0.0831,56.6535,4.1321
4918.6000,96.5099,-0.0799,55.7604,4.0811
4918.7000,96.4945,-0.0767,54.2730,4.0009
4918.8000,96.4765,-0.0735,52.9266,3.9281
4918.9000,96.4557,-0.0703,52.3794,3.8982
4919.0000,96.4354,-0.0672,52.7683,3.9188
4919.1000,96.4161,-0.0641,53.2128,3.9425
4919.2000,96.3975,-0.0611,53.4190,3.9533
4919.3000,96.3789,-0.0580,53.7473,3.9706
4919.4000,96.3614,-0.0550,54.1811,3.9937
4919.5000,96.3444,-0.0520,54.3102,4.0004
4919.6000,96.3274,-0.0491,54.5675,4.0139
4919.7000,96.3113,-0.0462,55.4767,4.0625
4919.8000,96.2977,-0.0433,56.1063,4.0974
4919.9000,96.2840,-0.0404,55.8961,4.0852
4920.0000,96.2695,-0.0375,55.5400,4.0652
4920.1000,96.2542,-0.0347,55.2514,4.0494
4920.2000,96.2385,-0.0319,54.7750,4.0235
4920.3000,96.2213,-0.0292,53.9548,3.9791
4920.4000,96.2023,-0.0264,53.2452,3.9406
4920.5000,96.1822,-0.0237,52.4471,3.8972
4920.6000,96.1600,-0.0210,51.2363,3.8315
4920.7000,96.1351,-0.0184,50.1852,3.7742
4920.8000,96.1087,-0.0157,50.2408,3.7767
4920.9000,96.0841,-0.0131,51.3526,3.8365
4921.0000,96.0620,-0.0105,53.3573,3.9443
4921.1000,96.0452,-0.0080,55.8387,4.0782
4921.2000,96.0328,-0.0054,57.9777,4.2002
4921.3000,96.0243,-0.0029,59.4068,4.2817
4921.4000,96.0174,-0.0004,60.9704,4.3709
4921.5000,96.0150,0.0021,62.6921,4.4692
4921.6000,96.0147,0.0045,64.3765,4.5654
4921.7000,96.0187,0.0069,66.0834,4.6630
4921.8000,96.0250,0.0093,67.5970,4.7495
4921.9000,96.0347,0.0117,68.6025,4.8071
4922.0000,96.0447,0.0141,68.8102,4.8191
4922.1000,96.0550,0.0164,68.6099,4.8078
4922.2000,96.0640,0.0187,68.6567,4.8107
4922.3000,96.0743,0.0211,69.0526,4.8334
4922.4000,96.0846,0.0233,69.1773,4.8407
4922.5000,96.0951,0.0256,69.4223,4.8549
4922.6000,96.1062,0.0278,69.8250,4.8781
4922.7000,96.1181,0.0301,69.9958,4.8880
4922.8000,96.1296,0.0323,70.0995,4.8941
4922.9000,96.1417,0.0344,69.6856,4.8707
4923.0000,96.1513,0.0366,68.6486,4.8116
4923.1000,96.1591,0.0388,68.0449,4.7772
4923.2000,96.1662,0.0409,67.8692,4.7673
4923.3000,96.1731,0.0430,67.4313,4.7424
4923.4000,96.1782,0.0451,67.1396,4.7258
4923.5000,96.1838,0.0472,66.9358,4.7142
4923.6000,96.1880,0.0492,66.7584,4.7042
4923.7000,96.1927,0.0513,67.2074,4.7299
4923.8000,96.1985,0.0533,68.3767,4.7968
4923.9000,96.2076,0.0553,70.7891,4.9347
4924.0000,96.2227,0.0573,74.3365,5.1376
4924.1000,96.2455,0.0593,77.1985,5.3015
4924.2000,96.2715,0.0613,79.0504,5.4077
4924.3000,96.3013,0.0633,80.4036,5.4855
4924.4000,96.3322,0.0652,80.6622,5.5008
4924.5000,96.3626,0.0671,80.2886,5.4799
4924.6000,96.3918,0.0691,80.1296,5.4713
4924.7000,96.4212,0.0710,79.9943,5.4640
4924.8000,96.4495,0.0729,79.5271,5.4378
4924.9000,96.4768,0.0747,78.8089,5.3972
4925.0000,96.5019,0.0766,77.3475,5.3141
4925.1000,96.5232,0.0785,75.6008,5.2147
4925.2000,96.5412,0.0803,74.0315,5.1253
4925.3000,96.5561,0.0822,72.7726,5.0536
4925.4000,96.5689,0.0840,71.5511,4.9840
4925.5000,96.5788,0.0858,70.8190,4.9424
4925.6000,96.5886,0.0876,70.6509,4.9329
4925.7000,96.5977,0.0894,70.1962,4.9071
4925.8000,96.6055,0.0912,69.6995,4.8788
4925.9000,96.6125,0.0930,69.4663,4.8656
4926.0000,96.6192,0.0948,69.6624,4.8769
4926.1000,96.6268,0.0966,70.2669,4.9116
4926.2000,96.6357,0.0983,71.0404,4.9559
4926.3000,96.6461,0.1001,71.5271,4.9839
4926.4000,96.6568,0.1018,72.0335,5.0130
4926.5000,96.6689,0.1036,72.4244,5.0355
4926.6000,96.6809,0.1053,71.9091,5.0063
4926.7000,96.6909,0.1070,70.3178,4.9155
4926.8000,96.6965,0.1088,68.2907,4.7998
4926.9000,96.6983,0.1105,66.7882,4.7140
4927.0000,96.6979,0.1122,65.7122,4.6525
4927.1000,96.6955,0.1139,65.1456,4.6200
4927.2000,96.6928,0.1156,65.1701,4.6214
4927.3000,96.6903,0.1173,65.3327,4.6307
4927.4000,96.6882,0.1190,65.1060,4.6177
4927.5000,96.6847,0.1207,64.5559,4.5862
4927.6000,96.6803,0.1224,64.0385,4.5566
4927.7000,96.6748,0.1241,63.8984,4.5485
4927.8000,96.6697,0.1258,65.1857,4.6219
4927.9000,96.6691,0.1275,67.5024,4.7543
4928.0000,96.6730,0.1292,69.4173,4.8638
4928.1000,96.6798,0.1309,70.5407,4.9281
4928.2000,96.6879,0.1326,71.8134,5.0009
4928.3000,96.6995,0.1343,72.7716,5.0559
4928.4000,96.7111,0.1360,73.0609,5.0726
4928.5000,96.7236,0.1377,73.7760,5.1136
4928.6000,96.7379,0.1394,74.6028,5.1611
4928.7000,96.7534,0.1411,74.6778,5.1656
4928.8000,96.7677,0.1428,73.8562,5.1189
4928.9000,96.7798,0.1445,72.3768,5.0346
4929.0000,96.7881,0.1462,70.2763,4.9147
4929.1000,96.7918,0.1479,68.7033,4.8249
4929.2000,96.7939,0.1496,67.6035,4.7621
4929.3000,96.7932,0.1513,66.2750,4.6861
4929.4000,96.7900,0.1531,64.6584,4.5937
4929.5000,96.7829,0.1548,63.2736,4.5145
4929.6000,96.7742,0.1565,62.5128,4.4709
4929.7000,96.7640,0.1583,62.6181,4.4767
4929.8000,96.7557,0.1600,63.8772,4.5485
4929.9000,96.7504,0.1618,65.8581,4.6616
4930.0000,96.7497,0.1636,67.4776,4.7542
4930.1000,96.7506,0.1653,68.0559,4.7872
4930.2000,96.7520,0.1671,68.1838,4.7946
4930.3000,96.7533,0.1689,68.4169,4.8079
4930.4000,96.7555,0.1707,68.6541,4.8215
4930.5000,96.7576,0.1725,68.8410,4.8322
4930.6000,96.7604,0.1743,68.7941,4.8296
4930.7000,96.7622,0.1761,68.1006,4.7900
4930.8000,96.7621,0.1780,66.7878,4.7149
4930.9000,96.7586,0.1798,65.0468,4.6154
4931.0000,96.7517,0.1817,63.4947,4.5266
4931.1000,96.7421,0.1835,62.0823,4.4458
4931.2000,96.7296,0.1854,60.5047,4.3554
4931.3000,96.7137,0.1873,58.5012,4.2407
4931.4000,96.6934,0.1892,56.7674,4.1413
4931.5000,96.6707,0.1911,55.0272,4.0445
4931.6000,96.6436,0.1931,53.5220,3.9630
4931.7000,96.6151,0.1950,52.4643,3.9055
4931.8000,96.5839,0.1970,51.4538,3.8504
4931.9000,96.5515,0.1989,50.8121,3.8151
4932.0000,96.5179,0.2009,50.7951,3.8136
4932.1000,96.4855,0.2029,50.7783,3.8122
4932.2000,96.4518,0.2049,50.7031,3.8075
4932.3000,96.4192,0.2069,50.8445,3.8146
4932.4000,96.3861,0.2090,50.3808,3.7890
4932.5000,96.3518,0.2110,49.7002,3.7515
4932.6000,96.3161,0.2131,49.9658,3.7653
4932.7000,96.2829,0.2152,51.1610,3.8295
4932.8000,96.2520,0.2173,52.8120,3.9181
4932.9000,96.2252,0.2194,54.7421,4.0215
4933.0000,96.2019,0.2215,56.6688,4.1280
4933.1000,96.1827,0.2237,58.2166,4.2161
4933.2000,96.1655,0.2259,59.2424,4.2745
4933.3000,96.1503,0.2281,60.1761,4.3276
4933.4000,96.1366,0.2303,61.3938,4.3969
4933.5000,96.1262,0.2325,62.5936,4.4653
4933.6000,96.1171,0.2347,63.4796,4.5158
4933.7000,96.1101,0.2370,64.5329,4.5758
4933.8000,96.1051,0.2393,65.8263,4.6496
4933.9000,96.1030,0.2416,67.2002,4.7281
4934.0000,96.1032,0.2439,68.4786,4.8011
4934.1000,96.1060,0.2463,69.4403,4.8561
4934.2000,96.1098,0.2487,70.2068,4.8999
4934.3000,96.1154,0.2510,70.7619,4.9317
4934.4000,96.1212,0.2535,71.0438,4.9479
4934.5000,96.1277,0.2559,71.5321,4.9759
4934.6000,96.1353,0.2584,71.5902,4.9794
4934.7000,96.1418,0.2608,70.8459,4.9369
4934.8000,96.1462,0.2633,70.0433,4.8912
4934.9000,96.1493,0.2659,69.0882,4.8367
4935.0000,96.1498,0.2684,68.0185,4.7756
4935.1000,96.1485,0.2710,67.8360,4.7651
4935.2000,96.1481,0.2736,67.7654,4.7611
4935.3000,96.1464,0.2762,67.4177,4.7412
4935.4000,96.1445,0.2789,67.5556,4.7490
4935.5000,96.1432,0.2815,67.5567,4.7491
4935.6000,96.1410,0.2842,67.0460,4.7199
4935.7000,96.1375,0.2870,66.8061,4.7061
4935.8000,96.1343,0.2897,66.6207,4.6955
4935.9000,96.1299,0.2925,66.2073,4.6718
4936.0000,96.1249,0.2953,66.3817,4.6817
4936.1000,96.1211,0.2981,67.4443,4.7423
4936.2000,96.1201,0.3010,68.7564,4.8172
4936.3000,96.1212,0.3039,69.6942,4.8708
4936.4000,96.1237,0.3068,70.1684,4.8980
4936.5000,96.1264,0.3097,69.9355,4.8847
4936.6000,96.1278,0.3127,69.4739,4.8583
4936.7000,96.1285,0.3156,69.3485,4.8512
4936.8000,96.1292,0.3187,69.6753,4.8699
4936.9000,96.1310,0.3217,70.4047,4.9116
4937.0000,96.1343,0.3248,70.9744,4.9442
4937.1000,96.1381,0.3279,70.9549,4.9431
4937.2000,96.1411,0.3310,70.6508,4.9258
4937.3000,96.1435,0.3342,70.6454,4.9255
4937.4000,96.1462,0.3373,70.8242,4.9358
4937.5000,96.1491,0.3406,70.8888,4.9395
4937.6000,96.1518,0.3438,70.8530,4.9375
4937.7000,96.1543,0.3471,71.1285,4.9533
4937.8000,96.1579,0.3504,71.4193,4.9700
4937.9000,96.1612,0.3537,71.7360,4.9881
4938.0000,96.1658,0.3571,73.2696,5.0758
4938.1000,96.1750,0.3605,75.9021,5.2263
4938.2000,96.1896,0.3639,78.5135,5.3757
4938.3000,96.2086,0.3673,80.6843,5.5000
4938.4000,96.2314,0.3708,82.1356,5.5833
4938.5000,96.2558,0.3743,82.2064,5.5877
4938.6000,96.2784,0.3779,81.0480,5.5219
4938.7000,96.2978,0.3815,78.9332,5.4014
4938.8000,96.3118,0.3851,76.2715,5.2496
4938.9000,96.3204,0.3887,73.8880,5.1136
4939.0000,96.3247,0.3924,71.8090,4.9949
4939.1000,96.3249,0.3961,70.0606,4.8950
4939.2000,96.3221,0.3998,69.0323,4.8362
4939.3000,96.3180,0.4036,68.8523,4.8258
4939.4000,96.3143,0.4074,69.1949,4.8454
4939.5000,96.3113,0.4112,69.8752,4.8842
4939.6000,96.3100,0.4151,70.7453,4.9339
4939.7000,96.3102,0.4190,71.5647,4.9807
4939.8000,96.3118,0.4229,72.2607,5.0205
4939.9000,96.3145,0.4268,72.5916,5.0394
4940.0000,96.3171,0.4308,72.6972,5.0455
4940.1000,96.3199,0.4349,72.0773,5.0101
4940.2000,96.3198,0.4389,71.1875,4.9593
4940.3000,96.3188,0.4430,70.6856,4.9306
4940.4000,96.3165,0.4471,70.2389,4.9050
4940.5000,96.3135,0.4513,70.5031,4.9201
4940.6000,96.3120,0.4554,71.7340,4.9904
4940.7000,96.3135,0.4596,72.6844,5.0447
4940.8000,96.3154,0.4639,72.8711,5.0554
4940.9000,96.3174,0.4682,73.3336,5.0818
4941.0000,96.3208,0.4725,73.7073,5.1032
4941.1000,96.3239,0.4768,73.7883,5.1079
4941.2000,96.3273,0.4812,74.7911,5.1653
4941.3000,96.3340,0.4856,76.2093,5.2464
4941.4000,96.3426,0.4900,76.8757,5.2846
4941.5000,96.3516,0.4945,77.6121,5.3268
4941.6000,96.3628,0.4990,78.8586,5.3982
4941.7000,96.3763,0.5035,79.8397,5.4545
4941.8000,96.3908,0.5081,81.0026,5.5212
4941.9000,96.4085,0.5127,82.6711,5.6168
4942.0000,96.4291,0.5173,83.6592,5.6736
4942.1000,96.4502,0.5220,84.0111,5.6940
4942.2000,96.4717,0.5267,84.2008,5.7052
4942.3000,96.4930,0.5314,83.5739,5.6697
4942.4000,96.5117,0.5362,81.9596,5.5778
4942.5000,96.5262,0.5410,79.9630,5.4640
4942.6000,96.5366,0.5458,77.6987,5.3348
4942.7000,96.5419,0.5507,75.4065,5.2039
4942.8000,96.5429,0.5555,73.7069,5.1068
4942.9000,96.5412,0.5605,73.3437,5.0860
4943.0000,96.5405,0.5654,74.2195,5.1360
4943.1000,96.5419,0.5704,75.6979,5.2205
4943.2000,96.5467,0.5754,77.1487,5.3035
4943.3000,96.5533,0.5805,77.8274,5.3424
4943.4000,96.5604,0.5855,77.7513,5.3381
4943.5000,96.5663,0.5907,76.6291,5.2741
4943.6000,96.5686,0.5958,74.0254,5.1254
4943.7000,96.5640,0.6010,70.6498,4.9325
4943.8000,96.5527,0.6062,67.8697,4.7734
4943.9000,96.5370,0.6114,65.5611,4.6413
4944.0000,96.5165,0.6167,62.8570,4.4865
4944.1000,96.4899,0.6220,60.4505,4.3486
4944.2000,96.4598,0.6273,59.0667,4.2690
4944.3000,96.4277,0.6326,57.8553,4.1993
4944.4000,96.3926,0.6380,55.9632,4.0907
4944.5000,96.3530,0.6434,54.9366,4.0342
4944.6000,96.3138,0.6488,55.6883,4.0739
4944.7000,96.2769,0.6543,56.9177,4.1434
4944.8000,96.2424,0.6597,57.8880,4.1983
4944.9000,96.2092,0.6653,58.8192,4.2510
4945.0000,96.1782,0.6708,59.9005,4.3123
4945.1000,96.1490,0.6763,60.2187,4.3300
4945.2000,96.1190,0.6819,60.1823,4.3274
4945.3000,96.0896,0.6875,61.0004,4.3737
4945.4000,96.0626,0.6932,62.7901,4.4755
4945.5000,96.0400,0.6988,64.4307,4.5689
4945.6000,96.0193,0.7045,66.0317,4.6600
4945.7000,96.0027,0.7102,67.3100,4.7328
4945.8000,95.9867,0.7160,67.1623,4.7241
4945.9000,95.9692,0.7218,66.6719,4.6958
4946.0000,95.9510,0.7275,66.3044,4.6745
4946.1000,95.9319,0.7334,65.5019,4.6284
4946.2000,95.9102,0.7392,64.6373,4.5787
4946.3000,95.8874,0.7451,64.0599,4.5453
4946.4000,95.8633,0.7509,62.4236,4.4515
4946.5000,95.8338,0.7569,60.1812,4.3230
4946.6000,95.8006,0.7628,58.9670,4.2531
4946.7000,95.7661,0.7687,58.0420,4.1997
4946.8000,95.7290,0.7747,57.4206,4.1637
4946.9000,95.6919,0.7807,57.9497,4.1933
4947.0000,95.6568,0.7867,58.4763,4.2229
4947.1000,95.6216,0.7928,57.5251,4.1680
4947.2000,95.5825,0.7988,55.9704,4.0786
4947.3000,95.5410,0.8049,54.7473,4.0102
4947.4000,95.4970,0.8110,53.3056,3.9320
4947.5000,95.4496,0.8171,51.8713,3.8539
4947.6000,95.3997,0.8233,50.5157,3.7798
4947.7000,95.3469,0.8294,48.9074,3.6919
4947.8000,95.2906,0.8356,47.0695,3.5911
4947.9000,95.2303,0.8418,45.6609,3.5134
4948.0000,95.1684,0.8480,45.6688,3.5128
4948.1000,95.1081,0.8542,47.2814,3.5996
4948.2000,95.0525,0.8604,49.4781,3.7179
4948.3000,95.0008,0.8667,51.8733,3.8465
4948.4000,94.9546,0.8729,55.2053,4.0254
4948.5000,94.9161,0.8792,58.6681,4.2225
4948.6000,94.8834,0.8855,61.1714,4.3649
4948.7000,94.8546,0.8918,63.3417,4.4884
4948.8000,94.8304,0.8982,65.4661,4.6093
4948.9000,94.8098,0.9045,66.1555,4.6483
4949.0000,94.7880,0.9109,65.3614,4.6026
4949.1000,94.7640,0.9172,64.6405,4.5611
4949.2000,94.7390,0.9236,64.7662,4.5679
4949.3000,94.7152,0.9300,64.7005,4.5638
4949.4000,94.6897,0.9365,64.3612,4.5440
4949.5000,94.6643,0.9429,64.1844,4.5336
4949.6000,94.6378,0.9493,63.6711,4.5039
4949.7000,94.6101,0.9558,62.9101,4.4600
4949.8000,94.5803,0.9623,62.4552,4.4336
4949.9000,94.5505,0.9687,61.9887,4.4065
4950.0000,94.5186,0.9752,61.2189,4.3621
4950.1000,94.4855,0.9817,60.6101,4.3268
4950.2000,94.4510,0.9882,59.4917,4.2625
4950.3000,94.4132,0.9948,57.5956,4.1537
4950.4000,94.3709,1.0013,56.0180,4.0630
4950.5000,94.3266,1.0078,55.4802,4.0316
4950.6000,94.2819,1.0144,55.4598,4.0298
4950.7000,94.2374,1.0209,56.5003,4.0885
4950.8000,94.1968,1.0275,59.2759,4.2463
4950.9000,94.1631,1.0341,62.7381,4.4434
4951.0000,94.1362,1.0406,65.9683,4.6274
4951.1000,94.1152,1.0472,68.9880,4.7994
4951.2000,94.1001,1.0538,71.4317,4.9386
4951.3000,94.0886,1.0604,73.1295,5.0353
4951.4000,94.0799,1.0670,74.4268,5.1092
4951.5000,94.0732,1.0736,75.6462,5.1787
4951.6000,94.0690,1.0802,77.3080,5.2735
4951.7000,94.0686,1.0868,78.9456,5.3669
4951.8000,94.0705,1.0935,80.1481,5.4356
4951.9000,94.0745,1.1001,81.4104,5.5077
4952.0000,94.0809,1.1068,82.3168,5.5595
4952.1000,94.0881,1.1134,82.0147,5.5424
4952.2000,94.0928,1.1201,80.9529,5.4819
4952.3000,94.0952,1.1267,80.5179,5.4571
4952.4000,94.0977,1.1334,80.2767,5.4434
4952.5000,94.0987,1.1400,79.7217,5.4117
4952.6000,94.0985,1.1467,80.1395,5.4355
4952.7000,94.1007,1.1534,81.2256,5.4976
4952.8000,94.1044,1.1600,81.4220,5.5088
4952.9000,94.1069,1.1667,81.2291,5.4979
4953.0000,94.1094,1.1734,81.2386,5.4984
4953.1000,94.1114,1.1801,80.8126,5.4742
4953.2000,94.1117,1.1867,80.1848,5.4383
4953.3000,94.1108,1.1934,79.6541,5.4080
4953.4000,94.1085,1.2001,79.2865,5.3870
4953.5000,94.1057,1.2067,79.3292,5.3894
4953.6000,94.1032,1.2134,79.3673,5.3915
4953.7000,94.1000,1.2201,79.4635,5.3970
4953.8000,94.0975,1.2268,79.8739,5.4204
4953.9000,94.0955,1.2334,80.6185,5.4628
4954.0000,94.0955,1.2401,81.7281,5.5262
4954.1000,94.0976,1.2467,83.3668,5.6197
4954.2000,94.1037,1.2534,85.6376,5.7494
4954.3000,94.1144,1.2600,88.0849,5.8892
4954.4000,94.1298,1.2667,90.0664,6.0026
4954.5000,94.1479,1.2733,91.5263,6.0862
4954.6000,94.1685,1.2800,92.5342,6.1440
4954.7000,94.1900,1.2866,93.1212,6.1779
4954.8000,94.2124,1.2932,94.3637,6.2491
4954.9000,94.2383,1.2998,96.1494,6.3515
4955.0000,94.2672,1.3064,98.1191,6.4643
4955.1000,94.3002,1.3131,100.3839,6.5941
4955.2000,94.3375,1.3197,102.3060,6.7044
4955.3000,94.3775,1.3263,102.8346,6.7353
4955.4000,94.4161,1.3328,102.7504,6.7311
4955.5000,94.4550,1.3394,103.3318,6.7649
4955.6000,94.4952,1.3460,103.9486,6.8008
4955.7000,94.5358,1.3526,104.0386,6.8065
4955.8000,94.5755,1.3591,103.8320,6.7954
4955.9000,94.6145,1.3657,102.9334,6.7447
4956.0000,94.6499,1.3722,100.8975,6.6291
4956.1000,94.6800,1.3787,98.0357,6.4662
4956.2000,94.7033,1.3853,95.5482,6.3246
4956.3000,94.7229,1.3918,93.8958,6.2306
4956.4000,94.7390,1.3982,92.9709,6.1780
4956.5000,94.7543,1.4047,92.3260,6.1415
4956.6000,94.7673,1.4112,91.5074,6.0949
4956.7000,94.7788,1.4176,90.6691,6.0473
4956.8000,94.7879,1.4241,90.0845,6.0140
4956.9000,94.7966,1.4305,89.8820,6.0026
4957.0000,94.8044,1.4369,89.8698,6.0020
4957.1000,94.8126,1.4433,91.3212,6.0850
4957.2000,94.8257,1.4496,93.4231,6.2052
4957.3000,94.8417,1.4560,94.6352,6.2747
4957.4000,94.8590,1.4623,95.5910,6.3295
4957.5000,94.8783,1.4686,96.2452,6.3672
4957.6000,94.8976,1.4749,95.9990,6.3535
4957.7000,94.9153,1.4812,95.6727,6.3351
4957.8000,94.9328,1.4875,95.5098,6.3261
4957.9000,94.9493,1.4937,94.7158,6.2810
4958.0000,94.9631,1.4999,93.8166,6.2299
4958.1000,94.9754,1.5061,93.2298,6.1966
4958.2000,94.9864,1.5123,92.8725,6.1764
4958.3000,94.9968,1.5185,93.1664,6.1933
4958.4000,95.0084,1.5246,93.8194,6.2308
4958.5000,95.0210,1.5307,94.7094,6.2818
4958.6000,95.0356,1.5368,95.2380,6.3122
4958.7000,95.0497,1.5428,94.5091,6.2708
4958.8000,95.0609,1.5489,93.1892,6.1957
4958.9000,95.0693,1.5549,92.1852,6.1385
4959.0000,95.0760,1.5609,91.3051,6.0883
4959.1000,95.0804,1.5668,90.9798,6.0698
4959.2000,95.0855,1.5727,91.5802,6.1042
4959.3000,95.0918,1.5787,92.0312,6.1301
4959.4000,95.0982,1.5845,92.0669,6.1322
4959.5000,95.1042,1.5904,91.8907,6.1222
4959.6000,95.1095,1.5962,90.9110,6.0664
4959.7000,95.1112,1.6020,89.6647,5.9952
4959.8000,95.1110,1.6078,88.6223,5.9357
4959.9000,95.1082,1.6135,87.5612,5.8751
4960.0000,95.1035,1.6192,87.1521,5.8517
4960.1000,95.0987,1.6249,88.2059,5.9118
4960.2000,95.0979,1.6305,89.9406,6.0108
4960.3000,95.0996,1.6361,91.1875,6.0820
4960.4000,95.1033,1.6417,92.2645,6.1436
4960.5000,95.1089,1.6472,92.5098,6.1577
4960.6000,95.1131,1.6527,90.3244,6.0329
4960.7000,95.1096,1.6582,86.8899,5.8368
4960.8000,95.0999,1.6637,84.9018,5.7231
4960.9000,95.0882,1.6691,83.8483,5.6628
4961.0000,95.0740,1.6744,83.1031,5.6200
4961.1000,95.0591,1.6798,83.1994,5.6253
4961.2000,95.0450,1.6851,83.7386,5.6558
4961.3000,95.0320,1.6903,83.6645,5.6514
4961.4000,95.0174,1.6956,82.5463,5.5873
4961.5000,94.9997,1.7008,81.1853,5.5093
4961.6000,94.9794,1.7059,81.1236,5.5055
4961.7000,94.9612,1.7110,81.7471,5.5408
4961.8000,94.9432,1.7161,82.1711,5.5647
4961.9000,94.9266,1.7211,83.0491,5.6146
4962.0000,94.9118,1.7261,84.7206,5.7098
4962.1000,94.9016,1.7311,86.8171,5.8293
4962.2000,94.8949,1.7360,88.5398,5.9276
4962.3000,94.8912,1.7409,89.7768,5.9981
4962.4000,94.8892,1.7457,91.2330,6.0812
4962.5000,94.8910,1.7505,92.3954,6.1476
4962.6000,94.8933,1.7553,92.7330,6.1669
4962.7000,94.8961,1.7600,93.4327,6.2069
4962.8000,94.9008,1.7647,94.8251,6.2865
4962.9000,94.9087,1.7693,96.3831,6.3756
4963.0000,94.9193,1.7739,97.7501,6.4538
4963.1000,94.9323,1.7785,98.3075,6.4858
4963.2000,94.9446,1.7830,98.1454,6.4768
4963.3000,94.9566,1.7875,97.6849,6.4507
4963.4000,94.9667,1.7919,96.5337,6.3851
4963.5000,94.9737,1.7963,95.2414,6.3114
4963.6000,94.9783,1.8006,94.4532,6.2665
4963.7000,94.9819,1.8049,94.1383,6.2486
4963.8000,94.9849,1.8092,94.2832,6.2569
4963.9000,94.9887,1.8134,95.1775,6.3080
4964.0000,94.9950,1.8175,96.4286,6.3796
4964.1000,95.0034,1.8217,97.4902,6.4403
4964.2000,95.0136,1.8257,98.5470,6.5008
4964.3000,95.0259,1.8298,100.0727,6.5881
4964.4000,95.0417,1.8337,101.2361,6.6548
4964.5000,95.0583,1.8377,101.6039,6.6761
4964.6000,95.0752,1.8416,101.8970,6.6931
4964.7000,95.0924,1.8454,101.9823,6.6982
4964.8000,95.1093,1.8492,101.8698,6.6921
4964.9000,95.1257,1.8530,102.8763,6.7498
4965.0000,95.1462,1.8567,105.5599,6.9034
4965.1000,95.1728,1.8603,108.6520,7.1132
4965.2000,95.2051,1.8639,111.5996,7.3410
4965.3000,95.2429,1.8675,114.2015,7.8002
4965.4000,95.2849,1.8710,115.6096,7.8827
4965.5000,95.3278,1.8745,115.5355,7.8797
4965.6000,95.3689,1.8779,114.7651,7.8365
4965.7000,95.4081,1.8813,113.9795,7.7923
4965.8000,95.4455,1.8846,113.1550,7.7459
4965.9000,95.4809,1.8878,112.2187,7.6929
4966.0000,95.5140,1.8911,111.0613,7.6271
4966.1000,95.5444,1.8942,109.8937,7.5607
4966.2000,95.5725,1.8974,108.6513,7.4898
4966.3000,95.5974,1.9004,106.8421,7.3861
4966.4000,95.6179,1.9034,104.9801,6.8781
4966.5000,95.6352,1.9064,103.7220,6.8065
4966.6000,95.6504,1.9093,102.3974,6.7311
4966.7000,95.6621,1.9122,100.5837,6.6277
4966.8000,95.6698,1.9150,99.1495,6.5459
4966.9000,95.6756,1.9178,98.3144,6.4983
4967.0000,95.6798,1.9205,97.7322,6.4652
4967.1000,95.6831,1.9231,97.4457,6.4488
4967.2000,95.6860,1.9257,97.8058,6.4695
4967.3000,95.6904,1.9283,97.9462,6.4776
4967.4000,95.6937,1.9308,97.8517,6.4722
4967.5000,95.6976,1.9332,98.4694,6.5076
4967.6000,95.7031,1.9356,99.5452,6.5691
4967.7000,95.7110,1.9379,100.5999,6.6294
4967.8000,95.7204,1.9402,101.7523,6.6954
4967.9000,95.7327,1.9424,102.7296,6.7514
4968.0000,95.7457,1.9446,103.0868,6.7721
4968.1000,95.7591,1.9467,102.8793,6.7604
4968.2000,95.7711,1.9487,101.9298,6.7064
4968.3000,95.7805,1.9507,100.8478,6.6448
4968.4000,95.7880,1.9527,100.0587,6.5998
4968.5000,95.7941,1.9546,99.3764,6.5609
4968.6000,95.7988,1.9564,99.1251,6.5467
4968.7000,95.8037,1.9582,99.4553,6.5656
4968.8000,95.8095,1.9599,99.9440,6.5936
4968.9000,95.8162,1.9616,100.3860,6.6190
4969.0000,95.8236,1.9632,100.2972,6.6140
4969.1000,95.8298,1.9648,99.9805,6.5960
4969.2000,95.8357,1.9663,100.2008,6.6087
4969.3000,95.8426,1.9678,100.3746,6.6188
4969.4000,95.8491,1.9691,100.0411,6.5998
4969.5000,95.8546,1.9705,99.6166,6.5757
4969.6000,95.8592,1.9718,99.1811,6.5509
4969.7000,95.8629,1.9730,98.3313,6.5024
4969.8000,95.8641,1.9742,97.4384,6.4514
4969.9000,95.8641,1.9753,96.7089,6.4097
4970.0000,95.8623,1.9763,96.5599,6.4012
4970.1000,95.8617,1.9773,97.0647,6.4300
4970.2000,95.8619,1.9783,97.6472,6.4633
4970.3000,95.8635,1.9792,98.5111,6.5127
4970.4000,95.8670,1.9800,99.7638,6.5843
4970.5000,95.8735,1.9808,100.8161,6.6445
4970.6000,95.8810,1.9815,101.3927,6.6775
4970.7000,95.8896,1.9822,102.1447,6.7206
4970.8000,95.9000,1.9828,103.0032,6.7698
4970.9000,95.9119,1.9833,103.3057,6.7873
4971.0000,95.9233,1.9838,103.3295,6.7889
4971.1000,95.9352,1.9842,103.5340,6.8008
4971.2000,95.9473,1.9846,103.5626,6.8026
4971.3000,95.9591,1.9850,103.6279,6.8065
4971.4000,95.9714,1.9852,104.4186,6.8519
4971.5000,95.9862,1.9854,105.8541,6.9341
4971.6000,96.0040,1.9856,107.1298,7.0073
4971.7000,96.0237,1.9857,108.2982,7.0856
4971.8000,96.0459,1.9857,109.3894,7.1691
4971.9000,96.0697,1.9857,110.0501,7.2198
4972.0000,96.0943,1.9857,109.9570,7.2126
4972.1000,96.1175,1.9855,109.6948,7.1925
4972.2000,96.1409,1.9854,109.9011,7.2083
4972.3000,96.1647,1.9851,110.2333,7.2339
4972.4000,96.1892,1.9848,110.2552,7.2355
4972.5000,96.2129,1.9845,110.0283,7.2180
4972.6000,96.2364,1.9841,109.8371,7.2033
4972.7000,96.2592,1.9836,109.7455,7.1963
4972.8000,96.2821,1.9831,109.4050,7.1701
4972.9000,96.3034,1.9826,109.0875,7.1458
4973.0000,96.3250,1.9819,108.9307,7.1338
4973.1000,96.3455,1.9813,108.7380,7.1191
4973.2000,96.3662,1.9805,108.6646,7.1135
4973.3000,96.3864,1.9797,108.2846,7.0845
4973.4000,96.4054,1.9789,107.1662,7.0161
4973.5000,96.4211,1.9780,105.6427,6.9294
4973.6000,96.4341,1.9770,103.7917,6.8238
4973.7000,96.4425,1.9760,101.6524,6.7018
4973.8000,96.4471,1.9750,99.9639,6.6054
4973.9000,96.4489,1.9739,98.5925,6.5270
4974.0000,96.4483,1.9727,97.7137,6.4768
4974.1000,96.4467,1.9715,98.0439,6.4957
4974.2000,96.4474,1.9702,99.1899,6.5611
4974.3000,96.4505,1.9689,100.6661,6.6455
4974.4000,96.4570,1.9675,102.6323,6.7580
4974.5000,96.4678,1.9660,104.4228,6.8605
4974.6000,96.4814,1.9646,105.7870,6.9386
4974.7000,96.4975,1.9630,105.8746,6.9439
4974.8000,96.5114,1.9614,104.8240,6.8841
4974.9000,96.5233,1.9598,103.6532,6.8174
4975.0000,96.5327,1.9581,102.6619,6.7609
4975.1000,96.5408,1.9563,101.7673,6.7100
4975.2000,96.5467,1.9545,101.0314,6.6680
4975.3000,96.5520,1.9527,100.3680,6.6302
4975.4000,96.5554,1.9508,99.5579,6.5840
4975.5000,96.5576,1.9488,98.7418,6.5374
4975.6000,96.5579,1.9468,97.2096,6.4499
4975.7000,96.5543,1.9448,95.2781,6.3394
4975.8000,96.5472,1.9427,93.9371,6.2627
4975.9000,96.5386,1.9405,93.1372,6.2169
4976.0000,96.5286,1.9383,93.0352,6.2109
4976.1000,96.5198,1.9361,93.2836,6.2249
4976.2000,96.5110,1.9338,93.1118,6.2149
4976.3000,96.5017,1.9314,92.2770,6.1671
4976.4000,96.4899,1.9291,91.1268,6.1012
4976.5000,96.4763,1.9266,89.8412,6.0275
4976.6000,96.4597,1.9241,89.5009,6.0078
4976.7000,96.4452,1.9216,90.5399,6.0669
4976.8000,96.4329,1.9190,92.3800,6.1718
4976.9000,96.4258,1.9164,94.3542,6.2845
4977.0000,96.4215,1.9137,95.4806,6.3488
4977.1000,96.4191,1.9110,95.7399,6.3636
4977.2000,96.4160,1.9082,95.4332,6.3460
4977.3000,96.4126,1.9054,94.7279,6.3056
4977.4000,96.4069,1.9026,93.7138,6.2476
4977.5000,96.3998,1.8997,93.2063,6.2185
4977.6000,96.3924,1.8967,92.9244,6.2023
4977.7000,96.3844,1.8938,92.6551,6.1868
4977.8000,96.3762,1.8907,92.9356,6.2027
4977.9000,96.3696,1.8877,93.2482,6.2204
4978.0000,96.3629,1.8845,92.9645,6.2041
4978.1000,96.3554,1.8814,92.8222,6.1958
4978.2000,96.3485,1.8782,92.7090,6.1892
4978.3000,96.3408,1.8750,92.2470,6.1627
4978.4000,96.3323,1.8717,92.7591,6.1918
4978.5000,96.3269,1.8684,94.2245,6.2755
4978.6000,96.3244,1.8650,95.3151,6.3377
4978.7000,96.3236,1.8616,96.7563,6.4201
4978.8000,96.3270,1.8582,98.8600,6.5403
4978.9000,96.3346,1.8547,100.2617,6.6205
4979.0000,96.3437,1.8512,101.3957,6.6854
4979.1000,96.3559,1.8476,102.5469,6.7514
4979.2000,96.3696,1.8440,102.8243,6.7675
4979.3000,96.3830,1.8404,102.4686,6.7474
4979.4000,96.3955,1.8367,102.5616,6.7529
4979.5000,96.4095,1.8330,103.0470,6.7809
4979.6000,96.4240,1.8293,103.6421,6.8151
4979.7000,96.4404,1.8255,104.3523,6.8560
4979.8000,96.4578,1.8217,104.2328,6.8494
4979.9000,96.4739,1.8179,103.3676,6.8003
4980.0000,96.4880,1.8140,102.3406,6.7418
4980.1000,96.5002,1.8101,101.0446,6.6680
4980.2000,96.5095,1.8061,100.2193,6.6210
4980.3000,96.5186,1.8021,100.2767,6.6244
4980.4000,96.5283,1.7981,100.5163,6.6383
4980.5000,96.5386,1.7940,100.3170,6.6271
4980.6000,96.5477,1.7899,99.8869,6.6026
4980.7000,96.5565,1.7858,99.3742,6.5735
4980.8000,96.5638,1.7817,98.9812,6.5512
4980.9000,96.5713,1.7775,98.9538,6.5497
4981.0000,96.5787,1.7733,99.2095,6.5645
4981.1000,96.5874,1.7690,100.0020,6.6099
4981.2000,96.5981,1.7648,100.5234,6.6399
4981.3000,96.6091,1.7605,100.1485,6.6186
4981.4000,96.6186,1.7561,99.2682,6.5685
4981.5000,96.6263,1.7518,98.3283,6.5149
4981.6000,96.6323,1.7474,97.4977,6.4676
4981.7000,96.6371,1.7430,97.2531,6.4537
4981.8000,96.6424,1.7385,98.2403,6.5102
4981.9000,96.6513,1.7341,100.0928,6.6162
4982.0000,96.6641,1.7296,101.8348,6.7159
4982.1000,96.6800,1.7250,103.5987,6.8170
4982.2000,96.6998,1.7205,105.2503,6.9117
4982.3000,96.7223,1.7159,106.2991,6.9720
4982.4000,96.7464,1.7113,106.8203,7.0022
4982.5000,96.7710,1.7067,106.5020,6.9844
4982.6000,96.7940,1.7021,105.4840,6.9266
4982.7000,96.8148,1.6974,104.6550,6.8796
4982.8000,96.8346,1.6927,103.6101,6.8202
4982.9000,96.8515,1.6880,102.3161,6.7466
4983.0000,96.8665,1.6833,101.9875,6.7281
4983.1000,96.8823,1.6785,101.8177,6.7186
4983.2000,96.8968,1.6737,101.5340,6.7026
4983.3000,96.9117,1.6689,101.3742,6.6938
4983.4000,96.9258,1.6641,100.4334,6.6402
4983.5000,96.9373,1.6593,98.8895,6.5522
4983.6000,96.9456,1.6544,97.0655,6.4481
4983.7000,96.9502,1.6495,94.8712,6.3228
4983.8000,96.9503,1.6447,93.5018,6.2445
4983.9000,96.9499,1.6397,93.2683,6.2312
4984.0000,96.9494,1.6348,93.4615,6.2422
4984.1000,96.9501,1.6299,94.4180,6.2969
4984.2000,96.9537,1.6249,96.0932,6.3927
4984.3000,96.9612,1.6200,97.9700,6.5001
4984.4000,96.9723,1.6150,100.3951,6.6388
4984.5000,96.9895,1.6100,103.5588,6.8199
4984.6000,97.0132,1.6050,106.8451,7.0081
4984.7000,97.0434,1.6000,109.4153,7.1708
4984.8000,97.0771,1.5949,110.8430,7.2803
4984.9000,97.1129,1.5899,111.2900,7.3148
4985.0000,97.1485,1.5848,110.0745,7.2213
4985.1000,97.1795,1.5797,107.7602,7.0633
4985.2000,97.2062,1.5746,104.9754,6.9046
4985.3000,97.2266,1.5695,101.6387,6.7142
4985.4000,97.2404,1.5644,98.1761,6.5166
4985.5000,97.2476,1.5593,95.2678,6.3505
4985.6000,97.2505,1.5542,92.5960,6.1978
4985.7000,97.2476,1.5490,89.7425,6.0347
4985.8000,97.2398,1.5439,87.2353,5.8912
4985.9000,97.2275,1.5388,85.7328,5.8052
4986.0000,97.2143,1.5336,85.6065,5.7977
4986.1000,97.2021,1.5285,86.5920,5.8538
4986.2000,97.1931,1.5233,88.6572,5.9717
4986.3000,97.1893,1.5181,91.0443,6.1081
4986.4000,97.1900,1.5130,92.6391,6.1993
4986.5000,97.1927,1.5078,92.8391,6.2107
4986.6000,97.1945,1.5026,91.6348,6.1419
4986.7000,97.1929,1.4974,89.4460,6.0168
4986.8000,97.1866,1.4923,87.0452,5.8795
4986.9000,97.1760,1.4871,84.6824,5.7443
4987.0000,97.1609,1.4819,82.1599,5.5999
4987.1000,97.1410,1.4767,79.3323,5.4379
4987.2000,97.1155,1.4715,76.7964,5.2926
4987.3000,97.0862,1.4664,75.1386,5.1974
4987.4000,97.0548,1.4612,73.6889,5.1140
4987.5000,97.0205,1.4560,72.6908,5.0564
4987.6000,96.9857,1.4509,73.2691,5.0889
4987.7000,96.9543,1.4457,74.2831,5.1463
4987.8000,96.9240,1.4405,74.9026,5.1812
4987.9000,96.8955,1.4354,76.5090,5.2726
4988.0000,96.8721,1.4302,78.7892,5.4025
4988.1000,96.8530,1.4251,80.6512,5.5086
4988.2000,96.8373,1.4200,83.1811,5.6529
4988.3000,96.8286,1.4148,85.9427,5.8106
4988.4000,96.8241,1.4097,87.4663,5.8976
4988.5000,96.8216,1.4046,88.9559,5.9826
4988.6000,96.8233,1.3995,91.2670,6.1147
4988.7000,96.8302,1.3944,93.0717,6.2180
4988.8000,96.8392,1.3893,93.7287,6.2557
4988.9000,96.8490,1.3842,93.9047,6.2659
4989.0000,96.8589,1.3791,93.9625,6.2693
4989.1000,96.8692,1.3741,93.9216,6.2672
4989.2000,96.8793,1.3690,93.9279,6.2677
4989.3000,96.8898,1.3639,94.8381,6.3199
4989.4000,96.9037,1.3589,96.5066,6.4155
4989.5000,96.9209,1.3539,97.8987,6.4953
4989.6000,96.9404,1.3488,99.0836,6.5634
4989.7000,96.9625,1.3438,100.2960,6.6330
4989.8000,96.9869,1.3388,101.8044,6.7196
4989.9000,97.0150,1.3338,103.4624,6.8149
4990.0000,97.0460,1.3289,104.5164,6.8756
4990.1000,97.0783,1.3239,104.9749,6.9024
4990.2000,97.1111,1.3189,104.6173,6.8825
4990.3000,97.1420,1.3140,103.2521,6.8050
4990.4000,97.1696,1.3091,101.9110,6.7288
4990.5000,97.1955,1.3042,100.6494,6.6572
4990.6000,97.2183,1.2993,99.0806,6.5679
4990.7000,97.2382,1.2944,98.2353,6.5199
4990.8000,97.2579,1.2895,98.3719,6.5281
4990.9000,97.2785,1.2847,98.6736,6.5456
4991.0000,97.2996,1.2798,99.2632,6.5797
4991.1000,97.3227,1.2750,99.7733,6.6093
4991.2000,97.3458,1.2702,99.3537,6.5857
4991.3000,97.3674,1.2654,98.1843,6.5192
4991.4000,97.3862,1.2607,96.2937,6.4114
4991.5000,97.4006,1.2559,93.8118,6.2698
4991.6000,97.4100,1.2512,91.5735,6.1420
4991.7000,97.4160,1.2465,90.1412,6.0603
4991.8000,97.4201,1.2418,88.8015,5.9838
4991.9000,97.4212,1.2371,87.4828,5.9084
4992.0000,97.4205,1.2325,86.5038,5.8524
4992.1000,97.4181,1.2279,85.4141,5.7901
4992.2000,97.4135,1.2233,84.0308,5.7110
4992.3000,97.4061,1.2187,83.2192,5.6645
4992.4000,97.3987,1.2142,83.2355,5.6653
4992.5000,97.3917,1.2096,83.0725,5.6558
4992.6000,97.3841,1.2051,83.0906,5.6567
4992.7000,97.3776,1.2006,83.7316,5.6933
4992.8000,97.3727,1.1962,83.9802,5.7074
4992.9000,97.3675,1.1917,83.9050,5.7030
4993.0000,97.3627,1.1873,84.2385,5.7220
4993.1000,97.3591,1.1830,84.3328,5.7273
4993.2000,97.3550,1.1786,84.1073,5.7144
4993.3000,97.3509,1.1743,83.8210,5.6979
4993.4000,97.3460,1.1700,83.3490,5.6709
4993.5000,97.3404,1.1657,83.1265,5.6581
4993.6000,97.3349,1.1614,83.4563,5.6768
4993.7000,97.3309,1.1572,83.8231,5.6977
4993.8000,97.3272,1.1530,84.4949,5.7361
4993.9000,97.3261,1.1489,85.8099,5.8112
4994.0000,97.3278,1.1447,87.5568,5.9111
4994.1000,97.3338,1.1406,88.9085,5.9884
4994.2000,97.3409,1.1365,89.8408,6.0418
4994.3000,97.3507,1.1325,90.6569,6.0887
4994.4000,97.3613,1.1285,90.9518,6.1057
4994.5000,97.3724,1.1245,91.1844,6.1192
4994.6000,97.3840,1.1205,91.7903,6.1540
4994.7000,97.3977,1.1166,92.4237,6.1904
4994.8000,97.4119,1.1126,92.7622,6.2100
4994.9000,97.4270,1.1088,93.4974,6.2523
4995.0000,97.4443,1.1049,94.3048,6.2987
4995.1000,97.4627,1.1011,94.2914,6.2983
4995.2000,97.4800,1.0973,94.0543,6.2850
4995.3000,97.4976,1.0936,93.9037,6.2767
4995.4000,97.5144,1.0898,92.5542,6.1999
4995.5000,97.5269,1.0861,89.3957,6.0195
4995.6000,97.5317,1.0825,86.0380,5.8277
4995.7000,97.5314,1.0789,83.0708,5.6580
4995.8000,97.5249,1.0753,80.2282,5.4955
4995.9000,97.5139,1.0717,77.5419,5.3417
4996.0000,97.4974,1.0682,75.5148,5.2256
4996.1000,97.4788,1.0647,73.7842,5.1263
4996.2000,97.4560,1.0612,71.2216,4.9795
4996.3000,97.4279,1.0578,68.2500,4.8092
4996.4000,97.3939,1.0544,66.2922,4.6967
4996.5000,97.3587,1.0510,65.8520,4.6710
4996.6000,97.3235,1.0477,65.7504,4.6646
4996.7000,97.2884,1.0444,66.6251,4.7141
4996.8000,97.2570,1.0412,68.2284,4.8052
4996.9000,97.2285,1.0379,69.1570,4.8578
4997.0000,97.2012,1.0348,70.2221,4.9182
4997.1000,97.1773,1.0316,72.4767,5.0467
4997.2000,97.1591,1.0285,74.7196,5.1746
4997.3000,97.1442,1.0254,77.0440,5.3072
4997.4000,97.1353,1.0224,79.8112,5.4652
4997.5000,97.1314,1.0194,81.2906,5.5497
4997.6000,97.1286,1.0164,81.4542,5.5590
4997.7000,97.1255,1.0135,81.8871,5.5837
4997.8000,97.1246,1.0106,82.3409,5.6096
4997.9000,97.1235,1.0077,82.9781,5.6460
4998.0000,97.1253,1.0049,84.8345,5.7521
4998.1000,97.1316,1.0021,87.2509,5.8903
4998.2000,97.1429,0.9993,89.3425,6.0101
4998.3000,97.1574,0.9966,91.3113,6.1228
4998.4000,97.1764,0.9939,93.3522,6.2398
4998.5000,97.1990,0.9913,94.6938,6.3168
4998.6000,97.2232,0.9887,94.9986,6.3347
4998.7000,97.2469,0.9861,94.7324,6.3199
4998.8000,97.2701,0.9835,94.3187,6.2966
4998.9000,97.2922,0.9810,93.2253,6.2345
4999.0000,97.3111,0.9786,91.0757,6.1119
4999.1000,97.3249,0.9761,89.3457,6.0133
4999.2000,97.3371,0.9737,89.1916,6.0047
4999.3000,97.3504,0.9714,89.4366,6.0189
4999.4000,97.3637,0.9690,89.6376,6.0306
4999.5000,97.3778,0.9667,90.5178,6.0812
4999.6000,97.3945,0.9645,91.6231,6.1446
4999.7000,97.4129,0.9623,91.9981,6.1664
4999.8000,97.4311,0.9601,92.0871,6.1718
4999.9000,97.4499,0.9579,92.2378,6.1807
5000.0000,97.4687,0.9558,91.8281,6.1576
5000.1000,97.4859,0.9537,90.7327,6.0953
5000.2000,97.5004,0.9517,88.9142,5.9916
5000.3000,97.5106,0.9497,86.3089,5.8428
5000.4000,97.5151,0.9477,83.5444,5.6849
5000.5000,97.5147,0.9458,81.6343,5.5757
5000.6000,97.5119,0.9439,81.3803,5.5611
5000.7000,97.5107,0.9421,82.1045,5.6025
5000.8000,97.5109,0.9402,83.2490,5.6679
5000.9000,97.5141,0.9385,84.5973,5.7450
5001.0000,97.5197,0.9367,85.5425,5.7991
5001.1000,97.5267,0.9350,85.5233,5.7982
5001.2000,97.5322,0.9333,84.8709,5.7610
5001.3000,97.5368,0.9317,84.2557,5.7259
5001.4000,97.5400,0.9301,83.5752,5.6870
5001.5000,97.5420,0.9285,83.4501,5.6799
5001.6000,97.5448,0.9270,83.8723,5.7041
5001.7000,97.5485,0.9255,84.5230,5.7413
5001.8000,97.5539,0.9240,85.4581,5.7949
5001.9000,97.5614,0.9226,86.4261,5.8504
5002.0000,97.5705,0.9212,86.9040,5.8778
5002.1000,97.5798,0.9198,87.0788,5.8880
5002.2000,97.5897,0.9185,86.7522,5.8695
5002.3000,97.5978,0.9172,85.8732,5.8194
5002.4000,97.6043,0.9160,84.8351,5.7601
5002.5000,97.6084,0.9147,83.2280,5.6683
5002.6000,97.6087,0.9136,81.2934,5.5577
5002.7000,97.6054,0.9124,80.0635,5.4874
5002.8000,97.6011,0.9113,79.8878,5.4773
5002.9000,97.5972,0.9102,80.8566,5.5326
5003.0000,97.5967,0.9092,82.2831,5.6141
5003.1000,97.5984,0.9081,83.6840,5.6942
5003.2000,97.6034,0.9072,85.1596,5.7786
5003.3000,97.6108,0.9062,85.2255,5.7825
5003.4000,97.6161,0.9053,83.4832,5.6830
5003.5000,97.6168,0.9044,82.4670,5.6250
5003.6000,97.6182,0.9036,81.9362,5.5946
5003.7000,97.6169,0.9028,80.5290,5.5142
5003.8000,97.6130,0.9020,79.8630,5.4760
5003.9000,97.6092,0.9012,80.0209,5.4850
5004.0000,97.6059,0.9005,79.5450,5.4577
5004.1000,97.6003,0.8998,78.8019,5.4152
5004.2000,97.5943,0.8992,78.6062,5.4039
5004.3000,97.5880,0.8985,79.1777,5.4364
5004.4000,97.5843,0.8979,80.2738,5.4990
5004.5000,97.5823,0.8974,81.4694,5.5674
5004.6000,97.5833,0.8968,82.6726,5.6361
5004.7000,97.5860,0.8963,84.0163,5.7130
5004.8000,97.5921,0.8959,84.8613,5.7614
5004.9000,97.5982,0.8954,84.9819,5.7684
5005.0000,97.6047,0.8950,84.8760,5.7625
5005.1000,97.6103,0.8946,84.5992,5.7467
5005.2000,97.6158,0.8943,83.9981,5.7125
5005.3000,97.6191,0.8940,82.8297,5.6457
5005.4000,97.6200,0.8937,81.7451,5.5837
5005.5000,97.6191,0.8934,81.2712,5.5566
5005.6000,97.6182,0.8932,81.5919,5.5749
5005.7000,97.6186,0.8929,82.7063,5.6387
5005.8000,97.6221,0.8928,85.3092,5.7875
5005.9000,97.6324,0.8926,88.5656,5.9738
5006.0000,97.6485,0.8925,91.2740,6.1289
5006.1000,97.6692,0.8924,93.1188,6.2348
5006.2000,97.6922,0.8923,94.0528,6.2885
5006.3000,97.7164,0.8922,94.0248,6.2873
5006.4000,97.7391,0.8922,93.4399,6.2543
5006.5000,97.7608,0.8922,92.8517,6.2210
5006.6000,97.7811,0.8922,93.1987,6.2412
5006.7000,97.8040,0.8923,94.1232,6.2945
5006.8000,97.8277,0.8924,94.4612,6.3142
5006.9000,97.8517,0.8925,94.4013,6.3112
5007.0000,97.8750,0.8926,94.0933,6.2940
5007.1000,97.8976,0.8927,93.0564,6.2351
5007.2000,97.9167,0.8929,91.6198,6.1533
5007.3000,97.9337,0.8931,90.4859,6.0887
5007.4000,97.9482,0.8933,90.1059,6.0672
5007.5000,97.9636,0.8935,90.8797,6.1117
5007.6000,97.9810,0.8938,91.7721,6.1630
5007.7000,97.9996,0.8941,92.5767,6.2094
5007.8000,98.0200,0.8944,93.5417,6.2649
5007.9000,98.0422,0.8947,93.8337,6.2820
5008.0000,98.0634,0.8951,92.8607,6.2267
5008.1000,98.0817,0.8954,91.8736,6.1706
5008.2000,98.0990,0.8958,91.0705,6.1249
5008.3000,98.1141,0.8962,90.2361,6.0775
5008.4000,98.1280,0.8966,89.9158,6.0594
5008.5000,98.1417,0.8971,89.6576,6.0449
5008.6000,98.1545,0.8975,88.9177,6.0028
5008.7000,98.1652,0.8980,88.3468,5.9703
5008.8000,98.1757,0.8985,87.6774,5.9322
5008.9000,98.1837,0.8990,86.8798,5.8867
5009.0000,98.1910,0.8996,86.8121,5.8830
5009.1000,98.1987,0.9001,86.9565,5.8914
5009.2000,98.2065,0.9007,86.6853,5.8760
5009.3000,98.2130,0.9012,86.3928,5.8594
5009.4000,98.2196,0.9018,86.2652,5.8522
5009.5000,98.2255,0.9024,86.2957,5.8541
5009.6000,98.2322,0.9031,86.9752,5.8930
5009.7000,98.2406,0.9037,88.3999,5.9746
5009.8000,98.2526,0.9044,90.5659,6.0987
5009.9000,98.2693,0.9050,92.4470,6.2066
5010.0000,98.2883,0.9057,93.4892,6.2665
5010.1000,98.3088,0.9064,93.9858,6.2952
5010.2000,98.3295,0.9071,93.3920,6.2616
5010.3000,98.3475,0.9078,91.5661,6.1575
5010.4000,98.3611,0.9085,89.7618,6.0546
5010.5000,98.3720,0.9093,88.5066,5.9830
5010.6000,98.3806,0.9100,87.9884,5.9535
5010.7000,98.3894,0.9108,88.4208,5.9784
5010.8000,98.3995,0.9115,88.9757,6.0103
5010.9000,98.4103,0.9123,89.1114,6.0182
5011.0000,98.4208,0.9131,88.8182,6.0016
5011.1000,98.4304,0.9139,88.0100,5.9556
5011.2000,98.4377,0.9147,87.2627,5.9130
5011.3000,98.4442,0.9155,87.2971,5.9150
5011.4000,98.4516,0.9163,87.8784,5.9484
5011.5000,98.4603,0.9172,88.5896,5.9892
5011.6000,98.4702,0.9180,89.0144,6.0137
5011.7000,98.4804,0.9188,88.4440,5.9812
5011.8000,98.4880,0.9197,86.7312,5.8834
5011.9000,98.4915,0.9205,84.2967,5.7442
5012.0000,98.4897,0.9214,81.4635,5.5822
5012.1000,98.4823,0.9222,78.5580,5.4159
5012.2000,98.4694,0.9231,76.2703,5.2848
5012.3000,98.4532,0.9239,74.9417,5.2086
5012.4000,98.4353,0.9248,74.8873,5.2052
5012.5000,98.4190,0.9257,75.8708,5.2611
5012.6000,98.4048,0.9265,77.1105,5.3318
5012.7000,98.3933,0.9274,78.2234,5.3953
5012.8000,98.3835,0.9283,79.2870,5.4559
5012.9000,98.3761,0.9292,79.6958,5.4792
5013.0000,98.3678,0.9300,78.8178,5.4288
5013.1000,98.3570,0.9309,77.2385,5.3383
5013.2000,98.3426,0.9318,75.5985,5.2443
5013.3000,98.3256,0.9327,74.2994,5.1697
5013.4000,98.3063,0.9335,74.0215,5.1535
5013.5000,98.2883,0.9344,74.8244,5.1991
5013.6000,98.2722,0.9353,76.0964,5.2716
5013.7000,98.2591,0.9361,77.7141,5.3639
5013.8000,98.2492,0.9370,79.1093,5.4435
5013.9000,98.2415,0.9378,79.5776,5.4702
5014.0000,98.2335,0.9387,79.7148,5.4779
5014.1000,98.2263,0.9395,80.8685,5.5437
5014.2000,98.2226,0.9404,82.1727,5.6182
5014.3000,98.2204,0.9412,82.9578,5.6631
5014.4000,98.2198,0.9420,84.0855,5.7276
5014.5000,98.2219,0.9429,84.8399,5.7707
5014.6000,98.2240,0.9437,84.7321,5.7646
5014.7000,98.2256,0.9445,84.7060,5.7632
5014.8000,98.2276,0.9453,84.6784,5.7616
5014.9000,98.2290,0.9461,84.2948,5.7397
5015.0000,98.2295,0.9469,84.3892,5.7451
5015.1000,98.2312,0.9477,84.6702,5.7612
5015.2000,98.2327,0.9484,84.0912,5.7281
5015.3000,98.2321,0.9492,82.8160,5.6552
5015.4000,98.2287,0.9499,81.5409,5.5822
5015.5000,98.2232,0.9507,80.5818,5.5273
5015.6000,98.2160,0.9514,79.1902,5.4476
5015.7000,98.2052,0.9521,77.8046,5.3682
5015.8000,98.1927,0.9529,77.6779,5.3607
5015.9000,98.1814,0.9535,77.9433,5.3757
5016.0000,98.1700,0.9542,77.2014,5.3331
5016.1000,98.1559,0.9549,76.2653,5.2793
5016.2000,98.1409,0.9556,75.6564,5.2443
5016.3000,98.1245,0.9562,74.5734,5.1821
5016.4000,98.1054,0.9568,73.2331,5.1051
5016.5000,98.0840,0.9575,72.5463,5.0655
5016.6000,98.0624,0.9581,72.4683,5.0607
5016.7000,98.0407,0.9587,72.9770,5.0894
5016.8000,98.0212,0.9592,74.2580,5.1623
5016.9000,98.0046,0.9598,76.0716,5.2657
5017.0000,97.9921,0.9603,78.5458,5.4070
5017.1000,97.9851,0.9609,81.6193,5.5826
5017.2000,97.9844,0.9614,84.4100,5.7422
5017.3000,97.9881,0.9619,85.7767,5.8204
5017.4000,97.9927,0.9623,85.6254,5.8118
5017.5000,97.9958,0.9628,84.8339,5.7666
5017.6000,97.9973,0.9632,83.8609,5.7110
5017.7000,97.9965,0.9637,83.2461,5.6758
5017.8000,97.9956,0.9641,83.2495,5.6760
5017.9000,97.9948,0.9644,83.2018,5.6733
5018.0000,97.9937,0.9648,83.0270,5.6633
5018.1000,97.9923,0.9652,82.3274,5.6232
5018.2000,97.9885,0.9655,81.0937,5.5526
5018.3000,97.9823,0.9658,80.7708,5.5341
5018.4000,97.9772,0.9661,81.6262,5.5829
5018.5000,97.9744,0.9663,82.3516,5.6243
5018.6000,97.9721,0.9666,83.0069,5.6617
5018.7000,97.9718,0.9668,83.9181,5.7138
5018.8000,97.9730,0.9670,84.7131,5.7593
5018.9000,97.9757,0.9672,86.2120,5.8451
5019.0000,97.9827,0.9673,88.6792,5.9862
5019.1000,97.9948,0.9675,91.2397,6.1328
5019.2000,98.0116,0.9676,93.2296,6.2469
5019.3000,98.0313,0.9677,94.6530,6.3286
5019.4000,98.0534,0.9677,94.8146,6.3383
5019.5000,98.0735,0.9678,93.3919,6.2572
5019.6000,98.0899,0.9678,91.3247,6.1393
5019.7000,98.1020,0.9678,89.2818,6.0227
5019.8000,98.1105,0.9677,87.1032,5.8983
5019.9000,98.1141,0.9677,84.7666,5.7647
5020.0000,98.1135,0.9676,82.5511,5.6380
5020.1000,98.1086,0.9675,80.2031,5.5037
5020.2000,98.0991,0.9673,77.4656,5.3470
5020.3000,98.0837,0.9671,74.4562,5.1747
5020.4000,98.0627,0.9670,71.5338,5.0072
5020.5000,98.0362,0.9667,69.0894,4.8670
5020.6000,98.0061,0.9665,67.4834,4.7747
5020.7000,97.9736,0.9662,66.4519,4.7152
5020.8000,97.9397,0.9659,66.5069,4.7178
5020.9000,97.9077,0.9656,67.4274,4.7699
5021.0000,97.8775,0.9652,68.7985,4.8478
5021.1000,97.8510,0.9649,70.7451,4.9587
5021.2000,97.8286,0.9644,73.3701,5.1084
5021.3000,97.8124,0.9640,75.6238,5.2370
5021.4000,97.7988,0.9635,77.2554,5.3300
5021.5000,97.7891,0.9630,78.6988,5.4124
5021.6000,97.7812,0.9625,79.8340,5.4772
5021.7000,97.7759,0.9620,80.3230,5.5050
5021.8000,97.7699,0.9614,80.1682,5.4961
5021.9000,97.7642,0.9608,79.6458,5.4661
5022.0000,97.7563,0.9601,78.7336,5.4138
5022.1000,97.7471,0.9594,77.9100,5.3666
5022.2000,97.7361,0.9587,77.2898,5.3310
5022.3000,97.7246,0.9580,76.9006,5.3085
5022.4000,97.7123,0.9572,76.8662,5.3063
5022.5000,97.7008,0.9565,77.4877,5.3417
5022.6000,97.6910,0.9556,77.7678,5.3575
5022.7000,97.6807,0.9548,77.5867,5.3470
5022.8000,97.6704,0.9539,77.5101,5.3425
5022.9000,97.6599,0.9530,77.7941,5.3585
5023.0000,97.6508,0.9520,77.4302,5.3376
5023.1000,97.6391,0.9510,76.8557,5.3045
5023.2000,97.6279,0.9500,76.7251,5.2969
5023.3000,97.6158,0.9490,76.0823,5.2600
5023.4000,97.6023,0.9479,75.5083,5.2269
5023.5000,97.5882,0.9468,76.1282,5.2621
5023.6000,97.5772,0.9457,76.9227,5.3074
5023.7000,97.5663,0.9445,77.0607,5.3151
5023.8000,97.5561,0.9433,77.4765,5.3387
5023.9000,97.5469,0.9421,77.2723,5.3268
5024.0000,97.5360,0.9408,76.1193,5.2608
5024.1000,97.5226,0.9395,75.1521,5.2052
5024.2000,97.5081,0.9382,74.2635,5.1542
5024.3000,97.4914,0.9368,73.2008,5.0932
5024.4000,97.4730,0.9354,73.0901,5.0866
5024.5000,97.4562,0.9340,73.7163,5.1221
5024.6000,97.4404,0.9325,74.1635,5.1474
5024.7000,97.4255,0.9311,75.4559,5.2210
5024.8000,97.4149,0.9295,77.3026,5.3264
5024.9000,97.4073,0.9280,78.1983,5.3775
5025.0000,97.4004,0.9264,78.3093,5.3837
5025.1000,97.3934,0.9248,78.2521,5.3803
5025.2000,97.3864,0.9231,77.5477,5.3399
5025.3000,97.3768,0.9214,76.5906,5.2851
5025.4000,97.3663,0.9197,76.1668,5.2607
5025.5000,97.3553,0.9180,75.8814,5.2442
5025.6000,97.3439,0.9162,75.5250,5.2236
5025.7000,97.3317,0.9144,75.5452,5.2246
5025.8000,97.3206,0.9125,76.3673,5.2714
5025.9000,97.3117,0.9106,77.1158,5.3140
5026.0000,97.3037,0.9087,77.5882,5.3409
5026.1000,97.2969,0.9068,77.9259,5.3601
5026.2000,97.2904,0.9048,77.4534,5.3330
5026.3000,97.2819,0.9028,75.9771,5.2485
5026.4000,97.2698,0.9007,74.3210,5.1536
5026.5000,97.2551,0.8987,72.4264,5.0451
5026.6000,97.2360,0.8965,70.3565,4.9265
5026.7000,97.2135,0.8944,68.6918,4.8310
5026.8000,97.1882,0.8922,67.7056,4.7742
5026.9000,97.1622,0.8900,67.7485,4.7762
5027.0000,97.1374,0.8878,68.1598,4.7993
5027.1000,97.1133,0.8855,68.7522,4.8328
5027.2000,97.0911,0.8832,70.3787,4.9254
5027.3000,97.0737,0.8809,72.3789,5.0394
5027.4000,97.0595,0.8785,73.0301,5.0764
5027.5000,97.0449,0.8762,73.6079,5.1092
5027.6000,97.0332,0.8737,74.9064,5.1832
5027.7000,97.0239,0.8713,76.1538,5.2544
5027.8000,97.0173,0.8688,77.5340,5.3331
5027.9000,97.0136,0.8663,79.2255,5.4297
5028.0000,97.0138,0.8637,80.6552,5.5114
5028.1000,97.0158,0.8611,81.7092,5.5717
5028.2000,97.0203,0.8585,82.4572,5.6145
5028.3000,97.0253,0.8559,82.8383,5.6364
5028.4000,97.0314,0.8532,83.9727,5.7013
5028.5000,97.0410,0.8505,85.5945,5.7942
5028.6000,97.0535,0.8478,86.9467,5.8717
5028.7000,97.0685,0.8450,88.4043,5.9552
5028.8000,97.0868,0.8422,89.4689,6.0163
5028.9000,97.1059,0.8394,90.0279,6.0486
5029.0000,97.1264,0.8365,91.1755,6.1145
5029.1000,97.1501,0.8337,92.4597,6.1883
5029.2000,97.1755,0.8307,92.9360,6.2160
5029.3000,97.2011,0.8278,92.7660,6.2067
5029.4000,97.2259,0.8248,92.0340,6.1653
5029.5000,97.2486,0.8218,90.8934,6.1005
5029.6000,97.2690,0.8188,89.7705,6.0366
5029.7000,97.2874,0.8157,89.1473,6.0013
5029.8000,97.3055,0.8126,89.2876,6.0096
5029.9000,97.3245,0.8095,90.1695,6.0604
5030.0000,97.3460,0.8063,91.7772,6.1526
5030.1000,97.3713,0.8032,93.8067,6.2690
5030.2000,97.4008,0.7999,95.6302,6.3738
5030.3000,97.4331,0.7967,97.2978,6.4696
5030.4000,97.4690,0.7934,98.5315,6.5408
5030.5000,97.5061,0.7901,98.8133,6.5575
5030.6000,97.5430,0.7868,98.7460,6.5543
5030.7000,97.5798,0.7835,98.3858,6.5343
5030.8000,97.6152,0.7801,97.4984,6.4842
5030.9000,97.6485,0.7767,96.8273,6.4464
5031.0000,97.6813,0.7733,96.2764,6.4155
5031.1000,97.7124,0.7698,95.6065,6.3777
5031.2000,97.7427,0.7663,95.1884,6.3543
5031.3000,97.7721,0.7628,94.9155,6.3392
5031.4000,97.8013,0.7593,94.1891,6.2982
5031.5000,97.8280,0.7557,92.9067,6.2253
5031.6000,97.8523,0.7521,91.4626,6.1432
5031.7000,97.8735,0.7485,89.7880,6.0478
5031.8000,97.8914,0.7449,88.3865,5.9680
5031.9000,97.9073,0.7412,87.3388,5.9083
5032.0000,97.9213,0.7375,86.3213,5.8504
5032.1000,97.9334,0.7338,85.1043,5.7810
5032.2000,97.9429,0.7301,84.0929,5.7233
5032.3000,97.9513,0.7263,83.4223,5.6851
5032.4000,97.9584,0.7225,82.3986,5.6267
5032.5000,97.9630,0.7187,81.3117,5.5647
5032.6000,97.9661,0.7149,80.5951,5.5237
5032.7000,97.9682,0.7111,79.7345,5.4746
5032.8000,97.9683,0.7072,78.7981,5.4210
5032.9000,97.9671,0.7033,78.5099,5.4045
5033.0000,97.9663,0.6994,78.1196,5.3822
5033.1000,97.9638,0.6955,77.0649,5.3219
5033.2000,97.9592,0.6916,76.2161,5.2733
5033.3000,97.9538,0.6876,75.7253,5.2451
5033.4000,97.9476,0.6836,75.6283,5.2395
5033.5000,97.9421,0.6796,76.6880,5.3000
5033.6000,97.9404,0.6756,79.2037,5.4438
5033.7000,97.9449,0.6716,82.2585,5.6185
5033.8000,97.9551,0.6675,84.8065,5.7643
5033.9000,97.9696,0.6635,86.5925,5.8667
5034.0000,97.9869,0.6594,87.5971,5.9244
5034.1000,98.0055,0.6553,88.0135,5.9486
5034.2000,98.0245,0.6512,88.3621,5.9688
5034.3000,98.0446,0.6470,88.9066,6.0003
5034.4000,98.0658,0.6429,89.7152,6.0469
5034.5000,98.0891,0.6387,91.0664,6.1245
5034.6000,98.1157,0.6345,92.2966,6.1953
5034.7000,98.1437,0.6303,93.1273,6.2433
5034.8000,98.1736,0.6261,93.9629,6.2916
5034.9000,98.2049,0.6219,94.6684,6.3325
5035.0000,98.2376,0.6177,94.9383,6.3485
5035.1000,98.2700,0.6134,95.1374,6.3604
5035.2000,98.3034,0.6092,95.4251,6.3775
5035.3000,98.3370,0.6049,95.4894,6.3817
5035.4000,98.3706,0.6006,94.9017,6.3487
5035.5000,98.4020,0.5963,93.5961,6.2746
5035.6000,98.4307,0.5920,92.6133,6.2188
5035.7000,98.4583,0.5877,91.2621,6.1420
5035.8000,98.4820,0.5833,89.0427,6.0155
5035.9000,98.5012,0.5790,87.3547,5.9193
5036.0000,98.5185,0.5746,86.8732,5.8921
5036.1000,98.5361,0.5703,86.8778,5.8926
5036.2000,98.5536,0.5659,87.1551,5.9088
5036.3000,98.5724,0.5615,87.4417,5.9255
5036.4000,98.5911,0.5571,86.9982,5.9004
5036.5000,98.6084,0.5527,85.4819,5.8140
5036.6000,98.6215,0.5483,82.7750,5.6594
5036.7000,98.6286,0.5439,79.3034,5.4610
5036.8000,98.6287,0.5395,76.2691,5.2874
5036.9000,98.6244,0.5351,74.4395,5.1827
5037.0000,98.6178,0.5307,73.4554,5.1263
5037.1000,98.6102,0.5262,72.7890,5.0881
5037.2000,98.6014,0.5218,73.1139,5.1065
5037.3000,98.5953,0.5174,74.4762,5.1843
5037.4000,98.5921,0.5130,76.0011,5.2715
5037.5000,98.5922,0.5085,78.3628,5.4066
5037.6000,98.5983,0.5041,81.3730,5.5788
5037.7000,98.6102,0.4997,83.2213,5.6847
5037.8000,98.6236,0.4952,83.2589,5.6871
5037.9000,98.6359,0.4908,82.0004,5.6153
5038.0000,98.6447,0.4864,80.0559,5.5043
5038.1000,98.6497,0.4819,78.5783,5.4198
5038.2000,98.6531,0.4775,78.6740,5.4254
5038.3000,98.6588,0.4731,80.5758,5.5343
5038.4000,98.6697,0.4686,83.0735,5.6773
5038.5000,98.6852,0.4642,84.2460,5.7446
5038.6000,98.7008,0.4598,83.7407,5.7160
5038.7000,98.7145,0.4554,81.9574,5.6142
5038.8000,98.7235,0.4509,79.2349,5.4586
5038.9000,98.7271,0.4465,77.0699,5.3349
5039.0000,98.7281,0.4421,75.7360,5.2586
5039.1000,98.7268,0.4377,74.0660,5.1630
5039.2000,98.7217,0.4333,72.5958,5.0789
5039.3000,98.7152,0.4289,71.2169,4.9999
5039.4000,98.7051,0.4245,68.6209,4.8512
5039.5000,98.6890,0.4202,65.5084,4.6729
5039.6000,98.6675,0.4158,63.4443,4.5545
5039.7000,98.6439,0.4115,62.1172,4.4782
5039.8000,98.6177,0.4071,60.8370,4.4046
5039.9000,98.5897,0.4028,60.1938,4.3673
5040.0000,98.5616,0.3984,60.6824,4.3948
5040.1000,98.5359,0.3941,61.4463,4.4381
5040.2000,98.5111,0.3898,61.6462,4.4491
5040.3000,98.4867,0.3856,62.3614,4.4896
5040.4000,98.4651,0.3813,63.8721,4.5757
5040.5000,98.4469,0.3770,64.7137,4.6235
5040.6000,98.4289,0.3728,64.8577,4.6315
5040.7000,98.4116,0.3685,65.3657,4.6602
5040.8000,98.3961,0.3643,65.5956,4.6731
5040.9000,98.3800,0.3601,65.4180,4.6627
5041.0000,98.3642,0.3559,65.7656,4.6823
5041.1000,98.3499,0.3518,66.6136,4.7306
5041.2000,98.3376,0.3476,67.0807,4.7571
5041.3000,98.3255,0.3435,67.2571,4.7670
5041.4000,98.3143,0.3393,67.2471,4.7662
5041.5000,98.3025,0.3352,66.6142,4.7299
5041.6000,98.2892,0.3311,65.7665,4.6812
5041.7000,98.2745,0.3271,65.3865,4.6592
5041.8000,98.2601,0.3230,65.2764,4.6527
5041.9000,98.2454,0.3190,64.8103,4.6258
5042.0000,98.2296,0.3150,64.3287,4.5980
5042.1000,98.2133,0.3110,64.0581,4.5822
5042.2000,98.1969,0.3070,64.0063,4.5790
5042.3000,98.1808,0.3031,64.6243,4.6141
5042.4000,98.1671,0.2991,66.3328,4.7116
5042.5000,98.1580,0.2952,67.9078,4.8015
5042.6000,98.1507,0.2913,68.0360,4.8087
5042.7000,98.1424,0.2875,67.1629,4.7586
5042.8000,98.1320,0.2836,65.4296,4.6593
5042.9000,98.1174,0.2798,62.8322,4.5106
5043.0000,98.0974,0.2760,60.5062,4.3773
5043.1000,98.0741,0.2723,59.4133,4.3144
5043.2000,98.0503,0.2685,58.8453,4.2815
5043.3000,98.0253,0.2648,58.1831,4.2433
5043.4000,97.9994,0.2611,58.0822,4.2371
5043.5000,97.9744,0.2575,58.8271,4.2793
5043.6000,97.9517,0.2538,59.7173,4.3298
5043.7000,97.9305,0.2502,60.1733,4.3555
5043.8000,97.9100,0.2466,60.8480,4.3938
5043.9000,97.8918,0.2431,61.5197,4.4319
5044.0000,97.8742,0.2396,61.6108,4.4368
5044.1000,97.8568,0.2361,61.3126,4.4195
5044.2000,97.8384,0.2326,61.6344,4.4376
5044.3000,97.8225,0.2292,62.3729,4.4796
5044.4000,97.8073,0.2257,62.7385,4.5002
5044.5000,97.7931,0.2224,63.9865,4.5713
5044.6000,97.7831,0.2190,66.6577,4.7239
5044.7000,97.7795,0.2157,69.3524,4.8779
5044.8000,97.7801,0.2124,71.4972,5.0005
5044.9000,97.7851,0.2092,73.3616,5.1072
5045.0000,97.7931,0.2059,73.5774,5.1197
5045.1000,97.7990,0.2027,72.6548,5.0670
5045.2000,97.8036,0.1996,71.5965,5.0066
5045.3000,97.8057,0.1964,69.8619,4.9074
5045.4000,97.8038,0.1933,68.3210,4.8193
5045.5000,97.8001,0.1903,67.6166,4.7790
5045.6000,97.7957,0.1872,67.0873,4.7487
5045.7000,97.7903,0.1842,66.6863,4.7256
5045.8000,97.7846,0.1813,67.5212,4.7733
5045.9000,97.7826,0.1784,69.1685,4.8674
5046.0000,97.7834,0.1755,70.6556,4.9525
5046.1000,97.7874,0.1726,71.3574,4.9926
5046.2000,97.7911,0.1698,71.4640,4.9988
5046.3000,97.7956,0.1670,71.1413,4.9804
5046.4000,97.7983,0.1642,69.6943,4.8977
5046.5000,97.7974,0.1615,67.7735,4.7879
5046.6000,97.7928,0.1588,66.3343,4.7056
5046.7000,97.7865,0.1562,65.2630,4.6442
5046.8000,97.7781,0.1536,64.1297,4.5793
5046.9000,97.7677,0.1510,62.9352,4.5108
5047.0000,97.7548,0.1485,61.9236,4.4528
5047.1000,97.7407,0.1460,60.5649,4.3749
5047.2000,97.7229,0.1436,58.9918,4.2847
5047.3000,97.7030,0.1412,57.9983,4.2276
5047.4000,97.6817,0.1388,57.4689,4.1970
5047.5000,97.6600,0.1365,57.5423,4.2008
5047.6000,97.6392,0.1342,58.1995,4.2380
5047.7000,97.6205,0.1319,58.8744,4.2763
5047.8000,97.6025,0.1297,58.2947,4.2429
5047.9000,97.5818,0.1275,57.1888,4.1794
5048.0000,97.5598,0.1254,56.4839,4.1387
5048.1000,97.5366,0.1233,56.2339,4.1241
5048.2000,97.5140,0.1213,56.3319,4.1293
5048.3000,97.4915,0.1193,56.7632,4.1536
5048.4000,97.4708,0.1173,57.5401,4.1977
5048.5000,97.4515,0.1154,57.6378,4.2030
5048.6000,97.4315,0.1135,57.3226,4.1846
5048.7000,97.4112,0.1117,57.5561,4.1976
5048.8000,97.3924,0.1099,58.4714,4.2497
5048.9000,97.3759,0.1081,59.9249,4.3325
5049.0000,97.3629,0.1064,61.6690,4.4320
5049.1000,97.3534,0.1048,62.2619,4.4657
5049.2000,97.3428,0.1032,61.1237,4.4005
5049.3000,97.3291,0.1016,59.7456,4.3215
5049.4000,97.3134,0.1000,58.2474,4.2356
5049.5000,97.2941,0.0986,57.0336,4.1659
5049.6000,97.2739,0.0971,57.3567,4.1841
5049.7000,97.2560,0.0957,58.7076,4.2610
5049.8000,97.2413,0.0944,59.5701,4.3101
5049.9000,97.2269,0.0930,59.3688,4.2983
5050.0000,97.2116,0.0918,57.8752,4.2127
5050.1000,97.1917,0.0906,55.4043,4.0737
5050.2000,97.1669,0.0894,53.7529,3.9844
5050.3000,97.1408,0.0882,53.5054,3.9706
5050.4000,97.1153,0.0872,54.1708,4.0060
5050.5000,97.0920,0.0861,56.0143,4.1048
5050.6000,97.0739,0.0851,58.5302,4.2480
5050.7000,97.0606,0.0842,60.1807,4.3421
5050.8000,97.0491,0.0833,61.2285,4.4018
5050.9000,97.0400,0.0824,62.0816,4.4504
5051.0000,97.0319,0.0816,62.1914,4.4566
5051.1000,97.0233,0.0808,62.5961,4.4796
5051.2000,97.0169,0.0801,63.2021,4.5141
5051.3000,97.0108,0.0794,63.3334,4.5215
5051.4000,97.0050,0.0788,63.8455,4.5507
5051.5000,97.0009,0.0782,64.6136,4.5945
5051.6000,96.9982,0.0777,65.1374,4.6244
5051.7000,96.9962,0.0772,66.1935,4.6847
5051.8000,96.9976,0.0767,67.8978,4.7821
5051.9000,97.0023,0.0763,69.5704,4.8778
5052.0000,97.0102,0.0760,71.6489,4.9967
5052.1000,97.0229,0.0756,73.8505,5.1227
5052.2000,97.0394,0.0754,75.0744,5.1929
5052.3000,97.0568,0.0752,74.9332,5.1851
5052.4000,97.0726,0.0750,74.1558,5.1410
5052.5000,97.0868,0.0749,73.8077,5.1213
5052.6000,97.1012,0.0748,74.1672,5.1421
5052.7000,97.1168,0.0748,74.8782,5.1830
5052.8000,97.1338,0.0748,75.9855,5.2465
5052.9000,97.1535,0.0748,77.3034,5.3222
5053.0000,97.1755,0.0749,77.8788,5.3554
5053.1000,97.1974,0.0751,78.1278,5.3700
5053.2000,97.2201,0.0753,78.8642,5.4125
5053.3000,97.2447,0.0755,79.5703,5.4532
5053.4000,97.2700,0.0758,79.8904,5.4719
5053.5000,97.2956,0.0762,80.1933,5.4897
5053.6000,97.3219,0.0766,79.2364,5.4354
5053.7000,97.3435,0.0770,77.2930,5.3247
5053.8000,97.3621,0.0775,76.0963,5.2566
5053.9000,97.3789,0.0780,75.2892,5.2107
5054.0000,97.3942,0.0786,74.1273,5.1446
5054.1000,97.4064,0.0792,72.9714,5.0787
5054.2000,97.4171,0.0799,71.8079,5.0124
5054.3000,97.4246,0.0806,69.9528,4.9065
5054.4000,97.4280,0.0814,67.7078,4.7782
5054.5000,97.4268,0.0822,65.7933,4.6687
5054.6000,97.4227,0.0830,65.0736,4.6275
5054.7000,97.4187,0.0839,65.2813,4.6393
5054.8000,97.4154,0.0849,65.8002,4.6689
5054.9000,97.4133,0.0859,66.3558,4.7007
5055.0000,97.4121,0.0869,66.8320,4.7279
5055.1000,97.4118,0.0880,66.9111,4.7324
5055.2000,97.4109,0.0891,67.3388,4.7568
5055.3000,97.4122,0.0903,68.8904,4.8455
5055.4000,97.4171,0.0915,71.0802,4.9708
5055.5000,97.4268,0.0928,73.9768,5.1365
5055.6000,97.4428,0.0941,77.3445,5.3293
5055.7000,97.4653,0.0954,80.2978,5.4984
5055.8000,97.4926,0.0968,82.5690,5.6287
5055.9000,97.5236,0.0983,84.6353,5.7473
5056.0000,97.5585,0.0997,86.0585,5.8293
5056.1000,97.5947,0.1013,86.7492,5.8694
5056.2000,97.6319,0.1029,87.0807,5.8889
5056.3000,97.6690,0.1045,87.1098,5.8912
5056.4000,97.7059,0.1061,87.1396,5.8936
5056.5000,97.7427,0.1079,87.1703,5.8959
5056.6000,97.7794,0.1096,87.2017,5.8983
5056.7000,97.8159,0.1114,86.9441,5.8842
5056.8000,97.8512,0.1133,86.6859,5.8701
5056.9000,97.8863,0.1151,86.4781,5.8588
5057.0000,97.9204,0.1171,85.7103,5.8154
5057.1000,97.9522,0.1190,84.7588,5.7616
5057.2000,97.9823,0.1211,84.1197,5.7255
5057.3000,98.0113,0.1231,83.6057,5.6966
5057.4000,98.0390,0.1252,83.4245,5.6867
5057.5000,98.0669,0.1274,83.7350,5.7050
5057.6000,98.0955,0.1296,83.9686,5.7188
5057.7000,98.1240,0.1318,84.2256,5.7340
5057.8000,98.1532,0.1341,84.5109,5.7508
5057.9000,98.1824,0.1364,84.6157,5.7573
5058.0000,98.2116,0.1387,85.0326,5.7816
5058.1000,98.2421,0.1411,85.7027,5.8204
5058.2000,98.2735,0.1435,86.3426,5.8576
5058.3000,98.3060,0.1460,86.9697,5.8940
5058.4000,98.3394,0.1485,87.4111,5.9198
5058.5000,98.3732,0.1511,87.6124,5.9319
5058.6000,98.4070,0.1537,87.8247,5.9446
5058.7000,98.4411,0.1563,88.0246,5.9566
5058.8000,98.4752,0.1590,88.0878,5.9608
5058.9000,98.5092,0.1617,88.1367,5.9642
5059.0000,98.5430,0.1645,88.1864,5.9676
5059.1000,98.5768,0.1673,88.2368,5.9710
5059.2000,98.6104,0.1701,88.2878,5.9745
5059.3000,98.6439,0.1730,88.1928,5.9697
5059.4000,98.6767,0.1759,87.6525,5.9393
5059.5000,98.7076,0.1788,86.3250,5.8639
5059.6000,98.7349,0.1818,84.2889,5.7479
5059.7000,98.7577,0.1848,81.9644,5.6153
5059.8000,98.7757,0.1878,79.3382,5.4654
5059.9000,98.7881,0.1909,77.2096,5.3439
5060.0000,98.7977,0.1941,76.3341,5.2940
5060.1000,98.8065,0.1972,76.0000,5.2750
5060.2000,98.8145,0.2004,75.2801,5.2340
5060.3000,98.8203,0.2036,75.1725,5.2279
5060.4000,98.8277,0.2069,75.6435,5.2550
5060.5000,98.8349,0.2102,75.6507,5.2555
5060.6000,98.8421,0.2135,75.5646,5.2507
5060.7000,98.8488,0.2168,75.9085,5.2705
5060.8000,98.8569,0.2202,75.9325,5.2720
5060.9000,98.8634,0.2236,74.5124,5.1909
5061.0000,98.8659,0.2271,72.7892,5.0923
5061.1000,98.8655,0.2306,71.6946,5.0297
5061.2000,98.8636,0.2341,71.0756,4.9943
5061.3000,98.8606,0.2376,70.9761,4.9885
5061.4000,98.8581,0.2412,71.8230,5.0369
5061.5000,98.8581,0.2448,73.1899,5.1151
5061.6000,98.8606,0.2484,74.3140,5.1795
5061.7000,98.8647,0.2521,74.8645,5.2110
5061.8000,98.8689,0.2557,75.1244,5.2260
5061.9000,98.8737,0.2594,75.7444,5.2615
5062.0000,98.8801,0.2632,76.2985,5.2933
5062.1000,98.8867,0.2669,76.9442,5.3304
5062.2000,98.8952,0.2707,78.1865,5.4016
5062.3000,98.9062,0.2745,78.9076,5.4430
5062.4000,98.9172,0.2784,78.3105,5.4090
5062.5000,98.9256,0.2822,77.5004,5.3628
5062.6000,98.9331,0.2861,77.0305,5.3361
5062.7000,98.9394,0.2900,76.6095,5.3121
5062.8000,98.9450,0.2939,76.8121,5.3238
5062.9000,98.9518,0.2979,78.3433,5.4115
5063.0000,98.9629,0.3019,79.9783,5.5052
5063.1000,98.9756,0.3059,80.8658,5.5562
5063.2000,98.9898,0.3099,81.6180,5.5995
5063.3000,99.0049,0.3139,82.2381,5.6352
5063.4000,99.0211,0.3180,82.5596,5.6539
5063.5000,99.0371,0.3220,83.1062,5.6854
5063.6000,99.0549,0.3261,84.5063,5.7658
5063.7000,99.0758,0.3303,85.9504,5.8488
5063.8000,99.0987,0.3344,86.9139,5.9043
5063.9000,99.1229,0.3385,87.6026,5.9441
5064.0000,99.1479,0.3427,88.1449,5.9756
5064.1000,99.1737,0.3469,88.4259,5.9921
5064.2000,99.1994,0.3511,88.5013,5.9969
5064.3000,99.2249,0.3553,88.4579,5.9948
5064.4000,99.2499,0.3596,88.2259,5.9820
5064.5000,99.2742,0.3638,88.2690,5.9849
5064.6000,99.2988,0.3681,88.4314,5.9946
5064.7000,99.3232,0.3724,88.6370,6.0068
5064.8000,99.3482,0.3767,89.2808,6.0440
5064.9000,99.3746,0.3810,90.0687,6.0896
5065.0000,99.4021,0.3853,90.3500,6.1062
5065.1000,99.4290,0.3896,90.0042,6.0868
5065.2000,99.4547,0.3940,89.5092,6.0590
5065.3000,99.4792,0.3983,89.0399,6.0325
5065.4000,99.5026,0.4027,88.5952,6.0075
5065.5000,99.5250,0.4071,88.1740,5.9838
5065.6000,99.5464,0.4115,87.7753,5.9613
5065.7000,99.5668,0.4158,87.3981,5.9401
5065.8000,99.5863,0.4202,87.0413,5.9200
5065.9000,99.6049,0.4247,86.7042,5.9011
5066.0000,99.6227,0.4291,86.3858,5.8832
5066.1000,99.6397,0.4335,86.0853,5.8662
5066.2000,99.6559,0.4379,85.8019,5.8503
5066.3000,99.6714,0.4424,85.5349,5.8353
5066.4000,99.6862,0.4468,85.2834,5.8212
5066.5000,99.7003,0.4512,85.0468,5.8079
5066.6000,99.7138,0.4557,84.8245,5.7954
5066.7000,99.7267,0.4601,84.6157,5.7837
5066.8000,99.7390,0.4646,84.4200,5.7727
5066.9000,99.7507,0.4691,84.2366,5.7624
5067.0000,99.7619,0.4735,84.0650,5.7527
5067.1000,99.7726,0.4780,83.9048,5.7438
5067.2000,99.7829,0.4824,83.7553,5.7354
5067.3000,99.7926,0.4869,83.6161,5.7276
5067.4000,99.8020,0.4913,83.4867,5.7203
5067.5000,99.8109,0.4958,83.3667,5.7136
5067.6000,99.8194,0.5002,83.2556,5.7074
5067.7000,99.8275,0.5047,83.1530,5.7017
5067.8000,99.8353,0.5091,83.0586,5.6964
5067.9000,99.8427,0.5136,82.9719,5.6916
5068.0000,99.8498,0.5180,82.8927,5.6872
5068.1000,99.8565,0.5224,82.8204,5.6831
5068.2000,99.8630,0.5269,82.7549,5.6795
5068.3000,99.8692,0.5313,82.6958,5.6762
5068.4000,99.8750,0.5357,82.6427,5.6733
5068.5000,99.8807,0.5401,82.5420,5.6676
5068.6000,99.8858,0.5445,81.7220,5.6208
5068.7000,99.8880,0.5489,80.8863,5.5730
5068.8000,99.8897,0.5532,80.8176,5.5691
5068.9000,99.8913,0.5576,80.8597,5.5715
5069.0000,99.8929,0.5620,80.9568,5.5771
5069.1000,99.8946,0.5663,81.7800,5.6243
5069.2000,99.8989,0.5706,82.6255,5.6727
5069.3000,99.9035,0.5750,82.7102,5.6777
5069.4000,99.9078,0.5793,82.6900,5.6766
5069.5000,99.9119,0.5836,82.6740,5.6757
5069.6000,99.9159,0.5879,82.6619,5.6751
5069.7000,99.9197,0.5921,82.6026,5.6718
5069.8000,99.9231,0.5964,82.3410,5.6569
5069.9000,99.9256,0.6006,82.1439,5.6456
5070.0000,99.9280,0.6048,82.1665,5.6470
5070.1000,99.9302,0.6090,82.1912,5.6484
5070.2000,99.9324,0.6132,82.2689,5.6529
5070.3000,99.9347,0.6174,82.5542,5.6693
5070.4000,99.9376,0.6216,82.7802,5.6823
5070.5000,99.9404,0.6257,82.7914,5.6829
5070.6000,99.9431,0.6298,82.6941,5.6774
5070.7000,99.9452,0.6339,82.3395,5.6572
5070.8000,99.9463,0.6380,82.1129,5.6442
5070.9000,99.9473,0.6420,82.1633,5.6471
5071.0000,99.9482,0.6461,82.2143,5.6500
5071.1000,99.9491,0.6501,82.3731,5.6592
5071.2000,99.9504,0.6541,82.7068,5.6783
5071.3000,99.9523,0.6580,82.8491,5.6864
5071.4000,99.9538,0.6620,82.8089,5.6842
5071.5000,99.9553,0.6659,82.8099,5.6843
5071.6000,99.9566,0.6698,82.8170,5.6847
5071.7000,99.9578,0.6736,82.5135,5.6673
5071.8000,99.9576,0.6775,81.6943,5.6204
5071.9000,99.9555,0.6813,80.3543,5.5437
5072.0000,99.9500,0.6851,78.9777,5.4648
5072.1000,99.9425,0.6889,78.2187,5.4212
5072.2000,99.9339,0.6926,78.1865,5.4193
5072.3000,99.9261,0.6963,79.1065,5.4718
5072.4000,99.9208,0.7000,80.6269,5.5587
5072.5000,99.9185,0.7036,81.5291,5.6103
5072.6000,99.9164,0.7073,81.5873,5.6136
5072.7000,99.9140,0.7108,81.5260,5.6101
5072.8000,99.9115,0.7144,80.9300,5.5759
5072.9000,99.9067,0.7179,79.5847,5.4988
5073.0000,99.8989,0.7214,79.1373,5.4731
5073.1000,99.8922,0.7249,79.6630,5.5030
5073.2000,99.8861,0.7283,80.4011,5.5452
5073.3000,99.8820,0.7317,81.6018,5.6138
5073.4000,99.8803,0.7351,83.3643,5.7147
5073.5000,99.8827,0.7384,84.8770,5.8013
5073.6000,99.8865,0.7417,85.6265,5.8443
5073.7000,99.8914,0.7450,85.9385,5.8622
5073.8000,99.8961,0.7482,85.9382,5.8623
5073.9000,99.9008,0.7514,85.9402,5.8625
5074.0000,99.9053,0.7546,85.8969,5.8601
5074.1000,99.9095,0.7577,85.8574,5.8579
5074.2000,99.9136,0.7608,85.8215,5.8559
5074.3000,99.9175,0.7639,85.7891,5.8541
5074.4000,99.9212,0.7669,85.7600,5.8525
5074.5000,99.9247,0.7699,85.7339,5.8511
5074.6000,99.9281,0.7728,85.7107,5.8498
5074.7000,99.9314,0.7757,85.6903,5.8487
5074.8000,99.9344,0.7786,85.6724,5.8477
5074.9000,99.9374,0.7814,85.6569,5.8469
5075.0000,99.9402,0.7842,85.6437,5.8462
5075.1000,99.9429,0.7869,85.6327,5.8456
5075.2000,99.9455,0.7896,85.2827,5.8256
5075.3000,99.9466,0.7923,84.2117,5.7643
5075.4000,99.9450,0.7949,82.9586,5.6926
5075.5000,99.9412,0.7975,82.0036,5.6379
5075.6000,99.9358,0.8000,80.9115,5.5753
5075.7000,99.9278,0.8025,79.8259,5.5130
5075.8000,99.9182,0.8050,79.4856,5.4933
5075.9000,99.9088,0.8074,79.5326,5.4959
5076.0000,99.8992,0.8097,79.3480,5.4851
5076.1000,99.8891,0.8121,79.7024,5.5052
5076.2000,99.8808,0.8143,81.0828,5.5841
5076.3000,99.8757,0.8166,82.8163,5.6832
5076.4000,99.8739,0.8188,84.4414,5.7762
5076.5000,99.8748,0.8209,85.7338,5.8502
5076.6000,99.8777,0.8230,86.2497,5.8798
5076.7000,99.8804,0.8251,86.1842,5.8761
5076.8000,99.8829,0.8271,85.6283,5.8443
5076.9000,99.8834,0.8291,85.1375,5.8162
5077.0000,99.8839,0.8310,85.4120,5.8320
5077.1000,99.8853,0.8328,85.6773,5.8472
5077.2000,99.8866,0.8347,85.7522,5.8515
5077.3000,99.8881,0.8364,86.2732,5.8813
5077.4000,99.8913,0.8382,86.3278,5.8845
5077.5000,99.8929,0.8399,85.1484,5.8170
5077.6000,99.8915,0.8415,84.2605,5.7662
5077.7000,99.8897,0.8431,83.4064,5.7173
5077.8000,99.8849,0.8446,81.9748,5.6352
5077.9000,99.8776,0.8461,80.4396,5.5472
5078.0000,99.8670,0.8476,79.2031,5.4763
5078.1000,99.8550,0.8490,77.8537,5.3988
5078.2000,99.8393,0.8503,75.8598,5.2845
5078.3000,99.8197,0.8516,73.3458,5.1402
5078.4000,99.7946,0.8528,71.3613,5.0262
5078.5000,99.7676,0.8540,69.9649,4.9459
5078.6000,99.7372,0.8552,68.6125,4.8679
5078.7000,99.7053,0.8563,68.2717,4.8479
5078.8000,99.6738,0.8573,68.3559,4.8522
5078.9000,99.6423,0.8583,67.9459,4.8282
5079.0000,99.6094,0.8593,67.4170,4.7974
5079.1000,99.5760,0.8602,67.3392,4.7924
5079.2000,99.5430,0.8610,66.9628,4.7703
5079.3000,99.5083,0.8618,66.6679,4.7528
5079.4000,99.4743,0.8625,67.0409,4.7736
5079.5000,99.4413,0.8632,67.9811,4.8269
5079.6000,99.4111,0.8639,69.6419,4.9214
5079.7000,99.3845,0.8645,72.3696,5.0770
5079.8000,99.3647,0.8650,75.7771,5.2717
5079.9000,99.3512,0.8655,78.8435,5.4469
5080.0000,99.3432,0.8659,81.4082,5.5935
5080.1000,99.3395,0.8663,83.0705,5.6885
5080.2000,99.3377,0.8666,83.9288,5.7376
5080.3000,99.3373,0.8669,84.4306,5.7663
5080.4000,99.3374,0.8671,84.2996,5.7588
5080.5000,99.3364,0.8673,83.4985,5.7130
5080.6000,99.3336,0.8674,83.0840,5.6892
5080.7000,99.3310,0.8675,82.7736,5.6714
5080.8000,99.3270,0.8675,82.3200,5.6454
5080.9000,99.3227,0.8675,82.0213,5.6282
5081.0000,99.3176,0.8674,81.8618,5.6190
5081.1000,99.3127,0.8673,81.1788,5.5799
5081.2000,99.3050,0.8671,79.8045,5.5011
5081.3000,99.2951,0.8669,77.6691,5.3787
5081.4000,99.2793,0.8666,74.8768,5.2187
5081.5000,99.2588,0.8662,72.5798,5.0869
5081.6000,99.2345,0.8658,70.8975,4.9903
5081.7000,99.2079,0.8654,69.5204,4.9110
5081.8000,99.1785,0.8649,68.6800,4.8625
5081.9000,99.1489,0.8644,69.0055,4.8806
5082.0000,99.1210,0.8637,69.5711,4.9125
5082.1000,99.0937,0.8631,69.8571,4.9284
5082.2000,99.0672,0.8624,70.2477,4.9503
5082.3000,99.0417,0.8616,70.8776,4.9859
5082.4000,99.0177,0.8608,72.4167,5.0736
5082.5000,98.9983,0.8600,74.8974,5.2151
5082.6000,98.9840,0.8591,77.4612,5.3616
5082.7000,98.9745,0.8581,79.7550,5.4926
5082.8000,98.9691,0.8571,82.1428,5.6291
5082.9000,98.9688,0.8560,83.8753,5.7283
5083.0000,98.9701,0.8549,84.2695,5.7508
5083.1000,98.9714,0.8537,84.3270,5.7541
5083.2000,98.9730,0.8525,84.5524,5.7671
5083.3000,98.9751,0.8513,84.2453,5.7495
5083.4000,98.9756,0.8499,83.0985,5.6839
5083.5000,98.9735,0.8486,81.8883,5.6147
5083.6000,98.9695,0.8471,81.1861,5.5744
5083.7000,98.9649,0.8457,80.3916,5.5289
5083.8000,98.9580,0.8442,79.4614,5.4756
5083.9000,98.9499,0.8426,79.0210,5.4502
5084.0000,98.9415,0.8410,78.7619,5.4353
5084.1000,98.9326,0.8393,78.4025,5.4146
5084.2000,98.9230,0.8376,78.1340,5.3990
5084.3000,98.9133,0.8358,78.4571,5.4174
5084.4000,98.9051,0.8340,80.0594,5.5089
5084.5000,98.9017,0.8321,82.7055,5.6602
5084.6000,98.9037,0.8302,85.2358,5.8050
5084.7000,98.9101,0.8282,87.8962,5.9573
5084.8000,98.9224,0.8262,90.4533,6.1038
5084.9000,98.9386,0.8241,91.5230,6.1652
5085.0000,98.9550,0.8220,90.7940,6.1238
5085.1000,98.9684,0.8199,88.7426,6.0067
5085.2000,98.9770,0.8176,85.6049,5.8273
5085.3000,98.9785,0.8154,82.2600,5.6360
5085.4000,98.9745,0.8131,79.0719,5.4536
5085.5000,98.9641,0.8107,76.9184,5.3302
5085.6000,98.9521,0.8083,76.4297,5.3020
5085.7000,98.9400,0.8059,77.1110,5.3408
5085.8000,98.9309,0.8034,78.4508,5.4173
5085.9000,98.9242,0.8008,80.4212,5.5299
5086.0000,98.9228,0.7982,82.1631,5.6295
5086.1000,98.9229,0.7956,83.4002,5.7003
5086.2000,98.9264,0.7929,85.0168,5.7928
5086.3000,98.9328,0.7902,86.3629,5.8699
5086.4000,98.9416,0.7874,87.4497,5.9323
5086.5000,98.9523,0.7846,89.1970,6.0324
5086.6000,98.9679,0.7817,91.0043,6.1361
5086.7000,98.9856,0.7788,92.0215,6.1946
5086.8000,99.0051,0.7759,92.9047,6.2454
5086.9000,99.0262,0.7729,93.6317,6.2874
5087.0000,99.0485,0.7698,93.8763,6.3018
5087.1000,99.0706,0.7667,94.1741,6.3192
5087.2000,99.0941,0.7636,95.0423,6.3693
5087.3000,99.1195,0.7604,96.1280,6.4318
5087.4000,99.1472,0.7572,97.0728,6.4864
5087.5000,99.1762,0.7540,97.7475,6.5255
5087.6000,99.2064,0.7507,98.1981,6.5518
5087.7000,99.2371,0.7473,98.0636,6.5446
5087.8000,99.2668,0.7439,97.5528,6.5159
5087.9000,99.2956,0.7405,96.9245,6.4805
5088.0000,99.3229,0.7370,96.1100,6.4344
5088.1000,99.3486,0.7335,94.7772,6.3586
5088.2000,99.3709,0.7299,92.8069,6.2462
5088.3000,99.3892,0.7263,90.1603,6.0951
5088.4000,99.4015,0.7227,87.4197,5.9385
5088.5000,99.4096,0.7190,85.2457,5.8142
5088.6000,99.4138,0.7153,83.8161,5.7325
5088.7000,99.4167,0.7115,83.5195,5.7156
5088.8000,99.4201,0.7077,84.1402,5.7511
5088.9000,99.4255,0.7039,84.9350,5.7967
5089.0000,99.4321,0.7000,85.0108,5.8012
5089.1000,99.4380,0.6961,84.6011,5.7778
5089.2000,99.4433,0.6922,84.2288,5.7566
5089.3000,99.4480,0.6882,84.3233,5.7621
5089.4000,99.4539,0.6842,84.5181,5.7733
5089.5000,99.4596,0.6801,84.2380,5.7574
5089.6000,99.4647,0.6760,83.5984,5.7209
5089.7000,99.4682,0.6719,82.1640,5.6389
5089.8000,99.4680,0.6677,79.1182,5.4646
5089.9000,99.4603,0.6635,75.2623,5.2438
5090.0000,99.4458,0.6593,71.7718,5.0438
5090.1000,99.4252,0.6550,68.0895,4.8328
5090.2000,99.3972,0.6507,64.7862,4.6433
5090.3000,99.3645,0.6464,62.9014,4.5349
5090.4000,99.3299,0.6421,61.9275,4.4786
5090.5000,99.2940,0.6377,61.2339,4.4383
5090.6000,99.2572,0.6333,61.2883,4.4408
5090.7000,99.2221,0.6288,61.3806,4.4455
5090.8000,99.1862,0.6243,61.1914,4.4341
5090.9000,99.1509,0.6198,61.4957,4.4510
5091.0000,99.1167,0.6153,61.9037,4.4737
5091.1000,99.0834,0.6108,62.1594,4.4878
5091.2000,99.0507,0.6062,63.0283,4.5370
5091.3000,99.0213,0.6016,64.0374,4.5943
5091.4000,98.9930,0.5969,64.3229,4.6101
5091.5000,98.9651,0.5923,64.6153,4.6264
5091.6000,98.9384,0.5876,64.5112,4.6200
5091.7000,98.9107,0.5829,63.0860,4.5380
5091.8000,98.8790,0.5781,61.5063,4.4471
5091.9000,98.8458,0.5734,60.4563,4.3865
5092.0000,98.8106,0.5686,59.4447,4.3281
5092.1000,98.7741,0.5638,59.4539,4.3280
5092.2000,98.7395,0.5589,60.7631,4.4023
5092.3000,98.7085,0.5541,61.9772,4.4713
5092.4000,98.6791,0.5492,62.8636,4.5215
5092.5000,98.6520,0.5443,63.8884,4.5797
5092.6000,98.6271,0.5394,64.0548,4.5888
5092.7000,98.6011,0.5345,63.8201,4.5749
5092.8000,98.5758,0.5295,64.6576,4.6224
5092.9000,98.5535,0.5246,66.2195,4.7114
5093.0000,98.5347,0.5196,67.6552,4.7932
5093.1000,98.5184,0.5146,69.6034,4.9043
5093.2000,98.5074,0.5095,71.5677,5.0165
5093.3000,98.4991,0.5045,72.6984,5.0810
5093.4000,98.4929,0.4994,72.9595,5.0959
5093.5000,98.4859,0.4943,72.6267,5.0767
5093.6000,98.4788,0.4892,71.7411,5.0260
5093.7000,98.4689,0.4841,70.6874,4.9655
5093.8000,98.4581,0.4790,70.0311,4.9278
5093.9000,98.4461,0.4738,69.8399,4.9167
5094.0000,98.4350,0.4687,69.9357,4.9220
5094.1000,98.4238,0.4635,69.9212,4.9210
5094.2000,98.4131,0.4583,69.9954,4.9250
5094.3000,98.4026,0.4531,70.3122,4.9430
5094.4000,98.3936,0.4479,70.9779,4.9809
5094.5000,98.3860,0.4427,72.0226,5.0405
5094.6000,98.3814,0.4374,73.7800,5.1409
5094.7000,98.3809,0.4322,75.3271,5.2294
5094.8000,98.3826,0.4269,76.0186,5.2690
5094.9000,98.3852,0.4216,76.0810,5.2726
5095.0000,98.3874,0.4164,75.4886,5.2388
5095.1000,98.3881,0.4111,74.0162,5.1546
5095.2000,98.3850,0.4058,72.6037,5.0737
5095.3000,98.3806,0.4004,71.5350,5.0125
5095.4000,98.3739,0.3951,70.5800,4.9578
5095.5000,98.3662,0.3898,70.5097,4.9537
5095.6000,98.3596,0.3844,71.1020,4.9874
5095.7000,98.3546,0.3791,71.5522,5.0131
5095.8000,98.3502,0.3738,71.1228,4.9885
5095.9000,98.3439,0.3684,69.9482,4.9212
5096.0000,98.3354,0.3630,67.7770,4.7969
5096.1000,98.3212,0.3577,65.1049,4.6438
5096.2000,98.3028,0.3523,62.2578,4.4807
5096.3000,98.2782,0.3469,59.5522,4.3256
5096.4000,98.2500,0.3415,57.2185,4.1917
5096.5000,98.2169,0.3362,55.7386,4.1091
5096.6000,98.1836,0.3308,55.0968,4.0740
5096.7000,98.1486,0.3254,54.5394,4.0434
5096.8000,98.1137,0.3200,54.0827,4.0182
5096.9000,98.0776,0.3146,53.5226,3.9873
5097.0000,98.0411,0.3092,52.9164,3.9540
5097.1000,98.0032,0.3039,52.0731,3.9078
5097.2000,97.9641,0.2985,51.0825,3.8535
5097.3000,97.9230,0.2931,50.2493,3.8076
5097.4000,97.8812,0.2877,49.7489,3.7798
5097.5000,97.8388,0.2824,48.6807,3.7210
5097.6000,97.7936,0.2770,47.5367,3.6580
5097.7000,97.7474,0.2716,47.7774,3.6703
5097.8000,97.7037,0.2663,48.9030,3.7309
5097.9000,97.6625,0.2609,50.4340,3.8133
5098.0000,97.6253,0.2556,52.6008,3.9299
5098.1000,97.5931,0.2502,54.4201,4.0275
5098.2000,97.5635,0.2449,55.4249,4.0811
5098.3000,97.5357,0.2396,56.2730,4.1263
5098.4000,97.5100,0.2342,56.9594,4.1651
5098.5000,97.4853,0.2289,57.6410,4.2037
5098.6000,97.4627,0.2236,58.5583,4.2557
5098.7000,97.4422,0.2183,58.5144,4.2529
5098.8000,97.4199,0.2130,57.3300,4.1849
5098.9000,97.3952,0.2077,56.2436,4.1224
5099.0000,97.3692,0.2025,55.1729,4.0643
5099.1000,97.3409,0.1972,54.1659,4.0096
5099.2000,97.3116,0.1919,54.2255,4.0123
5099.3000,97.2841,0.1867,54.8908,4.0477
5099.4000,97.2578,0.1815,55.2199,4.0649
5099.5000,97.2321,0.1762,55.6390,4.0870
5099.6000,97.2080,0.1710,55.9936,4.1056
5099.7000,97.1841,0.1658,56.4950,4.1334
5099.8000,97.1625,0.1606,57.6924,4.2015
5099.9000,97.1438,0.1554,58.8950,4.2699
