t_s,v_kmh,grade_pct,P_wheel_kW,fuel_g_per_s
6000.0000,68.8718,-0.8943,10.5805,1.2129
6000.1000,68.8524,-0.8995,10.8947,1.2307
6000.2000,68.8348,-0.9047,11.4618,1.2630
6000.3000,68.8189,-0.9099,11.9138,1.2888
6000.4000,68.8043,-0.9151,12.6026,1.3280
6000.5000,68.7925,-0.9203,13.3114,1.3684
6000.6000,68.7822,-0.9256,13.6222,1.3860
6000.7000,68.7726,-0.9308,14.2711,1.4229
6000.8000,68.7662,-0.9360,15.1994,1.4756
6000.9000,68.7620,-0.9413,15.7592,1.5074
6001.0000,68.7591,-0.9465,16.5294,1.5510
6001.1000,68.7595,-0.9517,17.4525,1.6032
6001.2000,68.7620,-0.9570,17.7009,1.6172
6001.3000,68.7642,-0.9622,17.0723,1.5817
6001.4000,68.7635,-0.9675,15.8769,1.5140
6001.5000,68.7595,-0.9727,14.2467,1.4214
6001.6000,68.7503,-0.9780,12.1085,1.2992
6001.7000,68.7349,-0.9832,10.3200,1.1965
6001.8000,68.7163,-0.9885,9.4167,1.1443
6001.9000,68.6964,-0.9938,8.7376,1.1049
6002.0000,68.6744,-0.9990,8.5332,1.0929
6002.1000,68.6538,-1.0043,9.1675,1.1293
6002.2000,68.6358,-1.0095,9.9702,1.1753
6002.3000,68.6200,-1.0148,10.8320,1.2247
6002.4000,68.6072,-1.0201,12.1901,1.3024
6002.5000,68.5993,-1.0253,13.2908,1.3652
6002.6000,68.5929,-1.0306,14.2058,1.4173
6002.7000,68.5904,-1.0358,15.3342,1.4814
6002.8000,68.5905,-1.0411,15.8913,1.5130
6002.9000,68.5915,-1.0464,15.3908,1.4847
6003.0000,68.5893,-1.0516,14.3496,1.4255
6003.1000,68.5848,-1.0569,13.3268,1.3671
6003.2000,68.5773,-1.0621,12.0833,1.2960
6003.3000,68.5665,-1.0674,11.2013,1.2453
6003.4000,68.5545,-1.0727,11.3795,1.2554
6003.5000,68.5450,-1.0779,11.9130,1.2859
6003.6000,68.5364,-1.0832,11.5268,1.2637
6003.7000,68.5252,-1.0884,10.4218,1.2001
6003.8000,68.5109,-1.0937,8.8668,1.1105
6003.9000,68.4915,-1.0989,7.2571,1.0172
6004.0000,68.4687,-1.1042,6.4180,0.9683
6004.1000,68.4451,-1.1094,6.3690,0.9652
6004.2000,68.4225,-1.1146,6.6097,0.9790
6004.3000,68.4007,-1.1199,6.8534,0.9929
6004.4000,68.3798,-1.1251,6.8192,0.9907
6004.5000,68.3582,-1.1303,6.0368,0.9450
6004.6000,68.3335,-1.1355,4.9299,0.8804
6004.7000,68.3062,-1.1407,4.1762,0.8362
6004.8000,68.2778,-1.1459,4.2407,0.8396
6004.9000,68.2513,-1.1511,4.8251,0.8734
6005.0000,68.2265,-1.1563,5.9691,0.9398
6005.1000,68.2068,-1.1615,8.0244,1.0587
6005.2000,68.1938,-1.1667,10.1695,1.1822
6005.3000,68.1864,-1.1719,11.3976,1.2527
6005.4000,68.1806,-1.1771,11.3795,1.2516
6005.5000,68.1734,-1.1822,10.0289,1.1739
6005.6000,68.1605,-1.1874,7.7356,1.0415
6005.7000,68.1410,-1.1926,5.0680,0.8865
6005.8000,68.1138,-1.1977,3.0156,0.7663
6005.9000,68.0833,-1.2029,2.4415,0.7324
6006.0000,68.0533,-1.2080,3.2192,0.7776
6006.1000,68.0277,-1.2131,4.6500,0.8609
6006.2000,68.0060,-1.2183,6.1147,0.9460
6006.3000,67.9889,-1.2234,7.0896,1.0023
6006.4000,67.9731,-1.2285,7.5078,1.0264
6006.5000,67.9587,-1.2336,7.8338,1.0451
6006.6000,67.9451,-1.2387,8.1329,1.0623
6006.7000,67.9327,-1.2438,8.9188,1.1075
6006.8000,67.9239,-1.2488,10.5657,1.2022
6006.9000,67.9211,-1.2539,12.6420,1.3211
6007.0000,67.9241,-1.2590,14.4792,1.4259
6007.1000,67.9318,-1.2640,15.7625,1.4989
6007.2000,67.9423,-1.2691,16.2419,1.5262
6007.3000,67.9530,-1.2741,15.4195,1.4796
6007.4000,67.9592,-1.2791,13.2235,1.3547
6007.5000,67.9580,-1.2842,10.4095,1.1936
6007.6000,67.9489,-1.2892,8.1202,1.0616
6007.7000,67.9354,-1.2942,7.0487,0.9994
6007.8000,67.9208,-1.2992,6.7190,0.9802
6007.9000,67.9058,-1.3042,7.0531,0.9994
6008.0000,67.8934,-1.3092,8.3954,1.0769
6008.1000,67.8863,-1.3141,9.9506,1.1665
6008.2000,67.8829,-1.3191,11.1366,1.2346
6008.3000,67.8827,-1.3240,12.3085,1.3017
6008.4000,67.8861,-1.3290,13.8270,1.3884
6008.5000,67.8947,-1.3339,15.4590,1.4813
6008.6000,67.9076,-1.3388,16.5050,1.5407
6008.7000,67.9223,-1.3438,17.0668,1.5726
6008.8000,67.9385,-1.3487,17.6110,1.6035
6008.9000,67.9565,-1.3536,17.8882,1.6194
6009.0000,67.9745,-1.3584,17.2169,1.5817
6009.1000,67.9890,-1.3633,16.4081,1.5361
6009.2000,68.0028,-1.3682,15.8495,1.5046
6009.3000,68.0145,-1.3730,15.0670,1.4603
6009.4000,68.0242,-1.3779,13.8569,1.3915
6009.5000,68.0295,-1.3827,12.5493,1.3170
6009.6000,68.0323,-1.3875,11.5516,1.2599
6009.7000,68.0323,-1.3924,10.3794,1.1926
6009.8000,68.0289,-1.3972,9.0873,1.1182
6009.9000,68.0221,-1.4019,8.3787,1.0773
6010.0000,68.0152,-1.4067,8.2991,1.0726
6010.1000,68.0083,-1.4115,7.6682,1.0360
6010.2000,67.9981,-1.4162,6.7366,0.9820
6010.3000,67.9864,-1.4210,6.4767,0.9668
6010.4000,67.9752,-1.4257,6.5449,0.9706
6010.5000,67.9642,-1.4304,6.4893,0.9673
6010.6000,67.9531,-1.4351,6.7530,0.9825
6010.7000,67.9439,-1.4398,7.2368,1.0104
6010.8000,67.9358,-1.4444,7.2071,1.0086
6010.9000,67.9268,-1.4491,6.7674,0.9830
6011.0000,67.9166,-1.4537,6.2198,0.9511
6011.1000,67.9049,-1.4583,5.8475,0.9294
6011.2000,67.8930,-1.4630,6.0102,0.9387
6011.3000,67.8826,-1.4675,6.5516,0.9701
6011.4000,67.8740,-1.4721,7.4444,1.0217
6011.5000,67.8689,-1.4767,8.6383,1.0907
6011.6000,67.8673,-1.4812,9.4110,1.1352
6011.7000,67.8668,-1.4858,9.6665,1.1499
6011.8000,67.8669,-1.4903,9.5924,1.1456
6011.9000,67.8663,-1.4948,9.4680,1.1385
6012.0000,67.8660,-1.4993,9.5870,1.1453
6012.1000,67.8664,-1.5037,10.2322,1.1825
6012.2000,67.8700,-1.5082,11.2784,1.2426
6012.3000,67.8765,-1.5126,12.4546,1.3100
6012.4000,67.8869,-1.5171,13.1109,1.3476
6012.5000,67.8973,-1.5215,13.2705,1.3568
6012.6000,67.9089,-1.5259,13.5139,1.3708
6012.7000,67.9209,-1.5303,13.5865,1.3750
6012.8000,67.9332,-1.5346,13.8990,1.3930
6012.9000,67.9471,-1.5390,14.5666,1.4311
6013.0000,67.9633,-1.5433,15.0003,1.4560
6013.1000,67.9799,-1.5476,15.2503,1.4703
6013.2000,67.9978,-1.5519,15.7197,1.4971
6013.3000,68.0172,-1.5562,16.1200,1.5200
6013.4000,68.0375,-1.5605,16.6109,1.5481
6013.5000,68.0598,-1.5647,17.7789,1.6143
6013.6000,68.0868,-1.5690,19.1462,1.6916
6013.7000,68.1169,-1.5732,19.9627,1.7378
6013.8000,68.1485,-1.5774,20.0663,1.7439
6013.9000,68.1794,-1.5816,19.4383,1.7090
6014.0000,68.2076,-1.5858,18.4779,1.6552
6014.1000,68.2333,-1.5899,17.6880,1.6110
6014.2000,68.2574,-1.5940,17.3190,1.5904
6014.3000,68.2813,-1.5982,17.2159,1.5848
6014.4000,68.3050,-1.6023,17.7521,1.6153
6014.5000,68.3319,-1.6064,18.6578,1.6667
6014.6000,68.3608,-1.6104,19.2519,1.7004
6014.7000,68.3912,-1.6145,20.0037,1.7430
6014.8000,68.4244,-1.6185,21.0566,1.8023
6014.9000,68.4607,-1.6225,21.2882,1.8157
6015.0000,68.4953,-1.6265,20.4964,1.7717
6015.1000,68.5274,-1.6305,19.7772,1.7317
6015.2000,68.5581,-1.6345,19.5589,1.7197
6015.3000,68.5891,-1.6384,20.1891,1.7554
6015.4000,68.6234,-1.6424,21.8083,1.8465
6015.5000,68.6635,-1.6463,24.0584,1.9723
6015.6000,68.7102,-1.6502,25.9285,2.0765
6015.7000,68.7606,-1.6540,26.6505,2.1170
6015.8000,68.8114,-1.6579,26.3821,2.1027
6015.9000,68.8603,-1.6617,25.7062,2.0659
6016.0000,68.9073,-1.6655,24.9556,2.0248
6016.1000,68.9522,-1.6693,24.1440,1.9802
6016.2000,68.9948,-1.6731,23.4346,1.9412
6016.3000,69.0358,-1.6769,23.0166,1.9183
6016.4000,69.0763,-1.6806,22.9341,1.9142
6016.5000,69.1169,-1.6843,22.9619,1.9162
6016.6000,69.1576,-1.6881,23.1761,1.9285
6016.7000,69.1994,-1.6917,23.3680,1.9397
6016.8000,69.2412,-1.6954,23.0423,1.9220
6016.9000,69.2813,-1.6990,22.1620,1.8733
6017.0000,69.3183,-1.7027,20.6166,1.7872
6017.1000,69.3501,-1.7063,18.7782,1.6842
6017.2000,69.3772,-1.7099,17.4832,1.6114
6017.3000,69.4021,-1.7134,16.7855,1.5722
6017.4000,69.4256,-1.7170,16.3081,1.5455
6017.5000,69.4480,-1.7205,16.0888,1.5333
6017.6000,69.4704,-1.7240,16.1628,1.5377
6017.7000,69.4934,-1.7274,16.1152,1.5352
6017.8000,69.5156,-1.7309,15.9044,1.5235
6017.9000,69.5376,-1.7343,15.7642,1.5158
6018.0000,69.5593,-1.7377,15.9169,1.5247
6018.1000,69.5822,-1.7411,16.0839,1.5344
6018.2000,69.6049,-1.7445,15.7612,1.5163
6018.3000,69.6263,-1.7478,14.9220,1.4689
6018.4000,69.6446,-1.7511,13.6767,1.3982
6018.5000,69.6593,-1.7544,12.1466,1.3109
6018.6000,69.6695,-1.7577,10.6246,1.2237
6018.7000,69.6761,-1.7609,9.4535,1.1564
6018.8000,69.6801,-1.7641,8.7036,1.1132
6018.9000,69.6829,-1.7673,8.3343,1.0919
6019.0000,69.6852,-1.7705,8.0250,1.0740
6019.1000,69.6865,-1.7737,7.2490,1.0291
6019.2000,69.6847,-1.7768,5.6933,0.9388
6019.3000,69.6778,-1.7799,3.9128,0.8350
6019.4000,69.6666,-1.7830,2.4019,0.7464
6019.5000,69.6518,-1.7860,1.3061,0.6820
6019.6000,69.6349,-1.7890,0.8843,0.6570
6019.7000,69.6181,-1.7920,1.4170,0.6881
6019.8000,69.6043,-1.7950,2.3617,0.7434
6019.9000,69.5928,-1.7979,3.2030,0.7926
6020.0000,69.5839,-1.8009,3.7180,0.8226
6020.1000,69.5754,-1.8038,4.0961,0.8446
6020.2000,69.5688,-1.8066,4.5530,0.8712
6020.3000,69.5630,-1.8095,4.6056,0.8742
6020.4000,69.5568,-1.8123,4.2356,0.8526
6020.5000,69.5493,-1.8151,4.1436,0.8471
6020.6000,69.5428,-1.8178,4.0747,0.8430
6020.7000,69.5351,-1.8206,3.6476,0.8180
6020.8000,69.5265,-1.8233,3.5911,0.8146
6020.9000,69.5187,-1.8260,4.0570,0.8417
6021.0000,69.5129,-1.8286,4.4250,0.8632
6021.1000,69.5072,-1.8313,4.5132,0.8682
6021.2000,69.5021,-1.8339,4.6124,0.8740
6021.3000,69.4972,-1.8365,4.9424,0.8931
6021.4000,69.4940,-1.8390,4.7333,0.8809
6021.5000,69.4882,-1.8416,3.9986,0.8380
6021.6000,69.4812,-1.8441,3.8872,0.8314
6021.7000,69.4749,-1.8466,3.9916,0.8375
6021.8000,69.4687,-1.8490,3.5630,0.8123
6021.9000,69.4603,-1.8514,3.3720,0.8011
6022.0000,69.4532,-1.8538,3.5479,0.8113
6022.1000,69.4460,-1.8562,3.2246,0.7923
6022.2000,69.4373,-1.8586,3.0524,0.7822
6022.3000,69.4293,-1.8609,3.1344,0.7869
6022.4000,69.4213,-1.8632,3.7299,0.8216
6022.5000,69.4167,-1.8654,5.5701,0.9289
6022.6000,69.4189,-1.8677,7.9402,1.0663
6022.7000,69.4273,-1.8699,10.0281,1.1869
6022.8000,69.4410,-1.8721,11.8983,1.2944
6022.9000,69.4597,-1.8743,13.1848,1.3681
6023.0000,69.4804,-1.8764,13.1150,1.3644
6023.1000,69.4988,-1.8785,12.1639,1.3102
6023.2000,69.5144,-1.8806,11.2674,1.2590
6023.3000,69.5280,-1.8827,10.6447,1.2234
6023.4000,69.5404,-1.8847,10.2841,1.2028
6023.5000,69.5521,-1.8867,10.0801,1.1912
6023.6000,69.5634,-1.8887,10.4615,1.2132
6023.7000,69.5773,-1.8906,11.3016,1.2616
6023.8000,69.5933,-1.8926,12.0096,1.3024
6023.9000,69.6111,-1.8945,12.3490,1.3220
6024.0000,69.6290,-1.8964,12.7971,1.3478
6024.1000,69.6493,-1.8982,13.0210,1.3608
6024.2000,69.6684,-1.9000,12.3025,1.3199
6024.3000,69.6849,-1.9018,11.4905,1.2736
6024.4000,69.6997,-1.9036,11.1617,1.2549
6024.5000,69.7144,-1.9054,11.1276,1.2531
6024.6000,69.7291,-1.9071,11.5911,1.2798
6024.7000,69.7464,-1.9088,12.9340,1.3568
6024.8000,69.7684,-1.9104,14.7288,1.4594
6024.9000,69.7955,-1.9121,16.4929,1.5598
6025.0000,69.8270,-1.9137,18.0720,1.6495
6025.1000,69.8626,-1.9153,19.1841,1.7125
6025.2000,69.9001,-1.9168,19.8395,1.7498
6025.3000,69.9391,-1.9184,20.2489,1.7732
6025.4000,69.9788,-1.9199,20.3873,1.7814
6025.5000,70.0185,-1.9214,20.0361,1.7621
6025.6000,70.0562,-1.9228,19.1444,1.7124
6025.7000,70.0911,-1.9243,17.9221,1.6438
6025.8000,70.1221,-1.9257,16.7323,1.5769
6025.9000,70.1505,-1.9271,15.9150,1.5309
6026.0000,70.1772,-1.9284,15.1788,1.4893
6026.1000,70.2016,-1.9297,14.5608,1.4544
6026.2000,70.2249,-1.9310,14.3079,1.4403
6026.3000,70.2480,-1.9323,14.0261,1.4245
6026.4000,70.2697,-1.9336,13.4515,1.3919
6026.5000,70.2897,-1.9348,13.5338,1.3968
6026.6000,70.3119,-1.9360,14.4606,1.4499
6026.7000,70.3369,-1.9371,15.0970,1.4864
6026.8000,70.3625,-1.9383,15.2479,1.4952
6026.9000,70.3882,-1.9394,15.2303,1.4945
6027.0000,70.4137,-1.9405,14.2933,1.4415
6027.1000,70.4344,-1.9415,12.7721,1.3549
6027.2000,70.4517,-1.9426,11.7223,1.2950
6027.3000,70.4668,-1.9436,11.0072,1.2541
6027.4000,70.4803,-1.9446,10.4470,1.2221
6027.5000,70.4924,-1.9455,10.0937,1.2019
6027.6000,70.5040,-1.9464,9.3123,1.1570
6027.7000,70.5119,-1.9473,7.9723,1.0797
6027.8000,70.5164,-1.9482,6.6226,1.0015
6027.9000,70.5172,-1.9491,5.2237,0.9202
6028.0000,70.5142,-1.9499,4.3320,0.8682
6028.1000,70.5102,-1.9507,4.5754,0.8824
6028.2000,70.5087,-1.9515,5.5089,0.9367
6028.3000,70.5097,-1.9522,6.6436,1.0027
6028.4000,70.5143,-1.9529,7.6460,1.0608
6028.5000,70.5208,-1.9536,8.5184,1.1113
6028.6000,70.5300,-1.9543,9.1394,1.1473
6028.7000,70.5398,-1.9549,8.9654,1.1374
6028.8000,70.5481,-1.9555,8.7771,1.1266
6028.9000,70.5570,-1.9561,9.2076,1.1515
6029.0000,70.5676,-1.9567,9.5511,1.1714
6029.1000,70.5782,-1.9572,9.4896,1.1680
6029.2000,70.5886,-1.9577,9.7321,1.1821
6029.3000,70.6005,-1.9582,10.0271,1.1992
6029.4000,70.6124,-1.9586,10.0780,1.2022
6029.5000,70.6246,-1.9591,10.0704,1.2019
6029.6000,70.6364,-1.9595,10.0640,1.2017
6029.7000,70.6486,-1.9599,9.6243,1.1765
6029.8000,70.6580,-1.9602,8.5476,1.1145
6029.9000,70.6644,-1.9605,7.6482,1.0625
6030.0000,70.6690,-1.9608,7.1579,1.0342
6030.1000,70.6728,-1.9611,7.0087,1.0256
6030.2000,70.6767,-1.9614,7.3637,1.0462
6030.3000,70.6824,-1.9616,8.0210,1.0843
6030.4000,70.6897,-1.9618,8.2672,1.0986
6030.5000,70.6967,-1.9620,7.9884,1.0826
6030.6000,70.7026,-1.9621,8.1798,1.0937
6030.7000,70.7105,-1.9623,9.3788,1.1630
6030.8000,70.7228,-1.9624,11.0422,1.2588
6030.9000,70.7396,-1.9624,13.1495,1.3797
6031.0000,70.7631,-1.9625,15.8552,1.5340
6031.1000,70.7943,-1.9625,18.0560,1.6590
6031.2000,70.8293,-1.9625,19.2942,1.7292
6031.3000,70.8669,-1.9625,20.1758,1.7792
6031.4000,70.9065,-1.9624,20.5097,1.7983
6031.5000,70.9458,-1.9624,19.9819,1.7691
6031.6000,70.9824,-1.9623,18.7609,1.7008
6031.7000,71.0149,-1.9622,17.5709,1.6339
6031.8000,71.0450,-1.9620,16.6031,1.5795
6031.9000,71.0724,-1.9619,15.6844,1.5277
6032.0000,71.0975,-1.9617,15.3203,1.5072
6032.1000,71.1227,-1.9615,15.3364,1.5084
6032.2000,71.1478,-1.9612,14.6029,1.4670
6032.3000,71.1690,-1.9609,13.0437,1.3783
6032.4000,71.1857,-1.9607,11.3888,1.2837
6032.5000,71.1981,-1.9604,9.8670,1.1963
6032.6000,71.2067,-1.9600,9.0152,1.1473
6032.7000,71.2145,-1.9597,8.9871,1.1458
6032.8000,71.2228,-1.9593,9.1123,1.1531
6032.9000,71.2313,-1.9589,9.1905,1.1577
6033.0000,71.2400,-1.9585,9.2675,1.1622
6033.1000,71.2487,-1.9580,8.7720,1.1337
6033.2000,71.2548,-1.9575,7.5625,1.0639
6033.3000,71.2571,-1.9570,6.1516,0.9821
6033.4000,71.2556,-1.9565,5.0082,0.9155
6033.5000,71.2518,-1.9560,3.7431,0.8417
6033.6000,71.2436,-1.9554,2.3542,0.7603
6033.7000,71.2324,-1.9548,1.7831,0.7267
6033.8000,71.2212,-1.9542,1.9526,0.7365
6033.9000,71.2109,-1.9536,2.0505,0.7421
6034.0000,71.2001,-1.9530,2.3330,0.7586
6034.1000,71.1914,-1.9523,3.2637,0.8130
6034.2000,71.1855,-1.9516,3.8033,0.8445
6034.3000,71.1796,-1.9509,4.1304,0.8635
6034.4000,71.1755,-1.9501,4.6306,0.8927
6034.5000,71.1721,-1.9494,4.7238,0.8981
6034.6000,71.1685,-1.9486,4.3019,0.8734
6034.7000,71.1629,-1.9478,3.9458,0.8526
6034.8000,71.1573,-1.9470,3.4219,0.8219
6034.9000,71.1488,-1.9462,2.4962,0.7676
6035.0000,71.1383,-1.9453,1.7839,0.7257
6035.1000,71.1261,-1.9444,1.3368,0.6993
6035.2000,71.1131,-1.9435,0.6922,0.6613
6035.3000,71.0975,-1.9426,0.3124,0.6387
6035.4000,71.0825,-1.9417,0.9958,0.6788
6035.5000,71.0704,-1.9407,2.1175,0.7446
6035.6000,71.0614,-1.9397,2.9248,0.7918
6035.7000,71.0536,-1.9387,3.9221,0.8500
6035.8000,71.0498,-1.9377,4.7919,0.9007
6035.9000,71.0465,-1.9367,4.9123,0.9077
6036.0000,71.0433,-1.9356,4.9235,0.9083
6036.1000,71.0401,-1.9346,5.4280,0.9377
6036.2000,71.0395,-1.9335,6.3022,0.9885
6036.3000,71.0408,-1.9323,7.1126,1.0355
6036.4000,71.0445,-1.9312,7.4398,1.0545
6036.5000,71.0475,-1.9301,6.8453,1.0201
6036.6000,71.0479,-1.9289,5.7823,0.9584
6036.7000,71.0451,-1.9277,4.5510,0.8866
6036.8000,71.0389,-1.9265,3.4982,0.8251
6036.9000,71.0305,-1.9253,3.0068,0.7963
6037.0000,71.0216,-1.9241,3.0787,0.8004
6037.1000,71.0135,-1.9228,3.1452,0.8042
6037.2000,71.0049,-1.9215,3.0064,0.7960
6037.3000,70.9960,-1.9203,3.0433,0.7980
6037.4000,70.9876,-1.9190,3.6193,0.8316
6037.5000,70.9817,-1.9176,5.0396,0.9144
6037.6000,70.9807,-1.9163,6.4395,0.9958
6037.7000,70.9822,-1.9149,7.2728,1.0442
6037.8000,70.9856,-1.9136,7.9409,1.0829
6037.9000,70.9905,-1.9122,8.2344,1.0999
6038.0000,70.9953,-1.9108,7.6461,1.0659
6038.1000,70.9970,-1.9094,7.2202,1.0413
6038.2000,70.9994,-1.9079,8.0629,1.0901
6038.3000,71.0055,-1.9065,9.6275,1.1805
6038.4000,71.0161,-1.9050,11.4056,1.2828
6038.5000,71.0315,-1.9035,13.4722,1.4013
6038.6000,71.0530,-1.9020,15.7995,1.5340
6038.7000,71.0806,-1.9005,17.6892,1.6413
6038.8000,71.1119,-1.8990,18.8136,1.7052
6038.9000,71.1452,-1.8975,19.1280,1.7232
6039.0000,71.1779,-1.8959,19.1515,1.7249
6039.1000,71.2111,-1.8943,19.5732,1.7490
6039.2000,71.2458,-1.8928,20.2759,1.7889
6039.3000,71.2824,-1.8912,20.7075,1.8136
6039.4000,71.3191,-1.8895,21.3679,1.8510
6039.5000,71.3590,-1.8879,22.5632,1.9184
6039.6000,71.4018,-1.8863,23.1904,1.9539
6039.7000,71.4446,-1.8846,23.1782,1.9537
6039.8000,71.4870,-1.8829,23.3420,1.9633
6039.9000,71.5304,-1.8812,23.3721,1.9654
6040.0000,71.5727,-1.8795,22.8062,1.9343
6040.1000,71.6128,-1.8778,22.4182,1.9131
6040.2000,71.6527,-1.8761,22.6623,1.9271
6040.3000,71.6938,-1.8744,23.3422,1.9656
6040.4000,71.7370,-1.8726,24.2487,2.0166
6040.5000,71.7825,-1.8708,25.0776,2.0632
6040.6000,71.8297,-1.8690,25.7397,2.1005
6040.7000,71.8784,-1.8672,25.9663,2.1137
6040.8000,71.9264,-1.8654,25.2851,2.0764
6040.9000,71.9712,-1.8636,23.7178,1.9896
6041.0000,72.0106,-1.8618,22.0936,1.8993
6041.1000,72.0466,-1.8599,20.2690,1.7974
6041.2000,72.0762,-1.8581,18.0208,1.6710
6041.3000,72.1001,-1.8562,16.0107,1.5574
6041.4000,72.1190,-1.8543,14.7467,1.4857
6041.5000,72.1360,-1.8524,14.0412,1.4457
6041.6000,72.1510,-1.8505,13.5811,1.4196
6041.7000,72.1655,-1.8486,13.3658,1.4074
6041.8000,72.1791,-1.8467,13.1501,1.3953
6041.9000,72.1923,-1.8448,12.8264,1.3769
6042.0000,72.2041,-1.8428,11.9212,1.3252
6042.1000,72.2123,-1.8409,10.6725,1.2536
6042.2000,72.2174,-1.8389,9.3673,1.1785
6042.3000,72.2187,-1.8369,8.2024,1.1113
6042.4000,72.2176,-1.8350,7.6350,1.0784
6042.5000,72.2157,-1.8330,7.9777,1.0982
6042.6000,72.2163,-1.8310,8.9499,1.1544
6042.7000,72.2194,-1.8290,10.5395,1.2460
6042.8000,72.2281,-1.8270,12.7698,1.3741
6042.9000,72.2427,-1.8249,14.5618,1.4765
6043.0000,72.2605,-1.8229,15.4249,1.5258
6043.1000,72.2795,-1.8209,15.7318,1.5435
6043.2000,72.2987,-1.8188,15.7859,1.5468
6043.3000,72.3177,-1.8168,15.6418,1.5388
6043.4000,72.3360,-1.8147,15.6085,1.5371
6043.5000,72.3546,-1.8126,15.7907,1.5477
6043.6000,72.3736,-1.8106,15.7554,1.5459
6043.7000,72.3918,-1.8085,15.2644,1.5182
6043.8000,72.4080,-1.8064,14.6849,1.4854
6043.9000,72.4230,-1.8043,14.2911,1.4631
6044.0000,72.4369,-1.8022,14.4754,1.4737
6044.1000,72.4527,-1.8001,15.5031,1.5324
6044.2000,72.4718,-1.7979,16.8453,1.6088
6044.3000,72.4943,-1.7958,17.8228,1.6644
6044.4000,72.5183,-1.7937,18.4615,1.7008
6044.5000,72.5439,-1.7916,18.8680,1.7240
6044.6000,72.5697,-1.7894,18.9531,1.7291
6044.7000,72.5955,-1.7873,18.8973,1.7262
6044.8000,72.6207,-1.7851,19.1349,1.7399
6044.9000,72.6475,-1.7830,19.5246,1.7622
6045.0000,72.6745,-1.7808,19.4378,1.7576
6045.1000,72.7006,-1.7786,18.8776,1.7263
6045.2000,72.7245,-1.7765,17.8078,1.6661
6045.3000,72.7447,-1.7743,16.1100,1.5701
6045.4000,72.7595,-1.7721,14.0231,1.4515
6045.5000,72.7687,-1.7699,12.1116,1.3423
6045.6000,72.7734,-1.7677,10.8520,1.2700
6045.7000,72.7759,-1.7655,10.4107,1.2447
6045.8000,72.7782,-1.7633,10.4762,1.2485
6045.9000,72.7809,-1.7611,10.8613,1.2707
6046.0000,72.7850,-1.7589,11.2054,1.2905
6046.1000,72.7893,-1.7567,10.7156,1.2624
6046.2000,72.7907,-1.7545,9.7008,1.2040
6046.3000,72.7896,-1.7523,8.8760,1.1564
6046.4000,72.7866,-1.7501,8.0000,1.1057
6046.5000,72.7807,-1.7479,7.2605,1.0628
6046.6000,72.7738,-1.7457,7.1814,1.0582
6046.7000,72.7674,-1.7435,7.3821,1.0697
6046.8000,72.7614,-1.7413,7.3720,1.0691
6046.9000,72.7548,-1.7391,7.5046,1.0767
6047.0000,72.7493,-1.7369,7.9449,1.1021
6047.1000,72.7449,-1.7346,8.6444,1.1425
6047.2000,72.7429,-1.7324,9.7587,1.2068
6047.3000,72.7442,-1.7302,11.1888,1.2891
6047.4000,72.7495,-1.7280,12.8646,1.3852
6047.5000,72.7593,-1.7258,14.2894,1.4667
6047.6000,72.7717,-1.7236,15.2646,1.5224
6047.7000,72.7864,-1.7213,16.0898,1.5694
6047.8000,72.8029,-1.7191,16.6762,1.6029
6047.9000,72.8204,-1.7169,16.8969,1.6156
6048.0000,72.8379,-1.7147,17.1758,1.6316
6048.1000,72.8566,-1.7125,17.4404,1.6468
6048.2000,72.8752,-1.7103,17.4937,1.6500
6048.3000,72.8939,-1.7081,17.3985,1.6448
6048.4000,72.9118,-1.7059,17.0662,1.6262
6048.5000,72.9286,-1.7036,16.5560,1.5975
6048.6000,72.9436,-1.7014,16.1432,1.5742
6048.7000,72.9581,-1.6992,15.6773,1.5479
6048.8000,72.9705,-1.6970,15.6437,1.5461
6048.9000,72.9845,-1.6948,15.9822,1.5655
6049.0000,72.9985,-1.6926,16.2814,1.5826
6049.1000,73.0139,-1.6904,17.1237,1.6306
6049.2000,73.0320,-1.6882,18.4984,1.7086
6049.3000,73.0543,-1.6860,19.4298,1.7614
6049.4000,73.0769,-1.6838,20.1518,1.8023
6049.5000,73.1027,-1.6816,20.9864,1.8495
6049.6000,73.1294,-1.6795,20.7546,1.8368
6049.7000,73.1537,-1.6773,19.4426,1.7632
6049.8000,73.1734,-1.6751,17.9207,1.6775
6049.9000,73.1897,-1.6729,16.6289,1.6045
6050.0000,73.2024,-1.6707,15.2621,1.5270
6050.1000,73.2114,-1.6686,14.0705,1.4592
6050.2000,73.2179,-1.6664,13.1401,1.4061
6050.3000,73.2219,-1.6643,12.2991,1.3580
6050.4000,73.2239,-1.6621,11.4754,1.3108
6050.5000,73.2235,-1.6599,10.8151,1.2729
6050.6000,73.2219,-1.6578,10.4265,1.2505
6050.7000,73.2193,-1.6557,10.4748,1.2533
6050.8000,73.2179,-1.6535,10.8800,1.2765
6050.9000,73.2173,-1.6514,11.4333,1.3083
6051.0000,73.2185,-1.6493,12.2618,1.3558
6051.1000,73.2221,-1.6472,13.2273,1.4111
6051.2000,73.2281,-1.6450,14.6004,1.4896
6051.3000,73.2386,-1.6429,16.3664,1.5901
6051.4000,73.2536,-1.6408,17.7582,1.6692
6051.5000,73.2710,-1.6387,18.4521,1.7086
6051.6000,73.2893,-1.6367,19.2723,1.7551
6051.7000,73.3107,-1.6346,19.7903,1.7845
6051.8000,73.3315,-1.6325,20.0105,1.7972
6051.9000,73.3539,-1.6304,20.3736,1.8179
6052.0000,73.3763,-1.6284,20.6202,1.8320
6052.1000,73.3996,-1.6263,20.7027,1.8369
6052.2000,73.4222,-1.6243,20.5812,1.8303
6052.3000,73.4447,-1.6222,20.1112,1.8041
6052.4000,73.4646,-1.6202,19.0504,1.7446
6052.5000,73.4814,-1.6182,17.4368,1.6535
6052.6000,73.4929,-1.6161,15.3495,1.5352
6052.7000,73.4988,-1.6141,13.2561,1.4159
6052.8000,73.4993,-1.6121,11.6145,1.3218
6052.9000,73.4966,-1.6101,10.8998,1.2807
6053.0000,73.4933,-1.6081,11.0785,1.2910
6053.1000,73.4915,-1.6061,11.3726,1.3079
6053.2000,73.4896,-1.6042,11.3815,1.3083
6053.3000,73.4876,-1.6022,11.1468,1.2948
6053.4000,73.4844,-1.6003,10.8219,1.2761
6053.5000,73.4806,-1.5983,10.7935,1.2745
6053.6000,73.4772,-1.5964,11.1985,1.2977
6053.7000,73.4754,-1.5944,11.8922,1.3375
6053.8000,73.4753,-1.5925,12.7919,1.3890
6053.9000,73.4780,-1.5906,13.4896,1.4290
6054.0000,73.4814,-1.5887,13.8951,1.4522
6054.1000,73.4861,-1.5868,14.2868,1.4746
6054.2000,73.4913,-1.5850,14.6924,1.4978
6054.3000,73.4979,-1.5831,15.0613,1.5188
6054.4000,73.5049,-1.5812,15.3259,1.5340
6054.5000,73.5127,-1.5794,15.0299,1.5172
6054.6000,73.5180,-1.5775,14.2295,1.4717
6054.7000,73.5216,-1.5757,13.7293,1.4431
6054.8000,73.5242,-1.5739,13.7611,1.4450
6054.9000,73.5278,-1.5721,14.0061,1.4590
6055.0000,73.5315,-1.5703,14.3399,1.4781
6055.1000,73.5366,-1.5685,14.9932,1.5154
6055.2000,73.5436,-1.5667,15.3792,1.5374
6055.3000,73.5506,-1.5650,14.8745,1.5088
6055.4000,73.5548,-1.5632,14.3064,1.4765
6055.5000,73.5587,-1.5614,14.3404,1.4784
6055.6000,73.5629,-1.5597,14.6162,1.4942
6055.7000,73.5681,-1.5580,14.9206,1.5116
6055.8000,73.5738,-1.5563,15.2521,1.5306
6055.9000,73.5806,-1.5546,15.7019,1.5562
6056.0000,73.5884,-1.5529,16.1561,1.5821
6056.1000,73.5974,-1.5512,16.1841,1.5838
6056.2000,73.6052,-1.5495,15.8191,1.5632
6056.3000,73.6121,-1.5479,15.2160,1.5289
6056.4000,73.6167,-1.5462,14.1153,1.4662
6056.5000,73.6179,-1.5446,12.8930,1.3964
6056.6000,73.6161,-1.5430,11.8466,1.3364
6056.7000,73.6118,-1.5414,10.9070,1.2824
6056.8000,73.6051,-1.5398,9.8946,1.2241
6056.9000,73.5955,-1.5382,8.6728,1.1535
6057.0000,73.5825,-1.5366,7.7373,1.0993
6057.1000,73.5680,-1.5351,7.0701,1.0604
6057.2000,73.5515,-1.5335,6.6059,1.0333
6057.3000,73.5346,-1.5320,6.5273,1.0286
6057.4000,73.5176,-1.5305,6.8103,1.0448
6057.5000,73.5022,-1.5290,6.8137,1.0448
6057.6000,73.4852,-1.5275,6.5763,1.0309
6057.7000,73.4684,-1.5260,6.4699,1.0245
6057.8000,73.4508,-1.5245,6.5035,1.0263
6057.9000,73.4342,-1.5231,7.5407,1.0862
6058.0000,73.4219,-1.5216,9.0425,1.1729
6058.1000,73.4130,-1.5202,10.1516,1.2368
6058.2000,73.4064,-1.5188,11.2013,1.2971
6058.3000,73.4027,-1.5174,12.3578,1.3634
6058.4000,73.4020,-1.5160,12.8438,1.3912
6058.5000,73.4008,-1.5146,12.9359,1.3965
6058.6000,73.4004,-1.5133,13.2258,1.4130
6058.7000,73.4006,-1.5119,13.8629,1.4494
6058.8000,73.4033,-1.5106,14.8960,1.5084
6058.9000,73.4088,-1.5092,15.7045,1.5544
6059.0000,73.4156,-1.5079,16.2821,1.5873
6059.1000,73.4239,-1.5066,16.5079,1.6002
6059.2000,73.4317,-1.5053,15.8078,1.5606
6059.3000,73.4363,-1.5041,14.5658,1.4899
6059.4000,73.4376,-1.5028,13.3871,1.4227
6059.5000,73.4360,-1.5016,12.5097,1.3724
6059.6000,73.4328,-1.5003,12.1673,1.3528
6059.7000,73.4294,-1.4991,11.9212,1.3386
6059.8000,73.4248,-1.4979,11.5695,1.3184
6059.9000,73.4195,-1.4967,11.7370,1.3280
6060.0000,73.4158,-1.4955,12.0724,1.3472
6060.1000,73.4121,-1.4944,12.1154,1.3496
6060.2000,73.4086,-1.4932,12.7381,1.3852
6060.3000,73.4080,-1.4921,13.2440,1.4142
6060.4000,73.4070,-1.4909,12.5067,1.3720
6060.5000,73.4026,-1.4898,11.2235,1.2983
6060.6000,73.3949,-1.4887,10.6488,1.2652
6060.7000,73.3875,-1.4876,10.7617,1.2716
6060.8000,73.3803,-1.4866,11.5718,1.3181
6060.9000,73.3771,-1.4855,13.2035,1.4115
6061.0000,73.3782,-1.4845,15.3219,1.5323
6061.1000,73.3858,-1.4834,17.5743,1.6603
6061.2000,73.3984,-1.4824,19.2145,1.7531
6061.3000,73.4143,-1.4814,20.2328,1.8106
6061.4000,73.4320,-1.4804,21.0540,1.8570
6061.5000,73.4520,-1.4794,21.5455,1.8848
6061.6000,73.4721,-1.4785,21.5148,1.8833
6061.7000,73.4918,-1.4775,21.4746,1.8813
6061.8000,73.5115,-1.4766,21.3572,1.8749
6061.9000,73.5304,-1.4757,21.0904,1.8602
6062.0000,73.5486,-1.4747,21.3284,1.8737
6062.1000,73.5686,-1.4738,21.7763,1.8991
6062.2000,73.5890,-1.4730,21.4328,1.8800
6062.3000,73.6070,-1.4721,20.6878,1.8384
6062.4000,73.6235,-1.4712,20.2773,1.8155
6062.5000,73.6393,-1.4704,19.4612,1.7697
6062.6000,73.6514,-1.4695,18.3208,1.7055
6062.7000,73.6613,-1.4687,18.1574,1.6963
6062.8000,73.6724,-1.4679,18.4493,1.7130
6062.9000,73.6837,-1.4671,17.8350,1.6784
6063.0000,73.6916,-1.4663,16.9034,1.6257
6063.1000,73.6980,-1.4656,16.3279,1.5931
6063.2000,73.7029,-1.4648,15.4037,1.5406
6063.3000,73.7045,-1.4641,14.3576,1.4810
6063.4000,73.7040,-1.4634,13.6520,1.4408
6063.5000,73.7019,-1.4626,13.0657,1.4072
6063.6000,73.6983,-1.4619,12.5700,1.3788
6063.7000,73.6937,-1.4612,12.2955,1.3630
6063.8000,73.6887,-1.4606,11.9778,1.3448
6063.9000,73.6824,-1.4599,11.7711,1.3328
6064.0000,73.6763,-1.4593,11.6626,1.3266
6064.1000,73.6694,-1.4586,11.1394,1.2964
6064.2000,73.6606,-1.4580,10.0852,1.2357
6064.3000,73.6483,-1.4574,8.8120,1.1621
6064.4000,73.6330,-1.4568,7.4486,1.0831
6064.5000,73.6138,-1.4562,6.2387,1.0127
6064.6000,73.5923,-1.4556,5.3675,0.9618
6064.7000,73.5686,-1.4551,4.4814,0.9099
6064.8000,73.5426,-1.4545,3.5621,0.8559
6064.9000,73.5142,-1.4540,2.7114,0.8058
6065.0000,73.4839,-1.4535,1.9774,0.7624
6065.1000,73.4518,-1.4530,0.9819,0.7036
6065.2000,73.4165,-1.4525,0.4903,0.6743
6065.3000,73.3819,-1.4520,1.1852,0.7148
6065.4000,73.3502,-1.4515,2.0791,0.7670
6065.5000,73.3203,-1.4510,2.5888,0.7965
6065.6000,73.2913,-1.4506,3.5659,0.8534
6065.7000,73.2665,-1.4502,4.6383,0.9157
6065.8000,73.2431,-1.4497,5.3175,0.9550
6065.9000,73.2219,-1.4493,6.7465,1.0379
6066.0000,73.2058,-1.4489,9.0963,1.1737
6066.1000,73.1968,-1.4485,11.2689,1.2986
6066.2000,73.1919,-1.4481,13.3848,1.4198
6066.3000,73.1938,-1.4478,15.2689,1.5273
6066.4000,73.1986,-1.4474,16.4767,1.5960
6066.5000,73.2067,-1.4471,16.9019,1.6202
6066.6000,73.2137,-1.4467,16.3370,1.5882
6066.7000,73.2187,-1.4464,15.4610,1.5385
6066.8000,73.2212,-1.4461,14.4533,1.4811
6066.9000,73.2210,-1.4458,13.4104,1.4216
6067.0000,73.2180,-1.4455,12.7824,1.3856
6067.1000,73.2146,-1.4452,12.8755,1.3909
6067.2000,73.2121,-1.4450,12.7466,1.3835
6067.3000,73.2081,-1.4447,12.0968,1.3463
6067.4000,73.2022,-1.4444,11.0134,1.2840
6067.5000,73.1926,-1.4442,9.0577,1.1713
6067.6000,73.1766,-1.4440,7.0599,1.0555
6067.7000,73.1567,-1.4438,5.5303,0.9665
6067.8000,73.1330,-1.4435,4.3258,0.8960
6067.9000,73.1069,-1.4434,3.9339,0.8729
6068.0000,73.0812,-1.4432,4.4098,0.9004
6068.1000,73.0576,-1.4430,4.9508,0.9316
6068.2000,73.0348,-1.4428,5.1859,0.9451
6068.3000,73.0125,-1.4426,5.5989,0.9689
6068.4000,72.9918,-1.4425,6.0543,0.9951
6068.5000,72.9720,-1.4424,6.1620,1.0012
6068.6000,72.9520,-1.4422,5.9131,0.9865
6068.7000,72.9309,-1.4421,5.6587,0.9715
6068.8000,72.9096,-1.4420,5.6485,0.9706
6068.9000,72.8885,-1.4419,5.8019,0.9793
6069.0000,72.8681,-1.4418,6.1385,0.9987
6069.1000,72.8488,-1.4417,6.8483,1.0397
6069.2000,72.8321,-1.4416,7.7408,1.0912
6069.3000,72.8175,-1.4415,8.8013,1.1524
6069.4000,72.8064,-1.4415,9.4916,1.1921
6069.5000,72.7954,-1.4414,9.3370,1.1831
6069.6000,72.7835,-1.4414,8.8607,1.1554
6069.7000,72.7701,-1.4413,8.3440,1.1254
6069.8000,72.7556,-1.4413,7.4156,1.0716
6069.9000,72.7374,-1.4413,5.8826,0.9824
6070.0000,72.7149,-1.4412,4.8906,0.9244
6070.1000,72.6917,-1.4412,4.5064,0.9017
6070.2000,72.6673,-1.4412,3.8068,0.8606
6070.3000,72.6405,-1.4412,2.8691,0.8055
6070.4000,72.6114,-1.4412,2.3836,0.7767
6070.5000,72.5821,-1.4412,2.0480,0.7567
6070.6000,72.5513,-1.4413,1.6154,0.7310
6070.7000,72.5199,-1.4413,1.8511,0.7445
6070.8000,72.4905,-1.4413,2.6191,0.7892
6070.9000,72.4632,-1.4414,3.5582,0.8439
6071.0000,72.4387,-1.4414,4.4690,0.8968
6071.1000,72.4162,-1.4415,4.9619,0.9253
6071.2000,72.3944,-1.4415,4.9228,0.9228
6071.3000,72.3717,-1.4416,4.3406,0.8886
6071.4000,72.3469,-1.4416,3.2036,0.8219
6071.5000,72.3185,-1.4417,2.0503,0.7540
6071.6000,72.2878,-1.4418,1.4985,0.7213
6071.7000,72.2565,-1.4419,0.9489,0.6887
6071.8000,72.2230,-1.4420,0.5971,0.6676
6071.9000,72.1901,-1.4421,1.4150,0.7153
6072.0000,72.1610,-1.4422,2.8460,0.7990
6072.1000,72.1356,-1.4423,3.9201,0.8615
6072.2000,72.1122,-1.4424,4.9996,0.9242
6072.3000,72.0925,-1.4425,6.2657,0.9977
6072.4000,72.0758,-1.4426,7.0502,1.0430
6072.5000,72.0603,-1.4427,7.3876,1.0624
6072.6000,72.0455,-1.4428,7.5930,1.0741
6072.7000,72.0311,-1.4430,7.9264,1.0933
6072.8000,72.0181,-1.4431,8.0463,1.1001
6072.9000,72.0044,-1.4432,7.3709,1.0608
6073.0000,71.9879,-1.4434,6.3569,1.0018
6073.1000,71.9690,-1.4435,5.7685,0.9674
6073.2000,71.9494,-1.4436,5.4024,0.9459
6073.3000,71.9287,-1.4438,5.3200,0.9409
6073.4000,71.9087,-1.4439,5.4738,0.9496
6073.5000,71.8889,-1.4441,5.3470,0.9420
6073.6000,71.8684,-1.4442,4.8821,0.9147
6073.7000,71.8461,-1.4444,3.8889,0.8566
6073.8000,71.8205,-1.4445,2.3951,0.7689
6073.9000,71.7905,-1.4447,1.6177,0.7229
6074.0000,71.7609,-1.4448,1.9244,0.7406
6074.1000,71.7326,-1.4450,2.3831,0.7672
6074.2000,71.7055,-1.4452,2.7530,0.7886
6074.3000,71.6792,-1.4453,2.9849,0.8019
6074.4000,71.6534,-1.4455,2.4278,0.7690
6074.5000,71.6244,-1.4456,1.1769,0.6953
6074.6000,71.5921,-1.4458,0.3225,0.6446
6074.7000,71.5586,-1.4460,0.0108,0.6259
6074.8000,71.5248,-1.4461,-0.3195,0.0000
6074.9000,71.4896,-1.4463,-0.2348,0.0000
6075.0000,71.4564,-1.4465,0.1908,0.6354
6075.1000,71.4236,-1.4466,-0.1737,0.0000
6075.2000,71.3885,-1.4468,-1.0624,0.0000
6075.3000,71.3512,-1.4470,-1.6446,0.0000
6075.4000,71.3131,-1.4471,-1.9743,0.0000
6075.5000,71.2742,-1.4473,-1.5863,0.0000
6075.6000,71.2383,-1.4474,-0.4148,0.0000
6075.7000,71.2056,-1.4476,0.7300,0.6645
6075.8000,71.1759,-1.4478,1.5782,0.7140
6075.9000,71.1479,-1.4479,1.9123,0.7334
6076.0000,71.1200,-1.4481,0.9781,0.6782
6076.1000,71.0871,-1.4482,-0.7227,0.0000
6076.2000,71.0504,-1.4484,-2.0225,0.0000
6076.3000,71.0106,-1.4485,-3.3808,0.0000
6076.4000,70.9668,-1.4487,-4.5941,0.0000
6076.5000,70.9207,-1.4488,-5.1358,0.0000
6076.6000,70.8741,-1.4490,-5.2055,0.0000
6076.7000,70.8278,-1.4491,-4.9820,0.0000
6076.8000,70.7825,-1.4492,-3.5275,0.0000
6076.9000,70.7441,-1.4494,-1.4729,0.0000
6077.0000,70.7099,-1.4495,0.4490,0.6427
6077.1000,70.6818,-1.4496,2.5728,0.7671
6077.2000,70.6591,-1.4497,4.5944,0.8851
6077.3000,70.6419,-1.4499,5.9122,0.9616
6077.4000,70.6262,-1.4500,6.9072,1.0192
6077.5000,70.6144,-1.4501,8.2128,1.0947
6077.6000,70.6058,-1.4502,9.3706,1.1614
6077.7000,70.6002,-1.4503,10.7713,1.2420
6077.8000,70.5991,-1.4504,12.5136,1.3418
6077.9000,70.6029,-1.4505,13.9765,1.4254
6078.0000,70.6096,-1.4506,14.7329,1.4686
6078.1000,70.6174,-1.4507,15.2788,1.4997
6078.2000,70.6270,-1.4507,15.6097,1.5186
6078.3000,70.6365,-1.4508,15.5507,1.5154
6078.4000,70.6457,-1.4509,15.3139,1.5020
6078.5000,70.6540,-1.4510,15.1261,1.4914
6078.6000,70.6622,-1.4510,15.2250,1.4971
6078.7000,70.6709,-1.4511,15.4941,1.5125
6078.8000,70.6805,-1.4511,15.5596,1.5164
6078.9000,70.6896,-1.4512,15.3556,1.5049
6079.0000,70.6980,-1.4512,15.0353,1.4867
6079.1000,70.7054,-1.4512,14.0494,1.4307
6079.2000,70.7086,-1.4512,12.0125,1.3143
6079.3000,70.7050,-1.4513,10.0456,1.2014
6079.4000,70.6977,-1.4513,8.6616,1.1215
6079.5000,70.6867,-1.4513,7.7721,1.0700
6079.6000,70.6747,-1.4513,7.7728,1.0699
6079.7000,70.6638,-1.4512,8.6257,1.1191
6079.8000,70.6564,-1.4512,9.4241,1.1650
6079.9000,70.6498,-1.4512,10.0171,1.1991
6080.0000,70.6456,-1.4512,10.2370,1.2117
6080.1000,70.6402,-1.4511,9.6338,1.1769
6080.2000,70.6327,-1.4511,8.7411,1.1254
6080.3000,70.6226,-1.4510,8.3912,1.1051
6080.4000,70.6133,-1.4509,8.5332,1.1132
6080.5000,70.6039,-1.4509,8.7002,1.1227
6080.6000,70.5955,-1.4508,8.9364,1.1363
6080.7000,70.5874,-1.4507,8.8471,1.1310
6080.8000,70.5786,-1.4506,8.5324,1.1128
6080.9000,70.5689,-1.4504,8.3186,1.1003
6081.0000,70.5590,-1.4503,8.2550,1.0965
6081.1000,70.5489,-1.4502,8.1141,1.0883
6081.2000,70.5382,-1.4500,8.3340,1.1009
6081.3000,70.5294,-1.4499,8.6672,1.1200
6081.4000,70.5205,-1.4497,7.9598,1.0790
6081.5000,70.5079,-1.4496,6.4537,0.9916
6081.6000,70.4910,-1.4494,5.0593,0.9104
6081.7000,70.4710,-1.4492,3.7157,0.8318
6081.8000,70.4469,-1.4490,2.5345,0.7624
6081.9000,70.4206,-1.4488,2.1886,0.7419
6082.0000,70.3948,-1.4485,2.5089,0.7604
6082.1000,70.3702,-1.4483,3.1433,0.7973
6082.2000,70.3479,-1.4481,4.0069,0.8475
6082.3000,70.3280,-1.4478,-8.8310,0.0000
6082.4000,70.2368,-1.4475,-35.3162,0.0000
6082.5000,70.0747,-1.4472,-61.6299,0.0000
6082.6000,69.8417,-1.4469,-87.9919,0.0000
6082.7000,69.5366,-1.4466,-114.2897,0.0000
6082.8000,69.1595,-1.4463,-127.0550,0.0000
6082.9000,68.7824,-1.4460,-126.5515,0.0000
6083.0000,68.4053,-1.4457,-126.0447,0.0000
6083.1000,68.0282,-1.4453,-125.5347,0.0000
6083.2000,67.6511,-1.4450,-125.0215,0.0000
6083.3000,67.2740,-1.4446,-124.5051,0.0000
6083.4000,66.8969,-1.4442,-123.9855,0.0000
6083.5000,66.5198,-1.4439,-123.4628,0.0000
6083.6000,66.1427,-1.4435,-122.9369,0.0000
6083.7000,65.7656,-1.4431,-122.4079,0.0000
6083.8000,65.3885,-1.4426,-121.8759,0.0000
6083.9000,65.0114,-1.4422,-121.3408,0.0000
6084.0000,64.6343,-1.4418,-120.8026,0.0000
6084.1000,64.2572,-1.4414,-120.2614,0.0000
6084.2000,63.8801,-1.4409,-119.7172,0.0000
6084.3000,63.5030,-1.4405,-119.1701,0.0000
6084.4000,63.1259,-1.4400,-118.6199,0.0000
6084.5000,62.7488,-1.4395,-118.0668,0.0000
6084.6000,62.3717,-1.4390,-117.5108,0.0000
6084.7000,61.9946,-1.4385,-116.9519,0.0000
6084.8000,61.6175,-1.4380,-116.3901,0.0000
6084.9000,61.2404,-1.4375,-115.8254,0.0000
6085.0000,60.8633,-1.4370,-115.2579,0.0000
6085.1000,60.4862,-1.4365,-114.6875,0.0000
6085.2000,60.1091,-1.4359,-114.1144,0.0000
6085.3000,59.7320,-1.4354,-113.5385,0.0000
6085.4000,59.3549,-1.4349,-112.9598,0.0000
6085.5000,58.9778,-1.4343,-112.3784,0.0000
6085.6000,58.6008,-1.4337,-111.7942,0.0000
6085.7000,58.2237,-1.4332,-111.2074,0.0000
6085.8000,57.8466,-1.4326,-110.6179,0.0000
6085.9000,57.4695,-1.4320,-110.0257,0.0000
6086.0000,57.0924,-1.4314,-109.4309,0.0000
6086.1000,56.7153,-1.4308,-108.8334,0.0000
6086.2000,56.3382,-1.4302,-108.2334,0.0000
6086.3000,55.9611,-1.4296,-107.6307,0.0000
6086.4000,55.5840,-1.4290,-107.0256,0.0000
6086.5000,55.2069,-1.4283,-106.4178,0.0000
6086.6000,54.8298,-1.4277,-105.8076,0.0000
6086.7000,54.4527,-1.4271,-105.1949,0.0000
6086.8000,54.0756,-1.4264,-104.5796,0.0000
6086.9000,53.6985,-1.4258,-103.9620,0.0000
6087.0000,53.3214,-1.4251,-103.3418,0.0000
6087.1000,52.9443,-1.4245,-102.7193,0.0000
6087.2000,52.5672,-1.4238,-102.0944,0.0000
6087.3000,52.1901,-1.4231,-101.4671,0.0000
6087.4000,51.8130,-1.4225,-100.8374,0.0000
6087.5000,51.4359,-1.4218,-100.2054,0.0000
6087.6000,51.0588,-1.4211,-99.5710,0.0000
6087.7000,50.6817,-1.4204,-98.9344,0.0000
6087.8000,50.3046,-1.4197,-98.2955,0.0000
6087.9000,49.9275,-1.4190,-97.6543,0.0000
6088.0000,49.5504,-1.4183,-97.0109,0.0000
6088.1000,49.1733,-1.4176,-96.3653,0.0000
6088.2000,48.7962,-1.4169,-95.7175,0.0000
6088.3000,48.4191,-1.4162,-95.0674,0.0000
6088.4000,48.0420,-1.4155,-94.4153,0.0000
6088.5000,47.6649,-1.4148,-93.7609,0.0000
6088.6000,47.2878,-1.4141,-93.1045,0.0000
6088.7000,46.9107,-1.4133,-92.4459,0.0000
6088.8000,46.5336,-1.4126,-91.7853,0.0000
6088.9000,46.1565,-1.4119,-91.1226,0.0000
6089.0000,45.7794,-1.4112,-90.4579,0.0000
6089.1000,45.4023,-1.4104,-89.7911,0.0000
6089.2000,45.0252,-1.4097,-89.1223,0.0000
6089.3000,44.6481,-1.4090,-88.4515,0.0000
6089.4000,44.2710,-1.4082,-87.7788,0.0000
6089.5000,43.8939,-1.4075,-87.1041,0.0000
6089.6000,43.5168,-1.4067,-86.4275,0.0000
6089.7000,43.1397,-1.4060,-85.7489,0.0000
6089.8000,42.7626,-1.4053,-85.0685,0.0000
6089.9000,42.3855,-1.4045,-84.3862,0.0000
6090.0000,42.0084,-1.4038,-83.7020,0.0000
6090.1000,41.6313,-1.4030,-83.0160,0.0000
6090.2000,41.2542,-1.4023,-82.3282,0.0000
6090.3000,40.8771,-1.4016,-81.6386,0.0000
6090.4000,40.5000,-1.4008,-80.9472,0.0000
6090.5000,40.1229,-1.4001,-80.2540,0.0000
6090.6000,39.7458,-1.3993,-79.5591,0.0000
6090.7000,39.3687,-1.3986,-78.8625,0.0000
6090.8000,38.9916,-1.3979,-78.1641,0.0000
6090.9000,38.6145,-1.3971,-77.4641,0.0000
6091.0000,38.2374,-1.3964,-76.7624,0.0000
6091.1000,37.8603,-1.3956,-76.0590,0.0000
6091.2000,37.4832,-1.3949,-75.3540,0.0000
6091.3000,37.1061,-1.3942,-74.6474,0.0000
6091.4000,36.7290,-1.3934,-73.9392,0.0000
6091.5000,36.3519,-1.3927,-73.2294,0.0000
6091.6000,35.9748,-1.3920,-72.5180,0.0000
6091.7000,35.5977,-1.3913,-71.8051,0.0000
6091.8000,35.2206,-1.3905,-71.0907,0.0000
6091.9000,34.8435,-1.3898,-70.3748,0.0000
6092.0000,34.4664,-1.3891,-69.6573,0.0000
6092.1000,34.0893,-1.3884,-68.9384,0.0000
6092.2000,33.7122,-1.3877,-68.2181,0.0000
6092.3000,33.3351,-1.3870,-67.4963,0.0000
6092.4000,32.9580,-1.3863,-66.7731,0.0000
6092.5000,32.5809,-1.3856,-66.0485,0.0000
6092.6000,32.2038,-1.3849,-65.3225,0.0000
6092.7000,31.8267,-1.3842,-64.5951,0.0000
6092.8000,31.4496,-1.3835,-63.8664,0.0000
6092.9000,31.0726,-1.3828,-63.1363,0.0000
6093.0000,30.6955,-1.3821,-62.4049,0.0000
6093.1000,30.3184,-1.3814,-61.6723,0.0000
6093.2000,29.9413,-1.3808,-60.9383,0.0000
6093.3000,29.5642,-1.3801,-60.2031,0.0000
6093.4000,29.1871,-1.3794,-59.4666,0.0000
6093.5000,28.8100,-1.3788,-58.7289,0.0000
6093.6000,28.4329,-1.3781,-57.9900,0.0000
6093.7000,28.0558,-1.3775,-57.2499,0.0000
6093.8000,27.6787,-1.3768,-56.5086,0.0000
6093.9000,27.3016,-1.3762,-55.7662,0.0000
6094.0000,26.9245,-1.3756,-55.0226,0.0000
6094.1000,26.5474,-1.3749,-54.2779,0.0000
6094.2000,26.1703,-1.3743,-53.5321,0.0000
6094.3000,25.7932,-1.3737,-52.7852,0.0000
6094.4000,25.4161,-1.3731,-52.0372,0.0000
6094.5000,25.0390,-1.3725,-51.2881,0.0000
6094.6000,24.6619,-1.3719,-50.5380,0.0000
6094.7000,24.2848,-1.3713,-49.7869,0.0000
6094.8000,23.9077,-1.3707,-49.0347,0.0000
6094.9000,23.5306,-1.3701,-48.2816,0.0000
6095.0000,23.1535,-1.3696,-47.5275,0.0000
6095.1000,22.7764,-1.3690,-46.7724,0.0000
6095.2000,22.3993,-1.3684,-46.0164,0.0000
6095.3000,22.0222,-1.3679,-45.2594,0.0000
6095.4000,21.6451,-1.3674,-44.5016,0.0000
6095.5000,21.2680,-1.3668,-43.7428,0.0000
6095.6000,20.8909,-1.3663,-42.9832,0.0000
6095.7000,20.5138,-1.3658,-42.2227,0.0000
6095.8000,20.1367,-1.3653,-41.4613,0.0000
6095.9000,19.7596,-1.3648,-40.6992,0.2778
6096.0000,19.3825,-1.3643,-39.9362,0.2778
6096.1000,19.0054,-1.3638,-39.1724,0.2778
6096.2000,18.6283,-1.3633,-38.4078,0.2778
6096.3000,18.2512,-1.3628,-37.6425,0.2778
6096.4000,17.8741,-1.3624,-36.8764,0.2778
6096.5000,17.4970,-1.3619,-36.1095,0.2778
6096.6000,17.1199,-1.3615,-35.3420,0.2778
6096.7000,16.7428,-1.3610,-34.5737,0.2778
6096.8000,16.3657,-1.3606,-33.8048,0.2778
6096.9000,15.9886,-1.3602,-33.0352,0.2778
6097.0000,15.6115,-1.3597,-32.2649,0.2778
6097.1000,15.2344,-1.3593,-31.4940,0.2778
6097.2000,14.8573,-1.3589,-30.7225,0.2778
6097.3000,14.4802,-1.3586,-29.9504,0.2778
6097.4000,14.1031,-1.3582,-29.1776,0.2778
6097.5000,13.7260,-1.3578,-28.4043,0.2778
6097.6000,13.3489,-1.3575,-27.6305,0.2778
6097.7000,12.9718,-1.3571,-26.8561,0.2778
6097.8000,12.5947,-1.3568,-26.0811,0.2778
6097.9000,12.2176,-1.3564,-25.3057,0.2778
6098.0000,11.8405,-1.3561,-24.5297,0.2778
6098.1000,11.4634,-1.3558,-23.7533,0.2778
6098.2000,11.0863,-1.3555,-22.9764,0.2778
6098.3000,10.7092,-1.3552,-22.1991,0.2778
6098.4000,10.3321,-1.3549,-21.4213,0.2778
6098.5000,9.9550,-1.3546,-20.6431,0.2778
6098.6000,9.5779,-1.3544,-19.8645,0.2778
6098.7000,9.2008,-1.3541,-19.0855,0.2778
6098.8000,8.8237,-1.3539,-18.3061,0.2778
6098.9000,8.4466,-1.3536,-17.5264,0.2778
6099.0000,8.0695,-1.3534,-16.7463,0.2778
6099.1000,7.6924,-1.3532,-15.9659,0.2778
6099.2000,7.3153,-1.3530,-15.1852,0.2778
6099.3000,6.9382,-1.3528,-14.4042,0.2778
6099.4000,6.5611,-1.3526,-13.6229,0.2778
6099.5000,6.1840,-1.3524,-12.8413,0.2778
6099.6000,5.8069,-1.3523,-11.9849,0.2778
6099.7000,5.4347,-1.3521,-11.0072,0.2778
6099.8000,5.0722,-1.3520,-9.9497,0.2778
6099.9000,4.7241,-1.3518,-8.8549,0.2778
6100.0000,4.3946,-1.3517,-7.6719,0.2778
6100.1000,4.0952,-1.3516,-6.5217,0.2778
6100.2000,3.8236,-1.3515,-5.5488,0.2778
6100.3000,3.5775,-1.3514,-4.7290,0.2778
6100.4000,3.3548,-1.3513,-4.0378,0.2778
6100.5000,3.1534,-1.3512,-3.5164,0.2778
6100.6000,2.9642,-1.3511,-3.1214,0.2778
6100.7000,2.7862,-1.3510,-2.7715,0.2778
6100.8000,2.6190,-1.3510,-2.4616,0.2778
6100.9000,2.4618,-1.3509,-2.1870,0.2778
6101.0000,2.3140,-1.3508,-1.9436,0.2778
6101.1000,2.1751,-1.3508,-1.7279,0.2778
6101.2000,2.0446,-1.3507,-1.5366,0.2778
6101.3000,1.9219,-1.3507,-1.3670,0.2778
6101.4000,1.8065,-1.3506,-1.2166,0.2778
6101.5000,1.6981,-1.3506,-1.0832,0.2778
6101.6000,1.5961,-1.3505,-0.9649,0.2778
6101.7000,1.5003,-1.3505,-0.8598,0.2778
6101.8000,1.4103,-1.3504,-0.7665,0.2778
6101.9000,1.3256,-1.3504,-0.6837,0.2778
6102.0000,1.2461,-1.3504,-0.6102,0.2778
6102.1000,1.1713,-1.3503,-0.5448,0.2778
6102.2000,1.1010,-1.3503,-0.4867,0.2778
6102.3000,1.0349,-1.3503,-0.4351,0.2778
6102.4000,0.9728,-1.3502,-0.3891,0.2778
6102.5000,0.9144,-1.3502,-0.3483,0.2778
6102.6000,0.8595,-1.3502,-0.3119,0.2778
6102.7000,0.8079,-1.3502,-0.2795,0.2778
6102.8000,0.7594,-1.3501,-0.2506,0.2778
6102.9000,0.7138,-1.3501,-0.2249,0.2778
6103.0000,0.6710,-1.3501,-0.2020,0.2778
6103.1000,0.6307,-1.3501,-0.1815,0.2778
6103.2000,0.5928,-1.3501,-0.1633,0.2778
6103.3000,0.5573,-1.3500,-0.1470,0.2778
6103.4000,0.5238,-1.3500,-0.1324,0.2778
6103.5000,0.4924,-1.3500,-0.1194,0.2778
6103.6000,0.4628,-1.3500,-0.1077,0.2778
6103.7000,0.4350,-1.3500,-0.0973,0.2778
6103.8000,0.4089,-1.3500,-0.0879,0.2778
6103.9000,0.3844,-1.3500,-0.0796,0.2778
6104.0000,0.3613,-1.3500,-0.0721,0.2778
6104.1000,0.3396,-1.3499,-0.0653,0.2778
6104.2000,0.3192,-1.3499,-0.0593,0.2778
6104.3000,0.3001,-1.3499,-0.0538,0.2778
6104.4000,0.2821,-1.3499,-0.0489,0.2778
6104.5000,0.2651,-1.3499,-0.0445,0.2778
6104.6000,0.2492,-1.3499,-0.0405,0.2778
6104.7000,0.2343,-1.3499,-0.0370,0.2778
6104.8000,0.2202,-1.3499,-0.0337,0.2778
6104.9000,0.2070,-1.3499,-0.0308,0.2778
6105.0000,0.1946,-1.3499,-0.1224,0.2778
6105.1000,0.0000,-1.3499,-0.0000,0.2778
6105.2000,0.0000,-1.3499,-0.0000,0.2778
6105.3000,0.0000,-1.3499,-0.0000,0.2778
6105.4000,0.0000,-1.3499,-0.0000,0.2778
6105.5000,0.0000,-1.3499,-0.0000,0.2778
6105.6000,0.0000,-1.3499,-0.0000,0.2778
6105.7000,0.0000,-1.3499,-0.0000,0.2778
6105.8000,0.0000,-1.3499,-0.0000,0.2778
6105.9000,0.0000,-1.3499,-0.0000,0.2778
6106.0000,0.0000,-1.3499,-0.0000,0.2778
6106.1000,0.0000,-1.3499,-0.0000,0.2778
6106.2000,0.0000,-1.3499,-0.0000,0.2778
6106.3000,0.0000,-1.3499,-0.0000,0.2778
6106.4000,0.0000,-1.3499,-0.0000,0.2778
6106.5000,0.0000,-1.3499,-0.0000,0.2778
6106.6000,0.0000,-1.3499,-0.0000,0.2778
6106.7000,0.0000,-1.3499,-0.0000,0.2778
6106.8000,0.0000,-1.3499,-0.0000,0.2778
6106.9000,0.0000,-1.3499,-0.0000,0.2778
6107.0000,0.0000,-1.3499,-0.0000,0.2778
6107.1000,0.0000,-1.3499,-0.0000,0.2778
6107.2000,0.0000,-1.3499,-0.0000,0.2778
6107.3000,0.0000,-1.3499,-0.0000,0.2778
6107.4000,0.0000,-1.3499,-0.0000,0.2778
6107.5000,0.0000,-1.3499,-0.0000,0.2778
6107.6000,0.0000,-1.3499,-0.0000,0.2778
6107.7000,0.0000,-1.3499,-0.0000,0.2778
6107.8000,0.0000,-1.3499,-0.0000,0.2778
6107.9000,0.0000,-1.3499,-0.0000,0.2778
6108.0000,0.0000,-1.3499,-0.0000,0.2778
6108.1000,0.0000,-1.3499,-0.0000,0.2778
6108.2000,0.0000,-1.3499,-0.0000,0.2778
6108.3000,0.0000,-1.3499,-0.0000,0.2778
6108.4000,0.0000,-1.3499,-0.0000,0.2778
6108.5000,0.0000,-1.3499,-0.0000,0.2778
6108.6000,0.0000,-1.3499,-0.0000,0.2778
6108.7000,0.0000,-1.3499,-0.0000,0.2778
6108.8000,0.0000,-1.3499,-0.0000,0.2778
6108.9000,0.0000,-1.3499,-0.0000,0.2778
6109.0000,0.0000,-1.3499,-0.0000,0.2778
6109.1000,0.0000,-1.3499,-0.0000,0.2778
6109.2000,0.0000,-1.3499,-0.0000,0.2778
6109.3000,0.0000,-1.3499,-0.0000,0.2778
6109.4000,0.0000,-1.3499,-0.0000,0.2778
6109.5000,0.0000,-1.3499,-0.0000,0.2778
6109.6000,0.0000,-1.3499,-0.0000,0.2778
6109.7000,0.0000,-1.3499,-0.0000,0.2778
6109.8000,0.0000,-1.3499,-0.0000,0.2778
6109.9000,0.0000,-1.3499,-0.0000,0.2778
6110.0000,0.0000,-1.3499,-0.0000,0.2778
6110.1000,0.0000,-1.3499,-0.0000,0.2778
6110.2000,0.0000,-1.3499,-0.0000,0.2778
6110.3000,0.0000,-1.3499,-0.0000,0.2778
6110.4000,0.0000,-1.3499,-0.0000,0.2778
6110.5000,0.0000,-1.3499,-0.0000,0.2778
6110.6000,0.0000,-1.3499,-0.0000,0.2778
6110.7000,0.0000,-1.3499,-0.0000,0.2778
6110.8000,0.0000,-1.3499,-0.0000,0.2778
6110.9000,0.0000,-1.3499,-0.0000,0.2778
6111.0000,0.0000,-1.3499,-0.0000,0.2778
6111.1000,0.0000,-1.3499,-0.0000,0.2778
6111.2000,0.0000,-1.3499,-0.0000,0.2778
6111.3000,0.0000,-1.3499,-0.0000,0.2778
6111.4000,0.0000,-1.3499,-0.0000,0.2778
6111.5000,0.0000,-1.3499,-0.0000,0.2778
6111.6000,0.0000,-1.3499,-0.0000,0.2778
6111.7000,0.0000,-1.3499,-0.0000,0.2778
6111.8000,0.0000,-1.3499,-0.0000,0.2778
6111.9000,0.0000,-1.3499,-0.0000,0.2778
6112.0000,0.0000,-1.3499,-0.0000,0.2778
6112.1000,0.0000,-1.3499,-0.0000,0.2778
6112.2000,0.0000,-1.3499,-0.0000,0.2778
6112.3000,0.0000,-1.3499,-0.0000,0.2778
6112.4000,0.0000,-1.3499,-0.0000,0.2778
6112.5000,0.0000,-1.3499,-0.0000,0.2778
6112.6000,0.0000,-1.3499,-0.0000,0.2778
6112.7000,0.0000,-1.3499,-0.0000,0.2778
6112.8000,0.0000,-1.3499,-0.0000,0.2778
6112.9000,0.0000,-1.3499,-0.0000,0.2778
6113.0000,0.0000,-1.3499,-0.0000,0.2778
6113.1000,0.0000,-1.3499,-0.0000,0.2778
6113.2000,0.0000,-1.3499,-0.0000,0.2778
6113.3000,0.0000,-1.3499,-0.0000,0.2778
6113.4000,0.0000,-1.3499,-0.0000,0.2778
6113.5000,0.0000,-1.3499,-0.0000,0.2778
6113.6000,0.0000,-1.3499,-0.0000,0.2778
6113.7000,0.0000,-1.3499,-0.0000,0.2778
6113.8000,0.0000,-1.3499,-0.0000,0.2778
6113.9000,0.0000,-1.3499,-0.0000,0.2778
6114.0000,0.0000,-1.3499,-0.0000,0.2778
6114.1000,0.0000,-1.3499,-0.0000,0.2778
6114.2000,0.0000,-1.3499,-0.0000,0.2778
6114.3000,0.0000,-1.3499,-0.0000,0.2778
6114.4000,0.0000,-1.3499,-0.0000,0.2778
6114.5000,0.0000,-1.3499,-0.0000,0.2778
6114.6000,0.0000,-1.3499,-0.0000,0.2778
6114.7000,0.0000,-1.3499,-0.0000,0.2778
6114.8000,0.0000,-1.3499,-0.0000,0.2778
6114.9000,0.0000,-1.3499,-0.0000,0.2778
6115.0000,0.0000,-1.3499,-0.0000,0.2778
6115.1000,0.0000,-1.3499,-0.0000,0.2778
6115.2000,0.0000,-1.3499,-0.0000,0.2778
6115.3000,0.0000,-1.3499,-0.0000,0.2778
6115.4000,0.0000,-1.3499,-0.0000,0.2778
6115.5000,0.0000,-1.3499,-0.0000,0.2778
6115.6000,0.0000,-1.3499,-0.0000,0.2778
6115.7000,0.0000,-1.3499,-0.0000,0.2778
6115.8000,0.0000,-1.3499,-0.0000,0.2778
6115.9000,0.0000,-1.3499,-0.0000,0.2778
6116.0000,0.0000,-1.3499,-0.0000,0.2778
6116.1000,0.0000,-1.3499,-0.0000,0.2778
6116.2000,0.0000,-1.3499,-0.0000,0.2778
6116.3000,0.0000,-1.3499,-0.0000,0.2778
6116.4000,0.0000,-1.3499,-0.0000,0.2778
6116.5000,0.0000,-1.3499,-0.0000,0.2778
6116.6000,0.0000,-1.3499,-0.0000,0.2778
6116.7000,0.0000,-1.3499,-0.0000,0.2778
6116.8000,0.0000,-1.3499,-0.0000,0.2778
6116.9000,0.0000,-1.3499,-0.0000,0.2778
6117.0000,0.0000,-1.3499,-0.0000,0.2778
6117.1000,0.0000,-1.3499,-0.0000,0.2778
6117.2000,0.0000,-1.3499,-0.0000,0.2778
6117.3000,0.0000,-1.3499,-0.0000,0.2778
6117.4000,0.0000,-1.3499,-0.0000,0.2778
6117.5000,0.0000,-1.3499,-0.0000,0.2778
6117.6000,0.0000,-1.3499,-0.0000,0.2778
6117.7000,0.0000,-1.3499,-0.0000,0.2778
6117.8000,0.0000,-1.3499,-0.0000,0.2778
6117.9000,0.0000,-1.3499,-0.0000,0.2778
6118.0000,0.0000,-1.3499,-0.0000,0.2778
6118.1000,0.0000,-1.3499,-0.0000,0.2778
6118.2000,0.0000,-1.3499,-0.0000,0.2778
6118.3000,0.0000,-1.3499,-0.0000,0.2778
6118.4000,0.0000,-1.3499,-0.0000,0.2778
6118.5000,0.0000,-1.3499,-0.0000,0.2778
6118.6000,0.0000,-1.3499,-0.0000,0.2778
6118.7000,0.0000,-1.3499,-0.0000,0.2778
6118.8000,0.0000,-1.3499,-0.0000,0.2778
6118.9000,0.0000,-1.3499,-0.0000,0.2778
6119.0000,0.0000,-1.3499,-0.0000,0.2778
6119.1000,0.0000,-1.3499,0.0000,0.2778
6119.2000,0.2093,-1.3499,0.2150,0.2778
6119.3000,0.4185,-1.3499,0.5074,0.2778
6119.4000,0.6976,-1.3499,1.1033,0.6544
6119.5000,1.0464,-1.3498,1.8483,0.6403
6119.6000,1.3951,-1.3498,2.4645,0.6667
6119.7000,1.7439,-1.3497,3.0807,0.6945
6119.8000,2.0927,-1.3497,3.6970,0.7229
6119.9000,2.4415,-1.3496,4.3134,0.7527
6120.0000,2.7903,-1.3496,4.9298,0.7833
6120.1000,3.1390,-1.3495,5.5463,0.8158
6120.2000,3.4878,-1.3494,6.1629,0.8486
6120.3000,3.8366,-1.3493,6.7796,0.8827
6120.4000,4.1853,-1.3492,7.3963,0.9190
6120.5000,4.5340,-1.3490,8.0131,0.9574
6120.6000,4.8828,-1.3489,8.6300,0.9974
6120.7000,5.2315,-1.3488,9.2470,1.0392
6120.8000,5.5802,-1.3486,9.8640,1.0819
6120.9000,5.9288,-1.3485,10.4810,1.1254
6121.0000,6.2775,-1.3483,11.0982,1.1694
6121.1000,6.6261,-1.3481,11.7153,1.2142
6121.2000,6.9747,-1.3479,12.3324,1.2593
6121.3000,7.3232,-1.3477,12.9496,1.3050
6121.4000,7.6717,-1.3475,13.5667,1.3512
6121.5000,8.0202,-1.3473,14.1838,1.3981
6121.6000,8.3686,-1.3471,14.8008,1.4455
6121.7000,8.7170,-1.3468,15.4178,1.4935
6121.8000,9.0653,-1.3466,16.0346,1.5416
6121.9000,9.4136,-1.3463,16.6513,1.5904
6122.0000,9.7618,-1.3460,17.2679,1.6400
6122.1000,10.1099,-1.3457,17.8843,1.6904
6122.2000,10.4580,-1.3454,18.5005,1.7415
6122.3000,10.8059,-1.3451,19.1164,1.7930
6122.4000,11.1538,-1.3448,19.7320,1.8451
6122.5000,11.5017,-1.3445,20.3474,1.8979
6122.6000,11.8494,-1.3442,20.9624,1.9515
6122.7000,12.1970,-1.3438,21.5770,2.0058
6122.8000,12.5445,-1.3435,22.1912,2.0608
6122.9000,12.8919,-1.3431,22.8049,2.1166
6123.0000,13.2392,-1.3427,23.4181,2.1731
6123.1000,13.5864,-1.3423,24.0308,2.2313
6123.2000,13.9334,-1.3419,24.6428,2.2906
6123.3000,14.2803,-1.3415,25.2543,2.3507
6123.4000,14.6270,-1.3411,25.8650,2.3221
6123.5000,14.9736,-1.3407,26.4750,2.3601
6123.6000,15.3201,-1.3402,27.0842,2.3982
6123.7000,15.6663,-1.3398,27.6926,2.4366
6123.8000,16.0124,-1.3393,28.3001,2.4751
6123.9000,16.3583,-1.3388,28.9066,2.5138
6124.0000,16.7041,-1.3383,29.5122,2.5527
6124.1000,17.0496,-1.3378,30.1166,2.5914
6124.2000,17.3949,-1.3373,30.7200,2.6300
6124.3000,17.7400,-1.3368,31.3222,2.6687
6124.4000,18.0849,-1.3362,31.9231,2.7071
6124.5000,18.4295,-1.3357,32.5227,2.7454
6124.6000,18.7739,-1.3351,33.1210,2.7839
6124.7000,19.1181,-1.3346,33.7178,2.8225
6124.8000,19.4620,-1.3340,34.3132,2.8612
6124.9000,19.8056,-1.3334,34.9069,2.9001
6125.0000,20.1490,-1.3328,35.4991,2.5248
6125.1000,20.4920,-1.3322,36.0895,2.5673
6125.2000,20.8348,-1.3315,36.6782,2.6098
6125.3000,21.1773,-1.3309,37.2650,2.6524
6125.4000,21.5194,-1.3302,37.8499,2.6953
6125.5000,21.8612,-1.3295,38.4328,2.7394
6125.6000,22.2027,-1.3289,39.0136,2.7827
6125.7000,22.5438,-1.3282,39.5924,2.8260
6125.8000,22.8846,-1.3274,40.1689,2.8695
6125.9000,23.2250,-1.3267,40.7431,2.9130
6126.0000,23.5650,-1.3260,41.3150,2.9565
6126.1000,23.9047,-1.3252,41.8844,3.0002
6126.2000,24.2439,-1.3245,42.4513,3.0439
6126.3000,24.5827,-1.3237,43.0156,3.0876
6126.4000,24.9211,-1.3229,43.5772,3.1315
6126.5000,25.2591,-1.3221,44.1360,2.9362
6126.6000,25.5966,-1.3213,44.6920,2.9725
6126.7000,25.9337,-1.3204,45.2451,3.0086
6126.8000,26.2703,-1.3196,45.7952,3.0447
6126.9000,26.6064,-1.3187,46.3423,3.0806
6127.0000,26.9420,-1.3179,46.8861,3.1164
6127.1000,27.2771,-1.3170,47.4267,3.1521
6127.2000,27.6117,-1.3161,47.9640,3.1877
6127.3000,27.9458,-1.3152,48.4978,3.2231
6127.4000,28.2793,-1.3142,49.0282,3.2584
6127.5000,28.6123,-1.3133,49.5550,3.2936
6127.6000,28.9447,-1.3123,50.0781,3.3286
6127.7000,29.2765,-1.3113,50.5975,3.3635
6127.8000,29.6078,-1.3103,51.1131,3.3982
6127.9000,29.9384,-1.3093,51.6247,3.4328
6128.0000,30.2684,-1.3083,52.1324,3.4672
6128.1000,30.5979,-1.3073,52.6360,3.5015
6128.2000,30.9266,-1.3062,53.1354,3.5356
6128.3000,31.2547,-1.3051,53.6307,3.5695
6128.4000,31.5822,-1.3040,54.1215,3.6033
6128.5000,31.9089,-1.3029,54.6081,3.6369
6128.6000,32.2350,-1.3018,55.0901,3.6703
6128.7000,32.5604,-1.3007,55.5676,3.7035
6128.8000,32.8851,-1.2995,56.0404,3.7365
6128.9000,33.2090,-1.2984,56.5085,3.7694
6129.0000,33.5322,-1.2972,56.9719,3.8021
6129.1000,33.8546,-1.2960,57.4304,3.8346
6129.2000,34.1763,-1.2948,57.8839,3.8668
6129.3000,34.4972,-1.2935,58.3324,3.8989
6129.4000,34.8173,-1.2923,58.7759,3.9308
6129.5000,35.1366,-1.2910,59.2141,3.9624
6129.6000,35.4550,-1.2897,59.6472,3.8384
6129.7000,35.7727,-1.2884,60.0749,3.8543
6129.8000,36.0895,-1.2871,60.4973,3.8701
6129.9000,36.4054,-1.2857,60.9143,3.8856
6130.0000,36.7205,-1.2844,61.3257,3.9009
6130.1000,37.0347,-1.2830,61.7316,3.9190
6130.2000,37.3480,-1.2816,62.1318,3.9393
6130.3000,37.6603,-1.2802,62.5263,3.9648
6130.4000,37.9718,-1.2787,62.9151,3.9900
6130.5000,38.2823,-1.2773,63.2980,4.0149
6130.6000,38.5919,-1.2758,63.6751,4.0395
6130.7000,38.9005,-1.2743,64.0463,4.0638
6130.8000,39.2082,-1.2728,64.4114,4.0878
6130.9000,39.5149,-1.2713,64.7705,4.1115
6131.0000,39.8205,-1.2697,65.1235,4.1349
6131.1000,40.1252,-1.2682,65.4704,4.1580
6131.2000,40.4288,-1.2666,65.8111,4.1807
6131.3000,40.7315,-1.2650,66.1455,4.2032
6131.4000,41.0330,-1.2633,66.4736,4.2253
6131.5000,41.3335,-1.2617,66.7955,4.2471
6131.6000,41.6330,-1.2600,67.1109,4.2686
6131.7000,41.9313,-1.2583,67.4200,4.2897
6131.8000,42.2286,-1.2566,67.7226,4.3106
6131.9000,42.5248,-1.2549,68.0187,4.3311
6132.0000,42.8198,-1.2531,68.3084,4.3512
6132.1000,43.1138,-1.2513,68.5915,4.3711
6132.2000,43.4066,-1.2496,68.8680,4.3906
6132.3000,43.6982,-1.2477,69.1379,4.4097
6132.4000,43.9887,-1.2459,69.4012,4.4285
6132.5000,44.2780,-1.2440,69.6579,4.4470
6132.6000,44.5661,-1.2422,69.9079,4.4651
6132.7000,44.8531,-1.2403,70.1512,4.4829
6132.8000,45.1388,-1.2383,70.3879,4.5004
6132.9000,45.4234,-1.2364,70.6178,4.5175
6133.0000,45.7067,-1.2344,70.8410,4.5343
6133.1000,45.9887,-1.2324,71.0575,4.5507
6133.2000,46.2696,-1.2304,71.2672,4.5667
6133.3000,46.5491,-1.2284,71.4702,4.5824
6133.4000,46.8275,-1.2263,71.6665,4.5978
6133.5000,47.1045,-1.2242,71.8561,4.6128
6133.6000,47.3803,-1.2221,72.0389,4.6275
6133.7000,47.6547,-1.2200,72.2149,4.6418
6133.8000,47.9279,-1.2178,72.3843,4.6558
6133.9000,48.1998,-1.2157,72.5469,4.6694
6134.0000,48.4703,-1.2135,72.7028,4.6827
6134.1000,48.7396,-1.2112,72.8520,4.6956
6134.2000,49.0075,-1.2090,72.9946,4.7082
6134.3000,49.2740,-1.2067,73.1305,4.7204
6134.4000,49.5392,-1.2044,73.2598,4.7323
6134.5000,49.8031,-1.2021,73.3824,4.7438
6134.6000,50.0656,-1.1998,73.4985,4.7550
6134.7000,50.3267,-1.1974,73.6080,4.7658
6134.8000,50.5864,-1.1950,73.7110,4.7763
6134.9000,50.8448,-1.1926,73.8075,4.7865
6135.0000,51.1017,-1.1901,73.8975,4.7963
6135.1000,51.3573,-1.1877,73.9518,4.8041
6135.2000,51.6112,-1.1852,73.9266,4.8076
6135.3000,51.8632,-1.1826,73.8083,4.8059
6135.4000,52.1130,-1.1801,73.5985,4.7991
6135.5000,52.3601,-1.1775,73.2986,4.7873
6135.6000,52.6045,-1.1749,72.9402,4.7722
6135.7000,52.8460,-1.1723,72.5696,4.7565
6135.8000,53.0846,-1.1697,72.2021,4.7409
6135.9000,53.3204,-1.1670,71.8379,4.7254
6136.0000,53.5535,-1.1643,71.4769,4.7101
6136.1000,53.7839,-1.1616,71.1190,4.6950
6136.2000,54.0116,-1.1588,70.7643,4.6800
6136.3000,54.2367,-1.1561,70.4129,4.6651
6136.4000,54.4593,-1.1533,70.0646,4.6505
6136.5000,54.6793,-1.1504,69.7195,4.6359
6136.6000,54.8968,-1.1476,69.3775,4.4828
6136.7000,55.1118,-1.1447,69.0388,4.4659
6136.8000,55.3245,-1.1418,68.7032,4.4491
6136.9000,55.5348,-1.1389,68.3707,4.4325
6137.0000,55.7427,-1.1359,68.0415,4.4161
6137.1000,55.9484,-1.1330,67.7153,4.3998
6137.2000,56.1517,-1.1299,67.3923,4.3838
6137.3000,56.3529,-1.1269,67.0725,4.3678
6137.4000,56.5518,-1.1239,66.7558,4.3521
6137.5000,56.7486,-1.1208,66.4421,4.3365
6137.6000,56.9433,-1.1177,66.1316,4.3211
6137.7000,57.1358,-1.1145,65.8242,4.3059
6137.8000,57.3263,-1.1114,65.5199,4.2908
6137.9000,57.5147,-1.1082,65.2187,4.2759
6138.0000,57.7012,-1.1050,64.9205,4.2611
6138.1000,57.8856,-1.1017,64.6254,4.2465
6138.2000,58.0681,-1.0985,64.3333,4.2321
6138.3000,58.2487,-1.0952,64.0443,4.2178
6138.4000,58.4274,-1.0919,63.7583,4.2037
6138.5000,58.6042,-1.0885,63.4753,4.1898
6138.6000,58.7791,-1.0852,63.1952,4.1760
6138.7000,58.9523,-1.0818,62.9182,4.1624
6138.8000,59.1236,-1.0783,62.6442,4.1489
6138.9000,59.2932,-1.0749,62.3731,4.1356
6139.0000,59.4610,-1.0714,62.1049,4.1224
6139.1000,59.6271,-1.0679,61.8397,4.1094
6139.2000,59.7915,-1.0644,61.5774,4.0966
6139.3000,59.9543,-1.0608,60.8791,4.0591
6139.4000,60.1126,-1.0573,60.1819,4.0215
6139.5000,60.2693,-1.0537,59.5860,3.9898
6139.6000,60.4223,-1.0500,58.6920,3.9411
6139.7000,60.5718,-1.0464,57.8939,3.8978
6139.8000,60.7183,-1.0427,57.6361,3.8850
6139.9000,60.8648,-1.0390,57.3943,3.8732
6140.0000,61.0083,-1.0353,56.8741,3.8455
6140.1000,61.1501,-1.0315,56.2252,3.8106
6140.2000,61.2882,-1.0277,54.8065,3.7321
6140.3000,61.4198,-1.0239,52.9084,3.6263
6140.4000,61.5449,-1.0201,51.0240,3.4119
6140.5000,61.6638,-1.0162,49.2753,3.3130
6140.6000,61.7770,-1.0124,47.8736,3.2339
6140.7000,61.8862,-1.0085,46.9999,3.1849
6140.8000,61.9931,-1.0045,46.0824,3.1334
6140.9000,62.0957,-1.0006,44.8390,3.0633
6141.0000,62.1939,-0.9966,43.1923,2.9701
6141.1000,62.2856,-0.9926,40.8548,2.8375
6141.2000,62.3688,-0.9886,38.5768,2.7082
6141.3000,62.4458,-0.9845,37.0268,2.6205
6141.4000,62.5189,-0.9805,35.5784,2.5384
6141.5000,62.5865,-0.9764,34.5961,2.4830
6141.6000,62.6529,-0.9723,34.4116,2.4730
6141.7000,62.7187,-0.9682,33.7821,2.4380
6141.8000,62.7807,-0.9640,32.4541,2.3672
6141.9000,62.8379,-0.9599,31.2169,2.3010
6142.0000,62.8918,-0.9557,29.5204,2.2096
6142.1000,62.9382,-0.9515,27.5142,2.1008
6142.2000,62.9796,-0.9472,26.0948,2.0235
6142.3000,63.0170,-0.9430,25.0321,1.9654
6142.4000,63.0516,-0.9387,24.0789,1.9133
6142.5000,63.0828,-0.9344,23.6231,1.8884
6142.6000,63.1141,-0.9301,23.7157,1.8939
6142.7000,63.1455,-0.9258,23.7575,1.8965
6142.8000,63.1766,-0.9215,23.7314,1.8954
6142.9000,63.2074,-0.9171,23.9420,1.9073
6143.0000,63.2394,-0.9128,24.2270,1.9234
6143.1000,63.2713,-0.9084,23.8843,1.9048
6143.2000,63.3008,-0.9040,23.3088,1.8733
6143.3000,63.3289,-0.8995,22.4933,1.8284
6143.4000,63.3531,-0.8951,20.8887,1.7395
6143.5000,63.3712,-0.8906,18.7188,1.6185
6143.6000,63.3821,-0.8861,16.4743,1.4924
6143.7000,63.3865,-0.8816,14.5715,1.3849
6143.8000,63.3857,-0.8771,13.3360,1.3147
6143.9000,63.3824,-0.8726,12.5576,1.2704
6144.0000,63.3767,-0.8681,12.3921,1.2609
6144.1000,63.3722,-0.8635,13.1843,1.3060
6144.2000,63.3709,-0.8589,14.1356,1.3600
6144.3000,63.3717,-0.8544,14.5498,1.3835
6144.4000,63.3726,-0.8498,15.1343,1.4166
6144.5000,63.3766,-0.8451,16.0687,1.4695
6144.6000,63.3827,-0.8405,16.4926,1.4934
6144.7000,63.3889,-0.8359,16.5067,1.4943
6144.8000,63.3947,-0.8312,16.4405,1.4906
6144.9000,63.4002,-0.8265,16.1322,1.4733
6145.0000,63.4038,-0.8218,15.8803,1.4591
6145.1000,63.4074,-0.8171,16.1063,1.4719
6145.2000,63.4121,-0.8124,16.8490,1.5138
6145.3000,63.4198,-0.8077,18.3917,1.6006
6145.4000,63.4333,-0.8029,20.2106,1.7025
6145.5000,63.4515,-0.7982,21.1932,1.7575
6145.6000,63.4704,-0.7934,21.0830,1.7515
6145.7000,63.4875,-0.7886,20.0811,1.6958
6145.8000,63.5001,-0.7838,18.4956,1.6072
6145.9000,63.5073,-0.7790,16.6357,1.5028
6146.0000,63.5085,-0.7741,14.6671,1.3915
6146.1000,63.5037,-0.7693,13.0968,1.3023
6146.2000,63.4953,-0.7644,12.5892,1.2733
6146.3000,63.4872,-0.7596,12.5562,1.2713
6146.4000,63.4782,-0.7547,12.6003,1.2737
6146.5000,63.4701,-0.7498,13.1138,1.3029
6146.6000,63.4639,-0.7449,14.0374,1.3553
6146.7000,63.4609,-0.7399,14.4472,1.3786
6146.8000,63.4568,-0.7350,14.6631,1.3908
6146.9000,63.4548,-0.7301,15.6516,1.4467
6147.0000,63.4563,-0.7251,16.7033,1.5061
6147.1000,63.4602,-0.7201,17.3579,1.5429
6147.2000,63.4652,-0.7152,17.9776,1.5778
6147.3000,63.4725,-0.7102,18.1651,1.5884
6147.4000,63.4782,-0.7051,16.8946,1.5171
6147.5000,63.4776,-0.7001,15.6510,1.4469
6147.6000,63.4756,-0.6951,15.2289,1.4230
6147.7000,63.4721,-0.6901,14.9498,1.4072
6147.8000,63.4681,-0.6850,15.2951,1.4267
6147.9000,63.4663,-0.6799,16.4573,1.4923
6148.0000,63.4689,-0.6749,17.0053,1.5232
6148.1000,63.4700,-0.6698,16.6622,1.5039
6148.2000,63.4703,-0.6647,16.4474,1.4918
6148.3000,63.4697,-0.6596,16.2788,1.4823
6148.4000,63.4686,-0.6544,15.9890,1.4659
6148.5000,63.4660,-0.6493,15.7296,1.4512
6148.6000,63.4630,-0.6442,15.6243,1.4452
6148.7000,63.4595,-0.6390,15.1668,1.4193
6148.8000,63.4534,-0.6339,14.0363,1.3552
6148.9000,63.4428,-0.6287,12.9225,1.2918
6149.0000,63.4298,-0.6235,12.3320,1.2580
6149.1000,63.4154,-0.6183,11.7997,1.2274
6149.2000,63.3989,-0.6131,11.3464,1.2014
6149.3000,63.3815,-0.6079,11.4168,1.2052
6149.4000,63.3652,-0.6027,11.5818,1.2145
6149.5000,63.3485,-0.5975,11.5880,1.2147
6149.6000,63.3319,-0.5923,11.5470,1.2122
6149.7000,63.3146,-0.5870,11.4927,1.2089
6149.8000,63.2974,-0.5818,11.4941,1.2088
6149.9000,63.2798,-0.5766,11.3560,1.2008
6150.0000,63.2615,-0.5713,11.0127,1.1809
6150.1000,63.2416,-0.5660,10.8545,1.1717
6150.2000,63.2221,-0.5608,10.6455,1.1595
6150.3000,63.2007,-0.5555,9.9395,1.1188
6150.4000,63.1766,-0.5502,9.4262,1.0891
6150.5000,63.1518,-0.5449,9.4454,1.0900
6150.6000,63.1276,-0.5396,9.5355,1.0949
6150.7000,63.1031,-0.5343,9.8857,1.1148
6150.8000,63.0807,-0.5290,10.8557,1.1702
6150.9000,63.0617,-0.5237,11.6950,1.2180
6151.0000,63.0441,-0.5184,11.8379,1.2260
6151.1000,63.0257,-0.5131,12.0049,1.2353
6151.2000,63.0087,-0.5077,12.3213,1.2532
6151.3000,62.9919,-0.5024,12.5712,1.2673
6151.4000,62.9761,-0.4971,13.6920,1.3309
6151.5000,62.9657,-0.4917,15.6816,1.4435
6151.6000,62.9616,-0.4864,17.5395,1.5482
6151.7000,62.9620,-0.4810,19.3141,1.6476
6151.8000,62.9681,-0.4757,20.6495,1.7222
6151.9000,62.9761,-0.4703,20.9652,1.7399
6152.0000,62.9838,-0.4649,20.8881,1.7357
6152.1000,62.9909,-0.4595,21.1735,1.7516
6152.2000,62.9998,-0.4541,21.7775,1.7853
6152.3000,63.0102,-0.4487,22.4316,1.8217
6152.4000,63.0227,-0.4433,23.0846,1.8580
6152.5000,63.0365,-0.4379,23.4828,1.8802
6152.6000,63.0509,-0.4325,23.4186,1.8768
6152.7000,63.0639,-0.4271,22.4914,1.8256
6152.8000,63.0723,-0.4217,21.2747,1.7581
6152.9000,63.0777,-0.4162,20.6534,1.7236
6153.0000,63.0820,-0.4108,20.6597,1.7240
6153.1000,63.0870,-0.4054,20.6606,1.7241
6153.2000,63.0909,-0.3999,20.6340,1.7226
6153.3000,63.0953,-0.3945,20.8932,1.7371
6153.4000,63.1004,-0.3890,20.6880,1.7257
6153.5000,63.1032,-0.3836,20.1195,1.6941
6153.6000,63.1045,-0.3781,20.0872,1.6923
6153.7000,63.1068,-0.3726,20.8585,1.7353
6153.8000,63.1123,-0.3672,21.8839,1.7924
6153.9000,63.1203,-0.3617,22.7023,1.8379
6154.0000,63.1303,-0.3562,23.6204,1.8888
6154.1000,63.1433,-0.3507,24.5723,1.9414
6154.2000,63.1586,-0.3452,24.9337,1.9615
6154.3000,63.1734,-0.3397,25.0104,1.9659
6154.4000,63.1886,-0.3342,25.5746,1.9971
6154.5000,63.2064,-0.3287,26.2821,2.0361
6154.6000,63.2254,-0.3232,26.7039,2.0595
6154.7000,63.2451,-0.3177,27.1886,2.0862
6154.8000,63.2666,-0.3122,27.9649,2.1289
6154.9000,63.2905,-0.3067,28.4811,2.1574
6155.0000,63.3145,-0.3012,28.4623,2.1566
6155.1000,63.3378,-0.2957,28.5087,2.1594
6155.2000,63.3616,-0.2902,28.7316,2.1718
6155.3000,63.3858,-0.2846,28.4627,2.1574
6155.4000,63.4075,-0.2791,28.0103,2.1329
6155.5000,63.4284,-0.2736,27.4424,2.1021
6155.6000,63.4462,-0.2680,26.1020,2.0288
6155.7000,63.4587,-0.2625,24.6571,1.9494
6155.8000,63.4675,-0.2569,23.9662,1.9114
6155.9000,63.4755,-0.2514,23.6360,1.8932
6156.0000,63.4819,-0.2459,23.6262,1.8928
6156.1000,63.4894,-0.2403,24.3781,1.9344
6156.2000,63.4999,-0.2348,25.6533,2.0047
6156.3000,63.5145,-0.2292,26.6285,2.0584
6156.4000,63.5304,-0.2237,27.3730,2.0994
6156.5000,63.5490,-0.2181,28.2035,2.1450
6156.6000,63.5693,-0.2126,28.5058,2.1617
6156.7000,63.5892,-0.2070,28.0642,2.1378
6156.8000,63.6064,-0.2015,27.1737,2.0893
6156.9000,63.6206,-0.1959,26.0166,2.0260
6157.0000,63.6305,-0.1904,24.9037,1.9648
6157.1000,63.6376,-0.1848,23.9490,1.9122
6157.2000,63.6414,-0.1793,23.0696,1.8636
6157.3000,63.6429,-0.1737,23.0277,1.8613
6157.4000,63.6461,-0.1682,24.0362,1.9171
6157.5000,63.6532,-0.1626,25.4717,1.9964
6157.6000,63.6645,-0.1571,27.5488,2.1105
6157.7000,63.6835,-0.1515,29.9167,2.2398
6157.8000,63.7083,-0.1460,31.6374,2.3335
6157.9000,63.7370,-0.1404,32.5993,2.3858
6158.0000,63.7670,-0.1349,32.7064,2.3919
6158.1000,63.7958,-0.1294,32.2010,2.3649
6158.2000,63.8223,-0.1238,31.4862,2.3266
6158.3000,63.8463,-0.1183,30.6727,2.2827
6158.4000,63.8675,-0.1127,29.4618,2.2171
6158.5000,63.8838,-0.1072,28.0303,2.1392
6158.6000,63.8961,-0.1017,26.4665,2.0536
6158.7000,63.9028,-0.0961,24.8076,1.9624
6158.8000,63.9048,-0.0906,23.0492,1.8652
6158.9000,63.9007,-0.0851,21.2854,1.7672
6159.0000,63.8919,-0.0796,19.6781,1.6775
6159.1000,63.8780,-0.0740,18.4470,1.6084
6159.2000,63.8617,-0.0685,17.8557,1.5750
6159.3000,63.8440,-0.0630,17.5991,1.5604
6159.4000,63.8258,-0.0575,17.5554,1.5577
6159.5000,63.8075,-0.0520,17.7161,1.5666
6159.6000,63.7900,-0.0466,17.4721,1.5527
6159.7000,63.7700,-0.0411,16.5899,1.5028
6159.8000,63.7470,-0.0356,15.5944,1.4464
6159.9000,63.7208,-0.0301,14.6008,1.3899
6160.0000,63.6916,-0.0247,13.3150,1.3165
6160.1000,63.6575,-0.0192,11.8378,1.2320
6160.2000,63.6194,-0.0138,10.3504,1.1465
6160.3000,63.5762,-0.0084,9.3218,1.0870
6160.4000,63.5317,-0.0030,9.2601,1.0830
6160.5000,63.4880,0.0025,10.0071,1.1255
6160.6000,63.4477,0.0079,11.0650,1.1858
6160.7000,63.4101,0.0132,11.8458,1.2300
6160.8000,63.3743,0.0186,11.9674,1.2366
6160.9000,63.3371,0.0240,11.4965,1.2094
6161.0000,63.2982,0.0294,10.6084,1.1581
6161.1000,63.2556,0.0347,9.8846,1.1162
6161.2000,63.2121,0.0400,9.5986,1.0994
6161.3000,63.1676,0.0454,9.0981,1.0701
6161.4000,63.1209,0.0507,8.2691,1.0219
6161.5000,63.0712,0.0560,7.6650,0.9866
6161.6000,63.0208,0.0613,7.5015,0.9766
6161.7000,62.9699,0.0666,7.8461,0.9961
6161.8000,62.9213,0.0718,8.9680,1.0603
6161.9000,62.8769,0.0771,10.1653,1.1286
6162.0000,62.8354,0.0823,11.1876,1.1868
6162.1000,62.7969,0.0876,11.8235,1.2228
6162.2000,62.7590,0.0928,11.8753,1.2253
6162.3000,62.7206,0.0980,12.0587,1.2354
6162.4000,62.6835,0.1032,12.9375,1.2852
6162.5000,62.6503,0.1084,14.0212,1.3464
6162.6000,62.6195,0.1135,14.7328,1.3864
6162.7000,62.5903,0.1187,15.2884,1.4176
6162.8000,62.5627,0.1239,15.2315,1.4141
6162.9000,62.5329,0.1290,14.8685,1.3933
6163.0000,62.5028,0.1341,15.1593,1.4094
6163.1000,62.4746,0.1392,16.0871,1.4616
6163.2000,62.4499,0.1443,17.5899,1.5459
6163.3000,62.4305,0.1494,19.6255,1.6597
6163.4000,62.4178,0.1545,21.7467,1.7776
6163.5000,62.4109,0.1596,23.3561,1.8667
6163.6000,62.4077,0.1646,24.7225,1.9420
6163.7000,62.4088,0.1697,26.2137,2.0239
6163.8000,62.4142,0.1747,27.5447,2.0968
6163.9000,62.4230,0.1798,28.4909,2.1485
6164.0000,62.4338,0.1848,28.9747,2.1750
6164.1000,62.4451,0.1898,29.2363,2.1893
6164.2000,62.4570,0.1948,28.9412,2.1734
6164.3000,62.4661,0.1998,28.2584,2.1363
6164.4000,62.4736,0.2047,27.8004,2.1114
6164.5000,62.4795,0.2097,27.6312,2.1022
6164.6000,62.4856,0.2147,27.7069,2.1064
6164.7000,62.4916,0.2196,27.6214,2.1018
6164.8000,62.4968,0.2245,27.5438,2.0977
6164.9000,62.5020,0.2295,27.9026,2.1173
6165.0000,62.5090,0.2344,28.2871,2.1383
6165.1000,62.5162,0.2393,28.0812,2.1272
6165.2000,62.5215,0.2442,27.8760,2.1161
6165.3000,62.5271,0.2490,27.9115,2.1181
6165.4000,62.5323,0.2539,27.4001,2.0902
6165.5000,62.5345,0.2588,26.4956,2.0407
6165.6000,62.5339,0.2636,26.1856,2.0237
6165.7000,62.5338,0.2684,26.4113,2.0361
6165.8000,62.5343,0.2732,26.3975,2.0353
6165.9000,62.5338,0.2780,26.4095,2.0360
6166.0000,62.5340,0.2828,26.8093,2.0579
6166.1000,62.5356,0.2876,27.3167,2.0857
6166.2000,62.5385,0.2924,27.7369,2.1086
6166.3000,62.5423,0.2971,28.0967,2.1283
6166.4000,62.5471,0.3018,28.5626,2.1538
6166.5000,62.5533,0.3066,29.1654,2.1866
6166.6000,62.5614,0.3113,29.4870,2.2042
6166.7000,62.5692,0.3160,29.7906,2.2208
6166.8000,62.5787,0.3206,30.7386,2.2723
6166.9000,62.5919,0.3253,31.9011,2.3353
6167.0000,62.6081,0.3300,33.0626,2.3981
6167.1000,62.6279,0.3346,34.1732,2.4592
6167.2000,62.6503,0.3392,34.8973,2.5007
6167.3000,62.6740,0.3439,35.1408,2.5148
6167.4000,62.6974,0.3485,34.8490,2.4983
6167.5000,62.7189,0.3530,34.4562,2.4761
6167.6000,62.7395,0.3576,34.2512,2.4646
6167.7000,62.7594,0.3622,33.9117,2.4454
6167.8000,62.7775,0.3667,33.3869,2.4174
6167.9000,62.7938,0.3713,32.7627,2.3840
6168.0000,62.8078,0.3758,31.9330,2.3394
6168.1000,62.8187,0.3803,31.3610,2.3086
6168.2000,62.8289,0.3848,31.3111,2.3060
6168.3000,62.8391,0.3893,31.5341,2.3182
6168.4000,62.8503,0.3937,32.3239,2.3610
6168.5000,62.8649,0.3982,33.4031,2.4193
6168.6000,62.8821,0.4026,34.1978,2.4627
6168.7000,62.9011,0.4070,34.4852,2.4793
6168.8000,62.9197,0.4114,34.4620,2.4781
6168.9000,62.9381,0.4158,34.0930,2.4572
6169.0000,62.9541,0.4202,33.3950,2.4198
6169.1000,62.9680,0.4245,32.7525,2.3854
6169.2000,62.9797,0.4289,32.3768,2.3653
6169.3000,62.9909,0.4332,32.1579,2.3536
6169.4000,63.0010,0.4375,31.9995,2.3451
6169.5000,63.0110,0.4418,32.0168,2.3462
6169.6000,63.0208,0.4461,32.2436,2.3585
6169.7000,63.0317,0.4503,32.7998,2.3887
6169.8000,63.0445,0.4546,33.4403,2.4233
6169.9000,63.0590,0.4588,33.9093,2.4487
6170.0000,63.0742,0.4630,34.0773,2.4579
6170.1000,63.0893,0.4672,33.5095,2.4275
6170.2000,63.1008,0.4713,32.4405,2.3701
6170.3000,63.1091,0.4755,31.5213,2.3205
6170.4000,63.1147,0.4796,30.9303,2.2886
6170.5000,63.1192,0.4838,30.8187,2.2826
6170.6000,63.1239,0.4879,31.4270,2.3156
6170.7000,63.1317,0.4920,32.6362,2.3810
6170.8000,63.1433,0.4960,33.6567,2.4360
6170.9000,63.1568,0.5001,34.1108,2.4606
6171.0000,63.1708,0.5041,34.5472,2.4851
6171.1000,63.1866,0.5081,35.1830,2.5215
6171.2000,63.2040,0.5121,35.0698,2.5151
6171.3000,63.2187,0.5161,34.4220,2.4783
6171.4000,63.2319,0.5201,34.2850,2.4708
6171.5000,63.2455,0.5240,34.6200,2.4898
6171.6000,63.2603,0.5279,35.1607,2.5208
6171.7000,63.2768,0.5318,35.9537,2.5662
6171.8000,63.2960,0.5357,36.7950,2.6143
6171.9000,63.3171,0.5396,37.4666,2.6528
6172.0000,63.3399,0.5435,37.5556,2.6580
6172.1000,63.3611,0.5473,36.9558,2.6240
6172.2000,63.3799,0.5511,36.4971,2.5980
6172.3000,63.3981,0.5549,36.6716,2.6081
6172.4000,63.4176,0.5587,37.0068,2.6274
6172.5000,63.4373,0.5624,36.9576,2.6248
6172.6000,63.4562,0.5662,36.8647,2.6196
6172.7000,63.4750,0.5699,36.6303,2.6064
6172.8000,63.4921,0.5736,36.3162,2.5887
6172.9000,63.5087,0.5773,36.2334,2.5841
6173.0000,63.5249,0.5810,36.2967,2.5878
6173.1000,63.5416,0.5846,35.9565,2.5686
6173.2000,63.5554,0.5882,35.8262,2.5612
6173.3000,63.5710,0.5918,36.3474,2.5911
6173.4000,63.5876,0.5954,36.2648,2.5865
6173.5000,63.6023,0.5990,35.8022,2.5603
6173.6000,63.6159,0.6025,35.5404,2.5455
6173.7000,63.6287,0.6061,34.5737,2.4909
6173.8000,63.6362,0.6096,32.9095,2.4014
6173.9000,63.6389,0.6131,31.9525,2.3497
6174.0000,63.6404,0.6165,31.7433,2.3384
6174.1000,63.6416,0.6200,32.0128,2.3530
6174.2000,63.6445,0.6234,32.8836,2.4001
6174.3000,63.6507,0.6268,33.9982,2.4602
6174.4000,63.6599,0.6302,35.3470,2.5348
6174.5000,63.6737,0.6336,36.5860,2.6056
6174.6000,63.6901,0.6369,37.3953,2.6519
6174.7000,63.7084,0.6402,38.2759,2.7022
6174.8000,63.7295,0.6435,39.0011,2.7438
6174.9000,63.7518,0.6468,39.2351,2.7573
6175.0000,63.7740,0.6501,39.0075,2.7445
6175.1000,63.7945,0.6533,38.2603,2.7021
6175.2000,63.8120,0.6565,37.1789,2.6406
6175.3000,63.8258,0.6597,36.0066,2.5738
6175.4000,63.8360,0.6629,34.4727,2.4878
6175.5000,63.8405,0.6661,33.1733,2.4179
6175.6000,63.8427,0.6692,32.9976,2.4085
6175.7000,63.8459,0.6723,33.3767,2.4290
6175.8000,63.8502,0.6754,33.9813,2.4616
6175.9000,63.8568,0.6785,35.1692,2.5263
6176.0000,63.8678,0.6815,36.2115,2.5859
6176.1000,63.8803,0.6845,36.2032,2.5855
6176.2000,63.8910,0.6875,35.6958,2.5567
6176.3000,63.9002,0.6905,34.9764,2.5157
6176.4000,63.9064,0.6935,33.8855,2.4570
6176.5000,63.9089,0.6964,33.0403,2.4115
6176.6000,63.9099,0.6993,33.0358,2.4113
6176.7000,63.9121,0.7022,33.4818,2.4354
6176.8000,63.9156,0.7051,33.8944,2.4576
6176.9000,63.9201,0.7079,34.0158,2.4642
6177.0000,63.9240,0.7108,33.5393,2.4386
6177.1000,63.9255,0.7136,32.5261,2.3840
6177.2000,63.9232,0.7163,31.3776,2.3218
6177.3000,63.9177,0.7191,30.5051,2.2744
6177.4000,63.9102,0.7218,29.6122,2.2258
6177.5000,63.8992,0.7246,28.6723,2.1744
6177.6000,63.8860,0.7272,27.9669,2.1357
6177.7000,63.8708,0.7299,27.2075,2.0940
6177.8000,63.8530,0.7325,25.9572,2.0252
6177.9000,63.8302,0.7352,24.7355,1.9577
6178.0000,63.8051,0.7378,24.1752,1.9265
6178.1000,63.7791,0.7403,23.9772,1.9153
6178.2000,63.7527,0.7429,23.9092,1.9112
6178.3000,63.7262,0.7454,24.3594,1.9358
6178.4000,63.7025,0.7479,25.5587,2.0017
6178.5000,63.6830,0.7504,26.9754,2.0793
6178.6000,63.6677,0.7528,28.1858,2.1453
6178.7000,63.6553,0.7553,29.1143,2.1958
6178.8000,63.6453,0.7577,30.0665,2.2476
6178.9000,63.6385,0.7601,31.0580,2.3013
6179.0000,63.6343,0.7624,31.9793,2.3511
6179.1000,63.6328,0.7648,32.6399,2.3868
6179.2000,63.6323,0.7671,33.0050,2.4065
6179.3000,63.6328,0.7694,32.7082,2.3905
6179.4000,63.6305,0.7716,31.5924,2.3302
6179.5000,63.6242,0.7739,30.2795,2.2589
6179.6000,63.6139,0.7761,29.1338,2.1965
6179.7000,63.6008,0.7783,28.2288,2.1470
6179.8000,63.5851,0.7805,27.9188,2.1298
6179.9000,63.5700,0.7827,28.1328,2.1414
6180.0000,63.5555,0.7848,28.3860,2.1550
6180.1000,63.5418,0.7869,28.5807,2.1655
6180.2000,63.5284,0.7890,28.8350,2.1792
6180.3000,63.5162,0.7910,28.7950,2.1769
6180.4000,63.5025,0.7931,28.3503,2.1525
6180.5000,63.4876,0.7951,27.5439,2.1083
6180.6000,63.4690,0.7971,26.6175,2.0573
6180.7000,63.4485,0.7991,26.0097,2.0238
6180.8000,63.4263,0.8010,25.7935,2.0117
6180.9000,63.4045,0.8029,25.8005,2.0118
6181.0000,63.3823,0.8048,26.2035,2.0337
6181.1000,63.3629,0.8067,26.9183,2.0727
6181.2000,63.3449,0.8086,27.5881,2.1092
6181.3000,63.3295,0.8104,28.4409,2.1556
6181.4000,63.3165,0.8122,29.3269,2.2037
6181.5000,63.3064,0.8140,30.4515,2.2647
6181.6000,63.3000,0.8158,32.0776,2.3527
6181.7000,63.2995,0.8175,33.4889,2.4288
6181.8000,63.3015,0.8192,34.5794,2.4880
6181.9000,63.3073,0.8209,35.7462,2.5546
6182.0000,63.3161,0.8226,36.5314,2.5994
6182.1000,63.3264,0.8242,36.3448,2.5889
6182.2000,63.3339,0.8259,35.6986,2.5521
6182.3000,63.3402,0.8275,34.9294,2.5083
6182.4000,63.3430,0.8291,34.0983,2.4621
6182.5000,63.3442,0.8306,33.2149,2.4146
6182.6000,63.3416,0.8322,32.7666,2.3904
6182.7000,63.3401,0.8337,33.2339,2.4155
6182.8000,63.3402,0.8352,33.3578,2.4222
6182.9000,63.3393,0.8367,33.1431,2.4106
6183.0000,63.3380,0.8381,33.1481,2.4109
6183.1000,63.3371,0.8396,32.5844,2.3805
6183.2000,63.3323,0.8410,31.2272,2.3071
6183.3000,63.3232,0.8424,30.1904,2.2507
6183.4000,63.3123,0.8437,29.3519,2.2050
6183.5000,63.2981,0.8451,28.2565,2.1452
6183.6000,63.2806,0.8464,27.6036,2.1093
6183.7000,63.2626,0.8477,27.5880,2.1083
6183.8000,63.2450,0.8490,28.0250,2.1320
6183.9000,63.2295,0.8502,28.5561,2.1608
6184.0000,63.2151,0.8515,28.8121,2.1746
6184.1000,63.2012,0.8527,28.8461,2.1763
6184.2000,63.1869,0.8539,28.7724,2.1721
6184.3000,63.1726,0.8550,28.4337,2.1535
6184.4000,63.1563,0.8562,27.9058,2.1245
6184.5000,63.1388,0.8573,27.6531,2.1105
6184.6000,63.1211,0.8584,27.3198,2.0921
6184.7000,63.1016,0.8595,26.5955,2.0522
6184.8000,63.0795,0.8605,25.8880,2.0132
6184.9000,63.0558,0.8616,25.2883,1.9800
6185.0000,63.0302,0.8626,24.6798,1.9462
6185.1000,63.0030,0.8636,24.2191,1.9205
6185.2000,62.9747,0.8646,23.7341,1.8934
6185.3000,62.9446,0.8655,23.1493,1.8608
6185.4000,62.9128,0.8664,22.6068,1.8304
6185.5000,62.8796,0.8674,22.3254,1.8145
6185.6000,62.8462,0.8682,22.3511,1.8156
6185.7000,62.8132,0.8691,22.4887,1.8228
6185.8000,62.7808,0.8700,22.7303,1.8359
6185.9000,62.7493,0.8708,23.4106,1.8732
6186.0000,62.7211,0.8716,24.5629,1.9365
6186.1000,62.6967,0.8724,26.1529,2.0237
6186.2000,62.6781,0.8731,28.0136,2.1252
6186.3000,62.6649,0.8739,29.5102,2.2066
6186.4000,62.6554,0.8746,30.1877,2.2433
6186.5000,62.6463,0.8753,30.0262,2.2344
6186.6000,62.6358,0.8760,29.5382,2.2078
6186.7000,62.6237,0.8767,29.3421,2.1970
6186.8000,62.6120,0.8773,29.5940,2.2106
6186.9000,62.6015,0.8779,30.1953,2.2431
6187.0000,62.5935,0.8785,31.0523,2.2894
6187.1000,62.5882,0.8791,31.9941,2.3403
6187.2000,62.5858,0.8797,32.9609,2.3923
6187.3000,62.5863,0.8802,33.5162,2.4222
6187.4000,62.5872,0.8807,33.7751,2.4361
6187.5000,62.5893,0.8813,34.0948,2.4544
6187.6000,62.5921,0.8817,34.1887,2.4598
6187.7000,62.5946,0.8822,34.1431,2.4572
6187.8000,62.5971,0.8827,34.3719,2.4703
6187.9000,62.6010,0.8831,34.5115,2.4782
6188.0000,62.6043,0.8835,34.2386,2.4627
6188.1000,62.6064,0.8839,34.0111,2.4497
6188.2000,62.6083,0.8843,33.6077,2.4274
6188.3000,62.6080,0.8846,32.9361,2.3912
6188.4000,62.6058,0.8850,32.5616,2.3711
6188.5000,62.6033,0.8853,32.5037,2.3679
6188.6000,62.6007,0.8856,31.9266,2.3368
6188.7000,62.5946,0.8859,30.7374,2.2724
6188.8000,62.5849,0.8861,29.4153,2.2006
6188.9000,62.5709,0.8864,27.7979,2.1123
6189.0000,62.5515,0.8866,25.9708,2.0121
6189.1000,62.5266,0.8868,24.4988,1.9309
6189.2000,62.4984,0.8870,23.2912,1.8640
6189.3000,62.4663,0.8872,22.4927,1.8195
6189.4000,62.4334,0.8873,22.7504,1.8334
6189.5000,62.4030,0.8874,23.5093,1.8751
6189.6000,62.3749,0.8876,24.2829,1.9175
6189.7000,62.3493,0.8877,25.2999,1.9732
6189.8000,62.3274,0.8877,26.1823,2.0214
6189.9000,62.3073,0.8878,26.4982,2.0385
6190.0000,62.2874,0.8879,26.5189,2.0394
6190.1000,62.2675,0.2723,19.2909,1.6394
6190.2000,62.2457,0.2723,18.6416,1.6028
6190.3000,62.2219,0.2723,17.6676,1.5480
6190.4000,62.1943,0.2723,16.2964,1.4706
6190.5000,62.1624,0.2723,15.0123,1.3978
6190.6000,62.1271,0.2722,13.8025,1.3289
6190.7000,62.0879,0.2722,12.5538,1.2575
6190.8000,62.0452,0.2722,11.7480,1.2112
6190.9000,62.0013,0.2722,11.5812,1.2012
6191.0000,61.9578,0.2721,11.4640,1.1941
6191.1000,61.9133,0.2721,11.8474,1.2156
6191.2000,61.8722,0.2720,13.0609,1.2843
6191.3000,61.8353,0.2720,14.2783,1.3530
6191.4000,61.8018,0.2719,15.3766,1.4149
6191.5000,61.7718,0.2719,16.8662,1.4985
6191.6000,61.7475,0.2718,18.2471,1.5758
6191.7000,61.7260,0.2717,19.0689,1.6215
6191.8000,61.7069,0.2717,19.7528,1.6595
6191.9000,61.6896,0.2716,20.0930,1.6783
6192.0000,61.6727,0.2715,20.0759,1.6772
6192.1000,61.6554,0.2714,20.3242,1.6909
6192.2000,61.6401,0.2713,20.8313,1.7189
6192.3000,61.6260,0.2712,21.0244,1.7295
6192.4000,61.6119,0.2711,21.0776,1.7323
6192.5000,61.5982,0.2710,20.9066,1.7227
6192.6000,61.5832,0.2709,20.3851,1.6935
6192.7000,61.5663,0.2708,20.1530,1.6804
6192.8000,61.5499,0.2707,20.6803,1.7096
6192.9000,61.5364,0.2706,21.6105,1.7611
6193.0000,61.5258,0.2705,22.6833,1.8204
6193.1000,61.5190,0.2703,23.9300,1.8892
6193.2000,61.5160,0.2702,24.8666,1.9407
6193.3000,61.5149,0.2701,25.5435,1.9778
6193.4000,61.5162,0.2699,26.1782,2.0126
6193.5000,61.5190,0.2698,26.7948,2.0464
6193.6000,61.5240,0.2696,27.0945,2.0628
6193.7000,61.5287,0.2695,27.1569,2.0663
6193.8000,61.5341,0.2693,26.9476,2.0549
6193.9000,61.5374,0.2691,26.4926,2.0301
6194.0000,61.5400,0.2690,26.1003,2.0086
6194.1000,61.5409,0.2688,25.6499,1.9839
6194.2000,61.5408,0.2686,24.9923,1.9479
6194.3000,61.5377,0.2685,24.5327,1.9226
6194.4000,61.5347,0.2683,24.4427,1.9176
6194.5000,61.5311,0.2681,24.3819,1.9142
6194.6000,61.5278,0.2679,24.5221,1.9219
6194.7000,61.5251,0.2677,24.6439,1.9285
6194.8000,61.5225,0.2675,24.4874,1.9199
6194.9000,61.5189,0.2673,24.1081,1.8990
6195.0000,61.5141,0.2671,23.7287,1.8780
6195.1000,61.5081,0.2669,23.4868,1.8646
6195.2000,61.5018,0.2667,23.1482,1.8459
6195.3000,61.4938,0.2665,22.5442,1.8124
6195.4000,61.4839,0.2663,22.2909,1.7983
6195.5000,61.4744,0.2660,22.3598,1.8020
6195.6000,61.4650,0.2658,22.5857,1.8144
6195.7000,61.4570,0.2656,23.7624,1.8793
6195.8000,61.4548,0.2653,25.7753,1.9899
6195.9000,61.4592,0.2651,27.5509,2.0870
6196.0000,61.4679,0.2649,29.2887,2.1816
6196.1000,61.4829,0.2646,31.0919,2.2794
6196.2000,61.5027,0.2644,32.4902,2.3549
6196.3000,61.5262,0.2641,33.4531,2.4090
6196.4000,61.5517,0.2639,34.2167,2.4528
6196.5000,61.5798,0.2636,34.7472,2.4833
6196.6000,61.6084,0.2634,34.4277,2.4653
6196.7000,61.6344,0.2631,33.3410,2.4035
6196.8000,61.6562,0.2629,32.0282,2.3318
6196.9000,61.6740,0.2626,30.4728,2.2480
6197.0000,61.6863,0.2623,28.8049,2.1577
6197.1000,61.6938,0.2620,27.5323,2.0885
6197.2000,61.6983,0.2618,26.7934,2.0482
6197.3000,61.7013,0.2615,26.5927,2.0372
6197.4000,61.7045,0.2612,26.6866,2.0424
6197.5000,61.7080,0.2609,26.3282,2.0228
6197.6000,61.7091,0.2606,25.6979,1.9883
6197.7000,61.7088,0.2604,25.1732,1.9595
6197.8000,61.7067,0.2601,24.3135,1.9122
6197.9000,61.7012,0.2598,22.8477,1.8313
6198.0000,61.6901,0.2595,21.2412,1.7422
6198.1000,61.6748,0.2592,20.1156,1.6794
6198.2000,61.6569,0.2589,19.2629,1.6317
6198.3000,61.6365,0.2586,18.6918,1.5996
6198.4000,61.6153,0.2583,19.1493,1.6249
6198.5000,61.5978,0.2579,20.4648,1.6981
6198.6000,61.5847,0.2576,21.8580,1.7754
6198.7000,61.5759,0.2573,23.1597,1.8473
6198.8000,61.5708,0.2570,24.4350,1.9175
6198.9000,61.5698,0.2567,25.3859,1.9698
6199.0000,61.5706,0.2564,25.9642,2.0015
6199.1000,61.5732,0.2560,26.4823,2.0299
6199.2000,61.5772,0.2557,26.7882,2.0466
6199.3000,61.5817,0.2554,26.7402,2.0441
6199.4000,61.5853,0.2551,26.5144,2.0318
6199.5000,61.5884,0.2547,26.3944,2.0252
6199.6000,61.5914,0.2544,26.0002,2.0037
6199.7000,61.5921,0.2541,25.1362,1.9563
6199.8000,61.5897,0.2537,24.1656,1.9029
6199.9000,61.5845,0.2534,23.1163,1.8450
6200.0000,61.5758,0.2530,21.9960,1.7829
6200.1000,61.5638,0.2527,21.2541,1.7416
6200.2000,61.5506,0.2524,21.1617,1.7364
6200.3000,61.5381,0.2520,21.7489,1.7688
6200.4000,61.5286,0.2517,22.7704,1.8253
6200.5000,61.5224,0.2513,23.5827,1.8701
6200.6000,61.5179,0.2510,24.2190,1.9051
6200.7000,61.5157,0.2506,24.8770,1.9413
6200.8000,61.5153,0.2502,24.9776,1.9468
6200.9000,61.5137,0.2499,24.2098,1.9045
6201.0000,61.5087,0.2495,23.2456,1.8513
6201.1000,61.5012,0.2492,22.4127,1.8052
6201.2000,61.4911,0.2488,21.3719,1.7475
6201.3000,61.4773,0.2484,20.1962,1.6820
6201.4000,61.4601,0.2481,19.2838,1.6309
6201.5000,61.4408,0.2477,18.4446,1.5838
6201.6000,61.4185,0.2474,17.2992,1.5194
6201.7000,61.3923,0.2470,16.3873,1.4678
6201.8000,61.3645,0.2466,16.1818,1.4560
6201.9000,61.3372,0.2462,16.4734,1.4722
6202.0000,61.3113,0.2459,16.8593,1.4936
6202.1000,61.2865,0.2455,17.2304,1.5142
6202.2000,61.2631,0.2451,17.8463,1.5485
6202.3000,61.2422,0.2448,18.6907,1.5956
6202.4000,61.2241,0.2444,20.0436,1.6709
6202.5000,61.2116,0.2440,22.0784,1.7838
6202.6000,61.2062,0.2436,24.4515,1.9147
6202.7000,61.2084,0.2433,26.6076,2.0329
6202.8000,61.2163,0.2429,28.0575,2.1121
6202.9000,61.2274,0.2425,28.6419,2.1439
6203.0000,61.2389,0.2421,28.9922,2.1631
6203.1000,61.2522,0.2417,29.2703,2.1783
6203.2000,61.2653,0.2414,28.9826,2.1629
6203.3000,61.2767,0.2410,29.0692,2.1677
6203.4000,61.2903,0.2406,29.7461,2.2045
6203.5000,61.3059,0.2402,29.8992,2.2130
6203.6000,61.3204,0.2398,29.6988,2.2023
6203.7000,61.3347,0.2394,29.7958,2.2077
6203.8000,61.3497,0.2391,29.7081,2.2031
6203.9000,61.3634,0.2387,29.1058,2.1706
6204.0000,61.3747,0.2383,28.0974,2.1159
6204.1000,61.3822,0.2379,26.7714,2.0437
6204.2000,61.3853,0.2375,25.6372,1.9816
6204.3000,61.3858,0.2371,24.6389,1.9268
6204.4000,61.3828,0.2367,23.4046,1.8588
6204.5000,61.3757,0.2363,22.3187,1.7988
6204.6000,61.3661,0.2360,21.5561,1.7564
6204.7000,61.3544,0.2356,20.7565,1.7119
6204.8000,61.3399,0.2352,19.8507,1.6613
6204.9000,61.3228,0.2348,19.4604,1.6394
6205.0000,61.3060,0.2344,19.8433,1.6606
6205.1000,61.2913,0.2340,21.0446,1.7273
6205.2000,61.2820,0.2336,22.4491,1.8050
6205.3000,61.2760,0.2332,23.4024,1.8576
6205.4000,61.2727,0.2328,23.9862,1.8898
6205.5000,61.2704,0.2325,24.3691,1.9108
6205.6000,61.2694,0.2321,24.3823,1.9115
6205.7000,61.2672,0.2317,24.3186,1.9080
6205.8000,61.2659,0.2313,24.9949,1.9452
6205.9000,61.2679,0.2309,26.2770,2.0154
6206.0000,61.2745,0.2305,27.7338,2.0950
6206.1000,61.2854,0.2301,29.0865,2.1687
6206.2000,61.3003,0.2297,30.1201,2.2249
6206.3000,61.3176,0.2294,30.4477,2.2428
6206.4000,61.3344,0.2290,30.1030,2.2243
6206.5000,61.3495,0.2286,29.1810,2.1745
6206.6000,61.3606,0.2282,27.7932,2.0992
6206.7000,61.3671,0.2278,26.5893,2.0336
6206.8000,61.3709,0.2274,25.9331,1.9977
6206.9000,61.3733,0.2270,25.4391,1.9706
6207.0000,61.3740,0.2266,25.3992,1.9685
6207.1000,61.3763,0.2263,25.9318,1.9977
6207.2000,61.3802,0.2259,26.3904,2.0228
6207.3000,61.3853,0.2255,26.3924,2.0230
6207.4000,61.3893,0.2251,26.2083,2.0129
6207.5000,61.3932,0.2247,25.4915,1.9737
6207.6000,61.3928,0.2244,24.3787,1.9126
6207.7000,61.3900,0.2240,23.6382,1.8718
6207.8000,61.3850,0.2236,23.2370,1.8496
6207.9000,61.3797,0.2232,23.0328,1.8383
6208.0000,61.3736,0.2228,22.9793,1.8353
6208.1000,61.3680,0.2225,22.9429,1.8332
6208.2000,61.3617,0.2221,22.6417,1.8165
6208.3000,61.3544,0.2217,22.2761,1.7962
6208.4000,61.3459,0.2213,21.8367,1.7718
6208.5000,61.3359,0.2210,21.6149,1.7594
6208.6000,61.3261,0.2206,21.8876,1.7744
6208.7000,61.3179,0.2202,22.1349,1.7880
6208.8000,61.3096,0.2199,22.6325,1.8154
6208.9000,61.3045,0.2195,23.6507,1.8716
6209.0000,61.3026,0.2191,24.7439,1.9317
6209.1000,61.3043,0.2188,25.3640,1.9658
6209.2000,61.3062,0.2184,25.6633,1.9822
6209.3000,61.3098,0.2180,25.7191,1.9853
6209.4000,61.3121,0.2177,25.6386,1.9809
6209.5000,61.3151,0.2173,26.0124,2.0015
6209.6000,61.3197,0.2169,26.6548,2.0366
6209.7000,61.3267,0.2166,27.3360,2.0739
6209.8000,61.3355,0.2162,28.0673,2.1139
6209.9000,61.3469,0.2159,28.5419,2.1398
6210.0000,61.3586,0.2155,28.3548,2.1297
6210.1000,61.3689,0.2152,27.7956,2.0994
6210.2000,61.3771,0.2148,27.2071,2.0674
6210.3000,61.3837,0.2145,26.5155,2.0297
6210.4000,61.3877,0.2141,25.9548,1.9991
6210.5000,61.3909,0.2138,26.0310,2.0033
6210.6000,61.3953,0.2134,26.7221,2.0411
6210.7000,61.4027,0.2131,27.8255,2.1014
6210.8000,61.4139,0.2127,29.2498,2.1790
6210.9000,61.4301,0.2124,30.8117,2.2637
6211.0000,61.4508,0.2121,32.2179,2.3397
6211.1000,61.4755,0.2117,33.5529,2.4143
6211.2000,61.5043,0.2114,34.8214,2.4869
6211.3000,61.5367,0.2111,35.7001,2.5373
6211.4000,61.5707,0.2107,36.3924,2.5771
6211.5000,61.6071,0.2104,36.4875,2.5828
6211.6000,61.6415,0.2101,36.0000,2.5553
6211.7000,61.6748,0.2098,35.5884,2.5321
6211.8000,61.7065,0.2094,34.9967,2.4986
6211.9000,61.7359,0.2091,34.0798,2.4465
6212.0000,61.7619,0.2088,33.4486,2.4107
6212.1000,61.7873,0.2085,33.5105,2.4144
6212.2000,61.8135,0.2082,33.6543,2.4228
6212.3000,61.8397,0.2078,33.6115,2.4206
6212.4000,61.8655,0.2075,33.8192,2.4327
6212.5000,61.8929,0.2072,34.3333,2.4622
6212.6000,61.9217,0.2069,34.2852,2.4597
6212.7000,61.9486,0.2066,33.6491,2.4236
6212.8000,61.9734,0.2063,33.5555,2.4185
6212.9000,61.9996,0.2060,33.6385,2.4235
6213.0000,62.0247,0.2057,33.3450,2.4069
6213.1000,62.0490,0.2054,33.8145,2.4339
6213.2000,62.0769,0.2051,35.1151,2.5083
6213.3000,62.1090,0.2048,36.2602,2.5739
6213.4000,62.1437,0.2045,36.8743,2.6093
6213.5000,62.1793,0.2042,36.8405,2.6076
6213.6000,62.2136,0.2039,35.9096,2.5548
6213.7000,62.2433,0.2037,34.3222,2.4645
6213.8000,62.2678,0.2034,32.3544,2.3561
6213.9000,62.2855,0.2031,30.5133,2.2569
6214.0000,62.2988,0.2028,29.1135,2.1811
6214.1000,62.3079,0.2026,27.6084,2.0992
6214.2000,62.3120,0.2023,26.1929,2.0218
6214.3000,62.3126,0.2020,25.2106,1.9679
6214.4000,62.3108,0.2018,24.2070,1.9126
6214.5000,62.3053,0.2015,23.4673,1.8718
6214.6000,62.2990,0.2012,23.3193,1.8635
6214.7000,62.2927,0.2010,22.6882,1.8285
6214.8000,62.2826,0.2007,21.6285,1.7697
6214.9000,62.2699,0.2005,21.1795,1.7446
6215.0000,62.2572,0.2002,21.0394,1.7367
6215.1000,62.2438,0.2000,20.5385,1.7087
6215.2000,62.2281,0.1997,20.1277,1.6857
6215.3000,62.2123,0.1995,19.8426,1.6696
6215.4000,62.1949,0.1993,19.1204,1.6291
6215.5000,62.1748,0.1990,17.6370,1.5458
6215.6000,62.1486,0.1988,15.7989,1.4421
6215.7000,62.1174,0.1986,14.8163,1.3863
6215.8000,62.0853,0.1983,14.4820,1.3670
6215.9000,62.0523,0.1981,14.3491,1.3592
6216.0000,62.0196,0.1979,14.8526,1.3874
6216.1000,61.9897,0.1977,15.5499,1.4265
6216.2000,61.9614,0.1975,15.3776,1.4165
6216.3000,61.9306,0.1973,14.4408,1.3632
6216.4000,61.8967,0.1971,13.1597,1.2902
6216.5000,61.8582,0.1969,12.0647,1.2274
6216.6000,61.8178,0.1967,11.5449,1.1974
6216.7000,61.7763,0.1965,11.2604,1.1807
6216.8000,61.7343,0.1963,11.4630,1.1919
6216.9000,61.6942,0.1961,12.3852,1.2441
6217.0000,61.6580,0.1959,13.3982,1.3014
6217.1000,61.6243,0.1957,14.0236,1.3366
6217.2000,61.5921,0.1955,14.6339,1.3708
6217.3000,61.5623,0.1953,15.3294,1.4099
6217.4000,61.5344,0.1952,15.9120,1.4425
6217.5000,61.5083,0.1950,16.3009,1.4641
6217.6000,61.4830,0.1948,17.1064,1.5092
6217.7000,61.4619,0.1947,18.3685,1.5798
6217.8000,61.4444,0.1945,19.4639,1.6408
6217.9000,61.4302,0.1944,20.0243,1.6719
6218.0000,61.4162,0.1942,20.0731,1.6745
6218.1000,61.4024,0.1941,19.8184,1.6602
6218.2000,61.3869,0.1939,19.0982,1.6198
6218.3000,61.3687,0.1938,17.6108,1.5364
6218.4000,61.3442,0.1936,15.9923,1.4451
6218.5000,61.3161,0.1935,14.8146,1.3784
6218.6000,61.2845,0.1933,13.5546,1.3067
6218.7000,61.2488,0.1932,12.5445,1.2489
6218.8000,61.2111,0.1931,12.5736,1.2502
6218.9000,61.1757,0.1930,13.2762,1.2898
6219.0000,61.1425,0.1928,14.0677,1.3344
6219.1000,61.1121,0.1927,15.3335,1.4057
6219.2000,61.0868,0.1926,16.9067,1.4941
6219.3000,61.0663,0.1925,18.2158,1.5673
6219.4000,61.0492,0.1924,19.2592,1.6255
6219.5000,61.0352,0.1923,20.6410,1.7023
6219.6000,61.0267,0.1922,21.9020,1.7722
6219.7000,61.0206,0.1921,22.4357,1.8016
6219.8000,61.0155,0.1920,22.7989,1.8217
6219.9000,61.0116,0.1919,23.0186,1.8337
6220.0000,61.0079,0.1918,22.8567,1.8248
6220.1000,61.0030,0.1918,22.6195,1.8116
6220.2000,60.9978,0.1917,22.5189,1.8060
6220.3000,60.9924,0.1916,22.4519,1.8022
6220.4000,60.9868,0.1915,22.4686,1.8031
6220.5000,60.9815,0.1915,22.6949,1.8156
6220.6000,60.9774,0.1914,22.9179,1.8278
6220.7000,60.9735,0.1913,23.5108,1.8605
6220.8000,60.9730,0.1913,24.4232,1.9107
6220.9000,60.9748,0.1912,25.3864,1.9636
6221.0000,60.9803,0.1912,26.2874,2.0130
6221.1000,60.9876,0.1911,26.9020,2.0467
6221.2000,60.9969,0.1911,27.1081,2.0580
6221.3000,61.0055,0.1910,26.9088,2.0472
6221.4000,61.0135,0.1910,26.1674,2.0068
6221.5000,61.0174,0.1910,24.6479,1.9235
6221.6000,61.0160,0.1909,22.9531,1.8302
6221.7000,61.0094,0.1909,21.4583,1.7474
6221.8000,60.9988,0.1909,20.2768,1.6817
6221.9000,60.9850,0.1909,19.3005,1.6271
6222.0000,60.9684,0.1909,18.8121,1.5997
6222.1000,60.9516,0.1908,18.8942,1.6041
6222.2000,60.9356,0.1908,19.4895,1.6372
6222.3000,60.9226,0.1908,20.2895,1.6816
6222.4000,60.9115,0.1908,21.2483,1.7348
6222.5000,60.9045,0.1908,22.3687,1.7968
6222.6000,60.9005,0.1908,23.1049,1.8374
6222.7000,60.8981,0.1908,23.1026,1.8372
6222.8000,60.8940,0.1909,22.3655,1.7965
6222.9000,60.8870,0.1909,21.1921,1.7314
6223.0000,60.8758,0.1909,19.8453,1.6564
6223.1000,60.8605,0.1909,18.9117,1.6042
6223.2000,60.8435,0.1909,18.4701,1.5794
6223.3000,60.8255,0.1910,18.5155,1.5817
6223.4000,60.8088,0.1910,18.8663,1.6012
6223.5000,60.7931,0.1911,18.7750,1.5959
6223.6000,60.7760,0.1911,18.4985,1.5803
6223.7000,60.7586,0.1911,18.4915,1.5797
6223.8000,60.7415,0.1912,18.2817,1.5678
6223.9000,60.7229,0.1912,18.1424,1.5598
6224.0000,60.7050,0.1913,18.7232,1.5921
6224.1000,60.6901,0.1914,19.8183,1.6531
6224.2000,60.6791,0.1914,20.7274,1.7035
6224.3000,60.6699,0.1915,21.4606,1.7441
6224.4000,60.6635,0.1916,22.6576,1.8103
6224.5000,60.6617,0.1916,23.9011,1.8788
6224.6000,60.6631,0.1917,24.6537,1.9202
6224.7000,60.6660,0.1918,25.3239,1.9570
6224.8000,60.6715,0.1919,26.2904,2.0100
6224.9000,60.6804,0.1920,26.9725,2.0473
6225.0000,60.6901,0.1921,27.3886,2.0701
6225.1000,60.7015,0.1922,27.5352,2.0782
6225.2000,60.7120,0.1922,27.2986,2.0654
6225.3000,60.7220,0.1924,27.1556,2.0577
6225.4000,60.7315,0.1925,27.2411,2.0625
6225.5000,60.7419,0.1926,27.3068,2.0662
6225.6000,60.7518,0.1927,27.4442,2.0738
6225.7000,60.7630,0.1928,28.0921,2.1091
6225.8000,60.7769,0.1929,28.9686,2.1569
6225.9000,60.7934,0.1930,29.6658,2.1948
6226.0000,60.8115,0.1932,30.5892,2.2450
6226.1000,60.8337,0.1933,31.7701,2.3088
6226.2000,60.8590,0.1934,32.4164,2.3444
6226.3000,60.8851,0.1936,32.5538,2.3524
6226.4000,60.9110,0.1937,32.8171,2.3677
6226.5000,60.9386,0.1939,32.9867,2.3776
6226.6000,60.9654,0.1940,32.7752,2.3657
6226.7000,60.9915,0.1942,32.5615,2.3538
6226.8000,61.0168,0.1943,32.5778,2.3549
6226.9000,61.0428,0.1945,32.6916,2.3616
6227.0000,61.0687,0.1946,32.6998,2.3623
6227.1000,61.0946,0.1948,33.1879,2.3903
6227.2000,61.1234,0.1950,34.4535,2.4628
6227.3000,61.1569,0.1951,35.7460,2.5369
6227.4000,61.1934,0.1953,36.6560,2.5891
6227.5000,61.2323,0.1955,37.1858,2.6196
6227.6000,61.2719,0.1957,37.0990,2.6150
6227.7000,61.3100,0.1959,36.8261,2.5997
6227.8000,61.3476,0.1961,37.0190,2.6111
6227.9000,61.3867,0.1963,37.6199,2.6457
6228.0000,61.4277,0.1965,38.5539,2.6993
6228.1000,61.4722,0.1967,39.6167,2.7603
6228.2000,61.5195,0.1969,39.6440,2.7622
6228.3000,61.5639,0.1971,37.9820,2.6678
6228.4000,61.6007,0.1973,35.5047,2.5267
6228.5000,61.6296,0.1975,33.0974,2.3895
6228.6000,61.6515,0.1977,31.0834,2.2808
6228.7000,61.6679,0.1980,29.8629,2.2149
6228.8000,61.6822,0.1982,29.8201,2.2128
6228.9000,61.6983,0.1984,30.0646,2.2262
6229.0000,61.7140,0.1986,29.7320,2.2083
6229.1000,61.7280,0.1989,28.9594,2.1666
6229.2000,61.7388,0.1991,27.8590,2.1068
6229.3000,61.7460,0.1994,26.3073,2.0221
6229.4000,61.7473,0.1996,24.8482,1.9421
6229.5000,61.7455,0.1999,24.2976,1.9118
6229.6000,61.7434,0.2001,24.2584,1.9096
6229.7000,61.7414,0.2004,24.6981,1.9338
6229.8000,61.7420,0.2006,25.7387,1.9909
6229.9000,61.7463,0.2009,26.8161,2.0499
6230.0000,61.7535,0.2012,27.4651,2.0855
6230.1000,61.7617,0.2014,27.9643,2.1128
6230.2000,61.7718,0.2017,28.4685,2.1403
6230.3000,61.7831,0.2020,28.7936,2.1581
6230.4000,61.7951,0.2023,29.1974,2.1802
6230.5000,61.8087,0.2026,29.5555,2.1998
6230.6000,61.8229,0.2028,29.5698,2.2007
6230.7000,61.8365,0.2031,29.2659,2.1844
6230.8000,61.8487,0.2034,28.6282,2.1498
6230.9000,61.8583,0.2037,27.5042,2.0887
6231.0000,61.8636,0.2040,26.4748,2.0325
6231.1000,61.8669,0.2043,26.1341,2.0139
6231.2000,61.8700,0.2046,26.0053,2.0069
6231.3000,61.8725,0.2049,26.3516,2.0259
6231.4000,61.8777,0.2053,27.5853,2.0933
6231.5000,61.8877,0.2056,29.0590,2.1737
6231.6000,61.9019,0.2059,30.2077,2.2361
6231.7000,61.9187,0.2062,31.1485,2.2872
6231.8000,61.9385,0.2065,31.7943,2.3223
6231.9000,61.9592,0.2069,31.9334,2.3300
6232.0000,61.9796,0.2072,31.6885,2.3170
6232.1000,61.9987,0.2075,31.3918,2.3012
6232.2000,62.0172,0.2079,31.2464,2.2936
6232.3000,62.0352,0.2082,30.7394,2.2664
6232.4000,62.0506,0.2085,29.9748,2.2251
6232.5000,62.0638,0.2089,29.3770,2.1929
6232.6000,62.0755,0.2092,29.0908,2.1774
6232.7000,62.0869,0.2096,29.1649,2.1816
6232.8000,62.0989,0.2099,29.7750,2.2148
6232.9000,62.1139,0.2103,30.5552,2.2573
6233.0000,62.1305,0.2107,31.3116,2.2984
6233.1000,62.1501,0.2110,31.9246,2.3317
6233.2000,62.1703,0.2114,32.1002,2.3413
6233.3000,62.1907,0.2117,32.3130,2.3530
6233.4000,62.2121,0.2121,32.8235,2.3808
6233.5000,62.2355,0.2125,33.2056,2.4016
6233.6000,62.2590,0.2129,32.9259,2.3868
6233.7000,62.2806,0.2132,32.0872,2.3419
6233.8000,62.2988,0.2136,30.6865,2.2664
6233.9000,62.3118,0.2140,29.1443,2.1829
6234.0000,62.3206,0.2144,27.9699,2.1190
6234.1000,62.3263,0.2148,27.3457,2.0850
6234.2000,62.3313,0.2152,27.4014,2.0881
6234.3000,62.3374,0.2156,28.0667,2.1245
6234.4000,62.3463,0.2160,28.6925,2.1587
6234.5000,62.3561,0.2164,28.9329,2.1719
6234.6000,62.3664,0.2168,29.4922,2.2024
6234.7000,62.3795,0.2172,30.0555,2.2331
6234.8000,62.3931,0.2176,29.9123,2.2255
6234.9000,62.4052,0.2180,30.0314,2.2321
6235.0000,62.4195,0.2184,30.9843,2.2838
6235.1000,62.4372,0.2188,31.5271,2.3134
6235.2000,62.4547,0.2192,31.6607,2.3208
6235.3000,62.4731,0.2197,32.0384,2.3414
6235.4000,62.4927,0.2201,32.1576,2.3480
6235.5000,62.5117,0.2205,31.5586,2.3159
6235.6000,62.5275,0.2209,30.8884,2.2798
6235.7000,62.5424,0.2214,30.9155,2.2815
6235.8000,62.5582,0.2218,32.0135,2.3410
6235.9000,62.5796,0.2222,33.5159,2.4221
6236.0000,62.6044,0.2227,34.7148,2.4899
6236.1000,62.6328,0.2231,35.6019,2.5407
6236.2000,62.6628,0.2235,35.7114,2.5472
6236.3000,62.6916,0.2240,34.8789,2.5000
6236.4000,62.7164,0.2244,33.8295,2.4405
6236.5000,62.7387,0.2249,32.5780,2.3734
6236.6000,62.7558,0.2253,31.4224,2.3112
6236.7000,62.7710,0.2258,31.1244,2.2953
6236.8000,62.7862,0.2262,31.1156,2.2950
6236.9000,62.8013,0.2267,31.3223,2.3063
6237.0000,62.8176,0.2271,32.1884,2.3533
6237.1000,62.8378,0.2276,33.1545,2.4056
6237.2000,62.8597,0.2280,34.0155,2.4521
6237.3000,62.8849,0.2285,34.9987,2.5084
6237.4000,62.9126,0.2290,35.4209,2.5327
6237.5000,62.9401,0.2294,35.4383,2.5339
6237.6000,62.9677,0.2299,35.6659,2.5472
6237.7000,62.9964,0.2304,35.6126,2.5444
6237.8000,63.0234,0.2308,35.0963,2.5151
6237.9000,63.0489,0.2313,34.9746,2.5084
6238.0000,63.0750,0.2318,35.0955,2.5155
6238.1000,63.1010,0.2323,34.5720,2.4859
6238.2000,63.1238,0.2327,33.3310,2.4183
6238.3000,63.1422,0.2332,31.8173,2.3369
6238.4000,63.1558,0.2337,29.9240,2.2344
6238.5000,63.1627,0.2342,27.9700,2.1281
6238.6000,63.1646,0.2347,26.6752,2.0573
6238.7000,63.1638,0.2352,26.2216,2.0324
6238.8000,63.1629,0.2356,26.5539,2.0506
6238.9000,63.1640,0.2361,27.1731,2.0845
6239.0000,63.1668,0.2366,28.0267,2.1312
6239.1000,63.1730,0.2371,29.2080,2.1957
6239.2000,63.1828,0.2376,30.0672,2.2425
6239.3000,63.1940,0.2381,30.1019,2.2445
6239.4000,63.2039,0.2386,29.7982,2.2281
6239.5000,63.2132,0.2391,29.2250,2.1971
6239.6000,63.2196,0.2396,27.7778,2.1182
6239.7000,63.2203,0.2401,26.1337,2.0281
6239.8000,63.2168,0.2406,24.8255,1.9562
6239.9000,63.2096,0.2411,23.5726,1.8869
6240.0000,63.1986,0.2416,22.6771,1.8373
6240.1000,63.1861,0.2421,22.5353,1.8293
6240.2000,63.1743,0.2426,23.1768,1.8647
6240.3000,63.1656,0.2431,24.5389,1.9398
6240.4000,63.1620,0.2436,26.2241,2.0325
6240.5000,63.1634,0.2441,27.5327,2.1042
6240.6000,63.1675,0.2446,28.3132,2.1469
6240.7000,63.1735,0.2451,28.6227,2.1638
6240.8000,63.1794,0.2456,28.5029,2.1573
6240.9000,63.1847,0.2461,28.3872,2.1511
6241.0000,63.1898,0.2466,28.2981,2.1463
6241.1000,63.1944,0.2471,28.3320,2.1482
6241.2000,63.1998,0.2476,28.6339,2.1647
6241.3000,63.2061,0.2481,28.9594,2.1825
6241.4000,63.2133,0.2487,29.4768,2.2108
6241.5000,63.2227,0.2492,30.5727,2.2704
6241.6000,63.2364,0.2497,31.5734,2.3247
6241.7000,63.2516,0.2502,32.1285,2.3549
6241.8000,63.2685,0.2507,32.7448,2.3884
6241.9000,63.2873,0.2512,32.8087,2.3920
6242.0000,63.3044,0.2517,31.8465,2.3403
6242.1000,63.3173,0.2522,30.9150,2.2900
6242.2000,63.3287,0.2527,30.3324,2.2585
6242.3000,63.3380,0.2533,29.8243,2.2310
6242.4000,63.3464,0.2538,29.6777,2.2231
6242.5000,63.3548,0.2543,30.0787,2.2450
6242.6000,63.3654,0.2548,30.3808,2.2615
6242.7000,63.3755,0.2553,30.0897,2.2459
6242.8000,63.3843,0.2558,29.4926,2.2135
6242.9000,63.3908,0.2563,28.6890,2.1698
6243.0000,63.3947,0.2569,27.3067,2.0943
6243.1000,63.3929,0.2574,25.2251,1.9800
6243.2000,63.3844,0.2579,23.2335,1.8700
6243.3000,63.3707,0.2584,21.7977,1.7903
6243.4000,63.3537,0.2589,20.5862,1.7226
6243.5000,63.3328,0.2594,20.1345,1.6972
6243.6000,63.3132,0.2599,21.0069,1.7457
6243.7000,63.2976,0.2605,22.4918,1.8280
6243.8000,63.2869,0.2610,23.9733,1.9099
6243.9000,63.2801,0.2615,25.5734,1.9980
6244.0000,63.2789,0.2620,26.9396,2.0730
6244.1000,63.2803,0.2625,27.6465,2.1117
6244.2000,63.2833,0.2630,28.1128,2.1372
6244.3000,63.2874,0.2635,28.6555,2.1668
6244.4000,63.2935,0.2640,28.9265,2.1817
6244.5000,63.2992,0.2645,29.0083,2.1862
6244.6000,63.3058,0.2650,29.6092,2.2190
6244.7000,63.3149,0.2656,29.9031,2.2351
6244.8000,63.3232,0.2661,29.2178,2.1979
6244.9000,63.3282,0.2666,28.2501,2.1452
6245.0000,63.3306,0.2671,27.3170,2.0942
6245.1000,63.3300,0.2676,26.1000,2.0275
6245.2000,63.3252,0.2681,25.1068,1.9728
6245.3000,63.3186,0.2686,24.4325,1.9356
6245.4000,63.3097,0.2691,23.8808,1.9050
6245.5000,63.2999,0.2696,23.6095,1.8899
6245.6000,63.2894,0.2701,23.5304,1.8854
6245.7000,63.2791,0.2706,23.2414,1.8694
6245.8000,63.2669,0.2711,23.1992,1.8669
6245.9000,63.2564,0.2716,23.7070,1.8949
6246.0000,63.2473,0.2721,23.7496,1.8971
6246.1000,63.2370,0.2726,23.3893,1.8771
6246.2000,63.2258,0.2731,23.0183,1.8565
6246.3000,63.2133,0.2736,22.2376,1.8131
6246.4000,63.1974,0.2740,20.9953,1.7438
6246.5000,63.1776,0.2745,20.3106,1.7055
6246.6000,63.1576,0.2750,20.4001,1.7103
6246.7000,63.1384,0.2755,20.8023,1.7325
6246.8000,63.1209,0.2760,21.5634,1.7747
6246.9000,63.1063,0.2765,22.7771,1.8419
6247.0000,63.0961,0.2770,24.2404,1.9226
6247.1000,63.0902,0.2774,25.3811,1.9854
6247.2000,63.0868,0.2779,26.3415,2.0381
6247.3000,63.0867,0.2784,26.9752,2.0729
6247.4000,63.0871,0.2789,26.9187,2.0698
6247.5000,63.0866,0.2793,26.2596,2.0336
6247.6000,63.0830,0.2798,25.3529,1.9838
6247.7000,63.0771,0.2803,24.4500,1.9340
6247.8000,63.0681,0.2808,23.7659,1.8962
6247.9000,63.0580,0.2812,23.8174,1.8989
6248.0000,63.0494,0.2817,24.2510,1.9227
6248.1000,63.0419,0.2822,24.9434,1.9608
6248.2000,63.0374,0.2826,26.2287,2.0314
6248.3000,63.0377,0.2831,27.8650,2.1210
6248.4000,63.0430,0.2835,29.0666,2.1866
6248.5000,63.0504,0.2840,30.0105,2.2380
6248.6000,63.0612,0.2844,30.8288,2.2825
6248.7000,63.0734,0.2849,31.5367,2.3209
6248.8000,63.0884,0.2853,32.3221,2.3635
6248.9000,63.1052,0.2858,33.5316,2.4289
6249.0000,63.1273,0.2862,35.2874,2.5269
6249.1000,63.1544,0.2867,37.0293,2.6265
6249.2000,63.1868,0.2871,38.5354,2.7126
6249.3000,63.2227,0.2876,39.4901,2.7674
6249.4000,63.2604,0.2880,39.7726,2.7838
6249.5000,63.2978,0.2885,39.6508,2.7772
6249.6000,63.3346,0.2889,39.7373,2.7824
6249.7000,63.3722,0.2893,39.8453,2.7889
6249.8000,63.4093,0.2898,40.2304,2.8112
6249.9000,63.4489,0.2902,41.0091,2.8559
6250.0000,63.4904,0.2906,41.6027,2.8901
6250.1000,63.5333,0.2910,41.8412,2.9041
6250.2000,63.5759,0.2915,42.0461,2.9161
6250.3000,63.6197,0.2919,42.2088,2.9257
6250.4000,63.6629,0.2923,41.7545,2.9002
6250.5000,63.7037,0.2927,40.9173,2.8528
6250.6000,63.7417,0.2931,39.9897,2.8002
6250.7000,63.7767,0.2935,38.5937,2.7209
6250.8000,63.8062,0.2939,36.9402,2.6269
6250.9000,63.8312,0.2944,35.7892,2.5615
6251.0000,63.8537,0.2948,35.1628,2.5260
6251.1000,63.8749,0.2952,34.7211,2.5016
6251.2000,63.8946,0.2956,34.5864,2.4946
6251.3000,63.9148,0.2960,34.8218,2.5075
6251.4000,63.9358,0.2963,35.0770,2.5218
6251.5000,63.9574,0.2967,35.1338,2.5252
6251.6000,63.9785,0.2971,35.1351,2.5254
6251.7000,64.0000,0.2975,35.3413,2.5374
6251.8000,64.0222,0.2979,35.5138,2.5474
6251.9000,64.0445,0.2983,35.5046,2.5471
6252.0000,64.0665,0.2986,35.5930,2.5523
6252.1000,64.0891,0.2990,35.7415,2.5610
6252.2000,64.1119,0.2994,35.4449,2.5442
6252.3000,64.1326,0.2998,34.7993,2.5088
6252.4000,64.1514,0.3001,34.2000,2.4768
6252.5000,64.1685,0.3005,33.4365,2.4358
6252.6000,64.1827,0.3008,32.7496,2.3989
6252.7000,64.1956,0.3012,32.4606,2.3835
6252.8000,64.2080,0.3015,32.4807,2.3847
6252.9000,64.2209,0.3019,32.8857,2.4067
6253.0000,64.2356,0.3022,33.5893,2.4449
6253.1000,64.2526,0.3026,34.0833,2.4717
6253.2000,64.2700,0.3029,34.1256,2.4741
6253.3000,64.2871,0.3033,34.0947,2.4727
6253.4000,64.3043,0.3036,33.9498,2.4651
6253.5000,64.3204,0.3039,33.6014,2.4465
6253.6000,64.3354,0.3042,33.4812,2.4402
6253.7000,64.3507,0.3046,33.7501,2.4548
6253.8000,64.3672,0.3049,33.7649,2.4558
6253.9000,64.3825,0.3052,33.6823,2.4515
6254.0000,64.3984,0.3055,33.8210,2.4592
6254.1000,64.4144,0.3058,33.7037,2.4531
6254.2000,64.4294,0.3061,33.6307,2.4493
6254.3000,64.4449,0.3064,33.9053,2.4643
6254.4000,64.4614,0.3067,34.0861,2.4742
6254.5000,64.4779,0.3070,33.9556,2.4674
6254.6000,64.4935,0.3073,33.3811,2.4366
6254.7000,64.5065,0.3076,32.3825,2.3828
6254.8000,64.5162,0.3079,31.2934,2.3239
6254.9000,64.5227,0.3081,30.6317,2.2880
6255.0000,64.5285,0.3084,30.6816,2.2908
6255.1000,64.5353,0.3087,31.6605,2.3440
6255.2000,64.5468,0.3090,32.9452,2.4136
6255.3000,64.5609,0.3092,34.0963,2.4759
6255.4000,64.5791,0.3095,35.3074,2.5412
6255.5000,64.6002,0.3097,35.9769,2.5788
6255.6000,64.6221,0.3100,36.0665,2.5841
6255.7000,64.6436,0.3102,36.4915,2.6085
6255.8000,64.6678,0.3105,36.8574,2.6295
6255.9000,64.6913,0.3107,36.4138,2.6045
6256.0000,64.7128,0.3109,35.8906,2.5748
6256.1000,64.7331,0.3112,35.2610,2.5405
6256.2000,64.7508,0.3114,33.8615,2.4654
6256.3000,64.7628,0.3116,32.3760,2.3853
6256.4000,64.7717,0.3118,31.0388,2.3129
6256.5000,64.7759,0.3121,29.2821,2.2173
6256.6000,64.7745,0.3123,27.3794,2.1132
6256.7000,64.7676,0.3125,25.8203,2.0275
6256.8000,64.7572,0.3127,24.5865,1.9593
6256.9000,64.7431,0.3129,23.7137,1.9109
6257.0000,64.7276,0.3131,23.0152,1.8720
6257.1000,64.7095,0.3132,22.3288,1.8337
6257.2000,64.6901,0.3134,22.0459,1.8178
6257.3000,64.6704,0.3136,22.0462,1.8176
6257.4000,64.6511,0.3138,22.1929,1.8255
6257.5000,64.6324,0.3140,23.1401,1.8779
6257.6000,64.6187,0.3141,24.4000,1.9475
6257.7000,64.6073,0.3143,24.7423,1.9663
6257.8000,64.5957,0.3144,24.2159,1.9371
6257.9000,64.5813,0.3146,23.2839,1.8854
6258.0000,64.5643,0.3147,21.8160,1.8037
6258.1000,64.5414,0.3149,20.3238,1.7202
6258.2000,64.5157,0.3150,19.2925,1.6623
6258.3000,64.4869,0.3151,18.8222,1.6356
6258.4000,64.4586,0.3153,18.5705,1.6212
6258.5000,64.4284,0.3154,17.9213,1.5844
6258.6000,64.3964,0.3155,17.1054,1.5382
6258.7000,64.3616,0.3156,16.3319,1.4942
6258.8000,64.3252,0.3157,15.9765,1.4738
6258.9000,64.2884,0.3159,16.3015,1.4918
6259.0000,64.2541,0.3160,17.5055,1.5593
6259.1000,64.2245,0.3160,19.1540,1.6515
6259.2000,64.2000,0.3161,20.4660,1.7246
6259.3000,64.1782,0.3162,21.0906,1.7593
6259.4000,64.1575,0.3163,21.2097,1.7657
6259.5000,64.1365,0.3164,20.9987,1.7537
6259.6000,64.1146,0.3165,20.5573,1.7289
6259.7000,64.0911,0.3165,20.8437,1.7446
6259.8000,64.0710,0.3166,21.8922,1.8028
6259.9000,64.0538,0.3167,22.7827,1.8520
6260.0000,64.0390,0.3167,23.4220,1.8873
6260.1000,64.0256,0.3168,24.5202,1.9479
6260.2000,64.0174,0.3168,25.7699,2.0166
6260.3000,64.0114,0.3168,26.7584,2.0709
6260.4000,64.0090,0.3169,28.2304,2.1515
6260.5000,64.0117,0.3169,30.1009,2.2535
6260.6000,64.0204,0.3169,31.5762,2.3336
6260.7000,64.0317,0.3169,32.2739,2.3715
6260.8000,64.0444,0.3170,32.4629,2.3819
6260.9000,64.0568,0.3170,32.0981,2.3623
6261.0000,64.0673,0.3170,31.0975,2.3082
6261.1000,64.0738,0.3170,29.6832,2.2314
6261.2000,64.0758,0.3170,28.2977,2.1559
6261.3000,64.0741,0.3170,26.8656,2.0774
6261.4000,64.0678,0.3170,25.5716,2.0063
6261.5000,64.0585,0.3169,25.0717,1.9786
6261.6000,64.0492,0.3169,25.2759,1.9898
6261.7000,64.0412,0.3169,25.9799,2.0285
6261.8000,64.0361,0.3169,27.1533,2.0928
6261.9000,64.0350,0.3168,28.4787,2.1653
6262.0000,64.0378,0.3168,29.4387,2.2177
6262.1000,64.0424,0.3167,30.0323,2.2501
6262.2000,64.0486,0.3167,30.2510,2.2620
6262.3000,64.0544,0.3166,29.6361,2.2287
6262.4000,64.0570,0.3166,28.9744,2.1926
6262.5000,64.0589,0.3165,29.0237,2.1953
6262.6000,64.0618,0.3164,29.3209,2.2116
6262.7000,64.0654,0.3163,29.8801,2.2421
6262.8000,64.0716,0.3163,31.2824,2.3183
6262.9000,64.0835,0.3162,32.3744,2.3775
6263.0000,64.0960,0.3161,32.7690,2.3990
6263.1000,64.1101,0.3160,33.2614,2.4257
6263.2000,64.1255,0.3159,33.6877,2.4489
6263.3000,64.1421,0.3158,34.0531,2.4688
6263.4000,64.1595,0.3157,34.4489,2.4903
6263.5000,64.1783,0.3156,34.7276,2.5055
6263.6000,64.1973,0.3154,34.9331,2.5167
6263.7000,64.2172,0.3153,35.3314,2.5387
6263.8000,64.2384,0.3152,35.8566,2.5688
6263.9000,64.2613,0.3150,36.5515,2.6086
6264.0000,64.2864,0.3149,37.4696,2.6612
6264.1000,64.3146,0.3147,38.6873,2.7308
6264.2000,64.3467,0.3146,39.7376,2.7910
6264.3000,64.3808,0.3144,40.3357,2.8254
6264.4000,64.4163,0.3143,40.5619,2.8386
6264.5000,64.4515,0.3141,40.2710,2.8223
6264.6000,64.4850,0.3139,39.1538,2.7589
6264.7000,64.5135,0.3138,37.2658,2.6515
6264.8000,64.5359,0.3136,34.9419,2.5211
6264.9000,64.5506,0.3134,32.5488,2.3923
6265.0000,64.5589,0.3132,30.7465,2.2947
6265.1000,64.5631,0.3130,30.1356,2.2615
6265.2000,64.5677,0.3128,30.8828,2.3022
6265.3000,64.5763,0.3126,32.4447,2.3869
6265.4000,64.5900,0.3124,33.8538,2.4632
6265.5000,64.6068,0.3122,34.6398,2.5057
6265.6000,64.6251,0.3119,34.1872,2.4815
6265.7000,64.6391,0.3117,32.4941,2.3903
6265.8000,64.6474,0.3115,30.8565,2.3016
6265.9000,64.6518,0.3112,30.4093,2.2774
6266.0000,64.6575,0.3110,30.8896,2.3035
6266.1000,64.6647,0.3108,31.6708,2.3460
6266.2000,64.6749,0.3105,33.1888,2.4283
6266.3000,64.6909,0.3102,34.8474,2.5178
6266.4000,64.7108,0.3100,35.9598,2.5787
6266.5000,64.7332,0.3097,36.7574,2.6244
6266.6000,64.7576,0.3094,37.4392,2.6635
6266.7000,64.7838,0.3092,38.2379,2.7092
6266.8000,64.8127,0.3089,38.9304,2.7489
6266.9000,64.8429,0.3086,39.2451,2.7671
6267.0000,64.8734,0.3083,39.0615,2.7569
6267.1000,64.9023,0.3080,39.0589,2.7570
6267.2000,64.9327,0.3077,38.9075,2.7487
6267.3000,64.9606,0.3074,38.3401,2.7166
6267.4000,64.9876,0.3071,38.1055,2.7034
6267.5000,65.0139,0.3068,38.1218,2.7046
6267.6000,65.0408,0.3064,38.0651,2.7016
6267.7000,65.0667,0.3061,37.6958,2.6808
6267.8000,65.0913,0.3058,36.8977,2.6355
6267.9000,65.1124,0.3054,35.9058,2.5796
6268.0000,65.1312,0.3051,35.1623,2.5399
6268.1000,65.1479,0.3047,34.3377,2.4957
6268.2000,65.1619,0.3044,33.7095,2.4620
6268.3000,65.1749,0.3040,33.7839,2.4661
6268.4000,65.1892,0.3037,34.0100,2.4785
6268.5000,65.2035,0.3033,33.8160,2.4682
6268.6000,65.2166,0.3029,33.6947,2.4618
6268.7000,65.2301,0.3026,33.8459,2.4701
6268.8000,65.2441,0.3022,34.1553,2.4870
6268.9000,65.2593,0.3018,34.5274,2.5072
6269.0000,65.2754,0.3014,35.1689,2.5419
6269.1000,65.2943,0.3010,35.7116,2.5713
6269.2000,65.3134,0.3006,35.8106,2.5769
6269.3000,65.3328,0.3002,35.3966,2.5548
6269.4000,65.3494,0.2998,34.4956,2.5065
6269.5000,65.3636,0.2994,33.4660,2.4511
6269.6000,65.3742,0.2989,32.4089,2.3941
6269.7000,65.3822,0.2985,31.6066,2.3506
6269.8000,65.3881,0.2981,31.5169,2.3458
6269.9000,65.3956,0.2976,31.8633,2.3647
6270.0000,65.4036,0.2972,32.3478,2.3911
6270.1000,65.4138,0.2968,33.3620,2.4461
6270.2000,65.4276,0.2963,34.1892,2.4909
6270.3000,65.4426,0.2959,34.4410,2.5047
6270.4000,65.4578,0.2954,34.9377,2.5316
6270.5000,65.4756,0.2949,35.5600,2.5653
6270.6000,65.4943,0.2945,35.4487,2.5595
6270.7000,65.5113,0.2940,34.6004,2.5141
6270.8000,65.5251,0.2935,33.2327,2.4404
6270.9000,65.5342,0.2930,31.2324,2.3320
6271.0000,65.5364,0.2926,28.6364,2.1905
6271.1000,65.5306,0.2921,26.2925,2.0617
6271.2000,65.5194,0.2916,24.8326,1.9811
6271.3000,65.5053,0.2911,24.1624,1.9438
6271.4000,65.4903,0.2906,23.9714,1.9331
6271.5000,65.4752,0.2901,24.1327,1.9419
6271.6000,65.4612,0.2896,24.8181,1.9796
6271.7000,65.4501,0.2890,25.8480,2.0364
6271.8000,65.4422,0.2885,26.9428,2.0965
6271.9000,65.4375,0.2880,28.3609,2.1743
6272.0000,65.4378,0.2875,30.4137,2.2864
6272.1000,65.4450,0.2869,32.3084,2.3894
6272.2000,65.4563,0.2864,33.7520,2.4677
6272.3000,65.4718,0.2859,35.2238,2.5472
6272.4000,65.4915,0.2853,36.2940,2.6049
6272.5000,65.5131,0.2848,36.4748,2.6151
6272.6000,65.5337,0.2842,35.9024,2.5844
6272.7000,65.5519,0.2837,34.9183,2.5317
6272.8000,65.5668,0.2831,33.3979,2.4498
6272.9000,65.5763,0.2825,31.2708,2.3346
6273.0000,65.5789,0.2820,29.1938,2.2214
6273.1000,65.5764,0.2814,27.7217,2.1408
6273.2000,65.5706,0.2808,26.7820,2.0891
6273.3000,65.5627,0.2802,26.2362,2.0590
6273.4000,65.5539,0.2796,26.3928,2.0675
6273.5000,65.5470,0.2791,26.9803,2.0997
6273.6000,65.5416,0.2785,27.6649,2.1373
6273.7000,65.5387,0.2779,28.7398,2.1961
6273.8000,65.5396,0.2773,29.8259,2.2555
6273.9000,65.5430,0.2767,30.8262,2.3100
6274.0000,65.5497,0.2761,32.1552,2.3823
6274.1000,65.5608,0.2754,33.3040,2.4446
6274.2000,65.5740,0.2748,33.6127,2.4615
6274.3000,65.5868,0.2742,33.6990,2.4663
6274.4000,65.6005,0.2736,33.3484,2.4475
6274.5000,65.6113,0.2730,32.0957,2.3798
6274.6000,65.6178,0.2723,30.9657,2.3185
6274.7000,65.6221,0.2717,30.6147,2.2994
6274.8000,65.6266,0.2711,30.4871,2.2925
6274.9000,65.6301,0.2704,30.4817,2.2923
6275.0000,65.6346,0.2698,31.1147,2.3268
6275.1000,65.6418,0.2691,31.9929,2.3746
6275.2000,65.6514,0.2685,32.5641,2.4056
6275.3000,65.6619,0.2678,33.2702,2.4440
6275.4000,65.6754,0.2672,34.4129,2.5059
6275.5000,65.6925,0.2665,35.2081,2.5489
6275.6000,65.7106,0.2659,35.5066,2.5652
6275.7000,65.7293,0.2652,35.6278,2.5719
6275.8000,65.7480,0.2645,35.2710,2.5529
6275.9000,65.7646,0.2638,34.7847,2.5269
6276.0000,65.7805,0.2632,34.8163,2.5288
6276.1000,65.7972,0.2625,35.0251,2.5403
6276.2000,65.8143,0.2618,34.5884,2.5169
6276.3000,65.8284,0.2611,33.7847,2.4737
6276.4000,65.8408,0.2604,32.6082,2.4102
6276.5000,65.8482,0.2597,30.8739,2.3161
6276.6000,65.8507,0.2590,29.0814,2.2183
6276.7000,65.8478,0.2584,27.7544,2.1456
6276.8000,65.8427,0.2577,26.9995,2.1040
6276.9000,65.8356,0.2569,26.6129,2.0827
6277.0000,65.8284,0.2562,26.0356,2.0508
6277.1000,65.8181,0.2555,25.2580,2.0078
6277.2000,65.8065,0.2548,24.8525,1.9853
6277.3000,65.7939,0.2541,24.1542,1.9465
6277.4000,65.7784,0.2534,20.0708,1.7190
6277.5000,65.7426,0.2527,13.3650,1.3400
6277.6000,65.6888,0.2520,6.9714,0.9722
6277.7000,65.6164,0.2512,0.4829,0.5923
6277.8000,65.5255,0.2505,-5.7535,0.0000
6277.9000,65.4175,0.2498,-8.7703,0.0000
6278.0000,65.3095,0.2491,-8.8142,0.0000
6278.1000,65.2015,0.2483,-8.8577,0.0000
6278.2000,65.0935,0.2476,-8.9011,0.0000
6278.3000,64.9855,0.2469,-8.9441,0.0000
6278.4000,64.8775,0.2462,-8.9869,0.0000
6278.5000,64.7695,0.2454,-9.0294,0.0000
6278.6000,64.6615,0.2447,-9.0717,0.0000
6278.7000,64.5535,0.2440,-9.1137,0.0000
6278.8000,64.4455,0.2432,-9.1554,0.0000
6278.9000,64.3375,0.2425,-9.1969,0.0000
6279.0000,64.2295,0.2418,-9.2381,0.0000
6279.1000,64.1215,0.2410,-9.2790,0.0000
6279.2000,64.0135,0.2403,-9.3197,0.0000
6279.3000,63.9055,0.2396,-9.3601,0.0000
6279.4000,63.7975,0.2388,-9.4002,0.0000
6279.5000,63.6895,0.2381,-9.4401,0.0000
6279.6000,63.5815,0.2374,-9.4797,0.0000
6279.7000,63.4735,0.2366,-9.5191,0.0000
6279.8000,63.3655,0.2359,-9.5581,0.0000
6279.9000,63.2575,0.2352,-9.5970,0.0000
6280.0000,63.1495,0.2344,-9.6355,0.0000
6280.1000,63.0415,0.2337,-9.6738,0.0000
6280.2000,62.9335,0.2329,-9.7118,0.0000
6280.3000,62.8255,0.2322,-9.7495,0.0000
6280.4000,62.7175,0.2315,-9.7870,0.0000
6280.5000,62.6095,0.2307,-9.8242,0.0000
6280.6000,62.5015,0.2300,-9.8612,0.0000
6280.7000,62.3935,0.2293,-9.8979,0.0000
6280.8000,62.2855,0.2285,-9.9343,0.0000
6280.9000,62.1775,0.2278,-9.9704,0.0000
6281.0000,62.0695,0.2270,-10.0063,0.0000
6281.1000,61.9615,0.2263,-10.0419,0.0000
6281.2000,61.8535,0.2256,-10.0773,0.0000
6281.3000,61.7455,0.2248,-10.1124,0.0000
6281.4000,61.6375,0.2241,-10.1472,0.0000
6281.5000,61.5295,0.2234,-10.1818,0.0000
6281.6000,61.4215,0.2226,-10.2160,0.0000
6281.7000,61.3135,0.2219,-10.2501,0.0000
6281.8000,61.2055,0.2212,-10.2838,0.0000
6281.9000,61.0975,0.2204,-10.3173,0.0000
6282.0000,60.9895,0.2197,-10.3505,0.0000
6282.1000,60.8815,0.2190,-10.3835,0.0000
6282.2000,60.7735,0.2183,-10.4161,0.0000
6282.3000,60.6655,0.2175,-10.4486,0.0000
6282.4000,60.5575,0.2168,-10.4807,0.0000
6282.5000,60.4495,0.2161,-10.5126,0.0000
6282.6000,60.3415,0.2153,-10.5442,0.0000
6282.7000,60.2335,0.2146,-10.5756,0.0000
6282.8000,60.1255,0.2139,-10.6066,0.0000
6282.9000,60.0175,0.2132,-10.6375,0.0000
6283.0000,59.9095,0.2124,-10.6680,0.0000
6283.1000,59.8015,0.2117,-10.6983,0.0000
6283.2000,59.6935,0.2110,-10.7283,0.0000
6283.3000,59.5855,0.2103,-10.7581,0.0000
6283.4000,59.4775,0.2096,-10.7876,0.0000
6283.5000,59.3695,0.2089,-10.8168,0.0000
6283.6000,59.2615,0.2081,-10.8457,0.0000
6283.7000,59.1535,0.2074,-10.8744,0.0000
6283.8000,59.0455,0.2067,-10.9029,0.0000
6283.9000,58.9375,0.2060,-10.9310,0.0000
6284.0000,58.8295,0.2053,-10.9589,0.0000
6284.1000,58.7215,0.2046,-10.9865,0.0000
6284.2000,58.6135,0.2039,-11.0139,0.0000
6284.3000,58.5055,0.2032,-11.0410,0.0000
6284.4000,58.3975,0.2025,-11.0679,0.0000
6284.5000,58.2895,0.2018,-11.0944,0.0000
6284.6000,58.1815,0.2011,-11.1207,0.0000
6284.7000,58.0735,0.2004,-11.1468,0.0000
6284.8000,57.9655,0.1997,-11.1726,0.0000
6284.9000,57.8575,0.1990,-11.1981,0.0000
6285.0000,57.7495,0.1983,-11.2234,0.0000
6285.1000,57.6415,0.1976,-11.2484,0.0000
6285.2000,57.5335,0.1969,-11.2731,0.0000
6285.3000,57.4255,0.1962,-11.2976,0.0000
6285.4000,57.3175,0.1955,-11.3218,0.0000
6285.5000,57.2095,0.1948,-11.3457,0.0000
6285.6000,57.1015,0.1941,-11.3694,0.0000
6285.7000,56.9935,0.1935,-11.3928,0.0000
6285.8000,56.8855,0.1928,-11.4160,0.0000
6285.9000,56.7775,0.1921,-11.4389,0.0000
6286.0000,56.6695,0.1914,-11.4615,0.0000
6286.1000,56.5615,0.1907,-11.4839,0.0000
6286.2000,56.4535,0.1901,-11.5060,0.0000
6286.3000,56.3455,0.1894,-11.5279,0.0000
6286.4000,56.2375,0.1887,-11.5495,0.0000
6286.5000,56.1295,0.1881,-11.5708,0.0000
6286.6000,56.0215,0.1874,-11.5919,0.0000
6286.7000,55.9135,0.1867,-11.6127,0.0000
6286.8000,55.8055,0.1861,-11.6333,0.0000
6286.9000,55.6975,0.1854,-11.6536,0.0000
6287.0000,55.5895,0.1848,-11.6736,0.0000
6287.1000,55.4815,0.1841,-11.6934,0.0000
6287.2000,55.3735,0.1835,-11.7129,0.0000
6287.3000,55.2655,0.1828,-11.7322,0.0000
6287.4000,55.1575,0.1822,-11.7512,0.0000
6287.5000,55.0495,0.1815,-11.7700,0.0000
6287.6000,54.9415,0.1809,-11.7885,0.0000
6287.7000,54.8335,0.1802,-11.8068,0.0000
6287.8000,54.7255,0.1796,-11.8247,0.0000
6287.9000,54.6175,0.1790,-11.8425,0.0000
6288.0000,54.5095,0.1783,-11.8600,0.0000
6288.1000,54.4015,0.1777,-11.8772,0.0000
6288.2000,54.2935,0.1771,-11.8942,0.0000
6288.3000,54.1855,0.1764,-11.9109,0.0000
6288.4000,54.0775,0.1758,-11.9274,0.0000
6288.5000,53.9695,0.1752,-11.9436,0.0000
6288.6000,53.8615,0.1746,-11.9596,0.0000
6288.7000,53.7535,0.1740,-11.9753,0.0000
6288.8000,53.6455,0.1734,-11.9907,0.0000
6288.9000,53.5375,0.1727,-12.0060,0.0000
6289.0000,53.4295,0.1721,-12.0209,0.0000
6289.1000,53.3215,0.1715,-12.0356,0.0000
6289.2000,53.2135,0.1709,-12.0501,0.0000
6289.3000,53.1055,0.1703,-12.0643,0.0000
6289.4000,52.9975,0.1697,-12.0783,0.0000
6289.5000,52.8895,0.1691,-12.0920,0.0000
6289.6000,52.7815,0.1685,-12.1055,0.0000
6289.7000,52.6735,0.1680,-12.1187,0.0000
6289.8000,52.5655,0.1674,-12.1316,0.0000
6289.9000,52.4575,0.1668,-12.1444,0.0000
6290.0000,52.3495,0.1662,-12.1568,0.0000
6290.1000,52.2415,0.1656,-12.1691,0.0000
6290.2000,52.1335,0.1650,-12.1811,0.0000
6290.3000,52.0255,0.1645,-12.1928,0.0000
6290.4000,51.9175,0.1639,-12.2043,0.0000
6290.5000,51.8095,0.1633,-12.2156,0.0000
6290.6000,51.7015,0.1628,-12.2266,0.0000
6290.7000,51.5935,0.1622,-12.2373,0.0000
6290.8000,51.4855,0.1616,-12.2479,0.0000
6290.9000,51.3775,0.1611,-12.2581,0.0000
6291.0000,51.2695,0.1605,-12.2682,0.0000
6291.1000,51.1615,0.1600,-12.2780,0.0000
6291.2000,51.0535,0.1594,-12.2875,0.0000
6291.3000,50.9455,0.1589,-12.2969,0.0000
6291.4000,50.8375,0.1583,-12.3059,0.0000
6291.5000,50.7295,0.1578,-12.1724,0.0000
6291.6000,50.6226,0.1573,-11.8851,0.0000
6291.7000,50.5168,0.1567,-11.4573,0.0000
6291.8000,50.4131,0.1562,-10.7836,0.0000
6291.9000,50.3125,0.1557,-9.8840,0.0000
6292.0000,50.2156,0.1552,-8.8642,0.0000
6292.1000,50.1227,0.1546,-7.8720,0.0000
6292.2000,50.0335,0.1541,-7.0776,0.0000
6292.3000,49.9467,0.1536,-6.1905,0.0000
6292.4000,49.8642,0.1531,-4.8902,0.0000
6292.5000,49.7874,0.1526,-3.0569,0.0000
6292.6000,49.7190,0.1521,-0.7710,0.0000
6292.7000,49.6597,0.1515,1.8077,0.5351
6292.8000,49.6110,0.1510,4.1604,0.6886
6292.9000,49.5697,0.1505,5.5609,0.7818
6293.0000,49.5319,0.1500,6.1628,0.8226
6293.1000,49.4954,0.1495,6.5168,0.8468
6293.2000,49.4604,0.1491,6.7132,0.8602
6293.3000,49.4255,0.1486,6.7734,0.8642
6293.4000,49.3911,0.1481,7.2766,0.8990
6293.5000,49.3602,0.1476,7.8122,0.9363
6293.6000,49.3300,0.1471,8.1928,0.9630
6293.7000,49.3022,0.1466,8.8936,1.0125
6293.8000,49.2775,0.1461,9.8021,1.0774
6293.9000,49.2567,0.1456,10.7526,1.1459
6294.0000,49.2394,0.1452,11.5876,1.2066
6294.1000,49.2251,0.1447,11.9957,1.2366
6294.2000,49.2111,0.1442,12.0939,1.2438
6294.3000,49.1976,0.1438,12.3741,1.2250
6294.4000,49.1858,0.1433,12.8318,1.2507
6294.5000,49.1759,0.1428,13.3215,1.2783
6294.6000,49.1679,0.1424,13.7323,1.3014
6294.7000,49.1613,0.1419,13.6535,1.2969
6294.8000,49.1528,0.1414,13.0429,1.2623
6294.9000,49.1415,0.1410,12.1894,1.2138
6295.0000,49.1265,0.1405,11.6410,1.1826
6295.1000,49.1111,0.1401,11.8175,1.1924
6295.2000,49.0975,0.1396,12.4056,1.2256
6295.3000,49.0867,0.1392,13.0226,1.2604
6295.4000,49.0780,0.1387,13.5187,1.2883
6295.5000,49.0711,0.1383,13.7787,1.3029
6295.6000,49.0644,0.1378,13.6163,1.2936
6295.7000,49.0563,0.1374,13.1804,1.2689
6295.8000,49.0463,0.1370,12.6860,1.2409
6295.9000,49.0345,0.1365,12.3849,1.2237
6296.0000,49.0222,0.1361,12.2089,1.2136
6296.1000,49.0091,0.1357,12.0610,1.2051
6296.2000,48.9958,0.1353,12.2872,1.2177
6296.3000,48.9846,0.1348,12.6492,1.2381
6296.4000,48.9741,0.1344,12.4415,1.2262
6296.5000,48.9613,0.1340,11.6908,1.1835
6296.6000,48.9452,0.1336,10.6886,1.1264
6296.7000,48.9247,0.1332,9.5329,1.0603
6296.8000,48.8998,0.1328,8.6803,1.0112
6296.9000,48.8728,0.1323,8.4633,0.9985
6297.0000,48.8463,0.1319,8.6776,1.0105
6297.1000,48.8212,0.1315,8.9376,1.0251
6297.2000,48.7968,0.1311,9.2324,1.0417
6297.3000,48.7740,0.1307,9.4726,1.0551
6297.4000,48.7516,0.1303,9.4436,1.0532
6297.5000,48.7287,0.1300,9.4382,1.0526
6297.6000,48.7064,0.1296,9.8574,1.0763
6297.7000,48.6868,0.1292,10.4917,1.1122
6297.8000,48.6695,0.1288,11.2901,1.1574
6297.9000,48.6563,0.1284,12.3742,1.2188
6298.0000,48.6474,0.1280,13.6705,1.2919
6298.1000,48.6443,0.1277,15.1222,1.3735
6298.2000,48.6467,0.1273,16.5237,1.4520
6298.3000,48.6545,0.1269,17.4318,1.5028
6298.4000,48.6640,0.1266,17.9625,1.5325
6298.5000,48.6759,0.1262,18.3390,1.5536
6298.6000,48.6883,0.1258,18.6011,1.5683
6298.7000,48.7021,0.1255,18.8847,1.5842
6298.8000,48.7167,0.1251,19.2290,1.6035
6298.9000,48.7331,0.1248,19.7750,1.6339
6299.0000,48.7519,0.1244,20.3047,1.6634
6299.1000,48.7724,0.1241,20.6165,1.6809
6299.2000,48.7934,0.1237,20.7569,1.6889
6299.3000,48.8149,0.1234,20.7949,1.6913
6299.4000,48.8362,0.1230,20.5313,1.6770
6299.5000,48.8556,0.1227,20.2241,1.6602
6299.6000,48.8744,0.1224,19.9232,1.6438
6299.7000,48.8913,0.1220,19.5560,1.6237
6299.8000,48.9072,0.1217,19.3106,1.6103
6299.9000,48.9223,0.1214,18.8083,1.5826
