t_s,x_m,v_kmh,grade_pct,z_m,P_wheel_kW,fuel_g_per_s,fuel_cum_g,P_friction_brake_kW,trip_time_flag,N_eng_rpm,T_eng_Nm,P_shaft_eng_kW,engine_state,P_gen_bus_kW,P_bus_load_kW,P_motor_bus_kW,P_motor_mech_kW,P_regen_pack_kW,P_heater_kW,P_resistor_kW,soc_pct,T_pack_C,genset_state,P_batt_bus_kW
4500,97913,93.3665,-1.61728,46.4308,31.6235,3.79699,14412.8,0,0,1088.94,586.078,66.8326,2,63.388,37.2788,35.2788,31.6235,0,0,0,39.9263,28.5143,2,26.1091
4500.1,97915.6,93.3644,-1.6196,46.3889,29.9902,3.69566,14413.2,0,0,1067.86,581.274,65.0018,2,61.6248,35.5505,33.5505,29.9902,0,0,0,39.9327,28.5142,2,26.0742
4500.2,97918.2,93.3589,-1.62189,46.3468,28.4317,3.59375,14413.5,0,0,1048.74,575.069,63.1561,2,59.8547,33.9077,31.9077,28.4317,0,0,0,39.939,28.5141,2,25.9469
4500.3,97920.8,93.3507,-1.62413,46.3047,27.158,3.53179,14413.9,0,0,1037.03,571.211,62.032,2,58.777,32.5651,30.5651,27.158,0,0,0,39.9453,28.514,2,26.2119
4500.4,97923.4,93.3402,-1.62633,46.2626,25.8779,3.45137,14414.2,0,0,1022.35,565.763,60.5705,2,57.378,31.2155,29.2155,25.8779,0,0,0,39.9517,28.5138,2,26.1625
4500.5,97926,93.327,-1.62848,46.2204,24.4409,3.36326,14414.6,0,0,1006.55,559.433,58.9677,2,55.8454,29.7006,27.7006,24.4409,0,0,0,39.9581,28.5137,2,26.1448
4500.6,97928.6,93.3109,-1.63059,46.1782,23.1795,3.28138,14414.9,0,0,989.111,555.032,57.4899,2,54.4242,28.3706,26.3706,23.1795,0,0,0,39.9644,28.5136,2,26.0537
4500.7,97931.2,93.2928,-1.63266,46.1359,22.6134,3.24882,14415.2,0,0,984.252,551.985,56.8934,2,53.8575,27.7734,25.7734,22.6134,0,0,0,39.9707,28.5135,2,26.0841
4500.8,97933.7,93.2746,-1.63468,46.0936,21.9138,3.19094,14415.5,0,0,972.728,548.232,55.8451,2,52.8525,27.0355,25.0355,21.9138,0,0,0,39.977,28.5134,2,25.817
4500.9,97936.3,93.254,-1.63666,46.0512,21.3492,3.15893,14415.9,0,0,966.314,546.144,55.2654,2,52.2969,26.4398,24.4398,21.3492,0,0,0,39.9833,28.5133,2,25.8571
4501,97938.9,93.2337,-1.63859,46.0088,21.443,3.1623,14416.2,0,0,966.989,546.364,55.3264,2,52.3553,26.538,24.538,21.443,0,0,0,39.9896,28.5131,2,25.8173
4501.1,97941.5,93.2137,-1.64048,45.9663,21.4381,3.16168,14416.5,0,0,966.865,546.323,55.3151,2,52.3445,26.5323,24.5323,21.4381,0,0,0,39.9958,28.513,2,25.8122
4501.2,97944.1,93.1937,-1.64232,45.9238,21.0152,3.14419,14416.8,0,0,963.349,545.178,54.9985,2,52.041,26.0859,24.0859,21.0152,0,0,0,40.0022,28.5129,2,25.955
4501.3,97946.7,93.1721,-1.64412,45.8813,20.5381,3.11393,14417.1,0,0,957.245,543.19,54.4508,2,51.516,25.5824,23.5824,20.5381,0,0,0,40.0085,28.5128,2,25.9336
4501.4,97949.3,93.1504,-1.64587,45.8387,20.1801,3.08452,14417.4,0,0,951.286,541.25,53.9184,2,51.0058,25.2058,23.2058,20.1801,0,0,0,40.0147,28.5127,2,25.8
4501.5,97951.9,93.1276,-1.64758,45.7961,19.6853,3.05199,14417.7,0,0,944.648,539.088,53.3284,2,50.4402,24.6873,22.6873,19.6853,0,0,0,40.021,28.5125,2,25.7529
4501.6,97954.5,93.1041,-1.64924,45.7535,19.0924,3.02879,14418,0,0,939.787,537.505,52.8982,2,50.0279,24.0662,22.0662,19.0924,0,0,0,40.0273,28.5124,2,25.9617
4501.7,97957,93.0791,-1.65086,45.7108,18.7366,3.00824,14418.3,0,0,936.834,535.484,52.5337,2,49.6821,23.6931,21.6931,18.7366,0,0,0,40.0336,28.5123,2,25.989
4501.8,97959.6,93.0543,-1.65242,45.6681,18.5601,2.99581,14418.6,0,0,935.326,534.01,52.3047,2,49.466,23.5077,21.5077,18.5601,0,0,0,40.0399,28.5122,2,25.9584
4501.9,97962.2,93.0289,-1.65395,45.6254,17.6606,2.93635,14418.9,0,0,925.22,528.655,51.2207,2,48.434,22.5658,20.5658,17.6606,0,0,0,40.0462,28.5121,2,25.8683
4502,97964.8,93.0007,-1.65542,45.5826,15.9677,2.82679,14419.2,0,0,905.467,519.176,49.2284,2,46.5348,20.7936,18.7936,15.9677,0,0,0,40.0525,28.5119,2,25.7413
4502.1,97967.4,92.9686,-1.65685,45.5398,14.4719,2.74071,14419.5,0,0,886.752,513.415,47.676,2,45.0461,19.2275,17.2275,14.4719,0,0,0,40.0588,28.5118,2,25.8186
4502.2,97970,92.9346,-1.65823,45.497,12.9366,2.64813,14419.8,0,0,866.605,506.953,46.0064,2,43.4461,17.62,15.62,12.9366,0,0,0,40.065,28.5117,2,25.8261
4502.3,97972.5,92.8965,-1.65956,45.4542,11.0418,2.53182,14420,0,0,843.562,496.967,43.9008,2,41.4369,15.6363,13.6363,11.0418,0,0,0,40.0713,28.5116,2,25.8006
4502.4,97975.1,92.8551,-1.66085,45.4114,10.1527,2.47762,14420.3,0,0,834.161,491.283,42.9151,2,40.5009,14.7048,12.7048,10.1527,0,0,0,40.0776,28.5114,2,25.7962
4502.5,97977.7,92.8136,-1.66209,45.3686,9.93052,2.46388,14420.5,0,0,830.428,490.675,42.6702,2,40.2644,14.4727,12.4727,9.93052,0,0,0,40.0838,28.5113,2,25.7917
4502.6,97980.3,92.7715,-1.66328,45.3257,9.80183,2.45566,14420.7,0,0,828.19,490.311,42.5236,2,40.1229,14.3378,12.3378,9.80183,0,0,0,40.0901,28.5112,2,25.7851
4502.7,97982.9,92.7298,-1.66442,45.2828,9.96648,2.46466,14421,0,0,830.639,490.71,42.6841,2,40.2778,14.5073,12.5073,9.96648,0,0,0,40.0964,28.5111,2,25.7705
4502.8,97985.4,92.6886,-1.66551,45.24,10.8914,2.51929,14421.2,0,0,841.898,495.341,43.6709,2,41.2201,15.4723,13.4723,10.8914,0,0,0,40.1026,28.511,2,25.7479
4502.9,97988,92.6509,-1.66656,45.1971,12.4584,2.61364,14421.5,0,0,862.123,502.574,45.3731,2,42.8487,17.1107,15.1107,12.4584,0,0,0,40.1089,28.5108,2,25.738
4503,97990.6,92.6164,-1.66756,45.1542,14.7911,2.75175,14421.8,0,0,888.514,514.563,47.8775,2,45.2373,19.5503,17.5503,14.7911,0,0,0,40.1151,28.5107,2,25.6871
4503.1,97993.1,92.5884,-1.66851,45.1113,17.5936,2.89607,14422.1,0,0,915.225,526.897,50.499,2,47.7373,22.4816,20.4816,17.5936,0,0,0,40.1213,28.5106,2,25.2557
4503.2,97995.7,92.5655,-1.66941,45.0683,20.2163,3.04076,14422.4,0,0,942.297,538.323,53.1201,2,50.2406,25.225,23.225,20.2163,0,0,0,40.1274,28.5104,2,25.0156
4503.3,97998.3,92.5484,-1.67026,45.0254,22.4399,3.18455,14422.7,0,0,971.451,547.817,55.7294,2,52.7416,27.5681,25.5681,22.4399,0,0,0,40.1335,28.5103,2,25.1735
4503.4,98000.9,92.5346,-1.67106,44.9825,24.1497,3.32221,14423,0,0,996.809,557.847,58.2312,2,55.1338,29.3698,27.3698,24.1497,0,0,0,40.1397,28.5102,2,25.7639
4503.5,98003.4,92.5246,-1.67182,44.9395,26.3111,3.45854,14423.4,0,0,1024.02,566.036,60.6992,2,57.5023,31.6476,29.6476,26.3111,0,0,0,40.146,28.5101,2,25.8547
4503.6,98006,92.5198,-1.67252,44.8965,28.2341,3.56544,14423.7,0,0,1042.92,573.595,62.6447,2,59.3628,33.6744,31.6744,28.2341,0,0,0,40.1523,28.5099,2,25.6884
4503.7,98008.6,92.5177,-1.67318,44.8535,29.2322,3.62417,14424.1,0,0,1055.72,576.206,63.7022,2,60.3824,34.7263,32.7263,29.2322,0,0,0,40.1585,28.5098,2,25.6561
4503.8,98011.1,92.517,-1.67379,44.8105,30.1631,3.68267,14424.5,0,0,1066.1,580.125,64.7663,2,61.4009,35.7075,33.7075,30.1631,0,0,0,40.1648,28.5097,2,25.6934
4503.9,98013.7,92.5188,-1.67435,44.7675,31.5533,3.77591,14424.8,0,0,1085.06,584.812,66.4503,2,63.0212,37.1809,35.1809,31.5533,0,0,0,40.171,28.5096,2,25.8404
4504,98016.3,92.5238,-1.67486,44.7245,32.6408,3.8291,14425.2,0,0,1095.4,587.678,67.4127,2,63.946,38.3344,36.3344,32.6408,0,0,0,40.1773,28.5095,2,25.6116
4504.1,98018.8,92.53,-1.67532,44.6814,33.7568,3.90578,14425.6,0,0,1110.58,591.56,68.7982,2,65.2788,39.5182,37.5182,33.7568,0,0,0,40.1835,28.5093,2,25.7606
4504.2,98021.4,92.5396,-1.67573,44.6383,35.8449,4.04581,14426,0,0,1135.24,600.107,71.342,2,67.7171,41.733,39.733,35.8449,0,0,0,40.1898,28.5092,2,25.984
4504.3,98024,92.5543,-1.67609,44.5953,38.3774,4.18994,14426.4,0,0,1162.41,607.498,73.949,2,70.2233,44.4194,42.4194,38.3774,0,0,0,40.1961,28.5091,2,25.8039
4504.4,98026.6,92.5742,-1.67641,44.5522,40.3157,4.30008,14426.9,0,0,1181.64,613.76,75.9471,2,72.1404,46.4757,44.4757,40.3157,0,0,0,40.2024,28.509,2,25.6647
4504.5,98029.1,92.5967,-1.67667,44.509,41.8145,4.40162,14427.3,0,0,1199.15,619.463,77.7892,2,73.9079,48.0684,46.0684,41.8145,0,0,0,40.2086,28.5088,2,25.8395
4504.6,98031.7,92.6226,-1.67688,44.4659,43.6671,4.50428,14427.8,0,0,1221.92,622.244,79.6218,2,75.6834,50.037,48.037,43.6671,0,0,0,40.2149,28.5087,2,25.6464
4504.7,98034.3,92.6525,-1.67704,44.4228,45.5609,4.62065,14428.2,0,0,1249.31,624.38,81.6859,2,77.6889,52.0489,50.0489,45.5609,0,0,0,40.2211,28.5086,2,25.6399
4504.8,98036.9,92.6859,-1.67716,44.3796,46.5501,4.64013,14428.7,0,0,1253.85,624.749,82.0311,2,78.0242,53.0996,51.0996,46.5501,0,0,0,40.2272,28.5085,2,24.9246
4504.9,98039.4,92.7197,-1.67722,44.3364,46.2705,4.64013,14429.1,0,0,1253.85,624.749,82.0311,2,78.0242,52.8026,50.8026,46.2705,0,0,0,40.2333,28.5083,2,25.2216
4505,98042,92.7518,-1.67723,44.2932,44.7284,4.50858,14429.6,0,0,1223.08,622.244,79.6972,2,75.7571,51.1654,49.1654,44.7284,0,0,0,40.2393,28.5082,2,24.5917
4505.1,98044.6,92.7791,-1.67719,44.25,42.0196,4.41024,14430,0,0,1200.77,619.865,77.9448,2,74.0577,48.29,46.29,42.0196,0,0,0,40.2455,28.5081,2,25.7676
4505.2,98047.2,92.8,-1.6771,44.2067,38.5352,4.19991,14430.5,0,0,1164.16,608.068,74.1299,2,70.3969,44.5935,42.5935,38.5352,0,0,0,40.2518,28.5079,2,25.8033
4505.3,98049.7,92.8131,-1.67696,44.1635,34.6862,3.95898,14430.9,0,0,1119.16,595.304,69.7687,2,66.2063,40.5117,38.5117,34.6862,0,0,0,40.2581,28.5078,2,25.6946
4505.4,98052.3,92.8182,-1.67677,44.1203,31.4035,3.75656,14431.2,0,0,1080.79,584.046,66.1023,2,62.6853,37.0303,35.0303,31.4035,0,0,0,40.2643,28.5077,2,25.655
4505.5,98054.9,92.8179,-1.67653,44.0771,29.1304,3.60507,14431.6,0,0,1051.34,575.493,63.3593,2,60.0511,34.628,32.628,29.1304,0,0,0,40.2705,28.5076,2,25.423
4505.6,98057.5,92.8138,-1.67623,44.0338,27.5994,3.52621,14431.9,0,0,1036.24,570.699,61.9295,2,58.6796,33.0142,31.0142,27.5994,0,0,0,40.2767,28.5074,2,25.6654
4505.7,98060,92.8072,-1.67589,43.9906,26.371,3.44827,14432.3,0,0,1021.62,565.644,60.5148,2,57.3242,31.7192,29.7192,26.371,0,0,0,40.2829,28.5073,2,25.605
4505.8,98062.6,92.7981,-1.6755,43.9474,25.854,3.41357,14432.6,0,0,1014.23,563.875,59.8889,2,56.7218,31.1741,29.1741,25.854,0,0,0,40.2891,28.5072,2,25.5477
4505.9,98065.2,92.7894,-1.67505,43.9042,26.2771,3.44037,14433,0,0,1019.77,565.343,60.3731,2,57.1873,31.6198,29.6198,26.2771,0,0,0,40.2954,28.5071,2,25.5675
4506,98067.8,92.782,-1.67455,43.8611,26.5618,3.45941,14433.3,0,0,1024.23,566.069,60.7148,2,57.5175,31.9196,29.9196,26.5618,0,0,0,40.3016,28.5069,2,25.5978
4506.1,98070.4,92.7745,-1.674,43.8179,26.2643,3.4381,14433.7,0,0,1019.24,565.256,60.3324,2,57.1479,31.6059,29.6059,26.2643,0,0,0,40.3078,28.5068,2,25.542
4506.2,98072.9,92.7659,-1.6734,43.7748,26.0886,3.42525,14434,0,0,1016.22,564.766,60.1017,2,56.925,31.4204,29.4204,26.0886,0,0,0,40.314,28.5067,2,25.5046
4506.3,98075.5,92.7577,-1.67275,43.7317,26.144,3.42839,14434.3,0,0,1016.96,564.885,60.158,2,56.9794,31.4785,29.4785,26.144,0,0,0,40.3202,28.5066,2,25.5009
4506.4,98078.1,92.7494,-1.67205,43.6886,25.2386,3.37538,14434.7,0,0,1008.75,560.305,59.1881,2,56.0562,30.524,28.524,25.2386,0,0,0,40.3264,28.5064,2,25.5322
4506.5,98080.7,92.7374,-1.6713,43.6455,24.385,3.3179,14435,0,0,995.783,557.68,58.1538,2,55.059,29.6239,27.6239,24.385,0,0,0,40.3326,28.5063,2,25.4351
4506.6,98083.2,92.7256,-1.6705,43.6025,24.4495,3.32161,14435.3,0,0,996.665,557.823,58.2203,2,55.1233,29.6915,27.6915,24.4495,0,0,0,40.3388,28.5062,2,25.4318
4506.7,98085.8,92.714,-1.66964,43.5595,24.7972,3.34466,14435.7,0,0,1002.14,558.715,58.634,2,55.5229,30.0576,28.0576,24.7972,0,0,0,40.345,28.5061,2,25.4653
4506.8,98088.4,92.7035,-1.66873,43.5165,25.2982,3.37646,14436,0,0,1008.9,560.406,59.208,2,56.0751,30.5854,28.5854,25.2982,0,0,0,40.3512,28.5059,2,25.4897
4506.9,98091,92.6939,-1.66778,43.4735,26.0104,3.41618,14436.4,0,0,1014.6,564.117,59.9366,2,56.7672,31.3358,29.3358,26.0104,0,0,0,40.3573,28.5058,2,25.4313
4507,98093.5,92.6864,-1.66677,43.4306,26.6239,3.45675,14436.7,0,0,1023.61,565.967,60.667,2,57.4712,31.9822,29.9822,26.6239,0,0,0,40.3635,28.5057,2,25.4891
4507.1,98096.1,92.6792,-1.66571,43.3877,27.3339,3.50226,14437.1,0,0,1032.87,568.5,61.4899,2,58.262,32.7304,30.7304,27.3339,0,0,0,40.3697,28.5055,2,25.5316
4507.2,98098.7,92.6746,-1.6646,43.3448,28.3333,3.55479,14437.4,0,0,1040.9,572.937,62.4514,2,59.1775,33.7836,31.7836,28.3333,0,0,0,40.3759,28.5054,2,25.3939
4507.3,98101.3,92.6714,-1.66344,43.302,29.0234,3.58479,14437.8,0,0,1046.68,574.734,62.9952,2,59.6992,34.5108,32.5108,29.0234,0,0,0,40.382,28.5053,2,25.1884
4507.4,98103.8,92.6695,-1.66223,43.2592,29.8377,3.6417,14438.1,0,0,1059.73,576.86,64.0169,2,60.6865,35.3691,33.3691,29.8377,0,0,0,40.3882,28.5052,2,25.3175
4507.5,98106.4,92.6696,-1.66096,43.2164,30.7475,3.69639,14438.5,0,0,1067.96,581.334,65.0142,2,61.6366,36.3305,34.3305,30.7475,0,0,0,40.3943,28.505,2,25.3061
4507.6,98109,92.6713,-1.65965,43.1737,31.2182,3.72745,14438.9,0,0,1074.21,582.975,65.5796,2,62.1802,36.8298,34.8298,31.2182,0,0,0,40.4005,28.5049,2,25.3504
4507.7,98111.6,92.6733,-1.65828,43.131,31.3787,3.73834,14439.3,0,0,1076.68,583.376,65.7752,2,62.3692,37,35,31.3787,0,0,0,40.4067,28.5048,2,25.3692
4507.8,98114.1,92.6755,-1.65687,43.0883,31.5699,3.75147,14439.6,0,0,1079.64,583.859,66.011,2,62.597,37.2028,35.2028,31.5699,0,0,0,40.4128,28.5046,2,25.3942
4507.9,98116.7,92.6781,-1.6554,43.0457,31.2817,3.72995,14440,0,0,1074.78,583.067,65.6245,2,62.2236,36.8972,34.8972,31.2817,0,0,0,40.419,28.5045,2,25.3263
4508,98119.3,92.6791,-1.65388,43.0031,30.6004,3.68458,14440.4,0,0,1066.36,580.297,64.8014,2,61.4343,36.1747,34.1747,30.6004,0,0,0,40.4251,28.5044,2,25.2595
4508.1,98121.9,92.6788,-1.65232,42.9605,29.7956,3.63391,14440.7,0,0,1057.95,576.569,63.8771,2,60.5514,35.325,33.325,29.7956,0,0,0,40.4313,28.5042,2,25.2265
4508.2,98124.4,92.6764,-1.6507,42.918,28.8136,3.57118,14441.1,0,0,1044.01,573.949,62.7487,2,59.4626,34.2899,32.2899,28.8136,0,0,0,40.4374,28.5041,2,25.1727
4508.3,98127,92.672,-1.64903,42.8755,28.4256,3.55417,14441.4,0,0,1040.78,572.898,62.4402,2,59.1667,33.8808,31.8808,28.4256,0,0,0,40.4435,28.504,2,25.2859
4508.4,98129.6,92.6679,-1.64731,42.8331,29.109,3.58329,14441.8,0,0,1046.33,574.678,62.9684,2,59.6733,34.6009,32.6009,29.109,0,0,0,40.4496,28.5038,2,25.0724
4508.5,98132.2,92.6662,-1.64554,42.7907,30.0901,3.65162,14442.2,0,0,1061.82,577.335,64.1958,2,60.8588,35.635,33.635,30.0901,0,0,0,40.4558,28.5037,2,25.2238
4508.6,98134.7,92.666,-1.64372,42.7484,30.36,3.66691,14442.5,0,0,1063.93,578.71,64.4766,2,61.1257,35.9195,33.9195,30.36,0,0,0,40.4619,28.5036,2,25.2062
4508.7,98137.3,92.6653,-1.64184,42.7061,30.5658,3.67853,14442.9,0,0,1065.53,579.754,64.6901,2,61.3285,36.1377,34.1377,30.5658,0,0,0,40.468,28.5035,2,25.1908
4508.8,98139.9,92.6658,-1.63992,42.6639,31.015,3.70563,14443.3,0,0,1069.12,582.091,65.1697,2,61.7843,36.6141,34.6141,31.015,0,0,0,40.4741,28.5033,2,25.1702
4508.9,98142.5,92.6668,-1.63795,42.6217,31.5179,3.74005,14443.6,0,0,1077.06,583.439,65.8059,2,62.3989,37.1475,35.1475,31.5179,0,0,0,40.4803,28.5032,2,25.2514
4509,98145,92.6692,-1.63593,42.5795,32.0951,3.77818,14444,0,0,1085.47,584.948,66.4913,2,63.0606,37.7597,35.7597,32.0951,0,0,0,40.4864,28.5031,2,25.3009
4509.1,98147.6,92.6724,-1.63386,42.5375,32.8901,3.81298,14444.4,0,0,1091.89,587.036,67.1229,2,63.6663,38.6029,36.6029,32.8901,0,0,0,40.4925,28.5029,2,25.0634
4509.2,98150.2,92.6779,-1.63174,42.4954,33.8031,3.87755,14444.8,0,0,1106.22,589.439,68.2822,2,64.7864,39.5714,37.5714,33.8031,0,0,0,40.4987,28.5028,2,25.215
4509.3,98152.7,92.6846,-1.62957,42.4535,34.1837,3.90132,14445.2,0,0,1109.99,591.172,68.7163,2,65.201,39.9753,37.9753,34.1837,0,0,0,40.5048,28.5027,2,25.2257
4509.4,98155.3,92.6915,-1.62735,42.4115,34.0408,3.89202,14445.6,0,0,1108.74,590.362,68.5453,2,65.0384,39.8239,37.8239,34.0408,0,0,0,40.5109,28.5025,2,25.2144
4509.5,98157.9,92.6975,-1.62508,42.3697,33.3195,3.84008,14446,0,0,1097.86,588.078,67.6098,2,64.1365,39.059,37.059,33.3195,0,0,0,40.517,28.5024,2,25.0775
4509.6,98160.5,92.7012,-1.62276,42.3278,31.9172,3.76414,14446.3,0,0,1082.5,584.324,66.2384,2,62.8168,37.5719,35.5719,31.9172,0,0,0,40.5231,28.5023,2,25.2449
4509.7,98163,92.7013,-1.62039,42.2861,30.2811,3.65608,14446.7,0,0,1062.43,577.737,64.2777,2,60.9367,35.8373,33.8373,30.2811,0,0,0,40.5293,28.5021,2,25.0993
4509.8,98165.6,92.6982,-1.61797,42.2444,28.9187,3.56908,14447.1,0,0,1043.61,573.82,62.7107,2,59.4262,34.4012,32.4012,28.9187,0,0,0,40.5353,28.502,2,25.0249
4509.9,98168.2,92.6926,-1.6155,42.2028,27.3147,3.48524,14447.4,0,0,1030.26,567.051,61.1785,2,57.9654,32.7105,30.7105,27.3147,0,0,0,40.5415,28.5019,2,25.255
4510,98170.8,92.6828,-1.61299,42.1612,25.4456,3.36709,14447.7,0,0,1007.46,559.581,59.0365,2,55.9119,30.7401,28.7401,25.4456,0,0,0,40.5476,28.5017,2,25.1718
4510.1,98173.3,92.6695,-1.61042,42.1197,24.1685,3.28365,14448.1,0,0,989.442,555.247,57.5315,2,54.4637,29.3937,27.3937,24.1685,0,0,0,40.5537,28.5016,2,25.07
4510.2,98175.9,92.6544,-1.60781,42.0783,23.0606,3.20797,14448.4,0,0,976.128,549.34,56.1535,2,53.1481,28.2255,26.2255,23.0606,0,0,0,40.5597,28.5015,2,24.9226
4510.3,98178.5,92.6364,-1.60515,42.0369,22.0429,3.14912,14448.7,0,0,964.341,545.501,55.0877,2,52.1265,27.1523,25.1523,22.0429,0,0,0,40.5658,28.5013,2,24.9742
4510.4,98181.1,92.6171,-1.60244,41.9957,21.7319,3.13617,14449,0,0,961.735,544.653,54.8534,2,51.9019,26.8239,24.8239,21.7319,0,0,0,40.5719,28.5012,2,25.078
4510.5,98183.6,92.5978,-1.59969,41.9545,22.3959,3.16255,14449.3,0,0,967.04,546.38,55.331,2,52.3597,27.5233,25.5233,22.3959,0,0,0,40.578,28.5011,2,24.8364
4510.6,98186.2,92.5811,-1.59689,41.9134,24.0776,3.2758,14449.7,0,0,988.296,554.501,57.3875,2,54.327,29.2952,27.2952,24.0776,0,0,0,40.584,28.5009,2,25.0318
4510.7,98188.8,92.5685,-1.59404,41.8724,26.2706,3.4099,14450,0,0,1013.7,563.532,59.8214,2,56.6577,31.6063,29.6063,26.2706,0,0,0,40.5901,28.5008,2,25.0514
4510.8,98191.4,92.5606,-1.59114,41.8314,28.4677,3.54555,14450.4,0,0,1039.14,572.365,62.2838,2,59.0168,33.9219,31.9219,28.4677,0,0,0,40.5962,28.5006,2,25.0949
4510.9,98193.9,92.5568,-1.5882,41.7905,30.1255,3.63792,14450.7,0,0,1058.87,576.719,63.9492,2,60.621,35.6691,33.6691,30.1255,0,0,0,40.6023,28.5005,2,24.952
4511,98196.5,92.5555,-1.58521,41.7497,31.2693,3.70837,14451.1,0,0,1069.67,582.236,65.2198,2,61.8325,36.8807,34.8807,31.2693,0,0,0,40.6084,28.5004,2,24.9518
4511.1,98199.1,92.5562,-1.58217,41.709,31.9365,3.75489,14451.5,0,0,1080.41,583.985,66.0725,2,62.6564,37.5884,35.5884,31.9365,0,0,0,40.6145,28.5002,2,25.0681
4511.2,98201.6,92.5574,-1.57909,41.6684,31.9162,3.75274,14451.8,0,0,1079.93,583.906,66.0338,2,62.619,37.5669,35.5669,31.9162,0,0,0,40.6205,28.5001,2,25.0521
4511.3,98204.2,92.5578,-1.57596,41.6278,31.2448,3.70485,14452.2,0,0,1069.02,582.027,65.1564,2,61.7717,36.8548,34.8548,31.2448,0,0,0,40.6266,28.5,2,24.9169
4511.4,98206.8,92.556,-1.57278,41.5874,30.517,3.66018,14452.6,0,0,1063,578.106,64.3531,2,61.0083,36.0829,34.0829,30.517,0,0,0,40.6327,28.4998,2,24.9254
4511.5,98209.4,92.5533,-1.56956,41.547,30.5983,3.66442,14452.9,0,0,1063.59,578.487,64.431,2,61.0823,36.169,34.169,30.5983,0,0,0,40.6387,28.4997,2,24.9133
4511.6,98211.9,92.5516,-1.56629,41.5066,31.4721,3.71826,14453.3,0,0,1072.05,582.623,65.4083,2,62.0146,37.0957,35.0957,31.4721,0,0,0,40.6448,28.4996,2,24.9189
4511.7,98214.5,92.5522,-1.56298,41.4664,32.6719,3.79216,14453.7,0,0,1088.05,585.788,66.745,2,63.3039,38.3682,36.3682,32.6719,0,0,0,40.6508,28.4994,2,24.9357
4511.8,98217.1,92.5553,-1.55962,41.4263,33.819,3.8603,14454.1,0,0,1102.37,588.813,67.9727,2,64.4872,39.5849,37.5849,33.819,0,0,0,40.6569,28.4993,2,24.9023
4511.9,98219.6,92.5602,-1.55622,41.3862,35.3224,3.95859,14454.5,0,0,1119.08,595.29,69.7617,2,66.1995,41.1796,39.1796,35.3224,0,0,0,40.663,28.4992,2,25.02
4512,98222.2,92.5692,-1.55277,41.3463,37.1867,4.07955,14454.9,0,0,1140.07,602.727,71.9581,2,68.3043,43.157,41.157,37.1867,0,0,0,40.6691,28.499,2,25.1472
4512.1,98224.8,92.5815,-1.54927,41.3064,38.5628,4.16066,14455.3,0,0,1156.3,606.361,73.4226,2,69.7152,44.6168,42.6168,38.5628,0,0,0,40.6752,28.4989,2,25.0984
4512.2,98227.4,92.5957,-1.54573,41.2666,40.0085,4.23695,14455.7,0,0,1170.65,610.18,74.8019,2,71.0416,46.1505,44.1505,40.0085,0,0,0,40.6812,28.4987,2,24.8911
4512.3,98229.9,92.6136,-1.54215,41.2269,42.2465,4.38057,14456.2,0,0,1195.54,618.287,77.4074,2,73.5416,48.5277,46.5277,42.2465,0,0,0,40.6873,28.4986,2,25.0139
4512.4,98232.5,92.6367,-1.53852,41.1872,44.1148,4.49534,14456.6,0,0,1219.46,622.244,79.4613,2,75.5264,50.5128,48.5128,44.1148,0,0,0,40.6934,28.4985,2,25.0136
4512.5,98235.1,92.6618,-1.53484,41.1477,44.4418,4.50478,14457.1,0,0,1222.05,622.244,79.6305,2,75.6919,50.8604,48.8604,44.4418,0,0,0,40.6994,28.4983,2,24.8316
4512.6,98237.6,92.6857,-1.53112,41.1082,44.0174,4.492,14457.5,0,0,1218.51,622.244,79.3995,2,75.466,50.4098,48.4098,44.0174,0,0,0,40.7055,28.4982,2,25.0562
4512.7,98240.2,92.7088,-1.52736,41.0688,43.3995,4.46112,14458,0,0,1211.38,621.592,78.8521,2,74.9346,49.7539,47.7539,43.3995,0,0,0,40.7116,28.4981,2,25.1807
4512.8,98242.8,92.7298,-1.52355,41.0295,42.4356,4.39334,14458.4,0,0,1197.73,619.001,77.6391,2,73.7638,48.7307,46.7307,42.4356,0,0,0,40.7177,28.4979,2,25.0332
4512.9,98245.4,92.7485,-1.5197,40.9904,41.6091,4.34551,14458.8,0,0,1189.5,616.32,76.7713,2,72.9312,47.8535,45.8535,41.6091,0,0,0,40.7238,28.4978,2,25.0777
4513,98247.9,92.7659,-1.51581,40.9512,41.2555,4.31121,14459.3,0,0,1183.57,614.388,76.1492,2,72.3343,47.4784,45.4784,41.2555,0,0,0,40.7299,28.4977,2,24.8558
4513.1,98250.5,92.7828,-1.51187,40.9122,41.0375,4.28982,14459.7,0,0,1179.86,613.18,75.7611,2,71.9619,47.2474,45.2474,41.0375,0,0,0,40.7359,28.4975,2,24.7145
4513.2,98253.1,92.7988,-1.50789,40.8733,40.6054,4.26067,14460.1,0,0,1174.79,611.528,75.2323,2,71.4545,46.7892,44.7892,40.6054,0,0,0,40.7419,28.4974,2,24.6653
4513.3,98255.7,92.8136,-1.50387,40.8345,40.0316,4.23341,14460.5,0,0,1170.03,609.979,74.7376,2,70.98,46.181,44.181,40.0316,0,0,0,40.7479,28.4972,2,24.799
4513.4,98258.3,92.827,-1.4998,40.7958,39.1363,4.19128,14461,0,0,1162.64,607.574,73.9732,2,70.2466,45.2318,43.2318,39.1363,0,0,0,40.754,28.4971,2,25.0148
4513.5,98260.8,92.8378,-1.49569,40.7571,38.4782,4.14469,14461.4,0,0,1152.85,605.8,73.136,2,69.4383,44.5341,42.5341,38.4782,0,0,0,40.76,28.497,2,24.9041
4513.6,98263.4,92.8482,-1.49154,40.7186,38.3902,4.13734,14461.8,0,0,1151.26,605.541,73.0041,2,69.3108,44.4411,42.4411,38.3902,0,0,0,40.7661,28.4968,2,24.8697
4513.7,98266,92.8583,-1.48735,40.6802,38.5281,4.14707,14462.2,0,0,1153.37,605.883,73.1787,2,69.4795,44.5876,42.5876,38.5281,0,0,0,40.7721,28.4967,2,24.8919
4513.8,98268.6,92.8689,-1.48312,40.6419,38.5918,4.15119,14462.6,0,0,1154.26,606.028,73.2527,2,69.551,44.6555,42.6555,38.5918,0,0,0,40.7782,28.4966,2,24.8955
4513.9,98271.2,92.8789,-1.47885,40.6037,38.5437,4.14686,14463,0,0,1153.32,605.876,73.1749,2,69.4758,44.6048,42.6048,38.5437,0,0,0,40.7842,28.4964,2,24.8711
4514,98273.7,92.889,-1.47454,40.5656,38.3788,4.1337,14463.5,0,0,1150.48,605.413,72.9388,2,69.2476,44.4302,42.4302,38.3788,0,0,0,40.7903,28.4963,2,24.8175
4514.1,98276.3,92.898,-1.47018,40.5276,38.1795,4.11816,14463.9,0,0,1147.07,604.859,72.6563,2,68.9746,44.219,42.219,38.1795,0,0,0,40.7963,28.4962,2,24.7556
4514.2,98278.9,92.9069,-1.46579,40.4897,38.0337,4.10958,14464.3,0,0,1145.35,604.447,72.4976,2,68.8219,44.0647,42.0647,38.0337,0,0,0,40.8023,28.496,2,24.7572
4514.3,98281.5,92.9149,-1.46136,40.4519,38.3264,4.12765,14464.7,0,0,1149.17,605.2,72.8302,2,69.1427,44.3753,42.3753,38.3264,0,0,0,40.8083,28.4959,2,24.7675
4514.4,98284.1,92.9247,-1.45689,40.4143,39.2877,4.19403,14465.1,0,0,1163.13,607.731,74.0231,2,70.2945,45.395,43.395,39.2877,0,0,0,40.8144,28.4957,2,24.8994
4514.5,98286.6,92.9363,-1.45238,40.3767,39.7716,4.21613,14465.5,0,0,1167,608.994,74.4241,2,70.6791,45.9087,43.9087,39.7716,0,0,0,40.8204,28.4956,2,24.7705
4514.6,98289.2,92.9476,-1.44783,40.3393,39.5838,4.20696,14465.9,0,0,1165.4,608.47,74.2576,2,70.5194,45.7098,43.7098,39.5838,0,0,0,40.8264,28.4955,2,24.8097
4514.7,98291.8,92.9581,-1.44324,40.302,40.0096,4.22637,14466.4,0,0,1168.8,609.578,74.6099,2,70.8574,46.1616,44.1616,40.0096,0,0,0,40.8324,28.4953,2,24.6958
4514.8,98294.4,92.9708,-1.43861,40.2648,40.6654,4.2566,14466.8,0,0,1174.08,611.297,75.1583,2,71.3836,46.8575,44.8575,40.6654,0,0,0,40.8384,28.4952,2,24.5261
4514.9,98297,92.9835,-1.43395,40.2277,40.7307,4.25924,14467.2,0,0,1174.54,611.447,75.2061,2,71.4295,46.9271,44.9271,40.7307,0,0,0,40.8444,28.495,2,24.5024
4515,98299.6,92.9961,-1.42925,40.1907,41.215,4.29012,14467.7,0,0,1179.91,613.196,75.7664,2,71.967,47.4411,45.4411,41.215,0,0,0,40.8503,28.4949,2,24.5259
4515.1,98302.1,93.0104,-1.42451,40.1538,42.1575,4.37005,14468.1,0,0,1193.73,617.697,77.2165,2,73.3583,48.441,46.441,42.1575,0,0,0,40.8564,28.4948,2,24.9173
4515.2,98304.7,93.0264,-1.41973,40.1171,42.3728,4.37982,14468.5,0,0,1195.41,618.245,77.3939,2,73.5286,48.6696,46.6696,42.3728,0,0,0,40.8624,28.4946,2,24.8589
4515.3,98307.3,93.0412,-1.41492,40.0805,42.0972,4.36631,14469,0,0,1193.09,617.488,77.1488,2,73.2934,48.3776,46.3776,42.0972,0,0,0,40.8685,28.4945,2,24.9157
4515.4,98309.9,93.0557,-1.41007,40.0439,42.0669,4.36444,14469.4,0,0,1192.76,617.383,77.1148,2,73.2608,48.3459,46.3459,42.0669,0,0,0,40.8745,28.4943,2,24.9149
4515.5,98312.5,93.07,-1.40519,40.0076,41.8917,4.34963,14469.8,0,0,1190.21,616.552,76.8462,2,73.003,48.1605,46.1605,41.8917,0,0,0,40.8806,28.4942,2,24.8426
4515.6,98315.1,93.0833,-1.40027,39.9713,41.2783,4.29092,14470.3,0,0,1180.05,613.242,75.781,2,71.981,47.5103,45.5103,41.2783,0,0,0,40.8865,28.4941,2,24.4706
4515.7,98317.6,93.0947,-1.39531,39.9351,40.1408,4.22826,14470.7,0,0,1169.13,609.685,74.6442,2,70.8904,46.3045,44.3045,40.1408,0,0,0,40.8925,28.4939,2,24.5858
4515.8,98320.2,93.103,-1.39032,39.8991,38.5711,4.13582,14471.1,0,0,1150.94,605.488,72.977,2,69.2845,44.64,42.64,38.5711,0,0,0,40.8985,28.4938,2,24.6445
4515.9,98322.8,93.1076,-1.38529,39.8632,37.4706,4.07624,14471.5,0,0,1139.48,602.537,71.8987,2,68.2473,43.4729,41.4729,37.4706,0,0,0,40.9045,28.4936,2,24.7744
4516,98325.4,93.1111,-1.38023,39.8275,37.5269,4.07842,14471.9,0,0,1139.87,602.662,71.9378,2,68.2848,43.5327,41.5327,37.5269,0,0,0,40.9105,28.4935,2,24.7521
4516.1,98328,93.1156,-1.37514,39.7918,38.5687,4.13353,14472.3,0,0,1150.44,605.407,72.9358,2,69.2448,44.6378,42.6378,38.5687,0,0,0,40.9165,28.4934,2,24.6069
4516.2,98330.6,93.1229,-1.37001,39.7563,40.8525,4.25937,14472.8,0,0,1174.56,611.454,75.2086,2,71.4318,47.06,45.06,40.8525,0,0,0,40.9224,28.4932,2,24.3718
4516.3,98333.2,93.1363,-1.36485,39.721,43.8364,4.40291,14473.2,0,0,1199.38,619.536,77.8127,2,73.9304,50.2231,48.2231,43.8364,0,0,0,40.9282,28.4931,2,23.7073
4516.4,98335.7,93.1553,-1.35966,39.6857,46.5294,4.58684,14473.7,0,0,1241.41,623.737,81.0862,2,77.1064,53.0775,51.0775,46.5294,0,0,0,40.934,28.4929,2,24.0289
4516.5,98338.3,93.1791,-1.35444,39.6506,48.0894,4.68509,14474.1,0,0,1264.3,625.6,82.8276,2,78.7979,54.7307,52.7307,48.0894,0,0,0,40.9399,28.4928,2,24.0672
4516.6,98340.9,93.204,-1.34918,39.6156,48.7917,4.77286,14474.6,0,0,1284.62,627.254,84.3811,2,80.3068,55.4747,53.4747,48.7917,0,0,0,40.9459,28.4926,2,24.832
4516.7,98343.5,93.2301,-1.34389,39.5807,49.3734,4.77286,14475.1,0,0,1284.62,627.254,84.3811,2,80.3068,56.0908,54.0908,49.3734,0,0,0,40.9518,28.4925,2,24.216
4516.8,98346.1,93.2568,-1.33856,39.546,49.5965,4.77286,14475.6,0,0,1284.62,627.254,84.3811,2,80.3068,56.3268,54.3268,49.5965,0,0,0,40.9576,28.4923,2,23.98
4516.9,98348.7,93.2834,-1.33321,39.5114,49.262,4.77286,14476,0,0,1284.62,627.254,84.3811,2,80.3068,55.9722,53.9722,49.262,0,0,0,40.9636,28.4922,2,24.3346
4517,98351.3,93.3082,-1.32782,39.4769,48.3593,4.71644,14476.5,0,0,1271.57,626.192,83.3827,2,79.337,55.0159,53.0159,48.3593,0,0,0,40.9695,28.492,2,24.3212
4517.1,98353.9,93.3305,-1.32241,39.4426,46.9566,4.64013,14477,0,0,1253.85,624.749,82.0311,2,78.0242,53.5302,51.5302,46.9566,0,0,0,40.9754,28.4919,2,24.494
4517.2,98356.5,93.3492,-1.31696,39.4083,44.3545,4.48945,14477.4,0,0,1217.78,622.244,79.3524,2,75.4199,50.7747,48.7747,44.3545,0,0,0,40.9814,28.4917,2,24.6452
4517.3,98359.1,93.3606,-1.31148,39.3743,40.6957,4.24756,14477.8,0,0,1172.5,610.784,74.9944,2,71.2263,46.9004,44.9004,40.6957,0,0,0,40.9873,28.4916,2,24.3259
4517.4,98361.7,93.364,-1.30597,39.3403,36.8041,4.02843,14478.2,0,0,1132.96,598.622,71.0225,2,67.4133,42.7732,40.7732,36.8041,0,0,0,40.9933,28.4914,2,24.6401
4517.5,98364.3,93.3592,-1.30044,39.3065,33.88,3.82706,14478.6,0,0,1094.94,587.603,67.376,2,63.9106,39.6718,37.6718,33.88,0,0,0,40.9992,28.4913,2,24.2388
4517.6,98366.8,93.3504,-1.29488,39.2729,31.9616,3.71453,14479,0,0,1071.16,582.478,65.3373,2,61.946,37.6369,35.6369,31.9616,0,0,0,41.0051,28.4912,2,24.3091
4517.7,98369.4,93.3376,-1.28929,39.2394,30.8041,3.64197,14479.4,0,0,1059.79,576.87,64.0218,2,60.6913,36.409,34.409,30.8041,0,0,0,41.011,28.491,2,24.2822
4517.8,98372,93.3238,-1.28367,39.206,30.9391,3.6507,14479.7,0,0,1061.69,577.253,64.1789,2,60.8427,36.5518,34.5518,30.9391,0,0,0,41.0169,28.4909,2,24.2909
4517.9,98374.6,93.3112,-1.27803,39.1728,31.9881,3.71438,14480.1,0,0,1071.12,582.472,65.3345,2,61.9433,37.664,35.664,31.9881,0,0,0,41.0228,28.4907,2,24.2792
4518,98377.2,93.3013,-1.27237,39.1398,33.1786,3.78922,14480.5,0,0,1087.51,585.612,66.6917,2,63.2527,38.9263,36.9263,33.1786,0,0,0,41.0288,28.4906,2,24.3264
4518.1,98379.8,93.2932,-1.26667,39.1069,34.8363,3.8914,14480.9,0,0,1108.66,590.308,68.5339,2,65.0275,40.6842,38.6842,34.8363,0,0,0,41.0347,28.4904,2,24.3432
4518.2,98382.4,93.2897,-1.26096,39.0741,37.238,4.03497,14481.3,0,0,1133.82,599.18,71.1426,2,67.5275,43.2313,41.2313,37.238,0,0,0,41.0406,28.4903,2,24.2962
4518.3,98385,93.2909,-1.25522,39.0415,39.9528,4.17878,14481.7,0,0,1160.2,606.996,73.7477,2,70.0294,46.1106,44.1106,39.9528,0,0,0,41.0464,28.4901,2,23.9188
4518.4,98387.6,93.2981,-1.24945,39.009,42.9268,4.32248,14482.1,0,0,1185.52,615.024,76.3536,2,72.5304,49.2619,47.2619,42.9268,0,0,0,41.052,28.49,2,23.2685
4518.5,98390.2,93.3109,-1.24366,38.9767,45.5344,4.46676,14482.6,0,0,1212.52,621.777,78.9498,2,75.029,52.0239,50.0239,45.5344,0,0,0,41.0576,28.4898,2,23.0051
4518.6,98392.8,93.3281,-1.23785,38.9446,46.7513,4.60253,14483,0,0,1245.08,624.036,81.3646,2,77.3768,53.3128,51.3128,46.7513,0,0,0,41.0635,28.4896,2,24.064
4518.7,98395.4,93.3453,-1.23201,38.9126,46.9713,4.63202,14483.5,0,0,1251.96,624.595,81.8873,2,77.8845,53.5458,51.5458,46.9713,0,0,0,41.0694,28.4895,2,24.3387
4518.8,98398,93.3629,-1.22614,38.8807,47.2705,4.64013,14484,0,0,1253.85,624.749,82.0311,2,78.0242,53.8626,51.8626,47.2705,0,0,0,41.0753,28.4893,2,24.1616
4518.9,98400.5,93.3809,-1.22026,38.849,48.2131,4.67117,14484.4,0,0,1261.07,625.337,82.581,2,78.5584,54.8605,52.8605,48.2131,0,0,0,41.081,28.4892,2,23.6979
4519,98403.1,93.4018,-1.21435,38.8174,50.056,4.79141,14484.9,0,0,1288.71,627.699,84.7102,2,80.6258,56.8115,54.8115,50.056,0,0,0,41.0868,28.489,3,23.8143
4519.1,98405.7,93.4267,-1.20841,38.786,52.5119,5.00598,14485.4,0,0,1336.95,632.141,88.5027,2,84.3065,59.401,57.401,52.5119,0,0,0,41.0929,28.4889,3,24.9055
4519.2,98408.3,93.4569,-1.20246,38.7547,55.1027,5.09273,14485.9,0,0,1357.13,633.456,90.026,2,85.7875,62.1258,60.1258,55.1027,0,0,0,41.0986,28.4887,3,23.6617
4519.3,98410.9,93.4917,-1.19648,38.7235,57.202,5.21395,14486.4,0,0,1383.83,635.958,92.1594,2,87.8575,64.3337,62.3337,57.202,0,0,0,41.1044,28.4886,3,23.5238
4519.4,98413.5,93.5299,-1.19047,38.6925,58.5961,5.29314,14487,0,0,1403.08,636.606,93.5365,2,89.1992,65.7998,63.7998,58.5961,0,0,0,41.11,28.4884,3,23.3994
4519.5,98416.1,93.5696,-1.18445,38.6617,59.4026,5.33537,14487.5,0,0,1422.44,632.402,94.2012,2,89.8726,66.6478,64.6478,59.4026,0,0,0,41.1157,28.4882,3,23.2249
4519.6,98418.7,93.6103,-1.1784,38.6309,59.8421,5.36463,14488,0,0,1429.62,632.264,94.656,2,90.3176,67.1097,65.1097,59.8421,0,0,0,41.1213,28.4881,3,23.2079
4519.7,98421.3,93.6512,-1.17233,38.6004,60.1351,5.38484,14488.6,0,0,1434.22,632.264,94.9603,2,90.6148,67.4176,65.4176,60.1351,0,0,0,41.127,28.4879,3,23.1972
4519.8,98423.9,93.6924,-1.16624,38.57,60.5895,5.41602,14489.1,0,0,1445.87,630.334,95.4396,2,91.0938,67.8952,65.8952,60.5895,0,0,0,41.1326,28.4877,3,23.1986
4519.9,98426.5,93.7344,-1.16013,38.5397,60.5876,5.41527,14489.7,0,0,1445.42,630.451,95.4277,2,91.0815,67.8929,65.8929,60.5876,0,0,0,41.1382,28.4876,3,23.1886
4520,98429.1,93.775,-1.154,38.5095,59.3988,5.33273,14490.2,0,0,1421.22,632.667,94.1599,2,89.8307,66.6419,64.6419,59.3988,0,0,0,41.1439,28.4874,3,23.1889
4520.1,98431.7,93.8115,-1.14785,38.4796,58.0733,5.28636,14490.7,0,0,1400,637.274,93.4293,2,89.0906,65.247,63.247,58.0733,0,0,0,41.1497,28.4873,3,23.8436
4520.2,98434.3,93.8461,-1.14168,38.4497,57.1286,5.21882,14491.2,0,0,1384.92,636.047,92.2449,2,87.9405,64.2528,62.2528,57.1286,0,0,0,41.1554,28.4871,3,23.6877
4520.3,98437,93.8781,-1.13549,38.42,55.6064,5.13787,14491.8,0,0,1366.86,634.512,90.8226,2,86.5597,62.6511,60.6511,55.6064,0,0,0,41.1613,28.487,3,23.9086
4520.4,98439.6,93.906,-1.12928,38.3905,53.7869,5.01266,14492.3,0,0,1338.46,632.264,88.6203,2,84.4207,60.7365,58.7365,53.7869,0,0,0,41.167,28.4868,3,23.6842
4520.5,98442.2,93.9301,-1.12305,38.3611,53.0837,5.01266,14492.8,0,0,1338.46,632.264,88.6203,2,84.4207,59.9964,57.9964,53.0837,0,0,0,41.1729,28.4867,3,24.4243
4520.6,98444.8,93.9546,-1.11681,38.3319,52.8377,5.0062,14493.3,0,0,1337,632.145,88.5066,2,84.3103,59.7373,57.7373,52.8377,0,0,0,41.1789,28.4865,3,24.573
4520.7,98447.4,93.9772,-1.11055,38.3028,51.8991,4.87793,14493.7,0,0,1307.69,629.759,86.24,2,82.109,58.7495,56.7495,51.8991,0,0,0,41.1846,28.4863,3,23.3595
4520.8,98450,93.9973,-1.10427,38.2739,50.6891,4.84278,14494.2,0,0,1300.03,628.927,85.6212,2,81.5091,57.4737,55.4737,50.6891,0,0,0,41.1904,28.4862,3,24.0354
4520.9,98452.6,94.0145,-1.09798,38.2452,49.3378,4.77286,14494.7,0,0,1284.62,627.254,84.3811,2,80.3068,56.0465,54.0465,49.3378,0,0,0,41.1963,28.486,2,24.2603
4521,98455.2,94.0286,-1.09168,38.2166,47.4557,4.64013,14495.2,0,0,1253.85,624.749,82.0311,2,78.0242,54.0591,52.0591,47.4557,0,0,0,41.2022,28.4859,2,23.9651
4521.1,98457.8,94.0378,-1.08536,38.1881,45.4884,4.50858,14495.6,0,0,1223.08,622.244,79.6972,2,75.7571,51.9818,49.9818,45.4884,0,0,0,41.2079,28.4857,2,23.7753
4521.2,98460.4,94.0435,-1.07903,38.1599,44.1442,4.45909,14496.1,0,0,1210.97,621.525,78.8169,2,74.9006,50.5625,48.5625,44.1442,0,0,0,41.2139,28.4856,2,24.3381
4521.3,98463.1,94.0468,-1.07268,38.1318,43.6458,4.41948,14496.5,0,0,1202.71,620.181,78.1105,2,74.2178,50.0363,48.0363,43.6458,0,0,0,41.2197,28.4854,2,24.1815
4521.4,98465.7,94.0501,-1.06632,38.1038,44.0673,4.45148,14497,0,0,1209.42,621.272,78.6841,2,74.7722,50.4815,48.4815,44.0673,0,0,0,41.2256,28.4853,2,24.2907
4521.5,98468.3,94.0546,-1.05995,38.076,44.6797,4.48775,14497.4,0,0,1217.3,622.244,79.321,2,75.3892,51.1282,49.1282,44.6797,0,0,0,41.2315,28.4852,2,24.2611
4521.6,98470.9,94.0599,-1.05357,38.0484,45.0731,4.49876,14497.8,0,0,1220.43,622.244,79.5245,2,75.5882,51.5436,49.5436,45.0731,0,0,0,41.2374,28.485,2,24.0446
4521.7,98473.5,94.0655,-1.04718,38.021,45.4756,4.50858,14498.3,0,0,1223.08,622.244,79.6972,2,75.7571,51.9686,49.9686,45.4756,0,0,0,41.2432,28.4848,2,23.7885
4521.8,98476.1,94.072,-1.04078,37.9937,45.7604,4.50858,14498.8,0,0,1223.08,622.244,79.6972,2,75.7571,52.2693,50.2693,45.7604,0,0,0,41.2489,28.4847,2,23.4878
4521.9,98478.7,94.0783,-1.03436,37.9666,45.682,4.50858,14499.2,0,0,1223.08,622.244,79.6972,2,75.7571,52.1866,50.1866,45.682,0,0,0,41.2546,28.4845,2,23.5705
4522,98481.3,94.084,-1.02794,37.9396,45.9748,4.50858,14499.7,0,0,1223.08,622.244,79.6972,2,75.7571,52.4958,50.4958,45.9748,0,0,0,41.2603,28.4844,2,23.2614
4522.1,98484,94.091,-1.02151,37.9129,47.5217,4.64013,14500.1,0,0,1253.85,624.749,82.0311,2,78.0242,54.1289,52.1289,47.5217,0,0,0,41.2661,28.4842,2,23.8953
4522.2,98486.6,94.1024,-1.01507,37.8862,49.461,4.77286,14500.6,0,0,1284.62,627.254,84.3811,2,80.3068,56.176,54.176,49.461,0,0,0,41.2719,28.4841,2,24.1307
4522.3,98489.2,94.1166,-1.00862,37.8598,51.3561,4.87793,14501.1,0,0,1307.69,629.759,86.24,2,82.109,58.1764,56.1764,51.3561,0,0,0,41.2778,28.4839,3,23.9326
4522.4,98491.8,94.1351,-1.00216,37.8335,53.9403,5.01266,14501.6,0,0,1338.46,632.264,88.6203,2,84.4207,60.8952,58.8952,53.9403,0,0,0,41.2835,28.4837,3,23.5255
4522.5,98494.4,94.1592,-0.995693,37.8074,57.0719,5.1697,14502.1,0,0,1373.91,635.15,91.3826,2,87.1032,64.1899,62.1899,57.0719,0,0,0,41.289,28.4836,3,22.9133
4522.6,98497,94.1897,-0.989218,37.7814,58.9064,5.29379,14502.6,0,0,1403.38,636.541,93.5468,2,89.2097,66.1197,64.1197,58.9064,0,0,0,41.2947,28.4834,3,23.09
4522.7,98499.7,94.2205,-0.982734,37.7556,58.9126,5.29364,14503.2,0,0,1403.31,636.557,93.5444,2,89.2072,66.126,64.126,58.9126,0,0,0,41.3003,28.4832,3,23.0812
4522.8,98502.3,94.2503,-0.976242,37.73,58.4907,5.28636,14503.7,0,0,1400,637.274,93.4293,2,89.0906,65.6817,63.6817,58.4907,0,0,0,41.306,28.4831,3,23.4089
4522.9,98504.9,94.2788,-0.969743,37.7045,57.2073,5.19386,14504.2,0,0,1379.33,635.591,91.8068,2,87.5151,64.3311,62.3311,57.2073,0,0,0,41.3116,28.4829,3,23.184
4523,98507.5,94.3029,-0.963237,37.6792,54.985,5.04135,14504.7,0,0,1345.99,632.264,89.1187,2,84.9078,61.9925,59.9925,54.985,0,0,0,41.3172,28.4827,3,22.9153
4523.1,98510.1,94.3219,-0.956725,37.654,53.5957,5.01266,14505.2,0,0,1338.46,632.264,88.6203,2,84.4207,60.5304,58.5304,53.5957,0,0,0,41.323,28.4826,3,23.8903
4523.2,98512.7,94.3399,-0.950208,37.6291,53.6509,5.01266,14505.7,0,0,1338.46,632.264,88.6203,2,84.4207,60.5883,58.5883,53.6509,0,0,0,41.3288,28.4824,3,23.8324
4523.3,98515.4,94.3586,-0.943686,37.6042,53.8915,5.01266,14506.2,0,0,1338.46,632.264,88.6203,2,84.4207,60.8412,58.8412,53.8915,0,0,0,41.3345,28.4823,3,23.5795
4523.4,98518,94.3769,-0.937159,37.5796,54.3579,5.02084,14506.7,0,0,1340.61,632.264,88.7625,2,84.5597,61.3319,59.3319,54.3579,0,0,0,41.3402,28.4821,3,23.2279
4523.5,98520.6,94.3969,-0.930629,37.5551,55.7376,5.11912,14507.2,0,0,1362.83,634.074,90.4918,2,86.239,62.7834,60.7834,55.7376,0,0,0,41.3459,28.482,3,23.4557
4523.6,98523.2,94.4202,-0.924094,37.5308,57.5096,5.22828,14507.8,0,0,1387.04,636.219,92.4108,2,88.1017,64.6477,62.6477,57.5096,0,0,0,41.3516,28.4818,3,23.454
4523.7,98525.9,94.4467,-0.917556,37.5066,59.4447,5.31703,14508.3,0,0,1414,634.235,93.9134,2,89.5811,66.6836,64.6836,59.4447,0,0,0,41.3571,28.4816,3,22.8975
4523.8,98528.5,94.4772,-0.911015,37.4826,61.039,5.42138,14508.8,0,0,1449.07,629.5,95.5244,2,91.1813,68.361,66.361,61.039,0,0,0,41.3627,28.4815,3,22.8202
4523.9,98531.1,94.5094,-0.90447,37.4588,62.2108,5.50416,14509.4,0,0,1488.49,620.988,96.7964,2,92.4695,69.5949,67.5949,62.2108,0,0,0,41.3682,28.4813,3,22.8746
4524,98533.7,94.5438,-0.897923,37.4351,62.6846,5.5407,14509.9,0,0,1499.83,619.757,97.3403,2,93.0069,70.095,68.095,62.6846,0,0,0,41.3738,28.4811,3,22.9119
4524.1,98536.4,94.5773,-0.891372,37.4116,61.8351,5.47322,14510.5,0,0,1478.9,622.03,96.3336,2,92.0122,69.1978,67.1978,61.8351,0,0,0,41.3793,28.4809,3,22.8144
4524.2,98539,94.6077,-0.88482,37.3883,60.3497,5.37047,14511,0,0,1430.95,632.264,94.744,2,90.4036,67.6344,65.6344,60.3497,0,0,0,41.3849,28.4808,3,22.7692
4524.3,98541.6,94.6346,-0.878267,37.3651,59.1151,5.29663,14511.5,0,0,1404.67,636.261,93.5917,2,89.2551,66.335,64.335,59.1151,0,0,0,41.3905,28.4806,3,22.9201
4524.4,98544.2,94.6595,-0.871713,37.3421,57.714,5.24735,14512.1,0,0,1391.3,636.566,92.7453,2,88.4264,64.8603,62.8603,57.714,0,0,0,41.3962,28.4804,3,23.5662
4524.5,98546.9,94.6801,-0.865159,37.3193,55.6703,5.10121,14512.6,0,0,1358.97,633.655,90.1758,2,85.9326,62.7093,60.7093,55.6703,0,0,0,41.4018,28.4803,3,23.2233
4524.6,98549.5,94.6963,-0.858606,37.2966,53.8771,5.01266,14513.1,0,0,1338.46,632.264,88.6203,2,84.4207,60.8221,58.8221,53.8771,0,0,0,41.4076,28.4801,3,23.5986
4524.7,98552.1,94.7093,-0.852054,37.2741,52.7636,4.94175,14513.6,0,0,1322.3,630.949,87.3683,2,83.2048,59.6501,57.6501,52.7636,0,0,0,41.4133,28.48,3,23.5547
4524.8,98554.8,94.7205,-0.845504,37.2518,52.0755,4.87793,14514.1,0,0,1307.69,629.759,86.24,2,82.109,58.9258,56.9258,52.0755,0,0,0,41.4189,28.4798,3,23.1832
4524.9,98557.4,94.7302,-0.838956,37.2296,51.8356,4.87793,14514.5,0,0,1307.69,629.759,86.24,2,82.109,58.6733,56.6733,51.8356,0,0,0,41.4246,28.4796,3,23.4358
4525,98560,94.7399,-0.832412,37.2076,52.2623,4.87793,14515,0,0,1307.69,629.759,86.24,2,82.109,59.1222,57.1222,52.2623,0,0,0,41.4302,28.4795,3,22.9868
4525.1,98562.7,94.7508,-0.825871,37.1858,52.285,4.87793,14515.5,0,0,1307.69,629.759,86.24,2,82.109,59.146,57.146,52.285,0,0,0,41.4358,28.4793,3,22.9631
4525.2,98565.3,94.7601,-0.819334,37.1642,51.0965,4.84314,14516,0,0,1300.11,628.936,85.6276,2,81.5153,57.8948,55.8948,51.0965,0,0,0,41.4415,28.4791,3,23.6205
4525.3,98567.9,94.7658,-0.812801,37.1427,49.5582,4.77286,14516.5,0,0,1284.62,627.254,84.3811,2,80.3068,56.2753,54.2753,49.5582,0,0,0,41.4474,28.479,2,24.0315
4525.4,98570.6,94.7685,-0.806273,37.1214,48.6089,4.64427,14517,0,0,1254.81,624.828,82.1044,2,78.0954,55.276,53.276,48.6089,0,0,0,41.4529,28.4788,2,22.8195
4525.5,98573.2,94.77,-0.799751,37.1002,48.3078,4.64013,14517.4,0,0,1253.85,624.749,82.0311,2,78.0242,54.9589,52.9589,48.3078,0,0,0,41.4585,28.4787,2,23.0653
4525.6,98575.8,94.771,-0.793234,37.0793,48.8488,4.67525,14517.9,0,0,1262.01,625.414,82.6534,2,78.6286,55.5285,53.5285,48.8488,0,0,0,41.4642,28.4785,2,23.1001
4525.7,98578.5,94.7742,-0.786724,37.0585,50.2764,4.77286,14518.4,0,0,1284.62,627.254,84.3811,2,80.3068,57.0313,55.0313,50.2764,0,0,0,41.4698,28.4783,2,23.2755
4525.8,98581.1,94.7805,-0.780221,37.0379,52.0988,4.87793,14518.8,0,0,1307.69,629.759,86.24,2,82.109,58.9496,56.9496,52.0988,0,0,0,41.4754,28.4782,3,23.1594
4525.9,98583.7,94.7904,-0.773725,37.0174,54.0994,5.01266,14519.3,0,0,1338.46,632.264,88.6203,2,84.4207,61.0549,59.0549,54.0994,0,0,0,41.4811,28.478,3,23.3658
4526,98586.4,94.8041,-0.767235,36.9971,55.7429,5.09413,14519.9,0,0,1357.44,633.489,90.0507,2,85.8114,62.7843,60.7843,55.7429,0,0,0,41.4867,28.4778,3,23.0271
4526.1,98589,94.8201,-0.760753,36.977,56.4553,5.14887,14520.4,0,0,1369.23,634.769,91.0167,2,86.7479,63.5339,61.5339,56.4553,0,0,0,41.4924,28.4777,3,23.214
4526.2,98591.6,94.8361,-0.754278,36.957,56.2734,5.14887,14520.9,0,0,1369.23,634.769,91.0167,2,86.7479,63.3423,61.3423,56.2734,0,0,0,41.4981,28.4775,3,23.4056
4526.3,98594.3,94.8508,-0.747811,36.9372,55.0567,5.03428,14521.4,0,0,1344.14,632.264,88.9959,2,84.7878,62.0616,60.0616,55.0567,0,0,0,41.5036,28.4773,3,22.7262
4526.4,98596.9,94.8615,-0.741353,36.9176,52.7065,4.91191,14521.9,0,0,1315.48,630.393,86.8408,2,82.6925,59.5881,57.5881,52.7065,0,0,0,41.5092,28.4772,3,23.1044
4526.5,98599.5,94.8663,-0.734904,36.8982,49.8031,4.77286,14522.4,0,0,1284.62,627.254,84.3811,2,80.3068,56.5326,54.5326,49.8031,0,0,0,41.515,28.477,2,23.7742
4526.6,98602.2,94.865,-0.728464,36.8789,47.1549,4.55944,14522.8,0,0,1235.01,623.215,80.6001,2,76.6342,53.7459,51.7459,47.1549,0,0,0,41.5205,28.4768,2,22.8883
4526.7,98604.8,94.8588,-0.722036,36.8598,45.0942,4.48663,14523.3,0,0,1216.99,622.244,79.3004,2,75.3691,51.5773,49.5773,45.0942,0,0,0,41.5263,28.4767,2,23.7918
4526.8,98607.4,94.8489,-0.715619,36.8408,43.5139,4.38567,14523.7,0,0,1196.42,618.572,77.5,2,73.6304,49.914,47.914,43.5139,0,0,0,41.5321,28.4765,2,23.7163
4526.9,98610.1,94.8361,-0.709214,36.8221,42.3492,4.2993,14524.1,0,0,1181.5,613.715,75.933,2,72.1268,48.688,46.688,42.3492,0,0,0,41.5378,28.4764,2,23.4389
4527,98612.7,94.8211,-0.702821,36.8035,42.1398,4.27888,14524.6,0,0,1177.96,612.561,75.5626,2,71.7715,48.4671,46.4671,42.1398,0,0,0,41.5434,28.4762,2,23.3044
4527.1,98615.3,94.8071,-0.696442,36.7851,42.7324,4.33341,14525,0,0,1187.41,615.639,76.5518,2,72.7206,49.0905,47.0905,42.7324,0,0,0,41.5492,28.4761,2,23.63
4527.2,98618,94.7941,-0.690075,36.7668,43.9594,4.40495,14525.4,0,0,1199.72,619.65,77.8496,2,73.9658,50.3818,48.3818,43.9594,0,0,0,41.5549,28.4759,2,23.5841
4527.3,98620.6,94.7847,-0.683723,36.7487,46.2348,4.50858,14525.9,0,0,1223.08,622.244,79.6972,2,75.7571,52.7768,50.7768,46.2348,0,0,0,41.5605,28.4757,2,22.9803
4527.4,98623.2,94.7804,-0.677384,36.7308,48.6319,4.64013,14526.3,0,0,1253.85,624.749,82.0311,2,78.0242,55.3002,53.3002,48.6319,0,0,0,41.566,28.4756,2,22.724
4527.5,98625.9,94.7801,-0.671058,36.713,49.5558,4.7504,14526.8,0,0,1279.43,626.832,83.9837,2,79.9208,56.2727,54.2727,49.5558,0,0,0,41.5718,28.4754,2,23.6481
4527.6,98628.5,94.7791,-0.664746,36.6955,49.7936,4.77286,14527.3,0,0,1284.62,627.254,84.3811,2,80.3068,56.5231,54.5231,49.7936,0,0,0,41.5776,28.4752,2,23.7837
4527.7,98631.1,94.7793,-0.658449,36.678,49.5349,4.74491,14527.8,0,0,1278.16,626.729,83.8866,2,79.8265,56.2507,54.2507,49.5349,0,0,0,41.5833,28.4751,2,23.5758
4527.8,98633.8,94.7768,-0.652166,36.6608,48.0812,4.64013,14528.2,0,0,1253.85,624.749,82.0311,2,78.0242,54.7205,52.7205,48.0812,0,0,0,41.589,28.4749,2,23.3037
4527.9,98636.4,94.7708,-0.645898,36.6437,46.6605,4.50858,14528.7,0,0,1223.08,622.244,79.6972,2,75.7571,53.2248,51.2248,46.6605,0,0,0,41.5944,28.4747,2,22.5323
4528,98639,94.7623,-0.639646,36.6268,46.3692,4.50858,14529.1,0,0,1223.08,622.244,79.6972,2,75.7571,52.9181,50.9181,46.3692,0,0,0,41.6,28.4746,2,22.8391
4528.1,98641.7,94.7548,-0.63341,36.61,46.6114,4.50858,14529.6,0,0,1223.08,622.244,79.6972,2,75.7571,53.173,51.173,46.6114,0,0,0,41.6055,28.4744,2,22.5841
4528.2,98644.3,94.7468,-0.62719,36.5934,46.741,4.50858,14530,0,0,1223.08,622.244,79.6972,2,75.7571,53.3094,51.3094,46.741,0,0,0,41.6109,28.4742,2,22.4478
4528.3,98646.9,94.7394,-0.620987,36.577,47.2425,4.55047,14530.5,0,0,1232.91,623.044,80.441,2,76.4796,53.8372,51.8372,47.2425,0,0,0,41.6164,28.4741,2,22.6424
4528.4,98649.6,94.7331,-0.614801,36.5608,47.8116,4.62823,14531,0,0,1251.07,624.523,81.8202,2,77.8193,54.4364,52.4364,47.8116,0,0,0,41.6221,28.4739,2,23.3829
4528.5,98652.2,94.7276,-0.608632,36.5447,48.2587,4.64013,14531.4,0,0,1253.85,624.749,82.0311,2,78.0242,54.9072,52.9072,48.2587,0,0,0,41.6277,28.4737,2,23.117
4528.6,98654.8,94.7227,-0.602481,36.5287,48.5589,4.64013,14531.9,0,0,1253.85,624.749,82.0311,2,78.0242,55.2232,53.2232,48.5589,0,0,0,41.6333,28.4736,2,22.801
4528.7,98657.4,94.718,-0.596348,36.5129,48.9981,4.6576,14532.4,0,0,1257.91,625.08,82.3406,2,78.3248,55.6858,53.6858,48.9981,0,0,0,41.6388,28.4734,2,22.6391
4528.8,98660.1,94.7144,-0.590233,36.4973,49.9022,4.77286,14532.8,0,0,1284.62,627.254,84.3811,2,80.3068,56.6378,54.6378,49.9022,0,0,0,41.6446,28.4732,2,23.669
4528.9,98662.7,94.7129,-0.584136,36.4819,51.442,4.84495,14533.3,0,0,1300.51,628.979,85.6598,2,81.5465,58.2591,56.2591,51.442,0,0,0,41.6502,28.4731,3,23.2874
4529,98665.3,94.7151,-0.578057,36.4666,53.0963,4.93456,14533.8,0,0,1320.66,630.815,87.2413,2,83.0815,60.0002,58.0002,53.0963,0,0,0,41.6558,28.4729,3,23.0813
4529.1,98668,94.7198,-0.571997,36.4515,54.1145,5.01266,14534.3,0,0,1338.46,632.264,88.6203,2,84.4207,61.0717,59.0717,54.1145,0,0,0,41.6615,28.4727,3,23.349
4529.2,98670.6,94.7256,-0.565956,36.4365,54.0118,5.01266,14534.8,0,0,1338.46,632.264,88.6203,2,84.4207,60.9635,58.9635,54.0118,0,0,0,41.6672,28.4726,3,23.4572
4529.3,98673.2,94.7294,-0.559934,36.4217,53.0031,4.91753,14535.3,0,0,1316.77,630.498,86.9403,2,82.7891,59.902,57.902,53.0031,0,0,0,41.6728,28.4724,3,22.8872
4529.4,98675.9,94.7307,-0.553932,36.407,51.9163,4.87793,14535.8,0,0,1307.69,629.759,86.24,2,82.109,58.7582,56.7582,51.9163,0,0,0,41.6784,28.4722,3,23.3509
4529.5,98678.5,94.7298,-0.547949,36.3925,51.7475,4.87301,14536.3,0,0,1306.63,629.643,86.1539,2,82.0255,58.5805,56.5805,51.7475,0,0,0,41.6841,28.4721,3,23.445
4529.6,98681.1,94.7301,-0.541987,36.3782,53.0304,4.91761,14536.8,0,0,1316.78,630.499,86.9416,2,82.7904,59.9307,57.9307,53.0304,0,0,0,41.6897,28.4719,3,22.8597
4529.7,98683.8,94.7339,-0.536045,36.364,55.8782,5.07119,14537.3,0,0,1352.48,632.951,89.6456,2,85.4187,62.9275,60.9275,55.8782,0,0,0,41.6952,28.4717,3,22.4912
4529.8,98686.4,94.745,-0.530123,36.35,59.7026,5.28636,14537.8,0,0,1400,637.274,93.4293,2,89.0906,66.9521,64.9521,59.7026,0,0,0,41.7005,28.4716,3,22.1385
4529.9,98689,94.7636,-0.524222,36.3361,62.9923,5.44656,14538.4,0,0,1464.35,625.52,95.9211,2,91.5906,70.4176,68.4176,62.9923,0,0,0,41.7057,28.4714,3,21.173
4530,98691.7,94.7874,-0.518341,36.3224,64.9269,5.60935,14538.9,0,0,1552.56,605.069,98.3741,2,94.0906,72.4613,70.4613,64.9269,0,0,0,41.711,28.4712,3,21.6293
4530.1,98694.3,94.8131,-0.51248,36.3088,66.1908,5.76358,14539.5,0,0,1617.33,594.689,100.72,2,96.4273,73.7964,71.7964,66.1908,0,0,0,41.7165,28.471,3,22.6309
4530.2,98696.9,94.8413,-0.506639,36.2954,67.0884,5.81992,14540.1,0,0,1632.29,594.689,101.652,2,97.3354,74.7444,72.7444,67.0884,0,0,0,41.7219,28.4708,3,22.591
4530.3,98699.6,94.87,-0.500819,36.2821,67.4097,5.84868,14540.7,0,0,1639.92,594.689,102.127,2,97.798,75.0836,73.0836,67.4097,0,0,0,41.7275,28.4707,3,22.7144
4530.4,98702.2,94.899,-0.495019,36.269,67.3361,5.84109,14541.2,0,0,1637.9,594.689,102.002,2,97.6759,75.0057,73.0057,67.3361,0,0,0,41.733,28.4705,3,22.6702
4530.5,98704.8,94.9268,-0.489241,36.256,67.1137,5.8198,14541.8,0,0,1632.26,594.689,101.65,2,97.3334,74.7705,72.7705,67.1137,0,0,0,41.7385,28.4703,3,22.5629
4530.6,98707.5,94.9543,-0.483484,36.2432,66.2968,5.76735,14542.4,0,0,1618.33,594.689,100.783,2,96.4881,73.9072,71.9072,66.2968,0,0,0,41.744,28.4701,3,22.5809
4530.7,98710.1,94.9783,-0.477749,36.2305,64.6466,5.64259,14543,0,0,1563.94,603.613,98.857,2,94.5686,72.1633,70.1633,64.6466,0,0,0,41.7494,28.47,3,22.4053
4530.8,98712.7,94.9986,-0.472036,36.218,63.0894,5.525,14543.5,0,0,1494.96,620.286,97.107,2,92.7764,70.5179,68.5179,63.0894,0,0,0,41.7548,28.4698,3,22.2586
4530.9,98715.4,95.0159,-0.466345,36.2056,62.1246,5.45155,14544.1,0,0,1467.42,624.72,95.9994,2,91.6714,69.4989,67.4989,62.1246,0,0,0,41.7602,28.4696,3,22.1725
4531,98718,95.0319,-0.460678,36.1934,61.9204,5.43747,14544.6,0,0,1458.8,626.966,95.7785,2,91.4433,69.2838,67.2838,61.9204,0,0,0,41.7656,28.4694,3,22.1595
4531.1,98720.7,95.0479,-0.455035,36.1813,62.7464,5.49599,14545.2,0,0,1485.96,621.263,96.6743,2,92.3488,70.1549,68.1549,62.7464,0,0,0,41.771,28.4692,3,22.1939
4531.2,98723.3,95.0667,-0.449414,36.1693,64.9209,5.6603,14545.7,0,0,1569.58,603.001,99.1128,2,94.8211,72.4525,70.4525,64.9209,0,0,0,41.7764,28.4691,3,22.3686
4531.3,98725.9,95.0909,-0.443818,36.1575,67.3895,5.81908,14546.3,0,0,1632.07,594.689,101.638,2,97.3218,75.0607,73.0607,67.3895,0,0,0,41.7818,28.4689,3,22.2611
4531.4,98728.6,95.1189,-0.438245,36.1459,69.2227,5.97203,14546.9,0,0,1672.49,594.689,104.156,2,99.7746,76.9976,74.9976,69.2227,0,0,0,41.7874,28.4687,3,22.777
4531.5,98731.2,95.1498,-0.432695,36.1344,70.1819,6.03083,14547.5,0,0,1687.95,594.689,105.118,2,100.712,78.0109,76.0109,70.1819,0,0,0,41.7929,28.4685,3,22.7015
4531.6,98733.9,95.1811,-0.427169,36.123,69.8125,6.0074,14548.1,0,0,1681.8,594.689,104.735,2,100.339,77.6204,75.6204,69.8125,0,0,0,41.7984,28.4684,3,22.7188
4531.7,98736.5,95.2099,-0.421668,36.1118,68.4335,5.92169,14548.7,0,0,1659.22,594.689,103.329,2,98.9693,76.163,74.163,68.4335,0,0,0,41.804,28.4682,3,22.8063
4531.8,98739.2,95.2351,-0.41619,36.1007,66.8968,5.79765,14549.3,0,0,1626.38,594.689,101.284,2,96.9767,74.5389,72.5389,66.8968,0,0,0,41.8094,28.468,3,22.4377
4531.9,98741.8,95.2573,-0.410738,36.0898,65.5337,5.70509,14549.8,0,0,1587.08,600.219,99.7558,2,95.4613,73.0984,71.0984,65.5337,0,0,0,41.8148,28.4678,3,22.3629
4532,98744.5,95.2766,-0.40531,36.079,64.3452,5.61102,14550.4,0,0,1553.74,604.738,98.3954,2,94.113,71.8422,69.8422,64.3452,0,0,0,41.8203,28.4677,3,22.2708
4532.1,98747.1,95.2936,-0.399908,36.0683,63.8406,5.57391,14551,0,0,1524.52,612.894,97.8471,2,93.5372,71.3089,69.3089,63.8406,0,0,0,41.8257,28.4675,3,22.2282
4532.2,98749.7,95.3104,-0.394533,36.0578,63.7881,5.56937,14551.5,0,0,1521.04,613.866,97.7784,2,93.4652,71.2533,69.2533,63.7881,0,0,0,41.8311,28.4673,3,22.2119
4532.3,98752.4,95.3267,-0.389183,36.0474,64.0117,5.5852,14552.1,0,0,1533.28,610.449,98.0167,2,93.7151,71.4895,69.4895,64.0117,0,0,0,41.8365,28.4671,3,22.2256
4532.4,98755,95.344,-0.383859,36.0372,64.6593,5.63218,14552.6,0,0,1560.62,603.973,98.7063,2,94.4199,72.1736,70.1736,64.6593,0,0,0,41.8419,28.4669,3,22.2463
4532.5,98757.7,95.3623,-0.378562,36.0271,65.5382,5.70098,14553.2,0,0,1585.16,600.595,99.6971,2,95.4023,73.1023,71.1023,65.5382,0,0,0,41.8473,28.4668,3,22.3001
4532.6,98760.3,95.3826,-0.373291,36.0171,66.5746,5.77367,14553.8,0,0,1620.01,594.689,100.887,2,96.5902,74.1973,72.1973,66.5746,0,0,0,41.8527,28.4666,3,22.3928
4532.7,98763,95.4045,-0.368047,36.0073,67.2235,5.8129,14554.4,0,0,1630.43,594.689,101.536,2,97.2223,74.8829,72.8829,67.2235,0,0,0,41.8582,28.4664,3,22.3394
4532.8,98765.6,95.4269,-0.36283,35.9976,67.3587,5.82389,14555,0,0,1633.34,594.689,101.718,2,97.3992,75.0256,73.0256,67.3587,0,0,0,41.8636,28.4662,3,22.3737
4532.9,98768.3,95.4489,-0.357639,35.9881,67.0425,5.80073,14555.5,0,0,1627.2,594.689,101.335,2,97.0263,74.6912,72.6912,67.0425,0,0,0,41.869,28.4661,3,22.3351
4533,98770.9,95.4695,-0.352476,35.9787,65.898,5.7283,14556.1,0,0,1598.02,598.083,100.085,2,95.7928,73.4816,71.4816,65.898,0,0,0,41.8745,28.4659,3,22.3112
4533.1,98773.6,95.4864,-0.34734,35.9694,63.9464,5.57531,14556.7,0,0,1525.6,612.595,97.8681,2,93.5592,71.419,69.419,63.9464,0,0,0,41.8798,28.4657,3,22.1402
4533.2,98776.3,95.4989,-0.342231,35.9602,62.0467,5.43309,14557.2,0,0,1456.14,627.66,95.7094,2,91.3721,69.4135,67.4135,62.0467,0,0,0,41.8852,28.4655,3,21.9585
4533.3,98778.9,95.5079,-0.337151,35.9512,60.1812,5.31093,14557.7,0,0,1411.2,634.843,93.8174,2,89.4838,67.4497,65.4497,60.1812,0,0,0,41.8905,28.4653,3,22.0341
4533.4,98781.6,95.5125,-0.3321,35.9424,58.9202,5.28636,14558.3,0,0,1400,637.274,93.4293,2,89.0906,66.1222,64.1222,58.9202,0,0,0,41.8961,28.4652,3,22.9683
4533.5,98784.2,95.5162,-0.327077,35.9336,59.0918,5.28636,14558.8,0,0,1400,637.274,93.4293,2,89.0906,66.3028,64.3028,59.0918,0,0,0,41.9017,28.465,3,22.7878
4533.6,98786.9,95.5212,-0.322083,35.925,60.011,5.30049,14559.3,0,0,1406.43,635.879,93.6527,2,89.3169,67.2704,65.2704,60.011,0,0,0,41.907,28.4648,3,22.0465
4533.7,98789.5,95.5281,-0.317119,35.9165,61.1256,5.36587,14559.9,0,0,1429.9,632.264,94.6747,2,90.3359,68.4436,66.4436,61.1256,0,0,0,41.9123,28.4646,3,21.8922
4533.8,98792.2,95.5371,-0.312183,35.9082,62.4095,5.45369,14560.4,0,0,1468.74,624.375,96.0329,2,91.7059,69.7951,67.7951,62.4095,0,0,0,41.9177,28.4644,3,21.9108
4533.9,98794.8,95.5487,-0.307276,35.8999,63.4357,5.53104,14561,0,0,1496.83,620.083,97.1968,2,92.8651,70.8787,68.8787,63.4357,0,0,0,41.923,28.4643,3,21.9864
4534,98797.5,95.5613,-0.302398,35.8919,64.0809,5.57954,14561.5,0,0,1528.87,611.681,97.9318,2,93.626,71.5605,69.5605,64.0809,0,0,0,41.9284,28.4641,3,22.0656
4534.1,98800.1,95.5751,-0.297549,35.8839,65.1036,5.655,14562.1,0,0,1567.89,603.184,99.0364,2,94.7456,72.6411,70.6411,65.1036,0,0,0,41.9338,28.4639,3,22.1045
4534.2,98802.8,95.5913,-0.292729,35.8761,66.6959,5.77267,14562.7,0,0,1619.75,594.689,100.871,2,96.574,74.3238,72.3238,66.6959,0,0,0,41.9392,28.4637,3,22.2502
4534.3,98805.4,95.6109,-0.287939,35.8683,68.5338,5.91405,14563.3,0,0,1657.2,594.689,103.203,2,98.847,76.266,74.266,68.5338,0,0,0,41.9447,28.4636,3,22.5809
4534.4,98808.1,95.634,-0.283177,35.8608,70.0864,6.0094,14563.9,0,0,1682.32,594.689,104.768,2,100.371,77.9067,75.9067,70.0864,0,0,0,41.9501,28.4634,3,22.4642
4534.5,98810.8,95.6592,-0.278444,35.8533,71.4676,6.09454,14564.5,0,0,1704.66,594.689,106.159,2,101.726,79.3664,77.3664,71.4676,0,0,0,41.9556,28.4632,3,22.3592
4534.6,98813.4,95.6872,-0.273741,35.846,72.4778,6.16756,14565.1,0,0,1723.73,594.689,107.347,2,102.883,80.4339,78.4339,72.4778,0,0,0,41.961,28.463,3,22.4489
4534.7,98816.1,95.716,-0.269066,35.8387,73.0205,6.21759,14565.7,0,0,1736.77,594.689,108.158,2,103.673,81.0072,79.0072,73.0205,0,0,0,41.9665,28.4629,3,22.6658
4534.8,98818.7,95.7456,-0.26442,35.8317,73.5184,6.25047,14566.3,0,0,1745.31,594.689,108.69,2,104.191,81.5347,79.5347,73.5184,0,0,0,41.972,28.4627,3,22.6565
4534.9,98821.4,95.7758,-0.259804,35.8247,73.5192,6.24996,14567,0,0,1745.18,594.689,108.682,2,104.183,81.5353,79.5353,73.5192,0,0,0,41.9775,28.4625,3,22.6479
4535,98824.1,95.8049,-0.255216,35.8178,72.667,6.18197,14567.6,0,0,1727.49,594.689,107.581,2,103.111,80.6331,78.6331,72.667,0,0,0,41.983,28.4623,3,22.4775
4535.1,98826.7,95.8312,-0.250658,35.8111,72.0962,6.13037,14568.2,0,0,1714.02,594.689,106.742,2,102.294,80.0296,78.0296,72.0962,0,0,0,41.9884,28.4622,3,22.2643
4535.2,98829.4,95.8576,-0.246129,35.8045,71.8224,6.11278,14568.8,0,0,1709.43,594.689,106.456,2,102.015,79.7401,77.7401,71.8224,0,0,0,41.9938,28.462,3,22.275
4535.3,98832,95.8823,-0.24163,35.798,71.0363,6.06339,14569.4,0,0,1696.5,594.689,105.65,2,101.231,78.9091,76.9091,71.0363,0,0,0,41.9993,28.4618,3,22.3216
4535.4,98834.7,95.9051,-0.237161,35.7916,70.5723,6.03407,14570,0,0,1688.8,594.689,105.171,2,100.764,78.4185,76.4185,70.5723,0,0,0,42.0047,28.4616,3,22.3456
4535.5,98837.4,95.9276,-0.232722,35.7854,70.7734,6.046,14570.6,0,0,1691.94,594.689,105.366,2,100.954,78.6309,76.6309,70.7734,0,0,0,42.0101,28.4614,3,22.3231
4535.6,98840,95.9507,-0.228313,35.7792,70.8247,6.04865,14571.2,0,0,1692.63,594.689,105.41,2,100.996,78.685,76.685,70.8247,0,0,0,42.0155,28.4613,3,22.3111
4535.7,98842.7,95.9729,-0.223933,35.7732,70.5306,6.02987,14571.8,0,0,1687.7,594.689,105.103,2,100.697,78.374,76.374,70.5306,0,0,0,42.021,28.4611,3,22.3233
4535.8,98845.4,95.9945,-0.219584,35.7673,70.2716,6.01329,14572.4,0,0,1683.35,594.689,104.831,2,100.433,78.1,76.1,70.2716,0,0,0,42.0264,28.4609,3,22.3329
4535.9,98848,96.0152,-0.215265,35.7615,70.3084,6.01503,14573,0,0,1683.8,594.689,104.86,2,100.461,78.1388,76.1388,70.3084,0,0,0,42.0318,28.4607,3,22.322
4536,98850.7,96.0365,-0.210976,35.7558,70.7367,6.04104,14573.6,0,0,1690.63,594.689,105.285,2,100.875,78.5914,76.5914,70.7367,0,0,0,42.0372,28.4606,3,22.2836
4536.1,98853.4,96.0584,-0.206718,35.7502,70.9641,6.0546,14574.2,0,0,1694.19,594.689,105.507,2,101.091,78.8316,76.8316,70.9641,0,0,0,42.0426,28.4604,3,22.2593
4536.2,98856,96.0801,-0.202489,35.7448,71.0163,6.05731,14574.8,0,0,1694.9,594.689,105.551,2,101.134,78.8866,76.8866,71.0163,0,0,0,42.0481,28.4602,3,22.2473
4536.3,98858.7,96.1019,-0.198291,35.7394,71.3606,6.07815,14575.4,0,0,1700.36,594.689,105.891,2,101.465,79.2504,77.2504,71.3606,0,0,0,42.0535,28.46,3,22.2148
4536.4,98861.4,96.1245,-0.194123,35.7342,71.6909,6.09814,14576.1,0,0,1705.6,594.689,106.217,2,101.783,79.5994,77.5994,71.6909,0,0,0,42.0588,28.4598,3,22.1834
4536.5,98864,96.1471,-0.189985,35.729,71.1836,6.06609,14576.7,0,0,1697.2,594.689,105.694,2,101.274,79.0631,77.0631,71.1836,0,0,0,42.0642,28.4597,3,22.2105
4536.6,98866.7,96.1673,-0.185878,35.724,70.2647,6.00858,14577.3,0,0,1682.11,594.689,104.754,2,100.358,78.0915,76.0915,70.2647,0,0,0,42.0697,28.4595,3,22.2663
4536.7,98869.4,96.1859,-0.181801,35.7191,69.9352,5.98766,14577.9,0,0,1676.6,594.689,104.412,2,100.024,77.7432,75.7432,69.9352,0,0,0,42.0751,28.4593,3,22.2809
4536.8,98872.1,96.2044,-0.177754,35.7143,69.4784,5.95888,14578.5,0,0,1669.03,594.689,103.94,2,99.5644,77.2601,75.2601,69.4784,0,0,0,42.0805,28.4591,3,22.3043
4536.9,98874.7,96.2208,-0.173738,35.7096,68.4914,5.89554,14579,0,0,1652.31,594.689,102.899,2,98.5503,76.2166,74.2166,68.4914,0,0,0,42.0859,28.459,3,22.3337
4537,98877.4,96.235,-0.169752,35.705,68.0592,5.85486,14579.6,0,0,1641.55,594.689,102.229,2,97.8973,75.7596,73.7596,68.0592,0,0,0,42.0913,28.4588,3,22.1377
4537.1,98880.1,96.2494,-0.165797,35.7005,68.0088,5.84943,14580.2,0,0,1640.11,594.689,102.139,2,97.81,75.7063,73.7063,68.0088,0,0,0,42.0967,28.4586,3,22.1037
4537.2,98882.8,96.2631,-0.161873,35.6961,67.8012,5.82952,14580.8,0,0,1634.84,594.689,101.811,2,97.4898,75.4868,73.4868,67.8012,0,0,0,42.102,28.4584,3,22.0031
4537.3,98885.4,96.2762,-0.157979,35.6919,67.6304,5.8134,14581.4,0,0,1630.56,594.689,101.544,2,97.2304,75.3061,73.3061,67.6304,0,0,0,42.1074,28.4582,3,21.9243
4537.4,98888.1,96.2889,-0.154115,35.6877,67.3441,5.79533,14582,0,0,1625.77,594.689,101.246,2,96.9393,75.0033,73.0033,67.3441,0,0,0,42.1127,28.458,3,21.9359
4537.5,98890.8,96.3006,-0.150282,35.6836,67.5269,5.80602,14582.5,0,0,1628.6,594.689,101.422,2,97.1115,75.1965,73.1965,67.5269,0,0,0,42.118,28.4579,3,21.915
4537.6,98893.5,96.3136,-0.146479,35.6797,68.3397,5.87604,14583.1,0,0,1647.16,594.689,102.578,2,98.2374,76.0557,74.0557,68.3397,0,0,0,42.1234,28.4577,3,22.1817
4537.7,98896.1,96.3281,-0.142707,35.6758,69.7018,5.96794,14583.7,0,0,1671.42,594.689,104.089,2,99.7093,77.4955,75.4955,69.7018,0,0,0,42.1288,28.4575,3,22.2138
4537.8,98898.8,96.3461,-0.138965,35.672,71.4596,6.07632,14584.3,0,0,1699.88,594.689,105.861,2,101.436,79.3536,77.3536,71.4596,0,0,0,42.1342,28.4573,3,22.0826
4537.9,98901.5,96.3672,-0.135253,35.6684,73.3805,6.22504,14585,0,0,1738.7,594.689,108.279,2,103.79,81.3842,79.3842,73.3805,0,0,0,42.1396,28.4571,3,22.4062
4538,98904.2,96.3923,-0.13157,35.6648,74.7805,6.3126,14585.6,0,0,1761.42,594.689,109.694,2,105.168,82.869,80.869,74.7805,0,0,0,42.1451,28.457,3,22.2991
4538.1,98906.8,96.4184,-0.127917,35.6613,75.3229,6.34632,14586.2,0,0,1770.14,594.689,110.237,2,105.697,83.4446,81.4446,75.3229,0,0,0,42.1505,28.4568,3,22.2523
4538.2,98909.5,96.4453,-0.124294,35.6579,74.9904,6.32476,14586.9,0,0,1764.57,594.689,109.89,2,105.359,83.0914,81.0914,74.9904,0,0,0,42.1559,28.4566,3,22.2675
4538.3,98912.2,96.4697,-0.1207,35.6546,74.3019,6.28077,14587.5,0,0,1753.17,594.689,109.18,2,104.668,82.3603,80.3603,74.3019,0,0,0,42.1613,28.4564,3,22.3077
4538.4,98914.9,96.4934,-0.117136,35.6515,73.1511,6.19993,14588.1,0,0,1732.17,594.689,107.872,2,103.394,81.1412,79.1412,73.1511,0,0,0,42.1667,28.4563,3,22.2531
4538.5,98917.6,96.5129,-0.113601,35.6484,70.8965,6.03763,14588.7,0,0,1689.74,594.689,105.23,2,100.821,78.7575,76.7575,70.8965,0,0,0,42.1721,28.4561,3,22.0632
4538.6,98920.2,96.5274,-0.110096,35.6454,69.0867,5.92518,14589.3,0,0,1660.14,594.689,103.387,2,99.0253,76.8441,74.8441,69.0867,0,0,0,42.1775,28.4559,3,22.1811
4538.7,98922.9,96.5394,-0.106621,35.6425,67.6057,5.80451,14589.9,0,0,1628.2,594.689,101.398,2,97.0873,75.2783,73.2783,67.6057,0,0,0,42.1828,28.4557,3,21.809
4538.8,98925.6,96.5479,-0.103174,35.6396,65.5581,5.65859,14590.4,0,0,1569.03,603.06,99.0882,2,94.7968,73.1135,71.1135,65.5581,0,0,0,42.188,28.4555,3,21.6832
4538.9,98928.3,96.5516,-0.099758,35.6369,63.1759,5.47649,14591,0,0,1479.91,621.92,96.3826,2,92.0606,70.5954,68.5954,63.1759,0,0,0,42.1933,28.4553,3,21.4652
4539,98931,96.5505,-0.0963713,35.6343,61.6019,5.36711,14591.5,0,0,1430.19,632.264,94.6934,2,90.3542,68.9379,66.9379,61.6019,0,0,0,42.1985,28.4551,3,21.4163
4539.1,98933.6,96.5478,-0.0930142,35.6318,60.3859,5.2951,14592.1,0,0,1403.97,636.412,93.5675,2,89.2307,67.6575,65.6575,60.3859,0,0,0,42.2037,28.455,3,21.5732
4539.2,98936.3,96.5417,-0.0896867,35.6293,59.0736,5.25608,14592.6,0,0,1393.25,636.725,92.8985,2,88.5751,66.2756,64.2756,59.0736,0,0,0,42.2091,28.4548,3,22.2995
4539.3,98939,96.5338,-0.0863888,35.6269,57.6766,5.14887,14593.1,0,0,1369.23,634.769,91.0167,2,86.7479,64.8046,62.8046,57.6766,0,0,0,42.2145,28.4546,3,21.9433
4539.4,98941.7,96.522,-0.0831203,35.6247,56.6535,5.06462,14593.6,0,0,1351.06,632.797,89.5297,2,85.3063,63.7273,61.7273,56.6535,0,0,0,42.2197,28.4544,3,21.5789
4539.5,98944.4,96.5099,-0.0798813,35.6225,55.7604,5.02036,14594.1,0,0,1340.48,632.264,88.7541,2,84.5515,62.787,60.787,55.7604,0,0,0,42.225,28.4542,3,21.7645
4539.6,98947,96.4945,-0.0766715,35.6204,54.273,4.9703,14594.6,0,0,1328.82,631.479,87.8726,2,83.6946,61.2208,59.2208,54.273,0,0,0,42.2305,28.454,3,22.4739
4539.7,98949.7,96.4765,-0.073491,35.6184,52.9266,4.87793,14595.1,0,0,1307.69,629.759,86.24,2,82.109,59.8032,57.8032,52.9266,0,0,0,42.2359,28.4539,3,22.3058
4539.8,98952.4,96.4557,-0.0703396,35.6165,52.3794,4.84351,14595.6,0,0,1300.19,628.945,85.6341,2,81.5216,59.2285,57.2285,52.3794,0,0,0,42.2413,28.4537,3,22.2932
4539.9,98955.1,96.4354,-0.0672172,35.6146,52.7683,4.87793,14596.1,0,0,1307.69,629.759,86.24,2,82.109,59.6369,57.6369,52.7683,0,0,0,42.2468,28.4535,3,22.4721
4540,98957.8,96.4161,-0.0641236,35.6128,53.2128,4.87793,14596.6,0,0,1307.69,629.759,86.24,2,82.109,60.1051,58.1051,53.2128,0,0,0,42.2521,28.4533,3,22.0039
4540.1,98960.4,96.3975,-0.0610585,35.6112,53.419,4.87793,14597,0,0,1307.69,629.759,86.24,2,82.109,60.3224,58.3224,53.419,0,0,0,42.2574,28.4532,3,21.7866
4540.2,98963.1,96.3789,-0.0580218,35.6096,53.7473,4.88863,14597.5,0,0,1310.15,629.959,86.4293,2,82.2929,60.6682,58.6682,53.7473,0,0,0,42.2627,28.453,3,21.6246
4540.3,98965.8,96.3614,-0.0550132,35.6081,54.1811,4.94894,14598,0,0,1323.95,631.083,87.4954,2,83.3283,61.1251,59.1251,54.1811,0,0,0,42.2681,28.4528,3,22.2031
4540.4,98968.5,96.3444,-0.0520326,35.6066,54.3102,4.9661,14598.5,0,0,1327.86,631.401,87.7984,2,83.6226,61.2613,59.2613,54.3102,0,0,0,42.2735,28.4526,3,22.3613
4540.5,98971.2,96.3274,-0.0490796,35.6053,54.5675,5.00152,14599,0,0,1335.93,632.058,88.4239,2,84.23,61.5324,59.5324,54.5675,0,0,0,42.279,28.4524,3,22.6976
4540.6,98973.8,96.3113,-0.0461541,35.604,55.4767,5.01266,14599.5,0,0,1338.46,632.264,88.6203,2,84.4207,62.4898,60.4898,55.4767,0,0,0,42.2844,28.4523,3,21.9309
4540.7,98976.5,96.2977,-0.0432558,35.6028,56.1063,5.02794,14600,0,0,1342.47,632.264,88.8858,2,84.6802,63.1529,61.1529,56.1063,0,0,0,42.2896,28.4521,3,21.5273
4540.8,98979.2,96.284,-0.0403845,35.6017,55.8961,5.02119,14600.5,0,0,1340.7,632.264,88.7686,2,84.5657,62.9316,60.9316,55.8961,0,0,0,42.2948,28.4519,3,21.6341
4540.9,98981.9,96.2695,-0.0375399,35.6007,55.54,5.01266,14601,0,0,1338.46,632.264,88.6203,2,84.4207,62.5568,60.5568,55.54,0,0,0,42.3002,28.4517,3,21.864
4541,98984.5,96.2542,-0.0347219,35.5997,55.2514,5.01266,14601.5,0,0,1338.46,632.264,88.6203,2,84.4207,62.253,60.253,55.2514,0,0,0,42.3055,28.4515,3,22.1677
4541.1,98987.2,96.2385,-0.0319302,35.5988,54.775,5.01266,14602,0,0,1338.46,632.264,88.6203,2,84.4207,61.7516,59.7516,54.775,0,0,0,42.3111,28.4513,3,22.6691
4541.2,98989.9,96.2213,-0.0291647,35.598,53.9548,4.90619,14602.5,0,0,1314.17,630.286,86.7397,2,82.5943,60.8881,58.8881,53.9548,0,0,0,42.3163,28.4512,3,21.7063
4541.3,98992.5,96.2023,-0.0264251,35.5972,53.2452,4.87793,14603,0,0,1307.69,629.759,86.24,2,82.109,60.1411,58.1411,53.2452,0,0,0,42.3217,28.451,3,21.9679
4541.4,98995.2,96.1822,-0.0237113,35.5966,52.4471,4.83619,14603.5,0,0,1298.58,628.77,85.5044,2,81.3958,59.3014,57.3014,52.4471,0,0,0,42.327,28.4508,3,22.0944
4541.5,98997.9,96.16,-0.021023,35.596,51.2363,4.77286,14604,0,0,1284.62,627.254,84.3811,2,80.3068,58.0314,56.0314,51.2363,0,0,0,42.3325,28.4506,2,22.2754
4541.6,99000.6,96.1351,-0.0183601,35.5954,50.1852,4.66828,14604.4,0,0,1260.39,625.282,82.5299,2,78.5087,56.9288,54.9288,50.1852,0,0,0,42.3377,28.4504,2,21.5799
4541.7,99003.2,96.1087,-0.0157224,35.595,50.2408,4.67487,14604.9,0,0,1261.93,625.407,82.6466,2,78.6221,56.9873,54.9873,50.2408,0,0,0,42.343,28.4502,2,21.6348
4541.8,99005.9,96.0841,-0.0131096,35.5946,51.3526,4.77286,14605.4,0,0,1284.62,627.254,84.3811,2,80.3068,58.1538,56.1538,51.3526,0,0,0,42.3484,28.4501,2,22.153
4541.9,99008.6,96.062,-0.0105214,35.5943,53.3573,4.87793,14605.9,0,0,1307.69,629.759,86.24,2,82.109,60.2606,58.2606,53.3573,0,0,0,42.3537,28.4499,3,21.8484
4542,99011.2,96.0452,-0.00795744,35.594,55.8387,5.01636,14606.4,0,0,1339.43,632.264,88.6847,2,84.4836,62.8734,60.8734,55.8387,0,0,0,42.3589,28.4497,3,21.6102
4542.1,99013.9,96.0328,-0.00541729,35.5939,57.9777,5.14887,14606.9,0,0,1369.23,634.769,91.0167,2,86.7479,65.1256,63.1256,57.9777,0,0,0,42.3642,28.4495,3,21.6223
4542.2,99016.6,96.0243,-0.00290061,35.5938,59.4068,5.2682,14607.4,0,0,1395.95,636.945,93.1109,2,88.7814,66.6302,64.6302,59.4068,0,0,0,42.3696,28.4493,3,22.1512
4542.3,99019.2,96.0174,-0.00040705,35.5937,60.9704,5.31202,14607.9,0,0,1411.7,634.734,93.8346,2,89.5012,68.2766,66.2766,60.9704,0,0,0,42.3747,28.4491,3,21.2246
4542.4,99021.9,96.015,0.00206372,35.5937,62.6921,5.42371,14608.5,0,0,1450.48,629.134,95.5614,2,91.2194,70.0893,68.0893,62.6921,0,0,0,42.3799,28.4489,3,21.1301
4542.5,99024.6,96.0147,0.00451206,35.5938,64.3765,5.54743,14609,0,0,1504.56,618.468,97.4437,2,93.1146,71.8688,69.8688,64.3765,0,0,0,42.385,28.4487,3,21.2459
4542.6,99027.2,96.0187,0.00693831,35.594,66.0834,5.67476,14609.6,0,0,1574.19,602.501,99.3213,2,95.0268,73.6729,71.6729,66.0834,0,0,0,42.3902,28.4486,3,21.354
4542.7,99029.9,96.025,0.00934283,35.5942,67.597,5.78368,14610.2,0,0,1622.67,594.689,101.053,2,96.7516,75.2727,73.2727,67.597,0,0,0,42.3954,28.4484,3,21.4789
4542.8,99032.6,96.0347,0.0117259,35.5945,68.6025,5.8602,14610.8,0,0,1642.97,594.689,102.317,2,97.9831,76.3354,74.3354,68.6025,0,0,0,42.4007,28.4482,3,21.6477
4542.9,99035.2,96.0447,0.014088,35.5948,68.8102,5.8786,14611.4,0,0,1647.84,594.689,102.62,2,98.2786,76.555,74.555,68.8102,0,0,0,42.406,28.448,3,21.7235
4543,99037.9,96.055,0.0164292,35.5952,68.6099,5.85935,14611.9,0,0,1642.74,594.689,102.303,2,97.9694,76.3432,74.3432,68.6099,0,0,0,42.4112,28.4478,3,21.6262
4543.1,99040.6,96.064,0.0187499,35.5957,68.6567,5.8629,14612.5,0,0,1643.68,594.689,102.361,2,98.0264,76.3926,74.3926,68.6567,0,0,0,42.4165,28.4476,3,21.6338
4543.2,99043.2,96.0743,0.0210504,35.5962,69.0526,5.89867,14613.1,0,0,1653.14,594.689,102.95,2,98.6004,76.811,74.811,69.0526,0,0,0,42.4218,28.4474,3,21.7894
4543.3,99045.9,96.0846,0.0233309,35.5968,69.1773,5.90673,14613.7,0,0,1655.27,594.689,103.083,2,98.7296,76.9428,74.9428,69.1773,0,0,0,42.4271,28.4472,3,21.7868
4543.4,99048.6,96.0951,0.0255917,35.5975,69.4223,5.9213,14614.3,0,0,1659.12,594.689,103.323,2,98.9631,77.2016,75.2016,69.4223,0,0,0,42.4324,28.4471,3,21.7615
4543.5,99051.3,96.1062,0.0278331,35.5982,69.825,5.94563,14614.9,0,0,1665.53,594.689,103.722,2,99.3525,77.6272,75.6272,69.825,0,0,0,42.4377,28.4469,3,21.7253
4543.6,99053.9,96.1181,0.0300555,35.5989,69.9958,5.95566,14615.5,0,0,1668.18,594.689,103.887,2,99.5128,77.8077,75.8077,69.9958,0,0,0,42.4429,28.4467,3,21.7052
4543.7,99056.6,96.1296,0.0322591,35.5998,70.0995,5.96154,14616.1,0,0,1669.73,594.689,103.984,2,99.6069,77.9172,75.9172,70.0995,0,0,0,42.4482,28.4465,3,21.6898
4543.8,99059.3,96.1417,0.0344443,35.6007,69.6856,5.93547,14616.7,0,0,1662.86,594.689,103.556,2,99.19,77.4796,75.4796,69.6856,0,0,0,42.4535,28.4463,3,21.7104
4543.9,99061.9,96.1513,0.0366112,35.6016,68.6486,5.85596,14617.3,0,0,1641.84,594.689,102.247,2,97.9149,76.3833,74.3833,68.6486,0,0,0,42.4587,28.4461,3,21.5316
4544,99064.6,96.1591,0.0387603,35.6026,68.0449,5.80447,14617.9,0,0,1628.19,594.689,101.397,2,97.0866,75.7451,73.7451,68.0449,0,0,0,42.4639,28.4459,3,21.3414
4544.1,99067.3,96.1662,0.0408916,35.6037,67.8692,5.79319,14618.4,0,0,1625.2,594.689,101.21,2,96.9049,75.5593,73.5593,67.8692,0,0,0,42.4691,28.4458,3,21.3456
4544.2,99069.9,96.1731,0.0430056,35.6048,67.4313,5.76587,14619,0,0,1617.94,594.689,100.758,2,96.4643,75.0964,73.0964,67.4313,0,0,0,42.4743,28.4456,3,21.3679
4544.3,99072.6,96.1782,0.0451026,35.606,67.1396,5.74678,14619.6,0,0,1609.57,595.825,100.429,2,96.1377,74.788,72.788,67.1396,0,0,0,42.4795,28.4454,3,21.3497
4544.4,99075.3,96.1838,0.0471828,35.6072,66.9358,5.73391,14620.2,0,0,1600.94,597.511,100.173,2,95.8807,74.5725,72.5725,66.9358,0,0,0,42.4847,28.4452,3,21.3082
4544.5,99078,96.188,0.0492466,35.6085,66.7584,5.71851,14620.7,0,0,1593.39,598.986,99.9466,2,95.6532,74.3849,72.3849,66.7584,0,0,0,42.4898,28.445,3,21.2683
4544.6,99080.6,96.1927,0.0512942,35.6099,67.2074,5.74938,14621.3,0,0,1611.33,595.481,100.48,2,96.1897,74.8595,72.8595,67.2074,0,0,0,42.495,28.4448,3,21.3302
4544.7,99083.3,96.1985,0.053326,35.6113,68.3767,5.82486,14621.9,0,0,1633.6,594.689,101.734,2,97.4149,76.0955,74.0955,68.3767,0,0,0,42.5002,28.4446,3,21.3194
4544.8,99086,96.2076,0.0553425,35.6127,70.7891,5.98083,14622.5,0,0,1674.81,594.689,104.3,2,99.915,78.6456,76.6456,70.7891,0,0,0,42.5054,28.4444,3,21.2694
4544.9,99088.7,96.2227,0.0573439,35.6142,74.3365,6.1379,14623.1,0,0,1715.99,594.689,106.865,2,102.413,82.3988,80.3988,74.3365,0,0,0,42.5102,28.4442,3,20.0145
4545,99091.3,96.2455,0.0593308,35.6158,77.1985,6.29639,14623.7,0,0,1757.22,594.689,109.432,2,104.913,85.4367,83.4367,77.1985,0,0,0,42.515,28.444,3,19.4768
4545.1,99094,96.2715,0.0613036,35.6174,79.0504,6.45636,14624.4,0,0,1798.5,594.689,112.003,2,107.416,87.4024,85.4024,79.0504,0,0,0,42.5198,28.4438,3,20.0134
4545.2,99096.7,96.3013,0.0632628,35.619,80.4036,6.6229,14625,0,0,1847.37,592.184,114.562,2,109.916,88.8387,86.8387,80.4036,0,0,0,42.525,28.4436,3,21.0773
4545.3,99099.3,96.3322,0.0652086,35.6208,80.6622,6.68769,14625.7,0,0,1863.84,591.934,115.534,2,110.863,89.1131,87.1131,80.6622,0,0,0,42.5302,28.4434,3,21.75
4545.4,99102,96.3626,0.0671415,35.6225,80.2886,6.66202,14626.4,0,0,1856.83,592.184,115.148,2,110.487,88.7164,86.7164,80.2886,0,0,0,42.5355,28.4432,3,21.7703
4545.5,99104.7,96.3918,0.0690617,35.6244,80.1296,6.6507,14627,0,0,1854.1,592.184,114.979,2,110.322,88.5475,86.5475,80.1296,0,0,0,42.5408,28.443,3,21.7741
4545.6,99107.4,96.4212,0.0709696,35.6262,79.9943,6.64098,14627.7,0,0,1851.75,592.184,114.833,2,110.18,88.4038,86.4038,79.9943,0,0,0,42.5461,28.4428,3,21.7762
4545.7,99110.1,96.4495,0.0728656,35.6282,79.5271,6.60913,14628.4,0,0,1842.88,592.539,114.352,2,109.71,87.9076,85.9076,79.5271,0,0,0,42.5514,28.4427,3,21.8028
4545.8,99112.7,96.4768,0.0747498,35.6301,78.8089,6.56142,14629,0,0,1825.07,594.473,113.616,2,108.987,87.145,85.145,78.8089,0,0,0,42.5567,28.4425,3,21.8418
4545.9,99115.4,96.5019,0.0766227,35.6322,77.3475,6.44946,14629.7,0,0,1796.73,594.689,111.892,2,107.308,85.5934,83.5934,77.3475,0,0,0,42.562,28.4423,3,21.715
4546,99118.1,96.5232,0.0784846,35.6342,75.6008,6.32258,14630.3,0,0,1764,594.689,109.855,2,105.325,83.739,81.739,75.6008,0,0,0,42.5673,28.4421,3,21.5857
4546.1,99120.8,96.5412,0.0803357,35.6364,74.0315,6.2227,14630.9,0,0,1738.09,594.689,108.241,2,103.754,82.0727,80.0727,74.0315,0,0,0,42.5725,28.4419,3,21.6809
4546.2,99123.5,96.5561,0.0821763,35.6386,72.7726,6.11452,14631.5,0,0,1709.88,594.689,106.484,2,102.043,80.7408,78.7408,72.7726,0,0,0,42.5777,28.4417,3,21.3019
4546.3,99126.1,96.5689,0.0840067,35.6408,71.5511,6.03812,14632.1,0,0,1689.87,594.689,105.238,2,100.829,79.4493,77.4493,71.5511,0,0,0,42.5829,28.4415,3,21.3793
4546.4,99128.8,96.5788,0.0858272,35.6431,70.819,5.99227,14632.7,0,0,1677.82,594.689,104.487,2,100.098,78.6753,76.6753,70.819,0,0,0,42.5881,28.4413,3,21.4224
4546.5,99131.5,96.5886,0.0876383,35.6454,70.6509,5.98136,14633.3,0,0,1674.95,594.689,104.309,2,99.9236,78.4976,76.4976,70.6509,0,0,0,42.5933,28.4411,3,21.426
4546.6,99134.2,96.5977,0.0894401,35.6478,70.1962,5.95275,14633.9,0,0,1667.41,594.689,103.839,2,99.4664,78.0167,76.0167,70.1962,0,0,0,42.5985,28.441,3,21.4497
4546.7,99136.9,96.6055,0.0912332,35.6502,69.6995,5.92159,14634.5,0,0,1659.19,594.689,103.327,2,98.9678,77.4916,75.4916,69.6995,0,0,0,42.6038,28.4408,3,21.4762
4546.8,99139.6,96.6125,0.0930178,35.6527,69.4663,5.90671,14635.1,0,0,1655.26,594.689,103.083,2,98.7293,77.245,75.245,69.4663,0,0,0,42.609,28.4406,3,21.4843
4546.9,99142.2,96.6192,0.0947943,35.6552,69.6624,5.91828,14635.7,0,0,1658.32,594.689,103.273,2,98.9148,77.4522,75.4522,69.6624,0,0,0,42.6142,28.4404,3,21.4625
4547,99144.9,96.6268,0.0965631,35.6577,70.2669,5.95508,14636.3,0,0,1668.03,594.689,103.878,2,99.5037,78.0914,76.0914,70.2669,0,0,0,42.6194,28.4402,3,21.4123
4547.1,99147.6,96.6357,0.0983245,35.6604,71.0404,6.0024,14636.9,0,0,1680.48,594.689,104.653,2,100.259,78.9091,76.9091,71.0404,0,0,0,42.6246,28.44,3,21.3503
4547.2,99150.3,96.6461,0.100079,35.663,71.5271,6.03205,14637.5,0,0,1688.27,594.689,105.138,2,100.732,79.4236,77.4236,71.5271,0,0,0,42.6298,28.4398,3,21.3082
4547.3,99153,96.6568,0.101827,35.6657,72.0335,6.06296,14638.1,0,0,1696.38,594.689,105.643,2,101.224,79.959,77.959,72.0335,0,0,0,42.6349,28.4396,3,21.2648
4547.4,99155.7,96.6689,0.103569,35.6685,72.4244,6.08673,14638.7,0,0,1702.61,594.689,106.031,2,101.602,80.3722,78.3722,72.4244,0,0,0,42.6401,28.4394,3,21.2294
4547.5,99158.4,96.6809,0.105305,35.6713,71.9091,6.05422,14639.3,0,0,1694.09,594.689,105.501,2,101.085,79.8273,77.8273,71.9091,0,0,0,42.6453,28.4392,3,21.2575
4547.6,99161,96.6909,0.107035,35.6742,70.3178,5.95518,14639.9,0,0,1668.05,594.689,103.879,2,99.5053,78.1448,76.1448,70.3178,0,0,0,42.6505,28.4391,3,21.3605
4547.7,99163.7,96.6965,0.108761,35.677,68.2907,5.80086,14640.5,0,0,1627.23,594.689,101.337,2,97.0284,76.0016,74.0016,68.2907,0,0,0,42.6556,28.4389,3,21.0267
4547.8,99166.4,96.6983,0.110482,35.68,66.7882,5.69752,14641.1,0,0,1583.54,600.912,99.6477,2,95.3527,74.413,72.413,66.7882,0,0,0,42.6607,28.4387,3,20.9397
4547.9,99169.1,96.6979,0.112198,35.683,65.7122,5.61281,14641.6,0,0,1554.42,604.646,98.4237,2,94.141,73.2754,71.2754,65.7122,0,0,0,42.6657,28.4385,3,20.8656
4548,99171.8,96.6955,0.113911,35.686,65.1456,5.57122,14642.2,0,0,1522.46,613.471,97.8064,2,93.4946,72.6763,70.6763,65.1456,0,0,0,42.6708,28.4383,3,20.8183
4548.1,99174.5,96.6928,0.115619,35.6891,65.1701,5.57246,14642.7,0,0,1523.4,613.206,97.8251,2,93.5141,72.7023,70.7023,65.1701,0,0,0,42.6759,28.4381,3,20.8119
4548.2,99177.2,96.6903,0.117324,35.6922,65.3327,5.58384,14643.3,0,0,1532.21,610.747,97.9963,2,93.6937,72.8742,70.8742,65.3327,0,0,0,42.6809,28.4379,3,20.8195
4548.3,99179.8,96.6882,0.119027,35.6954,65.106,5.56649,14643.9,0,0,1518.85,614.479,97.7348,2,93.4195,72.6345,70.6345,65.106,0,0,0,42.686,28.4377,3,20.785
4548.4,99182.5,96.6847,0.120726,35.6986,64.5559,5.52336,14644.4,0,0,1494.45,620.341,97.0826,2,92.7523,72.0529,70.0529,64.5559,0,0,0,42.691,28.4375,3,20.6994
4548.5,99185.2,96.6803,0.122424,35.7019,64.0385,5.48202,14645,0,0,1481.63,621.734,96.4654,2,92.1424,71.5059,69.5059,64.0385,0,0,0,42.696,28.4373,3,20.6365
4548.6,99187.9,96.6748,0.12412,35.7052,63.8984,5.47038,14645.5,0,0,1478.01,622.126,96.2909,2,91.97,71.3578,69.3578,63.8984,0,0,0,42.701,28.4371,3,20.6122
4548.7,99190.6,96.6697,0.125814,35.7086,65.1857,5.5701,14646.1,0,0,1521.59,613.712,97.7894,2,93.4767,72.7189,70.7189,65.1857,0,0,0,42.7061,28.4369,3,20.7578
4548.8,99193.3,96.6691,0.127507,35.712,67.5024,5.73871,14646.6,0,0,1604.15,596.884,100.268,2,95.9767,75.1683,73.1683,67.5024,0,0,0,42.7111,28.4367,3,20.8083
4548.9,99196,96.673,0.1292,35.7154,69.4173,5.88923,14647.2,0,0,1650.65,594.689,102.795,2,98.4491,77.1928,75.1928,69.4173,0,0,0,42.7163,28.4365,3,21.2562
4549,99198.6,96.6798,0.130893,35.7189,70.5407,5.96206,14647.8,0,0,1669.87,594.689,103.992,2,99.6152,78.3805,76.3805,70.5407,0,0,0,42.7215,28.4363,3,21.2347
4549.1,99201.3,96.6879,0.132586,35.7224,71.8134,6.04034,14648.4,0,0,1690.45,594.689,105.274,2,100.864,79.7261,77.7261,71.8134,0,0,0,42.7266,28.4361,3,21.1378
4549.2,99204,96.6995,0.134279,35.726,72.7716,6.09935,14649,0,0,1705.91,594.689,106.237,2,101.802,80.7391,78.7391,72.7716,0,0,0,42.7317,28.4359,3,21.0629
4549.3,99206.7,96.7111,0.135974,35.7296,73.0609,6.11685,14649.6,0,0,1710.49,594.689,106.522,2,102.08,81.045,79.045,73.0609,0,0,0,42.7368,28.4357,3,21.0347
4549.4,99209.4,96.7236,0.137671,35.7333,73.776,6.1736,14650.3,0,0,1725.31,594.689,107.445,2,102.978,81.801,79.801,73.776,0,0,0,42.742,28.4355,3,21.1772
4549.5,99212.1,96.7379,0.139369,35.737,74.6028,6.24181,14650.9,0,0,1743.06,594.689,108.55,2,104.055,82.678,80.678,74.6028,0,0,0,42.7472,28.4353,3,21.3769
4549.6,99214.8,96.7534,0.14107,35.7408,74.6778,6.24601,14651.5,0,0,1744.15,594.689,108.618,2,104.121,82.7575,80.7575,74.6778,0,0,0,42.7524,28.4351,3,21.3636
4549.7,99217.4,96.7677,0.142774,35.7446,73.8562,6.17881,14652.1,0,0,1726.67,594.689,107.529,2,103.061,81.8856,79.8856,73.8562,0,0,0,42.7575,28.4349,3,21.1749
4549.8,99220.1,96.7798,0.144481,35.7485,72.3768,6.07177,14652.7,0,0,1698.69,594.689,105.787,2,101.364,80.3214,78.3214,72.3768,0,0,0,42.7626,28.4347,3,21.0425
4549.9,99222.8,96.7881,0.146191,35.7524,70.2763,5.9412,14653.3,0,0,1664.37,594.689,103.65,2,99.2816,78.1004,76.1004,70.2763,0,0,0,42.7678,28.4346,3,21.1812
4550,99225.5,96.7918,0.147905,35.7564,68.7033,5.81513,14653.9,0,0,1631.02,594.689,101.573,2,97.2582,76.4372,74.4372,68.7033,0,0,0,42.7729,28.4344,3,20.821
4550.1,99228.2,96.7939,0.149623,35.7604,67.6035,5.74621,14654.5,0,0,1609.19,595.9,100.417,2,96.1264,75.2744,73.2744,67.6035,0,0,0,42.7779,28.4342,3,20.8519
4550.2,99230.9,96.7932,0.151346,35.7644,66.275,5.64167,14655,0,0,1563.65,603.645,98.8437,2,94.5555,73.8697,71.8697,66.275,0,0,0,42.783,28.434,3,20.6858
4550.3,99233.6,96.79,0.153074,35.7685,64.6584,5.51937,14655.6,0,0,1493.21,620.476,97.0231,2,92.6935,72.1604,70.1604,64.6584,0,0,0,42.7879,28.4338,3,20.533
4550.4,99236.3,96.7829,0.154807,35.7726,63.2736,5.41863,14656.1,0,0,1447.43,629.928,95.4809,2,91.1364,70.6971,68.6971,63.2736,0,0,0,42.7929,28.4335,3,20.4393
4550.5,99239,96.7742,0.156545,35.7768,62.5128,5.36448,14656.7,0,0,1429.59,632.264,94.6537,2,90.3154,69.8959,67.8959,62.5128,0,0,0,42.7979,28.4333,3,20.4195
4550.6,99241.6,96.764,0.158289,35.781,62.6181,5.37142,14657.2,0,0,1431.17,632.264,94.7583,2,90.4175,70.0068,68.0068,62.6181,0,0,0,42.8028,28.4331,3,20.4108
4550.7,99244.3,96.7557,0.160039,35.7853,63.8772,5.45737,14657.8,0,0,1471.02,623.783,96.0904,2,91.7653,71.3347,69.3347,63.8772,0,0,0,42.8078,28.4329,3,20.4305
4550.8,99247,96.7504,0.161797,35.7896,65.8581,5.60654,14658.3,0,0,1550.3,605.698,98.3335,2,94.0478,73.4292,71.4292,65.8581,0,0,0,42.8128,28.4327,3,20.6186
4550.9,99249.7,96.7497,0.163561,35.794,67.4776,5.73477,14658.9,0,0,1601.51,597.399,100.19,2,95.8978,75.1415,73.1415,67.4776,0,0,0,42.8179,28.4325,3,20.7563
4551,99252.4,96.7506,0.165332,35.7984,68.0559,5.77032,14659.5,0,0,1619.12,594.689,100.832,2,96.536,75.753,73.753,68.0559,0,0,0,42.8229,28.4323,3,20.783
4551.1,99255.1,96.752,0.167112,35.8029,68.1838,5.77766,14660,0,0,1621.07,594.689,100.953,2,96.6545,75.8882,73.8882,68.1838,0,0,0,42.828,28.4321,3,20.7663
4551.2,99257.8,96.7533,0.1689,35.8074,68.4169,5.79146,14660.6,0,0,1624.74,594.689,101.182,2,96.877,76.1347,74.1347,68.4169,0,0,0,42.833,28.4319,3,20.7423
4551.3,99260.5,96.7555,0.170697,35.812,68.6541,5.80552,14661.2,0,0,1628.47,594.689,101.414,2,97.1034,76.3855,74.3855,68.6541,0,0,0,42.838,28.4317,3,20.718
4551.4,99263.1,96.7576,0.172502,35.8166,68.841,5.81765,14661.8,0,0,1631.69,594.689,101.615,2,97.2989,76.5831,74.5831,68.841,0,0,0,42.8431,28.4315,3,20.7158
4551.5,99265.8,96.7604,0.174318,35.8213,68.7941,5.81313,14662.4,0,0,1630.49,594.689,101.54,2,97.2261,76.5335,74.5335,68.7941,0,0,0,42.8481,28.4313,3,20.6926
4551.6,99268.5,96.7622,0.176143,35.826,68.1006,5.77014,14662.9,0,0,1619.07,594.689,100.829,2,96.5331,75.8002,73.8002,68.1006,0,0,0,42.8532,28.4311,3,20.7329
4551.7,99271.2,96.7621,0.177978,35.8307,66.7878,5.67194,14663.5,0,0,1573.29,602.599,99.2807,2,94.9867,74.4122,72.4122,66.7878,0,0,0,42.8582,28.4309,3,20.5745
4551.8,99273.9,96.7586,0.179824,35.8355,65.0468,5.54064,14664.1,0,0,1499.81,619.759,97.3395,2,93.0061,72.5713,70.5713,65.0468,0,0,0,42.8631,28.4307,3,20.4348
4551.9,99276.6,96.7517,0.181681,35.8404,63.4947,5.42558,14664.6,0,0,1451.6,628.842,95.5909,2,91.2498,70.9304,68.9304,63.4947,0,0,0,42.8681,28.4305,3,20.3194
4552,99279.3,96.7421,0.183548,35.8453,62.0823,5.32897,14665.1,0,0,1419.49,633.043,94.101,2,89.7711,69.4427,67.4427,62.0823,0,0,0,42.873,28.4303,3,20.3284
4552.1,99282,96.7296,0.185428,35.8503,60.5047,5.28636,14665.7,0,0,1400,637.274,93.4293,2,89.0906,67.7814,65.7814,60.5047,0,0,0,42.8782,28.4301,3,21.3092
4552.2,99284.6,96.7137,0.187319,35.8553,58.5012,5.14887,14666.2,0,0,1369.23,634.769,91.0167,2,86.7479,65.6716,63.6716,58.5012,0,0,0,42.8833,28.4299,3,21.0763
4552.3,99287.3,96.6934,0.189221,35.8603,56.7674,5.01906,14666.7,0,0,1340.14,632.264,88.7316,2,84.5295,63.846,61.846,56.7674,0,0,0,42.8883,28.4297,3,20.6835
4552.4,99290,96.6707,0.191137,35.8654,55.0272,4.92848,14667.2,0,0,1319.27,630.702,87.1339,2,82.9772,62.0135,60.0135,55.0272,0,0,0,42.8934,28.4295,3,20.9636
4552.5,99292.7,96.6436,0.193064,35.8706,53.522,4.85475,14667.7,0,0,1302.66,629.213,85.8335,2,81.7149,60.4287,58.4287,53.522,0,0,0,42.8986,28.4294,3,21.2862
4552.6,99295.4,96.6151,0.195005,35.8758,52.4643,4.77286,14668.1,0,0,1284.62,627.254,84.3811,2,80.3068,59.3164,57.3164,52.4643,0,0,0,42.9037,28.4292,2,20.9904
4552.7,99298.1,96.5839,0.196959,35.8811,51.4538,4.71845,14668.6,0,0,1272.04,626.23,83.4184,2,79.3717,58.2566,56.2566,51.4538,0,0,0,42.9088,28.429,2,21.1151
4552.8,99300.7,96.5515,0.198926,35.8864,50.8121,4.64013,14669.1,0,0,1253.85,624.749,82.0311,2,78.0242,57.5838,55.5838,50.8121,0,0,0,42.9138,28.4288,2,20.4404
4552.9,99303.4,96.5179,0.200907,35.8917,50.7951,4.64013,14669.5,0,0,1253.85,624.749,82.0311,2,78.0242,57.5663,55.5663,50.7951,0,0,0,42.9188,28.4286,2,20.4579
4553,99306.1,96.4855,0.202903,35.8971,50.7783,4.64013,14670,0,0,1253.85,624.749,82.0311,2,78.0242,57.5489,55.5489,50.7783,0,0,0,42.9238,28.4284,2,20.4753
4553.1,99308.8,96.4518,0.204912,35.9026,50.7031,4.64013,14670.5,0,0,1253.85,624.749,82.0311,2,78.0242,57.4702,55.4702,50.7031,0,0,0,42.9288,28.4282,2,20.554
4553.2,99311.5,96.4192,0.206937,35.9081,50.8445,4.64013,14670.9,0,0,1253.85,624.749,82.0311,2,78.0242,57.6187,55.6187,50.8445,0,0,0,42.9337,28.428,2,20.4055
4553.3,99314.1,96.3861,0.208976,35.9137,50.3808,4.64013,14671.4,0,0,1253.85,624.749,82.0311,2,78.0242,57.1326,55.1326,50.3808,0,0,0,42.9388,28.4278,2,20.8916
4553.4,99316.8,96.3518,0.211031,35.9193,49.7002,4.59974,14671.9,0,0,1244.43,623.982,81.315,2,77.3286,56.4191,54.4191,49.7002,0,0,0,42.9439,28.4276,2,20.9096
4553.5,99319.5,96.3161,0.213101,35.925,49.9658,4.63544,14672.3,0,0,1252.75,624.66,81.9479,2,77.9434,56.6979,54.6979,49.9658,0,0,0,42.949,28.4274,2,21.2455
4553.6,99322.2,96.2829,0.215188,35.9307,51.161,4.66798,14672.8,0,0,1260.33,625.277,82.5246,2,78.5036,57.9517,55.9517,51.161,0,0,0,42.954,28.4272,2,20.5519
4553.7,99324.8,96.252,0.217291,35.9365,52.812,4.77286,14673.3,0,0,1284.62,627.254,84.3811,2,80.3068,59.6845,57.6845,52.812,0,0,0,42.9591,28.427,2,20.6222
4553.8,99327.5,96.2252,0.21941,35.9423,54.7421,4.87793,14673.8,0,0,1307.69,629.759,86.24,2,82.109,61.7171,59.7171,54.7421,0,0,0,42.964,28.4268,3,20.392
4553.9,99330.2,96.2019,0.221547,35.9482,56.6688,5.01266,14674.3,0,0,1338.46,632.264,88.6203,2,84.4207,63.7459,61.7459,56.6688,0,0,0,42.969,28.4266,3,20.6748
4554,99332.9,96.1827,0.223702,35.9542,58.2166,5.10673,14674.8,0,0,1360.15,633.784,90.2731,2,86.027,65.3758,63.3758,58.2166,0,0,0,42.9741,28.4264,3,20.6512
4554.1,99335.5,96.1655,0.225874,35.9602,59.2424,5.14887,14675.3,0,0,1369.23,634.769,91.0167,2,86.7479,66.456,64.456,59.2424,0,0,0,42.979,28.4262,3,20.2919
4554.2,99338.2,96.1503,0.228064,35.9662,60.1761,5.2388,14675.8,0,0,1389.39,636.41,92.5954,2,88.2808,67.4392,65.4392,60.1761,0,0,0,42.9841,28.426,3,20.8416
4554.3,99340.9,96.1366,0.230273,35.9724,61.3938,5.28636,14676.3,0,0,1400,637.274,93.4293,2,89.0906,68.7214,66.7214,61.3938,0,0,0,42.989,28.4258,3,20.3692
4554.4,99343.6,96.1262,0.232501,35.9785,62.5936,5.34844,14676.9,0,0,1425.93,632.264,94.4119,2,90.0792,69.9847,67.9847,62.5936,0,0,0,42.9939,28.4256,3,20.0945
4554.5,99346.2,96.1171,0.234749,35.9848,63.4796,5.4109,14677.4,0,0,1442.82,631.129,95.3583,2,91.0099,70.9197,68.9197,63.4796,0,0,0,42.9988,28.4253,3,20.0902
4554.6,99348.9,96.1101,0.237016,35.9911,64.5329,5.48318,14678,0,0,1481.99,621.695,96.4828,2,92.1596,72.0331,70.0331,64.5329,0,0,0,43.0037,28.4251,3,20.1264
4554.7,99351.6,96.1051,0.239303,35.9974,65.8263,5.58254,14678.5,0,0,1531.2,611.03,97.9768,2,93.6733,73.4004,71.4004,65.8263,0,0,0,43.0086,28.4249,3,20.2729
4554.8,99354.2,96.103,0.24161,36.0039,67.2002,5.68539,14679.1,0,0,1577.87,602.019,99.4741,2,95.1781,74.8527,72.8527,67.2002,0,0,0,43.0135,28.4247,3,20.3254
4554.9,99356.9,96.1032,0.243938,36.0103,68.4786,5.7776,14679.7,0,0,1621.06,594.689,100.952,2,96.6535,76.204,74.204,68.4786,0,0,0,43.0185,28.4245,3,20.4495
4555,99359.6,96.106,0.246287,36.0169,69.4403,5.84705,14680.3,0,0,1639.48,594.689,102.1,2,97.7718,77.2205,75.2205,69.4403,0,0,0,43.0235,28.4243,3,20.5512
4555.1,99362.2,96.1098,0.248657,36.0235,70.2068,5.91183,14680.8,0,0,1656.62,594.689,103.167,2,98.8114,78.0308,76.0308,70.2068,0,0,0,43.0286,28.4241,3,20.7807
4555.2,99364.9,96.1154,0.25105,36.0302,70.7619,5.94558,14681.4,0,0,1665.52,594.689,103.722,2,99.3517,78.6175,76.6175,70.7619,0,0,0,43.0336,28.4239,3,20.7342
4555.3,99367.6,96.1212,0.253464,36.0369,71.0438,5.96249,14682,0,0,1669.98,594.689,103.999,2,99.6221,78.9154,76.9154,71.0438,0,0,0,43.0386,28.4237,3,20.7067
4555.4,99370.2,96.1277,0.2559,36.0437,71.5321,5.99219,14682.6,0,0,1677.8,594.689,104.486,2,100.096,79.4316,77.4316,71.5321,0,0,0,43.0437,28.4235,3,20.6648
4555.5,99372.9,96.1353,0.258359,36.0506,71.5902,5.99529,14683.2,0,0,1678.61,594.689,104.537,2,100.146,79.4929,77.4929,71.5902,0,0,0,43.0487,28.4233,3,20.653
4555.6,99375.6,96.1418,0.260841,36.0575,70.8459,5.9488,14683.8,0,0,1666.37,594.689,103.774,2,99.4032,78.7061,76.7061,70.8459,0,0,0,43.0537,28.4231,3,20.6971
4555.7,99378.3,96.1462,0.263346,36.0645,70.0433,5.89756,14684.4,0,0,1652.85,594.689,102.932,2,98.5827,77.8577,75.8577,70.0433,0,0,0,43.0588,28.4229,3,20.725
4555.8,99380.9,96.1493,0.265875,36.0716,69.0882,5.81058,14685,0,0,1629.82,594.689,101.498,2,97.185,76.8481,74.8481,69.0882,0,0,0,43.0637,28.4227,3,20.3369
4555.9,99383.6,96.1498,0.268427,36.0787,68.0185,5.74388,14685.6,0,0,1607.62,596.206,100.371,2,96.0799,75.7173,73.7173,68.0185,0,0,0,43.0686,28.4225,3,20.3626
4556,99386.3,96.1485,0.271003,36.0859,67.836,5.73225,14686.1,0,0,1599.88,597.718,100.141,2,95.8489,75.5244,73.5244,67.836,0,0,0,43.0736,28.4223,3,20.3244
4556.1,99388.9,96.1481,0.273602,36.0932,67.7654,5.7255,14686.7,0,0,1596.69,598.341,100.046,2,95.7529,75.4498,73.4498,67.7654,0,0,0,43.0785,28.4221,3,20.3031
4556.2,99391.6,96.1464,0.276226,36.1005,67.4177,5.69473,14687.3,0,0,1582.23,601.167,99.6078,2,95.3126,75.0822,73.0822,67.4177,0,0,0,43.0834,28.4219,3,20.2303
4556.3,99394.3,96.1445,0.278875,36.1079,67.5556,5.70603,14687.9,0,0,1587.53,600.132,99.7692,2,95.4748,75.228,73.228,67.5556,0,0,0,43.0884,28.4217,3,20.2468
4556.4,99397,96.1432,0.281548,36.1154,67.5567,5.70545,14688.4,0,0,1587.26,600.185,99.761,2,95.4665,75.2292,73.2292,67.5567,0,0,0,43.0933,28.4215,3,20.2374
4556.5,99399.6,96.141,0.284247,36.123,67.046,5.66309,14689,0,0,1570.47,602.905,99.1532,2,94.8609,74.6894,72.6894,67.046,0,0,0,43.0982,28.4213,3,20.1715
4556.6,99402.3,96.1375,0.28697,36.1306,66.8061,5.64411,14689.6,0,0,1564.42,603.561,98.879,2,94.5903,74.4358,72.4358,66.8061,0,0,0,43.1031,28.4211,3,20.1546
4556.7,99405,96.1343,0.289719,36.1383,66.6207,5.62931,14690.1,0,0,1559.71,604.072,98.6647,2,94.3788,74.2398,72.2398,66.6207,0,0,0,43.108,28.4209,3,20.139
4556.8,99407.6,96.1299,0.292493,36.1461,66.2073,5.59816,14690.7,0,0,1543.55,607.584,98.2098,2,93.9178,73.8029,71.8029,66.2073,0,0,0,43.1129,28.4207,3,20.1149
4556.9,99410.3,96.1249,0.295293,36.1539,66.3817,5.61004,14691.2,0,0,1553.05,604.932,98.383,2,94.0999,73.9873,71.9873,66.3817,0,0,0,43.1178,28.4205,3,20.1125
4557,99413,96.1211,0.29812,36.1618,67.4443,5.69169,14691.8,0,0,1580.81,601.444,99.5644,2,95.2688,75.1106,73.1106,67.4443,0,0,0,43.1227,28.4203,3,20.1583
4557.1,99415.6,96.1201,0.300972,36.1698,68.7564,5.78409,14692.4,0,0,1622.78,594.689,101.06,2,96.7582,76.4975,74.4975,68.7564,0,0,0,43.1276,28.4201,3,20.2607
4557.2,99418.3,96.1212,0.303852,36.1779,69.6942,5.85464,14693,0,0,1641.49,594.689,102.225,2,97.8937,77.4889,75.4889,69.6942,0,0,0,43.1325,28.4199,3,20.4048
4557.3,99421,96.1237,0.306758,36.1861,70.1684,5.89767,14693.6,0,0,1652.88,594.689,102.934,2,98.5844,77.99,75.99,70.1684,0,0,0,43.1376,28.4197,3,20.5944
4557.4,99423.7,96.1264,0.309691,36.1943,69.9355,5.87544,14694.2,0,0,1647,594.689,102.568,2,98.2278,77.7438,75.7438,69.9355,0,0,0,43.1425,28.4194,3,20.4839
4557.5,99426.3,96.1278,0.312651,36.2026,69.4739,5.83217,14694.7,0,0,1635.54,594.689,101.854,2,97.5325,77.2559,75.2559,69.4739,0,0,0,43.1475,28.4192,3,20.2765
4557.6,99429,96.1285,0.315639,36.211,69.3485,5.8199,14695.3,0,0,1632.29,594.689,101.652,2,97.3351,77.1233,75.1233,69.3485,0,0,0,43.1524,28.419,3,20.2118
4557.7,99431.7,96.1292,0.318655,36.2195,69.6753,5.84929,14695.9,0,0,1640.08,594.689,102.137,2,97.8078,77.4688,75.4688,69.6753,0,0,0,43.1573,28.4188,3,20.339
4557.8,99434.3,96.131,0.321698,36.228,70.4047,5.91105,14696.5,0,0,1656.41,594.689,103.154,2,98.7989,78.2398,76.2398,70.4047,0,0,0,43.1623,28.4186,3,20.5591
4557.9,99437,96.1343,0.32477,36.2366,70.9744,5.9457,14697.1,0,0,1665.55,594.689,103.724,2,99.3537,78.842,76.842,70.9744,0,0,0,43.1673,28.4184,3,20.5116
4558,99439.7,96.1381,0.32787,36.2453,70.9549,5.94401,14697.7,0,0,1665.11,594.689,103.696,2,99.3266,78.8213,76.8213,70.9549,0,0,0,43.1723,28.4182,3,20.5053
4558.1,99442.4,96.1411,0.330998,36.2541,70.6508,5.92476,14698.3,0,0,1660.03,594.689,103.38,2,99.0185,78.4998,76.4998,70.6508,0,0,0,43.1773,28.418,3,20.5187
4558.2,99445,96.1435,0.334155,36.263,70.6454,5.92395,14698.9,0,0,1659.82,594.689,103.366,2,99.0055,78.4941,76.4941,70.6454,0,0,0,43.1823,28.4178,3,20.5113
4558.3,99447.7,96.1462,0.337341,36.272,70.8242,5.93449,14699.5,0,0,1662.6,594.689,103.539,2,99.1743,78.6831,76.6831,70.8242,0,0,0,43.1872,28.4176,3,20.4911
4558.4,99450.4,96.1491,0.340556,36.281,70.8888,5.93799,14700.1,0,0,1663.52,594.689,103.597,2,99.2303,78.7514,76.7514,70.8888,0,0,0,43.1922,28.4174,3,20.4789
4558.5,99453,96.1518,0.3438,36.2902,70.853,5.9353,14700.6,0,0,1662.81,594.689,103.553,2,99.1872,78.7135,76.7135,70.853,0,0,0,43.1972,28.4172,3,20.4737
4558.6,99455.7,96.1543,0.347073,36.2994,71.1285,5.95182,14701.2,0,0,1667.17,594.689,103.824,2,99.4515,79.0048,77.0048,71.1285,0,0,0,43.2022,28.417,3,20.4467
4558.7,99458.4,96.1579,0.350376,36.3087,71.4193,5.9693,14701.8,0,0,1671.77,594.689,104.111,2,99.7309,79.3121,77.3121,71.4193,0,0,0,43.2071,28.4168,3,20.4188
4558.8,99461,96.1612,0.353708,36.3181,71.736,5.98839,14702.4,0,0,1676.8,594.689,104.424,2,100.036,79.6468,77.6468,71.736,0,0,0,43.2121,28.4166,3,20.389
4558.9,99463.7,96.1658,0.357071,36.3276,73.2696,6.08299,14703,0,0,1701.63,594.689,105.97,2,101.542,81.268,79.268,73.2696,0,0,0,43.217,28.4164,3,20.2741
4559,99466.4,96.175,0.360463,36.3372,75.9021,6.24102,14703.7,0,0,1742.86,594.689,108.538,2,104.042,84.0611,82.0611,75.9021,0,0,0,43.2219,28.4162,3,19.9813
4559.1,99469.1,96.1896,0.363886,36.3469,78.5135,6.40034,14704.3,0,0,1784.08,594.689,111.105,2,106.542,86.833,84.833,78.5135,0,0,0,43.2267,28.416,3,19.709
4559.2,99471.7,96.2086,0.367339,36.3567,80.6843,6.56505,14705,0,0,1826.42,594.326,113.672,2,109.042,89.1372,87.1372,80.6843,0,0,0,43.2315,28.4158,3,19.9049
4559.3,99474.4,96.2314,0.370824,36.3665,82.1356,6.71174,14705.6,0,0,1872.85,590.956,115.901,2,111.223,90.6776,88.6776,82.1356,0,0,0,43.2365,28.4156,3,20.5456
4559.4,99477.1,96.2558,0.374339,36.3765,82.2064,6.71586,14706.3,0,0,1874.39,590.789,115.963,2,111.285,90.7527,88.7527,82.2064,0,0,0,43.2415,28.4154,3,20.532
4559.5,99479.8,96.2784,0.377887,36.3865,81.048,6.63807,14707,0,0,1851.04,592.184,114.79,2,110.138,89.523,87.523,81.048,0,0,0,43.2465,28.4152,3,20.6146
4559.6,99482.4,96.2978,0.381465,36.3967,78.9332,6.49673,14707.6,0,0,1808.66,594.689,112.636,2,108.032,87.2779,85.2779,78.9332,0,0,0,43.2516,28.415,3,20.7538
4559.7,99485.1,96.3118,0.385075,36.4069,76.2715,6.29683,14708.3,0,0,1757.34,594.689,109.439,2,104.92,84.4523,82.4523,76.2715,0,0,0,43.2565,28.4148,3,20.4681
4559.8,99487.8,96.3204,0.388717,36.4173,73.888,6.11712,14708.9,0,0,1710.56,594.689,106.526,2,102.084,81.922,79.922,73.888,0,0,0,43.2614,28.4146,3,20.1619
4559.9,99490.5,96.3247,0.392389,36.4277,71.809,5.98757,14709.5,0,0,1676.58,594.689,104.41,2,100.023,79.7231,77.7231,71.809,0,0,0,43.2664,28.4144,3,20.2996
4560,99493.1,96.3249,0.396093,36.4383,70.0606,5.86818,14710.1,0,0,1645.08,594.689,102.448,2,98.1112,77.8748,75.8748,70.0606,0,0,0,43.2713,28.4142,3,20.2364
4560.1,99495.8,96.3221,0.399828,36.4489,69.0323,5.7866,14710.6,0,0,1623.45,594.689,101.101,2,96.7986,76.7878,74.7878,69.0323,0,0,0,43.2761,28.414,3,20.0108
4560.2,99498.5,96.318,0.403594,36.4597,68.8523,5.7751,14711.2,0,0,1620.39,594.689,100.911,2,96.6132,76.5975,74.5975,68.8523,0,0,0,43.281,28.4138,3,20.0157
4560.3,99501.2,96.3143,0.407391,36.4705,69.1949,5.79563,14711.8,0,0,1625.85,594.689,101.251,2,96.9441,76.9597,74.9597,69.1949,0,0,0,43.2859,28.4135,3,19.9844
4560.4,99503.8,96.3113,0.41122,36.4815,69.8752,5.84826,14712.4,0,0,1639.81,594.689,102.12,2,97.7913,77.6789,75.6789,69.8752,0,0,0,43.2908,28.4133,3,20.1123
4560.5,99506.5,96.31,0.41508,36.4925,70.7453,5.91904,14713,0,0,1658.52,594.689,103.286,2,98.927,78.5987,76.5987,70.7453,0,0,0,43.2957,28.4131,3,20.3282
4560.6,99509.2,96.3102,0.418972,36.5037,71.5647,5.96914,14713.6,0,0,1671.73,594.689,104.108,2,99.7284,79.465,77.465,71.5647,0,0,0,43.3006,28.4129,3,20.2634
4560.7,99511.9,96.3118,0.422895,36.515,72.2607,6.01172,14714.2,0,0,1682.93,594.689,104.806,2,100.408,80.2007,78.2007,72.2607,0,0,0,43.3055,28.4127,3,20.2072
4560.8,99514.5,96.3145,0.42685,36.5263,72.5916,6.03174,14714.8,0,0,1688.19,594.689,105.133,2,100.727,80.5505,78.5505,72.5916,0,0,0,43.3104,28.4125,3,20.1765
4560.9,99517.2,96.3171,0.430837,36.5378,72.6972,6.03781,14715.4,0,0,1689.78,594.689,105.232,2,100.824,80.6621,78.6621,72.6972,0,0,0,43.3153,28.4123,3,20.1615
4561,99519.9,96.3199,0.434856,36.5494,72.0773,5.99893,14716,0,0,1679.57,594.689,104.596,2,100.204,80.0067,78.0067,72.0773,0,0,0,43.3203,28.4121,3,20.1972
4561.1,99522.6,96.3198,0.438907,36.5611,71.1875,5.94346,14716.6,0,0,1664.96,594.689,103.687,2,99.3178,79.0662,77.0662,71.1875,0,0,0,43.3252,28.4119,3,20.2516
4561.2,99525.2,96.3188,0.44299,36.5729,70.6856,5.91203,14717.2,0,0,1656.67,594.689,103.17,2,98.8145,78.5356,76.5356,70.6856,0,0,0,43.3301,28.4117,3,20.2789
4561.3,99527.9,96.3165,0.447104,36.5848,70.2389,5.87539,14717.7,0,0,1646.99,594.689,102.567,2,98.2269,78.0634,76.0634,70.2389,0,0,0,43.335,28.4115,3,20.1636
4561.4,99530.6,96.3135,0.451251,36.5968,70.5031,5.89907,14718.3,0,0,1653.25,594.689,102.957,2,98.6069,78.3427,76.3427,70.5031,0,0,0,43.3399,28.4113,3,20.2642
4561.5,99533.3,96.312,0.455429,36.6089,71.734,5.97531,14718.9,0,0,1673.35,594.689,104.209,2,99.8269,79.6439,77.6439,71.734,0,0,0,43.3448,28.4111,3,20.1829
4561.6,99535.9,96.3135,0.45964,36.6212,72.6844,6.03366,14719.5,0,0,1688.7,594.689,105.165,2,100.758,80.6486,78.6486,72.6844,0,0,0,43.3497,28.4109,3,20.109
4561.7,99538.6,96.3154,0.463882,36.6335,72.8711,6.04476,14720.1,0,0,1691.61,594.689,105.346,2,100.934,80.846,78.846,72.8711,0,0,0,43.3546,28.4107,3,20.0883
4561.8,99541.3,96.3174,0.468157,36.646,73.3336,6.07299,14720.7,0,0,1699.01,594.689,105.807,2,101.383,81.3349,79.3349,73.3336,0,0,0,43.3595,28.4105,3,20.0484
4561.9,99544,96.3208,0.472464,36.6586,73.7073,6.09575,14721.4,0,0,1704.97,594.689,106.178,2,101.745,81.7301,79.7301,73.7073,0,0,0,43.3644,28.4103,3,20.0147
4562,99546.6,96.3239,0.476803,36.6713,73.7883,6.10033,14722,0,0,1706.17,594.689,106.253,2,101.818,81.8161,79.8161,73.7883,0,0,0,43.3692,28.41,3,20.0015
4562.1,99549.3,96.3273,0.481174,36.6841,74.7911,6.1761,14722.6,0,0,1725.96,594.689,107.485,2,103.018,82.8806,80.8806,74.7911,0,0,0,43.3741,28.4098,3,20.1372
4562.2,99552,96.334,0.485578,36.697,76.2093,6.28079,14723.2,0,0,1753.18,594.689,109.181,2,104.668,84.3861,82.3861,76.2093,0,0,0,43.379,28.4096,3,20.2823
4562.3,99554.7,96.3426,0.490014,36.7101,76.8757,6.32235,14723.8,0,0,1763.94,594.689,109.851,2,105.321,85.0934,83.0934,76.8757,0,0,0,43.384,28.4094,3,20.2276
4562.4,99557.3,96.3516,0.494482,36.7232,77.6121,6.36843,14724.5,0,0,1775.85,594.689,110.593,2,106.043,85.8752,83.8752,77.6121,0,0,0,43.3889,28.4092,3,20.1679
4562.5,99560,96.3628,0.498983,36.7365,78.8586,6.46938,14725.1,0,0,1801.84,594.689,112.211,2,107.619,87.1984,85.1984,78.8586,0,0,0,43.3938,28.409,3,20.4201
4562.6,99562.7,96.3763,0.503516,36.75,79.8397,6.54214,14725.8,0,0,1819.7,594.689,113.323,2,108.701,88.2398,86.2398,79.8397,0,0,0,43.3988,28.4088,3,20.4609
4562.7,99565.4,96.3908,0.508083,36.7635,81.0026,6.61834,14726.4,0,0,1846.27,592.184,114.493,2,109.849,89.4743,87.4743,81.0026,0,0,0,43.4038,28.4086,3,20.3751
4562.8,99568.1,96.4085,0.512681,36.7772,82.6711,6.72909,14727.1,0,0,1879.35,590.251,116.164,2,111.482,91.2455,89.2455,82.6711,0,0,0,43.4087,28.4084,3,20.2366
4562.9,99570.7,96.4291,0.517313,36.791,83.6592,6.82127,14727.8,0,0,1903.38,589.679,117.536,2,112.818,92.2945,90.2945,83.6592,0,0,0,43.4137,28.4082,3,20.5237
4563,99573.4,96.4502,0.521978,36.8049,84.0111,6.85027,14728.5,0,0,1911.82,589.231,117.967,2,113.239,92.668,90.668,84.0111,0,0,0,43.4187,28.408,3,20.5711
4563.1,99576.1,96.4717,0.526675,36.8189,84.2008,6.86216,14729.2,0,0,1916.27,588.747,118.145,2,113.414,92.8692,90.8692,84.2008,0,0,0,43.4237,28.4078,3,20.5446
4563.2,99578.8,96.493,0.531406,36.8331,83.5739,6.81012,14729.8,0,0,1900.71,589.679,117.371,2,112.658,92.2037,90.2037,83.5739,0,0,0,43.4286,28.4076,3,20.4541
4563.3,99581.4,96.5117,0.536169,36.8474,81.9596,6.67988,14730.5,0,0,1861.14,592.184,115.416,2,110.747,90.4899,88.4899,81.9596,0,0,0,43.4336,28.4074,3,20.2568
4563.4,99584.1,96.5262,0.540964,36.8619,79.963,6.54621,14731.2,0,0,1820.69,594.689,113.385,2,108.761,88.37,86.37,79.963,0,0,0,43.4385,28.4072,3,20.3906
4563.5,99586.8,96.5366,0.545792,36.8764,77.6987,6.36845,14731.8,0,0,1775.86,594.689,110.593,2,106.043,85.9661,83.9661,77.6987,0,0,0,43.4434,28.407,3,20.0772
4563.6,99589.5,96.5419,0.550652,36.8911,75.4065,6.22299,14732.4,0,0,1738.17,594.689,108.246,2,103.758,83.5325,81.5325,75.4065,0,0,0,43.4483,28.4068,3,20.2256
4563.7,99592.2,96.5429,0.555543,36.906,73.7069,6.08698,14733,0,0,1702.68,594.689,106.035,2,101.606,81.7287,79.7287,73.7069,0,0,0,43.4531,28.4066,3,19.8769
4563.8,99594.9,96.5412,0.560466,36.9209,73.3437,6.06395,14733.6,0,0,1696.64,594.689,105.659,2,101.24,81.3447,79.3447,73.3437,0,0,0,43.458,28.4064,3,19.8948
4563.9,99597.5,96.5405,0.56542,36.936,74.2195,6.11803,14734.3,0,0,1710.8,594.689,106.541,2,102.098,82.2724,80.2724,74.2195,0,0,0,43.4628,28.4062,3,19.8259
4564,99600.2,96.5419,0.570406,36.9512,75.6979,6.23977,14734.9,0,0,1742.53,594.689,108.517,2,104.023,83.8419,81.8419,75.6979,0,0,0,43.4677,28.406,3,20.1808
4564.1,99602.9,96.5467,0.575422,36.9666,77.1487,6.33076,14735.5,0,0,1766.12,594.689,109.986,2,105.453,85.3822,83.3822,77.1487,0,0,0,43.4726,28.4058,3,20.0708
4564.2,99605.6,96.5533,0.58047,36.9821,77.8274,6.37321,14736.2,0,0,1777.09,594.689,110.669,2,106.118,86.1027,84.1027,77.8274,0,0,0,43.4775,28.4056,3,20.0152
4564.3,99608.3,96.5604,0.585549,36.9978,77.7513,6.36791,14736.8,0,0,1775.72,594.689,110.584,2,106.035,86.0218,84.0218,77.7513,0,0,0,43.4823,28.4053,3,20.013
4564.4,99610.9,96.5663,0.59066,37.0135,76.6291,6.2965,14737.4,0,0,1757.25,594.689,109.434,2,104.915,84.8304,82.8304,76.6291,0,0,0,43.4872,28.4051,3,20.0848
4564.5,99613.6,96.5686,0.595801,37.0294,74.0254,6.10303,14738,0,0,1706.88,594.689,106.297,2,101.86,82.0661,80.0661,74.0254,0,0,0,43.492,28.4049,3,19.7942
4564.6,99616.3,96.564,0.600973,37.0455,70.6498,5.8897,14738.6,0,0,1650.77,594.689,102.803,2,98.4566,78.4965,76.4965,70.6498,0,0,0,43.4969,28.4047,3,19.9602
4564.7,99619,96.5527,0.606174,37.0617,67.8697,5.67738,14739.2,0,0,1575.02,602.411,99.3589,2,95.0639,75.5574,73.5574,67.8697,0,0,0,43.5016,28.4045,3,19.5065
4564.8,99621.7,96.537,0.611405,37.078,65.5611,5.50161,14739.7,0,0,1487.7,621.074,96.7583,2,92.4319,73.1167,71.1167,65.5611,0,0,0,43.5063,28.4043,3,19.3152
4564.9,99624.4,96.5165,0.616666,37.0945,62.857,5.31672,14740.3,0,0,1413.86,634.266,93.9086,2,89.5761,70.2598,68.2598,62.857,0,0,0,43.511,28.4041,3,19.3163
4565,99627,96.4899,0.621955,37.1111,60.4505,5.15664,14740.8,0,0,1370.98,634.911,91.1532,2,86.8804,67.7258,65.7258,60.4505,0,0,0,43.5157,28.4039,3,19.1546
4565.1,99629.7,96.4598,0.627272,37.1278,59.0667,5.10505,14741.3,0,0,1359.79,633.745,90.2435,2,85.9983,66.2689,64.2689,59.0667,0,0,0,43.5205,28.4036,3,19.7294
4565.2,99632.4,96.4277,0.632617,37.1447,57.8553,5.02165,14741.8,0,0,1340.82,632.264,88.7765,2,84.5734,64.9935,62.9935,57.8553,0,0,0,43.5252,28.4034,3,19.5799
4565.3,99635.1,96.3926,0.63799,37.1617,55.9632,4.91893,14742.3,0,0,1317.09,630.524,86.965,2,82.8132,63.0014,61.0014,55.9632,0,0,0,43.53,28.4032,3,19.8118
4565.4,99637.8,96.353,0.64339,37.1789,54.9366,4.87793,14742.8,0,0,1307.69,629.759,86.24,2,82.109,61.9208,59.9208,54.9366,0,0,0,43.5349,28.403,3,20.1882
4565.5,99640.4,96.3138,0.648816,37.1961,55.6883,4.87794,14743.3,0,0,1307.7,629.759,86.2402,2,82.1092,62.7125,60.7125,55.6883,0,0,0,43.5397,28.4028,3,19.3967
4565.6,99643.1,96.2769,0.65427,37.2136,56.9177,5.01266,14743.8,0,0,1338.46,632.264,88.6203,2,84.4207,64.0074,62.0074,56.9177,0,0,0,43.5446,28.4026,3,20.4133
4565.7,99645.8,96.2424,0.65975,37.2311,57.888,5.02152,14744.3,0,0,1340.79,632.264,88.7743,2,84.5712,65.0293,63.0293,57.888,0,0,0,43.5494,28.4024,3,19.5419
4565.8,99648.4,96.2092,0.665256,37.2488,58.8192,5.07139,14744.8,0,0,1352.52,632.955,89.6491,2,85.4221,66.01,64.01,58.8192,0,0,0,43.5541,28.4022,3,19.4121
4565.9,99651.1,96.1782,0.670789,37.2667,59.9005,5.14887,14745.3,0,0,1369.23,634.769,91.0167,2,86.7479,67.1488,65.1488,59.9005,0,0,0,43.5588,28.402,3,19.5991
4566,99653.8,96.149,0.676349,37.2847,60.2187,5.14887,14745.8,0,0,1369.23,634.769,91.0167,2,86.7479,67.4841,65.4841,60.2187,0,0,0,43.5635,28.4017,3,19.2638
4566.1,99656.5,96.119,0.681934,37.3028,60.1823,5.14887,14746.3,0,0,1369.23,634.769,91.0167,2,86.7479,67.4459,65.4459,60.1823,0,0,0,43.5682,28.4015,3,19.3019
4566.2,99659.1,96.0896,0.687545,37.3211,61.0004,5.22347,14746.8,0,0,1385.96,636.131,92.3265,2,88.0198,68.3076,66.3076,61.0004,0,0,0,43.573,28.4013,3,19.7122
4566.3,99661.8,96.0626,0.693182,37.3395,62.7901,5.30772,14747.4,0,0,1409.73,635.162,93.7667,2,89.4325,70.192,68.192,62.7901,0,0,0,43.5777,28.4011,3,19.2404
4566.4,99664.5,96.04,0.698845,37.3581,64.4307,5.41319,14747.9,0,0,1444.18,630.774,95.3947,2,91.0475,71.9257,69.9257,64.4307,0,0,0,43.5823,28.4009,3,19.1217
4566.5,99667.1,96.0193,0.704533,37.3768,66.0317,5.52895,14748.5,0,0,1496.19,620.153,97.1658,2,92.8345,73.6183,71.6183,66.0317,0,0,0,43.587,28.4007,3,19.2162
4566.6,99669.8,96.0027,0.710247,37.3957,67.31,5.62388,14749,0,0,1557.98,604.26,98.586,2,94.3012,74.9696,72.9696,67.31,0,0,0,43.5917,28.4004,3,19.3316
4566.7,99672.5,95.9867,0.715987,37.4147,67.1623,5.61218,14749.6,0,0,1554.2,604.671,98.4134,2,94.1309,74.8136,72.8136,67.1623,0,0,0,43.5964,28.4002,3,19.3173
4566.8,99675.1,95.9692,0.721752,37.4339,66.6719,5.57625,14750.1,0,0,1526.33,612.391,97.8824,2,93.5742,74.2953,72.2953,66.6719,0,0,0,43.6011,28.4,3,19.2789
4566.9,99677.8,95.951,0.727541,37.4532,66.3044,5.54801,14750.7,0,0,1504.99,618.348,97.4526,2,93.124,73.9071,71.9071,66.3044,0,0,0,43.6058,28.3998,3,19.2169
4567,99680.5,95.9319,0.733355,37.4726,65.5019,5.48442,14751.2,0,0,1482.37,621.653,96.5014,2,92.178,73.059,71.059,65.5019,0,0,0,43.6104,28.3996,3,19.119
4567.1,99683.1,95.9102,0.739194,37.4923,64.6373,5.42382,14751.8,0,0,1450.54,629.117,95.5631,2,91.2212,72.1453,70.1453,64.6373,0,0,0,43.6151,28.3994,3,19.0758
4567.2,99685.8,95.8874,0.745056,37.512,64.0599,5.38293,14752.3,0,0,1433.78,632.264,94.9315,2,90.5867,71.5353,69.5353,64.0599,0,0,0,43.6197,28.3991,3,19.0514
4567.3,99688.5,95.8633,0.750942,37.532,62.4236,5.28636,14752.9,0,0,1400,637.274,93.4293,2,89.0906,69.8076,67.8076,62.4236,0,0,0,43.6244,28.3989,3,19.283
4567.4,99691.1,95.8338,0.756851,37.552,60.1812,5.14887,14753.4,0,0,1369.23,634.769,91.0167,2,86.7479,67.4471,65.4471,60.1812,0,0,0,43.6291,28.3987,3,19.3008
4567.5,99693.8,95.8006,0.762783,37.5722,58.967,5.07423,14753.9,0,0,1353.14,633.022,89.6993,2,85.4707,66.1691,64.1691,58.967,0,0,0,43.6338,28.3985,3,19.3016
4567.6,99696.4,95.7661,0.768736,37.5926,58.042,5.02205,14754.4,0,0,1340.93,632.264,88.7835,2,84.5803,65.1957,63.1957,58.042,0,0,0,43.6385,28.3983,3,19.3846
4567.7,99699.1,95.729,0.774712,37.6131,57.4206,5.01266,14754.9,0,0,1338.46,632.264,88.6203,2,84.4207,64.5417,62.5417,57.4206,0,0,0,43.6433,28.3981,3,19.879
4567.8,99701.8,95.6919,0.780708,37.6338,57.9497,5.01876,14755.4,0,0,1340.06,632.264,88.7263,2,84.5243,65.0991,63.0991,57.9497,0,0,0,43.648,28.3978,3,19.4252
4567.9,99704.4,95.6568,0.786726,37.6547,58.4763,5.0348,14755.9,0,0,1344.27,632.264,89.0049,2,84.7966,65.6538,63.6538,58.4763,0,0,0,43.6527,28.3976,3,19.1429
4568,99707.1,95.6216,0.792764,37.6756,57.5251,5.01266,14756.4,0,0,1338.46,632.264,88.6203,2,84.4207,64.6527,62.6527,57.5251,0,0,0,43.6575,28.3974,3,19.768
4568.1,99709.7,95.5825,0.798823,37.6968,55.9704,4.8914,14756.9,0,0,1310.78,630.011,86.4782,2,82.3404,63.0165,61.0165,55.9704,0,0,0,43.6622,28.3972,3,19.3239
4568.2,99712.4,95.541,0.804902,37.718,54.7473,4.85713,14757.4,0,0,1303.18,629.269,85.8755,2,81.7557,61.7293,59.7293,54.7473,0,0,0,43.667,28.397,3,20.0264
4568.3,99715,95.497,0.811,37.7395,53.3056,4.77286,14757.8,0,0,1284.62,627.254,84.3811,2,80.3068,60.2122,58.2122,53.3056,0,0,0,43.6719,28.3968,2,20.0946
4568.4,99717.7,95.4496,0.817117,37.7611,51.8713,4.64013,14758.3,0,0,1253.85,624.749,82.0311,2,78.0242,58.7033,56.7033,51.8713,0,0,0,43.6766,28.3966,2,19.3209
4568.5,99720.3,95.3997,0.823252,37.7828,50.5157,4.55147,14758.8,0,0,1233.14,623.063,80.4587,2,76.4968,57.2791,55.2791,50.5157,0,0,0,43.6813,28.3964,2,19.2177
4568.6,99723,95.3469,0.829405,37.8047,48.9074,4.49801,14759.2,0,0,1220.21,622.244,79.5107,2,75.5747,55.5889,53.5889,48.9074,0,0,0,43.6862,28.3961,2,19.9858
4568.7,99725.6,95.2906,0.835576,37.8268,47.0695,4.39249,14759.7,0,0,1197.59,618.954,77.6236,2,73.749,53.6569,51.6569,47.0695,0,0,0,43.691,28.3959,2,20.0921
4568.8,99728.3,95.2303,0.841763,37.8489,45.6609,4.29029,14760.1,0,0,1179.94,613.206,75.7695,2,71.97,52.1757,50.1757,45.6609,0,0,0,43.6959,28.3957,2,19.7942
4568.9,99730.9,95.1684,0.847967,37.8713,45.6688,4.29028,14760.5,0,0,1179.94,613.206,75.7694,2,71.9699,52.1837,50.1837,45.6688,0,0,0,43.7007,28.3955,2,19.7862
4569,99733.6,95.1081,0.854186,37.8938,47.2814,4.40138,14761,0,0,1199.11,619.451,77.785,2,73.9038,53.8793,51.8793,47.2814,0,0,0,43.7055,28.3953,2,20.0245
4569.1,99736.2,95.0525,0.860421,37.9164,49.4781,4.50858,14761.4,0,0,1223.08,622.244,79.6972,2,75.7571,56.1898,54.1898,49.4781,0,0,0,43.7103,28.3951,2,19.5673
4569.2,99738.9,95.0008,0.866672,37.9392,51.8733,4.64013,14761.9,0,0,1253.85,624.749,82.0311,2,78.0242,58.7098,56.7098,51.8733,0,0,0,43.715,28.3949,2,19.3144
4569.3,99741.5,94.9546,0.872938,37.9622,55.2053,4.78769,14762.3,0,0,1287.89,627.61,84.6442,2,80.5619,62.2171,60.2171,55.2053,0,0,0,43.7194,28.3947,2,18.3448
4569.4,99744.1,94.9161,0.87922,37.9853,58.6681,4.97817,14762.8,0,0,1330.61,631.625,88.0117,2,83.8297,65.8618,63.8618,58.6681,0,0,0,43.7238,28.3944,3,17.9679
4569.5,99746.8,94.8834,0.885518,38.0085,61.1714,5.12429,14763.4,0,0,1363.94,634.195,90.583,2,86.3274,68.4966,66.4966,61.1714,0,0,0,43.7281,28.3942,3,17.8308
4569.6,99749.4,94.8546,0.891832,38.0319,63.3417,5.28636,14763.9,0,0,1400,637.274,93.4293,2,89.0906,70.7857,68.7857,63.3417,0,0,0,43.7326,28.394,3,18.3049
4569.7,99752,94.8304,0.898161,38.0555,65.4661,5.44656,14764.4,0,0,1464.35,625.52,95.9211,2,91.5906,73.0305,71.0305,65.4661,0,0,0,43.7371,28.3937,3,18.5601
4569.8,99754.7,94.8098,0.904506,38.0793,66.1555,5.52029,14765,0,0,1493.5,620.445,97.0368,2,92.707,73.7591,71.7591,66.1555,0,0,0,43.7417,28.3935,3,18.9479
4569.9,99757.3,94.788,0.910867,38.1032,65.3614,5.4589,14765.5,0,0,1471.97,623.535,96.1142,2,91.7899,72.9203,70.9203,65.3614,0,0,0,43.7463,28.3933,3,18.8696
4570,99759.9,94.764,0.917242,38.1272,64.6405,5.41014,14766.1,0,0,1442.37,631.247,95.3463,2,90.9975,72.1589,70.1589,64.6405,0,0,0,43.7509,28.3931,3,18.8386
4570.1,99762.6,94.739,0.923632,38.1515,64.7662,5.41825,14766.6,0,0,1447.2,629.988,95.4749,2,91.1301,72.292,70.292,64.7662,0,0,0,43.7555,28.3928,3,18.8381
4570.2,99765.2,94.7152,0.930036,38.1758,64.7005,5.4133,14767.1,0,0,1444.24,630.758,95.3964,2,91.0492,72.2229,70.2229,64.7005,0,0,0,43.76,28.3926,3,18.8263
4570.3,99767.8,94.6897,0.936453,38.2004,64.3612,5.38892,14767.7,0,0,1435.14,632.264,95.0216,2,90.6747,71.8647,69.8647,64.3612,0,0,0,43.7646,28.3924,3,18.81
4570.4,99770.5,94.6643,0.942884,38.2251,64.1844,5.37576,14768.2,0,0,1432.15,632.264,94.8237,2,90.4814,71.6781,69.6781,64.1844,0,0,0,43.7692,28.3922,3,18.8033
4570.5,99773.1,94.6378,0.949328,38.25,63.6711,5.33911,14768.8,0,0,1423.69,632.264,94.2634,2,89.9342,71.1361,69.1361,63.6711,0,0,0,43.7738,28.392,3,18.7981
4570.6,99775.7,94.6101,0.955784,38.275,62.9101,5.29794,14769.3,0,0,1405.26,636.131,93.6124,2,89.2761,70.3325,68.3325,62.9101,0,0,0,43.7784,28.3917,3,18.9437
4570.7,99778.3,94.5803,0.962252,38.3002,62.4552,5.28636,14769.8,0,0,1400,637.274,93.4293,2,89.0906,69.8523,67.8523,62.4552,0,0,0,43.783,28.3915,3,19.2383
4570.8,99781,94.5505,0.968732,38.3256,61.9887,5.28636,14770.3,0,0,1400,637.274,93.4293,2,89.0906,69.3598,67.3598,61.9887,0,0,0,43.7878,28.3913,3,19.7308
4570.9,99783.6,94.5186,0.975223,38.3511,61.2189,5.20658,14770.9,0,0,1382.18,635.823,92.0301,2,87.7319,68.5499,66.5499,61.2189,0,0,0,43.7925,28.3911,3,19.182
4571,99786.2,94.4855,0.981724,38.3768,60.6101,5.14887,14771.4,0,0,1369.23,634.769,91.0167,2,86.7479,67.9096,65.9096,60.6101,0,0,0,43.7971,28.3909,3,18.8383
4571.1,99788.8,94.451,0.988236,38.4026,59.4917,5.10465,14771.9,0,0,1359.71,633.735,90.2364,2,85.9915,66.733,64.733,59.4917,0,0,0,43.8018,28.3907,3,19.2585
4571.2,99791.5,94.4132,0.994757,38.4286,57.5956,5.01266,14772.4,0,0,1338.46,632.264,88.6203,2,84.4207,64.7382,62.7382,57.5956,0,0,0,43.8065,28.3904,3,19.6825
4571.3,99794.1,94.3709,1.00129,38.4548,56.018,4.87793,14772.9,0,0,1307.69,629.759,86.24,2,82.109,63.0787,61.0787,56.018,0,0,0,43.8112,28.3902,3,19.0304
4571.4,99796.7,94.3266,1.00782,38.4811,55.4802,4.87793,14773.4,0,0,1307.69,629.759,86.24,2,82.109,62.5133,60.5133,55.4802,0,0,0,43.8159,28.39,3,19.5957
4571.5,99799.3,94.2819,1.01437,38.5076,55.4598,4.87793,14773.9,0,0,1307.69,629.759,86.24,2,82.109,62.4923,60.4923,55.4598,0,0,0,43.8207,28.3898,3,19.6167
4571.6,99801.9,94.2374,1.02092,38.5343,56.5003,4.93172,14774.4,0,0,1320.01,630.762,87.1911,2,83.0327,63.5877,61.5877,56.5003,0,0,0,43.8254,28.3896,3,19.4451
4571.7,99804.6,94.1968,1.02748,38.5611,59.2759,5.0756,14774.9,0,0,1353.43,633.054,89.7235,2,85.4942,66.5084,64.5084,59.2759,0,0,0,43.83,28.3894,3,18.9857
4571.8,99807.2,94.1631,1.03405,38.588,62.7381,5.28636,14775.4,0,0,1400,637.274,93.4293,2,89.0906,70.1558,68.1558,62.7381,0,0,0,43.8346,28.3891,3,18.9348
4571.9,99809.8,94.1362,1.04063,38.6152,65.9683,5.44656,14775.9,0,0,1464.35,625.52,95.9211,2,91.5906,73.568,71.568,65.9683,0,0,0,43.839,28.3889,3,18.0225
4572,99812.4,94.1152,1.04721,38.6425,68.988,5.60935,14776.5,0,0,1552.56,605.069,98.3741,2,94.0906,76.7578,74.7578,68.988,0,0,0,43.8432,28.3887,3,17.3328
4572.1,99815,94.1001,1.0538,38.6699,71.4317,5.77371,14777.1,0,0,1620.02,594.689,100.888,2,96.5907,79.3391,77.3391,71.4317,0,0,0,43.8474,28.3884,3,17.2516
4572.2,99817.6,94.0886,1.06039,38.6976,73.1295,5.92928,14777.7,0,0,1661.22,594.689,103.454,2,99.0908,81.1376,79.1376,73.1295,0,0,0,43.8518,28.3882,3,17.9532
4572.3,99820.3,94.0799,1.067,38.7254,74.4268,6.08606,14778.3,0,0,1702.44,594.689,106.02,2,101.591,82.5136,80.5136,74.4268,0,0,0,43.8564,28.388,3,19.0774
4572.4,99822.9,94.0732,1.07361,38.7533,75.6462,6.18641,14778.9,0,0,1728.65,594.689,107.653,2,103.181,83.8069,81.8069,75.6462,0,0,0,43.8611,28.3878,3,19.3738
4572.5,99825.5,94.069,1.08023,38.7815,77.308,6.30298,14779.5,0,0,1758.93,594.689,109.539,2,105.017,85.5693,83.5693,77.308,0,0,0,43.8659,28.3875,3,19.4478
4572.6,99828.1,94.0686,1.08685,38.8098,78.9456,6.40784,14780.2,0,0,1786.02,594.689,111.225,2,106.659,87.3061,85.3061,78.9456,0,0,0,43.8706,28.3873,3,19.353
4572.7,99830.7,94.0705,1.09348,38.8383,80.1481,6.51356,14780.8,0,0,1812.75,594.689,112.891,2,108.28,88.5814,86.5814,80.1481,0,0,0,43.8754,28.3871,3,19.6985
4572.8,99833.3,94.0745,1.10011,38.8669,81.4104,6.59693,14781.5,0,0,1838.32,593.034,114.164,2,109.526,89.9201,87.9201,81.4104,0,0,0,43.8801,28.3869,3,19.6058
4572.9,99835.9,94.0809,1.10675,38.8958,82.3168,6.657,14782.1,0,0,1855.62,592.184,115.073,2,110.413,90.8818,88.8818,82.3168,0,0,0,43.8849,28.3867,3,19.5317
4573,99838.5,94.0881,1.1134,38.9248,82.0147,6.63606,14782.8,0,0,1850.56,592.184,114.759,2,110.108,90.561,88.561,82.0147,0,0,0,43.8896,28.3865,3,19.5472
4573.1,99841.2,94.0928,1.12005,38.954,80.9529,6.56544,14783.5,0,0,1826.57,594.31,113.678,2,109.048,89.4348,87.4348,80.9529,0,0,0,43.8944,28.3863,3,19.6133
4573.2,99843.8,94.0952,1.12671,38.9833,80.5179,6.53589,14784.1,0,0,1818.18,594.689,113.228,2,108.609,88.9734,86.9734,80.5179,0,0,0,43.8992,28.3861,3,19.6353
4573.3,99846.4,94.0977,1.13337,39.0129,80.2767,6.51917,14784.8,0,0,1814.12,594.689,112.976,2,108.363,88.7176,86.7176,80.2767,0,0,0,43.904,28.3859,3,19.645
4573.4,99849,94.0987,1.14003,39.0426,79.7217,6.47605,14785.4,0,0,1803.56,594.689,112.318,2,107.722,88.129,86.129,79.7217,0,0,0,43.9087,28.3856,3,19.5934
4573.5,99851.6,94.0985,1.14669,39.0725,80.1395,6.50896,14786.1,0,0,1811.64,594.689,112.821,2,108.212,88.5721,86.5721,80.1395,0,0,0,43.9135,28.3854,3,19.6399
4573.6,99854.2,94.1007,1.15336,39.1025,81.2256,6.58088,14786.7,0,0,1832.33,593.684,113.917,2,109.283,89.7239,87.7239,81.2256,0,0,0,43.9182,28.3852,3,19.5587
4573.7,99856.8,94.1044,1.16003,39.1328,81.422,6.59328,14787.4,0,0,1836.96,593.182,114.108,2,109.471,89.9323,87.9323,81.422,0,0,0,43.923,28.385,3,19.5383
4573.8,99859.5,94.1069,1.1667,39.1632,81.2291,6.58013,14788,0,0,1832.05,593.715,113.905,2,109.271,89.7276,87.7276,81.2291,0,0,0,43.9277,28.3848,3,19.5437
4573.9,99862.1,94.1094,1.17338,39.1937,81.2386,6.58027,14788.7,0,0,1832.1,593.709,113.907,2,109.273,89.7377,87.7377,81.2386,0,0,0,43.9325,28.3846,3,19.5357
4574,99864.7,94.1114,1.18005,39.2245,80.8126,6.55169,14789.4,0,0,1822.02,594.689,113.467,2,108.841,89.2859,87.2859,80.8126,0,0,0,43.9372,28.3844,3,19.5553
4574.1,99867.3,94.1117,1.18673,39.2554,80.1848,6.50899,14790,0,0,1811.64,594.689,112.821,2,108.213,88.6201,86.6201,80.1848,0,0,0,43.942,28.3842,3,19.5925
4574.2,99869.9,94.1108,1.1934,39.2866,79.6541,6.46391,14790.6,0,0,1800.44,594.689,112.124,2,107.533,88.0572,86.0572,79.6541,0,0,0,43.9467,28.384,3,19.4761
4574.3,99872.5,94.1085,1.20007,39.3178,79.2865,6.42818,14791.3,0,0,1791.25,594.689,111.552,2,106.977,87.6674,85.6674,79.2865,0,0,0,43.9514,28.3837,3,19.3093
4574.4,99875.1,94.1057,1.20675,39.3493,79.3292,6.43154,14791.9,0,0,1792.12,594.689,111.605,2,107.029,87.7126,85.7126,79.3292,0,0,0,43.9561,28.3835,3,19.3164
4574.5,99877.8,94.1032,1.21342,39.3809,79.3673,6.43447,14792.6,0,0,1792.87,594.689,111.652,2,107.075,87.7531,85.7531,79.3673,0,0,0,43.9608,28.3833,3,19.3217
4574.6,99880.4,94.1,1.22009,39.4127,79.4635,6.44293,14793.2,0,0,1795.05,594.689,111.788,2,107.207,87.8551,85.8551,79.4635,0,0,0,43.9655,28.3831,3,19.3515
4574.7,99883,94.0975,1.22675,39.4447,79.8739,6.48137,14793.9,0,0,1804.92,594.689,112.403,2,107.805,88.2904,86.2904,79.8739,0,0,0,43.9703,28.3829,3,19.5146
4574.8,99885.6,94.0955,1.23342,39.4769,80.6185,6.53466,14794.5,0,0,1817.88,594.689,113.21,2,108.591,89.0801,87.0801,80.6185,0,0,0,43.975,28.3827,3,19.5104
4574.9,99888.2,94.0955,1.24008,39.5092,81.7281,6.6075,14795.2,0,0,1842.28,592.605,114.327,2,109.686,90.2569,88.2569,81.7281,0,0,0,43.9797,28.3825,3,19.429
4575,99890.8,94.0976,1.24673,39.5417,83.3668,6.71658,14795.9,0,0,1874.66,590.76,115.974,2,111.295,92.0001,90.0001,83.3668,0,0,0,43.9844,28.3822,3,19.2954
4575.1,99893.4,94.1037,1.25338,39.5744,85.6376,6.88822,14796.5,0,0,1926.06,587.685,118.534,2,113.796,94.4187,92.4187,85.6376,0,0,0,43.9891,28.382,3,19.3773
4575.2,99896.1,94.1144,1.26003,39.6072,88.0849,7.06513,14797.3,0,0,1961.54,589.609,121.113,2,116.296,97.0253,95.0253,88.0849,0,0,0,43.9938,28.3818,3,19.2706
4575.3,99898.7,94.1298,1.26668,39.6402,90.0664,7.24353,14798,0,0,2000,590.567,123.688,2,118.796,99.1359,97.1359,90.0664,0,0,0,43.9986,28.3816,3,19.6601
4575.4,99901.3,94.1479,1.27332,39.6735,91.5263,7.35896,14798.7,0,0,2000,598.367,125.322,2,120.357,100.691,98.6908,91.5263,0,0,0,44.0034,28.3814,3,19.6663
4575.5,99903.9,94.1685,1.27995,39.7068,92.5342,7.43856,14799.5,0,0,2000,603.71,126.441,2,121.426,101.764,99.7644,92.5342,0,0,0,44.0082,28.3812,3,19.6617
4575.6,99906.5,94.19,1.28658,39.7404,93.1212,7.48507,14800.2,0,0,2000,606.817,127.092,2,122.048,102.392,100.392,93.1212,0,0,0,44.013,28.381,3,19.6556
4575.7,99909.1,94.2124,1.29321,39.7742,94.3637,7.58474,14801,0,0,2000,613.444,128.479,2,123.373,103.722,101.722,94.3637,0,0,0,44.0177,28.3808,3,19.651
4575.8,99911.7,94.2383,1.29983,39.8081,96.1494,7.72945,14801.7,0,0,2000,622.984,130.478,2,125.28,105.633,103.633,96.1494,0,0,0,44.0225,28.3805,3,19.6471
4575.9,99914.4,94.2672,1.30644,39.8422,98.1191,7.77822,14802.5,0,0,2000,626.179,131.147,2,125.918,107.741,105.741,98.1191,0,0,0,44.0269,28.3803,3,18.1774
4576,99917,94.3002,1.31305,39.8765,100.384,7.77822,14803.3,0,0,2000,626.179,131.147,2,125.918,110.164,108.164,100.384,0,0,0,44.0308,28.3801,3,15.7536
4576.1,99919.6,94.3375,1.31965,39.911,102.306,7.77822,14804.1,0,0,2000,626.179,131.147,2,125.918,112.222,110.222,102.306,0,0,0,44.0341,28.3798,3,13.6965
4576.2,99922.2,94.3775,1.32625,39.9457,102.835,7.77822,14804.8,0,0,2000,626.179,131.147,2,125.918,112.787,110.787,102.835,0,0,0,44.0373,28.3795,3,13.1309
4576.3,99924.8,94.4161,1.33284,39.9806,102.75,7.77822,14805.6,0,0,2000,626.179,131.147,2,125.918,112.697,110.697,102.75,0,0,0,44.0405,28.3792,3,13.221
4576.4,99927.5,94.455,1.33942,40.0156,103.332,7.77822,14806.4,0,0,2000,626.179,131.147,2,125.918,113.32,111.32,103.332,0,0,0,44.0436,28.3789,3,12.598
4576.5,99930.1,94.4952,1.346,40.0508,103.949,7.77822,14807.2,0,0,2000,626.179,131.147,2,125.918,113.983,111.983,103.949,0,0,0,44.0465,28.3786,3,11.9346
4576.6,99932.7,94.5358,1.35256,40.0863,104.039,7.77822,14808,0,0,2000,626.179,131.147,2,125.918,114.08,112.08,104.039,0,0,0,44.0493,28.3783,3,11.8382
4576.7,99935.3,94.5755,1.35912,40.1219,103.832,7.77822,14808.7,0,0,2000,626.179,131.147,2,125.918,113.857,111.857,103.832,0,0,0,44.0523,28.378,3,12.0609
4576.8,99938,94.6145,1.36567,40.1577,102.933,7.77822,14809.5,0,0,2000,626.179,131.147,2,125.918,112.892,110.892,102.933,0,0,0,44.0554,28.3777,3,13.026
4576.9,99940.6,94.6499,1.37221,40.1937,100.897,7.77822,14810.3,0,0,2000,626.179,131.147,2,125.918,110.712,108.712,100.897,0,0,0,44.0591,28.3775,3,15.2056
4577,99943.2,94.68,1.37873,40.2298,98.0357,7.77822,14811.1,0,0,2000,626.179,131.147,2,125.918,107.649,105.649,98.0357,0,0,0,44.0636,28.3772,3,18.2694
4577.1,99945.9,94.7033,1.38525,40.2662,95.5482,7.67427,14811.8,0,0,2000,619.357,129.718,2,124.555,104.985,102.985,95.5482,0,0,0,44.0683,28.377,3,19.5695
4577.2,99948.5,94.7229,1.39176,40.3027,93.8958,7.5396,14812.6,0,0,2000,610.448,127.852,2,122.774,103.216,101.216,93.8958,0,0,0,44.0731,28.3768,3,19.5575
4577.3,99951.1,94.739,1.39825,40.3394,92.9709,7.46455,14813.3,0,0,2000,605.447,126.805,2,121.774,102.227,100.227,92.9709,0,0,0,44.0778,28.3766,3,19.5469
4577.4,99953.8,94.7543,1.40473,40.3763,92.326,7.41248,14814.1,0,0,2000,601.962,126.075,2,121.077,101.54,99.5396,92.326,0,0,0,44.0826,28.3764,3,19.5369
4577.5,99956.4,94.7673,1.41119,40.4134,91.5074,7.34682,14814.8,0,0,2000,597.55,125.151,2,120.194,100.667,98.6674,91.5074,0,0,0,44.0873,28.3762,3,19.5262
4577.6,99959,94.7788,1.41764,40.4506,90.6691,7.27989,14815.5,0,0,2000,593.031,124.204,2,119.289,99.7741,97.7741,90.6691,0,0,0,44.0921,28.376,3,19.5152
4577.7,99961.7,94.7879,1.42407,40.488,90.0845,7.23323,14816.3,0,0,2000,589.868,123.542,2,118.656,99.1511,97.1511,90.0845,0,0,0,44.0968,28.3758,3,19.5049
4577.8,99964.3,94.7966,1.43049,40.5256,89.882,7.21672,14817,0,0,2000,588.747,123.307,2,118.431,98.9353,96.9353,89.882,0,0,0,44.1016,28.3756,3,19.4962
4577.9,99966.9,94.8044,1.43689,40.5633,89.8698,7.21517,14817.7,0,0,2000,588.642,123.285,2,118.41,98.9222,96.9222,89.8698,0,0,0,44.1063,28.3753,3,19.4882
4578,99969.6,94.8126,1.44328,40.6013,91.3212,7.3291,14818.4,0,0,2000,596.356,124.9,2,119.955,100.469,98.4686,91.3212,0,0,0,44.111,28.3751,3,19.486
4578.1,99972.2,94.8257,1.44964,40.6394,93.4231,7.49606,14819.2,0,0,2000,607.55,127.245,2,122.194,102.709,100.709,93.4231,0,0,0,44.1158,28.3749,3,19.485
4578.2,99974.8,94.8417,1.45599,40.6776,94.6352,7.59338,14819.9,0,0,2000,614.016,128.599,2,123.487,104.007,102.007,94.6352,0,0,0,44.1205,28.3747,3,19.4804
4578.3,99977.5,94.859,1.46233,40.7161,95.591,7.67045,14820.7,0,0,2000,619.106,129.665,2,124.505,105.03,103.03,95.591,0,0,0,44.1252,28.3745,3,19.4747
4578.4,99980.1,94.8783,1.46864,40.7547,96.2452,7.72325,14821.5,0,0,2000,622.578,130.392,2,125.199,105.73,103.73,96.2452,0,0,0,44.13,28.3743,3,19.4682
4578.5,99982.7,94.8976,1.47494,40.7935,95.999,7.70252,14822.3,0,0,2000,621.216,130.107,2,124.926,105.467,103.467,95.999,0,0,0,44.1347,28.3741,3,19.4598
4578.6,99985.4,94.9153,1.48122,40.8325,95.6727,7.67529,14823,0,0,2000,619.424,129.732,2,124.568,105.117,103.117,95.6727,0,0,0,44.1394,28.3739,3,19.4513
4578.7,99988,94.9328,1.48747,40.8716,95.5098,7.66141,14823.8,0,0,2000,618.51,129.54,2,124.386,104.943,102.943,95.5098,0,0,0,44.1442,28.3736,3,19.443
4578.8,99990.6,94.9493,1.49371,40.9109,94.7158,7.59628,14824.6,0,0,2000,614.208,128.639,2,123.526,104.092,102.092,94.7158,0,0,0,44.1489,28.3734,3,19.4333
4578.9,99993.3,94.9631,1.49993,40.9504,93.8166,7.52295,14825.3,0,0,2000,609.341,127.62,2,122.553,103.13,101.13,93.8166,0,0,0,44.1536,28.3732,3,19.423
4579,99995.9,94.9754,1.50612,40.99,93.2298,7.47515,14826.1,0,0,2000,606.155,126.953,2,121.915,102.502,100.502,93.2298,0,0,0,44.1583,28.373,3,19.4134
4579.1,99998.6,94.9864,1.5123,41.0299,92.8725,7.44599,14826.8,0,0,2000,604.206,126.545,2,121.525,102.121,100.121,92.8725,0,0,0,44.163,28.3728,3,19.4044
4579.2,100001,94.9968,1.51845,41.0698,93.1664,7.46889,14827.5,0,0,2000,605.737,126.865,2,121.832,102.434,100.434,93.1664,0,0,0,44.1678,28.3726,3,19.3975
4579.3,100004,95.0084,1.52458,41.11,93.8194,7.52079,14828.3,0,0,2000,609.197,127.59,2,122.524,103.132,101.132,93.8194,0,0,0,44.1725,28.3724,3,19.3915
4579.4,100006,95.021,1.53069,41.1503,94.7094,7.59216,14829.1,0,0,2000,613.935,128.582,2,123.471,104.085,102.085,94.7094,0,0,0,44.1772,28.3722,3,19.3861
4579.5,100009,95.0356,1.53677,41.1908,95.238,7.63447,14829.8,0,0,2000,616.733,129.168,2,124.03,104.651,102.651,95.238,0,0,0,44.1819,28.3719,3,19.3795
4579.6,100012,95.0497,1.54283,41.2315,94.5091,7.57473,14830.6,0,0,2000,612.78,128.34,2,123.24,103.87,101.87,94.5091,0,0,0,44.1866,28.3717,3,19.3699
4579.7,100014,95.0609,1.54886,41.2723,93.1892,7.46776,14831.3,0,0,2000,605.661,126.849,2,121.817,102.458,100.458,93.1892,0,0,0,44.1913,28.3715,3,19.3583
4579.8,100017,95.0693,1.55487,41.3133,92.1852,7.38709,14832.1,0,0,2000,600.258,125.718,2,120.736,101.388,99.3884,92.1852,0,0,0,44.196,28.3713,3,19.3472
4579.9,100020,95.076,1.56086,41.3544,91.3051,7.31667,14832.8,0,0,2000,595.516,124.725,2,119.787,100.45,98.4504,91.3051,0,0,0,44.2007,28.3711,3,19.3362
4580,100022,95.0804,1.56682,41.3957,90.9798,7.29036,14833.5,0,0,2000,593.739,124.352,2,119.431,100.104,98.1038,90.9798,0,0,0,44.2054,28.3709,3,19.3272
4580.1,100025,95.0855,1.57275,41.4372,91.5802,7.3373,14834.3,0,0,2000,596.908,125.016,2,120.065,100.744,98.7436,91.5802,0,0,0,44.2101,28.3707,3,19.3216
4580.2,100028,95.0918,1.57865,41.4788,92.0312,7.37251,14835,0,0,2000,599.278,125.513,2,120.54,101.224,99.2242,92.0312,0,0,0,44.2148,28.3704,3,19.3153
4580.3,100030,95.0982,1.58453,41.5206,92.0669,7.37476,14835.7,0,0,2000,599.43,125.544,2,120.57,101.262,99.2622,92.0669,0,0,0,44.2195,28.3702,3,19.3076
4580.4,100033,95.1042,1.59038,41.5625,91.8907,7.36018,14836.5,0,0,2000,598.449,125.339,2,120.374,101.074,99.0744,91.8907,0,0,0,44.2242,28.37,3,19.2992
4580.5,100036,95.1095,1.5962,41.6046,90.911,7.28202,14837.2,0,0,2000,593.175,124.234,2,119.318,100.03,98.0303,90.911,0,0,0,44.2289,28.3698,3,19.2877
4580.6,100038,95.1112,1.60199,41.6468,89.6647,7.18096,14837.9,0,0,1994.65,587.87,122.794,2,117.936,98.7022,96.7022,89.6647,0,0,0,44.2336,28.3696,3,19.2339
4580.7,100041,95.111,1.60775,41.6892,88.6223,7.08356,14838.6,0,0,1961.54,590.889,121.376,2,116.547,97.5913,95.5913,88.6223,0,0,0,44.2382,28.3694,3,18.9559
4580.8,100043,95.1082,1.61349,41.7318,87.5612,7.00432,14839.3,0,0,1955.42,587.174,120.236,2,115.452,96.4605,94.4605,87.5612,0,0,0,44.2428,28.3692,3,18.9919
4580.9,100046,95.1035,1.61919,41.7745,87.1521,6.97555,14840,0,0,1948.59,587.174,119.816,2,115.044,96.0247,94.0247,87.1521,0,0,0,44.2474,28.3689,3,19.0196
4581,100049,95.0987,1.62486,41.8173,88.2059,7.0499,14840.7,0,0,1961.54,588.549,120.895,2,116.088,97.1476,95.1476,88.2059,0,0,0,44.252,28.3687,3,18.9404
4581.1,100051,95.0979,1.6305,41.8603,89.9406,7.2022,14841.4,0,0,2000,587.759,123.1,2,118.234,98.9963,96.9963,89.9406,0,0,0,44.2567,28.3685,3,19.2374
4581.2,100054,95.0996,1.6361,41.9035,91.1875,7.29987,14842.2,0,0,2000,594.382,124.487,2,119.56,100.325,98.3251,91.1875,0,0,0,44.2614,28.3683,3,19.2346
4581.3,100057,95.1033,1.64168,41.9468,92.2645,7.3847,14842.9,0,0,2000,600.097,125.684,2,120.703,101.473,99.4728,92.2645,0,0,0,44.266,28.3681,3,19.2306
4581.4,100059,95.1089,1.64722,41.9902,92.5098,7.40364,14843.7,0,0,2000,601.369,125.95,2,120.958,101.734,99.7342,92.5098,0,0,0,44.2707,28.3679,3,19.2237
4581.5,100062,95.1131,1.65273,42.0338,90.3244,7.23006,14844.4,0,0,2000,589.653,123.497,2,118.613,99.4052,97.4052,90.3244,0,0,0,44.2754,28.3676,3,19.2078
4581.6,100065,95.1096,1.65821,42.0775,86.8899,6.95395,14845.1,0,0,1943.45,587.174,119.501,2,114.737,95.7452,93.7452,86.8899,0,0,0,44.28,28.3674,3,18.992
4581.7,100067,95.0999,1.66365,42.1214,84.9018,6.81004,14845.8,0,0,1900.69,589.679,117.37,2,112.657,93.6266,91.6266,84.9018,0,0,0,44.2846,28.3672,3,19.0301
4581.8,100070,95.0882,1.66906,42.1654,83.8483,6.7164,14846.4,0,0,1874.59,590.767,115.972,2,111.293,92.504,90.504,83.8483,0,0,0,44.2892,28.367,3,18.7888
4581.9,100073,95.074,1.67443,42.2096,83.1031,6.66644,14847.1,0,0,1857.9,592.184,115.215,2,110.551,91.71,89.71,83.1031,0,0,0,44.2938,28.3668,3,18.8411
4582,100075,95.0591,1.67977,42.2539,83.1994,6.67251,14847.8,0,0,1859.36,592.184,115.305,2,110.639,91.8127,89.8127,83.1994,0,0,0,44.2983,28.3665,3,18.8267
4582.1,100078,95.045,1.68507,42.2983,83.7386,6.70781,14848.4,0,0,1871.37,591.116,115.841,2,111.164,92.3874,90.3874,83.7386,0,0,0,44.3029,28.3663,3,18.7769
4582.2,100080,95.032,1.69034,42.3429,83.6645,6.70247,14849.1,0,0,1869.37,591.333,115.76,2,111.085,92.3085,90.3085,83.6645,0,0,0,44.3075,28.3661,3,18.776
4582.3,100083,95.0174,1.69557,42.3875,82.5463,6.62689,14849.8,0,0,1848.34,592.184,114.622,2,109.974,91.1194,89.1194,82.5463,0,0,0,44.3121,28.3659,3,18.8548
4582.4,100086,94.9997,1.70076,42.4324,81.1853,6.53637,14850.4,0,0,1818.3,594.689,113.236,2,108.616,89.6755,87.6755,81.1853,0,0,0,44.3167,28.3657,3,18.9404
4582.5,100088,94.9794,1.70591,42.4773,81.1236,6.53175,14851.1,0,0,1817.17,594.689,113.166,2,108.548,89.6101,87.6101,81.1236,0,0,0,44.3213,28.3655,3,18.9376
4582.6,100091,94.9612,1.71102,42.5224,81.7471,6.57283,14851.7,0,0,1829.33,594.011,113.793,2,109.16,90.2717,88.2717,81.7471,0,0,0,44.3259,28.3652,3,18.8887
4582.7,100094,94.9432,1.7161,42.5676,82.1711,6.60018,14852.4,0,0,1839.54,592.902,114.214,2,109.575,90.7216,88.7216,82.1711,0,0,0,44.3304,28.365,3,18.8535
4582.8,100096,94.9266,1.72114,42.6129,83.0491,6.65848,14853.1,0,0,1855.98,592.184,115.095,2,110.435,91.6537,89.6537,83.0491,0,0,0,44.335,28.3648,3,18.7814
4582.9,100099,94.9118,1.72614,42.6583,84.7206,6.78278,14853.7,0,0,1894.15,589.679,116.966,2,112.264,93.4348,91.4348,84.7206,0,0,0,44.3396,28.3646,3,18.8291
4583,100102,94.9016,1.7311,42.7039,86.8171,6.9421,14854.4,0,0,1940.63,587.174,119.327,2,114.569,95.6688,93.6688,86.8171,0,0,0,44.3442,28.3644,3,18.8999
4583.1,100104,94.8949,1.73602,42.7496,88.5398,7.06403,14855.1,0,0,1961.54,589.532,121.097,2,116.281,97.5046,95.5046,88.5398,0,0,0,44.3487,28.3641,3,18.7763
4583.2,100107,94.8912,1.7409,42.7954,89.7768,7.17378,14855.8,0,0,1991.62,588.266,122.69,2,117.833,98.8226,96.8226,89.7768,0,0,0,44.3534,28.3639,3,19.0107
4583.3,100109,94.8892,1.74574,42.8414,91.233,7.2916,14856.6,0,0,2000,593.823,124.37,2,119.448,100.374,98.3743,91.233,0,0,0,44.358,28.3637,3,19.0734
4583.4,100112,94.891,1.75054,42.8875,92.3954,7.38316,14857.3,0,0,2000,599.994,125.663,2,120.683,101.613,99.6129,92.3954,0,0,0,44.3626,28.3635,3,19.0699
4583.5,100115,94.8933,1.7553,42.9337,92.733,7.40946,14858.1,0,0,2000,601.76,126.032,2,121.036,101.973,99.9727,92.733,0,0,0,44.3673,28.3633,3,19.0633
4583.6,100117,94.8961,1.76002,42.98,93.4327,7.46478,14858.8,0,0,2000,605.462,126.808,2,121.777,102.719,100.719,93.4327,0,0,0,44.3719,28.3631,3,19.0578
4583.7,100120,94.9008,1.76469,43.0265,94.8251,7.57651,14859.6,0,0,2000,612.898,128.365,2,123.264,104.21,102.21,94.8251,0,0,0,44.3765,28.3628,3,19.054
4583.8,100123,94.9087,1.76933,43.073,96.3831,7.70262,14860.3,0,0,2000,621.223,130.109,2,124.928,105.878,103.878,96.3831,0,0,0,44.3812,28.3626,3,19.0499
4583.9,100125,94.9193,1.77393,43.1197,97.7501,7.77822,14861.1,0,0,2000,626.179,131.147,2,125.918,107.341,105.341,97.7501,0,0,0,44.3857,28.3624,3,18.5767
4584,100128,94.9323,1.77848,43.1666,98.3075,7.77822,14861.9,0,0,2000,626.179,131.147,2,125.918,107.938,105.938,98.3075,0,0,0,44.3901,28.3622,3,17.9799
4584.1,100131,94.9446,1.78299,43.2135,98.1454,7.77822,14862.7,0,0,2000,626.179,131.147,2,125.918,107.764,105.764,98.1454,0,0,0,44.3945,28.3619,3,18.1535
4584.2,100133,94.9566,1.78746,43.2606,97.6849,7.77822,14863.4,0,0,2000,626.179,131.147,2,125.918,107.271,105.271,97.6849,0,0,0,44.399,28.3617,3,18.6466
4584.3,100136,94.9667,1.79189,43.3078,96.5337,7.71205,14864.2,0,0,2000,621.842,130.238,2,125.052,106.039,104.039,96.5337,0,0,0,44.4036,28.3615,3,19.0128
4584.4,100138,94.9737,1.79628,43.3552,95.2414,7.60622,14865,0,0,2000,614.866,128.777,2,123.657,104.655,102.655,95.2414,0,0,0,44.4082,28.3613,3,19.0022
4584.5,100141,94.9783,1.80062,43.4026,94.4532,7.54183,14865.7,0,0,2000,610.596,127.883,2,122.803,103.811,101.811,94.4532,0,0,0,44.4129,28.3611,3,18.9925
4584.6,100144,94.9819,1.80492,43.4502,94.1383,7.51582,14866.5,0,0,2000,608.867,127.521,2,122.458,103.474,101.474,94.1383,0,0,0,44.4175,28.3608,3,18.9839
4584.7,100146,94.9849,1.80917,43.4979,94.2832,7.52694,14867.2,0,0,2000,609.606,127.676,2,122.605,103.629,101.629,94.2832,0,0,0,44.4221,28.3606,3,18.9766
4584.8,100149,94.9887,1.81338,43.5456,95.1775,7.59871,14868,0,0,2000,614.369,128.673,2,123.558,104.586,102.586,95.1775,0,0,0,44.4267,28.3604,3,18.9713
4584.9,100152,94.995,1.81754,43.5935,96.4286,7.69994,14868.8,0,0,2000,621.046,130.072,2,124.892,105.926,103.926,96.4286,0,0,0,44.4313,28.3602,3,18.9664
4585,100154,95.0034,1.82166,43.6416,97.4902,7.77822,14869.5,0,0,2000,626.179,131.147,2,125.918,107.063,105.063,97.4902,0,0,0,44.4359,28.36,3,18.8554
4585.1,100157,95.0136,1.82573,43.6897,98.547,7.77822,14870.3,0,0,2000,626.179,131.147,2,125.918,108.194,106.194,98.547,0,0,0,44.4402,28.3597,3,17.7239
4585.2,100160,95.0259,1.82976,43.7379,100.073,7.77822,14871.1,0,0,2000,626.179,131.147,2,125.918,109.828,107.828,100.073,0,0,0,44.4441,28.3595,3,16.0903
4585.3,100162,95.0417,1.83374,43.7863,101.236,7.77822,14871.9,0,0,2000,626.179,131.147,2,125.918,111.073,109.073,101.236,0,0,0,44.4477,28.3592,3,14.8446
4585.4,100165,95.0583,1.83768,43.8348,101.604,7.77822,14872.7,0,0,2000,626.179,131.147,2,125.918,111.467,109.467,101.604,0,0,0,44.4512,28.3589,3,14.4508
4585.5,100167,95.0752,1.84157,43.8833,101.897,7.77822,14873.4,0,0,2000,626.179,131.147,2,125.918,111.781,109.781,101.897,0,0,0,44.4547,28.3587,3,14.137
4585.6,100170,95.0924,1.84541,43.932,101.982,7.77822,14874.2,0,0,2000,626.179,131.147,2,125.918,111.872,109.872,101.982,0,0,0,44.4581,28.3584,3,14.0457
4585.7,100173,95.1093,1.84921,43.9808,101.87,7.77822,14875,0,0,2000,626.179,131.147,2,125.918,111.752,109.752,101.87,0,0,0,44.4615,28.3581,3,14.1662
4585.8,100175,95.1257,1.85296,44.0297,102.876,7.77822,14875.8,0,0,2000,626.179,131.147,2,125.918,112.83,110.83,102.876,0,0,0,44.4647,28.3578,3,13.0884
4585.9,100178,95.1462,1.85667,44.0788,105.56,7.77822,14876.5,0,0,2000,626.179,131.147,2,125.918,115.713,113.713,105.56,0,0,0,44.4672,28.3575,3,10.2053
4586,100181,95.1728,1.86032,44.1279,108.652,7.77822,14877.3,0,0,2000,626.179,131.147,2,125.918,119.042,117.042,108.652,0,0,0,44.4689,28.3572,3,6.87632
4586.1,100183,95.2051,1.86393,44.1771,111.6,7.77822,14878.1,0,0,2000,626.179,131.147,2,125.918,122.215,120.215,111.6,0,0,0,44.4698,28.3569,3,3.70283
4586.2,100186,95.2429,1.86749,44.2265,114.202,7.77822,14878.9,0,0,2000,626.179,131.147,2,125.918,125.017,123.017,114.202,0,0,0,44.47,28.3565,3,0.901337
4586.3,100189,95.2849,1.871,44.2759,115.61,7.77822,14879.7,0,0,2000,626.179,131.147,2,125.918,126.54,124.54,115.61,0,0,0,44.4698,28.3562,3,-0.622465
4586.4,100191,95.3278,1.87447,44.3255,115.535,7.77822,14880.4,0,0,2000,626.179,131.147,2,125.918,126.46,124.46,115.535,0,0,0,44.4697,28.3558,3,-0.541906
4586.5,100194,95.3689,1.87788,44.3752,114.765,7.77822,14881.2,0,0,2000,626.179,131.147,2,125.918,125.625,123.625,114.765,0,0,0,44.4698,28.3555,3,0.293252
4586.6,100197,95.4081,1.88125,44.425,113.979,7.77822,14882,0,0,2000,626.179,131.147,2,125.918,124.778,122.778,113.979,0,0,0,44.47,28.3551,3,1.14044
4586.7,100199,95.4455,1.88457,44.4749,113.155,7.77822,14882.8,0,0,2000,626.179,131.147,2,125.918,123.89,121.89,113.155,0,0,0,44.4705,28.3548,3,2.02831
4586.8,100202,95.4809,1.88784,44.5249,112.219,7.77822,14883.5,0,0,2000,626.179,131.147,2,125.918,122.881,120.881,112.219,0,0,0,44.4713,28.3544,3,3.0366
4586.9,100205,95.514,1.89106,44.5751,111.061,7.77822,14884.3,0,0,2000,626.179,131.147,2,125.918,121.635,119.635,111.061,0,0,0,44.4723,28.3541,3,4.28313
4587,100207,95.5444,1.89423,44.6253,109.894,7.77822,14885.1,0,0,2000,626.179,131.147,2,125.918,120.377,118.377,109.894,0,0,0,44.4737,28.3538,3,5.54067
4587.1,100210,95.5725,1.89735,44.6756,108.651,7.77822,14885.9,0,0,2000,626.179,131.147,2,125.918,119.039,117.039,108.651,0,0,0,44.4753,28.3534,3,6.87876
4587.2,100212,95.5974,1.90042,44.726,106.842,7.77822,14886.7,0,0,2000,626.179,131.147,2,125.918,117.091,115.091,106.842,0,0,0,44.4775,28.3531,3,8.82742
4587.3,100215,95.6179,1.90344,44.7765,104.98,7.77822,14887.4,0,0,2000,626.179,131.147,2,125.918,115.085,113.085,104.98,0,0,0,44.4801,28.3528,3,10.8329
4587.4,100218,95.6352,1.90641,44.8271,103.722,7.77822,14888.2,0,0,2000,626.179,131.147,2,125.918,113.734,111.734,103.722,0,0,0,44.4831,28.3525,3,12.1837
4587.5,100220,95.6504,1.90932,44.8778,102.397,7.77822,14889,0,0,2000,626.179,131.147,2,125.918,112.315,110.315,102.397,0,0,0,44.4864,28.3522,3,13.6025
4587.6,100223,95.6621,1.91219,44.9286,100.584,7.77822,14889.8,0,0,2000,626.179,131.147,2,125.918,110.373,108.373,100.584,0,0,0,44.4901,28.352,3,15.5453
4587.7,100226,95.6698,1.915,44.9794,99.1495,7.77822,14890.5,0,0,2000,626.179,131.147,2,125.918,108.836,106.836,99.1495,0,0,0,44.4943,28.3517,3,17.0816
4587.8,100228,95.6756,1.91776,45.0304,98.3144,7.77822,14891.3,0,0,2000,626.179,131.147,2,125.918,107.942,105.942,98.3144,0,0,0,44.4987,28.3515,3,17.9762
4587.9,100231,95.6798,1.92046,45.0814,97.7322,7.77822,14892.1,0,0,2000,626.179,131.147,2,125.918,107.318,105.318,97.7322,0,0,0,44.5032,28.3513,3,18.5999
4588,100234,95.6831,1.92311,45.1325,97.4457,7.77318,14892.9,0,0,2000,625.849,131.078,2,125.852,107.011,105.011,97.4457,0,0,0,44.5078,28.3511,3,18.841
4588.1,100236,95.686,1.92571,45.1836,97.8058,7.77822,14893.7,0,0,2000,626.179,131.147,2,125.918,107.397,105.397,97.8058,0,0,0,44.5123,28.3508,3,18.5211
4588.2,100239,95.6904,1.92826,45.2348,97.9462,7.77822,14894.4,0,0,2000,626.179,131.147,2,125.918,107.547,105.547,97.9462,0,0,0,44.5167,28.3506,3,18.3707
4588.3,100242,95.6937,1.93075,45.2861,97.8517,7.77822,14895.2,0,0,2000,626.179,131.147,2,125.918,107.446,105.446,97.8517,0,0,0,44.5212,28.3504,3,18.4719
4588.4,100244,95.6976,1.93319,45.3375,98.4694,7.77822,14896,0,0,2000,626.179,131.147,2,125.918,108.108,106.108,98.4694,0,0,0,44.5256,28.3502,3,17.8103
4588.5,100247,95.7031,1.93557,45.3889,99.5452,7.77822,14896.8,0,0,2000,626.179,131.147,2,125.918,109.26,107.26,99.5452,0,0,0,44.5296,28.3499,3,16.658
4588.6,100250,95.711,1.93791,45.4404,100.6,7.77822,14897.5,0,0,2000,626.179,131.147,2,125.918,110.39,108.39,100.6,0,0,0,44.5334,28.3497,3,15.5283
4588.7,100252,95.7204,1.94018,45.4919,101.752,7.77822,14898.3,0,0,2000,626.179,131.147,2,125.918,111.624,109.624,101.752,0,0,0,44.5369,28.3494,3,14.2939
4588.8,100255,95.7327,1.9424,45.5436,102.73,7.77822,14899.1,0,0,2000,626.179,131.147,2,125.918,112.671,110.671,102.73,0,0,0,44.5401,28.3491,3,13.2469
4588.9,100258,95.7457,1.94457,45.5952,103.087,7.77822,14899.9,0,0,2000,626.179,131.147,2,125.918,113.054,111.054,103.087,0,0,0,44.5432,28.3488,3,12.8643
4589,100260,95.7591,1.94669,45.647,102.879,7.77822,14900.7,0,0,2000,626.179,131.147,2,125.918,112.831,110.831,102.879,0,0,0,44.5464,28.3485,3,13.0867
4589.1,100263,95.7711,1.94875,45.6988,101.93,7.77822,14901.4,0,0,2000,626.179,131.147,2,125.918,111.814,109.814,101.93,0,0,0,44.5498,28.3483,3,14.1038
4589.2,100266,95.7805,1.95075,45.7507,100.848,7.77822,14902.2,0,0,2000,626.179,131.147,2,125.918,110.655,108.655,100.848,0,0,0,44.5535,28.348,3,15.2629
4589.3,100268,95.788,1.9527,45.8026,100.059,7.77822,14903,0,0,2000,626.179,131.147,2,125.918,109.81,107.81,100.059,0,0,0,44.5574,28.3477,3,16.1082
4589.4,100271,95.7941,1.95459,45.8546,99.3764,7.77822,14903.8,0,0,2000,626.179,131.147,2,125.918,109.079,107.079,99.3764,0,0,0,44.5615,28.3475,3,16.8392
4589.5,100274,95.7988,1.95643,45.9066,99.1251,7.77822,14904.5,0,0,2000,626.179,131.147,2,125.918,108.809,106.809,99.1251,0,0,0,44.5657,28.3473,3,17.1085
4589.6,100276,95.8037,1.95822,45.9587,99.4553,7.77822,14905.3,0,0,2000,626.179,131.147,2,125.918,109.163,107.163,99.4553,0,0,0,44.5698,28.347,3,16.7547
4589.7,100279,95.8095,1.95995,46.0108,99.944,7.77822,14906.1,0,0,2000,626.179,131.147,2,125.918,109.687,107.687,99.944,0,0,0,44.5737,28.3468,3,16.2312
4589.8,100282,95.8162,1.96162,46.063,100.386,7.77822,14906.9,0,0,2000,626.179,131.147,2,125.918,110.16,108.16,100.386,0,0,0,44.5775,28.3465,3,15.7578
4589.9,100284,95.8236,1.96324,46.1153,100.297,7.77822,14907.7,0,0,2000,626.179,131.147,2,125.918,110.065,108.065,100.297,0,0,0,44.5814,28.3463,3,15.853
4590,100287,95.8298,1.9648,46.1675,99.9805,7.77822,14908.4,0,0,2000,626.179,131.147,2,125.918,109.726,107.726,99.9805,0,0,0,44.5853,28.346,3,16.1922
4590.1,100290,95.8357,1.9663,46.2199,100.201,7.77822,14909.2,0,0,2000,626.179,131.147,2,125.918,109.962,107.962,100.201,0,0,0,44.5892,28.3457,3,15.9563
4590.2,100292,95.8426,1.96775,46.2722,100.375,7.77822,14910,0,0,2000,626.179,131.147,2,125.918,110.148,108.148,100.375,0,0,0,44.5931,28.3455,3,15.7701
4590.3,100295,95.8491,1.96915,46.3246,100.041,7.77822,14910.8,0,0,2000,626.179,131.147,2,125.918,109.791,107.791,100.041,0,0,0,44.597,28.3452,3,16.1275
4590.4,100298,95.8546,1.97049,46.3771,99.6166,7.77822,14911.5,0,0,2000,626.179,131.147,2,125.918,109.336,107.336,99.6166,0,0,0,44.601,28.345,3,16.5822
4590.5,100300,95.8592,1.97177,46.4296,99.1811,7.77822,14912.3,0,0,2000,626.179,131.147,2,125.918,108.869,106.869,99.1811,0,0,0,44.6051,28.3448,3,17.0488
4590.6,100303,95.8629,1.97299,46.4821,98.3313,7.77822,14913.1,0,0,2000,626.179,131.147,2,125.918,107.959,105.959,98.3313,0,0,0,44.6095,28.3445,3,17.9591
4590.7,100306,95.8641,1.97416,46.5346,97.4384,7.75896,14913.9,0,0,2000,624.918,130.883,2,125.666,107.002,105.002,97.4384,0,0,0,44.6141,28.3443,3,18.6639
4590.8,100308,95.8641,1.97528,46.5872,96.7089,7.69865,14914.6,0,0,2000,620.962,130.054,2,124.876,106.221,104.221,96.7089,0,0,0,44.6186,28.3441,3,18.6549
4590.9,100311,95.8623,1.97633,46.6398,96.5599,7.68592,14915.4,0,0,2000,620.124,129.879,2,124.708,106.061,104.061,96.5599,0,0,0,44.6231,28.3439,3,18.647
4591,100314,95.8617,1.97734,46.6925,97.0647,7.72661,14916.2,0,0,2000,622.798,130.438,2,125.242,106.602,104.602,97.0647,0,0,0,44.6277,28.3436,3,18.6405
4591.1,100316,95.8619,1.97828,46.7451,97.6472,7.77378,14917,0,0,2000,625.888,131.086,2,125.86,107.226,105.226,97.6472,0,0,0,44.6322,28.3434,3,18.634
4591.2,100319,95.8635,1.97917,46.7978,98.5111,7.77822,14917.7,0,0,2000,626.179,131.147,2,125.918,108.151,106.151,98.5111,0,0,0,44.6365,28.3432,3,17.7666
4591.3,100322,95.867,1.98,46.8506,99.7638,7.77822,14918.5,0,0,2000,626.179,131.147,2,125.918,109.493,107.493,99.7638,0,0,0,44.6405,28.3429,3,16.4245
4591.4,100324,95.8735,1.98078,46.9033,100.816,7.77822,14919.3,0,0,2000,626.179,131.147,2,125.918,110.621,108.621,100.816,0,0,0,44.6442,28.3427,3,15.2973
4591.5,100327,95.881,1.9815,46.9561,101.393,7.77822,14920.1,0,0,2000,626.179,131.147,2,125.918,111.238,109.238,101.393,0,0,0,44.6478,28.3424,3,14.6796
4591.6,100330,95.8896,1.98216,47.0088,102.145,7.77822,14920.9,0,0,2000,626.179,131.147,2,125.918,112.044,110.044,102.145,0,0,0,44.6512,28.3421,3,13.8741
4591.7,100332,95.9,1.98277,47.0617,103.003,7.77822,14921.6,0,0,2000,626.179,131.147,2,125.918,112.964,110.964,103.003,0,0,0,44.6543,28.3419,3,12.9544
4591.8,100335,95.9119,1.98332,47.1145,103.306,7.77822,14922.4,0,0,2000,626.179,131.147,2,125.918,113.288,111.288,103.306,0,0,0,44.6574,28.3416,3,12.6303
4591.9,100338,95.9233,1.98381,47.1673,103.329,7.77822,14923.2,0,0,2000,626.179,131.147,2,125.918,113.313,111.313,103.329,0,0,0,44.6604,28.3413,3,12.6049
4592,100340,95.9352,1.98425,47.2202,103.534,7.77822,14924,0,0,2000,626.179,131.147,2,125.918,113.532,111.532,103.534,0,0,0,44.6634,28.341,3,12.3858
4592.1,100343,95.9473,1.98463,47.2731,103.563,7.77822,14924.7,0,0,2000,626.179,131.147,2,125.918,113.563,111.563,103.563,0,0,0,44.6665,28.3407,3,12.3552
4592.2,100346,95.9591,1.98496,47.326,103.628,7.77822,14925.5,0,0,2000,626.179,131.147,2,125.918,113.633,111.633,103.628,0,0,0,44.6694,28.3404,3,12.2852
4592.3,100348,95.9714,1.98523,47.3789,104.419,7.77822,14926.3,0,0,2000,626.179,131.147,2,125.918,114.48,112.48,104.419,0,0,0,44.6722,28.3401,3,11.4382
4592.4,100351,95.9862,1.98544,47.4318,105.854,7.77822,14927.1,0,0,2000,626.179,131.147,2,125.918,116.024,114.024,105.854,0,0,0,44.6746,28.3398,3,9.89422
4592.5,100354,96.004,1.9856,47.4848,107.13,7.77822,14927.9,0,0,2000,626.179,131.147,2,125.918,117.398,115.398,107.13,0,0,0,44.6767,28.3395,3,8.52004
4592.6,100356,96.0237,1.9857,47.5377,108.298,7.77822,14928.6,0,0,2000,626.179,131.147,2,125.918,118.657,116.657,108.298,0,0,0,44.6785,28.3392,3,7.26146
4592.7,100359,96.0459,1.98575,47.5907,109.389,7.77822,14929.4,0,0,2000,626.179,131.147,2,125.918,119.832,117.832,109.389,0,0,0,44.6799,28.3388,3,6.086
4592.8,100362,96.0697,1.98573,47.6437,110.05,7.77822,14930.2,0,0,2000,626.179,131.147,2,125.918,120.544,118.544,110.05,0,0,0,44.6812,28.3385,3,5.37431
4592.9,100364,96.0943,1.98567,47.6967,109.957,7.77822,14931,0,0,2000,626.179,131.147,2,125.918,120.443,118.443,109.957,0,0,0,44.6826,28.3382,3,5.47469
4593,100367,96.1175,1.98555,47.7497,109.695,7.77822,14931.7,0,0,2000,626.179,131.147,2,125.918,120.161,118.161,109.695,0,0,0,44.684,28.3378,3,5.75732
4593.1,100370,96.1409,1.98537,47.8027,109.901,7.77822,14932.5,0,0,2000,626.179,131.147,2,125.918,120.383,118.383,109.901,0,0,0,44.6853,28.3375,3,5.53514
4593.2,100372,96.1647,1.98513,47.8557,110.233,7.77822,14933.3,0,0,2000,626.179,131.147,2,125.918,120.741,118.741,110.233,0,0,0,44.6866,28.3371,3,5.17726
4593.3,100375,96.1892,1.98484,47.9088,110.255,7.77822,14934.1,0,0,2000,626.179,131.147,2,125.918,120.764,118.764,110.255,0,0,0,44.6878,28.3368,3,5.15378
4593.4,100378,96.2129,1.9845,47.9618,110.028,7.77822,14934.9,0,0,2000,626.179,131.147,2,125.918,120.52,118.52,110.028,0,0,0,44.6891,28.3365,3,5.39843
4593.5,100380,96.2364,1.9841,48.0148,109.837,7.77822,14935.6,0,0,2000,626.179,131.147,2,125.918,120.313,118.313,109.837,0,0,0,44.6905,28.3361,3,5.60451
4593.6,100383,96.2592,1.98364,48.0679,109.746,7.77822,14936.4,0,0,2000,626.179,131.147,2,125.918,120.215,118.215,109.746,0,0,0,44.6919,28.3358,3,5.7033
4593.7,100386,96.2821,1.98313,48.1209,109.405,7.77822,14937.2,0,0,2000,626.179,131.147,2,125.918,119.848,117.848,109.405,0,0,0,44.6934,28.3355,3,6.07026
4593.8,100388,96.3034,1.98256,48.174,109.087,7.77822,14938,0,0,2000,626.179,131.147,2,125.918,119.506,117.506,109.087,0,0,0,44.6949,28.3352,3,6.41245
4593.9,100391,96.325,1.98194,48.227,108.931,7.77822,14938.7,0,0,2000,626.179,131.147,2,125.918,119.337,117.337,108.931,0,0,0,44.6965,28.3348,3,6.5814
4594,100394,96.3455,1.98126,48.28,108.738,7.77822,14939.5,0,0,2000,626.179,131.147,2,125.918,119.129,117.129,108.738,0,0,0,44.6982,28.3345,3,6.78916
4594.1,100396,96.3662,1.98052,48.333,108.665,7.77822,14940.3,0,0,2000,626.179,131.147,2,125.918,119.05,117.05,108.665,0,0,0,44.6999,28.3342,3,6.86831
4594.2,100399,96.3864,1.97974,48.386,108.285,7.77822,14941.1,0,0,2000,626.179,131.147,2,125.918,118.64,116.64,108.285,0,0,0,44.7016,28.3338,3,7.2779
4594.3,100402,96.4054,1.97889,48.439,107.166,7.77822,14941.9,0,0,2000,626.179,131.147,2,125.918,117.435,115.435,107.166,0,0,0,44.7037,28.3335,3,8.48317
4594.4,100404,96.4211,1.97799,48.492,105.643,7.77822,14942.6,0,0,2000,626.179,131.147,2,125.918,115.793,113.793,105.643,0,0,0,44.7061,28.3332,3,10.125
4594.5,100407,96.4341,1.97704,48.545,103.792,7.77822,14943.4,0,0,2000,626.179,131.147,2,125.918,113.807,111.807,103.792,0,0,0,44.7091,28.3329,3,12.1105
4594.6,100410,96.4425,1.97604,48.598,101.652,7.77822,14944.2,0,0,2000,626.179,131.147,2,125.918,111.515,109.515,101.652,0,0,0,44.7126,28.3327,3,14.4031
4594.7,100412,96.4471,1.97497,48.6509,99.9639,7.77822,14945,0,0,2000,626.179,131.147,2,125.918,109.705,107.705,99.9639,0,0,0,44.7165,28.3324,3,16.2127
4594.8,100415,96.4489,1.97386,48.7038,98.5925,7.77822,14945.7,0,0,2000,626.179,131.147,2,125.918,108.236,106.236,98.5925,0,0,0,44.7208,28.3322,3,17.6823
4594.9,100418,96.4483,1.97269,48.7566,97.7137,7.76712,14946.5,0,0,2000,625.452,130.994,2,125.773,107.294,105.294,97.7137,0,0,0,44.7253,28.332,3,18.479
4595,100420,96.4467,1.97147,48.8095,98.0439,7.77822,14947.3,0,0,2000,626.179,131.147,2,125.918,107.648,105.648,98.0439,0,0,0,44.7298,28.3317,3,18.2702
4595.1,100423,96.4474,1.97019,48.8623,99.1899,7.77822,14948.1,0,0,2000,626.179,131.147,2,125.918,108.876,106.876,99.1899,0,0,0,44.7339,28.3315,3,17.0421
4595.2,100426,96.4505,1.96887,48.915,100.666,7.77822,14948.9,0,0,2000,626.179,131.147,2,125.918,110.458,108.458,100.666,0,0,0,44.7377,28.3312,3,15.4601
4595.3,100428,96.457,1.96748,48.9678,102.632,7.77822,14949.6,0,0,2000,626.179,131.147,2,125.918,112.565,110.565,102.632,0,0,0,44.7409,28.3309,3,13.3531
4595.4,100431,96.4678,1.96605,49.0205,104.423,7.77822,14950.4,0,0,2000,626.179,131.147,2,125.918,114.484,112.484,104.423,0,0,0,44.7437,28.3307,3,11.4342
4595.5,100434,96.4814,1.96456,49.0731,105.787,7.77822,14951.2,0,0,2000,626.179,131.147,2,125.918,115.948,113.948,105.787,0,0,0,44.7461,28.3303,3,9.96991
4595.6,100436,96.4975,1.96302,49.1258,105.875,7.77822,14952,0,0,2000,626.179,131.147,2,125.918,116.042,114.042,105.875,0,0,0,44.7485,28.33,3,9.87558
4595.7,100439,96.5114,1.96143,49.1784,104.824,7.77822,14952.7,0,0,2000,626.179,131.147,2,125.918,114.914,112.914,104.824,0,0,0,44.7512,28.3297,3,11.0043
4595.8,100442,96.5233,1.95979,49.2309,103.653,7.77822,14953.5,0,0,2000,626.179,131.147,2,125.918,113.659,111.659,103.653,0,0,0,44.7542,28.3294,3,12.2591
4595.9,100445,96.5327,1.95809,49.2835,102.662,7.77822,14954.3,0,0,2000,626.179,131.147,2,125.918,112.597,110.597,102.662,0,0,0,44.7574,28.3292,3,13.3215
4596,100447,96.5408,1.95634,49.3359,101.767,7.77822,14955.1,0,0,2000,626.179,131.147,2,125.918,111.638,109.638,101.767,0,0,0,44.7609,28.3289,3,14.2802
4596.1,100450,96.5467,1.95454,49.3884,101.031,7.77822,14955.9,0,0,2000,626.179,131.147,2,125.918,110.849,108.849,101.031,0,0,0,44.7645,28.3286,3,15.0689
4596.2,100453,96.552,1.95269,49.4408,100.368,7.77822,14956.6,0,0,2000,626.179,131.147,2,125.918,110.138,108.138,100.368,0,0,0,44.7684,28.3284,3,15.7799
4596.3,100455,96.5554,1.95079,49.4931,99.5579,7.77822,14957.4,0,0,2000,626.179,131.147,2,125.918,109.27,107.27,99.5579,0,0,0,44.7724,28.3281,3,16.6481
4596.4,100458,96.5576,1.94884,49.5454,98.7418,7.77822,14958.2,0,0,2000,626.179,131.147,2,125.918,108.395,106.395,98.7418,0,0,0,44.7767,28.3279,3,17.5227
4596.5,100461,96.5579,1.94684,49.5977,97.2096,7.71866,14959,0,0,2000,622.276,130.329,2,125.138,106.753,104.753,97.2096,0,0,0,44.7812,28.3277,3,18.385
4596.6,100463,96.5543,1.94479,49.6499,95.2781,7.56086,14959.7,0,0,2000,611.86,128.148,2,123.056,104.683,102.683,95.2781,0,0,0,44.7856,28.3275,3,18.3731
4596.7,100466,96.5472,1.94268,49.702,93.9371,7.45253,14960.5,0,0,2000,604.644,126.636,2,121.613,103.251,101.251,93.9371,0,0,0,44.7901,28.3272,3,18.3618
4596.8,100469,96.5386,1.94053,49.7541,93.1372,7.38816,14961.2,0,0,2000,600.33,125.733,2,120.75,102.398,100.398,93.1372,0,0,0,44.7945,28.327,3,18.3517
4596.9,100471,96.5286,1.93833,49.8061,93.0352,7.37949,14961.9,0,0,2000,599.748,125.611,2,120.633,102.289,100.289,93.0352,0,0,0,44.799,28.3268,3,18.344
4597,100474,96.5198,1.93608,49.858,93.2836,7.39872,14962.7,0,0,2000,601.039,125.881,2,120.892,102.554,100.554,93.2836,0,0,0,44.8035,28.3266,3,18.3374
4597.1,100477,96.511,1.93379,49.9099,93.1118,7.38448,14963.4,0,0,2000,600.083,125.681,2,120.7,102.371,100.371,93.1118,0,0,0,44.8079,28.3263,3,18.3293
4597.2,100479,96.5017,1.93144,49.9617,92.277,7.31765,14964.1,0,0,2000,595.583,124.739,2,119.8,101.481,99.481,92.277,0,0,0,44.8124,28.3261,3,18.3189
4597.3,100482,96.4899,1.92905,50.0134,91.1268,7.22628,14964.9,0,0,2000,589.397,123.443,2,118.562,100.254,98.2545,91.1268,0,0,0,44.8168,28.3259,3,18.307
4597.4,100485,96.4763,1.92661,50.0651,89.8412,7.10814,14965.6,0,0,1964.01,591.862,121.729,2,116.887,98.8836,96.8836,89.8412,0,0,0,44.8212,28.3257,3,18.0035
4597.5,100487,96.4597,1.92412,50.1167,89.5009,7.08013,14966.3,0,0,1961.54,590.651,121.327,2,116.5,98.5208,96.5208,89.5009,0,0,0,44.8256,28.3254,3,17.9796
4597.6,100490,96.4452,1.92159,50.1682,90.5399,7.175,14967,0,0,1992.13,588.199,122.707,2,117.851,99.6287,97.6287,90.5399,0,0,0,44.83,28.3252,3,18.2221
4597.7,100493,96.4329,1.91901,50.2197,92.38,7.3231,14967.7,0,0,2000,595.95,124.816,2,119.873,101.591,99.591,92.38,0,0,0,44.8344,28.325,3,18.2825
4597.8,100495,96.4258,1.91639,50.271,94.3542,7.47984,14968.5,0,0,2000,606.468,127.018,2,121.978,103.696,101.696,94.3542,0,0,0,44.8389,28.3248,3,18.2817
4597.9,100498,96.4215,1.91371,50.3223,95.4806,7.57007,14969.2,0,0,2000,612.471,128.276,2,123.178,104.901,102.901,95.4806,0,0,0,44.8433,28.3246,3,18.2774
4598,100501,96.4191,1.911,50.3735,95.7399,7.59053,14970,0,0,2000,613.827,128.56,2,123.45,105.179,103.179,95.7399,0,0,0,44.8478,28.3243,3,18.2707
4598.1,100503,96.416,1.90823,50.4247,95.4332,7.56511,14970.8,0,0,2000,612.142,128.207,2,123.113,104.85,102.85,95.4332,0,0,0,44.8522,28.3241,3,18.2625
4598.2,100506,96.4126,1.90543,50.4757,94.7279,7.50758,14971.5,0,0,2000,608.318,127.406,2,122.348,104.095,102.095,94.7279,0,0,0,44.8567,28.3239,3,18.2531
4598.3,100509,96.4069,1.90258,50.5267,93.7138,7.42587,14972.3,0,0,2000,602.859,126.263,2,121.256,103.013,101.013,93.7138,0,0,0,44.8611,28.3237,3,18.2426
4598.4,100512,96.3998,1.89968,50.5776,93.2063,7.38487,14973,0,0,2000,600.109,125.687,2,120.706,102.472,100.472,93.2063,0,0,0,44.8655,28.3234,3,18.2336
4598.5,100514,96.3924,1.89674,50.6285,92.9244,7.3619,14973.7,0,0,2000,598.565,125.363,2,120.397,102.172,100.172,92.9244,0,0,0,44.87,28.3232,3,18.2252
4598.6,100517,96.3844,1.89376,50.6792,92.6551,7.33998,14974.5,0,0,2000,597.089,125.054,2,120.101,101.884,99.8844,92.6551,0,0,0,44.8744,28.323,3,18.2168
4598.7,100520,96.3762,1.89073,50.7299,92.9356,7.3617,14975.2,0,0,2000,598.551,125.36,2,120.394,102.184,100.184,92.9356,0,0,0,44.8788,28.3228,3,18.2105
4598.8,100522,96.3696,1.88766,50.7804,93.2482,7.38601,14975.9,0,0,2000,600.186,125.703,2,120.721,102.517,100.517,93.2482,0,0,0,44.8832,28.3225,3,18.2042
4598.9,100525,96.3629,1.88455,50.8309,92.9645,7.3629,14976.7,0,0,2000,598.632,125.377,2,120.41,102.214,100.214,92.9645,0,0,0,44.8877,28.3223,3,18.1958
4599,100528,96.3554,1.8814,50.8813,92.8222,7.35105,14977.4,0,0,2000,597.835,125.21,2,120.251,102.063,100.063,92.8222,0,0,0,44.8921,28.3221,3,18.1879
4599.1,100530,96.3485,1.8782,50.9316,92.709,7.34152,14978.1,0,0,2000,597.192,125.076,2,120.122,101.942,99.9419,92.709,0,0,0,44.8965,28.3219,3,18.1801
4599.2,100533,96.3408,1.87497,50.9819,92.247,7.30437,14978.9,0,0,2000,594.686,124.551,2,119.62,101.449,99.4494,92.247,0,0,0,44.9009,28.3216,3,18.1711
4599.3,100536,96.3323,1.87169,51.032,92.7591,7.3444,14979.6,0,0,2000,597.387,125.116,2,120.161,101.995,99.9954,92.7591,0,0,0,44.9053,28.3214,3,18.1656
4599.4,100538,96.3269,1.86837,51.082,94.2245,7.46062,14980.4,0,0,2000,605.184,126.75,2,121.721,103.558,101.558,94.2245,0,0,0,44.9097,28.3212,3,18.1631
4599.5,100541,96.3244,1.86502,51.132,95.3151,7.54781,14981.1,0,0,2000,610.994,127.966,2,122.883,104.724,102.724,95.3151,0,0,0,44.9142,28.321,3,18.1589
4599.6,100544,96.3236,1.86162,51.1818,96.7563,7.66429,14981.9,0,0,2000,618.7,129.58,2,124.424,106.269,104.269,96.7563,0,0,0,44.9186,28.3207,3,18.1551
4599.7,100546,96.327,1.85818,51.2316,98.86,7.77822,14982.6,0,0,2000,626.179,131.147,2,125.918,108.523,106.523,98.86,0,0,0,44.9228,28.3205,3,17.3953
4599.8,100549,96.3346,1.85471,51.2813,100.262,7.77822,14983.4,0,0,2000,626.179,131.147,2,125.918,110.025,108.025,100.262,0,0,0,44.9267,28.3203,3,15.8932
4599.9,100552,96.3437,1.85119,51.3309,101.396,7.77822,14984.2,0,0,2000,626.179,131.147,2,125.918,111.24,109.24,101.396,0,0,0,44.9302,28.32,3,14.6781
4600,100554,96.3559,1.84764,51.3804,102.547,7.77822,14985,0,0,2000,626.179,131.147,2,125.918,112.474,110.474,102.547,0,0,0,44.9335,28.3197,3,13.4445
4600.1,100557,96.3696,1.84405,51.4298,102.824,7.77822,14985.8,0,0,2000,626.179,131.147,2,125.918,112.771,110.771,102.824,0,0,0,44.9367,28.3194,3,13.1472
4600.2,100560,96.383,1.84042,51.4791,102.469,7.77822,14986.5,0,0,2000,626.179,131.147,2,125.918,112.39,110.39,102.469,0,0,0,44.94,28.3192,3,13.5284
4600.3,100562,96.3955,1.83675,51.5283,102.562,7.77822,14987.3,0,0,2000,626.179,131.147,2,125.918,112.489,110.489,102.562,0,0,0,44.9433,28.3189,3,13.4288
4600.4,100565,96.4095,1.83304,51.5775,103.047,7.77822,14988.1,0,0,2000,626.179,131.147,2,125.918,113.009,111.009,103.047,0,0,0,44.9464,28.3186,3,12.9086
4600.5,100568,96.424,1.8293,51.6265,103.642,7.77822,14988.9,0,0,2000,626.179,131.147,2,125.918,113.647,111.647,103.642,0,0,0,44.9494,28.3183,3,12.2709
4600.6,100570,96.4404,1.82552,51.6755,104.352,7.77822,14989.6,0,0,2000,626.179,131.147,2,125.918,114.408,112.408,104.352,0,0,0,44.9522,28.318,3,11.5099
4600.7,100573,96.4578,1.82171,51.7243,104.233,7.77822,14990.4,0,0,2000,626.179,131.147,2,125.918,114.28,112.28,104.233,0,0,0,44.955,28.3177,3,11.6378
4600.8,100576,96.4739,1.81786,51.7731,103.368,7.77822,14991.2,0,0,2000,626.179,131.147,2,125.918,113.353,111.353,103.368,0,0,0,44.9581,28.3174,3,12.5651
4600.9,100578,96.488,1.81397,51.8217,102.341,7.77822,14992,0,0,2000,626.179,131.147,2,125.918,112.252,110.252,102.341,0,0,0,44.9614,28.3172,3,13.6657
4601,100581,96.5002,1.81005,51.8703,101.045,7.77822,14992.8,0,0,2000,626.179,131.147,2,125.918,110.863,108.863,101.045,0,0,0,44.965,28.3169,3,15.0546
4601.1,100584,96.5095,1.8061,51.9188,100.219,7.77822,14993.5,0,0,2000,626.179,131.147,2,125.918,109.979,107.979,100.219,0,0,0,44.9689,28.3167,3,15.9392
4601.2,100586,96.5186,1.80211,51.9671,100.277,7.77822,14994.3,0,0,2000,626.179,131.147,2,125.918,110.04,108.04,100.277,0,0,0,44.9728,28.3164,3,15.8777
4601.3,100589,96.5283,1.79809,52.0154,100.516,7.77822,14995.1,0,0,2000,626.179,131.147,2,125.918,110.297,108.297,100.516,0,0,0,44.9766,28.3161,3,15.6209
4601.4,100592,96.5386,1.79404,52.0636,100.317,7.77822,14995.9,0,0,2000,626.179,131.147,2,125.918,110.083,108.083,100.317,0,0,0,44.9804,28.3159,3,15.8345
4601.5,100595,96.5477,1.78995,52.1116,99.8869,7.77822,14996.7,0,0,2000,626.179,131.147,2,125.918,109.623,107.623,99.8869,0,0,0,44.9844,28.3156,3,16.2955
4601.6,100597,96.5565,1.78583,52.1596,99.3742,7.77822,14997.4,0,0,2000,626.179,131.147,2,125.918,109.073,107.073,99.3742,0,0,0,44.9885,28.3154,3,16.8449
4601.7,100600,96.5638,1.78168,52.2074,98.9812,7.77822,14998.2,0,0,2000,626.179,131.147,2,125.918,108.652,106.652,98.9812,0,0,0,44.9927,28.3152,3,17.2662
4601.8,100603,96.5713,1.7775,52.2552,98.9538,7.77822,14999,0,0,2000,626.179,131.147,2,125.918,108.622,106.622,98.9538,0,0,0,44.9969,28.3149,3,17.2956
4601.9,100605,96.5787,1.77328,52.3028,99.2095,7.77822,14999.8,0,0,2000,626.179,131.147,2,125.918,108.896,106.896,99.2095,0,0,0,45.001,28.3147,3,17.0216
4602,100608,96.5874,1.76904,52.3503,100.002,7.77822,15000.5,0,0,2000,626.179,131.147,2,125.918,109.746,107.746,100.002,0,0,0,45.0049,28.3144,3,16.1723
4602.1,100611,96.5981,1.76477,52.3977,100.523,7.77822,15001.3,0,0,2000,626.179,131.147,2,125.918,110.305,108.305,100.523,0,0,0,45.0087,28.3142,3,15.6135
4602.2,100613,96.6091,1.76047,52.445,100.149,7.77822,15002.1,0,0,2000,626.179,131.147,2,125.918,109.903,107.903,100.149,0,0,0,45.0126,28.3139,3,16.0153
4602.3,100616,96.6186,1.75613,52.4922,99.2682,7.77822,15002.9,0,0,2000,626.179,131.147,2,125.918,108.959,106.959,99.2682,0,0,0,45.0168,28.3137,3,16.9588
4602.4,100619,96.6263,1.75177,52.5393,98.3283,7.77822,15003.7,0,0,2000,626.179,131.147,2,125.918,107.952,105.952,98.3283,0,0,0,45.0211,28.3135,3,17.9662
4602.5,100621,96.6323,1.74739,52.5862,97.4977,7.71118,15004.4,0,0,2000,621.785,130.226,2,125.04,107.062,105.062,97.4977,0,0,0,45.0255,28.3133,3,17.9784
4602.6,100624,96.6371,1.74297,52.6331,97.2531,7.69062,15005.2,0,0,2000,620.434,129.943,2,124.77,106.799,104.799,97.2531,0,0,0,45.0299,28.313,3,17.9707
4602.7,100627,96.6424,1.73853,52.6798,98.2403,7.77093,15006,0,0,2000,625.702,131.047,2,125.823,107.857,105.857,98.2403,0,0,0,45.0342,28.3128,3,17.9653
4602.8,100629,96.6513,1.73406,52.7264,100.093,7.77822,15006.7,0,0,2000,626.179,131.147,2,125.918,109.843,107.843,100.093,0,0,0,45.0381,28.3126,3,16.0752
4602.9,100632,96.6641,1.72957,52.7729,101.835,7.77822,15007.5,0,0,2000,626.179,131.147,2,125.918,111.71,109.71,101.835,0,0,0,45.0416,28.3123,3,14.2081
4603,100635,96.68,1.72505,52.8193,103.599,7.77822,15008.3,0,0,2000,626.179,131.147,2,125.918,113.6,111.6,103.599,0,0,0,45.0446,28.312,3,12.3176
4603.1,100637,96.6998,1.7205,52.8656,105.25,7.77822,15009.1,0,0,2000,626.179,131.147,2,125.918,115.371,113.371,105.25,0,0,0,45.0472,28.3117,3,10.5474
4603.2,100640,96.7223,1.71593,52.9117,106.299,7.77822,15009.9,0,0,2000,626.179,131.147,2,125.918,116.499,114.499,106.299,0,0,0,45.0494,28.3114,3,9.4194
4603.3,100643,96.7464,1.71133,52.9578,106.82,7.77822,15010.6,0,0,2000,626.179,131.147,2,125.918,117.06,115.06,106.82,0,0,0,45.0516,28.3111,3,8.85775
4603.4,100646,96.771,1.70671,53.0037,106.502,7.77822,15011.4,0,0,2000,626.179,131.147,2,125.918,116.717,114.717,106.502,0,0,0,45.0538,28.3108,3,9.20097
4603.5,100648,96.794,1.70207,53.0495,105.484,7.77822,15012.2,0,0,2000,626.179,131.147,2,125.918,115.621,113.621,105.484,0,0,0,45.0563,28.3105,3,10.2969
4603.6,100651,96.8148,1.6974,53.0952,104.655,7.77822,15013,0,0,2000,626.179,131.147,2,125.918,114.732,112.732,104.655,0,0,0,45.0591,28.3102,3,11.1855
4603.7,100654,96.8346,1.69271,53.1408,103.61,7.77822,15013.7,0,0,2000,626.179,131.147,2,125.918,113.612,111.612,103.61,0,0,0,45.062,28.3099,3,12.3056
4603.8,100656,96.8515,1.68799,53.1863,102.316,7.77822,15014.5,0,0,2000,626.179,131.147,2,125.918,112.225,110.225,102.316,0,0,0,45.0654,28.3096,3,13.6926
4603.9,100659,96.8665,1.68326,53.2317,101.988,7.77822,15015.3,0,0,2000,626.179,131.147,2,125.918,111.873,109.873,101.988,0,0,0,45.0688,28.3093,3,14.0448
4604,100662,96.8823,1.6785,53.2769,101.818,7.77822,15016.1,0,0,2000,626.179,131.147,2,125.918,111.691,109.691,101.818,0,0,0,45.0722,28.3091,3,14.2269
4604.1,100664,96.8968,1.67372,53.322,101.534,7.77822,15016.9,0,0,2000,626.179,131.147,2,125.918,111.387,109.387,101.534,0,0,0,45.0758,28.3088,3,14.5311
4604.2,100667,96.9117,1.66893,53.367,101.374,7.77822,15017.6,0,0,2000,626.179,131.147,2,125.918,111.216,109.216,101.374,0,0,0,45.0794,28.3085,3,14.7024
4604.3,100670,96.9258,1.66411,53.4119,100.433,7.77822,15018.4,0,0,2000,626.179,131.147,2,125.918,110.207,108.207,100.433,0,0,0,45.0832,28.3083,3,15.711
4604.4,100672,96.9373,1.65927,53.4566,98.8895,7.77822,15019.2,0,0,2000,626.179,131.147,2,125.918,108.552,106.552,98.8895,0,0,0,45.0874,28.308,3,17.3659
4604.5,100675,96.9456,1.65442,53.5012,97.0655,7.66735,15020,0,0,2000,618.902,129.622,2,124.464,106.597,104.597,97.0655,0,0,0,45.0917,28.3078,3,17.8671
4604.6,100678,96.9502,1.64954,53.5457,94.8712,7.48907,15020.7,0,0,2000,607.084,127.147,2,122.101,104.247,102.247,94.8712,0,0,0,45.0961,28.3076,3,17.8542
4604.7,100681,96.9503,1.64465,53.5901,93.5018,7.37915,15021.4,0,0,2000,599.725,125.606,2,120.629,102.786,100.786,93.5018,0,0,0,45.1004,28.3074,3,17.8426
4604.8,100683,96.9499,1.63975,53.6343,93.2683,7.36005,15022.2,0,0,2000,598.44,125.337,2,120.372,102.537,100.537,93.2683,0,0,0,45.1048,28.3071,3,17.8346
4604.9,100686,96.9494,1.63483,53.6784,93.4615,7.37487,15022.9,0,0,2000,599.437,125.546,2,120.571,102.743,100.743,93.4615,0,0,0,45.1091,28.3069,3,17.828
4605,100689,96.9501,1.62989,53.7223,94.418,7.45062,15023.7,0,0,2000,604.516,126.61,2,121.587,103.763,101.763,94.418,0,0,0,45.1134,28.3067,3,17.8239
4605.1,100691,96.9537,1.62493,53.7662,96.0932,7.58497,15024.4,0,0,2000,613.459,128.483,2,123.376,105.554,103.554,96.0932,0,0,0,45.1178,28.3065,3,17.8215
4605.2,100694,96.9612,1.61997,53.8099,97.97,7.73746,15025.2,0,0,2000,623.51,130.588,2,125.385,107.566,105.566,97.97,0,0,0,45.1221,28.3062,3,17.8184
4605.3,100697,96.9723,1.61498,53.8534,100.395,7.77822,15026,0,0,2000,626.179,131.147,2,125.918,110.166,108.166,100.395,0,0,0,45.1259,28.306,3,15.7521
4605.4,100699,96.9895,1.60999,53.8969,103.559,7.77822,15026.8,0,0,2000,626.179,131.147,2,125.918,113.557,111.557,103.559,0,0,0,45.1289,28.3057,3,12.3608
4605.5,100702,97.0132,1.60498,53.9402,106.845,7.77822,15027.5,0,0,2000,626.179,131.147,2,125.918,117.086,115.086,106.845,0,0,0,45.1311,28.3054,3,8.83245
4605.6,100705,97.0434,1.59995,53.9834,109.415,7.77822,15028.3,0,0,2000,626.179,131.147,2,125.918,119.856,117.856,109.415,0,0,0,45.1325,28.305,3,6.06159
4605.7,100707,97.0771,1.59491,54.0264,110.843,7.77822,15029.1,0,0,2000,626.179,131.147,2,125.918,121.396,119.396,110.843,0,0,0,45.1336,28.3047,3,4.52241
4605.8,100710,97.1129,1.58986,54.0694,111.29,7.77822,15029.9,0,0,2000,626.179,131.147,2,125.918,121.877,119.877,111.29,0,0,0,45.1346,28.3044,3,4.04056
4605.9,100713,97.1485,1.5848,54.1122,110.075,7.77822,15030.6,0,0,2000,626.179,131.147,2,125.918,120.567,118.567,110.075,0,0,0,45.1359,28.304,3,5.35122
4606,100716,97.1795,1.57972,54.1549,107.76,7.77822,15031.4,0,0,2000,626.179,131.147,2,125.918,118.071,116.071,107.76,0,0,0,45.1378,28.3037,3,7.84673
4606.1,100718,97.2062,1.57463,54.1975,104.975,7.77822,15032.2,0,0,2000,626.179,131.147,2,125.918,115.076,113.076,104.975,0,0,0,45.1405,28.3034,3,10.8422
4606.2,100721,97.2266,1.56953,54.24,101.639,7.77822,15033,0,0,2000,626.179,131.147,2,125.918,111.498,109.498,101.639,0,0,0,45.144,28.3032,3,14.4197
4606.3,100724,97.2404,1.56442,54.2823,98.1761,7.75092,15033.7,0,0,2000,624.392,130.772,2,125.561,107.786,105.786,98.1761,0,0,0,45.1483,28.3029,3,17.7751
4606.4,100726,97.2476,1.55931,54.3245,95.2678,7.51379,15034.5,0,0,2000,608.731,127.492,2,122.431,104.669,102.669,95.2678,0,0,0,45.1526,28.3027,3,17.7611
4606.5,100729,97.2505,1.55418,54.3665,92.596,7.30021,15035.2,0,0,2000,594.405,124.492,2,119.564,101.819,99.8192,92.596,0,0,0,45.1569,28.3025,3,17.7451
4606.6,100732,97.2476,1.54905,54.4084,89.7425,7.05821,15035.9,0,0,1961.54,589.128,121.014,2,116.202,98.7751,96.7751,89.7425,0,0,0,45.1612,28.3022,3,17.4264
4606.7,100734,97.2398,1.54391,54.4502,87.2353,6.88272,15036.6,0,0,1923.99,587.909,118.452,2,113.715,96.1006,94.1006,87.2353,0,0,0,45.1654,28.302,3,17.6149
4606.8,100737,97.2275,1.53876,54.4918,85.7328,6.75227,15037.3,0,0,1886.82,589.679,116.513,2,111.823,94.4978,92.4978,85.7328,0,0,0,45.1697,28.3018,3,17.3255
4606.9,100740,97.2143,1.53361,54.5333,85.6065,6.74027,15038,0,0,1883.54,589.795,116.334,2,111.649,94.3631,92.3631,85.6065,0,0,0,45.1739,28.3015,3,17.2856
4607,100743,97.2021,1.52845,54.5747,86.592,6.83915,15038.7,0,0,1907.66,589.679,117.8,2,113.075,95.4146,93.4146,86.592,0,0,0,45.1781,28.3013,3,17.6608
4607.1,100745,97.1931,1.52329,54.6159,88.6572,6.978,15039.4,0,0,1949.17,587.174,119.852,2,115.079,97.6176,95.6176,88.6572,0,0,0,45.1824,28.3011,3,17.4615
4607.2,100748,97.1893,1.51813,54.6569,91.0443,7.15612,15040.1,0,0,1984.17,589.236,122.432,2,117.58,100.164,98.1641,91.0443,0,0,0,45.1866,28.3009,3,17.416
4607.3,100751,97.19,1.51296,54.6978,92.6391,7.29944,15040.8,0,0,2000,594.353,124.481,2,119.554,101.865,99.8654,92.6391,0,0,0,45.1909,28.3006,3,17.6885
4607.4,100753,97.1927,1.50779,54.7386,92.8391,7.31475,15041.5,0,0,2000,595.387,124.698,2,119.761,102.079,100.079,92.8391,0,0,0,45.1952,28.3004,3,17.682
4607.5,100756,97.1945,1.50261,54.7792,91.6348,7.21912,15042.3,0,0,2000,588.91,123.341,2,118.464,100.794,98.794,91.6348,0,0,0,45.1995,28.3002,3,17.6702
4607.6,100759,97.1929,1.49744,54.8197,89.446,7.03035,15043,0,0,1961.54,587.188,120.615,2,115.821,98.4591,96.4591,89.446,0,0,0,45.2037,28.2999,3,17.3618
4607.7,100761,97.1866,1.49226,54.8601,87.0452,6.86591,15043.6,0,0,1917.68,588.594,118.201,2,113.469,95.8981,93.8981,87.0452,0,0,0,45.208,28.2997,3,17.5709
4607.8,100764,97.176,1.48708,54.9003,84.6824,6.67545,15044.3,0,0,1860.07,592.184,115.349,2,110.682,93.3788,91.3788,84.6824,0,0,0,45.2122,28.2995,3,17.3034
4607.9,100767,97.1609,1.4819,54.9404,82.1599,6.50648,15045,0,0,1811.03,594.689,112.783,2,108.176,90.7001,88.7001,82.1599,0,0,0,45.2165,28.2992,3,17.4754
4608,100770,97.141,1.47672,54.9803,79.3323,6.29555,15045.6,0,0,1757,594.689,109.419,2,104.9,87.6975,85.6975,79.3323,0,0,0,45.2207,28.299,3,17.2028
4608.1,100772,97.1155,1.47154,55.0201,76.7964,6.10636,15046.2,0,0,1707.75,594.689,106.351,2,101.913,85.0047,83.0047,76.7964,0,0,0,45.2248,28.2988,3,16.9085
4608.2,100775,97.0862,1.46637,55.0597,75.1386,6.00262,15046.8,0,0,1680.54,594.689,104.657,2,100.263,83.2444,81.2444,75.1386,0,0,0,45.2289,28.2985,3,17.0185
4608.3,100778,97.0548,1.46119,55.0992,73.6889,5.91243,15047.4,0,0,1656.78,594.689,103.177,2,98.821,81.7076,79.7076,73.6889,0,0,0,45.2331,28.2983,3,17.1134
4608.4,100780,97.0205,1.45602,55.1385,72.6908,5.82527,15048,0,0,1633.71,594.689,101.74,2,97.4215,80.6523,78.6523,72.6908,0,0,0,45.2371,28.2981,3,16.7691
4608.5,100783,96.9857,1.45086,55.1776,73.2691,5.87801,15048.6,0,0,1647.68,594.689,102.61,2,98.2691,81.264,79.264,73.2691,0,0,0,45.2413,28.2978,3,17.0051
4608.6,100786,96.9543,1.44569,55.2167,74.2831,5.94795,15049.2,0,0,1666.15,594.689,103.76,2,99.3896,82.3369,80.3369,74.2831,0,0,0,45.2454,28.2976,3,17.0528
4608.7,100788,96.924,1.44054,55.2555,74.9026,5.98601,15049.8,0,0,1676.17,594.689,104.385,2,99.9978,82.9949,80.9949,74.9026,0,0,0,45.2495,28.2974,3,17.0029
4608.8,100791,96.8955,1.43539,55.2942,76.509,6.08566,15050.4,0,0,1702.33,594.689,106.014,2,101.585,84.7008,82.7008,76.509,0,0,0,45.2537,28.2971,3,16.8838
4608.9,100794,96.8721,1.43024,55.3328,78.7892,6.24371,15051,0,0,1743.56,594.689,108.581,2,104.085,87.1222,85.1222,78.7892,0,0,0,45.2578,28.2969,3,16.9626
4609,100796,96.853,1.4251,55.3712,80.6512,6.37492,15051.6,0,0,1777.53,594.689,110.697,2,106.145,89.0993,87.0993,80.6512,0,0,0,45.2619,28.2966,3,17.0453
4609.1,100799,96.8373,1.41996,55.4095,83.1811,6.53835,15052.3,0,0,1818.78,594.689,113.266,2,108.645,91.7856,89.7856,83.1811,0,0,0,45.266,28.2964,3,16.8592
4609.2,100802,96.8286,1.41483,55.4476,85.9427,6.7065,15053,0,0,1870.88,591.17,115.821,2,111.145,94.7242,92.7242,85.9427,0,0,0,45.27,28.2962,3,16.4205
4609.3,100805,96.8241,1.40971,55.4856,87.4663,6.87793,15053.6,0,0,1922.2,588.105,118.381,2,113.645,96.3493,94.3493,87.4663,0,0,0,45.2742,28.2959,3,17.2961
4609.4,100807,96.8216,1.40459,55.5234,88.9559,6.98842,15054.3,0,0,1951.65,587.174,120.004,2,115.227,97.938,95.938,88.9559,0,0,0,45.2784,28.2957,3,17.289
4609.5,100810,96.8233,1.39949,55.5611,91.267,7.16637,15055.1,0,0,1988.49,588.673,122.582,2,117.727,100.403,98.4029,91.267,0,0,0,45.2826,28.2955,3,17.3243
4609.6,100813,96.8302,1.39438,55.5987,93.0717,7.32192,15055.8,0,0,2000,595.871,124.799,2,119.858,102.328,100.328,93.0717,0,0,0,45.2869,28.2952,3,17.5299
4609.7,100815,96.8392,1.38929,55.6361,93.7287,7.37356,15056.5,0,0,2000,599.349,125.527,2,120.554,103.028,101.028,93.7287,0,0,0,45.2912,28.295,3,17.5252
4609.8,100818,96.849,1.3842,55.6734,93.9047,7.38703,15057.3,0,0,2000,600.254,125.717,2,120.735,103.216,101.216,93.9047,0,0,0,45.2954,28.2948,3,17.5187
4609.9,100821,96.8589,1.37912,55.7106,93.9625,7.3911,15058,0,0,2000,600.528,125.774,2,120.789,103.278,101.278,93.9625,0,0,0,45.2997,28.2945,3,17.5117
4610,100823,96.8692,1.37405,55.7477,93.9216,7.38732,15058.7,0,0,2000,600.274,125.721,2,120.739,103.234,101.234,93.9216,0,0,0,45.3039,28.2943,3,17.5045
4610.1,100826,96.8793,1.36899,55.7846,93.9279,7.38729,15059.5,0,0,2000,600.272,125.721,2,120.738,103.241,101.241,93.9279,0,0,0,45.3082,28.2941,3,17.4974
4610.2,100829,96.8898,1.36394,55.8213,94.8381,7.45941,15060.2,0,0,2000,605.104,126.733,2,121.705,104.212,102.212,94.8381,0,0,0,45.3124,28.2939,3,17.4933
4610.3,100831,96.9037,1.3589,55.858,96.5066,7.59349,15061,0,0,2000,614.023,128.601,2,123.489,105.998,103.998,96.5066,0,0,0,45.3167,28.2936,3,17.4909
4610.4,100834,96.9209,1.35386,55.8945,97.8987,7.70637,15061.8,0,0,2000,621.469,130.16,2,124.977,107.49,105.49,97.8987,0,0,0,45.3209,28.2934,3,17.487
4610.5,100837,96.9404,1.34884,55.9309,99.0836,7.77822,15062.5,0,0,2000,626.179,131.147,2,125.918,108.76,106.76,99.0836,0,0,0,45.3251,28.2932,3,17.1579
4610.6,100840,96.9625,1.34383,55.9671,100.296,7.77822,15063.3,0,0,2000,626.179,131.147,2,125.918,110.06,108.06,100.296,0,0,0,45.329,28.2929,3,15.8583
4610.7,100842,96.9869,1.33883,56.0033,101.804,7.77822,15064.1,0,0,2000,626.179,131.147,2,125.918,111.677,109.677,101.804,0,0,0,45.3324,28.2926,3,14.2414
4610.8,100845,97.015,1.33384,56.0393,103.462,7.77822,15064.9,0,0,2000,626.179,131.147,2,125.918,113.454,111.454,103.462,0,0,0,45.3355,28.2924,3,12.4642
4610.9,100848,97.046,1.32887,56.0752,104.516,7.77822,15065.6,0,0,2000,626.179,131.147,2,125.918,114.584,112.584,104.516,0,0,0,45.3382,28.2921,3,11.3343
4611,100850,97.0783,1.3239,56.1109,104.975,7.77822,15066.4,0,0,2000,626.179,131.147,2,125.918,115.075,113.075,104.975,0,0,0,45.3408,28.2918,3,10.8428
4611.1,100853,97.1111,1.31895,56.1466,104.617,7.77822,15067.2,0,0,2000,626.179,131.147,2,125.918,114.692,112.692,104.617,0,0,0,45.3436,28.2915,3,11.2261
4611.2,100856,97.142,1.31401,56.1821,103.252,7.77822,15068,0,0,2000,626.179,131.147,2,125.918,113.228,111.228,103.252,0,0,0,45.3467,28.2912,3,12.6897
4611.3,100858,97.1696,1.30908,56.2175,101.911,7.77822,15068.8,0,0,2000,626.179,131.147,2,125.918,111.79,109.79,101.911,0,0,0,45.3501,28.2909,3,14.1276
4611.4,100861,97.1955,1.30417,56.2528,100.649,7.77822,15069.5,0,0,2000,626.179,131.147,2,125.918,110.438,108.438,100.649,0,0,0,45.3539,28.2907,3,15.4803
4611.5,100864,97.2183,1.29928,56.2879,99.0806,7.77822,15070.3,0,0,2000,626.179,131.147,2,125.918,108.756,106.756,99.0806,0,0,0,45.358,28.2904,3,17.1623
4611.6,100867,97.2382,1.29439,56.3229,98.2353,7.72855,15071.1,0,0,2000,622.926,130.465,2,125.268,107.849,105.849,98.2353,0,0,0,45.3623,28.2902,3,17.4188
4611.7,100869,97.2579,1.28953,56.3578,98.3719,7.73921,15071.9,0,0,2000,623.624,130.612,2,125.408,107.996,105.996,98.3719,0,0,0,45.3665,28.29,3,17.412
4611.8,100872,97.2785,1.28468,56.3926,98.6736,7.76342,15072.6,0,0,2000,625.21,130.944,2,125.724,108.319,106.319,98.6736,0,0,0,45.3707,28.2897,3,17.4055
4611.9,100875,97.2996,1.27984,56.4273,99.2632,7.77822,15073.4,0,0,2000,626.179,131.147,2,125.918,108.951,106.951,99.2632,0,0,0,45.3749,28.2895,3,16.9669
4612,100877,97.3227,1.27502,56.4618,99.7733,7.77822,15074.2,0,0,2000,626.179,131.147,2,125.918,109.498,107.498,99.7733,0,0,0,45.3788,28.2893,3,16.4201
4612.1,100880,97.3458,1.27022,56.4962,99.3537,7.77822,15075,0,0,2000,626.179,131.147,2,125.918,109.048,107.048,99.3537,0,0,0,45.3829,28.289,3,16.8701
4612.2,100883,97.3674,1.26544,56.5305,98.1843,7.72117,15075.7,0,0,2000,622.441,130.364,2,125.171,107.794,105.794,98.1843,0,0,0,45.3872,28.2888,3,17.3772
4612.3,100885,97.3862,1.26068,56.5646,96.2937,7.5666,15076.5,0,0,2000,612.241,128.227,2,123.132,105.767,103.767,96.2937,0,0,0,45.3914,28.2886,3,17.3658
4612.4,100888,97.4006,1.25593,56.5987,93.8118,7.36712,15077.2,0,0,2000,598.916,125.437,2,120.467,103.116,101.116,93.8118,0,0,0,45.3956,28.2883,3,17.3511
4612.5,100891,97.41,1.25121,56.6326,91.5735,7.18878,15078,0,0,1997.96,587.44,122.908,2,118.048,100.728,98.7278,91.5735,0,0,0,45.3998,28.2881,3,17.3199
4612.6,100894,97.416,1.2465,56.6664,90.1412,7.05971,15078.7,0,0,1961.54,589.232,121.035,2,116.222,99.1998,97.1998,90.1412,0,0,0,45.404,28.2879,3,17.0223
4612.7,100896,97.4201,1.24181,56.7001,88.8015,6.96358,15079.4,0,0,1945.75,587.174,119.641,2,114.874,97.7704,95.7704,88.8015,0,0,0,45.4081,28.2876,3,17.1038
4612.8,100899,97.4212,1.23715,56.7336,87.4828,6.87365,15080,0,0,1920.59,588.279,118.317,2,113.583,96.3636,94.3636,87.4828,0,0,0,45.4123,28.2874,3,17.2189
4612.9,100902,97.4205,1.2325,56.767,86.5038,6.79175,15080.7,0,0,1896.31,589.679,117.099,2,112.393,95.3191,93.3191,86.5038,0,0,0,45.4165,28.2872,3,17.0741
4613,100904,97.4181,1.22788,56.8003,85.4141,6.70227,15081.4,0,0,1869.3,591.342,115.757,2,111.082,94.1566,92.1566,85.4141,0,0,0,45.4206,28.2869,3,16.925
4613.1,100907,97.4135,1.22328,56.8335,84.0308,6.6091,15082.1,0,0,1842.87,592.54,114.352,2,109.71,92.686,90.686,84.0308,0,0,0,45.4247,28.2867,3,17.024
4613.2,100910,97.4061,1.21871,56.8665,83.2192,6.55534,15082.7,0,0,1822.9,594.689,113.522,2,108.895,91.8241,89.8241,83.2192,0,0,0,45.4289,28.2865,3,17.0706
4613.3,100912,97.3987,1.21415,56.8994,83.2355,6.556,15083.4,0,0,1823.06,594.689,113.532,2,108.904,91.8415,89.8415,83.2355,0,0,0,45.433,28.2862,3,17.063
4613.4,100915,97.3917,1.20962,56.9322,83.0725,6.54457,15084,0,0,1820.29,594.689,113.36,2,108.736,91.6683,89.6683,83.0725,0,0,0,45.4372,28.286,3,17.0681
4613.5,100918,97.3841,1.20512,56.9649,83.0906,6.54536,15084.7,0,0,1820.48,594.689,113.372,2,108.748,91.6876,89.6876,83.0906,0,0,0,45.4413,28.2858,3,17.0604
4613.6,100921,97.3776,1.20064,56.9974,83.7316,6.58734,15085.3,0,0,1834.74,593.423,114.017,2,109.381,92.3684,90.3684,83.7316,0,0,0,45.4454,28.2855,3,17.0122
4613.7,100923,97.3727,1.19618,57.0298,83.9802,6.60323,15086,0,0,1840.68,592.778,114.261,2,109.621,92.6324,90.6324,83.9802,0,0,0,45.4496,28.2853,3,16.9889
4613.8,100926,97.3675,1.19175,57.0621,83.905,6.59788,15086.7,0,0,1838.68,592.995,114.179,2,109.54,92.5526,90.5526,83.905,0,0,0,45.4537,28.285,3,16.9877
4613.9,100929,97.3627,1.18734,57.0943,84.2385,6.61937,15087.3,0,0,1846.52,592.184,114.509,2,109.864,92.9068,90.9068,84.2385,0,0,0,45.4578,28.2848,3,16.9576
4614,100931,97.3591,1.18296,57.1263,84.3328,6.6253,15088,0,0,1847.95,592.184,114.598,2,109.951,93.007,91.007,84.3328,0,0,0,45.4619,28.2846,3,16.9441
4614.1,100934,97.355,1.1786,57.1583,84.1073,6.60988,15088.6,0,0,1843.17,592.508,114.364,2,109.722,92.7675,90.7675,84.1073,0,0,0,45.4661,28.2843,3,16.9543
4614.2,100937,97.3509,1.17427,57.1901,83.821,6.59067,15089.3,0,0,1835.99,593.288,114.068,2,109.431,92.4634,90.4634,83.821,0,0,0,45.4702,28.2841,3,16.9677
4614.3,100940,97.346,1.16997,57.2218,83.349,6.55922,15090,0,0,1824.25,594.561,113.582,2,108.953,91.9621,89.9621,83.349,0,0,0,45.4743,28.2839,3,16.9913
4614.4,100942,97.3404,1.16569,57.2534,83.1265,6.54387,15090.6,0,0,1820.12,594.689,113.349,2,108.726,91.7259,89.7259,83.1265,0,0,0,45.4784,28.2836,3,17.0002
4614.5,100945,97.3349,1.16144,57.2848,83.4563,6.56544,15091.3,0,0,1826.57,594.31,113.678,2,109.048,92.0762,90.0762,83.4563,0,0,0,45.4826,28.2834,3,16.9718
4614.6,100948,97.3309,1.15722,57.3162,83.8231,6.58911,15091.9,0,0,1835.4,593.351,114.044,2,109.408,92.4657,90.4657,83.8231,0,0,0,45.4867,28.2832,3,16.9418
4614.7,100950,97.3272,1.15303,57.3474,84.4949,6.63321,15092.6,0,0,1849.87,592.184,114.716,2,110.066,93.1792,91.1792,84.4949,0,0,0,45.4908,28.2829,3,16.8873
4614.8,100953,97.3261,1.14886,57.3785,85.8099,6.72072,15093.3,0,0,1876.21,590.591,116.037,2,111.357,94.5794,92.5794,85.8099,0,0,0,45.4949,28.2827,3,16.7778
4614.9,100956,97.3278,1.14472,57.4095,87.5568,6.86966,15093.9,0,0,1919.09,588.442,118.257,2,113.524,96.443,94.443,87.5568,0,0,0,45.499,28.2825,3,17.081
4615,100958,97.3338,1.14061,57.4404,88.9085,6.96077,15094.6,0,0,1945.08,587.174,119.6,2,114.834,97.885,95.885,88.9085,0,0,0,45.5031,28.2822,3,16.9493
4615.1,100961,97.3409,1.13653,57.4712,89.8408,7.02485,15095.3,0,0,1960.28,587.174,120.535,2,115.743,98.8795,96.8795,89.8408,0,0,0,45.5072,28.282,3,16.8636
4615.2,100964,97.3507,1.13248,57.5019,90.6569,7.08655,15096.1,0,0,1961.54,591.096,121.418,2,116.588,99.7502,97.7502,90.6569,0,0,0,45.5113,28.2817,3,16.8376
4615.3,100967,97.3613,1.12845,57.5325,90.9518,7.11058,15096.8,0,0,1965.03,591.729,121.765,2,116.922,100.065,98.0648,90.9518,0,0,0,45.5154,28.2815,3,16.8577
4615.4,100969,97.3724,1.12446,57.5629,91.1844,7.13272,15097.5,0,0,1974.32,590.519,122.09,2,117.243,100.313,98.3129,91.1844,0,0,0,45.5196,28.2813,3,16.93
4615.5,100972,97.384,1.12049,57.5933,91.7903,7.19108,15098.2,0,0,1998.93,587.313,122.941,2,118.081,100.959,98.9592,91.7903,0,0,0,45.5237,28.281,3,17.1214
4615.6,100975,97.3977,1.11655,57.6235,92.4237,7.24089,15098.9,0,0,2000,590.388,123.651,2,118.76,101.635,99.6349,92.4237,0,0,0,45.5279,28.2808,3,17.1252
4615.7,100977,97.4119,1.11264,57.6537,92.7622,7.26708,15099.6,0,0,2000,592.164,124.023,2,119.116,101.996,99.996,92.7622,0,0,0,45.532,28.2806,3,17.1196
4615.8,100980,97.427,1.10877,57.6838,93.4974,7.32474,15100.4,0,0,2000,596.062,124.839,2,119.896,102.78,100.78,93.4974,0,0,0,45.5362,28.2803,3,17.1154
4615.9,100983,97.4443,1.10492,57.7137,94.3048,7.38838,15101.1,0,0,2000,600.345,125.736,2,120.753,103.642,101.642,94.3048,0,0,0,45.5404,28.2801,3,17.1113
4616,100986,97.4627,1.1011,57.7436,94.2914,7.3868,15101.9,0,0,2000,600.239,125.714,2,120.732,103.627,101.627,94.2914,0,0,0,45.5445,28.2799,3,17.1043
4616.1,100988,97.48,1.09731,57.7733,94.0543,7.36741,15102.6,0,0,2000,598.936,125.441,2,120.471,103.374,101.374,94.0543,0,0,0,45.5487,28.2796,3,17.0966
4616.2,100991,97.4976,1.09356,57.803,93.9037,7.35492,15103.3,0,0,2000,598.095,125.265,2,120.303,103.214,101.214,93.9037,0,0,0,45.5528,28.2794,3,17.0891
4616.3,100994,97.5144,1.08983,57.8326,92.5542,7.24757,15104.1,0,0,2000,590.842,123.746,2,118.851,101.774,99.7738,92.5542,0,0,0,45.557,28.2792,3,17.0771
4616.4,100996,97.5269,1.08614,57.862,89.3957,6.98814,15104.8,0,0,1951.58,587.174,120,2,115.223,98.4038,96.4038,89.3957,0,0,0,45.5611,28.2789,3,16.8192
4616.5,100999,97.5317,1.08248,57.8914,86.038,6.72842,15105.4,0,0,1879.1,590.278,116.154,2,111.472,94.8213,92.8213,86.038,0,0,0,45.5651,28.2787,3,16.6508
4616.6,101002,97.5314,1.07885,57.9207,83.0708,6.5305,15106.1,0,0,1816.87,594.689,113.147,2,108.529,91.666,89.666,83.0708,0,0,0,45.5692,28.2785,3,16.8633
4616.7,101004,97.5249,1.07525,57.9499,80.2282,6.31713,15106.7,0,0,1762.59,594.689,109.767,2,105.239,88.6469,86.6469,80.2282,0,0,0,45.5733,28.2782,3,16.5922
4616.8,101007,97.5139,1.07169,57.9789,77.5419,6.11831,15107.3,0,0,1710.87,594.689,106.546,2,102.103,85.7939,83.7939,77.5419,0,0,0,45.5772,28.278,3,16.3089
4616.9,101010,97.4974,1.06816,58.0079,75.5148,5.99154,15107.9,0,0,1677.63,594.689,104.475,2,100.086,83.641,81.641,75.5148,0,0,0,45.5812,28.2777,3,16.445
4617,101013,97.4788,1.06466,58.0368,73.7842,5.87544,15108.5,0,0,1647,594.689,102.568,2,98.2277,81.8065,79.8065,73.7842,0,0,0,45.5852,28.2775,3,16.4212
4617.1,101015,97.456,1.0612,58.0656,71.2216,5.68224,15109.1,0,0,1576.57,602.243,99.4289,2,95.133,79.0964,77.0964,71.2216,0,0,0,45.5891,28.2772,3,16.0365
4617.2,101018,97.4279,1.05777,58.0943,68.25,5.45655,15109.6,0,0,1470.51,623.914,96.0776,2,91.7521,75.9539,73.9539,68.25,0,0,0,45.5929,28.277,3,15.7982
4617.3,101021,97.3939,1.05438,58.1228,66.2922,5.3245,15110.2,0,0,1417.43,633.491,94.0307,2,89.6999,73.8836,71.8836,66.2922,0,0,0,45.5968,28.2767,3,15.8163
4617.4,101023,97.3587,1.05102,58.1513,65.852,5.30073,15110.7,0,0,1406.54,635.855,93.6565,2,89.3207,73.4184,71.4184,65.852,0,0,0,45.6007,28.2765,3,15.9024
4617.5,101026,97.3235,1.0477,58.1797,65.7504,5.29497,15111.2,0,0,1403.91,636.425,93.5655,2,89.2286,73.3112,71.3112,65.7504,0,0,0,45.6045,28.2763,3,15.9174
4617.6,101029,97.2884,1.04441,58.208,66.6251,5.34201,15111.7,0,0,1424.45,632.264,94.3134,2,89.983,74.2365,72.2365,66.6251,0,0,0,45.6084,28.276,3,15.7465
4617.7,101032,97.257,1.04116,58.2361,68.2284,5.45321,15112.3,0,0,1468.45,624.453,96.0254,2,91.6982,75.9322,73.9322,68.2284,0,0,0,45.6122,28.2758,3,15.766
4617.8,101034,97.2285,1.03794,58.2642,69.157,5.5231,15112.8,0,0,1494.37,620.35,97.0786,2,92.7484,76.9143,74.9143,69.157,0,0,0,45.616,28.2755,3,15.8341
4617.9,101037,97.2012,1.03476,58.2922,70.2221,5.60274,15113.4,0,0,1547.22,606.558,98.2774,2,93.9889,78.0409,76.0409,70.2221,0,0,0,45.6199,28.2753,3,15.948
4618,101040,97.1773,1.03162,58.3201,72.4767,5.7674,15114,0,0,1618.35,594.689,100.784,2,96.489,80.4251,78.4251,72.4767,0,0,0,45.6238,28.275,3,16.0639
4618.1,101042,97.1591,1.02851,58.3479,74.7196,5.92293,15114.6,0,0,1659.55,594.689,103.349,2,98.9892,82.799,80.799,74.7196,0,0,0,45.6278,28.2748,3,16.1902
4618.2,101045,97.1442,1.02543,58.3756,77.044,6.07966,15115.2,0,0,1700.76,594.689,105.916,2,101.489,85.2674,83.2674,77.044,0,0,0,45.6317,28.2745,3,16.2219
4618.3,101048,97.1353,1.02239,58.4032,79.8112,6.23766,15115.8,0,0,1741.98,594.689,108.483,2,103.989,88.206,86.206,79.8112,0,0,0,45.6355,28.2743,3,15.7835
4618.4,101050,97.1314,1.01939,58.4308,81.2906,6.37789,15116.4,0,0,1778.29,594.689,110.744,2,106.191,89.777,87.777,81.2906,0,0,0,45.6395,28.274,3,16.414
4618.5,101053,97.1286,1.01642,58.4582,81.4542,6.38786,15117.1,0,0,1780.87,594.689,110.905,2,106.347,89.9508,87.9508,81.4542,0,0,0,45.6435,28.2738,3,16.3962
4618.6,101056,97.1255,1.01348,58.4856,81.8871,6.4212,15117.7,0,0,1789.46,594.689,111.44,2,106.868,90.4105,88.4105,81.8871,0,0,0,45.6475,28.2736,3,16.4572
4618.7,101059,97.1246,1.01058,58.5129,82.3409,6.46389,15118.4,0,0,1800.43,594.689,112.123,2,107.533,90.8925,88.8925,82.3409,0,0,0,45.6516,28.2733,3,16.6406
4618.8,101061,97.1235,1.00772,58.5402,82.9781,6.51525,15119,0,0,1813.17,594.689,112.916,2,108.305,91.5691,89.5691,82.9781,0,0,0,45.6556,28.2731,3,16.7357
4618.9,101064,97.1253,1.00489,58.5673,84.8345,6.63832,15119.7,0,0,1851.1,592.184,114.793,2,110.141,93.5404,91.5404,84.8345,0,0,0,45.6597,28.2728,3,16.6007
4619,101067,97.1316,1.0021,58.5944,87.2509,6.80886,15120.4,0,0,1900.41,589.679,117.352,2,112.64,96.1179,94.1179,87.2509,0,0,0,45.6637,28.2726,3,16.5218
4619.1,101069,97.1429,0.999344,58.6214,89.3425,6.97308,15121.1,0,0,1948,587.174,119.78,2,115.009,98.3489,96.3489,89.3425,0,0,0,45.6677,28.2724,3,16.6603
4619.2,101072,97.1574,0.996623,58.6483,91.3113,7.12199,15121.8,0,0,1969.82,591.106,121.933,2,117.088,100.449,98.449,91.3113,0,0,0,45.6718,28.2721,3,16.6387
4619.3,101075,97.1764,0.993937,58.6752,93.3522,7.29605,15122.5,0,0,2000,594.124,124.433,2,119.508,102.626,100.626,93.3522,0,0,0,45.6759,28.2719,3,16.8817
4619.4,101077,97.199,0.991287,58.702,94.6938,7.40208,15123.2,0,0,2000,601.264,125.929,2,120.937,104.057,102.057,94.6938,0,0,0,45.68,28.2717,3,16.8797
4619.5,101080,97.2232,0.988672,58.7287,94.9986,7.42588,15124,0,0,2000,602.86,126.263,2,121.256,104.382,102.382,94.9986,0,0,0,45.6841,28.2714,3,16.8738
4619.6,101083,97.2469,0.986092,58.7554,94.7324,7.40412,15124.7,0,0,2000,601.402,125.957,2,120.964,104.098,102.098,94.7324,0,0,0,45.6882,28.2712,3,16.8661
4619.7,101086,97.2701,0.983548,58.782,94.3187,7.37067,15125.5,0,0,2000,599.155,125.487,2,120.515,103.657,101.657,94.3187,0,0,0,45.6923,28.2709,3,16.8579
4619.8,101088,97.2922,0.981039,58.8085,93.2253,7.28345,15126.2,0,0,2000,593.272,124.255,2,119.337,102.49,100.49,93.2253,0,0,0,45.6964,28.2707,3,16.847
4619.9,101091,97.3111,0.978567,58.835,91.0757,7.09612,15126.9,0,0,1961.54,591.76,121.555,2,116.718,100.197,98.1971,91.0757,0,0,0,45.7004,28.2705,3,16.521
4620,101094,97.3249,0.97613,58.8614,89.3457,6.96929,15127.6,0,0,1947.1,587.174,119.725,2,114.955,98.3514,96.3514,89.3457,0,0,0,45.7044,28.2702,3,16.604
4620.1,101096,97.3371,0.973729,58.8878,89.1916,6.95821,15128.3,0,0,1944.47,587.174,119.563,2,114.798,98.187,96.187,89.1916,0,0,0,45.7085,28.27,3,16.6109
4620.2,101099,97.3504,0.971365,58.9141,89.4366,6.9747,15129,0,0,1948.39,587.174,119.804,2,115.032,98.4484,96.4484,89.4366,0,0,0,45.7125,28.2698,3,16.5839
4620.3,101102,97.3637,0.969036,58.9403,89.6376,6.98816,15129.7,0,0,1951.59,587.174,120.001,2,115.223,98.6627,96.6627,89.6376,0,0,0,45.7165,28.2695,3,16.5606
4620.4,101104,97.3778,0.966744,58.9665,90.5178,7.05073,15130.4,0,0,1961.54,588.607,120.907,2,116.099,99.6017,97.6017,90.5178,0,0,0,45.7205,28.2693,3,16.4977
4620.5,101107,97.3945,0.964488,58.9926,91.6231,7.14434,15131.1,0,0,1979.21,589.882,122.26,2,117.411,100.781,98.7808,91.6231,0,0,0,45.7246,28.269,3,16.6297
4620.6,101110,97.4129,0.962268,59.0187,91.9981,7.18023,15131.8,0,0,1994.34,587.911,122.784,2,117.926,101.181,99.1808,91.9981,0,0,0,45.7286,28.2688,3,16.7448
4620.7,101113,97.4311,0.960084,59.0447,92.0871,7.18825,15132.6,0,0,1997.74,587.469,122.9,2,118.04,101.276,99.2757,92.0871,0,0,0,45.7327,28.2686,3,16.7645
4620.8,101115,97.4499,0.957936,59.0707,92.2378,7.2006,15133.3,0,0,2000,587.651,123.077,2,118.212,101.436,99.4364,92.2378,0,0,0,45.7368,28.2683,3,16.7756
4620.9,101118,97.4687,0.955824,59.0966,91.8281,7.16183,15134,0,0,1986.57,588.923,122.516,2,117.662,100.999,98.9992,91.8281,0,0,0,45.7409,28.2681,3,16.6628
4621,101121,97.4859,0.953749,59.1224,90.7327,7.06431,15134.7,0,0,1961.54,589.552,121.101,2,116.285,99.8305,97.8305,90.7327,0,0,0,45.7449,28.2679,3,16.4542
4621.1,101123,97.5004,0.951709,59.1482,88.9142,6.93468,15135.4,0,0,1938.87,587.174,119.218,2,114.463,97.8902,95.8902,88.9142,0,0,0,45.7489,28.2676,3,16.5727
4621.2,101126,97.5106,0.949706,59.174,86.3089,6.727,15136.1,0,0,1878.57,590.335,116.133,2,111.451,95.1106,93.1106,86.3089,0,0,0,45.7529,28.2674,3,16.3405
4621.3,101129,97.5151,0.947739,59.1997,83.5444,6.54261,15136.7,0,0,1819.81,594.689,113.33,2,108.708,92.1691,90.1691,83.5444,0,0,0,45.7569,28.2671,3,16.5384
4621.4,101132,97.5147,0.945809,59.2253,81.6343,6.38754,15137.4,0,0,1780.78,594.689,110.899,2,106.342,90.1404,88.1404,81.6343,0,0,0,45.7608,28.2669,3,16.2015
4621.5,101134,97.5119,0.943915,59.2509,81.3803,6.37104,15138,0,0,1776.53,594.689,110.635,2,106.084,89.8706,87.8706,81.3803,0,0,0,45.7648,28.2666,3,16.2134
4621.6,101137,97.5107,0.942057,59.2764,82.1045,6.42368,15138.6,0,0,1790.1,594.689,111.479,2,106.906,90.6398,88.6398,82.1045,0,0,0,45.7687,28.2664,3,16.2667
4621.7,101140,97.5109,0.940236,59.3019,83.249,6.52105,15139.3,0,0,1814.58,594.689,113.004,2,108.39,91.8554,89.8554,83.249,0,0,0,45.7727,28.2662,3,16.5348
4621.8,101142,97.5141,0.93845,59.3274,84.5973,6.61008,15139.9,0,0,1843.24,592.5,114.367,2,109.725,93.2874,91.2874,84.5973,0,0,0,45.7767,28.2659,3,16.4374
4621.9,101145,97.5197,0.936701,59.3528,85.5425,6.67344,15140.6,0,0,1859.59,592.184,115.319,2,110.653,94.2928,92.2928,85.5425,0,0,0,45.7807,28.2657,3,16.3601
4622,101148,97.5267,0.934988,59.3781,85.5233,6.67171,15141.3,0,0,1859.17,592.184,115.293,2,110.628,94.2723,92.2723,85.5233,0,0,0,45.7847,28.2654,3,16.3555
4622.1,101150,97.5322,0.933311,59.4034,84.8709,6.62705,15141.9,0,0,1848.38,592.184,114.624,2,109.977,93.5779,91.5779,84.8709,0,0,0,45.7887,28.2652,3,16.3987
4622.2,101153,97.5368,0.93167,59.4287,84.2557,6.58602,15142.6,0,0,1834.25,593.476,113.996,2,109.361,92.9245,90.9245,84.2557,0,0,0,45.7927,28.265,3,16.4361
4622.3,101156,97.54,0.930064,59.4539,83.5752,6.54048,15143.3,0,0,1819.29,594.689,113.298,2,108.676,92.2017,90.2017,83.5752,0,0,0,45.7967,28.2647,3,16.4745
4622.4,101159,97.542,0.928494,59.4791,83.4501,6.53163,15143.9,0,0,1817.15,594.689,113.164,2,108.546,92.0688,90.0688,83.4501,0,0,0,45.8007,28.2645,3,16.4772
4622.5,101161,97.5448,0.92696,59.5042,83.8723,6.55957,15144.6,0,0,1824.38,594.547,113.588,2,108.959,92.5172,90.5172,83.8723,0,0,0,45.8047,28.2642,3,16.4416
4622.6,101164,97.5485,0.925461,59.5293,84.523,6.60192,15145.2,0,0,1840.19,592.831,114.241,2,109.601,93.2083,91.2083,84.523,0,0,0,45.8087,28.264,3,16.3931
4622.7,101167,97.5539,0.923998,59.5544,85.4581,6.6643,15145.9,0,0,1857.38,592.184,115.182,2,110.52,94.2026,92.2026,85.4581,0,0,0,45.8126,28.2638,3,16.3173
4622.8,101169,97.5614,0.92257,59.5794,86.4261,6.72816,15146.6,0,0,1879,590.288,116.15,2,111.468,95.2353,93.2353,86.4261,0,0,0,45.8166,28.2635,3,16.233
4622.9,101172,97.5705,0.921177,59.6044,86.904,6.76809,15147.2,0,0,1890.62,589.679,116.748,2,112.052,95.7451,93.7451,86.904,0,0,0,45.8205,28.2633,3,16.3068
4623,101175,97.5798,0.919819,59.6294,87.0788,6.78538,15147.9,0,0,1894.78,589.679,117.004,2,112.301,95.9316,93.9316,87.0788,0,0,0,45.8245,28.263,3,16.3698
4623.1,101178,97.5897,0.918496,59.6543,86.7522,6.75126,15148.6,0,0,1886.57,589.679,116.498,2,111.809,95.583,93.583,86.7522,0,0,0,45.8285,28.2628,3,16.2257
4623.2,101180,97.5978,0.917208,59.6791,85.8732,6.69015,15149.3,0,0,1864.76,591.834,115.572,2,110.9,94.6451,92.6451,85.8732,0,0,0,45.8324,28.2626,3,16.2549
4623.3,101183,97.6043,0.915955,59.704,84.8351,6.61957,15149.9,0,0,1846.57,592.184,114.512,2,109.867,93.5397,91.5397,84.8351,0,0,0,45.8364,28.2623,3,16.3278
4623.4,101186,97.6084,0.914736,59.7288,83.228,6.51249,15150.6,0,0,1812.49,594.689,112.874,2,108.264,91.8327,89.8327,83.228,0,0,0,45.8404,28.2621,3,16.4314
4623.5,101188,97.6087,0.913552,59.7536,81.2934,6.35763,15151.2,0,0,1773.06,594.689,110.419,2,105.874,89.7778,87.7778,81.2934,0,0,0,45.8443,28.2618,3,16.0961
4623.6,101191,97.6054,0.912402,59.7784,80.0635,6.27953,15151.8,0,0,1752.85,594.689,109.16,2,104.649,88.4716,86.4716,80.0635,0,0,0,45.8482,28.2616,3,16.177
4623.7,101194,97.6011,0.911286,59.8031,79.8878,6.26807,15152.5,0,0,1749.88,594.689,108.975,2,104.468,88.285,86.285,79.8878,0,0,0,45.8521,28.2613,3,16.1833
4623.8,101197,97.5972,0.910204,59.8278,80.8566,6.32883,15153.1,0,0,1765.62,594.689,109.955,2,105.423,89.314,87.314,80.8566,0,0,0,45.8561,28.2611,3,16.1087
4623.9,101199,97.5967,0.909156,59.8524,82.2831,6.42705,15153.7,0,0,1790.96,594.689,111.533,2,106.959,90.8291,88.8291,82.2831,0,0,0,45.86,28.2609,3,16.1299
4624,101202,97.5984,0.908142,59.8771,83.684,6.5407,15154.4,0,0,1819.35,594.689,113.301,2,108.679,92.3171,90.3171,83.684,0,0,0,45.864,28.2606,3,16.3623
4624.1,101205,97.6034,0.907162,59.9017,85.1596,6.63816,15155.1,0,0,1851.07,592.184,114.791,2,110.139,93.8843,91.8843,85.1596,0,0,0,45.8679,28.2604,3,16.2545
4624.2,101207,97.6108,0.906214,59.9263,85.2255,6.6422,15155.7,0,0,1852.04,592.184,114.851,2,110.198,93.9543,91.9543,85.2255,0,0,0,45.8719,28.2601,3,16.2434
4624.3,101210,97.6161,0.9053,59.9508,83.4832,6.52592,15156.4,0,0,1815.76,594.689,113.078,2,108.462,92.1037,90.1037,83.4832,0,0,0,45.8758,28.2599,3,16.3582
4624.4,101213,97.6168,0.904419,59.9754,82.467,6.44163,15157,0,0,1794.71,594.689,111.767,2,107.186,91.0244,89.0244,82.467,0,0,0,45.8798,28.2596,3,16.162
4624.5,101216,97.6182,0.90357,59.9999,81.9362,6.39445,15157.7,0,0,1782.57,594.689,111.011,2,106.45,90.4606,88.4606,81.9362,0,0,0,45.8837,28.2594,3,15.9894
4624.6,101218,97.6169,0.902755,60.0244,80.529,6.30501,15158.3,0,0,1759.46,594.689,109.571,2,105.049,88.9659,86.9659,80.529,0,0,0,45.8876,28.2592,3,16.083
4624.7,101221,97.613,0.901971,60.0488,79.863,6.26262,15158.9,0,0,1748.47,594.689,108.887,2,104.383,88.2586,86.2586,79.863,0,0,0,45.8915,28.2589,3,16.124
4624.8,101224,97.6092,0.90122,60.0733,80.0209,6.27219,15159.5,0,0,1750.95,594.689,109.041,2,104.533,88.4263,86.4263,80.0209,0,0,0,45.8954,28.2587,3,16.1067
4624.9,101226,97.6059,0.900501,60.0977,79.545,6.24183,15160.2,0,0,1743.07,594.689,108.551,2,104.055,87.9209,85.9209,79.545,0,0,0,45.8993,28.2584,3,16.1342
4625,101229,97.6003,0.899813,60.1221,78.8019,6.18006,15160.8,0,0,1726.99,594.689,107.55,2,103.08,87.1316,85.1316,78.8019,0,0,0,45.9032,28.2582,3,15.9487
4625.1,101232,97.5943,0.899157,60.1465,78.6062,6.16108,15161.4,0,0,1722.04,594.689,107.241,2,102.78,86.9238,84.9238,78.6062,0,0,0,45.9071,28.2579,3,15.8564
4625.2,101235,97.588,0.898533,60.1708,79.1777,6.21432,15162,0,0,1735.91,594.689,108.105,2,103.621,87.5308,85.5308,79.1777,0,0,0,45.911,28.2577,3,16.0906
4625.3,101237,97.5843,0.89794,60.1952,80.2738,6.28622,15162.7,0,0,1754.59,594.689,109.268,2,104.754,88.6951,86.6951,80.2738,0,0,0,45.9149,28.2575,3,16.0586
4625.4,101240,97.5823,0.897377,60.2195,81.4694,6.3614,15163.3,0,0,1774.04,594.689,110.479,2,105.933,89.9649,87.9649,81.4694,0,0,0,45.9188,28.2572,3,15.968
4625.5,101243,97.5833,0.896845,60.2438,82.6726,6.45485,15163.9,0,0,1798.11,594.689,111.979,2,107.392,91.2429,89.2429,82.6726,0,0,0,45.9227,28.257,3,16.1494
4625.6,101245,97.586,0.896344,60.2682,84.0163,6.55647,15164.6,0,0,1823.23,594.673,113.54,2,108.912,92.6701,90.6701,84.0163,0,0,0,45.9266,28.2567,3,16.2415
4625.7,101248,97.5921,0.895872,60.2924,84.8613,6.61158,15165.3,0,0,1843.8,592.439,114.39,2,109.747,93.5675,91.5675,84.8613,0,0,0,45.9306,28.2565,3,16.1799
4625.8,101251,97.5982,0.895431,60.3167,84.9819,6.61912,15165.9,0,0,1846.46,592.184,114.505,2,109.861,93.6957,91.6957,84.9819,0,0,0,45.9345,28.2562,3,16.1651
4625.9,101253,97.6047,0.895019,60.341,84.876,6.61173,15166.6,0,0,1843.86,592.433,114.392,2,109.75,93.5831,91.5831,84.876,0,0,0,45.9384,28.256,3,16.1667
4626,101256,97.6103,0.894636,60.3653,84.5992,6.59316,15167.2,0,0,1836.92,593.187,114.106,2,109.469,93.289,91.289,84.5992,0,0,0,45.9424,28.2558,3,16.1798
4626.1,101259,97.6158,0.894283,60.3895,83.9981,6.55317,15167.9,0,0,1822.37,594.689,113.49,2,108.863,92.6506,90.6506,83.9981,0,0,0,45.9463,28.2555,3,16.2122
4626.2,101262,97.6191,0.893958,60.4138,82.8297,6.46572,15168.5,0,0,1800.9,594.689,112.153,2,107.562,91.4096,89.4096,82.8297,0,0,0,45.9502,28.2553,3,16.152
4626.3,101264,97.62,0.893662,60.438,81.7451,6.37534,15169.2,0,0,1777.64,594.689,110.704,2,106.151,90.2576,88.2576,81.7451,0,0,0,45.9541,28.255,3,15.8937
4626.4,101267,97.6191,0.893394,60.4622,81.2712,6.34496,15169.8,0,0,1769.79,594.689,110.215,2,105.675,89.7543,87.7543,81.2712,0,0,0,45.958,28.2548,3,15.9212
4626.5,101270,97.6182,0.893155,60.4864,81.5919,6.36487,15170.4,0,0,1774.94,594.689,110.535,2,105.987,90.0949,88.0949,81.5919,0,0,0,45.9618,28.2545,3,15.8925
4626.6,101272,97.6186,0.892943,60.5107,82.7063,6.45162,15171.1,0,0,1797.28,594.689,111.927,2,107.342,91.2785,89.2785,82.7063,0,0,0,45.9657,28.2543,3,16.0635
4626.7,101275,97.6221,0.892759,60.5349,85.3092,6.61785,15171.8,0,0,1846.15,592.184,114.486,2,109.842,94.0432,92.0432,85.3092,0,0,0,45.9696,28.254,3,15.7991
4626.8,101278,97.6324,0.892601,60.5591,88.5656,6.78843,15172.4,0,0,1895.51,589.679,117.05,2,112.345,97.5176,95.5176,88.5656,0,0,0,45.9732,28.2538,3,14.8278
4626.9,101281,97.6485,0.892471,60.5833,91.274,6.96157,15173.1,0,0,1945.27,587.174,119.612,2,114.846,100.407,98.4074,91.274,0,0,0,45.9767,28.2535,3,14.4383
4627,101283,97.6692,0.892367,60.6075,93.1188,7.13999,15173.8,0,0,1977.38,590.121,122.197,2,117.348,102.376,100.376,93.1188,0,0,0,45.9803,28.2533,3,14.972
4627.1,101286,97.6922,0.89229,60.6317,94.0528,7.31336,15174.6,0,0,2000,595.293,124.678,2,119.742,103.372,101.372,94.0528,0,0,0,45.9843,28.253,3,16.3696
4627.2,101289,97.7164,0.892239,60.6559,94.0248,7.31064,15175.3,0,0,2000,595.11,124.64,2,119.705,103.342,101.342,94.0248,0,0,0,45.9883,28.2528,3,16.3628
4627.3,101291,97.7391,0.892213,60.6801,93.4399,7.26389,15176,0,0,2000,591.948,123.977,2,119.072,102.718,100.718,93.4399,0,0,0,45.9923,28.2526,3,16.354
4627.4,101294,97.7608,0.892213,60.7044,92.8517,7.21702,15176.8,0,0,2000,588.767,123.311,2,118.436,102.091,100.091,92.8517,0,0,0,45.9962,28.2523,3,16.345
4627.5,101297,97.7811,0.892238,60.7286,93.1987,7.24387,15177.5,0,0,2000,590.591,123.693,2,118.801,102.461,100.461,93.1987,0,0,0,46.0002,28.2521,3,16.3397
4627.6,101300,97.804,0.892288,60.7528,94.1232,7.31648,15178.2,0,0,2000,595.504,124.722,2,119.784,103.447,101.447,94.1232,0,0,0,46.0042,28.2518,3,16.3367
4627.7,101302,97.8277,0.892363,60.7771,94.4612,7.3428,15178.9,0,0,2000,597.279,125.094,2,120.139,103.808,101.808,94.4612,0,0,0,46.0081,28.2516,3,16.3313
4627.8,101305,97.8517,0.892462,60.8013,94.4013,7.33755,15179.7,0,0,2000,596.925,125.02,2,120.069,103.744,101.744,94.4013,0,0,0,46.0121,28.2514,3,16.3245
4627.9,101308,97.875,0.892584,60.8256,94.0933,7.31263,15180.4,0,0,2000,595.244,124.668,2,119.732,103.415,101.415,94.0933,0,0,0,46.0161,28.2511,3,16.3167
4628,101310,97.8976,0.892731,60.8499,93.0564,7.23021,15181.1,0,0,2000,589.664,123.499,2,118.615,102.309,100.309,93.0564,0,0,0,46.02,28.2509,3,16.306
4628.1,101313,97.9167,0.8929,60.8742,91.6198,7.09907,15181.8,0,0,1961.54,591.965,121.597,2,116.758,100.776,98.7759,91.6198,0,0,0,46.0239,28.2506,3,15.9823
4628.2,101316,97.9337,0.893093,60.8984,90.4859,7.01318,15182.5,0,0,1957.52,587.174,120.365,2,115.578,99.5659,97.5659,90.4859,0,0,0,46.0278,28.2504,3,16.0121
4628.3,101319,97.9482,0.893308,60.9227,90.1059,6.98644,15183.2,0,0,1951.18,587.174,119.975,2,115.199,99.1603,97.1603,90.1059,0,0,0,46.0317,28.2501,3,16.0385
4628.4,101321,97.9636,0.893546,60.9471,90.8797,7.04067,15183.9,0,0,1961.54,587.907,120.763,2,115.962,99.986,97.986,90.8797,0,0,0,46.0356,28.2499,3,15.976
4628.5,101324,97.981,0.893805,60.9714,91.7721,7.11075,15184.7,0,0,1965.11,591.719,121.767,2,116.925,100.938,98.9382,91.7721,0,0,0,46.0395,28.2497,3,15.9867
4628.6,101327,97.9996,0.894087,60.9957,92.5767,7.18866,15185.4,0,0,1997.91,587.446,122.906,2,118.046,101.797,99.797,92.5767,0,0,0,46.0434,28.2494,3,16.249
4628.7,101330,98.02,0.894389,61.0201,93.5417,7.26513,15186.1,0,0,2000,592.031,123.995,2,119.089,102.827,100.827,93.5417,0,0,0,46.0474,28.2492,3,16.2623
4628.8,101332,98.0422,0.894713,61.0444,93.8337,7.28772,15186.8,0,0,2000,593.561,124.315,2,119.395,103.138,101.138,93.8337,0,0,0,46.0513,28.2489,3,16.2569
4628.9,101335,98.0634,0.895057,61.0688,92.8607,7.21047,15187.5,0,0,2000,588.322,123.218,2,118.346,102.1,100.1,92.8607,0,0,0,46.0553,28.2487,3,16.2464
4629,101338,98.0817,0.895421,61.0932,91.8736,7.11768,15188.3,0,0,1968.01,591.341,121.869,2,117.025,101.046,99.0464,91.8736,0,0,0,46.0592,28.2484,3,15.979
4629.1,101340,98.099,0.895806,61.1176,91.0705,7.05203,15189,0,0,1961.54,588.697,120.925,2,116.117,100.189,98.1893,91.0705,0,0,0,46.063,28.2482,3,15.9278
4629.2,101343,98.1141,0.89621,61.142,90.2361,6.99161,15189.7,0,0,1952.41,587.174,120.051,2,115.272,99.2987,97.2987,90.2361,0,0,0,46.0669,28.248,3,15.9736
4629.3,101346,98.128,0.896633,61.1664,89.9158,6.96904,15190.4,0,0,1947.04,587.174,119.721,2,114.952,98.9569,96.9569,89.9158,0,0,0,46.0708,28.2477,3,15.9949
4629.4,101349,98.1417,0.897075,61.1909,89.6576,6.95078,15191.1,0,0,1942.7,587.174,119.454,2,114.692,98.6813,96.6813,89.6576,0,0,0,46.0747,28.2475,3,16.0109
4629.5,101351,98.1545,0.897535,61.2153,88.9177,6.89944,15191.7,0,0,1930.28,587.227,118.701,2,113.96,97.8916,95.8916,88.9177,0,0,0,46.0786,28.2472,3,16.0684
4629.6,101354,98.1652,0.898013,61.2398,88.3468,6.86158,15192.4,0,0,1916.06,588.771,118.136,2,113.405,97.2822,95.2822,88.3468,0,0,0,46.0825,28.247,3,16.1232
4629.7,101357,98.1757,0.89851,61.2643,87.6774,6.80468,15193.1,0,0,1899.41,589.679,117.29,2,112.58,96.5678,94.5678,87.6774,0,0,0,46.0864,28.2467,3,16.0118
4629.8,101360,98.1837,0.899023,61.2888,86.8798,6.72976,15193.8,0,0,1879.6,590.223,116.174,2,111.492,95.7164,93.7164,86.8798,0,0,0,46.0903,28.2465,3,15.7756
4629.9,101362,98.191,0.899553,61.3134,86.8121,6.72491,15194.5,0,0,1877.78,590.421,116.101,2,111.42,95.6442,93.6442,86.8121,0,0,0,46.0941,28.2463,3,15.7757
4630,101365,98.1987,0.9001,61.3379,86.9565,6.73401,15195.1,0,0,1881.19,590.05,116.239,2,111.555,95.7983,93.7983,86.9565,0,0,0,46.0979,28.246,3,15.7572
4630.1,101368,98.2065,0.900663,61.3625,86.6853,6.71579,15195.8,0,0,1874.36,590.792,115.962,2,111.284,95.5088,93.5088,86.6853,0,0,0,46.1018,28.2458,3,15.7749
4630.2,101370,98.213,0.901242,61.387,86.3928,6.69614,15196.5,0,0,1867,591.591,115.663,2,110.99,95.1965,93.1965,86.3928,0,0,0,46.1056,28.2455,3,15.7932
4630.3,101373,98.2196,0.901836,61.4116,86.2652,6.68733,15197.1,0,0,1863.71,591.948,115.529,2,110.858,95.0603,93.0603,86.2652,0,0,0,46.1094,28.2453,3,15.7975
4630.4,101376,98.2255,0.902445,61.4362,86.2957,6.68895,15197.8,0,0,1864.32,591.883,115.554,2,110.882,95.0929,93.0929,86.2957,0,0,0,46.1133,28.245,3,15.7891
4630.5,101379,98.2322,0.903069,61.4609,86.9752,6.73326,15198.5,0,0,1880.92,590.081,116.228,2,111.544,95.8181,93.8181,86.9752,0,0,0,46.1171,28.2448,3,15.7263
4630.6,101381,98.2406,0.903707,61.4855,88.3999,6.86112,15199.2,0,0,1915.88,588.79,118.129,2,113.399,97.3386,95.3386,88.3999,0,0,0,46.121,28.2445,3,16.0599
4630.7,101384,98.2526,0.904358,61.5102,90.5659,7.00818,15199.9,0,0,1956.34,587.174,120.293,2,115.507,99.6503,97.6503,90.5659,0,0,0,46.1249,28.2443,3,15.8568
4630.8,101387,98.2693,0.905023,61.5349,92.447,7.16307,15200.6,0,0,1987.1,588.854,122.534,2,117.68,101.658,99.6581,92.447,0,0,0,46.1288,28.244,3,16.0218
4630.9,101390,98.2883,0.905701,61.5596,93.4892,7.25047,15201.3,0,0,2000,591.038,123.787,2,118.89,102.77,100.77,93.4892,0,0,0,46.1327,28.2438,3,16.1197
4631,101392,98.3088,0.906392,61.5844,93.9858,7.28922,15202,0,0,2000,593.662,124.336,2,119.416,103.3,101.3,93.9858,0,0,0,46.1366,28.2436,3,16.1151
4631.1,101395,98.3295,0.907095,61.6091,93.392,7.24183,15202.8,0,0,2000,590.452,123.664,2,118.773,102.667,100.667,93.392,0,0,0,46.1405,28.2433,3,16.1063
4631.2,101398,98.3475,0.90781,61.6339,91.5661,7.08038,15203.5,0,0,1961.54,590.668,121.33,2,116.504,100.718,98.7177,91.5661,0,0,0,46.1444,28.2431,3,15.7862
4631.3,101400,98.3611,0.908536,61.6587,89.7618,6.95002,15204.2,0,0,1942.52,587.174,119.443,2,114.681,98.7918,96.7918,89.7618,0,0,0,46.1482,28.2428,3,15.8896
4631.4,101403,98.372,0.909274,61.6836,88.5066,6.86491,15204.9,0,0,1917.31,588.635,118.186,2,113.454,97.452,95.452,88.5066,0,0,0,46.1521,28.2426,3,16.0023
4631.5,101406,98.3806,0.910022,61.7084,87.9884,6.82544,15205.5,0,0,1904.38,589.679,117.598,2,112.878,96.8988,94.8988,87.9884,0,0,0,46.156,28.2423,3,15.9794
4631.6,101409,98.3894,0.91078,61.7333,88.4208,6.85848,15206.2,0,0,1914.89,588.897,118.09,2,113.36,97.3604,95.3604,88.4208,0,0,0,46.1599,28.2421,3,15.9994
4631.7,101411,98.3995,0.911547,61.7582,88.9757,6.89449,15206.9,0,0,1928.42,587.429,118.628,2,113.888,97.9526,95.9526,88.9757,0,0,0,46.1638,28.2419,3,15.9351
4631.8,101414,98.4103,0.912324,61.7831,89.1114,6.9031,15207.6,0,0,1931.33,587.174,118.755,2,114.013,98.0974,96.0974,89.1114,0,0,0,46.1676,28.2416,3,15.9153
4631.9,101417,98.4208,0.91311,61.8081,88.8182,6.88337,15208.3,0,0,1924.24,587.883,118.462,2,113.725,97.7844,95.7844,88.8182,0,0,0,46.1715,28.2414,3,15.9405
4632,101420,98.4304,0.913905,61.8331,88.01,6.82453,15209,0,0,1904.17,589.679,117.584,2,112.865,96.9216,94.9216,88.01,0,0,0,46.1754,28.2411,3,15.9435
4632.1,101422,98.4377,0.914708,61.8581,87.2627,6.74719,15209.6,0,0,1885.59,589.679,116.437,2,111.75,96.1239,94.1239,87.2627,0,0,0,46.1792,28.2409,3,15.626
4632.2,101425,98.4442,0.915518,61.8831,87.2971,6.75011,15210.3,0,0,1886.3,589.679,116.481,2,111.792,96.1607,94.1607,87.2971,0,0,0,46.183,28.2406,3,15.6315
4632.3,101428,98.4516,0.916335,61.9081,87.8784,6.80915,15211,0,0,1900.48,589.679,117.357,2,112.644,96.7811,94.7811,87.8784,0,0,0,46.1868,28.2404,3,15.8627
4632.4,101431,98.4603,0.917159,61.9332,88.5896,6.86639,15211.7,0,0,1917.86,588.575,118.208,2,113.476,97.5402,95.5402,88.5896,0,0,0,46.1907,28.2401,3,15.9358
4632.5,101433,98.4702,0.91799,61.9583,89.0144,6.89386,15212.4,0,0,1928.18,587.455,118.618,2,113.879,97.9936,95.9936,89.0144,0,0,0,46.1946,28.2399,3,15.8849
4632.6,101436,98.4804,0.918826,61.9834,88.444,6.85603,15213.1,0,0,1913.97,588.997,118.053,2,113.324,97.3847,95.3847,88.444,0,0,0,46.1984,28.2397,3,15.939
4632.7,101439,98.488,0.919668,62.0086,86.7312,6.70842,15213.7,0,0,1871.6,591.091,115.85,2,111.174,95.5564,93.5564,86.7312,0,0,0,46.2022,28.2394,3,15.6172
4632.8,101441,98.4915,0.920515,62.0337,84.2967,6.54579,15214.4,0,0,1820.58,594.689,113.378,2,108.754,92.9664,90.9664,84.2967,0,0,0,46.2061,28.2392,3,15.788
4632.9,101444,98.4897,0.921367,62.0589,81.4635,6.33203,15215,0,0,1766.45,594.689,110.007,2,105.473,89.9561,87.9561,81.4635,0,0,0,46.2098,28.2389,3,15.5167
4633,101447,98.4823,0.922223,62.0841,78.558,6.11929,15215.6,0,0,1711.13,594.689,106.562,2,102.118,86.8689,84.8689,78.558,0,0,0,46.2136,28.2387,3,15.2494
4633.1,101450,98.4694,0.923082,62.1094,76.2703,5.97629,15216.2,0,0,1673.61,594.689,104.225,2,99.8426,84.4383,82.4383,76.2703,0,0,0,46.2173,28.2384,3,15.4043
4633.2,101452,98.4532,0.923944,62.1346,74.9417,5.88978,15216.8,0,0,1650.79,594.689,102.804,2,98.4579,83.0282,81.0282,74.9417,0,0,0,46.221,28.2382,3,15.4296
4633.3,101455,98.4353,0.92481,62.1599,74.8873,5.88421,15217.4,0,0,1649.32,594.689,102.712,2,98.3685,82.9707,80.9707,74.8873,0,0,0,46.2248,28.2379,3,15.3978
4633.4,101458,98.419,0.925677,62.1852,75.8708,5.95041,15218,0,0,1666.8,594.689,103.801,2,99.4289,84.0141,82.0141,75.8708,0,0,0,46.2285,28.2377,3,15.4148
4633.5,101461,98.4048,0.926547,62.2105,77.1105,6.02712,15218.6,0,0,1686.98,594.689,105.058,2,100.653,85.3314,83.3314,77.1105,0,0,0,46.2323,28.2374,3,15.3221
4633.6,101463,98.3933,0.927418,62.2359,78.2234,6.0962,15219.2,0,0,1705.09,594.689,106.186,2,101.752,86.5138,84.5138,78.2234,0,0,0,46.236,28.2372,3,15.2381
4633.7,101466,98.3835,0.92829,62.2612,79.287,6.17586,15219.8,0,0,1725.9,594.689,107.481,2,103.014,87.6439,85.6439,79.287,0,0,0,46.2397,28.2369,3,15.37
4633.8,101469,98.3761,0.929162,62.2866,79.6958,6.21382,15220.5,0,0,1735.78,594.689,108.097,2,103.614,88.0783,86.0783,79.6958,0,0,0,46.2435,28.2367,3,15.5353
4633.9,101472,98.3678,0.930035,62.312,78.8178,6.13229,15221.1,0,0,1714.53,594.689,106.773,2,102.324,87.1454,85.1454,78.8178,0,0,0,46.2472,28.2364,3,15.1789
4634,101474,98.357,0.930908,62.3374,77.2385,6.03329,15221.7,0,0,1688.6,594.689,105.159,2,100.752,85.4676,83.4676,77.2385,0,0,0,46.2509,28.2362,3,15.2842
4634.1,101477,98.3426,0.931779,62.3629,75.5985,5.93101,15222.3,0,0,1661.68,594.689,103.482,2,99.1186,83.7252,81.7252,75.5985,0,0,0,46.2546,28.2359,3,15.3934
4634.2,101480,98.3256,0.93265,62.3883,74.2994,5.82513,15222.9,0,0,1633.67,594.689,101.738,2,97.4192,82.3491,80.3491,74.2994,0,0,0,46.2583,28.2357,3,15.0701
4634.3,101482,98.3063,0.93352,62.4138,74.0215,5.80407,15223.4,0,0,1628.09,594.689,101.39,2,97.0801,82.0551,80.0551,74.0215,0,0,0,46.2619,28.2354,3,15.025
4634.4,101485,98.2883,0.934387,62.4393,74.8244,5.8725,15224,0,0,1646.22,594.689,102.52,2,98.1806,82.9046,80.9046,74.8244,0,0,0,46.2657,28.2352,3,15.276
4634.5,101488,98.2722,0.935252,62.4648,76.0964,5.96049,15224.6,0,0,1669.45,594.689,103.966,2,99.5901,84.2546,82.2546,76.0964,0,0,0,46.2694,28.2349,3,15.3355
4634.6,101491,98.2591,0.936114,62.4904,77.7141,6.06081,15225.2,0,0,1695.82,594.689,105.608,2,101.19,85.9733,83.9733,77.7141,0,0,0,46.2731,28.2347,3,15.2162
4634.7,101493,98.2492,0.936972,62.5159,79.1093,6.15372,15225.8,0,0,1720.12,594.689,107.122,2,102.664,87.4556,85.4556,79.1093,0,0,0,46.2768,28.2344,3,15.2082
4634.8,101496,98.2415,0.937828,62.5415,79.5776,6.19726,15226.5,0,0,1731.47,594.689,107.829,2,103.352,87.9532,85.9532,79.5776,0,0,0,46.2805,28.2342,3,15.3989
4634.9,101499,98.2335,0.938679,62.5671,79.7148,6.20964,15227.1,0,0,1734.7,594.689,108.029,2,103.548,88.099,86.099,79.7148,0,0,0,46.2843,28.2339,3,15.4485
4635,101502,98.2263,0.939526,62.5928,80.8685,6.28675,15227.7,0,0,1754.72,594.689,109.277,2,104.762,89.3247,87.3247,80.8685,0,0,0,46.288,28.2337,3,15.4374
4635.1,101504,98.2226,0.940367,62.6184,82.1727,6.36885,15228.3,0,0,1775.96,594.689,110.599,2,106.05,90.7103,88.7103,82.1727,0,0,0,46.2918,28.2334,3,15.3393
4635.2,101507,98.2204,0.941204,62.6441,82.9578,6.42624,15229,0,0,1790.75,594.689,111.52,2,106.946,91.5444,89.5444,82.9578,0,0,0,46.2955,28.2332,3,15.4019
4635.3,101510,98.2198,0.942035,62.6698,84.0855,6.52176,15229.6,0,0,1814.75,594.689,113.015,2,108.401,92.7424,90.7424,84.0855,0,0,0,46.2993,28.2329,3,15.6583
4635.4,101512,98.2219,0.94286,62.6955,84.8399,6.57181,15230.3,0,0,1828.95,594.052,113.777,2,109.145,93.5439,91.5439,84.8399,0,0,0,46.3031,28.2327,3,15.601
4635.5,101515,98.224,0.943679,62.7212,84.7321,6.56433,15231,0,0,1826.16,594.355,113.661,2,109.031,93.4294,91.4294,84.7321,0,0,0,46.3069,28.2324,3,15.6018
4635.6,101518,98.2256,0.944491,62.747,84.706,6.56223,15231.6,0,0,1825.37,594.44,113.629,2,108.999,93.4017,91.4017,84.706,0,0,0,46.3107,28.2322,3,15.5975
4635.7,101521,98.2276,0.945295,62.7728,84.6784,6.56002,15232.3,0,0,1824.55,594.529,113.594,2,108.966,93.3723,91.3723,84.6784,0,0,0,46.3145,28.2319,3,15.5932
4635.8,101523,98.229,0.946092,62.7986,84.2948,6.53386,15232.9,0,0,1817.69,594.689,113.198,2,108.579,92.9648,90.9648,84.2948,0,0,0,46.3183,28.2317,3,15.614
4635.9,101526,98.2295,0.946881,62.8244,84.3892,6.53981,15233.6,0,0,1819.13,594.689,113.288,2,108.666,93.0651,91.0651,84.3892,0,0,0,46.3221,28.2314,3,15.6014
4636,101529,98.2312,0.947661,62.8502,84.6702,6.55831,15234.2,0,0,1823.91,594.598,113.568,2,108.94,93.3637,91.3637,84.6702,0,0,0,46.3259,28.2312,3,15.5759
4636.1,101532,98.2327,0.948433,62.8761,84.0912,6.51895,15234.9,0,0,1814.07,594.689,112.972,2,108.359,92.7485,90.7485,84.0912,0,0,0,46.3297,28.231,3,15.6108
4636.2,101534,98.2321,0.949195,62.902,82.816,6.40707,15235.5,0,0,1785.82,594.689,111.213,2,106.647,91.3937,89.3937,82.816,0,0,0,46.3334,28.2307,3,15.2535
4636.3,101537,98.2287,0.949947,62.9279,81.5409,6.32437,15236.2,0,0,1764.47,594.689,109.883,2,105.353,90.0391,88.0391,81.5409,0,0,0,46.3371,28.2305,3,15.3137
4636.4,101540,98.2232,0.950689,62.9538,80.5818,6.26346,15236.8,0,0,1748.68,594.689,108.901,2,104.396,89.0201,87.0201,80.5818,0,0,0,46.3408,28.2302,3,15.3757
4636.5,101542,98.216,0.951421,62.9798,79.1902,6.15138,15237.4,0,0,1719.51,594.689,107.084,2,102.627,87.5418,85.5418,79.1902,0,0,0,46.3445,28.23,3,15.085
4636.6,101545,98.2052,0.952142,63.0057,77.8046,6.05913,15238,0,0,1695.38,594.689,105.581,2,101.163,86.0697,84.0697,77.8046,0,0,0,46.3482,28.2297,3,15.0933
4636.7,101548,98.1927,0.952851,63.0317,77.6779,6.05087,15238.6,0,0,1693.21,594.689,105.446,2,101.032,85.9351,83.9351,77.6779,0,0,0,46.3518,28.2295,3,15.0965
4636.8,101551,98.1814,0.953549,63.0577,77.9433,6.06708,15239.2,0,0,1697.46,594.689,105.711,2,101.289,86.2172,84.2172,77.9433,0,0,0,46.3555,28.2292,3,15.0721
4636.9,101553,98.17,0.954234,63.0837,77.2014,6.02048,15239.8,0,0,1685.23,594.689,104.949,2,100.548,85.4291,83.4291,77.2014,0,0,0,46.3592,28.2289,3,15.1185
4637,101556,98.1559,0.954907,63.1098,76.2653,5.96192,15240.4,0,0,1669.83,594.689,103.99,2,99.6131,84.4346,82.4346,76.2653,0,0,0,46.3629,28.2287,3,15.1784
4637.1,101559,98.1409,0.955567,63.1358,75.6564,5.9238,15241,0,0,1659.78,594.689,103.364,2,99.0032,83.7878,81.7878,75.6564,0,0,0,46.3666,28.2284,3,15.2153
4637.2,101562,98.1245,0.956213,63.1619,74.5734,5.83421,15241.6,0,0,1636.08,594.689,101.888,2,97.5652,82.6394,80.6394,74.5734,0,0,0,46.3702,28.2282,3,14.9258
4637.3,101564,98.1054,0.956846,63.1879,73.2331,5.7443,15242.2,0,0,1607.9,596.151,100.379,2,96.0882,81.2217,79.2217,73.2331,0,0,0,46.3738,28.2279,3,14.8665
4637.4,101567,98.084,0.957465,63.214,72.5463,5.68932,15242.7,0,0,1579.71,601.66,99.5305,2,95.2348,80.4952,78.4952,72.5463,0,0,0,46.3774,28.2277,3,14.7396
4637.5,101570,98.0624,0.958069,63.2401,72.4683,5.68219,15243.3,0,0,1576.55,602.244,99.4282,2,95.1323,80.4128,78.4128,72.4683,0,0,0,46.381,28.2274,3,14.7195
4637.6,101572,98.0407,0.958658,63.2662,72.977,5.7257,15243.9,0,0,1596.79,598.323,100.049,2,95.7558,80.9509,78.9509,72.977,0,0,0,46.3846,28.2272,3,14.8049
4637.7,101575,98.0212,0.959233,63.2923,74.258,5.80644,15244.4,0,0,1628.72,594.689,101.429,2,97.1184,82.3061,80.3061,74.258,0,0,0,46.3882,28.2269,3,14.8123
4637.8,101578,98.0046,0.959791,63.3184,76.0716,5.94713,15245,0,0,1665.93,594.689,103.747,2,99.3765,84.2296,82.2296,76.0716,0,0,0,46.3918,28.2267,3,15.1469
4637.9,101581,97.9921,0.960334,63.3446,78.5458,6.10084,15245.7,0,0,1706.3,594.689,106.261,2,101.826,86.858,84.858,78.5458,0,0,0,46.3955,28.2264,3,14.9676
4638,101583,97.9851,0.960861,63.3707,81.6193,6.25902,15246.3,0,0,1747.53,594.689,108.829,2,104.326,90.1231,88.1231,81.6193,0,0,0,46.3989,28.2262,3,14.2028
4638.1,101586,97.9844,0.96137,63.3969,84.41,6.41897,15246.9,0,0,1788.88,594.689,111.404,2,106.833,93.0875,91.0875,84.41,0,0,0,46.4023,28.2259,3,13.7453
4638.2,101589,97.9881,0.961864,63.4231,85.7767,6.5842,15247.6,0,0,1833.57,593.55,113.968,2,109.333,94.5402,92.5402,85.7767,0,0,0,46.4059,28.2256,3,14.7928
4638.3,101592,97.9927,0.962339,63.4492,85.6254,6.61246,15248.2,0,0,1844.13,592.403,114.403,2,109.761,94.3787,92.3787,85.6254,0,0,0,46.4096,28.2254,3,15.3822
4638.4,101594,97.9958,0.962798,63.4754,84.8339,6.56008,15248.9,0,0,1824.57,594.527,113.595,2,108.967,93.5379,91.5379,84.8339,0,0,0,46.4134,28.2251,3,15.4287
4638.5,101597,97.9973,0.963238,63.5017,83.8609,6.49429,15249.5,0,0,1808.07,594.689,112.599,2,107.996,92.5043,90.5043,83.8609,0,0,0,46.4171,28.2249,3,15.4914
4638.6,101600,97.9965,0.96366,63.5279,83.2461,6.43506,15250.2,0,0,1793.02,594.689,111.662,2,107.084,91.8511,89.8511,83.2461,0,0,0,46.4208,28.2246,3,15.2328
4638.7,101602,97.9956,0.964064,63.5541,83.2495,6.43484,15250.8,0,0,1792.97,594.689,111.658,2,107.08,91.8548,89.8548,83.2495,0,0,0,46.4245,28.2244,3,15.2256
4638.8,101605,97.9948,0.964448,63.5804,83.2018,6.42974,15251.5,0,0,1791.65,594.689,111.576,2,107.001,91.8041,89.8041,83.2018,0,0,0,46.4282,28.2241,3,15.1968
4638.9,101608,97.9937,0.964813,63.6066,83.027,6.41253,15252.1,0,0,1787.22,594.689,111.301,2,106.732,91.6184,89.6184,83.027,0,0,0,46.4319,28.2239,3,15.1139
4639,101611,97.9923,0.965159,63.6329,82.3274,6.36442,15252.8,0,0,1774.82,594.689,110.528,2,105.98,90.8752,88.8752,82.3274,0,0,0,46.4356,28.2236,3,15.1051
4639.1,101613,97.9885,0.965484,63.6592,81.0937,6.28607,15253.4,0,0,1754.55,594.689,109.266,2,104.751,89.5646,87.5646,81.0937,0,0,0,46.4393,28.2234,3,15.1866
4639.2,101616,97.9823,0.965789,63.6855,80.7708,6.26534,15254,0,0,1749.17,594.689,108.931,2,104.425,89.2216,87.2216,80.7708,0,0,0,46.443,28.2231,3,15.2037
4639.3,101619,97.9772,0.966074,63.7117,81.6262,6.31896,15254.6,0,0,1763.07,594.689,109.796,2,105.268,90.1304,88.1304,81.6262,0,0,0,46.4466,28.2229,3,15.1375
4639.4,101621,97.9744,0.966337,63.738,82.3516,6.36449,15255.3,0,0,1774.84,594.689,110.529,2,105.981,90.901,88.901,82.3516,0,0,0,46.4503,28.2226,3,15.0805
4639.5,101624,97.9721,0.966579,63.7643,83.0069,6.40733,15255.9,0,0,1785.88,594.689,111.217,2,106.651,91.5971,89.5971,83.0069,0,0,0,46.454,28.2224,3,15.054
4639.6,101627,97.9718,0.9668,63.7907,83.9181,6.49386,15256.6,0,0,1807.96,594.689,112.592,2,107.989,92.565,90.565,83.9181,0,0,0,46.4577,28.2221,3,15.4243
4639.7,101630,97.973,0.966999,63.817,84.7131,6.54696,15257.2,0,0,1820.87,594.689,113.396,2,108.772,93.4096,91.4096,84.7131,0,0,0,46.4614,28.2219,3,15.362
4639.8,101632,97.9757,0.967175,63.8433,86.212,6.64626,15257.9,0,0,1853.02,592.184,114.912,2,110.257,95.0048,93.0048,86.212,0,0,0,46.4652,28.2216,3,15.2521
4639.9,101635,97.9827,0.967329,63.8696,88.6792,6.81678,15258.6,0,0,1902.31,589.679,117.47,2,112.754,97.6376,95.6376,88.6792,0,0,0,46.4688,28.2214,3,15.1161
4640,101638,97.9948,0.96746,63.8959,91.2397,6.99032,15259.3,0,0,1952.1,587.174,120.032,2,115.254,100.37,98.3702,91.2397,0,0,0,46.4725,28.2211,3,14.8838
4640.1,101641,98.0116,0.967569,63.9223,93.2296,7.16825,15260,0,0,1989.28,588.57,122.609,2,117.754,102.494,100.494,93.2296,0,0,0,46.4762,28.2209,3,15.2604
4640.2,101643,98.0313,0.967653,63.9486,94.653,7.29969,15260.7,0,0,2000,594.37,124.485,2,119.557,104.013,102.013,94.653,0,0,0,46.4799,28.2206,3,15.5446
4640.3,101646,98.0534,0.967714,63.975,94.8146,7.31203,15261.4,0,0,2000,595.204,124.659,2,119.724,104.185,102.185,94.8146,0,0,0,46.4837,28.2204,3,15.5389
4640.4,101649,98.0735,0.967751,64.0013,93.3919,7.19926,15262.2,0,0,2000,587.56,123.058,2,118.194,102.667,100.667,93.3919,0,0,0,46.4875,28.2202,3,15.5269
4640.5,101651,98.0899,0.967764,64.0277,91.3247,7.02125,15262.9,0,0,1959.43,587.174,120.483,2,115.692,100.461,98.4607,91.3247,0,0,0,46.4912,28.2199,3,15.2315
4640.6,101654,98.102,0.967752,64.0541,89.2818,6.88079,15263.6,0,0,1923.27,587.988,118.423,2,113.687,98.2803,96.2803,89.2818,0,0,0,46.4949,28.2197,3,15.4068
4640.7,101657,98.1105,0.967715,64.0805,87.1032,6.70262,15264.2,0,0,1869.43,591.327,115.762,2,111.087,95.9552,93.9552,87.1032,0,0,0,46.4986,28.2194,3,15.1315
4640.8,101660,98.1141,0.967653,64.1068,84.7666,6.54624,15264.9,0,0,1820.69,594.689,113.385,2,108.761,93.4662,91.4662,84.7666,0,0,0,46.5023,28.2192,3,15.2947
4640.9,101662,98.1135,0.967565,64.1332,82.5511,6.37159,15265.5,0,0,1776.67,594.689,110.643,2,106.093,91.1126,89.1126,82.5511,0,0,0,46.506,28.2189,3,14.9799
4641,101665,98.1086,0.967452,64.1596,80.2031,6.22245,15266.1,0,0,1738.03,594.689,108.237,2,103.75,88.6181,86.6181,80.2031,0,0,0,46.5097,28.2187,3,15.1315
4641.1,101668,98.0991,0.967313,64.1859,77.4656,6.02193,15266.7,0,0,1685.61,594.689,104.973,2,100.571,85.7101,83.7101,77.4656,0,0,0,46.5133,28.2184,3,14.8606
4641.2,101671,98.0837,0.967148,64.2123,74.4562,5.80618,15267.3,0,0,1628.65,594.689,101.425,2,97.1142,82.5155,80.5155,74.4562,0,0,0,46.5168,28.2181,3,14.5986
4641.3,101673,98.0627,0.966956,64.2386,71.5338,5.59506,15267.9,0,0,1541.07,608.276,98.1637,2,93.8694,79.4242,77.4242,71.5338,0,0,0,46.5203,28.2179,3,14.4452
4641.4,101676,98.0362,0.966737,64.265,69.0894,5.41452,15268.4,0,0,1444.97,630.568,95.4158,2,91.0692,76.8385,74.8385,69.0894,0,0,0,46.5238,28.2176,3,14.2307
4641.5,101679,98.0061,0.966492,64.2913,67.4834,5.30984,15269,0,0,1410.7,634.951,93.8002,2,89.4664,75.1399,73.1399,67.4834,0,0,0,46.5273,28.2174,3,14.3265
4641.6,101681,97.9736,0.96622,64.3176,66.4519,5.28636,15269.5,0,0,1400,637.274,93.4293,2,89.0906,74.049,72.049,66.4519,0,0,0,46.5309,28.2171,3,15.0416
4641.7,101684,97.9397,0.96592,64.3439,66.5069,5.28636,15270,0,0,1400,637.274,93.4293,2,89.0906,74.1073,72.1073,66.5069,0,0,0,46.5346,28.2169,3,14.9832
4641.8,101687,97.9077,0.965593,64.3701,67.4274,5.30597,15270.5,0,0,1408.93,635.335,93.7392,2,89.4046,75.0812,73.0812,67.4274,0,0,0,46.5381,28.2166,3,14.3234
4641.9,101690,97.8775,0.965238,64.3964,68.7985,5.3922,15271.1,0,0,1435.89,632.264,95.0709,2,90.7228,76.5316,74.5316,68.7985,0,0,0,46.5415,28.2163,3,14.1912
4642,101692,97.851,0.964855,64.4226,70.7451,5.53288,15271.6,0,0,1497.4,620.021,97.2241,2,92.8921,78.5907,76.5907,70.7451,0,0,0,46.545,28.2161,3,14.3014
4642.1,101695,97.8286,0.964445,64.4488,73.3701,5.70027,15272.2,0,0,1584.82,600.66,99.687,2,95.3922,81.3673,79.3673,73.3701,0,0,0,46.5484,28.2158,3,14.0248
4642.2,101698,97.8124,0.964006,64.475,75.6238,5.855,15272.8,0,0,1641.59,594.689,102.231,2,97.8995,83.7549,81.7549,75.6238,0,0,0,46.5518,28.2156,3,14.1447
4642.3,101700,97.7988,0.963538,64.5012,77.2554,6.00482,15273.4,0,0,1681.12,594.689,104.693,2,100.298,85.4881,83.4881,77.2554,0,0,0,46.5554,28.2153,3,14.8097
4642.4,101703,97.7891,0.963041,64.5274,78.6988,6.09445,15274,0,0,1704.63,594.689,106.157,2,101.724,87.0213,85.0213,78.6988,0,0,0,46.559,28.2151,3,14.7028
4642.5,101706,97.7812,0.962516,64.5535,79.834,6.17995,15274.6,0,0,1726.96,594.689,107.548,2,103.079,88.2272,86.2272,79.834,0,0,0,46.5626,28.2148,3,14.8515
4642.6,101709,97.7759,0.961962,64.5797,80.323,6.22503,15275.2,0,0,1738.7,594.689,108.279,2,103.79,88.7466,86.7466,80.323,0,0,0,46.5663,28.2146,3,15.0438
4642.7,101711,97.7699,0.961378,64.6058,80.1682,6.21036,15275.9,0,0,1734.88,594.689,108.041,2,103.559,88.5822,86.5822,80.1682,0,0,0,46.5699,28.2143,3,14.9767
4642.8,101714,97.7642,0.960764,64.6319,79.6458,6.16065,15276.5,0,0,1721.93,594.689,107.234,2,102.773,88.0273,86.0273,79.6458,0,0,0,46.5735,28.2141,3,14.746
4642.9,101717,97.7563,0.960121,64.658,78.7336,6.09486,15277.1,0,0,1704.74,594.689,106.164,2,101.731,87.0584,85.0584,78.7336,0,0,0,46.5771,28.2138,3,14.6723
4643,101719,97.7471,0.959449,64.684,77.91,6.04313,15277.7,0,0,1691.18,594.689,105.319,2,100.908,86.1837,84.1837,77.91,0,0,0,46.5806,28.2135,3,14.7246
4643.1,101722,97.7361,0.958746,64.7101,77.2898,6.00416,15278.3,0,0,1680.95,594.689,104.682,2,100.287,85.5249,83.5249,77.2898,0,0,0,46.5842,28.2133,3,14.7626
4643.2,101725,97.7246,0.958013,64.7361,76.9006,5.97963,15278.9,0,0,1674.49,594.689,104.28,2,99.8959,85.1116,83.1116,76.9006,0,0,0,46.5878,28.213,3,14.7843
4643.3,101728,97.7123,0.957249,64.7621,76.8662,5.97714,15279.5,0,0,1673.84,594.689,104.239,2,99.8562,85.0751,83.0751,76.8662,0,0,0,46.5914,28.2128,3,14.7811
4643.4,101730,97.7008,0.956456,64.7881,77.4877,6.01544,15280.1,0,0,1683.91,594.689,104.867,2,100.467,85.7353,83.7353,77.4877,0,0,0,46.595,28.2125,3,14.732
4643.5,101733,97.691,0.955631,64.814,77.7678,6.03253,15280.7,0,0,1688.4,594.689,105.146,2,100.74,86.0329,84.0329,77.7678,0,0,0,46.5986,28.2123,3,14.7067
4643.6,101736,97.6807,0.954776,64.8399,77.5867,6.02091,15281.3,0,0,1685.35,594.689,104.956,2,100.554,85.8405,83.8405,77.5867,0,0,0,46.6022,28.212,3,14.7139
4643.7,101738,97.6704,0.95389,64.8658,77.5101,6.01579,15281.9,0,0,1684,594.689,104.872,2,100.473,85.7592,83.7592,77.5101,0,0,0,46.6057,28.2118,3,14.7137
4643.8,101741,97.6599,0.952974,64.8917,77.7941,6.03313,15282.5,0,0,1688.56,594.689,105.156,2,100.749,86.0609,84.0609,77.7941,0,0,0,46.6093,28.2115,3,14.6882
4643.9,101744,97.6508,0.952025,64.9175,77.4302,6.01013,15283.1,0,0,1682.51,594.689,104.78,2,100.383,85.6744,83.6744,77.4302,0,0,0,46.6129,28.2113,3,14.7082
4644,101747,97.6391,0.951046,64.9433,76.8557,5.97407,15283.7,0,0,1673.03,594.689,104.189,2,99.8072,85.0642,83.0642,76.8557,0,0,0,46.6165,28.211,3,14.7429
4644.1,101749,97.6279,0.950036,64.9691,76.7251,5.96562,15284.3,0,0,1670.8,594.689,104.05,2,99.6722,84.9257,82.9257,76.7251,0,0,0,46.62,28.2108,3,14.7465
4644.2,101752,97.6158,0.948994,64.9949,76.0823,5.92541,15284.9,0,0,1660.2,594.689,103.39,2,99.0289,84.2429,82.2429,76.0823,0,0,0,46.6236,28.2105,3,14.7859
4644.3,101755,97.6023,0.94792,65.0206,75.5083,5.88363,15285.5,0,0,1649.16,594.689,102.703,2,98.3592,83.6334,81.6334,75.5083,0,0,0,46.6272,28.2102,3,14.7258
4644.4,101757,97.5882,0.946815,65.0463,76.1282,5.92757,15286.1,0,0,1660.77,594.689,103.426,2,99.0635,84.2919,82.2919,76.1282,0,0,0,46.6308,28.21,3,14.7716
4644.5,101760,97.5772,0.945678,65.0719,76.9227,5.97652,15286.7,0,0,1673.67,594.689,104.229,2,99.8462,85.1359,83.1359,76.9227,0,0,0,46.6344,28.2097,3,14.7104
4644.6,101763,97.5663,0.944509,65.0975,77.0607,5.98475,15287.3,0,0,1675.84,594.689,104.364,2,99.9776,85.2825,83.2825,77.0607,0,0,0,46.638,28.2095,3,14.6951
4644.7,101766,97.5561,0.943308,65.1231,77.4765,6.01025,15287.9,0,0,1682.55,594.689,104.782,2,100.385,85.7241,83.7241,77.4765,0,0,0,46.6415,28.2092,3,14.6604
4644.8,101768,97.5469,0.942075,65.1486,77.2723,5.99721,15288.5,0,0,1679.12,594.689,104.568,2,100.177,85.5073,83.5073,77.2723,0,0,0,46.6451,28.209,3,14.6692
4644.9,101771,97.536,0.940811,65.1742,76.1193,5.9253,15289.1,0,0,1660.17,594.689,103.388,2,99.0272,84.2828,82.2828,76.1193,0,0,0,46.6487,28.2087,3,14.7444
4645,101774,97.5226,0.939514,65.1996,75.1521,5.84704,15289.6,0,0,1639.48,594.689,102.1,2,97.7716,83.2556,81.2556,75.1521,0,0,0,46.6522,28.2085,3,14.5159
4645.1,101776,97.5081,0.938184,65.2251,74.2635,5.78107,15290.2,0,0,1621.98,594.689,101.01,2,96.7094,82.3133,80.3133,74.2635,0,0,0,46.6557,28.2082,3,14.3961
4645.2,101779,97.4914,0.936823,65.2504,73.2008,5.70787,15290.8,0,0,1588.39,599.964,99.7953,2,95.5011,81.1894,79.1894,73.2008,0,0,0,46.6592,28.208,3,14.3117
4645.3,101782,97.473,0.935429,65.2758,73.0901,5.69779,15291.4,0,0,1583.66,600.887,99.6515,2,95.3565,81.0724,79.0724,73.0901,0,0,0,46.6627,28.2077,3,14.2841
4645.4,101785,97.4562,0.934004,65.3011,73.7163,5.74583,15291.9,0,0,1608.93,595.95,100.41,2,96.1188,81.7347,79.7347,73.7163,0,0,0,46.6661,28.2074,3,14.3841
4645.5,101787,97.4404,0.932545,65.3264,74.1635,5.77361,15292.5,0,0,1620,594.689,100.886,2,96.5892,82.2078,80.2078,74.1635,0,0,0,46.6696,28.2072,3,14.3814
4645.6,101790,97.4255,0.931055,65.3516,75.4559,5.87221,15293.1,0,0,1646.14,594.689,102.515,2,98.1759,83.579,81.579,75.4559,0,0,0,46.6732,28.2069,3,14.5968
4645.7,101793,97.4149,0.929532,65.3768,77.3026,5.99606,15293.7,0,0,1678.82,594.689,104.549,2,100.158,85.5403,83.5403,77.3026,0,0,0,46.6767,28.2067,3,14.6178
4645.8,101795,97.4073,0.927976,65.4019,78.1983,6.05147,15294.3,0,0,1693.37,594.689,105.456,2,101.041,86.4917,84.4917,78.1983,0,0,0,46.6803,28.2064,3,14.5495
4645.9,101798,97.4004,0.926388,65.427,78.3093,6.05805,15294.9,0,0,1695.1,594.689,105.563,2,101.146,86.6096,84.6096,78.3093,0,0,0,46.6838,28.2062,3,14.5362
4646,101801,97.3934,0.924768,65.452,78.2521,6.05414,15295.5,0,0,1694.07,594.689,105.499,2,101.084,86.5489,84.5489,78.2521,0,0,0,46.6874,28.2059,3,14.5347
4646.1,101803,97.3864,0.923114,65.477,77.5477,6.00993,15296.1,0,0,1682.46,594.689,104.777,2,100.379,85.8008,83.8008,77.5477,0,0,0,46.6909,28.2056,3,14.5787
4646.2,101806,97.3768,0.921428,65.502,76.5906,5.95014,15296.7,0,0,1666.72,594.689,103.796,2,99.4247,84.7844,82.7844,76.5906,0,0,0,46.6945,28.2054,3,14.6402
4646.3,101809,97.3663,0.91971,65.5269,76.1668,5.92353,15297.3,0,0,1659.71,594.689,103.359,2,98.9988,84.3344,82.3344,76.1668,0,0,0,46.698,28.2051,3,14.6644
4646.4,101812,97.3553,0.917959,65.5517,75.8814,5.90552,15297.9,0,0,1654.95,594.689,103.063,2,98.7102,84.0314,82.0314,75.8814,0,0,0,46.7016,28.2049,3,14.6788
4646.5,101814,97.3439,0.916175,65.5765,75.525,5.87402,15298.5,0,0,1646.62,594.689,102.545,2,98.205,83.6529,81.6529,75.525,0,0,0,46.7051,28.2046,3,14.5521
4646.6,101817,97.3317,0.914359,65.6013,75.5452,5.87539,15299.1,0,0,1646.99,594.689,102.567,2,98.227,83.6745,81.6745,75.5452,0,0,0,46.7087,28.2044,3,14.5525
4646.7,101820,97.3206,0.91251,65.6259,76.3673,5.93459,15299.7,0,0,1662.62,594.689,103.541,2,99.1759,84.5476,82.5476,76.3673,0,0,0,46.7122,28.2041,3,14.6282
4646.8,101822,97.3117,0.910628,65.6506,77.1158,5.98069,15300.3,0,0,1674.77,594.689,104.298,2,99.9129,85.3426,83.3426,77.1158,0,0,0,46.7158,28.2039,3,14.5703
4646.9,101825,97.3037,0.908714,65.6752,77.5882,6.00972,15300.9,0,0,1682.41,594.689,104.773,2,100.376,85.8444,83.8444,77.5882,0,0,0,46.7193,28.2036,3,14.5317
4647,101828,97.2969,0.906768,65.6997,77.9259,6.0304,15301.5,0,0,1687.84,594.689,105.111,2,100.706,86.2031,84.2031,77.9259,0,0,0,46.7228,28.2034,3,14.5025
4647.1,101830,97.2904,0.904789,65.7242,77.4534,6.00065,15302.1,0,0,1680.02,594.689,104.625,2,100.231,85.7013,83.7013,77.4534,0,0,0,46.7264,28.2031,3,14.5302
4647.2,101833,97.2819,0.902778,65.7486,75.9771,5.90872,15302.7,0,0,1655.8,594.689,103.116,2,98.7616,84.1335,82.1335,75.9771,0,0,0,46.7299,28.2028,3,14.6281
4647.3,101836,97.2698,0.900734,65.773,74.321,5.77716,15303.2,0,0,1620.94,594.689,100.945,2,96.6465,82.3751,80.3751,74.321,0,0,0,46.7334,28.2026,3,14.2713
4647.4,101839,97.2551,0.898658,65.7973,72.4264,5.63629,15303.8,0,0,1561.93,603.831,98.7657,2,94.4786,80.3715,78.3715,72.4264,0,0,0,46.7368,28.2023,3,14.107
4647.5,101841,97.236,0.89655,65.8215,70.3565,5.47834,15304.3,0,0,1480.49,621.857,96.4103,2,92.088,78.1828,76.1828,70.3565,0,0,0,46.7402,28.2021,3,13.9052
4647.6,101844,97.2135,0.89441,65.8457,68.6918,5.36205,15304.9,0,0,1429.03,632.264,94.6171,2,90.2796,76.4225,74.4225,68.6918,0,0,0,46.7436,28.2018,3,13.8571
4647.7,101847,97.1882,0.892238,65.8698,67.7056,5.3035,15305.4,0,0,1407.8,635.58,93.7003,2,89.3651,75.3798,73.3798,67.7056,0,0,0,46.747,28.2015,3,13.9853
4647.8,101849,97.1622,0.890034,65.8939,67.7485,5.30552,15305.9,0,0,1408.72,635.38,93.7321,2,89.3974,75.4253,73.4253,67.7485,0,0,0,46.7504,28.2013,3,13.972
4647.9,101852,97.1374,0.887799,65.9179,68.1598,5.32713,15306.5,0,0,1418.64,633.227,94.0721,2,89.7418,75.8604,73.8604,68.1598,0,0,0,46.7537,28.201,3,13.8814
4648,101855,97.1133,0.885532,65.9418,68.7522,5.36489,15307,0,0,1429.68,632.264,94.6599,2,90.3214,76.487,74.487,68.7522,0,0,0,46.7571,28.2008,3,13.8344
4648.1,101857,97.0911,0.883234,65.9657,70.3787,5.47764,15307.6,0,0,1480.27,621.881,96.3998,2,92.0776,78.207,76.207,70.3787,0,0,0,46.7605,28.2005,3,13.8705
4648.2,101860,97.0737,0.880904,65.9894,72.3789,5.62944,15308.1,0,0,1559.75,604.068,98.6666,2,94.3807,80.3222,78.3222,72.3789,0,0,0,46.7639,28.2002,3,14.0585
4648.3,101863,97.0595,0.878543,66.0132,73.0301,5.67897,15308.7,0,0,1575.52,602.356,99.3818,2,95.0865,81.0108,79.0108,73.0301,0,0,0,46.7673,28.2,3,14.0756
4648.4,101866,97.0449,0.87615,66.0368,73.6079,5.72805,15309.3,0,0,1597.9,598.106,100.082,2,95.7891,81.622,79.622,73.6079,0,0,0,46.7707,28.1997,3,14.1672
4648.5,101868,97.0332,0.873727,66.0604,74.9064,5.80935,15309.8,0,0,1629.49,594.689,101.477,2,97.1652,82.9982,80.9982,74.9064,0,0,0,46.7742,28.1995,3,14.167
4648.6,101871,97.0239,0.871272,66.0839,76.1538,5.91512,15310.4,0,0,1657.49,594.689,103.221,2,98.8641,84.3228,82.3228,76.1538,0,0,0,46.7777,28.1992,3,14.5413
4648.7,101874,97.0173,0.868785,66.1074,77.534,6.00041,15311,0,0,1679.96,594.689,104.621,2,100.228,85.7885,83.7885,77.534,0,0,0,46.7812,28.199,3,14.4392
4648.8,101876,97.0136,0.866268,66.1307,79.2255,6.1055,15311.6,0,0,1707.52,594.689,106.337,2,101.9,87.5847,85.5847,79.2255,0,0,0,46.7847,28.1987,3,14.315
4648.9,101879,97.0138,0.863719,66.1541,80.6552,6.22426,15312.3,0,0,1738.5,594.689,108.266,2,103.778,89.1028,87.1028,80.6552,0,0,0,46.7883,28.1984,3,14.6754
4649,101882,97.0158,0.86114,66.1773,81.7092,6.29028,15312.9,0,0,1755.64,594.689,109.334,2,104.818,90.222,88.222,81.7092,0,0,0,46.7918,28.1982,3,14.5955
4649.1,101884,97.0203,0.858529,66.2005,82.4572,6.33717,15313.5,0,0,1767.78,594.689,110.09,2,105.553,91.0163,89.0163,82.4572,0,0,0,46.7954,28.1979,3,14.5371
4649.2,101887,97.0253,0.855888,66.2236,82.8383,6.36093,15314.2,0,0,1773.92,594.689,110.472,2,105.926,91.4209,89.4209,82.8383,0,0,0,46.7989,28.1977,3,14.5047
4649.3,101890,97.0314,0.853215,66.2466,83.9727,6.44761,15314.8,0,0,1796.25,594.689,111.863,2,107.28,92.6256,90.6256,83.9727,0,0,0,46.8025,28.1974,3,14.654
4649.4,101893,97.041,0.850512,66.2696,85.5945,6.57002,15315.5,0,0,1828.28,594.124,113.749,2,109.118,94.3514,92.3514,85.5945,0,0,0,46.806,28.1972,3,14.7663
4649.5,101895,97.0535,0.847778,66.2925,86.9467,6.66002,15316.1,0,0,1856.35,592.184,115.118,2,110.458,95.7937,93.7937,86.9467,0,0,0,46.8096,28.1969,3,14.6638
4649.6,101898,97.0685,0.845014,66.3153,88.4043,6.76352,15316.8,0,0,1889.52,589.679,116.68,2,111.986,97.3485,95.3485,88.4043,0,0,0,46.8132,28.1967,3,14.6374
4649.7,101901,97.0868,0.842219,66.338,89.4689,6.86039,15317.5,0,0,1915.61,588.819,118.118,2,113.388,98.484,96.484,89.4689,0,0,0,46.8168,28.1964,3,14.9038
4649.8,101903,97.1059,0.839393,66.3607,90.0279,6.89667,15318.2,0,0,1929.24,587.34,118.66,2,113.92,99.0802,97.0802,90.0279,0,0,0,46.8204,28.1962,3,14.8393
4649.9,101906,97.1264,0.836537,66.3833,91.1755,6.97518,15318.9,0,0,1948.5,587.174,119.811,2,115.039,100.304,98.3043,91.1755,0,0,0,46.824,28.1959,3,14.7347
4650,101909,97.1501,0.833651,66.4058,92.4597,7.0674,15319.6,0,0,1961.54,589.767,121.145,2,116.327,101.674,99.6741,92.4597,0,0,0,46.8275,28.1957,3,14.6528
4650.1,101911,97.1755,0.830735,66.4283,92.936,7.10407,15320.3,0,0,1962.31,592.084,121.669,2,116.828,102.182,100.182,92.936,0,0,0,46.8311,28.1954,3,14.6458
4650.2,101914,97.2011,0.827788,66.4507,92.766,7.09013,15321,0,0,1961.54,591.345,121.469,2,116.637,102.001,100.001,92.766,0,0,0,46.8347,28.1952,3,14.6359
4650.3,101917,97.2259,0.824811,66.473,92.034,7.03339,15321.7,0,0,1961.54,587.399,120.659,2,115.862,101.22,99.2197,92.034,0,0,0,46.8382,28.1949,3,14.6427
4650.4,101920,97.2486,0.821805,66.4952,90.8934,6.95374,15322.4,0,0,1943.41,587.174,119.497,2,114.734,100.003,98.0029,90.8934,0,0,0,46.8418,28.1947,3,14.7315
4650.5,101922,97.269,0.818769,66.5174,89.7705,6.8772,15323.1,0,0,1921.92,588.134,118.37,2,113.635,98.8049,96.8049,89.7705,0,0,0,46.8454,28.1944,3,14.8297
4650.6,101925,97.2874,0.815704,66.5395,89.1473,6.83398,15323.8,0,0,1906.43,589.679,117.724,2,113.001,98.14,96.14,89.1473,0,0,0,46.849,28.1942,3,14.861
4650.7,101928,97.3055,0.81261,66.5615,89.2876,6.84474,15324.5,0,0,1909.74,589.456,117.884,2,113.158,98.2896,96.2896,89.2876,0,0,0,46.8526,28.1939,3,14.868
4650.8,101930,97.3245,0.809487,66.5834,90.1695,6.9023,15325.2,0,0,1931.14,587.174,118.743,2,114.001,99.2303,97.2303,90.1695,0,0,0,46.8562,28.1936,3,14.771
4650.9,101933,97.346,0.806335,66.6053,91.7772,7.01291,15325.9,0,0,1957.46,587.174,120.361,2,115.574,100.945,98.9454,91.7772,0,0,0,46.8598,28.1934,3,14.6287
4651,101936,97.3713,0.803155,66.627,93.8067,7.18408,15326.6,0,0,1995.97,587.699,122.839,2,117.981,103.11,101.11,93.8067,0,0,0,46.8634,28.1931,3,14.8702
4651.1,101938,97.4008,0.799946,66.6487,95.6302,7.32936,15327.3,0,0,2000,596.373,124.904,2,119.958,105.056,103.056,95.6302,0,0,0,46.867,28.1929,3,14.9022
4651.2,101941,97.4331,0.796708,66.6703,97.2978,7.46239,15328.1,0,0,2000,605.303,126.774,2,121.745,106.843,104.843,97.2978,0,0,0,46.8706,28.1926,3,14.9018
4651.3,101944,97.469,0.793442,66.6918,98.5315,7.56152,15328.8,0,0,2000,611.904,128.157,2,123.065,108.166,106.166,98.5315,0,0,0,46.8743,28.1924,3,14.8993
4651.4,101947,97.5061,0.790148,66.7133,98.8133,7.5839,15329.6,0,0,2000,613.388,128.468,2,123.362,108.468,106.468,98.8133,0,0,0,46.8779,28.1921,3,14.894
4651.5,101949,97.543,0.786826,66.7346,98.746,7.57797,15330.3,0,0,2000,612.995,128.385,2,123.283,108.395,106.395,98.746,0,0,0,46.8815,28.1919,3,14.8878
4651.6,101952,97.5798,0.783476,66.7559,98.3858,7.54831,15331.1,0,0,2000,611.027,127.973,2,122.89,108.009,106.009,98.3858,0,0,0,46.8851,28.1916,3,14.8808
4651.7,101955,97.6152,0.780099,66.7771,97.4984,7.4762,15331.8,0,0,2000,606.225,126.968,2,121.929,107.057,105.057,97.4984,0,0,0,46.8887,28.1914,3,14.8722
4651.8,101957,97.6485,0.776694,66.7982,96.8273,7.42178,15332.6,0,0,2000,602.585,126.205,2,121.201,106.337,104.337,96.8273,0,0,0,46.8923,28.1911,3,14.8641
4651.9,101960,97.6813,0.773262,66.8192,96.2764,7.37719,15333.3,0,0,2000,599.593,125.578,2,120.602,105.746,103.746,96.2764,0,0,0,46.896,28.1909,3,14.8562
4652,101963,97.7124,0.769803,66.8402,95.6065,7.32343,15334,0,0,2000,595.973,124.82,2,119.878,105.03,103.03,95.6065,0,0,0,46.8996,28.1906,3,14.8478
4652.1,101966,97.7427,0.766318,66.861,95.1884,7.28987,15334.8,0,0,2000,593.706,124.345,2,119.424,104.584,102.584,95.1884,0,0,0,46.9032,28.1904,3,14.8402
4652.2,101968,97.7721,0.762806,66.8818,94.9155,7.26785,15335.5,0,0,2000,592.216,124.033,2,119.126,104.293,102.293,94.9155,0,0,0,46.9068,28.1901,3,14.8331
4652.3,101971,97.8013,0.759269,66.9025,94.1891,7.21014,15336.2,0,0,2000,588.3,123.213,2,118.342,103.518,101.518,94.1891,0,0,0,46.9104,28.1899,3,14.8241
4652.4,101974,97.828,0.755706,66.923,92.9067,7.09134,15336.9,0,0,1961.54,591.429,121.486,2,116.653,102.149,100.149,92.9067,0,0,0,46.9139,28.1896,3,14.5038
4652.5,101976,97.8523,0.752117,66.9435,91.4626,6.9848,15337.6,0,0,1950.79,587.174,119.951,2,115.176,100.608,98.6082,91.4626,0,0,0,46.9175,28.1894,3,14.5674
4652.6,101979,97.8735,0.748504,66.9639,89.788,6.87047,15338.3,0,0,1919.39,588.409,118.269,2,113.536,98.8212,96.8212,89.788,0,0,0,46.921,28.1891,3,14.7146
4652.7,101982,97.8914,0.744866,66.9842,88.3865,6.74354,15339,0,0,1884.72,589.679,116.383,2,111.697,97.3256,95.3256,88.3865,0,0,0,46.9245,28.1889,3,14.3716
4652.8,101985,97.9073,0.741204,67.0044,87.3388,6.67385,15339.7,0,0,1859.69,592.184,115.326,2,110.659,96.2076,94.2076,87.3388,0,0,0,46.928,28.1886,3,14.4514
4652.9,101987,97.9213,0.737519,67.0245,86.3213,6.60474,15340.3,0,0,1841.24,592.717,114.284,2,109.644,95.1217,93.1217,86.3213,0,0,0,46.9316,28.1884,3,14.5224
4653,101990,97.9334,0.73381,67.0446,85.1043,6.52337,15341,0,0,1815.14,594.689,113.039,2,108.424,93.8253,91.8253,85.1043,0,0,0,46.9351,28.1881,3,14.5991
4653.1,101993,97.9429,0.730078,67.0645,84.0929,6.43852,15341.6,0,0,1793.91,594.689,111.717,2,107.138,92.7508,90.7508,84.0929,0,0,0,46.9386,28.1879,3,14.387
4653.2,101995,97.9513,0.726323,67.0843,83.4223,6.38355,15342.3,0,0,1779.76,594.689,110.836,2,106.28,92.0384,90.0384,83.4223,0,0,0,46.9421,28.1876,3,14.2412
4653.3,101998,97.9584,0.722546,67.104,82.3986,6.31841,15342.9,0,0,1762.93,594.689,109.787,2,105.259,90.951,88.951,82.3986,0,0,0,46.9456,28.1874,3,14.3083
4653.4,102001,97.963,0.718747,67.1236,81.3117,6.2495,15343.5,0,0,1745.06,594.689,108.675,2,104.176,89.7963,87.7963,81.3117,0,0,0,46.9491,28.1871,3,14.3797
4653.5,102004,97.9661,0.714926,67.1431,80.5951,6.19408,15344.1,0,0,1730.65,594.689,107.777,2,103.302,89.0351,87.0351,80.5951,0,0,0,46.9525,28.1868,3,14.2668
4653.6,102006,97.9682,0.711085,67.1625,79.7345,6.1203,15344.7,0,0,1711.39,594.689,106.578,2,102.134,88.1209,86.1209,79.7345,0,0,0,46.9559,28.1866,3,14.0135
4653.7,102009,97.9683,0.707222,67.1818,78.7981,6.06147,15345.3,0,0,1695.99,594.689,105.619,2,101.2,87.1261,85.1261,78.7981,0,0,0,46.9593,28.1863,3,14.0741
4653.8,102012,97.9671,0.703339,67.201,78.5099,6.04317,15345.9,0,0,1691.19,594.689,105.32,2,100.909,86.82,84.82,78.5099,0,0,0,46.9628,28.1861,3,14.089
4653.9,102014,97.9663,0.699437,67.2201,78.1196,6.01853,15346.6,0,0,1684.72,594.689,104.917,2,100.516,86.4054,84.4054,78.1196,0,0,0,46.9662,28.1858,3,14.1111
4654,102017,97.9638,0.695514,67.2391,77.0649,5.95264,15347.1,0,0,1667.38,594.689,103.837,2,99.4646,85.2849,83.2849,77.0649,0,0,0,46.9697,28.1856,3,14.1797
4654.1,102020,97.9592,0.691573,67.2579,76.2161,5.89889,15347.7,0,0,1653.2,594.689,102.954,2,98.6039,84.3833,82.3833,76.2161,0,0,0,46.9731,28.1853,3,14.2206
4654.2,102023,97.9538,0.687613,67.2767,75.7253,5.85287,15348.3,0,0,1641.03,594.689,102.196,2,97.8653,83.862,81.862,75.7253,0,0,0,46.9765,28.185,3,14.0034
4654.3,102025,97.9476,0.683634,67.2954,75.6283,5.8434,15348.9,0,0,1638.52,594.689,102.04,2,97.7131,83.759,81.759,75.6283,0,0,0,46.9799,28.1848,3,13.9541
4654.4,102028,97.9421,0.679637,67.3139,76.688,5.92794,15349.5,0,0,1660.87,594.689,103.432,2,99.0695,84.8847,82.8847,76.688,0,0,0,46.9834,28.1845,3,14.1848
4654.5,102031,97.9404,0.675623,67.3323,79.2037,6.08412,15350.1,0,0,1701.93,594.689,105.989,2,101.56,87.5571,85.5571,79.2037,0,0,0,46.9868,28.1843,3,14.003
4654.6,102034,97.9449,0.671591,67.3507,82.2585,6.24216,15350.7,0,0,1743.15,594.689,108.556,2,104.06,90.8021,88.8021,82.2585,0,0,0,46.99,28.184,3,13.2582
4654.7,102036,97.9551,0.667541,67.3689,84.8065,6.40148,15351.4,0,0,1784.38,594.689,111.123,2,106.56,93.5088,91.5088,84.8065,0,0,0,46.9932,28.1837,3,13.0511
4654.8,102039,97.9696,0.663474,67.387,86.5925,6.56623,15352,0,0,1826.86,594.278,113.691,2,109.06,95.4108,93.4108,86.5925,0,0,0,46.9965,28.1835,3,13.6492
4654.9,102042,97.9869,0.65939,67.405,87.5971,6.68372,15352.7,0,0,1862.36,592.095,115.474,2,110.804,96.4828,94.4828,87.5971,0,0,0,47,28.1832,3,14.3207
4655,102044,98.0055,0.655289,67.4229,88.0135,6.71078,15353.4,0,0,1872.48,590.996,115.886,2,111.209,96.9271,94.9271,88.0135,0,0,0,47.0034,28.183,3,14.2816
4655.1,102047,98.0245,0.651172,67.4407,88.3621,6.73333,15354,0,0,1880.94,590.078,116.229,2,111.545,97.2991,95.2991,88.3621,0,0,0,47.0069,28.1827,3,14.2463
4655.2,102050,98.0446,0.647038,67.4584,88.9066,6.78309,15354.7,0,0,1894.23,589.679,116.97,2,112.268,97.8801,95.8801,88.9066,0,0,0,47.0104,28.1824,3,14.3882
4655.3,102053,98.0658,0.642889,67.4759,89.7152,6.85615,15355.4,0,0,1914.02,588.992,118.055,2,113.325,98.743,96.743,89.7152,0,0,0,47.0139,28.1822,3,14.5825
4655.4,102055,98.0891,0.638724,67.4934,91.0664,6.94662,15356.1,0,0,1941.71,587.174,119.393,2,114.633,100.185,98.185,91.0664,0,0,0,47.0174,28.1819,3,14.4481
4655.5,102058,98.1157,0.634544,67.5107,92.2966,7.03152,15356.8,0,0,1961.54,587.27,120.632,2,115.837,101.498,99.4978,92.2966,0,0,0,47.0209,28.1817,3,14.3392
4655.6,102061,98.1437,0.630349,67.528,93.1273,7.09504,15357.5,0,0,1961.54,591.686,121.539,2,116.703,102.384,100.384,93.1273,0,0,0,47.0244,28.1814,3,14.3192
4655.7,102063,98.1736,0.62614,67.5451,93.9629,7.17424,15358.2,0,0,1991.81,588.24,122.696,2,117.84,103.276,101.276,93.9629,0,0,0,47.0279,28.1812,3,14.5639
4655.8,102066,98.2049,0.621916,67.5621,94.6684,7.23301,15359,0,0,2000,589.853,123.539,2,118.653,104.029,102.029,94.6684,0,0,0,47.0315,28.1809,3,14.6239
4655.9,102069,98.2376,0.617678,67.579,94.9383,7.25385,15359.7,0,0,2000,591.267,123.835,2,118.936,104.317,102.317,94.9383,0,0,0,47.0351,28.1807,3,14.6191
4656,102072,98.27,0.613426,67.5958,95.1374,7.26914,15360.4,0,0,2000,592.303,124.052,2,119.143,104.53,102.53,95.1374,0,0,0,47.0386,28.1804,3,14.6139
4656.1,102074,98.3034,0.609161,67.6125,95.4251,7.29145,15361.1,0,0,2000,593.813,124.368,2,119.446,104.837,102.837,95.4251,0,0,0,47.0422,28.1802,3,14.6091
4656.2,102077,98.337,0.604883,67.6291,95.4894,7.29611,15361.9,0,0,2000,594.128,124.434,2,119.509,104.905,102.905,95.4894,0,0,0,47.0457,28.1799,3,14.6034
4656.3,102080,98.3706,0.600593,67.6456,94.9017,7.24921,15362.6,0,0,2000,590.953,123.769,2,118.873,104.278,102.278,94.9017,0,0,0,47.0493,28.1797,3,14.5952
4656.4,102083,98.402,0.596291,67.6619,93.5961,7.13468,15363.3,0,0,1975.15,590.411,122.119,2,117.271,102.884,100.884,93.5961,0,0,0,47.0528,28.1794,3,14.3869
4656.5,102085,98.4307,0.591977,67.6782,92.6133,7.0516,15364,0,0,1961.54,588.668,120.919,2,116.111,101.835,99.8353,92.6133,0,0,0,47.0562,28.1792,3,14.276
4656.6,102088,98.4583,0.587653,67.6943,91.2621,6.95553,15364.7,0,0,1943.83,587.174,119.524,2,114.76,100.393,98.3929,91.2621,0,0,0,47.0597,28.1789,3,14.3668
4656.7,102091,98.482,0.583318,67.7103,89.0427,6.78846,15365.4,0,0,1895.52,589.679,117.05,2,112.346,98.0238,96.0238,89.0427,0,0,0,47.0632,28.1786,3,14.3219
4656.8,102094,98.5012,0.578973,67.7262,87.3547,6.66006,15366,0,0,1856.36,592.184,115.119,2,110.458,96.2219,94.2219,87.3547,0,0,0,47.0667,28.1784,3,14.2363
4656.9,102096,98.5185,0.574619,67.742,86.8732,6.62696,15366.7,0,0,1848.36,592.184,114.623,2,109.975,95.7078,93.7078,86.8732,0,0,0,47.0701,28.1781,3,14.2675
4657,102099,98.5361,0.570256,67.7577,86.8778,6.6269,15367.4,0,0,1848.34,592.184,114.622,2,109.974,95.7127,93.7127,86.8778,0,0,0,47.0736,28.1779,3,14.2618
4657.1,102102,98.5536,0.565884,67.7732,87.1551,6.64537,15368,0,0,1852.81,592.184,114.899,2,110.244,96.0085,94.0085,87.1551,0,0,0,47.0771,28.1776,3,14.2354
4657.2,102104,98.5724,0.561505,67.7886,87.4417,6.66449,15368.7,0,0,1857.43,592.184,115.185,2,110.523,96.3144,94.3144,87.4417,0,0,0,47.0805,28.1774,3,14.2083
4657.3,102107,98.5911,0.557118,67.804,86.9982,6.63396,15369.4,0,0,1850.05,592.184,114.728,2,110.077,95.8409,93.8409,86.9982,0,0,0,47.084,28.1771,3,14.2366
4657.4,102110,98.6084,0.552724,67.8192,85.4819,6.53267,15370,0,0,1817.4,594.689,113.18,2,108.561,94.2255,92.2255,85.4819,0,0,0,47.0875,28.1769,3,14.3359
4657.5,102113,98.6215,0.548323,67.8342,82.775,6.32773,15370.7,0,0,1765.34,594.689,109.937,2,105.405,91.3492,89.3492,82.775,0,0,0,47.0909,28.1766,3,14.0562
4657.6,102115,98.6286,0.543917,67.8492,79.3034,6.07968,15371.3,0,0,1700.76,594.689,105.916,2,101.49,87.6603,85.6603,79.3034,0,0,0,47.0942,28.1763,3,13.8292
4657.7,102118,98.6287,0.539505,67.864,76.2691,5.88541,15371.9,0,0,1649.64,594.689,102.732,2,98.3878,84.4362,82.4362,76.2691,0,0,0,47.0976,28.1761,3,13.9516
4657.8,102121,98.6244,0.53509,67.8788,74.4395,5.74803,15372.4,0,0,1610.42,595.66,100.453,2,96.1628,82.4965,80.4965,74.4395,0,0,0,47.101,28.1758,3,13.6663
4657.9,102124,98.6178,0.53067,67.8934,73.4554,5.67056,15373,0,0,1572.85,602.646,99.2609,2,94.9671,81.4554,79.4554,73.4554,0,0,0,47.1042,28.1756,3,13.5118
4658,102126,98.6102,0.526247,67.9078,72.789,5.61903,15373.6,0,0,1556.44,604.428,98.5156,2,94.2317,80.7502,78.7502,72.789,0,0,0,47.1075,28.1753,3,13.4815
4658.1,102129,98.6014,0.521821,67.9222,73.1139,5.64357,15374.1,0,0,1564.25,603.579,98.8712,2,94.5827,81.0941,79.0941,73.1139,0,0,0,47.1108,28.175,3,13.4886
4658.2,102132,98.5953,0.517393,67.9364,74.4762,5.749,15374.7,0,0,1611.07,595.531,100.473,2,96.1822,82.5354,80.5354,74.4762,0,0,0,47.1141,28.1748,3,13.6468
4658.3,102135,98.5921,0.512963,67.9505,76.0011,5.85769,15375.3,0,0,1642.3,594.689,102.275,2,97.9428,84.1516,82.1516,76.0011,0,0,0,47.1175,28.1745,3,13.7911
4658.4,102137,98.5922,0.508531,67.9645,78.3628,6.01391,15375.9,0,0,1683.51,594.689,104.842,2,100.443,86.661,84.661,78.3628,0,0,0,47.1208,28.1743,3,13.7819
4658.5,102140,98.5983,0.504098,67.9784,81.373,6.17186,15376.5,0,0,1724.86,594.689,107.417,2,102.951,89.8596,87.8596,81.373,0,0,0,47.124,28.174,3,13.0912
4658.6,102143,98.6102,0.499664,67.9921,83.2213,6.33063,15377.1,0,0,1766.09,594.689,109.984,2,105.451,91.8235,89.8235,83.2213,0,0,0,47.1273,28.1737,3,13.6275
4658.7,102146,98.6236,0.495228,68.0058,83.2589,6.35441,15377.8,0,0,1772.23,594.689,110.367,2,105.824,91.8634,89.8634,83.2589,0,0,0,47.1307,28.1735,3,13.9601
4658.8,102148,98.6359,0.490792,68.0193,82.0004,6.27453,15378.4,0,0,1751.56,594.689,109.079,2,104.57,90.5261,88.5261,82.0004,0,0,0,47.1341,28.1732,3,14.0438
4658.9,102151,98.6447,0.486357,68.0326,80.0559,6.12249,15379,0,0,1711.97,594.689,106.614,2,102.169,88.4599,86.4599,80.0559,0,0,0,47.1375,28.173,3,13.7092
4659,102154,98.6497,0.481922,68.0459,78.5783,6.02989,15379.6,0,0,1687.71,594.689,105.103,2,100.698,86.8897,84.8897,78.5783,0,0,0,47.1408,28.1727,3,13.8079
4659.1,102157,98.6531,0.477488,68.0591,78.674,6.03553,15380.2,0,0,1689.19,594.689,105.195,2,100.787,86.9915,84.9915,78.674,0,0,0,47.1442,28.1724,3,13.7959
4659.2,102159,98.6588,0.473056,68.0721,80.5758,6.16333,15380.8,0,0,1722.63,594.689,107.278,2,102.816,89.0123,87.0123,80.5758,0,0,0,47.1475,28.1722,3,13.8034
4659.3,102162,98.6697,0.468626,68.085,83.0735,6.32202,15381.5,0,0,1763.86,594.689,109.846,2,105.316,91.6663,89.6663,83.0735,0,0,0,47.1508,28.1719,3,13.6496
4659.4,102165,98.6852,0.464198,68.0978,84.246,6.42081,15382.1,0,0,1789.36,594.689,111.433,2,106.862,92.9121,90.9121,84.246,0,0,0,47.1542,28.1717,3,13.9494
4659.5,102168,98.7008,0.459773,68.1104,83.7407,6.38226,15382.7,0,0,1779.42,594.689,110.815,2,106.259,92.3751,90.3751,83.7407,0,0,0,47.1576,28.1714,3,13.8842
4659.6,102170,98.7145,0.455352,68.123,81.9574,6.26915,15383.4,0,0,1750.16,594.689,108.992,2,104.485,90.4802,88.4802,81.9574,0,0,0,47.161,28.1711,3,14.0051
4659.7,102173,98.7235,0.450934,68.1354,79.2349,6.06853,15384,0,0,1697.84,594.689,105.734,2,101.312,87.5872,85.5872,79.2349,0,0,0,47.1643,28.1709,3,13.7252
4659.8,102176,98.7271,0.446521,68.1477,77.0699,5.9335,15384.6,0,0,1662.34,594.689,103.523,2,99.1584,85.2865,83.2865,77.0699,0,0,0,47.1677,28.1706,3,13.8719
4659.9,102178,98.7281,0.442112,68.1599,75.736,5.8253,15385.2,0,0,1633.72,594.689,101.741,2,97.422,83.8691,81.8691,75.736,0,0,0,47.171,28.1704,3,13.5528
4660,102181,98.7268,0.43771,68.172,74.066,5.71236,15385.7,0,0,1590.5,599.551,99.8593,2,95.5654,82.101,80.101,74.066,0,0,0,47.1743,28.1701,3,13.4644
4660.1,102184,98.7217,0.433314,68.1839,72.5958,5.59696,15386.3,0,0,1542.59,607.852,98.1919,2,93.8991,80.5454,78.5454,72.5958,0,0,0,47.1775,28.1698,3,13.3537
4660.2,102187,98.7152,0.428925,68.1957,71.2169,5.49107,15386.8,0,0,1484.43,621.429,96.6008,2,92.2762,79.0865,77.0865,71.2169,0,0,0,47.1807,28.1696,3,13.1898
4660.3,102189,98.7051,0.424543,68.2074,68.6209,5.31527,15387.4,0,0,1413.19,634.411,93.8857,2,89.553,76.3398,74.3398,68.6209,0,0,0,47.1839,28.1693,3,13.2131
4660.4,102192,98.689,0.42017,68.219,65.5084,5.14887,15387.9,0,0,1369.23,634.769,91.0167,2,86.7479,73.0467,71.0467,65.5084,0,0,0,47.1873,28.169,3,13.7012
4660.5,102195,98.6675,0.415806,68.2305,63.4443,5.01514,15388.4,0,0,1339.11,632.264,88.6635,2,84.463,70.8681,68.8681,63.4443,0,0,0,47.1906,28.1688,3,13.5949
4660.6,102198,98.6439,0.411451,68.2418,62.1172,4.96942,15388.9,0,0,1328.62,631.463,87.8571,2,83.6795,69.4697,67.4697,62.1172,0,0,0,47.194,28.1685,3,14.2098
4660.7,102200,98.6177,0.407106,68.253,60.837,4.87793,15389.4,0,0,1307.69,629.759,86.24,2,82.109,68.1209,66.1209,60.837,0,0,0,47.1974,28.1683,3,13.9882
4660.8,102203,98.5897,0.402772,68.2641,60.1938,4.83993,15389.8,0,0,1299.4,628.859,85.5708,2,81.4602,67.4432,65.4432,60.1938,0,0,0,47.2008,28.168,3,14.017
4660.9,102206,98.5616,0.39845,68.2751,60.6824,4.87793,15390.3,0,0,1307.69,629.759,86.24,2,82.109,67.9582,65.9582,60.6824,0,0,0,47.2043,28.1678,3,14.1508
4661,102209,98.5359,0.394139,68.2859,61.4463,4.87793,15390.8,0,0,1307.69,629.759,86.24,2,82.109,68.7633,66.7633,61.4463,0,0,0,47.2075,28.1675,3,13.3457
4661.1,102211,98.5111,0.38984,68.2967,61.6462,4.89885,15391.3,0,0,1312.49,630.15,86.61,2,82.4684,68.9741,66.9741,61.6462,0,0,0,47.2108,28.1672,3,13.4943
4661.2,102214,98.4867,0.385553,68.3073,62.3614,4.99975,15391.8,0,0,1335.53,632.025,88.3927,2,84.1997,69.7278,67.7278,62.3614,0,0,0,47.2143,28.167,3,14.4719
4661.3,102217,98.4651,0.381279,68.3177,63.8721,5.02708,15392.3,0,0,1342.25,632.264,88.8708,2,84.6655,71.3197,69.3197,63.8721,0,0,0,47.2176,28.1667,3,13.3458
4661.4,102220,98.4469,0.377019,68.3281,64.7137,5.08194,15392.8,0,0,1354.8,633.203,89.8354,2,85.6027,72.2073,70.2073,64.7137,0,0,0,47.2208,28.1665,3,13.3953
4661.5,102222,98.4289,0.372772,68.3384,64.8577,5.09766,15393.3,0,0,1358.2,633.572,90.1131,2,85.8719,72.3599,70.3599,64.8577,0,0,0,47.2241,28.1662,3,13.512
4661.6,102225,98.4116,0.368539,68.3485,65.3657,5.14887,15393.8,0,0,1369.23,634.769,91.0167,2,86.7479,72.8973,70.8973,65.3657,0,0,0,47.2275,28.1659,3,13.8506
4661.7,102228,98.3961,0.36432,68.3585,65.5956,5.14887,15394.4,0,0,1369.23,634.769,91.0167,2,86.7479,73.1407,71.1407,65.5956,0,0,0,47.2308,28.1657,3,13.6072
4661.8,102231,98.38,0.360117,68.3684,65.418,5.14887,15394.9,0,0,1369.23,634.769,91.0167,2,86.7479,72.9529,70.9529,65.418,0,0,0,47.2341,28.1654,3,13.795
4661.9,102233,98.3642,0.355928,68.3782,65.7656,5.14887,15395.4,0,0,1369.23,634.769,91.0167,2,86.7479,73.3207,71.3207,65.7656,0,0,0,47.2374,28.1652,3,13.4272
4662,102236,98.3499,0.351756,68.3879,66.6136,5.19737,15395.9,0,0,1380.12,635.656,91.8685,2,87.575,74.218,72.218,66.6136,0,0,0,47.2407,28.1649,3,13.3571
4662.1,102239,98.3376,0.347599,68.3974,67.0807,5.26469,15396.4,0,0,1395.17,636.881,93.0495,2,88.7218,74.7122,72.7122,67.0807,0,0,0,47.2441,28.1646,3,14.0096
4662.2,102241,98.3255,0.343459,68.4069,67.2571,5.28636,15397,0,0,1400,637.274,93.4293,2,89.0906,74.8988,72.8988,67.2571,0,0,0,47.2475,28.1644,3,14.1918
4662.3,102244,98.3143,0.339336,68.4162,67.2471,5.28636,15397.5,0,0,1400,637.274,93.4293,2,89.0906,74.8883,72.8883,67.2471,0,0,0,47.251,28.1641,3,14.2023
4662.4,102247,98.3025,0.33523,68.4254,66.6142,5.1944,15398,0,0,1379.45,635.601,91.8163,2,87.5243,74.2189,72.2189,66.6142,0,0,0,47.2542,28.1639,3,13.3055
4662.5,102250,98.2892,0.331142,68.4345,65.7665,5.14887,15398.5,0,0,1369.23,634.769,91.0167,2,86.7479,73.3221,71.3221,65.7665,0,0,0,47.2575,28.1636,3,13.4258
4662.6,102252,98.2745,0.327072,68.4435,65.3865,5.14887,15399,0,0,1369.23,634.769,91.0167,2,86.7479,72.9202,70.9202,65.3865,0,0,0,47.2608,28.1633,3,13.8277
4662.7,102255,98.2601,0.323022,68.4523,65.2764,5.13811,15399.6,0,0,1366.92,634.518,90.8269,2,86.5639,72.8038,70.8038,65.2764,0,0,0,47.2642,28.1631,3,13.7601
4662.8,102258,98.2454,0.31899,68.4611,64.8103,5.08472,15400.1,0,0,1355.4,633.268,89.8845,2,85.6503,72.3108,70.3108,64.8103,0,0,0,47.2674,28.1628,3,13.3395
4662.9,102261,98.2296,0.314979,68.4698,64.3287,5.03863,15400.6,0,0,1345.28,632.264,89.0714,2,84.8616,71.8016,69.8016,64.3287,0,0,0,47.2706,28.1626,3,13.06
4663,102263,98.2133,0.310987,68.4783,64.0581,5.03011,15401.1,0,0,1343.04,632.264,88.9235,2,84.717,71.5166,69.5166,64.0581,0,0,0,47.2738,28.1623,3,13.2004
4663.1,102266,98.1969,0.307017,68.4867,64.0063,5.02835,15401.6,0,0,1342.58,632.264,88.893,2,84.6872,71.4621,69.4621,64.0063,0,0,0,47.277,28.162,3,13.2251
4663.2,102269,98.1808,0.303067,68.495,64.6243,5.06146,15402.1,0,0,1350.37,632.722,89.4738,2,85.2522,72.1144,70.1144,64.6243,0,0,0,47.2802,28.1618,3,13.1377
4663.3,102271,98.1671,0.299139,68.5033,66.3328,5.14887,15402.6,0,0,1369.23,634.769,91.0167,2,86.7479,73.9219,71.9219,66.3328,0,0,0,47.2833,28.1615,3,12.826
4663.4,102274,98.158,0.295233,68.5114,67.9078,5.28636,15403.1,0,0,1400,637.274,93.4293,2,89.0906,75.5881,73.5881,67.9078,0,0,0,47.2866,28.1612,3,13.5025
4663.5,102277,98.1507,0.291348,68.5194,68.036,5.28636,15403.7,0,0,1400,637.274,93.4293,2,89.0906,75.7237,73.7237,68.036,0,0,0,47.2899,28.161,3,13.3669
4663.6,102280,98.1424,0.287487,68.5272,67.1629,5.26554,15404.2,0,0,1395.36,636.896,93.0643,2,88.7362,74.8001,72.8001,67.1629,0,0,0,47.2932,28.1607,3,13.936
4663.7,102282,98.132,0.283648,68.535,65.4296,5.14887,15404.7,0,0,1369.23,634.769,91.0167,2,86.7479,72.9667,70.9667,65.4296,0,0,0,47.2966,28.1605,3,13.7812
4663.8,102285,98.1174,0.279832,68.5427,62.8322,5.01266,15405.2,0,0,1338.46,632.264,88.6203,2,84.4207,70.2254,68.2254,62.8322,0,0,0,47.3,28.1602,3,14.1953
4663.9,102288,98.0974,0.276041,68.5503,60.5062,4.85686,15405.7,0,0,1303.12,629.263,85.8709,2,81.7512,67.7749,65.7749,60.5062,0,0,0,47.3034,28.1599,3,13.9763
4664,102291,98.0741,0.272275,68.5578,59.4133,4.77286,15406.2,0,0,1284.62,627.254,84.3811,2,80.3068,66.6236,64.6236,59.4133,0,0,0,47.3068,28.1597,2,13.6832
4664.1,102293,98.0503,0.268534,68.5651,58.8453,4.77286,15406.6,0,0,1284.62,627.254,84.3811,2,80.3068,66.0253,64.0253,58.8453,0,0,0,47.3102,28.1594,2,14.2815
4664.2,102296,98.0253,0.264818,68.5724,58.1831,4.68461,15407.1,0,0,1264.19,625.591,82.8191,2,78.7896,65.3278,63.3278,58.1831,0,0,0,47.3135,28.1592,2,13.4618
4664.3,102299,97.9994,0.261129,68.5795,58.0822,4.66981,15407.6,0,0,1260.75,625.311,82.557,2,78.5351,65.2216,63.2216,58.0822,0,0,0,47.3167,28.1589,2,13.3135
4664.4,102301,97.9744,0.257466,68.5866,58.8271,4.77286,15408.1,0,0,1284.62,627.254,84.3811,2,80.3068,66.0065,64.0065,58.8271,0,0,0,47.3202,28.1587,2,14.3003
4664.5,102304,97.9517,0.253829,68.5936,59.7173,4.77286,15408.5,0,0,1284.62,627.254,84.3811,2,80.3068,66.9444,64.9444,59.7173,0,0,0,47.3235,28.1584,2,13.3624
4664.6,102307,97.9305,0.25022,68.6004,60.1733,4.81603,15409,0,0,1294.14,628.288,85.1469,2,81.0492,67.4249,65.4249,60.1733,0,0,0,47.3268,28.1581,3,13.6243
4664.7,102310,97.91,0.246639,68.6072,60.848,4.87793,15409.5,0,0,1307.69,629.759,86.24,2,82.109,68.1358,66.1358,60.848,0,0,0,47.3302,28.1579,3,13.9732
4664.8,102312,97.8918,0.243085,68.6138,61.5197,4.87793,15410,0,0,1307.69,629.759,86.24,2,82.109,68.8436,66.8436,61.5197,0,0,0,47.3334,28.1576,3,13.2654
4664.9,102315,97.8742,0.239559,68.6204,61.6108,4.87793,15410.5,0,0,1307.69,629.759,86.24,2,82.109,68.9396,66.9396,61.6108,0,0,0,47.3366,28.1574,3,13.1694
4665,102318,97.8568,0.236062,68.6269,61.3126,4.87793,15411,0,0,1307.69,629.759,86.24,2,82.109,68.6256,66.6256,61.3126,0,0,0,47.3399,28.1571,3,13.4834
4665.1,102320,97.8384,0.232594,68.6332,61.6344,4.87793,15411.5,0,0,1307.69,629.759,86.24,2,82.109,68.9647,66.9647,61.6344,0,0,0,47.3431,28.1568,3,13.1444
4665.2,102323,97.8225,0.229155,68.6395,62.3729,4.97204,15411.9,0,0,1329.22,631.512,87.9034,2,83.7245,69.7427,67.7427,62.3729,0,0,0,47.3465,28.1566,3,13.9818
4665.3,102326,97.8073,0.225745,68.6457,62.7385,5.01266,15412.4,0,0,1338.46,632.264,88.6203,2,84.4207,70.1279,68.1279,62.7385,0,0,0,47.35,28.1563,3,14.2928
4665.4,102329,97.7931,0.222366,68.6518,63.9865,5.02407,15413,0,0,1341.46,632.264,88.8186,2,84.6145,71.4427,69.4427,63.9865,0,0,0,47.3532,28.1561,3,13.1718
4665.5,102331,97.7831,0.219016,68.6578,66.6577,5.19417,15413.5,0,0,1379.4,635.597,91.8123,2,87.5204,74.2677,72.2677,66.6577,0,0,0,47.3564,28.1558,3,13.2527
4665.6,102334,97.7795,0.215697,68.6637,69.3524,5.34017,15414,0,0,1423.97,632.264,94.2817,2,89.952,77.1179,75.1179,69.3524,0,0,0,47.3595,28.1555,3,12.8341
4665.7,102337,97.7801,0.212409,68.6695,71.4972,5.49088,15414.6,0,0,1484.37,621.435,96.5979,2,92.2734,79.3864,77.3864,71.4972,0,0,0,47.3626,28.1553,3,12.887
4665.8,102339,97.7851,0.209152,68.6752,73.3616,5.63199,15415.1,0,0,1560.56,603.98,98.7035,2,94.4172,81.3585,79.3585,73.3616,0,0,0,47.3658,28.155,3,13.0587
4665.9,102342,97.7931,0.205925,68.6808,73.5774,5.64816,15415.7,0,0,1565.71,603.421,98.9375,2,94.6481,81.5867,79.5867,73.5774,0,0,0,47.369,28.1547,3,13.0614
4666,102345,97.799,0.20273,68.6864,72.6548,5.57927,15416.2,0,0,1528.66,611.738,97.9278,2,93.6219,80.6108,78.6108,72.6548,0,0,0,47.3721,28.1545,3,13.0111
4666.1,102348,97.8036,0.199567,68.6919,71.5965,5.49713,15416.8,0,0,1486.31,621.225,96.6913,2,92.3657,79.4914,77.4914,71.5965,0,0,0,47.3753,28.1542,3,12.8743
4666.2,102350,97.8057,0.196437,68.6972,69.8619,5.37411,15417.3,0,0,1431.78,632.264,94.7988,2,90.4571,77.6566,75.6566,69.8619,0,0,0,47.3784,28.1539,3,12.8005
4666.3,102353,97.8038,0.193338,68.7025,68.321,5.28636,15417.9,0,0,1400,637.274,93.4293,2,89.0906,76.0269,74.0269,68.321,0,0,0,47.3816,28.1537,3,13.0637
4666.4,102356,97.8001,0.190274,68.7077,67.6166,5.28636,15418.4,0,0,1400,637.274,93.4293,2,89.0906,75.2818,73.2818,67.6166,0,0,0,47.3849,28.1534,3,13.8087
4666.5,102358,97.7957,0.187242,68.7129,67.0873,5.23297,15418.9,0,0,1388.09,636.304,92.4932,2,88.1816,74.722,72.722,67.0873,0,0,0,47.3882,28.1531,3,13.4596
4666.6,102361,97.7903,0.184245,68.7179,66.6863,5.17393,15419.4,0,0,1374.86,635.228,91.4569,2,87.1753,74.2979,72.2979,66.6863,0,0,0,47.3913,28.1529,3,12.8774
4666.7,102364,97.7846,0.181282,68.7229,67.5212,5.28636,15420,0,0,1400,637.274,93.4293,2,89.0906,75.181,73.181,67.5212,0,0,0,47.3947,28.1526,3,13.9096
4666.8,102367,97.7826,0.178354,68.7278,69.1685,5.32672,15420.5,0,0,1418.45,633.269,94.0656,2,89.7352,76.9234,74.9234,69.1685,0,0,0,47.3978,28.1524,3,12.8118
4666.9,102369,97.7834,0.17546,68.7326,70.6556,5.42728,15421,0,0,1452.63,628.574,95.6179,2,91.2776,78.4962,76.4962,70.6556,0,0,0,47.4009,28.1521,3,12.7814
4667,102372,97.7874,0.172602,68.7373,71.3574,5.47474,15421.6,0,0,1479.37,621.979,96.3564,2,92.0347,79.2386,77.2386,71.3574,0,0,0,47.404,28.1518,3,12.7961
4667.1,102375,97.7911,0.169779,68.7419,71.464,5.48275,15422.1,0,0,1481.85,621.709,96.4764,2,92.1533,79.3513,77.3513,71.464,0,0,0,47.4071,28.1516,3,12.8019
4667.2,102378,97.7956,0.166992,68.7465,71.1413,5.45863,15422.7,0,0,1471.8,623.578,96.1101,2,91.7856,79.0099,77.0099,71.1413,0,0,0,47.4103,28.1513,3,12.7757
4667.3,102380,97.7983,0.16424,68.751,69.6943,5.35819,15423.2,0,0,1428.16,632.264,94.5589,2,90.2228,77.4794,75.4794,69.6943,0,0,0,47.4134,28.151,3,12.7434
4667.4,102383,97.7974,0.161525,68.7554,67.7735,5.28636,15423.7,0,0,1400,637.274,93.4293,2,89.0906,75.4478,73.4478,67.7735,0,0,0,47.4167,28.1508,3,13.6428
4667.5,102386,97.7928,0.158848,68.7598,66.3343,5.14887,15424.2,0,0,1369.23,634.769,91.0167,2,86.7479,73.9255,71.9255,66.3343,0,0,0,47.4198,28.1505,3,12.8224
4667.6,102388,97.7865,0.156207,68.7641,65.263,5.10856,15424.8,0,0,1360.55,633.827,90.3054,2,86.0583,72.7924,70.7924,65.263,0,0,0,47.423,28.1502,3,13.2659
4667.7,102391,97.7781,0.153604,68.7683,64.1297,5.02494,15425.3,0,0,1341.68,632.264,88.8337,2,84.6292,71.5938,69.5938,64.1297,0,0,0,47.4262,28.15,3,13.0355
4667.8,102394,97.7677,0.151038,68.7724,62.9352,5.01266,15425.8,0,0,1338.46,632.264,88.6203,2,84.4207,70.3352,68.3352,62.9352,0,0,0,47.4296,28.1497,3,14.0855
4667.9,102397,97.7548,0.148512,68.7765,61.9236,4.88896,15426.3,0,0,1310.22,629.965,86.4351,2,82.2985,69.2697,67.2697,61.9236,0,0,0,47.4328,28.1495,3,13.0288
4668,102399,97.7407,0.146023,68.7805,60.5649,4.84035,15426.7,0,0,1299.49,628.869,85.5781,2,81.4673,67.8384,65.8384,60.5649,0,0,0,47.4361,28.1492,3,13.6289
4668.1,102402,97.7229,0.143574,68.7844,58.9918,4.77032,15427.2,0,0,1284.03,627.206,84.3362,2,80.2631,66.1814,64.1814,58.9918,0,0,0,47.4395,28.1489,2,14.0818
4668.2,102405,97.703,0.141164,68.7883,57.9983,4.64013,15427.7,0,0,1253.85,624.749,82.0311,2,78.0242,65.1348,63.1348,57.9983,0,0,0,47.4426,28.1487,2,12.8894
4668.3,102407,97.6817,0.138793,68.7921,57.4689,4.64013,15428.1,0,0,1253.85,624.749,82.0311,2,78.0242,64.5773,62.5773,57.4689,0,0,0,47.4459,28.1484,2,13.4469
4668.4,102410,97.66,0.136463,68.7958,57.5423,4.64013,15428.6,0,0,1253.85,624.749,82.0311,2,78.0242,64.6547,62.6547,57.5423,0,0,0,47.4492,28.1482,2,13.3695
4668.5,102413,97.6392,0.134172,68.7995,58.1995,4.65658,15429.1,0,0,1257.67,625.061,82.3226,2,78.3073,65.3472,63.3472,58.1995,0,0,0,47.4523,28.1479,2,12.9601
4668.6,102416,97.6205,0.131922,68.8031,58.8744,4.75031,15429.5,0,0,1279.41,626.83,83.9823,2,79.9194,66.0583,64.0583,58.8744,0,0,0,47.4557,28.1476,2,13.8611
4668.7,102418,97.6025,0.129712,68.8066,58.2947,4.66846,15430,0,0,1260.44,625.286,82.533,2,78.5117,65.4477,63.4477,58.2947,0,0,0,47.4589,28.1474,2,13.064
4668.8,102421,97.5818,0.127543,68.8101,57.1888,4.64013,15430.5,0,0,1253.85,624.749,82.0311,2,78.0242,64.2829,62.2829,57.1888,0,0,0,47.4622,28.1471,2,13.7413
4668.9,102424,97.5598,0.125416,68.8136,56.4839,4.54724,15430.9,0,0,1232.15,622.983,80.3836,2,76.4239,63.5406,61.5406,56.4839,0,0,0,47.4653,28.1468,2,12.8833
4669,102426,97.5366,0.123329,68.8169,56.2339,4.51201,15431.4,0,0,1223.88,622.31,79.7582,2,75.8163,63.2774,61.2774,56.2339,0,0,0,47.4684,28.1466,2,12.539
4669.1,102429,97.514,0.121284,68.8202,56.3319,4.52492,15431.8,0,0,1226.91,622.556,79.9873,2,76.0389,63.3809,61.3809,56.3319,0,0,0,47.4715,28.1463,2,12.6581
4669.2,102432,97.4915,0.119281,68.8235,56.7632,4.58399,15432.3,0,0,1240.75,623.683,81.0357,2,77.0574,63.8353,61.8353,56.7632,0,0,0,47.4747,28.146,2,13.222
4669.3,102434,97.4708,0.117319,68.8267,57.5401,4.64013,15432.8,0,0,1253.85,624.749,82.0311,2,78.0242,64.6539,62.6539,57.5401,0,0,0,47.4779,28.1458,2,13.3703
4669.4,102437,97.4515,0.1154,68.8298,57.6378,4.64013,15433.2,0,0,1253.85,624.749,82.0311,2,78.0242,64.7569,62.7569,57.6378,0,0,0,47.4811,28.1455,2,13.2673
4669.5,102440,97.4315,0.113523,68.8329,57.3226,4.64013,15433.7,0,0,1253.85,624.749,82.0311,2,78.0242,64.4251,62.4251,57.3226,0,0,0,47.4845,28.1453,2,13.5991
4669.6,102443,97.4112,0.111688,68.836,57.5561,4.64013,15434.2,0,0,1253.85,624.749,82.0311,2,78.0242,64.6711,62.6711,57.5561,0,0,0,47.4877,28.145,2,13.3531
4669.7,102445,97.3924,0.109897,68.839,58.4714,4.68628,15434.6,0,0,1264.58,625.623,82.8487,2,78.8184,65.6354,63.6354,58.4714,0,0,0,47.4909,28.1447,2,13.183
4669.8,102448,97.3759,0.108148,68.8419,59.9249,4.77286,15435.1,0,0,1284.62,627.254,84.3811,2,80.3068,67.1665,65.1665,59.9249,0,0,0,47.4941,28.1445,2,13.1403
4669.9,102451,97.3629,0.106441,68.8448,61.669,4.87793,15435.6,0,0,1307.69,629.759,86.24,2,82.109,69.0037,67.0037,61.669,0,0,0,47.4973,28.1442,3,13.1053
4670,102453,97.3534,0.104778,68.8477,62.2619,4.92204,15436.1,0,0,1317.8,630.582,87.02,2,82.8666,69.6282,67.6282,62.2619,0,0,0,47.5005,28.144,3,13.2383
4670.1,102456,97.3428,0.103159,68.8505,61.1237,4.87793,15436.6,0,0,1307.69,629.759,86.24,2,82.109,68.4294,66.4294,61.1237,0,0,0,47.5038,28.1437,3,13.6796
4670.2,102459,97.3291,0.101582,68.8533,59.7456,4.77286,15437,0,0,1284.62,627.254,84.3811,2,80.3068,66.978,64.978,59.7456,0,0,0,47.5071,28.1434,2,13.3288
4670.3,102462,97.3134,0.10005,68.856,58.2474,4.65083,15437.5,0,0,1256.34,624.952,82.2207,2,78.2083,65.4,63.4,58.2474,0,0,0,47.5102,28.1432,2,12.8083
4670.4,102464,97.2941,0.0985608,68.8587,57.0336,4.61327,15438,0,0,1247.59,624.239,81.5549,2,77.5616,64.1217,62.1217,57.0336,0,0,0,47.5134,28.1429,2,13.4399
4670.5,102467,97.2739,0.097116,68.8613,57.3567,4.64013,15438.4,0,0,1253.85,624.749,82.0311,2,78.0242,64.4622,62.4622,57.3567,0,0,0,47.5167,28.1427,2,13.562
4670.6,102470,97.256,0.0957154,68.8639,58.7076,4.71303,15438.9,0,0,1270.78,626.128,83.3223,2,79.2784,65.8852,63.8852,58.7076,0,0,0,47.52,28.1424,2,13.3932
4670.7,102472,97.2413,0.0943592,68.8665,59.5701,4.77286,15439.4,0,0,1284.62,627.254,84.3811,2,80.3068,66.7937,64.7937,59.5701,0,0,0,47.5233,28.1421,2,13.5131
4670.8,102475,97.2269,0.0930473,68.869,59.3688,4.77286,15439.9,0,0,1284.62,627.254,84.3811,2,80.3068,66.5818,64.5818,59.3688,0,0,0,47.5266,28.1419,2,13.725
4670.9,102478,97.2116,0.0917799,68.8715,57.8752,4.64013,15440.3,0,0,1253.85,624.749,82.0311,2,78.0242,65.0088,63.0088,57.8752,0,0,0,47.5298,28.1416,2,13.0154
4671,102480,97.1917,0.0905573,68.874,55.4043,4.50858,15440.8,0,0,1223.08,622.244,79.6972,2,75.7571,62.4065,60.4065,55.4043,0,0,0,47.533,28.1414,2,13.3507
4671.1,102483,97.1669,0.0893796,68.8764,53.7529,4.42867,15441.2,0,0,1204.64,620.495,78.2752,2,74.377,60.6673,58.6673,53.7529,0,0,0,47.5364,28.1411,2,13.7097
4671.2,102486,97.1408,0.0882469,68.8788,53.5054,4.40915,15441.7,0,0,1200.54,619.828,77.9252,2,74.0387,60.4068,58.4068,53.5054,0,0,0,47.5397,28.1408,2,13.6319
4671.3,102489,97.1153,0.0871594,68.8812,54.1708,4.46051,15442.1,0,0,1211.25,621.572,78.8415,2,74.9243,61.1079,59.1079,54.1708,0,0,0,47.543,28.1406,2,13.8164
4671.4,102491,97.092,0.0861171,68.8835,56.0143,4.50858,15442.6,0,0,1223.08,622.244,79.6972,2,75.7571,63.0497,61.0497,56.0143,0,0,0,47.5461,28.1403,2,12.7074
4671.5,102494,97.0739,0.0851201,68.8858,58.5302,4.65311,15443,0,0,1256.87,624.995,82.2611,2,78.2476,65.6996,63.6996,58.5302,0,0,0,47.5492,28.14,2,12.548
4671.6,102497,97.0606,0.0841684,68.8881,60.1807,4.77812,15443.5,0,0,1285.78,627.38,84.4744,2,80.3973,67.4381,65.4381,60.1807,0,0,0,47.5523,28.1398,2,12.9592
4671.7,102499,97.0491,0.0832621,68.8904,61.2285,4.87793,15444,0,0,1307.69,629.759,86.24,2,82.109,68.5417,66.5417,61.2285,0,0,0,47.5556,28.1395,3,13.5673
4671.8,102502,97.04,0.0824013,68.8926,62.0816,4.88373,15444.5,0,0,1309.02,629.867,86.3425,2,82.2085,69.4402,67.4402,62.0816,0,0,0,47.5587,28.1393,3,12.7684
4671.9,102505,97.0319,0.081586,68.8948,62.1914,4.89858,15445,0,0,1312.43,630.145,86.6051,2,82.4637,69.5559,67.5559,62.1914,0,0,0,47.5619,28.139,3,12.9077
4672,102507,97.0233,0.0808163,68.897,62.5961,4.95527,15445.5,0,0,1325.39,631.2,87.6071,2,83.4368,69.9822,67.9822,62.5961,0,0,0,47.5651,28.1387,3,13.4546
4672.1,102510,97.0169,0.0800924,68.8992,63.2021,5.01266,15446,0,0,1338.46,632.264,88.6203,2,84.4207,70.6204,68.6204,63.2021,0,0,0,47.5685,28.1385,3,13.8003
4672.2,102513,97.0108,0.0794142,68.9013,63.3334,5.01266,15446.5,0,0,1338.46,632.264,88.6203,2,84.4207,70.7588,68.7588,63.3334,0,0,0,47.5718,28.1382,3,13.6619
4672.3,102515,97.005,0.0787819,68.9034,63.8455,5.01266,15447,0,0,1338.46,632.264,88.6203,2,84.4207,71.2992,69.2992,63.8455,0,0,0,47.575,28.138,3,13.1215
4672.4,102518,97.0009,0.0781955,68.9056,64.6136,5.03272,15447.5,0,0,1343.72,632.264,88.9688,2,84.7613,72.1115,70.1115,64.6136,0,0,0,47.5781,28.1377,3,12.6497
4672.5,102521,96.9982,0.0776551,68.9077,65.1374,5.06684,15448,0,0,1351.54,632.849,89.5688,2,85.3443,72.6654,70.6654,65.1374,0,0,0,47.5812,28.1374,3,12.6789
4672.6,102524,96.9962,0.0771607,68.9097,66.1935,5.14887,15448.5,0,0,1369.23,634.769,91.0167,2,86.7479,73.7821,71.7821,66.1935,0,0,0,47.5843,28.1372,3,12.9658
4672.7,102526,96.9976,0.0767124,68.9118,67.8978,5.28636,15449,0,0,1400,637.274,93.4293,2,89.0906,75.5843,73.5843,67.8978,0,0,0,47.5876,28.1369,3,13.5063
4672.8,102529,97.0023,0.0763102,68.9139,69.5704,5.33216,15449.5,0,0,1420.96,632.723,94.151,2,89.8218,77.3529,75.3529,69.5704,0,0,0,47.5906,28.1366,3,12.4689
4672.9,102532,97.0102,0.0759542,68.9159,71.6489,5.4745,15450.1,0,0,1479.29,621.987,96.3527,2,92.0311,79.5506,77.5506,71.6489,0,0,0,47.5937,28.1364,3,12.4804
4673,102534,97.0229,0.0756445,68.918,73.8505,5.63996,15450.7,0,0,1563.1,603.704,98.8189,2,94.5311,81.8785,79.8785,73.8505,0,0,0,47.5967,28.1361,3,12.6525
4673.1,102537,97.0394,0.075381,68.92,75.0744,5.73946,15451.2,0,0,1604.66,596.785,100.283,2,95.9917,83.1766,81.1766,75.0744,0,0,0,47.5999,28.1358,3,12.8151
4673.2,102540,97.0568,0.0751638,68.922,74.9332,5.72971,15451.8,0,0,1598.68,597.953,100.105,2,95.8127,83.0265,81.0265,74.9332,0,0,0,47.603,28.1356,3,12.7862
4673.3,102542,97.0726,0.074993,68.9241,74.1558,5.66413,15452.4,0,0,1570.8,602.869,99.1681,2,94.8756,82.2012,80.2012,74.1558,0,0,0,47.606,28.1353,3,12.6744
4673.4,102545,97.0868,0.0748687,68.9261,73.8077,5.63706,15452.9,0,0,1562.18,603.804,98.777,2,94.4897,81.8331,79.8331,73.8077,0,0,0,47.6091,28.135,3,12.6566
4673.5,102548,97.1012,0.0747908,68.9281,74.1672,5.66425,15453.5,0,0,1570.84,602.865,99.1698,2,94.8773,82.2131,80.2131,74.1672,0,0,0,47.6122,28.1348,3,12.6642
4673.6,102551,97.1168,0.0747595,68.9301,74.8782,5.72325,15454.1,0,0,1595.63,598.549,100.014,2,95.7208,82.9677,80.9677,74.8782,0,0,0,47.6153,28.1345,3,12.753
4673.7,102553,97.1338,0.0747747,68.9321,75.9855,5.79434,15454.7,0,0,1625.5,594.689,101.229,2,96.9233,84.1434,82.1434,75.9855,0,0,0,47.6184,28.1342,3,12.7799
4673.8,102556,97.1535,0.0748365,68.9342,77.3034,5.90442,15455.2,0,0,1654.66,594.689,103.045,2,98.6926,85.5428,83.5428,77.3034,0,0,0,47.6216,28.134,3,13.1498
4673.9,102559,97.1755,0.0749449,68.9362,77.8788,5.93974,15455.8,0,0,1663.98,594.689,103.626,2,99.2583,86.1537,84.1537,77.8788,0,0,0,47.6248,28.1337,3,13.1046
4674,102561,97.1974,0.0750999,68.9382,78.1278,5.95487,15456.4,0,0,1667.97,594.689,103.874,2,99.5002,86.418,84.418,78.1278,0,0,0,47.628,28.1335,3,13.0823
4674.1,102564,97.2201,0.0753015,68.9402,78.8642,6.00029,15457,0,0,1679.93,594.689,104.619,2,100.226,87.1999,85.1999,78.8642,0,0,0,47.6311,28.1332,3,13.0257
4674.2,102567,97.2447,0.0755499,68.9423,79.5703,6.04392,15457.6,0,0,1691.39,594.689,105.332,2,100.921,87.9496,85.9496,79.5703,0,0,0,47.6343,28.1329,3,12.9713
4674.3,102569,97.27,0.0758449,68.9443,79.8904,6.06356,15458.2,0,0,1696.54,594.689,105.653,2,101.233,88.2894,86.2894,79.8904,0,0,0,47.6374,28.1327,3,12.9439
4674.4,102572,97.2956,0.0761867,68.9464,80.1933,6.08214,15458.9,0,0,1701.41,594.689,105.956,2,101.529,88.611,86.611,80.1933,0,0,0,47.6406,28.1324,3,12.9178
4674.5,102575,97.3219,0.0765751,68.9484,79.2364,6.02218,15459.5,0,0,1685.68,594.689,104.977,2,100.575,87.5946,85.5946,79.2364,0,0,0,47.6437,28.1321,3,12.9801
4674.6,102578,97.3435,0.0770103,68.9505,77.293,5.90121,15460,0,0,1653.81,594.689,102.992,2,98.6412,85.5305,83.5305,77.293,0,0,0,47.6469,28.1319,3,13.1106
4674.7,102580,97.3621,0.0774921,68.9526,76.0963,5.79802,15460.6,0,0,1626.48,594.689,101.29,2,96.9827,84.2595,82.2595,76.0963,0,0,0,47.65,28.1316,3,12.7232
4674.8,102583,97.3789,0.0780205,68.9547,75.2892,5.74732,15461.2,0,0,1609.94,595.754,100.439,2,96.1485,83.4023,81.4023,75.2892,0,0,0,47.6531,28.1313,3,12.7462
4674.9,102586,97.3942,0.0785956,68.9568,74.1273,5.6558,15461.8,0,0,1568.15,603.157,99.0479,2,94.757,82.1697,80.1697,74.1273,0,0,0,47.6562,28.1311,3,12.5873
4675,102588,97.4064,0.0792172,68.959,72.9714,5.5694,15462.3,0,0,1521.06,613.86,97.7789,2,93.4657,80.9472,78.9472,72.9714,0,0,0,47.6592,28.1308,3,12.5185
4675.1,102591,97.4171,0.0798853,68.9611,71.8079,5.47837,15462.9,0,0,1480.49,621.856,96.4108,2,92.0885,79.7167,77.7167,71.8079,0,0,0,47.6622,28.1305,3,12.3717
4675.2,102594,97.4246,0.0805997,68.9633,69.9528,5.34848,15463.4,0,0,1425.94,632.264,94.4125,2,90.0798,77.7547,75.7547,69.9528,0,0,0,47.6652,28.1303,3,12.3251
4675.3,102596,97.428,0.0813605,68.9655,67.7078,5.25951,15463.9,0,0,1394.01,636.787,92.9586,2,88.6335,75.3805,73.3805,67.7078,0,0,0,47.6684,28.13,3,13.2531
4675.4,102599,97.4268,0.0821675,68.9677,65.7933,5.12462,15464.4,0,0,1364.01,634.203,90.5889,2,86.3331,73.3557,71.3557,65.7933,0,0,0,47.6716,28.1298,3,12.9774
4675.5,102602,97.4227,0.0830206,68.9699,65.0736,5.04272,15464.9,0,0,1346.31,632.282,89.1427,2,84.9312,72.5946,70.5946,65.0736,0,0,0,47.6746,28.1295,3,12.3365
4675.6,102605,97.4187,0.0839197,68.9722,65.2813,5.06562,15465.5,0,0,1351.27,632.82,89.5472,2,85.3233,72.8143,70.8143,65.2813,0,0,0,47.6776,28.1292,3,12.5089
4675.7,102607,97.4154,0.0848646,68.9745,65.8002,5.12378,15466,0,0,1363.83,634.183,90.5741,2,86.3188,73.3632,71.3632,65.8002,0,0,0,47.6808,28.129,3,12.9556
4675.8,102610,97.4133,0.0858553,68.9768,66.3558,5.14887,15466.5,0,0,1369.23,634.769,91.0167,2,86.7479,73.9507,71.9507,66.3558,0,0,0,47.6839,28.1287,3,12.7972
4675.9,102613,97.4121,0.0868917,68.9791,66.832,5.14887,15467,0,0,1369.23,634.769,91.0167,2,86.7479,74.4544,72.4544,66.832,0,0,0,47.6869,28.1284,3,12.2935
4676,102615,97.4118,0.0879737,68.9815,66.9111,5.14887,15467.5,0,0,1369.23,634.769,91.0167,2,86.7479,74.5381,72.5381,66.9111,0,0,0,47.6898,28.1281,3,12.2098
4676.1,102618,97.4109,0.0891011,68.9839,67.3388,5.20015,15468,0,0,1380.74,635.706,91.9173,2,87.6224,74.9904,72.9904,67.3388,0,0,0,47.6929,28.1279,3,12.632
4676.2,102621,97.4122,0.0902738,68.9863,68.8904,5.28692,15468.6,0,0,1400.25,637.219,93.4382,2,89.0996,76.6313,74.6313,68.8904,0,0,0,47.696,28.1276,3,12.4683
4676.3,102624,97.4171,0.0914918,68.9888,71.0802,5.42442,15469.1,0,0,1450.9,629.023,95.5726,2,91.231,78.9471,76.9471,71.0802,0,0,0,47.6989,28.1273,3,12.2838
4676.4,102626,97.4268,0.0927549,68.9913,73.9768,5.58621,15469.7,0,0,1534.07,610.228,98.0318,2,93.731,82.0104,80.0104,73.9768,0,0,0,47.7018,28.1271,3,11.7206
4676.5,102629,97.4428,0.0940632,68.9938,77.3445,5.75145,15470.2,0,0,1612.73,595.209,100.521,2,96.231,85.5846,83.5846,77.3445,0,0,0,47.7044,28.1268,3,10.6463
4676.6,102632,97.4653,0.0954165,68.9963,80.2978,5.90682,15470.8,0,0,1655.29,594.689,103.085,2,98.7311,88.7211,86.7211,80.2978,0,0,0,47.7068,28.1265,3,10.01
4676.7,102634,97.4926,0.0968148,68.9989,82.569,6.06343,15471.4,0,0,1696.5,594.689,105.651,2,101.231,91.1332,89.1332,82.569,0,0,0,47.7093,28.1262,3,10.098
4676.8,102637,97.5236,0.0982581,69.0016,84.6353,6.22127,15472.1,0,0,1737.72,594.689,108.218,2,103.731,93.3277,91.3277,84.6353,0,0,0,47.7118,28.1259,3,10.4034
4676.9,102640,97.5585,0.0997464,69.0043,86.0585,6.38044,15472.7,0,0,1778.95,594.689,110.785,2,106.231,94.843,92.843,86.0585,0,0,0,47.7146,28.1257,3,11.3878
4677,102643,97.5947,0.101279,69.007,86.7492,6.54421,15473.3,0,0,1820.2,594.689,113.354,2,108.731,95.5798,93.5798,86.7492,0,0,0,47.7178,28.1254,3,13.1513
4677.1,102645,97.6319,0.102857,69.0098,87.0807,6.57374,15474,0,0,1829.67,593.974,113.807,2,109.174,95.9333,93.9333,87.0807,0,0,0,47.721,28.1251,3,13.241
4677.2,102648,97.669,0.104479,69.0126,87.1098,6.57532,15474.7,0,0,1830.25,593.91,113.831,2,109.198,95.9641,93.9641,87.1098,0,0,0,47.7242,28.1249,3,13.2341
4677.3,102651,97.7059,0.106146,69.0154,87.1396,6.57695,15475.3,0,0,1830.86,593.844,113.856,2,109.223,95.9958,93.9958,87.1396,0,0,0,47.7274,28.1246,3,13.2272
4677.4,102653,97.7427,0.107857,69.0183,87.1703,6.57863,15476,0,0,1831.49,593.776,113.882,2,109.249,96.0284,94.0284,87.1703,0,0,0,47.7306,28.1244,3,13.2202
4677.5,102656,97.7794,0.109613,69.0213,87.2017,6.58037,15476.6,0,0,1832.14,593.705,113.909,2,109.275,96.0618,94.0618,87.2017,0,0,0,47.7338,28.1241,3,13.2131
4677.6,102659,97.8159,0.111412,69.0243,86.9441,6.56301,15477.3,0,0,1825.66,594.408,113.641,2,109.011,95.7867,93.7867,86.9441,0,0,0,47.7371,28.1238,3,13.2244
4677.7,102662,97.8512,0.113255,69.0273,86.6859,6.54534,15477.9,0,0,1820.47,594.689,113.371,2,108.748,95.511,93.511,86.6859,0,0,0,47.7403,28.1236,3,13.2368
4677.8,102664,97.8863,0.115142,69.0304,86.4781,6.53093,15478.6,0,0,1816.98,594.689,113.153,2,108.536,95.2891,93.2891,86.4781,0,0,0,47.7435,28.1233,3,13.2466
4677.9,102667,97.9204,0.117072,69.0336,85.7103,6.47221,15479.2,0,0,1802.57,594.689,112.256,2,107.663,94.4696,92.4696,85.7103,0,0,0,47.7467,28.1231,3,13.1929
4678,102670,97.9522,0.119045,69.0368,84.7588,6.38811,15479.9,0,0,1780.93,594.689,110.909,2,106.351,93.4582,91.4582,84.7588,0,0,0,47.7498,28.1228,3,12.8927
4678.1,102672,97.9823,0.121062,69.0401,84.1197,6.34731,15480.5,0,0,1770.4,594.689,110.253,2,105.712,92.7792,90.7792,84.1197,0,0,0,47.753,28.1225,3,12.9331
4678.2,102675,98.0113,0.123121,69.0434,83.6057,6.31449,15481.2,0,0,1761.91,594.689,109.724,2,105.198,92.2331,90.2331,83.6057,0,0,0,47.7561,28.1223,3,12.9646
4678.3,102678,98.039,0.125223,69.0468,83.4245,6.30273,15481.8,0,0,1758.86,594.689,109.534,2,105.013,92.0406,90.0406,83.4245,0,0,0,47.7593,28.122,3,12.9725
4678.4,102681,98.0669,0.127367,69.0502,83.735,6.32203,15482.4,0,0,1763.86,594.689,109.846,2,105.316,92.3704,90.3704,83.735,0,0,0,47.7624,28.1217,3,12.9456
4678.5,102683,98.0955,0.129554,69.0537,83.9686,6.33649,15483.1,0,0,1767.6,594.689,110.079,2,105.543,92.6185,90.6185,83.9686,0,0,0,47.7656,28.1215,3,12.9242
4678.6,102686,98.124,0.131782,69.0573,84.2256,6.35244,15483.7,0,0,1771.72,594.689,110.335,2,105.793,92.8915,90.8915,84.2256,0,0,0,47.7687,28.1212,3,12.9012
4678.7,102689,98.1532,0.134052,69.0609,84.5109,6.37019,15484.3,0,0,1776.31,594.689,110.621,2,106.071,93.1946,91.1946,84.5109,0,0,0,47.7718,28.121,3,12.8761
4678.8,102691,98.1824,0.136364,69.0646,84.6157,6.37652,15485,0,0,1777.94,594.689,110.723,2,106.17,93.3059,91.3059,84.6157,0,0,0,47.775,28.1207,3,12.8638
4678.9,102694,98.2116,0.138717,69.0684,85.0326,6.40278,15485.6,0,0,1784.71,594.689,111.144,2,106.58,93.7487,91.7487,85.0326,0,0,0,47.7781,28.1204,3,12.8314
4679,102697,98.2421,0.141111,69.0722,85.7027,6.46622,15486.2,0,0,1801.03,594.689,112.161,2,107.569,94.4606,92.4606,85.7027,0,0,0,47.7813,28.1202,3,13.1088
4679.1,102700,98.2735,0.143545,69.0761,86.3426,6.51733,15486.9,0,0,1813.67,594.689,112.948,2,108.335,95.1427,93.1427,86.3426,0,0,0,47.7845,28.1199,3,13.1928
4679.2,102702,98.306,0.146021,69.08,86.9697,6.55935,15487.6,0,0,1824.3,594.556,113.584,2,108.955,95.8118,93.8118,86.9697,0,0,0,47.7877,28.1196,3,13.1436
4679.3,102705,98.3394,0.148536,69.084,87.4111,6.58818,15488.2,0,0,1835.05,593.389,114.029,2,109.393,96.2828,94.2828,87.4111,0,0,0,47.7909,28.1194,3,13.1105
4679.4,102708,98.3732,0.151092,69.0881,87.6124,6.60112,15488.9,0,0,1839.89,592.864,114.229,2,109.589,96.4975,94.4975,87.6124,0,0,0,47.794,28.1191,3,13.0918
4679.5,102711,98.407,0.153688,69.0923,87.8247,6.61477,15489.5,0,0,1845,592.31,114.439,2,109.796,96.7239,94.7239,87.8247,0,0,0,47.7972,28.1189,3,13.0718
4679.6,102713,98.4411,0.156324,69.0965,88.0246,6.6279,15490.2,0,0,1848.58,592.184,114.637,2,109.989,96.9372,94.9372,88.0246,0,0,0,47.8004,28.1186,3,13.0519
4679.7,102716,98.4752,0.158998,69.1008,88.0878,6.63185,15490.9,0,0,1849.54,592.184,114.696,2,110.047,97.0045,95.0045,88.0878,0,0,0,47.8036,28.1183,3,13.0422
4679.8,102719,98.5092,0.161712,69.1052,88.1367,6.63483,15491.5,0,0,1850.26,592.184,114.741,2,110.09,97.0566,95.0566,88.1367,0,0,0,47.8067,28.1181,3,13.0336
4679.9,102722,98.543,0.164465,69.1097,88.1864,6.63786,15492.2,0,0,1850.99,592.184,114.786,2,110.134,97.1095,95.1095,88.1864,0,0,0,47.8099,28.1178,3,13.0249
4680,102724,98.5768,0.167256,69.1142,88.2368,6.64094,15492.9,0,0,1851.74,592.184,114.832,2,110.179,97.1631,95.1631,88.2368,0,0,0,47.8131,28.1176,3,13.0162
4680.1,102727,98.6104,0.170085,69.1188,88.2878,6.64406,15493.5,0,0,1852.49,592.184,114.879,2,110.225,97.2175,95.2175,88.2878,0,0,0,47.8162,28.1173,3,13.0074
4680.2,102730,98.6439,0.172952,69.1235,88.1928,6.63726,15494.2,0,0,1850.85,592.184,114.777,2,110.126,97.1158,95.1158,88.1928,0,0,0,47.8194,28.117,3,13.0098
4680.3,102732,98.6767,0.175857,69.1283,87.6525,6.60074,15494.8,0,0,1839.75,592.879,114.223,2,109.584,96.5389,94.5389,87.6525,0,0,0,47.8226,28.1168,3,13.0448
4680.4,102735,98.7076,0.178799,69.1332,86.325,6.51165,15495.5,0,0,1812.29,594.689,112.862,2,108.252,95.1215,93.1215,86.325,0,0,0,47.8257,28.1165,3,13.1302
4680.5,102738,98.7349,0.181778,69.1381,84.2889,6.35042,15496.1,0,0,1771.2,594.689,110.303,2,105.761,92.9576,90.9576,84.2889,0,0,0,47.8289,28.1163,3,12.8034
4680.6,102741,98.7577,0.184793,69.1432,81.9644,6.19316,15496.7,0,0,1730.41,594.689,107.762,2,103.287,90.4875,88.4875,81.9644,0,0,0,47.832,28.116,3,12.8
4680.7,102743,98.7757,0.187844,69.1483,79.3382,6.00952,15497.3,0,0,1682.35,594.689,104.77,2,100.373,87.6967,85.6967,79.3382,0,0,0,47.8351,28.1157,3,12.6762
4680.8,102746,98.7881,0.190931,69.1535,77.2096,5.86506,15497.9,0,0,1644.25,594.689,102.397,2,98.0612,85.4347,83.4347,77.2096,0,0,0,47.8381,28.1155,3,12.6264
4680.9,102749,98.7977,0.194052,69.1588,76.3341,5.79378,15498.5,0,0,1625.36,594.689,101.22,2,96.9144,84.5043,82.5043,76.3341,0,0,0,47.8411,28.1152,3,12.4101
4681,102752,98.8065,0.197208,69.1641,76,5.77291,15499.1,0,0,1619.81,594.689,100.875,2,96.5779,84.1492,82.1492,76,0,0,0,47.8442,28.1149,3,12.4287
4681.1,102754,98.8145,0.200398,69.1696,75.2801,5.72586,15499.7,0,0,1596.86,598.308,100.051,2,95.758,83.3855,81.3855,75.2801,0,0,0,47.8472,28.1147,3,12.3726
4681.2,102757,98.8203,0.203622,69.1751,75.1725,5.71615,15500.2,0,0,1592.28,599.202,99.9132,2,95.6196,83.2715,81.2715,75.1725,0,0,0,47.8502,28.1144,3,12.3481
4681.3,102760,98.8277,0.206879,69.1808,75.6435,5.74932,15500.8,0,0,1611.29,595.489,100.479,2,96.1886,83.7703,81.7703,75.6435,0,0,0,47.8532,28.1141,3,12.4183
4681.4,102763,98.8349,0.210169,69.1865,75.6507,5.74947,15501.4,0,0,1611.39,595.47,100.482,2,96.1915,83.7779,81.7779,75.6507,0,0,0,47.8562,28.1139,3,12.4136
4681.5,102765,98.8421,0.213491,69.1923,75.5646,5.74396,15502,0,0,1607.67,596.196,100.373,2,96.0815,83.6864,81.6864,75.5646,0,0,0,47.8592,28.1136,3,12.3951
4681.6,102768,98.8488,0.216846,69.1982,75.9085,5.76553,15502.5,0,0,1617.85,594.689,100.753,2,96.4587,84.0517,82.0517,75.9085,0,0,0,47.8622,28.1133,3,12.407
4681.7,102771,98.8569,0.220232,69.2042,75.9325,5.76671,15503.1,0,0,1618.16,594.689,100.772,2,96.4778,84.0772,82.0772,75.9325,0,0,0,47.8653,28.1131,3,12.4006
4681.8,102774,98.8634,0.223649,69.2103,74.5124,5.65947,15503.7,0,0,1569.31,603.03,99.1009,2,94.8093,82.573,80.573,74.5124,0,0,0,47.8682,28.1128,3,12.2363
4681.9,102776,98.8659,0.227098,69.2165,72.7892,5.52939,15504.2,0,0,1496.32,620.138,97.1722,2,92.8409,80.7496,78.7496,72.7892,0,0,0,47.8712,28.1125,3,12.0913
4682,102779,98.8655,0.230576,69.2228,71.6946,5.44678,15504.8,0,0,1464.49,625.484,95.9247,2,91.5942,79.5914,77.5914,71.6946,0,0,0,47.8741,28.1123,3,12.0029
4682.1,102782,98.8636,0.234085,69.2292,71.0756,5.40462,15505.3,0,0,1439.09,632.1,95.2583,2,90.9068,78.9364,76.9364,71.0756,0,0,0,47.877,28.112,3,11.9704
4682.2,102785,98.8606,0.237623,69.2356,70.9761,5.39718,15505.9,0,0,1437.02,632.264,95.1457,2,90.7959,78.8311,76.8311,70.9761,0,0,0,47.8799,28.1117,3,11.9649
4682.3,102787,98.8581,0.241189,69.2422,71.823,5.45437,15506.4,0,0,1469.16,624.266,96.0435,2,91.7169,79.7273,77.7273,71.823,0,0,0,47.8828,28.1114,3,11.9896
4682.4,102790,98.8581,0.244784,69.2489,73.1899,5.55871,15507,0,0,1512.96,616.122,97.6163,2,93.2954,81.1736,79.1736,73.1899,0,0,0,47.8858,28.1112,3,12.1217
4682.5,102793,98.8606,0.248408,69.2557,74.314,5.64177,15507.5,0,0,1563.68,603.642,98.8451,2,94.5569,82.363,80.363,74.314,0,0,0,47.8887,28.1109,3,12.1939
4682.6,102796,98.8647,0.252059,69.2625,74.8645,5.68369,15508.1,0,0,1577.08,602.173,99.4498,2,95.1536,82.9456,80.9456,74.8645,0,0,0,47.8917,28.1106,3,12.208
4682.7,102798,98.8689,0.255737,69.2695,75.1244,5.70592,15508.7,0,0,1587.47,600.143,99.7676,2,95.4731,83.2205,81.2205,75.1244,0,0,0,47.8947,28.1104,3,12.2526
4682.8,102801,98.8737,0.259443,69.2766,75.7444,5.7512,15509.2,0,0,1612.56,595.241,100.516,2,96.226,83.8772,81.8772,75.7444,0,0,0,47.8977,28.1101,3,12.3488
4682.9,102804,98.8801,0.263174,69.2837,76.2985,5.78582,15509.8,0,0,1623.24,594.689,101.088,2,96.786,84.466,82.466,76.2985,0,0,0,47.9007,28.1098,3,12.3201
4683,102807,98.8867,0.266933,69.291,76.9442,5.83092,15510.4,0,0,1635.21,594.689,101.834,2,97.5123,85.1521,83.1521,76.9442,0,0,0,47.9037,28.1096,3,12.3601
4683.1,102809,98.8952,0.270716,69.2984,78.1865,5.93097,15511,0,0,1661.67,594.689,103.482,2,99.1178,86.4723,84.4723,78.1865,0,0,0,47.9068,28.1093,3,12.6456
4683.2,102812,98.9062,0.274525,69.3059,78.9076,5.97543,15511.6,0,0,1673.39,594.689,104.211,2,99.8288,87.2385,85.2385,78.9076,0,0,0,47.9098,28.109,3,12.5903
4683.3,102815,98.9172,0.27836,69.3135,78.3105,5.93806,15512.2,0,0,1663.54,594.689,103.598,2,99.2314,86.604,84.604,78.3105,0,0,0,47.9129,28.1088,3,12.6274
4683.4,102818,98.9256,0.282218,69.3212,77.5004,5.88068,15512.8,0,0,1648.39,594.689,102.654,2,98.3119,85.7431,83.7431,77.5004,0,0,0,47.9159,28.1085,3,12.5689
4683.5,102820,98.9331,0.286101,69.329,77.0305,5.83668,15513.4,0,0,1636.74,594.689,101.929,2,97.605,85.2437,83.2437,77.0305,0,0,0,47.9189,28.1083,3,12.3613
4683.6,102823,98.9394,0.290006,69.3369,76.6095,5.80292,15513.9,0,0,1627.78,594.689,101.371,2,97.0615,84.7962,82.7962,76.6095,0,0,0,47.9219,28.108,3,12.2654
4683.7,102826,98.945,0.293935,69.3449,76.8121,5.81559,15514.5,0,0,1631.14,594.689,101.581,2,97.2656,85.0115,83.0115,76.8121,0,0,0,47.9249,28.1077,3,12.2542
4683.8,102829,98.9518,0.297886,69.3531,78.3433,5.93862,15515.1,0,0,1663.69,594.689,103.607,2,99.2403,86.6386,84.6386,78.3433,0,0,0,47.928,28.1075,3,12.6016
4683.9,102831,98.9629,0.301859,69.3613,79.9783,6.03999,15515.7,0,0,1690.36,594.689,105.268,2,100.858,88.3761,86.3761,79.9783,0,0,0,47.931,28.1072,3,12.4822
4684,102834,98.9756,0.305854,69.3697,80.8658,6.09509,15516.3,0,0,1704.8,594.689,106.168,2,101.734,89.3193,87.3193,80.8658,0,0,0,47.934,28.1069,3,12.4151
4684.1,102837,98.9898,0.30987,69.3781,81.618,6.14502,15516.9,0,0,1717.85,594.689,106.98,2,102.526,90.1186,88.1186,81.618,0,0,0,47.937,28.1067,3,12.4074
4684.2,102840,99.0049,0.313907,69.3867,82.2381,6.20295,15517.6,0,0,1732.95,594.689,107.921,2,103.442,90.7776,88.7776,82.2381,0,0,0,47.9401,28.1064,3,12.6643
4684.3,102842,99.0211,0.317965,69.3954,82.5596,6.22991,15518.2,0,0,1739.97,594.689,108.358,2,103.867,91.1192,89.1192,82.5596,0,0,0,47.9432,28.1061,3,12.7482
4684.4,102845,99.0371,0.322042,69.4042,83.1062,6.26404,15518.8,0,0,1748.83,594.689,108.91,2,104.405,91.7,89.7,83.1062,0,0,0,47.9463,28.1059,3,12.7048
4684.5,102848,99.0549,0.326139,69.4131,84.5063,6.3522,15519.4,0,0,1771.66,594.689,110.331,2,105.789,93.188,91.188,84.5063,0,0,0,47.9494,28.1056,3,12.601
4684.6,102851,99.0758,0.330255,69.4222,85.9504,6.46419,15520.1,0,0,1800.51,594.689,112.128,2,107.538,94.7228,92.7228,85.9504,0,0,0,47.9525,28.1053,3,12.815
4684.7,102853,99.0987,0.334389,69.4313,86.9139,6.53767,15520.7,0,0,1818.61,594.689,113.255,2,108.635,95.7483,93.7483,86.9139,0,0,0,47.9556,28.1051,3,12.8867
4684.8,102856,99.1229,0.338542,69.4406,87.6026,6.58333,15521.4,0,0,1833.24,593.585,113.955,2,109.32,96.4836,94.4836,87.6026,0,0,0,47.9587,28.1048,3,12.8361
4684.9,102859,99.1479,0.342712,69.4499,88.1449,6.6188,15522.1,0,0,1846.38,592.184,114.5,2,109.856,97.0626,95.0626,88.1449,0,0,0,47.9618,28.1046,3,12.7935
4685,102862,99.1737,0.3469,69.4594,88.4259,6.63755,15522.7,0,0,1850.92,592.184,114.782,2,110.13,97.3625,95.3625,88.4259,0,0,0,47.9649,28.1043,3,12.7674
4685.1,102864,99.1994,0.351105,69.4691,88.5013,6.64234,15523.4,0,0,1852.08,592.184,114.854,2,110.2,97.443,95.443,88.5013,0,0,0,47.968,28.104,3,12.7569
4685.2,102867,99.2249,0.355326,69.4788,88.4579,6.63906,15524.1,0,0,1851.28,592.184,114.804,2,110.152,97.3966,95.3966,88.4579,0,0,0,47.9712,28.1038,3,12.7554
4685.3,102870,99.2499,0.359563,69.4887,88.2259,6.62297,15524.7,0,0,1847.39,592.184,114.563,2,109.917,97.1488,95.1488,88.2259,0,0,0,47.9743,28.1035,3,12.7682
4685.4,102873,99.2742,0.363816,69.4986,88.269,6.62556,15525.4,0,0,1848.02,592.184,114.602,2,109.955,97.1947,95.1947,88.269,0,0,0,47.9774,28.1032,3,12.7601
4685.5,102875,99.2988,0.368083,69.5087,88.4314,6.63627,15526,0,0,1850.61,592.184,114.762,2,110.111,97.3681,95.3681,88.4314,0,0,0,47.9805,28.103,3,12.743
4685.6,102878,99.3232,0.372364,69.5189,88.637,6.64991,15526.7,0,0,1853.91,592.184,114.967,2,110.31,97.5876,95.5876,88.637,0,0,0,47.9835,28.1027,3,12.7226
4685.7,102881,99.3482,0.376659,69.5293,89.2808,6.69305,15527.4,0,0,1865.85,591.716,115.616,2,110.943,98.2751,96.2751,89.2808,0,0,0,47.9866,28.1025,3,12.6684
4685.8,102884,99.3746,0.380967,69.5397,90.0687,6.74539,15528.1,0,0,1885.16,589.679,116.411,2,111.724,99.1164,97.1164,90.0687,0,0,0,47.9897,28.1022,3,12.6074
4685.9,102886,99.4021,0.385288,69.5503,90.35,6.77372,15528.7,0,0,1891.98,589.679,116.832,2,112.133,99.4167,97.4167,90.35,0,0,0,47.9928,28.1019,3,12.7166
4686,102889,99.429,0.389621,69.561,90.0042,6.7397,15529.4,0,0,1883.33,589.818,116.325,2,111.64,99.0474,97.0474,90.0042,0,0,0,47.9958,28.1017,3,12.5928
4686.1,102892,99.4547,0.393966,69.5718,89.5092,6.70682,15530.1,0,0,1871,591.157,115.826,2,111.15,98.5187,96.5187,89.5092,0,0,0,47.9989,28.1014,3,12.6309
4686.2,102895,99.4792,0.398322,69.5828,89.0399,6.67536,15530.7,0,0,1860.05,592.184,115.348,2,110.681,98.0174,96.0174,89.0399,0,0,0,48.002,28.1011,3,12.6635
4686.3,102897,99.5026,0.402689,69.5938,88.5952,6.64476,15531.4,0,0,1852.66,592.184,114.89,2,110.235,97.5425,95.5425,88.5952,0,0,0,48.0051,28.1009,3,12.6926
4686.4,102900,99.525,0.407065,69.605,88.174,6.61587,15532.1,0,0,1845.41,592.265,114.456,2,109.812,97.0926,95.0926,88.174,0,0,0,48.0082,28.1006,3,12.7197
4686.5,102903,99.5464,0.411451,69.6163,87.7753,6.58924,15532.7,0,0,1835.45,593.346,114.046,2,109.409,96.6667,94.6667,87.7753,0,0,0,48.0113,28.1004,3,12.7428
4686.6,102906,99.5668,0.415846,69.6278,87.3981,6.56399,15533.4,0,0,1826.03,594.369,113.656,2,109.026,96.2637,94.2637,87.3981,0,0,0,48.0144,28.1001,3,12.7623
4686.7,102909,99.5863,0.420249,69.6393,87.0413,6.53967,15534,0,0,1819.1,594.689,113.286,2,108.664,95.8826,93.8826,87.0413,0,0,0,48.0175,28.0998,3,12.7817
4686.8,102911,99.6049,0.424659,69.651,86.7042,6.51662,15534.7,0,0,1813.5,594.689,112.937,2,108.325,95.5242,93.5242,86.7042,0,0,0,48.0206,28.0996,3,12.8008
4686.9,102914,99.6227,0.429077,69.6628,86.3858,6.49488,15535.3,0,0,1808.21,594.689,112.607,2,108.004,95.1857,93.1857,86.3858,0,0,0,48.0237,28.0993,3,12.8187
4687,102917,99.6397,0.4335,69.6748,86.0853,6.46599,15536,0,0,1800.97,594.689,112.157,2,107.566,94.8663,92.8663,86.0853,0,0,0,48.0268,28.099,3,12.6994
4687.1,102920,99.6559,0.43793,69.6868,85.8019,6.43845,15536.6,0,0,1793.9,594.689,111.716,2,107.137,94.565,92.565,85.8019,0,0,0,48.0299,28.0988,3,12.5718
4687.2,102922,99.6714,0.442365,69.699,85.5349,6.41252,15537.3,0,0,1787.22,594.689,111.301,2,106.732,94.2811,92.2811,85.5349,0,0,0,48.0329,28.0985,3,12.4511
4687.3,102925,99.6862,0.446805,69.7113,85.2834,6.39288,15537.9,0,0,1782.16,594.689,110.985,2,106.425,94.0138,92.0138,85.2834,0,0,0,48.0359,28.0983,3,12.4116
4687.4,102928,99.7003,0.451249,69.7238,85.0468,6.37757,15538.5,0,0,1778.21,594.689,110.739,2,106.186,93.7623,91.7623,85.0468,0,0,0,48.0389,28.098,3,12.4237
4687.5,102931,99.7138,0.455696,69.7363,84.8245,6.36317,15539.2,0,0,1774.5,594.689,110.508,2,105.961,93.526,91.526,84.8245,0,0,0,48.0419,28.0977,3,12.4347
4687.6,102933,99.7267,0.460146,69.749,84.6157,6.34964,15539.8,0,0,1771,594.689,110.29,2,105.749,93.3041,91.3041,84.6157,0,0,0,48.045,28.0975,3,12.4448
4687.7,102936,99.739,0.464598,69.7618,84.42,6.33695,15540.5,0,0,1767.72,594.689,110.086,2,105.55,93.0959,91.0959,84.42,0,0,0,48.048,28.0972,3,12.454
4687.8,102939,99.7507,0.469053,69.7748,84.2366,6.32504,15541.1,0,0,1764.64,594.689,109.894,2,105.363,92.901,90.901,84.2366,0,0,0,48.051,28.0969,3,12.4623
4687.9,102942,99.7619,0.473508,69.7878,84.065,6.31389,15541.7,0,0,1761.76,594.689,109.715,2,105.188,92.7186,90.7186,84.065,0,0,0,48.0541,28.0967,3,12.4697
4688,102945,99.7726,0.477964,69.801,83.9048,6.30346,15542.3,0,0,1759.05,594.689,109.546,2,105.025,92.5482,90.5482,83.9048,0,0,0,48.0571,28.0964,3,12.4763
4688.1,102947,99.7829,0.48242,69.8143,83.7553,6.29372,15543,0,0,1756.53,594.689,109.389,2,104.871,92.3893,90.3893,83.7553,0,0,0,48.0601,28.0961,3,12.4822
4688.2,102950,99.7926,0.486875,69.8277,83.6161,6.28463,15543.6,0,0,1754.17,594.689,109.242,2,104.729,92.2413,90.2413,83.6161,0,0,0,48.0632,28.0959,3,12.4873
4688.3,102953,99.802,0.49133,69.8413,83.4867,6.27616,15544.2,0,0,1751.98,594.689,109.106,2,104.596,92.1037,90.1037,83.4867,0,0,0,48.0662,28.0956,3,12.4918
4688.4,102956,99.8109,0.495782,69.855,83.3667,6.26829,15544.9,0,0,1749.94,594.689,108.978,2,104.472,91.9761,89.9761,83.3667,0,0,0,48.0692,28.0953,3,12.4956
4688.5,102958,99.8194,0.500232,69.8688,83.2556,6.26098,15545.5,0,0,1748.04,594.689,108.86,2,104.357,91.858,89.858,83.2556,0,0,0,48.0723,28.0951,3,12.4987
4688.6,102961,99.8275,0.504679,69.8827,83.153,6.25422,15546.1,0,0,1746.28,594.689,108.751,2,104.25,91.749,89.749,83.153,0,0,0,48.0753,28.0948,3,12.5012
4688.7,102964,99.8353,0.509123,69.8968,83.0586,6.24796,15546.7,0,0,1744.66,594.689,108.65,2,104.152,91.6486,89.6486,83.0586,0,0,0,48.0783,28.0946,3,12.5032
4688.8,102967,99.8427,0.513563,69.911,82.9719,6.2422,15547.4,0,0,1743.16,594.689,108.557,2,104.061,91.5564,89.5564,82.9719,0,0,0,48.0814,28.0943,3,12.5046
4688.9,102969,99.8498,0.517998,69.9253,82.8927,6.23691,15548,0,0,1741.79,594.689,108.471,2,103.978,91.4721,89.4721,82.8927,0,0,0,48.0844,28.094,3,12.5055
4689,102972,99.8565,0.522428,69.9397,82.8204,6.23206,15548.6,0,0,1740.53,594.689,108.393,2,103.901,91.3953,89.3953,82.8204,0,0,0,48.0875,28.0938,3,12.5058
4689.1,102975,99.863,0.526852,69.9542,82.7549,6.22763,15549.2,0,0,1739.38,594.689,108.321,2,103.831,91.3257,89.3257,82.7549,0,0,0,48.0905,28.0935,3,12.5058
4689.2,102978,99.8692,0.531269,69.9689,82.6958,6.22336,15549.9,0,0,1738.27,594.689,108.252,2,103.764,91.2628,89.2628,82.6958,0,0,0,48.0935,28.0932,3,12.5013
4689.3,102981,99.875,0.53568,69.9837,82.6427,6.21791,15550.5,0,0,1736.85,594.689,108.163,2,103.678,91.2064,89.2064,82.6427,0,0,0,48.0966,28.093,3,12.4716
4689.4,102983,99.8807,0.540083,69.9986,82.542,6.20795,15551.1,0,0,1734.26,594.689,108.002,2,103.521,91.0993,89.0993,82.542,0,0,0,48.0996,28.0927,3,12.4216
4689.5,102986,99.8858,0.544478,70.0137,81.722,6.13206,15551.7,0,0,1714.47,594.689,106.77,2,102.321,90.2275,88.2275,81.722,0,0,0,48.1025,28.0924,3,12.0933
4689.6,102989,99.888,0.548864,70.0289,80.8863,6.07949,15552.3,0,0,1700.71,594.689,105.913,2,101.487,89.3391,87.3391,80.8863,0,0,0,48.1055,28.0922,3,12.1475
4689.7,102992,99.8897,0.553241,70.0442,80.8176,6.07491,15552.9,0,0,1699.51,594.689,105.838,2,101.414,89.2661,87.2661,80.8176,0,0,0,48.1084,28.0919,3,12.1478
4689.8,102994,99.8913,0.557608,70.0596,80.8597,6.07725,15553.5,0,0,1700.13,594.689,105.877,2,101.451,89.3108,87.3108,80.8597,0,0,0,48.1114,28.0916,3,12.1402
4689.9,102997,99.8929,0.561965,70.0751,80.9568,6.08303,15554.1,0,0,1701.64,594.689,105.971,2,101.543,89.414,87.414,80.9568,0,0,0,48.1143,28.0914,3,12.1288
4690,103000,99.8946,0.56631,70.0907,81.78,6.13425,15554.8,0,0,1715.04,594.689,106.805,2,102.355,90.2892,88.2892,81.78,0,0,0,48.1173,28.0911,3,12.0663
4690.1,103003,99.8989,0.570644,70.1065,82.6255,6.21278,15555.4,0,0,1735.51,594.689,108.08,2,103.597,91.188,89.188,82.6255,0,0,0,48.1203,28.0908,3,12.409
4690.2,103006,99.9035,0.574966,70.1224,82.7102,6.22032,15556,0,0,1737.47,594.689,108.202,2,103.716,91.278,89.278,82.7102,0,0,0,48.1233,28.0906,3,12.438
4690.3,103008,99.9078,0.579275,70.1384,82.69,6.21797,15556.6,0,0,1736.86,594.689,108.164,2,103.679,91.2566,89.2566,82.69,0,0,0,48.1263,28.0903,3,12.4224
4690.4,103011,99.9119,0.583571,70.1546,82.674,6.21601,15557.2,0,0,1736.35,594.689,108.133,2,103.648,91.2395,89.2395,82.674,0,0,0,48.1294,28.0901,3,12.4085
4690.5,103014,99.9159,0.587853,70.1708,82.6619,6.21442,15557.9,0,0,1735.94,594.689,108.107,2,103.623,91.2267,89.2267,82.6619,0,0,0,48.1324,28.0898,3,12.3964
4690.6,103017,99.9197,0.592121,70.1872,82.6026,6.20838,15558.5,0,0,1734.37,594.689,108.009,2,103.528,91.1636,89.1636,82.6026,0,0,0,48.1354,28.0895,3,12.3641
4690.7,103019,99.9231,0.596375,70.2037,82.341,6.18328,15559.1,0,0,1727.83,594.689,107.602,2,103.131,90.8856,88.8856,82.341,0,0,0,48.1384,28.0893,3,12.2457
4690.8,103022,99.9256,0.600612,70.2203,82.1439,6.16428,15559.7,0,0,1722.88,594.689,107.293,2,102.831,90.676,88.676,82.1439,0,0,0,48.1413,28.089,3,12.1549
4690.9,103025,99.928,0.604834,70.237,82.1665,6.16597,15560.3,0,0,1723.32,594.689,107.321,2,102.858,90.7,88.7,82.1665,0,0,0,48.1443,28.0887,3,12.1576
4691,103028,99.9302,0.60904,70.2539,82.1912,6.16786,15560.9,0,0,1723.81,594.689,107.352,2,102.887,90.7262,88.7262,82.1912,0,0,0,48.1472,28.0885,3,12.1612
4691.1,103031,99.9324,0.613228,70.2709,82.2689,6.17474,15561.6,0,0,1725.6,594.689,107.463,2,102.996,90.8088,88.8088,82.2689,0,0,0,48.1502,28.0882,3,12.1874
4691.2,103033,99.9347,0.617399,70.2879,82.5542,6.20119,15562.2,0,0,1732.5,594.689,107.892,2,103.414,91.1121,89.1121,82.5542,0,0,0,48.1532,28.0879,3,12.302
4691.3,103036,99.9376,0.621551,70.3051,82.7802,6.22208,15562.8,0,0,1737.93,594.689,108.231,2,103.744,91.3525,89.3525,82.7802,0,0,0,48.1562,28.0877,3,12.3913
4691.4,103039,99.9404,0.625685,70.3224,82.7914,6.22269,15563.4,0,0,1738.09,594.689,108.241,2,103.753,91.3644,89.3644,82.7914,0,0,0,48.1592,28.0874,3,12.389
4691.5,103042,99.9431,0.6298,70.3399,82.6941,6.21306,15564.1,0,0,1735.59,594.689,108.085,2,103.602,91.2609,89.2609,82.6941,0,0,0,48.1622,28.0871,3,12.3406
4691.6,103044,99.9452,0.633895,70.3574,82.3395,6.17919,15564.7,0,0,1726.76,594.689,107.535,2,103.067,90.8839,88.8839,82.3395,0,0,0,48.1652,28.0869,3,12.1826
4691.7,103047,99.9463,0.63797,70.3751,82.1129,6.15742,15565.3,0,0,1721.09,594.689,107.182,2,102.722,90.643,88.643,82.1129,0,0,0,48.1681,28.0866,3,12.0792
4691.8,103050,99.9473,0.642024,70.3928,82.1633,6.16172,15565.9,0,0,1722.21,594.689,107.252,2,102.79,90.6965,88.6965,82.1633,0,0,0,48.171,28.0863,3,12.0938
4691.9,103053,99.9482,0.646057,70.4107,82.2143,6.16609,15566.5,0,0,1723.35,594.689,107.323,2,102.859,90.7507,88.7507,82.2143,0,0,0,48.174,28.0861,3,12.1087
4692,103056,99.9491,0.650068,70.4287,82.3731,6.18062,15567.1,0,0,1727.14,594.689,107.559,2,103.089,90.9197,88.9197,82.3731,0,0,0,48.1769,28.0858,3,12.1695
4692.1,103058,99.9504,0.654056,70.4468,82.7068,6.21164,15567.8,0,0,1735.22,594.689,108.062,2,103.579,91.2744,89.2744,82.7068,0,0,0,48.1799,28.0855,3,12.3047
4692.2,103061,99.9523,0.658021,70.465,82.8491,6.22445,15568.4,0,0,1738.55,594.689,108.269,2,103.781,91.4256,89.4256,82.8491,0,0,0,48.1829,28.0853,3,12.3556
4692.3,103064,99.9538,0.661964,70.4833,82.8089,6.22038,15569,0,0,1737.49,594.689,108.203,2,103.717,91.3829,89.3829,82.8089,0,0,0,48.1859,28.085,3,12.3342
4692.4,103067,99.9553,0.665882,70.5018,82.8099,6.22004,15569.6,0,0,1737.4,594.689,108.198,2,103.712,91.384,89.384,82.8099,0,0,0,48.1889,28.0848,3,12.3276
4692.5,103069,99.9566,0.669776,70.5203,82.817,6.22027,15570.2,0,0,1737.46,594.689,108.202,2,103.715,91.3916,89.3916,82.817,0,0,0,48.1919,28.0845,3,12.3237
4692.6,103072,99.9578,0.673645,70.539,82.5135,6.19119,15570.9,0,0,1729.89,594.689,107.73,2,103.256,91.0688,89.0688,82.5135,0,0,0,48.1949,28.0842,3,12.1875
4692.7,103075,99.9576,0.677488,70.5577,81.6943,6.12099,15571.5,0,0,1711.57,594.689,106.589,2,102.145,90.1979,88.1979,81.6943,0,0,0,48.1978,28.084,3,11.9473
4692.8,103078,99.9555,0.681305,70.5766,80.3543,6.03697,15572.1,0,0,1689.56,594.689,105.219,2,100.81,88.7732,86.7732,80.3543,0,0,0,48.2007,28.0837,3,12.037
4692.9,103080,99.95,0.685096,70.5956,78.9777,5.95103,15572.7,0,0,1666.96,594.689,103.811,2,99.4389,87.3098,85.3098,78.9777,0,0,0,48.2037,28.0834,3,12.1291
4693,103083,99.9425,0.68886,70.6146,78.2187,5.90366,15573.3,0,0,1654.46,594.689,103.033,2,98.6805,86.5028,84.5028,78.2187,0,0,0,48.2066,28.0832,3,12.1777
4693.1,103086,99.9339,0.692596,70.6338,78.1865,5.90139,15573.9,0,0,1653.86,594.689,102.995,2,98.644,86.4687,84.4687,78.1865,0,0,0,48.2096,28.0829,3,12.1753
4693.2,103089,99.9261,0.696303,70.6531,79.1065,5.95817,15574.5,0,0,1668.84,594.689,103.928,2,99.5531,87.4468,85.4468,79.1065,0,0,0,48.2125,28.0826,3,12.1063
4693.3,103092,99.9208,0.699982,70.6725,80.6269,6.05254,15575.1,0,0,1693.65,594.689,105.473,2,101.058,89.0632,87.0632,80.6269,0,0,0,48.2154,28.0824,3,11.995
4693.4,103094,99.9185,0.703632,70.6919,81.5291,6.10864,15575.7,0,0,1708.34,594.689,106.388,2,101.949,90.0223,88.0223,81.5291,0,0,0,48.2183,28.0821,3,11.927
4693.5,103097,99.9164,0.707253,70.7115,81.5873,6.112,15576.3,0,0,1709.22,594.689,106.443,2,102.003,90.0843,88.0843,81.5873,0,0,0,48.2212,28.0818,3,11.9184
4693.6,103100,99.914,0.710843,70.7312,81.526,6.10788,15576.9,0,0,1708.14,594.689,106.376,2,101.937,90.019,88.019,81.526,0,0,0,48.2241,28.0816,3,11.9182
4693.7,103103,99.9115,0.714403,70.751,80.93,6.07034,15577.5,0,0,1698.32,594.689,105.764,2,101.341,89.3855,87.3855,80.93,0,0,0,48.227,28.0813,3,11.9556
4693.8,103105,99.9067,0.717933,70.7709,79.5847,5.9862,15578.1,0,0,1676.22,594.689,104.388,2,100.001,87.9552,85.9552,79.5847,0,0,0,48.23,28.081,3,12.0456
4693.9,103108,99.8989,0.721431,70.7908,79.1373,5.95811,15578.7,0,0,1668.82,594.689,103.927,2,99.552,87.4796,85.4796,79.1373,0,0,0,48.2329,28.0808,3,12.0725
4694,103111,99.8922,0.724897,70.8109,79.663,5.9905,15579.3,0,0,1677.35,594.689,104.458,2,100.07,88.0385,86.0385,79.663,0,0,0,48.2358,28.0805,3,12.031
4694.1,103114,99.8861,0.72833,70.8311,80.4011,6.03619,15579.9,0,0,1689.36,594.689,105.206,2,100.798,88.8232,86.8232,80.4011,0,0,0,48.2387,28.0802,3,11.9747
4694.2,103117,99.882,0.731731,70.8513,81.6018,6.11091,15580.5,0,0,1708.94,594.689,106.425,2,101.985,90.0997,88.0997,81.6018,0,0,0,48.2416,28.08,3,11.8857
4694.3,103119,99.8803,0.735099,70.8717,83.3643,6.25084,15581.1,0,0,1745.41,594.689,108.696,2,104.197,91.9735,89.9735,83.3643,0,0,0,48.2446,28.0797,3,12.2234
4694.4,103122,99.8827,0.738434,70.8921,84.877,6.34611,15581.8,0,0,1770.09,594.689,110.233,2,105.694,93.5817,91.5817,84.877,0,0,0,48.2475,28.0794,3,12.1118
4694.5,103125,99.8865,0.741734,70.9126,85.6265,6.39334,15582.4,0,0,1782.28,594.689,110.993,2,106.433,94.3785,92.3785,85.6265,0,0,0,48.2505,28.0792,3,12.0542
4694.6,103128,99.8914,0.745001,70.9333,85.9385,6.41811,15583,0,0,1788.66,594.689,111.39,2,106.819,94.7102,92.7102,85.9385,0,0,0,48.2534,28.0789,3,12.1092
4694.7,103130,99.8961,0.748233,70.954,85.9382,6.41764,15583.7,0,0,1788.54,594.689,111.383,2,106.812,94.7099,92.7099,85.9382,0,0,0,48.2564,28.0786,3,12.1022
4694.8,103133,99.9008,0.75143,70.9748,85.9402,6.41739,15584.3,0,0,1788.48,594.689,111.379,2,106.808,94.712,92.712,85.9402,0,0,0,48.2593,28.0784,3,12.0962
4694.9,103136,99.9053,0.754591,70.9957,85.8969,6.41282,15585,0,0,1787.3,594.689,111.305,2,106.737,94.6659,92.6659,85.8969,0,0,0,48.2622,28.0781,3,12.071
4695,103139,99.9095,0.757717,71.0167,85.8574,6.40862,15585.6,0,0,1786.22,594.689,111.238,2,106.671,94.6239,92.6239,85.8574,0,0,0,48.2652,28.0778,3,12.0473
4695.1,103142,99.9136,0.760806,71.0377,85.8215,6.40477,15586.3,0,0,1785.22,594.689,111.176,2,106.611,94.5858,92.5858,85.8215,0,0,0,48.2681,28.0776,3,12.0253
4695.2,103144,99.9175,0.763858,71.0589,85.7891,6.40163,15586.9,0,0,1784.42,594.689,111.126,2,106.562,94.5514,92.5514,85.7891,0,0,0,48.271,28.0773,3,12.0107
4695.3,103147,99.9212,0.766874,71.0801,85.76,6.39949,15587.5,0,0,1783.86,594.689,111.091,2,106.529,94.5204,92.5204,85.76,0,0,0,48.2739,28.077,3,12.0083
4695.4,103150,99.9247,0.769851,71.1015,85.7339,6.39754,15588.2,0,0,1783.36,594.689,111.06,2,106.498,94.4927,92.4927,85.7339,0,0,0,48.2768,28.0768,3,12.0056
4695.5,103153,99.9281,0.772791,71.1229,85.7107,6.39578,15588.8,0,0,1782.91,594.689,111.032,2,106.471,94.468,92.468,85.7107,0,0,0,48.2798,28.0765,3,12.0027
4695.6,103155,99.9314,0.775693,71.1444,85.6903,6.39419,15589.5,0,0,1782.5,594.689,111.006,2,106.446,94.4463,92.4463,85.6903,0,0,0,48.2827,28.0762,3,11.9996
4695.7,103158,99.9344,0.778555,71.1659,85.6724,6.39277,15590.1,0,0,1782.13,594.689,110.983,2,106.424,94.4273,92.4273,85.6724,0,0,0,48.2856,28.076,3,11.9964
4695.8,103161,99.9374,0.781379,71.1876,85.6569,6.3915,15590.7,0,0,1781.8,594.689,110.963,2,106.404,94.4108,92.4108,85.6569,0,0,0,48.2885,28.0757,3,11.993
4695.9,103164,99.9402,0.784163,71.2093,85.6437,6.39037,15591.4,0,0,1781.51,594.689,110.945,2,106.386,94.3968,92.3968,85.6437,0,0,0,48.2914,28.0754,3,11.9894
4696,103167,99.9429,0.786907,71.2311,85.6327,6.38938,15592,0,0,1781.26,594.689,110.929,2,106.371,94.385,92.385,85.6327,0,0,0,48.2943,28.0752,3,11.9856
4696.1,103169,99.9455,0.789611,71.253,85.2827,6.36689,15592.6,0,0,1775.46,594.689,110.568,2,106.019,94.013,92.013,85.2827,0,0,0,48.2973,28.0749,3,12.0059
4696.2,103172,99.9466,0.792274,71.275,84.2117,6.29881,15593.3,0,0,1757.85,594.689,109.471,2,104.952,92.8743,90.8743,84.2117,0,0,0,48.3002,28.0746,3,12.0772
4696.3,103175,99.945,0.794896,71.297,82.9586,6.21721,15593.9,0,0,1736.67,594.689,108.152,2,103.667,91.5421,89.5421,82.9586,0,0,0,48.3031,28.0744,3,12.1249
4696.4,103178,99.9412,0.797476,71.3191,82.0036,6.12976,15594.5,0,0,1713.87,594.689,106.732,2,102.284,90.5268,88.5268,82.0036,0,0,0,48.306,28.0741,3,11.7574
4696.5,103180,99.9358,0.800015,71.3413,80.9115,6.06118,15595.1,0,0,1695.92,594.689,105.614,2,101.196,89.3657,87.3657,80.9115,0,0,0,48.3089,28.0738,3,11.8298
4696.6,103183,99.9278,0.802511,71.3635,79.8259,5.99324,15595.7,0,0,1678.07,594.689,104.503,2,100.113,88.2116,86.2116,79.8259,0,0,0,48.3118,28.0736,3,11.9016
4696.7,103186,99.9182,0.804965,71.3858,79.4856,5.9718,15596.3,0,0,1672.43,594.689,104.152,2,99.7708,87.8498,85.8498,79.4856,0,0,0,48.3147,28.0733,3,11.921
4696.8,103189,99.9088,0.807375,71.4082,79.5326,5.97444,15596.9,0,0,1673.13,594.689,104.195,2,99.8131,87.8999,85.8999,79.5326,0,0,0,48.3176,28.073,3,11.9132
4696.9,103192,99.8992,0.809742,71.4307,79.348,5.96269,15597.5,0,0,1670.03,594.689,104.002,2,99.6253,87.7036,85.7036,79.348,0,0,0,48.3205,28.0728,3,11.9217
4697,103194,99.8891,0.812066,71.4532,79.7024,5.98444,15598.1,0,0,1675.76,594.689,104.359,2,99.9727,88.0804,86.0804,79.7024,0,0,0,48.3234,28.0725,3,11.8923
4697.1,103197,99.8808,0.814346,71.4757,81.0828,6.07019,15598.7,0,0,1698.28,594.689,105.761,2,101.339,89.548,87.548,81.0828,0,0,0,48.3262,28.0722,3,11.7909
4697.2,103200,99.8757,0.816581,71.4983,82.8163,6.19996,15599.3,0,0,1732.18,594.689,107.872,2,103.395,91.3909,89.3909,82.8163,0,0,0,48.3291,28.072,3,12.0038
4697.3,103203,99.8739,0.818772,71.521,84.4414,6.31018,15600,0,0,1760.8,594.689,109.655,2,105.13,93.1186,91.1186,84.4414,0,0,0,48.3321,28.0717,3,12.0115
4697.4,103205,99.8748,0.820918,71.5438,85.7338,6.39177,15600.6,0,0,1781.87,594.689,110.967,2,106.408,94.4926,92.4926,85.7338,0,0,0,48.335,28.0714,3,11.9154
4697.5,103208,99.8777,0.82302,71.5666,86.2497,6.4352,15601.2,0,0,1793.06,594.689,111.664,2,107.086,95.0411,93.0411,86.2497,0,0,0,48.3379,28.0712,3,12.0449
4697.6,103211,99.8804,0.825076,71.5894,86.1842,6.42851,15601.9,0,0,1791.34,594.689,111.557,2,106.982,94.9715,92.9715,86.1842,0,0,0,48.3408,28.0709,3,12.0103
4697.7,103214,99.8829,0.827086,71.6124,85.6283,6.3842,15602.5,0,0,1779.92,594.689,110.846,2,106.29,94.3804,92.3804,85.6283,0,0,0,48.3437,28.0706,3,11.9093
4697.8,103216,99.8834,0.829051,71.6353,85.1375,6.35279,15603.2,0,0,1771.81,594.689,110.341,2,105.798,93.8586,91.8586,85.1375,0,0,0,48.3466,28.0704,3,11.9396
4697.9,103219,99.8839,0.83097,71.6584,85.412,6.36991,15603.8,0,0,1776.23,594.689,110.616,2,106.066,94.1505,92.1505,85.412,0,0,0,48.3495,28.0701,3,11.9156
4698,103222,99.8853,0.832843,71.6814,85.6773,6.38645,15604.4,0,0,1780.5,594.689,110.882,2,106.325,94.4325,92.4325,85.6773,0,0,0,48.3524,28.0698,3,11.8924
4698.1,103225,99.8866,0.834668,71.7046,85.7522,6.39092,15605.1,0,0,1781.65,594.689,110.954,2,106.395,94.5122,92.5122,85.7522,0,0,0,48.3553,28.0696,3,11.8826
4698.2,103228,99.8881,0.836447,71.7278,86.2732,6.4344,15605.7,0,0,1792.85,594.689,111.651,2,107.074,95.0661,93.0661,86.2732,0,0,0,48.3582,28.0693,3,12.0076
4698.3,103230,99.8913,0.838179,71.751,86.3278,6.43918,15606.4,0,0,1794.08,594.689,111.728,2,107.148,95.1241,93.1241,86.3278,0,0,0,48.3611,28.069,3,12.024
4698.4,103233,99.8929,0.839863,71.7743,85.1484,6.35176,15607,0,0,1771.55,594.689,110.324,2,105.782,93.8703,91.8703,85.1484,0,0,0,48.364,28.0688,3,11.9118
4698.5,103236,99.8915,0.8415,71.7976,84.2605,6.2953,15607.6,0,0,1756.94,594.689,109.415,2,104.896,92.9263,90.9263,84.2605,0,0,0,48.3669,28.0685,3,11.9701
4698.6,103239,99.8897,0.843089,71.821,83.4064,6.24114,15608.3,0,0,1742.89,594.689,108.54,2,104.044,92.0183,90.0183,83.4064,0,0,0,48.3699,28.0683,3,12.026
4698.7,103241,99.8849,0.844629,71.8444,81.9748,6.12143,15608.9,0,0,1711.69,594.689,106.597,2,102.152,90.4963,88.4963,81.9748,0,0,0,48.3727,28.068,3,11.6559
4698.8,103244,99.8776,0.846122,71.8678,80.4396,6.02525,15609.5,0,0,1686.49,594.689,105.027,2,100.624,88.8642,86.8642,80.4396,0,0,0,48.3755,28.0677,3,11.7595
4698.9,103247,99.867,0.847565,71.8913,79.2031,5.94806,15610.1,0,0,1666.18,594.689,103.762,2,99.3914,87.5496,85.5496,79.2031,0,0,0,48.3784,28.0674,3,11.8418
4699,103250,99.855,0.848959,71.9149,77.8537,5.84562,15610.6,0,0,1639.1,594.689,102.076,2,97.7487,86.1151,84.1151,77.8537,0,0,0,48.3813,28.0672,3,11.6336
4699.1,103253,99.8393,0.850305,71.9384,75.8598,5.7029,15611.2,0,0,1586.06,600.42,99.7245,2,95.4299,83.9976,81.9976,75.8598,0,0,0,48.384,28.0669,3,11.4322
4699.2,103255,99.8197,0.851601,71.962,73.3458,5.50926,15611.8,0,0,1490.08,620.816,96.8724,2,92.5446,81.3367,79.3367,73.3458,0,0,0,48.3868,28.0666,3,11.208
4699.3,103258,99.7946,0.852847,71.9857,71.3613,5.3672,15612.3,0,0,1430.21,632.264,94.6947,2,90.3554,79.2361,77.2361,71.3613,0,0,0,48.3895,28.0664,3,11.1193
4699.4,103261,99.7676,0.854043,72.0093,69.9649,5.28636,15612.8,0,0,1400,637.274,93.4293,2,89.0906,77.7582,75.7582,69.9649,0,0,0,48.3922,28.0661,3,11.3324
4699.5,103264,99.7372,0.85519,72.033,68.6125,5.22335,15613.4,0,0,1385.93,636.129,92.3244,2,88.0178,76.3268,74.3268,68.6125,0,0,0,48.3951,28.0658,3,11.691
4699.6,103266,99.7053,0.856286,72.0567,68.2717,5.17315,15613.9,0,0,1374.68,635.213,91.4431,2,87.162,75.9661,73.9661,68.2717,0,0,0,48.3978,28.0656,3,11.1958
4699.7,103269,99.6738,0.857332,72.0804,68.3559,5.18478,15614.4,0,0,1377.29,635.426,91.6474,2,87.3603,76.0554,74.0554,68.3559,0,0,0,48.4005,28.0653,3,11.3049
4699.8,103272,99.6423,0.858327,72.1042,67.9459,5.14887,15614.9,0,0,1369.23,634.769,91.0167,2,86.7479,75.6216,73.6216,67.9459,0,0,0,48.4032,28.065,3,11.1263
4699.9,103275,99.6094,0.859272,72.1279,67.417,5.14887,15615.4,0,0,1369.23,634.769,91.0167,2,86.7479,75.0619,73.0619,67.417,0,0,0,48.4061,28.0647,3,11.686
4700,103277,99.576,0.860167,72.1517,67.3392,5.14887,15615.9,0,0,1369.23,634.769,91.0167,2,86.7479,74.9797,72.9797,67.3392,0,0,0,48.4089,28.0645,3,11.7682
4700.1,103280,99.543,0.86101,72.1755,66.9628,5.12405,15616.4,0,0,1363.89,634.189,90.5788,2,86.3233,74.5815,72.5815,66.9628,0,0,0,48.4118,28.0642,3,11.7419
4700.2,103283,99.5083,0.861803,72.1993,66.6679,5.09014,15617,0,0,1356.57,633.395,89.9802,2,85.7431,74.2695,72.2695,66.6679,0,0,0,48.4146,28.0639,3,11.4736
4700.3,103286,99.4743,0.862544,72.2232,67.0409,5.13193,15617.5,0,0,1365.59,634.374,90.7178,2,86.4582,74.6644,72.6644,67.0409,0,0,0,48.4174,28.0637,3,11.7938
4700.4,103289,99.4413,0.863235,72.247,67.9811,5.14887,15618,0,0,1369.23,634.769,91.0167,2,86.7479,75.6596,73.6596,67.9811,0,0,0,48.4201,28.0634,3,11.0883
4700.5,103291,99.4111,0.863874,72.2708,69.6419,5.28636,15618.5,0,0,1400,637.274,93.4293,2,89.0906,77.4174,75.4174,69.6419,0,0,0,48.423,28.0631,3,11.6732
4700.6,103294,99.3845,0.864463,72.2947,72.3696,5.43388,15619.1,0,0,1456.62,627.534,95.722,2,91.385,80.3043,78.3043,72.3696,0,0,0,48.4257,28.0629,3,11.0807
4700.7,103297,99.3647,0.865,72.3186,75.7771,5.59606,15619.6,0,0,1541.86,608.053,98.1786,2,93.885,83.9106,81.9106,75.7771,0,0,0,48.4281,28.0626,3,9.97446
4700.8,103300,99.3512,0.865486,72.3425,78.8435,5.76097,15620.2,0,0,1616.64,594.689,100.677,2,96.3851,87.169,85.169,78.8435,0,0,0,48.4303,28.0623,3,9.21616
4700.9,103302,99.3432,0.86592,72.3663,81.4082,5.91644,15620.8,0,0,1657.84,594.689,103.243,2,98.8853,89.8949,87.8949,81.4082,0,0,0,48.4325,28.062,3,8.99036
4701,103305,99.3395,0.866303,72.3902,83.0705,6.07312,15621.4,0,0,1699.05,594.689,105.809,2,101.385,91.6618,89.6618,83.0705,0,0,0,48.4349,28.0617,3,9.72363
4701.1,103308,99.3377,0.866635,72.4142,83.9288,6.23107,15622,0,0,1740.27,594.689,108.377,2,103.886,92.5741,90.5741,83.9288,0,0,0,48.4376,28.0615,3,11.3115
4701.2,103311,99.3373,0.866915,72.4381,84.4306,6.29879,15622.6,0,0,1757.85,594.689,109.471,2,104.951,93.1074,91.1074,84.4306,0,0,0,48.4405,28.0612,3,11.8438
4701.3,103313,99.3374,0.867144,72.462,84.2996,6.29024,15623.3,0,0,1755.63,594.689,109.333,2,104.817,92.9682,90.9682,84.2996,0,0,0,48.4434,28.0609,3,11.8486
4701.4,103316,99.3364,0.867321,72.4859,83.4985,6.23944,15623.9,0,0,1742.45,594.689,108.512,2,104.017,92.1167,90.1167,83.4985,0,0,0,48.4463,28.0607,3,11.9008
4701.5,103319,99.3336,0.867446,72.5099,83.084,6.20756,15624.5,0,0,1734.15,594.689,107.996,2,103.515,91.6762,89.6762,83.084,0,0,0,48.4492,28.0604,3,11.8385
4701.6,103322,99.331,0.86752,72.5338,82.7736,6.17788,15625.1,0,0,1726.42,594.689,107.514,2,103.046,91.3463,89.3463,82.7736,0,0,0,48.452,28.0601,3,11.6996
4701.7,103324,99.327,0.867541,72.5577,82.32,6.13505,15625.7,0,0,1715.25,594.689,106.818,2,102.368,90.8641,88.8641,82.32,0,0,0,48.4548,28.0599,3,11.504
4701.8,103327,99.3227,0.867511,72.5817,82.0213,6.11608,15626.4,0,0,1710.29,594.689,106.509,2,102.067,90.5467,88.5467,82.0213,0,0,0,48.4576,28.0596,3,11.5207
4701.9,103330,99.3176,0.867429,72.6056,81.8618,6.10583,15627,0,0,1707.61,594.689,106.342,2,101.905,90.3772,88.3772,81.8618,0,0,0,48.4604,28.0593,3,11.5276
4702,103333,99.3127,0.867295,72.6295,81.1788,6.06288,15627.6,0,0,1696.36,594.689,105.642,2,101.223,89.6513,87.6513,81.1788,0,0,0,48.4632,28.0591,3,11.5712
4702.1,103335,99.305,0.867108,72.6535,79.8045,5.977,15628.2,0,0,1673.8,594.689,104.237,2,99.8539,88.1905,86.1905,79.8045,0,0,0,48.4661,28.0588,3,11.6634
4702.2,103338,99.2951,0.86687,72.6774,77.6691,5.816,15628.8,0,0,1631.25,594.689,101.587,2,97.2723,85.9209,83.9209,77.6691,0,0,0,48.4688,28.0585,3,11.3514
4702.3,103341,99.2793,0.86658,72.7013,74.8768,5.6146,15629.3,0,0,1555.03,604.581,98.4512,2,94.1682,82.9578,80.9578,74.8768,0,0,0,48.4715,28.0582,3,11.2104
4702.4,103344,99.2588,0.866238,72.7252,72.5798,5.44285,15629.9,0,0,1462.08,626.111,95.863,2,91.5306,80.527,78.527,72.5798,0,0,0,48.4742,28.058,3,11.0036
4702.5,103346,99.2345,0.865844,72.749,70.8975,5.32815,15630.4,0,0,1419.11,633.125,94.0881,2,89.758,78.7467,76.7467,70.8975,0,0,0,48.4769,28.0577,3,11.0113
4702.6,103349,99.2079,0.865398,72.7729,69.5204,5.28636,15630.9,0,0,1400,637.274,93.4293,2,89.0906,77.2895,75.2895,69.5204,0,0,0,48.4798,28.0574,3,11.8011
4702.7,103352,99.1785,0.8649,72.7967,68.68,5.21342,15631.4,0,0,1383.71,635.948,92.1501,2,87.8485,76.4001,74.4001,68.68,0,0,0,48.4825,28.0572,3,11.4483
4702.8,103355,99.1489,0.864351,72.8206,69.0055,5.26026,15632,0,0,1394.18,636.8,92.9717,2,88.6463,76.7448,74.7448,69.0055,0,0,0,48.4854,28.0569,3,11.9015
4702.9,103357,99.121,0.863749,72.8443,69.5711,5.28636,15632.5,0,0,1400,637.274,93.4293,2,89.0906,77.3433,75.3433,69.5711,0,0,0,48.4883,28.0566,3,11.7472
4703,103360,99.0937,0.863097,72.8681,69.8571,5.28636,15633,0,0,1400,637.274,93.4293,2,89.0906,77.6461,75.6461,69.8571,0,0,0,48.4911,28.0564,3,11.4444
4703.1,103363,99.0672,0.862392,72.8919,70.2477,5.29207,15633.6,0,0,1402.59,636.711,93.5197,2,89.1822,78.0596,76.0596,70.2477,0,0,0,48.4938,28.0561,3,11.1226
4703.2,103366,99.0417,0.861636,72.9156,70.8776,5.32549,15634.1,0,0,1417.88,633.392,94.0463,2,89.7157,78.7262,76.7262,70.8776,0,0,0,48.4965,28.0558,3,10.9895
4703.3,103369,99.0177,0.860829,72.9393,72.4167,5.42933,15634.6,0,0,1453.86,628.251,95.6502,2,91.311,80.3549,78.3549,72.4167,0,0,0,48.4991,28.0555,3,10.9561
4703.4,103371,98.9983,0.85997,72.9629,74.8974,5.59132,15635.2,0,0,1538.1,609.104,98.1081,2,93.811,82.98,80.98,74.8974,0,0,0,48.5017,28.0553,3,10.8311
4703.5,103374,98.984,0.85906,72.9866,77.4612,5.75638,15635.8,0,0,1615.42,594.689,100.601,2,96.3111,85.7011,83.7011,77.4612,0,0,0,48.5043,28.055,3,10.61
4703.6,103377,98.9745,0.858098,73.0102,79.755,5.91183,15636.4,0,0,1656.62,594.689,103.167,2,98.8113,88.1388,86.1388,79.755,0,0,0,48.5069,28.0547,3,10.6725
4703.7,103380,98.9691,0.857085,73.0337,82.1428,6.06847,15637,0,0,1697.83,594.689,105.733,2,101.311,90.6764,88.6764,82.1428,0,0,0,48.5095,28.0544,3,10.6351
4703.8,103382,98.9688,0.856021,73.0573,83.8753,6.22638,15637.6,0,0,1739.05,594.689,108.301,2,103.812,92.5176,90.5176,83.8753,0,0,0,48.5123,28.0542,3,11.294
4703.9,103385,98.9701,0.854906,73.0808,84.2695,6.28128,15638.2,0,0,1753.31,594.689,109.188,2,104.676,92.9365,90.9365,84.2695,0,0,0,48.5151,28.0539,3,11.7394
4704,103388,98.9714,0.85374,73.1043,84.327,6.28462,15638.8,0,0,1754.17,594.689,109.242,2,104.729,92.9976,90.9976,84.327,0,0,0,48.518,28.0536,3,11.7309
4704.1,103391,98.973,0.852522,73.1278,84.5524,6.29857,15639.5,0,0,1757.79,594.689,109.467,2,104.948,93.2371,91.2371,84.5524,0,0,0,48.5208,28.0534,3,11.7106
4704.2,103393,98.9751,0.851254,73.1512,84.2453,6.2789,15640.1,0,0,1752.69,594.689,109.15,2,104.639,92.9108,90.9108,84.2453,0,0,0,48.5237,28.0531,3,11.7278
4704.3,103396,98.9756,0.849934,73.1746,83.0985,6.19755,15640.7,0,0,1731.55,594.689,107.833,2,103.357,91.692,89.692,83.0985,0,0,0,48.5265,28.0528,3,11.6646
4704.4,103399,98.9735,0.848564,73.1979,81.8883,6.10078,15641.3,0,0,1706.29,594.689,106.26,2,101.825,90.4059,88.4059,81.8883,0,0,0,48.5293,28.0526,3,11.4187
4704.5,103401,98.9695,0.847144,73.2212,81.1861,6.05665,15641.9,0,0,1694.73,594.689,105.54,2,101.123,89.6597,87.6597,81.1861,0,0,0,48.5321,28.0523,3,11.4638
4704.6,103404,98.9649,0.845672,73.2445,80.3916,6.00687,15642.5,0,0,1681.66,594.689,104.726,2,100.331,88.8154,86.8154,80.3916,0,0,0,48.5349,28.052,3,11.5152
4704.7,103407,98.958,0.844151,73.2677,79.4614,5.94878,15643.1,0,0,1666.37,594.689,103.774,2,99.4029,87.8268,85.8268,79.4614,0,0,0,48.5377,28.0518,3,11.5761
4704.8,103410,98.9499,0.842579,73.2909,79.021,5.9212,15643.7,0,0,1659.09,594.689,103.321,2,98.9614,87.3589,85.3589,79.021,0,0,0,48.5405,28.0515,3,11.6026
4704.9,103412,98.9415,0.840957,73.314,78.7619,5.90487,15644.3,0,0,1654.78,594.689,103.053,2,98.6999,87.0835,85.0835,78.7619,0,0,0,48.5433,28.0512,3,11.6163
4705,103415,98.9326,0.839285,73.3371,78.4025,5.87287,15644.9,0,0,1646.32,594.689,102.526,2,98.1865,86.7016,84.7016,78.4025,0,0,0,48.5461,28.051,3,11.4848
4705.1,103418,98.923,0.837564,73.3602,78.134,5.84758,15645.5,0,0,1639.62,594.689,102.109,2,97.7802,86.4164,84.4164,78.134,0,0,0,48.5489,28.0507,3,11.3638
4705.2,103421,98.9133,0.835793,73.3832,78.4571,5.87714,15646.1,0,0,1647.45,594.689,102.596,2,98.255,86.7598,84.7598,78.4571,0,0,0,48.5517,28.0504,3,11.4952
4705.3,103423,98.9051,0.833973,73.4061,80.0594,5.98431,15646.7,0,0,1675.72,594.689,104.357,2,99.9706,88.4626,86.4626,80.0594,0,0,0,48.5545,28.0502,3,11.5081
4705.4,103426,98.9017,0.832103,73.429,82.7055,6.14157,15647.3,0,0,1716.95,594.689,106.924,2,102.471,91.2746,89.2746,82.7055,0,0,0,48.5572,28.0499,3,11.1968
4705.5,103429,98.9037,0.830184,73.4518,85.2358,6.30008,15647.9,0,0,1758.18,594.689,109.492,2,104.972,93.9635,91.9635,85.2358,0,0,0,48.5599,28.0496,3,11.008
4705.6,103432,98.9101,0.828216,73.4746,87.8962,6.46002,15648.6,0,0,1799.44,594.689,112.061,2,107.473,96.798,94.798,87.8962,0,0,0,48.5625,28.0494,3,10.6749
4705.7,103434,98.9224,0.826199,73.4973,90.4533,6.62681,15649.2,0,0,1848.32,592.184,114.621,2,109.973,99.5281,97.5281,90.4533,0,0,0,48.565,28.0491,3,10.445
4705.8,103437,98.9386,0.824133,73.52,91.523,6.79737,15649.9,0,0,1897.66,589.679,117.182,2,112.474,100.67,98.6701,91.523,0,0,0,48.5679,28.0488,3,11.8041
4705.9,103440,98.955,0.822018,73.5426,90.794,6.73282,15650.6,0,0,1880.75,590.099,116.221,2,111.538,99.8917,97.8917,90.794,0,0,0,48.5707,28.0485,3,11.646
4706,103443,98.9684,0.819854,73.5652,88.7426,6.59539,15651.2,0,0,1837.75,593.096,114.141,2,109.503,97.7014,95.7014,88.7426,0,0,0,48.5736,28.0483,3,11.8013
4706.1,103445,98.977,0.817642,73.5877,85.6049,6.35964,15651.9,0,0,1773.58,594.689,110.451,2,105.905,94.3556,92.3556,85.6049,0,0,0,48.5764,28.048,3,11.5498
4706.2,103448,98.9785,0.815381,73.6101,82.26,6.11915,15652.5,0,0,1711.09,594.689,106.559,2,102.116,90.8009,88.8009,82.26,0,0,0,48.5791,28.0477,3,11.3151
4706.3,103451,98.9745,0.813073,73.6325,79.0719,5.92033,15653.1,0,0,1658.86,594.689,103.307,2,98.9475,87.4129,85.4129,79.0719,0,0,0,48.5819,28.0475,3,11.5346
4706.4,103454,98.9641,0.810718,73.6548,76.9184,5.75806,15653.7,0,0,1615.86,594.689,100.629,2,96.3382,85.1243,83.1243,76.9184,0,0,0,48.5847,28.0472,3,11.2139
4706.5,103456,98.9521,0.808315,73.6771,76.4297,5.72493,15654.2,0,0,1596.42,598.394,100.038,2,95.7447,84.6051,82.6051,76.4297,0,0,0,48.5874,28.0469,3,11.1396
4706.6,103459,98.94,0.805865,73.6993,77.111,5.7694,15654.8,0,0,1618.88,594.689,100.817,2,96.5212,85.3292,83.3292,77.111,0,0,0,48.5901,28.0467,3,11.192
4706.7,103462,98.9309,0.803369,73.7214,78.4508,5.87056,15655.4,0,0,1645.71,594.689,102.488,2,98.1494,86.753,84.753,78.4508,0,0,0,48.5929,28.0464,3,11.3965
4706.8,103465,98.9242,0.800826,73.7434,80.4212,6.0028,15656,0,0,1680.59,594.689,104.66,2,100.266,88.847,86.847,80.4212,0,0,0,48.5956,28.0461,3,11.4187
4706.9,103467,98.9228,0.798237,73.7654,82.1631,6.11121,15656.6,0,0,1709.02,594.689,106.43,2,101.99,90.6981,88.6981,82.1631,0,0,0,48.5984,28.0459,3,11.292
4707,103470,98.9229,0.795602,73.7873,83.4002,6.21499,15657.2,0,0,1736.09,594.689,108.116,2,103.632,92.0128,90.0128,83.4002,0,0,0,48.6012,28.0456,3,11.6192
4707.1,103473,98.9264,0.792921,73.8091,85.0168,6.31969,15657.9,0,0,1763.26,594.689,109.808,2,105.279,93.7308,91.7308,85.0168,0,0,0,48.604,28.0453,3,11.5485
4707.2,103476,98.9328,0.790194,73.8309,86.3629,6.40585,15658.5,0,0,1785.5,594.689,111.193,2,106.628,95.1613,93.1613,86.3629,0,0,0,48.6068,28.0451,3,11.4668
4707.3,103478,98.9416,0.787421,73.8526,87.4497,6.50505,15659.1,0,0,1810.68,594.689,112.762,2,108.154,96.3211,94.3211,87.4497,0,0,0,48.6097,28.0448,3,11.8333
4707.4,103481,98.9523,0.784603,73.8742,89.197,6.62146,15659.8,0,0,1847.02,592.184,114.54,2,109.895,98.1866,96.1866,89.197,0,0,0,48.6125,28.0445,3,11.7083
4707.5,103484,98.9679,0.781739,73.8957,91.0043,6.74206,15660.5,0,0,1884.22,589.722,116.361,2,111.675,100.116,98.1162,91.0043,0,0,0,48.6153,28.0443,3,11.5592
4707.6,103487,98.9856,0.77883,73.9171,92.0215,6.84327,15661.2,0,0,1909.19,589.516,117.862,2,113.136,101.202,99.2022,92.0215,0,0,0,48.6182,28.044,3,11.9337
4707.7,103489,99.0051,0.775876,73.9385,92.9047,6.90098,15661.9,0,0,1930.83,587.174,118.724,2,113.982,102.145,100.145,92.9047,0,0,0,48.6211,28.0437,3,11.8372
4707.8,103492,99.0262,0.772878,73.9598,93.6317,6.95079,15662.6,0,0,1942.7,587.174,119.454,2,114.692,102.921,100.921,93.6317,0,0,0,48.624,28.0435,3,11.771
4707.9,103495,99.0485,0.769835,73.981,93.8763,6.96738,15663.3,0,0,1946.65,587.174,119.697,2,114.928,103.182,101.182,93.8763,0,0,0,48.6268,28.0432,3,11.7458
4708,103498,99.0706,0.766747,74.0022,94.1741,6.98769,15664,0,0,1951.47,587.174,119.994,2,115.217,103.501,101.501,94.1741,0,0,0,48.6297,28.0429,3,11.716
4708.1,103500,99.0941,0.763615,74.0232,95.0423,7.04948,15664.7,0,0,1961.54,588.52,120.889,2,116.082,104.428,102.428,95.0423,0,0,0,48.6325,28.0427,3,11.6548
4708.2,103503,99.1195,0.76044,74.0442,96.128,7.14112,15665.4,0,0,1977.85,590.059,122.213,2,117.364,105.587,103.587,96.128,0,0,0,48.6354,28.0424,3,11.7772
4708.3,103506,99.1472,0.757221,74.0651,97.0728,7.2252,15666.1,0,0,2000,589.323,123.428,2,118.547,106.596,104.596,97.0728,0,0,0,48.6383,28.0421,3,11.9511
4708.4,103509,99.1762,0.753958,74.0859,97.7475,7.27822,15666.8,0,0,2000,592.918,124.18,2,119.267,107.318,105.318,97.7475,0,0,0,48.6412,28.0419,3,11.949
4708.5,103511,99.2064,0.750652,74.1067,98.1981,7.31373,15667.6,0,0,2000,595.318,124.683,2,119.747,107.801,105.801,98.1981,0,0,0,48.6441,28.0416,3,11.9458
4708.6,103514,99.2371,0.747303,74.1273,98.0636,7.30265,15668.3,0,0,2000,594.57,124.526,2,119.597,107.657,105.657,98.0636,0,0,0,48.647,28.0414,3,11.9405
4708.7,103517,99.2668,0.743911,74.1479,97.5528,7.26167,15669,0,0,2000,591.797,123.946,2,119.042,107.109,105.109,97.5528,0,0,0,48.6499,28.0411,3,11.9336
4708.8,103520,99.2956,0.740477,74.1683,96.9245,7.21176,15669.7,0,0,2000,588.41,123.236,2,118.364,106.438,104.438,96.9245,0,0,0,48.6528,28.0408,3,11.9263
4708.9,103522,99.3229,0.737001,74.1887,96.11,7.13629,15670.4,0,0,1975.82,590.323,122.142,2,117.295,105.568,103.568,96.11,0,0,0,48.6556,28.0406,3,11.7266
4709,103525,99.3486,0.733483,74.209,94.7772,7.0264,15671.1,0,0,1960.65,587.174,120.558,2,115.765,104.145,102.145,94.7772,0,0,0,48.6585,28.0403,3,11.6205
4709.1,103528,99.3709,0.729924,74.2292,92.8069,6.89044,15671.8,0,0,1926.9,587.594,118.567,2,113.828,102.041,100.041,92.8069,0,0,0,48.6613,28.04,3,11.7878
4709.2,103531,99.3892,0.726324,74.2493,90.1603,6.68146,15672.5,0,0,1861.52,592.184,115.439,2,110.77,99.2142,97.2142,90.1603,0,0,0,48.6641,28.0398,3,11.5554
4709.3,103534,99.4015,0.722684,74.2693,87.4197,6.49689,15673.2,0,0,1808.7,594.689,112.638,2,108.034,96.2874,94.2874,87.4197,0,0,0,48.667,28.0395,3,11.7466
4709.4,103536,99.4096,0.719004,74.2892,85.2457,6.32765,15673.8,0,0,1765.31,594.689,109.936,2,105.404,93.9739,91.9739,85.2457,0,0,0,48.6698,28.0392,3,11.4302
4709.5,103539,99.4138,0.715284,74.309,83.8161,6.23714,15674.4,0,0,1741.85,594.689,108.475,2,103.981,92.4543,90.4543,83.8161,0,0,0,48.6726,28.039,3,11.527
4709.6,103542,99.4167,0.711526,74.3287,83.5195,6.21524,15675,0,0,1736.15,594.689,108.12,2,103.636,92.139,90.139,83.5195,0,0,0,48.6754,28.0387,3,11.4969
4709.7,103545,99.4201,0.707729,74.3483,84.1402,6.25701,15675.7,0,0,1747.01,594.689,108.796,2,104.294,92.7988,90.7988,84.1402,0,0,0,48.6782,28.0384,3,11.4954
4709.8,103547,99.4255,0.703894,74.3678,84.935,6.30689,15676.3,0,0,1759.94,594.689,109.602,2,105.078,93.6436,91.6436,84.935,0,0,0,48.6809,28.0382,3,11.4349
4709.9,103550,99.4321,0.700021,74.3872,85.0108,6.31141,15676.9,0,0,1761.11,594.689,109.674,2,105.149,93.7241,91.7241,85.0108,0,0,0,48.6837,28.0379,3,11.4252
4710,103553,99.438,0.696111,74.4065,84.6011,6.28525,15677.5,0,0,1754.34,594.689,109.253,2,104.739,93.2886,91.2886,84.6011,0,0,0,48.6865,28.0376,3,11.4499
4710.1,103556,99.4433,0.692163,74.4256,84.2288,6.2615,15678.2,0,0,1748.17,594.689,108.869,2,104.365,92.893,90.893,84.2288,0,0,0,48.6893,28.0374,3,11.4719
4710.2,103558,99.448,0.688179,74.4447,84.3233,6.26718,15678.8,0,0,1749.65,594.689,108.961,2,104.454,92.9934,90.9934,84.3233,0,0,0,48.6921,28.0371,3,11.4609
4710.3,103561,99.4539,0.684158,74.4637,84.5181,6.27919,15679.4,0,0,1752.76,594.689,109.155,2,104.643,93.2004,91.2004,84.5181,0,0,0,48.6949,28.0368,3,11.4428
4710.4,103564,99.4596,0.680101,74.4825,84.238,6.26125,15680.1,0,0,1748.11,594.689,108.865,2,104.361,92.9027,90.9027,84.238,0,0,0,48.6976,28.0366,3,11.4583
4710.5,103567,99.4647,0.676009,74.5012,83.5984,6.21898,15680.7,0,0,1737.13,594.689,108.181,2,103.695,92.2229,90.2229,83.5984,0,0,0,48.7004,28.0363,3,11.4721
4710.6,103569,99.4682,0.671882,74.5199,82.164,6.10096,15681.3,0,0,1706.33,594.689,106.263,2,101.827,90.6981,88.6981,82.164,0,0,0,48.7031,28.036,3,11.1293
4710.7,103572,99.468,0.66772,74.5384,79.1182,5.91109,15681.9,0,0,1656.42,594.689,103.155,2,98.7995,87.4606,85.4606,79.1182,0,0,0,48.7059,28.0358,3,11.3389
4710.8,103575,99.4603,0.663524,74.5568,75.2623,5.6156,15682.4,0,0,1555.34,604.546,98.4657,2,94.1824,83.3657,81.3657,75.2623,0,0,0,48.7085,28.0355,3,10.8168
4710.9,103578,99.4458,0.659294,74.575,71.7718,5.36046,15683,0,0,1428.67,632.264,94.5932,2,90.2562,79.6714,77.6714,71.7718,0,0,0,48.7111,28.0352,3,10.5848
4711,103580,99.4252,0.655032,74.5932,68.0895,5.14887,15683.5,0,0,1369.23,634.769,91.0167,2,86.7479,75.7744,73.7744,68.0895,0,0,0,48.7138,28.035,3,10.9735
4711.1,103583,99.3972,0.650738,74.6112,64.7862,5.00699,15684,0,0,1337.18,632.16,88.5205,2,84.3239,72.28,70.28,64.7862,0,0,0,48.7167,28.0347,3,12.0438
4711.2,103586,99.3645,0.646413,74.6291,62.9014,4.87426,15684.5,0,0,1306.9,629.673,86.1756,2,82.0466,70.2936,68.2936,62.9014,0,0,0,48.7195,28.0344,3,11.7531
4711.3,103589,99.3299,0.642057,74.6469,61.9275,4.77286,15685,0,0,1284.62,627.254,84.3811,2,80.3068,69.2672,67.2672,61.9275,0,0,0,48.7222,28.0342,2,11.0396
4711.4,103592,99.294,0.637672,74.6645,61.2339,4.77286,15685.4,0,0,1284.62,627.254,84.3811,2,80.3068,68.5362,66.5362,61.2339,0,0,0,48.7251,28.0339,2,11.7705
4711.5,103594,99.2572,0.633256,74.6821,61.2883,4.77286,15685.9,0,0,1284.62,627.254,84.3811,2,80.3068,68.5937,66.5937,61.2883,0,0,0,48.7279,28.0336,2,11.7131
4711.6,103597,99.2221,0.628812,74.6995,61.3806,4.77286,15686.4,0,0,1284.62,627.254,84.3811,2,80.3068,68.691,66.691,61.3806,0,0,0,48.7308,28.0334,2,11.6158
4711.7,103600,99.1862,0.624339,74.7167,61.1914,4.77286,15686.9,0,0,1284.62,627.254,84.3811,2,80.3068,68.4918,66.4918,61.1914,0,0,0,48.7336,28.0331,2,11.815
4711.8,103603,99.1509,0.619838,74.7339,61.4957,4.77286,15687.3,0,0,1284.62,627.254,84.3811,2,80.3068,68.8126,66.8126,61.4957,0,0,0,48.7364,28.0328,2,11.4942
4711.9,103605,99.1167,0.615308,74.7509,61.9037,4.77286,15687.8,0,0,1284.62,627.254,84.3811,2,80.3068,69.2427,67.2427,61.9037,0,0,0,48.7391,28.0326,2,11.0641
4712,103608,99.0834,0.610752,74.7677,62.1594,4.78816,15688.3,0,0,1287.99,627.621,84.6525,2,80.5699,69.5123,67.5123,62.1594,0,0,0,48.7418,28.0323,2,11.0575
4712.1,103611,99.0507,0.606168,74.7845,63.0283,4.87793,15688.8,0,0,1307.69,629.759,86.24,2,82.109,70.4281,68.4281,63.0283,0,0,0,48.7446,28.032,3,11.6809
4712.2,103614,99.0213,0.601558,74.8011,64.0374,4.89376,15689.3,0,0,1311.32,630.055,86.52,2,82.381,71.4917,69.4917,64.0374,0,0,0,48.7473,28.0318,3,10.8893
4712.3,103616,98.993,0.596922,74.8176,64.3229,4.93366,15689.8,0,0,1320.46,630.798,87.2254,2,83.066,71.7927,69.7927,64.3229,0,0,0,48.75,28.0315,3,11.2733
4712.4,103619,98.9651,0.59226,74.8339,64.6153,4.97462,15690.3,0,0,1329.81,631.559,87.949,2,83.7688,72.1009,70.1009,64.6153,0,0,0,48.7529,28.0312,3,11.6679
4712.5,103622,98.9384,0.587573,74.8501,64.5112,4.95919,15690.8,0,0,1326.29,631.273,87.6765,2,83.5041,71.9914,69.9914,64.5112,0,0,0,48.7557,28.031,3,11.5128
4712.6,103625,98.9107,0.582861,74.8662,63.086,4.87793,15691.2,0,0,1307.69,629.759,86.24,2,82.109,70.4895,68.4895,63.086,0,0,0,48.7585,28.0307,3,11.6196
4712.7,103627,98.879,0.578124,74.8822,61.5063,4.77286,15691.7,0,0,1284.62,627.254,84.3811,2,80.3068,68.8249,66.8249,61.5063,0,0,0,48.7613,28.0304,2,11.4819
4712.8,103630,98.8458,0.573364,74.898,60.4563,4.68174,15692.2,0,0,1263.52,625.537,82.7684,2,78.7403,67.7186,65.7186,60.4563,0,0,0,48.764,28.0302,2,11.0217
4712.9,103633,98.8106,0.568581,74.9137,59.4447,4.64013,15692.7,0,0,1253.85,624.749,82.0311,2,78.0242,66.6527,64.6527,59.4447,0,0,0,48.7667,28.0299,2,11.3715
4713,103636,98.7741,0.563775,74.9292,59.4539,4.64013,15693.1,0,0,1253.85,624.749,82.0311,2,78.0242,66.6626,64.6626,59.4539,0,0,0,48.7695,28.0296,2,11.3616
4713.1,103638,98.7395,0.558947,74.9446,60.7631,4.72292,15693.6,0,0,1273.07,626.314,83.4975,2,79.4486,68.0423,66.0423,60.7631,0,0,0,48.7723,28.0294,2,11.4062
4713.2,103641,98.7085,0.554097,74.9599,61.9772,4.77286,15694.1,0,0,1284.62,627.254,84.3811,2,80.3068,69.3219,67.3219,61.9772,0,0,0,48.7749,28.0291,2,10.9849
4713.3,103644,98.6791,0.549225,74.975,62.8636,4.85996,15694.6,0,0,1303.79,629.336,85.9252,2,81.8038,70.2561,68.2561,62.8636,0,0,0,48.7777,28.0288,3,11.5477
4713.4,103647,98.652,0.544333,74.99,63.8884,4.87793,15695,0,0,1307.69,629.759,86.24,2,82.109,71.3361,69.3361,63.8884,0,0,0,48.7804,28.0286,3,10.7729
4713.5,103649,98.6271,0.53942,75.0048,64.0548,4.88845,15695.5,0,0,1310.11,629.956,86.4261,2,82.2898,71.5116,69.5116,64.0548,0,0,0,48.783,28.0283,3,10.7782
4713.6,103652,98.6011,0.534487,75.0195,63.8201,4.87793,15696,0,0,1307.69,629.759,86.24,2,82.109,71.2644,69.2644,63.8201,0,0,0,48.7856,28.028,3,10.8447
4713.7,103655,98.5758,0.529534,75.0341,64.6576,4.97287,15696.5,0,0,1329.41,631.527,87.9181,2,83.7388,72.1471,70.1471,64.6576,0,0,0,48.7884,28.0278,3,11.5916
4713.8,103657,98.5535,0.524562,75.0485,66.2195,5.02306,15697,0,0,1341.19,632.264,88.801,2,84.5974,73.7998,71.7998,66.2195,0,0,0,48.7911,28.0275,3,10.7975
4713.9,103660,98.5347,0.51957,75.0628,67.6552,5.135,15697.5,0,0,1366.25,634.445,90.772,2,86.5107,75.3189,73.3189,67.6552,0,0,0,48.7938,28.0272,3,11.1918
4714,103663,98.5184,0.51456,75.077,69.6034,5.27654,15698.1,0,0,1397.81,637.096,93.2572,2,88.9235,77.3802,75.3802,69.6034,0,0,0,48.7966,28.0269,3,11.5433
4714.1,103666,98.5074,0.509532,75.091,71.5677,5.33698,15698.6,0,0,1423.14,632.264,94.2268,2,89.8985,79.4585,77.4585,71.5677,0,0,0,48.7991,28.0267,3,10.44
4714.2,103668,98.4991,0.504485,75.1048,72.6984,5.4163,15699.1,0,0,1446.04,630.291,95.4441,2,91.0984,80.6548,78.6548,72.6984,0,0,0,48.8017,28.0264,3,10.4436
4714.3,103671,98.4929,0.49942,75.1186,72.9595,5.4337,15699.7,0,0,1456.51,627.563,95.7191,2,91.3821,80.931,78.931,72.9595,0,0,0,48.8042,28.0261,3,10.4511
4714.4,103674,98.4859,0.494339,75.1322,72.6267,5.41086,15700.2,0,0,1442.79,631.135,95.3577,2,91.0093,80.579,78.579,72.6267,0,0,0,48.8067,28.0259,3,10.4303
4714.5,103677,98.4788,0.48924,75.1456,71.7411,5.34744,15700.8,0,0,1425.71,632.264,94.3968,2,90.0644,79.6421,77.6421,71.7411,0,0,0,48.8093,28.0256,3,10.4223
4714.6,103679,98.4689,0.484124,75.1589,70.6874,5.28896,15701.3,0,0,1401.18,637.019,93.4704,2,89.1322,78.5273,76.5273,70.6874,0,0,0,48.8119,28.0253,3,10.6049
4714.7,103682,98.4581,0.478993,75.1721,70.0311,5.28636,15701.8,0,0,1400,637.274,93.4293,2,89.0906,77.8329,75.8329,70.0311,0,0,0,48.8146,28.025,3,11.2576
4714.8,103685,98.4461,0.473847,75.1851,69.8399,5.28636,15702.3,0,0,1400,637.274,93.4293,2,89.0906,77.6308,75.6308,69.8399,0,0,0,48.8174,28.0248,3,11.4598
4714.9,103688,98.435,0.468686,75.198,69.9357,5.28636,15702.9,0,0,1400,637.274,93.4293,2,89.0906,77.7321,75.7321,69.9357,0,0,0,48.8201,28.0245,3,11.3585
4715,103690,98.4238,0.463511,75.2108,69.9212,5.28636,15703.4,0,0,1400,637.274,93.4293,2,89.0906,77.7169,75.7169,69.9212,0,0,0,48.8229,28.0242,3,11.3737
4715.1,103693,98.4131,0.458322,75.2234,69.9954,5.28636,15703.9,0,0,1400,637.274,93.4293,2,89.0906,77.7954,75.7954,69.9954,0,0,0,48.8256,28.024,3,11.2952
4715.2,103696,98.4026,0.453119,75.2358,70.3122,5.28636,15704.5,0,0,1400,637.274,93.4293,2,89.0906,78.1306,76.1306,70.3122,0,0,0,48.8283,28.0237,3,10.96
4715.3,103699,98.3936,0.447903,75.2481,70.9779,5.30295,15705,0,0,1407.55,635.635,93.6916,2,89.3563,78.8349,76.8349,70.9779,0,0,0,48.8309,28.0234,3,10.5214
4715.4,103701,98.386,0.442675,75.2603,72.0226,5.36488,15705.5,0,0,1429.68,632.264,94.6598,2,90.3213,79.9402,77.9402,72.0226,0,0,0,48.8334,28.0232,3,10.3811
4715.5,103704,98.3814,0.437435,75.2723,73.78,5.48809,15706.1,0,0,1483.51,621.529,96.5563,2,92.2322,81.7994,79.7994,73.78,0,0,0,48.8359,28.0229,3,10.4328
4715.6,103707,98.3809,0.432183,75.2842,75.3271,5.60557,15706.6,0,0,1549.51,605.918,98.3192,2,94.0328,83.4366,81.4366,75.3271,0,0,0,48.8385,28.0226,3,10.5962
4715.7,103709,98.3826,0.426919,75.296,76.0186,5.65804,15707.2,0,0,1568.86,603.079,99.0802,2,94.7889,84.1714,82.1714,76.0186,0,0,0,48.8411,28.0223,3,10.6175
4715.8,103712,98.3852,0.421644,75.3076,76.081,5.66253,15707.8,0,0,1570.29,602.924,99.1451,2,94.8529,84.2376,82.2376,76.081,0,0,0,48.8437,28.0221,3,10.6153
4715.9,103715,98.3874,0.416358,75.319,75.4886,5.61657,15708.3,0,0,1555.65,604.513,98.4798,2,94.1964,83.6082,81.6082,75.4886,0,0,0,48.8462,28.0218,3,10.5882
4716,103718,98.3881,0.411062,75.3303,74.0162,5.50511,15708.9,0,0,1488.79,620.956,96.8105,2,92.4834,82.0493,80.0493,74.0162,0,0,0,48.8488,28.0215,3,10.4341
4716.1,103720,98.385,0.405756,75.3415,72.6037,5.40449,15709.4,0,0,1439.02,632.119,95.2563,2,90.9048,80.5549,78.5549,72.6037,0,0,0,48.8513,28.0213,3,10.3498
4716.2,103723,98.3806,0.400441,75.3525,71.535,5.33069,15710,0,0,1420.28,632.871,94.1278,2,89.7983,79.4243,77.4243,71.535,0,0,0,48.8538,28.021,3,10.374
4716.3,103726,98.3739,0.395118,75.3634,70.58,5.28636,15710.5,0,0,1400,637.274,93.4293,2,89.0906,78.4141,76.4141,70.58,0,0,0,48.8564,28.0207,3,10.6765
4716.4,103729,98.3662,0.389787,75.3741,70.5097,5.28636,15711,0,0,1400,637.274,93.4293,2,89.0906,78.3397,76.3397,70.5097,0,0,0,48.859,28.0204,3,10.7509
4716.5,103731,98.3596,0.384448,75.3847,71.102,5.30702,15711.5,0,0,1409.41,635.232,93.7557,2,89.4212,78.9663,76.9663,71.102,0,0,0,48.8616,28.0202,3,10.4549
4716.6,103734,98.3546,0.379103,75.3951,71.5522,5.33075,15712.1,0,0,1420.31,632.865,94.1288,2,89.7993,79.4426,77.4426,71.5522,0,0,0,48.8641,28.0199,3,10.3567
4716.7,103737,98.3502,0.373751,75.4054,71.1228,5.3077,15712.6,0,0,1409.72,635.164,93.7665,2,89.4322,78.9883,76.9883,71.1228,0,0,0,48.8666,28.0196,3,10.4439
4716.8,103739,98.3439,0.368393,75.4155,69.9482,5.28636,15713.1,0,0,1400,637.274,93.4293,2,89.0906,77.7457,75.7457,69.9482,0,0,0,48.8694,28.0194,3,11.3448
4716.9,103742,98.3354,0.363029,75.4255,67.777,5.13497,15713.6,0,0,1366.24,634.445,90.7714,2,86.5101,75.4488,73.4488,67.777,0,0,0,48.8721,28.0191,3,11.0613
4717,103745,98.3212,0.35766,75.4353,65.1049,5.01266,15714.1,0,0,1338.46,632.264,88.6203,2,84.4207,72.6221,70.6221,65.1049,0,0,0,48.8749,28.0188,3,11.7987
4717.1,103748,98.3028,0.352288,75.445,62.2578,4.77575,15714.6,0,0,1285.25,627.323,84.4323,2,80.3564,69.6195,67.6195,62.2578,0,0,0,48.8775,28.0186,2,10.7369
4717.2,103750,98.2782,0.346912,75.4546,59.5522,4.64013,15715.1,0,0,1253.85,624.749,82.0311,2,78.0242,66.7689,64.7689,59.5522,0,0,0,48.8803,28.0183,2,11.2553
4717.3,103753,98.25,0.341533,75.464,57.2185,4.50018,15715.5,0,0,1220.81,622.244,79.5496,2,75.6128,64.3101,62.3101,57.2185,0,0,0,48.883,28.018,2,11.3027
4717.4,103756,98.2169,0.336153,75.4732,55.7386,4.41687,15716,0,0,1202.17,620.092,78.0637,2,74.1726,62.7511,60.7511,55.7386,0,0,0,48.8858,28.0178,2,11.4215
4717.5,103759,98.1836,0.330771,75.4823,55.0968,4.38234,15716.4,0,0,1195.84,618.386,77.4396,2,73.5724,62.0751,60.0751,55.0968,0,0,0,48.8886,28.0175,2,11.4973
4717.6,103761,98.1486,0.325389,75.4913,54.5394,4.34998,15716.9,0,0,1190.27,616.571,76.8525,2,73.0091,61.4881,59.4881,54.5394,0,0,0,48.8914,28.0172,2,11.521
4717.7,103764,98.1137,0.320006,75.5001,54.0827,4.30676,15717.3,0,0,1182.8,614.137,76.0684,2,72.2567,61.0072,59.0072,54.0827,0,0,0,48.8941,28.017,2,11.2495
4717.8,103767,98.0776,0.314624,75.5087,53.5226,4.26354,15717.7,0,0,1175.29,611.691,75.2842,2,71.5044,60.4175,58.4175,53.5226,0,0,0,48.8968,28.0167,2,11.0869
4717.9,103770,98.0411,0.309242,75.5172,52.9164,4.23529,15718.1,0,0,1170.36,610.085,74.7716,2,71.0126,59.7815,57.7815,52.9164,0,0,0,48.8996,28.0164,2,11.2311
4718,103772,98.0032,0.303861,75.5256,52.0731,4.19621,15718.6,0,0,1163.51,607.856,74.0627,2,70.3324,58.8968,56.8968,52.0731,0,0,0,48.9023,28.0162,2,11.4356
4718.1,103775,97.9641,0.298483,75.5338,51.0825,4.12875,15719,0,0,1149.41,605.239,72.8501,2,69.1619,57.8574,55.8574,51.0825,0,0,0,48.9051,28.0159,2,11.3045
4718.2,103778,97.923,0.293106,75.5418,50.2493,4.08495,15719.4,0,0,1141.02,603.036,72.055,2,68.3973,56.9833,54.9833,50.2493,0,0,0,48.9079,28.0156,2,11.4139
4718.3,103780,97.8812,0.287733,75.5497,49.7489,4.0588,15719.8,0,0,1136.94,601.214,71.5808,2,67.9441,56.4585,54.4585,49.7489,0,0,0,48.9107,28.0154,2,11.4856
4718.4,103783,97.8388,0.282362,75.5574,48.6807,3.98908,15720.2,0,0,1125.79,596.383,70.3091,2,66.7285,55.3378,53.3378,48.6807,0,0,0,48.9134,28.0151,2,11.3907
4718.5,103786,97.7936,0.276996,75.565,47.5367,3.91127,15720.6,0,0,1111.31,592.037,68.8992,2,65.3748,54.1377,52.1377,47.5367,0,0,0,48.9162,28.0148,2,11.2371
4718.6,103789,97.7474,0.271634,75.5725,47.7774,3.92562,15721,0,0,1113.23,593.283,69.1629,2,65.6256,54.3907,52.3907,47.7774,0,0,0,48.9189,28.0146,2,11.2349
4718.7,103791,97.7037,0.266277,75.5798,48.903,4.00454,15721.4,0,0,1129.18,596.936,70.5864,2,66.9965,55.572,53.572,48.903,0,0,0,48.9217,28.0143,2,11.4245
4718.8,103794,97.6625,0.260924,75.5869,50.434,4.09229,15721.8,0,0,1142.31,603.457,72.187,2,68.5239,57.1788,55.1788,50.434,0,0,0,48.9244,28.014,2,11.3451
4718.9,103797,97.6253,0.255578,75.594,52.6008,4.21879,15722.2,0,0,1167.47,609.146,74.4724,2,70.7255,59.4525,57.4525,52.6008,0,0,0,48.9272,28.0138,2,11.273
4719,103799,97.5931,0.250236,75.6008,54.4201,4.33341,15722.6,0,0,1187.41,615.639,76.5519,2,72.7206,61.3663,59.3663,54.4201,0,0,0,48.9299,28.0135,2,11.3543
4719.1,103802,97.5635,0.244901,75.6075,55.4249,4.39474,15723.1,0,0,1197.97,619.079,77.6644,2,73.7881,62.425,60.425,55.4249,0,0,0,48.9327,28.0132,2,11.3631
4719.2,103805,97.5357,0.239572,75.6141,56.273,4.45252,15723.5,0,0,1209.63,621.308,78.7027,2,74.7901,63.3187,61.3187,56.273,0,0,0,48.9355,28.013,2,11.4715
4719.3,103808,97.51,0.234248,75.6205,56.9594,4.49035,15724,0,0,1218.04,622.244,79.369,2,75.4362,64.0418,62.0418,56.9594,0,0,0,48.9383,28.0127,2,11.3944
4719.4,103810,97.4853,0.228932,75.6268,57.641,4.50858,15724.4,0,0,1223.08,622.244,79.6972,2,75.7571,64.76,62.76,57.641,0,0,0,48.9409,28.0124,2,10.9971
4719.5,103813,97.4627,0.223623,75.6329,58.5583,4.51146,15724.9,0,0,1223.75,622.299,79.7484,2,75.8068,65.7264,63.7264,58.5583,0,0,0,48.9434,28.0122,2,10.0804
4719.6,103816,97.4422,0.218321,75.6389,58.5144,4.50858,15725.3,0,0,1223.08,622.244,79.6972,2,75.7571,65.6803,63.6803,58.5144,0,0,0,48.9458,28.0119,2,10.0768
4719.7,103818,97.4199,0.213027,75.6447,57.33,4.50057,15725.8,0,0,1220.92,622.244,79.5566,2,75.6196,64.4329,62.4329,57.33,0,0,0,48.9485,28.0116,2,11.1867
4719.8,103821,97.3952,0.207741,75.6504,56.2436,4.44838,15726.2,0,0,1208.77,621.167,78.6286,2,74.7185,63.2888,61.2888,56.2436,0,0,0,48.9513,28.0114,2,11.4297
4719.9,103824,97.3692,0.202464,75.656,55.1729,4.38132,15726.6,0,0,1195.67,618.329,77.4211,2,73.5546,62.1613,60.1613,55.1729,0,0,0,48.9541,28.0111,2,11.3934
4720,103826,97.3409,0.197196,75.6614,54.1659,4.30581,15727.1,0,0,1182.63,614.083,76.0512,2,72.2402,61.1008,59.1008,54.1659,0,0,0,48.9568,28.0108,2,11.1395
4720.1,103829,97.3116,0.191938,75.6666,54.2255,4.31101,15727.5,0,0,1183.53,614.377,76.1454,2,72.3307,61.1638,59.1638,54.2255,0,0,0,48.9595,28.0106,2,11.1669
4720.2,103832,97.2841,0.186691,75.6717,54.8908,4.36745,15727.9,0,0,1193.28,617.552,77.1694,2,73.3132,61.8648,59.8648,54.8908,0,0,0,48.9623,28.0103,2,11.4483
4720.3,103835,97.2578,0.181453,75.6767,55.2199,4.38276,15728.4,0,0,1195.92,618.409,77.4472,2,73.5797,62.2117,60.2117,55.2199,0,0,0,48.9651,28.01,2,11.368
4720.4,103837,97.2321,0.176227,75.6815,55.639,4.40236,15728.8,0,0,1199.28,619.505,77.8027,2,73.9208,62.6533,60.6533,55.639,0,0,0,48.9678,28.0098,2,11.2675
4720.5,103840,97.208,0.171012,75.6862,55.9936,4.42678,15729.3,0,0,1204.24,620.43,78.2414,2,74.3443,63.027,61.027,55.9936,0,0,0,48.9706,28.0095,2,11.3173
4720.6,103843,97.1841,0.165808,75.6908,56.495,4.46573,15729.7,0,0,1212.31,621.743,78.9319,2,75.0117,63.5553,61.5553,56.495,0,0,0,48.9733,28.0092,2,11.4565
4720.7,103845,97.1625,0.160616,75.6952,57.6924,4.50858,15730.2,0,0,1223.08,622.244,79.6972,2,75.7571,64.8166,62.8166,57.6924,0,0,0,48.976,28.009,2,10.9406
4720.8,103848,97.1438,0.155436,75.6995,58.895,4.55066,15730.6,0,0,1232.95,623.048,80.4443,2,76.4828,66.0833,64.0833,58.895,0,0,0,48.9785,28.0087,2,10.3994
4720.9,103851,97.1273,0.150268,75.7036,59.5251,4.6376,15731.1,0,0,1253.26,624.701,81.9863,2,77.9807,66.7471,64.7471,59.5251,0,0,0,48.9813,28.0084,2,11.2336
4721,103853,97.1115,0.145113,75.7076,60.0787,4.64013,15731.5,0,0,1253.85,624.749,82.0311,2,78.0242,67.3303,65.3303,60.0787,0,0,0,48.9839,28.0082,2,10.6939
4721.1,103856,97.0976,0.139971,75.7114,60.3493,4.64013,15732,0,0,1253.85,624.749,82.0311,2,78.0242,67.6154,65.6154,60.3493,0,0,0,48.9864,28.0079,2,10.4088
4721.2,103859,97.0832,0.134842,75.7151,60.0412,4.64013,15732.5,0,0,1253.85,624.749,82.0311,2,78.0242,67.2909,65.2909,60.0412,0,0,0,48.989,28.0076,2,10.7333
4721.3,103862,97.0686,0.129727,75.7187,59.3649,4.61307,15732.9,0,0,1247.54,624.236,81.5515,2,77.5583,66.5788,64.5788,59.3649,0,0,0,48.9917,28.0074,2,10.9795
4721.4,103864,97.0521,0.124626,75.7221,58.9135,4.54988,15733.4,0,0,1232.77,623.033,80.4304,2,76.4694,66.1035,64.1035,58.9135,0,0,0,48.9942,28.0071,2,10.3659
4721.5,103867,97.0361,0.119539,75.7254,59.3447,4.60916,15733.9,0,0,1246.63,624.161,81.482,2,77.4908,66.5578,64.5578,59.3447,0,0,0,48.9968,28.0068,2,10.9331
4721.6,103870,97.0217,0.114467,75.7286,60.2191,4.64013,15734.3,0,0,1253.85,624.749,82.0311,2,78.0242,67.4787,65.4787,60.2191,0,0,0,48.9994,28.0065,2,10.5455
4721.7,103872,97.0096,0.10941,75.7316,61.1736,4.73083,15734.8,0,0,1274.9,626.463,83.6375,2,79.5845,68.4841,66.4841,61.1736,0,0,0,49.0021,28.0063,2,11.1005
4721.8,103875,96.9993,0.104369,75.7344,62.5933,4.79127,15735.3,0,0,1288.68,627.696,84.7078,2,80.6235,69.9794,67.9794,62.5933,0,0,0,49.0047,28.006,3,10.6441
4721.9,103878,96.9932,0.0993423,75.7372,64.576,4.91363,15735.8,0,0,1315.87,630.425,86.8713,2,82.7221,72.0718,70.0718,64.576,0,0,0,49.0073,28.0057,3,10.6503
4722,103880,96.991,0.0943316,75.7398,66.2024,5.01266,15736.3,0,0,1338.46,632.264,88.6203,2,84.4207,73.7916,71.7916,66.2024,0,0,0,49.0099,28.0055,3,10.6291
4722.1,103883,96.9915,0.0893367,75.7423,67.4057,5.06878,15736.8,0,0,1351.96,632.894,89.6031,2,85.3775,75.0639,73.0639,67.4057,0,0,0,49.0124,28.0052,3,10.3135
4722.2,103886,96.9944,0.0843577,75.7446,68.1946,5.14887,15737.3,0,0,1369.23,634.769,91.0167,2,86.7479,75.8981,73.8981,68.1946,0,0,0,49.015,28.0049,3,10.8498
4722.3,103889,96.9983,0.0793949,75.7468,68.8032,5.14887,15737.8,0,0,1369.23,634.769,91.0167,2,86.7479,76.5416,74.5416,68.8032,0,0,0,49.0175,28.0047,3,10.2063
4722.4,103891,97.0038,0.0744487,75.7489,70.0282,5.28636,15738.3,0,0,1400,637.274,93.4293,2,89.0906,77.8369,75.8369,70.0282,0,0,0,49.0202,28.0044,3,11.2537
4722.5,103894,97.0128,0.0695191,75.7508,71.8039,5.33116,15738.9,0,0,1420.5,632.824,94.1352,2,89.8058,79.7145,77.7145,71.8039,0,0,0,49.0227,28.0041,3,10.0912
4722.6,103897,97.0255,0.0646064,75.7526,73.8563,5.47101,15739.4,0,0,1478.21,622.104,96.3004,2,91.9794,81.8846,79.8846,73.8563,0,0,0,49.0251,28.0038,3,10.0947
4722.7,103899,97.0427,0.0597107,75.7543,76.4035,5.63634,15740,0,0,1561.95,603.829,98.7665,2,94.4794,84.5879,82.5879,76.4035,0,0,0,49.0275,28.0036,3,9.89143
4722.8,103902,97.0656,0.0548321,75.7559,78.9563,5.79781,15740.6,0,0,1626.43,594.689,101.287,2,96.9793,87.2986,85.2986,78.9563,0,0,0,49.0299,28.0033,3,9.68075
4722.9,103905,97.0929,0.0499706,75.7573,80.2707,5.95137,15741.1,0,0,1667.05,594.689,103.817,2,99.4443,88.6942,86.6942,80.2707,0,0,0,49.0325,28.003,3,10.7502
4723,103907,97.121,0.0451264,75.7586,80.7558,5.98122,15741.7,0,0,1674.91,594.689,104.306,2,99.9213,89.2092,87.2092,80.7558,0,0,0,49.0351,28.0028,3,10.7121
4723.1,103910,97.1503,0.0402999,75.7597,81.1495,6.00543,15742.3,0,0,1681.28,594.689,104.703,2,100.308,89.6271,87.6271,81.1495,0,0,0,49.0377,28.0025,3,10.6805
4723.2,103913,97.18,0.0354913,75.7607,81.3367,6.01681,15742.9,0,0,1684.27,594.689,104.889,2,100.489,89.8258,87.8258,81.3367,0,0,0,49.0403,28.0022,3,10.6633
4723.3,103915,97.2102,0.0307009,75.7616,81.0366,5.99789,15743.5,0,0,1679.3,594.689,104.579,2,100.187,89.507,87.507,81.0366,0,0,0,49.0429,28.0019,3,10.6804
4723.4,103918,97.2389,0.0259291,75.7624,80.6893,5.97605,15744.1,0,0,1673.55,594.689,104.222,2,99.8388,89.1381,87.1381,80.6893,0,0,0,49.0455,28.0017,3,10.7007
4723.5,103921,97.2678,0.0211762,75.763,79.9619,5.93066,15744.7,0,0,1661.59,594.689,103.477,2,99.113,88.3654,86.3654,79.9619,0,0,0,49.0481,28.0014,3,10.7476
4723.6,103924,97.2938,0.0164426,75.7635,78.7153,5.82931,15745.3,0,0,1634.78,594.689,101.807,2,97.4864,87.0414,85.0414,78.7153,0,0,0,49.0506,28.0011,3,10.4451
4723.7,103926,97.318,0.0117287,75.7639,77.4453,5.74512,15745.9,0,0,1608.45,596.043,100.396,2,96.1047,85.6925,83.6925,77.4453,0,0,0,49.0532,28.0009,3,10.4122
4723.8,103929,97.3392,0.00703496,75.7642,76.3344,5.6569,15746.5,0,0,1568.5,603.119,99.0638,2,94.7727,84.5126,82.5126,76.3344,0,0,0,49.0557,28.0006,3,10.2601
4723.9,103932,97.3593,0.00236175,75.7643,75.2568,5.576,15747,0,0,1526.13,612.445,97.8786,2,93.5702,83.368,81.368,75.2568,0,0,0,49.0582,28.0003,3,10.2022
4724,103934,97.3765,-0.00229053,75.7643,74.599,5.52503,15747.6,0,0,1494.97,620.285,97.1074,2,92.7768,82.6693,80.6693,74.599,0,0,0,49.0606,28,3,10.1075
4724.1,103937,97.3942,-0.00692152,75.7642,74.2441,5.49673,15748.1,0,0,1486.19,621.238,96.6854,2,92.3599,82.2932,80.2932,74.2441,0,0,0,49.0631,27.9998,3,10.0666
4724.2,103940,97.4102,-0.0115309,75.7639,73.6933,5.45539,15748.7,0,0,1469.79,624.103,96.0594,2,91.7333,81.7107,79.7107,73.6933,0,0,0,49.0655,27.9995,3,10.0226
4724.3,103943,97.426,-0.0161184,75.7635,73.6871,5.45472,15749.2,0,0,1469.38,624.21,96.049,2,91.7225,81.704,79.704,73.6871,0,0,0,49.0679,27.9992,3,10.0185
4724.4,103945,97.4422,-0.0206837,75.763,74.1622,5.48937,15749.8,0,0,1483.91,621.486,96.5754,2,92.2511,82.2065,80.2065,74.1622,0,0,0,49.0704,27.999,3,10.0446
4724.5,103948,97.46,-0.0252266,75.7624,74.7421,5.53478,15750.3,0,0,1497.99,619.957,97.2524,2,92.92,82.8206,80.8206,74.7421,0,0,0,49.0728,27.9987,3,10.0994
4724.6,103951,97.4787,-0.0297468,75.7617,75.5318,5.59408,15750.9,0,0,1540.29,608.494,98.1491,2,93.8541,83.6592,81.6592,75.5318,0,0,0,49.0753,27.9984,3,10.1949
4724.7,103953,97.4997,-0.0342443,75.7608,76.9176,5.7012,15751.4,0,0,1585.26,600.575,99.7003,2,95.4055,85.1309,83.1309,76.9176,0,0,0,49.0778,27.9981,3,10.2747
4724.8,103956,97.5239,-0.0387187,75.7598,78.629,5.81692,15752,0,0,1631.5,594.689,101.603,2,97.287,86.9484,84.9484,78.629,0,0,0,49.0803,27.9979,3,10.3386
4724.9,103959,97.5517,-0.0431702,75.7587,80.3609,5.95194,15752.6,0,0,1667.2,594.689,103.826,2,99.4534,88.7877,86.7877,80.3609,0,0,0,49.0829,27.9976,3,10.6657
4725,103961,97.5827,-0.0475984,75.7575,81.8839,6.04638,15753.2,0,0,1692.03,594.689,105.373,2,100.96,90.4052,88.4052,81.8839,0,0,0,49.0855,27.9973,3,10.5549
4725.1,103964,97.6164,-0.0520033,75.7561,83.1107,6.12273,15753.8,0,0,1712.03,594.689,106.618,2,102.173,91.7081,89.7081,83.1107,0,0,0,49.088,27.9971,3,10.4647
4725.2,103967,97.6522,-0.0563848,75.7547,83.9302,6.19295,15754.5,0,0,1730.35,594.689,107.759,2,103.284,92.5784,90.5784,83.9302,0,0,0,49.0906,27.9968,3,10.7056
4725.3,103970,97.6892,-0.0607427,75.7531,83.8714,6.18702,15755.1,0,0,1728.81,594.689,107.663,2,103.19,92.5158,90.5158,83.8714,0,0,0,49.0932,27.9965,3,10.6745
4725.4,103972,97.7248,-0.0650766,75.7514,82.8069,6.10295,15755.7,0,0,1706.86,594.689,106.296,2,101.859,91.3851,89.3851,82.8069,0,0,0,49.0958,27.9962,3,10.4741
4725.5,103975,97.7577,-0.0693864,75.7495,81.6336,6.0295,15756.3,0,0,1687.6,594.689,105.097,2,100.691,90.1387,88.1387,81.6336,0,0,0,49.0983,27.996,3,10.5525
4725.6,103978,97.7888,-0.0736715,75.7476,80.5519,5.96199,15756.9,0,0,1669.85,594.689,103.991,2,99.6141,88.9897,86.9897,80.5519,0,0,0,49.1009,27.9957,3,10.6244
4725.7,103980,97.8176,-0.0779318,75.7455,79.5605,5.89976,15757.5,0,0,1653.43,594.689,102.968,2,98.6179,87.9366,85.9366,79.5605,0,0,0,49.1035,27.9954,3,10.6813
4725.8,103983,97.8449,-0.0821669,75.7434,78.8827,5.83654,15758.1,0,0,1636.7,594.689,101.926,2,97.6027,87.2164,85.2164,78.8827,0,0,0,49.106,27.9952,3,10.3863
4725.9,103986,97.8712,-0.0863765,75.7411,78.1582,5.78419,15758.6,0,0,1622.81,594.689,101.061,2,96.7597,86.4468,84.4468,78.1582,0,0,0,49.1085,27.9949,3,10.313
4726,103989,97.8959,-0.0905604,75.7387,76.9865,5.70251,15759.2,0,0,1585.87,600.455,99.7189,2,95.4243,85.202,83.202,76.9865,0,0,0,49.111,27.9946,3,10.2222
4726.1,103991,97.9178,-0.0947182,75.7362,75.9624,5.62103,15759.8,0,0,1557.07,604.359,98.5445,2,94.2602,84.1141,82.1141,75.9624,0,0,0,49.1135,27.9944,3,10.1462
4726.2,103994,97.9386,-0.0988496,75.7335,75.3968,5.57941,15760.3,0,0,1528.77,611.708,97.9299,2,93.6241,83.5131,81.5131,75.3968,0,0,0,49.1159,27.9941,3,10.111
4726.3,103997,97.9584,-0.102954,75.7308,74.9127,5.54238,15760.9,0,0,1500.83,619.507,97.3659,2,93.0332,82.9987,80.9987,74.9127,0,0,0,49.1184,27.9938,3,10.0345
4726.4,104000,97.9775,-0.107032,75.7279,75.2596,5.56862,15761.4,0,0,1520.47,614.026,97.7671,2,93.4533,83.3672,81.3672,75.2596,0,0,0,49.1208,27.9935,3,10.0862
4726.5,104002,97.9988,-0.111083,75.725,76.1564,5.63476,15762,0,0,1561.45,603.884,98.7436,2,94.4567,84.3197,82.3197,76.1564,0,0,0,49.1233,27.9933,3,10.137
4726.6,104005,98.0215,-0.115107,75.7219,76.2952,5.64515,15762.6,0,0,1564.75,603.525,98.894,2,94.6051,84.4671,82.4671,76.2952,0,0,0,49.1258,27.993,3,10.138
4726.7,104008,98.0435,-0.119104,75.7187,75.5584,5.58979,15763.1,0,0,1536.89,609.441,98.0853,2,93.7872,83.6843,81.6843,75.5584,0,0,0,49.1282,27.9927,3,10.1029
4726.8,104010,98.0634,-0.123073,75.7154,74.4761,5.50648,15763.7,0,0,1489.21,620.91,96.831,2,92.5037,82.5366,80.5366,74.4761,0,0,0,49.1306,27.9924,3,9.96709
4726.9,104013,98.0814,-0.127015,75.712,72.8949,5.3937,15764.2,0,0,1436.23,632.264,95.0934,2,90.7448,80.864,78.864,72.8949,0,0,0,49.1331,27.9922,3,9.88083
4727,104016,98.0954,-0.130928,75.7085,70.7478,5.28636,15764.7,0,0,1400,637.274,93.4293,2,89.0906,78.5926,76.5926,70.7478,0,0,0,49.1356,27.9919,3,10.4979
4727.1,104019,98.1052,-0.134813,75.7048,68.7808,5.14887,15765.3,0,0,1369.23,634.769,91.0167,2,86.7479,76.5118,74.5118,68.7808,0,0,0,49.1381,27.9916,3,10.2361
4727.2,104021,98.1118,-0.138669,75.7011,67.3276,5.04047,15765.8,0,0,1345.76,632.264,89.1035,2,84.8929,74.9745,72.9745,67.3276,0,0,0,49.1405,27.9914,3,9.91838
4727.3,104024,98.1163,-0.142497,75.6973,66.2108,5.01266,15766.3,0,0,1338.46,632.264,88.6203,2,84.4207,73.7931,71.7931,66.2108,0,0,0,49.1431,27.9911,3,10.6276
4727.4,104027,98.1189,-0.146295,75.6934,65.2798,4.9819,15766.8,0,0,1331.46,631.695,88.0775,2,83.8936,72.8083,70.8083,65.2798,0,0,0,49.1458,27.9908,3,11.0854
4727.5,104029,98.12,-0.150064,75.6893,64.6884,4.89698,15767.3,0,0,1312.06,630.115,86.5769,2,82.4363,72.1826,70.1826,64.6884,0,0,0,49.1483,27.9905,3,10.2537
4727.6,104032,98.1205,-0.153804,75.6852,64.4148,4.87793,15767.7,0,0,1307.69,629.759,86.24,2,82.109,71.8932,69.8932,64.4148,0,0,0,49.1508,27.9903,3,10.2158
4727.7,104035,98.1208,-0.157514,75.6809,63.7221,4.87793,15768.2,0,0,1307.69,629.759,86.24,2,82.109,71.1629,69.1629,63.7221,0,0,0,49.1534,27.99,3,10.9461
4727.8,104038,98.119,-0.161194,75.6766,62.8349,4.79099,15768.7,0,0,1288.62,627.689,84.7028,2,80.6187,70.2282,68.2282,62.8349,0,0,0,49.1559,27.9897,3,10.3904
4727.9,104040,98.1161,-0.164844,75.6721,62.4447,4.77286,15769.2,0,0,1284.62,627.254,84.3811,2,80.3068,69.8172,67.8172,62.4447,0,0,0,49.1585,27.9895,2,10.4896
4728,104043,98.113,-0.168464,75.6676,62.2519,4.77286,15769.7,0,0,1284.62,627.254,84.3811,2,80.3068,69.614,67.614,62.2519,0,0,0,49.1611,27.9892,2,10.6928
4728.1,104046,98.1097,-0.172055,75.663,62.1718,4.77286,15770.1,0,0,1284.62,627.254,84.3811,2,80.3068,69.5296,67.5296,62.1718,0,0,0,49.1637,27.9889,2,10.7771
4728.2,104049,98.1066,-0.175614,75.6582,62.0985,4.77286,15770.6,0,0,1284.62,627.254,84.3811,2,80.3068,69.4524,67.4524,62.0985,0,0,0,49.1664,27.9887,2,10.8544
4728.3,104051,98.1032,-0.179144,75.6534,61.4685,4.73444,15771.1,0,0,1275.74,626.531,83.7014,2,79.6466,68.7887,66.7887,61.4685,0,0,0,49.169,27.9884,2,10.8578
4728.4,104054,98.0979,-0.182643,75.6485,60.1002,4.64013,15771.6,0,0,1253.85,624.749,82.0311,2,78.0242,67.3471,65.3471,60.1002,0,0,0,49.1716,27.9881,2,10.6771
4728.5,104057,98.0896,-0.186112,75.6434,58.6347,4.50858,15772,0,0,1223.08,622.244,79.6972,2,75.7571,65.8032,63.8032,58.6347,0,0,0,49.174,27.9879,2,9.95391
4728.6,104059,98.0789,-0.18955,75.6383,57.4242,4.49278,15772.5,0,0,1218.73,622.244,79.414,2,75.4801,64.5279,62.5279,57.4242,0,0,0,49.1767,27.9876,2,10.9522
4728.7,104062,98.0662,-0.192957,75.6331,56.1208,4.41068,15772.9,0,0,1200.87,619.88,77.9527,2,74.0653,63.1548,61.1548,56.1208,0,0,0,49.1793,27.9873,2,10.9105
4728.8,104065,98.0509,-0.196333,75.6278,54.6987,4.32194,15773.3,0,0,1185.43,614.993,76.3437,2,72.521,61.6567,59.6567,54.6987,0,0,0,49.182,27.9871,2,10.8643
4728.9,104068,98.033,-0.199678,75.6224,53.55,4.2437,15773.7,0,0,1171.83,610.564,74.9243,2,71.1591,60.4465,58.4465,53.55,0,0,0,49.1846,27.9868,2,10.7125
4729,104070,98.0136,-0.202992,75.6169,52.6516,4.20205,15774.2,0,0,1164.54,608.19,74.1687,2,70.4341,59.5038,57.5038,52.6516,0,0,0,49.1872,27.9865,2,10.9303
4729.1,104073,97.9926,-0.206274,75.6114,51.3106,4.11317,15774.6,0,0,1145.98,604.652,72.5621,2,68.8837,58.0967,56.0967,51.3106,0,0,0,49.1898,27.9863,2,10.787
4729.2,104076,97.9683,-0.209525,75.6057,50.2872,4.06442,15775,0,0,1137.68,601.694,71.6842,2,68.0425,57.0229,55.0229,50.2872,0,0,0,49.1925,27.986,2,11.0195
4729.3,104079,97.9438,-0.212745,75.6,50.0146,4.04735,15775.4,0,0,1135.44,600.238,71.3702,2,67.7439,56.737,54.737,50.0146,0,0,0,49.1952,27.9857,2,11.0069
4729.4,104081,97.9188,-0.215933,75.5941,49.8681,4.03806,15775.8,0,0,1134.23,599.445,71.1996,2,67.5816,56.5833,54.5833,49.8681,0,0,0,49.1979,27.9855,2,10.9983
4729.5,104084,97.8941,-0.21909,75.5882,50.3478,4.0674,15776.2,0,0,1138.07,601.948,71.739,2,68.0946,57.0869,55.0869,50.3478,0,0,0,49.2006,27.9852,2,11.0077
4729.6,104087,97.8713,-0.222215,75.5822,51.1623,4.1054,15776.6,0,0,1144.61,604.208,72.4226,2,68.7499,57.9418,55.9418,51.1623,0,0,0,49.2032,27.9849,2,10.8081
4729.7,104089,97.8501,-0.225309,75.5761,51.7847,4.14567,15777,0,0,1153.06,605.834,73.1536,2,69.4552,58.595,56.595,51.7847,0,0,0,49.2058,27.9847,2,10.8602
4729.8,104092,97.8301,-0.228371,75.57,52.461,4.19178,15777.4,0,0,1162.73,607.602,73.9822,2,70.2552,59.3048,57.3048,52.461,0,0,0,49.2085,27.9844,2,10.9504
4729.9,104095,97.8117,-0.231403,75.5637,52.6056,4.19824,15777.9,0,0,1163.87,607.972,74.0995,2,70.3677,59.4566,57.4566,52.6056,0,0,0,49.2111,27.9841,2,10.9111
4730,104098,97.7926,-0.234403,75.5574,51.6118,4.13182,15778.3,0,0,1150.07,605.347,72.9051,2,69.2151,58.4139,56.4139,51.6118,0,0,0,49.2138,27.9839,2,10.8012
4730.1,104100,97.7708,-0.237372,75.551,50.2455,4.05957,15778.7,0,0,1137.04,601.281,71.5951,2,67.9577,56.9803,54.9803,50.2455,0,0,0,49.2164,27.9836,2,10.9774
4730.2,104103,97.7467,-0.240309,75.5445,48.8757,3.96787,15779.1,0,0,1121.12,595.623,69.9284,2,66.3606,55.5431,53.5431,48.8757,0,0,0,49.2191,27.9833,2,10.8176
4730.3,104106,97.7199,-0.243215,75.5379,47.5271,3.8809,15779.5,0,0,1106.96,589.56,68.3424,2,64.8446,54.1281,52.1281,47.5271,0,0,0,49.2217,27.9831,2,10.7164
4730.4,104108,97.691,-0.24609,75.5313,46.6333,3.81597,15779.9,0,0,1092.46,587.199,67.1769,2,63.7182,53.1905,51.1905,46.6333,0,0,0,49.2242,27.9828,2,10.5277
4730.5,104111,97.6611,-0.248934,75.5246,46.0892,3.79165,15780.2,0,0,1087.96,585.758,66.7358,2,63.2951,52.6198,50.6198,46.0892,0,0,0,49.2268,27.9825,2,10.6753
4730.6,104114,97.6304,-0.251746,75.5178,45.6718,3.77301,15780.6,0,0,1084.5,584.65,66.3976,2,62.9706,52.1821,50.1821,45.6718,0,0,0,49.2294,27.9823,2,10.7886
4730.7,104117,97.5993,-0.254527,75.5109,45.5096,3.7611,15781,0,0,1081.81,584.213,66.1839,2,62.7641,52.0122,50.0122,45.5096,0,0,0,49.2321,27.982,2,10.7519
4730.8,104119,97.5684,-0.257277,75.504,45.2423,3.74169,15781.4,0,0,1077.43,583.499,65.8354,2,62.4274,51.732,49.732,45.2423,0,0,0,49.2347,27.9817,2,10.6954
4730.9,104122,97.5366,-0.259996,75.497,44.6114,3.69837,15781.7,0,0,1068.21,581.496,65.0475,2,61.6681,51.0704,49.0704,44.6114,0,0,0,49.2372,27.9815,2,10.5978
4731,104125,97.5036,-0.262684,75.4899,44.306,3.67982,15782.1,0,0,1065.71,579.87,64.7139,2,61.3512,50.7503,48.7503,44.306,0,0,0,49.2398,27.9812,2,10.6009
4731.1,104127,97.471,-0.265341,75.4827,44.3014,3.67933,15782.5,0,0,1065.64,579.825,64.7048,2,61.3425,50.7457,48.7457,44.3014,0,0,0,49.2424,27.9809,2,10.5968
4731.2,104130,97.4384,-0.267967,75.4755,44.1131,3.66807,15782.8,0,0,1064.09,578.815,64.498,2,61.146,50.5484,48.5484,44.1131,0,0,0,49.245,27.9807,2,10.5976
4731.3,104133,97.4054,-0.270562,75.4682,43.9204,3.65658,15783.2,0,0,1062.5,577.782,64.2869,2,60.9453,50.3466,48.3466,43.9204,0,0,0,49.2475,27.9804,2,10.5987
4731.4,104135,97.3724,-0.273127,75.4609,43.671,3.64015,15783.6,0,0,1059.38,576.802,63.989,2,60.6596,50.0852,48.0852,43.671,0,0,0,49.2501,27.9801,2,10.5743
4731.5,104138,97.3388,-0.275661,75.4535,42.9857,3.59162,15783.9,0,0,1048.25,574.99,63.1178,2,59.8177,49.3666,47.3666,42.9857,0,0,0,49.2526,27.9799,2,10.4511
4731.6,104141,97.3035,-0.278164,75.446,42.2454,3.55629,15784.3,0,0,1041.18,573.03,62.4787,2,59.2037,48.5889,46.5889,42.2454,0,0,0,49.2552,27.9796,2,10.6147
4731.7,104144,97.2674,-0.280637,75.4384,41.7191,3.53073,15784.6,0,0,1036.88,571.114,62.0127,2,58.7586,48.0345,46.0345,41.7191,0,0,0,49.2578,27.9793,2,10.7241
4731.8,104146,97.2304,-0.28308,75.4308,41.3658,3.51016,15785,0,0,1033.98,569.226,61.6349,2,58.3997,47.6623,45.6623,41.3658,0,0,0,49.2604,27.9791,2,10.7374
4731.9,104149,97.1934,-0.285493,75.4231,41.9429,3.5429,15785.3,0,0,1038.64,572.201,62.2358,2,58.9707,48.2712,46.2712,41.9429,0,0,0,49.263,27.9788,2,10.6995
4732,104152,97.159,-0.287876,75.4154,43.3577,3.61647,15785.7,0,0,1053.95,575.919,63.564,2,60.2488,49.7587,47.7587,43.3577,0,0,0,49.2656,27.9785,2,10.4901
4732.1,104154,97.1278,-0.290229,75.4076,44.7208,3.70249,15786.1,0,0,1068.72,581.834,65.1168,2,61.734,51.1891,49.1891,44.7208,0,0,0,49.2682,27.9783,2,10.5449
4732.2,104157,97.099,-0.292552,75.3997,45.782,3.77537,15786.4,0,0,1084.96,584.78,66.4405,2,63.0118,52.3027,50.3027,45.782,0,0,0,49.2708,27.978,2,10.7091
4732.3,104160,97.0723,-0.294846,75.3918,47.2237,3.85336,15786.8,0,0,1100.82,588.561,67.8482,2,64.3669,53.8153,51.8153,47.2237,0,0,0,49.2733,27.9777,2,10.5516
4732.4,104162,97.0494,-0.29711,75.3838,49.0079,3.97134,15787.2,0,0,1121.89,595.748,69.9907,2,66.4208,55.6873,53.6873,49.0079,0,0,0,49.2759,27.9775,2,10.7335
4732.5,104165,97.0299,-0.299346,75.3758,50.5415,4.07168,15787.6,0,0,1138.68,602.276,71.8168,2,68.1687,57.2964,55.2964,50.5415,0,0,0,49.2786,27.9772,2,10.8723
4732.6,104168,97.0133,-0.301553,75.3677,51.7071,4.13134,15788,0,0,1149.97,605.33,72.8966,2,69.2069,58.5194,56.5194,51.7071,0,0,0,49.2812,27.9769,2,10.6875
4732.7,104171,96.9986,-0.303732,75.3596,52.704,4.1977,15788.5,0,0,1163.77,607.941,74.0897,2,70.3584,59.5653,57.5653,52.704,0,0,0,49.2838,27.9767,2,10.7931
4732.8,104173,96.9861,-0.305882,75.3513,53.143,4.21776,15788.9,0,0,1167.29,609.087,74.4537,2,70.7076,60.0266,58.0266,53.143,0,0,0,49.2864,27.9764,2,10.681
4732.9,104176,96.9733,-0.308004,75.3431,52.1933,4.16681,15789.3,0,0,1157.62,606.577,73.533,2,69.8219,59.0296,57.0296,52.1933,0,0,0,49.289,27.9761,2,10.7923
4733,104179,96.9573,-0.310098,75.3347,50.2465,4.05264,15789.7,0,0,1136.14,600.689,71.4675,2,67.8364,56.9875,54.9875,50.2465,0,0,0,49.2917,27.9759,2,10.8489
4733.1,104181,96.9372,-0.312164,75.3264,48.8689,3.95909,15790.1,0,0,1119.19,595.308,69.7708,2,66.2083,55.5425,53.5425,48.8689,0,0,0,49.2943,27.9756,2,10.6658
4733.2,104184,96.9161,-0.314203,75.3179,48.2276,3.91699,15790.5,0,0,1112.08,592.534,69.0043,2,65.4747,54.8699,52.8699,48.2276,0,0,0,49.2968,27.9753,2,10.6048
4733.3,104187,96.8937,-0.316213,75.3095,47.7656,3.88882,15790.9,0,0,1108.31,590.083,68.4865,2,64.9824,54.3854,52.3854,47.7656,0,0,0,49.2994,27.9751,2,10.597
4733.4,104189,96.8711,-0.318196,75.3009,48.2041,3.91509,15791.3,0,0,1111.82,592.369,68.9694,2,65.4415,54.8456,52.8456,48.2041,0,0,0,49.302,27.9748,2,10.596
4733.5,104192,96.8507,-0.320152,75.2923,49.2039,3.98251,15791.7,0,0,1124.34,596.148,70.191,2,66.6145,55.8945,53.8945,49.2039,0,0,0,49.3046,27.9745,2,10.7199
4733.6,104195,96.8323,-0.322081,75.2837,49.668,4.01559,15792.1,0,0,1131.27,597.522,70.7863,2,67.1887,56.3816,54.3816,49.668,0,0,0,49.3072,27.9743,2,10.8071
4733.7,104197,96.8139,-0.323983,75.275,50.2993,4.05418,15792.5,0,0,1136.34,600.82,71.4958,2,67.8633,57.0439,55.0439,50.2993,0,0,0,49.3098,27.974,2,10.8194
4733.8,104200,96.7982,-0.325858,75.2663,51.421,4.10966,15792.9,0,0,1145.36,604.451,72.4991,2,68.8233,58.2207,56.2207,51.421,0,0,0,49.3124,27.9737,2,10.6026
4733.9,104203,96.7844,-0.327707,75.2575,51.5971,4.11938,15793.3,0,0,1147.35,604.904,72.6794,2,68.9969,58.4056,56.4056,51.5971,0,0,0,49.315,27.9735,2,10.5914
4734,104206,96.7696,-0.32953,75.2486,50.9031,4.08551,15793.7,0,0,1141.12,603.068,72.0651,2,68.4069,57.6776,55.6776,50.9031,0,0,0,49.3176,27.9732,2,10.7293
4734.1,104208,96.7533,-0.331327,75.2398,50.0015,4.03485,15794.1,0,0,1133.8,599.17,71.1405,2,67.5254,56.732,54.732,50.0015,0,0,0,49.3202,27.9729,2,10.7934
4734.2,104211,96.7352,-0.333098,75.2308,48.0271,3.90245,15794.5,0,0,1110.14,591.27,68.737,2,65.2206,54.661,52.661,48.0271,0,0,0,49.3228,27.9727,2,10.5596
4734.3,104214,96.7114,-0.334843,75.2219,45.0764,3.72035,15794.9,0,0,1072.56,582.705,65.4481,2,62.0531,51.566,49.566,45.0764,0,0,0,49.3253,27.9724,2,10.4871
4734.4,104216,96.682,-0.336563,75.2128,42.9694,3.58255,15795.2,0,0,1046.16,574.65,62.955,2,59.6603,49.3561,47.3561,42.9694,0,0,0,49.3279,27.9721,2,10.3042
4734.5,104219,96.6503,-0.338258,75.2038,42.0374,3.54266,15795.6,0,0,1038.59,572.186,62.2315,2,58.9666,48.3774,46.3774,42.0374,0,0,0,49.3304,27.9719,2,10.5892
4734.6,104222,96.6176,-0.339927,75.1947,41.5927,3.51697,15795.9,0,0,1034.94,569.852,61.7599,2,58.5185,47.9077,45.9077,41.5927,0,0,0,49.333,27.9716,2,10.6107
4734.7,104224,96.5845,-0.341572,75.1855,41.782,3.52769,15796.3,0,0,1036.45,570.836,61.9568,2,58.7056,48.1083,46.1083,41.782,0,0,0,49.3356,27.9713,2,10.5973
4734.8,104227,96.5527,-0.343192,75.1764,42.0434,3.54245,15796.7,0,0,1038.55,572.173,62.2276,2,58.9629,48.3849,46.3849,42.0434,0,0,0,49.3382,27.9711,2,10.5779
4734.9,104230,96.5209,-0.344787,75.1671,41.8746,3.53263,15797,0,0,1037.15,571.288,62.0474,2,58.7916,48.207,46.207,41.8746,0,0,0,49.3407,27.9708,2,10.5847
4735,104232,96.4889,-0.346358,75.1579,41.5115,3.51142,15797.4,0,0,1034.16,569.343,61.6582,2,58.4218,47.8233,45.8233,41.5115,0,0,0,49.3433,27.9705,2,10.5985
4735.1,104235,96.4559,-0.347906,75.1486,40.8387,3.46929,15797.7,0,0,1026.54,566.445,60.8922,2,57.6888,47.1123,45.1123,40.8387,0,0,0,49.3459,27.9703,2,10.5766
4735.2,104238,96.4215,-0.349429,75.1392,40.246,3.42781,15798,0,0,1016.83,564.863,60.1477,2,56.9694,46.4856,44.4856,40.246,0,0,0,49.3484,27.97,2,10.4838
4735.3,104240,96.3865,-0.35093,75.1298,40.5538,3.44893,15798.4,0,0,1021.78,565.67,60.5268,2,57.3357,46.8114,44.8114,40.5538,0,0,0,49.351,27.9697,2,10.5243
4735.4,104243,96.3536,-0.352407,75.1204,41.3704,3.50244,15798.7,0,0,1032.89,568.517,61.4932,2,58.2651,47.6756,45.6756,41.3704,0,0,0,49.3536,27.9695,2,10.5895
4735.5,104246,96.3221,-0.353861,75.111,42.3269,3.55342,15799.1,0,0,1040.64,572.852,62.4267,2,59.1538,48.6859,46.6859,42.3269,0,0,0,49.3561,27.9692,2,10.4679
4735.6,104248,96.2932,-0.355293,75.1015,44.4313,3.67678,15799.5,0,0,1065.29,579.597,64.658,2,61.298,50.8934,48.8934,44.4313,0,0,0,49.3586,27.9689,2,10.4046
4735.7,104251,96.2702,-0.356703,75.092,46.9555,3.82056,15799.8,0,0,1093.49,587.367,67.2594,2,63.7979,53.541,51.541,46.9555,0,0,0,49.3611,27.9687,2,10.2569
4735.8,104254,96.2514,-0.358091,75.0824,48.1282,3.90488,15800.2,0,0,1110.46,591.481,68.7816,2,65.263,54.7711,52.7711,48.1282,0,0,0,49.3637,27.9684,2,10.4919
4735.9,104256,96.2333,-0.359457,75.0728,48.5735,3.9316,15800.6,0,0,1114.02,593.801,69.2729,2,65.7301,55.2381,53.2381,48.5735,0,0,0,49.3662,27.9681,2,10.492
4736,104259,96.2165,-0.360802,75.0632,49.5154,3.99825,15801,0,0,1127.8,596.711,70.4736,2,66.8875,56.2261,54.2261,49.5154,0,0,0,49.3688,27.9679,2,10.6614
4736.1,104262,96.2022,-0.362126,75.0535,50.5623,4.06464,15801.4,0,0,1137.71,601.712,71.6883,2,68.0463,57.3242,55.3242,50.5623,0,0,0,49.3714,27.9676,2,10.7221
4736.2,104265,96.1896,-0.36343,75.0438,51.3537,4.10227,15801.8,0,0,1144.06,604.028,72.3662,2,68.6958,58.1543,56.1543,51.3537,0,0,0,49.374,27.9673,2,10.5415
4736.3,104267,96.1786,-0.364713,75.0341,52.9694,4.20347,15802.3,0,0,1164.78,608.271,74.1943,2,70.4587,59.851,57.851,52.9694,0,0,0,49.3766,27.9671,2,10.6077
4736.4,104270,96.1726,-0.365976,75.0244,54.715,4.29569,15802.7,0,0,1180.88,613.511,75.8675,2,72.064,61.689,59.689,54.715,0,0,0,49.3791,27.9668,2,10.3749
4736.5,104273,96.1685,-0.36722,75.0146,55.312,4.35124,15803.1,0,0,1190.49,616.642,76.8753,2,73.031,62.3176,60.3176,55.312,0,0,0,49.3817,27.9665,2,10.7134
4736.6,104275,96.165,-0.368444,75.0047,55.5334,4.36674,15803.6,0,0,1193.16,617.512,77.1565,2,73.3008,62.5508,60.5508,55.5334,0,0,0,49.3843,27.9663,2,10.75
4736.7,104278,96.1619,-0.369649,74.9949,56.1455,4.3954,15804,0,0,1198.09,619.116,77.6765,2,73.7997,63.1953,61.1953,56.1455,0,0,0,49.3869,27.966,2,10.6044
4736.8,104281,96.1608,-0.370836,74.985,57.1231,4.464,15804.5,0,0,1211.96,621.686,78.9018,2,74.9827,64.2247,62.2247,57.1231,0,0,0,49.3895,27.9657,2,10.758
4736.9,104283,96.1617,-0.372003,74.9751,58.9803,4.50858,15804.9,0,0,1223.08,622.244,79.6972,2,75.7571,66.18,64.18,58.9803,0,0,0,49.3918,27.9654,2,9.57709
4737,104286,96.168,-0.373153,74.9651,61.1541,4.64226,15805.4,0,0,1254.34,624.79,82.0689,2,78.0609,68.4688,66.4688,61.1541,0,0,0,49.3942,27.9652,2,9.59214
4737.1,104289,96.1774,-0.374285,74.9551,62.1787,4.77286,15805.8,0,0,1284.62,627.254,84.3811,2,80.3068,69.5475,67.5475,62.1787,0,0,0,49.3968,27.9649,2,10.7592
4737.2,104291,96.1877,-0.3754,74.9451,62.1081,4.77286,15806.3,0,0,1284.62,627.254,84.3811,2,80.3068,69.4731,67.4731,62.1081,0,0,0,49.3994,27.9646,2,10.8337
4737.3,104294,96.1969,-0.376498,74.9351,61.3981,4.67458,15806.8,0,0,1261.86,625.402,82.6416,2,78.6172,68.7255,66.7255,61.3981,0,0,0,49.4018,27.9644,2,9.89167
4737.4,104297,96.2044,-0.377579,74.925,60.2187,4.64013,15807.3,0,0,1253.85,624.749,82.0311,2,78.0242,67.4836,65.4836,60.2187,0,0,0,49.4044,27.9641,2,10.5406
4737.5,104299,96.209,-0.378643,74.9149,58.9514,4.50858,15807.7,0,0,1223.08,622.244,79.6972,2,75.7571,66.1492,64.1492,58.9514,0,0,0,49.4067,27.9638,2,9.6079
4737.6,104302,96.2116,-0.379691,74.9048,58.5781,4.50858,15808.2,0,0,1223.08,622.244,79.6972,2,75.7571,65.7561,63.7561,58.5781,0,0,0,49.4091,27.9636,2,10.001
4737.7,104305,96.2148,-0.380723,74.8946,59.2106,4.50858,15808.6,0,0,1223.08,622.244,79.6972,2,75.7571,66.4221,64.4221,59.2106,0,0,0,49.4114,27.9633,2,9.33502
4737.8,104307,96.2199,-0.381739,74.8844,60.5613,4.64013,15809.1,0,0,1253.85,624.749,82.0311,2,78.0242,67.8443,65.8443,60.5613,0,0,0,49.4139,27.963,2,10.1799
4737.9,104310,96.2284,-0.38274,74.8742,62.5753,4.77286,15809.5,0,0,1284.62,627.254,84.3811,2,80.3068,69.9647,67.9647,62.5753,0,0,0,49.4164,27.9628,2,10.342
4738,104313,96.2415,-0.383726,74.864,65.15,4.90393,15810,0,0,1313.65,630.244,86.6999,2,82.5557,72.6842,70.6842,65.15,0,0,0,49.4188,27.9625,3,9.87143
4738.1,104315,96.2601,-0.384698,74.8537,67.6687,5.0377,15810.5,0,0,1345.03,632.264,89.0553,2,84.8458,75.3466,73.3466,67.6687,0,0,0,49.4211,27.9622,3,9.49917
4738.2,104318,96.283,-0.385656,74.8434,69.6693,5.14887,15811.1,0,0,1369.23,634.769,91.0167,2,86.7479,77.4614,75.4614,69.6693,0,0,0,49.4234,27.9619,3,9.28653
4738.3,104321,96.3093,-0.386599,74.833,71.0917,5.28636,15811.6,0,0,1400,637.274,93.4293,2,89.0906,78.9649,76.9649,71.0917,0,0,0,49.4258,27.9617,3,10.1257
4738.4,104323,96.3377,-0.38753,74.8227,71.8775,5.30129,15812.1,0,0,1406.79,635.799,93.6654,2,89.3297,79.7954,77.7954,71.8775,0,0,0,49.4281,27.9614,3,9.5343
4738.5,104326,96.3669,-0.388447,74.8123,71.9115,5.30291,15812.6,0,0,1407.53,635.639,93.691,2,89.3557,79.8314,77.8314,71.9115,0,0,0,49.4305,27.9611,3,9.52433
4738.6,104329,96.3953,-0.389351,74.8019,70.7065,5.28636,15813.2,0,0,1400,637.274,93.4293,2,89.0906,78.5573,76.5573,70.7065,0,0,0,49.433,27.9609,3,10.5333
4738.7,104331,96.4197,-0.390243,74.7915,68.8671,5.14887,15813.7,0,0,1369.23,634.769,91.0167,2,86.7479,76.6126,74.6126,68.8671,0,0,0,49.4355,27.9606,3,10.1353
4738.8,104334,96.4408,-0.391123,74.781,67.2666,5.02438,15814.2,0,0,1341.54,632.264,88.8239,2,84.6197,74.9205,72.9205,67.2666,0,0,0,49.4378,27.9603,3,9.69922
4738.9,104337,96.4589,-0.391991,74.7705,66.6441,5.01266,15814.7,0,0,1338.46,632.264,88.6203,2,84.4207,74.2623,72.2623,66.6441,0,0,0,49.4403,27.96,3,10.1585
4739,104339,96.4774,-0.392847,74.76,67.4655,5.0303,15815.2,0,0,1343.09,632.264,88.9269,2,84.7204,75.1305,73.1305,67.4655,0,0,0,49.4426,27.9598,3,9.58981
4739.1,104342,96.4986,-0.393692,74.7494,69.2069,5.14887,15815.7,0,0,1369.23,634.769,91.0167,2,86.7479,76.9714,74.9714,69.2069,0,0,0,49.445,27.9595,3,9.77654
4739.2,104345,96.5239,-0.394527,74.7389,71.0292,5.28636,15816.2,0,0,1400,637.274,93.4293,2,89.0906,78.8978,76.8978,71.0292,0,0,0,49.4475,27.9592,3,10.1928
4739.3,104347,96.5522,-0.395351,74.7283,72.6405,5.34057,15816.8,0,0,1424.07,632.264,94.2885,2,89.9587,80.6012,78.6012,72.6405,0,0,0,49.4498,27.959,3,9.35752
4739.4,104350,96.5836,-0.396165,74.7177,73.2549,5.38394,15817.3,0,0,1434.01,632.264,94.9467,2,90.6016,81.2507,79.2507,73.2549,0,0,0,49.452,27.9587,3,9.35091
4739.5,104353,96.6141,-0.39697,74.707,72.1932,5.31588,15817.8,0,0,1413.47,634.351,93.8952,2,89.5626,80.128,78.128,72.1932,0,0,0,49.4543,27.9584,3,9.43462
4739.6,104355,96.6412,-0.397765,74.6964,70.5474,5.26404,15818.4,0,0,1395.02,636.869,93.0381,2,88.7107,78.3878,76.3878,70.5474,0,0,0,49.4569,27.9581,3,10.3229
4739.7,104358,96.6652,-0.398551,74.6857,69.4386,5.14887,15818.9,0,0,1369.23,634.769,91.0167,2,86.7479,77.2154,75.2154,69.4386,0,0,0,49.4592,27.9579,3,9.53247
4739.8,104361,96.6878,-0.399328,74.675,68.4689,5.10931,15819.4,0,0,1360.71,633.844,90.3187,2,86.0712,76.19,74.19,68.4689,0,0,0,49.4616,27.9576,3,9.8812
4739.9,104364,96.7079,-0.400098,74.6642,67.3056,5.02426,15819.9,0,0,1341.51,632.264,88.8219,2,84.6178,74.9599,72.9599,67.3056,0,0,0,49.4639,27.9573,3,9.65784
4740,104366,96.7259,-0.400859,74.6535,67.1535,5.01943,15820.4,0,0,1340.24,632.264,88.7379,2,84.5357,74.799,72.799,67.1535,0,0,0,49.4663,27.957,3,9.73668
4740.1,104369,96.7453,-0.401613,74.6427,68.0847,5.06459,15820.9,0,0,1351.05,632.796,89.5291,2,85.3057,75.7835,73.7835,68.0847,0,0,0,49.4686,27.9568,3,9.52223
4740.2,104372,96.7669,-0.40236,74.6319,69.0817,5.14887,15821.4,0,0,1369.23,634.769,91.0167,2,86.7479,76.8375,74.8375,69.0817,0,0,0,49.471,27.9565,3,9.91044
4740.3,104374,96.7901,-0.4031,74.6211,69.9446,5.17242,15821.9,0,0,1374.52,635.2,91.4304,2,87.1496,77.7497,75.7497,69.9446,0,0,0,49.4733,27.9562,3,9.39993
4740.4,104377,96.815,-0.403833,74.6102,71.166,5.28636,15822.5,0,0,1400,637.274,93.4293,2,89.0906,79.041,77.041,71.166,0,0,0,49.4757,27.956,3,10.0496
4740.5,104380,96.8428,-0.404561,74.5993,71.9457,5.30063,15823,0,0,1406.49,635.865,93.6549,2,89.3191,79.8653,77.8653,71.9457,0,0,0,49.478,27.9557,3,9.45382
4740.6,104382,96.8706,-0.405283,74.5884,71.2386,5.28636,15823.5,0,0,1400,637.274,93.4293,2,89.0906,79.1175,77.1175,71.2386,0,0,0,49.4805,27.9554,3,9.97309
4740.7,104385,96.8955,-0.405999,74.5775,69.7291,5.14887,15824,0,0,1369.23,634.769,91.0167,2,86.7479,77.5212,75.5212,69.7291,0,0,0,49.4827,27.9551,3,9.22666
4740.8,104388,96.9173,-0.406711,74.5666,67.8909,5.04135,15824.5,0,0,1345.99,632.264,89.1188,2,84.9079,75.5775,73.5775,67.8909,0,0,0,49.485,27.9549,3,9.3304
4740.9,104390,96.935,-0.407419,74.5556,65.6433,4.95815,15825,0,0,1326.05,631.254,87.6581,2,83.4863,73.2008,71.2008,65.6433,0,0,0,49.4875,27.9546,3,10.2855
4741,104393,96.9479,-0.408122,74.5446,63.5164,4.80861,15825.5,0,0,1292.51,628.111,85.0153,2,80.9216,70.9519,68.9519,63.5164,0,0,0,49.4899,27.9543,3,9.96976
4741.1,104396,96.9573,-0.408821,74.5336,61.8496,4.71712,15826,0,0,1271.73,626.205,83.3948,2,79.3488,69.1964,67.1964,61.8496,0,0,0,49.4924,27.9541,2,10.1524
4741.2,104398,96.9637,-0.409517,74.5226,60.2544,4.62636,15826.5,0,0,1250.64,624.488,81.787,2,77.7871,67.5163,65.5163,60.2544,0,0,0,49.4949,27.9538,2,10.2708
4741.3,104401,96.9669,-0.410211,74.5116,59.1301,4.50858,15826.9,0,0,1223.08,622.244,79.6972,2,75.7571,66.3322,64.3322,59.1301,0,0,0,49.4972,27.9535,2,9.42496
4741.4,104404,96.969,-0.410901,74.5005,58.4919,4.50858,15827.4,0,0,1223.08,622.244,79.6972,2,75.7571,65.6601,63.6601,58.4919,0,0,0,49.4996,27.9533,2,10.0971
4741.5,104407,96.9696,-0.411589,74.4894,57.7197,4.48674,15827.8,0,0,1217.02,622.244,79.3024,2,75.371,64.8468,62.8468,57.7197,0,0,0,49.5022,27.953,2,10.5242
4741.6,104409,96.9688,-0.412275,74.4784,57.0114,4.44041,15828.3,0,0,1207.1,620.895,78.4856,2,74.5804,64.1008,62.1008,57.0114,0,0,0,49.5047,27.9527,2,10.4795
4741.7,104412,96.9668,-0.41296,74.4672,56.5255,4.40409,15828.7,0,0,1199.58,619.602,77.834,2,73.9509,63.5891,61.5891,56.5255,0,0,0,49.5072,27.9525,2,10.3619
4741.8,104415,96.964,-0.413644,74.4561,55.5276,4.35191,15829.1,0,0,1190.6,616.679,76.8874,2,73.0426,62.5381,60.5381,55.5276,0,0,0,49.5098,27.9522,2,10.5045
4741.9,104417,96.9582,-0.414327,74.445,54.167,4.24871,15829.6,0,0,1172.7,610.849,75.0153,2,71.2463,61.1052,59.1052,54.167,0,0,0,49.5122,27.9519,2,10.1411
4742,104420,96.9503,-0.415009,74.4338,53.4419,4.21492,15830,0,0,1166.79,608.925,74.4021,2,70.6581,60.3417,58.3417,53.4419,0,0,0,49.5148,27.9517,2,10.3164
4742.1,104423,96.9417,-0.415692,74.4226,53.4739,4.21622,15830.4,0,0,1167.02,608.999,74.4257,2,70.6807,60.3754,58.3754,53.4739,0,0,0,49.5173,27.9514,2,10.3053
4742.2,104425,96.934,-0.416375,74.4114,54.2592,4.25246,15830.8,0,0,1173.35,611.062,75.0832,2,71.3115,61.2026,59.2026,54.2592,0,0,0,49.5197,27.9511,2,10.109
4742.3,104428,96.9286,-0.417059,74.4002,55.9465,4.37565,15831.3,0,0,1194.69,618.011,77.3182,2,73.456,62.9796,60.9796,55.9465,0,0,0,49.5223,27.9509,2,10.4764
4742.4,104431,96.9276,-0.417745,74.3889,57.8999,4.49088,15831.7,0,0,1218.19,622.244,79.3788,2,75.4457,65.0368,63.0368,57.8999,0,0,0,49.5248,27.9506,2,10.4089
4742.5,104434,96.9298,-0.418432,74.3777,59.6706,4.5383,15832.2,0,0,1230.05,622.812,80.225,2,76.2698,66.9017,64.9017,59.6706,0,0,0,49.5271,27.9503,2,9.36808
4742.6,104436,96.9357,-0.419121,74.3664,61.6909,4.67156,15832.6,0,0,1261.16,625.344,82.5881,2,78.5652,69.0294,67.0294,61.6909,0,0,0,49.5294,27.95,2,9.53582
4742.7,104439,96.9458,-0.419813,74.3551,63.4859,4.79795,15833.1,0,0,1290.15,627.855,84.8261,2,80.7382,70.9197,68.9197,63.4859,0,0,0,49.5318,27.9498,3,9.8185
4742.8,104442,96.9587,-0.420508,74.3438,65.3121,4.90049,15833.6,0,0,1312.86,630.18,86.6389,2,82.4964,72.8504,70.8504,65.3121,0,0,0,49.5341,27.9495,3,9.64604
4742.9,104444,96.9759,-0.421206,74.3325,67.6059,5.02999,15834.1,0,0,1343.01,632.264,88.9214,2,84.715,75.2758,73.2758,67.6059,0,0,0,49.5364,27.9492,3,9.43924
4743,104447,96.9976,-0.421909,74.3211,69.3904,5.14887,15834.6,0,0,1369.23,634.769,91.0167,2,86.7479,77.1625,75.1625,69.3904,0,0,0,49.5388,27.949,3,9.58541
4743.1,104450,97.0216,-0.422615,74.3097,70.2189,5.19661,15835.1,0,0,1379.95,635.642,91.8551,2,87.562,78.0385,76.0385,70.2189,0,0,0,49.5411,27.9487,3,9.52353
4743.2,104452,97.0465,-0.423327,74.2983,70.7945,5.27992,15835.7,0,0,1398.56,637.157,93.3164,2,88.981,78.647,76.647,70.7945,0,0,0,49.5436,27.9484,3,10.334
4743.3,104455,97.0726,-0.424043,74.2869,70.7427,5.27176,15836.2,0,0,1396.75,637.009,93.1733,2,88.8421,78.5921,76.5921,70.7427,0,0,0,49.5461,27.9482,3,10.25
4743.4,104458,97.0972,-0.424766,74.2755,69.8344,5.14887,15836.7,0,0,1369.23,634.769,91.0167,2,86.7479,77.6314,75.6314,69.8344,0,0,0,49.5483,27.9479,3,9.1165
4743.5,104460,97.1197,-0.425494,74.264,68.2898,5.07293,15837.2,0,0,1352.86,632.992,89.6764,2,85.4485,75.9979,73.9979,68.2898,0,0,0,49.5506,27.9476,3,9.45057
4743.6,104463,97.1381,-0.426228,74.2525,66.06,5.00275,15837.7,0,0,1336.21,632.081,88.4456,2,84.2511,73.6399,71.6399,66.06,0,0,0,49.5532,27.9473,3,10.6112
4743.7,104466,97.1518,-0.426969,74.241,63.3745,4.78141,15838.2,0,0,1286.5,627.459,84.5328,2,80.4538,70.8012,68.8012,63.3745,0,0,0,49.5555,27.9471,2,9.65262
4743.8,104469,97.1598,-0.427718,74.2295,60.146,4.59726,15838.7,0,0,1243.85,623.935,81.271,2,77.2859,67.4008,65.4008,60.146,0,0,0,49.5579,27.9468,2,9.88506
4743.9,104471,97.161,-0.428474,74.2179,57.0445,4.43605,15839.1,0,0,1206.19,620.747,78.4075,2,74.5049,64.1342,62.1342,57.0445,0,0,0,49.5604,27.9465,2,10.3706
4744,104474,97.1569,-0.429237,74.2063,55.4408,4.33572,15839.5,0,0,1187.81,615.77,76.5938,2,72.7609,62.4451,60.4451,55.4408,0,0,0,49.5629,27.9463,2,10.3158
4744.1,104477,97.152,-0.430009,74.1947,55.4558,4.33677,15840,0,0,1187.99,615.828,76.6128,2,72.7791,62.461,60.461,55.4558,0,0,0,49.5654,27.946,2,10.3181
4744.2,104479,97.148,-0.43079,74.1831,55.9144,4.37066,15840.4,0,0,1193.84,617.732,77.2276,2,73.3691,62.944,60.944,55.9144,0,0,0,49.568,27.9457,2,10.425
4744.3,104482,97.145,-0.431579,74.1715,57.0919,4.4385,15840.8,0,0,1206.7,620.83,78.4514,2,74.5473,64.1843,62.1843,57.0919,0,0,0,49.5705,27.9455,2,10.363
4744.4,104485,97.1457,-0.432378,74.1598,58.354,4.50177,15841.3,0,0,1221.24,622.244,79.5777,2,75.6402,65.5135,63.5135,58.354,0,0,0,49.573,27.9452,2,10.1267
4744.5,104487,97.1475,-0.433187,74.1481,58.8907,4.50858,15841.7,0,0,1223.08,622.244,79.6972,2,75.7571,66.0788,64.0788,58.8907,0,0,0,49.5753,27.9449,2,9.67837
4744.6,104490,97.1504,-0.434006,74.1364,58.7307,4.50858,15842.2,0,0,1223.08,622.244,79.6972,2,75.7571,65.9103,63.9103,58.7307,0,0,0,49.5777,27.9447,2,9.84685
4744.7,104493,97.1517,-0.434835,74.1247,58.5294,4.5067,15842.6,0,0,1222.57,622.244,79.6643,2,75.7249,65.6982,63.6982,58.5294,0,0,0,49.5801,27.9444,2,10.0267
4744.8,104496,97.1538,-0.435676,74.113,58.7785,4.50858,15843.1,0,0,1223.08,622.244,79.6972,2,75.7571,65.9606,63.9606,58.7785,0,0,0,49.5825,27.9441,2,9.79653
4744.9,104498,97.1561,-0.436528,74.1012,59.3975,4.50858,15843.5,0,0,1223.08,622.244,79.6972,2,75.7571,66.6125,64.6125,59.3975,0,0,0,49.5848,27.9438,2,9.14459
4745,104501,97.1606,-0.437392,74.0894,59.9084,4.55791,15844,0,0,1234.65,623.186,80.573,2,76.6078,67.1506,65.1506,59.9084,0,0,0,49.5871,27.9436,2,9.45723
4745.1,104504,97.165,-0.438268,74.0776,59.8356,4.54732,15844.5,0,0,1232.17,622.984,80.385,2,76.4252,67.0738,65.0738,59.8356,0,0,0,49.5893,27.9433,2,9.35137
4745.2,104506,97.1693,-0.439157,74.0658,59.5136,4.50858,15844.9,0,0,1223.08,622.244,79.6972,2,75.7571,66.7347,64.7347,59.5136,0,0,0,49.5915,27.943,2,9.02242
4745.3,104509,97.1724,-0.440059,74.0539,59.0664,4.50858,15845.4,0,0,1223.08,622.244,79.6972,2,75.7571,66.2637,64.2637,59.0664,0,0,0,49.5938,27.9428,2,9.49343
4745.4,104512,97.175,-0.440975,74.042,58.52,4.50565,15845.8,0,0,1222.29,622.244,79.6458,2,75.7069,65.6881,63.6881,58.52,0,0,0,49.5963,27.9425,2,10.0187
4745.5,104514,97.176,-0.441904,74.0301,58.1077,4.49343,15846.3,0,0,1218.91,622.244,79.426,2,75.4919,65.2539,63.2539,58.1077,0,0,0,49.5988,27.9422,2,10.238
4745.6,104517,97.1771,-0.442848,74.0181,58.5444,4.50615,15846.7,0,0,1222.42,622.244,79.6546,2,75.7154,65.7138,63.7138,58.5444,0,0,0,49.6012,27.942,2,10.0016
4745.7,104520,97.1798,-0.443806,74.0062,59.8282,4.54319,15847.2,0,0,1231.2,622.905,80.3118,2,76.3541,67.0659,65.0659,59.8282,0,0,0,49.6034,27.9417,2,9.28817
4745.8,104523,97.1859,-0.444779,73.9942,61.2234,4.64013,15847.6,0,0,1253.85,624.749,82.0311,2,78.0242,68.5354,66.5354,61.2234,0,0,0,49.6057,27.9414,2,9.48879
4745.9,104525,97.1942,-0.445767,73.9822,61.9079,4.6995,15848.1,0,0,1267.64,625.872,83.0829,2,79.0458,69.2564,67.2564,61.9079,0,0,0,49.6081,27.9411,2,9.78942
4746,104528,97.2029,-0.446772,73.9701,62.0563,4.71973,15848.6,0,0,1272.33,626.254,83.441,2,79.3936,69.4126,67.4126,62.0563,0,0,0,49.6106,27.9409,2,9.98103
4746.1,104531,97.2118,-0.447792,73.958,62.4893,4.77286,15849,0,0,1284.62,627.254,84.3811,2,80.3068,69.8686,67.8686,62.4893,0,0,0,49.6131,27.9406,2,10.4382
4746.2,104533,97.2222,-0.448829,73.9459,63.0041,4.77286,15849.5,0,0,1284.62,627.254,84.3811,2,80.3068,70.4108,68.4108,63.0041,0,0,0,49.6155,27.9403,2,9.89599
4746.3,104536,97.233,-0.449883,73.9338,62.8653,4.77286,15850,0,0,1284.62,627.254,84.3811,2,80.3068,70.2645,68.2645,62.8653,0,0,0,49.6179,27.9401,2,10.0423
4746.4,104539,97.243,-0.450955,73.9216,62.5747,4.77286,15850.5,0,0,1284.62,627.254,84.3811,2,80.3068,69.9583,67.9583,62.5747,0,0,0,49.6205,27.9398,2,10.3484
4746.5,104541,97.2527,-0.452044,73.9094,62.6961,4.77286,15851,0,0,1284.62,627.254,84.3811,2,80.3068,70.0862,68.0862,62.6961,0,0,0,49.6229,27.9395,2,10.2206
4746.6,104544,97.2631,-0.453151,73.8972,62.6766,4.77286,15851.4,0,0,1284.62,627.254,84.3811,2,80.3068,70.0655,68.0655,62.6766,0,0,0,49.6254,27.9393,2,10.2413
4746.7,104547,97.2727,-0.454277,73.8849,62.3085,4.7512,15851.9,0,0,1279.61,626.847,83.998,2,79.9346,69.6778,67.6778,62.3085,0,0,0,49.6279,27.939,2,10.2568
4746.8,104550,97.2817,-0.455422,73.8727,62.6556,4.77286,15852.4,0,0,1284.62,627.254,84.3811,2,80.3068,70.0434,68.0434,62.6556,0,0,0,49.6304,27.9387,2,10.2634
4746.9,104552,97.2927,-0.456586,73.8603,63.0223,4.77286,15852.9,0,0,1284.62,627.254,84.3811,2,80.3068,70.4295,68.4295,63.0223,0,0,0,49.6328,27.9385,2,9.87731
4747,104555,97.3031,-0.457769,73.848,62.4527,4.76978,15853.3,0,0,1283.9,627.196,84.3265,2,80.2538,69.8295,67.8295,62.4527,0,0,0,49.6354,27.9382,2,10.4243
4747.1,104558,97.3119,-0.458973,73.8356,61.5835,4.6476,15853.8,0,0,1255.58,624.891,82.1634,2,78.1527,68.914,66.914,61.5835,0,0,0,49.6376,27.9379,2,9.23877
4747.2,104560,97.319,-0.460196,73.8232,60.718,4.64013,15854.3,0,0,1253.85,624.749,82.0311,2,78.0242,68.0023,66.0023,60.718,0,0,0,49.64,27.9377,2,10.0219
4747.3,104563,97.3245,-0.461441,73.8107,59.044,4.50858,15854.7,0,0,1223.08,622.244,79.6972,2,75.7571,66.239,64.239,59.044,0,0,0,49.6423,27.9374,2,9.51814
4747.4,104566,97.3251,-0.462706,73.7982,57.2012,4.43777,15855.2,0,0,1206.55,620.805,78.4384,2,74.5347,64.298,62.298,57.2012,0,0,0,49.6448,27.9371,2,10.2367
4747.5,104568,97.3235,-0.463993,73.7857,56.1626,4.37639,15855.6,0,0,1194.82,618.052,77.3315,2,73.4688,63.204,61.204,56.1626,0,0,0,49.6473,27.9369,2,10.2647
4747.6,104571,97.3202,-0.465301,73.7731,55.2119,4.30132,15856,0,0,1181.85,613.83,75.9697,2,72.1621,62.2027,60.2027,55.2119,0,0,0,49.6498,27.9366,2,9.95934
4747.7,104574,97.3151,-0.466632,73.7605,54.0122,4.23114,15856.5,0,0,1169.63,609.849,74.6964,2,70.9404,60.9391,58.9391,54.0122,0,0,0,49.6522,27.9363,2,10.0013
4747.8,104577,97.3072,-0.467984,73.7479,53.2073,4.19373,15856.9,0,0,1163.07,607.714,74.0177,2,70.2892,60.0914,58.0914,53.2073,0,0,0,49.6547,27.9361,2,10.1978
4747.9,104579,97.2991,-0.469359,73.7352,53.1973,4.19309,15857.3,0,0,1162.96,607.677,74.006,2,70.2781,60.0809,58.0809,53.1973,0,0,0,49.6571,27.9358,2,10.1971
4748,104582,97.2914,-0.470757,73.7225,52.7618,4.16523,15857.7,0,0,1157.28,606.521,73.5046,2,69.7945,59.6238,57.6238,52.7618,0,0,0,49.6596,27.9355,2,10.1706
4748.1,104585,97.2817,-0.472178,73.7098,52.2367,4.12566,15858.1,0,0,1148.74,605.13,72.7947,2,69.1083,59.073,57.073,52.2367,0,0,0,49.6621,27.9353,2,10.0353
4748.2,104587,97.272,-0.473623,73.697,52.224,4.12443,15858.5,0,0,1148.47,605.087,72.7724,2,69.0869,59.0597,57.0597,52.224,0,0,0,49.6645,27.935,2,10.0272
4748.3,104590,97.2625,-0.475091,73.6842,52.3567,4.13406,15858.9,0,0,1150.56,605.426,72.9453,2,69.2539,59.1991,57.1991,52.3567,0,0,0,49.6669,27.9347,2,10.0549
4748.4,104593,97.2535,-0.476584,73.6713,52.916,4.17565,15859.4,0,0,1159.53,606.887,73.6915,2,69.9751,59.7859,57.7859,52.916,0,0,0,49.6694,27.9345,2,10.1892
4748.5,104595,97.2463,-0.478101,73.6584,54.3329,4.24461,15859.8,0,0,1171.98,610.616,74.9408,2,71.1749,61.2776,59.2776,54.3329,0,0,0,49.6718,27.9342,2,9.89733
4748.6,104598,97.243,-0.479643,73.6455,55.8153,4.35433,15860.2,0,0,1191.02,616.815,76.9313,2,73.0847,62.8389,60.8389,55.8153,0,0,0,49.6743,27.9339,2,10.2458
4748.7,104601,97.2416,-0.48121,73.6325,56.6587,4.39764,15860.7,0,0,1198.47,619.241,77.717,2,73.8386,63.7273,61.7273,56.6587,0,0,0,49.6768,27.9337,2,10.1114
4748.8,104604,97.2417,-0.482802,73.6195,56.9435,4.41368,15861.1,0,0,1201.5,619.983,78.0065,2,74.1173,64.0272,62.0272,56.9435,0,0,0,49.6792,27.9334,2,10.0901
4748.9,104606,97.2415,-0.484421,73.6064,57.0353,4.42048,15861.5,0,0,1202.92,620.215,78.1284,2,74.2351,64.1239,62.1239,57.0353,0,0,0,49.6817,27.9331,2,10.1112
4749,104609,97.2421,-0.486066,73.5933,57.8833,4.48315,15862,0,0,1216,622.244,79.236,2,75.3061,65.0171,63.0171,57.8833,0,0,0,49.6842,27.9329,2,10.289
4749.1,104612,97.2453,-0.487737,73.5802,59.4988,4.50858,15862.4,0,0,1223.08,622.244,79.6972,2,75.7571,66.7186,64.7186,59.4988,0,0,0,49.6864,27.9326,2,9.03857
4749.2,104614,97.2522,-0.489435,73.567,60.7399,4.64013,15862.9,0,0,1253.85,624.749,82.0311,2,78.0242,68.0258,66.0258,60.7399,0,0,0,49.6888,27.9323,2,9.99841
4749.3,104617,97.2604,-0.49116,73.5537,61.5934,4.64013,15863.4,0,0,1253.85,624.749,82.0311,2,78.0242,68.9247,66.9247,61.5934,0,0,0,49.691,27.932,2,9.09948
4749.4,104620,97.2707,-0.492913,73.5404,62.2892,4.73397,15863.9,0,0,1275.63,626.522,83.693,2,79.6385,69.6575,67.6575,62.2892,0,0,0,49.6934,27.9318,2,9.98099
4749.5,104622,97.2816,-0.494694,73.5271,61.8603,4.67343,15864.3,0,0,1261.59,625.38,82.6211,2,78.5973,69.2056,67.2056,61.8603,0,0,0,49.6957,27.9315,2,9.39165
4749.6,104625,97.2903,-0.496503,73.5137,61.063,4.64013,15864.8,0,0,1253.85,624.749,82.0311,2,78.0242,68.3658,66.3658,61.063,0,0,0,49.6981,27.9312,2,9.65841
4749.7,104628,97.2981,-0.49834,73.5003,60.9792,4.64013,15865.2,0,0,1253.85,624.749,82.0311,2,78.0242,68.2775,66.2775,60.9792,0,0,0,49.7004,27.931,2,9.74671
4749.8,104631,97.3066,-0.500206,73.4868,60.2423,4.57875,15865.7,0,0,1239.52,623.583,80.9427,2,76.967,67.5013,65.5013,60.2423,0,0,0,49.7027,27.9307,2,9.46569
4749.9,104633,97.3116,-0.502101,73.4732,58.8386,4.50858,15866.2,0,0,1223.08,622.244,79.6972,2,75.7571,66.0227,64.0227,58.8386,0,0,0,49.7051,27.9304,2,9.73441
4750,104636,97.3147,-0.504026,73.4596,57.8238,4.47926,15866.6,0,0,1215.04,622.188,79.1662,2,75.2381,64.9538,62.9538,57.8238,0,0,0,49.7076,27.9302,2,10.2843
4750.1,104639,97.316,-0.505979,73.446,55.6557,4.33398,15867,0,0,1187.51,615.671,76.5622,2,72.7305,62.6702,60.6702,55.6557,0,0,0,49.7101,27.9299,2,10.0603
4750.2,104641,97.3108,-0.507962,73.4323,52.6802,4.15283,15867.5,0,0,1154.61,606.086,73.2821,2,69.5794,59.5381,57.5381,52.6802,0,0,0,49.7125,27.9296,2,10.0413
4750.3,104644,97.3006,-0.509975,73.4185,51.0428,4.06021,15867.9,0,0,1137.13,601.335,71.6067,2,67.9688,57.8203,55.8203,51.0428,0,0,0,49.715,27.9294,2,10.1485
4750.4,104647,97.2893,-0.512018,73.4047,49.8693,3.98307,15868.3,0,0,1124.47,596.168,70.2011,2,66.6242,56.5892,54.5892,49.8693,0,0,0,49.7174,27.9291,2,10.035
4750.5,104650,97.2748,-0.514091,73.3908,47.9416,3.85398,15868.6,0,0,1100.96,588.583,67.8591,2,64.3775,54.5668,52.5668,47.9416,0,0,0,49.7198,27.9288,2,9.81074
4750.6,104652,97.2562,-0.516195,73.3769,46.2148,3.75618,15869,0,0,1080.7,584.032,66.0955,2,62.6787,52.7553,50.7553,46.2148,0,0,0,49.7222,27.9286,2,9.9234
4750.7,104655,97.2352,-0.518328,73.3629,44.5981,3.65208,15869.4,0,0,1061.88,577.377,64.2043,2,60.8668,51.0593,49.0593,44.5981,0,0,0,49.7246,27.9283,2,9.80752
4750.8,104658,97.2106,-0.520493,73.3489,42.9882,3.55617,15869.7,0,0,1041.16,573.022,62.4765,2,59.2015,49.3705,47.3705,42.9882,0,0,0,49.727,27.928,2,9.83101
4750.9,104660,97.1837,-0.522688,73.3348,41.9924,3.50368,15870.1,0,0,1033.07,568.631,61.516,2,58.2867,48.3235,46.3235,41.9924,0,0,0,49.7294,27.9278,2,9.96322
4751,104663,97.1555,-0.524914,73.3207,42.313,3.52194,15870.4,0,0,1035.64,570.308,61.8511,2,58.6052,48.662,46.662,42.313,0,0,0,49.7318,27.9275,2,9.94316
4751.1,104666,97.1302,-0.527171,73.3065,44.3745,3.6358,15870.8,0,0,1058.38,576.64,63.911,2,60.5841,50.8257,48.8257,44.3745,0,0,0,49.7342,27.9272,2,9.75841
4751.2,104668,97.1103,-0.52946,73.2923,47.4698,3.77983,15871.2,0,0,1085.78,585.048,66.5214,2,63.0894,54.0732,52.0732,47.4698,0,0,0,49.7364,27.927,2,9.01615
4751.3,104671,97.0973,-0.53178,73.2779,50.3793,3.92355,15871.6,0,0,1112.95,593.103,69.1249,2,65.5894,57.1257,55.1257,50.3793,0,0,0,49.7384,27.9267,2,8.46372
4751.4,104674,97.0889,-0.534133,73.2636,52.32,4.06711,15872,0,0,1138.03,601.922,71.7336,2,68.0894,59.1618,57.1618,52.32,0,0,0,49.7406,27.9264,2,8.92767
4751.5,104677,97.0836,-0.536517,73.2491,52.8109,4.1591,15872.4,0,0,1155.96,606.306,73.3947,2,69.6882,59.6768,57.6768,52.8109,0,0,0,49.743,27.9261,2,10.0114
4751.6,104679,97.0774,-0.538935,73.2346,51.5983,4.08618,15872.8,0,0,1141.23,603.107,72.0772,2,68.4185,58.4047,56.4047,51.5983,0,0,0,49.7455,27.9259,2,10.0139
4751.7,104682,97.0676,-0.541385,73.2201,49.8046,3.97489,15873.2,0,0,1122.67,595.875,70.0543,2,66.4823,56.523,54.523,49.8046,0,0,0,49.7479,27.9256,2,9.95934
4751.8,104685,97.0546,-0.543869,73.2054,47.5879,3.82506,15873.6,0,0,1094.5,587.53,67.34,2,63.8759,54.1976,52.1976,47.5879,0,0,0,49.7503,27.9253,2,9.6783
4751.9,104687,97.0365,-0.546385,73.1907,45.6007,3.70987,15874,0,0,1070.04,582.295,65.2484,2,61.8601,52.113,50.113,45.6007,0,0,0,49.7526,27.9251,2,9.7471
4752,104690,97.016,-0.548934,73.176,44.8812,3.66594,15874.3,0,0,1063.79,578.623,64.4588,2,61.1087,51.3584,49.3584,44.8812,0,0,0,49.755,27.9248,2,9.75026
4752.1,104693,96.9953,-0.551517,73.1612,45.233,3.68635,15874.7,0,0,1066.61,580.455,64.8338,2,61.465,51.7277,49.7277,45.233,0,0,0,49.7574,27.9245,2,9.73734
4752.2,104695,96.9766,-0.554132,73.1463,45.993,3.73623,15875.1,0,0,1076.2,583.299,65.7374,2,62.3326,52.5252,50.5252,45.993,0,0,0,49.7597,27.9243,2,9.80743
4752.3,104698,96.9591,-0.556782,73.1313,47.8805,3.84489,15875.4,0,0,1098.93,588.253,67.6961,2,64.22,54.5054,52.5054,47.8805,0,0,0,49.7621,27.924,2,9.71456
4752.4,104701,96.948,-0.559465,73.1163,50.7077,3.9886,15875.8,0,0,1125.68,596.366,70.3003,2,66.72,57.4713,55.4713,50.7077,0,0,0,49.7644,27.9237,2,9.24872
4752.5,104703,96.9418,-0.562182,73.1012,53.1973,4.13211,15876.3,0,0,1150.13,605.357,72.9103,2,69.2201,60.0841,58.0841,53.1973,0,0,0,49.7666,27.9234,2,9.13595
4752.6,104706,96.9406,-0.564934,73.086,55.0752,4.27211,15876.7,0,0,1176.78,612.177,75.4398,2,71.6536,62.0619,60.0619,55.0752,0,0,0,49.7689,27.9232,2,9.59171
4752.7,104709,96.9419,-0.56772,73.0707,56.6252,4.38911,15877.1,0,0,1197.01,618.764,77.5623,2,73.6902,63.6943,61.6943,56.6252,0,0,0,49.7713,27.9229,2,9.99584
4752.8,104712,96.9469,-0.570542,73.0554,57.8896,4.47636,15877.6,0,0,1214.45,622.092,79.1159,2,75.1896,65.0259,63.0259,57.8896,0,0,0,49.7738,27.9226,2,10.1637
4752.9,104714,96.9533,-0.573398,73.04,58.3295,4.4918,15878,0,0,1218.45,622.244,79.3959,2,75.4625,65.4891,63.4891,58.3295,0,0,0,49.7762,27.9224,2,9.97336
4753,104717,96.9602,-0.57629,73.0245,58.6206,4.50006,15878.5,0,0,1220.78,622.244,79.5477,2,75.6109,65.7957,63.7957,58.6206,0,0,0,49.7786,27.9221,2,9.81517
4753.1,104720,96.9679,-0.579217,73.009,59.5232,4.50858,15878.9,0,0,1223.08,622.244,79.6972,2,75.7571,66.7462,64.7462,59.5232,0,0,0,49.7808,27.9218,2,9.01094
4753.2,104722,96.9784,-0.58218,72.9933,60.9644,4.64013,15879.4,0,0,1253.85,624.749,82.0311,2,78.0242,68.264,66.264,60.9644,0,0,0,49.7832,27.9216,2,9.76024
4753.3,104725,96.9919,-0.585179,72.9776,62.5622,4.75208,15879.9,0,0,1279.82,626.863,84.0134,2,79.9497,69.9467,67.9467,62.5622,0,0,0,49.7856,27.9213,2,10.003
4753.4,104728,97.0088,-0.588214,72.9618,65.0046,4.87793,15880.4,0,0,1307.69,629.759,86.24,2,82.109,72.5249,70.5249,65.0046,0,0,0,49.7879,27.921,3,9.58409
4753.5,104730,97.0318,-0.591285,72.9459,67.8861,5.02481,15880.9,0,0,1341.65,632.264,88.8314,2,84.6271,75.5717,73.5717,67.8861,0,0,0,49.7901,27.9208,3,9.05538
4753.6,104733,97.06,-0.594394,72.9299,69.8019,5.14887,15881.4,0,0,1369.23,634.769,91.0167,2,86.7479,77.5972,75.5972,69.8019,0,0,0,49.7924,27.9205,3,9.15065
4753.7,104736,97.0905,-0.597539,72.9138,70.5878,5.19222,15881.9,0,0,1378.96,635.562,91.7781,2,87.4872,78.4282,76.4282,70.5878,0,0,0,49.7946,27.9202,3,9.05904
4753.8,104738,97.1217,-0.600722,72.8977,70.1682,5.14887,15882.4,0,0,1369.23,634.769,91.0167,2,86.7479,77.9843,75.9843,70.1682,0,0,0,49.7967,27.9199,3,8.76361
4753.9,104741,97.1506,-0.603941,72.8814,67.9583,5.02808,15882.9,0,0,1342.51,632.264,88.8883,2,84.6826,75.6473,73.6473,67.9583,0,0,0,49.7989,27.9197,3,9.03534
4754,104744,97.1732,-0.607199,72.8651,65.0096,4.87793,15883.4,0,0,1307.69,629.759,86.24,2,82.109,72.5289,70.5289,65.0096,0,0,0,49.8012,27.9194,3,9.58008
4754.1,104747,97.1907,-0.610493,72.8486,62.4668,4.73455,15883.9,0,0,1275.76,626.533,83.7033,2,79.6484,69.845,67.845,62.4668,0,0,0,49.8036,27.9191,2,9.80336
4754.2,104749,97.2036,-0.613825,72.8321,60.0936,4.53569,15884.3,0,0,1229.44,622.762,80.1785,2,76.2247,67.3453,65.3453,60.0936,0,0,0,49.8058,27.9189,2,8.87933
4754.3,104752,97.212,-0.617193,72.8155,58.6609,4.49982,15884.8,0,0,1220.72,622.244,79.5434,2,75.6067,65.8363,63.8363,58.6609,0,0,0,49.8081,27.9186,2,9.77038
4754.4,104755,97.2195,-0.620599,72.7988,58.3884,4.49189,15885.2,0,0,1218.48,622.244,79.3974,2,75.464,65.5493,63.5493,58.3884,0,0,0,49.8106,27.9183,2,9.9147
4754.5,104757,97.2271,-0.624042,72.782,57.9442,4.47561,15885.7,0,0,1214.3,622.068,79.1029,2,75.177,65.0813,63.0813,57.9442,0,0,0,49.813,27.9181,2,10.0958
4754.6,104760,97.233,-0.627523,72.7651,57.3213,4.42627,15886.1,0,0,1204.14,620.413,78.2322,2,74.3354,64.4252,62.4252,57.3213,0,0,0,49.8154,27.9178,2,9.91022
4754.7,104763,97.2384,-0.63104,72.7481,57.1062,4.40935,15886.6,0,0,1200.59,619.835,77.9289,2,74.0423,64.1986,62.1986,57.1062,0,0,0,49.8178,27.9175,2,9.84363
4754.8,104765,97.2437,-0.634595,72.731,57.3059,4.42449,15887,0,0,1203.76,620.352,78.2003,2,74.3046,64.4089,62.4089,57.3059,0,0,0,49.8202,27.9173,2,9.89563
4754.9,104768,97.25,-0.638187,72.7138,58.0592,4.48192,15887.4,0,0,1215.65,622.244,79.2133,2,75.2839,65.2023,63.2023,58.0592,0,0,0,49.8227,27.917,2,10.0817
4755,104771,97.2584,-0.641817,72.6965,59.2284,4.50858,15887.9,0,0,1223.08,622.244,79.6972,2,75.7571,66.4337,64.4337,59.2284,0,0,0,49.8249,27.9167,2,9.32344
4755.1,104774,97.2695,-0.645484,72.6791,60.6998,4.61502,15888.4,0,0,1247.99,624.273,81.586,2,77.5919,67.9834,65.9834,60.6998,0,0,0,49.8273,27.9165,2,9.60849
4755.2,104776,97.2838,-0.64919,72.6616,62.4456,4.72575,15888.8,0,0,1273.72,626.368,83.5475,2,79.4971,69.8222,67.8222,62.4456,0,0,0,49.8296,27.9162,2,9.67492
4755.3,104779,97.3018,-0.652933,72.644,63.4073,4.77286,15889.3,0,0,1284.62,627.254,84.3811,2,80.3068,70.8349,68.8349,63.4073,0,0,0,49.8319,27.9159,2,9.47184
4755.4,104782,97.32,-0.656714,72.6263,62.8393,4.77286,15889.8,0,0,1284.62,627.254,84.3811,2,80.3068,70.2366,68.2366,62.8393,0,0,0,49.8344,27.9157,2,10.0702
4755.5,104784,97.336,-0.660534,72.6085,61.8014,4.64013,15890.2,0,0,1253.85,624.749,82.0311,2,78.0242,69.1433,67.1433,61.8014,0,0,0,49.8365,27.9154,2,8.88086
4755.6,104787,97.3503,-0.664391,72.5906,60.8987,4.64009,15890.7,0,0,1253.84,624.748,82.0303,2,78.0234,68.1924,66.1924,60.8987,0,0,0,49.8389,27.9151,2,9.83107
4755.7,104790,97.3629,-0.668287,72.5726,60.0539,4.52236,15891.2,0,0,1226.31,622.508,79.9419,2,75.9949,67.3025,65.3025,60.0539,0,0,0,49.841,27.9148,2,8.69235
4755.8,104793,97.3741,-0.67222,72.5545,59.2173,4.50858,15891.6,0,0,1223.08,622.244,79.6972,2,75.7571,66.4212,64.4212,59.2173,0,0,0,49.8433,27.9146,2,9.3359
4755.9,104795,97.3837,-0.676192,72.5362,58.5093,4.49372,15892.1,0,0,1219,622.244,79.4314,2,75.4972,65.6754,63.6754,58.5093,0,0,0,49.8457,27.9143,2,9.82177
4756,104798,97.3924,-0.680201,72.5179,57.9883,4.47461,15892.5,0,0,1214.1,622.035,79.0856,2,75.1603,65.1266,63.1266,57.9883,0,0,0,49.8481,27.914,2,10.0337
4756.1,104801,97.4001,-0.684248,72.4994,57.4436,4.43135,15893,0,0,1205.2,620.586,78.3233,2,74.4235,64.5528,62.5528,57.4436,0,0,0,49.8505,27.9138,2,9.87068
4756.2,104803,97.4069,-0.688333,72.4809,56.9386,4.39766,15893.4,0,0,1198.48,619.243,77.7174,2,73.839,64.0208,62.0208,56.9386,0,0,0,49.8529,27.9135,2,9.81827
4756.3,104806,97.413,-0.692456,72.4622,55.8423,4.3299,15893.8,0,0,1186.8,615.441,76.4881,2,72.6595,62.866,60.866,55.8423,0,0,0,49.8553,27.9132,2,9.7935
4756.4,104809,97.4158,-0.696616,72.4434,54.2529,4.22722,15894.2,0,0,1168.94,609.626,74.6253,2,70.8722,61.1917,59.1917,54.2529,0,0,0,49.8577,27.913,2,9.68042
4756.5,104811,97.4159,-0.700814,72.4245,52.9002,4.15174,15894.7,0,0,1154.37,606.047,73.2625,2,69.5605,59.7682,57.7682,52.9002,0,0,0,49.86,27.9127,2,9.7923
4756.6,104814,97.4137,-0.705049,72.4055,51.3294,4.06342,15895.1,0,0,1137.55,601.608,71.6658,2,68.025,58.1202,56.1202,51.3294,0,0,0,49.8624,27.9124,2,9.90481
4756.7,104817,97.4081,-0.709322,72.3863,49.071,3.9133,15895.5,0,0,1111.58,592.213,68.9365,2,65.4102,55.7506,53.7506,49.071,0,0,0,49.8648,27.9122,2,9.65964
4756.8,104820,97.3975,-0.713631,72.3671,47.5457,3.81112,15895.8,0,0,1091.54,586.925,67.0891,2,63.6339,54.1503,52.1503,47.5457,0,0,0,49.8671,27.9119,2,9.48356
4756.9,104822,97.3863,-0.717977,72.3477,47.575,3.81225,15896.2,0,0,1091.75,586.993,67.1096,2,63.6536,54.1812,52.1812,47.575,0,0,0,49.8694,27.9116,2,9.47238
4757,104825,97.3762,-0.72236,72.3282,47.9624,3.838,15896.6,0,0,1097.39,588.002,67.5725,2,64.1005,54.5877,52.5877,47.9624,0,0,0,49.8717,27.9114,2,9.51277
4757.1,104828,97.3668,-0.726779,72.3086,48.3265,3.86409,15897,0,0,1103.22,588.95,68.0407,2,64.5529,54.9699,52.9699,48.3265,0,0,0,49.874,27.9111,2,9.58307
4757.2,104830,97.3585,-0.731236,72.2889,48.3674,3.86679,15897.4,0,0,1103.82,589.048,68.0891,2,64.5998,55.0128,53.0128,48.3674,0,0,0,49.8764,27.9108,2,9.58692
4757.3,104833,97.3496,-0.735728,72.2691,47.2919,3.79919,15897.8,0,0,1089.35,586.21,66.8726,2,63.4263,53.8845,51.8845,47.2919,0,0,0,49.8787,27.9106,2,9.54184
4757.4,104836,97.3375,-0.740257,72.2491,45.3178,3.67964,15898.1,0,0,1065.68,579.853,64.7105,2,61.3479,51.8134,49.8134,45.3178,0,0,0,49.881,27.9103,2,9.53452
4757.5,104839,97.3213,-0.744823,72.229,42.7185,3.53137,15898.5,0,0,1036.97,571.172,62.0243,2,58.7697,49.0865,47.0865,42.7185,0,0,0,49.8834,27.91,2,9.68318
4757.6,104841,97.2995,-0.749423,72.2088,39.8692,3.35494,15898.8,0,0,1004.58,559.112,58.8184,2,55.7011,46.0843,44.0843,39.8692,0,0,0,49.8857,27.9098,2,9.61683
4757.7,104844,97.2728,-0.75406,72.1885,37.5376,3.19918,15899.1,0,0,974.374,548.769,55.9943,2,52.9955,43.6264,41.6264,37.5376,0,0,0,49.888,27.9095,2,9.36908
4757.8,104847,97.2423,-0.758731,72.1681,36.3865,3.13961,15899.5,0,0,962.428,544.878,54.9157,2,51.9617,42.4125,40.4125,36.3865,0,0,0,49.8903,27.9092,2,9.54918
4757.9,104849,97.2116,-0.763438,72.1475,36.0196,3.11419,15899.8,0,0,957.298,543.208,54.4555,2,51.5206,42.0253,40.0253,36.0196,0,0,0,49.8926,27.909,2,9.49524
4758,104852,97.1802,-0.768178,72.1269,36.0798,3.1187,15900.1,0,0,958.21,543.505,54.5372,2,51.5988,42.0884,40.0884,36.0798,0,0,0,49.8949,27.9087,2,9.51045
4758.1,104855,97.1502,-0.772954,72.1061,37.0677,3.16664,15900.4,0,0,967.862,546.648,55.4051,2,52.4307,43.1298,41.1298,37.0677,0,0,0,49.8972,27.9084,2,9.3009
4758.2,104857,97.1232,-0.777764,72.0851,38.6165,3.27445,15900.7,0,0,988.099,554.372,57.3628,2,54.3035,44.7632,42.7632,38.6165,0,0,0,49.8995,27.9082,2,9.54029
4758.3,104860,97.0997,-0.782608,72.0641,39.609,3.33541,15901.1,0,0,999.949,558.358,58.4681,2,55.3627,45.8102,43.8102,39.609,0,0,0,49.9018,27.9079,2,9.55251
4758.4,104863,97.0769,-0.787487,72.0429,39.9242,3.35674,15901.4,0,0,1005.01,559.182,58.8507,2,55.7324,46.1427,44.1427,39.9242,0,0,0,49.9042,27.9076,2,9.58963
4758.5,104866,97.0551,-0.792401,72.0216,40.0909,3.36792,15901.7,0,0,1007.66,559.613,59.0513,2,55.9262,46.3187,44.3187,40.0909,0,0,0,49.9065,27.9074,2,9.60755
4758.6,104868,97.0335,-0.797348,72.0002,39.4308,3.32249,15902.1,0,0,996.877,557.858,58.2362,2,55.1387,45.6222,43.6222,39.4308,0,0,0,49.9088,27.9071,2,9.51642
4758.7,104871,97.0095,-0.802329,71.9786,37.7066,3.20982,15902.4,0,0,976.497,549.46,56.187,2,53.1802,43.8027,41.8027,37.7066,0,0,0,49.9111,27.9068,2,9.3775
4758.8,104874,96.9817,-0.807345,71.957,35.9243,3.10367,15902.7,0,0,955.17,542.515,54.2651,2,51.338,41.9216,39.9216,35.9243,0,0,0,49.9134,27.9065,2,9.41643
4758.9,104876,96.9513,-0.812393,71.9351,34.1792,3.00507,15903,0,0,936.45,535.108,52.4753,2,49.627,40.0792,38.0792,34.1792,0,0,0,49.9157,27.9063,2,9.54784
4759,104879,96.9172,-0.817474,71.9132,32.0768,2.86714,15903.3,0,0,911.638,523.393,49.9665,2,47.2349,37.8591,35.8591,32.0768,0,0,0,49.918,27.906,2,9.37578
4759.1,104882,96.8791,-0.822588,71.8911,29.6765,2.72593,15903.5,0,0,884.245,511.963,47.4067,2,44.7902,35.3277,33.3277,29.6765,0,0,0,49.9203,27.9057,2,9.46249
4759.2,104884,96.8361,-0.827734,71.8689,27.8322,2.61067,15903.8,0,0,861.735,502.195,45.3184,2,42.7972,33.3825,31.3825,27.8322,0,0,0,49.9226,27.9055,2,9.41468
4759.3,104887,96.7915,-0.832911,71.8466,27.3754,2.58246,15904.1,0,0,854.44,500.848,44.8142,2,42.3109,32.8998,30.8998,27.3754,0,0,0,49.9248,27.9052,2,9.4111
4759.4,104890,96.7473,-0.83812,71.8241,28.0516,2.62372,15904.3,0,0,863.436,503.857,45.5581,2,43.0233,33.611,31.611,28.0516,0,0,0,49.9271,27.9049,2,9.41221
4759.5,104892,96.7058,-0.843361,71.8016,29.4876,2.71294,15904.6,0,0,880.862,511.412,47.1745,2,44.5659,35.1232,33.1232,29.4876,0,0,0,49.9294,27.9047,2,9.44273
4759.6,104895,96.6679,-0.848632,71.7788,31.1245,2.80412,15904.9,0,0,899.652,518.229,48.8231,2,46.1433,36.8471,34.8471,31.1245,0,0,0,49.9317,27.9044,2,9.29616
4759.7,104898,96.6333,-0.853935,71.756,32.7665,2.91,15905.2,0,0,918.577,527.573,50.749,2,47.9783,38.5798,36.5798,32.7665,0,0,0,49.934,27.9041,2,9.39854
4759.8,104900,96.6023,-0.859269,71.733,34.2119,3.00464,15905.5,0,0,936.398,535.058,52.4674,2,49.6196,40.1067,38.1067,34.2119,0,0,0,49.9363,27.9039,2,9.51289
4759.9,104903,96.574,-0.864633,71.7099,35.0083,3.04337,15905.8,0,0,942.845,538.501,53.1686,2,50.2871,40.948,38.948,35.0083,0,0,0,49.9386,27.9036,2,9.33905
4760,104906,96.5466,-0.870029,71.6866,34.7871,3.03463,15906.1,0,0,941.013,537.904,53.0065,2,50.1317,40.7138,38.7138,34.7871,0,0,0,49.9408,27.9033,2,9.41792
4760.1,104909,96.5179,-0.875456,71.6632,34.2652,3.00739,15906.4,0,0,936.732,535.384,52.5181,2,49.6674,40.1615,38.1615,34.2652,0,0,0,49.9432,27.9031,2,9.50595
4760.2,104911,96.489,-0.880913,71.6397,34.0299,2.99134,15906.7,0,0,934.782,533.479,52.2223,2,49.3883,39.9121,37.9121,34.0299,0,0,0,49.9455,27.9028,2,9.4762
4760.3,104914,96.4599,-0.8864,71.616,33.739,2.97163,15907,0,0,932.381,531.133,51.8591,2,49.0454,39.6039,37.6039,33.739,0,0,0,49.9478,27.9025,2,9.44145
4760.4,104917,96.4303,-0.891917,71.5922,33.2953,2.94222,15907.3,0,0,926.697,528.896,51.3259,2,48.5356,39.1339,37.1339,33.2953,0,0,0,49.95,27.9023,2,9.40171
4760.5,104919,96.4,-0.897463,71.5682,33.4884,2.95447,15907.6,0,0,929.774,529.396,51.545,2,48.7473,39.3375,37.3375,33.4884,0,0,0,49.9523,27.902,2,9.4098
4760.6,104922,96.3718,-0.903039,71.5441,34.0723,2.99307,15907.9,0,0,934.992,533.684,52.2541,2,49.4183,39.9546,37.9546,34.0723,0,0,0,49.9546,27.9017,2,9.4637
4760.7,104925,96.3443,-0.908644,71.5198,33.9348,2.98359,15908.2,0,0,933.839,532.558,52.0796,2,49.2535,39.8086,37.8086,33.9348,0,0,0,49.9569,27.9014,2,9.44486
4760.8,104927,96.3161,-0.914278,71.4955,32.5352,2.89193,15908.5,0,0,914.713,526.397,50.4228,2,47.6654,38.3271,36.3271,32.5352,0,0,0,49.9592,27.9012,2,9.33838
4760.9,104930,96.2836,-0.91994,71.4709,30.702,2.77414,15908.7,0,0,892.079,516.884,48.2864,2,45.6254,36.3898,34.3898,30.702,0,0,0,49.9614,27.9009,2,9.23555
4761,104933,96.2488,-0.92563,71.4462,29.1925,2.69038,15909,0,0,874.975,510.454,46.7714,2,44.1765,34.7978,32.7978,29.1925,0,0,0,49.9637,27.9006,2,9.37872
4761.1,104935,96.211,-0.931348,71.4214,28.0662,2.61982,15909.3,0,0,862.927,503.36,45.4864,2,42.9557,33.6097,31.6097,28.0662,0,0,0,49.966,27.9004,2,9.34598
4761.2,104938,96.1723,-0.937093,71.3965,27.8119,2.60379,15909.5,0,0,860.113,501.771,45.195,2,42.6786,33.3405,31.3405,27.8119,0,0,0,49.9683,27.9001,2,9.33812
4761.3,104941,96.1341,-0.942865,71.3714,28.9062,2.67204,15909.8,0,0,870.101,509.66,46.4386,2,43.8551,34.4926,32.4926,28.9062,0,0,0,49.9705,27.8998,2,9.36248
4761.4,104943,96.1002,-0.948663,71.3461,31.4969,2.81639,15910.1,0,0,902.8,518.742,49.0424,2,46.3551,37.222,35.222,31.4969,0,0,0,49.9728,27.8996,2,9.13313
4761.5,104946,96.0728,-0.954488,71.3207,34.5603,2.96068,15910.4,0,0,931.045,529.828,51.6575,2,48.8551,40.4645,38.4645,34.5603,0,0,0,49.9748,27.8993,2,8.39062
4761.6,104949,96.0515,-0.96034,71.2952,37.4291,3.10453,15910.7,0,0,955.344,542.571,54.2807,2,51.353,43.5012,41.5012,37.4291,0,0,0,49.9767,27.899,2,7.85176
4761.7,104951,96.0358,-0.966219,71.2695,39.8097,3.2486,15911,0,0,984.207,551.971,56.8894,2,53.8536,46.0214,44.0214,39.8097,0,0,0,49.9786,27.8987,2,7.83213
4761.8,104954,96.0244,-0.972125,71.2436,41.0819,3.39245,15911.3,0,0,1011.2,561.902,59.5012,2,56.3536,47.3682,45.3682,41.0819,0,0,0,49.9808,27.8985,2,8.98543
4761.9,104957,96.0142,-0.978057,71.2176,40.7104,3.39625,15911.7,0,0,1011.74,562.258,59.571,2,56.4199,46.9747,44.9747,40.7104,0,0,0,49.9831,27.8982,2,9.44517
4762,104959,96.0018,-0.984016,71.1914,39.8043,3.33969,15912,0,0,1000.96,558.523,58.5448,2,55.4368,46.0151,44.0151,39.8043,0,0,0,49.9854,27.8979,2,9.42169
4762.1,104962,95.9885,-0.99,71.1651,39.8326,3.34137,15912.3,0,0,1001.36,558.588,58.575,2,55.466,46.0449,44.0449,39.8326,0,0,0,49.9877,27.8977,2,9.42109
4762.2,104965,95.9767,-0.996011,71.1386,40.8611,3.40418,15912.7,0,0,1012.88,562.998,59.7164,2,56.558,47.1338,45.1338,40.8611,0,0,0,49.99,27.8974,2,9.42423
4762.3,104967,95.9679,-1.00205,71.112,42.7312,3.52255,15913,0,0,1035.73,570.364,61.8623,2,58.6158,49.1063,47.1063,42.7312,0,0,0,49.9923,27.8971,2,9.50944
4762.4,104970,95.9639,-1.00811,71.0852,45.1135,3.65755,15913.4,0,0,1062.64,577.869,64.3047,2,60.9623,51.6065,49.6065,45.1135,0,0,0,49.9946,27.8969,2,9.35581
4762.5,104973,95.965,-1.01419,71.0583,46.8724,3.7726,15913.8,0,0,1084.41,584.635,66.3904,2,62.9637,53.4526,51.4526,46.8724,0,0,0,49.9969,27.8966,2,9.51109
4762.6,104975,95.9683,-1.02031,71.0311,47.7635,3.81187,15914.2,0,0,1091.68,586.97,67.1027,2,63.6469,54.3878,52.3878,47.7635,0,0,0,49.9991,27.8963,2,9.25912
4762.7,104978,95.9732,-1.02644,71.0039,48.049,3.83002,15914.5,0,0,1095.61,587.711,67.4292,2,63.962,54.6874,52.6874,48.049,0,0,0,50.0014,27.8961,2,9.2746
4762.8,104981,95.9781,-1.03261,70.9764,48.0402,3.82913,15914.9,0,0,1095.41,587.679,67.4132,2,63.9466,54.6782,52.6782,48.0402,0,0,0,50.0036,27.8958,2,9.26835
4762.9,104983,95.9834,-1.03879,70.9488,47.6249,3.80531,15915.3,0,0,1090.47,586.577,66.9837,2,63.5328,54.2424,52.2424,47.6249,0,0,0,50.0059,27.8955,2,9.29044
4763,104986,95.9869,-1.045,70.921,46.4062,3.73794,15915.7,0,0,1076.59,583.361,65.768,2,62.3622,52.9634,50.9634,46.4062,0,0,0,50.0082,27.8953,2,9.39881
4763.1,104989,95.9879,-1.05124,70.8931,44.3523,3.60375,15916,0,0,1051.03,575.443,63.3356,2,60.0282,50.8079,48.8079,44.3523,0,0,0,50.0104,27.895,2,9.22024
4763.2,104991,95.9838,-1.05749,70.865,41.7259,3.45798,15916.4,0,0,1023.89,566.014,60.6891,2,57.4926,48.0495,46.0495,41.7259,0,0,0,50.0127,27.8947,2,9.44308
4763.3,104994,95.9748,-1.06377,70.8367,39.3242,3.30359,15916.7,0,0,992.374,557.124,57.897,2,54.8109,45.5064,43.5064,39.3242,0,0,0,50.015,27.8944,2,9.30453
4763.4,104997,95.9618,-1.07008,70.8082,37.661,3.19176,15917,0,0,972.891,548.286,55.8599,2,52.8667,43.745,41.745,37.661,0,0,0,50.0172,27.8942,2,9.12165
4763.5,104999,95.9467,-1.0764,70.7796,36.9492,3.15353,15917.4,0,0,965.228,545.79,55.1676,2,52.2031,42.9909,40.9909,36.9492,0,0,0,50.0194,27.8939,2,9.21215
4763.6,105002,95.9314,-1.08274,70.7509,36.7155,3.1439,15917.7,0,0,963.292,545.16,54.9934,2,52.0361,42.7432,40.7432,36.7155,0,0,0,50.0217,27.8936,2,9.29289
4763.7,105005,95.916,-1.08911,70.7219,36.8703,3.15002,15918,0,0,964.522,545.56,55.1041,2,52.1422,42.9068,40.9068,36.8703,0,0,0,50.0239,27.8934,2,9.23543
4763.8,105007,95.9017,-1.09549,70.6928,37.0425,3.15685,15918.3,0,0,965.895,546.007,55.2277,2,52.2607,43.0888,41.0888,37.0425,0,0,0,50.0262,27.8931,2,9.1719
4763.9,105010,95.8875,-1.10189,70.6636,37.2314,3.16436,15918.6,0,0,967.404,546.499,55.3638,2,52.3911,43.2886,41.2886,37.2314,0,0,0,50.0284,27.8928,2,9.10258
4764,105013,95.8746,-1.10832,70.6341,38.0227,3.21946,15918.9,0,0,978.418,550.086,56.3616,2,53.3476,44.1263,42.1263,38.0227,0,0,0,50.0306,27.8926,2,9.22134
4764.1,105015,95.8639,-1.11476,70.6045,39.1628,3.29283,15919.3,0,0,990.781,556.119,57.6998,2,54.6236,45.3335,43.3335,39.1628,0,0,0,50.0329,27.8923,2,9.29002
4764.2,105018,95.856,-1.12122,70.5748,39.9367,3.34326,15919.6,0,0,1001.81,558.661,58.6088,2,55.4987,46.1529,44.1529,39.9367,0,0,0,50.0351,27.892,2,9.34576
4764.3,105021,95.8489,-1.1277,70.5448,40.4898,3.37876,15919.9,0,0,1009.23,560.621,59.2501,2,56.115,46.7386,44.7386,40.4898,0,0,0,50.0374,27.8918,2,9.37642
4764.4,105023,95.8436,-1.1342,70.5147,40.7693,3.39441,15920.3,0,0,1011.48,562.086,59.5372,2,56.3877,47.0345,45.0345,40.7693,0,0,0,50.0397,27.8915,2,9.35327
4764.5,105026,95.8381,-1.14072,70.4844,40.5625,3.38247,15920.6,0,0,1009.76,560.969,59.3181,2,56.1797,46.8155,44.8155,40.5625,0,0,0,50.042,27.8912,2,9.3642
4764.6,105029,95.8324,-1.14725,70.454,39.9374,3.3423,15921,0,0,1001.58,558.624,58.5917,2,55.4821,46.1533,44.1533,39.9374,0,0,0,50.0442,27.891,2,9.3288
4764.7,105031,95.8249,-1.1538,70.4234,38.8098,3.27188,15921.3,0,0,987.723,554.128,57.3157,2,54.2588,44.9589,42.9589,38.8098,0,0,0,50.0465,27.8907,2,9.29986
4764.8,105034,95.8153,-1.16037,70.3926,37.0493,3.15562,15921.6,0,0,965.648,545.927,55.2055,2,52.2394,43.0943,41.0943,37.0493,0,0,0,50.0487,27.8904,2,9.14511
4764.9,105037,95.8013,-1.16695,70.3616,34.9746,3.03462,15921.9,0,0,941.01,537.903,53.0063,2,50.1315,40.8966,38.8966,34.9746,0,0,0,50.051,27.8902,2,9.23488
4765,105039,95.7841,-1.17355,70.3304,32.4853,2.87803,15922.2,0,0,912.991,524.715,50.167,2,47.4241,38.2597,36.2597,32.4853,0,0,0,50.0532,27.8899,2,9.16436
4765.1,105042,95.7609,-1.18017,70.2991,29.6697,2.71017,15922.5,0,0,880.14,511.295,47.125,2,44.5181,35.2858,33.2858,29.6697,0,0,0,50.0554,27.8896,2,9.23223
4765.2,105045,95.7331,-1.18679,70.2677,27.4868,2.57458,15922.7,0,0,852.341,500.506,44.6736,2,42.1751,32.9843,30.9843,27.4868,0,0,0,50.0577,27.8894,2,9.19073
4765.3,105047,95.7018,-1.19343,70.236,26.2901,2.50129,15923,0,0,839.502,493,43.3408,2,40.9088,31.7221,29.7221,26.2901,0,0,0,50.0599,27.8891,2,9.18677
4765.4,105050,95.6699,-1.20009,70.2042,25.6861,2.46478,15923.2,0,0,830.671,490.715,42.6862,2,40.2798,31.0846,29.0846,25.6861,0,0,0,50.0621,27.8888,2,9.19525
4765.5,105053,95.6369,-1.20675,70.1722,25.275,2.44001,15923.5,0,0,823.927,489.617,42.2448,2,39.8536,30.6502,28.6502,25.275,0,0,0,50.0644,27.8885,2,9.20341
4765.6,105055,95.604,-1.21343,70.1401,25.3648,2.44509,15923.7,0,0,825.312,489.842,42.3353,2,39.941,30.7439,28.7439,25.3648,0,0,0,50.0666,27.8883,2,9.19713
4765.7,105058,95.572,-1.22012,70.1078,24.677,2.39735,15923.9,0,0,814.079,486.548,41.4783,2,39.119,30.018,28.018,24.677,0,0,0,50.0688,27.888,2,9.101
4765.8,105060,95.537,-1.22682,70.0753,22.7146,2.27755,15924.2,0,0,789.855,475.301,39.3138,2,37.0565,27.9486,25.9486,22.7146,0,0,0,50.071,27.8877,2,9.10785
4765.9,105063,95.4978,-1.23352,70.0427,21.2557,2.1829,15924.4,0,0,767.67,467.913,37.6156,2,35.4308,26.4099,24.4099,21.2557,0,0,0,50.0732,27.8875,2,9.02093
4766,105066,95.4576,-1.24024,70.0099,20.3755,2.13182,15924.6,0,0,759.5,461.259,36.6861,2,34.5529,25.4846,23.4846,20.3755,0,0,0,50.0754,27.8872,2,9.06824
4766.1,105068,95.4156,-1.24697,69.9769,19.0906,2.05148,15924.8,0,0,738.726,455.704,35.2529,2,33.1771,24.139,22.139,19.0906,0,0,0,50.0776,27.8869,2,9.03812
4766.2,105071,95.3711,-1.2537,69.9438,18.1043,1.98679,15925,0,0,722.76,450.496,34.0968,2,32.0704,23.1056,21.1056,18.1043,0,0,0,50.0798,27.8867,2,8.96485
4766.3,105074,95.3258,-1.26045,69.9105,17.6822,1.95474,15925.2,0,0,715.883,447.136,33.5205,2,31.5221,22.6625,20.6625,17.6822,0,0,0,50.082,27.8864,2,8.85964
4766.4,105076,95.2802,-1.2672,69.877,16.9944,1.91011,15925.4,0,0,704.726,443.422,32.724,2,30.76,21.9414,19.9414,16.9944,0,0,0,50.0841,27.8861,2,8.8186
4766.5,105079,95.233,-1.27395,69.8434,16.4432,1.87798,15925.6,0,0,700,438.438,32.1392,2,30.2103,21.3631,19.3631,16.4432,0,0,0,50.0863,27.8859,2,8.84719
4766.6,105082,95.1859,-1.28072,69.8096,16.641,1.88789,15925.8,0,0,700,440.968,32.3246,2,30.3805,21.5686,19.5686,16.641,0,0,0,50.0884,27.8856,2,8.81191
4766.7,105084,95.14,-1.28748,69.7757,17.9893,1.97631,15926,0,0,720.517,449.4,33.9083,2,31.891,22.9777,20.9777,17.9893,0,0,0,50.0906,27.8853,2,8.9133
4766.8,105087,95.099,-1.29426,69.7416,20.2454,2.12056,15926.2,0,0,756.78,460.374,36.4845,2,34.3599,25.3368,23.3368,20.2454,0,0,0,50.0928,27.885,2,9.02308
4766.9,105090,95.0627,-1.30104,69.7073,22.0264,2.2302,15926.4,0,0,777.851,472.245,38.4674,2,36.2433,27.2087,25.2087,22.0264,0,0,0,50.095,27.8848,2,9.0346
4767,105092,95.0294,-1.30782,69.6729,23.413,2.31474,15926.6,0,0,800.139,477.089,39.9755,2,37.6949,28.6691,26.6691,23.413,0,0,0,50.0972,27.8845,2,9.02586
4767.1,105095,94.9993,-1.31461,69.6382,25.4367,2.44524,15926.9,0,0,825.352,489.849,42.338,2,39.9436,30.801,28.801,25.4367,0,0,0,50.0994,27.8842,2,9.14256
4767.2,105098,94.9746,-1.32141,69.6035,27.9094,2.59016,15927.1,0,0,856.49,501.181,44.9517,2,42.4436,33.4064,31.4064,27.9094,0,0,0,50.1016,27.884,2,9.03723
4767.3,105100,94.9549,-1.32821,69.5685,30.2297,2.73488,15927.4,0,0,885.82,512.808,47.5695,2,44.9451,35.8513,33.8513,30.2297,0,0,0,50.1038,27.8837,2,9.09372
4767.4,105103,94.94,-1.33501,69.5334,32.592,2.8782,15927.7,0,0,913.011,524.734,50.17,2,47.4269,38.3502,36.3502,32.592,0,0,0,50.106,27.8834,2,9.07675
4767.5,105105,94.9302,-1.34182,69.4981,35.28,3.02383,15928,0,0,938.746,537.166,52.8063,2,49.9398,41.2004,39.2004,35.28,0,0,0,50.1081,27.8832,2,8.73945
4767.6,105108,94.9265,-1.34863,69.4626,37.4987,3.16695,15928.3,0,0,967.924,546.668,55.4107,2,52.4361,43.553,41.553,37.4987,0,0,0,50.1103,27.8829,2,8.88309
4767.7,105111,94.9261,-1.35545,69.427,38.9636,3.27386,15928.6,0,0,988.013,554.317,57.3521,2,54.2933,45.1064,43.1064,38.9636,0,0,0,50.1125,27.8826,2,9.18693
4767.8,105113,94.9286,-1.36227,69.3912,40.5357,3.37375,15929,0,0,1008.51,560.152,59.1581,2,56.0277,46.7736,44.7736,40.5357,0,0,0,50.1148,27.8824,2,9.25414
4767.9,105116,94.9349,-1.3691,69.3551,42.0931,3.47096,15929.3,0,0,1026.93,566.508,60.9221,2,57.7177,48.4201,46.4201,42.0931,0,0,0,50.117,27.8821,2,9.29763
4768,105119,94.9441,-1.37593,69.3189,43.4935,3.55093,15929.7,0,0,1040.16,572.698,62.3815,2,59.1104,49.8937,47.8937,43.4935,0,0,0,50.1193,27.8818,2,9.21674
4768.1,105121,94.9564,-1.38276,69.2826,45.0675,3.64118,15930,0,0,1059.61,576.84,64.0075,2,60.6774,51.5498,49.5498,45.0675,0,0,0,50.1215,27.8816,2,9.12762
4768.2,105124,94.9722,-1.38959,69.246,47.0657,3.77182,15930.4,0,0,1084.23,584.606,66.3763,2,62.9501,53.6521,51.6521,47.0657,0,0,0,50.1237,27.8813,2,9.29794
4768.3,105127,94.9928,-1.39643,69.2092,48.6708,3.86077,15930.8,0,0,1102.48,588.83,67.9811,2,64.4954,55.3408,53.3408,48.6708,0,0,0,50.126,27.881,2,9.15457
4768.4,105129,95.0154,-1.40328,69.1723,49.9361,3.94124,15931.2,0,0,1115.3,594.636,69.45,2,65.8985,56.6719,54.6719,49.9361,0,0,0,50.1282,27.8808,2,9.22663
4768.5,105132,95.0413,-1.41012,69.1352,50.806,4.00483,15931.6,0,0,1129.25,596.946,70.5916,2,67.0015,57.5867,55.5867,50.806,0,0,0,50.1305,27.8805,2,9.41488
4768.6,105134,95.0676,-1.41697,69.0978,44.2722,3.58385,15932,0,0,1046.46,574.699,62.9783,2,59.6829,50.7142,48.7142,44.2722,0,0,0,50.1327,27.8802,2,8.96873
4768.7,105137,95.0679,-1.42382,69.0603,30.4637,2.74626,15932.2,0,0,887.638,513.992,47.7772,2,45.1422,36.1014,34.1014,30.4637,0,0,0,50.1349,27.8799,2,9.04082
4768.8,105140,95.0399,-1.4307,69.0227,16.4541,1.87408,15932.4,0,0,700,437.444,32.0663,2,30.1435,21.3682,19.3682,16.4541,0,0,0,50.137,27.8797,2,8.77523
4768.9,105142,94.9851,-1.43764,68.9848,2.73862,1.54628,15932.6,0,0,700,353.827,25.9368,2,24.4756,7.08244,5.08244,2.73862,0,0,0,50.1412,27.8795,2,17.3931
4769,105145,94.9032,-1.44463,68.9468,-10.8391,1.54628,15932.7,0,0,700,353.827,25.9368,2,24.4756,-6.20755,-8.20755,-10.8391,8.20755,0,0,50.1487,27.8795,2,30.6831
4769.1,105148,94.7952,-1.45166,68.9086,-17.6171,1.54628,15932.9,0,0,700,353.827,25.9368,2,24.4756,-12.6894,-14.6894,-17.6171,14.6894,0,0,50.1577,27.8797,2,37.165
4769.2,105150,94.6872,-1.45874,68.8703,-17.8222,1.54628,15933,0,0,700,353.827,25.9368,2,24.4756,-12.8889,-14.8889,-17.8222,14.8889,0,0,50.1668,27.8799,2,37.3645
4769.3,105153,94.5792,-1.46586,68.8319,-18.0274,1.54628,15933.2,0,0,700,353.827,25.9368,2,24.4756,-13.0885,-15.0885,-18.0274,15.0885,0,0,50.176,27.8801,2,37.564
4769.4,105156,94.4712,-1.47303,68.7933,-18.2327,1.54628,15933.4,0,0,700,353.827,25.9368,2,24.4756,-13.2881,-15.2881,-18.2327,15.2881,0,0,50.1851,27.8803,2,37.7637
4769.5,105158,94.3632,-1.48023,68.7546,-18.4381,1.54628,15933.5,0,0,700,353.827,25.9368,2,24.4756,-13.4879,-15.4879,-18.4381,15.4879,0,0,50.1944,27.8805,2,37.9635
4769.6,105161,94.2552,-1.48749,68.7157,-18.6436,1.54628,15933.7,0,0,700,353.827,25.9368,2,24.4756,-13.6878,-15.6878,-18.6436,15.6878,0,0,50.2036,27.8807,2,38.1634
4769.7,105163,94.1472,-1.49478,68.6767,-18.8492,1.54628,15933.8,0,0,700,353.827,25.9368,2,24.4756,-13.8877,-15.8877,-18.8492,15.8877,0,0,50.213,27.8809,2,38.3633
4769.8,105166,94.0392,-1.50211,68.6375,-19.0548,1.54628,15934,0,0,700,353.827,25.9368,2,24.4756,-14.0876,-16.0876,-19.0548,16.0876,0,0,50.2223,27.8811,2,38.5632
4769.9,105169,93.9312,-1.50948,68.5982,-19.2604,1.54628,15934.1,0,0,700,353.827,25.9368,2,24.4756,-14.2876,-16.2876,-19.2604,16.2876,0,0,50.2318,27.8814,2,38.7632
4770,105171,93.8232,-1.5169,68.5588,-19.4661,1.54628,15934.3,0,0,700,353.827,25.9368,2,24.4756,-14.4876,-16.4876,-19.4661,16.4876,0,0,50.2412,27.8816,2,38.9632
4770.1,105174,93.7152,-1.52435,68.5192,-19.6718,1.54628,15934.4,0,0,700,353.827,25.9368,2,24.4756,-14.6876,-16.6876,-19.6718,16.6876,0,0,50.2508,27.8818,2,39.1632
4770.2,105176,93.6072,-1.53184,68.4794,-19.8774,1.54628,15934.6,0,0,700,353.827,25.9368,2,24.4756,-14.8877,-16.8877,-19.8774,16.8877,0,0,50.2603,27.8821,2,39.3633
4770.3,105179,93.4992,-1.53936,68.4395,-20.0831,1.54628,15934.7,0,0,700,353.827,25.9368,2,24.4756,-15.0877,-17.0877,-20.0831,17.0877,0,0,50.2699,27.8823,2,39.5633
4770.4,105182,93.3912,-1.54693,68.3994,-20.2887,1.54628,15934.9,0,0,700,353.827,25.9368,2,24.4756,-15.2876,-17.2876,-20.2887,17.2876,0,0,50.2796,27.8826,2,39.7632
4770.5,105184,93.2832,-1.55453,68.3592,-20.4943,1.54628,15935.1,0,0,700,353.827,25.9368,2,24.4756,-15.4875,-17.4875,-20.4943,17.4875,0,0,50.2893,27.8828,2,39.9631
4770.6,105187,93.1752,-1.56216,68.3189,-20.6999,1.54628,15935.2,0,0,700,353.827,25.9368,2,24.4756,-15.6874,-17.6874,-20.6999,17.6874,0,0,50.2991,27.8831,2,40.1629
4770.7,105189,93.0672,-1.56983,68.2784,-20.9053,1.54628,15935.4,0,0,700,353.827,25.9368,2,24.4756,-15.8871,-17.8871,-20.9053,17.8871,0,0,50.3089,27.8834,2,40.3627
4770.8,105192,92.9592,-1.57754,68.2377,-21.1107,1.54628,15935.5,0,0,700,353.827,25.9368,2,24.4756,-16.0868,-18.0868,-21.1107,18.0868,0,0,50.3188,27.8836,2,40.5624
4770.9,105195,92.8512,-1.58528,68.1969,-21.316,1.54628,15935.7,0,0,700,353.827,25.9368,2,24.4756,-16.2865,-18.2865,-21.316,18.2865,0,0,50.3287,27.8839,2,40.762
4771,105197,92.7432,-1.59305,68.1559,-21.5212,1.54628,15935.8,0,0,700,353.827,25.9368,2,24.4756,-16.486,-18.486,-21.5212,18.486,0,0,50.3386,27.8842,2,40.9616
4771.1,105200,92.6352,-1.60085,68.1148,-21.7263,1.54628,15936,0,0,700,353.827,25.9368,2,24.4756,-16.6838,-18.6838,-21.7263,18.6838,0,0,50.3486,27.8845,2,41.1594
4771.2,105202,92.5272,-1.60868,68.0735,-21.9313,1.54628,15936.1,0,0,700,353.827,25.9368,2,24.4756,-16.8814,-18.8814,-21.9313,18.8814,0,0,50.3587,27.8848,2,41.357
4771.3,105205,92.4192,-1.61655,68.0321,-22.1361,1.54628,15936.3,0,0,700,353.827,25.9368,2,24.4756,-17.0789,-19.0789,-22.1361,19.0789,0,0,50.3688,27.8851,2,41.5545
4771.4,105207,92.3112,-1.62444,67.9905,-22.3407,1.54628,15936.4,0,0,700,353.827,25.9368,2,24.4756,-17.2762,-19.2762,-22.3407,19.2762,0,0,50.3789,27.8854,2,41.7518
4771.5,105210,92.2032,-1.63237,67.9488,-22.5452,1.54628,15936.6,0,0,700,353.827,25.9368,2,24.4756,-17.4734,-19.4734,-22.5452,19.4734,0,0,50.3891,27.8857,2,41.949
4771.6,105213,92.0952,-1.64032,67.9069,-22.7495,1.54628,15936.8,0,0,700,353.827,25.9368,2,24.4756,-17.6704,-19.6704,-22.7495,19.6704,0,0,50.3994,27.886,2,42.146
4771.7,105215,91.9872,-1.64831,67.8649,-22.9537,1.54628,15936.9,0,0,700,353.827,25.9368,2,24.4756,-17.8672,-19.8672,-22.9537,19.8672,0,0,50.4097,27.8864,2,42.3428
4771.8,105218,91.8792,-1.65632,67.8227,-23.1576,1.54628,15937.1,0,0,700,353.827,25.9368,2,24.4756,-18.0638,-20.0638,-23.1576,20.0638,0,0,50.42,27.8867,2,42.5393
4771.9,105220,91.7712,-1.66435,67.7803,-23.3613,1.54628,15937.2,0,0,700,353.827,25.9368,2,24.4756,-18.2601,-20.2601,-23.3613,20.2601,0,0,50.4304,27.887,2,42.7357
4772,105223,91.6632,-1.67242,67.7378,-23.5648,1.54628,15937.4,0,0,700,353.827,25.9368,2,24.4756,-18.4563,-20.4563,-23.5648,20.4563,0,0,50.4408,27.8874,2,42.9319
4772.1,105225,91.5552,-1.68051,67.6952,-23.768,1.54628,15937.5,0,0,700,353.827,25.9368,2,24.4756,-18.6522,-20.6522,-23.768,20.6522,0,0,50.4513,27.8877,2,43.1278
4772.2,105228,91.4472,-1.68862,67.6524,-23.971,1.54628,15937.7,0,0,700,353.827,25.9368,2,24.4756,-18.8479,-20.8479,-23.971,20.8479,0,0,50.4619,27.8881,2,43.3235
4772.3,105230,91.3392,-1.69676,67.6094,-24.1738,1.54628,15937.8,0,0,700,353.827,25.9368,2,24.4756,-19.0434,-21.0434,-24.1738,21.0434,0,0,50.4724,27.8884,2,43.519
4772.4,105233,91.2312,-1.70492,67.5663,-24.3762,1.54628,15938,0,0,700,353.827,25.9368,2,24.4756,-19.2386,-21.2386,-24.3762,21.2386,0,0,50.4831,27.8888,2,43.7142
4772.5,105235,91.1232,-1.71311,67.523,-24.5784,1.54628,15938.1,0,0,700,353.827,25.9368,2,24.4756,-19.4335,-21.4335,-24.5784,21.4335,0,0,50.4937,27.8892,2,43.9091
4772.6,105238,91.0152,-1.72132,67.4795,-24.7803,1.54628,15938.3,0,0,700,353.827,25.9368,2,24.4756,-19.6282,-21.6282,-24.7803,21.6282,0,0,50.5045,27.8895,2,44.1038
4772.7,105241,90.9072,-1.72955,67.4359,-24.9819,1.54628,15938.5,0,0,700,353.827,25.9368,2,24.4756,-19.8225,-21.8225,-24.9819,21.8225,0,0,50.5152,27.8899,2,44.2981
4772.8,105243,90.7992,-1.7378,67.3922,-25.1832,1.54628,15938.6,0,0,700,353.827,25.9368,2,24.4756,-20.0166,-22.0166,-25.1832,22.0166,0,0,50.526,27.8903,2,44.4922
4772.9,105246,90.6912,-1.74607,67.3483,-25.3841,1.54628,15938.8,0,0,700,353.827,25.9368,2,24.4756,-20.2103,-22.2103,-25.3841,22.2103,0,0,50.5369,27.8907,2,44.6859
4773,105248,90.5832,-1.75436,67.3042,-25.5847,1.54628,15938.9,0,0,700,353.827,25.9368,2,24.4756,-20.4037,-22.4037,-25.5847,22.4037,0,0,50.5478,27.8911,2,44.8793
4773.1,105251,90.4752,-1.76267,67.26,-25.785,1.54628,15939.1,0,0,700,353.827,25.9368,2,24.4756,-20.5968,-22.5968,-25.785,22.5968,0,0,50.5588,27.8915,2,45.0724
4773.2,105253,90.3672,-1.771,67.2156,-25.9849,1.54628,15939.2,0,0,700,353.827,25.9368,2,24.4756,-20.7895,-22.7895,-25.9849,22.7895,0,0,50.5698,27.8919,2,45.2651
4773.3,105256,90.2592,-1.77935,67.1711,-26.1844,1.54628,15939.4,0,0,700,353.827,25.9368,2,24.4756,-20.9818,-22.9818,-26.1844,22.9818,0,0,50.5808,27.8923,2,45.4574
4773.4,105258,90.1512,-1.78772,67.1264,-26.3836,1.54628,15939.5,0,0,700,353.827,25.9368,2,24.4756,-21.1738,-23.1738,-26.3836,23.1738,0,0,50.5919,27.8927,2,45.6494
4773.5,105261,90.0432,-1.7961,67.0815,-26.5823,1.54628,15939.7,0,0,700,353.827,25.9368,2,24.4756,-21.3654,-23.3654,-26.5823,23.3654,0,0,50.6031,27.8932,2,45.841
4773.6,105263,89.9352,-1.8045,67.0365,-26.7807,1.54628,15939.8,0,0,700,353.827,25.9368,2,24.4756,-21.5567,-23.5567,-26.7807,23.5567,0,0,50.6143,27.8936,2,46.0323
4773.7,105266,89.8272,-1.81291,66.9914,-26.9786,1.54628,15940,0,0,700,353.827,25.9368,2,24.4756,-21.7475,-23.7475,-26.9786,23.7475,0,0,50.6255,27.894,2,46.2231
4773.8,105268,89.7192,-1.82134,66.9461,-27.1761,1.54628,15940.2,0,0,700,353.827,25.9368,2,24.4756,-21.938,-23.938,-27.1761,23.938,0,0,50.6368,27.8945,2,46.4136
4773.9,105271,89.6112,-1.82979,66.9006,-27.3732,1.54628,15940.3,0,0,700,353.827,25.9368,2,24.4756,-22.128,-24.128,-27.3732,24.128,0,0,50.6481,27.8949,2,46.6036
4774,105273,89.5032,-1.83825,66.855,-27.5698,1.54628,15940.5,0,0,700,353.827,25.9368,2,24.4756,-22.3176,-24.3176,-27.5698,24.3176,0,0,50.6595,27.8954,2,46.7932
4774.1,105276,89.3952,-1.84672,66.8092,-27.766,1.54628,15940.6,0,0,700,353.827,25.9368,2,24.4756,-22.5068,-24.5068,-27.766,24.5068,0,0,50.6709,27.8958,2,46.9824
4774.2,105278,89.2872,-1.8552,66.7633,-27.9617,1.54628,15940.8,0,0,700,353.827,25.9368,2,24.4756,-22.6955,-24.6955,-27.9617,24.6955,0,0,50.6824,27.8963,2,47.1711
4774.3,105281,89.1792,-1.8637,66.7172,-28.157,1.54628,15940.9,0,0,700,353.827,25.9368,2,24.4756,-22.8838,-24.8838,-28.157,24.8838,0,0,50.6939,27.8968,2,47.3594
4774.4,105283,89.0712,-1.87221,66.6709,-28.3518,1.54628,15941.1,0,0,700,353.827,25.9368,2,24.4756,-23.0716,-25.0716,-28.3518,25.0716,0,0,50.7055,27.8973,2,47.5472
4774.5,105285,88.9632,-1.88073,66.6245,-28.546,1.54628,15941.2,0,0,700,353.827,25.9368,2,24.4756,-23.2589,-25.2589,-28.546,25.2589,0,0,50.7171,27.8977,2,47.7345
4774.6,105288,88.8552,-1.88926,66.578,-28.7398,1.54628,15941.4,0,0,700,353.827,25.9368,2,24.4756,-23.4457,-25.4457,-28.7398,25.4457,0,0,50.7287,27.8982,2,47.9213
4774.7,105290,88.7472,-1.8978,66.5313,-28.9331,1.54628,15941.5,0,0,700,353.827,25.9368,2,24.4756,-23.6321,-25.6321,-28.9331,25.6321,0,0,50.7404,27.8987,2,48.1077
4774.8,105293,88.6392,-1.90635,66.4844,-29.1258,1.54628,15941.7,0,0,700,353.827,25.9368,2,24.4756,-23.8179,-25.8179,-29.1258,25.8179,0,0,50.7521,27.8992,2,48.2935
4774.9,105295,88.5312,-1.9149,66.4374,-29.318,1.54628,15941.9,0,0,700,353.827,25.9368,2,24.4756,-24.0033,-26.0033,-29.318,26.0033,0,0,50.7639,27.8997,2,48.4789
4775,105298,88.4232,-1.92347,66.3902,-29.5097,1.54628,15942,0,0,700,353.827,25.9368,2,24.4756,-24.1882,-26.1882,-29.5097,26.1882,0,0,50.7758,27.9003,2,48.6637
4775.1,105300,88.3152,-1.93204,66.3429,-29.7008,1.54628,15942.2,0,0,700,353.827,25.9368,2,24.4756,-24.3725,-26.3725,-29.7008,26.3725,0,0,50.7876,27.9008,2,48.8481
4775.2,105303,88.2072,-1.94062,66.2954,-29.8914,1.54628,15942.3,0,0,700,353.827,25.9368,2,24.4756,-24.5563,-26.5563,-29.8914,26.5563,0,0,50.7996,27.9013,2,49.0319
4775.3,105305,88.0992,-1.94921,66.2478,-30.0814,1.54628,15942.5,0,0,700,353.827,25.9368,2,24.4756,-24.7395,-26.7395,-30.0814,26.7395,0,0,50.8115,27.9018,2,49.2151
4775.4,105308,87.9912,-1.9578,66.2,-30.2708,1.54628,15942.6,0,0,700,353.827,25.9368,2,24.4756,-24.9223,-26.9223,-30.2708,26.9223,0,0,50.8235,27.9024,2,49.3978
4775.5,105310,87.8832,-1.9664,66.1521,-30.4597,1.54628,15942.8,0,0,700,353.827,25.9368,2,24.4756,-25.1044,-27.1044,-30.4597,27.1044,0,0,50.8356,27.9029,2,49.58
4775.6,105312,87.7752,-1.975,66.104,-30.648,1.54628,15942.9,0,0,700,353.827,25.9368,2,24.4756,-25.2855,-27.2855,-30.648,27.2855,0,0,50.8477,27.9035,2,49.7611
4775.7,105315,87.6672,-1.98361,66.0558,-30.8356,1.54628,15943.1,0,0,700,353.827,25.9368,2,24.4756,-25.4651,-27.4651,-30.8356,27.4651,0,0,50.8598,27.904,2,49.9407
4775.8,105317,87.5592,-1.99222,66.0074,-31.0227,1.54628,15943.2,0,0,700,353.827,25.9368,2,24.4756,-25.6441,-27.6441,-31.0227,27.6441,0,0,50.872,27.9046,2,50.1197
4775.9,105320,87.4512,-2.00084,65.9589,-31.2091,1.54628,15943.4,0,0,700,353.827,25.9368,2,24.4756,-25.8226,-27.8226,-31.2091,27.8226,0,0,50.8842,27.9051,2,50.2981
4776,105322,87.3432,-2.00945,65.9102,-31.3949,1.54628,15943.6,0,0,700,353.827,25.9368,2,24.4756,-26.0004,-28.0004,-31.3949,28.0004,0,0,50.8965,27.9057,2,50.476
4776.1,105325,87.2352,-2.01807,65.8614,-31.5801,1.54628,15943.7,0,0,700,353.827,25.9368,2,24.4756,-26.1777,-28.1777,-31.5801,28.1777,0,0,50.9088,27.9063,2,50.6533
4776.2,105327,87.1272,-2.02669,65.8124,-31.7646,1.54628,15943.9,0,0,700,353.827,25.9368,2,24.4756,-26.3543,-28.3543,-31.7646,28.3543,0,0,50.9212,27.9069,2,50.8299
4776.3,105329,87.0192,-2.03531,65.7633,-31.9485,1.54628,15944,0,0,700,353.827,25.9368,2,24.4756,-26.5303,-28.5303,-31.9485,28.5303,0,0,50.9336,27.9075,2,51.0059
4776.4,105332,86.9112,-2.04393,65.714,-32.1318,1.54628,15944.2,0,0,700,353.827,25.9368,2,24.4756,-26.7058,-28.7058,-32.1318,28.7058,0,0,50.946,27.9081,2,51.1813
4776.5,105334,86.8032,-2.05256,65.6646,-32.3144,1.54628,15944.3,0,0,700,353.827,25.9368,2,24.4756,-26.8805,-28.8805,-32.3144,28.8805,0,0,50.9585,27.9087,2,51.3561
4776.6,105337,86.6952,-2.06118,65.615,-32.4963,1.54628,15944.5,0,0,700,353.827,25.9368,2,24.4756,-27.0547,-29.0547,-32.4963,29.0547,0,0,50.971,27.9093,2,51.5303
4776.7,105339,86.5872,-2.0698,65.5653,-32.6775,1.54628,15944.6,0,0,700,353.827,25.9368,2,24.4756,-27.2282,-29.2282,-32.6775,29.2282,0,0,50.9836,27.9099,2,51.7038
4776.8,105342,86.4792,-2.07842,65.5155,-32.858,1.54628,15944.8,0,0,700,353.827,25.9368,2,24.4756,-27.4011,-29.4011,-32.858,29.4011,0,0,50.9962,27.9105,2,51.8767
4776.9,105344,86.3712,-2.08703,65.4655,-33.0379,1.54628,15945,0,0,700,353.827,25.9368,2,24.4756,-27.5732,-29.5732,-33.0379,29.5732,0,0,51.0089,27.9111,2,52.0488
4777,105346,86.2632,-2.09565,65.4153,-33.217,1.54628,15945.1,0,0,700,353.827,25.9368,2,24.4756,-27.7447,-29.7447,-33.217,29.7447,0,0,51.0216,27.9118,2,52.2203
4777.1,105349,86.1552,-2.10426,65.365,-33.3955,1.54628,15945.3,0,0,700,353.827,25.9368,2,24.4756,-27.9156,-29.9156,-33.3955,29.9156,0,0,51.0343,27.9124,2,52.3912
4777.2,105351,86.0472,-2.11287,65.3146,-33.5548,1.54628,15945.4,0,0,700,353.827,25.9368,2,24.4756,-28.0685,-30.0685,-33.5548,30.0685,0,0,51.0471,27.9131,2,52.544
4777.3,105353,85.9393,-2.12147,65.264,-33.6264,1.54628,15945.6,0,0,700,353.827,25.9368,2,24.4756,-28.1386,-30.1386,-33.6264,30.1386,0,0,51.0599,27.9137,2,52.6142
4777.4,105356,85.8318,-2.13007,65.2133,-33.6237,1.54628,15945.7,0,0,700,353.827,25.9368,2,24.4756,-28.1388,-30.1388,-33.6237,30.1388,0,0,51.0726,27.9143,2,52.6144
4777.5,105358,85.7246,-2.13867,65.1624,-33.4156,1.54628,15945.9,0,0,700,353.827,25.9368,2,24.4756,-27.9455,-29.9455,-33.4156,29.9455,0,0,51.0854,27.915,2,52.4211
4777.6,105361,85.6188,-2.14726,65.1114,-32.6509,1.54628,15946,0,0,700,353.827,25.9368,2,24.4756,-27.228,-29.228,-32.6509,29.228,0,0,51.098,27.9156,2,51.7036
4777.7,105363,85.5158,-2.15584,65.0603,-31.2348,1.54628,15946.2,0,0,700,353.827,25.9368,2,24.4756,-25.8968,-27.8968,-31.2348,27.8968,0,0,51.1102,27.9162,2,50.3724
4777.8,105365,85.417,-2.16442,65.009,-29.3049,1.54628,15946.3,0,0,700,353.827,25.9368,2,24.4756,-24.0788,-26.0788,-29.3049,26.0788,0,0,51.122,27.9167,2,48.5544
4777.9,105368,85.3233,-2.17299,64.9576,-26.3035,1.54628,15946.5,0,0,700,353.827,25.9368,2,24.4756,-21.2358,-23.2358,-26.3035,23.2358,0,0,51.1331,27.9171,2,45.7114
4778,105370,85.2385,-2.18156,64.906,-22.347,1.54628,15946.7,0,0,700,353.827,25.9368,2,24.4756,-17.4871,-19.4871,-22.347,19.4871,0,0,51.1433,27.9174,2,41.9627
4778.1,105373,85.1631,-2.19012,64.8543,-18.3801,1.54628,15946.8,0,0,700,353.827,25.9368,2,24.4756,-13.7182,-15.7182,-18.3801,15.7182,0,0,51.1526,27.9176,2,38.1938
4778.2,105375,85.0967,-2.19868,64.8024,-14.3134,1.54628,15947,0,0,700,353.827,25.9368,2,24.4756,-9.83523,-11.8352,-14.3134,11.8352,0,0,51.1609,27.9177,2,34.3108
4778.3,105377,85.0401,-2.20724,64.7503,-10.1182,1.54628,15947.1,0,0,700,353.827,25.9368,2,24.4756,-5.82909,-7.82909,-10.1182,7.82909,0,0,51.1683,27.9177,2,30.3047
4778.4,105380,84.993,-2.21579,64.6981,-6.94178,1.54628,15947.3,0,0,700,353.827,25.9368,2,24.4756,-2.77233,-4.77233,-6.94178,4.77233,0,0,51.1749,27.9177,2,27.2479
4778.5,105382,84.9512,-2.22434,64.6457,-5.00193,1.54628,15947.4,0,0,700,353.827,25.9368,2,24.4756,-0.904716,-2.90472,-5.00193,2.90472,0,0,51.1811,27.9176,2,25.3803
4778.6,105384,84.9135,-2.23288,64.5931,-3.71798,1.54628,15947.6,0,0,700,353.827,25.9368,2,24.4756,0.331111,-1.66889,-3.71798,1.66889,0,0,51.187,27.9175,2,24.1445
4778.7,105387,84.8782,-2.24142,64.5404,-2.72094,1.54628,15947.7,0,0,700,353.827,25.9368,2,24.4756,1.29058,-0.70942,-2.72094,0.70942,0,0,51.1926,27.9174,2,23.185
4778.8,105389,84.8455,-2.24996,64.4874,-1.7654,1.54628,15947.9,0,0,700,353.827,25.9368,2,24.4756,2,-0,-1.7654,0,0,0,51.1981,27.9173,2,22.4756
4778.9,105391,84.8151,-2.2585,64.4343,0.0821305,1.54628,15948,0,0,700,353.827,25.9368,2,24.4756,3.99529,1.99529,0.0821305,0,0,0,51.2031,27.9171,2,20.4803
4779,105394,84.7914,-2.26703,64.381,3.07501,1.54628,15948.2,0,0,700,353.827,25.9368,2,24.4756,7.10091,5.10091,3.07501,0,0,0,51.2073,27.917,2,17.3747
4779.1,105396,84.775,-2.27556,64.3275,6.4054,1.54628,15948.4,0,0,700,353.827,25.9368,2,24.4756,10.5571,8.55709,6.4054,0,0,0,51.2107,27.9167,2,13.9185
4779.2,105398,84.7668,-2.28408,64.2738,9.24697,1.54628,15948.5,0,0,700,353.827,25.9368,2,24.4756,13.5062,11.5062,9.24697,0,0,0,51.2133,27.9165,2,10.9694
4779.3,105401,84.7636,-2.29261,64.22,11.4565,1.54628,15948.7,0,0,700,353.827,25.9368,2,24.4756,15.8183,13.8183,11.4565,0,0,0,51.2154,27.9162,2,8.65727
4779.4,105403,84.7658,-2.30113,64.1659,12.538,1.54628,15948.8,0,0,700,353.827,25.9368,2,24.4756,16.9503,14.9503,12.538,0,0,0,51.2173,27.9159,2,7.52533
4779.5,105406,84.768,-2.30965,64.1116,11.9546,1.54628,15949,0,0,700,353.827,25.9368,2,24.4756,16.3397,14.3397,11.9546,0,0,0,51.2192,27.9156,2,8.13584
4779.6,105408,84.7682,-2.31816,64.0571,10.9917,1.54628,15949.1,0,0,700,353.827,25.9368,2,24.4756,15.332,13.332,10.9917,0,0,0,51.2215,27.9154,2,9.14357
4779.7,105410,84.7667,-2.32667,64.0024,10.1019,1.54628,15949.3,0,0,700,353.827,25.9368,2,24.4756,14.4007,12.4007,10.1019,0,0,0,51.2239,27.9151,2,10.0748
4779.8,105413,84.7635,-2.33518,63.9475,8.85229,1.54628,15949.4,0,0,700,353.827,25.9368,2,24.4756,13.0964,11.0964,8.85229,0,0,0,51.2267,27.9148,2,11.3792
4779.9,105415,84.7571,-2.34368,63.8925,7.73252,1.54628,15949.6,0,0,700,353.827,25.9368,2,24.4756,11.934,9.93397,7.73252,0,0,0,51.2297,27.9146,2,12.5416
4780,105417,84.7495,-2.35218,63.8372,7.52406,1.54628,15949.7,0,0,700,353.827,25.9368,2,24.4756,11.7174,9.71738,7.52406,0,0,0,51.2328,27.9143,2,12.7582
4780.1,105420,84.7427,-2.36067,63.7817,7.59218,1.54628,15949.9,0,0,700,353.827,25.9368,2,24.4756,11.7879,9.78787,7.59218,0,0,0,51.2359,27.9141,2,12.6877
4780.2,105422,84.736,-2.36915,63.726,7.90406,1.54628,15950.1,0,0,700,353.827,25.9368,2,24.4756,12.1114,10.1114,7.90406,0,0,0,51.2389,27.9139,2,12.3642
4780.3,105424,84.7312,-2.37763,63.6702,8.84481,1.54628,15950.2,0,0,700,353.827,25.9368,2,24.4756,13.0876,11.0876,8.84481,0,0,0,51.2417,27.9136,2,11.3879
4780.4,105427,84.7293,-2.3861,63.6141,9.63042,1.54628,15950.4,0,0,700,353.827,25.9368,2,24.4756,13.9062,11.9062,9.63042,0,0,0,51.2443,27.9133,2,10.5694
4780.5,105429,84.7286,-2.39456,63.5579,10.232,1.54628,15950.5,0,0,700,353.827,25.9368,2,24.4756,14.5358,12.5358,10.232,0,0,0,51.2467,27.9131,2,9.93979
4780.6,105431,84.73,-2.40302,63.5014,10.8178,1.54628,15950.7,0,0,700,353.827,25.9368,2,24.4756,15.1488,13.1488,10.8178,0,0,0,51.2489,27.9128,2,9.32674
4780.7,105434,84.7325,-2.41147,63.4448,10.7798,1.54628,15950.8,0,0,700,353.827,25.9368,2,24.4756,15.1092,13.1092,10.7798,0,0,0,51.2512,27.9125,2,9.36637
4780.8,105436,84.7342,-2.41991,63.3879,10.3589,1.54628,15951,0,0,700,353.827,25.9368,2,24.4756,14.6688,12.6688,10.3589,0,0,0,51.2536,27.9123,2,9.80681
4780.9,105438,84.7354,-2.42834,63.3308,10.1635,1.54628,15951.1,0,0,700,353.827,25.9368,2,24.4756,14.4643,12.4643,10.1635,0,0,0,51.256,27.912,2,10.0113
4781,105441,84.7368,-2.43676,63.2736,10.0083,1.54628,15951.3,0,0,700,353.827,25.9368,2,24.4756,14.302,12.302,10.0083,0,0,0,51.2585,27.9117,2,10.1736
4781.1,105443,84.7379,-2.44518,63.2161,9.5406,1.54628,15951.4,0,0,700,353.827,25.9368,2,24.4756,13.8125,11.8125,9.5406,0,0,0,51.2611,27.9115,2,10.6631
4781.2,105446,84.7378,-2.45358,63.1585,9.37185,1.54628,15951.6,0,0,700,353.827,25.9368,2,24.4756,13.6359,11.6359,9.37185,0,0,0,51.2637,27.9112,2,10.8397
4781.3,105448,84.7387,-2.46198,63.1006,9.33973,1.54628,15951.8,0,0,700,353.827,25.9368,2,24.4756,13.6023,11.6023,9.33973,0,0,0,51.2664,27.911,2,10.8733
4781.4,105450,84.739,-2.47036,63.0426,8.87435,1.54628,15951.9,0,0,700,353.827,25.9368,2,24.4756,13.1185,11.1185,8.87435,0,0,0,51.2691,27.9107,2,11.357
4781.5,105453,84.7384,-2.47873,62.9843,8.47326,1.54628,15952.1,0,0,700,353.827,25.9368,2,24.4756,12.7022,10.7022,8.47326,0,0,0,51.272,27.9105,2,11.7734
4781.6,105455,84.7375,-2.48709,62.9259,8.72417,1.54628,15952.2,0,0,700,353.827,25.9368,2,24.4756,12.9626,10.9626,8.72417,0,0,0,51.2748,27.9102,2,11.513
4781.7,105457,84.7385,-2.49544,62.8672,9.43683,1.54628,15952.4,0,0,700,353.827,25.9368,2,24.4756,13.7039,11.7039,9.43683,0,0,0,51.2774,27.9099,2,10.7717
4781.8,105460,84.7414,-2.50378,62.8084,10.1151,1.54628,15952.5,0,0,700,353.827,25.9368,2,24.4756,14.4138,12.4138,10.1151,0,0,0,51.2799,27.9097,2,10.0618
4781.9,105462,84.746,-2.5121,62.7494,10.7004,1.54628,15952.7,0,0,700,353.827,25.9368,2,24.4756,15.0265,13.0265,10.7004,0,0,0,51.2822,27.9094,2,9.44907
4782,105464,84.7521,-2.52041,62.6901,10.8738,1.54628,15952.8,0,0,700,353.827,25.9368,2,24.4756,15.2082,13.2082,10.8738,0,0,0,51.2844,27.9091,2,9.2674
4782.1,105467,84.758,-2.52871,62.6307,9.9746,1.54628,15953,0,0,700,353.827,25.9368,2,24.4756,14.2673,12.2673,9.9746,0,0,0,51.2869,27.9089,2,10.2083
4782.2,105469,84.7606,-2.537,62.5711,8.36971,1.54628,15953.1,0,0,700,353.827,25.9368,2,24.4756,12.5954,10.5954,8.36971,0,0,0,51.2898,27.9086,2,11.8802
4782.3,105471,84.7599,-2.54527,62.5112,7.28765,1.54628,15953.3,0,0,700,353.827,25.9368,2,24.4756,11.4723,9.47232,7.28765,0,0,0,51.2929,27.9084,2,13.0033
4782.4,105474,84.7582,-2.55353,62.4512,7.2976,1.54628,15953.5,0,0,700,353.827,25.9368,2,24.4756,11.4826,9.4826,7.2976,0,0,0,51.2961,27.9081,2,12.993
4782.5,105476,84.7581,-2.56177,62.391,7.75491,1.54628,15953.6,0,0,700,353.827,25.9368,2,24.4756,11.9572,9.95725,7.75491,0,0,0,51.2991,27.9079,2,12.5183
4782.6,105478,84.7591,-2.57,62.3306,8.96499,1.54628,15953.8,0,0,700,353.827,25.9368,2,24.4756,13.2132,11.2132,8.96499,0,0,0,51.3019,27.9077,2,11.2624
4782.7,105481,84.7649,-2.57821,62.27,10.792,1.54628,15953.9,0,0,700,353.827,25.9368,2,24.4756,15.1229,13.1229,10.792,0,0,0,51.3042,27.9074,2,9.35268
4782.8,105483,84.7745,-2.58641,62.2092,12.3158,1.54628,15954.1,0,0,700,353.827,25.9368,2,24.4756,16.7179,14.7179,12.3158,0,0,0,51.306,27.9071,2,7.75766
4782.9,105486,84.7877,-2.59459,62.1482,13.0476,1.54828,15954.2,0,0,700,354.336,25.9742,2,24.5104,17.4842,15.4842,13.0476,0,0,0,51.3078,27.9068,2,7.02618
4783,105488,84.8011,-2.60276,62.0869,13.155,1.55368,15954.4,0,0,700,355.714,26.0752,2,24.6045,17.597,15.597,13.155,0,0,0,51.3095,27.9065,2,7.00748
4783.1,105490,84.8152,-2.61091,62.0255,13.0425,1.54778,15954.5,0,0,700,354.209,25.9648,2,24.5017,17.4797,15.4797,13.0425,0,0,0,51.3112,27.9063,2,7.02197
4783.2,105493,84.8286,-2.61905,61.9639,12.4549,1.54628,15954.7,0,0,700,353.827,25.9368,2,24.4756,16.8651,14.8651,12.4549,0,0,0,51.313,27.906,2,7.61049
4783.3,105495,84.8406,-2.62716,61.9021,11.9189,1.54628,15954.8,0,0,700,353.827,25.9368,2,24.4756,16.3046,14.3046,11.9189,0,0,0,51.315,27.9057,2,8.17103
4783.4,105497,84.8521,-2.63526,61.8401,11.3923,1.54628,15955,0,0,700,353.827,25.9368,2,24.4756,15.7538,13.7538,11.3923,0,0,0,51.3171,27.9054,2,8.7218
4783.5,105500,84.8623,-2.64335,61.7779,11.024,1.54628,15955.2,0,0,700,353.827,25.9368,2,24.4756,15.3687,13.3687,11.024,0,0,0,51.3193,27.9052,2,9.10694
4783.6,105502,84.8726,-2.65141,61.7155,11.0616,1.54628,15955.3,0,0,700,353.827,25.9368,2,24.4756,15.4082,13.4082,11.0616,0,0,0,51.3215,27.9049,2,9.06734
4783.7,105504,84.8835,-2.65946,61.6529,10.9604,1.54628,15955.5,0,0,700,353.827,25.9368,2,24.4756,15.3027,13.3027,10.9604,0,0,0,51.3238,27.9046,2,9.1729
4783.8,105507,84.8938,-2.66749,61.5901,10.2716,1.54628,15955.6,0,0,700,353.827,25.9368,2,24.4756,14.5822,12.5822,10.2716,0,0,0,51.3262,27.9043,2,9.89342
4783.9,105509,84.9022,-2.6755,61.5271,10.2166,1.54628,15955.8,0,0,700,353.827,25.9368,2,24.4756,14.5249,12.5249,10.2166,0,0,0,51.3286,27.9041,2,9.95072
4784,105511,84.9128,-2.68349,61.4639,10.4942,1.54628,15955.9,0,0,700,353.827,25.9368,2,24.4756,14.8157,12.8157,10.4942,0,0,0,51.3309,27.9038,2,9.65992
4784.1,105514,84.9228,-2.69146,61.4005,10.1735,1.54628,15956.1,0,0,700,353.827,25.9368,2,24.4756,14.4804,12.4804,10.1735,0,0,0,51.3334,27.9036,2,9.99521
4784.2,105516,84.9326,-2.69941,61.3369,10.4606,1.54628,15956.2,0,0,700,353.827,25.9368,2,24.4756,14.7811,12.7811,10.4606,0,0,0,51.3357,27.9033,2,9.69446
4784.3,105519,84.9444,-2.70734,61.2731,11.522,1.54628,15956.4,0,0,700,353.827,25.9368,2,24.4756,15.8922,13.8922,11.522,0,0,0,51.3378,27.903,2,8.58338
4784.4,105521,84.9593,-2.71525,61.2091,12.2471,1.54628,15956.5,0,0,700,353.827,25.9368,2,24.4756,16.6516,14.6516,12.2471,0,0,0,51.3397,27.9027,2,7.82404
4784.5,105523,84.9748,-2.72313,61.1449,12.7867,1.54628,15956.7,0,0,700,353.827,25.9368,2,24.4756,17.2167,15.2167,12.7867,0,0,0,51.3415,27.9025,2,7.25886
4784.6,105526,84.9926,-2.731,61.0806,13.5018,1.57133,15956.9,0,0,700,360.216,26.4052,2,24.9117,17.9657,15.9657,13.5018,0,0,0,51.3432,27.9022,2,6.94603
4784.7,105528,85.0118,-2.73885,61.016,13.9127,1.59655,15957,0,0,700,366.65,26.8769,2,25.3503,18.3962,16.3962,13.9127,0,0,0,51.3449,27.9019,2,6.95409
4784.8,105530,85.0319,-2.74667,60.9512,14.1823,1.61305,15957.2,0,0,700,370.859,27.1854,2,25.637,18.6789,16.6789,14.1823,0,0,0,51.3466,27.9016,2,6.95811
4784.9,105533,85.0527,-2.75448,60.8862,14.7032,1.64507,15957.3,0,0,700,379.027,27.7841,2,26.1927,19.2247,17.2247,14.7032,0,0,0,51.3482,27.9013,2,6.96795
4785,105535,85.0755,-2.76226,60.8211,15.5873,1.6995,15957.5,0,0,700,392.911,28.8019,2,27.1354,20.1506,18.1506,15.5873,0,0,0,51.3499,27.901,2,6.98478
4785.1,105537,85.1007,-2.77002,60.7557,17.0526,1.78056,15957.7,0,0,700,413.588,30.3176,2,28.535,21.6849,19.6849,17.0526,0,0,0,51.3516,27.9008,2,6.85018
4785.2,105540,85.1304,-2.77776,60.6901,18.731,1.87664,15957.9,0,0,700,438.097,32.1142,2,30.1874,23.4432,21.4432,18.731,0,0,0,51.3532,27.9005,2,6.7442
4785.3,105542,85.1634,-2.78547,60.6243,19.7054,1.93552,15958.1,0,0,711.139,445.51,33.1773,2,31.1938,24.4715,22.4715,19.7054,0,0,0,51.3549,27.9002,2,6.72237
4785.4,105545,85.1979,-2.79316,60.5583,20.1654,1.96727,15958.3,0,0,718.578,448.453,33.7457,2,31.7364,24.9574,22.9574,20.1654,0,0,0,51.3565,27.8999,2,6.77905
4785.5,105547,85.2333,-2.80084,60.4921,20.3847,1.98375,15958.5,0,0,722.109,450.178,34.042,2,32.0183,25.1895,23.1895,20.3847,0,0,0,51.3582,27.8996,2,6.82883
4785.6,105549,85.2691,-2.80848,60.4257,20.4093,1.98549,15958.7,0,0,722.482,450.36,34.0734,2,32.0481,25.2165,23.2165,20.4093,0,0,0,51.3599,27.8993,2,6.83168
4785.7,105552,85.3049,-2.81611,60.359,20.3785,1.98303,15958.9,0,0,721.955,450.102,34.0291,2,32.006,25.185,23.185,20.3785,0,0,0,51.3615,27.8991,2,6.82099
4785.8,105554,85.3409,-2.82371,60.2922,20.4535,1.9886,15959.1,0,0,723.146,450.684,34.1293,2,32.1013,25.2651,23.2651,20.4535,0,0,0,51.3632,27.8988,2,6.8362
4785.9,105556,85.3775,-2.83129,60.2252,20.5835,1.99836,15959.3,0,0,725.228,451.701,34.3048,2,32.2683,25.4031,23.4031,20.5835,0,0,0,51.3648,27.8985,2,6.8652
4786,105559,85.4144,-2.83884,60.1579,20.4561,1.98854,15959.5,0,0,723.133,450.678,34.1282,2,32.1003,25.2698,23.2698,20.4561,0,0,0,51.3665,27.8982,2,6.83048
4786.1,105561,85.4507,-2.84638,60.0905,19.437,1.91739,15959.7,0,0,706.566,444.021,32.8538,2,30.8842,24.1965,22.1965,19.437,0,0,0,51.3681,27.8979,2,6.68771
4786.2,105564,85.4835,-2.85388,60.0228,18.1313,1.84492,15959.8,0,0,700,430.007,31.5211,2,29.6428,22.8252,20.8252,18.1313,0,0,0,51.3698,27.8976,2,6.81759
4786.3,105566,85.5144,-2.86136,59.9549,16.9983,1.77675,15960,0,0,700,412.617,30.2464,2,28.4695,21.6404,19.6404,16.9983,0,0,0,51.3714,27.8974,2,6.82905
4786.4,105568,85.5426,-2.86881,59.8869,15.8597,1.71486,15960.2,0,0,700,396.829,29.0891,2,27.4011,20.4497,18.4497,15.8597,0,0,0,51.3731,27.8971,2,6.95133
4786.5,105571,85.5689,-2.87624,59.8186,15.0965,1.66765,15960.4,0,0,700,384.786,28.2063,2,26.584,19.6518,17.6518,15.0965,0,0,0,51.3748,27.8968,2,6.93219
4786.6,105573,85.594,-2.88364,59.7501,14.9159,1.65638,15960.5,0,0,700,381.912,27.9956,2,26.3887,19.4635,17.4635,14.9159,0,0,0,51.3765,27.8965,2,6.92523
4786.7,105575,85.6199,-2.89102,59.6815,14.7452,1.64573,15960.7,0,0,700,379.195,27.7965,2,26.2041,19.2857,17.2857,14.7452,0,0,0,51.3782,27.8962,2,6.9184
4786.8,105578,85.6447,-2.89836,59.6126,14.4838,1.62948,15960.8,0,0,700,375.049,27.4925,2,25.9222,19.0129,17.0129,14.4838,0,0,0,51.3799,27.8959,2,6.9093
4786.9,105580,85.6698,-2.90568,59.5436,13.4806,1.56746,15961,0,0,700,359.228,26.3328,2,24.8443,17.9638,15.9638,13.4806,0,0,0,51.3815,27.8957,2,6.88051
4787,105583,85.6906,-2.91297,59.4743,11.0197,1.54628,15961.2,0,0,700,353.827,25.9368,2,24.4756,15.389,13.389,11.0197,0,0,0,51.3837,27.8954,2,9.08654
4787.1,105585,85.7053,-2.92023,59.4049,7.74018,1.54628,15961.3,0,0,700,353.827,25.9368,2,24.4756,11.9714,9.97141,7.74018,0,0,0,51.3868,27.8951,2,12.5042
4787.2,105587,85.712,-2.92746,59.3353,4.33692,1.54628,15961.5,0,0,700,353.827,25.9368,2,24.4756,8.43941,6.43941,4.33692,0,0,0,51.3907,27.8949,2,16.0362
4787.3,105590,85.7122,-2.93466,59.2655,1.25079,1.54628,15961.6,0,0,700,353.827,25.9368,2,24.4756,5.23636,3.23636,1.25079,0,0,0,51.3954,27.8948,2,19.2392
4787.4,105592,85.7058,-2.94183,59.1955,-0.682382,1.54628,15961.8,0,0,700,353.827,25.9368,2,24.4756,2,-0,-0.682382,0,0,0,51.4008,27.8947,2,22.4756
4787.5,105594,85.6979,-2.94896,59.1254,-1.04711,1.54628,15961.9,0,0,700,353.827,25.9368,2,24.4756,2,-0,-1.04711,0,0,0,51.4063,27.8945,2,22.4756
4787.6,105597,85.6905,-2.95606,59.0551,-0.508333,1.54628,15962.1,0,0,700,353.827,25.9368,2,24.4756,2,-0,-0.508333,0,0,0,51.4118,27.8944,2,22.4756
4787.7,105599,85.6855,-2.96313,58.9847,0.255817,1.54628,15962.2,0,0,700,353.827,25.9368,2,24.4756,4.20285,2.20285,0.255817,0,0,0,51.4167,27.8943,2,20.2727
4787.8,105602,85.6819,-2.97017,58.9141,1.09782,1.54628,15962.4,0,0,700,353.827,25.9368,2,24.4756,5.07664,3.07664,1.09782,0,0,0,51.4214,27.8941,2,19.3989
4787.9,105604,85.6811,-2.97717,58.8433,1.67245,1.54628,15962.6,0,0,700,353.827,25.9368,2,24.4756,5.67302,3.67302,1.67245,0,0,0,51.426,27.8939,2,18.8026
4788,105606,85.6806,-2.98415,58.7724,1.6885,1.54628,15962.7,0,0,700,353.827,25.9368,2,24.4756,5.68966,3.68966,1.6885,0,0,0,51.4305,27.8937,2,18.7859
4788.1,105609,85.6803,-2.99108,58.7013,1.64079,1.54628,15962.9,0,0,700,353.827,25.9368,2,24.4756,5.64014,3.64014,1.64079,0,0,0,51.4351,27.8936,2,18.8354
4788.2,105611,85.68,-2.99799,58.63,1.22265,1.54628,15963,0,0,700,353.827,25.9368,2,24.4756,5.20614,3.20614,1.22265,0,0,0,51.4398,27.8934,2,19.2694
4788.3,105613,85.6784,-3.00486,58.5586,0.440543,1.54628,15963.2,0,0,700,353.827,25.9368,2,24.4756,4.39435,2.39435,0.440543,0,0,0,51.4447,27.8933,2,20.0812
4788.4,105616,85.6751,-3.01169,58.487,-0.212131,1.54628,15963.3,0,0,700,353.827,25.9368,2,24.4756,2,-0,-0.212131,0,0,0,51.4501,27.8931,2,22.4756
4788.5,105618,85.6711,-3.01849,58.4152,-0.331402,1.54628,15963.5,0,0,700,353.827,25.9368,2,24.4756,2,-0,-0.331402,0,0,0,51.4556,27.893,2,22.4756
4788.6,105621,85.6678,-3.02526,58.3433,-0.0901344,1.54628,15963.6,0,0,700,353.827,25.9368,2,24.4756,2,-0,-0.0901344,0,0,0,51.4611,27.8929,2,22.4756
4788.7,105623,85.6653,-3.03199,58.2712,-0.00866423,1.54628,15963.8,0,0,700,353.827,25.9368,2,24.4756,2,-0,-0.00866423,0,0,0,51.4665,27.8928,2,22.4756
4788.8,105625,85.6628,-3.03868,58.199,-0.380274,1.54628,15963.9,0,0,700,353.827,25.9368,2,24.4756,2,-0,-0.380274,0,0,0,51.472,27.8927,2,22.4756
4788.9,105628,85.6591,-3.04534,58.1266,-1.17072,1.54628,15964.1,0,0,700,353.827,25.9368,2,24.4756,2,-0,-1.17072,0,0,0,51.4775,27.8925,2,22.4756
4789,105630,85.6536,-3.05197,58.0541,-2.4164,1.54628,15964.3,0,0,700,353.827,25.9368,2,24.4756,1.60826,-0.391739,-2.4164,0.391739,0,0,51.483,27.8924,2,22.8673
4789.1,105633,85.6449,-3.05856,57.9814,-4.03278,1.54628,15964.4,0,0,700,353.827,25.9368,2,24.4756,0.0506833,-1.94932,-4.03278,1.94932,0,0,51.489,27.8923,2,24.4249
4789.2,105635,85.6327,-3.06511,57.9086,-5.07449,1.54628,15964.6,0,0,700,353.827,25.9368,2,24.4756,-0.953326,-2.95333,-5.07449,2.95333,0,0,51.4951,27.8923,2,25.4289
4789.3,105637,85.62,-3.07162,57.8356,-5.04085,1.54628,15964.7,0,0,700,353.827,25.9368,2,24.4756,-0.921321,-2.92132,-5.04085,2.92132,0,0,51.5013,27.8922,2,25.3969
4789.4,105640,85.6084,-3.0781,57.7625,-4.2179,1.54628,15964.9,0,0,700,353.827,25.9368,2,24.4756,-0.128812,-2.12881,-4.2179,2.12881,0,0,51.5073,27.8921,2,24.6044
4789.5,105642,85.5997,-3.08454,57.6892,-2.97385,1.54628,15965,0,0,700,353.827,25.9368,2,24.4756,1.06949,-0.930509,-2.97385,0.930509,0,0,51.513,27.892,2,23.4061
4789.6,105644,85.5941,-3.09094,57.6158,-1.80594,1.54628,15965.2,0,0,700,353.827,25.9368,2,24.4756,2,-0,-1.80594,0,0,0,51.5185,27.8919,2,22.4756
4789.7,105647,85.5911,-3.0973,57.5422,-0.708735,1.54628,15965.3,0,0,700,353.827,25.9368,2,24.4756,2,-0,-0.708735,0,0,0,51.5239,27.8918,2,22.4756
4789.8,105649,85.5907,-3.10363,57.4685,0.113148,1.54628,15965.5,0,0,700,353.827,25.9368,2,24.4756,4.05179,2.05179,0.113148,0,0,0,51.5289,27.8916,2,20.4238
4789.9,105652,85.5917,-3.10992,57.3946,0.629581,1.54628,15965.6,0,0,700,353.827,25.9368,2,24.4756,4.58783,2.58783,0.629581,0,0,0,51.5337,27.8915,2,19.8878
4790,105654,85.5941,-3.11618,57.3206,0.955527,1.54628,15965.8,0,0,700,353.827,25.9368,2,24.4756,4.9262,2.9262,0.955527,0,0,0,51.5385,27.8913,2,19.5494
4790.1,105656,85.597,-3.12239,57.2464,0.777973,1.54628,15966,0,0,700,353.827,25.9368,2,24.4756,4.74201,2.74201,0.777973,0,0,0,51.5433,27.8911,2,19.7336
4790.2,105659,85.599,-3.12857,57.1721,0.646911,1.54628,15966.1,0,0,700,353.827,25.9368,2,24.4756,4.60604,2.60604,0.646911,0,0,0,51.5481,27.891,2,19.8696
4790.3,105661,85.6017,-3.13471,57.0977,0.938544,1.54628,15966.3,0,0,700,353.827,25.9368,2,24.4756,4.90881,2.90881,0.938544,0,0,0,51.5529,27.8908,2,19.5668
4790.4,105663,85.6053,-3.14081,57.0231,0.840992,1.54628,15966.4,0,0,700,353.827,25.9368,2,24.4756,4.80768,2.80768,0.840992,0,0,0,51.5576,27.8907,2,19.6679
4790.5,105666,85.608,-3.14687,56.9483,1.13576,1.54628,15966.6,0,0,700,353.827,25.9368,2,24.4756,5.11369,3.11369,1.13576,0,0,0,51.5623,27.8905,2,19.3619
4790.6,105668,85.6134,-3.1529,56.8734,2.04861,1.54628,15966.7,0,0,700,353.827,25.9368,2,24.4756,6.0613,4.0613,2.04861,0,0,0,51.5668,27.8903,2,18.4143
4790.7,105671,85.6205,-3.15888,56.7983,2.36191,1.54628,15966.9,0,0,700,353.827,25.9368,2,24.4756,6.3867,4.3867,2.36191,0,0,0,51.5712,27.8901,2,18.0889
4790.8,105673,85.6276,-3.16483,56.7231,1.84548,1.54628,15967,0,0,700,353.827,25.9368,2,24.4756,5.85093,3.85093,1.84548,0,0,0,51.5757,27.89,2,18.6247
4790.9,105675,85.6328,-3.17074,56.6478,0.657512,1.54628,15967.2,0,0,700,353.827,25.9368,2,24.4756,4.61811,2.61811,0.657512,0,0,0,51.5806,27.8898,2,19.8575
4791,105678,85.6351,-3.17661,56.5723,-1.39622,1.54628,15967.3,0,0,700,353.827,25.9368,2,24.4756,2,-0,-1.39622,0,0,0,51.586,27.8897,2,22.4756
4791.1,105680,85.6316,-3.18244,56.4967,-3.5135,1.54628,15967.5,0,0,700,353.827,25.9368,2,24.4756,0.550565,-1.44944,-3.5135,1.44944,0,0,51.5918,27.8896,2,23.925
4791.2,105682,85.625,-3.18822,56.4209,-5.30521,1.54628,15967.7,0,0,700,353.827,25.9368,2,24.4756,-1.17586,-3.17586,-5.30521,3.17586,0,0,51.5981,27.8895,2,25.6514
4791.3,105685,85.614,-3.19397,56.345,-7.31464,1.54628,15967.8,0,0,700,353.827,25.9368,2,24.4756,-3.11218,-5.11218,-7.31464,5.11218,0,0,51.6048,27.8895,2,27.5878
4791.4,105687,85.5989,-3.19968,56.269,-9.29356,1.54628,15968,0,0,700,353.827,25.9368,2,24.4756,-5.01923,-7.01923,-9.29356,7.01923,0,0,51.612,27.8895,2,29.4948
4791.5,105690,85.5797,-3.20535,56.1928,-11.21,1.54628,15968.1,0,0,700,353.827,25.9368,2,24.4756,-6.85588,-8.85588,-11.21,8.85588,0,0,51.6196,27.8895,2,31.3315
4791.6,105692,85.5566,-3.21097,56.1166,-13.4648,1.54628,15968.3,0,0,700,353.827,25.9368,2,24.4756,-9.01067,-11.0107,-13.4648,11.0107,0,0,51.6277,27.8896,2,33.4863
4791.7,105694,85.5278,-3.21655,56.0402,-16.5827,1.54628,15968.4,0,0,700,353.827,25.9368,2,24.4756,-11.9902,-13.9902,-16.5827,13.9902,0,0,51.6366,27.8898,2,36.4658
4791.8,105697,85.4914,-3.22209,55.9638,-19.5176,1.54628,15968.6,0,0,700,353.827,25.9368,2,24.4756,-14.7951,-16.7951,-19.5176,16.7951,0,0,51.6461,27.89,2,39.2707
4791.9,105699,85.4501,-3.22759,55.8872,-21.5487,1.54628,15968.7,0,0,700,353.827,25.9368,2,24.4756,-16.7243,-18.7243,-21.5487,18.7243,0,0,51.6561,27.8903,2,41.1999
4792,105701,85.4053,-3.23304,55.8105,-23.379,1.54628,15968.9,0,0,700,353.827,25.9368,2,24.4756,-18.4609,-20.4609,-23.379,20.4609,0,0,51.6666,27.8907,2,42.9365
4792.1,105704,85.3564,-3.23845,55.7338,-24.8345,1.54628,15969,0,0,700,353.827,25.9368,2,24.4756,-19.8422,-21.8422,-24.8345,21.8422,0,0,51.6774,27.891,2,44.3178
4792.2,105706,85.3055,-3.24382,55.657,-24.7548,1.54628,15969.2,0,0,700,353.827,25.9368,2,24.4756,-19.768,-21.768,-24.7548,21.768,0,0,51.6881,27.8914,2,44.2436
4792.3,105709,85.2575,-3.24914,55.5801,-23.8837,1.54628,15969.4,0,0,700,353.827,25.9368,2,24.4756,-18.9435,-20.9435,-23.8837,20.9435,0,0,51.6987,27.8918,2,43.4191
4792.4,105711,85.2109,-3.25441,55.5031,-22.9775,1.54628,15969.5,0,0,700,353.827,25.9368,2,24.4756,-18.0857,-20.0857,-22.9775,20.0857,0,0,51.709,27.8921,2,42.5613
4792.5,105713,85.1674,-3.25964,55.426,-21.866,1.54628,15969.7,0,0,700,353.827,25.9368,2,24.4756,-17.0331,-19.0331,-21.866,19.0331,0,0,51.7191,27.8924,2,41.5087
4792.6,105716,85.1262,-3.26483,55.3488,-20.1152,1.54628,15969.8,0,0,700,353.827,25.9368,2,24.4756,-15.3744,-17.3744,-20.1152,17.3744,0,0,51.7288,27.8926,2,39.85
4792.7,105718,85.0908,-3.26998,55.2716,-17.6741,1.54628,15970,0,0,700,353.827,25.9368,2,24.4756,-13.0459,-15.0459,-17.6741,15.0459,0,0,51.7379,27.8928,2,37.5215
4792.8,105720,85.061,-3.27508,55.1943,-15.5414,1.54628,15970.1,0,0,700,353.827,25.9368,2,24.4756,-11.0094,-13.0094,-15.5414,13.0094,0,0,51.7465,27.893,2,35.485
4792.9,105723,85.0355,-3.28013,55.1168,-13.9948,1.54628,15970.3,0,0,700,353.827,25.9368,2,24.4756,-9.53268,-11.5327,-13.9948,11.5327,0,0,51.7548,27.8931,2,34.0083
4793,105725,85.0129,-3.28515,55.0393,-12.9727,1.54628,15970.4,0,0,700,353.827,25.9368,2,24.4756,-8.55689,-10.5569,-12.9727,10.5569,0,0,51.7628,27.8932,2,33.0325
4793.1,105727,84.9924,-3.29012,54.9617,-13.4363,1.54628,15970.6,0,0,700,353.827,25.9368,2,24.4756,-9.00044,-11.0004,-13.4363,11.0004,0,0,51.771,27.8933,2,33.476
4793.2,105730,84.9681,-3.29505,54.8839,-16.1209,1.54628,15970.7,0,0,700,353.827,25.9368,2,24.4756,-11.5657,-13.5657,-16.1209,13.5657,0,0,51.7797,27.8934,2,36.0413
4793.3,105732,84.936,-3.29993,54.8061,-19.5694,1.54628,15970.9,0,0,700,353.827,25.9368,2,24.4756,-14.8611,-16.8611,-19.5694,16.8611,0,0,51.7893,27.8937,2,39.3367
4793.4,105735,84.8969,-3.30477,54.7282,-22.4795,1.54628,15971.1,0,0,700,353.827,25.9368,2,24.4756,-17.6223,-19.6223,-22.4795,19.6223,0,0,51.7995,27.894,2,42.0979
4793.5,105737,84.8523,-3.30957,54.6503,-24.3695,1.54628,15971.2,0,0,700,353.827,25.9368,2,24.4756,-19.4154,-21.4154,-24.3695,21.4154,0,0,51.8102,27.8943,2,43.891
4793.6,105739,84.8051,-3.31432,54.5722,-24.9621,1.54628,15971.4,0,0,700,353.827,25.9368,2,24.4756,-19.9785,-21.9785,-24.9621,21.9785,0,0,51.821,27.8947,2,44.4541
4793.7,105742,84.7583,-3.31903,54.4941,-24.3193,1.54628,15971.5,0,0,700,353.827,25.9368,2,24.4756,-19.3704,-21.3704,-24.3193,21.3704,0,0,51.8317,27.8951,2,43.846
4793.8,105744,84.7144,-3.32369,54.4159,-23.4165,1.54628,15971.7,0,0,700,353.827,25.9368,2,24.4756,-18.5157,-20.5157,-23.4165,20.5157,0,0,51.8421,27.8954,2,42.9913
4793.9,105746,84.6721,-3.3283,54.3377,-22.8278,1.54628,15971.8,0,0,700,353.827,25.9368,2,24.4756,-17.9587,-19.9587,-22.8278,19.9587,0,0,51.8524,27.8957,2,42.4343
4794,105749,84.6312,-3.33288,54.2594,-22.6162,1.54628,15972,0,0,700,353.827,25.9368,2,24.4756,-17.7592,-19.7592,-22.6162,19.7592,0,0,51.8627,27.8961,2,42.2348
4794.1,105751,84.5902,-3.3374,54.181,-22.2303,1.54628,15972.1,0,0,700,353.827,25.9368,2,24.4756,-17.3946,-19.3946,-22.2303,19.3946,0,0,51.8729,27.8964,2,41.8702
4794.2,105753,84.5515,-3.34189,54.1025,-21.3246,1.54628,15972.3,0,0,700,353.827,25.9368,2,24.4756,-16.5369,-18.5369,-21.3246,18.5369,0,0,51.8829,27.8967,2,41.0125
4794.3,105756,84.5149,-3.34633,54.024,-20.2382,1.54628,15972.4,0,0,700,353.827,25.9368,2,24.4756,-15.5081,-17.5081,-20.2382,17.5081,0,0,51.8926,27.8969,2,39.9836
4794.4,105758,84.4814,-3.35072,53.9454,-18.8922,1.54628,15972.6,0,0,700,353.827,25.9368,2,24.4756,-14.2277,-16.2277,-18.8922,16.2277,0,0,51.902,27.8971,2,38.7033
4794.5,105760,84.4512,-3.35507,53.8667,-17.2137,1.54628,15972.8,0,0,700,353.827,25.9368,2,24.4756,-12.6251,-14.6251,-17.2137,14.6251,0,0,51.911,27.8973,2,37.1006
4794.6,105763,84.4256,-3.35938,53.788,-15.8374,1.54628,15972.9,0,0,700,353.827,25.9368,2,24.4756,-11.3111,-13.3111,-15.8374,13.3111,0,0,51.9197,27.8975,2,35.7867
4794.7,105765,84.402,-3.36364,53.7092,-14.575,1.54628,15973.1,0,0,700,353.827,25.9368,2,24.4756,-10.1058,-12.1058,-14.575,12.1058,0,0,51.9281,27.8976,2,34.5814
4794.8,105767,84.3823,-3.36786,53.6303,-13.1734,1.54628,15973.2,0,0,700,353.827,25.9368,2,24.4756,-8.76742,-10.7674,-13.1734,10.7674,0,0,51.9362,27.8977,2,33.243
4794.9,105770,84.3653,-3.37203,53.5513,-12.2184,1.54628,15973.4,0,0,700,353.827,25.9368,2,24.4756,-7.85561,-9.85561,-12.2184,9.85561,0,0,51.9441,27.8977,2,32.3312
4795,105772,84.3503,-3.37617,53.4722,-11.7971,1.54628,15973.5,0,0,700,353.827,25.9368,2,24.4756,-7.45358,-9.45358,-11.7971,9.45358,0,0,51.9518,27.8978,2,31.9292
4795.1,105774,84.3354,-3.38026,53.3931,-11.7257,1.54628,15973.7,0,0,700,353.827,25.9368,2,24.4756,-7.38587,-9.38587,-11.7257,9.38587,0,0,51.9596,27.8978,2,31.8615
4795.2,105777,84.3211,-3.3843,53.3139,-12.0829,1.54628,15973.8,0,0,700,353.827,25.9368,2,24.4756,-7.72752,-9.72752,-12.0829,9.72752,0,0,51.9674,27.8979,2,32.2031
4795.3,105779,84.3049,-3.3883,53.2345,-12.3279,1.54628,15974,0,0,700,353.827,25.9368,2,24.4756,-7.96201,-9.96201,-12.3279,9.96201,0,0,51.9753,27.898,2,32.4376
4795.4,105782,84.2898,-3.39226,53.1552,-11.8117,1.54628,15974.1,0,0,700,353.827,25.9368,2,24.4756,-7.46933,-9.46933,-11.8117,9.46933,0,0,51.983,27.898,2,31.9449
4795.5,105784,84.2763,-3.39617,53.0757,-10.8188,1.54628,15974.3,0,0,700,353.827,25.9368,2,24.4756,-6.52127,-8.52127,-10.8188,8.52127,0,0,51.9906,27.8981,2,30.9969
4795.6,105786,84.2659,-3.40004,52.9962,-9.45476,1.54628,15974.5,0,0,700,353.827,25.9368,2,24.4756,-5.21584,-7.21584,-9.45476,7.21584,0,0,51.9978,27.8981,2,29.6914
4795.7,105789,84.2588,-3.40387,52.9165,-8.11138,1.54628,15974.6,0,0,700,353.827,25.9368,2,24.4756,-3.92183,-5.92183,-8.11138,5.92183,0,0,52.0047,27.8981,2,28.3974
4795.8,105791,84.2547,-3.40766,52.8368,-7.10186,1.54628,15974.8,0,0,700,353.827,25.9368,2,24.4756,-2.94938,-4.94938,-7.10186,4.94938,0,0,52.0114,27.898,2,27.425
4795.9,105793,84.2523,-3.4114,52.757,-6.58739,1.54628,15974.9,0,0,700,353.827,25.9368,2,24.4756,-2.45381,-4.45381,-6.58739,4.45381,0,0,52.0179,27.898,2,26.9294
4796,105796,84.2508,-3.4151,52.6771,-6.32538,1.54628,15975.1,0,0,700,353.827,25.9368,2,24.4756,-2.20143,-4.20143,-6.32538,4.20143,0,0,52.0244,27.8979,2,26.677
4796.1,105798,84.2499,-3.41875,52.5972,-6.46741,1.54628,15975.2,0,0,700,353.827,25.9368,2,24.4756,-2.3383,-4.3383,-6.46741,4.3383,0,0,52.0309,27.8979,2,26.8139
4796.2,105800,84.248,-3.42236,52.5171,-6.96749,1.54628,15975.4,0,0,700,353.827,25.9368,2,24.4756,-2.82014,-4.82014,-6.96749,4.82014,0,0,52.0375,27.8979,2,27.2957
4796.3,105803,84.2451,-3.42593,52.437,-6.51755,1.54628,15975.5,0,0,700,353.827,25.9368,2,24.4756,-2.38675,-4.38675,-6.51755,4.38675,0,0,52.0441,27.8978,2,26.8623
4796.4,105805,84.2455,-3.42946,52.3568,-5.13382,1.54628,15975.7,0,0,700,353.827,25.9368,2,24.4756,-1.05364,-3.05364,-5.13382,3.05364,0,0,52.0503,27.8977,2,25.5292
4796.5,105807,84.2491,-3.43294,52.2765,-4.00948,1.54628,15975.9,0,0,700,353.827,25.9368,2,24.4756,0.0296701,-1.97033,-4.00948,1.97033,0,0,52.0562,27.8977,2,24.4459
4796.6,105810,84.2547,-3.43638,52.1961,-2.7499,1.54628,15976,0,0,700,353.827,25.9368,2,24.4756,1.24334,-0.756665,-2.7499,0.756665,0,0,52.0619,27.8975,2,23.2323
4796.7,105812,84.2641,-3.43978,52.1156,-0.949829,1.54628,15976.2,0,0,700,353.827,25.9368,2,24.4756,2,-0,-0.949829,0,0,0,52.0673,27.8974,2,22.4756
4796.8,105814,84.278,-3.44313,52.0351,-0.198611,1.54628,15976.3,0,0,700,353.827,25.9368,2,24.4756,2,-0,-0.198611,0,0,0,52.0728,27.8973,2,22.4756
4796.9,105817,84.291,-3.44644,51.9544,-0.336854,1.54628,15976.5,0,0,700,353.827,25.9368,2,24.4756,2,-0,-0.336854,0,0,0,52.0783,27.8972,2,22.4756
4797,105819,84.3044,-3.44971,51.8737,-0.127811,1.54628,15976.6,0,0,700,353.827,25.9368,2,24.4756,2,-0,-0.127811,0,0,0,52.0837,27.8971,2,22.4756
4797.1,105821,84.3185,-3.45294,51.7928,-0.103097,1.54628,15976.8,0,0,700,353.827,25.9368,2,24.4756,2,-0,-0.103097,0,0,0,52.0892,27.8969,2,22.4756
4797.2,105824,84.3322,-3.45612,51.7119,-0.28483,1.54628,15976.9,0,0,700,353.827,25.9368,2,24.4756,2,-0,-0.28483,0,0,0,52.0947,27.8968,2,22.4756
4797.3,105826,84.3456,-3.45926,51.6309,-0.304618,1.54628,15977.1,0,0,700,353.827,25.9368,2,24.4756,2,-0,-0.304618,0,0,0,52.1001,27.8967,2,22.4756
4797.4,105828,84.3595,-3.46236,51.5498,-0.455675,1.54628,15977.2,0,0,700,353.827,25.9368,2,24.4756,2,-0,-0.455675,0,0,0,52.1056,27.8966,2,22.4756
4797.5,105831,84.3724,-3.46541,51.4687,-0.638273,1.54628,15977.4,0,0,700,353.827,25.9368,2,24.4756,2,-0,-0.638273,0,0,0,52.1111,27.8965,2,22.4756
4797.6,105833,84.3855,-3.46842,51.3874,-0.80813,1.54628,15977.6,0,0,700,353.827,25.9368,2,24.4756,2,-0,-0.80813,0,0,0,52.1165,27.8963,2,22.4756
4797.7,105835,84.3978,-3.47139,51.3061,-1.43828,1.54628,15977.7,0,0,700,353.827,25.9368,2,24.4756,2,-0,-1.43828,0,0,0,52.122,27.8962,2,22.4756
4797.8,105838,84.4083,-3.47432,51.2246,-2.28273,1.54628,15977.9,0,0,700,353.827,25.9368,2,24.4756,1.69818,-0.301824,-2.28273,0.301824,0,0,52.1275,27.8961,2,22.7774
4797.9,105840,84.417,-3.4772,51.1431,-3.36159,1.54628,15978,0,0,700,353.827,25.9368,2,24.4756,0.659065,-1.34094,-3.36159,1.34094,0,0,52.1333,27.896,2,23.8165
4798,105842,84.4229,-3.48004,51.0616,-5.05773,1.54628,15978.2,0,0,700,353.827,25.9368,2,24.4756,-0.974838,-2.97484,-5.05773,2.97484,0,0,52.1395,27.8959,2,25.4504
4798.1,105845,84.4242,-3.48284,50.9799,-6.65867,1.54628,15978.3,0,0,700,353.827,25.9368,2,24.4756,-2.51717,-4.51717,-6.65867,4.51717,0,0,52.1461,27.8959,2,26.9928
4798.2,105847,84.423,-3.48559,50.8982,-7.37728,1.54628,15978.5,0,0,700,353.827,25.9368,2,24.4756,-3.20952,-5.20952,-7.37728,5.20952,0,0,52.1528,27.8959,2,27.6851
4798.3,105849,84.4213,-3.4883,50.8164,-7.01454,1.54628,15978.6,0,0,700,353.827,25.9368,2,24.4756,-2.8601,-4.8601,-7.01454,4.8601,0,0,52.1594,27.8958,2,27.3357
4798.4,105852,84.422,-3.49097,50.7346,-6.05142,1.54628,15978.8,0,0,700,353.827,25.9368,2,24.4756,-1.9322,-3.9322,-6.05142,3.9322,0,0,52.1659,27.8958,2,26.4078
4798.5,105854,84.4247,-3.49359,50.6527,-5.12075,1.54628,15978.9,0,0,700,353.827,25.9368,2,24.4756,-1.03549,-3.03549,-5.12075,3.03549,0,0,52.1721,27.8957,2,25.5111
4798.6,105856,84.4297,-3.49618,50.5707,-3.9451,1.54628,15979.1,0,0,700,353.827,25.9368,2,24.4756,0.0972977,-1.9027,-3.9451,1.9027,0,0,52.178,27.8956,2,24.3783
4798.7,105859,84.4379,-3.49871,50.4887,-2.98683,1.54628,15979.3,0,0,700,353.827,25.9368,2,24.4756,1.02076,-0.97924,-2.98683,0.97924,0,0,52.1837,27.8955,2,23.4548
4798.8,105861,84.4473,-3.50121,50.4066,-3.06662,1.54628,15979.4,0,0,700,353.827,25.9368,2,24.4756,0.944183,-1.05582,-3.06662,1.05582,0,0,52.1894,27.8954,2,23.5314
4798.9,105864,84.4553,-3.50366,50.3245,-3.56898,1.54628,15979.6,0,0,700,353.827,25.9368,2,24.4756,0.460448,-1.53955,-3.56898,1.53955,0,0,52.1952,27.8953,2,24.0151
4799,105866,84.4626,-3.50607,50.2422,-3.45088,1.54628,15979.7,0,0,700,353.827,25.9368,2,24.4756,0.574455,-1.42555,-3.45088,1.42555,0,0,52.2011,27.8952,2,23.9011
4799.1,105868,84.4712,-3.50844,50.1599,-3.51411,1.54628,15979.9,0,0,700,353.827,25.9368,2,24.4756,0.513806,-1.48619,-3.51411,1.48619,0,0,52.2069,27.8951,2,23.9618
4799.2,105871,84.4784,-3.51076,50.0776,-3.93603,1.54628,15980,0,0,700,353.827,25.9368,2,24.4756,0.107538,-1.89246,-3.93603,1.89246,0,0,52.2128,27.895,2,24.3681
4799.3,105873,84.4853,-3.51304,49.9952,-4.28049,1.54628,15980.2,0,0,700,353.827,25.9368,2,24.4756,-0.224104,-2.2241,-4.28049,2.2241,0,0,52.2188,27.895,2,24.6997
4799.4,105875,84.4911,-3.51528,49.9127,-4.74935,1.54628,15980.3,0,0,700,353.827,25.9368,2,24.4756,-0.675631,-2.67563,-4.74935,2.67563,0,0,52.2249,27.8949,2,25.1512
4799.5,105878,84.496,-3.51748,49.8302,-5.60138,1.54628,15980.5,0,0,700,353.827,25.9368,2,24.4756,-1.49633,-3.49633,-5.60138,3.49633,0,0,52.2312,27.8948,2,25.9719
4799.6,105880,84.4981,-3.51963,49.7476,-6.82238,1.54628,15980.6,0,0,700,353.827,25.9368,2,24.4756,-2.6726,-4.6726,-6.82238,4.6726,0,0,52.2378,27.8948,2,27.1482
4799.7,105882,84.4977,-3.52174,49.6649,-8.027,1.54628,15980.8,0,0,700,353.827,25.9368,2,24.4756,-3.83316,-5.83316,-8.027,5.83316,0,0,52.2447,27.8948,2,28.3088
4799.8,105885,84.4945,-3.52381,49.5823,-8.69398,1.54628,15981,0,0,700,353.827,25.9368,2,24.4756,-4.47584,-6.47584,-8.69398,6.47584,0,0,52.2518,27.8948,2,28.9514
4799.9,105887,84.4913,-3.52583,49.4995,-8.77349,1.54628,15981.1,0,0,700,353.827,25.9368,2,24.4756,-4.55253,-6.55253,-8.77349,6.55253,0,0,52.2588,27.8948,2,29.0281
