t_s,x_m,v_kmh,grade_pct,z_m,P_wheel_kW,fuel_g_per_s,fuel_cum_g,P_friction_brake_kW,trip_time_flag,N_eng_rpm,T_eng_Nm,P_shaft_eng_kW,engine_state,P_gen_bus_kW,P_bus_load_kW,P_motor_bus_kW,P_motor_mech_kW,P_regen_pack_kW,P_heater_kW,P_resistor_kW,soc_pct,T_pack_C,genset_state,P_batt_bus_kW
900,11221.6,78.0408,1.65232,-1.63747,-27.5884,1.54628,1323.37,0,0,700,353.827,25.9368,2,24.4756,-22.6458,-24.6458,-27.5884,24.6458,0,0,54.2512,26.1187,2,47.1214
900.1,11223.7,77.7829,1.65465,-1.60168,-62.5754,1.54628,1323.53,0,0,700,353.827,25.9368,2,24.4756,-55.3439,-57.3439,-62.5754,57.3439,0,0,54.2706,26.1207,2,79.8195
900.2,11225.9,77.4401,1.65699,-1.56599,-97.0749,1.54628,1323.68,22.0749,0,700,353.827,25.9368,2,24.4756,-66.8461,-68.8461,-75,68.8461,0,0,54.2928,26.1233,2,91.3216
900.3,11228,77.0136,1.65932,-1.53042,-113.839,1.54628,1323.84,38.8392,0,700,353.827,25.9368,2,24.4756,-66.8413,-68.8413,-75,68.8413,0,0,54.315,26.126,2,91.3169
900.4,11230.2,76.5871,1.66165,-1.49499,-113.448,1.54628,1323.99,38.4477,0,700,353.827,25.9368,2,24.4756,-66.8374,-68.8374,-75,68.8374,0,0,54.3372,26.1286,2,91.313
900.5,11232.3,76.1607,1.66397,-1.45972,-113.052,1.54628,1324.15,38.0521,0,700,353.827,25.9368,2,24.4756,-66.8398,-68.8398,-75,68.8398,0,0,54.3594,26.1312,2,91.3154
900.6,11234.4,75.7342,1.66629,-1.42459,-112.652,1.54628,1324.3,37.6524,0,700,353.827,25.9368,2,24.4756,-66.8423,-68.8423,-75,68.8423,0,0,54.3816,26.1338,2,91.3179
900.7,11236.5,75.3077,1.66861,-1.38961,-112.249,1.54628,1324.46,37.2487,0,700,353.827,25.9368,2,24.4756,-66.8447,-68.8447,-75,68.8447,0,0,54.4038,26.1364,2,91.3203
900.8,11238.6,74.8812,1.67092,-1.35478,-111.841,1.54628,1324.61,36.8409,0,700,353.827,25.9368,2,24.4756,-66.8468,-68.8468,-75,68.8468,0,0,54.426,26.139,2,91.3224
900.9,11240.7,74.4548,1.67323,-1.3201,-111.429,1.54628,1324.76,36.4292,0,700,353.827,25.9368,2,24.4756,-66.8489,-68.8489,-75,68.8489,0,0,54.4482,26.1416,2,91.3245
901,11242.7,74.0283,1.67554,-1.28557,-111.013,1.54628,1324.92,36.0135,0,700,353.827,25.9368,2,24.4756,-66.851,-68.851,-75,68.851,0,0,54.4704,26.1443,2,91.3266
901.1,11244.8,73.6018,1.67783,-1.25119,-110.594,1.54628,1325.07,35.5938,0,700,353.827,25.9368,2,24.4756,-66.8528,-68.8528,-75,68.8528,0,0,54.4926,26.1469,2,91.3284
901.2,11246.8,73.1753,1.68013,-1.21696,-110.17,1.54628,1325.23,35.1703,0,700,353.827,25.9368,2,24.4756,-66.8545,-68.8545,-75,68.8545,0,0,54.5148,26.1495,2,91.3301
901.3,11248.8,72.7488,1.68241,-1.18288,-109.743,1.54628,1325.38,34.7428,0,700,353.827,25.9368,2,24.4756,-66.8562,-68.8562,-75,68.8562,0,0,54.537,26.1521,2,91.3318
901.4,11250.9,72.3224,1.68469,-1.14896,-109.311,1.54628,1325.54,34.3115,0,700,353.827,25.9368,2,24.4756,-66.8577,-68.8577,-75,68.8577,0,0,54.5592,26.1547,2,91.3332
901.5,11252.9,71.8959,1.68697,-1.1152,-108.876,1.54628,1325.69,33.8763,0,700,353.827,25.9368,2,24.4756,-66.8589,-68.8589,-75,68.8589,0,0,54.5814,26.1573,2,91.3345
901.6,11254.9,71.4694,1.68923,-1.08158,-108.437,1.54628,1325.85,33.4374,0,700,353.827,25.9368,2,24.4756,-66.8594,-68.8594,-75,68.8594,0,0,54.6036,26.1599,2,91.335
901.7,11256.8,71.0429,1.69149,-1.04812,-107.995,1.54628,1326,32.9947,0,700,353.827,25.9368,2,24.4756,-66.8594,-68.8594,-75,68.8594,0,0,54.6258,26.1625,2,91.335
901.8,11258.8,70.6165,1.69375,-1.01482,-107.548,1.54628,1326.16,32.5482,0,700,353.827,25.9368,2,24.4756,-66.8592,-68.8592,-75,68.8592,0,0,54.648,26.1651,2,91.3348
901.9,11260.8,70.19,1.69599,-0.981676,-107.098,1.54628,1326.31,32.098,0,700,353.827,25.9368,2,24.4756,-66.8589,-68.8589,-75,68.8589,0,0,54.6702,26.1678,2,91.3345
902,11262.7,69.7635,1.69823,-0.948688,-106.644,1.54628,1326.47,31.6441,0,700,353.827,25.9368,2,24.4756,-66.8586,-68.8586,-75,68.8586,0,0,54.6924,26.1704,2,91.3342
902.1,11264.6,69.337,1.70046,-0.915857,-106.187,1.54628,1326.62,31.1865,0,700,353.827,25.9368,2,24.4756,-66.8579,-68.8579,-75,68.8579,0,0,54.7146,26.173,2,91.3335
902.2,11266.6,68.9105,1.70269,-0.883185,-105.725,1.54628,1326.77,30.7253,0,700,353.827,25.9368,2,24.4756,-66.8572,-68.8572,-75,68.8572,0,0,54.7368,26.1756,2,91.3328
902.3,11268.5,68.4841,1.7049,-0.850673,-105.26,1.54628,1326.93,30.2605,0,700,353.827,25.9368,2,24.4756,-66.8564,-68.8564,-75,68.8564,0,0,54.759,26.1782,2,91.332
902.4,11270.4,68.0576,1.70711,-0.81832,-104.792,1.54628,1327.08,29.7921,0,700,353.827,25.9368,2,24.4756,-66.8554,-68.8554,-75,68.8554,0,0,54.7812,26.1808,2,91.331
902.5,11272.2,67.6311,1.7093,-0.786127,-104.32,1.54628,1327.24,29.3201,0,700,353.827,25.9368,2,24.4756,-66.8542,-68.8542,-75,68.8542,0,0,54.8034,26.1834,2,91.3298
902.6,11274.1,67.2046,1.71149,-0.754097,-103.845,1.54628,1327.39,28.8445,0,700,353.827,25.9368,2,24.4756,-66.8529,-68.8529,-75,68.8529,0,0,54.8256,26.186,2,91.3285
902.7,11276,66.7782,1.71367,-0.722228,-103.365,1.54628,1327.55,28.3655,0,700,353.827,25.9368,2,24.4756,-66.8514,-68.8514,-75,68.8514,0,0,54.8478,26.1886,2,91.327
902.8,11277.8,66.3517,1.71584,-0.690521,-102.883,1.54628,1327.7,27.8829,0,700,353.827,25.9368,2,24.4756,-66.8497,-68.8497,-75,68.8497,0,0,54.87,26.1912,2,91.3253
902.9,11279.7,65.9252,1.718,-0.658978,-102.397,1.54628,1327.86,27.3969,0,700,353.827,25.9368,2,24.4756,-66.8478,-68.8478,-75,68.8478,0,0,54.8922,26.1938,2,91.3234
903,11281.5,65.4987,1.72015,-0.6276,-101.907,1.54628,1328.01,26.9075,0,700,353.827,25.9368,2,24.4756,-66.8459,-68.8459,-75,68.8459,0,0,54.9144,26.1964,2,91.3215
903.1,11283.3,65.0722,1.72229,-0.596385,-101.415,1.54628,1328.17,26.4146,0,700,353.827,25.9368,2,24.4756,-66.8437,-68.8437,-75,68.8437,0,0,54.9366,26.199,2,91.3193
903.2,11285.1,64.6458,1.72442,-0.565337,-100.918,1.54628,1328.32,25.9184,0,700,353.827,25.9368,2,24.4756,-66.8414,-68.8414,-75,68.8414,0,0,54.9588,26.2016,2,91.3169
903.3,11286.9,64.2193,1.72654,-0.534454,-100.419,1.54628,1328.48,25.4188,0,700,353.827,25.9368,2,24.4756,-66.838,-68.838,-75,68.838,0,0,54.981,26.2043,2,91.3136
903.4,11288.7,63.7928,1.72865,-0.503738,-99.9158,1.54628,1328.63,24.9158,0,700,353.827,25.9368,2,24.4756,-66.8341,-68.8341,-75,68.8341,0,0,55.0032,26.2069,2,91.3097
903.5,11290.4,63.3663,1.73075,-0.47319,-99.4095,1.54628,1328.78,24.4095,0,700,353.827,25.9368,2,24.4756,-66.8302,-68.8302,-75,68.8302,0,0,55.0254,26.2095,2,91.3058
903.6,11292.2,62.9399,1.73284,-0.44281,-98.9,1.54628,1328.94,23.9,0,700,353.827,25.9368,2,24.4756,-66.8261,-68.8261,-75,68.8261,0,0,55.0476,26.2121,2,91.3017
903.7,11293.9,62.5134,1.73492,-0.412599,-98.3871,1.54628,1329.09,23.3871,0,700,353.827,25.9368,2,24.4756,-66.8217,-68.8217,-75,68.8217,0,0,55.0698,26.2147,2,91.2973
903.8,11295.7,62.0869,1.73698,-0.382557,-97.8711,1.54628,1329.25,22.8711,0,700,353.827,25.9368,2,24.4756,-66.8171,-68.8171,-75,68.8171,0,0,55.092,26.2173,2,91.2927
903.9,11297.4,61.6604,1.73904,-0.352686,-97.3518,1.54628,1329.4,22.3518,0,700,353.827,25.9368,2,24.4756,-66.8124,-68.8124,-75,68.8124,0,0,55.1142,26.2199,2,91.288
904,11299.1,61.234,1.74108,-0.322985,-96.8293,1.54628,1329.56,21.8293,0,700,353.827,25.9368,2,24.4756,-66.8075,-68.8075,-75,68.8075,0,0,55.1364,26.2225,2,91.2831
904.1,11300.8,60.8075,1.74311,-0.293457,-96.3036,1.54628,1329.71,21.3036,0,700,353.827,25.9368,2,24.4756,-66.8023,-68.8023,-75,68.8023,0,0,55.1586,26.2251,2,91.2779
904.2,11302.5,60.381,1.74513,-0.2641,-95.7749,1.54628,1329.87,20.7749,0,700,353.827,25.9368,2,24.4756,-66.797,-68.797,-75,68.797,0,0,55.1808,26.2276,2,91.2726
904.3,11304.1,59.9545,1.74714,-0.234916,-95.2429,1.54628,1330.02,20.2429,0,700,353.827,25.9368,2,24.4756,-66.7916,-68.7916,-75,68.7916,0,0,55.2029,26.2302,2,91.2672
904.4,11305.8,59.528,1.74914,-0.205906,-94.7079,1.54628,1330.18,19.7079,0,700,353.827,25.9368,2,24.4756,-66.7856,-68.7856,-75,68.7856,0,0,55.2251,26.2328,2,91.2612
904.5,11307.4,59.1016,1.75112,-0.177071,-94.1698,1.54628,1330.33,19.1698,0,700,353.827,25.9368,2,24.4756,-66.7796,-68.7796,-75,68.7796,0,0,55.2473,26.2354,2,91.2552
904.6,11309.1,58.6751,1.75309,-0.14841,-93.6287,1.54628,1330.49,18.6287,0,700,353.827,25.9368,2,24.4756,-66.7733,-68.7733,-75,68.7733,0,0,55.2695,26.238,2,91.2489
904.7,11310.7,58.2486,1.75505,-0.119925,-93.0845,1.54628,1330.64,18.0845,0,700,353.827,25.9368,2,24.4756,-66.7656,-68.7656,-75,68.7656,0,0,55.2917,26.2406,2,91.2412
904.8,11312.3,57.8221,1.757,-0.0916162,-92.5374,1.54628,1330.79,17.5374,0,700,353.827,25.9368,2,24.4756,-66.7578,-68.7578,-75,68.7578,0,0,55.3139,26.2432,2,91.2334
904.9,11313.9,57.3957,1.75893,-0.0634844,-91.9872,1.54628,1330.95,16.9872,0,700,353.827,25.9368,2,24.4756,-66.7498,-68.7498,-75,68.7498,0,0,55.336,26.2458,2,91.2254
905,11315.5,56.9692,1.76085,-0.0355303,-91.4341,1.54628,1331.1,16.4341,0,700,353.827,25.9368,2,24.4756,-66.7415,-68.7415,-75,68.7415,0,0,55.3582,26.2484,2,91.2171
905.1,11317.1,56.5427,1.76276,-0.00775454,-90.8781,1.54628,1331.26,15.8781,0,700,353.827,25.9368,2,24.4756,-66.7329,-68.7329,-75,68.7329,0,0,55.3804,26.251,2,91.2085
905.2,11318.6,56.1162,1.76465,0.0198423,-90.3192,1.54628,1331.41,15.3192,0,700,353.827,25.9368,2,24.4756,-66.7241,-68.7241,-75,68.7241,0,0,55.4026,26.2536,2,91.1997
905.3,11320.2,55.6897,1.76653,0.0472595,-89.7573,1.54628,1331.57,14.7573,0,700,353.827,25.9368,2,24.4756,-66.715,-68.715,-75,68.715,0,0,55.4247,26.2562,2,91.1906
905.4,11321.7,55.2633,1.7684,0.0744964,-89.1927,1.54628,1331.72,14.1927,0,700,353.827,25.9368,2,24.4756,-66.7055,-68.7055,-75,68.7055,0,0,55.4469,26.2588,2,91.1811
905.5,11323.3,54.8368,1.77026,0.101552,-88.6251,1.54628,1331.88,13.6251,0,700,353.827,25.9368,2,24.4756,-66.6958,-68.6958,-75,68.6958,0,0,55.469,26.2613,2,91.1714
905.6,11324.8,54.4103,1.7721,0.128427,-88.0548,1.54628,1332.03,13.0548,0,700,353.827,25.9368,2,24.4756,-66.686,-68.686,-75,68.686,0,0,55.4912,26.2639,2,91.1616
905.7,11326.3,53.9838,1.77393,0.155119,-87.4816,1.54628,1332.19,12.4816,0,700,353.827,25.9368,2,24.4756,-66.6756,-68.6756,-75,68.6756,0,0,55.5134,26.2665,2,91.1512
905.8,11327.8,53.5574,1.77574,0.181629,-86.9057,1.54628,1332.34,11.9057,0,700,353.827,25.9368,2,24.4756,-66.6643,-68.6643,-75,68.6643,0,0,55.5355,26.2691,2,91.1399
905.9,11329.3,53.1309,1.77754,0.207955,-86.3271,1.54628,1332.5,11.3271,0,700,353.827,25.9368,2,24.4756,-66.6524,-68.6524,-75,68.6524,0,0,55.5577,26.2717,2,91.128
906,11330.7,52.7044,1.77933,0.234096,-85.7457,1.54628,1332.65,10.7457,0,700,353.827,25.9368,2,24.4756,-66.6401,-68.6401,-75,68.6401,0,0,55.5798,26.2743,2,91.1157
906.1,11332.2,52.2779,1.7811,0.260054,-85.1616,1.54628,1332.81,10.1616,0,700,353.827,25.9368,2,24.4756,-66.6274,-68.6274,-75,68.6274,0,0,55.602,26.2768,2,91.103
906.2,11333.6,51.8514,1.78286,0.285825,-84.5749,1.54628,1332.96,9.57486,0,700,353.827,25.9368,2,24.4756,-66.6145,-68.6145,-75,68.6145,0,0,55.6241,26.2794,2,91.0901
906.3,11335.1,51.425,1.78461,0.311411,-83.9854,1.54628,1333.11,8.98544,0,700,353.827,25.9368,2,24.4756,-66.6012,-68.6012,-75,68.6012,0,0,55.6463,26.282,2,91.0768
906.4,11336.5,50.9985,1.78634,0.33681,-83.3934,1.54628,1333.27,8.39338,0,700,353.827,25.9368,2,24.4756,-66.5875,-68.5875,-75,68.5875,0,0,55.6684,26.2846,2,91.0631
906.5,11337.9,50.572,1.78806,0.362022,-82.7987,1.54628,1333.42,7.79872,0,700,353.827,25.9368,2,24.4756,-66.5735,-68.5735,-75,68.5735,0,0,55.6905,26.2871,2,91.0491
906.6,11339.3,50.1455,1.78976,0.387047,-82.2015,1.54628,1333.58,7.20146,0,700,353.827,25.9368,2,24.4756,-66.5592,-68.5592,-75,68.5592,0,0,55.7127,26.2897,2,91.0348
906.7,11340.7,49.7191,1.79145,0.411882,-81.6016,1.54628,1333.73,6.60164,0,700,353.827,25.9368,2,24.4756,-66.5443,-68.5443,-75,68.5443,0,0,55.7348,26.2923,2,91.0199
906.8,11342.1,49.2926,1.79312,0.436529,-80.9993,1.54628,1333.89,5.99928,0,700,353.827,25.9368,2,24.4756,-66.5281,-68.5281,-75,68.5281,0,0,55.7569,26.2949,2,91.0037
906.9,11343.4,48.8661,1.79478,0.460986,-80.3944,1.54628,1334.04,5.39439,0,700,353.827,25.9368,2,24.4756,-66.5116,-68.5116,-75,68.5116,0,0,55.779,26.2974,2,90.9872
907,11344.8,48.4396,1.79643,0.485254,-79.787,1.54628,1334.2,4.787,0,700,353.827,25.9368,2,24.4756,-66.4944,-68.4944,-75,68.4944,0,0,55.8011,26.3,2,90.97
907.1,11346.1,48.0131,1.79806,0.50933,-79.1771,1.54628,1334.35,4.17713,0,700,353.827,25.9368,2,24.4756,-66.4769,-68.4769,-75,68.4769,0,0,55.8233,26.3026,2,90.9525
907.2,11347.5,47.5867,1.79967,0.533215,-78.5648,1.54628,1334.51,3.56481,0,700,353.827,25.9368,2,24.4756,-66.459,-68.459,-75,68.459,0,0,55.8454,26.3051,2,90.9346
907.3,11348.8,47.1602,1.80127,0.556908,-77.9501,1.54628,1334.66,2.95006,0,700,353.827,25.9368,2,24.4756,-66.4406,-68.4406,-75,68.4406,0,0,55.8675,26.3077,2,90.9162
907.4,11350.1,46.7337,1.80286,0.580408,-77.3329,1.54628,1334.82,2.33289,0,700,353.827,25.9368,2,24.4756,-66.4216,-68.4216,-75,68.4216,0,0,55.8896,26.3102,2,90.8972
907.5,11351.4,46.3072,1.80443,0.603715,-76.7133,1.54628,1334.97,1.71333,0,700,353.827,25.9368,2,24.4756,-66.4023,-68.4023,-75,68.4023,0,0,55.9117,26.3128,2,90.8779
907.6,11352.6,45.8808,1.80599,0.626829,-76.0914,1.54628,1335.12,1.09141,0,700,353.827,25.9368,2,24.4756,-66.3818,-68.3818,-75,68.3818,0,0,55.9337,26.3154,2,90.8574
907.7,11353.9,45.4543,1.80753,0.649749,-75.4671,1.54628,1335.28,0.467145,0,700,353.827,25.9368,2,24.4756,-66.3602,-68.3602,-75,68.3602,0,0,55.9558,26.3179,2,90.8358
907.8,11355.2,45.0278,1.80906,0.672473,-74.8406,1.54628,1335.43,0,0,700,353.827,25.9368,2,24.4756,-66.1947,-68.1947,-74.8406,68.1947,0,0,55.9779,26.3205,2,90.6703
907.9,11356.4,44.6013,1.81057,0.695003,-74.2117,1.54628,1335.59,0,0,700,353.827,25.9368,2,24.4756,-65.606,-67.606,-74.2117,67.606,0,0,55.9998,26.323,2,90.0816
908,11357.6,44.1748,1.81207,0.717337,-73.5805,1.54628,1335.74,0,0,700,353.827,25.9368,2,24.4756,-65.0148,-67.0148,-73.5805,67.0148,0,0,56.0215,26.3255,2,89.4904
908.1,11358.9,43.7484,1.81356,0.739474,-72.9471,1.54628,1335.9,0,0,700,353.827,25.9368,2,24.4756,-64.4216,-66.4216,-72.9471,66.4216,0,0,56.0431,26.3279,2,88.8972
908.2,11360.1,43.3219,1.81502,0.761414,-72.3114,1.54628,1336.05,0,0,700,353.827,25.9368,2,24.4756,-63.8263,-65.8263,-72.3114,65.8263,0,0,56.0646,26.3303,2,88.3019
908.3,11361.3,42.8954,1.81648,0.783157,-71.6735,1.54628,1336.21,0,0,700,353.827,25.9368,2,24.4756,-63.2286,-65.2286,-71.6735,65.2286,0,0,56.0859,26.3327,2,87.7042
908.4,11362.5,42.4689,1.81792,0.804702,-71.0335,1.54628,1336.36,0,0,700,353.827,25.9368,2,24.4756,-62.6288,-64.6288,-71.0335,64.6288,0,0,56.1071,26.3351,2,87.1044
908.5,11363.6,42.0425,1.81934,0.826049,-70.3912,1.54628,1336.52,0,0,700,353.827,25.9368,2,24.4756,-62.027,-64.027,-70.3912,64.027,0,0,56.1281,26.3374,2,86.5026
908.6,11364.8,41.616,1.82075,0.847196,-69.7468,1.54628,1336.67,0,0,700,353.827,25.9368,2,24.4756,-61.4231,-63.4231,-69.7468,63.4231,0,0,56.149,26.3397,2,85.8987
908.7,11365.9,41.1895,1.82214,0.868144,-69.1003,1.54628,1336.83,0,0,700,353.827,25.9368,2,24.4756,-60.817,-62.817,-69.1003,62.817,0,0,56.1697,26.3419,2,85.2926
908.8,11367.1,40.763,1.82352,0.888892,-68.4517,1.54628,1336.98,0,0,700,353.827,25.9368,2,24.4756,-60.209,-62.209,-68.4517,62.209,0,0,56.1903,26.3441,2,84.6845
908.9,11368.2,40.3365,1.82488,0.90944,-67.801,1.54628,1337.13,0,0,700,353.827,25.9368,2,24.4756,-59.5989,-61.5989,-67.801,61.5989,0,0,56.2108,26.3463,2,84.0745
909,11369.3,39.9101,1.82623,0.929786,-67.1483,1.54628,1337.29,0,0,700,353.827,25.9368,2,24.4756,-58.9866,-60.9866,-67.1483,60.9866,0,0,56.2311,26.3485,2,83.4622
909.1,11370.4,39.4836,1.82756,0.949931,-66.4935,1.54628,1337.44,0,0,700,353.827,25.9368,2,24.4756,-58.3724,-60.3724,-66.4935,60.3724,0,0,56.2512,26.3506,2,82.848
909.2,11371.5,39.0571,1.82888,0.969874,-65.8366,1.54628,1337.6,0,0,700,353.827,25.9368,2,24.4756,-57.7564,-59.7564,-65.8366,59.7564,0,0,56.2712,26.3527,2,82.232
909.3,11372.6,38.6306,1.83019,0.989615,-65.1778,1.54628,1337.75,0,0,700,353.827,25.9368,2,24.4756,-57.1382,-59.1382,-65.1778,59.1382,0,0,56.291,26.3547,2,81.6138
909.4,11373.7,38.2042,1.83147,1.00915,-64.5171,1.54628,1337.91,0,0,700,353.827,25.9368,2,24.4756,-56.5181,-58.5181,-64.5171,58.5181,0,0,56.3107,26.3568,2,80.9937
909.5,11374.7,37.7777,1.83275,1.02849,-63.8543,1.54628,1338.06,0,0,700,353.827,25.9368,2,24.4756,-55.8962,-57.8962,-63.8543,57.8962,0,0,56.3303,26.3588,2,80.3718
909.6,11375.8,37.3512,1.83401,1.04762,-63.1897,1.54628,1338.22,0,0,700,353.827,25.9368,2,24.4756,-55.2723,-57.2723,-63.1897,57.2723,0,0,56.3496,26.3607,2,79.7479
909.7,11376.8,36.9247,1.83525,1.06654,-62.5231,1.54628,1338.37,0,0,700,353.827,25.9368,2,24.4756,-54.6464,-56.6464,-62.5231,56.6464,0,0,56.3689,26.3627,2,79.122
909.8,11377.8,36.4982,1.83648,1.08527,-61.8546,1.54628,1338.53,0,0,700,353.827,25.9368,2,24.4756,-54.0188,-56.0188,-61.8546,56.0188,0,0,56.388,26.3646,2,78.4944
909.9,11378.8,36.0718,1.83769,1.10378,-61.1843,1.54628,1338.68,0,0,700,353.827,25.9368,2,24.4756,-53.3894,-55.3894,-61.1843,55.3894,0,0,56.4069,26.3664,2,77.8649
910,11379.8,35.6453,1.83889,1.12209,-60.5121,1.54628,1338.84,0,0,700,353.827,25.9368,2,24.4756,-52.758,-54.758,-60.5121,54.758,0,0,56.4257,26.3683,2,77.2336
910.1,11380.8,35.2188,1.84007,1.1402,-59.8381,1.54628,1338.99,0,0,700,353.827,25.9368,2,24.4756,-52.1249,-54.1249,-59.8381,54.1249,0,0,56.4443,26.3701,2,76.6005
910.2,11381.8,34.7923,1.84124,1.15809,-59.1623,1.54628,1339.14,0,0,700,353.827,25.9368,2,24.4756,-51.4901,-53.4901,-59.1623,53.4901,0,0,56.4628,26.3718,2,75.9657
910.3,11382.7,34.3659,1.84239,1.17579,-58.4848,1.54628,1339.3,0,0,700,353.827,25.9368,2,24.4756,-50.8533,-52.8533,-58.4848,52.8533,0,0,56.4811,26.3736,2,75.3289
910.4,11383.7,33.9394,1.84353,1.19327,-57.8054,1.54628,1339.45,0,0,700,353.827,25.9368,2,24.4756,-50.2149,-52.2149,-57.8054,52.2149,0,0,56.4992,26.3753,2,74.6905
910.5,11384.6,33.5129,1.84465,1.21055,-57.1244,1.54628,1339.61,0,0,700,353.827,25.9368,2,24.4756,-49.575,-51.575,-57.1244,51.575,0,0,56.5172,26.377,2,74.0506
910.6,11385.5,33.0864,1.84576,1.22761,-56.4416,1.54628,1339.76,0,0,700,353.827,25.9368,2,24.4756,-48.933,-50.933,-56.4416,50.933,0,0,56.5351,26.3786,2,73.4086
910.7,11386.5,32.66,1.84685,1.24447,-55.7571,1.54628,1339.92,0,0,700,353.827,25.9368,2,24.4756,-48.2894,-50.2894,-55.7571,50.2894,0,0,56.5528,26.3803,2,72.765
910.8,11387.4,32.2335,1.84793,1.26112,-55.071,1.54628,1340.07,0,0,700,353.827,25.9368,2,24.4756,-47.6443,-49.6443,-55.071,49.6443,0,0,56.5703,26.3819,2,72.1199
910.9,11388.3,31.807,1.84899,1.27756,-54.3832,1.54628,1340.23,0,0,700,353.827,25.9368,2,24.4756,-46.9975,-48.9975,-54.3832,48.9975,0,0,56.5877,26.3834,2,71.4731
911,11389.1,31.3805,1.85004,1.2938,-53.6938,1.54628,1340.38,0,0,700,353.827,25.9368,2,24.4756,-46.349,-48.349,-53.6938,48.349,0,0,56.6049,26.385,2,70.8246
911.1,11390,30.954,1.85107,1.30982,-53.0027,1.54628,1340.54,0,0,700,353.827,25.9368,2,24.4756,-45.699,-47.699,-53.0027,47.699,0,0,56.6219,26.3865,2,70.1746
911.2,11390.9,30.5276,1.85209,1.32563,-52.3101,1.54628,1340.69,0,0,700,353.827,25.9368,2,24.4756,-45.0474,-47.0474,-52.3101,47.0474,0,0,56.6388,26.3879,2,69.523
911.3,11391.7,30.1011,1.85309,1.34123,-51.616,1.54628,1340.85,0,0,700,353.827,25.9368,2,24.4756,-44.3941,-46.3941,-51.616,46.3941,0,0,56.6556,26.3894,2,68.8697
911.4,11392.5,29.6746,1.85408,1.35662,-50.9202,1.54628,1341,0,0,700,353.827,25.9368,2,24.4756,-43.7394,-45.7394,-50.9202,45.7394,0,0,56.6722,26.3908,2,68.215
911.5,11393.3,29.2481,1.85505,1.37179,-50.223,1.54628,1341.15,0,0,700,353.827,25.9368,2,24.4756,-43.0832,-45.0832,-50.223,45.0832,0,0,56.6886,26.3922,2,67.5588
911.6,11394.1,28.8217,1.85601,1.38676,-49.5243,1.54628,1341.31,0,0,700,353.827,25.9368,2,24.4756,-42.4253,-44.4253,-49.5243,44.4253,0,0,56.7049,26.3935,2,66.9009
911.7,11394.9,28.3952,1.85696,1.40151,-48.8241,1.54628,1341.46,0,0,700,353.827,25.9368,2,24.4756,-41.766,-43.766,-48.8241,43.766,0,0,56.721,26.3949,2,66.2416
911.8,11395.7,27.9687,1.85788,1.41605,-48.1224,1.54628,1341.62,0,0,700,353.827,25.9368,2,24.4756,-41.1054,-43.1054,-48.1224,43.1054,0,0,56.7369,26.3962,2,65.581
911.9,11396.5,27.5422,1.8588,1.43038,-47.4193,1.54628,1341.77,0,0,700,353.827,25.9368,2,24.4756,-40.4431,-42.4431,-47.4193,42.4431,0,0,56.7527,26.3974,2,64.9187
912,11397.3,27.1157,1.8597,1.4445,-46.7148,1.54628,1341.93,0,0,700,353.827,25.9368,2,24.4756,-39.7795,-41.7795,-46.7148,41.7795,0,0,56.7683,26.3987,2,64.2551
912.1,11398,26.6893,1.86058,1.4584,-46.0089,1.54628,1342.08,0,0,700,353.827,25.9368,2,24.4756,-39.1146,-41.1146,-46.0089,41.1146,0,0,56.7838,26.3999,2,63.5902
912.2,11398.7,26.2628,1.86145,1.47208,-45.3016,1.54628,1342.24,0,0,700,353.827,25.9368,2,24.4756,-38.4482,-40.4482,-45.3016,40.4482,0,0,56.7991,26.4011,2,62.9238
912.3,11399.5,25.8363,1.86231,1.48556,-44.593,1.54628,1342.39,0,0,700,353.827,25.9368,2,24.4756,-37.7804,-39.7804,-44.593,39.7804,0,0,56.8142,26.4023,2,62.256
912.4,11400.2,25.4098,1.86315,1.49881,-43.8831,1.54628,1342.55,0,0,700,353.827,25.9368,2,24.4756,-37.1113,-39.1113,-43.8831,39.1113,0,0,56.8292,26.4034,2,61.5869
912.5,11400.9,24.9834,1.86397,1.51186,-43.1718,1.54628,1342.7,0,0,700,353.827,25.9368,2,24.4756,-36.441,-38.441,-43.1718,38.441,0,0,56.844,26.4045,2,60.9166
912.6,11401.6,24.5569,1.86479,1.52468,-42.4593,1.54628,1342.86,0,0,700,353.827,25.9368,2,24.4756,-35.7692,-37.7692,-42.4593,37.7692,0,0,56.8586,26.4056,2,60.2448
912.7,11402.2,24.1304,1.86558,1.5373,-41.7455,1.54628,1343.01,0,0,700,353.827,25.9368,2,24.4756,-35.0963,-37.0963,-41.7455,37.0963,0,0,56.8731,26.4067,2,59.5719
912.8,11402.9,23.7039,1.86637,1.54969,-41.0305,1.54628,1343.17,0,0,700,353.827,25.9368,2,24.4756,-34.4222,-36.4222,-41.0305,36.4222,0,0,56.8874,26.4077,2,58.8978
912.9,11403.6,23.2774,1.86713,1.56187,-40.3143,1.54628,1343.32,0,0,700,353.827,25.9368,2,24.4756,-33.7466,-35.7466,-40.3143,35.7466,0,0,56.9016,26.4087,2,58.2222
913,11404.2,22.851,1.86789,1.57384,-39.5969,1.54628,1343.47,0,0,700,353.827,25.9368,2,24.4756,-33.0699,-35.0699,-39.5969,35.0699,0,0,56.9156,26.4097,2,57.5455
913.1,11404.8,22.4245,1.86863,1.58559,-38.8783,1.54628,1343.63,0,0,700,353.827,25.9368,2,24.4756,-32.3922,-34.3922,-38.8783,34.3922,0,0,56.9294,26.4106,2,56.8678
913.2,11405.4,21.998,1.86935,1.59712,-38.1585,1.54628,1343.78,0,0,700,353.827,25.9368,2,24.4756,-31.713,-33.713,-38.1585,33.713,0,0,56.9431,26.4115,2,56.1886
913.3,11406,21.5715,1.87006,1.60843,-37.4376,1.54628,1343.94,0,0,700,353.827,25.9368,2,24.4756,-31.0327,-33.0327,-37.4376,33.0327,0,0,56.9565,26.4125,2,55.5083
913.4,11406.6,21.1451,1.87075,1.61953,-36.7156,1.54628,1344.09,0,0,700,353.827,25.9368,2,24.4756,-30.3514,-32.3514,-36.7156,32.3514,0,0,56.9699,26.4133,2,54.827
913.5,11407.2,20.7186,1.87144,1.63041,-35.9925,1.54628,1344.25,0,0,700,353.827,25.9368,2,24.4756,-29.6689,-31.6689,-35.9925,31.6689,0,0,56.983,26.4142,2,54.1445
913.6,11407.8,20.2921,1.8721,1.64107,-35.2684,1.54628,1344.4,0,0,700,353.827,25.9368,2,24.4756,-28.9852,-30.9852,-35.2684,30.9852,0,0,56.996,26.415,2,53.4608
913.7,11408.3,19.8656,1.87275,1.65151,-34.5432,1.54628,1344.56,0,0,700,353.827,25.9368,2,24.4756,-28.3006,-30.3006,-34.5432,30.3006,0,0,57.0089,26.4158,2,52.7762
913.8,11408.9,19.4391,1.87339,1.66174,-33.817,1.54628,1344.71,0,0,700,353.827,25.9368,2,24.4756,-27.6149,-29.6149,-33.817,29.6149,0,0,57.0215,26.4166,2,52.0905
913.9,11409.4,19.0127,1.87402,1.67175,-33.0898,1.54628,1344.87,0,0,700,353.827,25.9368,2,24.4756,-26.928,-28.928,-33.0898,28.928,0,0,57.034,26.4174,2,51.4036
914,11409.9,18.5862,1.87463,1.68153,-32.3616,1.54628,1345.02,0,0,700,353.827,25.9368,2,24.4756,-26.2402,-28.2402,-32.3616,28.2402,0,0,57.0464,26.4181,2,50.7158
914.1,11410.5,18.1597,1.87522,1.6911,-31.6325,1.54628,1345.18,0,0,700,353.827,25.9368,2,24.4756,-25.5516,-27.5516,-31.6325,27.5516,0,0,57.0585,26.4188,2,50.0271
914.2,11411,17.7332,1.8758,1.70045,-30.9024,1.54628,1345.33,0,0,700,353.827,25.9368,2,24.4756,-24.8616,-26.8616,-30.9024,26.8616,0,0,57.0705,26.4195,2,49.3372
914.3,11411.4,17.3068,1.87637,1.70958,-30.1714,1.54628,1345.48,0,0,700,353.827,25.9368,2,24.4756,-24.1709,-26.1709,-30.1714,26.1709,0,0,57.0823,26.4202,2,48.6464
914.4,11411.9,16.8803,1.87692,1.71849,-29.4395,1.54628,1345.64,0,0,700,353.827,25.9368,2,24.4756,-23.4793,-25.4793,-29.4395,25.4793,0,0,57.094,26.4208,2,47.9549
914.5,11412.4,16.4538,1.87746,1.72718,-28.7068,1.54628,1345.79,0,0,700,353.827,25.9368,2,24.4756,-22.7867,-24.7867,-28.7068,24.7867,0,0,57.1055,26.4214,2,47.2622
914.6,11412.8,16.0273,1.87799,1.73565,-27.9732,1.54628,1345.95,0,0,700,353.827,25.9368,2,24.4756,-22.0931,-24.0931,-27.9732,24.0931,0,0,57.1168,26.422,2,46.5687
914.7,11413.3,15.6008,1.8785,1.74391,-27.2388,1.54628,1346.1,0,0,700,353.827,25.9368,2,24.4756,-21.3989,-23.3989,-27.2388,23.3989,0,0,57.128,26.4226,2,45.8745
914.8,11413.7,15.1744,1.87899,1.75194,-26.5036,1.54628,1346.26,0,0,700,353.827,25.9368,2,24.4756,-20.7037,-22.7037,-26.5036,22.7037,0,0,57.1389,26.4232,2,45.1793
914.9,11414.1,14.7479,1.87948,1.75975,-25.7676,1.54628,1346.41,0,0,700,353.827,25.9368,2,24.4756,-20.0076,-22.0076,-25.7676,22.0076,0,0,57.1498,26.4237,2,44.4832
915,11414.5,14.3214,1.87994,1.76733,-25.0308,1.54628,1346.57,0,0,700,353.827,25.9368,2,24.4756,-19.3107,-21.3107,-25.0308,21.3107,0,0,57.1604,26.4242,2,43.7863
915.1,11414.9,13.8949,1.8804,1.7747,-24.2933,1.54628,1346.72,0,0,700,353.827,25.9368,2,24.4756,-18.6132,-20.6132,-24.2933,20.6132,0,0,57.1709,26.4247,2,43.0888
915.2,11415.3,13.4685,1.88084,1.78185,-23.5551,1.54628,1346.88,0,0,700,353.827,25.9368,2,24.4756,-17.9146,-19.9146,-23.5551,19.9146,0,0,57.1812,26.4252,2,42.3902
915.3,11415.7,13.042,1.88127,1.78878,-22.8162,1.54628,1347.03,0,0,700,353.827,25.9368,2,24.4756,-17.2155,-19.2155,-22.8162,19.2155,0,0,57.1913,26.4256,2,41.6911
915.4,11416,12.6155,1.88168,1.79548,-22.0766,1.54628,1347.19,0,0,700,353.827,25.9368,2,24.4756,-16.5157,-18.5157,-22.0766,18.5157,0,0,57.2013,26.4261,2,40.9913
915.5,11416.4,12.189,1.88208,1.80196,-21.3364,1.54628,1347.34,0,0,700,353.827,25.9368,2,24.4756,-15.815,-17.815,-21.3364,17.815,0,0,57.2111,26.4265,2,40.2906
915.6,11416.7,11.7625,1.88246,1.80823,-20.5955,1.54628,1347.49,0,0,700,353.827,25.9368,2,24.4756,-15.1136,-17.1136,-20.5955,17.1136,0,0,57.2207,26.4269,2,39.5892
915.7,11417,11.3361,1.88283,1.81427,-19.8541,1.54628,1347.65,0,0,700,353.827,25.9368,2,24.4756,-14.4117,-16.4117,-19.8541,16.4117,0,0,57.2302,26.4273,2,38.8873
915.8,11417.3,10.9096,1.88319,1.82008,-19.112,1.54628,1347.8,0,0,700,353.827,25.9368,2,24.4756,-13.7091,-15.7091,-19.112,15.7091,0,0,57.2394,26.4276,2,38.1847
915.9,11417.6,10.4831,1.88353,1.82568,-18.3694,1.54628,1347.96,0,0,700,353.827,25.9368,2,24.4756,-13.0058,-15.0058,-18.3694,15.0058,0,0,57.2485,26.428,2,37.4814
916,11417.9,10.0566,1.88386,1.83105,-17.6263,1.54628,1348.11,0,0,700,353.827,25.9368,2,24.4756,-12.3021,-14.3021,-17.6263,14.3021,0,0,57.2575,26.4283,2,36.7777
916.1,11418.2,9.63016,1.88418,1.8362,-16.8826,1.54628,1348.27,0,0,700,353.827,25.9368,2,24.4756,-11.5977,-13.5977,-16.8826,13.5977,0,0,57.2663,26.4286,2,36.0733
916.2,11418.4,9.20368,1.88448,1.84113,-16.1384,1.54628,1348.42,0,0,700,353.827,25.9368,2,24.4756,-10.8927,-12.8927,-16.1384,12.8927,0,0,57.2749,26.4289,2,35.3683
916.3,11418.7,8.77721,1.88477,1.84584,-15.3938,1.54628,1348.58,0,0,700,353.827,25.9368,2,24.4756,-10.1872,-12.1872,-15.3938,12.1872,0,0,57.2833,26.4292,2,34.6628
916.4,11418.9,8.35073,1.88504,1.85032,-14.6487,1.54628,1348.73,0,0,700,353.827,25.9368,2,24.4756,-9.48133,-11.4813,-14.6487,11.4813,0,0,57.2915,26.4294,2,33.9569
916.5,11419.2,7.92425,1.8853,1.85459,-13.9032,1.54628,1348.89,0.210631,0,700,353.827,25.9368,2,24.4756,-8.62433,-10.6243,-13.6926,10.6243,0,0,57.2996,26.4297,2,33.0999
916.6,11419.4,7.49777,1.88555,1.85862,-13.1573,1.54628,1349.04,1.32159,0,700,353.827,25.9368,2,24.4756,-7.13744,-9.13744,-11.8357,9.13744,0,0,57.3073,26.4299,2,31.613
916.7,11419.6,7.0713,1.88578,1.86244,-12.411,1.54628,1349.2,2.30522,0,700,353.827,25.9368,2,24.4756,-5.76325,-7.76325,-10.1057,7.76325,0,0,57.3146,26.43,2,30.2388
916.8,11419.8,6.64482,1.886,1.86603,-11.6643,1.54628,1349.35,3.16144,0,700,353.827,25.9368,2,24.4756,-4.50058,-6.50058,-8.50283,6.50058,0,0,57.3217,26.4302,2,28.9762
916.9,11419.9,6.21834,1.88621,1.8694,-10.5331,1.54628,1349.5,3.7533,0,700,353.827,25.9368,2,24.4756,-3.17532,-5.17532,-6.77985,5.17532,0,0,57.3284,26.4303,2,27.6509
917,11420.1,5.81519,1.8864,1.87255,-9.07807,1.54628,1349.66,3.96677,0,700,353.827,25.9368,2,24.4756,-1.91356,-3.91356,-5.11129,3.91356,0,0,57.3348,26.4304,2,26.3891
917.1,11420.3,5.43894,1.88658,1.8755,-7.6682,1.54628,1349.81,3.92774,0,700,353.827,25.9368,2,24.4756,-0.87641,-2.87641,-3.74046,2.87641,0,0,57.341,26.4305,2,25.352
917.2,11420.4,5.09297,1.88675,1.87826,-6.32175,1.54628,1349.97,3.67551,0,700,353.827,25.9368,2,24.4756,-0.0388288,-2.03883,-2.64624,2.03883,0,0,57.3469,26.4305,2,24.5144
917.3,11420.5,4.78045,1.8869,1.88085,-5.04959,1.54628,1350.12,3.25148,0,700,353.827,25.9368,2,24.4756,0.620197,-1.3798,-1.79811,1.3798,0,0,57.3527,26.4306,2,23.8554
917.4,11420.7,4.50438,1.88705,1.88328,-4.13355,1.54628,1350.28,2.88987,0,700,353.827,25.9368,2,24.4756,1.06384,-0.936162,-1.24369,0.936162,0,0,57.3584,26.4306,2,23.4118
917.5,11420.8,4.24425,1.88719,1.88558,-3.54722,1.54628,1350.43,2.66449,0,700,353.827,25.9368,2,24.4756,1.35835,-0.641651,-0.882728,0.641651,0,0,57.364,26.4307,2,23.1172
917.6,11420.9,3.99915,1.88732,1.88774,-3.03372,1.54628,1350.59,2.42749,0,700,353.827,25.9368,2,24.4756,1.58872,-0.411282,-0.606226,0.411282,0,0,57.3696,26.4307,2,22.8869
917.7,11421,3.7682,1.88745,1.88977,-2.58446,1.54628,1350.74,2.18739,0,700,353.827,25.9368,2,24.4756,1.7631,-0.236903,-0.397075,0.236903,0,0,57.3751,26.4308,2,22.7125
917.8,11421.1,3.55058,1.88756,1.89169,-2.19188,1.54628,1350.9,1.95051,0,700,353.827,25.9368,2,24.4756,1.89833,-0.101672,-0.241362,0.101672,0,0,57.3806,26.4308,2,22.5773
917.9,11421.2,3.34554,1.88767,1.8935,-1.84924,1.54628,1351.05,1.72144,0,700,353.827,25.9368,2,24.4756,1.99546,-0.00453561,-0.127796,0.00453561,0,0,57.3861,26.4308,2,22.4801
918,11421.3,3.15233,1.88778,1.8952,-1.55061,1.54628,1351.21,1.50337,0,700,353.827,25.9368,2,24.4756,2,-0,-0.047242,0,0,0,57.3915,26.4309,2,22.4756
918.1,11421.4,2.97029,1.88788,1.89681,-1.29073,1.54628,1351.36,1.29073,0,700,353.827,25.9368,2,24.4756,2,-0,-0,0,0,0,57.397,26.4309,2,22.4756
918.2,11421.5,2.79875,1.88797,1.89832,-1.06496,1.54628,1351.52,1.06496,0,700,353.827,25.9368,2,24.4756,2,-0,-0,0,0,0,57.4025,26.4309,2,22.4756
918.3,11421.5,2.63713,1.88805,1.89975,-0.869177,1.54628,1351.67,0.869177,0,700,353.827,25.9368,2,24.4756,2,-0,-0,0,0,0,57.4079,26.4309,2,22.4756
918.4,11421.6,2.48483,1.88814,1.90109,-0.699758,1.54628,1351.82,0.699758,0,700,353.827,25.9368,2,24.4756,2,-0,-0,0,0,0,57.4134,26.431,2,22.4756
918.5,11421.7,2.34133,1.88821,1.90236,-0.553491,1.54628,1351.98,0.553491,0,700,353.827,25.9368,2,24.4756,2,-0,-0,0,0,0,57.4189,26.431,2,22.4756
918.6,11421.7,2.20612,1.88828,1.90355,-0.427539,1.54628,1352.13,0.427539,0,700,353.827,25.9368,2,24.4756,2,-0,-0,0,0,0,57.4243,26.431,2,22.4756
918.7,11421.8,2.07872,1.88835,1.90467,-0.3194,1.54628,1352.29,0.3194,0,700,353.827,25.9368,2,24.4756,2,-0,-0,0,0,0,57.4298,26.4311,2,22.4756
918.8,11421.9,1.95867,1.88842,1.90573,-0.226862,1.54628,1352.44,0.226862,0,700,353.827,25.9368,2,24.4756,2,-0,-0,0,0,0,57.4352,26.4311,2,22.4756
918.9,11421.9,1.84556,1.88848,1.90673,-0.147977,1.54628,1352.6,0.147977,0,700,353.827,25.9368,2,24.4756,2,-0,-0,0,0,0,57.4407,26.4311,2,22.4756
919,11422,1.73898,1.88854,1.90767,-0.081023,1.54628,1352.75,0.081023,0,700,353.827,25.9368,2,24.4756,2,-0,-0,0,0,0,57.4462,26.4312,2,22.4756
919.1,11422,1.63855,1.88859,1.90856,-0.0244855,1.54628,1352.91,0.0244855,0,700,353.827,25.9368,2,24.4756,2,-0,-0,0,0,0,57.4516,26.4312,2,22.4756
919.2,11422.1,1.54393,1.88864,1.90939,0.0229718,1.54628,1353.06,0,0,700,353.827,25.9368,2,24.4756,2.11027,0.110271,0.0229718,0,0,0,57.4571,26.4312,2,22.3653
919.3,11422.1,1.45476,1.88869,1.91018,0.0625254,1.54628,1353.22,0,0,700,353.827,25.9368,2,24.4756,2.15984,0.159841,0.0625254,0,0,0,57.4625,26.4313,2,22.3157
919.4,11422.1,1.37075,1.88873,1.91092,0.0952104,1.54628,1353.37,0,0,700,353.827,25.9368,2,24.4756,2.20171,0.201713,0.0952104,0,0,0,57.4679,26.4313,2,22.2739
919.5,11422.2,1.29159,1.88877,1.91162,0.121938,1.54628,1353.53,0,0,700,353.827,25.9368,2,24.4756,2.23656,0.236561,0.121938,0,0,0,57.4733,26.4313,2,22.239
919.6,11422.2,1.217,1.88881,1.91227,0.143508,1.54628,1353.68,0,0,700,353.827,25.9368,2,24.4756,2.26823,0.268232,0.143508,0,0,0,57.4787,26.4313,2,22.2074
919.7,11422.2,1.14672,1.88885,1.91289,0.160623,1.54628,1353.83,0,0,700,353.827,25.9368,2,24.4756,2.29961,0.299611,0.160623,0,0,0,57.4841,26.4314,2,22.176
919.8,11422.3,1.0805,1.88889,1.91348,0.173902,1.54628,1353.99,0,0,700,353.827,25.9368,2,24.4756,2.32679,0.326786,0.173902,0,0,0,57.4895,26.4314,2,22.1488
919.9,11422.3,1.0181,1.88892,1.91403,0.183884,1.54628,1354.14,0,0,700,353.827,25.9368,2,24.4756,2.35027,0.350267,0.183884,0,0,0,57.4949,26.4314,2,22.1253
920,11422.3,0.959304,1.88895,1.91455,0.191044,1.54628,1354.3,0,0,700,353.827,25.9368,2,24.4756,2.37051,0.370506,0.191044,0,0,0,57.5002,26.4314,2,22.1051
920.1,11422.4,0.903904,1.88898,1.91504,0.195797,1.54628,1354.45,0,0,700,353.827,25.9368,2,24.4756,2.3879,0.387902,0.195797,0,0,0,57.5056,26.4315,2,22.0877
920.2,11422.4,0.851704,1.88901,1.9155,0.198505,1.54628,1354.61,0,0,700,353.827,25.9368,2,24.4756,2.40479,0.404794,0.198505,0,0,0,57.511,26.4315,2,22.0708
920.3,11422.4,0.802518,1.88904,1.91593,0.199484,1.54628,1354.76,0,0,700,353.827,25.9368,2,24.4756,2.41935,0.419346,0.199484,0,0,0,57.5163,26.4315,2,22.0562
920.4,11422.4,0.756172,1.88906,1.91634,0.199012,1.54628,1354.92,0,0,700,353.827,25.9368,2,24.4756,2.43162,0.431619,0.199012,0,0,0,57.5217,26.4315,2,22.044
920.5,11422.4,0.712504,1.88908,1.91673,0.197328,1.54628,1355.07,0,0,700,353.827,25.9368,2,24.4756,2.44191,0.441906,0.197328,0,0,0,57.5271,26.4316,2,22.0337
920.6,11422.5,0.671357,1.88911,1.91709,0.194641,1.54628,1355.23,0,0,700,353.827,25.9368,2,24.4756,2.45046,0.450464,0.194641,0,0,0,57.5324,26.4316,2,22.0251
920.7,11422.5,0.632586,1.88913,1.91743,0.191132,1.54628,1355.38,0,0,700,353.827,25.9368,2,24.4756,2.45752,0.457522,0.191132,0,0,0,57.5378,26.4316,2,22.0181
920.8,11422.5,0.596054,1.88915,1.91775,0.186959,1.54628,1355.54,0,0,700,353.827,25.9368,2,24.4756,2.46328,0.463279,0.186959,0,0,0,57.5431,26.4316,2,22.0123
920.9,11422.5,0.561632,1.88917,1.91806,0.182257,1.54628,1355.69,0,0,700,353.827,25.9368,2,24.4756,2.46791,0.467909,0.182257,0,0,0,57.5485,26.4317,2,22.0077
921,11422.5,0.529198,1.88918,1.91834,0.177143,1.54628,1355.84,0,0,700,353.827,25.9368,2,24.4756,2.47298,0.472978,0.177143,0,0,0,57.5538,26.4317,2,22.0026
921.1,11422.5,0.498637,1.8892,1.91861,0.171718,1.54628,1356,0,0,700,353.827,25.9368,2,24.4756,2.47773,0.477731,0.171718,0,0,0,57.5592,26.4317,2,21.9979
921.2,11422.6,0.46984,1.88921,1.91887,0.166067,1.54628,1356.15,0,0,700,353.827,25.9368,2,24.4756,2.48165,0.481655,0.166067,0,0,0,57.5645,26.4317,2,21.9939
921.3,11422.6,0.442707,1.88923,1.91911,0.160263,1.54628,1356.31,0,0,700,353.827,25.9368,2,24.4756,2.48486,0.484858,0.160263,0,0,0,57.5699,26.4318,2,21.9907
921.4,11422.6,0.417141,1.88924,1.91933,0.154371,1.54628,1356.46,0,0,700,353.827,25.9368,2,24.4756,2.48744,0.487439,0.154371,0,0,0,57.5752,26.4318,2,21.9882
921.5,11422.6,0.393051,1.88926,1.91954,0.148441,1.54628,1356.62,0,0,700,353.827,25.9368,2,24.4756,2.48948,0.489482,0.148441,0,0,0,57.5805,26.4318,2,21.9861
921.6,11422.6,0.370352,1.88927,1.91975,0.142519,1.54628,1356.77,0,0,700,353.827,25.9368,2,24.4756,2.49106,0.491062,0.142519,0,0,0,57.5859,26.4318,2,21.9845
921.7,11422.6,0.348965,1.88928,1.91993,0.136642,1.54628,1356.93,0,0,700,353.827,25.9368,2,24.4756,2.49224,0.492244,0.136642,0,0,0,57.5912,26.4319,2,21.9833
921.8,11422.6,0.328812,1.88929,1.92011,0.13084,1.54628,1357.08,0,0,700,353.827,25.9368,2,24.4756,2.49309,0.493086,0.13084,0,0,0,57.5966,26.4319,2,21.9825
921.9,11422.6,0.309823,1.8893,1.92028,0.125139,1.54628,1357.24,0,0,700,353.827,25.9368,2,24.4756,2.49364,0.493638,0.125139,0,0,0,57.6019,26.4319,2,21.982
922,11422.6,0.291931,1.88931,1.92044,0.119559,1.54628,1357.39,0,0,700,353.827,25.9368,2,24.4756,2.49394,0.493944,0.119559,0,0,0,57.6073,26.4319,2,21.9816
922.1,11422.7,0.275072,1.88932,1.92059,0.114117,1.54628,1357.55,0,0,700,353.827,25.9368,2,24.4756,2.49404,0.494041,0.114117,0,0,0,57.6126,26.432,2,21.9815
922.2,11422.7,0.259186,1.88933,1.92073,0.108825,1.54628,1357.7,0,0,700,353.827,25.9368,2,24.4756,2.49396,0.493964,0.108825,0,0,0,57.618,26.432,2,21.9816
922.3,11422.7,0.244218,1.88934,1.92086,0.103693,1.54628,1357.85,0,0,700,353.827,25.9368,2,24.4756,2.49374,0.493741,0.103693,0,0,0,57.6233,26.432,2,21.9818
922.4,11422.7,0.230115,1.88934,1.92098,0.0987277,1.54628,1358.01,0,0,700,353.827,25.9368,2,24.4756,2.4934,0.493398,0.0987277,0,0,0,57.6286,26.432,2,21.9822
922.5,11422.7,0.216826,1.88935,1.9211,0.0939348,1.54628,1358.16,0,0,700,353.827,25.9368,2,24.4756,2.49296,0.492956,0.0939348,0,0,0,57.634,26.4321,2,21.9826
922.6,11422.7,0.204304,1.88936,1.92121,0.0893167,1.54628,1358.32,0,0,700,353.827,25.9368,2,24.4756,2.49247,0.492474,0.0893167,0,0,0,57.6393,26.4321,2,21.9831
922.7,11422.7,0.192506,1.88936,1.92131,-0.00759397,1.54628,1358.47,0.00759397,0,700,353.827,25.9368,2,24.4756,2,-0,-0,0,0,0,57.6448,26.4321,2,22.4756
922.8,11422.7,0,1.88937,1.92137,-0,1.54628,1358.63,0,0,700,353.827,25.9368,2,24.4756,2,0,0,0,0,0,57.6503,26.4321,2,22.4756
922.9,11422.7,0,1.88937,1.92137,0,1.54628,1358.78,0,0,700,353.827,25.9368,2,24.4756,2,0,0,0,0,0,57.6557,26.4322,2,22.4756
923,11422.7,0,1.88937,1.92137,0,1.54628,1358.94,0,0,700,353.827,25.9368,2,24.4756,2,0,0,0,0,0,57.6612,26.4322,2,22.4756
923.1,11422.7,0,1.88937,1.92137,0,1.54628,1359.09,0,0,700,353.827,25.9368,2,24.4756,2,0,0,0,0,0,57.6667,26.4322,2,22.4756
923.2,11422.7,0,1.88937,1.92137,0,1.54628,1359.25,0,0,700,353.827,25.9368,2,24.4756,2,0,0,0,0,0,57.6721,26.4323,2,22.4756
923.3,11422.7,0,1.88937,1.92137,0,1.54628,1359.4,0,0,700,353.827,25.9368,2,24.4756,2,0,0,0,0,0,57.6776,26.4323,2,22.4756
923.4,11422.7,0,1.88937,1.92137,0,1.54628,1359.56,0,0,700,353.827,25.9368,2,24.4756,2,0,0,0,0,0,57.683,26.4323,2,22.4756
923.5,11422.7,0,1.88937,1.92137,0,1.54628,1359.71,0,0,700,353.827,25.9368,2,24.4756,2,0,0,0,0,0,57.6885,26.4324,2,22.4756
923.6,11422.7,0,1.88937,1.92137,0,1.54628,1359.86,0,0,700,353.827,25.9368,2,24.4756,2,0,0,0,0,0,57.694,26.4324,2,22.4756
923.7,11422.7,0,1.88937,1.92137,0,1.54628,1360.02,0,0,700,353.827,25.9368,2,24.4756,2,0,0,0,0,0,57.6994,26.4324,2,22.4756
923.8,11422.7,0,1.88937,1.92137,0,1.54628,1360.17,0,0,700,353.827,25.9368,2,24.4756,2,0,0,0,0,0,57.7049,26.4325,2,22.4756
923.9,11422.7,0,1.88937,1.92137,0,1.54628,1360.33,0,0,700,353.827,25.9368,2,24.4756,2,0,0,0,0,0,57.7104,26.4325,2,22.4756
924,11422.7,0,1.88937,1.92137,0,1.54628,1360.48,0,0,700,353.827,25.9368,2,24.4756,2,0,0,0,0,0,57.7158,26.4325,2,22.4756
924.1,11422.7,0,1.88937,1.92137,0,1.54628,1360.64,0,0,700,353.827,25.9368,2,24.4756,2,0,0,0,0,0,57.7213,26.4325,2,22.4756
924.2,11422.7,0,1.88937,1.92137,0,1.54628,1360.79,0,0,700,353.827,25.9368,2,24.4756,2,0,0,0,0,0,57.7268,26.4326,2,22.4756
924.3,11422.7,0,1.88937,1.92137,0,1.54628,1360.95,0,0,700,353.827,25.9368,2,24.4756,2,0,0,0,0,0,57.7322,26.4326,2,22.4756
924.4,11422.7,0,1.88937,1.92137,0,1.54628,1361.1,0,0,700,353.827,25.9368,2,24.4756,2,0,0,0,0,0,57.7377,26.4326,2,22.4756
924.5,11422.7,0,1.88937,1.92137,0,1.54628,1361.26,0,0,700,353.827,25.9368,2,24.4756,2,0,0,0,0,0,57.7431,26.4327,2,22.4756
924.6,11422.7,0,1.88937,1.92137,0,1.54628,1361.41,0,0,700,353.827,25.9368,2,24.4756,2,0,0,0,0,0,57.7486,26.4327,2,22.4756
924.7,11422.7,0,1.88937,1.92137,0,1.54628,1361.57,0,0,700,353.827,25.9368,2,24.4756,2,0,0,0,0,0,57.7541,26.4327,2,22.4756
924.8,11422.7,0,1.88937,1.92137,0,1.54628,1361.72,0,0,700,353.827,25.9368,2,24.4756,2,0,0,0,0,0,57.7595,26.4328,2,22.4756
924.9,11422.7,0,1.88937,1.92137,0,1.54628,1361.88,0,0,700,353.827,25.9368,2,24.4756,2,0,0,0,0,0,57.765,26.4328,2,22.4756
925,11422.7,0,1.88937,1.92137,0,1.54628,1362.03,0,0,700,353.827,25.9368,2,24.4756,2,0,0,0,0,0,57.7705,26.4328,2,22.4756
925.1,11422.7,0,1.88937,1.92137,0,1.54628,1362.18,0,0,700,353.827,25.9368,2,24.4756,2,0,0,0,0,0,57.7759,26.4329,2,22.4756
925.2,11422.7,0,1.88937,1.92137,0,1.54628,1362.34,0,0,700,353.827,25.9368,2,24.4756,2,0,0,0,0,0,57.7814,26.4329,2,22.4756
925.3,11422.7,0,1.88937,1.92137,0,1.54628,1362.49,0,0,700,353.827,25.9368,2,24.4756,2,0,0,0,0,0,57.7869,26.4329,2,22.4756
925.4,11422.7,0,1.88937,1.92137,0,1.54628,1362.65,0,0,700,353.827,25.9368,2,24.4756,2,0,0,0,0,0,57.7923,26.433,2,22.4756
925.5,11422.7,0,1.88937,1.92137,0,1.54628,1362.8,0,0,700,353.827,25.9368,2,24.4756,2,0,0,0,0,0,57.7978,26.433,2,22.4756
925.6,11422.7,0,1.88937,1.92137,0,1.54628,1362.96,0,0,700,353.827,25.9368,2,24.4756,2,0,0,0,0,0,57.8032,26.433,2,22.4756
925.7,11422.7,0,1.88937,1.92137,0,1.54628,1363.11,0,0,700,353.827,25.9368,2,24.4756,2,0,0,0,0,0,57.8087,26.433,2,22.4756
925.8,11422.7,0,1.88937,1.92137,0,1.54628,1363.27,0,0,700,353.827,25.9368,2,24.4756,2,0,0,0,0,0,57.8142,26.4331,2,22.4756
925.9,11422.7,0,1.88937,1.92137,0,1.54628,1363.42,0,0,700,353.827,25.9368,2,24.4756,2,0,0,0,0,0,57.8196,26.4331,2,22.4756
926,11422.7,0,1.88937,1.92137,0,1.54628,1363.58,0,0,700,353.827,25.9368,2,24.4756,2,0,0,0,0,0,57.8251,26.4331,2,22.4756
926.1,11422.7,0,1.88937,1.92137,0,1.54628,1363.73,0,0,700,353.827,25.9368,2,24.4756,2,0,0,0,0,0,57.8306,26.4332,2,22.4756
926.2,11422.7,0,1.88937,1.92137,0,1.54628,1363.89,0,0,700,353.827,25.9368,2,24.4756,2,0,0,0,0,0,57.836,26.4332,2,22.4756
926.3,11422.7,0,1.88937,1.92137,0,1.54628,1364.04,0,0,700,353.827,25.9368,2,24.4756,2,0,0,0,0,0,57.8415,26.4332,2,22.4756
926.4,11422.7,0,1.88937,1.92137,0,1.54628,1364.19,0,0,700,353.827,25.9368,2,24.4756,2,0,0,0,0,0,57.847,26.4333,2,22.4756
926.5,11422.7,0,1.88937,1.92137,0,1.54628,1364.35,0,0,700,353.827,25.9368,2,24.4756,2,0,0,0,0,0,57.8524,26.4333,2,22.4756
926.6,11422.7,0,1.88937,1.92137,0,1.54628,1364.5,0,0,700,353.827,25.9368,2,24.4756,2,0,0,0,0,0,57.8579,26.4333,2,22.4756
926.7,11422.7,0,1.88937,1.92137,0,1.54628,1364.66,0,0,700,353.827,25.9368,2,24.4756,2,0,0,0,0,0,57.8634,26.4334,2,22.4756
926.8,11422.7,0,1.88937,1.92137,0,1.54628,1364.81,0,0,700,353.827,25.9368,2,24.4756,2,0,0,0,0,0,57.8688,26.4334,2,22.4756
926.9,11422.7,0,1.88937,1.92137,0,1.54628,1364.97,0,0,700,353.827,25.9368,2,24.4756,2,0,0,0,0,0,57.8743,26.4334,2,22.4756
927,11422.7,0,1.88937,1.92137,0,1.54628,1365.12,0,0,700,353.827,25.9368,2,24.4756,2,0,0,0,0,0,57.8797,26.4335,2,22.4756
927.1,11422.7,0,1.88937,1.92137,0,1.54628,1365.28,0,0,700,353.827,25.9368,2,24.4756,2,0,0,0,0,0,57.8852,26.4335,2,22.4756
927.2,11422.7,0,1.88937,1.92137,0,1.54628,1365.43,0,0,700,353.827,25.9368,2,24.4756,2,0,0,0,0,0,57.8907,26.4335,2,22.4756
927.3,11422.7,0,1.88937,1.92137,0,1.54628,1365.59,0,0,700,353.827,25.9368,2,24.4756,2,0,0,0,0,0,57.8961,26.4335,2,22.4756
927.4,11422.7,0,1.88937,1.92137,0,1.54628,1365.74,0,0,700,353.827,25.9368,2,24.4756,2,0,0,0,0,0,57.9016,26.4336,2,22.4756
927.5,11422.7,0,1.88937,1.92137,0,1.54628,1365.9,0,0,700,353.827,25.9368,2,24.4756,2,0,0,0,0,0,57.9071,26.4336,2,22.4756
927.6,11422.7,0,1.88937,1.92137,0,1.54628,1366.05,0,0,700,353.827,25.9368,2,24.4756,2,0,0,0,0,0,57.9125,26.4336,2,22.4756
927.7,11422.7,0,1.88937,1.92137,0,1.54628,1366.2,0,0,700,353.827,25.9368,2,24.4756,2,0,0,0,0,0,57.918,26.4337,2,22.4756
927.8,11422.7,0,1.88937,1.92137,0,1.54628,1366.36,0,0,700,353.827,25.9368,2,24.4756,2,0,0,0,0,0,57.9235,26.4337,2,22.4756
927.9,11422.7,0,1.88937,1.92137,0,1.54628,1366.51,0,0,700,353.827,25.9368,2,24.4756,2,0,0,0,0,0,57.9289,26.4337,2,22.4756
928,11422.7,0,1.88937,1.92137,0,1.54628,1366.67,0,0,700,353.827,25.9368,2,24.4756,2,0,0,0,0,0,57.9344,26.4338,2,22.4756
928.1,11422.7,0,1.88937,1.92137,0,1.54628,1366.82,0,0,700,353.827,25.9368,2,24.4756,2,0,0,0,0,0,57.9398,26.4338,2,22.4756
928.2,11422.7,0,1.88937,1.92137,0,1.54628,1366.98,0,0,700,353.827,25.9368,2,24.4756,2,0,0,0,0,0,57.9453,26.4338,2,22.4756
928.3,11422.7,0,1.88937,1.92137,0,1.54628,1367.13,0,0,700,353.827,25.9368,2,24.4756,2,0,0,0,0,0,57.9508,26.4339,2,22.4756
928.4,11422.7,0,1.88937,1.92137,0,1.54628,1367.29,0,0,700,353.827,25.9368,2,24.4756,2,0,0,0,0,0,57.9562,26.4339,2,22.4756
928.5,11422.7,0,1.88937,1.92137,0,1.54628,1367.44,0,0,700,353.827,25.9368,2,24.4756,2,0,0,0,0,0,57.9617,26.4339,2,22.4756
928.6,11422.7,0,1.88937,1.92137,0,1.54628,1367.6,0,0,700,353.827,25.9368,2,24.4756,2,0,0,0,0,0,57.9672,26.4339,2,22.4756
928.7,11422.7,0,1.88937,1.92137,0,1.54628,1367.75,0,0,700,353.827,25.9368,2,24.4756,2,0,0,0,0,0,57.9726,26.434,2,22.4756
928.8,11422.7,0,1.88937,1.92137,0,1.54628,1367.91,0,0,700,353.827,25.9368,2,24.4756,2,0,0,0,0,0,57.9781,26.434,2,22.4756
928.9,11422.7,0,1.88937,1.92137,0,1.54628,1368.06,0,0,700,353.827,25.9368,2,24.4756,2,0,0,0,0,0,57.9836,26.434,2,22.4756
929,11422.7,0,1.88937,1.92137,0,1.54628,1368.21,0,0,700,353.827,25.9368,2,24.4756,2,0,0,0,0,0,57.989,26.4341,2,22.4756
929.1,11422.7,0,1.88937,1.92137,0,1.54628,1368.37,0,0,700,353.827,25.9368,2,24.4756,2,0,0,0,0,0,57.9945,26.4341,2,22.4756
929.2,11422.7,0,1.88937,1.92137,0,1.54628,1368.52,0,0,700,353.827,25.9368,2,24.4756,2,0,0,0,0,0,57.9999,26.4341,2,22.4756
929.3,11422.7,0,1.88937,1.92137,0,1.54628,1368.68,0,0,700,353.827,25.9368,2,24.4756,2,0,0,0,0,0,58.0054,26.4342,2,22.4756
929.4,11422.7,0,1.88937,1.92137,0,1.54628,1368.83,0,0,700,353.827,25.9368,2,24.4756,2,0,0,0,0,0,58.0109,26.4342,2,22.4756
929.5,11422.7,0,1.88937,1.92137,0,1.54628,1368.99,0,0,700,353.827,25.9368,2,24.4756,2,0,0,0,0,0,58.0163,26.4342,2,22.4756
929.6,11422.7,0,1.88937,1.92137,0,1.54628,1369.14,0,0,700,353.827,25.9368,2,24.4756,2,0,0,0,0,0,58.0218,26.4343,2,22.4756
929.7,11422.7,0,1.88937,1.92137,0,1.54628,1369.3,0,0,700,353.827,25.9368,2,24.4756,2,0,0,0,0,0,58.0273,26.4343,2,22.4756
929.8,11422.7,0,1.88937,1.92137,0,1.54628,1369.45,0,0,700,353.827,25.9368,2,24.4756,2,0,0,0,0,0,58.0327,26.4343,2,22.4756
929.9,11422.7,0,1.88937,1.92137,0,1.54628,1369.61,0,0,700,353.827,25.9368,2,24.4756,2,0,0,0,0,0,58.0382,26.4344,2,22.4756
930,11422.7,0,1.88937,1.92137,0,1.54628,1369.76,0,0,700,353.827,25.9368,2,24.4756,2,0,0,0,0,0,58.0437,26.4344,2,22.4756
930.1,11422.7,0,1.88937,1.92137,0,1.54628,1369.92,0,0,700,353.827,25.9368,2,24.4756,2,0,0,0,0,0,58.0491,26.4344,2,22.4756
930.2,11422.7,0,1.88937,1.92137,0,1.54628,1370.07,0,0,700,353.827,25.9368,2,24.4756,2,0,0,0,0,0,58.0546,26.4344,2,22.4756
930.3,11422.7,0,1.88937,1.92137,0,1.54628,1370.23,0,0,700,353.827,25.9368,2,24.4756,2,0,0,0,0,0,58.06,26.4345,2,22.4756
930.4,11422.7,0,1.88937,1.92137,0,1.54628,1370.38,0,0,700,353.827,25.9368,2,24.4756,2,0,0,0,0,0,58.0655,26.4345,2,22.4756
930.5,11422.7,0,1.88937,1.92137,0,1.54628,1370.53,0,0,700,353.827,25.9368,2,24.4756,2,0,0,0,0,0,58.071,26.4345,2,22.4756
930.6,11422.7,0,1.88937,1.92137,0,1.54628,1370.69,0,0,700,353.827,25.9368,2,24.4756,2,0,0,0,0,0,58.0764,26.4346,2,22.4756
930.7,11422.7,0,1.88937,1.92137,0,1.54628,1370.84,0,0,700,353.827,25.9368,2,24.4756,2,0,0,0,0,0,58.0819,26.4346,2,22.4756
930.8,11422.7,0,1.88937,1.92137,0,1.54628,1371,0,0,700,353.827,25.9368,2,24.4756,2,0,0,0,0,0,58.0874,26.4346,2,22.4756
930.9,11422.7,0,1.88937,1.92137,0,1.54628,1371.15,0,0,700,353.827,25.9368,2,24.4756,2,0,0,0,0,0,58.0928,26.4347,2,22.4756
931,11422.7,0,1.88937,1.92137,0,1.54628,1371.31,0,0,700,353.827,25.9368,2,24.4756,2,0,0,0,0,0,58.0983,26.4347,2,22.4756
931.1,11422.7,0,1.88937,1.92137,0,1.54628,1371.46,0,0,700,353.827,25.9368,2,24.4756,2,0,0,0,0,0,58.1038,26.4347,2,22.4756
931.2,11422.7,0,1.88937,1.92137,0,1.54628,1371.62,0,0,700,353.827,25.9368,2,24.4756,2,0,0,0,0,0,58.1092,26.4348,2,22.4756
931.3,11422.7,0,1.88937,1.92137,0,1.54628,1371.77,0,0,700,353.827,25.9368,2,24.4756,2,0,0,0,0,0,58.1147,26.4348,2,22.4756
931.4,11422.7,0,1.88937,1.92137,0,1.54628,1371.93,0,0,700,353.827,25.9368,2,24.4756,2,0,0,0,0,0,58.1202,26.4348,2,22.4756
931.5,11422.7,0,1.88937,1.92137,0,1.54628,1372.08,0,0,700,353.827,25.9368,2,24.4756,2,0,0,0,0,0,58.1256,26.4348,2,22.4756
931.6,11422.7,0,1.88937,1.92137,0,1.54628,1372.24,0,0,700,353.827,25.9368,2,24.4756,2,0,0,0,0,0,58.1311,26.4349,2,22.4756
931.7,11422.7,0,1.88937,1.92137,0,1.54628,1372.39,0,0,700,353.827,25.9368,2,24.4756,2,0,0,0,0,0,58.1365,26.4349,2,22.4756
931.8,11422.7,0,1.88937,1.92137,0,1.54628,1372.54,0,0,700,353.827,25.9368,2,24.4756,2,0,0,0,0,0,58.142,26.4349,2,22.4756
931.9,11422.7,0,1.88937,1.92137,0,1.54628,1372.7,0,0,700,353.827,25.9368,2,24.4756,2,0,0,0,0,0,58.1475,26.435,2,22.4756
932,11422.7,0,1.88937,1.92137,0,1.54628,1372.85,0,0,700,353.827,25.9368,2,24.4756,2,0,0,0,0,0,58.1529,26.435,2,22.4756
932.1,11422.7,0,1.88937,1.92137,0,1.54628,1373.01,0,0,700,353.827,25.9368,2,24.4756,2,0,0,0,0,0,58.1584,26.435,2,22.4756
932.2,11422.7,0,1.88937,1.92137,0,1.54628,1373.16,0,0,700,353.827,25.9368,2,24.4756,2,0,0,0,0,0,58.1639,26.4351,2,22.4756
932.3,11422.7,0,1.88937,1.92137,0,1.54628,1373.32,0,0,700,353.827,25.9368,2,24.4756,2,0,0,0,0,0,58.1693,26.4351,2,22.4756
932.4,11422.7,0,1.88937,1.92137,0,1.54628,1373.47,0,0,700,353.827,25.9368,2,24.4756,2,0,0,0,0,0,58.1748,26.4351,2,22.4756
932.5,11422.7,0,1.88937,1.92137,0,1.54628,1373.63,0,0,700,353.827,25.9368,2,24.4756,2,0,0,0,0,0,58.1803,26.4352,2,22.4756
932.6,11422.7,0,1.88937,1.92137,0,1.54628,1373.78,0,0,700,353.827,25.9368,2,24.4756,2,0,0,0,0,0,58.1857,26.4352,2,22.4756
932.7,11422.7,0,1.88937,1.92137,0,1.54628,1373.94,0,0,700,353.827,25.9368,2,24.4756,2,0,0,0,0,0,58.1912,26.4352,2,22.4756
932.8,11422.7,0,1.88937,1.92137,0,1.54628,1374.09,0,0,700,353.827,25.9368,2,24.4756,2,0,0,0,0,0,58.1966,26.4352,2,22.4756
932.9,11422.7,0,1.88937,1.92137,0,1.54628,1374.25,0,0,700,353.827,25.9368,2,24.4756,2,0,0,0,0,0,58.2021,26.4353,2,22.4756
933,11422.7,0,1.88937,1.92137,0,1.54628,1374.4,0,0,700,353.827,25.9368,2,24.4756,2,0,0,0,0,0,58.2076,26.4353,2,22.4756
933.1,11422.7,0,1.88937,1.92137,0,1.54628,1374.55,0,0,700,353.827,25.9368,2,24.4756,2,0,0,0,0,0,58.213,26.4353,2,22.4756
933.2,11422.7,0,1.88937,1.92137,0,1.54628,1374.71,0,0,700,353.827,25.9368,2,24.4756,2,0,0,0,0,0,58.2185,26.4354,2,22.4756
933.3,11422.7,0,1.88937,1.92137,0,1.54628,1374.86,0,0,700,353.827,25.9368,2,24.4756,2,0,0,0,0,0,58.224,26.4354,2,22.4756
933.4,11422.7,0,1.88937,1.92137,0,1.54628,1375.02,0,0,700,353.827,25.9368,2,24.4756,2,0,0,0,0,0,58.2294,26.4354,2,22.4756
933.5,11422.7,0,1.88937,1.92137,0,1.54628,1375.17,0,0,700,353.827,25.9368,2,24.4756,2,0,0,0,0,0,58.2349,26.4355,2,22.4756
933.6,11422.7,0,1.88937,1.92137,0,1.54628,1375.33,0,0,700,353.827,25.9368,2,24.4756,2,0,0,0,0,0,58.2404,26.4355,2,22.4756
933.7,11422.7,0,1.88937,1.92137,0,1.54628,1375.48,0,0,700,353.827,25.9368,2,24.4756,2,0,0,0,0,0,58.2458,26.4355,2,22.4756
933.8,11422.7,0,1.88937,1.92137,0,1.54628,1375.64,0,0,700,353.827,25.9368,2,24.4756,2,0,0,0,0,0,58.2513,26.4356,2,22.4756
933.9,11422.7,0,1.88937,1.92137,0,1.54628,1375.79,0,0,700,353.827,25.9368,2,24.4756,2,0,0,0,0,0,58.2567,26.4356,2,22.4756
934,11422.7,0,1.88937,1.92137,0,1.54628,1375.95,0,0,700,353.827,25.9368,2,24.4756,2,0,0,0,0,0,58.2622,26.4356,2,22.4756
934.1,11422.7,0,1.88937,1.92137,0,1.54628,1376.1,0,0,700,353.827,25.9368,2,24.4756,2,0,0,0,0,0,58.2677,26.4357,2,22.4756
934.2,11422.7,0,1.88937,1.92137,0,1.54628,1376.26,0,0,700,353.827,25.9368,2,24.4756,2,0,0,0,0,0,58.2731,26.4357,2,22.4756
934.3,11422.7,0,1.88937,1.92137,0,1.54628,1376.41,0,0,700,353.827,25.9368,2,24.4756,2,0,0,0,0,0,58.2786,26.4357,2,22.4756
934.4,11422.7,0,1.88937,1.92137,0,1.54628,1376.56,0,0,700,353.827,25.9368,2,24.4756,2,0,0,0,0,0,58.2841,26.4357,2,22.4756
934.5,11422.7,0,1.88937,1.92137,0,1.54628,1376.72,0,0,700,353.827,25.9368,2,24.4756,2,0,0,0,0,0,58.2895,26.4358,2,22.4756
934.6,11422.7,0,1.88937,1.92137,0,1.54628,1376.87,0,0,700,353.827,25.9368,2,24.4756,2,0,0,0,0,0,58.295,26.4358,2,22.4756
934.7,11422.7,0,1.88937,1.92137,0,1.54628,1377.03,0,0,700,353.827,25.9368,2,24.4756,2,0,0,0,0,0,58.3005,26.4358,2,22.4756
934.8,11422.7,0,1.88937,1.92137,0,1.54628,1377.18,0,0,700,353.827,25.9368,2,24.4756,2,0,0,0,0,0,58.3059,26.4359,2,22.4756
934.9,11422.7,0,1.88937,1.92137,0,1.54628,1377.34,0,0,700,353.827,25.9368,2,24.4756,2,0,0,0,0,0,58.3114,26.4359,2,22.4756
935,11422.7,0,1.88937,1.92137,0,1.54628,1377.49,0,0,700,353.827,25.9368,2,24.4756,2,0,0,0,0,0,58.3169,26.4359,2,22.4756
935.1,11422.7,0,1.88937,1.92137,0,1.54628,1377.65,0,0,700,353.827,25.9368,2,24.4756,2,0,0,0,0,0,58.3223,26.436,2,22.4756
935.2,11422.7,0,1.88937,1.92137,0,1.54628,1377.8,0,0,700,353.827,25.9368,2,24.4756,2,0,0,0,0,0,58.3278,26.436,2,22.4756
935.3,11422.7,0,1.88937,1.92137,0,1.54628,1377.96,0,0,700,353.827,25.9368,2,24.4756,2,0,0,0,0,0,58.3332,26.436,2,22.4756
935.4,11422.7,0,1.88937,1.92137,0,1.54628,1378.11,0,0,700,353.827,25.9368,2,24.4756,2,0,0,0,0,0,58.3387,26.4361,2,22.4756
935.5,11422.7,0,1.88937,1.92137,0,1.54628,1378.27,0,0,700,353.827,25.9368,2,24.4756,2,0,0,0,0,0,58.3442,26.4361,2,22.4756
935.6,11422.7,0,1.88937,1.92137,0,1.54628,1378.42,0,0,700,353.827,25.9368,2,24.4756,2,0,0,0,0,0,58.3496,26.4361,2,22.4756
935.7,11422.7,0,1.88937,1.92137,0,1.54628,1378.57,0,0,700,353.827,25.9368,2,24.4756,2,0,0,0,0,0,58.3551,26.4361,2,22.4756
935.8,11422.7,0,1.88937,1.92137,0,1.54628,1378.73,0,0,700,353.827,25.9368,2,24.4756,2,0,0,0,0,0,58.3606,26.4362,2,22.4756
935.9,11422.7,0,1.88937,1.92137,0,1.54628,1378.88,0,0,700,353.827,25.9368,2,24.4756,2,0,0,0,0,0,58.366,26.4362,2,22.4756
936,11422.7,0,1.88937,1.92137,0,1.54628,1379.04,0,0,700,353.827,25.9368,2,24.4756,2,0,0,0,0,0,58.3715,26.4362,2,22.4756
936.1,11422.7,0,1.88937,1.92137,0,1.54628,1379.19,0,0,700,353.827,25.9368,2,24.4756,2,0,0,0,0,0,58.377,26.4363,2,22.4756
936.2,11422.7,0,1.88937,1.92137,0,1.54628,1379.35,0,0,700,353.827,25.9368,2,24.4756,2,0,0,0,0,0,58.3824,26.4363,2,22.4756
936.3,11422.7,0,1.88937,1.92137,0,1.54628,1379.5,0,0,700,353.827,25.9368,2,24.4756,2,0,0,0,0,0,58.3879,26.4363,2,22.4756
936.4,11422.7,0,1.88937,1.92137,0,1.54628,1379.66,0,0,700,353.827,25.9368,2,24.4756,2,0,0,0,0,0,58.3933,26.4364,2,22.4756
936.5,11422.7,0,1.88937,1.92137,0,1.54628,1379.81,0,0,700,353.827,25.9368,2,24.4756,2,0,0,0,0,0,58.3988,26.4364,2,22.4756
936.6,11422.7,0,1.88937,1.92137,0,1.54628,1379.97,0,0,700,353.827,25.9368,2,24.4756,2,0,0,0,0,0,58.4043,26.4364,2,22.4756
936.7,11422.7,0,1.88937,1.92137,0,1.54628,1380.12,0,0,700,353.827,25.9368,2,24.4756,2,0,0,0,0,0,58.4097,26.4364,2,22.4756
936.8,11422.7,0,1.88937,1.92137,0,1.54628,1380.28,0,0,700,353.827,25.9368,2,24.4756,2,0,0,0,0,0,58.4152,26.4365,2,22.4756
936.9,11422.7,0,1.88937,1.92137,0,1.54628,1380.43,0,0,700,353.827,25.9368,2,24.4756,2,0,0,0,0,0,58.4207,26.4365,2,22.4756
937,11422.7,0,1.88937,1.92137,0,1.54628,1380.59,0,0,700,353.827,25.9368,2,24.4756,2,0,0,0,0,0,58.4261,26.4365,2,22.4756
937.1,11422.7,0,1.88937,1.92137,0,1.54628,1380.74,0,0,700,353.827,25.9368,2,24.4756,2,0,0,0,0,0,58.4316,26.4366,2,22.4756
937.2,11422.7,0,1.88937,1.92137,0,1.54628,1380.89,0,0,700,353.827,25.9368,2,24.4756,2,0,0,0,0,0,58.4371,26.4366,2,22.4756
937.3,11422.7,0,1.88937,1.92137,0,1.54628,1381.05,0,0,700,353.827,25.9368,2,24.4756,2,0,0,0,0,0,58.4425,26.4366,2,22.4756
937.4,11422.7,0,1.88937,1.92137,0,1.54628,1381.2,0,0,700,353.827,25.9368,2,24.4756,2,0,0,0,0,0,58.448,26.4367,2,22.4756
937.5,11422.7,0,1.88937,1.92137,0,1.54628,1381.36,0,0,700,353.827,25.9368,2,24.4756,2,0,0,0,0,0,58.4534,26.4367,2,22.4756
937.6,11422.7,0,1.88937,1.92137,0,1.54628,1381.51,0,0,700,353.827,25.9368,2,24.4756,2,0,0,0,0,0,58.4589,26.4367,2,22.4756
937.7,11422.7,0,1.88937,1.92137,0,1.54628,1381.67,0,0,700,353.827,25.9368,2,24.4756,2,0,0,0,0,0,58.4644,26.4368,2,22.4756
937.8,11422.7,0,1.88937,1.92137,0,1.54628,1381.82,0,0,700,353.827,25.9368,2,24.4756,2,0,0,0,0,0,58.4698,26.4368,2,22.4756
937.9,11422.7,0,1.88937,1.92137,0,1.54628,1381.98,0,0,700,353.827,25.9368,2,24.4756,2,0,0,0,0,0,58.4753,26.4368,2,22.4756
938,11422.7,0,1.88937,1.92137,0,1.54628,1382.13,0,0,700,353.827,25.9368,2,24.4756,2,0,0,0,0,0,58.4808,26.4368,2,22.4756
938.1,11422.7,0,1.88937,1.92137,0,1.54628,1382.29,0,0,700,353.827,25.9368,2,24.4756,2,0,0,0,0,0,58.4862,26.4369,2,22.4756
938.2,11422.7,0,1.88937,1.92137,0,1.54628,1382.44,0,0,700,353.827,25.9368,2,24.4756,2,0,0,0,0,0,58.4917,26.4369,2,22.4756
938.3,11422.7,0,1.88937,1.92137,0,1.54628,1382.6,0,0,700,353.827,25.9368,2,24.4756,2,0,0,0,0,0,58.4972,26.4369,2,22.4756
938.4,11422.7,0,1.88937,1.92137,0,1.54628,1382.75,0,0,700,353.827,25.9368,2,24.4756,2,0,0,0,0,0,58.5026,26.437,2,22.4756
938.5,11422.7,0,1.88937,1.92137,0,1.54628,1382.9,0,0,700,353.827,25.9368,2,24.4756,2,0,0,0,0,0,58.5081,26.437,2,22.4756
938.6,11422.7,0,1.88937,1.92137,0,1.54628,1383.06,0,0,700,353.827,25.9368,2,24.4756,2,0,0,0,0,0,58.5135,26.437,2,22.4756
938.7,11422.7,0,1.88937,1.92137,0,1.54628,1383.21,0,0,700,353.827,25.9368,2,24.4756,2,0,0,0,0,0,58.519,26.4371,2,22.4756
938.8,11422.7,0,1.88937,1.92137,0,1.54628,1383.37,0,0,700,353.827,25.9368,2,24.4756,2,0,0,0,0,0,58.5245,26.4371,2,22.4756
938.9,11422.7,0,1.88937,1.92137,0,1.54628,1383.52,0,0,700,353.827,25.9368,2,24.4756,2,0,0,0,0,0,58.5299,26.4371,2,22.4756
939,11422.7,0,1.88937,1.92137,0,1.54628,1383.68,0,0,700,353.827,25.9368,2,24.4756,2,0,0,0,0,0,58.5354,26.4372,2,22.4756
939.1,11422.7,0,1.88937,1.92137,0,1.54628,1383.83,0,0,700,353.827,25.9368,2,24.4756,2,0,0,0,0,0,58.5409,26.4372,2,22.4756
939.2,11422.7,0,1.88937,1.92137,0,1.54628,1383.99,0,0,700,353.827,25.9368,2,24.4756,2,0,0,0,0,0,58.5463,26.4372,2,22.4756
939.3,11422.7,0,1.88937,1.92137,0,1.54628,1384.14,0,0,700,353.827,25.9368,2,24.4756,2,0,0,0,0,0,58.5518,26.4372,2,22.4756
939.4,11422.7,0,1.88937,1.92137,0,1.54628,1384.3,0,0,700,353.827,25.9368,2,24.4756,2,0,0,0,0,0,58.5573,26.4373,2,22.4756
939.5,11422.7,0,1.88937,1.92137,0,1.54628,1384.45,0,0,700,353.827,25.9368,2,24.4756,2,0,0,0,0,0,58.5627,26.4373,2,22.4756
939.6,11422.7,0,1.88937,1.92137,0,1.54628,1384.61,0,0,700,353.827,25.9368,2,24.4756,2,0,0,0,0,0,58.5682,26.4373,2,22.4756
939.7,11422.7,0,1.88937,1.92137,0,1.54628,1384.76,0,0,700,353.827,25.9368,2,24.4756,2,0,0,0,0,0,58.5737,26.4374,2,22.4756
939.8,11422.7,0,1.88937,1.92137,0,1.54628,1384.91,0,0,700,353.827,25.9368,2,24.4756,2,0,0,0,0,0,58.5791,26.4374,2,22.4756
939.9,11422.7,0,1.88937,1.92137,0,1.54628,1385.07,0,0,700,353.827,25.9368,2,24.4756,2,0,0,0,0,0,58.5846,26.4374,2,22.4756
940,11422.7,0,1.88937,1.92137,0,1.54628,1385.22,0,0,700,353.827,25.9368,2,24.4756,2,0,0,0,0,0,58.59,26.4375,2,22.4756
940.1,11422.7,0,1.88937,1.92137,0,1.54628,1385.38,0,0,700,353.827,25.9368,2,24.4756,2,0,0,0,0,0,58.5955,26.4375,2,22.4756
940.2,11422.7,0,1.88937,1.92137,0,1.54628,1385.53,0,0,700,353.827,25.9368,2,24.4756,2,0,0,0,0,0,58.601,26.4375,2,22.4756
940.3,11422.7,0,1.88937,1.92137,0,1.54628,1385.69,0,0,700,353.827,25.9368,2,24.4756,2,0,0,0,0,0,58.6064,26.4375,2,22.4756
940.4,11422.7,0,1.88937,1.92137,0,1.54628,1385.84,0,0,700,353.827,25.9368,2,24.4756,2,0,0,0,0,0,58.6119,26.4376,2,22.4756
940.5,11422.7,0,1.88937,1.92137,0,1.54628,1386,0,0,700,353.827,25.9368,2,24.4756,2,0,0,0,0,0,58.6174,26.4376,2,22.4756
940.6,11422.7,0,1.88937,1.92137,0,1.54628,1386.15,0,0,700,353.827,25.9368,2,24.4756,2,0,0,0,0,0,58.6228,26.4376,2,22.4756
940.7,11422.7,0,1.88937,1.92137,0,1.54628,1386.31,0,0,700,353.827,25.9368,2,24.4756,2,0,0,0,0,0,58.6283,26.4377,2,22.4756
940.8,11422.7,0,1.88937,1.92137,0,1.54628,1386.46,0,0,700,353.827,25.9368,2,24.4756,2,0,0,0,0,0,58.6338,26.4377,2,22.4756
940.9,11422.7,0.226128,1.88937,1.92142,0.384242,1.54628,1386.62,0,0,700,353.827,25.9368,2,24.4756,4.95647,2.95647,0.384242,0,0,0,58.6385,26.4377,2,19.5191
941,11422.7,0.452256,1.88938,1.9216,0.858761,1.54628,1386.77,0,0,700,353.827,25.9368,2,24.4756,5.85846,3.85846,0.858761,0,0,0,58.643,26.4377,2,18.6171
941.1,11422.7,0.75376,1.8894,1.92192,1.73219,1.54628,1386.92,0,0,700,353.827,25.9368,2,24.4756,7.61613,5.61613,1.73219,0,0,0,58.6471,26.4376,2,16.8595
941.2,11422.7,1.13064,1.88943,1.92241,2.82402,1.54628,1387.08,0,0,700,353.827,25.9368,2,24.4756,9.1841,7.1841,2.82402,0,0,0,58.6508,26.4376,2,15.2915
941.3,11422.8,1.50752,1.88947,1.92311,3.76544,1.54628,1387.23,0,0,700,353.827,25.9368,2,24.4756,10.161,8.16098,3.76544,0,0,0,58.6543,26.4375,2,14.3146
941.4,11422.8,1.8844,1.88953,1.924,4.70693,1.54628,1387.39,0,0,700,353.827,25.9368,2,24.4756,11.1526,9.15256,4.70693,0,0,0,58.6576,26.4374,2,13.323
941.5,11422.9,2.26127,1.88959,1.92508,5.64851,1.54628,1387.54,0,0,700,353.827,25.9368,2,24.4756,12.1443,10.1443,5.64851,0,0,0,58.6606,26.4373,2,12.3313
941.6,11423,2.63814,1.88967,1.92637,6.59017,1.54628,1387.7,0,0,700,353.827,25.9368,2,24.4756,13.1361,11.1361,6.59017,0,0,0,58.6633,26.4372,2,11.3395
941.7,11423,3.01501,1.88976,1.92785,7.53193,1.54628,1387.85,0,0,700,353.827,25.9368,2,24.4756,14.1284,12.1284,7.53193,0,0,0,58.6658,26.4371,2,10.3472
941.8,11423.1,3.39188,1.88986,1.92954,8.4738,1.54628,1388.01,0,0,700,353.827,25.9368,2,24.4756,15.1211,13.1211,8.4738,0,0,0,58.6681,26.437,2,9.35448
941.9,11423.2,3.76874,1.88998,1.93141,9.41579,1.54628,1388.16,0,0,700,353.827,25.9368,2,24.4756,16.114,14.114,9.41579,0,0,0,58.6701,26.4368,2,8.36163
942,11423.3,4.14559,1.8901,1.93349,10.3579,1.54628,1388.32,0,0,700,353.827,25.9368,2,24.4756,17.107,15.107,10.3579,0,0,0,58.6719,26.4367,2,7.36863
942.1,11423.5,4.52243,1.89024,1.93577,11.3001,1.54628,1388.47,0,0,700,353.827,25.9368,2,24.4756,18.1006,16.1006,11.3001,0,0,0,58.6735,26.4366,2,6.37497
942.2,11423.6,4.89927,1.89039,1.93824,12.2425,1.54628,1388.63,0,0,700,353.827,25.9368,2,24.4756,19.0945,17.0945,12.2425,0,0,0,58.6748,26.4364,2,5.3811
942.3,11423.7,5.27609,1.89055,1.94091,13.185,1.54628,1388.78,0,0,700,353.827,25.9368,2,24.4756,20.0885,18.0885,13.185,0,0,0,58.6759,26.4363,2,4.38709
942.4,11423.9,5.65289,1.89072,1.94378,14.1276,1.54628,1388.94,0,0,700,353.827,25.9368,2,24.4756,21.0828,19.0828,14.1276,0,0,0,58.6767,26.4362,2,3.39282
942.5,11424,6.02968,1.89091,1.94685,15.0703,1.54628,1389.09,0,0,700,353.827,25.9368,2,24.4756,22.0777,20.0777,15.0703,0,0,0,58.6773,26.436,2,2.39794
942.6,11424.2,6.40645,1.89111,1.95012,16.0131,1.54628,1389.24,0,0,700,353.827,25.9368,2,24.4756,23.0727,21.0727,16.0131,0,0,0,58.6776,26.4359,2,1.40293
942.7,11424.4,6.7832,1.89132,1.95358,16.9561,1.54628,1389.4,0,0,700,353.827,25.9368,2,24.4756,24.0678,22.0678,16.9561,0,0,0,58.6777,26.4357,2,0.407796
942.8,11424.6,7.15992,1.89154,1.95724,17.8991,1.54628,1389.55,0,0,700,353.827,25.9368,2,24.4756,25.0633,23.0633,17.8991,0,0,0,58.6775,26.4356,2,-0.587726
942.9,11424.8,7.53662,1.89177,1.96111,18.8423,1.54628,1389.71,0,0,700,353.827,25.9368,2,24.4756,26.0592,24.0592,18.8423,0,0,0,58.6771,26.4354,2,-1.58364
943,11425,7.91328,1.89202,1.96517,19.7855,1.54628,1389.86,0,0,700,353.827,25.9368,2,24.4756,27.0552,25.0552,19.7855,0,0,0,58.6765,26.4353,2,-2.57963
943.1,11425.2,8.28992,1.89227,1.96942,20.7287,1.54628,1390.02,0,0,700,353.827,25.9368,2,24.4756,28.0513,26.0513,20.7287,0,0,0,58.6755,26.4351,2,-3.57569
943.2,11425.5,8.66651,1.89254,1.97388,21.6721,1.54628,1390.17,0,0,700,353.827,25.9368,2,24.4756,29.0479,27.0479,21.6721,0,0,0,58.6744,26.435,2,-4.57228
943.3,11425.7,9.04307,1.89282,1.97854,22.6154,1.56471,1390.33,0,0,700,358.528,26.2814,2,24.7965,30.0446,28.0446,22.6154,0,0,0,58.673,26.4348,2,-5.24813
943.4,11426,9.41958,1.89311,1.98339,23.5588,1.62362,1390.49,0,0,700,373.554,27.3829,2,25.8204,31.0414,29.0414,23.5588,0,0,0,58.6717,26.4347,2,-5.22098
943.5,11426.2,9.79605,1.89342,1.98844,24.5021,1.68252,1390.66,0,0,700,388.58,28.4844,2,26.8416,32.0382,30.0382,24.5021,0,0,0,58.6703,26.4346,2,-5.19658
943.6,11426.5,10.1725,1.89373,1.99369,25.4454,1.74027,1390.83,0,0,700,403.312,29.5643,2,27.8401,33.0354,31.0354,25.4454,0,0,0,58.669,26.4344,2,-5.19535
943.7,11426.8,10.5488,1.89406,1.99914,26.3887,1.79057,1391.01,0,0,700,416.141,30.5047,2,28.7075,34.0326,32.0326,26.3887,0,0,0,58.6676,26.4343,2,-5.32514
943.8,11427.1,10.9251,1.8944,2.00479,27.3319,1.84831,1391.2,0,0,700,430.87,31.5844,2,29.7009,35.0298,33.0298,27.3319,0,0,0,58.6662,26.4342,2,-5.32882
943.9,11427.4,11.3014,1.89475,2.01064,28.275,1.89881,1391.39,0,0,701.861,442.489,32.5223,2,30.567,36.027,34.027,28.275,0,0,0,58.6648,26.434,2,-5.45994
944,11427.7,11.6775,1.89512,2.01669,29.218,1.9611,1391.58,0,0,717.252,447.805,33.6348,2,31.6309,37.0243,35.0243,29.218,0,0,0,58.6634,26.4339,2,-5.39342
944.1,11428.1,12.0536,1.89549,2.02294,30.1608,2.03078,1391.79,0,0,732.64,454.713,34.8864,2,32.8233,38.0215,36.0215,30.1608,0,0,0,58.6621,26.4337,2,-5.19821
944.2,11428.4,12.4296,1.89588,2.02938,31.1034,2.08448,1391.99,0,0,748.023,457.522,35.839,2,33.7418,39.0185,37.0185,31.1034,0,0,0,58.6607,26.4336,2,-5.27668
944.3,11428.8,12.8056,1.89627,2.03603,32.0457,2.14675,1392.21,0,0,762.474,462.837,36.9557,2,34.8092,40.0156,38.0156,32.0457,0,0,0,58.6594,26.4335,2,-5.20639
944.4,11429.1,13.1814,1.89668,2.04287,32.9878,2.20169,1392.43,0,0,771.101,470.047,37.9561,2,35.7537,41.0126,39.0126,32.9878,0,0,0,58.658,26.4333,2,-5.25889
944.5,11429.5,13.5572,1.8971,2.04992,33.9296,2.26556,1392.66,0,0,786.481,474.752,39.1006,2,36.8506,42.0093,40.0093,33.9296,0,0,0,58.6567,26.4332,2,-5.1587
944.6,11429.9,13.9328,1.89754,2.05716,34.8711,2.32042,1392.89,0,0,800.927,477.859,40.0794,2,37.7929,43.0056,41.0056,34.8711,0,0,0,58.6553,26.4331,2,-5.21274
944.7,11430.3,14.3083,1.89798,2.06461,35.8122,2.3775,1393.13,0,0,809.536,485.069,41.1214,2,38.7772,44.002,42.002,35.8122,0,0,0,58.654,26.4329,2,-5.22482
944.8,11430.7,14.6838,1.89844,2.07225,36.7529,2.44359,1393.37,0,0,824.904,489.776,42.3087,2,39.9153,44.998,42.998,36.7529,0,0,0,58.6527,26.4328,2,-5.08268
944.9,11431.1,15.0591,1.8989,2.08009,37.6931,2.50024,1393.62,0,0,839.362,492.863,43.3216,2,40.8907,45.9934,43.9934,37.6931,0,0,0,58.6513,26.4326,2,-5.10272
945,11431.5,15.4343,1.89938,2.08814,38.6328,2.55802,1393.88,0,0,847.923,499.786,44.3782,2,41.8897,46.9884,44.9884,38.6328,0,0,0,58.65,26.4325,2,-5.09868
945.1,11431.9,15.8094,1.89987,2.09638,39.572,2.61582,1394.14,0,0,862.406,502.851,45.413,2,42.8863,47.9833,45.9833,39.572,0,0,0,58.6487,26.4324,2,-5.09695
945.2,11432.4,16.1843,1.90037,2.10482,40.5106,2.67488,1394.41,0,0,870.921,509.794,46.4945,2,43.9091,48.9775,46.9775,40.5106,0,0,0,58.6474,26.4322,2,-5.06836
945.3,11432.8,16.5591,1.90088,2.11347,41.4485,2.73246,1394.68,0,0,885.433,512.556,47.5253,2,44.9032,49.971,47.971,41.4485,0,0,0,58.6461,26.4321,2,-5.06779
945.4,11433.3,16.9337,1.90141,2.12231,42.3857,2.78168,1394.96,0,0,893.879,517.289,48.4218,2,45.7557,50.964,48.964,42.3857,0,0,0,58.6448,26.4319,2,-5.20829
945.5,11433.8,17.3082,1.90194,2.13135,43.3222,2.84149,1395.24,0,0,908.443,520.271,49.4944,2,46.7893,51.9564,49.9564,43.3222,0,0,0,58.6434,26.4318,2,-5.16711
945.6,11434.3,17.6825,1.90249,2.1406,44.2579,2.90296,1395.53,0,0,916.8,527.284,50.623,2,47.8566,52.948,50.948,44.2579,0,0,0,58.6421,26.4317,2,-5.09131
945.7,11434.8,18.0567,1.90305,2.15004,45.1927,2.96381,1395.83,0,0,931.427,530.201,51.7152,2,48.9095,53.9386,51.9386,45.1927,0,0,0,58.6408,26.4315,2,-5.02903
945.8,11435.3,18.4307,1.90361,2.15969,46.1266,3.02535,1396.13,0,0,939.065,537.27,52.8344,2,49.9668,54.9286,52.9286,46.1266,0,0,0,58.6395,26.4314,2,-4.96182
945.9,11435.8,18.8045,1.90419,2.16954,47.0595,3.06461,1396.44,0,0,947.236,539.931,53.5581,2,50.6604,55.9176,53.9176,47.0595,0,0,0,58.6382,26.4312,2,-5.25729
946,11436.3,19.1781,1.90478,2.17958,47.9914,3.13753,1396.75,0,0,962.009,544.742,54.8781,2,51.9256,56.9056,54.9056,47.9914,0,0,0,58.6369,26.4311,2,-4.98001
946.1,11436.8,19.5515,1.90539,2.18983,48.9222,3.17737,1397.07,0,0,970.013,547.348,55.5993,2,52.617,57.8923,55.8923,48.9222,0,0,0,58.6355,26.431,2,-5.27537
946.2,11437.4,19.9247,1.906,2.20028,49.8519,3.25275,1397.39,0,0,984.922,552.303,56.965,2,53.9257,58.8783,56.8783,49.8519,0,0,0,58.6342,26.4308,2,-4.95265
946.3,11437.9,20.2977,1.90662,2.21093,50.7804,3.30507,1397.72,0,0,992.728,557.182,57.9237,2,54.8367,59.863,57.863,50.7804,0,0,0,58.6329,26.4307,2,-5.02636
946.4,11438.5,20.6704,1.90726,2.22178,51.7075,3.36878,1398.06,0,0,1007.8,559.686,59.0671,2,55.9412,60.8463,58.8463,51.7075,0,0,0,58.6317,26.4306,2,-4.90505
946.5,11439.1,21.043,1.9079,2.23283,52.6334,3.42158,1398.4,0,0,1015.37,564.62,60.0357,2,56.8613,61.8283,59.8283,52.6334,0,0,0,58.6304,26.4304,2,-4.96699
946.6,11439.7,21.4153,1.90856,2.24408,53.5578,3.48622,1398.75,0,0,1030.49,567.088,61.196,2,57.9824,62.8091,60.8091,53.5578,0,0,0,58.6291,26.4303,2,-4.82664
946.7,11440.3,21.7873,1.90922,2.25554,54.4807,3.54,1399.11,0,0,1038.18,571.963,62.1828,2,58.9202,63.7882,61.7882,54.4807,0,0,0,58.6279,26.4301,2,-4.86799
946.8,11440.9,22.1591,1.9099,2.26719,55.4021,3.58025,1399.46,0,0,1045.72,574.509,62.9133,2,59.6203,64.7657,62.7657,55.4021,0,0,0,58.6265,26.43,2,-5.14534
946.9,11441.5,22.5306,1.91059,2.27905,56.3218,3.64442,1399.83,0,0,1060.35,576.961,64.0657,2,60.7337,65.7417,63.7417,56.3218,0,0,0,58.6253,26.4299,2,-5.00801
947,11442.1,22.9019,1.91129,2.29111,57.2399,3.70042,1400.2,0,0,1068.46,581.664,65.0819,2,61.7009,66.7161,64.7161,57.2399,0,0,0,58.624,26.4297,2,-5.0152
947.1,11442.8,23.2728,1.912,2.30337,58.1562,3.76503,1400.57,0,0,1082.7,584.357,66.2545,2,62.8323,67.6885,65.6885,58.1562,0,0,0,58.6227,26.4296,2,-4.8562
947.2,11443.4,23.6435,1.91272,2.31583,59.0706,3.80895,1400.96,0,0,1091.14,586.795,67.0497,2,63.5962,68.6589,66.6589,59.0706,0,0,0,58.6214,26.4294,2,-5.06278
947.3,11444.1,24.0139,1.91345,2.32849,59.9832,3.87177,1401.34,0,0,1104.93,589.229,68.1785,2,64.6861,69.6277,67.6277,59.9832,0,0,0,58.6201,26.4293,2,-4.94164
947.4,11444.8,24.384,1.91419,2.34135,60.8937,3.9297,1401.74,0,0,1113.77,593.636,69.238,2,65.6969,70.5945,68.5945,60.8937,0,0,0,58.6189,26.4292,2,-4.89757
947.5,11445.5,24.7537,1.91494,2.35442,61.8022,3.99474,1402.13,0,0,1127.03,596.586,70.4106,2,66.8267,71.5589,69.5589,61.8022,0,0,0,58.6176,26.429,2,-4.73223
947.6,11446.2,25.1231,1.9157,2.36769,62.7085,4.05407,1402.54,0,0,1136.32,600.811,71.4938,2,67.8614,72.521,70.521,62.7085,0,0,0,58.6164,26.4289,2,-4.65958
947.7,11446.9,25.4922,1.91647,2.38116,63.6126,4.10037,1402.95,0,0,1143.73,603.92,72.3321,2,68.6631,73.4811,71.4811,63.6126,0,0,0,58.6152,26.4287,2,-4.81809
947.8,11447.6,25.8609,1.91725,2.39483,64.5144,4.15965,1403.37,0,0,1156.08,606.325,73.4044,2,69.6977,74.4388,72.4388,64.5144,0,0,0,58.614,26.4286,2,-4.7411
947.9,11448.3,26.2293,1.91804,2.4087,65.4138,4.21141,1403.79,0,0,1166.18,608.724,74.3385,2,70.597,75.3938,73.3938,65.4138,0,0,0,58.6127,26.4285,2,-4.79677
948,11449,26.5973,1.91884,2.42278,66.3107,4.25343,1404.21,0,0,1173.52,611.117,75.1009,2,71.3285,76.3462,74.3462,66.3107,0,0,0,58.6114,26.4283,2,-5.01772
948.1,11449.8,26.9649,1.91965,2.43706,67.205,4.31823,1404.64,0,0,1184.78,614.784,76.2765,2,72.4564,77.2962,75.2962,67.205,0,0,0,58.6102,26.4282,2,-4.83982
948.2,11450.5,27.3322,1.92047,2.45154,68.0967,4.38239,1405.08,0,0,1195.85,618.389,77.4405,2,73.5733,78.2434,76.2434,68.0967,0,0,0,58.609,26.4281,2,-4.67012
948.3,11451.3,27.699,1.9213,2.46622,68.9857,4.43646,1405.53,0,0,1206.27,620.761,78.4149,2,74.512,79.1876,77.1876,68.9857,0,0,0,58.6078,26.4279,2,-4.67557
948.4,11452.1,28.0654,1.92214,2.4811,69.8719,4.49053,1405.98,0,0,1218.09,622.244,79.3723,2,75.4394,80.1289,78.1289,69.8719,0,0,0,58.6065,26.4278,2,-4.6895
948.5,11452.8,28.4314,1.92299,2.49619,70.7551,4.50858,1406.43,0,0,1223.08,622.244,79.6972,2,75.7571,81.0674,79.0674,70.7551,0,0,0,58.6052,26.4276,2,-5.31029
948.6,11453.6,28.797,1.92385,2.51148,71.6354,4.53888,1406.88,0,0,1230.19,622.823,80.2353,2,76.2798,82.0026,80.0026,71.6354,0,0,0,58.6037,26.4275,2,-5.72283
948.7,11454.4,29.1621,1.92471,2.52697,72.5126,4.64013,1407.34,0,0,1253.85,624.749,82.0311,2,78.0242,82.9345,80.9345,72.5126,0,0,0,58.6024,26.4274,2,-4.9103
948.8,11455.3,29.5268,1.92559,2.54266,73.3866,4.65304,1407.81,0,0,1256.85,624.994,82.26,2,78.2465,83.8633,81.8633,73.3866,0,0,0,58.601,26.4272,2,-5.61676
948.9,11456.1,29.891,1.92648,2.55855,74.2574,4.77286,1408.29,0,0,1284.62,627.254,84.3811,2,80.3068,84.7887,82.7887,74.2574,0,0,0,58.5998,26.4271,2,-4.48189
949,11456.9,30.2548,1.92737,2.57465,75.1248,4.77286,1408.76,0,0,1284.62,627.254,84.3811,2,80.3068,85.7104,83.7104,75.1248,0,0,0,58.5984,26.4269,2,-5.40364
949.1,11457.8,30.6181,1.92828,2.59095,75.9888,4.86425,1409.25,0,0,1304.73,629.437,86.0004,2,81.8768,86.6284,84.6284,75.9888,0,0,0,58.5972,26.4268,3,-4.75166
949.2,11458.6,30.9808,1.92919,2.60745,76.8493,4.87793,1409.74,0,0,1307.69,629.759,86.24,2,82.109,87.543,85.543,76.8493,0,0,0,58.5958,26.4267,3,-5.434
949.3,11459.5,31.3431,1.93011,2.62415,77.7061,4.97244,1410.24,0,0,1329.31,631.519,87.9105,2,83.7314,88.4538,86.4538,77.7061,0,0,0,58.5946,26.4265,3,-4.72235
949.4,11460.4,31.7048,1.93104,2.64106,78.5593,5.01266,1410.74,0,0,1338.46,632.264,88.6203,2,84.4207,89.3605,87.3605,78.5593,0,0,0,58.5933,26.4264,3,-4.93977
949.5,11461.3,32.066,1.93198,2.65817,79.4086,5.02782,1411.24,0,0,1342.44,632.264,88.8837,2,84.6782,90.263,88.263,79.4086,0,0,0,58.5918,26.4263,3,-5.58487
949.6,11462.1,32.4267,1.93293,2.67548,80.254,5.08667,1411.75,0,0,1355.83,633.314,89.919,2,85.6837,91.1618,89.1618,80.254,0,0,0,58.5904,26.4261,3,-5.4781
949.7,11463.1,32.7868,1.93388,2.69299,81.0955,5.14887,1412.26,0,0,1369.23,634.769,91.0167,2,86.7479,92.0563,90.0563,81.0955,0,0,0,58.5891,26.426,3,-5.30845
949.8,11464,33.1464,1.93485,2.7107,81.9329,5.17758,1412.78,0,0,1375.68,635.294,91.521,2,87.2375,92.9464,90.9464,81.9329,0,0,0,58.5876,26.4258,3,-5.70884
949.9,11464.9,33.5053,1.93582,2.72862,82.7661,5.28636,1413.31,0,0,1400,637.274,93.4293,2,89.0906,93.8319,91.8319,82.7661,0,0,0,58.5864,26.4257,3,-4.74135
950,11465.8,33.8637,1.9368,2.74674,83.5951,5.28636,1413.84,0,0,1400,637.274,93.4293,2,89.0906,94.7134,92.7134,83.5951,0,0,0,58.5849,26.4256,3,-5.62279
950.1,11466.8,34.2215,1.93779,2.76506,84.4197,5.32985,1414.37,0,0,1419.89,632.955,94.1147,2,89.785,95.5901,93.5901,84.4197,0,0,0,58.5834,26.4254,3,-5.80509
950.2,11467.7,34.5787,1.93878,2.78358,85.2398,5.38572,1414.91,0,0,1434.41,632.264,94.9734,2,90.6276,96.4619,94.4619,85.2398,0,0,0,58.5819,26.4253,3,-5.83425
950.3,11468.7,34.9352,1.93979,2.8023,86.0554,5.44241,1415.45,0,0,1461.81,626.181,95.8561,2,91.5235,97.3289,95.3289,86.0554,0,0,0,58.5804,26.4252,3,-5.80538
950.4,11469.7,35.2911,1.9408,2.82122,86.8664,5.50202,1416,0,0,1487.83,621.06,96.7643,2,92.4378,98.1912,96.1912,86.8664,0,0,0,58.5789,26.425,3,-5.75341
950.5,11470.7,35.6464,1.94182,2.84035,87.6727,5.56528,1416.56,0,0,1517.92,614.736,97.7164,2,93.4002,99.0484,97.0484,87.6727,0,0,0,58.5775,26.4249,3,-5.64829
950.6,11471.7,36.001,1.94284,2.85968,88.4741,5.62451,1417.12,0,0,1558.18,604.238,98.595,2,94.3101,99.9004,97.9004,88.4741,0,0,0,58.576,26.4248,3,-5.5903
950.7,11472.7,36.355,1.94388,2.87921,89.2706,5.68646,1417.69,0,0,1578.37,601.921,99.4895,2,95.1935,100.747,98.7471,89.2706,0,0,0,58.5746,26.4246,3,-5.55361
950.8,11473.7,36.7082,1.94492,2.89894,90.0622,5.74868,1418.27,0,0,1610.86,595.574,100.466,2,96.1758,101.589,99.5888,90.0622,0,0,0,58.5732,26.4245,3,-5.41302
950.9,11474.7,37.0608,1.94596,2.91887,90.8486,5.79802,1418.85,0,0,1626.48,594.689,101.29,2,96.9827,102.425,100.425,90.8486,0,0,0,58.5718,26.4244,3,-5.44221
951,11475.7,37.4126,1.94702,2.93901,91.6298,5.86249,1419.43,0,0,1643.57,594.689,102.355,2,98.0198,103.255,101.255,91.6298,0,0,0,58.5704,26.4242,3,-5.23564
951.1,11476.8,37.7638,1.94808,2.95934,92.4058,5.92362,1420.03,0,0,1659.73,594.689,103.361,2,99.0003,104.08,102.08,92.4058,0,0,0,58.5691,26.4241,3,-5.08003
951.2,11477.8,38.1142,1.94914,2.97988,93.1764,5.97161,1420.62,0,0,1672.38,594.689,104.149,2,99.7678,104.9,102.9,93.1764,0,0,0,58.5678,26.4239,3,-5.13202
951.3,11478.9,38.4638,1.95022,3.00061,93.9416,6.01935,1421.22,0,0,1684.94,594.689,104.931,2,100.53,105.713,103.713,93.9416,0,0,0,58.5664,26.4238,3,-5.18366
951.4,11480,38.8128,1.9513,3.02155,94.7012,6.06686,1421.83,0,0,1697.4,594.689,105.707,2,101.286,106.521,104.521,94.7012,0,0,0,58.5651,26.4237,3,-5.23495
951.5,11481,39.1609,1.95238,3.04269,95.4551,6.11412,1422.44,0,0,1709.78,594.689,106.478,2,102.036,107.322,105.322,95.4551,0,0,0,58.5637,26.4235,3,-5.28588
951.6,11482.1,39.5083,1.95348,3.06403,96.2034,6.17396,1423.06,0,0,1725.4,594.689,107.451,2,102.984,108.118,106.118,96.2034,0,0,0,58.5624,26.4234,3,-5.13397
951.7,11483.2,39.8548,1.95457,3.08556,96.9458,6.2375,1423.68,0,0,1741.94,594.689,108.481,2,103.987,108.907,106.907,96.9458,0,0,0,58.5611,26.4232,3,-4.92031
951.8,11484.4,40.2006,1.95568,3.1073,97.6824,6.28406,1424.31,0,0,1754.03,594.689,109.233,2,104.72,109.69,107.69,97.6824,0,0,0,58.5598,26.4231,3,-4.97037
951.9,11485.5,40.5455,1.95678,3.12924,98.413,6.33035,1424.94,0,0,1766.01,594.689,109.98,2,105.447,110.467,108.467,98.413,0,0,0,58.5585,26.423,3,-5.02005
952,11486.6,40.8896,1.9579,3.15138,99.1375,6.37638,1425.58,0,0,1777.91,594.689,110.72,2,106.167,111.237,109.237,99.1375,0,0,0,58.5572,26.4228,3,-5.06936
952.1,11487.7,41.2329,1.95902,3.17372,99.8558,6.432,1426.23,0,0,1792.24,594.689,111.613,2,107.036,112,110,99.8558,0,0,0,58.556,26.4227,3,-4.96428
952.2,11488.9,41.5753,1.96014,3.19626,100.568,6.49842,1426.88,0,0,1809.07,594.689,112.661,2,108.057,112.757,110.757,100.568,0,0,0,58.5547,26.4226,3,-4.70057
952.3,11490.1,41.9169,1.96127,3.21899,101.274,6.54607,1427.53,0,0,1820.65,594.689,113.382,2,108.758,113.507,111.507,101.274,0,0,0,58.5535,26.4224,3,-4.74887
952.4,11491.2,42.2576,1.9624,3.24193,101.973,6.59247,1428.19,0,0,1836.66,593.215,114.096,2,109.458,114.251,112.251,101.973,0,0,0,58.5523,26.4223,3,-4.79256
952.5,11492.4,42.5974,1.96354,3.26506,102.666,6.63868,1428.85,0,0,1851.19,592.184,114.799,2,110.146,114.987,112.987,102.666,0,0,0,58.551,26.4221,3,-4.84092
952.6,11493.6,42.9362,1.96468,3.2884,103.353,6.6852,1429.52,0,0,1862.91,592.035,115.496,2,110.826,115.717,113.717,103.353,0,0,0,58.5498,26.422,3,-4.89101
952.7,11494.8,43.2742,1.96583,3.31193,104.032,6.72986,1430.19,0,0,1879.64,590.219,116.176,2,111.494,116.439,114.439,104.032,0,0,0,58.5485,26.4219,3,-4.9453
952.8,11496,43.6113,1.96698,3.33566,104.705,6.79134,1430.87,0,0,1896.21,589.679,117.093,2,112.387,117.154,115.154,104.705,0,0,0,58.5472,26.4217,3,-4.767
952.9,11497.2,43.9474,1.96813,3.35958,105.372,6.85238,1431.56,0,0,1912.61,589.145,117.999,2,113.27,117.862,115.862,105.372,0,0,0,58.5461,26.4216,3,-4.59228
953,11498.4,44.2825,1.96929,3.38371,106.031,6.89559,1432.25,0,0,1928.83,587.384,118.644,2,113.904,118.563,116.563,106.031,0,0,0,58.5449,26.4214,3,-4.65926
953.1,11499.7,44.6167,1.97045,3.40803,106.644,6.93731,1432.94,0,0,1939.49,587.174,119.257,2,114.5,119.212,117.212,106.644,0,0,0,58.5436,26.4213,3,-4.71106
953.2,11500.9,44.9496,1.97162,3.43255,107.137,6.97087,1433.64,0,0,1947.48,587.174,119.748,2,114.978,119.728,117.728,107.137,0,0,0,58.5424,26.4212,3,-4.75039
953.3,11502.2,45.2806,1.97279,3.45727,107.479,6.99361,1434.34,0,0,1952.88,587.174,120.08,2,115.301,120.077,118.077,107.479,0,0,0,58.5412,26.421,3,-4.77635
953.4,11503.4,45.6091,1.97396,3.48218,107.67,7.00551,1435.04,0,0,1955.7,587.174,120.254,2,115.469,120.258,118.258,107.67,0,0,0,58.5399,26.4209,3,-4.78893
953.5,11504.7,45.9345,1.97513,3.50728,107.71,7.00656,1435.74,0,0,1955.95,587.174,120.269,2,115.484,120.272,118.272,107.71,0,0,0,58.5387,26.4208,3,-4.78816
953.6,11506,46.2563,1.9763,3.53258,107.642,6.99981,1436.44,0,0,1954.35,587.174,120.17,2,115.388,120.166,118.166,107.642,0,0,0,58.5375,26.4206,3,-4.7778
953.7,11507.3,46.5743,1.97748,3.55807,107.539,6.99068,1437.14,0,0,1952.18,587.174,120.037,2,115.259,120.023,118.023,107.539,0,0,0,58.5362,26.4205,3,-4.76452
953.8,11508.6,46.8886,1.97866,3.58375,107.436,6.98156,1437.84,0,0,1950.02,587.174,119.904,2,115.13,119.881,117.881,107.436,0,0,0,58.535,26.4203,3,-4.75126
953.9,11509.9,47.1992,1.97984,3.60961,107.332,6.9725,1438.53,0,0,1947.87,587.174,119.772,2,115.001,119.739,117.739,107.332,0,0,0,58.5338,26.4202,3,-4.73806
954,11511.2,47.5063,1.98102,3.63566,107.228,6.96346,1439.23,0,0,1945.72,587.174,119.64,2,114.873,119.597,117.597,107.228,0,0,0,58.5326,26.4201,3,-4.72489
954.1,11512.5,47.8099,1.9822,3.66189,107.124,6.95446,1439.93,0,0,1943.58,587.174,119.508,2,114.745,119.456,117.456,107.124,0,0,0,58.5313,26.4199,3,-4.71176
954.2,11513.9,48.1101,1.98338,3.68831,107.019,6.94547,1440.62,0,0,1941.44,587.174,119.376,2,114.617,119.315,117.315,107.019,0,0,0,58.5301,26.4198,3,-4.69866
954.3,11515.2,48.4069,1.98457,3.7149,106.913,6.93649,1441.31,0,0,1939.3,587.174,119.245,2,114.489,119.174,117.174,106.913,0,0,0,58.5289,26.4196,3,-4.68557
954.4,11516.5,48.7005,1.98575,3.74168,106.807,6.92754,1442.01,0,0,1937.16,587.174,119.114,2,114.361,119.034,117.034,106.807,0,0,0,58.5277,26.4195,3,-4.6725
954.5,11517.9,48.9908,1.98693,3.76863,106.701,6.91863,1442.7,0,0,1935.04,587.174,118.983,2,114.234,118.894,116.894,106.701,0,0,0,58.5265,26.4194,3,-4.65951
954.6,11519.3,49.2779,1.98812,3.79575,106.595,6.90979,1443.39,0,0,1932.93,587.174,118.853,2,114.108,118.755,116.755,106.595,0,0,0,58.5253,26.4192,3,-4.64658
954.7,11520.6,49.562,1.9893,3.82306,106.489,6.90096,1444.08,0,0,1930.82,587.174,118.724,2,113.982,118.616,116.616,106.489,0,0,0,58.5241,26.4191,3,-4.63368
954.8,11522,49.843,1.99048,3.85053,106.382,6.89256,1444.77,0,0,1927.69,587.508,118.599,2,113.859,118.477,116.477,106.382,0,0,0,58.5229,26.4189,3,-4.61774
954.9,11523.4,50.121,1.99166,3.87817,106.275,6.88418,1445.46,0,0,1924.54,587.85,118.474,2,113.737,118.339,116.339,106.275,0,0,0,58.5217,26.4188,3,-4.60198
955,11524.8,50.3961,1.99284,3.90599,106.168,6.87583,1446.15,0,0,1921.41,588.19,118.349,2,113.614,118.201,116.201,106.168,0,0,0,58.5205,26.4187,3,-4.5865
955.1,11526.2,50.6683,1.99401,3.93397,106.061,6.8675,1446.83,0,0,1918.28,588.53,118.225,2,113.492,118.064,116.064,106.061,0,0,0,58.5194,26.4185,3,-4.5713
955.2,11527.6,50.9377,1.99519,3.96211,105.954,6.85918,1447.52,0,0,1915.16,588.869,118.1,2,113.37,117.926,115.926,105.954,0,0,0,58.5182,26.4184,3,-4.55636
955.3,11529,51.2043,1.99636,3.99043,105.846,6.8509,1448.2,0,0,1912.05,589.206,117.976,2,113.248,117.79,115.79,105.846,0,0,0,58.517,26.4183,3,-4.54172
955.4,11530.5,51.4682,1.99753,4.0189,105.739,6.84266,1448.89,0,0,1908.96,589.541,117.853,2,113.127,117.654,115.654,105.739,0,0,0,58.5158,26.4181,3,-4.52737
955.5,11531.9,51.7293,1.9987,4.04754,105.632,6.83171,1449.57,0,0,1905.88,589.679,117.69,2,112.968,117.519,115.519,105.632,0,0,0,58.5147,26.418,3,-4.55068
955.6,11533.3,51.9879,1.99986,4.07634,105.524,6.81891,1450.25,0,0,1902.82,589.679,117.501,2,112.784,117.384,115.384,105.524,0,0,0,58.5135,26.4178,3,-4.60007
955.7,11534.8,52.2438,2.00102,4.1053,105.417,6.80615,1450.93,0,0,1899.76,589.679,117.312,2,112.601,117.25,115.25,105.417,0,0,0,58.5123,26.4177,3,-4.6493
955.8,11536.2,52.4972,2.00218,4.13442,105.31,6.79345,1451.61,0,0,1896.71,589.679,117.124,2,112.418,117.116,115.116,105.31,0,0,0,58.5111,26.4176,3,-4.69834
955.9,11537.7,52.748,2.00334,4.1637,105.203,6.78079,1452.29,0,0,1893.68,589.679,116.936,2,112.235,116.982,114.982,105.203,0,0,0,58.5098,26.4174,3,-4.74721
956,11539.2,52.9964,2.00449,4.19313,105.096,6.7682,1452.97,0,0,1890.65,589.679,116.749,2,112.053,116.849,114.849,105.096,0,0,0,58.5086,26.4173,3,-4.79588
956.1,11540.6,53.2424,2.00563,4.22271,104.989,6.75563,1453.64,0,0,1887.63,589.679,116.563,2,111.872,116.716,114.716,104.989,0,0,0,58.5074,26.4171,3,-4.84445
956.2,11542.1,53.4859,2.00677,4.25245,104.882,6.74326,1454.32,0,0,1884.65,589.679,116.379,2,111.693,116.585,114.585,104.882,0,0,0,58.5061,26.417,3,-4.89228
956.3,11543.6,53.7271,2.00791,4.28234,104.776,6.73529,1454.99,0,0,1881.68,589.998,116.258,2,111.575,116.455,114.455,104.776,0,0,0,58.5048,26.4169,3,-4.88001
956.4,11545.1,53.966,2.00904,4.31238,104.669,6.72739,1455.66,0,0,1878.71,590.32,116.139,2,111.457,116.324,114.324,104.669,0,0,0,58.5036,26.4167,3,-4.86731
956.5,11546.6,54.2026,2.01017,4.34257,104.563,6.71952,1456.34,0,0,1875.76,590.64,116.019,2,111.339,116.194,114.194,104.563,0,0,0,58.5023,26.4166,3,-4.85486
956.6,11548.1,54.437,2.01129,4.37291,104.457,6.71164,1457.01,0,0,1872.81,590.961,115.899,2,111.222,116.064,114.064,104.457,0,0,0,58.5011,26.4165,3,-4.84262
956.7,11549.6,54.6691,2.0124,4.4034,104.351,6.70366,1457.68,0,0,1869.82,591.285,115.778,2,111.102,115.933,113.933,104.351,0,0,0,58.4998,26.4163,3,-4.83046
956.8,11551.2,54.8991,2.01351,4.43403,104.246,6.69578,1458.35,0,0,1866.87,591.605,115.658,2,110.984,115.803,113.803,104.246,0,0,0,58.4986,26.4162,3,-4.81864
956.9,11552.7,55.1269,2.01461,4.46481,104.14,6.68799,1459.02,0,0,1863.96,591.922,115.539,2,110.868,115.675,113.675,104.14,0,0,0,58.4973,26.416,3,-4.80714
957,11554.2,55.3525,2.01571,4.49573,104.035,6.68025,1459.68,0,0,1861.23,592.184,115.421,2,110.752,115.548,113.548,104.035,0,0,0,58.4961,26.4159,3,-4.79598
957.1,11555.8,55.5761,2.0168,4.5268,103.931,6.67239,1460.35,0,0,1859.33,592.184,115.304,2,110.638,115.423,113.423,103.931,0,0,0,58.4949,26.4158,3,-4.78515
957.2,11557.3,55.7977,2.01788,4.558,103.826,6.66462,1461.02,0,0,1857.46,592.184,115.187,2,110.525,115.299,113.299,103.826,0,0,0,58.4936,26.4156,3,-4.77442
957.3,11558.9,56.0172,2.01895,4.58935,103.722,6.65685,1461.68,0,0,1855.58,592.184,115.071,2,110.411,115.175,113.175,103.722,0,0,0,58.4924,26.4155,3,-4.7637
957.4,11560.4,56.2347,2.02002,4.62083,103.618,6.64906,1462.35,0,0,1853.7,592.184,114.954,2,110.298,115.051,113.051,103.618,0,0,0,58.4912,26.4154,3,-4.75295
957.5,11562,56.4502,2.02108,4.65245,103.515,6.64131,1463.01,0,0,1851.83,592.184,114.838,2,110.185,114.927,112.927,103.515,0,0,0,58.4899,26.4152,3,-4.74225
957.6,11563.6,56.6638,2.02213,4.68421,103.412,6.6336,1463.68,0,0,1849.96,592.184,114.722,2,110.072,114.804,112.804,103.412,0,0,0,58.4887,26.4151,3,-4.73159
957.7,11565.1,56.8755,2.02317,4.71611,103.309,6.62592,1464.34,0,0,1848.11,592.184,114.607,2,109.96,114.681,112.681,103.309,0,0,0,58.4875,26.4149,3,-4.72098
957.8,11566.7,57.0852,2.02421,4.74814,103.207,6.61829,1465,0,0,1846.26,592.184,114.493,2,109.849,114.559,112.559,103.207,0,0,0,58.4863,26.4148,3,-4.71042
957.9,11568.3,57.2931,2.02523,4.78031,103.104,6.61061,1465.66,0,0,1843.44,592.478,114.375,2,109.733,114.433,112.433,103.104,0,0,0,58.4851,26.4147,3,-4.69995
958,11569.9,57.4992,2.02625,4.8126,103.003,6.60283,1466.32,0,0,1840.53,592.794,114.255,2,109.615,114.305,112.305,103.003,0,0,0,58.4838,26.4145,3,-4.68957
958.1,11571.5,57.7035,2.02726,4.84503,102.901,6.59527,1466.98,0,0,1837.7,593.101,114.139,2,109.501,114.18,112.18,102.901,0,0,0,58.4826,26.4144,3,-4.67963
958.2,11573.1,57.9059,2.02826,4.87759,102.801,6.58793,1467.64,0,0,1834.96,593.399,114.026,2,109.389,114.06,112.06,102.801,0,0,0,58.4814,26.4142,3,-4.67011
958.3,11574.7,58.1066,2.02924,4.91028,102.7,6.58079,1468.3,0,0,1832.3,593.688,113.916,2,109.281,113.942,111.942,102.7,0,0,0,58.4802,26.4141,3,-4.66097
958.4,11576.3,58.3056,2.03022,4.9431,102.6,6.57387,1468.95,0,0,1829.71,593.969,113.809,2,109.176,113.828,111.828,102.6,0,0,0,58.479,26.414,3,-4.6522
958.5,11578,58.5028,2.03119,4.97604,102.5,6.56714,1469.61,0,0,1827.2,594.241,113.705,2,109.074,113.718,111.718,102.5,0,0,0,58.4778,26.4138,3,-4.64379
958.6,11579.6,58.6984,2.03215,5.00911,102.401,6.55989,1470.27,0,0,1824.5,594.534,113.593,2,108.964,113.599,111.599,102.401,0,0,0,58.4766,26.4137,3,-4.63504
958.7,11581.2,58.8922,2.03309,5.04231,102.302,6.55205,1470.92,0,0,1822.1,594.689,113.473,2,108.846,113.472,111.472,102.302,0,0,0,58.4754,26.4136,3,-4.62531
958.8,11582.9,59.0844,2.03403,5.07563,102.203,6.54426,1471.58,0,0,1820.21,594.689,113.355,2,108.732,113.347,111.347,102.203,0,0,0,58.4742,26.4134,3,-4.61511
958.9,11584.5,59.275,2.03495,5.10908,102.105,6.53662,1472.23,0,0,1818.36,594.689,113.24,2,108.62,113.225,111.225,102.105,0,0,0,58.4731,26.4133,3,-4.60507
959,11586.1,59.464,2.03586,5.14264,102.007,6.52914,1472.88,0,0,1816.54,594.689,113.126,2,108.509,113.105,111.105,102.007,0,0,0,58.4719,26.4131,3,-4.59519
959.1,11587.8,59.6513,2.03676,5.17633,101.91,6.5218,1473.54,0,0,1814.76,594.689,113.015,2,108.401,112.987,110.987,101.91,0,0,0,58.4707,26.413,3,-4.58546
959.2,11589.5,59.8371,2.03765,5.21014,101.813,6.51459,1474.19,0,0,1813.01,594.689,112.906,2,108.295,112.871,110.871,101.813,0,0,0,58.4695,26.4129,3,-4.57589
959.3,11591.1,60.0214,2.03853,5.24407,101.717,6.50747,1474.84,0,0,1811.27,594.689,112.798,2,108.19,112.757,110.757,101.717,0,0,0,58.4683,26.4127,3,-4.56639
959.4,11592.8,60.2041,2.03939,5.27811,101.621,6.50027,1475.49,0,0,1809.52,594.689,112.689,2,108.084,112.641,110.641,101.621,0,0,0,58.4671,26.4126,3,-4.55683
959.5,11594.5,60.3853,2.04024,5.31228,101.525,6.49321,1476.14,0,0,1807.8,594.689,112.582,2,107.98,112.527,110.527,101.525,0,0,0,58.466,26.4124,3,-4.5474
959.6,11596.1,60.5649,2.04108,5.34656,101.43,6.48303,1476.79,0,0,1805.32,594.689,112.428,2,107.829,112.415,110.415,101.43,0,0,0,58.4648,26.4123,3,-4.58597
959.7,11597.8,60.7432,2.0419,5.38095,101.336,6.47324,1477.43,0,0,1802.83,594.689,112.273,2,107.679,112.306,110.306,101.336,0,0,0,58.4636,26.4122,3,-4.62709
959.8,11599.5,60.9199,2.04271,5.41547,101.241,6.46371,1478.08,0,0,1800.39,594.689,112.12,2,107.53,112.198,110.198,101.241,0,0,0,58.4624,26.412,3,-4.66744
959.9,11601.2,61.0952,2.04351,5.45009,101.148,6.45436,1478.72,0,0,1797.99,594.689,111.971,2,107.385,112.092,110.092,101.148,0,0,0,58.4612,26.4119,3,-4.70703
960,11602.9,61.2691,2.04429,5.48482,101.054,6.44518,1479.37,0,0,1795.63,594.689,111.824,2,107.242,111.987,109.987,101.054,0,0,0,58.4599,26.4118,3,-4.74588
960.1,11604.6,61.4416,2.04506,5.51967,100.961,6.43579,1480.01,0,0,1793.21,594.689,111.674,2,107.095,111.881,109.881,100.961,0,0,0,58.4587,26.4116,3,-4.78561
960.2,11606.3,61.6126,2.04582,5.55463,100.869,6.4258,1480.66,0,0,1790.64,594.689,111.513,2,106.939,111.768,109.768,100.869,0,0,0,58.4575,26.4115,3,-4.8281
960.3,11608,61.7823,2.04655,5.5897,100.777,6.4155,1481.3,0,0,1787.99,594.689,111.348,2,106.779,111.651,109.651,100.777,0,0,0,58.4562,26.4113,3,-4.87193
960.4,11609.8,61.9507,2.04728,5.62488,100.685,6.40541,1481.94,0,0,1785.39,594.689,111.186,2,106.621,111.536,109.536,100.685,0,0,0,58.4549,26.4112,3,-4.91485
960.5,11611.5,62.1177,2.04799,5.66016,100.594,6.39782,1482.58,0,0,1783.43,594.689,111.065,2,106.503,111.424,109.424,100.594,0,0,0,58.4537,26.4111,3,-4.92103
960.6,11613.2,62.2833,2.04868,5.69555,100.503,6.39136,1483.22,0,0,1781.77,594.689,110.961,2,106.402,111.313,109.313,100.503,0,0,0,58.4524,26.4109,3,-4.9117
960.7,11614.9,62.4477,2.04936,5.73105,100.413,6.38502,1483.86,0,0,1780.14,594.689,110.859,2,106.303,111.205,109.205,100.413,0,0,0,58.4511,26.4108,3,-4.90252
960.8,11616.7,62.6107,2.05002,5.76665,100.323,6.37882,1484.49,0,0,1778.53,594.689,110.759,2,106.206,111.099,109.099,100.323,0,0,0,58.4499,26.4107,3,-4.89348
960.9,11618.4,62.7725,2.05067,5.80235,100.234,6.37273,1485.13,0,0,1776.96,594.689,110.662,2,106.11,110.995,108.995,100.234,0,0,0,58.4486,26.4105,3,-4.88457
961,11620.2,62.933,2.0513,5.83816,100.144,6.36654,1485.77,0,0,1775.37,594.689,110.562,2,106.014,110.889,108.889,100.144,0,0,0,58.4473,26.4104,3,-4.87556
961.1,11621.9,63.0922,2.05191,5.87407,100.056,6.36041,1486.4,0,0,1773.78,594.689,110.464,2,105.917,110.784,108.784,100.056,0,0,0,58.4461,26.4102,3,-4.86661
961.2,11623.7,63.2502,2.0525,5.91008,99.9677,6.35432,1487.04,0,0,1772.21,594.689,110.366,2,105.822,110.68,108.68,99.9677,0,0,0,58.4448,26.4101,3,-4.85772
961.3,11625.4,63.407,2.05308,5.94619,99.8799,6.34829,1487.67,0,0,1770.65,594.689,110.269,2,105.728,110.577,108.577,99.8799,0,0,0,58.4436,26.41,3,-4.84889
961.4,11627.2,63.5625,2.05364,5.98241,99.7926,6.3423,1488.31,0,0,1769.1,594.689,110.172,2,105.634,110.474,108.474,99.7926,0,0,0,58.4423,26.4098,3,-4.84011
961.5,11629,63.7169,2.05419,6.01871,99.7057,6.33636,1488.94,0,0,1767.57,594.689,110.077,2,105.541,110.372,108.372,99.7057,0,0,0,58.4411,26.4097,3,-4.83139
961.6,11630.7,63.87,2.05471,6.05512,99.6191,6.33047,1489.57,0,0,1766.05,594.689,109.982,2,105.448,110.271,108.271,99.6191,0,0,0,58.4398,26.4096,3,-4.82272
961.7,11632.5,64.022,2.05522,6.09162,99.533,6.32462,1490.21,0,0,1764.53,594.689,109.887,2,105.357,110.171,108.171,99.533,0,0,0,58.4386,26.4094,3,-4.81411
961.8,11634.3,64.1728,2.05571,6.12822,99.4473,6.31882,1490.84,0,0,1763.03,594.689,109.794,2,105.266,110.071,108.071,99.4473,0,0,0,58.4373,26.4093,3,-4.80554
961.9,11636.1,64.3225,2.05618,6.16491,99.362,6.31294,1491.47,0,0,1761.51,594.689,109.699,2,105.173,109.97,107.97,99.362,0,0,0,58.4361,26.4091,3,-4.7969
962,11637.9,64.4711,2.05663,6.2017,99.2771,6.30708,1492.1,0,0,1759.99,594.689,109.605,2,105.081,109.87,107.87,99.2771,0,0,0,58.4349,26.409,3,-4.78829
962.1,11639.7,64.6185,2.05706,6.23857,99.1926,6.30126,1492.73,0,0,1758.48,594.689,109.511,2,104.99,109.77,107.77,99.1926,0,0,0,58.4336,26.4089,3,-4.77971
962.2,11641.5,64.7648,2.05748,6.27554,99.1084,6.29545,1493.36,0,0,1756.98,594.689,109.417,2,104.899,109.67,107.67,99.1084,0,0,0,58.4324,26.4087,3,-4.77116
962.3,11643.3,64.91,2.05787,6.3126,99.0247,6.28963,1493.99,0,0,1755.47,594.689,109.323,2,104.807,109.57,107.57,99.0247,0,0,0,58.4312,26.4086,3,-4.76259
962.4,11645.1,65.0541,2.05824,6.34975,98.9413,6.28387,1494.62,0,0,1753.98,594.689,109.23,2,104.717,109.471,107.471,98.9413,0,0,0,58.4299,26.4085,3,-4.75409
962.5,11646.9,65.1971,2.0586,6.38699,98.8583,6.27819,1495.25,0,0,1752.5,594.689,109.138,2,104.627,109.373,107.373,98.8583,0,0,0,58.4287,26.4083,3,-4.74569
962.6,11648.7,65.3391,2.05893,6.42431,98.7757,6.27259,1495.87,0,0,1751.05,594.689,109.048,2,104.539,109.277,107.277,98.7757,0,0,0,58.4275,26.4082,3,-4.73738
962.7,11650.5,65.48,2.05924,6.46173,98.6934,6.26708,1496.5,0,0,1749.62,594.689,108.959,2,104.453,109.182,107.182,98.6934,0,0,0,58.4263,26.408,3,-4.72917
962.8,11652.3,65.6199,2.05954,6.49922,98.6115,6.26159,1497.13,0,0,1748.2,594.689,108.87,2,104.366,109.087,107.087,98.6115,0,0,0,58.425,26.4079,3,-4.72099
962.9,11654.1,65.7587,2.05981,6.53681,98.53,6.25609,1497.75,0,0,1746.77,594.689,108.781,2,104.28,108.993,106.993,98.53,0,0,0,58.4238,26.4078,3,-4.71279
963,11656,65.8965,2.06006,6.57447,98.4488,6.25061,1498.38,0,0,1745.35,594.689,108.693,2,104.193,108.898,106.898,98.4488,0,0,0,58.4226,26.4076,3,-4.70462
963.1,11657.8,66.0333,2.06029,6.61222,98.3679,6.24515,1499,0,0,1743.93,594.689,108.604,2,104.107,108.804,106.804,98.3679,0,0,0,58.4214,26.4075,3,-4.69648
963.2,11659.6,66.1691,2.06049,6.65005,98.2874,6.23971,1499.62,0,0,1742.52,594.689,108.516,2,104.022,108.71,106.71,98.2874,0,0,0,58.4202,26.4074,3,-4.68837
963.3,11661.5,66.3039,2.06068,6.68797,98.2073,6.23429,1500.25,0,0,1741.11,594.689,108.429,2,103.936,108.617,106.617,98.2073,0,0,0,58.419,26.4072,3,-4.68028
963.4,11663.3,66.4377,2.06084,6.72596,98.1274,6.2289,1500.87,0,0,1739.71,594.689,108.341,2,103.851,108.524,106.524,98.1274,0,0,0,58.4178,26.4071,3,-4.67222
963.5,11665.2,66.5706,2.06098,6.76403,98.0479,6.22323,1501.49,0,0,1738.23,594.689,108.25,2,103.762,108.431,106.431,98.0479,0,0,0,58.4166,26.4069,3,-4.66885
963.6,11667,66.7025,2.0611,6.80218,97.9687,6.2152,1502.11,0,0,1736.14,594.689,108.119,2,103.635,108.338,106.338,97.9687,0,0,0,58.4153,26.4068,3,-4.70305
963.7,11668.9,66.8334,2.0612,6.84041,97.8899,6.2072,1502.74,0,0,1734.06,594.689,107.99,2,103.509,108.246,106.246,97.8899,0,0,0,58.4141,26.4067,3,-4.7371
963.8,11670.7,66.9634,2.06127,6.87871,97.8113,6.19925,1503.36,0,0,1731.99,594.689,107.861,2,103.384,108.154,106.154,97.8113,0,0,0,58.4129,26.4065,3,-4.77098
963.9,11672.6,67.0924,2.06132,6.91709,97.7331,6.19139,1503.97,0,0,1729.95,594.689,107.734,2,103.259,108.064,106.064,97.7331,0,0,0,58.4116,26.4064,3,-4.80441
964,11674.5,67.2206,2.06135,6.95555,97.6551,6.18357,1504.59,0,0,1727.91,594.689,107.607,2,103.136,107.974,105.974,97.6551,0,0,0,58.4104,26.4063,3,-4.83769
964.1,11676.3,67.3478,2.06135,6.99407,97.5774,6.17578,1505.21,0,0,1725.88,594.689,107.48,2,103.013,107.884,105.884,97.5774,0,0,0,58.4091,26.4061,3,-4.87084
964.2,11678.2,67.4741,2.06133,7.03267,97.5,6.16802,1505.83,0,0,1723.85,594.689,107.354,2,102.89,107.794,105.794,97.5,0,0,0,58.4079,26.406,3,-4.90385
964.3,11680.1,67.5995,2.06129,7.07134,97.4229,6.16028,1506.44,0,0,1721.84,594.689,107.228,2,102.768,107.704,105.704,97.4229,0,0,0,58.4066,26.4058,3,-4.93672
964.4,11682,67.724,2.06122,7.11008,97.3461,6.15258,1507.06,0,0,1719.83,594.689,107.103,2,102.646,107.615,105.615,97.3461,0,0,0,58.4053,26.4057,3,-4.96946
964.5,11683.8,67.8477,2.06112,7.14889,97.2696,6.14491,1507.67,0,0,1717.82,594.689,106.979,2,102.524,107.526,105.526,97.2696,0,0,0,58.404,26.4056,3,-5.00208
964.6,11685.7,67.9705,2.06101,7.18777,97.1933,6.13726,1508.29,0,0,1715.83,594.689,106.854,2,102.403,107.438,105.438,97.1933,0,0,0,58.4027,26.4054,3,-5.03456
964.7,11687.6,68.0924,2.06086,7.22672,97.1172,6.13162,1508.9,0,0,1714.35,594.689,106.762,2,102.314,107.349,105.349,97.1172,0,0,0,58.4014,26.4053,3,-5.03561
964.8,11689.5,68.2134,2.06069,7.26573,97.0414,6.12656,1509.51,0,0,1713.03,594.689,106.68,2,102.234,107.261,105.261,97.0414,0,0,0,58.4001,26.4052,3,-5.02776
964.9,11691.4,68.3337,2.0605,7.30481,96.9659,6.12153,1510.12,0,0,1711.71,594.689,106.598,2,102.154,107.174,105.174,96.9659,0,0,0,58.3988,26.405,3,-5.01994
965,11693.3,68.453,2.06028,7.34396,96.8906,6.1166,1510.74,0,0,1710.42,594.689,106.518,2,102.076,107.088,105.088,96.8906,0,0,0,58.3975,26.4049,3,-5.01224
965.1,11695.2,68.5716,2.06004,7.38316,96.8155,6.11168,1511.35,0,0,1709.14,594.689,106.438,2,101.998,107.002,105.002,96.8155,0,0,0,58.3962,26.4048,3,-5.00456
965.2,11697.1,68.6893,2.05977,7.42243,96.7407,6.10678,1511.96,0,0,1707.86,594.689,106.358,2,101.92,106.917,104.917,96.7407,0,0,0,58.3949,26.4046,3,-4.9969
965.3,11699,68.8062,2.05947,7.46176,96.666,6.1019,1512.57,0,0,1706.58,594.689,106.278,2,101.842,106.832,104.832,96.666,0,0,0,58.3937,26.4045,3,-4.98925
965.4,11700.9,68.9223,2.05915,7.50116,96.5916,6.09702,1513.18,0,0,1705.31,594.689,106.199,2,101.765,106.747,104.747,96.5916,0,0,0,58.3924,26.4044,3,-4.98163
965.5,11702.9,69.0376,2.0588,7.54061,96.5174,6.09217,1513.79,0,0,1704.03,594.689,106.12,2,101.688,106.662,104.662,96.5174,0,0,0,58.3911,26.4042,3,-4.97402
965.6,11704.8,69.1521,2.05842,7.58012,96.4434,6.08732,1514.4,0,0,1702.77,594.689,106.041,2,101.611,106.577,104.577,96.4434,0,0,0,58.3898,26.4041,3,-4.96644
965.7,11706.7,69.2658,2.05802,7.61969,96.3696,6.08249,1515,0,0,1701.5,594.689,105.962,2,101.534,106.493,104.493,96.3696,0,0,0,58.3885,26.4039,3,-4.95887
965.8,11708.6,69.3788,2.05759,7.65931,96.296,6.07767,1515.61,0,0,1700.24,594.689,105.883,2,101.458,106.409,104.409,96.296,0,0,0,58.3872,26.4038,3,-4.95131
965.9,11710.6,69.491,2.05714,7.699,96.2225,6.07286,1516.22,0,0,1698.98,594.689,105.805,2,101.381,106.325,104.325,96.2225,0,0,0,58.386,26.4037,3,-4.94377
966,11712.5,69.6024,2.05665,7.73873,96.1493,6.06807,1516.83,0,0,1697.72,594.689,105.727,2,101.305,106.241,104.241,96.1493,0,0,0,58.3847,26.4035,3,-4.93625
966.1,11714.4,69.7131,2.05614,7.77852,96.0762,6.06328,1517.43,0,0,1696.47,594.689,105.649,2,101.229,106.158,104.158,96.0762,0,0,0,58.3834,26.4034,3,-4.92874
966.2,11716.4,69.823,2.0556,7.81837,96.0033,6.05854,1518.04,0,0,1695.22,594.689,105.571,2,101.154,106.075,104.075,96.0033,0,0,0,58.3821,26.4033,3,-4.92128
966.3,11718.3,69.9321,2.05503,7.85826,95.9305,6.05381,1518.64,0,0,1693.98,594.689,105.494,2,101.078,105.992,103.992,95.9305,0,0,0,58.3809,26.4031,3,-4.91384
966.4,11720.2,70.0406,2.05444,7.89821,95.8579,6.04909,1519.25,0,0,1692.75,594.689,105.417,2,101.003,105.91,103.91,95.8579,0,0,0,58.3796,26.403,3,-4.90642
966.5,11722.2,70.1483,2.05381,7.9382,95.7854,6.04439,1519.85,0,0,1691.51,594.689,105.34,2,100.928,105.827,103.827,95.7854,0,0,0,58.3783,26.4029,3,-4.89901
966.6,11724.1,70.2553,2.05316,7.97824,95.713,6.03969,1520.46,0,0,1690.28,594.689,105.263,2,100.854,105.745,103.745,95.713,0,0,0,58.3771,26.4027,3,-4.89161
966.7,11726.1,70.3616,2.05248,8.01834,97.1254,6.12811,1521.07,0,0,1713.44,594.689,106.705,2,102.258,107.247,105.247,97.1254,0,0,0,58.3758,26.4026,3,-4.98903
966.8,11728.1,70.4751,2.05177,8.05848,100.07,6.28652,1521.7,0,0,1754.66,594.689,109.273,2,104.758,110.385,108.385,100.07,0,0,0,58.3743,26.4024,3,-5.62642
966.9,11730,70.596,2.05103,8.09867,103.093,6.44656,1522.34,0,0,1795.98,594.689,111.846,2,107.263,113.617,111.617,103.093,0,0,0,58.3727,26.4023,3,-6.35402
967,11732,70.7245,2.05026,8.13892,106.017,6.61263,1523,0,0,1844.2,592.397,114.406,2,109.763,116.745,114.745,106.017,0,0,0,58.3709,26.4022,3,-6.98165
967.1,11733.9,70.8597,2.04946,8.17923,108.564,6.78304,1523.68,0,0,1894.22,589.679,116.97,2,112.268,119.47,117.47,108.564,0,0,0,58.369,26.4021,3,-7.20217
967.2,11735.9,71.0004,2.04863,8.2196,109.078,6.95611,1524.38,0,0,1943.97,587.174,119.532,2,114.768,120.016,118.016,109.078,0,0,0,58.3677,26.4019,3,-5.24767
967.3,11737.9,71.1369,2.04777,8.26004,107.282,6.88428,1525.07,0,0,1924.58,587.846,118.475,2,113.738,118.082,116.082,107.282,0,0,0,58.3665,26.4018,3,-4.34402
967.4,11739.9,71.2665,2.04688,8.30053,104.425,6.66006,1525.73,0,0,1856.36,592.184,115.119,2,110.458,115.014,113.014,104.425,0,0,0,58.3654,26.4017,3,-4.55602
967.5,11741.8,71.3865,2.04596,8.34107,101.14,6.41463,1526.37,0,0,1787.77,594.689,111.334,2,106.765,111.488,109.488,101.14,0,0,0,58.3641,26.4015,3,-4.72271
967.6,11743.8,71.4976,2.04501,8.38167,97.5832,6.16495,1526.99,0,0,1723.05,594.689,107.304,2,102.841,107.684,105.684,97.5832,0,0,0,58.3629,26.4014,3,-4.8429
967.7,11745.8,71.5976,2.04403,8.4223,93.38,5.88731,1527.58,0,0,1650.14,594.689,102.764,2,98.4183,103.193,101.193,93.38,0,0,0,58.3617,26.4012,3,-4.77425
967.8,11747.8,71.6856,2.04302,8.46297,89.3356,5.5792,1528.14,0,0,1528.61,611.754,97.9267,2,93.6207,98.8855,96.8855,89.3356,0,0,0,58.3603,26.4011,3,-5.26479
967.9,11749.8,71.7636,2.04198,8.50366,86.2114,5.34959,1528.67,0,0,1426.2,632.264,94.4293,2,90.0962,95.5572,93.5572,86.2114,0,0,0,58.3589,26.401,3,-5.46098
968,11751.8,71.8344,2.0409,8.54438,83.5361,5.19238,1529.19,0,0,1379,635.564,91.7808,2,87.4899,92.6715,90.6715,83.5361,0,0,0,58.3576,26.4008,3,-5.18166
968.1,11753.8,71.8978,2.0398,8.58511,81.2443,5.03754,1529.7,0,0,1344.99,632.264,89.0525,2,84.8431,90.2023,88.2023,81.2443,0,0,0,58.3562,26.4007,3,-5.35919
968.2,11755.8,71.9561,2.03866,8.62585,79.4871,5.00699,1530.2,0,0,1337.18,632.16,88.5205,2,84.3238,88.3109,86.3109,79.4871,0,0,0,58.3551,26.4006,3,-3.98711
968.3,11757.8,72.0098,2.0375,8.6666,77.5278,4.86096,1530.68,0,0,1304.01,629.36,85.9428,2,81.8208,86.193,84.193,77.5278,0,0,0,58.354,26.4004,3,-4.37218
968.4,11759.8,72.0574,2.0363,8.70736,75.4105,4.71212,1531.15,0,0,1270.57,626.111,83.3063,2,79.2628,83.8957,81.8957,75.4105,0,0,0,58.3528,26.4003,2,-4.63294
968.5,11761.8,72.0997,2.03507,8.74812,73.2002,4.52763,1531.61,0,0,1227.55,622.608,80.0355,2,76.0858,81.4974,79.4974,73.2002,0,0,0,58.3514,26.4002,2,-5.4116
968.6,11763.8,72.1355,2.03382,8.78887,70.7831,4.44498,1532.05,0,0,1208.06,621.051,78.5675,2,74.6595,78.8752,76.8752,70.7831,0,0,0,58.3503,26.4,2,-4.21567
968.7,11765.8,72.1649,2.03253,8.82962,68.8746,4.31354,1532.48,0,0,1183.97,614.52,76.1914,2,72.3748,76.8094,74.8094,68.8746,0,0,0,58.3492,26.3999,2,-4.4346
968.8,11767.8,72.1906,2.03121,8.87036,67.86,4.24475,1532.91,0,0,1172.01,610.624,74.9434,2,71.1773,75.7112,73.7112,67.86,0,0,0,58.348,26.3997,2,-4.53388
968.9,11769.8,72.2146,2.02986,8.91108,66.7767,4.1933,1533.33,0,0,1163,607.69,74.0099,2,70.2817,74.5388,72.5388,66.7767,0,0,0,58.3469,26.3996,2,-4.25707
969,11771.8,72.2344,2.02848,8.95179,65.4313,4.10253,1533.74,0,0,1144.11,604.044,72.3711,2,68.7004,73.0826,71.0826,65.4313,0,0,0,58.3458,26.3995,2,-4.38212
969.1,11773.8,72.2513,2.02707,8.99249,64.4822,4.05326,1534.14,0,0,1136.22,600.742,71.479,2,67.8473,72.0553,70.0553,64.4822,0,0,0,58.3447,26.3993,2,-4.20799
969.2,11775.8,72.2662,2.02562,9.03316,63.8367,4.0124,1534.54,0,0,1130.85,597.249,70.7278,2,67.133,71.3567,69.3567,63.8367,0,0,0,58.3436,26.3992,2,-4.22366
969.3,11777.8,72.2797,2.02415,9.07381,62.9836,3.94807,1534.94,0,0,1116.76,594.912,69.5729,2,66.0171,70.4338,68.4338,62.9836,0,0,0,58.3425,26.3991,2,-4.41667
969.4,11779.8,72.2902,2.02265,9.11444,62.0779,3.89066,1535.33,0,0,1108.56,590.244,68.5203,2,65.0146,69.4561,67.4561,62.0779,0,0,0,58.3413,26.3989,2,-4.44157
969.5,11781.9,72.299,2.02111,9.15504,61.7183,3.86527,1535.71,0,0,1103.48,588.993,68.0619,2,64.5734,69.068,67.068,61.7183,0,0,0,58.3401,26.3988,2,-4.49461
969.6,11783.9,72.3076,2.01955,9.19562,61.7132,3.86503,1536.1,0,0,1103.43,588.984,68.0575,2,64.5692,69.0626,67.0626,61.7132,0,0,0,58.339,26.3986,2,-4.49337
969.7,11785.9,72.3164,2.01795,9.23617,61.4726,3.84725,1536.48,0,0,1099.46,588.338,67.7384,2,64.2608,68.8029,66.8029,61.4726,0,0,0,58.3378,26.3985,2,-4.5421
969.8,11787.9,72.3238,2.01633,9.27669,60.8614,3.80719,1536.86,0,0,1090.82,586.69,67.0178,2,63.5655,68.1432,66.1432,60.8614,0,0,0,58.3366,26.3984,2,-4.57771
969.9,11789.9,72.3295,2.01467,9.31718,59.7991,3.7504,1537.24,0,0,1079.4,583.82,65.9918,2,62.5785,66.9965,64.9965,59.7991,0,0,0,58.3355,26.3982,2,-4.41799
970,11791.9,72.3314,2.01298,9.35764,57.9555,3.6275,1537.6,0,0,1056.48,576.331,63.7621,2,60.4403,65.0063,63.0063,57.9555,0,0,0,58.3343,26.3981,2,-4.56606
970.1,11793.9,72.3275,2.01126,9.39807,55.6448,3.49706,1537.95,0,0,1032.13,568.022,61.3944,2,58.1713,62.512,60.512,55.6448,0,0,0,58.3332,26.398,2,-4.34079
970.2,11795.9,72.3175,2.00951,9.43846,53.3597,3.3497,1538.29,0,0,1003.34,558.91,58.7245,2,55.6104,60.0518,58.0518,53.3597,0,0,0,58.332,26.3978,2,-4.44146
970.3,11797.9,72.3019,2.00773,9.4788,51.6562,3.2417,1538.61,0,0,982.838,551.525,56.7644,2,53.7337,58.2186,56.2186,51.6562,0,0,0,58.3309,26.3977,2,-4.48485
970.4,11799.9,72.2832,2.00592,9.5191,50.7143,3.16856,1538.93,0,0,968.246,546.773,55.4398,2,52.464,57.2049,55.2049,50.7143,0,0,0,58.3297,26.3975,2,-4.74092
970.5,11801.9,72.263,2.00408,9.55935,50.4384,3.15724,1539.24,0,0,965.975,546.033,55.2349,2,52.2676,56.9078,54.9078,50.4384,0,0,0,58.3285,26.3974,2,-4.64021
970.6,11803.9,72.2431,2.00221,9.59956,50.2398,3.14913,1539.56,0,0,964.343,545.502,55.0879,2,52.1267,56.6938,54.6938,50.2398,0,0,0,58.3273,26.3973,2,-4.56711
970.7,11806,72.2221,2.00031,9.63971,49.7914,3.12631,1539.87,0,0,959.747,544.005,54.6749,2,51.7309,56.2112,54.2112,49.7914,0,0,0,58.3261,26.3971,2,-4.4803
970.8,11808,72.2001,1.99838,9.67982,49.166,3.0753,1540.18,0,0,949.412,540.64,53.7516,2,50.8458,55.538,53.538,49.166,0,0,0,58.3249,26.397,2,-4.69214
970.9,11810,72.1761,1.99643,9.71987,48.2667,3.03146,1540.48,0,0,940.347,537.687,52.9476,2,50.0753,54.5699,52.5699,48.2667,0,0,0,58.3237,26.3969,2,-4.49463
971,11812,72.1497,1.99444,9.75987,47.2632,2.9689,1540.78,0,0,932.048,530.808,51.8089,2,48.998,53.49,51.49,47.2632,0,0,0,58.3226,26.3967,2,-4.49198
971.1,11814,72.1207,1.99242,9.79981,46.8553,2.9419,1541.07,0,0,926.617,528.882,51.3202,2,48.5301,53.0522,51.0522,46.8553,0,0,0,58.3214,26.3966,2,-4.52209
971.2,11816,72.0926,1.99037,9.8397,47.4714,2.98324,1541.37,0,0,933.797,532.516,52.0731,2,49.2474,53.7132,51.7132,47.4714,0,0,0,58.3203,26.3964,2,-4.46582
971.3,11818,72.0671,1.98829,9.87953,48.4483,3.03887,1541.68,0,0,941.901,538.194,53.0851,2,50.207,54.7642,52.7642,48.4483,0,0,0,58.3191,26.3963,2,-4.55712
971.4,11820,72.0444,1.98618,9.91931,50.0351,3.14122,1541.99,0,0,962.751,544.984,54.9448,2,51.9895,56.4715,54.4715,50.0351,0,0,0,58.3179,26.3962,2,-4.482
971.5,11822,72.0276,1.98404,9.95903,51.8947,3.25915,1542.32,0,0,985.86,552.915,57.0824,2,54.0372,58.4723,56.4723,51.8947,0,0,0,58.3168,26.396,2,-4.4351
971.6,11824,72.0148,1.98188,9.9987,52.8792,3.31777,1542.65,0,0,995.751,557.674,58.1514,2,55.0567,59.5316,57.5316,52.8792,0,0,0,58.3156,26.3959,2,-4.47492
971.7,11826,72.0034,1.97968,10.0383,53.2828,3.34601,1542.98,0,0,1002.47,558.768,58.6583,2,55.5464,59.9658,57.9658,53.2828,0,0,0,58.3145,26.3958,2,-4.41937
971.8,11828,71.993,1.97745,10.0779,53.5526,3.36498,1543.32,0,0,1006.96,559.5,58.9986,2,55.8753,60.256,58.256,53.5526,0,0,0,58.3134,26.3956,2,-4.38071
971.9,11830,71.9832,1.97519,10.1174,53.3035,3.34769,1543.65,0,0,1002.86,558.832,58.6884,2,55.5755,59.9879,57.9879,53.3035,0,0,0,58.3122,26.3955,2,-4.41236
972,11832,71.9717,1.97291,10.1569,52.9,3.31967,1543.99,0,0,996.205,557.748,58.1856,2,55.0898,59.5535,57.5535,52.9,0,0,0,58.3111,26.3953,2,-4.46374
972.1,11834,71.96,1.97059,10.1963,52.9823,3.32552,1544.32,0,0,997.598,557.975,58.2906,2,55.1912,59.642,57.642,52.9823,0,0,0,58.3099,26.3952,2,-4.45081
972.2,11836,71.9492,1.96824,10.2357,53.2255,3.34259,1544.65,0,0,1001.65,558.636,58.5969,2,55.4872,59.9036,57.9036,53.2255,0,0,0,58.3088,26.3951,2,-4.41642
972.3,11838,71.939,1.96587,10.275,53.7217,3.37574,1544.99,0,0,1008.8,560.338,59.1947,2,56.0624,60.4374,58.4374,53.7217,0,0,0,58.3076,26.3949,2,-4.375
972.4,11840,71.931,1.96346,10.3142,54.1551,3.40083,1545.33,0,0,1012.4,562.686,59.655,2,56.4997,60.9037,58.9037,54.1551,0,0,0,58.3065,26.3948,2,-4.40405
972.5,11842,71.9233,1.96102,10.3534,54.3549,3.41248,1545.67,0,0,1014.07,563.773,59.8688,2,56.7027,61.1186,59.1186,54.3549,0,0,0,58.3054,26.3947,2,-4.41591
972.6,11844,71.9166,1.95856,10.3926,54.1916,3.40313,1546.01,0,0,1012.73,562.901,59.6973,2,56.5398,60.9428,58.9428,54.1916,0,0,0,58.3042,26.3945,2,-4.40301
972.7,11846,71.9083,1.95606,10.4317,53.4371,3.35796,1546.35,0,0,1005.3,559.229,58.8726,2,55.7535,60.1308,58.1308,53.4371,0,0,0,58.3031,26.3944,2,-4.37733
972.8,11848,71.8979,1.95354,10.4707,52.5461,3.29732,1546.68,0,0,991.436,556.546,57.7822,2,54.7018,59.1719,57.1719,52.5461,0,0,0,58.3019,26.3943,2,-4.47012
972.9,11850,71.8851,1.95098,10.5097,52.1772,3.27647,1547,0,0,988.394,554.565,57.3999,2,54.3387,58.7749,56.7749,52.1772,0,0,0,58.3008,26.3941,2,-4.43613
973,11852,71.873,1.9484,10.5486,52.4972,3.29473,1547.33,0,0,991.058,556.3,57.7347,2,54.6567,59.119,57.119,52.4972,0,0,0,58.2996,26.394,2,-4.46238
973.1,11854,71.8621,1.94578,10.5875,53.1055,3.33527,1547.67,0,0,999.914,558.352,58.4655,2,55.3602,59.7735,57.7735,53.1055,0,0,0,58.2985,26.3938,2,-4.41334
973.2,11856,71.8535,1.94314,10.6263,53.6292,3.37128,1548,0,0,1008.16,559.921,59.113,2,55.9848,60.337,58.337,53.6292,0,0,0,58.2974,26.3937,2,-4.35224
973.3,11857.9,71.8456,1.94047,10.6651,54.1674,3.40241,1548.34,0,0,1012.63,562.833,59.684,2,56.5272,60.9161,58.9161,54.1674,0,0,0,58.2962,26.3936,2,-4.38887
973.4,11859.9,71.84,1.93777,10.7038,54.9494,3.45354,1548.69,0,0,1022.86,565.845,60.6095,2,57.4157,61.7576,59.7576,54.9494,0,0,0,58.2951,26.3934,2,-4.34196
973.5,11861.9,71.8365,1.93504,10.7424,55.5957,3.49752,1549.04,0,0,1032.2,568.064,61.4029,2,58.1793,62.4553,60.4553,55.5957,0,0,0,58.294,26.3933,2,-4.27605
973.6,11863.9,71.8345,1.93228,10.781,56.154,3.53052,1549.39,0,0,1036.85,571.095,62.0088,2,58.755,63.058,61.058,56.154,0,0,0,58.2929,26.3932,2,-4.30308
973.7,11865.9,71.8341,1.92949,10.8195,56.7933,3.56154,1549.75,0,0,1042.18,573.354,62.5739,2,59.295,63.7482,61.7482,56.7933,0,0,0,58.2917,26.393,2,-4.4532
973.8,11867.9,71.8357,1.92667,10.858,56.7239,3.55858,1550.11,0,0,1041.62,573.171,62.5202,2,59.2435,63.6732,61.6732,56.7239,0,0,0,58.2906,26.3929,2,-4.42977
973.9,11869.9,71.8351,1.92382,10.8964,56.1127,3.52839,1550.46,0,0,1036.55,570.9,61.9697,2,58.7178,63.0134,61.0134,56.1127,0,0,0,58.2895,26.3927,2,-4.29564
974,11871.9,71.8336,1.92094,10.9348,54.8827,3.44955,1550.8,0,0,1021.92,565.693,60.5379,2,57.3465,61.6857,59.6857,54.8827,0,0,0,58.2884,26.3926,2,-4.33929
974.1,11873.9,71.8268,1.91803,10.9731,53.4408,3.35988,1551.14,0,0,1005.75,559.303,58.907,2,55.7868,60.134,58.134,53.4408,0,0,0,58.2872,26.3925,2,-4.34725
974.2,11875.9,71.818,1.9151,11.0113,52.378,3.28912,1551.47,0,0,990.24,555.767,57.6318,2,54.5589,58.9902,56.9902,52.378,0,0,0,58.2861,26.3923,2,-4.43132
974.3,11877.9,71.8059,1.91213,11.0495,51.3335,3.22031,1551.79,0,0,978.587,550.141,56.377,2,53.3624,57.8661,55.8661,51.3335,0,0,0,58.2849,26.3922,2,-4.50372
974.4,11879.9,71.7919,1.90914,11.0876,50.3648,3.15686,1552.11,0,0,965.898,546.008,55.228,2,52.261,56.8235,54.8235,50.3648,0,0,0,58.2838,26.3921,2,-4.56253
974.5,11881.9,71.7749,1.90612,11.1256,49.7738,3.13002,1552.42,0,0,960.494,544.248,54.742,2,51.7951,56.1873,54.1873,49.7738,0,0,0,58.2826,26.3919,2,-4.39223
974.6,11883.9,71.7581,1.90307,11.1636,49.8088,3.13302,1552.73,0,0,961.099,544.446,54.7963,2,51.8472,56.2248,54.2248,49.8088,0,0,0,58.2815,26.3918,2,-4.37757
974.7,11885.9,71.7417,1.89999,11.2015,50.2933,3.15411,1553.05,0,0,965.346,545.828,55.1782,2,52.2133,56.746,54.746,50.2933,0,0,0,58.2803,26.3916,2,-4.53274
974.8,11887.9,71.7277,1.89689,11.2393,51.4515,3.23082,1553.37,0,0,980.677,550.821,56.5673,2,53.5448,57.9922,55.9922,51.4515,0,0,0,58.2792,26.3915,2,-4.44744
974.9,11889.9,71.7177,1.89375,11.2771,52.7376,3.31176,1553.7,0,0,994.32,557.441,58.0436,2,54.9525,59.3762,57.3762,52.7376,0,0,0,58.278,26.3914,2,-4.42363
975,11891.9,71.7108,1.89059,11.3148,54.3368,3.41386,1554.04,0,0,1014.27,563.901,59.8942,2,56.7268,61.097,59.097,54.3368,0,0,0,58.2769,26.3912,2,-4.37019
975.1,11893.8,71.7095,1.8874,11.3524,55.799,3.51108,1554.39,0,0,1034.11,569.311,61.6518,2,58.4158,62.6738,60.6738,55.799,0,0,0,58.2758,26.3911,2,-4.25799
975.2,11895.8,71.7105,1.88418,11.39,56.6903,3.55815,1554.75,0,0,1041.53,573.144,62.5123,2,59.2359,63.636,61.636,56.6903,0,0,0,58.2747,26.391,2,-4.40011
975.3,11897.8,71.714,1.88094,11.4275,57.7115,3.61631,1555.11,0,0,1053.92,575.913,63.5611,2,60.246,64.7385,62.7385,57.7115,0,0,0,58.2735,26.3908,2,-4.49249
975.4,11899.8,71.7207,1.87766,11.4649,58.9219,3.69515,1555.48,0,0,1067.8,581.233,64.9934,2,61.6167,66.0453,64.0453,58.9219,0,0,0,58.2724,26.3907,2,-4.42854
975.5,11901.8,71.7307,1.87436,11.5023,60.052,3.77508,1555.86,0,0,1084.9,584.762,66.4351,2,63.0066,67.2654,65.2654,60.052,0,0,0,58.2713,26.3906,2,-4.25874
975.6,11903.8,71.7435,1.87102,11.5396,61.2567,3.83868,1556.24,0,0,1097.55,588.027,67.5847,2,64.1123,68.566,66.566,61.2567,0,0,0,58.2701,26.3904,2,-4.45375
975.7,11905.8,71.76,1.86766,11.5769,62.5793,3.92863,1556.64,0,0,1113.63,593.543,69.2182,2,65.6781,69.994,67.994,62.5793,0,0,0,58.269,26.3903,2,-4.31587
975.8,11907.8,71.7798,1.86427,11.6141,63.4443,3.99143,1557.03,0,0,1126.31,596.467,70.3512,2,66.7693,70.93,68.93,63.4443,0,0,0,58.2679,26.3901,2,-4.16074
975.9,11909.8,71.801,1.86085,11.6512,64.2356,4.04508,1557.44,0,0,1135.15,600.044,71.3286,2,67.7043,71.7867,69.7867,64.2356,0,0,0,58.2669,26.39,2,-4.08234
976,11911.8,71.825,1.8574,11.6883,65.293,4.10174,1557.85,0,0,1143.97,603.998,72.3568,2,68.6867,72.9314,70.9314,65.293,0,0,0,58.2658,26.3899,2,-4.24461
976.1,11913.8,71.8518,1.85392,11.7253,66.5855,4.19017,1558.27,0,0,1162.45,607.51,73.953,2,70.2272,74.3306,72.3306,66.5855,0,0,0,58.2647,26.3897,2,-4.10337
976.2,11915.8,71.8827,1.85042,11.7623,68.3497,4.2757,1558.7,0,0,1177.4,612.38,75.5049,2,71.7161,76.2404,74.2404,68.3497,0,0,0,58.2635,26.3896,2,-4.52427
976.3,11917.8,71.9187,1.84688,11.7992,70.7617,4.41934,1559.14,0,0,1202.68,620.176,78.108,2,74.2154,78.8515,76.8515,70.7617,0,0,0,58.2623,26.3895,2,-4.63612
976.4,11919.8,71.9622,1.84332,11.8361,73.4601,4.61822,1559.6,0,0,1248.74,624.334,81.6428,2,77.647,81.7794,79.7794,73.4601,0,0,0,58.2613,26.3893,2,-4.13241
976.5,11921.8,72.0123,1.83972,11.8729,75.7994,4.77286,1560.08,0,0,1284.62,627.254,84.3811,2,80.3068,84.3177,82.3177,75.7994,0,0,0,58.2602,26.3892,2,-4.01093
976.6,11923.8,72.0679,1.83609,11.9097,77.4653,4.87054,1560.56,0,0,1306.09,629.585,86.1105,2,81.9835,86.1252,84.1252,77.4653,0,0,0,58.2592,26.389,3,-4.14172
976.7,11925.8,72.1265,1.83244,11.9464,78.4559,4.879,1561.05,0,0,1307.94,629.779,86.2589,2,82.1274,87.2001,85.2001,78.4559,0,0,0,58.2579,26.3889,3,-5.07269
976.8,11927.8,72.187,1.82875,11.9831,79.1781,4.98434,1561.55,0,0,1332.02,631.74,88.1205,2,83.9354,87.98,85.98,79.1781,0,0,0,58.2568,26.3888,3,-4.04458
976.9,11929.8,72.2491,1.82504,12.0198,79.5517,5.01266,1562.05,0,0,1338.46,632.264,88.6203,2,84.4207,88.3815,86.3815,79.5517,0,0,0,58.2558,26.3886,3,-3.96077
977,11931.8,72.3113,1.82129,12.0564,79.2422,4.99426,1562.55,0,0,1334.28,631.924,88.2958,2,84.1055,88.0499,86.0499,79.2422,0,0,0,58.2548,26.3885,3,-3.94438
977.1,11933.8,72.3715,1.81751,12.0929,78.7232,4.91893,1563.04,0,0,1317.09,630.524,86.9649,2,82.8131,87.4898,85.4898,78.7232,0,0,0,58.2536,26.3884,3,-4.67678
977.2,11935.8,72.4307,1.8137,12.1294,77.8754,4.87793,1563.53,0,0,1307.69,629.759,86.24,2,82.109,86.57,84.57,77.8754,0,0,0,58.2524,26.3882,3,-4.46093
977.3,11937.8,72.4862,1.80986,12.1659,76.2368,4.77286,1564.01,0,0,1284.62,627.254,84.3811,2,80.3068,84.7921,82.7921,76.2368,0,0,0,58.2512,26.3881,2,-4.4853
977.4,11939.8,72.5366,1.806,12.2023,74.2135,4.64013,1564.47,0,0,1253.85,624.749,82.0311,2,78.0242,82.5969,80.5969,74.2135,0,0,0,58.2501,26.388,2,-4.57272
977.5,11941.9,72.5815,1.8021,12.2387,72.7476,4.50858,1564.92,0,0,1223.08,622.244,79.6972,2,75.7571,81.0063,79.0063,72.7476,0,0,0,58.2487,26.3878,2,-5.2492
977.6,11943.9,72.6242,1.79817,12.275,71.5822,4.49623,1565.37,0,0,1219.71,622.244,79.4777,2,75.5425,79.7421,77.7421,71.5822,0,0,0,58.2476,26.3877,2,-4.19961
977.7,11945.9,72.6629,1.79422,12.3112,70.63,4.4456,1565.82,0,0,1208.19,621.072,78.5787,2,74.6704,78.7112,76.7112,70.63,0,0,0,58.2466,26.3875,2,-4.04078
977.8,11947.9,72.7006,1.79023,12.3474,69.908,4.39543,1566.26,0,0,1198.09,619.118,77.677,2,73.8002,77.9298,75.9298,69.908,0,0,0,58.2455,26.3874,2,-4.1296
977.9,11949.9,72.7356,1.78622,12.3835,68.9205,4.33364,1566.69,0,0,1187.45,615.652,76.5561,2,72.7247,76.8611,74.8611,68.9205,0,0,0,58.2444,26.3873,2,-4.13638
978,11951.9,72.7681,1.78218,12.4196,67.6868,4.24426,1567.11,0,0,1171.92,610.596,74.9344,2,71.1688,75.5259,73.5259,67.6868,0,0,0,58.2433,26.3871,2,-4.35716
978.1,11954,72.7967,1.77811,12.4556,66.4025,4.18219,1567.53,0,0,1160.94,607.116,73.8089,2,70.0886,74.136,72.136,66.4025,0,0,0,58.2423,26.387,2,-4.04738
978.2,11956,72.8226,1.77401,12.4915,65.4091,4.10921,1567.94,0,0,1145.28,604.425,72.491,2,68.8155,73.0609,71.0609,65.4091,0,0,0,58.2412,26.3869,2,-4.2454
978.3,11958,72.8461,1.76988,12.5274,64.7677,4.07891,1568.35,0,0,1139.95,602.69,71.9466,2,68.2932,72.3669,70.3669,64.7677,0,0,0,58.2401,26.3867,2,-4.07362
978.4,11960,72.8688,1.76573,12.5631,64.0479,4.03613,1568.75,0,0,1133.97,599.279,71.164,2,67.5478,71.5879,69.5879,64.0479,0,0,0,58.2391,26.3866,2,-4.04012
978.5,11962.1,72.8887,1.76155,12.5988,62.669,3.93766,1569.15,0,0,1114.83,594.326,69.3843,2,65.836,70.0985,68.0985,62.669,0,0,0,58.238,26.3864,2,-4.26251
978.6,11964.1,72.9044,1.75734,12.6345,61.3932,3.85321,1569.53,0,0,1100.79,588.555,67.8454,2,64.3642,68.7214,66.7214,61.3932,0,0,0,58.2369,26.3863,2,-4.35724
978.7,11966.1,72.9179,1.75311,12.67,60.0426,3.77747,1569.91,0,0,1085.34,584.906,66.4785,2,63.0482,67.2637,65.2637,60.0426,0,0,0,58.2358,26.3862,2,-4.21547
978.8,11968.1,72.9268,1.74885,12.7055,58.4598,3.67115,1570.28,0,0,1064.51,579.091,64.5545,2,61.1997,65.5554,63.5554,58.4598,0,0,0,58.2346,26.386,2,-4.35571
978.9,11970.2,72.9322,1.74456,12.7409,57.2498,3.58797,1570.64,0,0,1047.41,574.853,63.0523,2,59.7544,64.2492,62.2492,57.2498,0,0,0,58.2335,26.3859,2,-4.49481
979,11972.2,72.9351,1.74025,12.7762,56.8109,3.56666,1570.99,0,0,1043.15,573.67,62.6668,2,59.384,63.7756,61.7756,56.8109,0,0,0,58.2323,26.3858,2,-4.39154
979.1,11974.2,72.9386,1.73592,12.8114,56.7743,3.56513,1571.35,0,0,1042.86,573.576,62.6391,2,59.3575,63.736,61.736,56.7743,0,0,0,58.2312,26.3856,2,-4.37859
979.2,11976.2,72.9416,1.73155,12.8465,56.8019,3.56642,1571.71,0,0,1043.1,573.655,62.6624,2,59.3798,63.7658,61.7658,56.8019,0,0,0,58.2301,26.3855,2,-4.38602
979.3,11978.3,72.9454,1.72717,12.8816,56.7543,3.56441,1572.06,0,0,1042.72,573.532,62.6261,2,59.345,63.7146,61.7146,56.7543,0,0,0,58.229,26.3854,2,-4.36961
979.4,11980.3,72.9484,1.72275,12.9165,56.458,3.55152,1572.42,0,0,1040.28,572.735,62.3923,2,59.1208,63.3948,61.3948,56.458,0,0,0,58.2278,26.3852,2,-4.274
979.5,11982.3,72.951,1.71832,12.9514,55.8002,3.51613,1572.77,0,0,1034.82,569.775,61.7445,2,58.5039,62.6847,60.6847,55.8002,0,0,0,58.2268,26.3851,2,-4.18085
979.6,11984.3,72.9509,1.71386,12.9861,54.3145,3.41786,1573.11,0,0,1014.84,564.274,59.9676,2,56.7966,61.0861,59.0861,54.3145,0,0,0,58.2257,26.3849,2,-4.28958
979.7,11986.4,72.9462,1.70937,13.0208,52.5092,3.30263,1573.44,0,0,992.209,557.049,57.8796,2,54.7942,59.1436,57.1436,52.5092,0,0,0,58.2245,26.3848,2,-4.34934
979.8,11988.4,72.937,1.70486,13.0554,51.0318,3.2041,1573.76,0,0,975.356,549.088,56.0833,2,53.0809,57.5538,55.5538,51.0318,0,0,0,58.2234,26.3847,2,-4.47296
979.9,11990.4,72.925,1.70033,13.0899,50.0956,3.15017,1574.08,0,0,964.553,545.57,55.1068,2,52.1448,56.5464,54.5464,50.0956,0,0,0,58.2222,26.3845,2,-4.40155
980,11992.5,72.9114,1.69577,13.1243,49.6012,3.12461,1574.39,0,0,959.404,543.893,54.6442,2,51.7014,56.0142,54.0142,49.6012,0,0,0,58.2211,26.3844,2,-4.31289
980.1,11994.5,72.8972,1.69119,13.1586,49.3978,3.10807,1574.7,0,0,956.059,542.804,54.3446,2,51.4143,55.7952,53.7952,49.3978,0,0,0,58.22,26.3843,2,-4.3809
980.2,11996.5,72.8829,1.68659,13.1928,49.3635,3.1054,1575.01,0,0,955.519,542.628,54.2963,2,51.3679,55.7582,53.7582,49.3635,0,0,0,58.2189,26.3841,2,-4.39024
980.3,11998.5,72.869,1.68196,13.2269,49.3076,3.10095,1575.32,0,0,954.619,542.335,54.2159,2,51.2909,55.6978,53.6978,49.3076,0,0,0,58.2177,26.384,2,-4.407
980.4,12000.6,72.8548,1.67732,13.2609,49.3404,3.10376,1575.63,0,0,955.188,542.521,54.2667,2,51.3396,55.7329,53.7329,49.3404,0,0,0,58.2166,26.3839,2,-4.39332
980.5,12002.6,72.8414,1.67265,13.2948,49.1801,3.0908,1575.94,0,0,952.56,541.665,54.0321,2,51.1147,55.5603,53.5603,49.1801,0,0,0,58.2154,26.3837,2,-4.44566
980.6,12004.6,72.8269,1.66796,13.3286,49.0644,3.08149,1576.25,0,0,950.671,541.05,53.8637,2,50.9533,55.4357,53.4357,49.0644,0,0,0,58.2143,26.3836,2,-4.48246
980.7,12006.6,72.8133,1.66324,13.3623,49.366,3.10626,1576.56,0,0,955.693,542.685,54.3119,2,51.3829,55.76,53.76,49.366,0,0,0,58.2131,26.3834,2,-4.37713
980.8,12008.6,72.8007,1.65851,13.3959,50.0552,3.1491,1576.87,0,0,964.338,545.5,55.0875,2,52.1263,56.5015,54.5015,50.0552,0,0,0,58.212,26.3833,2,-4.37519
980.9,12010.7,72.7911,1.65375,13.4293,50.9466,3.1985,1577.19,0,0,974.238,548.724,55.9819,2,52.9837,57.4604,55.4604,50.9466,0,0,0,58.2109,26.3832,2,-4.47676
981,12012.7,72.7835,1.64897,13.4627,52.1478,3.2833,1577.52,0,0,989.391,555.214,57.525,2,54.4576,58.7529,56.7529,52.1478,0,0,0,58.2098,26.383,2,-4.29536
981.1,12014.7,72.7805,1.64417,13.496,53.9319,3.39716,1577.86,0,0,1011.87,562.343,59.5876,2,56.4357,60.6726,58.6726,53.9319,0,0,0,58.2087,26.3829,2,-4.2369
981.2,12016.7,72.7825,1.63935,13.5292,56.1022,3.53563,1578.22,0,0,1037.57,571.562,62.1025,2,58.844,63.0094,61.0094,56.1022,0,0,0,58.2076,26.3828,2,-4.16538
981.3,12018.8,72.7911,1.6345,13.5623,58.414,3.67094,1578.58,0,0,1064.48,579.073,64.5507,2,61.196,65.5048,63.5048,58.414,0,0,0,58.2065,26.3826,2,-4.30876
981.4,12020.8,72.8054,1.62964,13.5953,60.5536,3.80258,1578.96,0,0,1089.97,586.413,66.934,2,63.4852,67.8145,65.8145,60.5536,0,0,0,58.2054,26.3825,2,-4.32933
981.5,12022.8,72.8253,1.62475,13.6282,62.2444,3.91438,1579.36,0,0,1111.73,592.307,68.9562,2,65.429,69.6397,67.6397,62.2444,0,0,0,58.2043,26.3824,2,-4.21063
981.6,12024.8,72.8485,1.61983,13.661,63.405,3.99636,1579.75,0,0,1127.39,596.643,70.4396,2,66.8547,70.8927,68.8927,63.405,0,0,0,58.2032,26.3822,2,-4.03798
981.7,12026.8,72.8746,1.6149,13.6938,63.672,4.01589,1580.16,0,0,1131.31,597.547,70.7918,2,67.1939,71.181,69.181,63.672,0,0,0,58.2022,26.3821,2,-3.98711
981.8,12028.9,72.8994,1.60994,13.7264,62.8669,3.95599,1580.55,0,0,1118.5,595.197,69.715,2,66.1545,70.3121,68.3121,62.8669,0,0,0,58.2011,26.3819,2,-4.15768
981.9,12030.9,72.9214,1.60496,13.759,61.9066,3.8938,1580.94,0,0,1108.98,590.518,68.5781,2,65.0695,69.2758,67.2758,61.9066,0,0,0,58.2,26.3818,2,-4.20627
982,12032.9,72.9414,1.59996,13.7914,61.3448,3.85398,1581.33,0,0,1100.96,588.583,67.8592,2,64.3776,68.6695,66.6695,61.3448,0,0,0,58.1989,26.3817,2,-4.29195
982.1,12034.9,72.9607,1.59493,13.8238,60.6831,3.809,1581.71,0,0,1091.15,586.798,67.0506,2,63.597,67.9555,65.9555,60.6831,0,0,0,58.1978,26.3815,2,-4.35852
982.2,12037,72.9775,1.58988,13.8561,60.0972,3.78265,1582.09,0,0,1086.3,585.217,66.5726,2,63.1385,67.3232,65.3232,60.0972,0,0,0,58.1967,26.3814,2,-4.18465
982.3,12039,72.994,1.58482,13.8883,59.653,3.75586,1582.46,0,0,1080.63,584.02,66.0897,2,62.6731,66.8438,64.8438,59.653,0,0,0,58.1956,26.3813,2,-4.17068
982.4,12041,73.0087,1.57973,13.9204,58.8361,3.69799,1582.83,0,0,1068.16,581.465,65.0411,2,61.662,65.9621,63.9621,58.8361,0,0,0,58.1945,26.3811,2,-4.30008
982.5,12043.1,73.0212,1.57462,13.9523,57.9968,3.64663,1583.2,0,0,1060.86,577.043,64.1054,2,60.772,65.0563,63.0563,57.9968,0,0,0,58.1934,26.381,2,-4.28423
982.6,12045.1,73.0318,1.56949,13.9842,57.2219,3.5906,1583.56,0,0,1048.01,574.951,63.0995,2,59.8,64.2199,62.2199,57.2219,0,0,0,58.1923,26.3809,2,-4.41994
982.7,12047.1,73.0406,1.56434,14.016,56.1798,3.54182,1583.91,0,0,1038.44,572.129,62.2163,2,58.952,63.0952,61.0952,56.1798,0,0,0,58.1912,26.3807,2,-4.14315
982.8,12049.1,73.0461,1.55917,14.0477,54.8403,3.45814,1584.26,0,0,1023.93,566.02,60.6921,2,57.4954,61.6529,59.6529,54.8403,0,0,0,58.1901,26.3806,2,-4.15747
982.9,12051.2,73.0483,1.55398,14.0793,53.7417,3.38809,1584.59,0,0,1010.57,561.495,59.4213,2,56.2777,60.4709,58.4709,53.7417,0,0,0,58.189,26.3804,2,-4.19321
983,12053.2,73.0484,1.54877,14.1108,52.8927,3.33317,1584.93,0,0,999.416,558.271,58.4279,2,55.3239,59.5573,57.5573,52.8927,0,0,0,58.188,26.3803,2,-4.23346
983.1,12055.2,73.0466,1.54354,14.1422,51.9669,3.2752,1585.25,0,0,988.208,554.444,57.3766,2,54.3166,58.5612,56.5612,51.9669,0,0,0,58.1869,26.3802,2,-4.24464
983.2,12057.3,73.0423,1.53829,14.1734,51.1803,3.22137,1585.58,0,0,978.798,550.209,56.3962,2,53.3808,57.7148,55.7148,51.1803,0,0,0,58.1857,26.38,2,-4.33401
983.3,12059.3,73.0368,1.53303,14.2046,50.9434,3.20182,1585.9,0,0,974.901,548.94,56.0421,2,53.0414,57.4598,55.4598,50.9434,0,0,0,58.1846,26.3799,2,-4.41846
983.4,12061.3,73.0317,1.52775,14.2356,50.2933,3.16083,1586.21,0,0,966.696,546.268,55.2999,2,52.3299,56.7603,54.7603,50.2933,0,0,0,58.1834,26.3798,2,-4.4304
983.5,12063.3,73.0232,1.52245,14.2666,48.6074,3.05393,1586.52,0,0,945.054,539.22,53.3644,2,50.4747,54.9462,52.9462,48.6074,0,0,0,58.1823,26.3796,2,-4.47152
983.6,12065.4,73.0098,1.51713,14.2974,46.9177,2.96114,1586.81,0,0,931.101,529.882,51.666,2,48.8631,53.1317,51.1317,46.9177,0,0,0,58.1812,26.3795,2,-4.26864
983.7,12067.4,72.993,1.5118,14.3281,45.3841,2.86013,1587.1,0,0,910.766,522.541,49.8375,2,47.1131,51.4876,49.4876,45.3841,0,0,0,58.1801,26.3794,2,-4.37446
983.8,12069.4,72.9721,1.50645,14.3587,43.6825,2.75507,1587.38,0,0,889.044,514.908,47.9382,2,45.2949,49.6631,47.6631,43.6825,0,0,0,58.1789,26.3792,2,-4.36822
983.9,12071.5,72.947,1.50109,14.3892,42.4961,2.68633,1587.64,0,0,873.916,510.281,46.699,2,44.1066,48.3909,46.3909,42.4961,0,0,0,58.1778,26.3791,2,-4.28432
984,12073.5,72.9205,1.49571,14.4195,42.2397,2.67068,1587.91,0,0,869.706,509.596,46.4117,2,43.8291,48.1157,46.1157,42.2397,0,0,0,58.1767,26.379,2,-4.28662
984.1,12075.5,72.8946,1.49031,14.4498,42.5166,2.6878,1588.18,0,0,874.3,510.344,46.7253,2,44.132,48.4122,46.4122,42.5166,0,0,0,58.1756,26.3788,2,-4.28023
984.2,12077.5,72.8701,1.4849,14.4799,43.1281,2.72659,1588.45,0,0,884.415,511.991,47.4184,2,44.8014,49.0674,47.0674,43.1281,0,0,0,58.1745,26.3787,2,-4.26594
984.3,12079.6,72.8478,1.47948,14.5099,44.1891,2.78314,1588.73,0,0,894.255,517.351,48.4479,2,45.7809,50.2044,48.2044,44.1891,0,0,0,58.1734,26.3785,2,-4.42346
984.4,12081.6,72.8293,1.47404,14.5397,45.1585,2.84584,1589.02,0,0,908.986,520.802,49.5745,2,46.8649,51.2433,49.2433,45.1585,0,0,0,58.1722,26.3784,2,-4.37837
984.5,12083.6,72.8126,1.46859,14.5695,45.902,2.89533,1589.31,0,0,915.134,526.809,50.4854,2,47.7246,52.0401,50.0401,45.902,0,0,0,58.1711,26.3783,2,-4.31549
984.6,12085.6,72.7984,1.46312,14.5992,46.5913,2.94058,1589.6,0,0,926.284,528.828,51.2965,2,48.5072,52.7788,50.7788,46.5913,0,0,0,58.17,26.3781,2,-4.27154
984.7,12087.6,72.7857,1.45763,14.6287,47.3846,2.99384,1589.9,0,0,935.086,533.776,52.2684,2,49.4317,53.629,51.629,47.3846,0,0,0,58.1689,26.378,2,-4.1973
984.8,12089.7,72.7761,1.45214,14.6581,48.2734,3.04149,1590.2,0,0,942.451,538.373,53.1337,2,50.2536,54.5839,52.5839,48.2734,0,0,0,58.1678,26.3779,2,-4.33029
984.9,12091.7,72.7684,1.44663,14.6874,49.0927,3.08975,1590.51,0,0,952.348,541.596,54.0132,2,51.0966,55.4655,53.4655,49.0927,0,0,0,58.1667,26.3777,2,-4.36893
985,12093.7,72.7635,1.4411,14.7166,49.7885,3.14106,1590.83,0,0,962.721,544.974,54.942,2,51.9868,56.2141,54.2141,49.7885,0,0,0,58.1656,26.3776,2,-4.22728
985.1,12095.7,72.7599,1.43556,14.7457,50.1744,3.15702,1591.14,0,0,965.93,546.019,55.2309,2,52.2638,56.6293,54.6293,50.1744,0,0,0,58.1645,26.3775,2,-4.36551
985.2,12097.8,72.7573,1.43,14.7746,50.2219,3.15905,1591.46,0,0,966.338,546.151,55.2676,2,52.2989,56.6803,54.6803,50.2219,0,0,0,58.1633,26.3773,2,-4.38135
985.3,12099.8,72.7543,1.42443,14.8035,49.8807,3.14506,1591.77,0,0,963.526,545.236,55.0144,2,52.0562,56.3131,54.3131,49.8807,0,0,0,58.1622,26.3772,2,-4.25691
985.4,12101.8,72.7504,1.41885,14.8322,49.0817,3.08954,1592.08,0,0,952.304,541.581,54.0092,2,51.0928,55.4534,53.4534,49.0817,0,0,0,58.1611,26.3771,2,-4.36056
985.5,12103.8,72.7437,1.41325,14.8608,47.3061,2.98941,1592.38,0,0,934.547,533.25,52.1868,2,49.3547,53.5442,51.5442,47.3061,0,0,0,58.16,26.3769,2,-4.18954
985.6,12105.8,72.7309,1.40764,14.8893,45.0368,2.83907,1592.66,0,0,908.141,519.977,49.45,2,46.7474,51.1114,49.1114,45.0368,0,0,0,58.1589,26.3768,2,-4.36401
985.7,12107.9,72.7129,1.40202,14.9177,43.0157,2.72096,1592.94,0,0,882.951,511.752,47.3179,2,44.7044,48.9445,46.9445,43.0157,0,0,0,58.1578,26.3766,2,-4.24016
985.8,12109.9,72.6902,1.39639,14.9459,40.9743,2.59198,1593.2,0,0,856.975,501.26,44.9842,2,42.475,46.7558,44.7558,40.9743,0,0,0,58.1567,26.3765,2,-4.2808
985.9,12111.9,72.662,1.39074,14.9741,39.0446,2.47293,1593.44,0,0,832.887,491.076,42.8315,2,40.4202,44.6897,42.6897,39.0446,0,0,0,58.1556,26.3764,2,-4.26956
986,12113.9,72.6298,1.38509,15.0021,37.5865,2.37493,1593.68,0,0,808.947,484.877,41.0752,2,38.733,43.1329,41.1329,37.5865,0,0,0,58.1545,26.3762,2,-4.39994
986.1,12115.9,72.5947,1.37942,15.03,36.271,2.29603,1593.91,0,0,795.042,476.146,39.6423,2,37.3737,41.7282,39.7282,36.271,0,0,0,58.1533,26.3761,2,-4.35456
986.2,12117.9,72.5562,1.37375,15.0577,34.8036,2.20104,1594.13,0,0,770.949,469.998,37.9446,2,35.7427,40.1614,38.1614,34.8036,0,0,0,58.1522,26.376,2,-4.4187
986.3,12120,72.514,1.36806,15.0853,33.6014,2.12935,1594.34,0,0,758.904,461.065,36.6419,2,34.5105,38.8775,36.8775,33.6014,0,0,0,58.1511,26.3758,2,-4.36697
986.4,12122,72.4699,1.36237,15.1128,33.1101,2.09609,1594.55,0,0,750.847,458.442,36.0466,2,33.9406,38.3523,36.3523,33.1101,0,0,0,58.1499,26.3757,2,-4.41175
986.5,12124,72.4258,1.35667,15.1402,32.8778,2.08048,1594.76,0,0,747.048,457.204,35.7674,2,33.6733,38.1036,36.1036,32.8778,0,0,0,58.1488,26.3756,2,-4.43037
986.6,12126,72.3811,1.35096,15.1674,32.8932,2.08159,1594.97,0,0,747.317,457.292,35.7871,2,33.6922,38.1192,36.1192,32.8932,0,0,0,58.1476,26.3754,2,-4.42705
986.7,12128,72.3377,1.34525,15.1945,32.978,2.08738,1595.18,0,0,748.728,457.751,35.8907,2,33.7913,38.2089,36.2089,32.978,0,0,0,58.1465,26.3753,2,-4.41761
986.8,12130,72.2941,1.33952,15.2215,32.824,2.07707,1595.39,0,0,746.215,456.933,35.7063,2,33.6148,38.0438,36.0438,32.824,0,0,0,58.1453,26.3752,2,-4.42904
986.9,12132,72.2505,1.33379,15.2483,32.7554,2.07323,1595.59,0,0,745.105,456.742,35.6383,2,33.5492,37.9698,35.9698,32.7554,0,0,0,58.1442,26.375,2,-4.42064
987,12134,72.2071,1.32805,15.275,33.2372,2.10511,1595.8,0,0,753.038,459.155,36.208,2,34.0952,38.4832,36.4832,33.2372,0,0,0,58.1431,26.3749,2,-4.38808
987.1,12136,72.1667,1.3223,15.3016,33.6625,2.13407,1596.02,0,0,760.045,461.437,36.7265,2,34.5916,38.9364,36.9364,33.6625,0,0,0,58.1419,26.3747,2,-4.34486
987.2,12138,72.1261,1.31655,15.328,33.7112,2.13746,1596.23,0,0,760.862,461.703,36.7872,2,34.6497,38.9877,36.9877,33.7112,0,0,0,58.1408,26.3746,2,-4.33796
987.3,12140,72.0865,1.31079,15.3543,33.7485,2.14008,1596.44,0,0,761.493,461.908,36.8341,2,34.6946,39.0268,37.0268,33.7485,0,0,0,58.1397,26.3745,2,-4.33218
987.4,12142,72.0468,1.30502,15.3805,33.0002,2.08937,1596.65,0,0,749.214,457.91,35.9265,2,33.8256,38.2274,36.2274,33.0002,0,0,0,58.1386,26.3743,2,-4.40181
987.5,12144,72.0039,1.29925,15.4066,31.4149,1.98878,1596.85,0,0,723.185,450.703,34.1326,2,32.1045,36.5348,34.5348,31.4149,0,0,0,58.1374,26.3742,2,-4.43034
987.6,12146,71.9564,1.29347,15.4325,30.025,1.89337,1597.04,0,0,700.48,442.039,32.4254,2,30.4742,35.0581,33.0581,30.025,0,0,0,58.1362,26.3741,2,-4.58391
987.7,12148,71.9069,1.28769,15.4583,29.1622,1.84804,1597.23,0,0,700,430.803,31.5795,2,29.6964,34.141,32.141,29.1622,0,0,0,58.1351,26.3739,2,-4.44457
987.8,12150,71.8556,1.2819,15.4839,28.2465,1.7919,1597.41,0,0,700,416.481,30.5296,2,28.7305,33.1676,31.1676,28.2465,0,0,0,58.1339,26.3738,2,-4.43718
987.9,12152,71.8018,1.27611,15.5094,27.8582,1.77027,1597.58,0,0,700,410.964,30.1252,2,28.3577,32.7542,30.7542,27.8582,0,0,0,58.1328,26.3737,2,-4.39649
988,12154,71.7491,1.27031,15.5348,28.6333,1.81621,1597.76,0,0,700,422.681,30.9841,2,29.1489,33.5761,31.5761,28.6333,0,0,0,58.1317,26.3735,2,-4.42713
988.1,12156,71.7002,1.26451,15.5601,29.6107,1.8716,1597.95,0,0,700,436.812,32.02,2,30.101,34.6128,32.6128,29.6107,0,0,0,58.1305,26.3734,2,-4.51185
988.2,12158,71.6532,1.2587,15.5852,30.3009,1.91147,1598.14,0,0,705.068,443.533,32.7481,2,30.7831,35.3446,33.3446,30.3009,0,0,0,58.1293,26.3733,2,-4.56156
988.3,12160,71.6085,1.25289,15.6102,31.0098,1.95841,1598.34,0,0,716.673,447.522,33.5865,2,31.5849,36.0964,34.0964,31.0098,0,0,0,58.1282,26.3731,2,-4.51156
988.4,12162,71.566,1.24708,15.635,31.8528,2.0235,1598.54,0,0,730.52,454.286,34.7529,2,32.6947,36.9939,34.9939,31.8528,0,0,0,58.127,26.373,2,-4.29925
988.5,12164,71.5263,1.24126,15.6598,32.7955,2.07639,1598.75,0,0,746.03,456.893,35.6943,2,33.6033,37.9995,35.9995,32.7955,0,0,0,58.1259,26.3729,2,-4.39623
988.6,12166,71.4894,1.23544,15.6844,34.1149,2.16175,1598.96,0,0,764.635,464.948,37.2295,2,35.0671,39.4071,37.4071,34.1149,0,0,0,58.1248,26.3727,2,-4.34007
988.7,12167.9,71.4573,1.22961,15.7088,35.6583,2.2618,1599.19,0,0,785.423,474.58,39.0339,2,36.7862,41.0541,39.0541,35.6583,0,0,0,58.1237,26.3726,2,-4.26795
988.8,12169.9,71.429,1.22378,15.7332,37.4732,2.36904,1599.43,0,0,807.635,484.412,40.9693,2,38.6317,42.9909,40.9909,37.4732,0,0,0,58.1226,26.3725,2,-4.35927
988.9,12171.9,71.4071,1.21795,15.7574,39.4823,2.5017,1599.68,0,0,839.557,493.053,43.3484,2,40.9159,45.1374,43.1374,39.4823,0,0,0,58.1215,26.3723,2,-4.22144
989,12173.9,71.39,1.21211,15.7815,41.3719,2.61928,1599.94,0,0,862.857,503.292,45.4765,2,42.9463,47.1631,45.1631,41.3719,0,0,0,58.1204,26.3722,2,-4.21682
989.1,12175.9,71.3785,1.20627,15.8055,42.989,2.72192,1600.21,0,0,883.2,511.793,47.335,2,44.7209,48.8967,46.8967,42.989,0,0,0,58.1193,26.372,2,-4.17578
989.2,12177.9,71.3705,1.20042,15.8293,44.5391,2.80984,1600.49,0,0,901.121,518.468,48.9254,2,46.2421,50.5585,48.5585,44.5391,0,0,0,58.1182,26.3719,2,-4.31644
989.3,12179.8,71.3677,1.19456,15.8531,46.4934,2.93832,1600.79,0,0,925.715,528.736,51.256,2,48.4681,52.6538,50.6538,46.4934,0,0,0,58.1171,26.3718,2,-4.18569
989.4,12181.8,71.3703,1.1887,15.8767,48.6125,3.05757,1601.09,0,0,945.802,539.464,53.4308,2,50.5384,54.9332,52.9332,48.6125,0,0,0,58.116,26.3716,2,-4.39481
989.5,12183.8,71.3791,1.18284,15.9002,50.7527,3.19355,1601.41,0,0,973.249,548.402,55.8922,2,52.8977,57.2365,55.2365,50.7527,0,0,0,58.1148,26.3715,2,-4.33878
989.6,12185.8,71.3935,1.17697,15.9236,52.8026,3.33374,1601.75,0,0,999.551,558.293,58.438,2,55.3336,59.4427,57.4427,52.8026,0,0,0,58.1138,26.3714,2,-4.10903
989.7,12187.8,71.4134,1.17109,15.9469,54.7161,3.45671,1602.09,0,0,1023.6,565.966,60.6664,2,57.4707,61.5025,59.5025,54.7161,0,0,0,58.1127,26.3712,2,-4.03183
989.8,12189.8,71.4381,1.16521,15.9701,56.152,3.54551,1602.45,0,0,1039.13,572.362,62.2831,2,59.0161,63.053,61.053,56.152,0,0,0,58.1117,26.3711,2,-4.03685
989.9,12191.7,71.4659,1.15932,15.9931,56.6933,3.56928,1602.8,0,0,1043.65,573.832,62.7142,2,59.4295,63.6375,61.6375,56.6933,0,0,0,58.1106,26.371,2,-4.208
990,12193.7,71.4937,1.15342,16.0161,56.3456,3.55413,1603.16,0,0,1040.77,572.896,62.4395,2,59.1661,63.2624,61.2624,56.3456,0,0,0,58.1096,26.3708,2,-4.09626
990.1,12195.7,71.5198,1.14752,16.0389,55.859,3.52975,1603.51,0,0,1036.74,571.024,61.9946,2,58.7414,62.7372,60.7372,55.859,0,0,0,58.1085,26.3707,2,-3.99577
990.2,12197.7,71.5452,1.14161,16.0617,55.607,3.51498,1603.86,0,0,1034.66,569.67,61.7235,2,58.4839,62.4654,60.4654,55.607,0,0,0,58.1075,26.3706,2,-3.98147
990.3,12199.7,71.5703,1.13569,16.0843,55.4885,3.5081,1604.21,0,0,1033.69,569.038,61.5972,2,58.3639,62.3376,60.3376,55.4885,0,0,0,58.1065,26.3704,2,-3.9737
990.4,12201.7,71.5953,1.12977,16.1068,55.8625,3.53027,1604.57,0,0,1036.82,571.072,62.0041,2,58.7505,62.7416,60.7416,55.8625,0,0,0,58.1054,26.3703,2,-3.99107
990.5,12203.7,71.6225,1.12385,16.1293,56.4915,3.5609,1604.92,0,0,1042.06,573.315,62.5624,2,59.2839,63.4208,61.4208,56.4915,0,0,0,58.1044,26.3701,2,-4.1369
990.6,12205.7,71.6511,1.11792,16.1516,56.581,3.5649,1605.28,0,0,1042.82,573.562,62.6349,2,59.3534,63.5176,61.5176,56.581,0,0,0,58.1033,26.37,2,-4.16414
990.7,12207.7,71.679,1.11198,16.1738,56.08,3.54307,1605.63,0,0,1038.67,572.211,62.2389,2,58.9737,62.977,60.977,56.08,0,0,0,58.1023,26.3699,2,-4.00329
990.8,12209.6,71.7051,1.10604,16.1958,55.444,3.50601,1605.98,0,0,1033.4,568.846,61.5588,2,58.3274,62.2906,60.2906,55.444,0,0,0,58.1012,26.3697,2,-3.96313
990.9,12211.6,71.7298,1.1001,16.2178,54.4286,3.43793,1606.33,0,0,1019.2,565.25,60.3294,2,57.145,61.196,59.196,54.4286,0,0,0,58.1002,26.3696,2,-4.051
991,12213.6,71.7508,1.09415,16.2397,52.9326,3.34463,1606.66,0,0,1002.14,558.714,58.6335,2,55.5225,59.5863,57.5863,52.9326,0,0,0,58.0991,26.3695,2,-4.06384
991.1,12215.6,71.768,1.0882,16.2614,51.5189,3.25688,1606.99,0,0,985.527,552.697,57.0407,2,53.9976,58.0652,56.0652,51.5189,0,0,0,58.0981,26.3693,2,-4.06765
991.2,12217.6,71.7819,1.08224,16.2831,50.5745,3.18141,1607.31,0,0,970.822,547.612,55.6725,2,52.6871,57.0491,55.0491,50.5745,0,0,0,58.097,26.3692,2,-4.36204
991.3,12219.6,71.7943,1.07628,16.3046,49.866,3.14828,1607.62,0,0,964.172,545.446,55.0725,2,52.112,56.2867,54.2867,49.866,0,0,0,58.0959,26.3691,2,-4.17477
991.4,12221.6,71.8048,1.07032,16.326,49.327,3.1172,1607.93,0,0,957.905,543.406,54.5099,2,51.5727,55.7069,53.7069,49.327,0,0,0,58.0948,26.3689,2,-4.13419
991.5,12223.6,71.8148,1.06436,16.3473,49.1057,3.09922,1608.24,0,0,954.268,542.221,54.1845,2,51.2608,55.4688,53.4688,49.1057,0,0,0,58.0937,26.3688,2,-4.20802
991.6,12225.6,71.8244,1.0584,16.3685,48.9675,3.08807,1608.55,0,0,952.008,541.485,53.9828,2,51.0674,55.3202,53.3202,48.9675,0,0,0,58.0926,26.3687,2,-4.25275
991.7,12227.6,71.834,1.05243,16.3895,48.6466,3.06208,1608.86,0,0,946.721,539.763,53.5123,2,50.6165,54.975,52.975,48.6466,0,0,0,58.0915,26.3685,2,-4.35845
991.8,12229.6,71.8423,1.04647,16.4105,48.3968,3.05072,1609.16,0,0,944.383,539.002,53.3049,2,50.4177,54.7062,52.7062,48.3968,0,0,0,58.0904,26.3684,2,-4.28852
991.9,12231.6,71.8509,1.0405,16.4313,48.5479,3.05682,1609.47,0,0,945.65,539.415,53.4173,2,50.5254,54.869,52.869,48.5479,0,0,0,58.0893,26.3683,2,-4.34357
992,12233.6,71.8604,1.03454,16.452,49.0147,3.09252,1609.78,0,0,952.91,541.779,54.0633,2,51.1446,55.3714,53.3714,49.0147,0,0,0,58.0882,26.3681,2,-4.2268
992.1,12235.6,71.8718,1.02857,16.4726,50.1092,3.15889,1610.09,0,0,966.306,546.141,55.2647,2,52.2962,56.5493,54.5493,50.1092,0,0,0,58.0871,26.368,2,-4.25314
992.2,12237.6,71.8873,1.0226,16.4931,51.4271,3.25281,1610.42,0,0,984.93,552.309,56.966,2,53.9267,57.9677,55.9677,51.4271,0,0,0,58.086,26.3678,2,-4.04095
992.3,12239.6,71.906,1.01663,16.5134,52.1553,3.29418,1610.75,0,0,990.978,556.247,57.7245,2,54.647,58.7515,56.7515,52.1553,0,0,0,58.085,26.3677,2,-4.1045
992.4,12241.6,71.9256,1.01066,16.5337,52.5202,3.31764,1611.08,0,0,995.722,557.67,58.1492,2,55.0546,59.1443,57.1443,52.5202,0,0,0,58.0839,26.3676,2,-4.08976
992.5,12243.6,71.9465,1.00469,16.5538,52.717,3.33148,1611.41,0,0,999.013,558.206,58.3975,2,55.2945,59.3564,57.3564,52.717,0,0,0,58.0829,26.3674,2,-4.0619
992.6,12245.6,71.9674,0.99872,16.5738,52.7512,3.33399,1611.75,0,0,999.611,558.303,58.4426,2,55.338,59.3934,57.3934,52.7512,0,0,0,58.0818,26.3673,2,-4.05538
992.7,12247.6,71.9887,0.992749,16.5937,53.0045,3.35179,1612.08,0,0,1003.84,558.991,58.762,2,55.6467,59.6662,57.6662,53.0045,0,0,0,58.0808,26.3672,2,-4.01952
992.8,12249.6,72.0112,0.986778,16.6135,53.636,3.39114,1612.42,0,0,1011.01,561.78,59.4772,2,56.3308,60.3459,58.3459,53.636,0,0,0,58.0797,26.367,2,-4.01516
992.9,12251.6,72.036,0.980807,16.6332,54.6257,3.45443,1612.77,0,0,1023.06,565.879,60.6255,2,57.4311,61.4112,59.4112,54.6257,0,0,0,58.0787,26.3669,2,-3.98013
993,12253.6,72.0639,0.974836,16.6528,56.0181,3.54213,1613.12,0,0,1038.49,572.153,62.2219,2,58.9574,62.913,60.913,56.0181,0,0,0,58.0777,26.3668,2,-3.9556
993.1,12255.6,72.0963,0.968865,16.6723,56.8443,3.57838,1613.48,0,0,1045.37,574.394,62.8794,2,59.5879,63.8051,61.8051,56.8443,0,0,0,58.0766,26.3666,2,-4.2172
993.2,12257.6,72.1287,0.962894,16.6916,56.808,3.57687,1613.84,0,0,1045.08,574.301,62.852,2,59.5616,63.7662,61.7662,56.808,0,0,0,58.0755,26.3665,2,-4.20452
993.3,12259.6,72.1611,0.956923,16.7108,56.6673,3.57079,1614.19,0,0,1043.93,573.925,62.7417,2,59.4558,63.6146,61.6146,56.6673,0,0,0,58.0744,26.3664,2,-4.15878
993.4,12261.6,72.193,0.950952,16.73,56.6428,3.56979,1614.55,0,0,1043.74,573.864,62.7236,2,59.4385,63.5883,61.5883,56.6428,0,0,0,58.0734,26.3662,2,-4.1498
993.5,12263.6,72.2254,0.944982,16.749,56.3722,3.55802,1614.91,0,0,1041.51,573.137,62.5101,2,59.2338,63.2965,61.2965,56.3722,0,0,0,58.0723,26.3661,2,-4.06267
993.6,12265.6,72.256,0.939013,16.7679,55.5724,3.51652,1615.26,0,0,1034.88,569.811,61.7517,2,58.5107,62.4333,60.4333,55.5724,0,0,0,58.0713,26.366,2,-3.92262
993.7,12267.6,72.2844,0.933046,16.7867,54.9107,3.47573,1615.6,0,0,1028.04,566.69,61.0077,2,57.8004,61.7205,59.7205,54.9107,0,0,0,58.0703,26.3658,2,-3.9201
993.8,12269.6,72.3118,0.927079,16.8053,54.4095,3.44036,1615.95,0,0,1019.77,565.342,60.3728,2,57.187,61.1814,59.1814,54.4095,0,0,0,58.0693,26.3657,2,-3.99443
993.9,12271.6,72.3378,0.921115,16.8239,53.2532,3.3703,1616.29,0,0,1008.01,559.828,59.0949,2,55.9676,59.9375,57.9375,53.2532,0,0,0,58.0682,26.3655,2,-3.96987
994,12273.6,72.3594,0.915153,16.8424,51.5426,3.26125,1616.61,0,0,986.167,553.114,57.1207,2,54.0736,58.097,56.097,51.5426,0,0,0,58.0672,26.3654,2,-4.02337
994.1,12275.6,72.3768,0.909194,16.8607,50.6526,3.19232,1616.93,0,0,973.004,548.322,55.8701,2,52.8765,57.1395,55.1395,50.6526,0,0,0,58.0661,26.3653,2,-4.26305
994.2,12277.6,72.394,0.903239,16.8789,50.5427,3.18337,1617.25,0,0,971.214,547.74,55.708,2,52.7211,57.0214,55.0214,50.5427,0,0,0,58.065,26.3651,2,-4.3003
994.3,12279.7,72.411,0.897287,16.897,49.9299,3.1532,1617.56,0,0,965.162,545.769,55.1617,2,52.1974,56.3622,54.3622,49.9299,0,0,0,58.0639,26.365,2,-4.1648
994.4,12281.7,72.4254,0.891339,16.915,48.95,3.09091,1617.87,0,0,952.582,541.672,54.034,2,51.1166,55.3079,53.3079,48.95,0,0,0,58.0628,26.3649,2,-4.19138
994.5,12283.7,72.4376,0.885395,16.9329,48.5631,3.05954,1618.18,0,0,946.203,539.595,53.4664,2,50.5725,54.8918,52.8918,48.5631,0,0,0,58.0617,26.3647,2,-4.31934
994.6,12285.7,72.4502,0.879456,16.9507,48.2911,3.04861,1618.48,0,0,943.941,538.858,53.2657,2,50.3801,54.5993,52.5993,48.2911,0,0,0,58.0606,26.3646,2,-4.21913
994.7,12287.7,72.4614,0.873522,16.9683,47.7032,3.02545,1618.79,0,0,939.086,537.277,52.8363,2,49.9686,53.9668,51.9668,47.7032,0,0,0,58.0596,26.3645,2,-3.99821
994.8,12289.7,72.4713,0.867593,16.9858,47.6144,3.02158,1619.09,0,0,938.365,536.979,52.7664,2,49.9018,53.8714,51.8714,47.6144,0,0,0,58.0586,26.3643,2,-3.96953
994.9,12291.7,72.4824,0.861669,17.0032,48.128,3.04236,1619.39,0,0,942.633,538.432,53.1498,2,50.2691,54.4241,52.4241,48.128,0,0,0,58.0575,26.3642,2,-4.15499
995,12293.7,72.4952,0.855751,17.0205,48.1012,3.04137,1619.7,0,0,942.426,538.364,53.1315,2,50.2515,54.3954,52.3954,48.1012,0,0,0,58.0564,26.3641,2,-4.14388
995.1,12295.8,72.5065,0.849838,17.0377,47.2006,2.99306,1620,0,0,934.991,533.683,52.2539,2,49.4181,53.4278,51.4278,47.2006,0,0,0,58.0554,26.3639,2,-4.00969
995.2,12297.8,72.515,0.843932,17.0547,45.8312,2.90232,1620.29,0,0,916.638,527.258,50.6115,2,47.8456,51.9598,49.9598,45.8312,0,0,0,58.0543,26.3638,2,-4.11424
995.3,12299.8,72.5195,0.838032,17.0717,44.5071,2.81524,1620.57,0,0,902.506,518.694,49.0219,2,46.3353,50.5404,48.5404,44.5071,0,0,0,58.0532,26.3637,2,-4.20514
995.4,12301.8,72.5215,0.832139,17.0885,43.7079,2.76626,1620.85,0,0,890.826,516.068,48.1425,2,45.4888,49.6837,47.6837,43.7079,0,0,0,58.0521,26.3635,2,-4.19493
995.5,12303.8,72.5221,0.826254,17.1052,43.7212,2.76704,1621.12,0,0,890.949,516.149,48.1567,2,45.5022,49.698,47.698,43.7212,0,0,0,58.0511,26.3634,2,-4.19572
995.6,12305.8,72.5246,0.820376,17.1218,44.5171,2.81621,1621.4,0,0,902.756,518.735,49.0393,2,46.3521,50.5512,48.5512,44.5171,0,0,0,58.05,26.3633,2,-4.19914
995.7,12307.8,72.5298,0.814506,17.1383,45.7404,2.89695,1621.69,0,0,915.334,527.004,50.5151,2,47.7526,51.8627,49.8627,45.7404,0,0,0,58.0489,26.3631,2,-4.11013
995.8,12309.9,72.539,0.808643,17.1546,46.9041,2.97378,1621.99,0,0,932.644,531.39,51.8988,2,49.0828,53.1104,51.1104,46.9041,0,0,0,58.0479,26.363,2,-4.02754
995.9,12311.9,72.5506,0.802788,17.1709,47.2742,2.99899,1622.29,0,0,935.712,534.387,52.3633,2,49.5213,53.5072,51.5072,47.2742,0,0,0,58.0468,26.3628,2,-3.98596
996,12313.9,72.5621,0.79694,17.187,47.0608,2.98463,1622.59,0,0,933.965,532.681,52.0987,2,49.2715,53.2787,51.2787,47.0608,0,0,0,58.0458,26.3627,2,-4.00715
996.1,12315.9,72.5729,0.7911,17.203,46.7673,2.96489,1622.89,0,0,931.558,530.329,51.7349,2,48.9281,52.9642,50.9642,46.7673,0,0,0,58.0448,26.3626,2,-4.03605
996.2,12317.9,72.5832,0.785268,17.2189,45.8398,2.90402,1623.18,0,0,917.068,527.328,50.642,2,47.875,51.9701,49.9701,45.8398,0,0,0,58.0437,26.3624,2,-4.09509
996.3,12319.9,72.5895,0.779445,17.2346,44.0826,2.78909,1623.45,0,0,895.787,517.6,48.5543,2,45.8837,50.0864,48.0864,44.0826,0,0,0,58.0426,26.3623,2,-4.20274
996.4,12322,72.591,0.773631,17.2503,42.6177,2.70706,1623.73,0,0,879.33,511.163,47.0695,2,44.4645,48.516,46.516,42.6177,0,0,0,58.0416,26.3622,2,-4.05152
996.5,12324,72.59,0.767826,17.2658,41.6008,2.64271,1623.99,0,0,865.902,506.267,45.9068,2,43.3522,47.4259,45.4259,41.6008,0,0,0,58.0405,26.362,2,-4.07375
996.6,12326,72.5866,0.762031,17.2813,40.8419,2.59496,1624.25,0,0,857.767,501.389,45.0374,2,42.5264,46.6123,44.6123,40.8419,0,0,0,58.0395,26.3619,2,-4.08593
996.7,12328,72.5822,0.756246,17.2966,40.9841,2.60389,1624.51,0,0,860.139,501.776,45.1967,2,42.6802,46.7646,44.7646,40.9841,0,0,0,58.0384,26.3618,2,-4.08436
996.8,12330,72.5799,0.750472,17.3118,41.7123,2.65011,1624.77,0,0,866.862,507.204,46.0427,2,43.4804,47.5453,45.5453,41.7123,0,0,0,58.0374,26.3616,2,-4.0649
996.9,12332,72.5797,0.744708,17.3268,42.2638,2.6852,1625.04,0,0,873.621,510.233,46.6789,2,44.0872,48.1364,46.1364,42.2638,0,0,0,58.0363,26.3615,2,-4.04927
997,12334.1,72.5807,0.738955,17.3418,42.5804,2.70531,1625.31,0,0,878.874,511.089,47.0383,2,44.4343,48.4759,46.4759,42.5804,0,0,0,58.0353,26.3614,2,-4.0416
997.1,12336.1,72.5824,0.733212,17.3566,42.3325,2.68975,1625.58,0,0,874.809,510.427,46.7601,2,44.1656,48.2101,46.2101,42.3325,0,0,0,58.0342,26.3612,2,-4.04453
997.2,12338.1,72.5825,0.72748,17.3714,41.018,2.6065,1625.84,0,0,860.833,501.888,45.2433,2,42.7253,46.8009,44.8009,41.018,0,0,0,58.0332,26.3611,2,-4.07566
997.3,12340.1,72.5779,0.721759,17.386,39.4756,2.51091,1626.09,0,0,840.784,494.252,43.5173,2,41.0752,45.1482,43.1482,39.4756,0,0,0,58.0321,26.361,2,-4.07295
997.4,12342.1,72.5704,0.71605,17.4005,37.9902,2.41773,1626.34,0,0,818.724,488.061,41.8447,2,39.4699,43.5627,41.5627,37.9902,0,0,0,58.0311,26.3608,2,-4.09279
997.5,12344.1,72.5584,0.710353,17.4148,36.2523,2.30617,1626.57,0,0,797.883,476.609,39.8226,2,37.5478,41.7076,39.7076,36.2523,0,0,0,58.03,26.3607,2,-4.15985
997.6,12346.1,72.5423,0.704669,17.4291,34.6319,2.20244,1626.79,0,0,771.28,470.105,37.9696,2,35.7666,39.9778,37.9778,34.6319,0,0,0,58.0289,26.3606,2,-4.21121
997.7,12348.2,72.5223,0.698999,17.4432,33.7818,2.15236,1627,0,0,763.283,463.627,37.0581,2,34.9056,39.0702,37.0702,33.7818,0,0,0,58.0278,26.3604,2,-4.16461
997.8,12350.2,72.5023,0.693341,17.4573,33.503,2.13582,1627.22,0,0,760.466,461.574,36.7578,2,34.6216,38.7722,36.7722,33.503,0,0,0,58.0268,26.3603,2,-4.15067
997.9,12352.2,72.4814,0.687698,17.4712,33.4598,2.13297,1627.43,0,0,759.779,461.35,36.7068,2,34.5727,38.7258,36.7258,33.4598,0,0,0,58.0257,26.3602,2,-4.1531
998,12354.2,72.4617,0.682068,17.485,33.818,2.15465,1627.64,0,0,763.613,463.95,37.0999,2,34.945,39.1078,37.1078,33.818,0,0,0,58.0246,26.36,2,-4.16275
998.1,12356.2,72.4431,0.676453,17.4986,34.3876,2.18732,1627.86,0,0,768.303,468.532,37.6965,2,35.507,39.7153,37.7153,34.3876,0,0,0,58.0235,26.3599,2,-4.20835
998.2,12358.2,72.4268,0.670851,17.5122,34.6941,2.20731,1628.08,0,0,772.436,470.482,38.057,2,35.8503,40.0422,38.0422,34.6941,0,0,0,58.0224,26.3598,2,-4.19188
998.3,12360.2,72.4103,0.665264,17.5256,34.6808,2.20649,1628.3,0,0,772.241,470.419,38.0422,2,35.8362,40.0277,38.0277,34.6808,0,0,0,58.0214,26.3596,2,-4.19153
998.4,12362.3,72.3944,0.659691,17.5389,34.3584,2.18589,1628.52,0,0,768.099,468.332,37.6703,2,35.4823,39.6833,37.6833,34.3584,0,0,0,58.0203,26.3595,2,-4.20096
998.5,12364.3,72.3767,0.654133,17.5521,33.7449,2.15088,1628.74,0,0,763.07,463.419,37.0311,2,34.8802,39.0282,37.0282,33.7449,0,0,0,58.0192,26.3593,2,-4.148
998.6,12366.3,72.3581,0.648589,17.5652,33.5331,2.13863,1628.95,0,0,761.142,461.794,36.8081,2,34.6697,38.8018,36.8018,33.5331,0,0,0,58.0181,26.3592,2,-4.13214
998.7,12368.3,72.3398,0.64306,17.5782,33.858,2.15748,1629.17,0,0,764.021,464.348,37.1516,2,34.9937,39.1482,37.1482,33.858,0,0,0,58.0171,26.3591,2,-4.15448
998.8,12370.3,72.3233,0.637547,17.5911,34.086,2.17059,1629.39,0,0,765.905,466.189,37.3909,2,35.2192,39.3913,37.3913,34.086,0,0,0,58.016,26.3589,2,-4.17209
998.9,12372.3,72.3066,0.632048,17.6038,34.2344,2.17917,1629.6,0,0,767.136,467.392,37.5476,2,35.3668,39.5494,37.5494,34.2344,0,0,0,58.0149,26.3588,2,-4.1826
999,12374.3,72.2914,0.626565,17.6165,34.4363,2.19085,1629.82,0,0,768.807,469.024,37.7608,2,35.5675,39.7646,37.7646,34.4363,0,0,0,58.0138,26.3587,2,-4.19704
999.1,12376.3,72.2763,0.621097,17.629,34.6363,2.20418,1630.04,0,0,771.694,470.24,38.0009,2,35.7966,39.9778,37.9778,34.6363,0,0,0,58.0127,26.3585,2,-4.18125
999.2,12378.3,72.2625,0.615645,17.6414,34.8893,2.22184,1630.26,0,0,775.875,471.602,38.3174,2,36.0997,40.2476,38.2476,34.8893,0,0,0,58.0117,26.3584,2,-4.14795
999.3,12380.3,72.2491,0.610208,17.6537,35.1561,2.24051,1630.49,0,0,780.283,473.037,38.6524,2,36.4204,40.5322,38.5322,35.1561,0,0,0,58.0106,26.3583,2,-4.11171
999.4,12382.3,72.2372,0.604787,17.6659,35.585,2.26866,1630.72,0,0,787.354,474.894,39.1557,2,36.9038,40.9897,38.9897,35.585,0,0,0,58.0095,26.3581,2,-4.08583
999.5,12384.3,72.2265,0.599382,17.678,36.3649,2.31444,1630.95,0,0,800.097,477.048,39.9699,2,37.6897,41.8219,39.8219,36.3649,0,0,0,58.0085,26.358,2,-4.13221
999.6,12386.4,72.2191,0.593993,17.69,37.1982,2.3641,1631.18,0,0,806.956,483.749,40.8789,2,38.5464,42.7112,40.7112,37.1982,0,0,0,58.0074,26.3579,2,-4.16482
999.7,12388.4,72.2132,0.588619,17.7018,38.0397,2.42367,1631.43,0,0,820.074,488.5,41.9514,2,39.5722,43.6093,41.6093,38.0397,0,0,0,58.0064,26.3577,2,-4.03711
999.8,12390.4,72.2106,0.583261,17.7136,39.3021,2.50242,1631.68,0,0,839.653,493.147,43.3616,2,40.9284,44.9566,42.9566,39.3021,0,0,0,58.0053,26.3576,2,-4.02826
999.9,12392.4,72.2116,0.577918,17.7252,40.6376,2.58535,1631.93,0,0,855.211,500.973,44.8659,2,42.3608,46.3877,44.3877,40.6376,0,0,0,58.0043,26.3575,2,-4.02698
1000,12394.4,72.2164,0.572591,17.7368,41.5955,2.64573,1632.2,0,0,866.294,506.649,45.9623,2,43.4045,47.4148,45.4148,41.5955,0,0,0,58.0032,26.3573,2,-4.01028
1000.1,12396.4,72.2228,0.56728,17.7482,41.8611,2.66277,1632.47,0,0,868.5,508.804,46.2753,2,43.6997,47.6996,45.6996,41.8611,0,0,0,58.0022,26.3572,2,-3.99987
1000.2,12398.4,72.2292,0.561983,17.7595,41.2567,2.62441,1632.73,0,0,863.526,503.945,45.5708,2,43.0353,47.0517,45.0517,41.2567,0,0,0,58.0012,26.3571,2,-4.01644
1000.3,12400.4,72.2328,0.556703,17.7707,39.966,2.54416,1632.98,0,0,845.196,498.562,44.1271,2,41.6503,45.6681,43.6681,39.966,0,0,0,58.0001,26.3569,2,-4.0178
1000.4,12402.4,72.2328,0.551439,17.7819,38.4219,2.44962,1633.23,0,0,826.546,490.043,42.416,2,40.0189,44.0175,42.0175,38.4219,0,0,0,57.9991,26.3568,2,-3.9986
1000.5,12404.4,72.2286,0.546192,17.7929,36.941,2.34963,1633.46,0,0,804.964,481.803,40.6139,2,38.2967,42.4368,40.4368,36.941,0,0,0,57.998,26.3567,2,-4.14016
1000.6,12406.4,72.2213,0.540962,17.8038,35.9412,2.29062,1633.69,0,0,793.525,475.899,39.5461,2,37.2808,41.3696,39.3696,35.9412,0,0,0,57.997,26.3565,2,-4.08881
1000.7,12408.4,72.2123,0.535749,17.8146,35.6069,2.27115,1633.92,0,0,788.056,475.008,39.2001,2,36.9467,41.0126,39.0126,35.6069,0,0,0,57.9959,26.3564,2,-4.06595
1000.8,12410.4,72.2036,0.530553,17.8253,35.8169,2.28352,1634.15,0,0,791.532,475.574,39.4199,2,37.1589,41.2366,39.2366,35.8169,0,0,0,57.9949,26.3563,2,-4.07773
1000.9,12412.4,72.1961,0.525376,17.8359,36.1945,2.30573,1634.38,0,0,797.761,476.589,39.8149,2,37.5403,41.6395,39.6395,36.1945,0,0,0,57.9938,26.3561,2,-4.09922
1001,12414.4,72.1898,0.520216,17.8463,36.8861,2.34681,1634.61,0,0,804.575,481.423,40.5623,2,38.248,42.3775,40.3775,36.8861,0,0,0,57.9927,26.356,2,-4.12951
1001.1,12416.4,72.1863,0.515073,17.8567,37.9971,2.4222,1634.85,0,0,819.742,488.392,41.9251,2,39.547,43.5633,41.5633,37.9971,0,0,0,57.9917,26.3559,2,-4.01634
1001.2,12418.4,72.1862,0.509949,17.867,39.2284,2.49926,1635.1,0,0,839.231,492.735,43.3036,2,40.8737,44.8775,42.8775,39.2284,0,0,0,57.9907,26.3557,2,-4.0038
1001.3,12420.5,72.1895,0.504842,17.8772,40.2366,2.56192,1635.36,0,0,848.963,499.956,44.4477,2,41.9568,45.9575,43.9575,40.2366,0,0,0,57.9896,26.3556,2,-4.00071
1001.4,12422.5,72.195,0.499752,17.8872,41.3234,2.62985,1635.62,0,0,864.233,504.636,45.6707,2,43.1295,47.1227,45.1227,41.3234,0,0,0,57.9886,26.3555,2,-3.99323
1001.5,12424.5,72.2043,0.49468,17.8972,42.7393,2.71974,1635.9,0,0,882.633,511.701,47.2961,2,44.6833,48.6408,46.6408,42.7393,0,0,0,57.9876,26.3553,2,-3.95746
1001.6,12426.5,72.2175,0.489625,17.9071,43.9688,2.78706,1636.17,0,0,895.263,517.515,48.5179,2,45.8485,49.9591,47.9591,43.9688,0,0,0,57.9865,26.3552,2,-4.11054
1001.7,12428.5,72.2335,0.484588,17.9169,44.7199,2.83547,1636.46,0,0,907.69,519.538,49.3837,2,46.6848,50.7645,48.7645,44.7199,0,0,0,57.9855,26.355,2,-4.07965
1001.8,12430.5,72.2508,0.479568,17.9265,45.242,2.87018,1636.74,0,0,912.016,523.762,50.0225,2,47.2877,51.3245,49.3245,45.242,0,0,0,57.9844,26.3549,2,-4.03681
1001.9,12432.5,72.2697,0.474565,17.9361,45.7711,2.90537,1637.04,0,0,917.41,527.383,50.6662,2,47.8984,51.8919,49.8919,45.7711,0,0,0,57.9834,26.3548,2,-3.99356
1002,12434.5,72.2901,0.469579,17.9456,45.6719,2.89902,1637.33,0,0,915.805,527.122,50.5525,2,47.7885,51.7859,49.7859,45.6719,0,0,0,57.9824,26.3546,2,-3.99744
1002.1,12436.5,72.3087,0.464611,17.955,44.6868,2.83382,1637.61,0,0,907.267,519.469,49.3541,2,46.6562,50.7301,48.7301,44.6868,0,0,0,57.9813,26.3545,2,-4.07381
1002.2,12438.5,72.3241,0.45966,17.9643,43.6798,2.77045,1637.89,0,0,891.493,516.503,48.2191,2,45.5614,49.6508,47.6508,43.6798,0,0,0,57.9802,26.3544,2,-4.0893
1002.3,12440.5,72.3378,0.454728,17.9734,42.8811,2.72924,1638.16,0,0,884.916,512.219,47.4665,2,44.8473,48.7947,46.7947,42.8811,0,0,0,57.9792,26.3542,2,-3.9474
1002.4,12442.5,72.3493,0.449814,17.9825,41.9068,2.66875,1638.43,0,0,869.198,509.486,46.3745,2,43.7933,47.7503,45.7503,41.9068,0,0,0,57.9782,26.3541,2,-3.95701
1002.5,12444.5,72.358,0.444919,17.9915,40.6331,2.58781,1638.68,0,0,855.864,501.079,44.9097,2,42.403,46.3851,44.3851,40.6331,0,0,0,57.9772,26.354,2,-3.98203
1002.6,12446.6,72.3632,0.440043,18.0004,39.4504,2.51452,1638.94,0,0,841.265,494.722,43.5836,2,41.1377,45.1175,43.1175,39.4504,0,0,0,57.9761,26.3538,2,-3.97982
1002.7,12448.6,72.3661,0.435186,18.0092,38.1573,2.43588,1639.18,0,0,822.847,489.403,42.1711,2,39.7826,43.7374,41.7374,38.1573,0,0,0,57.9751,26.3537,2,-3.95487
1002.8,12450.6,72.3648,0.430349,18.0179,36.8569,2.34698,1639.41,0,0,804.599,481.446,40.5654,2,38.2509,42.3495,40.3495,36.8569,0,0,0,57.9741,26.3536,2,-4.09856
1002.9,12452.6,72.3613,0.425533,18.0265,35.8666,2.28857,1639.64,0,0,792.951,475.805,39.5098,2,37.2457,41.2925,39.2925,35.8666,0,0,0,57.973,26.3534,2,-4.04681
1003,12454.6,72.3552,0.420736,18.035,35.3274,2.25681,1639.87,0,0,784.115,474.285,38.9447,2,36.7004,40.7168,38.7168,35.3274,0,0,0,57.972,26.3533,2,-4.01647
1003.1,12456.6,72.3492,0.41596,18.0434,35.785,2.28397,1640.1,0,0,791.659,475.595,39.428,2,37.1667,41.2051,39.2051,35.785,0,0,0,57.9709,26.3532,2,-4.03842
1003.2,12458.6,72.3458,0.411205,18.0517,37.4728,2.38707,1640.34,0,0,811.728,485.782,41.2934,2,38.9419,43.0065,41.0065,37.4728,0,0,0,57.9699,26.353,2,-4.06461
1003.3,12460.6,72.349,0.40647,18.06,39.8252,2.53211,1640.59,0,0,843.601,497.004,43.9062,2,41.4419,45.5188,43.5188,39.8252,0,0,0,57.9688,26.3529,2,-4.07687
1003.4,12462.6,72.3582,0.401755,18.0681,42.3111,2.67679,1640.86,0,0,871.419,509.875,46.5285,2,43.9419,48.1839,46.1839,42.3111,0,0,0,57.9677,26.3528,2,-4.24198
1003.5,12464.6,72.3746,0.39706,18.0761,44.8091,2.82141,1641.14,0,0,904.089,518.952,49.1323,2,46.4419,50.8621,48.8621,44.8091,0,0,0,57.9666,26.3526,2,-4.42019
1003.6,12466.7,72.397,0.392384,18.084,46.0662,2.9266,1641.43,0,0,922.765,528.255,51.0462,2,48.2655,52.2101,50.2101,46.0662,0,0,0,57.9656,26.3525,2,-3.94468
1003.7,12468.7,72.4202,0.387728,18.0919,45.6666,2.90059,1641.72,0,0,916.201,527.186,50.5805,2,47.8156,51.7821,49.7821,45.6666,0,0,0,57.9646,26.3524,2,-3.96646
1003.8,12470.7,72.4407,0.383091,18.0996,44.5863,2.82924,1642,0,0,906.094,519.278,49.2722,2,46.5771,50.6242,48.6242,44.5863,0,0,0,57.9635,26.3522,2,-4.04716
1003.9,12472.7,72.4584,0.378474,18.1073,43.4837,2.76181,1642.28,0,0,890.117,515.607,48.0611,2,45.4116,49.4425,47.4425,43.4837,0,0,0,57.9625,26.3521,2,-4.03087
1004,12474.7,72.4734,0.373878,18.1149,42.1813,2.68723,1642.55,0,0,874.152,510.32,46.7152,2,44.1222,48.0464,46.0464,42.1813,0,0,0,57.9615,26.352,2,-3.92419
1004.1,12476.7,72.4846,0.369302,18.1224,41.2587,2.62877,1642.81,0,0,864.092,504.498,45.6508,2,43.1107,47.0575,45.0575,41.2587,0,0,0,57.9604,26.3518,2,-3.94684
1004.2,12478.7,72.495,0.364746,18.1297,40.6868,2.59297,1643.07,0,0,857.236,501.303,45.0017,2,42.492,46.4447,44.4447,40.6868,0,0,0,57.9594,26.3517,2,-3.9527
1004.3,12480.7,72.5034,0.360212,18.137,39.7596,2.53555,1643.32,0,0,844.057,497.45,43.9693,2,41.5015,45.4507,43.4507,39.7596,0,0,0,57.9584,26.3516,2,-3.94924
1004.4,12482.8,72.5093,0.355699,18.1443,38.6566,2.46799,1643.57,0,0,831.544,490.857,42.7434,2,40.3351,44.2728,42.2728,38.6566,0,0,0,57.9574,26.3514,2,-3.93773
1004.5,12484.8,72.5122,0.351207,18.1514,38.108,2.4346,1643.81,0,0,822.557,489.309,42.1481,2,39.7606,43.6874,41.6874,38.108,0,0,0,57.9564,26.3513,2,-3.92685
1004.6,12486.8,72.5155,0.346738,18.1584,38.1849,2.43972,1644.06,0,0,823.848,489.604,42.2397,2,39.8487,43.7696,41.7696,38.1849,0,0,0,57.9553,26.3512,2,-3.9209
1004.7,12488.8,72.5191,0.34229,18.1653,38.5635,2.46266,1644.31,0,0,830.096,490.621,42.6484,2,40.2434,44.1737,42.1737,38.5635,0,0,0,57.9543,26.351,2,-3.93028
1004.8,12490.8,72.5247,0.337863,18.1722,39.3045,2.50788,1644.56,0,0,840.38,493.858,43.4617,2,41.0228,44.9646,42.9646,39.3045,0,0,0,57.9533,26.3509,2,-3.94186
1004.9,12492.8,72.5325,0.333459,18.179,39.9026,2.54509,1644.81,0,0,845.319,498.683,44.1442,2,41.6664,45.6045,43.6045,39.9026,0,0,0,57.9523,26.3508,2,-3.93813
1005,12494.8,72.5414,0.329076,18.1856,40.0497,2.55434,1645.07,0,0,846.939,499.626,44.3125,2,41.8263,45.7623,43.7623,40.0497,0,0,0,57.9513,26.3506,2,-3.93602
1005.1,12496.9,72.5501,0.324715,18.1922,40.3166,2.57095,1645.32,0,0,851.372,500.348,44.6088,2,42.1124,46.0486,44.0486,40.3166,0,0,0,57.9503,26.3505,2,-3.93612
1005.2,12498.9,72.5607,0.320376,18.1987,41.1522,2.62318,1645.59,0,0,863.366,503.788,45.5482,2,43.014,46.9445,44.9445,41.1522,0,0,0,57.9492,26.3504,2,-3.93059
1005.3,12500.9,72.574,0.316059,18.2051,42.4933,2.70834,1645.86,0,0,879.664,511.217,47.0924,2,44.4866,48.3824,46.3824,42.4933,0,0,0,57.9482,26.3502,2,-3.89586
1005.4,12502.9,72.5918,0.311764,18.2115,44.1716,2.80431,1646.14,0,0,899.7,518.237,48.8264,2,46.1465,50.1818,48.1818,44.1716,0,0,0,57.9472,26.3501,2,-4.03532
1005.5,12504.9,72.614,0.30749,18.2177,45.7932,2.91089,1646.43,0,0,918.803,527.61,50.7649,2,47.9938,51.9205,49.9205,45.7932,0,0,0,57.9462,26.35,2,-3.92676
1005.6,12506.9,72.6404,0.303238,18.2239,46.8466,2.98077,1646.73,0,0,933.495,532.222,52.0275,2,49.2044,53.0502,51.0502,46.8466,0,0,0,57.9452,26.3498,2,-3.84585
1005.7,12509,72.6682,0.299007,18.2299,46.8846,2.98347,1647.02,0,0,933.824,532.543,52.0773,2,49.2513,53.0913,51.0913,46.8846,0,0,0,57.9442,26.3497,2,-3.83996
1005.8,12511,72.6949,0.294798,18.2359,46.1816,2.9367,1647.32,0,0,925.308,528.669,51.227,2,48.4401,52.3381,50.3381,46.1816,0,0,0,57.9432,26.3496,2,-3.89796
1005.9,12513,72.7192,0.29061,18.2419,44.7911,2.84505,1647.6,0,0,908.887,520.706,49.56,2,46.8512,50.8478,48.8478,44.7911,0,0,0,57.9422,26.3494,2,-3.99661
1006,12515,72.7387,0.286444,18.2477,43.1775,2.74787,1647.88,0,0,887.895,514.159,47.8066,2,45.1701,49.1183,47.1183,43.1775,0,0,0,57.9411,26.3493,2,-3.94825
1006.1,12517,72.7549,0.282301,18.2534,41.939,2.67433,1648.14,0,0,870.764,509.768,46.4838,2,43.8988,47.7909,45.7909,41.939,0,0,0,57.9401,26.3491,2,-3.89212
1006.2,12519.1,72.7682,0.27818,18.2591,41.1317,2.62306,1648.41,0,0,863.35,503.773,45.546,2,43.0119,46.9257,44.9257,41.1317,0,0,0,57.9391,26.349,2,-3.9138
1006.3,12521.1,72.7803,0.274082,18.2647,40.5717,2.58812,1648.67,0,0,855.949,501.093,44.9153,2,42.4085,46.3256,44.3256,40.5717,0,0,0,57.9381,26.3489,2,-3.91706
1006.4,12523.1,72.7909,0.270007,18.2702,40.4698,2.58191,1648.92,0,0,854.294,500.824,44.8044,2,42.3014,46.2164,44.2164,40.4698,0,0,0,57.9371,26.3487,2,-3.91504
1006.5,12525.1,72.8027,0.265955,18.2756,40.6637,2.59405,1649.18,0,0,857.523,501.35,45.021,2,42.5106,46.4245,44.4245,40.6637,0,0,0,57.9361,26.3486,2,-3.91394
1006.6,12527.1,72.8145,0.261926,18.2809,40.5006,2.58403,1649.44,0,0,854.86,500.916,44.8423,2,42.338,46.2498,44.2498,40.5006,0,0,0,57.9351,26.3485,2,-3.9118
1006.7,12529.2,72.8257,0.257921,18.2862,40.6717,2.59476,1649.7,0,0,857.713,501.38,45.0337,2,42.5229,46.4335,44.4335,40.6717,0,0,0,57.9341,26.3483,2,-3.9106
1006.8,12531.2,72.8386,0.253938,18.2914,41.2829,2.63332,1649.96,0,0,864.684,505.076,45.7343,2,43.1895,47.0888,45.0888,41.2829,0,0,0,57.9331,26.3482,2,-3.89932
1006.9,12533.2,72.8531,0.249979,18.2965,41.6545,2.65708,1650.23,0,0,867.765,508.086,46.1708,2,43.6012,47.4874,45.4874,41.6545,0,0,0,57.9321,26.3481,2,-3.88619
1007,12535.2,72.8682,0.246043,18.3015,41.5287,2.64918,1650.5,0,0,866.741,507.086,46.0256,2,43.4643,47.3528,45.3528,41.5287,0,0,0,57.931,26.3479,2,-3.88852
1007.1,12537.3,72.8822,0.242131,18.3064,41.1785,2.62703,1650.76,0,0,863.866,504.277,45.6188,2,43.0805,46.9775,44.9775,41.1785,0,0,0,57.93,26.3478,2,-3.89704
1007.2,12539.3,72.8956,0.238241,18.3113,40.4555,2.58189,1651.02,0,0,854.289,500.823,44.8041,2,42.3011,46.2027,44.2027,40.4555,0,0,0,57.929,26.3477,2,-3.90163
1007.3,12541.3,72.9061,0.234376,18.3161,39.3263,2.51205,1651.27,0,0,840.936,494.4,43.5382,2,41.0949,44.9947,42.9947,39.3263,0,0,0,57.928,26.3475,2,-3.8998
1007.4,12543.3,72.9138,0.230534,18.3208,38.7239,2.47534,1651.51,0,0,833.54,491.182,42.8743,2,40.4616,44.352,42.352,38.7239,0,0,0,57.927,26.3474,2,-3.89041
1007.5,12545.4,72.9214,0.226716,18.3254,39.0957,2.49804,1651.76,0,0,839.069,492.577,43.2813,2,40.8527,44.7489,42.7489,39.0957,0,0,0,57.926,26.3473,2,-3.89621
1007.6,12547.4,72.9313,0.222923,18.33,39.9383,2.55031,1652.02,0,0,846.01,499.358,44.2401,2,41.7568,45.6489,43.6489,39.9383,0,0,0,57.925,26.3471,2,-3.89209
1007.7,12549.4,72.9435,0.219153,18.3344,40.9981,2.61624,1652.28,0,0,862.462,502.905,45.4208,2,42.8937,46.7851,44.7851,40.9981,0,0,0,57.924,26.347,2,-3.89139
1007.8,12551.4,72.959,0.215407,18.3388,42.0032,2.68019,1652.55,0,0,872.309,510.02,46.5893,2,44.0006,47.8628,45.8628,42.0032,0,0,0,57.923,26.3469,2,-3.86213
1007.9,12553.5,72.9766,0.211685,18.3432,42.2937,2.69865,1652.82,0,0,877.134,510.805,46.9191,2,44.3192,48.1745,46.1745,42.2937,0,0,0,57.922,26.3467,2,-3.85527
1008,12555.5,72.9938,0.207986,18.3474,42.2132,2.69367,1653.09,0,0,875.834,510.594,46.8302,2,44.2333,48.0884,46.0884,42.2132,0,0,0,57.921,26.3466,2,-3.85509
1008.1,12557.5,73.011,0.204311,18.3516,42.2974,2.6991,1653.36,0,0,877.253,510.825,46.9273,2,44.3271,48.1789,46.1789,42.2974,0,0,0,57.92,26.3465,2,-3.85182
1008.2,12559.6,73.0288,0.200661,18.3557,42.3076,2.69987,1653.63,0,0,877.452,510.857,46.9409,2,44.3403,48.1902,46.1902,42.3076,0,0,0,57.919,26.3463,2,-3.84993
1008.3,12561.6,73.0463,0.197034,18.3598,41.9306,2.67617,1653.9,0,0,871.259,509.849,46.5176,2,43.9314,47.7863,45.7863,41.9306,0,0,0,57.918,26.3462,2,-3.85488
1008.4,12563.6,73.0622,0.193431,18.3637,41.6177,2.65641,1654.16,0,0,867.677,508.001,46.1585,2,43.5895,47.4511,45.4511,41.6177,0,0,0,57.917,26.3461,2,-3.86155
1008.5,12565.6,73.0782,0.189853,18.3676,41.3782,2.64127,1654.43,0,0,865.716,506.085,45.8804,2,43.3273,47.1946,45.1946,41.3782,0,0,0,57.916,26.3459,2,-3.86736
1008.6,12567.7,73.0931,0.186298,18.3714,41.2824,2.63529,1654.69,0,0,864.94,505.327,45.7706,2,43.2237,47.0922,45.0922,41.2824,0,0,0,57.915,26.3458,2,-3.86845
1008.7,12569.7,73.1087,0.182768,18.3752,41.5044,2.64953,1654.95,0,0,866.786,507.13,46.032,2,43.4703,47.3303,45.3303,41.5044,0,0,0,57.914,26.3457,2,-3.86005
1008.8,12571.7,73.1249,0.179262,18.3788,42.0452,2.68396,1655.22,0,0,873.297,510.18,46.6567,2,44.0658,47.9103,45.9103,42.0452,0,0,0,57.913,26.3455,2,-3.84456
1008.9,12573.8,73.1435,0.175781,18.3825,42.8797,2.73511,1655.5,0,0,885.857,512.832,47.5737,2,44.9491,48.8051,46.8051,42.8797,0,0,0,57.912,26.3454,2,-3.85604
1009,12575.8,73.1641,0.172324,18.386,43.5569,2.77025,1655.77,0,0,891.46,516.481,48.2153,2,45.5579,49.5314,47.5314,43.5569,0,0,0,57.911,26.3453,2,-3.97348
1009.1,12577.8,73.1863,0.16889,18.3895,43.6469,2.77502,1656.05,0,0,892.219,516.975,48.3025,2,45.6406,49.6282,47.6282,43.6469,0,0,0,57.91,26.3451,2,-3.98758
1009.2,12579.9,73.2075,0.165482,18.3929,43.0367,2.74351,1656.32,0,0,887.199,513.706,47.727,2,45.0945,48.9744,46.9744,43.0367,0,0,0,57.909,26.345,2,-3.87987
1009.3,12581.9,73.2266,0.162097,18.3962,42.5045,2.71358,1656.6,0,0,881.029,511.439,47.186,2,44.5769,48.4041,46.4041,42.5045,0,0,0,57.908,26.3449,2,-3.8272
1009.4,12583.9,73.2452,0.158737,18.3995,42.5514,2.71667,1656.87,0,0,881.833,511.57,47.2412,2,44.6303,48.4548,46.4548,42.5514,0,0,0,57.907,26.3447,2,-3.82451
1009.5,12586,73.2647,0.155401,18.4026,42.6479,2.7229,1657.14,0,0,883.454,511.834,47.3524,2,44.7377,48.5584,46.5584,42.6479,0,0,0,57.906,26.3446,2,-3.82069
1009.6,12588,73.2839,0.15209,18.4058,42.7823,2.73075,1657.41,0,0,885.159,512.377,47.4941,2,44.8735,48.7028,46.7028,42.7823,0,0,0,57.905,26.3445,2,-3.82926
1009.7,12590,73.3041,0.148803,18.4088,43.3851,2.762,1657.69,0,0,890.148,515.627,48.0647,2,45.415,49.3493,47.3493,43.3851,0,0,0,57.904,26.3443,2,-3.9343
1009.8,12592.1,73.3265,0.145541,18.4118,43.6359,2.77511,1657.97,0,0,892.233,516.985,48.3042,2,45.6422,49.6184,47.6184,43.6359,0,0,0,57.903,26.3442,2,-3.97623
1009.9,12594.1,73.3482,0.142304,18.4148,43.0774,2.74627,1658.24,0,0,887.64,513.993,47.7775,2,45.1424,49.0201,47.0201,43.0774,0,0,0,57.902,26.3441,2,-3.87768
1010,12596.1,73.3678,0.13909,18.4176,42.5135,2.71497,1658.51,0,0,881.389,511.498,47.2107,2,44.6008,48.4159,46.4159,42.5135,0,0,0,57.901,26.3439,2,-3.8151
1010.1,12598.2,73.3866,0.135902,18.4204,42.3977,2.70775,1658.78,0,0,879.509,511.192,47.0818,2,44.4763,48.2922,46.2922,42.3977,0,0,0,57.9,26.3438,2,-3.81584
1010.2,12600.2,73.4057,0.132738,18.4232,42.5657,2.7185,1659.06,0,0,882.31,511.648,47.2739,2,44.6619,48.4725,46.4725,42.5657,0,0,0,57.899,26.3437,2,-3.81061
1010.3,12602.3,73.4256,0.129599,18.4259,42.9373,2.73941,1659.33,0,0,886.544,513.28,47.6522,2,45.0236,48.8712,46.8712,42.9373,0,0,0,57.898,26.3435,2,-3.84758
1010.4,12604.3,73.4467,0.126485,18.4285,43.1266,2.74929,1659.6,0,0,888.121,514.307,47.8325,2,45.1946,49.0743,47.0743,43.1266,0,0,0,57.897,26.3434,2,-3.87971
1010.5,12606.3,73.4676,0.123395,18.431,43.0528,2.74557,1659.88,0,0,887.528,513.92,47.7646,2,45.1302,48.9956,46.9956,43.0528,0,0,0,57.896,26.3433,2,-3.86537
1010.6,12608.4,73.4884,0.12033,18.4335,42.802,2.73272,1660.15,0,0,885.473,512.582,47.53,2,44.9076,48.727,46.727,42.802,0,0,0,57.895,26.3431,2,-3.81947
1010.7,12610.4,73.5081,0.11729,18.4359,42.1291,2.69145,1660.42,0,0,875.255,510.499,46.7906,2,44.1951,48.006,46.006,42.1291,0,0,0,57.8941,26.343,2,-3.81091
1010.8,12612.5,73.5255,0.114275,18.4383,41.8321,2.67302,1660.69,0,0,870.384,509.706,46.4579,2,43.8737,47.6879,45.6879,41.8321,0,0,0,57.8931,26.3429,2,-3.81422
1010.9,12614.5,73.5438,0.111285,18.4406,42.6497,2.72463,1660.96,0,0,883.906,511.908,47.3835,2,44.7677,48.5646,46.5646,42.6497,0,0,0,57.8921,26.3427,2,-3.79691
1011,12616.6,73.5655,0.108319,18.4428,44.1546,2.80968,1661.24,0,0,901.079,518.462,48.9224,2,46.2392,50.178,48.178,44.1546,0,0,0,57.8911,26.3426,2,-3.9388
1011.1,12618.6,73.5915,0.105379,18.445,45.5819,2.90364,1661.53,0,0,916.973,527.312,50.6353,2,47.8685,51.7084,49.7084,45.5819,0,0,0,57.8901,26.3425,2,-3.83991
1011.2,12620.6,73.6206,0.102462,18.4471,46.9275,2.99305,1661.83,0,0,934.99,533.682,52.2538,2,49.418,53.1512,51.1512,46.9275,0,0,0,57.8891,26.3423,2,-3.73316
1011.3,12622.7,73.6536,0.0995706,18.4492,47.5853,3.03187,1662.14,0,0,940.433,537.716,52.9553,2,50.0826,53.8567,51.8567,47.5853,0,0,0,57.8881,26.3422,2,-3.77404
1011.4,12624.7,73.6861,0.0967032,18.4512,46.8608,2.98879,1662.43,0,0,934.472,533.176,52.1754,2,49.3439,53.0806,51.0806,46.8608,0,0,0,57.8872,26.3421,2,-3.73672
1011.5,12626.8,73.7153,0.0938604,18.4532,44.925,2.86058,1662.72,0,0,910.822,522.596,49.8458,2,47.1209,51.006,49.006,44.925,0,0,0,57.8862,26.3419,2,-3.88511
1011.6,12628.8,73.7379,0.0910422,18.4551,42.3798,2.70838,1662.99,0,0,879.674,511.219,47.0931,2,44.4873,48.2783,46.2783,42.3798,0,0,0,57.8852,26.3418,2,-3.79099
1011.7,12630.9,73.7542,0.088249,18.4569,39.9084,2.55321,1663.25,0,0,846.639,499.577,44.2924,2,41.8069,45.6312,43.6312,39.9084,0,0,0,57.8842,26.3417,2,-3.82432
1011.8,12632.9,73.7642,0.085481,18.4587,38.373,2.45911,1663.49,0,0,829.132,490.464,42.5853,2,40.1824,43.9928,41.9928,38.373,0,0,0,57.8832,26.3415,2,-3.81039
1011.9,12635,73.7727,0.0827383,18.4604,37.7405,2.41792,1663.73,0,0,818.767,488.075,41.8481,2,39.4732,43.3179,41.3179,37.7405,0,0,0,57.8822,26.3414,2,-3.84477
1012,12637,73.7796,0.080021,18.4621,37.5426,2.40376,1663.97,0,0,815.542,487.025,41.5935,2,39.2294,43.1068,41.1068,37.5426,0,0,0,57.8812,26.3413,2,-3.87743
1012.1,12639.1,73.7873,0.0773291,18.4637,37.5317,2.4031,1664.21,0,0,815.391,486.975,41.5816,2,39.218,43.0953,41.0953,37.5317,0,0,0,57.8802,26.3411,2,-3.87735
1012.2,12641.1,73.7942,0.0746625,18.4652,37.0821,2.37095,1664.45,0,0,808.033,484.579,41.0037,2,38.6644,42.6157,40.6157,37.0821,0,0,0,57.8792,26.341,2,-3.95134
1012.3,12643.2,73.7998,0.0720213,18.4667,35.9304,2.30241,1664.68,0,0,796.829,476.437,39.7557,2,37.4831,41.3867,39.3867,35.9304,0,0,0,57.8782,26.3409,2,-3.90354
1012.4,12645.2,73.801,0.0694055,18.4682,34.4578,2.20826,1664.9,0,0,772.661,470.555,38.0739,2,35.8666,39.8152,37.8152,34.4578,0,0,0,57.8772,26.3407,2,-3.94861
1012.5,12647.3,73.7991,0.0668153,18.4696,33.916,2.17479,1665.12,0,0,766.508,466.778,37.4675,2,35.2913,39.2369,37.2369,33.916,0,0,0,57.8762,26.3406,2,-3.94559
1012.6,12649.3,73.7978,0.0642506,18.4709,34.3904,2.20381,1665.34,0,0,771.604,470.211,37.9941,2,35.7901,39.7432,37.7432,34.3904,0,0,0,57.8751,26.3405,2,-3.95306
1012.7,12651.4,73.7986,0.0617114,18.4722,35.6596,2.28691,1665.57,0,0,792.484,475.729,39.4802,2,37.2171,41.0977,39.0977,35.6596,0,0,0,57.8741,26.3403,2,-3.88056
1012.8,12653.4,73.8039,0.0591975,18.4735,37.2007,2.38013,1665.81,0,0,810.14,485.265,41.1687,2,38.8225,42.7424,40.7424,37.2007,0,0,0,57.8731,26.3402,2,-3.91991
1012.9,12655.5,73.8126,0.0567088,18.4747,38.3699,2.46002,1666.05,0,0,829.377,490.504,42.6013,2,40.1979,43.9903,41.9903,38.3699,0,0,0,57.8721,26.3401,2,-3.79237
1013,12657.5,73.8241,0.0542451,18.4758,38.9047,2.4925,1666.3,0,0,838.193,491.939,43.1802,2,40.7569,44.5613,42.5613,38.9047,0,0,0,57.8712,26.3399,2,-3.80438
1013.1,12659.6,73.8357,0.0518064,18.4769,38.8937,2.49194,1666.55,0,0,838.041,491.915,43.1702,2,40.7473,44.5498,42.5498,38.8937,0,0,0,57.8702,26.3398,2,-3.80253
1013.2,12661.6,73.8471,0.0493925,18.4779,38.739,2.48266,1666.8,0,0,835.528,491.506,43.0049,2,40.5877,44.3849,42.3849,38.739,0,0,0,57.8692,26.3397,2,-3.79726
1013.3,12663.7,73.8581,0.0470036,18.4789,38.7728,2.48481,1667.05,0,0,836.11,491.6,43.0432,2,40.6246,44.4211,42.4211,38.7728,0,0,0,57.8682,26.3395,2,-3.79649
1013.4,12665.7,73.8698,0.0446395,18.4798,39.4967,2.52945,1667.3,0,0,843.247,496.659,43.8573,2,41.3958,45.1939,43.1939,39.4967,0,0,0,57.8672,26.3394,2,-3.79807
1013.5,12667.8,73.8845,0.0423001,18.4807,40.8134,2.61107,1667.56,0,0,861.787,502.247,45.3258,2,42.8042,46.6015,44.6015,40.8134,0,0,0,57.8662,26.3393,2,-3.79732
1013.6,12669.8,73.9031,0.0399854,18.4816,42.2078,2.6996,1667.83,0,0,877.384,510.846,46.9362,2,44.3357,48.0964,46.0964,42.2078,0,0,0,57.8653,26.3391,2,-3.76063
1013.7,12671.9,73.925,0.0376951,18.4824,43.2434,2.75831,1668.11,0,0,889.559,515.243,47.9972,2,45.3509,49.2067,47.2067,43.2434,0,0,0,57.8643,26.339,2,-3.85579
1013.8,12673.9,73.9488,0.0354292,18.4831,44.0472,2.80589,1668.39,0,0,900.106,518.303,48.8547,2,46.1738,50.0686,48.0686,44.0472,0,0,0,57.8633,26.3389,2,-3.89481
1013.9,12676,73.9748,0.0331875,18.4838,44.5733,2.83999,1668.67,0,0,908.256,520.089,49.4669,2,46.7633,50.6329,48.6329,44.5733,0,0,0,57.8623,26.3387,2,-3.8696
1014,12678.1,74.0013,0.03097,18.4845,44.2952,2.82209,1668.96,0,0,904.262,518.98,49.1443,2,46.4536,50.3352,48.3352,44.2952,0,0,0,57.8613,26.3386,2,-3.88164
1014.1,12680.1,74.0259,0.0287767,18.4851,43.5588,2.77507,1669.23,0,0,892.225,516.98,48.3033,2,45.6414,49.5464,47.5464,43.5588,0,0,0,57.8603,26.3385,2,-3.90502
1014.2,12682.2,74.0487,0.0266076,18.4857,42.8099,2.73639,1669.51,0,0,886.062,512.965,47.5971,2,44.9713,48.744,46.744,42.8099,0,0,0,57.8593,26.3383,2,-3.77274
1014.3,12684.2,74.0695,0.0244626,18.4862,41.7841,2.6738,1669.77,0,0,870.609,509.743,46.4733,2,43.8886,47.6448,45.6448,41.7841,0,0,0,57.8583,26.3382,2,-3.7562
1014.4,12686.3,74.087,0.0223419,18.4867,40.5167,2.59365,1670.03,0,0,857.418,501.332,45.0139,2,42.5037,46.2867,44.2867,40.5167,0,0,0,57.8573,26.3381,2,-3.78296
1014.5,12688.3,74.1014,0.0202455,18.4871,39.5895,2.53649,1670.29,0,0,844.182,497.572,43.9866,2,41.5178,45.2972,43.2972,39.5895,0,0,0,57.8564,26.3379,2,-3.77946
1014.6,12690.4,74.1143,0.0181734,18.4875,38.8486,2.49089,1670.54,0,0,837.758,491.869,43.1515,2,40.7293,44.5068,42.5068,38.8486,0,0,0,57.8554,26.3378,2,-3.77754
1014.7,12692.5,74.1249,0.0161256,18.4879,37.9505,2.43668,1670.78,0,0,823.029,489.463,42.1855,2,39.7964,43.5485,41.5485,37.9505,0,0,0,57.8544,26.3377,2,-3.7521
1014.8,12694.5,74.1333,0.014102,18.4882,37.676,2.41695,1671.02,0,0,818.547,488.003,41.8306,2,39.4565,43.2557,41.2557,37.676,0,0,0,57.8534,26.3375,2,-3.79925
1014.9,12696.6,74.1427,0.0121027,18.4885,38.2337,2.45399,1671.27,0,0,827.738,490.237,42.494,2,40.0943,43.8511,41.8511,38.2337,0,0,0,57.8525,26.3374,2,-3.75683
1015,12698.6,74.154,0.0101276,18.4887,39.0946,2.50642,1671.52,0,0,840.186,493.668,43.4349,2,40.9976,44.7701,42.7701,39.0946,0,0,0,57.8515,26.3373,2,-3.7725
1015.1,12700.7,74.1678,0.00817646,18.4889,40.2163,2.57583,1671.77,0,0,852.675,500.56,44.696,2,42.1966,45.9672,43.9672,40.2163,0,0,0,57.8505,26.3371,2,-3.77062
1015.2,12702.8,74.1849,0.0062492,18.489,41.6279,2.66495,1672.04,0,0,868.758,509.056,46.312,2,43.7343,47.4792,45.4792,41.6279,0,0,0,57.8496,26.337,2,-3.74489
1015.3,12704.8,74.2059,0.00434566,18.4891,42.975,2.7459,1672.32,0,0,887.58,513.954,47.7706,2,45.1359,48.9235,46.9235,42.975,0,0,0,57.8486,26.3369,2,-3.78756
1015.4,12706.9,74.2299,0.0024657,18.4892,43.4982,2.77309,1672.59,0,0,891.912,516.776,48.2672,2,45.6072,49.4845,47.4845,43.4982,0,0,0,57.8476,26.3367,2,-3.87738
1015.5,12708.9,74.2535,0.000609213,18.4892,43.4028,2.76824,1672.87,0,0,891.14,516.273,48.1786,2,45.5231,49.3827,47.3827,43.4028,0,0,0,57.8466,26.3366,2,-3.85961
1015.6,12711,74.277,-0.00122385,18.4892,43.0632,2.75075,1673.15,0,0,888.354,514.459,47.8592,2,45.2199,49.0191,47.0191,43.0632,0,0,0,57.8456,26.3365,2,-3.79913
1015.7,12713.1,74.2989,-0.00303353,18.4892,42.9548,2.74524,1673.42,0,0,887.475,513.886,47.7586,2,45.1245,48.9032,46.9032,42.9548,0,0,0,57.8446,26.3363,2,-3.77872
1015.8,12715.1,74.3218,-0.00481989,18.4891,43.0396,2.74972,1673.69,0,0,888.19,514.351,47.8403,2,45.2021,48.9944,46.9944,43.0396,0,0,0,57.8436,26.3362,2,-3.79237
1015.9,12717.2,74.3441,-0.006583,18.489,43.2894,2.76274,1673.97,0,0,890.266,515.704,48.0782,2,45.4278,49.2625,47.2625,43.2894,0,0,0,57.8426,26.3361,2,-3.83471
1016,12719.3,74.3682,-0.00832294,18.4888,43.4635,2.77187,1674.25,0,0,891.718,516.65,48.245,2,45.5861,49.4496,47.4496,43.4635,0,0,0,57.8416,26.3359,2,-3.86349
1016.1,12721.3,74.3914,-0.0100398,18.4886,43.4456,2.77104,1674.53,0,0,891.586,516.564,48.2298,2,45.5717,49.4307,47.4307,43.4456,0,0,0,57.8406,26.3358,2,-3.85908
1016.2,12723.4,74.4155,-0.0117336,18.4884,43.3268,2.76498,1674.8,0,0,890.622,515.935,48.1191,2,45.4665,49.3038,47.3038,43.3268,0,0,0,57.8397,26.3357,2,-3.83722
1016.3,12725.5,74.438,-0.0134045,18.4882,42.9816,2.74721,1675.08,0,0,887.789,514.09,47.7945,2,45.1586,48.9342,46.9342,42.9816,0,0,0,57.8387,26.3355,2,-3.77558
1016.4,12727.5,74.4603,-0.0150525,18.4879,42.9378,2.74503,1675.35,0,0,887.443,513.865,47.7549,2,45.121,48.8875,46.8875,42.9378,0,0,0,57.8377,26.3354,2,-3.76654
1016.5,12729.6,74.4826,-0.0166777,18.4875,43.0889,2.75294,1675.63,0,0,888.705,514.687,47.8993,2,45.258,49.0499,47.0499,43.0889,0,0,0,57.8367,26.3353,2,-3.79185
1016.6,12731.7,74.5056,-0.0182802,18.4872,43.2565,2.76172,1675.9,0,0,890.102,515.597,48.0595,2,45.41,49.2298,47.2298,43.2565,0,0,0,57.8357,26.3351,2,-3.81979
1016.7,12733.7,74.5287,-0.01986,18.4868,43.378,2.76811,1676.18,0,0,891.12,516.26,48.1763,2,45.5209,49.3604,47.3604,43.378,0,0,0,57.8348,26.335,2,-3.83952
1016.8,12735.8,74.5523,-0.0214172,18.4863,43.5624,2.7783,1676.46,0,0,893.008,517.147,48.3613,2,45.6973,49.5585,47.5585,43.5624,0,0,0,57.8338,26.3349,2,-3.8612
1016.9,12737.9,74.5763,-0.022952,18.4859,43.9771,2.80501,1676.74,0,0,899.881,518.267,48.839,2,46.1587,50.0032,48.0032,43.9771,0,0,0,57.8328,26.3347,2,-3.84457
1017,12739.9,74.602,-0.0244645,18.4854,44.4554,2.83593,1677.02,0,0,907.749,519.593,49.3921,2,46.6928,50.5163,48.5163,44.4554,0,0,0,57.8318,26.3346,2,-3.82351
1017.1,12742,74.6284,-0.0259547,18.4849,44.9977,2.87198,1677.31,0,0,912.239,523.98,50.0555,2,47.3188,51.0979,49.0979,44.9977,0,0,0,57.8308,26.3345,2,-3.77908
1017.2,12744.1,74.6567,-0.0274228,18.4843,45.1572,2.88271,1677.6,0,0,913.57,525.281,50.253,2,47.5052,51.2693,49.2693,45.1572,0,0,0,57.8298,26.3343,2,-3.76403
1017.3,12746.2,74.6839,-0.0288688,18.4837,44.1669,2.81771,1677.88,0,0,903.14,518.797,49.0661,2,46.378,50.2084,48.2084,44.1669,0,0,0,57.8288,26.3342,2,-3.8304
1017.4,12748.2,74.7071,-0.0302928,18.4831,41.7714,2.67646,1678.15,0,0,871.335,509.861,46.5228,2,43.9364,47.6413,45.6413,41.7714,0,0,0,57.8279,26.3341,2,-3.70487
1017.5,12750.3,74.7221,-0.0316949,18.4825,38.6895,2.48457,1678.39,0,0,836.046,491.59,43.039,2,40.6206,44.3483,42.3483,38.6895,0,0,0,57.8269,26.3339,2,-3.7277
1017.6,12752.4,74.7298,-0.0330748,18.4818,35.9118,2.30706,1678.63,0,0,798.133,476.649,39.8385,2,37.5631,41.3844,39.3844,35.9118,0,0,0,57.8259,26.3338,2,-3.82134
1017.7,12754.5,74.7308,-0.0344327,18.4811,33.892,2.17894,1678.84,0,0,767.103,467.36,37.5434,2,35.3628,39.2291,37.2291,33.892,0,0,0,57.8249,26.3337,2,-3.86631
1017.8,12756.5,74.7284,-0.0357685,18.4804,32.555,2.09563,1679.05,0,0,750.737,458.406,36.0385,2,33.9328,37.803,35.803,32.555,0,0,0,57.8239,26.3335,2,-3.87014
1017.9,12758.6,74.7227,-0.0370824,18.4796,31.8857,2.05521,1679.26,0,0,739.822,455.882,35.319,2,33.2409,37.0923,35.0923,31.8857,0,0,0,57.8229,26.3334,2,-3.8514
1018,12760.7,74.717,-0.0383743,18.4788,32.1486,2.06994,1679.47,0,0,744.142,456.585,35.58,2,33.4929,37.3713,35.3713,32.1486,0,0,0,57.8219,26.3333,2,-3.87833
1018.1,12762.8,74.7128,-0.0396445,18.478,32.8442,2.11548,1679.68,0,0,755.551,459.973,36.3936,2,34.2728,38.1107,36.1107,32.8442,0,0,0,57.8209,26.3331,2,-3.83783
1018.2,12764.8,74.7107,-0.0408931,18.4772,33.5912,2.16216,1679.89,0,0,764.693,465.005,37.2369,2,35.0741,38.9078,36.9078,33.5912,0,0,0,57.8199,26.333,2,-3.83365
1018.3,12766.9,74.7104,-0.0421203,18.4763,34.5003,2.21863,1680.11,0,0,775.116,471.355,38.2598,2,36.0446,39.8778,37.8778,34.5003,0,0,0,57.819,26.3329,2,-3.83325
1018.4,12769,74.713,-0.0433262,18.4754,35.3876,2.27707,1680.34,0,0,789.719,475.279,39.3052,2,37.0482,40.8247,38.8247,35.3876,0,0,0,57.818,26.3327,2,-3.77652
1018.5,12771.1,74.7172,-0.044511,18.4745,35.596,2.28935,1680.57,0,0,793.169,475.841,39.5236,2,37.259,41.0472,39.0472,35.596,0,0,0,57.817,26.3326,2,-3.78814
1018.6,12773.2,74.7209,-0.0456749,18.4736,35.058,2.25783,1680.8,0,0,784.357,474.364,38.9631,2,36.718,40.4731,38.4731,35.058,0,0,0,57.816,26.3325,2,-3.7551
1018.7,12775.2,74.7225,-0.0468179,18.4726,34.3337,2.20751,1681.02,0,0,772.483,470.497,38.0605,2,35.8537,39.7003,37.7003,34.3337,0,0,0,57.815,26.3323,2,-3.84658
1018.8,12777.3,74.7226,-0.0479401,18.4717,33.8469,2.17732,1681.24,0,0,766.871,467.133,37.5138,2,35.335,39.1809,37.1809,33.8469,0,0,0,57.814,26.3322,2,-3.84591
1018.9,12779.4,74.7218,-0.0490417,18.4706,33.5858,2.16247,1681.45,0,0,764.739,465.05,37.2427,2,35.0795,38.9022,36.9022,33.5858,0,0,0,57.8131,26.3321,2,-3.82266
1019,12781.5,74.7207,-0.0501228,18.4696,33.7896,2.17421,1681.67,0,0,766.425,466.697,37.4571,2,35.2815,39.1196,37.1196,33.7896,0,0,0,57.8121,26.332,2,-3.83817
1019.1,12783.5,74.721,-0.0511835,18.4686,33.9318,2.18245,1681.89,0,0,767.606,467.851,37.6075,2,35.4232,39.2714,37.2714,33.9318,0,0,0,57.8111,26.3318,2,-3.84821
1019.2,12785.6,74.7206,-0.052224,18.4675,33.8395,2.17725,1682.11,0,0,766.861,467.122,37.5125,2,35.3337,39.1729,37.1729,33.8395,0,0,0,57.8101,26.3317,2,-3.83921
1019.3,12787.7,74.7205,-0.0532444,18.4664,34.0405,2.18887,1682.32,0,0,768.524,468.748,37.7247,2,35.5336,39.3874,37.3874,34.0405,0,0,0,57.8091,26.3316,2,-3.85382
1019.4,12789.8,74.7213,-0.0542449,18.4653,34.3947,2.21249,1682.55,0,0,773.662,470.881,38.1497,2,35.9391,39.7653,37.7653,34.3947,0,0,0,57.8081,26.3314,2,-3.8262
1019.5,12791.8,74.723,-0.0552256,18.4641,34.18,2.19773,1682.77,0,0,770.162,469.741,37.8852,2,35.6858,39.5363,37.5363,34.18,0,0,0,57.8071,26.3313,2,-3.85049
1019.6,12793.9,74.7228,-0.0561867,18.463,33.9465,2.18374,1682.98,0,0,767.79,468.031,37.631,2,35.4453,39.2871,37.2871,33.9465,0,0,0,57.8061,26.3312,2,-3.84176
1019.7,12796,74.7234,-0.0571282,18.4618,33.9074,2.18159,1683.2,0,0,767.483,467.73,37.5917,2,35.4083,39.2454,37.2454,33.9074,0,0,0,57.8051,26.331,2,-3.8371
1019.8,12798.1,74.723,-0.0580504,18.4606,33.3432,2.14943,1683.42,0,0,762.861,463.215,37.0047,2,34.8553,38.6434,36.6434,33.3432,0,0,0,57.8041,26.3309,2,-3.78807
1019.9,12800.1,74.7208,-0.0589534,18.4594,32.806,2.11477,1683.63,0,0,755.381,459.918,36.381,2,34.2608,38.07,36.07,32.806,0,0,0,57.8032,26.3308,2,-3.80924
1020,12802.2,74.7178,-0.0598372,18.4582,33.1738,2.1399,1683.84,0,0,761.449,461.894,36.8308,2,34.6915,38.4625,36.4625,33.1738,0,0,0,57.8022,26.3306,2,-3.77106
1020.1,12804.3,74.7176,-0.0607022,18.4569,33.6481,2.16709,1684.06,0,0,765.402,465.698,37.3269,2,35.1589,38.9686,36.9686,33.6481,0,0,0,57.8012,26.3305,2,-3.80974
1020.2,12806.4,74.717,-0.0615483,18.4557,33.476,2.15734,1684.27,0,0,764,464.328,37.149,2,34.9913,38.7849,36.7849,33.476,0,0,0,57.8002,26.3304,2,-3.79361
1020.3,12808.4,74.716,-0.0623758,18.4544,33.5711,2.16286,1684.49,0,0,764.794,465.104,37.2498,2,35.0862,38.8864,36.8864,33.5711,0,0,0,57.7992,26.3302,2,-3.80024
1020.4,12810.5,74.7159,-0.0631849,18.4531,33.7106,2.17092,1684.71,0,0,765.953,466.236,37.3969,2,35.2248,39.0353,37.0353,33.7106,0,0,0,57.7982,26.3301,2,-3.81043
1020.5,12812.6,74.7156,-0.0639756,18.4517,33.0778,2.13387,1684.92,0,0,759.996,461.421,36.7229,2,34.5881,38.36,36.36,33.0778,0,0,0,57.7973,26.33,2,-3.77188
1020.6,12814.7,74.7125,-0.0647482,18.4504,32.3161,2.08248,1685.13,0,0,747.535,457.363,35.8032,2,33.7075,37.549,35.549,32.3161,0,0,0,57.7963,26.3298,2,-3.8415
1020.7,12816.7,74.7084,-0.0655027,18.4491,31.8727,2.05688,1685.34,0,0,740.313,455.962,35.3487,2,33.2696,37.0783,35.0783,31.8727,0,0,0,57.7953,26.3297,2,-3.80872
1020.8,12818.8,74.703,-0.0662393,18.4477,31.4025,2.03083,1685.54,0,0,732.652,454.715,34.8872,2,32.824,36.579,34.579,31.4025,0,0,0,57.7943,26.3296,2,-3.75501
1020.9,12820.9,74.6967,-0.0669582,18.4463,31.223,2.01973,1685.74,0,0,729.742,453.906,34.6868,2,32.6318,36.3884,34.3884,31.223,0,0,0,57.7934,26.3294,2,-3.75657
1021,12823,74.6905,-0.0676596,18.4449,31.2676,2.02337,1685.94,0,0,730.494,454.273,34.7506,2,32.6925,36.4356,34.4356,31.2676,0,0,0,57.7924,26.3293,2,-3.74306
1021.1,12825,74.6845,-0.0683435,18.4435,31.1472,2.01396,1686.14,0,0,728.547,453.323,34.5855,2,32.5354,36.3076,34.3076,31.1472,0,0,0,57.7914,26.3292,2,-3.77215
1021.2,12827.1,74.6777,-0.0690101,18.4421,30.7023,1.97997,1686.34,0,0,721.3,449.783,33.9741,2,31.9536,35.8352,33.8352,30.7023,0,0,0,57.7904,26.329,2,-3.88157
1021.3,12829.2,74.6695,-0.0696597,18.4406,29.7805,1.91617,1686.53,0,0,706.259,443.921,32.8321,2,30.8635,34.8566,32.8566,29.7805,0,0,0,57.7894,26.3289,2,-3.99311
1021.4,12831.3,74.6582,-0.0702923,18.4392,28.3779,1.83757,1686.72,0,0,700,428.131,31.3837,2,29.5164,33.3675,31.3675,28.3779,0,0,0,57.7884,26.3288,2,-3.85106
1021.5,12833.3,74.643,-0.0709081,18.4377,27.4402,1.77971,1686.9,0,0,700,413.372,30.3018,2,28.5205,32.3718,30.3718,27.4402,0,0,0,57.7874,26.3286,2,-3.85136
1021.6,12835.4,74.6271,-0.0715073,18.4362,27.388,1.77705,1687.07,0,0,700,412.693,30.252,2,28.4746,32.316,30.316,27.388,0,0,0,57.7864,26.3285,2,-3.84141
1021.7,12837.5,74.6118,-0.07209,18.4348,27.6495,1.79221,1687.25,0,0,700,416.561,30.5355,2,28.7359,32.5932,30.5932,27.6495,0,0,0,57.7854,26.3284,2,-3.85737
1021.8,12839.6,74.5973,-0.0726564,18.4333,27.8199,1.80296,1687.43,0,0,700,419.302,30.7365,2,28.921,32.7739,30.7739,27.8199,0,0,0,57.7844,26.3282,2,-3.8529
1021.9,12841.6,74.5829,-0.0732067,18.4317,27.3472,1.77512,1687.61,0,0,700,412.201,30.2159,2,28.4413,32.2718,30.2718,27.3472,0,0,0,57.7834,26.3281,2,-3.83044
1022,12843.7,74.5661,-0.0737411,18.4302,26.2062,1.71193,1687.78,0,0,700,396.083,29.0344,2,27.3505,31.0602,29.0602,26.2062,0,0,0,57.7825,26.328,2,-3.70979
1022.1,12845.8,74.5461,-0.0742597,18.4287,24.8499,1.62711,1687.94,0,0,700,374.444,27.4482,2,25.881,29.62,27.62,24.8499,0,0,0,57.7815,26.3279,2,-3.73901
1022.2,12847.8,74.5226,-0.0747626,18.4272,23.3451,1.54628,1688.1,0,0,700,353.827,25.9368,2,24.4756,28.0293,26.0293,23.3451,0,0,0,57.7806,26.3277,2,-3.55371
1022.3,12849.9,74.4951,-0.0752501,18.4256,21.8112,1.54628,1688.25,0,0,700,353.827,25.9368,2,24.4756,26.4107,24.4107,21.8112,0,0,0,57.7801,26.3276,2,-1.9351
1022.4,12852,74.464,-0.0757223,18.424,20.7371,1.54628,1688.41,0,0,700,353.827,25.9368,2,24.4756,25.2769,23.2769,20.7371,0,0,0,57.7799,26.3274,2,-0.801314
1022.5,12854,74.4312,-0.0761793,18.4225,19.7413,1.54628,1688.56,0,0,700,353.827,25.9368,2,24.4756,24.2256,22.2256,19.7413,0,0,0,57.7799,26.3273,2,0.249943
1022.6,12856.1,74.3952,-0.0766214,18.4209,18.3823,1.54628,1688.72,0,0,700,353.827,25.9368,2,24.4756,22.7912,20.7912,18.3823,0,0,0,57.7803,26.3272,2,1.68441
1022.7,12858.2,74.3557,-0.0770487,18.4193,17.1959,1.54628,1688.87,0,0,700,353.827,25.9368,2,24.4756,21.5388,19.5388,17.1959,0,0,0,57.781,26.327,2,2.93682
1022.8,12860.2,74.3138,-0.0774614,18.4177,16.0559,1.54628,1689.03,0,0,700,353.827,25.9368,2,24.4756,20.3366,18.3366,16.0559,0,0,0,57.7821,26.3269,2,4.13904
1022.9,12862.3,74.2687,-0.0778597,18.4161,15.0234,1.54628,1689.18,0,0,700,353.827,25.9368,2,24.4756,19.2542,17.2542,15.0234,0,0,0,57.7833,26.3268,2,5.22138
1023,12864.4,74.2219,-0.0782438,18.4145,14.6588,1.54628,1689.34,0,0,700,353.827,25.9368,2,24.4756,18.8712,16.8712,14.6588,0,0,0,57.7847,26.3267,2,5.60439
1023.1,12866.4,74.1751,-0.0786138,18.4129,14.7943,1.54628,1689.49,0,0,700,353.827,25.9368,2,24.4756,19.0118,17.0118,14.7943,0,0,0,57.786,26.3265,2,5.46375
1023.2,12868.5,74.1292,-0.07897,18.4113,14.981,1.54628,1689.65,0,0,700,353.827,25.9368,2,24.4756,19.206,17.206,14.981,0,0,0,57.7873,26.3264,2,5.26957
1023.3,12870.5,74.0836,-0.0793126,18.4096,15.5659,1.54628,1689.8,0,0,700,353.827,25.9368,2,24.4756,19.8173,17.8173,15.5659,0,0,0,57.7884,26.3263,2,4.65828
1023.4,12872.6,74.0409,-0.0796417,18.408,16.2623,1.54628,1689.95,0,0,700,353.827,25.9368,2,24.4756,20.546,18.546,16.2623,0,0,0,57.7894,26.3261,2,3.9296
1023.5,12874.7,73.999,-0.0799576,18.4063,16.9743,1.54628,1690.11,0,0,700,353.827,25.9368,2,24.4756,21.296,19.296,16.9743,0,0,0,57.7902,26.326,2,3.17961
1023.6,12876.7,73.9601,-0.0802605,18.4047,17.5929,1.54628,1690.26,0,0,700,353.827,25.9368,2,24.4756,21.9475,19.9475,17.5929,0,0,0,57.7908,26.3259,2,2.52807
1023.7,12878.8,73.9216,-0.0805506,18.403,18.0966,1.54628,1690.42,0,0,700,353.827,25.9368,2,24.4756,22.4779,20.4779,18.0966,0,0,0,57.7913,26.3257,2,1.99768
1023.8,12880.8,73.8854,-0.0808281,18.4014,19.0771,1.54628,1690.57,0,0,700,353.827,25.9368,2,24.4756,23.5114,21.5114,19.0771,0,0,0,57.7915,26.3256,2,0.964205
1023.9,12882.9,73.8521,-0.0810931,18.3997,20.2178,1.54628,1690.73,0,0,700,353.827,25.9368,2,24.4756,24.7139,22.7139,20.2178,0,0,0,57.7914,26.3255,2,-0.238283
1024,12884.9,73.822,-0.081346,18.3981,21.1582,1.54628,1690.88,0,0,700,353.827,25.9368,2,24.4756,25.7052,23.7052,21.1582,0,0,0,57.7911,26.3253,2,-1.22957
1024.1,12887,73.7936,-0.0815869,18.3964,22.3615,1.54628,1691.04,0,0,700,353.827,25.9368,2,24.4756,26.9739,24.9739,22.3615,0,0,0,57.7905,26.3252,2,-2.49828
1024.2,12889,73.7697,-0.081816,18.3947,23.742,1.55637,1691.19,0,0,700,356.4,26.1255,2,24.6513,28.4295,26.4295,23.742,0,0,0,57.7895,26.3251,2,-3.7782
1024.3,12891.1,73.7486,-0.0820335,18.393,24.3153,1.59191,1691.35,0,0,700,365.466,26.7901,2,25.2696,29.0348,27.0348,24.3153,0,0,0,57.7885,26.3249,2,-3.76515
1024.4,12893.1,73.7278,-0.0822395,18.3914,24.7883,1.62158,1691.51,0,0,700,373.036,27.3449,2,25.7851,29.5364,27.5364,24.7883,0,0,0,57.7875,26.3248,2,-3.75129
1024.5,12895.2,73.7091,-0.0824344,18.3897,25.9228,1.69267,1691.68,0,0,700,391.168,28.6741,2,27.0172,30.7404,28.7404,25.9228,0,0,0,57.7866,26.3247,2,-3.72317
1024.6,12897.2,73.6942,-0.0826183,18.388,27.2005,1.76633,1691.86,0,0,700,409.957,30.0514,2,28.2897,32.0964,30.0964,27.2005,0,0,0,57.7856,26.3245,2,-3.80674
1024.7,12899.3,73.6822,-0.0827913,18.3863,28.5984,1.84913,1692.04,0,0,700,431.08,31.5998,2,29.7151,33.5802,31.5802,28.5984,0,0,0,57.7846,26.3244,2,-3.86507
1024.8,12901.3,73.6746,-0.0829537,18.3846,30.3983,1.95607,1692.24,0,0,716.17,447.277,33.5445,2,31.5449,35.4907,33.4907,30.3983,0,0,0,57.7836,26.3243,2,-3.94574
1024.9,12903.4,73.6718,-0.0831057,18.3829,32.4017,2.08831,1692.45,0,0,748.956,457.826,35.9075,2,33.8074,37.6185,35.6185,32.4017,0,0,0,57.7826,26.3241,2,-3.81114
1025,12905.4,73.6745,-0.0832475,18.3812,33.721,2.17194,1692.67,0,0,766.099,466.378,37.4155,2,35.2423,39.0266,37.0266,33.721,0,0,0,57.7816,26.324,2,-3.78426
1025.1,12907.4,73.6785,-0.0833791,18.3795,34.1012,2.19385,1692.89,0,0,769.24,469.441,37.8157,2,35.6192,39.4324,37.4324,34.1012,0,0,0,57.7806,26.3239,2,-3.81318
1025.2,12909.5,73.6831,-0.083501,18.3778,33.9945,2.1878,1693.1,0,0,768.372,468.599,37.7052,2,35.5152,39.3186,37.3186,33.9945,0,0,0,57.7797,26.3237,2,-3.8034
1025.3,12911.5,73.6865,-0.0836131,18.3761,33.6174,2.16628,1693.32,0,0,765.287,465.585,37.3123,2,35.1451,38.9162,36.9162,33.6174,0,0,0,57.7787,26.3236,2,-3.77112
1025.4,12913.6,73.6891,-0.0837157,18.3744,32.7661,2.11351,1693.53,0,0,755.075,459.818,36.3584,2,34.2391,38.0078,36.0078,32.7661,0,0,0,57.7777,26.3235,2,-3.7687
1025.5,12915.6,73.6883,-0.083809,18.3726,31.1822,2.01693,1693.73,0,0,729.163,453.623,34.6377,2,32.5851,36.3231,34.3231,31.1822,0,0,0,57.7767,26.3233,2,-3.73807
1025.6,12917.7,73.6828,-0.0838931,18.3709,29.5719,1.90278,1693.92,0,0,702.868,442.817,32.5932,2,30.6348,34.6136,32.6136,29.5719,0,0,0,57.7757,26.3232,2,-3.97879
1025.7,12919.7,73.6737,-0.0839683,18.3692,28.0415,1.81658,1694.11,0,0,700,422.776,30.9911,2,29.1554,32.9887,30.9887,28.0415,0,0,0,57.7747,26.3231,2,-3.83335
1025.8,12921.8,73.6604,-0.0840347,18.3675,26.5609,1.73381,1694.28,0,0,700,401.662,29.4434,2,27.7284,31.4167,29.4167,26.5609,0,0,0,57.7738,26.3229,2,-3.68832
1025.9,12923.8,73.6437,-0.0840924,18.3658,25.4237,1.6627,1694.45,0,0,700,383.523,28.1137,2,26.4982,30.2091,28.2091,25.4237,0,0,0,57.7728,26.3228,2,-3.71095
1026,12925.9,73.6247,-0.0841418,18.3641,24.9486,1.63303,1694.61,0,0,700,375.955,27.5589,2,25.9838,29.7044,27.7044,24.9486,0,0,0,57.7718,26.3227,2,-3.72064
1026.1,12927.9,73.6057,-0.0841829,18.3623,25.1357,1.64481,1694.77,0,0,700,378.959,27.7792,2,26.1881,29.9026,27.9026,25.1357,0,0,0,57.7709,26.3226,2,-3.71448
1026.2,12930,73.5877,-0.084216,18.3606,25.9738,1.69734,1694.94,0,0,700,392.36,28.7615,2,27.098,30.7919,28.7919,25.9738,0,0,0,57.7699,26.3224,2,-3.69387
1026.3,12932,73.5732,-0.0842412,18.3589,26.9316,1.75353,1695.12,0,0,700,406.693,29.8122,2,28.0689,31.8083,29.8083,26.9316,0,0,0,57.769,26.3223,2,-3.73938
1026.4,12934,73.5602,-0.0842588,18.3572,27.6943,1.79537,1695.3,0,0,700,417.366,30.5945,2,28.7902,32.6178,30.6178,27.6943,0,0,0,57.768,26.3222,2,-3.82756
1026.5,12936.1,73.5496,-0.0842689,18.3554,28.6779,1.85458,1695.48,0,0,700,432.469,31.7016,2,29.8086,33.6617,31.6617,28.6779,0,0,0,57.767,26.322,2,-3.85304
1026.6,12938.1,73.5417,-0.0842718,18.3537,29.6407,1.90802,1695.67,0,0,704.195,443.249,32.6866,2,30.7242,34.6836,32.6836,29.6407,0,0,0,57.766,26.3219,2,-3.95937
1026.7,12940.2,73.5361,-0.0842676,18.352,30.4699,1.96352,1695.87,0,0,717.772,448.059,33.6783,2,31.6723,35.5637,33.5637,30.4699,0,0,0,57.765,26.3218,2,-3.89145
1026.8,12942.2,73.5324,-0.0842564,18.3503,31.3042,2.02675,1696.07,0,0,731.433,454.516,34.8139,2,32.7533,36.4494,34.4494,31.3042,0,0,0,57.764,26.3216,2,-3.6961
1026.9,12944.3,73.5311,-0.0842386,18.3486,32.1597,2.07438,1696.28,0,0,745.441,456.797,35.6587,2,33.5688,37.3577,35.3577,32.1597,0,0,0,57.763,26.3215,2,-3.78883
1027,12946.3,73.5319,-0.0842142,18.3468,32.9791,2.12945,1696.49,0,0,758.929,461.073,36.6437,2,34.5123,38.2321,36.2321,32.9791,0,0,0,57.7621,26.3214,2,-3.71981
1027.1,12948.3,73.5348,-0.0841834,18.3451,33.563,2.16459,1696.71,0,0,765.044,465.348,37.2814,2,35.116,38.8554,36.8554,33.563,0,0,0,57.7611,26.3212,2,-3.73937
1027.2,12950.4,73.5386,-0.0841465,18.3434,33.3829,2.1544,1696.93,0,0,763.577,463.915,37.0953,2,34.9407,38.6632,36.6632,33.3829,0,0,0,57.7601,26.3211,2,-3.72249
1027.3,12952.4,73.5405,-0.0841037,18.3417,32.7056,2.11119,1697.14,0,0,754.512,459.635,36.3168,2,34.1993,37.9404,35.9404,32.7056,0,0,0,57.7592,26.321,2,-3.74112
1027.4,12954.5,73.5408,-0.084055,18.34,31.9321,2.06211,1697.34,0,0,741.846,456.212,35.4412,2,33.3589,37.1161,35.1161,31.9321,0,0,0,57.7582,26.3208,2,-3.7572
1027.5,12956.5,73.5388,-0.0840007,18.3382,30.8349,1.9923,1697.54,0,0,723.937,451.071,34.1959,2,32.1647,35.9513,33.9513,30.8349,0,0,0,57.7572,26.3207,2,-3.78653
1027.6,12958.6,73.5334,-0.0839411,18.3365,29.7493,1.91601,1697.73,0,0,706.218,443.908,32.8292,2,30.8607,34.7987,32.7987,29.7493,0,0,0,57.7562,26.3206,2,-3.93803
1027.7,12960.6,73.5258,-0.0838762,18.3348,29.1553,1.88042,1697.92,0,0,700,439.061,32.1848,2,30.2522,34.168,32.168,29.1553,0,0,0,57.7552,26.3205,2,-3.91576
1027.8,12962.6,73.5175,-0.0838062,18.3331,29.1376,1.87957,1698.11,0,0,700,438.845,32.169,2,30.2377,34.149,32.149,29.1376,0,0,0,57.7542,26.3203,2,-3.91137
1027.9,12964.7,73.5098,-0.0837315,18.3314,30.0021,1.93267,1698.3,0,0,710.42,445.276,33.1263,2,31.1451,35.0666,33.0666,30.0021,0,0,0,57.7532,26.3202,2,-3.92152
1028,12966.7,73.5059,-0.083652,18.3297,31.4088,2.03348,1698.51,0,0,733.435,454.842,34.9342,2,32.8694,36.5598,34.5598,31.4088,0,0,0,57.7522,26.3201,2,-3.69037
1028.1,12968.8,73.5055,-0.0835681,18.328,32.3917,2.09074,1698.72,0,0,749.547,458.018,35.9509,2,33.849,37.6048,35.6048,32.3917,0,0,0,57.7512,26.3199,2,-3.75577
1028.2,12970.8,73.5067,-0.0834799,18.3263,32.9616,2.12948,1698.93,0,0,758.936,461.076,36.6442,2,34.5128,38.213,36.213,32.9616,0,0,0,57.7503,26.3198,2,-3.70018
1028.3,12972.9,73.5092,-0.0833875,18.3246,33.3466,2.15326,1699.14,0,0,763.413,463.754,37.0745,2,34.9211,38.6239,36.6239,33.3466,0,0,0,57.7493,26.3197,2,-3.70278
1028.4,12974.9,73.5123,-0.0832913,18.3229,33.2314,2.14678,1699.36,0,0,762.479,462.842,36.9563,2,34.8098,38.501,36.501,33.2314,0,0,0,57.7484,26.3195,2,-3.69122
1028.5,12976.9,73.5142,-0.0831913,18.3212,32.6578,2.10916,1699.57,0,0,754.02,459.475,36.2805,2,34.1645,37.8889,35.8889,32.6578,0,0,0,57.7474,26.3194,2,-3.7244
1028.6,12979,73.5144,-0.0830877,18.3195,32.487,2.0977,1699.78,0,0,751.238,458.569,36.0754,2,33.9681,37.7066,35.7066,32.487,0,0,0,57.7464,26.3193,2,-3.7385
1028.7,12981,73.5154,-0.0829808,18.3178,33.0205,2.13401,1699.99,0,0,760.029,461.431,36.7253,2,34.5904,38.276,36.276,33.0205,0,0,0,57.7455,26.3191,2,-3.68555
1028.8,12983.1,73.5183,-0.0828707,18.3161,33.8532,2.18267,1700.21,0,0,767.638,467.882,37.6115,2,35.427,39.1648,37.1648,33.8532,0,0,0,57.7445,26.319,2,-3.73784
1028.9,12985.1,73.5235,-0.0827575,18.3144,34.8689,2.25103,1700.44,0,0,782.758,473.843,38.841,2,36.6011,40.2488,38.2488,34.8689,0,0,0,57.7436,26.3189,2,-3.64769
1029,12987.1,73.5316,-0.0826416,18.3127,36.314,2.33731,1700.67,0,0,803.264,480.142,40.3884,2,38.0841,41.7912,39.7912,36.314,0,0,0,57.7426,26.3187,2,-3.70704
1029.1,12989.2,73.5442,-0.082523,18.311,37.8774,2.4423,1700.91,0,0,824.551,489.718,42.2856,2,39.893,43.4599,41.4599,37.8774,0,0,0,57.7417,26.3186,2,-3.56687
1029.2,12991.2,73.5602,-0.0824019,18.3093,38.9743,2.50901,1701.16,0,0,840.532,494.006,43.4825,2,41.0424,44.6308,42.6308,38.9743,0,0,0,57.7408,26.3185,2,-3.58837
1029.3,12993.3,73.5784,-0.0822786,18.3076,39.5291,2.54346,1701.42,0,0,845.104,498.472,44.1143,2,41.6382,45.2232,43.2232,39.5291,0,0,0,57.7399,26.3183,2,-3.58498
1029.4,12995.3,73.5972,-0.0821531,18.306,39.3418,2.53195,1701.67,0,0,843.58,496.984,43.9033,2,41.4392,45.0237,43.0237,39.3418,0,0,0,57.7389,26.3182,2,-3.5845
1029.5,12997.4,73.6143,-0.0820258,18.3043,38.2716,2.46651,1701.92,0,0,831.142,490.791,42.717,2,40.3096,43.8818,41.8818,38.2716,0,0,0,57.738,26.3181,2,-3.5722
1029.6,12999.4,73.6274,-0.0818966,18.3026,36.7733,2.36531,1702.16,0,0,807.123,483.912,40.901,2,38.5673,42.2832,40.2832,36.7733,0,0,0,57.737,26.318,2,-3.71587
1029.7,13001.5,73.6367,-0.081766,18.3009,35.4988,2.28993,1702.38,0,0,793.331,475.867,39.5338,2,37.2689,40.9231,38.9231,35.4988,0,0,0,57.7361,26.3178,2,-3.65419
1029.8,13003.5,73.6433,-0.081634,18.2993,34.2463,2.20875,1702.61,0,0,772.778,470.593,38.0828,2,35.8751,39.5865,37.5865,34.2463,0,0,0,57.7351,26.3177,2,-3.71149
1029.9,13005.5,73.6461,-0.0815008,18.2976,32.5365,2.10249,1702.82,0,0,752.403,458.948,36.1612,2,34.0503,37.7619,35.7619,32.5365,0,0,0,57.7342,26.3176,2,-3.71159
1030,13007.6,73.6439,-0.0813666,18.2959,30.6616,1.98209,1703.01,0,0,721.754,450.004,34.0122,2,31.9899,35.7695,33.7695,30.6616,0,0,0,57.7332,26.3174,2,-3.77961
1030.1,13009.6,73.6371,-0.0812317,18.2943,29.3381,1.89206,1703.2,0,0,700.146,441.931,32.402,2,30.4518,34.3644,32.3644,29.3381,0,0,0,57.7322,26.3173,2,-3.91261
1030.2,13011.7,73.6281,-0.0810961,18.2926,28.7609,1.86191,1703.39,0,0,700,434.341,31.8388,2,29.9346,33.7515,31.7515,28.7609,0,0,0,57.7312,26.3172,2,-3.81686
1030.3,13013.7,73.6185,-0.0809602,18.291,28.3644,1.84109,1703.57,0,0,700,429.028,31.4494,2,29.5769,33.3304,31.3304,28.3644,0,0,0,57.7302,26.317,2,-3.75354
1030.4,13015.8,73.6075,-0.080824,18.2893,28.2958,1.83687,1703.76,0,0,700,427.953,31.3706,2,29.5044,33.2573,31.2573,28.2958,0,0,0,57.7293,26.3169,2,-3.7529
1030.5,13017.8,73.5975,-0.0806878,18.2876,28.9928,1.87421,1703.94,0,0,700,437.478,32.0688,2,30.1458,33.997,31.997,28.9928,0,0,0,57.7283,26.3168,2,-3.85118
1030.6,13019.9,73.5901,-0.0805517,18.286,29.6578,1.9131,1704.14,0,0,705.483,443.668,32.7773,2,30.811,34.7028,32.7028,29.6578,0,0,0,57.7273,26.3166,2,-3.89179
1030.7,13021.9,73.5836,-0.080416,18.2844,29.8792,1.92752,1704.33,0,0,709.124,444.854,33.0346,2,31.0573,34.9377,32.9377,29.8792,0,0,0,57.7263,26.3165,2,-3.88044
1030.8,13023.9,73.5773,-0.0802807,18.2827,30.5503,1.97444,1704.53,0,0,720.115,449.204,33.8746,2,31.859,35.6499,33.6499,30.5503,0,0,0,57.7253,26.3164,2,-3.79092
1030.9,13026,73.5743,-0.0801461,18.2811,31.7992,2.05769,1704.73,0,0,740.551,456.001,35.363,2,33.2834,36.9757,34.9757,31.7992,0,0,0,57.7243,26.3162,2,-3.69228
1031,13028,73.5745,-0.0800124,18.2794,33.2262,2.14877,1704.95,0,0,762.766,463.122,36.9926,2,34.844,38.4967,36.4967,33.2262,0,0,0,57.7234,26.3161,2,-3.65274
1031.1,13030.1,73.5787,-0.0798797,18.2778,34.7292,2.24364,1705.17,0,0,781.019,473.277,38.7084,2,36.4741,40.1007,38.1007,34.7292,0,0,0,57.7225,26.316,2,-3.62657
1031.2,13032.1,73.5866,-0.0797481,18.2762,35.6562,2.30043,1705.4,0,0,796.276,476.347,39.7206,2,37.4493,41.0902,39.0902,35.6562,0,0,0,57.7215,26.3159,2,-3.6409
1031.3,13034.2,73.5955,-0.079618,18.2745,35.5612,2.29496,1705.63,0,0,794.742,476.097,39.6233,2,37.3553,40.9889,38.9889,35.5612,0,0,0,57.7206,26.3157,2,-3.63366
1031.4,13036.2,73.6029,-0.0794893,18.2729,34.9917,2.26176,1705.86,0,0,785.411,474.578,39.0331,2,36.7854,40.3813,38.3813,34.9917,0,0,0,57.7196,26.3156,2,-3.59587
1031.5,13038.3,73.6088,-0.0793624,18.2713,34.0978,2.20021,1706.08,0,0,770.75,469.933,37.9296,2,35.7284,39.4275,37.4275,34.0978,0,0,0,57.7187,26.3155,2,-3.69914
1031.6,13040.3,73.6115,-0.0792374,18.2697,32.724,2.1169,1706.29,0,0,755.896,460.086,36.4191,2,34.2973,37.9614,35.9614,32.724,0,0,0,57.7177,26.3153,2,-3.66417
1031.7,13042.3,73.6104,-0.0791145,18.268,31.5019,2.04185,1706.49,0,0,735.898,455.243,35.0824,2,33.0126,36.6609,34.6609,31.5019,0,0,0,57.7168,26.3152,2,-3.64837
1031.8,13044.4,73.6069,-0.0789938,18.2664,31.0412,2.01323,1706.69,0,0,728.392,453.247,34.5723,2,32.5229,36.1718,34.1718,31.0412,0,0,0,57.7159,26.3151,2,-3.64891
1031.9,13046.4,73.6034,-0.0788756,18.2648,31.1946,2.02517,1706.9,0,0,730.92,454.433,34.7831,2,32.7236,36.3345,34.3345,31.1946,0,0,0,57.7149,26.3149,2,-3.61089
1032,13048.5,73.6007,-0.0787601,18.2632,31.5778,2.04631,1707.1,0,0,737.207,455.456,35.1613,2,33.0887,36.7413,34.7413,31.5778,0,0,0,57.714,26.3148,2,-3.65258
1032.1,13050.5,73.5992,-0.0786473,18.2616,32.0884,2.07484,1707.31,0,0,745.576,456.819,35.6668,2,33.5767,37.2833,35.2833,32.0884,0,0,0,57.713,26.3147,2,-3.70654
1032.2,13052.6,73.599,-0.0785374,18.26,32.521,2.10372,1707.52,0,0,752.701,459.045,36.1832,2,34.0714,37.7445,35.7445,32.521,0,0,0,57.7121,26.3145,2,-3.67313
1032.3,13054.6,73.5998,-0.0784307,18.2584,32.5137,2.10333,1707.73,0,0,752.606,459.014,36.1762,2,34.0646,37.7367,35.7367,32.5137,0,0,0,57.7111,26.3144,2,-3.67209
1032.4,13056.7,73.5996,-0.0783273,18.2568,32.1201,2.07687,1707.94,0,0,746.168,456.918,35.7028,2,33.6115,37.3169,35.3169,32.1201,0,0,0,57.7102,26.3143,2,-3.70547
1032.5,13058.7,73.5983,-0.0782274,18.2552,31.7601,2.05686,1708.14,0,0,740.308,455.961,35.3483,2,33.2692,36.9347,34.9347,31.7601,0,0,0,57.7092,26.3141,2,-3.66551
1032.6,13060.7,73.5962,-0.0781312,18.2536,31.5793,2.04688,1708.35,0,0,737.376,455.484,35.1715,2,33.0985,36.7427,34.7427,31.5793,0,0,0,57.7083,26.314,2,-3.64424
1032.7,13062.8,73.594,-0.0780387,18.252,31.3521,2.03434,1708.55,0,0,733.686,454.883,34.9493,2,32.884,36.5015,34.5015,31.3521,0,0,0,57.7073,26.3139,2,-3.61748
1032.8,13064.8,73.5908,-0.0779503,18.2504,31.1469,2.02271,1708.75,0,0,730.356,454.206,34.7389,2,32.6814,36.2837,34.2837,31.1469,0,0,0,57.7064,26.3138,2,-3.60224
1032.9,13066.9,73.5876,-0.077866,18.2488,30.957,2.00797,1708.95,0,0,727.274,452.701,34.4777,2,32.4328,36.0819,34.0819,30.957,0,0,0,57.7055,26.3136,2,-3.64909
1033,13068.9,73.5834,-0.077786,18.2472,30.5268,1.97514,1709.15,0,0,720.266,449.278,33.8873,2,31.8711,35.6252,33.6252,30.5268,0,0,0,57.7045,26.3135,2,-3.7541
1033.1,13071,73.5779,-0.0777106,18.2456,29.912,1.93195,1709.34,0,0,710.24,445.218,33.1136,2,31.1329,34.9723,32.9723,29.912,0,0,0,57.7035,26.3134,2,-3.83944
1033.2,13073,73.5706,-0.0776398,18.244,29.103,1.88204,1709.53,0,0,700,439.474,32.2151,2,30.28,34.1134,32.1134,29.103,0,0,0,57.7025,26.3132,2,-3.83334
1033.3,13075.1,73.5611,-0.0775738,18.2425,28.3035,1.84002,1709.72,0,0,700,428.755,31.4294,2,29.5584,33.2645,31.2645,28.3035,0,0,0,57.7016,26.3131,2,-3.70608
1033.4,13077.1,73.5497,-0.0775128,18.2409,27.8779,1.81345,1709.9,0,0,700,421.979,30.9327,2,29.1016,32.8124,30.8124,27.8779,0,0,0,57.7006,26.313,2,-3.71085
1033.5,13079.1,73.538,-0.077457,18.2393,27.8655,1.81276,1710.08,0,0,700,421.801,30.9197,2,29.0896,32.799,30.799,27.8655,0,0,0,57.6996,26.3128,2,-3.70943
1033.6,13081.2,73.5266,-0.0774065,18.2377,28.0721,1.82577,1710.26,0,0,700,425.12,31.1629,2,29.3134,33.0181,31.0181,28.0721,0,0,0,57.6987,26.3127,2,-3.70464
1033.7,13083.2,73.5161,-0.0773615,18.2361,28.4202,1.84676,1710.45,0,0,700,430.475,31.5555,2,29.6743,33.3874,31.3874,28.4202,0,0,0,57.6977,26.3126,2,-3.71304
1033.8,13085.3,73.5065,-0.0773221,18.2345,28.8892,1.87129,1710.63,0,0,700,436.734,32.0143,2,30.0957,33.8851,31.8851,28.8892,0,0,0,57.6967,26.3124,2,-3.78943
1033.9,13087.3,73.4984,-0.0772885,18.233,29.1427,1.88459,1710.82,0,0,700,440.124,32.2628,2,30.3237,34.154,32.154,29.1427,0,0,0,57.6958,26.3123,2,-3.83024
1034,13089.4,73.4902,-0.0772609,18.2314,28.778,1.86564,1711.01,0,0,700,435.29,31.9085,2,29.9986,33.7667,31.7667,28.778,0,0,0,57.6948,26.3122,2,-3.76813
1034.1,13091.4,73.4802,-0.0772394,18.2298,28.187,1.83337,1711.19,0,0,700,427.061,31.3052,2,29.4443,33.139,31.139,28.187,0,0,0,57.6938,26.3121,2,-3.69476
1034.2,13093.4,73.469,-0.0772241,18.2282,27.8177,1.81034,1711.37,0,0,700,421.185,30.8745,2,29.048,32.7468,30.7468,27.8177,0,0,0,57.6929,26.3119,2,-3.69877
1034.3,13095.5,73.4572,-0.0772153,18.2267,27.0429,1.76551,1711.55,0,0,700,409.75,30.0362,2,28.2756,31.924,29.924,27.0429,0,0,0,57.6919,26.3118,2,-3.6484
1034.4,13097.5,73.4421,-0.077213,18.2251,26.0299,1.70841,1711.72,0,0,700,395.183,28.9684,2,27.2895,30.8483,28.8483,26.0299,0,0,0,57.691,26.3117,2,-3.55887
1034.5,13099.6,73.4252,-0.0772174,18.2235,25.6934,1.68741,1711.89,0,0,700,389.826,28.5758,2,26.9262,30.4907,28.4907,25.6934,0,0,0,57.6901,26.3115,2,-3.56449
1034.6,13101.6,73.4084,-0.0772288,18.2219,25.9576,1.70402,1712.06,0,0,700,394.063,28.8863,2,27.2135,30.7708,28.7708,25.9576,0,0,0,57.6892,26.3114,2,-3.55727
1034.7,13103.6,73.3929,-0.0772471,18.2204,26.7786,1.75196,1712.23,0,0,700,406.293,29.7828,2,28.0418,31.6421,29.6421,26.7786,0,0,0,57.6882,26.3113,2,-3.60025
1034.8,13105.7,73.3805,-0.0772726,18.2188,28.512,1.85226,1712.42,0,0,700,431.878,31.6583,2,29.7688,33.4819,31.4819,28.512,0,0,0,57.6873,26.3111,2,-3.71312
1034.9,13107.7,73.3739,-0.0773055,18.2172,30.3972,1.96712,1712.62,0,0,718.545,448.437,33.743,2,31.7338,35.4831,33.4831,30.3972,0,0,0,57.6863,26.311,2,-3.74931
1035,13109.7,73.3712,-0.0773458,18.2156,31.2246,2.02892,1712.82,0,0,732.091,454.623,34.8534,2,32.7915,36.3614,34.3614,31.2246,0,0,0,57.6854,26.3109,2,-3.56993
1035.1,13111.8,73.369,-0.0773937,18.2141,31.3664,2.03687,1713.02,0,0,734.432,455.004,34.9942,2,32.9273,36.5119,34.5119,31.3664,0,0,0,57.6845,26.3107,2,-3.58455
1035.2,13113.8,73.367,-0.0774494,18.2125,31.5634,2.0479,1713.23,0,0,737.676,455.533,35.1896,2,33.116,36.7211,34.7211,31.5634,0,0,0,57.6835,26.3106,2,-3.60511
1035.3,13115.9,73.3658,-0.077513,18.2109,31.2327,2.02961,1713.43,0,0,732.294,454.656,34.8656,2,32.8033,36.37,34.37,31.2327,0,0,0,57.6826,26.3105,2,-3.56671
1035.4,13117.9,73.3621,-0.0775847,18.2093,30.1336,1.94831,1713.63,0,0,714.352,446.557,33.4055,2,31.4123,35.203,33.203,30.1336,0,0,0,57.6816,26.3104,2,-3.79076
1035.5,13119.9,73.3553,-0.0776645,18.2077,29.3441,1.89728,1713.82,0,0,701.472,442.362,32.495,2,30.5409,34.3648,32.3648,29.3441,0,0,0,57.6806,26.3102,2,-3.8239
1035.6,13122,73.3476,-0.0777527,18.2062,28.4674,1.85052,1714,0,0,700,431.434,31.6258,2,29.7389,33.4339,31.4339,28.4674,0,0,0,57.6797,26.3101,2,-3.69497
1035.7,13124,73.3363,-0.0778494,18.2046,26.5271,1.73955,1714.17,0,0,700,403.128,29.5508,2,27.8277,31.3738,29.3738,26.5271,0,0,0,57.6788,26.31,2,-3.54617
1035.8,13126,73.3186,-0.0779547,18.203,24.825,1.63411,1714.34,0,0,700,376.231,27.5792,2,26.0026,29.5664,27.5664,24.825,0,0,0,57.6779,26.3098,2,-3.56387
1035.9,13128.1,73.2986,-0.0780687,18.2014,24.3501,1.60446,1714.5,0,0,700,368.666,27.0246,2,25.4877,29.0619,27.0619,24.3501,0,0,0,57.6769,26.3097,2,-3.57428
1036,13130.1,73.2787,-0.0781916,18.1998,24.3012,1.60145,1714.66,0,0,700,367.901,26.9685,2,25.4355,29.0095,27.0095,24.3012,0,0,0,57.676,26.3096,2,-3.57399
1036.1,13132.2,73.2585,-0.0783235,18.1982,24.2962,1.60121,1714.82,0,0,700,367.837,26.9639,2,25.4312,29.0038,27.0038,24.2962,0,0,0,57.6751,26.3094,2,-3.57256
1036.2,13134.2,73.2386,-0.0784645,18.1966,24.3338,1.60363,1714.98,0,0,700,368.455,27.0092,2,25.4733,29.0433,27.0433,24.3338,0,0,0,57.6742,26.3093,2,-3.57002
1036.3,13136.2,73.2188,-0.0786148,18.195,24.2803,1.60034,1715.14,0,0,700,367.617,26.9478,2,25.4162,28.9861,26.9861,24.2803,0,0,0,57.6732,26.3092,2,-3.56985
1036.4,13138.3,73.1987,-0.0787744,18.1934,24.0575,1.58646,1715.3,0,0,700,364.076,26.6882,2,25.1749,28.7491,26.7491,24.0575,0,0,0,57.6723,26.309,2,-3.57419
1036.5,13140.3,73.1779,-0.0789436,18.1918,24.2718,1.59994,1715.46,0,0,700,367.514,26.9402,2,25.4092,28.9761,26.9761,24.2718,0,0,0,57.6714,26.3089,2,-3.56695
1036.6,13142.3,73.159,-0.0791224,18.1902,25.5877,1.68238,1715.63,0,0,700,388.543,28.4817,2,26.8391,30.3727,28.3727,25.5877,0,0,0,57.6705,26.3088,2,-3.53364
1036.7,13144.4,73.145,-0.0793109,18.1886,27.8969,1.81717,1715.81,0,0,700,422.928,31.0022,2,29.1656,32.8239,30.8239,27.8969,0,0,0,57.6695,26.3087,2,-3.65825
1036.8,13146.4,73.1382,-0.0795094,18.187,30.4983,1.96316,1716,0,0,717.695,448.021,33.6719,2,31.6661,35.5855,33.5855,30.4983,0,0,0,57.6685,26.3085,2,-3.91935
1036.9,13148.4,73.1377,-0.0797179,18.1854,32.5787,2.10925,1716.21,0,0,754.043,459.482,36.2822,2,34.1661,37.7976,35.7976,32.5787,0,0,0,57.6676,26.3084,2,-3.63142
1037,13150.5,73.1416,-0.0799367,18.1837,33.7733,2.18468,1716.43,0,0,767.925,468.162,37.6481,2,35.4615,39.0726,37.0726,33.7733,0,0,0,57.6666,26.3083,2,-3.61111
1037.1,13152.5,73.1472,-0.0801657,18.1821,33.7615,2.18409,1716.65,0,0,767.84,468.08,37.6374,2,35.4513,39.06,37.06,33.7615,0,0,0,57.6657,26.3081,2,-3.60874
1037.2,13154.5,73.1511,-0.0804052,18.1805,33.0008,2.14072,1716.87,0,0,761.603,461.986,36.8456,2,34.7055,38.2482,36.2482,33.0008,0,0,0,57.6648,26.308,2,-3.54271
1037.3,13156.5,73.1528,-0.0806553,18.1788,32.3217,2.0948,1717.08,0,0,750.534,458.339,36.0235,2,33.9185,37.5235,35.5235,32.3217,0,0,0,57.6639,26.3079,2,-3.60505
1037.4,13158.6,73.1531,-0.0809161,18.1772,31.933,2.07005,1717.28,0,0,744.174,456.591,35.582,2,33.4948,37.1089,35.1089,31.933,0,0,0,57.6629,26.3077,2,-3.61409
1037.5,13160.6,73.1528,-0.0811876,18.1756,31.8527,2.06565,1717.49,0,0,742.885,456.381,35.504,2,33.4195,37.0236,35.0236,31.8527,0,0,0,57.662,26.3076,2,-3.60408
1037.6,13162.6,73.1528,-0.0814702,18.1739,32.3478,2.09686,1717.7,0,0,751.035,458.503,36.0604,2,33.9538,37.5514,35.5514,32.3478,0,0,0,57.6611,26.3075,2,-3.59764
1037.7,13164.7,73.1551,-0.0817638,18.1722,33.0563,2.14429,1717.91,0,0,762.119,462.491,36.9109,2,34.767,38.3076,36.3076,33.0563,0,0,0,57.6602,26.3073,2,-3.54062
1037.8,13166.7,73.1587,-0.0820685,18.1706,33.4847,2.16882,1718.13,0,0,765.651,465.941,37.3586,2,35.1887,38.7649,36.7649,33.4847,0,0,0,57.6592,26.3072,2,-3.57617
1037.9,13168.7,73.1632,-0.0823846,18.1689,33.5321,2.17161,1718.35,0,0,766.052,466.333,37.4096,2,35.2368,38.8155,36.8155,33.5321,0,0,0,57.6583,26.3071,2,-3.57869
1038,13170.8,73.167,-0.0827121,18.1672,32.7762,2.12631,1718.56,0,0,758.171,460.827,36.5876,2,34.4585,38.0088,36.0088,32.7762,0,0,0,57.6574,26.307,2,-3.5503
1038.1,13172.8,73.1677,-0.0830511,18.1656,31.5038,2.04672,1718.76,0,0,737.33,455.476,35.1687,2,33.0958,36.6536,34.6536,31.5038,0,0,0,57.6565,26.3068,2,-3.55776
1038.2,13174.8,73.165,-0.0834018,18.1639,30.3689,1.96832,1718.96,0,0,718.803,448.563,33.7646,2,31.7544,35.4487,33.4487,30.3689,0,0,0,57.6555,26.3067,2,-3.6943
1038.3,13176.9,73.1598,-0.0837642,18.1622,29.4592,1.90707,1719.15,0,0,703.956,443.171,32.6697,2,30.7081,34.4827,32.4827,29.4592,0,0,0,57.6545,26.3066,2,-3.77464
1038.4,13178.9,73.1524,-0.0841384,18.1605,29.2768,1.89541,1719.34,0,0,700.999,442.208,32.4618,2,30.5091,34.289,32.289,29.2768,0,0,0,57.6536,26.3064,2,-3.77994
1038.5,13180.9,73.1463,-0.0845246,18.1587,29.9467,1.93882,1719.54,0,0,711.97,445.781,33.2362,2,31.2503,35,33,29.9467,0,0,0,57.6526,26.3063,2,-3.74973
1038.6,13183,73.1425,-0.0849228,18.157,30.793,2.00117,1719.74,0,0,725.827,451.994,34.3553,2,32.3164,35.8984,33.8984,30.793,0,0,0,57.6517,26.3062,2,-3.58203
1038.7,13185,73.1408,-0.0853331,18.1553,31.8378,2.06579,1719.94,0,0,742.925,456.387,35.5065,2,33.4219,37.0075,35.0075,31.8378,0,0,0,57.6507,26.306,2,-3.58562
1038.8,13187,73.1424,-0.0857558,18.1536,32.7923,2.12818,1720.15,0,0,758.623,460.974,36.621,2,34.4906,38.0256,36.0256,32.7923,0,0,0,57.6498,26.3059,2,-3.53501
1038.9,13189.1,73.1457,-0.0861908,18.1518,33.4105,2.16548,1720.37,0,0,765.171,465.472,37.2976,2,35.1313,38.6854,36.6854,33.4105,0,0,0,57.6489,26.3058,2,-3.5541
1039,13191.1,73.1505,-0.0866384,18.15,33.6763,2.18079,1720.59,0,0,767.368,467.618,37.5771,2,35.3945,38.9692,36.9692,33.6763,0,0,0,57.648,26.3057,2,-3.57463
1039.1,13193.1,73.1552,-0.0870986,18.1483,33.8141,2.18878,1720.81,0,0,768.512,468.736,37.7231,2,35.5321,39.1163,37.1163,33.8141,0,0,0,57.6471,26.3055,2,-3.58423
1039.2,13195.2,73.1607,-0.0875715,18.1465,34.032,2.20295,1721.03,0,0,771.4,470.145,37.9787,2,35.7753,39.349,37.349,34.032,0,0,0,57.6461,26.3054,2,-3.5737
1039.3,13197.2,73.1665,-0.0880572,18.1447,34.1379,2.21039,1721.25,0,0,773.165,470.719,38.1121,2,35.9031,39.4621,37.4621,34.1379,0,0,0,57.6452,26.3053,2,-3.55904
1039.4,13199.2,73.1726,-0.0885559,18.1429,34.2733,2.21989,1721.47,0,0,775.415,471.452,38.2825,2,36.0663,39.6067,37.6067,34.2733,0,0,0,57.6443,26.3051,2,-3.54048
1039.5,13201.3,73.1791,-0.0890676,18.1411,35.256,2.28371,1721.7,0,0,791.587,475.583,39.4234,2,37.1623,40.6556,38.6556,35.256,0,0,0,57.6434,26.305,2,-3.49338
1039.6,13203.3,73.1902,-0.0895925,18.1393,36.5775,2.36197,1721.94,0,0,806.663,483.463,40.8398,2,38.5096,42.0662,40.0662,36.5775,0,0,0,57.6425,26.3049,2,-3.55659
1039.7,13205.3,73.2035,-0.0901307,18.1375,37.5595,2.43125,1722.18,0,0,821.797,489.061,42.0878,2,39.7028,43.1145,41.1145,37.5595,0,0,0,57.6416,26.3047,2,-3.41168
1039.8,13207.4,73.2197,-0.0906822,18.1356,38.4806,2.48794,1722.43,0,0,836.958,491.738,43.0989,2,40.6784,44.0978,42.0978,38.4806,0,0,0,57.6407,26.3046,2,-3.41935
1039.9,13209.4,73.2376,-0.0912473,18.1338,39.4211,2.54608,1722.68,0,0,845.45,498.811,44.1624,2,41.6835,45.1019,43.1019,39.4211,0,0,0,57.6398,26.3045,2,-3.41833
1040,13211.4,73.2586,-0.091826,18.1319,40.3245,2.60202,1722.94,0,0,859.642,501.694,45.1633,2,42.648,46.0679,44.0679,40.3245,0,0,0,57.639,26.3043,2,-3.41994
1040.1,13213.5,73.2811,-0.0924184,18.1301,41.1288,2.65303,1723.21,0,0,867.24,507.574,46.0964,2,43.531,46.9303,44.9303,41.1288,0,0,0,57.6381,26.3042,2,-3.39932
1040.2,13215.5,73.3062,-0.0930248,18.1282,41.946,2.7049,1723.48,0,0,878.765,511.071,47.0308,2,44.4271,47.8067,45.8067,41.946,0,0,0,57.6372,26.3041,2,-3.37964
1040.3,13217.5,73.3328,-0.093645,18.1263,43.0605,2.76673,1723.76,0,0,890.901,516.117,48.1511,2,45.4969,49.0018,47.0018,43.0605,0,0,0,57.6363,26.304,2,-3.50485
1040.4,13219.6,73.3634,-0.0942795,18.1244,43.8731,2.81691,1724.04,0,0,902.934,518.764,49.0517,2,46.3641,49.8733,47.8733,43.8731,0,0,0,57.6354,26.3038,2,-3.50915
1040.5,13221.6,73.3941,-0.0949281,18.1224,43.7064,2.80631,1724.32,0,0,900.213,518.321,48.8621,2,46.181,49.695,47.695,43.7064,0,0,0,57.6345,26.3037,2,-3.51403
1040.6,13223.6,73.4238,-0.095591,18.1205,43.3669,2.78464,1724.6,0,0,894.641,517.413,48.4747,2,45.8067,49.3316,47.3316,43.3669,0,0,0,57.6336,26.3036,2,-3.52484
1040.7,13225.7,73.4526,-0.0962684,18.1185,43.3953,2.78658,1724.87,0,0,895.14,517.495,48.5093,2,45.8402,49.3625,47.3625,43.3953,0,0,0,57.6327,26.3034,2,-3.52226
1040.8,13227.7,73.4822,-0.0969602,18.1166,44.236,2.84089,1725.16,0,0,908.368,520.198,49.4834,2,46.7789,50.264,48.264,44.236,0,0,0,57.6318,26.3033,2,-3.48517
1040.9,13229.8,73.5152,-0.0976667,18.1146,45.8633,2.94835,1725.45,0,0,928.237,529.146,51.4355,2,48.6416,52.0089,50.0089,45.8633,0,0,0,57.6309,26.3032,2,-3.36735
1041,13231.8,73.5531,-0.0983879,18.1126,48.0253,3.07112,1725.76,0,0,948.561,540.362,53.6759,2,50.7733,54.3268,52.3268,48.0253,0,0,0,57.63,26.303,2,-3.55358
1041.1,13233.9,73.597,-0.099124,18.1105,50.1511,3.20784,1726.08,0,0,976.102,549.331,56.1511,2,53.1458,56.6139,54.6139,50.1511,0,0,0,57.6291,26.3029,2,-3.468
1041.2,13235.9,73.6456,-0.0998752,18.1085,51.4464,3.29503,1726.41,0,0,991.102,556.329,57.7402,2,54.6619,58.008,56.008,51.4464,0,0,0,57.6282,26.3028,2,-3.34609
1041.3,13237.9,73.6959,-0.100642,18.1065,51.1407,3.27779,1726.74,0,0,988.586,554.69,57.424,2,54.3616,57.6797,55.6797,51.1407,0,0,0,57.6274,26.3027,2,-3.31811
1041.4,13240,73.7425,-0.101423,18.1044,49.9813,3.19422,1727.06,0,0,973.383,548.446,55.9044,2,52.9094,56.4329,54.4329,49.9813,0,0,0,57.6264,26.3025,2,-3.5235
1041.5,13242,73.7866,-0.10222,18.1023,49.0678,3.14621,1727.37,0,0,963.756,545.311,55.0351,2,52.0761,55.4505,53.4505,49.0678,0,0,0,57.6256,26.3024,2,-3.37438
1041.6,13244.1,73.8284,-0.103033,18.1002,48.4208,3.10426,1727.68,0,0,955.288,542.553,54.2757,2,51.3482,54.7549,52.7549,48.4208,0,0,0,57.6247,26.3023,2,-3.40678
1041.7,13246.1,73.869,-0.103861,18.0981,48.0477,3.07406,1727.99,0,0,949.16,540.558,53.7292,2,50.8244,54.3555,52.3555,48.0477,0,0,0,57.6238,26.3021,2,-3.53111
1041.8,13248.2,73.9087,-0.104704,18.0959,48.0203,3.072,1728.3,0,0,948.741,540.421,53.6919,2,50.7886,54.3267,52.3267,48.0203,0,0,0,57.6229,26.302,2,-3.53811
1041.9,13250.2,73.9489,-0.105563,18.0938,47.9632,3.06753,1728.6,0,0,947.831,540.125,53.6109,2,50.711,54.2661,52.2661,47.9632,0,0,0,57.622,26.3019,2,-3.55504
1042,13252.3,73.9881,-0.106438,18.0916,47.8726,3.06035,1728.91,0,0,946.369,539.649,53.4811,2,50.5866,54.1696,52.1696,47.8726,0,0,0,57.621,26.3017,2,-3.58303
1042.1,13254.4,74.0277,-0.107329,18.0894,47.9509,3.06685,1729.22,0,0,947.693,540.08,53.5987,2,50.6993,54.254,52.254,47.9509,0,0,0,57.6201,26.3016,2,-3.55477
1042.2,13256.4,74.0671,-0.108235,18.0872,48.1328,3.08177,1729.53,0,0,950.727,541.068,53.8687,2,50.958,54.4496,52.4496,48.1328,0,0,0,57.6192,26.3015,2,-3.49155
1042.3,13258.5,74.1075,-0.109158,18.0849,48.4494,3.1077,1729.84,0,0,955.985,542.78,54.338,2,51.4079,54.7896,52.7896,48.4494,0,0,0,57.6183,26.3013,2,-3.38173
1042.4,13260.5,74.1483,-0.110096,18.0827,48.7587,3.13317,1730.15,0,0,961.13,544.456,54.7991,2,51.8499,55.1224,53.1224,48.7587,0,0,0,57.6175,26.3012,2,-3.2725
1042.5,13262.6,74.19,-0.111051,18.0804,48.6535,3.12468,1730.46,0,0,959.417,543.898,54.6454,2,51.7025,55.0097,53.0097,48.6535,0,0,0,57.6166,26.3011,2,-3.30717
1042.6,13264.7,74.2301,-0.112022,18.0781,48,3.07162,1730.77,0,0,948.663,540.396,53.6849,2,50.7819,54.3097,52.3097,48,0,0,0,57.6157,26.301,2,-3.52781
1042.7,13266.7,74.2683,-0.113009,18.0758,47.3256,3.03868,1731.07,0,0,941.86,538.18,53.0815,2,50.2036,53.5875,51.5875,47.3256,0,0,0,57.6148,26.3008,2,-3.38394
1042.8,13268.8,74.3047,-0.114013,18.0735,46.7162,3.00835,1731.37,0,0,936.848,535.497,52.5357,2,49.684,52.9349,50.9349,46.7162,0,0,0,57.614,26.3007,2,-3.25082
1042.9,13270.8,74.3397,-0.115033,18.0711,46.0769,2.96513,1731.67,0,0,931.588,530.358,51.7394,2,48.9324,52.2502,50.2502,46.0769,0,0,0,57.6131,26.3006,2,-3.31778
1043,13272.9,74.3728,-0.116069,18.0687,45.5314,2.92926,1731.96,0,0,923.434,528.364,51.0938,2,48.3114,51.666,49.666,45.5314,0,0,0,57.6123,26.3004,2,-3.35458
1043.1,13275,74.4048,-0.117122,18.0663,45.4821,2.92615,1732.26,0,0,922.651,528.237,51.0381,2,48.2576,51.6137,49.6137,45.4821,0,0,0,57.6114,26.3003,2,-3.35604
1043.2,13277,74.4375,-0.118192,18.0639,45.3001,2.91435,1732.55,0,0,919.677,527.752,50.827,2,48.0537,51.4191,49.4191,45.3001,0,0,0,57.6105,26.3002,2,-3.36539
1043.3,13279.1,74.4685,-0.119278,18.0614,44.599,2.86813,1732.83,0,0,911.761,523.514,49.9848,2,47.2521,50.6681,48.6681,44.599,0,0,0,57.6097,26.3,2,-3.41601
1043.4,13281.2,74.4975,-0.120381,18.0589,43.7681,2.81385,1733.12,0,0,902.149,518.636,48.997,2,46.3113,49.778,47.778,43.7681,0,0,0,57.6088,26.2999,2,-3.46673
1043.5,13283.3,74.5242,-0.1215,18.0564,42.7677,2.75473,1733.39,0,0,888.989,514.872,47.9319,2,45.2889,48.7062,46.7062,42.7677,0,0,0,57.6079,26.2998,2,-3.41726
1043.6,13285.3,74.5481,-0.122636,18.0539,41.8245,2.7013,1733.66,0,0,877.827,510.918,46.9666,2,44.3651,47.6956,45.6956,41.8245,0,0,0,57.607,26.2997,2,-3.33056
1043.7,13287.4,74.5699,-0.123789,18.0513,41.8903,2.70557,1733.93,0,0,878.941,511.099,47.0429,2,44.4387,47.7665,45.7665,41.8903,0,0,0,57.6062,26.2995,2,-3.32779
1043.8,13289.5,74.5941,-0.124958,18.0488,42.8837,2.761,1734.21,0,0,889.988,515.523,48.0464,2,45.3976,48.8316,46.8316,42.8837,0,0,0,57.6053,26.2994,2,-3.43406
1043.9,13291.5,74.6209,-0.126145,18.0462,44.1809,2.84113,1734.49,0,0,908.398,520.227,49.4878,2,46.783,50.2224,48.2224,44.1809,0,0,0,57.6044,26.2993,2,-3.43936
1044,13293.6,74.6516,-0.127348,18.0435,45.2868,2.9144,1734.78,0,0,919.688,527.754,50.8278,2,48.0544,51.4081,49.4081,45.2868,0,0,0,57.6035,26.2991,2,-3.35367
1044.1,13295.7,74.6838,-0.128568,18.0409,45.9401,2.95735,1735.08,0,0,930.499,529.514,51.5967,2,48.7973,52.1088,50.1088,45.9401,0,0,0,57.6027,26.299,2,-3.31157
1044.2,13297.8,74.7177,-0.129805,18.0382,45.5687,2.93309,1735.37,0,0,924.4,528.521,51.1624,2,48.3777,51.7113,49.7113,45.5687,0,0,0,57.6018,26.2989,2,-3.33356
1044.3,13299.8,74.748,-0.13106,18.0355,44.7047,2.87632,1735.66,0,0,912.779,524.507,50.1355,2,47.3944,50.7857,48.7857,44.7047,0,0,0,57.6009,26.2987,2,-3.39135
1044.4,13301.9,74.7773,-0.132332,18.0328,44.5714,2.86759,1735.95,0,0,911.694,523.448,49.9748,2,47.2427,50.6434,48.6434,44.5714,0,0,0,57.6,26.2986,2,-3.40069
1044.5,13304,74.8069,-0.13362,18.03,44.258,2.84694,1736.23,0,0,909.123,520.936,49.5947,2,46.884,50.3079,48.3079,44.258,0,0,0,57.5992,26.2985,2,-3.42393
1044.6,13306.1,74.8346,-0.134926,18.0272,43.2045,2.77904,1736.51,0,0,893.199,517.179,48.3746,2,45.7101,49.1792,47.1792,43.2045,0,0,0,57.5983,26.2984,2,-3.46913
1044.7,13308.1,74.8587,-0.136249,18.0244,41.7794,2.69968,1736.78,0,0,877.405,510.849,46.9377,2,44.3371,47.6522,45.6522,41.7794,0,0,0,57.5974,26.2982,2,-3.31507
1044.8,13310.2,74.8792,-0.13759,18.0215,39.8135,2.57617,1737.04,0,0,852.765,500.575,44.702,2,42.2024,45.5507,43.5507,39.8135,0,0,0,57.5965,26.2981,2,-3.34823
1044.9,13312.3,74.8934,-0.138947,18.0187,37.1046,2.40569,1737.28,0,0,815.981,487.167,41.6281,2,39.2625,42.6603,40.6603,37.1046,0,0,0,57.5957,26.298,2,-3.39784
1045,13314.4,74.9002,-0.140322,18.0158,34.8008,2.26331,1737.5,0,0,785.849,474.649,39.0607,2,36.8121,40.2021,38.2021,34.8008,0,0,0,57.5948,26.2978,2,-3.38998
1045.1,13316.5,74.9028,-0.141713,18.0128,32.6842,2.1289,1737.72,0,0,758.797,461.03,36.634,2,34.503,37.9439,35.9439,32.6842,0,0,0,57.5939,26.2977,2,-3.44092
1045.2,13318.5,74.899,-0.143121,18.0099,30.5474,1.99213,1737.92,0,0,723.899,451.052,34.1927,2,32.1617,35.6757,33.6757,30.5474,0,0,0,57.593,26.2976,2,-3.51396
1045.3,13320.6,74.891,-0.144546,18.0069,29.0463,1.88953,1738.11,0,0,700,441.385,32.3552,2,30.4085,34.0821,32.0821,29.0463,0,0,0,57.592,26.2974,2,-3.67358
1045.4,13322.7,74.8798,-0.145987,18.0038,28.1229,1.84124,1738.29,0,0,700,429.068,31.4523,2,29.5795,33.1017,31.1017,28.1229,0,0,0,57.5911,26.2973,2,-3.52214
1045.5,13324.8,74.8672,-0.147445,18.0008,27.7515,1.81807,1738.47,0,0,700,423.157,31.019,2,29.181,32.7072,30.7072,27.7515,0,0,0,57.5902,26.2972,2,-3.52612
1045.6,13326.9,74.8543,-0.14892,17.9977,27.8095,1.82178,1738.65,0,0,700,424.102,31.0883,2,29.2448,32.7685,30.7685,27.8095,0,0,0,57.5893,26.2971,2,-3.5237
1045.7,13328.9,74.8422,-0.150411,17.9946,28.3934,1.85572,1738.84,0,0,700,432.761,31.7231,2,29.8283,33.3879,31.3879,28.3934,0,0,0,57.5884,26.2969,2,-3.55964
1045.8,13331,74.8324,-0.151919,17.9915,29.369,1.91025,1739.03,0,0,704.761,443.433,32.7264,2,30.7623,34.4234,32.4234,29.369,0,0,0,57.5874,26.2968,2,-3.66105
1045.9,13333.1,74.8254,-0.153443,17.9883,29.8303,1.94022,1739.22,0,0,712.32,445.895,33.2611,2,31.274,34.9128,32.9128,29.8303,0,0,0,57.5865,26.2967,2,-3.63876
1046,13335.2,74.8181,-0.154984,17.9851,29.617,1.92646,1739.42,0,0,708.856,444.767,33.0156,2,31.0391,34.6862,32.6862,29.617,0,0,0,57.5856,26.2965,2,-3.64716
1046.1,13337.3,74.8101,-0.156542,17.9818,29.4753,1.91737,1739.61,0,0,706.562,444.02,32.8535,2,30.8839,34.5357,32.5357,29.4753,0,0,0,57.5846,26.2964,2,-3.65175
1046.2,13339.3,74.8022,-0.158116,17.9786,29.4098,1.91323,1739.8,0,0,705.513,443.678,32.7795,2,30.8131,34.466,32.466,29.4098,0,0,0,57.5837,26.2963,2,-3.65289
1046.3,13341.4,74.7941,-0.159707,17.9753,28.8648,1.88072,1739.99,0,0,700,439.137,32.1904,2,30.2574,33.8873,31.8873,28.8648,0,0,0,57.5827,26.2961,2,-3.62989
1046.4,13343.5,74.7836,-0.161315,17.9719,27.9518,1.83132,1740.17,0,0,700,426.537,31.2668,2,29.4089,32.9179,30.9179,27.9518,0,0,0,57.5818,26.296,2,-3.50897
1046.5,13345.6,74.771,-0.162939,17.9686,27.1794,1.78312,1740.35,0,0,700,414.241,30.3655,2,28.5792,32.0978,30.0978,27.1794,0,0,0,57.5809,26.2959,2,-3.51859
1046.6,13347.6,74.7567,-0.164579,17.9652,26.7004,1.7582,1740.52,0,0,700,407.883,29.8994,2,28.1494,31.589,29.589,26.7004,0,0,0,57.58,26.2958,2,-3.4396
1046.7,13349.7,74.7419,-0.166236,17.9617,26.471,1.74629,1740.7,0,0,700,404.846,29.6768,2,27.9439,31.3452,29.3452,26.471,0,0,0,57.5792,26.2956,2,-3.40128
1046.8,13351.8,74.7267,-0.167909,17.9583,26.2136,1.73263,1740.87,0,0,700,401.362,29.4214,2,27.7081,31.0717,29.0717,26.2136,0,0,0,57.5783,26.2955,2,-3.36355
1046.9,13353.9,74.7108,-0.169598,17.9548,25.8024,1.70695,1741.04,0,0,700,394.812,28.9412,2,27.2643,30.6347,28.6347,25.8024,0,0,0,57.5774,26.2954,2,-3.37042
1047,13356,74.6937,-0.171304,17.9512,25.5179,1.68921,1741.21,0,0,700,390.286,28.6095,2,26.9574,30.3324,28.3324,25.5179,0,0,0,57.5765,26.2952,2,-3.37501
1047.1,13358,74.6765,-0.173026,17.9477,25.4415,1.68449,1741.38,0,0,700,389.083,28.5212,2,26.8757,30.2509,28.2509,25.4415,0,0,0,57.5757,26.2951,2,-3.37521
1047.2,13360.1,74.6592,-0.174764,17.944,25.0984,1.66308,1741.55,0,0,700,383.621,28.1209,2,26.5049,29.8864,27.8864,25.0984,0,0,0,57.5748,26.295,2,-3.38146
1047.3,13362.2,74.6405,-0.176518,17.9404,25.0427,1.65966,1741.71,0,0,700,382.747,28.0568,2,26.4455,29.8268,27.8268,25.0427,0,0,0,57.5739,26.2948,2,-3.38128
1047.4,13364.2,74.6231,-0.178288,17.9367,25.6528,1.6979,1741.88,0,0,700,392.504,28.772,2,27.1078,30.474,28.474,25.6528,0,0,0,57.5731,26.2947,2,-3.36622
1047.5,13366.3,74.6077,-0.180074,17.933,26.1269,1.72764,1742.06,0,0,700,400.09,29.3281,2,27.6219,30.9769,28.9769,26.1269,0,0,0,57.5722,26.2946,2,-3.35498
1047.6,13368.4,74.5929,-0.181876,17.9293,26.5157,1.7491,1742.23,0,0,700,405.562,29.7293,2,27.9924,31.3893,29.3893,26.5157,0,0,0,57.5713,26.2945,2,-3.39691
1047.7,13370.5,74.5797,-0.183695,17.9255,26.844,1.76628,1742.41,0,0,700,409.945,30.0505,2,28.2888,31.7375,29.7375,26.844,0,0,0,57.5704,26.2943,2,-3.44868
1047.8,13372.5,74.5668,-0.185529,17.9217,26.8666,1.76752,1742.58,0,0,700,410.261,30.0737,2,28.3102,31.7613,29.7613,26.8666,0,0,0,57.5695,26.2942,2,-3.45105
1047.9,13374.6,74.5538,-0.187379,17.9178,26.8261,1.76546,1742.76,0,0,700,409.736,30.0353,2,28.2747,31.7179,29.7179,26.8261,0,0,0,57.5686,26.2941,2,-3.44318
1048,13376.7,74.5409,-0.189245,17.9139,26.2942,1.73778,1742.93,0,0,700,402.675,29.5176,2,27.797,31.1531,29.1531,26.2942,0,0,0,57.5678,26.2939,2,-3.35607
1048.1,13378.7,74.5254,-0.191127,17.91,24.8333,1.64709,1743.1,0,0,700,379.542,27.8219,2,26.2277,29.602,27.602,24.8333,0,0,0,57.5669,26.2938,2,-3.37432
1048.2,13380.8,74.5053,-0.193025,17.906,23.3014,1.55269,1743.25,0,0,700,355.461,26.0566,2,24.5872,27.9829,25.9829,23.3014,0,0,0,57.566,26.2937,2,-3.39569
1048.3,13382.9,74.4823,-0.194938,17.902,22.1298,1.54628,1743.41,0,0,700,353.827,25.9368,2,24.4756,26.7464,24.7464,22.1298,0,0,0,57.5654,26.2935,2,-2.27077
1048.4,13385,74.4565,-0.196866,17.8979,21.3598,1.54628,1743.56,0,0,700,353.827,25.9368,2,24.4756,25.9336,23.9336,21.3598,0,0,0,57.5651,26.2934,2,-1.45796
1048.5,13387,74.4298,-0.19881,17.8938,21.6576,1.54628,1743.72,0,0,700,353.827,25.9368,2,24.4756,26.247,24.247,21.6576,0,0,0,57.5646,26.2933,2,-1.7714
1048.6,13389.1,74.4057,-0.200769,17.8897,22.7746,1.54628,1743.87,0,0,700,353.827,25.9368,2,24.4756,27.4247,25.4247,22.7746,0,0,0,57.5638,26.2932,2,-2.94908
1048.7,13391.2,74.385,-0.202743,17.8855,23.7997,1.58282,1744.03,0,0,700,363.148,26.6201,2,25.1116,28.5055,26.5055,23.7997,0,0,0,57.563,26.293,2,-3.39388
1048.8,13393.2,74.3663,-0.204733,17.8813,24.6189,1.63393,1744.19,0,0,700,376.185,27.5758,2,25.9994,29.3708,27.3708,24.6189,0,0,0,57.5621,26.2929,2,-3.3714
1048.9,13395.3,74.35,-0.206738,17.8771,25.3634,1.68059,1744.36,0,0,700,388.088,28.4483,2,26.8082,30.1608,28.1608,25.3634,0,0,0,57.5612,26.2928,2,-3.35256
1049,13397.4,74.3353,-0.208758,17.8728,25.8414,1.71058,1744.53,0,0,700,395.736,29.009,2,27.327,30.6678,28.6678,25.8414,0,0,0,57.5604,26.2926,2,-3.34085
1049.1,13399.4,74.3216,-0.210793,17.8684,25.7017,1.7019,1744.7,0,0,700,393.522,28.8467,2,27.1769,30.5192,28.5192,25.7017,0,0,0,57.5595,26.2925,2,-3.34231
1049.2,13401.5,74.3064,-0.212844,17.8641,25.106,1.66468,1744.87,0,0,700,384.029,28.1508,2,26.5326,29.8866,27.8866,25.106,0,0,0,57.5586,26.2924,2,-3.35399
1049.3,13403.5,74.2899,-0.214909,17.8597,24.6468,1.636,1745.03,0,0,700,376.713,27.6145,2,26.0353,29.3987,27.3987,24.6468,0,0,0,57.5578,26.2922,2,-3.3634
1049.4,13405.6,74.2726,-0.21699,17.8552,24.6717,1.63762,1745.2,0,0,700,377.126,27.6448,2,26.0634,29.4248,27.4248,24.6717,0,0,0,57.5569,26.2921,2,-3.36132
1049.5,13407.7,74.2564,-0.219085,17.8507,24.73,1.64133,1745.36,0,0,700,378.073,27.7142,2,26.1278,29.4863,27.4863,24.73,0,0,0,57.556,26.292,2,-3.35844
1049.6,13409.7,74.2397,-0.221195,17.8462,25.1366,1.66685,1745.53,0,0,700,384.581,28.1913,2,26.5701,29.9175,27.9175,25.1366,0,0,0,57.5552,26.2919,2,-3.34742
1049.7,13411.8,74.2258,-0.22332,17.8416,26.4097,1.74456,1745.7,0,0,700,404.405,29.6444,2,27.9141,31.2687,29.2687,26.4097,0,0,0,57.5543,26.2917,2,-3.35458
1049.8,13413.9,74.2157,-0.225459,17.837,27.3639,1.79657,1745.88,0,0,700,417.673,30.617,2,28.8109,32.2813,30.2813,27.3639,0,0,0,57.5534,26.2916,2,-3.47034
1049.9,13415.9,74.2069,-0.227614,17.8323,27.3713,1.79711,1746.06,0,0,700,417.811,30.6271,2,28.8203,32.289,30.289,27.3713,0,0,0,57.5525,26.2915,2,-3.46871
1050,13418,74.197,-0.229783,17.8276,27.2624,1.79037,1746.24,0,0,700,416.091,30.5011,2,28.7042,32.1732,30.1732,27.2624,0,0,0,57.5516,26.2913,2,-3.46901
1050.1,13420,74.1878,-0.231967,17.8228,27.5646,1.80936,1746.42,0,0,700,420.935,30.8561,2,29.0311,32.4937,30.4937,27.5646,0,0,0,57.5507,26.2912,2,-3.46257
1050.2,13422.1,74.1797,-0.234165,17.818,27.9432,1.83314,1746.61,0,0,700,427,31.3008,2,29.4402,32.8955,30.8955,27.9432,0,0,0,57.5498,26.2911,2,-3.4553
1050.3,13424.2,74.1726,-0.236378,17.8132,28.6275,1.87043,1746.79,0,0,700,436.514,31.9982,2,30.0809,33.6217,31.6217,28.6275,0,0,0,57.5489,26.291,2,-3.54079
1050.4,13426.2,74.1682,-0.238605,17.8083,29.7262,1.9365,1746.99,0,0,711.384,445.59,33.1947,2,31.2105,34.7879,32.7879,29.7262,0,0,0,57.548,26.2908,2,-3.57745
1050.5,13428.3,74.1668,-0.240847,17.8033,31.3186,2.04707,1747.19,0,0,737.431,455.493,35.1748,2,33.1017,36.4782,34.4782,31.3186,0,0,0,57.5471,26.2907,2,-3.37654
1050.6,13430.3,74.1707,-0.243103,17.7983,33.14,2.16019,1747.41,0,0,764.411,464.73,37.2011,2,35.0404,38.4159,36.4159,33.14,0,0,0,57.5462,26.2906,2,-3.37547
1050.7,13432.4,74.1787,-0.245374,17.7933,34.7185,2.26225,1747.63,0,0,785.551,474.6,39.0419,2,36.7939,40.1005,38.1005,34.7185,0,0,0,57.5454,26.2904,2,-3.3066
1050.8,13434.5,74.1907,-0.247659,17.7882,36.2004,2.3496,1747.87,0,0,804.961,481.8,40.6135,2,38.2963,41.6821,39.6821,36.2004,0,0,0,57.5445,26.2903,2,-3.38583
1050.9,13436.5,74.2064,-0.24996,17.7831,37.5747,2.44334,1748.11,0,0,824.836,489.765,42.3042,2,39.911,43.149,41.149,37.5747,0,0,0,57.5437,26.2902,2,-3.23801
1051,13438.6,74.2255,-0.252275,17.7779,38.2708,2.48551,1748.36,0,0,836.3,491.631,43.0557,2,40.6367,43.8922,41.8922,38.2708,0,0,0,57.5428,26.29,2,-3.25557
1051.1,13440.6,74.2448,-0.254604,17.7727,38.4614,2.49722,1748.61,0,0,838.96,492.47,43.2663,2,40.8386,44.096,42.096,38.4614,0,0,0,57.542,26.2899,2,-3.25745
1051.2,13442.7,74.2648,-0.256949,17.7674,38.5695,2.50398,1748.86,0,0,839.861,493.351,43.3903,2,40.9554,44.2117,42.2117,38.5695,0,0,0,57.5411,26.2898,2,-3.25627
1051.3,13444.8,74.2847,-0.259307,17.7621,38.1597,2.47908,1749.11,0,0,834.556,491.347,42.9411,2,40.526,43.7748,41.7748,38.1597,0,0,0,57.5403,26.2897,2,-3.24877
1051.4,13446.8,74.3027,-0.261681,17.7567,37.4788,2.43807,1749.35,0,0,823.397,489.53,42.2102,2,39.8202,43.0486,41.0486,37.4788,0,0,0,57.5395,26.2895,2,-3.22834
1051.5,13448.9,74.3192,-0.264068,17.7513,36.7761,2.38772,1749.59,0,0,811.878,485.831,41.3052,2,38.9532,42.2989,40.2989,36.7761,0,0,0,57.5386,26.2894,2,-3.34574
1051.6,13451,74.3337,-0.26647,17.7458,35.9177,2.33357,1749.83,0,0,802.747,479.637,40.32,2,38.0196,41.3832,39.3832,35.9177,0,0,0,57.5377,26.2893,2,-3.36361
1051.7,13453,74.346,-0.268886,17.7403,35.1986,2.29126,1750.05,0,0,793.704,475.928,39.5575,2,37.2918,40.616,38.616,35.1986,0,0,0,57.5369,26.2891,2,-3.32424
1051.8,13455.1,74.3569,-0.271316,17.7347,34.8607,2.27159,1750.28,0,0,788.178,475.028,39.2078,2,36.9541,40.2556,38.2556,34.8607,0,0,0,57.536,26.289,2,-3.30152
1051.9,13457.2,74.3676,-0.273759,17.7291,34.6605,2.26,1750.51,0,0,784.915,474.497,39.0018,2,36.7552,40.0423,38.0423,34.6605,0,0,0,57.5352,26.2889,2,-3.28706
1052,13459.2,74.3776,-0.276216,17.7234,34.566,2.2537,1750.73,0,0,783.386,474.048,38.889,2,36.647,39.9415,37.9415,34.566,0,0,0,57.5343,26.2888,2,-3.29452
1052.1,13461.3,74.3879,-0.278687,17.7177,34.419,2.24354,1750.96,0,0,780.997,473.27,38.7067,2,36.4725,39.7849,37.7849,34.419,0,0,0,57.5335,26.2886,2,-3.31243
1052.2,13463.4,74.3973,-0.281171,17.7119,34.0151,2.21554,1751.18,0,0,774.385,471.117,38.2045,2,35.9915,39.3541,37.3541,34.0151,0,0,0,57.5326,26.2885,2,-3.36252
1052.3,13465.4,74.4056,-0.283668,17.706,33.4806,2.18122,1751.4,0,0,767.43,467.678,37.585,2,35.402,38.7838,36.7838,33.4806,0,0,0,57.5317,26.2884,2,-3.38186
1052.4,13467.5,74.4124,-0.286179,17.7002,32.6333,2.1315,1751.61,0,0,759.425,461.235,36.6805,2,34.5475,37.8798,35.8798,32.6333,0,0,0,57.5309,26.2882,2,-3.33227
1052.5,13469.6,74.4166,-0.288702,17.6942,31.6861,2.06932,1751.82,0,0,743.959,456.556,35.569,2,33.4822,36.8738,34.8738,31.6861,0,0,0,57.53,26.2881,2,-3.39156
1052.6,13471.6,74.4187,-0.291238,17.6882,31.0531,2.03417,1752.02,0,0,733.636,454.875,34.9463,2,32.8811,36.2019,34.2019,31.0531,0,0,0,57.5291,26.288,2,-3.32072
1052.7,13473.7,74.4198,-0.293787,17.6822,30.8985,2.02583,1752.22,0,0,731.133,454.467,34.7959,2,32.7359,36.0379,34.0379,30.8985,0,0,0,57.5283,26.2878,2,-3.30194
1052.8,13475.8,74.4214,-0.296349,17.6761,31.1385,2.03907,1752.43,0,0,735.078,455.11,35.0331,2,32.9649,36.2927,34.2927,31.1385,0,0,0,57.5274,26.2877,2,-3.32778
1052.9,13477.8,74.4239,-0.298922,17.6699,31.8734,2.08074,1752.63,0,0,747.111,457.225,35.772,2,33.6777,37.0728,35.0728,31.8734,0,0,0,57.5265,26.2876,2,-3.39511
1053,13479.9,74.4293,-0.301508,17.6637,32.8303,2.14464,1752.85,0,0,762.169,462.539,36.9172,2,34.7729,38.0904,36.0904,32.8303,0,0,0,57.5257,26.2875,2,-3.31749
1053.1,13482,74.4368,-0.304107,17.6575,33.6711,2.19281,1753.07,0,0,769.088,469.299,37.7967,2,35.6014,38.9878,36.9878,33.6711,0,0,0,57.5248,26.2873,2,-3.38639
1053.2,13484,74.4466,-0.306718,17.6511,34.2713,2.23435,1753.29,0,0,778.831,472.564,38.5419,2,36.3146,39.6284,37.6284,34.2713,0,0,0,57.524,26.2872,2,-3.3138
1053.3,13486.1,74.4573,-0.309341,17.6448,34.4754,2.24869,1753.52,0,0,782.208,473.664,38.7991,2,36.561,39.8464,37.8464,34.4754,0,0,0,57.5231,26.2871,2,-3.28543
1053.4,13488.2,74.4683,-0.311976,17.6383,34.0426,2.21866,1753.74,0,0,775.124,471.357,38.2605,2,36.0452,39.3848,37.3848,34.0426,0,0,0,57.5222,26.2869,2,-3.33967
1053.5,13490.2,74.4769,-0.314623,17.6319,33.1021,2.16056,1753.95,0,0,764.464,464.781,37.2078,2,35.0466,38.3813,36.3813,33.1021,0,0,0,57.5214,26.2868,2,-3.33467
1053.6,13492.3,74.4833,-0.317282,17.6253,31.9383,2.0858,1754.16,0,0,748.345,457.627,35.8626,2,33.7644,37.1429,35.1429,31.9383,0,0,0,57.5205,26.2867,2,-3.3785
1053.7,13494.4,74.4861,-0.319952,17.6187,30.7775,2.01807,1754.37,0,0,729.398,453.738,34.6576,2,32.604,35.9108,33.9108,30.7775,0,0,0,57.5197,26.2866,2,-3.30677
1053.8,13496.4,74.4867,-0.322634,17.6121,30.2382,1.97673,1754.56,0,0,720.607,449.444,33.9159,2,31.8983,35.3384,33.3384,30.2382,0,0,0,57.5188,26.2864,2,-3.4401
1053.9,13498.5,74.487,-0.325327,17.6054,30.5425,2.00012,1754.76,0,0,725.603,451.884,34.3364,2,32.2984,35.6614,33.6614,30.5425,0,0,0,57.5179,26.2863,2,-3.36297
1054,13500.6,74.4894,-0.328031,17.5986,31.1306,2.0396,1754.97,0,0,735.236,455.135,35.0426,2,32.9741,36.2857,34.2857,31.1306,0,0,0,57.517,26.2862,2,-3.3116
1054.1,13502.7,74.4928,-0.330746,17.5918,31.3568,2.05226,1755.17,0,0,738.957,455.741,35.2668,2,33.1906,36.5259,34.5259,31.3568,0,0,0,57.5162,26.286,2,-3.3354
1054.2,13504.7,74.4965,-0.333471,17.5849,31.034,2.0344,1755.38,0,0,733.704,454.886,34.9504,2,32.8851,36.1833,34.1833,31.034,0,0,0,57.5153,26.2859,2,-3.29823
1054.3,13506.8,74.4984,-0.336208,17.578,30.2492,1.9781,1755.57,0,0,720.901,449.588,33.9405,2,31.9217,35.3503,33.3503,30.2492,0,0,0,57.5144,26.2858,2,-3.42853
1054.4,13508.9,74.4983,-0.338955,17.571,29.0482,1.89659,1755.76,0,0,701.297,442.305,32.4828,2,30.5291,34.0755,32.0755,29.0482,0,0,0,57.5135,26.2857,2,-3.54634
1054.5,13510.9,74.4944,-0.341712,17.564,27.9408,1.83704,1755.95,0,0,700,427.996,31.3737,2,29.5073,32.8998,30.8998,27.9408,0,0,0,57.5126,26.2855,2,-3.39256
1054.6,13513,74.4889,-0.344479,17.5569,27.7148,1.82297,1756.13,0,0,700,424.408,31.1107,2,29.2654,32.6598,30.6598,27.7148,0,0,0,57.5118,26.2854,2,-3.39443
1054.7,13515.1,74.484,-0.347257,17.5497,28.0183,1.84205,1756.31,0,0,700,429.275,31.4675,2,29.5935,32.9819,30.9819,28.0183,0,0,0,57.5109,26.2853,2,-3.3885
1054.8,13517.1,74.4802,-0.350044,17.5425,27.9503,1.83788,1756.5,0,0,700,428.209,31.3894,2,29.5217,32.9097,30.9097,27.9503,0,0,0,57.51,26.2851,2,-3.388
1054.9,13519.2,74.4752,-0.35284,17.5352,27.5444,1.81255,1756.68,0,0,700,421.749,30.9158,2,29.0861,32.4787,30.4787,27.5444,0,0,0,57.5091,26.285,2,-3.39263
1055,13521.3,74.4696,-0.355646,17.5279,27.1153,1.78577,1756.86,0,0,700,414.918,30.4151,2,28.6249,32.0231,30.0231,27.1153,0,0,0,57.5083,26.2849,2,-3.39816
1055.1,13523.3,74.4626,-0.358462,17.5205,26.5493,1.75593,1757.03,0,0,700,407.305,29.857,2,28.1103,31.4221,29.4221,26.5493,0,0,0,57.5074,26.2848,2,-3.31177
1055.2,13525.4,74.4544,-0.361286,17.5131,25.8675,1.71764,1757.2,0,0,700,397.539,29.1411,2,27.4491,30.6982,28.6982,25.8675,0,0,0,57.5066,26.2846,2,-3.24906
1055.3,13527.5,74.4442,-0.364119,17.5056,25.3284,1.68397,1757.37,0,0,700,388.949,28.5114,2,26.8666,30.1257,28.1257,25.3284,0,0,0,57.5057,26.2845,2,-3.25906
1055.4,13529.5,74.4334,-0.366961,17.498,25.2475,1.67898,1757.54,0,0,700,387.675,28.4181,2,26.7802,30.0396,28.0396,25.2475,0,0,0,57.5049,26.2844,2,-3.25942
1055.5,13531.6,74.423,-0.369811,17.4904,25.4044,1.68886,1757.71,0,0,700,390.197,28.6029,2,26.9513,30.2059,28.2059,25.4044,0,0,0,57.504,26.2842,2,-3.25455
1055.6,13533.7,74.4133,-0.37267,17.4827,25.8395,1.71616,1757.88,0,0,700,397.161,29.1134,2,27.4235,30.6675,28.6675,25.8395,0,0,0,57.5032,26.2841,2,-3.24395
1055.7,13535.8,74.4054,-0.375537,17.475,26.6443,1.76124,1758.06,0,0,700,408.659,29.9563,2,28.2019,31.5217,29.5217,26.6443,0,0,0,57.5023,26.284,2,-3.31981
1055.8,13537.8,74.4,-0.378412,17.4672,27.8595,1.83293,1758.24,0,0,700,426.947,31.2968,2,29.4366,32.8115,30.8115,27.8595,0,0,0,57.5015,26.2838,2,-3.37494
1055.9,13539.9,74.3985,-0.381296,17.4594,29.0054,1.89501,1758.43,0,0,700.896,442.175,32.4546,2,30.5022,34.0279,32.0279,29.0054,0,0,0,57.5006,26.2837,2,-3.52569
1056,13542,74.3991,-0.384187,17.4514,29.8551,1.95011,1758.62,0,0,714.805,446.704,33.4377,2,31.4431,34.9298,32.9298,29.8551,0,0,0,57.4997,26.2836,2,-3.48668
1056.1,13544,74.4021,-0.387087,17.4435,30.2189,1.97751,1758.82,0,0,720.774,449.526,33.9299,2,31.9116,35.316,33.316,30.2189,0,0,0,57.4988,26.2835,2,-3.40438
1056.2,13546.1,74.4047,-0.389994,17.4354,29.9189,1.95479,1759.02,0,0,715.895,447.142,33.5215,2,31.5231,34.9976,32.9976,29.9189,0,0,0,57.4979,26.2833,2,-3.47453
1056.3,13548.2,74.4064,-0.392909,17.4274,29.2029,1.90811,1759.21,0,0,704.218,443.256,32.6882,2,30.7257,34.2377,32.2377,29.2029,0,0,0,57.497,26.2832,2,-3.51193
1056.4,13550.2,74.4056,-0.395832,17.4192,28.3639,1.86126,1759.4,0,0,700,434.173,31.8266,2,29.9234,33.3471,31.3471,28.3639,0,0,0,57.4961,26.2831,2,-3.42372
1056.5,13552.3,74.4032,-0.398762,17.411,27.4054,1.80512,1759.58,0,0,700,419.853,30.7768,2,28.9581,32.3295,30.3295,27.4054,0,0,0,57.4952,26.2829,2,-3.37136
1056.6,13554.4,74.3977,-0.4017,17.4027,26.3968,1.74897,1759.75,0,0,700,405.53,29.7269,2,27.9902,31.2588,29.2588,26.3968,0,0,0,57.4944,26.2828,2,-3.26856
1056.7,13556.4,74.3904,-0.404644,17.3944,25.7134,1.70919,1759.92,0,0,700,395.384,28.9831,2,27.3031,30.5332,28.5332,25.7134,0,0,0,57.4935,26.2827,2,-3.23017
1056.8,13558.5,74.3817,-0.407594,17.386,25.0063,1.665,1760.09,0,0,700,384.111,28.1568,2,26.5382,29.7824,27.7824,25.0063,0,0,0,57.4927,26.2826,2,-3.24422
1056.9,13560.6,74.3711,-0.410551,17.3775,24.2402,1.61717,1760.25,0,0,700,371.91,27.2625,2,25.7086,28.9698,26.9698,24.2402,0,0,0,57.4919,26.2824,2,-3.26127
1057,13562.6,74.3588,-0.413514,17.369,23.8784,1.59473,1760.41,0,0,700,366.186,26.8428,2,25.3187,28.5878,26.5878,23.8784,0,0,0,57.491,26.2823,2,-3.26914
1057.1,13564.7,74.3466,-0.416483,17.3605,23.876,1.59465,1760.57,0,0,700,366.165,26.8413,2,25.3172,28.585,26.585,23.876,0,0,0,57.4902,26.2822,2,-3.26777
1057.2,13566.7,74.3345,-0.419458,17.3518,24.2597,1.61858,1760.73,0,0,700,372.27,27.2888,2,25.733,28.9895,26.9895,24.2597,0,0,0,57.4893,26.282,2,-3.25649
1057.3,13568.8,74.3245,-0.422438,17.3431,25.3263,1.68537,1760.9,0,0,700,389.306,28.5376,2,26.8909,30.1208,28.1208,25.3263,0,0,0,57.4885,26.2819,2,-3.22991
1057.4,13570.9,74.318,-0.425424,17.3344,26.2843,1.74356,1761.07,0,0,700,404.151,29.6258,2,27.8969,31.1376,29.1376,26.2843,0,0,0,57.4877,26.2818,2,-3.24068
1057.5,13572.9,74.3131,-0.428415,17.3256,26.7423,1.76752,1761.25,0,0,700,410.261,30.0737,2,28.3102,31.6237,29.6237,26.7423,0,0,0,57.4868,26.2817,2,-3.31346
1057.6,13575,74.3093,-0.431412,17.3167,27.4955,1.81154,1761.43,0,0,700,421.492,30.897,2,29.0687,32.423,30.423,27.4955,0,0,0,57.4859,26.2815,2,-3.35429
1057.7,13577.1,74.3084,-0.434414,17.3078,28.1993,1.85347,1761.62,0,0,700,432.186,31.6809,2,29.7896,33.1702,31.1702,28.1993,0,0,0,57.4851,26.2814,2,-3.38062
1057.8,13579.1,74.3083,-0.437421,17.2988,28.5652,1.87262,1761.8,0,0,700,437.072,32.039,2,30.1184,33.5585,31.5585,28.5652,0,0,0,57.4842,26.2813,2,-3.4401
1057.9,13581.2,74.3095,-0.440434,17.2897,29.1721,1.90738,1761.99,0,0,704.033,443.196,32.6752,2,30.7133,34.2029,32.2029,29.1721,0,0,0,57.4833,26.2811,2,-3.48959
1058,13583.3,74.3127,-0.443451,17.2806,30.2414,1.98105,1762.19,0,0,721.532,449.896,33.9936,2,31.9722,35.338,33.338,30.2414,0,0,0,57.4824,26.281,2,-3.3658
1058.1,13585.3,74.3196,-0.446473,17.2714,31.2063,2.04671,1762.4,0,0,737.325,455.476,35.1684,2,33.0956,36.3624,34.3624,31.2063,0,0,0,57.4816,26.2809,2,-3.26681
1058.2,13587.4,74.3278,-0.4495,17.2622,31.9354,2.08958,1762.61,0,0,749.265,457.926,35.9302,2,33.8292,37.1365,35.1365,31.9354,0,0,0,57.4807,26.2808,2,-3.30734
1058.3,13589.5,74.3385,-0.452532,17.2528,32.9557,2.15576,1762.82,0,0,763.773,464.106,37.1201,2,34.9641,38.2225,36.2225,32.9557,0,0,0,57.4799,26.2806,2,-3.2584
1058.4,13591.5,74.3521,-0.455569,17.2435,33.9745,2.21846,1763.04,0,0,775.078,471.342,38.2569,2,36.0418,39.3099,37.3099,33.9745,0,0,0,57.479,26.2805,2,-3.26814
1058.5,13593.6,74.3681,-0.45861,17.234,34.6052,2.26196,1763.27,0,0,785.466,474.587,39.0366,2,36.7888,39.9833,37.9833,34.6052,0,0,0,57.4782,26.2804,2,-3.19451
1058.6,13595.7,74.3851,-0.461656,17.2245,34.6833,2.2666,1763.5,0,0,786.775,474.8,39.1192,2,36.8685,40.0669,38.0669,34.6833,0,0,0,57.4774,26.2802,2,-3.19839
1058.7,13597.7,74.4016,-0.464706,17.2149,34.9072,2.27977,1763.72,0,0,790.479,475.403,39.3532,2,37.0945,40.3061,38.3061,34.9072,0,0,0,57.4765,26.2801,2,-3.21157
1058.8,13599.8,74.4198,-0.46776,17.2053,35.1252,2.29262,1763.95,0,0,794.087,475.99,39.5817,2,37.3152,40.5391,38.5391,35.1252,0,0,0,57.4757,26.28,2,-3.22393
1058.9,13601.9,74.4375,-0.470819,17.1956,34.8219,2.27498,1764.18,0,0,789.131,475.183,39.268,2,37.0123,40.2158,38.2158,34.8219,0,0,0,57.4749,26.2799,2,-3.20356
1059,13603.9,74.4543,-0.473881,17.1858,33.9108,2.21471,1764.4,0,0,774.189,471.053,38.1896,2,35.9773,39.2439,37.2439,33.9108,0,0,0,57.474,26.2797,2,-3.2666
1059.1,13606,74.4675,-0.476947,17.176,32.4932,2.12817,1764.62,0,0,758.621,460.973,36.6209,2,34.4905,37.7317,35.7317,32.4932,0,0,0,57.4732,26.2796,2,-3.24122
1059.2,13608.1,74.4772,-0.480016,17.1661,30.5827,2.00866,1764.82,0,0,727.422,452.773,34.4902,2,32.4448,35.7038,33.7038,30.5827,0,0,0,57.4724,26.2795,2,-3.25906
1059.3,13610.1,74.4809,-0.483088,17.1561,28.2649,1.85818,1765,0,0,700,433.389,31.7691,2,29.8706,33.2436,31.2436,28.2649,0,0,0,57.4715,26.2793,2,-3.37302
1059.4,13612.2,74.4791,-0.486163,17.1461,26.6689,1.76519,1765.18,0,0,700,409.667,30.0302,2,28.2701,31.5494,29.5494,26.6689,0,0,0,57.4706,26.2792,2,-3.27934
1059.5,13614.3,74.4749,-0.489239,17.136,25.6393,1.70699,1765.35,0,0,700,394.821,28.9419,2,27.2649,30.4564,28.4564,25.6393,0,0,0,57.4698,26.2791,2,-3.19143
1059.6,13616.3,74.468,-0.492318,17.1259,24.6706,1.64643,1765.51,0,0,700,379.374,27.8096,2,26.2163,29.428,27.428,24.6706,0,0,0,57.469,26.279,2,-3.21171
1059.7,13618.4,74.4592,-0.495398,17.1157,23.6802,1.58479,1765.67,0,0,700,363.651,26.657,2,25.1459,28.3812,26.3812,23.6802,0,0,0,57.4681,26.2788,2,-3.23533
1059.8,13620.5,74.4476,-0.498479,17.1054,22.6239,1.54628,1765.83,0,0,700,353.827,25.9368,2,24.4756,27.2668,25.2668,22.6239,0,0,0,57.4674,26.2787,2,-2.79121
1059.9,13622.5,74.4336,-0.501562,17.095,21.2676,1.54628,1765.98,0,0,700,353.827,25.9368,2,24.4756,25.8357,23.8357,21.2676,0,0,0,57.4671,26.2786,2,-1.36008
1060,13624.6,74.4154,-0.504645,17.0846,19.7021,1.54628,1766.14,0,0,700,353.827,25.9368,2,24.4756,24.1839,22.1839,19.7021,0,0,0,57.4671,26.2784,2,0.29173
1060.1,13626.7,74.3938,-0.507728,17.0742,18.4092,1.54628,1766.29,0,0,700,353.827,25.9368,2,24.4756,22.8195,20.8195,18.4092,0,0,0,57.4675,26.2783,2,1.65604
1060.2,13628.7,74.3693,-0.510812,17.0637,17.4909,1.54628,1766.45,0,0,700,353.827,25.9368,2,24.4756,21.8502,19.8502,17.4909,0,0,0,57.4682,26.2782,2,2.62535
1060.3,13630.8,74.3434,-0.513895,17.0531,16.8724,1.54628,1766.6,0,0,700,353.827,25.9368,2,24.4756,21.1972,19.1972,16.8724,0,0,0,57.469,26.2781,2,3.27839
1060.4,13632.9,74.3161,-0.516977,17.0424,16.5292,1.54628,1766.75,0,0,700,353.827,25.9368,2,24.4756,20.8345,18.8345,16.5292,0,0,0,57.4699,26.2779,2,3.64112
1060.5,13634.9,74.2887,-0.520059,17.0317,16.8264,1.54628,1766.91,0,0,700,353.827,25.9368,2,24.4756,21.1472,19.1472,16.8264,0,0,0,57.4707,26.2778,2,3.32835
1060.6,13637,74.2632,-0.52314,17.021,17.3689,1.54628,1767.06,0,0,700,353.827,25.9368,2,24.4756,21.7189,19.7189,17.3689,0,0,0,57.4713,26.2777,2,2.75664
1060.7,13639.1,74.2389,-0.52622,17.0101,17.8956,1.54628,1767.22,0,0,700,353.827,25.9368,2,24.4756,22.2739,20.2739,17.8956,0,0,0,57.4719,26.2775,2,2.2017
1060.8,13641.1,74.2165,-0.529299,16.9993,18.1928,1.54628,1767.37,0,0,700,353.827,25.9368,2,24.4756,22.5868,20.5868,18.1928,0,0,0,57.4723,26.2774,2,1.88874
1060.9,13643.2,74.194,-0.532377,16.9883,17.8569,1.54628,1767.53,0,0,700,353.827,25.9368,2,24.4756,22.232,20.232,17.8569,0,0,0,57.4729,26.2773,2,2.24361
1061,13645.2,74.1701,-0.535453,16.9773,17.0755,1.54628,1767.68,0,0,700,353.827,25.9368,2,24.4756,21.4071,19.4071,17.0755,0,0,0,57.4736,26.2771,2,3.06851
1061.1,13647.3,74.144,-0.538527,16.9663,16.5594,1.54628,1767.84,0,0,700,353.827,25.9368,2,24.4756,20.862,18.862,16.5594,0,0,0,57.4745,26.277,2,3.61361
1061.2,13649.4,74.1178,-0.5416,16.9551,16.3423,1.54628,1767.99,0,0,700,353.827,25.9368,2,24.4756,20.6323,18.6323,16.3423,0,0,0,57.4754,26.2769,2,3.84329
1061.3,13651.4,74.0908,-0.54467,16.944,16.3935,1.54628,1768.15,0,0,700,353.827,25.9368,2,24.4756,20.6857,18.6857,16.3935,0,0,0,57.4764,26.2768,2,3.78991
1061.4,13653.5,74.0652,-0.547738,16.9327,17.3137,1.54628,1768.3,0,0,700,353.827,25.9368,2,24.4756,21.6557,19.6557,17.3137,0,0,0,57.4771,26.2766,2,2.81993
1061.5,13655.5,74.0433,-0.550804,16.9214,18.8429,1.54628,1768.46,0,0,700,353.827,25.9368,2,24.4756,23.2683,21.2683,18.8429,0,0,0,57.4773,26.2765,2,1.20731
1061.6,13657.6,74.0258,-0.553867,16.9101,20.1779,1.54628,1768.61,0,0,700,353.827,25.9368,2,24.4756,24.6761,22.6761,20.1779,0,0,0,57.4773,26.2764,2,-0.200512
1061.7,13659.6,74.011,-0.556927,16.8986,21.3304,1.54628,1768.77,0,0,700,353.827,25.9368,2,24.4756,25.8914,23.8914,21.3304,0,0,0,57.4769,26.2762,2,-1.41586
1061.8,13661.7,73.9996,-0.559985,16.8872,22.3339,1.54628,1768.92,0,0,700,353.827,25.9368,2,24.4756,26.9497,24.9497,22.3339,0,0,0,57.4763,26.2761,2,-2.47413
1061.9,13663.8,73.9901,-0.56304,16.8756,23.0226,1.54628,1769.07,0,0,700,353.827,25.9368,2,24.4756,27.676,25.676,23.0226,0,0,0,57.4755,26.276,2,-3.20041
1062,13665.8,73.9826,-0.566093,16.864,23.301,1.55988,1769.23,0,0,700,357.296,26.1912,2,24.7125,27.9695,25.9695,23.301,0,0,0,57.4746,26.2759,2,-3.25706
1062.1,13667.9,73.9748,-0.569143,16.8524,23.5896,1.57791,1769.39,0,0,700,361.893,26.5282,2,25.0261,28.2738,26.2738,23.5896,0,0,0,57.4738,26.2757,2,-3.24769
1062.2,13669.9,73.9689,-0.57219,16.8406,23.9528,1.60057,1769.55,0,0,700,367.674,26.9519,2,25.4201,28.6567,26.6567,23.9528,0,0,0,57.4729,26.2756,2,-3.23663
1062.3,13672,73.9632,-0.575233,16.8288,24.3826,1.62743,1769.71,0,0,700,374.527,27.4543,2,25.8867,29.111,27.111,24.3826,0,0,0,57.4721,26.2755,2,-3.2243
1062.4,13674,73.9597,-0.578273,16.817,24.8232,1.65509,1769.88,0,0,700,381.582,27.9714,2,26.3664,29.5786,27.5786,24.8232,0,0,0,57.4713,26.2753,2,-3.21226
1062.5,13676.1,73.9565,-0.58131,16.8051,25.0996,1.67246,1770.04,0,0,700,386.015,28.2963,2,26.6674,29.8719,27.8719,25.0996,0,0,0,57.4705,26.2752,2,-3.20449
1062.6,13678.1,73.9547,-0.584343,16.7931,25.4859,1.69672,1770.21,0,0,700,392.203,28.75,2,27.0874,30.282,28.282,25.4859,0,0,0,57.4696,26.2751,2,-3.19459
1062.7,13680.2,73.9537,-0.587372,16.7811,25.8699,1.72084,1770.39,0,0,700,398.354,29.2008,2,27.5043,30.6895,28.6895,25.8699,0,0,0,57.4688,26.275,2,-3.18521
1062.8,13682.2,73.954,-0.590398,16.769,26.4407,1.75293,1770.56,0,0,700,406.541,29.801,2,28.0587,31.2956,29.2956,26.4407,0,0,0,57.468,26.2748,2,-3.2369
1062.9,13684.3,73.9561,-0.593419,16.7568,27.24,1.79694,1770.74,0,0,700,417.767,30.6239,2,28.8173,32.1441,30.1441,27.24,0,0,0,57.4671,26.2747,2,-3.32673
1063,13686.4,73.9607,-0.596436,16.7446,28.4305,1.86668,1770.93,0,0,700,435.558,31.928,2,30.0165,33.4079,31.4079,28.4305,0,0,0,57.4662,26.2746,2,-3.39133
1063.1,13688.4,73.9691,-0.599449,16.7323,29.9858,1.96306,1771.12,0,0,717.674,448.011,33.6701,2,31.6645,35.0591,33.0591,29.9858,0,0,0,57.4654,26.2744,2,-3.39457
1063.2,13690.5,73.9818,-0.602458,16.72,31.8448,2.08473,1771.33,0,0,748.084,457.541,35.8434,2,33.746,37.0328,35.0328,31.8448,0,0,0,57.4645,26.2743,2,-3.28676
1063.3,13692.5,73.9998,-0.605463,16.7075,33.7067,2.20112,1771.55,0,0,770.967,470.003,37.9459,2,35.744,39.0174,37.0174,33.7067,0,0,0,57.4637,26.2742,2,-3.27338
1063.4,13694.6,74.0221,-0.608463,16.6951,35.6776,2.32591,1771.78,0,0,801.688,478.602,40.1799,2,37.8876,41.121,39.121,35.6776,0,0,0,57.4628,26.2741,2,-3.23344
1063.5,13696.6,74.0502,-0.611459,16.6825,37.7003,2.45843,1772.03,0,0,828.945,490.434,42.573,2,40.1706,43.2801,41.2801,37.7003,0,0,0,57.462,26.2739,2,-3.10951
1063.6,13698.7,74.0829,-0.614451,16.6699,39.2644,2.55449,1772.29,0,0,846.98,499.633,44.3152,2,41.8289,44.9499,42.9499,39.2644,0,0,0,57.4612,26.2738,2,-3.12095
1063.7,13700.7,74.119,-0.617439,16.6572,39.9957,2.5997,1772.55,0,0,859.027,501.594,45.122,2,42.6081,45.731,43.731,39.9957,0,0,0,57.4604,26.2737,2,-3.12293
1063.8,13702.8,74.1555,-0.620423,16.6445,39.9278,2.59562,1772.81,0,0,857.942,501.418,45.0491,2,42.5377,45.6592,43.6592,39.9278,0,0,0,57.4596,26.2735,2,-3.12148
1063.9,13704.9,74.1912,-0.623402,16.6317,39.2016,2.55098,1773.06,0,0,846.098,499.443,44.2523,2,41.7683,44.8849,42.8849,39.2016,0,0,0,57.4588,26.2734,2,-3.11658
1064,13706.9,74.2239,-0.626376,16.6188,37.7454,2.46172,1773.31,0,0,829.84,490.579,42.6317,2,40.2272,43.3316,41.3316,37.7454,0,0,0,57.458,26.2733,2,-3.10433
1064.1,13709,74.2523,-0.629344,16.6058,35.7231,2.32938,1773.54,0,0,802.168,479.071,40.2434,2,37.9474,41.174,39.174,35.7231,0,0,0,57.4572,26.2732,2,-3.22657
1064.2,13711.1,74.2748,-0.632308,16.5928,33.8477,2.21202,1773.76,0,0,773.553,470.846,38.1414,2,35.9312,39.1731,37.1731,33.8477,0,0,0,57.4563,26.273,2,-3.24194
1064.3,13713.1,74.2937,-0.635265,16.5798,32.4575,2.12739,1773.97,0,0,758.432,460.911,36.6069,2,34.477,37.6899,35.6899,32.4575,0,0,0,57.4555,26.2729,2,-3.21292
1064.4,13715.2,74.3092,-0.638216,16.5666,31.5058,2.06572,1774.18,0,0,742.906,456.384,35.5053,2,33.4207,36.6801,34.6801,31.5058,0,0,0,57.4547,26.2728,2,-3.25933
1064.5,13717.2,74.3234,-0.64116,16.5534,31.1276,2.04475,1774.38,0,0,736.75,455.382,35.1338,2,33.0621,36.2789,34.2789,31.1276,0,0,0,57.4538,26.2727,2,-3.21677
1064.6,13719.3,74.3371,-0.644098,16.5401,30.7918,2.02631,1774.59,0,0,731.289,454.493,34.8052,2,32.7449,35.9227,33.9227,30.7918,0,0,0,57.453,26.2725,2,-3.17782
1064.7,13721.4,74.3497,-0.647029,16.5268,30.558,2.009,1774.79,0,0,727.494,452.808,34.4963,2,32.4505,35.6749,33.6749,30.558,0,0,0,57.4522,26.2724,2,-3.22437
1064.8,13723.4,74.3624,-0.649952,16.5134,30.9981,2.03782,1774.99,0,0,734.711,455.05,35.011,2,32.9435,36.1423,34.1423,30.9981,0,0,0,57.4513,26.2723,2,-3.19873
1064.9,13725.5,74.3773,-0.652868,16.5,31.4367,2.06231,1775.2,0,0,741.905,456.221,35.4448,2,33.3623,36.6082,34.6082,31.4367,0,0,0,57.4505,26.2721,2,-3.24582
1065,13727.6,74.3924,-0.655776,16.4864,31.1881,2.04856,1775.4,0,0,737.869,455.564,35.2012,2,33.1272,36.3446,34.3446,31.1881,0,0,0,57.4497,26.272,2,-3.21745
1065.1,13729.6,74.4062,-0.658677,16.4729,31.0022,2.03831,1775.61,0,0,734.857,455.074,35.0198,2,32.952,36.1476,34.1476,31.0022,0,0,0,57.4488,26.2719,2,-3.19558
1065.2,13731.7,74.4204,-0.661569,16.4592,30.9718,2.03671,1775.81,0,0,734.385,454.997,34.9914,2,32.9246,36.1156,34.1156,30.9718,0,0,0,57.448,26.2718,2,-3.19097
1065.3,13733.8,74.4342,-0.664454,16.4455,30.3071,1.99048,1776.01,0,0,723.548,450.881,34.1631,2,32.1336,35.4103,33.4103,30.3071,0,0,0,57.4472,26.2716,2,-3.27677
1065.4,13735.8,74.4452,-0.66733,16.4317,29.5882,1.93825,1776.2,0,0,711.825,445.734,33.226,2,31.2404,34.6475,32.6475,29.5882,0,0,0,57.4463,26.2715,2,-3.40702
1065.5,13737.9,74.4554,-0.670197,16.4179,29.6781,1.9442,1776.4,0,0,713.321,446.221,33.3322,2,31.3421,34.7431,32.7431,29.6781,0,0,0,57.4454,26.2714,2,-3.40106
1065.6,13740,74.467,-0.673055,16.404,30.05,1.97122,1776.59,0,0,719.425,448.867,33.8168,2,31.804,35.1382,33.1382,30.05,0,0,0,57.4446,26.2712,2,-3.33422
1065.7,13742,74.4793,-0.675904,16.3901,30.2006,1.98282,1776.79,0,0,721.912,450.081,34.0254,2,32.0025,35.2983,33.2983,30.2006,0,0,0,57.4437,26.2711,2,-3.29573
1065.8,13744.1,74.4918,-0.678745,16.376,30.0983,1.97514,1776.99,0,0,720.267,449.278,33.8873,2,31.8711,35.19,33.19,30.0983,0,0,0,57.4428,26.271,2,-3.31889
1065.9,13746.2,74.5037,-0.681575,16.362,29.7279,1.94786,1777.19,0,0,714.239,446.52,33.3974,2,31.4045,34.797,32.797,29.7279,0,0,0,57.442,26.2709,2,-3.39249
1066,13748.3,74.5144,-0.684396,16.3478,29.0269,1.90255,1777.38,0,0,702.809,442.798,32.589,2,30.6308,34.0532,32.0532,29.0269,0,0,0,57.4411,26.2707,2,-3.42236
1066.1,13750.3,74.5229,-0.687207,16.3336,28.2874,1.86196,1777.56,0,0,700,434.351,31.8396,2,29.9353,33.2684,31.2684,28.2874,0,0,0,57.4402,26.2706,2,-3.33302
1066.2,13752.4,74.53,-0.690008,16.3194,27.5129,1.81749,1777.74,0,0,700,423.009,31.0082,2,29.1711,32.4464,30.4464,27.5129,0,0,0,57.4394,26.2705,2,-3.27536
1066.3,13754.5,74.5347,-0.692799,16.3051,26.4637,1.75717,1777.92,0,0,700,407.622,29.8802,2,28.1317,31.3328,29.3328,26.4637,0,0,0,57.4386,26.2704,2,-3.20109
1066.4,13756.5,74.5367,-0.695579,16.2907,25.0983,1.67635,1778.09,0,0,700,387.007,28.3691,2,26.7348,29.8835,27.8835,25.0983,0,0,0,57.4377,26.2702,2,-3.14867
1066.5,13758.6,74.5347,-0.698348,16.2763,23.4746,1.57518,1778.24,0,0,700,361.199,26.4773,2,24.9787,28.1663,26.1663,23.4746,0,0,0,57.4369,26.2701,2,-3.18755
1066.6,13760.7,74.5286,-0.701105,16.2618,21.2157,1.54628,1778.4,0,0,700,353.827,25.9368,2,24.4756,25.7833,23.7833,21.2157,0,0,0,57.4366,26.27,2,-1.30775
1066.7,13762.7,74.5154,-0.703851,16.2472,18.653,1.54628,1778.55,0,0,700,353.827,25.9368,2,24.4756,23.0798,21.0798,18.653,0,0,0,57.4369,26.2698,2,1.39579
1066.8,13764.8,74.4966,-0.706584,16.2326,16.6802,1.54628,1778.71,0,0,700,353.827,25.9368,2,24.4756,20.9983,18.9983,16.6802,0,0,0,57.4378,26.2697,2,3.47727
1066.9,13766.9,74.4736,-0.709306,16.218,15.5003,1.54628,1778.86,0,0,700,353.827,25.9368,2,24.4756,19.7591,17.7591,15.5003,0,0,0,57.4389,26.2696,2,4.71653
1067,13769,74.4491,-0.712014,16.2033,15.3767,1.54628,1779.02,0,0,700,353.827,25.9368,2,24.4756,19.629,17.629,15.3767,0,0,0,57.4401,26.2695,2,4.84655
1067.1,13771,74.4258,-0.714709,16.1885,16.3941,1.54628,1779.17,0,0,700,353.827,25.9368,2,24.4756,20.6947,18.6947,16.3941,0,0,0,57.441,26.2693,2,3.78086
1067.2,13773.1,74.4067,-0.717391,16.1737,18.0569,1.54628,1779.33,0,0,700,353.827,25.9368,2,24.4756,22.4483,20.4483,18.0569,0,0,0,57.4415,26.2692,2,2.02732
1067.3,13775.2,74.3921,-0.720061,16.1589,19.8441,1.54628,1779.48,0,0,700,353.827,25.9368,2,24.4756,24.3331,22.3331,19.8441,0,0,0,57.4415,26.2691,2,0.142483
1067.4,13777.2,74.3824,-0.722717,16.144,21.2197,1.54628,1779.64,0,0,700,353.827,25.9368,2,24.4756,25.7839,23.7839,21.2197,0,0,0,57.4412,26.2689,2,-1.30828
1067.5,13779.3,74.3749,-0.72536,16.129,21.8052,1.54628,1779.79,0,0,700,353.827,25.9368,2,24.4756,26.4013,24.4013,21.8052,0,0,0,57.4407,26.2688,2,-1.92575
1067.6,13781.4,74.3684,-0.72799,16.114,21.9416,1.54628,1779.95,0,0,700,353.827,25.9368,2,24.4756,26.545,24.545,21.9416,0,0,0,57.4402,26.2687,2,-2.06944
1067.7,13783.4,74.3619,-0.730606,16.0989,21.925,1.54628,1780.1,0,0,700,353.827,25.9368,2,24.4756,26.5274,24.5274,21.925,0,0,0,57.4396,26.2686,2,-2.05178
1067.8,13785.5,74.3554,-0.733209,16.0838,21.847,1.54628,1780.25,0,0,700,353.827,25.9368,2,24.4756,26.4449,24.4449,21.847,0,0,0,57.4391,26.2684,2,-1.96934
1067.9,13787.6,74.3487,-0.735798,16.0687,21.8443,1.54628,1780.41,0,0,700,353.827,25.9368,2,24.4756,26.442,24.442,21.8443,0,0,0,57.4386,26.2683,2,-1.96638
1068,13789.6,74.3425,-0.738374,16.0534,21.8994,1.54628,1780.56,0,0,700,353.827,25.9368,2,24.4756,26.5,24.5,21.8994,0,0,0,57.4381,26.2682,2,-2.02436
1068.1,13791.7,74.3363,-0.740935,16.0382,21.993,1.54628,1780.72,0,0,700,353.827,25.9368,2,24.4756,26.5985,24.5985,21.993,0,0,0,57.4375,26.268,2,-2.12295
1068.2,13793.7,74.3307,-0.743482,16.0228,21.9665,1.54628,1780.87,0,0,700,353.827,25.9368,2,24.4756,26.5704,24.5704,21.9665,0,0,0,57.437,26.2679,2,-2.0948
1068.3,13795.8,74.3245,-0.746015,16.0075,21.4745,1.54628,1781.03,0,0,700,353.827,25.9368,2,24.4756,26.0512,24.0512,21.4745,0,0,0,57.4366,26.2678,2,-1.57562
1068.4,13797.9,74.3167,-0.748533,15.992,21.0108,1.54628,1781.18,0,0,700,353.827,25.9368,2,24.4756,25.5619,23.5619,21.0108,0,0,0,57.4363,26.2676,2,-1.08631
1068.5,13799.9,74.3084,-0.751036,15.9766,20.9203,1.54628,1781.34,0,0,700,353.827,25.9368,2,24.4756,25.4663,23.4663,20.9203,0,0,0,57.4361,26.2675,2,-0.990705
1068.6,13802,74.3002,-0.753524,15.961,21.2157,1.54628,1781.49,0,0,700,353.827,25.9368,2,24.4756,25.7777,23.7777,21.2157,0,0,0,57.4357,26.2674,2,-1.30207
1068.7,13804.1,74.2937,-0.755997,15.9455,21.8504,1.54628,1781.65,0,0,700,353.827,25.9368,2,24.4756,26.447,24.447,21.8504,0,0,0,57.4352,26.2673,2,-1.9714
1068.8,13806.1,74.2889,-0.758455,15.9298,22.8241,1.54628,1781.8,0,0,700,353.827,25.9368,2,24.4756,27.474,25.474,22.8241,0,0,0,57.4344,26.2671,2,-2.99842
1068.9,13808.2,74.2875,-0.760898,15.9142,23.7156,1.59013,1781.96,0,0,700,365.012,26.7568,2,25.2387,28.4143,26.4143,23.7156,0,0,0,57.4336,26.267,2,-3.17561
1069,13810.3,74.2875,-0.763325,15.8984,24.5534,1.64241,1782.12,0,0,700,378.347,27.7343,2,26.1465,29.2996,27.2996,24.5534,0,0,0,57.4328,26.2669,2,-3.15307
1069.1,13812.3,74.2905,-0.765737,15.8826,25.1193,1.67791,1782.29,0,0,700,387.403,28.3981,2,26.7617,29.9003,27.9003,25.1193,0,0,0,57.432,26.2667,2,-3.13856
1069.2,13814.4,74.2935,-0.768133,15.8668,25.4469,1.6985,1782.46,0,0,700,392.656,28.7832,2,27.1181,30.2481,28.2481,25.4469,0,0,0,57.4312,26.2666,2,-3.13004
1069.3,13816.4,74.2983,-0.770513,15.8509,25.4977,1.70177,1782.63,0,0,700,393.489,28.8443,2,27.1746,30.3022,28.3022,25.4977,0,0,0,57.4304,26.2665,2,-3.12759
1069.4,13818.5,74.3017,-0.772878,15.835,25.1972,1.68304,1782.8,0,0,700,388.711,28.494,2,26.8505,29.9832,27.9832,25.1972,0,0,0,57.4296,26.2664,2,-3.13271
1069.5,13820.6,74.3051,-0.775226,15.819,24.6141,1.64662,1782.97,0,0,700,379.423,27.8132,2,26.2196,29.3643,27.3643,24.6141,0,0,0,57.4288,26.2662,2,-3.14472
1069.6,13822.6,74.3057,-0.777558,15.803,22.9915,1.54767,1783.12,0,0,700,354.181,25.9628,2,24.4998,27.6511,25.6511,22.9915,0,0,0,57.4279,26.2661,2,-3.15129
1069.7,13824.7,74.301,-0.779874,15.7869,20.3777,1.54628,1783.27,0,0,700,353.827,25.9368,2,24.4756,24.8937,22.8937,20.3777,0,0,0,57.4278,26.266,2,-0.418092
1069.8,13826.8,74.2885,-0.782172,15.7708,18.1016,1.54628,1783.43,0,0,700,353.827,25.9368,2,24.4756,22.4924,20.4924,18.1016,0,0,0,57.4283,26.2658,2,1.98316
1069.9,13828.8,74.2725,-0.784454,15.7547,16.7381,1.54628,1783.58,0,0,700,353.827,25.9368,2,24.4756,21.0537,19.0537,16.7381,0,0,0,57.4291,26.2657,2,3.42189
1070,13830.9,74.2532,-0.786717,15.7385,15.6201,1.54628,1783.74,0,0,700,353.827,25.9368,2,24.4756,19.8785,17.8785,15.6201,0,0,0,57.4303,26.2656,2,4.59704
1070.1,13833,74.2317,-0.788963,15.7222,15.3515,1.54628,1783.89,0,0,700,353.827,25.9368,2,24.4756,19.5968,17.5968,15.3515,0,0,0,57.4314,26.2655,2,4.87882
1070.2,13835,74.2114,-0.791191,15.7059,15.9915,1.54628,1784.05,0,0,700,353.827,25.9368,2,24.4756,20.2663,18.2663,15.9915,0,0,0,57.4325,26.2654,2,4.20924
1070.3,13837.1,74.1934,-0.793401,15.6896,16.8311,1.54628,1784.2,0,0,700,353.827,25.9368,2,24.4756,21.1498,19.1498,16.8311,0,0,0,57.4333,26.2652,2,3.32575
1070.4,13839.1,74.1776,-0.795593,15.6732,17.279,1.54628,1784.36,0,0,700,353.827,25.9368,2,24.4756,21.622,19.622,17.279,0,0,0,57.434,26.2651,2,2.85364
1070.5,13841.2,74.162,-0.797767,15.6568,17.4207,1.54628,1784.51,0,0,700,353.827,25.9368,2,24.4756,21.7709,19.7709,17.4207,0,0,0,57.4346,26.265,2,2.70464
1070.6,13843.3,74.1471,-0.799922,15.6403,17.7828,1.54628,1784.67,0,0,700,353.827,25.9368,2,24.4756,22.1526,20.1526,17.7828,0,0,0,57.4352,26.2648,2,2.32299
1070.7,13845.3,74.1337,-0.802059,15.6239,18.1902,1.54628,1784.82,0,0,700,353.827,25.9368,2,24.4756,22.582,20.582,18.1902,0,0,0,57.4357,26.2647,2,1.89357
1070.8,13847.4,74.1211,-0.804178,15.6073,18.397,1.54628,1784.98,0,0,700,353.827,25.9368,2,24.4756,22.7998,20.7998,18.397,0,0,0,57.4361,26.2646,2,1.67578
1070.9,13849.4,74.1088,-0.806278,15.5907,18.8788,1.54628,1785.13,0,0,700,353.827,25.9368,2,24.4756,23.3078,21.3078,18.8788,0,0,0,57.4363,26.2644,2,1.16777
1071,13851.5,74.0989,-0.808359,15.5741,19.9212,1.54628,1785.28,0,0,700,353.827,25.9368,2,24.4756,24.4071,22.4071,19.9212,0,0,0,57.4364,26.2643,2,0.0685193
1071.1,13853.6,74.0922,-0.810421,15.5575,21.3628,1.54628,1785.44,0,0,700,353.827,25.9368,2,24.4756,25.9277,23.9277,21.3628,0,0,0,57.436,26.2642,2,-1.45208
1071.2,13855.6,74.0897,-0.812464,15.5408,23.3034,1.56406,1785.6,0,0,700,358.361,26.2692,2,24.7851,27.9747,25.9747,23.3034,0,0,0,57.4352,26.2641,2,-3.18956
1071.3,13857.7,74.093,-0.814489,15.524,25.1698,1.68058,1785.76,0,0,700,388.084,28.448,2,26.8079,29.9495,27.9495,25.1698,0,0,0,57.4344,26.2639,2,-3.14154
1071.4,13859.7,74.1002,-0.816494,15.5072,26.341,1.7507,1785.94,0,0,700,405.973,29.7594,2,28.0202,31.1929,29.1929,26.341,0,0,0,57.4335,26.2638,2,-3.17272
1071.5,13861.8,74.1096,-0.818481,15.4904,27.1641,1.79577,1786.12,0,0,700,417.468,30.602,2,28.7971,32.0669,30.0669,27.1641,0,0,0,57.4327,26.2637,2,-3.26978
1071.6,13863.8,74.1211,-0.820449,15.4735,27.5004,1.81691,1786.3,0,0,700,422.862,30.9974,2,29.1612,32.4241,30.4241,27.5004,0,0,0,57.4318,26.2636,2,-3.26298
1071.7,13865.9,74.1322,-0.822397,15.4566,27.1694,1.79629,1786.48,0,0,700,417.601,30.6118,2,28.8061,32.073,30.073,27.1694,0,0,0,57.431,26.2634,2,-3.26684
1071.8,13868,74.1421,-0.824326,15.4397,26.8629,1.77825,1786.66,0,0,700,412.998,30.2743,2,28.4952,31.7478,29.7478,26.8629,0,0,0,57.4302,26.2633,2,-3.25263
1071.9,13870,74.1518,-0.826236,15.4227,26.7557,1.77274,1786.83,0,0,700,411.593,30.1713,2,28.4002,31.6343,29.6343,26.7557,0,0,0,57.4293,26.2632,2,-3.23409
1072,13872.1,74.1612,-0.828126,15.4056,26.6818,1.76896,1787.01,0,0,700,410.629,30.1007,2,28.3351,31.556,29.556,26.6818,0,0,0,57.4285,26.263,2,-3.22095
1072.1,13874.1,74.1706,-0.829996,15.3885,26.7292,1.77151,1787.19,0,0,700,411.28,30.1484,2,28.3791,31.6066,29.6066,26.7292,0,0,0,57.4277,26.2629,2,-3.22751
1072.2,13876.2,74.1803,-0.831846,15.3714,26.9233,1.78171,1787.37,0,0,700,413.882,30.3392,2,28.5549,31.8128,29.8128,26.9233,0,0,0,57.4268,26.2628,2,-3.25787
1072.3,13878.3,74.1908,-0.833677,15.3543,27.1703,1.79692,1787.55,0,0,700,417.762,30.6236,2,28.817,32.0753,30.0753,27.1703,0,0,0,57.426,26.2627,2,-3.25831
1072.4,13880.3,74.2018,-0.835487,15.3371,27.2438,1.80161,1787.73,0,0,700,418.959,30.7113,2,28.8978,32.1535,30.1535,27.2438,0,0,0,57.4251,26.2625,2,-3.25569
1072.5,13882.4,74.2128,-0.837276,15.3198,26.7739,1.77416,1787.9,0,0,700,411.956,30.198,2,28.4248,31.655,29.655,26.7739,0,0,0,57.4243,26.2624,2,-3.23016
1072.6,13884.5,74.2215,-0.839046,15.3025,25.798,1.72113,1788.08,0,0,700,398.429,29.2064,2,27.5095,30.6192,28.6192,25.798,0,0,0,57.4235,26.2623,2,-3.10975
1072.7,13886.5,74.2275,-0.840794,15.2852,24.7079,1.65299,1788.24,0,0,700,381.047,27.9322,2,26.33,29.4622,27.4622,24.7079,0,0,0,57.4227,26.2622,2,-3.13222
1072.8,13888.6,74.2308,-0.842522,15.2679,23.8426,1.59911,1788.4,0,0,700,367.302,26.9246,2,25.3947,28.547,26.547,23.8426,0,0,0,57.4219,26.262,2,-3.15229
1072.9,13890.6,74.2325,-0.844229,15.2505,23.8798,1.6015,1788.56,0,0,700,367.912,26.9693,2,25.4363,28.5862,26.5862,23.8798,0,0,0,57.4211,26.2619,2,-3.14994
1073,13892.7,74.2361,-0.845914,15.2331,24.7293,1.65458,1788.73,0,0,700,381.453,27.962,2,26.3576,29.4851,27.4851,24.7293,0,0,0,57.4203,26.2618,2,-3.12757
1073.1,13894.8,74.2422,-0.847578,15.2156,25.5636,1.70689,1788.9,0,0,700,394.795,28.94,2,27.2632,30.3709,28.3709,25.5636,0,0,0,57.4194,26.2616,2,-3.10769
1073.2,13896.8,74.2501,-0.849221,15.1981,26.0918,1.73909,1789.07,0,0,700,403.01,29.5422,2,27.8197,30.9318,28.9318,26.0918,0,0,0,57.4186,26.2615,2,-3.11208
1073.3,13898.9,74.259,-0.850843,15.1806,26.5314,1.76209,1789.25,0,0,700,408.878,29.9723,2,28.2167,31.3986,29.3986,26.5314,0,0,0,57.4178,26.2614,2,-3.18188
1073.4,13900.9,74.2692,-0.852443,15.163,26.5953,1.7655,1789.42,0,0,700,409.747,30.0361,2,28.2755,31.4666,29.4666,26.5953,0,0,0,57.417,26.2613,2,-3.19109
1073.5,13903,74.2785,-0.854021,15.1454,26.2786,1.74906,1789.6,0,0,700,405.554,29.7286,2,27.9918,31.1306,29.1306,26.2786,0,0,0,57.4162,26.2611,2,-3.13879
1073.6,13905.1,74.2872,-0.855577,15.1278,26.4447,1.75781,1789.78,0,0,700,407.784,29.8921,2,28.1427,31.3072,29.3072,26.4447,0,0,0,57.4154,26.261,2,-3.1645
1073.7,13907.1,74.2974,-0.857112,15.1101,26.466,1.75899,1789.95,0,0,700,408.086,29.9143,2,28.1631,31.33,29.33,26.466,0,0,0,57.4146,26.2609,2,-3.16681
1073.8,13909.2,74.3062,-0.858624,15.0924,25.8153,1.72328,1790.12,0,0,700,398.978,29.2466,2,27.5466,30.6395,28.6395,25.8153,0,0,0,57.4138,26.2608,2,-3.09285
1073.9,13911.3,74.3131,-0.860115,15.0746,25.318,1.69224,1790.29,0,0,700,391.06,28.6662,2,27.0099,30.1117,28.1117,25.318,0,0,0,57.4129,26.2606,2,-3.10186
1074,13913.3,74.3195,-0.861583,15.0569,24.713,1.65446,1790.46,0,0,700,381.423,27.9597,2,26.3555,29.4697,27.4697,24.713,0,0,0,57.4121,26.2605,2,-3.11413
1074.1,13915.4,74.3234,-0.863028,15.0391,23.7627,1.5953,1790.62,0,0,700,366.331,26.8535,2,25.3286,28.465,26.465,23.7627,0,0,0,57.4113,26.2604,2,-3.13636
1074.2,13917.5,74.325,-0.864451,15.0212,24.0319,1.61213,1790.78,0,0,700,370.623,27.1681,2,25.6209,28.749,26.749,24.0319,0,0,0,57.4105,26.2603,2,-3.12803
1074.3,13919.5,74.3305,-0.865852,15.0034,25.3639,1.69546,1790.95,0,0,700,391.88,28.7263,2,27.0655,30.1609,28.1609,25.3639,0,0,0,57.4097,26.2601,2,-3.09539
1074.4,13921.6,74.3389,-0.867229,14.9855,26.1415,1.74257,1791.12,0,0,700,403.899,29.6073,2,27.8798,30.9865,28.9865,26.1415,0,0,0,57.4089,26.26,2,-3.10666
1074.5,13923.7,74.3483,-0.868584,14.9676,27.2575,1.80434,1791.3,0,0,700,419.654,30.7622,2,28.9447,32.1713,30.1713,27.2575,0,0,0,57.4081,26.2599,2,-3.22664
1074.6,13925.7,74.3625,-0.869915,14.9496,28.9861,1.90313,1791.49,0,0,702.958,442.846,32.5995,2,30.6409,34.0065,32.0065,28.9861,0,0,0,57.4072,26.2597,2,-3.36568
1074.7,13927.8,74.3807,-0.871224,14.9316,29.9328,1.96671,1791.69,0,0,718.458,448.394,33.7357,2,31.7269,35.0119,33.0119,29.9328,0,0,0,57.4064,26.2596,2,-3.28497
1074.8,13929.9,74.3996,-0.87251,14.9136,30.1024,1.97977,1791.89,0,0,721.259,449.762,33.9705,2,31.9503,35.1924,33.1924,30.1024,0,0,0,57.4055,26.2595,2,-3.24204
1074.9,13931.9,74.4187,-0.873773,14.8956,30.4264,2.00471,1792.09,0,0,726.581,452.362,34.4191,2,32.3771,35.5367,33.5367,30.4264,0,0,0,57.4047,26.2594,2,-3.15962
1075,13934,74.4393,-0.875012,14.8775,30.6968,2.0255,1792.29,0,0,731.028,454.45,34.7896,2,32.7298,35.8242,33.8242,30.6968,0,0,0,57.4039,26.2592,2,-3.09436
1075.1,13936.1,74.4597,-0.876228,14.8594,30.4097,2.00369,1792.49,0,0,726.363,452.256,34.4007,2,32.3595,35.5199,33.5199,30.4097,0,0,0,57.4031,26.2591,2,-3.16031
1075.2,13938.1,74.4788,-0.877421,14.8412,30.0315,1.97488,1792.69,0,0,720.21,449.25,33.8825,2,31.8666,35.1188,33.1188,30.0315,0,0,0,57.4023,26.259,2,-3.25224
1075.3,13940.2,74.4973,-0.87859,14.8231,30.0788,1.97861,1792.89,0,0,721.01,449.641,33.9497,2,31.9305,35.1694,33.1694,30.0788,0,0,0,57.4014,26.2589,2,-3.23892
1075.4,13942.3,74.5166,-0.879735,14.8049,30.139,1.98334,1793.09,0,0,722.022,450.135,34.0347,2,32.0113,35.2337,33.2337,30.139,0,0,0,57.4006,26.2587,2,-3.22237
1075.5,13944.3,74.5354,-0.880857,14.7866,29.9419,1.96844,1793.28,0,0,718.829,448.576,33.7668,2,31.7565,35.025,33.025,29.9419,0,0,0,57.3997,26.2586,2,-3.26849
1075.6,13946.4,74.5537,-0.881954,14.7684,30.0279,1.97512,1793.48,0,0,720.262,449.276,33.8869,2,31.8708,35.1166,33.1166,30.0279,0,0,0,57.3989,26.2585,2,-3.24589
1075.7,13948.5,74.5729,-0.883028,14.7501,30.4932,2.01088,1793.68,0,0,727.893,453.003,34.5301,2,32.4827,35.6109,33.6109,30.4932,0,0,0,57.3981,26.2584,2,-3.1282
1075.8,13950.5,74.5935,-0.884078,14.7318,30.6395,2.0225,1793.88,0,0,730.313,454.185,34.7352,2,32.6779,35.7667,33.7667,30.6395,0,0,0,57.3973,26.2582,2,-3.0888
1075.9,13952.6,74.6134,-0.885103,14.7135,30.663,2.02449,1794.09,0,0,730.724,454.386,34.7702,2,32.7111,35.7921,33.7921,30.663,0,0,0,57.3965,26.2581,2,-3.08095
1076,13954.7,74.6342,-0.886104,14.6951,30.6682,2.02491,1794.29,0,0,730.835,454.419,34.778,2,32.7186,35.798,33.798,30.6682,0,0,0,57.3957,26.258,2,-3.07937
1076.1,13956.8,74.654,-0.887081,14.6767,30.0637,1.97849,1794.49,0,0,720.984,449.628,33.9475,2,31.9284,35.1568,33.1568,30.0637,0,0,0,57.3949,26.2578,2,-3.22842
1076.2,13958.8,74.6717,-0.888033,14.6583,28.5751,1.8809,1794.67,0,0,700,439.183,32.1938,2,30.2605,33.5771,31.5771,28.5751,0,0,0,57.394,26.2577,2,-3.31658
1076.3,13960.9,74.684,-0.88896,14.6399,26.6985,1.77328,1794.85,0,0,700,411.732,30.1815,2,28.4097,31.5854,29.5854,26.6985,0,0,0,57.3932,26.2576,2,-3.1757
1076.4,13963,74.6922,-0.889863,14.6214,25.0148,1.67578,1795.02,0,0,700,386.86,28.3583,2,26.7248,29.7983,27.7983,25.0148,0,0,0,57.3924,26.2575,2,-3.07348
1076.5,13965.1,74.696,-0.890741,14.603,23.2435,1.56549,1795.18,0,0,700,358.726,26.296,2,24.81,27.9265,25.9265,23.2435,0,0,0,57.3916,26.2573,2,-3.11647
1076.6,13967.1,74.6952,-0.891593,14.5845,22.0365,1.54628,1795.33,0,0,700,353.827,25.9368,2,24.4756,26.6532,24.6532,22.0365,0,0,0,57.391,26.2572,2,-2.17765
1076.7,13969.2,74.693,-0.892421,14.566,21.3459,1.54628,1795.48,0,0,700,353.827,25.9368,2,24.4756,25.9248,23.9248,21.3459,0,0,0,57.3907,26.2571,2,-1.44917
1076.8,13971.3,74.6889,-0.893223,14.5475,20.7052,1.54628,1795.64,0,0,700,353.827,25.9368,2,24.4756,25.2488,23.2488,20.7052,0,0,0,57.3905,26.257,2,-0.773211
1076.9,13973.4,74.6835,-0.894,14.5289,20.2508,1.54628,1795.79,0,0,700,353.827,25.9368,2,24.4756,24.7694,22.7694,20.2508,0,0,0,57.3904,26.2568,2,-0.293787
1077,13975.4,74.6771,-0.894752,14.5104,19.8266,1.54628,1795.95,0,0,700,353.827,25.9368,2,24.4756,24.3218,22.3218,19.8266,0,0,0,57.3904,26.2567,2,0.153837
1077.1,13977.5,74.6696,-0.895478,14.4918,19.0382,1.54628,1796.1,0,0,700,353.827,25.9368,2,24.4756,23.4899,21.4899,19.0382,0,0,0,57.3907,26.2566,2,0.985644
1077.2,13979.6,74.6593,-0.896178,14.4732,18.5804,1.54628,1796.26,0,0,700,353.827,25.9368,2,24.4756,23.0068,21.0068,18.5804,0,0,0,57.391,26.2564,2,1.46877
1077.3,13981.7,74.6497,-0.896853,14.4546,18.6486,1.54628,1796.41,0,0,700,353.827,25.9368,2,24.4756,23.0785,21.0785,18.6486,0,0,0,57.3914,26.2563,2,1.39706
1077.4,13983.7,74.6398,-0.897502,14.436,18.6129,1.54628,1796.57,0,0,700,353.827,25.9368,2,24.4756,23.0405,21.0405,18.6129,0,0,0,57.3917,26.2562,2,1.43505
1077.5,13985.8,74.63,-0.898126,14.4174,18.693,1.54628,1796.72,0,0,700,353.827,25.9368,2,24.4756,23.1248,21.1248,18.693,0,0,0,57.392,26.256,2,1.35074
1077.6,13987.9,74.6207,-0.898724,14.3988,18.9475,1.54628,1796.88,0,0,700,353.827,25.9368,2,24.4756,23.393,21.393,18.9475,0,0,0,57.3923,26.2559,2,1.0826
1077.7,13989.9,74.6123,-0.899296,14.3801,19.1288,1.54628,1797.03,0,0,700,353.827,25.9368,2,24.4756,23.584,21.584,19.1288,0,0,0,57.3925,26.2558,2,0.891546
1077.8,13992,74.6039,-0.899842,14.3615,19.4119,1.54628,1797.19,0,0,700,353.827,25.9368,2,24.4756,23.8824,21.8824,19.4119,0,0,0,57.3927,26.2557,2,0.593153
1077.9,13994.1,74.597,-0.900362,14.3429,19.821,1.54628,1797.34,0,0,700,353.827,25.9368,2,24.4756,24.3138,22.3138,19.821,0,0,0,57.3927,26.2555,2,0.161768
1078,13996.2,74.5907,-0.900857,14.3242,20.0716,1.54628,1797.49,0,0,700,353.827,25.9368,2,24.4756,24.578,22.578,20.0716,0,0,0,57.3927,26.2554,2,-0.102393
1078.1,13998.2,74.5852,-0.901325,14.3055,19.9606,1.54628,1797.65,0,0,700,353.827,25.9368,2,24.4756,24.4608,22.4608,19.9606,0,0,0,57.3927,26.2553,2,0.0147409
1078.2,14000.3,74.5784,-0.901768,14.2868,19.4374,1.54628,1797.8,0,0,700,353.827,25.9368,2,24.4756,23.9087,21.9087,19.4374,0,0,0,57.3928,26.2551,2,0.566873
1078.3,14002.4,74.5703,-0.902184,14.2682,18.7876,1.54628,1797.96,0,0,700,353.827,25.9368,2,24.4756,23.2231,21.2231,18.7876,0,0,0,57.3931,26.255,2,1.25249
1078.4,14004.5,74.5603,-0.902574,14.2495,18.0117,1.54628,1798.11,0,0,700,353.827,25.9368,2,24.4756,22.4045,20.4045,18.0117,0,0,0,57.3936,26.2549,2,2.07113
1078.5,14006.5,74.5483,-0.902939,14.2308,17.4416,1.54628,1798.27,0,0,700,353.827,25.9368,2,24.4756,21.8028,19.8028,17.4416,0,0,0,57.3943,26.2548,2,2.67279
1078.6,14008.6,74.5355,-0.903277,14.2121,17.1677,1.54628,1798.42,0,0,700,353.827,25.9368,2,24.4756,21.5135,19.5135,17.1677,0,0,0,57.395,26.2546,2,2.96206
1078.7,14010.7,74.5222,-0.903589,14.1934,16.9185,1.54628,1798.58,0,0,700,353.827,25.9368,2,24.4756,21.2503,19.2503,16.9185,0,0,0,57.3958,26.2545,2,3.22526
1078.8,14012.7,74.5082,-0.903875,14.1747,16.8836,1.54628,1798.73,0,0,700,353.827,25.9368,2,24.4756,21.2131,19.2131,16.8836,0,0,0,57.3966,26.2544,2,3.26247
1078.9,14014.8,74.4948,-0.904135,14.156,17.0289,1.54628,1798.89,0,0,700,353.827,25.9368,2,24.4756,21.3661,19.3661,17.0289,0,0,0,57.3973,26.2542,2,3.10947
1079,14016.9,74.4816,-0.904368,14.1372,17.0612,1.54628,1799.04,0,0,700,353.827,25.9368,2,24.4756,21.3998,19.3998,17.0612,0,0,0,57.3981,26.2541,2,3.07581
1079.1,14018.9,74.4684,-0.904575,14.1185,17.1855,1.54628,1799.2,0,0,700,353.827,25.9368,2,24.4756,21.5306,19.5306,17.1855,0,0,0,57.3988,26.254,2,2.94503
1079.2,14021,74.456,-0.904756,14.0998,17.4778,1.54628,1799.35,0,0,700,353.827,25.9368,2,24.4756,21.8386,19.8386,17.4778,0,0,0,57.3994,26.2539,2,2.63698
1079.3,14023.1,74.4443,-0.904911,14.0811,17.559,1.54628,1799.5,0,0,700,353.827,25.9368,2,24.4756,21.924,19.924,17.559,0,0,0,57.4001,26.2537,2,2.55157
1079.4,14025.1,74.4323,-0.90504,14.0624,17.2296,1.54628,1799.66,0,0,700,353.827,25.9368,2,24.4756,21.5762,19.5762,17.2296,0,0,0,57.4008,26.2536,2,2.89937
1079.5,14027.2,74.4191,-0.905142,14.0437,16.953,1.54628,1799.81,0,0,700,353.827,25.9368,2,24.4756,21.2841,19.2841,16.953,0,0,0,57.4015,26.2535,2,3.19148
1079.6,14029.3,74.4057,-0.905218,14.025,17.5363,1.54628,1799.97,0,0,700,353.827,25.9368,2,24.4756,21.899,19.899,17.5363,0,0,0,57.4022,26.2534,2,2.57656
1079.7,14031.3,74.3955,-0.905268,14.0063,19.0046,1.54628,1800.12,0,0,700,353.827,25.9368,2,24.4756,23.4476,21.4476,19.0046,0,0,0,57.4024,26.2532,2,1.02798
1079.8,14033.4,74.3897,-0.905291,13.9876,20.6095,1.54628,1800.28,0,0,700,353.827,25.9368,2,24.4756,25.1404,23.1404,20.6095,0,0,0,57.4022,26.2531,2,-0.66478
1079.9,14035.5,74.3876,-0.905288,13.9689,22.7639,1.54628,1800.43,0,0,700,353.827,25.9368,2,24.4756,27.4129,25.4129,22.7639,0,0,0,57.4015,26.253,2,-2.93731
1080,14037.5,74.3927,-0.905259,13.9501,25.2854,1.69026,1800.6,0,0,700,390.555,28.6292,2,26.9756,30.079,28.079,25.2854,0,0,0,57.4007,26.2528,2,-3.10336
1080.1,14039.6,74.4035,-0.905204,13.9314,27.234,1.80375,1800.78,0,0,700,419.503,30.7512,2,28.9345,32.1476,30.1476,27.234,0,0,0,57.3998,26.2527,2,-3.21308
1080.2,14041.7,74.4184,-0.905122,13.9127,28.6247,1.88281,1800.97,0,0,700,439.67,32.2295,2,30.2932,33.6242,31.6242,28.6247,0,0,0,57.399,26.2526,2,-3.33095
1080.3,14043.7,74.4361,-0.905014,13.894,29.3951,1.9306,1801.16,0,0,709.9,445.107,33.0895,2,31.1098,34.4423,32.4423,29.3951,0,0,0,57.3981,26.2525,2,-3.33248
1080.4,14045.8,74.4548,-0.904879,13.8753,29.4558,1.93465,1801.36,0,0,710.92,445.439,33.1618,2,31.179,34.5071,32.5071,29.4558,0,0,0,57.3973,26.2523,2,-3.32812
1080.5,14047.9,74.4728,-0.904719,13.8566,29.1691,1.91619,1801.55,0,0,706.263,443.923,32.8324,2,30.8637,34.2032,32.2032,29.1691,0,0,0,57.3964,26.2522,2,-3.33948
1080.6,14050,74.4899,-0.904531,13.8379,29.1014,1.91193,1801.74,0,0,705.185,443.571,32.7563,2,30.7909,34.1317,32.1317,29.1014,0,0,0,57.3955,26.2521,2,-3.3408
1080.7,14052,74.5074,-0.904317,13.8192,29.2588,1.92222,1801.93,0,0,707.785,444.418,32.9399,2,30.9666,34.2992,32.2992,29.2588,0,0,0,57.3947,26.252,2,-3.33259
1080.8,14054.1,74.5253,-0.904077,13.8004,29.1834,1.91745,1802.12,0,0,706.582,444.026,32.8549,2,30.8853,34.2196,32.2196,29.1834,0,0,0,57.3938,26.2518,2,-3.33435
1080.9,14056.2,74.5423,-0.90381,13.7817,28.8752,1.89767,1802.31,0,0,701.572,442.395,32.502,2,30.5476,33.8927,31.8927,28.8752,0,0,0,57.393,26.2517,2,-3.34518
1081,14058.2,74.5585,-0.903517,13.763,28.2475,1.86385,1802.5,0,0,700,434.834,31.875,2,29.9678,33.2268,31.2268,28.2475,0,0,0,57.3921,26.2516,2,-3.25901
1081.1,14060.3,74.5722,-0.903197,13.7443,26.3033,1.75271,1802.67,0,0,700,406.483,29.7968,2,28.0547,31.1634,29.1634,26.3033,0,0,0,57.3913,26.2515,2,-3.10868
1081.2,14062.4,74.5785,-0.902851,13.7256,23.3299,1.5708,1802.83,0,0,700,360.081,26.3953,2,24.9025,28.0147,26.0147,23.3299,0,0,0,57.3905,26.2513,2,-3.11229
1081.3,14064.4,74.5771,-0.902479,13.7069,21.148,1.54628,1802.99,0,0,700,353.827,25.9368,2,24.4756,25.7131,23.7131,21.148,0,0,0,57.3902,26.2512,2,-1.23754
1081.4,14066.5,74.5723,-0.902079,13.6882,19.6342,1.54628,1803.14,0,0,700,353.827,25.9368,2,24.4756,24.1162,22.1162,19.6342,0,0,0,57.3903,26.2511,2,0.359419
1081.5,14068.6,74.5632,-0.901654,13.6695,18.5158,1.54628,1803.3,0,0,700,353.827,25.9368,2,24.4756,22.9362,20.9362,18.5158,0,0,0,57.3906,26.251,2,1.53938
1081.6,14070.7,74.5528,-0.901202,13.6509,18.6264,1.54628,1803.45,0,0,700,353.827,25.9368,2,24.4756,23.0526,21.0526,18.6264,0,0,0,57.391,26.2508,2,1.42298
1081.7,14072.7,74.5443,-0.900724,13.6322,19.7756,1.54628,1803.61,0,0,700,353.827,25.9368,2,24.4756,24.2646,22.2646,19.7756,0,0,0,57.391,26.2507,2,0.210946
1081.8,14074.8,74.5397,-0.90022,13.6136,20.9455,1.54628,1803.76,0,0,700,353.827,25.9368,2,24.4756,25.4985,23.4985,20.9455,0,0,0,57.3908,26.2506,2,-1.02295
1081.9,14076.9,74.5371,-0.89969,13.5949,21.6932,1.54628,1803.91,0,0,700,353.827,25.9368,2,24.4756,26.2872,24.2872,21.6932,0,0,0,57.3903,26.2504,2,-1.81163
1082,14078.9,74.5363,-0.899133,13.5763,22.2709,1.54628,1804.07,0,0,700,353.827,25.9368,2,24.4756,26.8965,24.8965,22.2709,0,0,0,57.3897,26.2503,2,-2.42094
1082.1,14081,74.5366,-0.89855,13.5577,22.7466,1.54628,1804.22,0,0,700,353.827,25.9368,2,24.4756,27.3984,25.3984,22.7466,0,0,0,57.3889,26.2502,2,-2.9228
1082.2,14083.1,74.5381,-0.897941,13.5391,23.0925,1.55644,1804.38,0,0,700,356.417,26.1268,2,24.6525,27.7633,25.7633,23.0925,0,0,0,57.3881,26.2501,2,-3.11082
1082.3,14085.2,74.5401,-0.897305,13.5205,23.748,1.59706,1804.54,0,0,700,366.779,26.8863,2,25.3591,28.4548,26.4548,23.748,0,0,0,57.3873,26.2499,2,-3.09569
1082.4,14087.2,74.5449,-0.896643,13.5019,24.8596,1.66645,1804.71,0,0,700,384.48,28.1838,2,26.5632,29.6303,27.6303,24.8596,0,0,0,57.3865,26.2498,2,-3.06709
1082.5,14089.3,74.5525,-0.895956,13.4834,25.7535,1.72249,1804.88,0,0,700,398.774,29.2317,2,27.5328,30.5794,28.5794,25.7535,0,0,0,57.3857,26.2497,2,-3.04653
1082.6,14091.4,74.5617,-0.895242,13.4648,26.4709,1.76196,1805.05,0,0,700,408.843,29.9698,2,28.2143,31.3411,29.3411,26.4709,0,0,0,57.3849,26.2496,2,-3.12677
1082.7,14093.4,74.5728,-0.894502,13.4463,27.3428,1.81232,1805.24,0,0,700,421.689,30.9114,2,29.082,32.2668,30.2668,27.3428,0,0,0,57.3841,26.2494,2,-3.18474
1082.8,14095.5,74.5863,-0.893735,13.4278,27.5586,1.82593,1805.42,0,0,700,425.161,31.1659,2,29.3162,32.4962,30.4962,27.5586,0,0,0,57.3833,26.2493,2,-3.18003
1082.9,14097.6,74.5984,-0.892943,13.4093,27.2058,1.80394,1805.6,0,0,700,419.553,30.7548,2,28.9378,32.122,30.122,27.2058,0,0,0,57.3825,26.2492,2,-3.18413
1083,14099.7,74.6101,-0.892124,13.3908,27.6558,1.8322,1805.78,0,0,700,426.762,31.2833,2,29.4241,32.5999,30.5999,27.6558,0,0,0,57.3817,26.2491,2,-3.17581
1083.1,14101.7,74.6243,-0.89128,13.3723,28.2165,1.86322,1805.97,0,0,700,434.675,31.8633,2,29.9571,33.1954,31.1954,28.2165,0,0,0,57.3808,26.2489,2,-3.23824
1083.2,14103.8,74.6387,-0.890409,13.3538,27.8442,1.84389,1806.15,0,0,700,429.744,31.5019,2,29.6251,32.8006,30.8006,27.8442,0,0,0,57.38,26.2488,2,-3.1755
1083.3,14105.9,74.6509,-0.889512,13.3354,27.046,1.79433,1806.33,0,0,700,417.102,30.5752,2,28.7724,31.9536,29.9536,27.046,0,0,0,57.3792,26.2487,2,-3.18115
1083.4,14107.9,74.6611,-0.88859,13.3169,25.9459,1.73522,1806.51,0,0,700,402.022,29.4698,2,27.7528,30.786,28.786,25.9459,0,0,0,57.3784,26.2486,2,-3.03318
1083.5,14110,74.6677,-0.887641,13.2985,23.9539,1.61101,1806.67,0,0,700,370.337,27.1471,2,25.6014,28.6752,26.6752,23.9539,0,0,0,57.3776,26.2484,2,-3.07371
1083.6,14112.1,74.6677,-0.886667,13.2801,21.8768,1.54628,1806.82,0,0,700,353.827,25.9368,2,24.4756,26.4841,24.4841,21.8768,0,0,0,57.3771,26.2483,2,-2.00851
1083.7,14114.2,74.6637,-0.885667,13.2617,20.7114,1.54628,1806.98,0,0,700,353.827,25.9368,2,24.4756,25.2548,23.2548,20.7114,0,0,0,57.3769,26.2482,2,-0.779172
1083.8,14116.2,74.6578,-0.884642,13.2434,20.4384,1.54628,1807.13,0,0,700,353.827,25.9368,2,24.4756,24.9666,22.9666,20.4384,0,0,0,57.3767,26.248,2,-0.491058
1083.9,14118.3,74.6524,-0.883591,13.225,20.6692,1.54628,1807.28,0,0,700,353.827,25.9368,2,24.4756,25.2099,23.2099,20.6692,0,0,0,57.3766,26.2479,2,-0.734316
1084,14120.4,74.6476,-0.882515,13.2067,21.2163,1.54628,1807.44,0,0,700,353.827,25.9368,2,24.4756,25.7869,23.7869,21.2163,0,0,0,57.3762,26.2478,2,-1.31132
1084.1,14122.5,74.6448,-0.881413,13.1884,21.7718,1.54628,1807.59,0,0,700,353.827,25.9368,2,24.4756,26.3728,24.3728,21.7718,0,0,0,57.3757,26.2477,2,-1.89722
1084.2,14124.5,74.6428,-0.880286,13.1702,21.8006,1.54628,1807.75,0,0,700,353.827,25.9368,2,24.4756,26.4031,24.4031,21.8006,0,0,0,57.3752,26.2475,2,-1.92749
1084.3,14126.6,74.6402,-0.879134,13.1519,20.9336,1.54628,1807.9,0,0,700,353.827,25.9368,2,24.4756,25.4885,23.4885,20.9336,0,0,0,57.375,26.2474,2,-1.01289
1084.4,14128.7,74.6337,-0.877957,13.1337,19.6444,1.54628,1808.06,0,0,700,353.827,25.9368,2,24.4756,24.1284,22.1284,19.6444,0,0,0,57.3751,26.2473,2,0.347154
1084.5,14130.8,74.6244,-0.876754,13.1155,18.6128,1.54628,1808.21,0,0,700,353.827,25.9368,2,24.4756,23.0401,21.0401,18.6128,0,0,0,57.3754,26.2471,2,1.43552
1084.6,14132.8,74.6127,-0.875527,13.0974,18.0191,1.54628,1808.37,0,0,700,353.827,25.9368,2,24.4756,22.4136,20.4136,18.0191,0,0,0,57.3759,26.247,2,2.06202
1084.7,14134.9,74.6004,-0.874275,13.0792,17.7292,1.54628,1808.52,0,0,700,353.827,25.9368,2,24.4756,22.1074,20.1074,17.7292,0,0,0,57.3765,26.2469,2,2.36816
1084.8,14137,74.5872,-0.872998,13.0611,18.2838,1.54628,1808.68,0,0,700,353.827,25.9368,2,24.4756,22.6921,20.6921,18.2838,0,0,0,57.3769,26.2468,2,1.78347
1084.9,14139,74.5777,-0.871697,13.0431,19.6425,1.54628,1808.83,0,0,700,353.827,25.9368,2,24.4756,24.125,22.125,19.6425,0,0,0,57.377,26.2466,2,0.350541
1085,14141.1,74.5713,-0.870371,13.025,20.9118,1.54628,1808.99,0,0,700,353.827,25.9368,2,24.4756,25.4639,23.4639,20.9118,0,0,0,57.3767,26.2465,2,-0.988266
1085.1,14143.2,74.5682,-0.869021,13.007,21.8929,1.54628,1809.14,0,0,700,353.827,25.9368,2,24.4756,26.4987,24.4987,21.8929,0,0,0,57.3762,26.2464,2,-2.0231
1085.2,14145.3,74.5666,-0.867646,12.989,22.478,1.54628,1809.3,0,0,700,353.827,25.9368,2,24.4756,27.1158,25.1158,22.478,0,0,0,57.3755,26.2462,2,-2.64018
1085.3,14147.3,74.5664,-0.866247,12.9711,22.7667,1.54628,1809.45,0,0,700,353.827,25.9368,2,24.4756,27.4203,25.4203,22.7667,0,0,0,57.3748,26.2461,2,-2.94468
1085.4,14149.4,74.5662,-0.864823,12.9531,22.8892,1.54709,1809.6,0,0,700,354.033,25.952,2,24.4897,27.5495,25.5495,22.8892,0,0,0,57.374,26.246,2,-3.05985
1085.5,14151.5,74.5665,-0.863375,12.9352,22.2191,1.54628,1809.76,0,0,700,353.827,25.9368,2,24.4756,26.8427,24.8427,22.2191,0,0,0,57.3734,26.2459,2,-2.36713
1085.6,14153.5,74.5628,-0.861903,12.9174,20.8572,1.54628,1809.91,0,0,700,353.827,25.9368,2,24.4756,25.406,23.406,20.8572,0,0,0,57.3731,26.2457,2,-0.930432
1085.7,14155.6,74.5562,-0.860406,12.8995,19.5874,1.54628,1810.07,0,0,700,353.827,25.9368,2,24.4756,24.0664,22.0664,19.5874,0,0,0,57.3732,26.2456,2,0.409156
1085.8,14157.7,74.546,-0.858886,12.8817,18.0956,1.54628,1810.22,0,0,700,353.827,25.9368,2,24.4756,22.4925,20.4925,18.0956,0,0,0,57.3737,26.2455,2,1.98306
1085.9,14159.8,74.5317,-0.857343,12.864,16.6109,1.54628,1810.38,0,0,700,353.827,25.9368,2,24.4756,20.926,18.926,16.6109,0,0,0,57.3746,26.2454,2,3.54955
1086,14161.8,74.514,-0.855775,12.8462,15.9483,1.54628,1810.53,0,0,700,353.827,25.9368,2,24.4756,20.2293,18.2293,15.9483,0,0,0,57.3756,26.2452,2,4.24629
1086.1,14163.9,74.4963,-0.854185,12.8285,15.9094,1.54628,1810.69,0,0,700,353.827,25.9368,2,24.4756,20.1881,18.1881,15.9094,0,0,0,57.3767,26.2451,2,4.28752
1086.2,14166,74.4783,-0.852571,12.8109,16.7619,1.54628,1810.84,0,0,700,353.827,25.9368,2,24.4756,21.084,19.084,16.7619,0,0,0,57.3775,26.245,2,3.39161
1086.3,14168,74.4649,-0.850934,12.7933,18.32,1.54628,1811,0,0,700,353.827,25.9368,2,24.4756,22.7273,20.7273,18.32,0,0,0,57.3779,26.2449,2,1.74833
1086.4,14170.1,74.4548,-0.849274,12.7757,19.654,1.54628,1811.15,0,0,700,353.827,25.9368,2,24.4756,24.1342,22.1342,19.654,0,0,0,57.378,26.2447,2,0.341417
1086.5,14172.2,74.4481,-0.847591,12.7581,21.1594,1.54628,1811.31,0,0,700,353.827,25.9368,2,24.4756,25.7219,23.7219,21.1594,0,0,0,57.3777,26.2446,2,-1.2463
1086.6,14174.2,74.4455,-0.845885,12.7406,22.28,1.54628,1811.46,0,0,700,353.827,25.9368,2,24.4756,26.9039,24.9039,22.28,0,0,0,57.377,26.2445,2,-2.42835
1086.7,14176.3,74.4444,-0.844156,12.7231,22.4782,1.54628,1811.61,0,0,700,353.827,25.9368,2,24.4756,27.113,25.113,22.4782,0,0,0,57.3764,26.2444,2,-2.63737
1086.8,14178.4,74.4427,-0.842404,12.7057,22.4611,1.54628,1811.77,0,0,700,353.827,25.9368,2,24.4756,27.0949,25.0949,22.4611,0,0,0,57.3757,26.2442,2,-2.61929
1086.9,14180.4,74.4414,-0.840629,12.6883,22.441,1.54628,1811.92,0,0,700,353.827,25.9368,2,24.4756,27.0737,25.0737,22.441,0,0,0,57.375,26.2441,2,-2.59806
1087,14182.5,74.4395,-0.838832,12.6709,22.0476,1.54628,1812.08,0,0,700,353.827,25.9368,2,24.4756,26.6586,24.6586,22.0476,0,0,0,57.3744,26.244,2,-2.18305
1087.1,14184.6,74.436,-0.837012,12.6536,21.5666,1.54628,1812.23,0,0,700,353.827,25.9368,2,24.4756,26.1512,24.1512,21.5666,0,0,0,57.374,26.2438,2,-1.6756
1087.2,14186.6,74.4316,-0.83517,12.6363,20.7296,1.54628,1812.39,0,0,700,353.827,25.9368,2,24.4756,25.2682,23.2682,20.7296,0,0,0,57.3738,26.2437,2,-0.792576
1087.3,14188.7,74.4238,-0.833305,12.6191,19.8815,1.54628,1812.54,0,0,700,353.827,25.9368,2,24.4756,24.3734,22.3734,19.8815,0,0,0,57.3738,26.2436,2,0.102237
1087.4,14190.8,74.415,-0.831418,12.6019,19.815,1.54628,1812.7,0,0,700,353.827,25.9368,2,24.4756,24.303,22.303,19.815,0,0,0,57.3739,26.2435,2,0.172571
1087.5,14192.8,74.4067,-0.82951,12.5847,20.6588,1.54628,1812.85,0,0,700,353.827,25.9368,2,24.4756,25.1928,23.1928,20.6588,0,0,0,57.3737,26.2433,2,-0.717215
1087.6,14194.9,74.4021,-0.82758,12.5676,22.3412,1.54628,1813.01,0,0,700,353.827,25.9368,2,24.4756,26.9675,24.9675,22.3412,0,0,0,57.373,26.2432,2,-2.49186
1087.7,14197,74.4023,-0.825628,12.5505,24.5304,1.64706,1813.17,0,0,700,379.533,27.8212,2,26.2271,29.2777,27.2777,24.5304,0,0,0,57.3723,26.2431,2,-3.05058
1087.8,14199,74.4086,-0.823654,12.5335,26.5698,1.76805,1813.35,0,0,700,410.398,30.0837,2,28.3194,31.4427,29.4427,26.5698,0,0,0,57.3714,26.243,2,-3.12325
1087.9,14201.1,74.419,-0.821658,12.5164,27.8925,1.84694,1813.53,0,0,700,430.52,31.5588,2,29.6774,32.8469,30.8469,27.8925,0,0,0,57.3706,26.2428,2,-3.16956
1088,14203.2,74.4319,-0.819641,12.4995,28.4101,1.87401,1813.72,0,0,700,437.427,32.0651,2,30.1423,33.3966,31.3966,28.4101,0,0,0,57.3698,26.2427,2,-3.25429
1088.1,14205.3,74.4447,-0.817602,12.4826,28.5523,1.88151,1813.91,0,0,700,439.34,32.2053,2,30.271,33.5479,31.5479,28.5523,0,0,0,57.3689,26.2426,2,-3.27684
1088.2,14207.3,74.4581,-0.815541,12.4657,28.9517,1.905,1814.1,0,0,703.43,443,32.6327,2,30.6726,33.9721,31.9721,28.9517,0,0,0,57.3681,26.2425,2,-3.29946
1088.3,14209.4,74.4727,-0.813459,12.4488,29.3223,1.92907,1814.29,0,0,709.515,444.981,33.0622,2,31.0837,34.3659,32.3659,29.3223,0,0,0,57.3672,26.2423,2,-3.28219
1088.4,14211.5,74.4878,-0.811355,12.432,29.9163,1.97039,1814.49,0,0,719.249,448.781,33.802,2,31.7899,34.9968,32.9968,29.9163,0,0,0,57.3664,26.2422,2,-3.20686
1088.5,14213.5,74.5052,-0.80923,12.4152,30.6819,2.02789,1814.69,0,0,731.787,454.574,34.8351,2,32.7738,35.8098,33.8098,30.6819,0,0,0,57.3656,26.2421,2,-3.03596
1088.6,14215.6,74.5239,-0.807084,12.3985,30.7309,2.0307,1814.89,0,0,732.614,454.708,34.8849,2,32.8218,35.8622,33.8622,30.7309,0,0,0,57.3648,26.242,2,-3.0404
1088.7,14217.7,74.5413,-0.804916,12.3818,29.9424,1.97275,1815.09,0,0,719.754,449.027,33.8443,2,31.8302,35.0256,33.0256,29.9424,0,0,0,57.364,26.2418,2,-3.1954
1088.8,14219.7,74.5558,-0.802728,12.3652,29.2795,1.92682,1815.28,0,0,708.947,444.797,33.022,2,31.0453,34.3223,32.3223,29.2795,0,0,0,57.3632,26.2417,2,-3.27701
1088.9,14221.8,74.5697,-0.800519,12.3486,28.9882,1.90809,1815.47,0,0,704.213,443.255,32.6879,2,30.7254,34.0134,32.0134,28.9882,0,0,0,57.3623,26.2416,2,-3.28796
1089,14223.9,74.5824,-0.798289,12.332,28.5965,1.88458,1815.66,0,0,700,440.123,32.2627,2,30.3236,33.5979,31.5979,28.5965,0,0,0,57.3615,26.2415,2,-3.27423
1089.1,14226,74.5941,-0.796039,12.3155,28.7821,1.89501,1815.85,0,0,700.897,442.175,32.4546,2,30.5022,33.7951,31.7951,28.7821,0,0,0,57.3606,26.2413,2,-3.29293
1089.2,14228,74.6076,-0.793769,12.299,29.5466,1.94458,1816.05,0,0,713.416,446.252,33.339,2,31.3486,34.6069,32.6069,29.5466,0,0,0,57.3598,26.2412,2,-3.25834
1089.3,14230.1,74.6229,-0.791478,12.2826,30.1052,1.98591,1816.25,0,0,722.571,450.403,34.0809,2,32.0553,35.2002,33.2002,30.1052,0,0,0,57.359,26.2411,2,-3.14486
1089.4,14232.2,74.639,-0.789168,12.2662,30.2186,1.99471,1816.45,0,0,724.451,451.322,34.2392,2,32.2059,35.3209,33.3209,30.2186,0,0,0,57.3582,26.241,2,-3.11497
1089.5,14234.2,74.6546,-0.786837,12.2499,30.4903,2.01575,1816.65,0,0,728.918,453.504,34.6169,2,32.5653,35.6097,33.6097,30.4903,0,0,0,57.3574,26.2408,2,-3.04442
1089.6,14236.3,74.6718,-0.784487,12.2336,30.8281,2.03698,1816.85,0,0,734.463,455.009,34.996,2,32.9291,35.9686,33.9686,30.8281,0,0,0,57.3566,26.2407,2,-3.03943
1089.7,14238.4,74.689,-0.782116,12.2173,31.1335,2.05405,1817.06,0,0,739.481,455.827,35.2984,2,33.221,36.2932,34.2932,31.1335,0,0,0,57.3558,26.2406,2,-3.07216
1089.8,14240.5,74.7075,-0.779726,12.2011,31.4543,2.07202,1817.26,0,0,744.749,456.684,35.6168,2,33.5284,36.6341,34.6341,31.4543,0,0,0,57.355,26.2405,2,-3.10567
1089.9,14242.5,74.7259,-0.777317,12.185,31.7302,2.08967,1817.47,0,0,749.286,457.933,35.9317,2,33.8306,36.9274,34.9274,31.7302,0,0,0,57.3542,26.2403,2,-3.09681
1090,14244.6,74.7456,-0.774888,12.1689,31.6836,2.08665,1817.68,0,0,748.551,457.694,35.8777,2,33.7789,36.8783,34.8783,31.6836,0,0,0,57.3534,26.2402,2,-3.09944
1090.1,14246.7,74.7636,-0.77244,12.1528,30.933,2.04326,1817.89,0,0,736.311,455.31,35.1073,2,33.0365,36.082,34.082,30.933,0,0,0,57.3526,26.2401,2,-3.04544
1090.2,14248.8,74.7792,-0.769973,12.1368,29.8005,1.96378,1818.08,0,0,717.829,448.087,33.6831,2,31.6768,34.8802,32.8802,29.8005,0,0,0,57.3518,26.24,2,-3.20339
1090.3,14250.8,74.7912,-0.767488,12.1208,29.1658,1.92101,1818.27,0,0,707.481,444.319,32.9184,2,30.946,34.2067,32.2067,29.1658,0,0,0,57.3509,26.2398,2,-3.26065
1090.4,14252.9,74.8033,-0.764984,12.1049,28.9662,1.90821,1818.46,0,0,704.245,443.265,32.6901,2,30.7276,33.9951,31.9951,28.9662,0,0,0,57.3501,26.2397,2,-3.26755
1090.5,14255,74.8141,-0.762461,12.089,28.4709,1.87928,1818.65,0,0,700,438.77,32.1635,2,30.2327,33.4696,31.4696,28.4709,0,0,0,57.3493,26.2396,2,-3.23696
1090.6,14257.1,74.8235,-0.75992,12.0732,28.4051,1.87593,1818.84,0,0,700,437.915,32.1008,2,30.1751,33.4,31.4,28.4051,0,0,0,57.3484,26.2395,2,-3.22486
1090.7,14259.2,74.8337,-0.757362,12.0574,28.8275,1.89957,1819.03,0,0,702.054,442.552,32.5359,2,30.58,33.8486,31.8486,28.8275,0,0,0,57.3476,26.2393,2,-3.2686
1090.8,14261.2,74.8451,-0.754785,12.0417,28.3891,1.87525,1819.22,0,0,700,437.743,32.0882,2,30.1636,33.3835,31.3835,28.3891,0,0,0,57.3467,26.2392,2,-3.21991
1090.9,14263.3,74.8529,-0.752191,12.026,27.1003,1.80125,1819.4,0,0,700,418.866,30.7045,2,28.8915,32.0156,30.0156,27.1003,0,0,0,57.3459,26.2391,2,-3.12406
1091,14265.4,74.8575,-0.749579,12.0104,26.0423,1.74318,1819.57,0,0,700,404.053,29.6186,2,27.8903,30.8928,28.8928,26.0423,0,0,0,57.3452,26.239,2,-3.00248
1091.1,14267.5,74.8597,-0.746951,11.9949,25.213,1.69311,1819.74,0,0,700,391.282,28.6825,2,27.0249,30.0124,28.0124,25.213,0,0,0,57.3444,26.2388,2,-2.98753
1091.2,14269.6,74.86,-0.744305,11.9794,24.3933,1.64194,1819.91,0,0,700,378.229,27.7256,2,26.1384,29.1433,27.1433,24.3933,0,0,0,57.3436,26.2387,2,-3.00491
1091.3,14271.6,74.8579,-0.741643,11.9639,23.5603,1.59021,1820.06,0,0,700,365.032,26.7582,2,25.24,28.2646,26.2646,23.5603,0,0,0,57.3428,26.2386,2,-3.02459
1091.4,14273.7,74.8538,-0.738965,11.9485,22.8842,1.54979,1820.22,0,0,700,354.722,26.0025,2,24.5367,27.5514,25.5514,22.8842,0,0,0,57.3421,26.2385,2,-3.01467
1091.5,14275.8,74.8481,-0.736271,11.9332,23.1537,1.56506,1820.38,0,0,700,358.616,26.2879,2,24.8025,27.8355,25.8355,23.1537,0,0,0,57.3413,26.2383,2,-3.03295
1091.6,14277.9,74.8452,-0.73356,11.9179,24.075,1.62243,1820.54,0,0,700,373.252,27.3608,2,25.7999,28.8072,26.8072,24.075,0,0,0,57.3405,26.2382,2,-3.00738
1091.7,14280,74.844,-0.730834,11.9027,24.7742,1.66609,1820.7,0,0,700,384.389,28.1772,2,26.557,29.5464,27.5464,24.7742,0,0,0,57.3397,26.2381,2,-2.98937
1091.8,14282,74.8445,-0.728092,11.8875,25.9071,1.73662,1820.88,0,0,700,402.379,29.4959,2,27.777,30.7489,28.7489,25.9071,0,0,0,57.339,26.238,2,-2.97191
1091.9,14284.1,74.8488,-0.725335,11.8724,27.7228,1.84097,1821.06,0,0,700,428.999,31.4473,2,29.5749,32.6763,30.6763,27.7228,0,0,0,57.3382,26.2378,2,-3.10143
1092,14286.2,74.8582,-0.722562,11.8574,29.4324,1.93978,1821.26,0,0,712.21,445.859,33.2533,2,31.2666,34.4912,32.4912,29.4324,0,0,0,57.3373,26.2377,2,-3.22463
1092.1,14288.3,74.8709,-0.719774,11.8424,30.6613,2.02969,1821.46,0,0,732.318,454.66,34.8671,2,32.8046,35.7959,33.7959,30.6613,0,0,0,57.3365,26.2376,2,-2.99129
1092.2,14290.4,74.8863,-0.71697,11.8274,31.8597,2.10053,1821.67,0,0,751.927,458.793,36.1261,2,34.0167,37.0683,35.0683,31.8597,0,0,0,57.3358,26.2375,2,-3.05158
1092.3,14292.4,74.9048,-0.71415,11.8125,32.3404,2.1331,1821.88,0,0,759.81,461.36,36.7091,2,34.5749,37.579,35.579,32.3404,0,0,0,57.335,26.2373,2,-3.00411
1092.4,14294.5,74.9223,-0.711315,11.7977,31.7415,2.0928,1822.09,0,0,750.048,458.181,35.9878,2,33.8843,36.9436,34.9436,31.7415,0,0,0,57.3342,26.2372,2,-3.05938
1092.5,14296.6,74.9375,-0.708466,11.7829,30.3513,2.00834,1822.29,0,0,727.354,452.74,34.4844,2,32.4393,35.4683,33.4683,30.3513,0,0,0,57.3334,26.2371,2,-3.02901
1092.6,14298.7,74.9477,-0.705601,11.7682,28.3483,1.87439,1822.48,0,0,700,437.524,32.0722,2,30.1488,33.3424,31.3424,28.3483,0,0,0,57.3326,26.237,2,-3.19362
1092.7,14300.8,74.9525,-0.702723,11.7535,25.9815,1.7412,1822.65,0,0,700,403.548,29.5816,2,27.8561,30.8303,28.8303,25.9815,0,0,0,57.3318,26.2368,2,-2.97417
1092.8,14302.8,74.9506,-0.69983,11.7389,24.0092,1.61942,1822.82,0,0,700,372.483,27.3044,2,25.7475,28.7404,26.7404,24.0092,0,0,0,57.331,26.2367,2,-2.99287
1092.9,14304.9,74.9453,-0.696924,11.7244,22.7245,1.54628,1822.97,0,0,700,353.827,25.9368,2,24.4756,27.3851,25.3851,22.7245,0,0,0,57.3303,26.2366,2,-2.90953
1093,14307,74.9367,-0.694005,11.7099,21.7084,1.54628,1823.13,0,0,700,353.827,25.9368,2,24.4756,26.3132,24.3132,21.7084,0,0,0,57.3298,26.2365,2,-1.83758
1093.1,14309.1,74.9262,-0.691073,11.6955,20.8703,1.54628,1823.28,0,0,700,353.827,25.9368,2,24.4756,25.4289,23.4289,20.8703,0,0,0,57.3296,26.2363,2,-0.953296
1093.2,14311.2,74.9132,-0.688128,11.6812,19.8816,1.54628,1823.44,0,0,700,353.827,25.9368,2,24.4756,24.3857,22.3857,19.8816,0,0,0,57.3296,26.2362,2,0.0898895
1093.3,14313.2,74.8976,-0.685171,11.6669,18.6096,1.54628,1823.59,0,0,700,353.827,25.9368,2,24.4756,23.0436,21.0436,18.6096,0,0,0,57.3299,26.2361,2,1.43199
1093.4,14315.3,74.878,-0.682202,11.6527,17.0603,1.54628,1823.74,0,0,700,353.827,25.9368,2,24.4756,21.4089,19.4089,17.0603,0,0,0,57.3307,26.236,2,3.06671
1093.5,14317.4,74.8544,-0.679222,11.6385,15.337,1.54628,1823.9,0,0,700,353.827,25.9368,2,24.4756,19.5983,17.5983,15.337,0,0,0,57.3319,26.2358,2,4.87725
1093.6,14319.5,74.8261,-0.67623,11.6244,14.0155,1.54628,1824.05,0,0,700,353.827,25.9368,2,24.4756,18.214,16.214,14.0155,0,0,0,57.3334,26.2357,2,6.26161
1093.7,14321.6,74.7958,-0.673228,11.6104,13.5911,1.54628,1824.21,0,0,700,353.827,25.9368,2,24.4756,17.7688,15.7688,13.5911,0,0,0,57.335,26.2356,2,6.70682
1093.8,14323.6,74.7652,-0.670215,11.5964,13.8605,1.54628,1824.36,0,0,700,353.827,25.9368,2,24.4756,18.05,16.05,13.8605,0,0,0,57.3366,26.2355,2,6.4256
1093.9,14325.7,74.7362,-0.667192,11.5826,14.4727,1.54628,1824.52,0,0,700,353.827,25.9368,2,24.4756,18.6903,16.6903,14.4727,0,0,0,57.338,26.2354,2,5.78533
1094,14327.8,74.7086,-0.664159,11.5687,14.9643,1.54628,1824.67,0,0,700,353.827,25.9368,2,24.4756,19.2042,17.2042,14.9643,0,0,0,57.3393,26.2353,2,5.27142
1094.1,14329.9,74.682,-0.661115,11.555,15.1363,1.54628,1824.83,0,0,700,353.827,25.9368,2,24.4756,19.3836,17.3836,15.1363,0,0,0,57.3405,26.2351,2,5.09204
1094.2,14331.9,74.6552,-0.658062,11.5413,15.528,1.54628,1824.98,0,0,700,353.827,25.9368,2,24.4756,19.793,17.793,15.528,0,0,0,57.3417,26.235,2,4.6826
1094.3,14334,74.6304,-0.654999,11.5277,16.1122,1.54628,1825.14,0,0,700,353.827,25.9368,2,24.4756,20.404,18.404,16.1122,0,0,0,57.3426,26.2349,2,4.0716
1094.4,14336.1,74.6065,-0.651927,11.5141,17.1172,1.54628,1825.29,0,0,700,353.827,25.9368,2,24.4756,21.4621,19.4621,17.1172,0,0,0,57.3434,26.2348,2,3.01354
1094.5,14338.2,74.5867,-0.648845,11.5007,18.8345,1.54628,1825.45,0,0,700,353.827,25.9368,2,24.4756,23.273,21.273,18.8345,0,0,0,57.3437,26.2347,2,1.20258
1094.6,14340.2,74.5713,-0.645754,11.4873,20.2228,1.54628,1825.6,0,0,700,353.827,25.9368,2,24.4756,24.737,22.737,20.2228,0,0,0,57.3436,26.2345,2,-0.261425
1094.7,14342.3,74.5584,-0.642654,11.4739,21.0541,1.54628,1825.75,0,0,700,353.827,25.9368,2,24.4756,25.6136,23.6136,21.0541,0,0,0,57.3433,26.2344,2,-1.13805
1094.8,14344.4,74.5471,-0.639545,11.4606,21.7502,1.54628,1825.91,0,0,700,353.827,25.9368,2,24.4756,26.3476,24.3476,21.7502,0,0,0,57.3428,26.2343,2,-1.87199
1094.9,14346.4,74.5375,-0.636426,11.4474,22.0854,1.54628,1826.06,0,0,700,353.827,25.9368,2,24.4756,26.701,24.701,22.0854,0,0,0,57.3422,26.2341,2,-2.22536
1095,14348.5,74.5277,-0.633299,11.4343,22.172,1.54628,1826.22,0,0,700,353.827,25.9368,2,24.4756,26.792,24.792,22.172,0,0,0,57.3416,26.234,2,-2.31645
1095.1,14350.6,74.5185,-0.630164,11.4212,22.9925,1.55509,1826.37,0,0,700,356.074,26.1016,2,24.629,27.6573,25.6573,22.9925,0,0,0,57.3409,26.2339,2,-3.02825
1095.2,14352.7,74.5127,-0.62702,11.4082,24.2813,1.63482,1826.54,0,0,700,376.412,27.5925,2,26.0149,29.0167,27.0167,24.2813,0,0,0,57.3401,26.2338,2,-3.00181
1095.3,14354.7,74.5097,-0.623867,11.3953,25.8232,1.73134,1826.71,0,0,700,401.034,29.3973,2,27.6859,30.6524,28.6524,25.8232,0,0,0,57.3393,26.2336,2,-2.9665
1095.4,14356.8,74.5116,-0.620707,11.3824,27.2457,1.81064,1826.89,0,0,700,421.26,30.88,2,29.0531,32.1624,30.1624,27.2457,0,0,0,57.3385,26.2335,2,-3.10932
1095.5,14358.9,74.5156,-0.617538,11.3696,28.076,1.8593,1827.08,0,0,700,433.675,31.79,2,29.8898,33.0439,31.0439,28.076,0,0,0,57.3377,26.2334,2,-3.15406
1095.6,14360.9,74.5214,-0.614361,11.3568,28.7968,1.89825,1827.27,0,0,701.72,442.443,32.5124,2,30.5575,33.8091,31.8091,28.7968,0,0,0,57.3369,26.2333,2,-3.25155
1095.7,14363,74.5289,-0.611176,11.3441,29.2993,1.93083,1827.46,0,0,709.957,445.125,33.0935,2,31.1137,34.3427,32.3427,29.2993,0,0,0,57.336,26.2332,2,-3.22904
1095.8,14365.1,74.537,-0.607983,11.3315,29.6443,1.95351,1827.66,0,0,715.619,447.007,33.4985,2,31.5011,34.7091,32.7091,29.6443,0,0,0,57.3352,26.233,2,-3.20793
1095.9,14367.1,74.5459,-0.604783,11.3189,30.2642,2.00092,1827.86,0,0,725.774,451.968,34.3508,2,32.3122,35.3673,33.3673,30.2642,0,0,0,57.3344,26.2329,2,-3.05516
1096,14369.2,74.5569,-0.601575,11.3065,31.0461,2.05097,1828.06,0,0,738.576,455.679,35.2438,2,33.1683,36.1976,34.1976,31.0461,0,0,0,57.3336,26.2328,2,-3.0292
1096.1,14371.3,74.5695,-0.59836,11.294,31.3153,2.06604,1828.27,0,0,742.999,456.399,35.5109,2,33.4262,36.4835,34.4835,31.3153,0,0,0,57.3328,26.2327,2,-3.05734
1096.2,14373.4,74.5815,-0.595138,11.2817,31.0998,2.05412,1828.47,0,0,739.502,455.83,35.2997,2,33.2223,36.2551,34.2551,31.0998,0,0,0,57.3321,26.2325,2,-3.0328
1096.3,14375.4,74.5928,-0.591909,11.2694,30.6251,2.02782,1828.68,0,0,731.767,454.571,34.834,2,32.7727,35.7514,33.7514,30.6251,0,0,0,57.3313,26.2324,2,-2.97871
1096.4,14377.5,74.6022,-0.588673,11.2571,30.3393,2.00724,1828.88,0,0,727.12,452.626,34.4646,2,32.4204,35.4483,33.4483,30.3393,0,0,0,57.3305,26.2323,2,-3.02782
1096.5,14379.6,74.6117,-0.585431,11.245,30.4575,2.01651,1829.08,0,0,729.075,453.58,34.6302,2,32.5779,35.5739,33.5739,30.4575,0,0,0,57.3297,26.2322,2,-2.99597
1096.6,14381.6,74.6214,-0.582183,11.2329,31.0845,2.05358,1829.28,0,0,739.345,455.804,35.2902,2,33.2131,36.2397,34.2397,31.0845,0,0,0,57.3289,26.232,2,-3.02659
1096.7,14383.7,74.6339,-0.57893,11.2208,32.1642,2.12152,1829.5,0,0,757.013,460.449,36.5018,2,34.3764,37.386,35.386,32.1642,0,0,0,57.3282,26.2319,2,-3.00963
1096.8,14385.8,74.6487,-0.57567,11.2089,32.6298,2.15105,1829.71,0,0,763.094,463.442,37.0341,2,34.8831,37.8807,35.8807,32.6298,0,0,0,57.3274,26.2318,2,-2.99761
1096.9,14387.9,74.6632,-0.572404,11.197,32.0408,2.11339,1829.92,0,0,755.046,459.809,36.3562,2,34.237,37.2556,35.2556,32.0408,0,0,0,57.3266,26.2317,2,-3.01859
1097,14389.9,74.6748,-0.569133,11.1851,31.3501,2.06872,1830.13,0,0,743.782,456.527,35.5583,2,33.4719,36.5227,34.5227,31.3501,0,0,0,57.3258,26.2315,2,-3.05082
1097.1,14392,74.6856,-0.565858,11.1734,30.8049,2.03845,1830.33,0,0,734.897,455.08,35.0221,2,32.9543,35.9443,33.9443,30.8049,0,0,0,57.3251,26.2314,2,-2.98995
1097.2,14394.1,74.6941,-0.562577,11.1616,30.1043,1.99012,1830.53,0,0,723.47,450.843,34.1566,2,32.1273,35.2008,33.2008,30.1043,0,0,0,57.3243,26.2313,2,-3.07352
1097.3,14396.2,74.701,-0.559292,11.15,30.1238,1.99171,1830.73,0,0,723.811,451.009,34.1853,2,32.1546,35.2216,33.2216,30.1238,0,0,0,57.3235,26.2312,2,-3.06702
1097.4,14398.2,74.7095,-0.556003,11.1384,30.8556,2.0415,1830.94,0,0,735.794,455.226,35.0762,2,33.0065,35.9986,33.9986,30.8556,0,0,0,57.3227,26.231,2,-2.99216
1097.5,14400.3,74.7198,-0.552709,11.1269,31.1935,2.06038,1831.14,0,0,741.34,456.129,35.4106,2,33.3294,36.3576,34.3576,31.1935,0,0,0,57.3219,26.2309,2,-3.02819
1097.6,14402.4,74.7296,-0.549412,11.1155,31.1886,2.06019,1831.35,0,0,741.282,456.12,35.4072,2,33.326,36.3525,34.3525,31.1886,0,0,0,57.3211,26.2308,2,-3.02651
1097.7,14404.5,74.7397,-0.546111,11.1041,31.1437,2.05776,1831.55,0,0,740.571,456.004,35.3642,2,33.2846,36.3051,34.3051,31.1437,0,0,0,57.3204,26.2307,2,-3.02048
1097.8,14406.5,74.749,-0.542807,11.0928,30.9754,2.04847,1831.76,0,0,737.844,455.56,35.1997,2,33.1257,36.1266,34.1266,30.9754,0,0,0,57.3196,26.2305,2,-3.00089
1097.9,14408.6,74.758,-0.539499,11.0816,30.6793,2.0321,1831.96,0,0,733.029,454.776,34.9098,2,32.8459,35.8126,33.8126,30.6793,0,0,0,57.3188,26.2304,2,-2.9667
1098,14410.7,74.7655,-0.536189,11.0704,30.5969,2.02761,1832.16,0,0,731.704,454.56,34.8302,2,32.769,35.7253,33.7253,30.5969,0,0,0,57.318,26.2303,2,-2.95625
1098.1,14412.8,74.7738,-0.532876,11.0593,30.5303,2.02407,1832.37,0,0,730.637,454.344,34.7628,2,32.7041,35.6547,33.6547,30.5303,0,0,0,57.3173,26.2302,2,-2.95055
1098.2,14414.9,74.7807,-0.52956,11.0483,30.2367,2.00133,1832.57,0,0,725.861,452.011,34.3582,2,32.3192,35.3432,33.3432,30.2367,0,0,0,57.3165,26.2301,2,-3.02402
1098.3,14416.9,74.7872,-0.526243,11.0373,29.5201,1.9476,1832.76,0,0,714.173,446.499,33.3928,2,31.4001,34.5827,32.5827,29.5201,0,0,0,57.3157,26.2299,2,-3.18264
1098.4,14419,74.7903,-0.522923,11.0264,28.5546,1.88643,1832.95,0,0,700,440.594,32.2973,2,30.3554,33.558,31.558,28.5546,0,0,0,57.3149,26.2298,2,-3.2026
1098.5,14421.1,74.7917,-0.519603,11.0156,27.6108,1.83625,1833.13,0,0,700,427.794,31.359,2,29.4937,32.5561,30.5561,27.6108,0,0,0,57.3141,26.2297,2,-3.06244
1098.6,14423.2,74.7898,-0.516281,11.0048,26.6359,1.77667,1833.31,0,0,700,412.596,30.2448,2,28.468,31.5213,29.5213,26.6359,0,0,0,57.3133,26.2296,2,-3.0533
1098.7,14425.2,74.7861,-0.512958,10.9941,25.6845,1.72566,1833.48,0,0,700,399.583,29.291,2,27.5876,30.5113,28.5113,25.6845,0,0,0,57.3125,26.2294,2,-2.92371
1098.8,14427.3,74.7791,-0.509635,10.9835,24.8225,1.67177,1833.65,0,0,700,385.837,28.2834,2,26.6554,29.5962,27.5962,24.8225,0,0,0,57.3118,26.2293,2,-2.94078
1098.9,14429.4,74.7708,-0.506312,10.973,24.2084,1.63352,1833.81,0,0,700,376.079,27.568,2,25.9922,28.9461,26.9461,24.2084,0,0,0,57.311,26.2292,2,-2.95392
1099,14431.5,74.7606,-0.502989,10.9625,23.4072,1.58374,1833.97,0,0,700,363.383,26.6373,2,25.1276,28.1007,26.1007,23.4072,0,0,0,57.3102,26.2291,2,-2.97312
1099.1,14433.5,74.7481,-0.499666,10.9521,22.4193,1.54628,1834.13,0,0,700,353.827,25.9368,2,24.4756,27.0584,25.0584,22.4193,0,0,0,57.3096,26.2289,2,-2.58276
1099.2,14435.6,74.7328,-0.496345,10.9417,21.7946,1.54628,1834.28,0,0,700,353.827,25.9368,2,24.4756,26.3991,24.3991,21.7946,0,0,0,57.3091,26.2288,2,-1.92348
1099.3,14437.7,74.7169,-0.493024,10.9315,21.9922,1.54628,1834.44,0,0,700,353.827,25.9368,2,24.4756,26.607,24.607,21.9922,0,0,0,57.3085,26.2287,2,-2.13146
1099.4,14439.8,74.7024,-0.489705,10.9213,22.6036,1.54628,1834.59,0,0,700,353.827,25.9368,2,24.4756,27.2517,25.2517,22.6036,0,0,0,57.3078,26.2286,2,-2.77609
1099.5,14441.8,74.6895,-0.486388,10.9111,23.9436,1.61732,1834.75,0,0,700,371.947,27.2651,2,25.711,28.6648,26.6648,23.9436,0,0,0,57.307,26.2284,2,-2.95378
1099.6,14443.9,74.6816,-0.483072,10.9011,25.7021,1.72723,1834.93,0,0,700,399.984,29.3204,2,27.6148,30.5276,28.5276,25.7021,0,0,0,57.3063,26.2283,2,-2.91283
1099.7,14446,74.6774,-0.479758,10.8911,26.9236,1.79393,1835.1,0,0,700,416.999,30.5676,2,28.7655,31.8241,29.8241,26.9236,0,0,0,57.3055,26.2282,2,-3.0587
1099.8,14448.1,74.6754,-0.476446,10.8812,27.2648,1.81536,1835.29,0,0,700,422.465,30.9683,2,29.1344,32.1863,30.1863,27.2648,0,0,0,57.3047,26.2281,2,-3.05188
1099.9,14450.1,74.6728,-0.473136,10.8713,27.3557,1.82112,1835.47,0,0,700,423.935,31.0761,2,29.2335,32.2827,30.2827,27.3557,0,0,0,57.3039,26.2279,2,-3.04916
1100,14452.2,74.6711,-0.469828,10.8615,27.3401,1.82022,1835.65,0,0,700,423.706,31.0593,2,29.2181,32.2661,30.2661,27.3401,0,0,0,57.3031,26.2278,2,-3.04807
1100.1,14454.3,74.6681,-0.466522,10.8518,27.0891,1.80459,1835.83,0,0,700,419.718,30.7669,2,28.949,31.9997,29.9997,27.0891,0,0,0,57.3023,26.2277,2,-3.05067
1100.2,14456.4,74.6649,-0.463219,10.8422,27.6403,1.83916,1836.01,0,0,700,428.536,31.4134,2,29.5437,32.5847,30.5847,27.6403,0,0,0,57.3015,26.2276,2,-3.04096
1100.3,14458.4,74.6645,-0.45992,10.8326,29.0994,1.92164,1836.21,0,0,707.639,444.371,32.9295,2,30.9567,34.1334,32.1334,29.0994,0,0,0,57.3007,26.2274,2,-3.17672
1100.4,14460.5,74.6685,-0.456623,10.8231,29.8972,1.97717,1836.4,0,0,720.7,449.49,33.9237,2,31.9057,34.9805,32.9805,29.8972,0,0,0,57.2999,26.2273,2,-3.07474
1100.5,14462.6,74.6719,-0.453329,10.8137,29.3128,1.93565,1836.6,0,0,711.17,445.521,33.1795,2,31.196,34.3601,32.3601,29.3128,0,0,0,57.2991,26.2272,2,-3.16415
1100.6,14464.7,74.6727,-0.450038,10.8043,28.7472,1.89915,1836.79,0,0,701.948,442.517,32.5285,2,30.5729,33.7598,31.7598,28.7472,0,0,0,57.2983,26.2271,2,-3.18687
1100.7,14466.7,74.673,-0.446752,10.795,28.1477,1.8665,1836.97,0,0,700,435.511,31.9246,2,30.0134,33.1235,31.1235,28.1477,0,0,0,57.2975,26.227,2,-3.11009
1100.8,14468.8,74.6705,-0.443469,10.7858,26.6297,1.77757,1837.15,0,0,700,412.825,30.2617,2,28.4835,31.5121,29.5121,26.6297,0,0,0,57.2967,26.2268,2,-3.02855
1100.9,14470.9,74.6629,-0.440191,10.7766,24.9999,1.68427,1837.32,0,0,700,389.025,28.517,2,26.8718,29.7819,27.7819,24.9999,0,0,0,57.296,26.2267,2,-2.91005
1101,14473,74.652,-0.436918,10.7675,24.2487,1.6374,1837.48,0,0,700,377.069,27.6406,2,26.0596,28.9857,26.9857,24.2487,0,0,0,57.2952,26.2266,2,-2.92614
1101.1,14475,74.6404,-0.43365,10.7585,23.6688,1.60139,1837.65,0,0,700,367.883,26.9672,2,25.4343,28.3737,26.3737,23.6688,0,0,0,57.2944,26.2265,2,-2.93938
1101.2,14477.1,74.6264,-0.430387,10.7495,22.99,1.55922,1837.8,0,0,700,357.127,26.1788,2,24.7009,27.6573,25.6573,22.99,0,0,0,57.2937,26.2263,2,-2.9564
1101.3,14479.2,74.6113,-0.42713,10.7406,22.7618,1.54717,1837.96,0,0,700,354.052,25.9534,2,24.491,27.4162,25.4162,22.7618,0,0,0,57.2929,26.2262,2,-2.92524
1101.4,14481.3,74.596,-0.423879,10.7318,22.6904,1.54628,1838.11,0,0,700,353.827,25.9368,2,24.4756,27.3405,25.3405,22.6904,0,0,0,57.2922,26.2261,2,-2.86495
1101.5,14483.3,74.5803,-0.420635,10.7231,22.5572,1.54628,1838.26,0,0,700,353.827,25.9368,2,24.4756,27.1997,25.1997,22.5572,0,0,0,57.2915,26.226,2,-2.72408
1101.6,14485.4,74.5642,-0.417396,10.7144,22.9728,1.55835,1838.42,0,0,700,356.905,26.1625,2,24.6858,27.6376,25.6376,22.9728,0,0,0,57.2907,26.2258,2,-2.95186
1101.7,14487.5,74.5505,-0.414165,10.7058,23.9587,1.61973,1838.58,0,0,700,372.561,27.3102,2,25.7529,28.6773,26.6773,23.9587,0,0,0,57.29,26.2257,2,-2.92441
1101.8,14489.5,74.5392,-0.41094,10.6972,25.3244,1.70508,1838.75,0,0,700,394.334,28.9062,2,27.2319,30.1236,28.1236,25.3244,0,0,0,57.2892,26.2256,2,-2.89168
1101.9,14491.6,74.5322,-0.407723,10.6888,27.1714,1.81092,1838.93,0,0,700,421.334,30.8854,2,29.058,32.084,30.084,27.1714,0,0,0,57.2884,26.2255,2,-3.02593
1102,14493.7,74.5301,-0.404512,10.6804,28.5609,1.8887,1839.12,0,0,700,441.174,32.3397,2,30.3943,33.5589,31.5589,28.5609,0,0,0,57.2876,26.2253,2,-3.16457
1102.1,14495.7,74.53,-0.401308,10.672,29.2109,1.9301,1839.32,0,0,709.773,445.065,33.0805,2,31.1012,34.2489,32.2489,29.2109,0,0,0,57.2868,26.2252,2,-3.14767
1102.2,14497.8,74.531,-0.398111,10.6638,29.6012,1.95608,1839.51,0,0,716.172,447.278,33.5446,2,31.5451,34.6632,32.6632,29.6012,0,0,0,57.286,26.2251,2,-3.11809
1102.3,14499.9,74.5326,-0.394922,10.6555,29.664,1.96095,1839.71,0,0,717.219,447.789,33.6321,2,31.6283,34.7298,32.7298,29.664,0,0,0,57.2852,26.225,2,-3.10155
1102.4,14502,74.5337,-0.39174,10.6474,29.4952,1.94883,1839.9,0,0,714.482,446.599,33.4147,2,31.4211,34.5508,32.5508,29.4952,0,0,0,57.2844,26.2249,2,-3.12962
1102.5,14504,74.5342,-0.388567,10.6393,30.0246,1.98864,1840.1,0,0,723.155,450.689,34.1301,2,32.1021,35.1127,33.1127,30.0246,0,0,0,57.2836,26.2247,2,-3.01067
1102.6,14506.1,74.5377,-0.385401,10.6313,30.6398,2.03279,1840.3,0,0,733.229,454.809,34.9218,2,32.8575,35.7658,33.7658,30.6398,0,0,0,57.2829,26.2246,2,-2.90829
1102.7,14508.2,74.5412,-0.382243,10.6234,30.314,2.01103,1840.51,0,0,727.926,453.019,34.5328,2,32.4853,35.4201,33.4201,30.314,0,0,0,57.2821,26.2245,2,-2.93475
1102.8,14510.2,74.5428,-0.379094,10.6155,29.6663,1.9616,1840.7,0,0,717.36,447.858,33.6439,2,31.6395,34.7325,32.7325,29.6663,0,0,0,57.2813,26.2244,2,-3.09302
1102.9,14512.3,74.5427,-0.375953,10.6077,29.0288,1.91896,1840.89,0,0,706.962,444.15,32.8817,2,30.911,34.0558,32.0558,29.0288,0,0,0,57.2805,26.2242,2,-3.14484
1103,14514.4,74.5409,-0.372821,10.5999,28.1477,1.86781,1841.08,0,0,700,435.845,31.9491,2,30.0359,33.1205,31.1205,28.1477,0,0,0,57.2797,26.2241,2,-3.08465
1103.1,14516.5,74.5362,-0.369699,10.5922,27.2822,1.8188,1841.26,0,0,700,423.343,31.0327,2,29.1936,32.2017,30.2017,27.2822,0,0,0,57.2789,26.224,2,-3.00814
1103.2,14518.5,74.5298,-0.366586,10.5846,26.9016,1.79505,1841.44,0,0,700,417.283,30.5885,2,28.7847,31.7976,29.7976,26.9016,0,0,0,57.2781,26.2239,2,-3.0129
1103.3,14520.6,74.523,-0.363484,10.577,26.5901,1.77692,1841.62,0,0,700,412.66,30.2496,2,28.4724,31.4667,29.4667,26.5901,0,0,0,57.2774,26.2237,2,-2.99435
1103.4,14522.7,74.5149,-0.360391,10.5696,25.9457,1.74337,1841.79,0,0,700,404.101,29.6222,2,27.8935,30.7826,28.7826,25.9457,0,0,0,57.2766,26.2236,2,-2.88904
1103.5,14524.7,74.5046,-0.357309,10.5621,25.1191,1.69349,1841.96,0,0,700,391.379,28.6895,2,27.0315,29.9049,27.9049,25.1191,0,0,0,57.2759,26.2235,2,-2.87342
1103.6,14526.8,74.4921,-0.354238,10.5548,24.1212,1.63121,1842.13,0,0,700,375.49,27.5248,2,25.9521,28.8473,26.8473,24.1212,0,0,0,57.2751,26.2234,2,-2.89516
1103.7,14528.9,74.4766,-0.351178,10.5475,23.1695,1.57206,1842.28,0,0,700,360.402,26.4189,2,24.9244,27.8429,25.8429,23.1695,0,0,0,57.2744,26.2232,2,-2.91856
1103.8,14530.9,74.4592,-0.348129,10.5402,22.5693,1.54628,1842.44,0,0,700,353.827,25.9368,2,24.4756,27.2094,25.2094,22.5693,0,0,0,57.2737,26.2231,2,-2.73384
1103.9,14533,74.4405,-0.345092,10.5331,22.2575,1.54628,1842.59,0,0,700,353.827,25.9368,2,24.4756,26.8801,24.8801,22.2575,0,0,0,57.273,26.223,2,-2.40451
1104,14535.1,74.4214,-0.342066,10.526,22.0522,1.54628,1842.75,0,0,700,353.827,25.9368,2,24.4756,26.663,24.663,22.0522,0,0,0,57.2725,26.2229,2,-2.18744
1104.1,14537.1,74.4016,-0.339053,10.5189,21.9806,1.54628,1842.9,0,0,700,353.827,25.9368,2,24.4756,26.587,24.587,21.9806,0,0,0,57.2719,26.2227,2,-2.11142
1104.2,14539.2,74.3819,-0.336052,10.5119,21.6789,1.54628,1843.06,0,0,700,353.827,25.9368,2,24.4756,26.2683,24.2683,21.6789,0,0,0,57.2715,26.2226,2,-1.79272
1104.3,14541.3,74.3605,-0.333064,10.505,20.8821,1.54628,1843.21,0,0,700,353.827,25.9368,2,24.4756,25.4273,23.4273,20.8821,0,0,0,57.2712,26.2225,2,-0.951707
1104.4,14543.3,74.3367,-0.330089,10.4982,20.0613,1.54628,1843.37,0,0,700,353.827,25.9368,2,24.4756,24.5608,22.5608,20.0613,0,0,0,57.2712,26.2224,2,-0.0852222
1104.5,14545.4,74.311,-0.327127,10.4914,19.0415,1.54628,1843.52,0,0,700,353.827,25.9368,2,24.4756,23.4844,21.4844,19.0415,0,0,0,57.2714,26.2222,2,0.991155
1104.6,14547.5,74.2819,-0.324178,10.4847,17.8306,1.54628,1843.68,0,0,700,353.827,25.9368,2,24.4756,22.2064,20.2064,17.8306,0,0,0,57.272,26.2221,2,2.26916
1104.7,14549.5,74.25,-0.321244,10.478,16.7757,1.54628,1843.83,0,0,700,353.827,25.9368,2,24.4756,21.0929,19.0929,16.7757,0,0,0,57.2728,26.222,2,3.38273
1104.8,14551.6,74.2155,-0.318323,10.4714,16.0206,1.54628,1843.98,0,0,700,353.827,25.9368,2,24.4756,20.2969,18.2969,16.0206,0,0,0,57.2738,26.2219,2,4.17866
1104.9,14553.7,74.1796,-0.315416,10.4649,15.3616,1.54628,1844.14,0,0,700,353.827,25.9368,2,24.4756,19.606,17.606,15.3616,0,0,0,57.275,26.2218,2,4.86961
1105,14555.7,74.1417,-0.312525,10.4584,14.8797,1.54628,1844.29,0,0,700,353.827,25.9368,2,24.4756,19.1003,17.1003,14.8797,0,0,0,57.2763,26.2216,2,5.37532
1105.1,14557.8,74.1034,-0.309648,10.452,14.5296,1.54628,1844.45,0,0,700,353.827,25.9368,2,24.4756,18.7327,16.7327,14.5296,0,0,0,57.2777,26.2215,2,5.74292
1105.2,14559.8,74.0637,-0.306786,10.4457,14.3898,1.54628,1844.6,0,0,700,353.827,25.9368,2,24.4756,18.5853,16.5853,14.3898,0,0,0,57.2791,26.2214,2,5.89033
1105.3,14561.9,74.0246,-0.303939,10.4394,14.7632,1.54628,1844.76,0,0,700,353.827,25.9368,2,24.4756,18.9752,16.9752,14.7632,0,0,0,57.2805,26.2213,2,5.50044
1105.4,14563.9,73.9868,-0.301108,10.4332,15.5046,1.54628,1844.91,0,0,700,353.827,25.9368,2,24.4756,19.7505,17.7505,15.5046,0,0,0,57.2816,26.2212,2,4.7251
1105.5,14566,73.9514,-0.298293,10.427,16.9371,1.54628,1845.07,0,0,700,353.827,25.9368,2,24.4756,21.2556,19.2556,16.9371,0,0,0,57.2824,26.2211,2,3.22002
1105.6,14568.1,73.9208,-0.295493,10.4209,18.696,1.54628,1845.22,0,0,700,353.827,25.9368,2,24.4756,23.1102,21.1102,18.696,0,0,0,57.2827,26.2209,2,1.36536
1105.7,14570.1,73.8944,-0.292708,10.4149,20.2761,1.54628,1845.38,0,0,700,353.827,25.9368,2,24.4756,24.7765,22.7765,20.2761,0,0,0,57.2827,26.2208,2,-0.30086
1105.8,14572.2,73.8718,-0.289939,10.4089,21.6711,1.54628,1845.53,0,0,700,353.827,25.9368,2,24.4756,26.2475,24.2475,21.6711,0,0,0,57.2822,26.2207,2,-1.77188
1105.9,14574.2,73.8524,-0.287186,10.403,23.3646,1.5826,1845.69,0,0,700,363.091,26.6159,2,25.1077,28.0335,26.0335,23.3646,0,0,0,57.2815,26.2206,2,-2.92576
1106,14576.3,73.8384,-0.284448,10.3971,24.3436,1.6436,1845.85,0,0,700,378.653,27.7567,2,26.1672,29.0669,27.0669,24.3436,0,0,0,57.2807,26.2204,2,-2.89963
1106.1,14578.3,73.8239,-0.281727,10.3913,24.8438,1.67497,1846.02,0,0,700,386.653,28.3431,2,26.7108,29.5975,27.5975,24.8438,0,0,0,57.28,26.2203,2,-2.88675
1106.2,14580.4,73.8124,-0.279021,10.3856,25.4639,1.71384,1846.19,0,0,700,396.569,29.07,2,27.3834,30.2555,28.2555,25.4639,0,0,0,57.2792,26.2202,2,-2.87215
1106.3,14582.4,73.8009,-0.276331,10.3799,25.7805,1.73371,1846.37,0,0,700,401.638,29.4416,2,27.7268,30.5914,28.5914,25.7805,0,0,0,57.2785,26.2201,2,-2.86455
1106.4,14584.5,73.7908,-0.273657,10.3742,25.6076,1.72295,1846.54,0,0,700,398.893,29.2404,2,27.5409,30.4076,28.4076,25.6076,0,0,0,57.2777,26.2199,2,-2.86673
1106.5,14586.5,73.7784,-0.271,10.3687,25.5454,1.71911,1846.71,0,0,700,397.914,29.1686,2,27.4745,30.3413,28.3413,25.5454,0,0,0,57.277,26.2198,2,-2.86674
1106.6,14588.6,73.7678,-0.268359,10.3631,25.8772,1.73901,1846.88,0,0,700,402.99,29.5407,2,27.8183,30.6933,28.6933,25.8772,0,0,0,57.2763,26.2197,2,-2.875
1106.7,14590.6,73.7569,-0.265736,10.3577,26.4782,1.77041,1847.06,0,0,700,410.998,30.1278,2,28.3601,31.331,29.331,26.4782,0,0,0,57.2755,26.2196,2,-2.97096
1106.8,14592.7,73.7494,-0.263129,10.3522,27.1665,1.81094,1847.24,0,0,700,421.339,30.8858,2,29.0584,32.0615,30.0615,27.1665,0,0,0,57.2747,26.2195,2,-3.00311
1106.9,14594.7,73.7419,-0.260538,10.3469,27.179,1.8118,1847.42,0,0,700,421.556,30.9017,2,29.0731,32.0747,30.0747,27.179,0,0,0,57.2739,26.2193,2,-3.00161
1107,14596.8,73.7342,-0.257966,10.3416,27.1582,1.81056,1847.6,0,0,700,421.24,30.8785,2,29.0517,32.0523,30.0523,27.1582,0,0,0,57.2732,26.2192,2,-3.00063
1107.1,14598.8,73.7265,-0.25541,10.3363,27.3019,1.81962,1847.79,0,0,700,423.551,31.0479,2,29.2076,32.2047,30.2047,27.3019,0,0,0,57.2724,26.2191,2,-2.99709
1107.2,14600.9,73.7194,-0.252872,10.3311,26.8507,1.79145,1847.97,0,0,700,416.365,30.5212,2,28.7227,31.7257,29.7257,26.8507,0,0,0,57.2716,26.219,2,-3.00301
1107.3,14602.9,73.7092,-0.250352,10.326,25.9539,1.74339,1848.14,0,0,700,404.106,29.6226,2,27.8939,30.7734,28.7734,25.9539,0,0,0,57.2709,26.2188,2,-2.87955
1107.4,14604.9,73.6974,-0.24785,10.3209,25.7448,1.73216,1848.31,0,0,700,401.243,29.4126,2,27.7,30.5512,28.5512,25.7448,0,0,0,57.2701,26.2187,2,-2.85115
1107.5,14607,73.686,-0.245366,10.3158,25.8,1.73546,1848.49,0,0,700,402.083,29.4742,2,27.7569,30.6095,28.6095,25.8,0,0,0,57.2694,26.2186,2,-2.85262
1107.6,14609,73.6745,-0.2429,10.3108,25.4612,1.71452,1848.66,0,0,700,396.743,29.0828,2,27.3952,30.2496,28.2496,25.4612,0,0,0,57.2687,26.2185,2,-2.85436
1107.7,14611.1,73.6612,-0.240453,10.3059,25.3551,1.70794,1848.83,0,0,700,395.064,28.9597,2,27.2814,30.1367,28.1367,25.3551,0,0,0,57.2679,26.2183,2,-2.8553
1107.8,14613.1,73.649,-0.238025,10.301,26.0955,1.75101,1849,0,0,700,406.05,29.765,2,28.0254,30.9224,28.9224,26.0955,0,0,0,57.2672,26.2182,2,-2.89696
1107.9,14615.2,73.6394,-0.235615,10.2961,26.832,1.79069,1849.18,0,0,700,416.171,30.5069,2,28.7096,31.7041,29.7041,26.832,0,0,0,57.2664,26.2181,2,-2.99454
1108,14617.2,73.6308,-0.233225,10.2913,27.5105,1.83322,1849.37,0,0,700,427.021,31.3023,2,29.4416,32.4242,30.4242,27.5105,0,0,0,57.2656,26.218,2,-2.98258
1108.1,14619.3,73.6246,-0.230853,10.2866,28.4094,1.88169,1849.55,0,0,700,439.386,32.2086,2,30.2741,33.3783,31.3783,28.4094,0,0,0,57.2648,26.2179,2,-3.10422
1108.2,14621.3,73.6206,-0.228501,10.2819,29.11,1.92466,1849.75,0,0,708.402,444.619,32.9835,2,31.0083,34.1219,32.1219,29.11,0,0,0,57.264,26.2177,2,-3.11359
1108.3,14623.4,73.6178,-0.226167,10.2772,29.272,1.93525,1849.94,0,0,711.07,445.488,33.1724,2,31.1892,34.2939,32.2939,29.272,0,0,0,57.2632,26.2176,2,-3.10473
1108.4,14625.4,73.6144,-0.223854,10.2726,29.3773,1.94217,1850.13,0,0,712.81,446.054,33.2958,2,31.3073,34.4056,32.4056,29.3773,0,0,0,57.2624,26.2175,2,-3.09823
1108.5,14627.4,73.6121,-0.22156,10.2681,29.2408,1.93337,1850.33,0,0,710.597,445.334,33.1389,2,31.1571,34.2605,32.2605,29.2408,0,0,0,57.2616,26.2174,2,-3.10343
1108.6,14629.5,73.6078,-0.219285,10.2636,28.6882,1.89773,1850.52,0,0,701.586,442.4,32.5031,2,30.5486,33.6739,31.6739,28.6882,0,0,0,57.2608,26.2172,2,-3.12534
1108.7,14631.5,73.6025,-0.217031,10.2591,28.4013,1.88163,1850.71,0,0,700,439.371,32.2076,2,30.2731,33.3691,31.3691,28.4013,0,0,0,57.26,26.2171,2,-3.09604
1108.8,14633.6,73.5966,-0.214797,10.2547,28.24,1.87328,1850.89,0,0,700,437.24,32.0514,2,30.1298,33.1978,31.1978,28.24,0,0,0,57.2592,26.217,2,-3.06803
1108.9,14635.6,73.5904,-0.212583,10.2503,28.3941,1.88138,1851.08,0,0,700,439.306,32.2028,2,30.2687,33.3613,31.3613,28.3941,0,0,0,57.2584,26.2169,2,-3.09256
1109,14637.7,73.5852,-0.210389,10.246,28.8746,1.91004,1851.27,0,0,704.706,443.416,32.7226,2,30.7587,33.8712,31.8712,28.8746,0,0,0,57.2576,26.2167,2,-3.11258
1109.1,14639.7,73.5813,-0.208216,10.2417,29.3568,1.94136,1851.47,0,0,712.607,445.988,33.2815,2,31.2936,34.3831,32.3831,29.3568,0,0,0,57.2568,26.2166,2,-3.08953
1109.2,14641.8,73.5784,-0.206064,10.2375,29.6198,1.95958,1851.66,0,0,716.925,447.645,33.6075,2,31.6049,34.6622,32.6622,29.6198,0,0,0,57.256,26.2165,2,-3.05731
1109.3,14643.8,73.5757,-0.203933,10.2333,29.8763,1.9792,1851.86,0,0,721.136,449.702,33.9603,2,31.9405,34.9344,32.9344,29.8763,0,0,0,57.2552,26.2164,2,-2.99391
1109.4,14645.8,73.5741,-0.201822,10.2292,29.7723,1.97136,1852.06,0,0,719.455,448.881,33.8193,2,31.8064,34.824,32.824,29.7723,0,0,0,57.2545,26.2163,2,-3.01761
1109.5,14647.9,73.5707,-0.199733,10.2251,29.1354,1.92729,1852.25,0,0,709.065,444.835,33.0304,2,31.0533,34.1478,32.1478,29.1354,0,0,0,57.2537,26.2161,2,-3.09455
1109.6,14649.9,73.5657,-0.197665,10.221,28.6666,1.89708,1852.44,0,0,701.421,442.346,32.4915,2,30.5375,33.65,31.65,28.6666,0,0,0,57.2529,26.216,2,-3.11251
1109.7,14652,73.5598,-0.195618,10.217,28.4604,1.88532,1852.63,0,0,700,440.312,32.2765,2,30.3363,33.431,31.431,28.4604,0,0,0,57.2521,26.2159,2,-3.09462
1109.8,14654,73.5536,-0.193594,10.213,28.1335,1.86833,1852.82,0,0,700,435.977,31.9588,2,30.0448,33.0838,31.0838,28.1335,0,0,0,57.2513,26.2158,2,-3.03905
1109.9,14656.1,73.5459,-0.191591,10.2091,27.9342,1.85799,1853,0,0,700,433.34,31.7655,2,29.8672,32.8721,30.8721,27.9342,0,0,0,57.2505,26.2156,2,-3.00485
1110,14658.1,73.5386,-0.18961,10.2052,28.3471,1.87959,1853.19,0,0,700,438.849,32.1693,2,30.238,33.3103,31.3103,28.3471,0,0,0,57.2497,26.2155,2,-3.07236
1110.1,14660.1,73.5329,-0.187651,10.2013,28.9951,1.91864,1853.38,0,0,706.882,444.124,32.8761,2,30.9056,33.9981,31.9981,28.9951,0,0,0,57.2489,26.2154,2,-3.09254
1110.2,14662.2,73.5288,-0.185714,10.1975,29.6782,1.96488,1853.58,0,0,718.066,448.203,33.7029,2,31.6956,34.7232,32.7232,29.6782,0,0,0,57.2481,26.2153,2,-3.02753
1110.3,14664.2,73.5266,-0.1838,10.1937,30.9299,2.05085,1853.78,0,0,738.542,455.674,35.2418,2,33.1664,36.0519,34.0519,30.9299,0,0,0,57.2474,26.2152,2,-2.88552
1110.4,14666.3,73.5288,-0.181908,10.19,32.9169,2.17349,1854,0,0,766.322,466.596,37.4439,2,35.2691,38.1658,36.1658,32.9169,0,0,0,57.2466,26.215,2,-2.89668
1110.5,14668.3,73.5366,-0.180039,10.1863,35.1841,2.3162,1854.23,0,0,800.343,477.288,40.0023,2,37.7202,40.5855,38.5855,35.1841,0,0,0,57.2459,26.2149,2,-2.86523
1110.6,14670.4,73.5502,-0.178191,10.1827,36.9286,2.43073,1854.47,0,0,821.678,489.023,42.0784,2,39.6938,42.4474,40.4474,36.9286,0,0,0,57.2452,26.2148,2,-2.75363
1110.7,14672.4,73.5668,-0.176367,10.179,37.8293,2.48625,1854.72,0,0,836.5,491.664,43.0688,2,40.6494,43.409,41.409,37.8293,0,0,0,57.2445,26.2147,2,-2.75961
1110.8,14674.4,73.5849,-0.174564,10.1754,38.3252,2.51679,1854.98,0,0,841.567,495.017,43.6252,2,41.1769,43.9386,41.9386,38.3252,0,0,0,57.2438,26.2145,2,-2.76162
1110.9,14676.5,73.6038,-0.172785,10.1719,38.4955,2.52741,1855.23,0,0,842.977,496.394,43.8199,2,41.3606,44.1206,42.1206,38.4955,0,0,0,57.243,26.2144,2,-2.76001
1111,14678.5,73.6225,-0.171028,10.1684,38.1787,2.50792,1855.48,0,0,840.386,493.863,43.4624,2,41.0235,43.7828,41.7828,38.1787,0,0,0,57.2423,26.2143,2,-2.75932
1111.1,14680.6,73.6395,-0.169294,10.1649,38.0607,2.50073,1855.73,0,0,839.428,492.928,43.3307,2,40.8993,43.6572,41.6572,38.0607,0,0,0,57.2416,26.2142,2,-2.75799
1111.2,14682.6,73.6575,-0.167583,10.1614,38.7656,2.54442,1855.98,0,0,845.231,498.596,44.1319,2,41.6548,44.4098,42.4098,38.7656,0,0,0,57.2409,26.2141,2,-2.75499
1111.3,14684.7,73.6779,-0.165896,10.158,39.4524,2.58688,1856.24,0,0,855.616,501.039,44.8931,2,42.387,45.1432,43.1432,39.4524,0,0,0,57.2402,26.2139,2,-2.75619
1111.4,14686.7,73.6991,-0.164232,10.1547,39.5998,2.59607,1856.5,0,0,858.061,501.437,45.0571,2,42.5454,45.3008,43.3008,39.5998,0,0,0,57.2395,26.2138,2,-2.75537
1111.5,14688.8,73.72,-0.162591,10.1513,39.6376,2.5985,1856.76,0,0,858.708,501.542,45.1005,2,42.5874,45.3416,43.3416,39.6376,0,0,0,57.2388,26.2137,2,-2.75425
1111.6,14690.8,73.7412,-0.160974,10.148,39.7524,2.60569,1857.02,0,0,860.617,501.853,45.2288,2,42.7112,45.4644,43.4644,39.7524,0,0,0,57.2381,26.2136,2,-2.75318
1111.7,14692.9,73.7625,-0.15938,10.1447,39.5811,2.59519,1857.28,0,0,857.827,501.399,45.0414,2,42.5303,45.2821,43.2821,39.5811,0,0,0,57.2373,26.2134,2,-2.7518
1111.8,14694.9,73.7826,-0.157811,10.1415,39.4228,2.5855,1857.54,0,0,855.25,500.979,44.8685,2,42.3633,45.1135,43.1135,39.4228,0,0,0,57.2366,26.2133,2,-2.75021
1111.9,14697,73.8028,-0.156265,10.1382,39.4563,2.58765,1857.8,0,0,855.823,501.073,44.9069,2,42.4004,45.1495,43.1495,39.4563,0,0,0,57.2359,26.2132,2,-2.74913
1112,14699,73.8228,-0.154744,10.1351,39.4209,2.58556,1858.06,0,0,855.266,500.982,44.8696,2,42.3643,45.1122,43.1122,39.4209,0,0,0,57.2352,26.2131,2,-2.74785
1112.1,14701.1,73.8427,-0.153247,10.1319,39.5572,2.59407,1858.32,0,0,857.529,501.351,45.0214,2,42.511,45.258,43.258,39.5572,0,0,0,57.2345,26.2129,2,-2.74704
1112.2,14703.1,73.8632,-0.151775,10.1288,39.8914,2.61494,1858.58,0,0,862.291,502.739,45.3968,2,42.8711,45.615,43.615,39.8914,0,0,0,57.2338,26.2128,2,-2.74392
1112.3,14705.2,73.8846,-0.150327,10.1257,40.0305,2.6238,1858.84,0,0,863.446,503.867,45.5595,2,43.0246,45.7638,43.7638,40.0305,0,0,0,57.2331,26.2127,2,-2.73919
1112.4,14707.2,73.9055,-0.148904,10.1226,39.5879,2.59623,1859.1,0,0,858.105,501.444,45.0601,2,42.5483,45.2919,43.2919,39.5879,0,0,0,57.2324,26.2126,2,-2.74357
1112.5,14709.3,73.9244,-0.147505,10.1196,38.8949,2.55361,1859.36,0,0,846.743,499.594,44.2994,2,41.8136,44.5527,42.5527,38.8949,0,0,0,57.2317,26.2125,2,-2.73904
1112.6,14711.3,73.9416,-0.146132,10.1165,38.1523,2.50772,1859.61,0,0,840.359,493.837,43.4588,2,41.0201,43.7605,41.7605,38.1523,0,0,0,57.231,26.2123,2,-2.74041
1112.7,14713.4,73.9565,-0.144784,10.1136,37.6372,2.47636,1859.85,0,0,833.817,491.227,42.8925,2,40.4791,43.211,41.211,37.6372,0,0,0,57.2303,26.2122,2,-2.73195
1112.8,14715.4,73.971,-0.143462,10.1106,37.2971,2.45588,1860.1,0,0,828.252,490.321,42.5276,2,40.1268,42.8484,40.8484,37.2971,0,0,0,57.2296,26.2121,2,-2.72166
1112.9,14717.5,73.984,-0.142165,10.1077,37.1352,2.44619,1860.34,0,0,825.613,489.891,42.355,2,39.9601,42.6759,40.6759,37.1352,0,0,0,57.2289,26.212,2,-2.71581
1113,14719.5,73.9974,-0.140893,10.1048,37.5142,2.46916,1860.59,0,0,831.862,490.909,42.7642,2,40.3552,43.0806,41.0806,37.5142,0,0,0,57.2281,26.2118,2,-2.72535
1113.1,14721.6,74.0122,-0.139647,10.1019,37.9634,2.4965,1860.84,0,0,838.863,492.376,43.253,2,40.826,43.5603,41.5603,37.9634,0,0,0,57.2274,26.2117,2,-2.73425
1113.2,14723.7,74.0277,-0.138427,10.099,37.7222,2.48191,1861.09,0,0,835.324,491.472,42.9915,2,40.5747,43.3031,41.3031,37.7222,0,0,0,57.2267,26.2116,2,-2.72839
1113.3,14725.7,74.0411,-0.137233,10.0962,37.0388,2.44071,1861.33,0,0,824.118,489.648,42.2573,2,39.8657,42.5741,40.5741,37.0388,0,0,0,57.226,26.2115,2,-2.70838
1113.4,14727.8,74.053,-0.136065,10.0934,36.8008,2.42435,1861.58,0,0,820.229,488.551,41.9637,2,39.5839,42.3203,40.3203,36.8008,0,0,0,57.2253,26.2114,2,-2.73639
1113.5,14729.8,74.065,-0.134924,10.0906,36.7506,2.42081,1861.82,0,0,819.425,488.289,41.9001,2,39.523,42.2669,40.2669,36.7506,0,0,0,57.2246,26.2112,2,-2.74391
1113.6,14731.9,74.0765,-0.133808,10.0878,36.9953,2.43832,1862.06,0,0,823.467,489.542,42.2148,2,39.8246,42.5283,40.5283,36.9953,0,0,0,57.2239,26.2111,2,-2.70364
1113.7,14733.9,74.0897,-0.132719,10.0851,38.409,2.52448,1862.31,0,0,842.588,496.015,43.7662,2,41.31,44.0372,42.0372,38.409,0,0,0,57.2232,26.211,2,-2.7272
1113.8,14736,74.1082,-0.131657,10.0823,40.4542,2.6519,1862.58,0,0,867.094,507.431,46.0756,2,43.5114,46.2201,44.2201,40.4542,0,0,0,57.2225,26.2109,2,-2.70871
1113.9,14738.1,74.1316,-0.130621,10.0796,42.1767,2.75485,1862.85,0,0,889.009,514.885,47.9342,2,45.2911,48.0666,46.0666,42.1767,0,0,0,57.2218,26.2107,2,-2.77553
1114,14740.1,74.1587,-0.129611,10.077,43.5028,2.83519,1863.14,0,0,907.617,519.526,49.3786,2,46.6799,49.4884,47.4884,43.5028,0,0,0,57.2211,26.2106,2,-2.80847
1114.1,14742.2,74.1886,-0.128628,10.0743,44.0792,2.87347,1863.43,0,0,912.424,524.161,50.083,2,47.3448,50.1067,48.1067,44.0792,0,0,0,57.2204,26.2105,2,-2.76193
1114.2,14744.2,74.2185,-0.127672,10.0717,43.7077,2.84894,1863.71,0,0,909.372,521.179,49.6315,2,46.9186,49.709,47.709,43.7077,0,0,0,57.2196,26.2104,2,-2.79035
1114.3,14746.3,74.2462,-0.126743,10.069,42.5936,2.77707,1863.99,0,0,892.691,517.096,48.3393,2,45.676,48.5152,46.5152,42.5936,0,0,0,57.2189,26.2102,2,-2.83921
1114.4,14748.4,74.2701,-0.125841,10.0664,41.3226,2.70747,1864.26,0,0,879.435,511.18,47.0767,2,44.4714,47.1533,45.1533,41.3226,0,0,0,57.2182,26.2101,2,-2.68193
1114.5,14750.4,74.2912,-0.124966,10.0639,40.251,2.63972,1864.52,0,0,865.515,505.888,45.8519,2,43.3004,46.0067,44.0067,40.251,0,0,0,57.2175,26.21,2,-2.70628
1114.6,14752.5,74.3095,-0.124118,10.0613,39.5509,2.59588,1864.78,0,0,858.011,501.429,45.0537,2,42.5421,45.2598,43.2598,39.5509,0,0,0,57.2168,26.2099,2,-2.71767
1114.7,14754.6,74.3269,-0.123298,10.0587,39.1735,2.57267,1865.04,0,0,851.833,500.423,44.6396,2,42.1422,44.8574,42.8574,39.1735,0,0,0,57.2161,26.2098,2,-2.71519
1114.8,14756.6,74.3431,-0.122505,10.0562,39.0701,2.56639,1865.3,0,0,850.157,500.15,44.5275,2,42.0339,44.7474,42.7474,39.0701,0,0,0,57.2154,26.2096,2,-2.71345
1114.9,14758.7,74.3598,-0.121739,10.0537,38.915,2.55693,1865.55,0,0,847.632,499.739,44.3587,2,41.8709,44.5822,42.5822,38.915,0,0,0,57.2147,26.2095,2,-2.71125
1115,14760.8,74.3751,-0.121002,10.0512,38.9726,2.56056,1865.81,0,0,848.601,499.897,44.4235,2,41.9335,44.644,42.644,38.9726,0,0,0,57.214,26.2094,2,-2.71051
1115.1,14762.8,74.392,-0.120292,10.0487,39.0112,2.56302,1866.06,0,0,849.258,500.004,44.4674,2,41.9759,44.6855,42.6855,39.0112,0,0,0,57.2133,26.2093,2,-2.70961
1115.2,14764.9,74.4073,-0.11961,10.0462,38.4403,2.52779,1866.32,0,0,843.027,496.443,43.8268,2,41.3671,44.0765,42.0765,38.4403,0,0,0,57.2126,26.2091,2,-2.70937
1115.3,14767,74.4211,-0.118956,10.0437,38.2362,2.51525,1866.57,0,0,841.362,494.817,43.5969,2,41.1503,43.859,41.859,38.2362,0,0,0,57.2119,26.209,2,-2.70869
1115.4,14769,74.4353,-0.11833,10.0413,38.1117,2.50764,1866.82,0,0,840.349,493.828,43.4574,2,41.0188,43.7263,41.7263,38.1117,0,0,0,57.2112,26.2089,2,-2.70756
1115.5,14771.1,74.4484,-0.117733,10.0388,36.8637,2.43107,1867.06,0,0,821.756,489.048,42.0846,2,39.6997,42.3948,40.3948,36.8637,0,0,0,57.2105,26.2088,2,-2.69512
1115.6,14773.2,74.4561,-0.117163,10.0364,35.1344,2.31755,1867.29,0,0,800.529,477.47,40.0269,2,37.7435,40.5497,38.5497,35.1344,0,0,0,57.2098,26.2087,2,-2.80623
1115.7,14775.2,74.4603,-0.116622,10.034,33.8697,2.24059,1867.52,0,0,780.301,473.043,38.6537,2,36.4218,39.2002,37.2002,33.8697,0,0,0,57.2091,26.2085,2,-2.77843
1115.8,14777.3,74.4616,-0.116109,10.0316,32.5895,2.15913,1867.73,0,0,764.259,464.58,37.1818,2,35.0221,37.834,35.834,32.5895,0,0,0,57.2083,26.2084,2,-2.81188
1115.9,14779.4,74.4593,-0.115625,10.0292,31.6034,2.09621,1867.94,0,0,750.877,458.451,36.0488,2,33.9427,36.787,34.787,31.6034,0,0,0,57.2076,26.2083,2,-2.84428
1116,14781.4,74.4555,-0.115169,10.0268,31.3816,2.08139,1868.15,0,0,747.27,457.276,35.7837,2,33.6889,36.5514,34.5514,31.3816,0,0,0,57.2069,26.2082,2,-2.86257
1116.1,14783.5,74.4521,-0.114742,10.0244,31.9284,2.11826,1868.36,0,0,756.224,460.192,36.4434,2,34.3205,37.1318,35.1318,31.9284,0,0,0,57.2061,26.208,2,-2.81133
1116.2,14785.6,74.4511,-0.114343,10.022,32.9292,2.17882,1868.58,0,0,767.085,467.342,37.5411,2,35.3606,38.1963,36.1963,32.9292,0,0,0,57.2054,26.2079,2,-2.83572
1116.3,14787.6,74.4527,-0.113973,10.0197,33.8274,2.2381,1868.81,0,0,779.715,472.852,38.6091,2,36.379,39.1548,37.1548,33.8274,0,0,0,57.2047,26.2078,2,-2.77581
1116.4,14789.7,74.4562,-0.113632,10.0173,34.47,2.2791,1869.03,0,0,790.291,475.372,39.3414,2,37.0831,39.8406,37.8406,34.47,0,0,0,57.204,26.2077,2,-2.75751
1116.5,14791.8,74.461,-0.11332,10.015,35.1802,2.32087,1869.27,0,0,800.989,477.92,40.0876,2,37.8006,40.5986,38.5986,35.1802,0,0,0,57.2033,26.2076,2,-2.79792
1116.6,14793.8,74.4681,-0.113036,10.0126,35.6046,2.34616,1869.5,0,0,804.486,481.336,40.5504,2,38.2369,41.0516,39.0516,35.6046,0,0,0,57.2025,26.2074,2,-2.81477
1116.7,14795.9,74.475,-0.112782,10.0103,35.527,2.34161,1869.73,0,0,803.859,480.723,40.4672,2,38.1584,40.9689,38.9689,35.527,0,0,0,57.2018,26.2073,2,-2.81049
1116.8,14798,74.4817,-0.112556,10.008,35.2641,2.32607,1869.97,0,0,801.71,478.623,40.1828,2,37.8903,40.6885,38.6885,35.2641,0,0,0,57.2011,26.2072,2,-2.79821
1116.9,14800,74.4872,-0.112359,10.0057,34.7758,2.29737,1870.2,0,0,795.417,476.207,39.6661,2,37.3966,40.1676,38.1676,34.7758,0,0,0,57.2004,26.2071,2,-2.77093
1117,14802.1,74.4913,-0.112191,10.0033,34.2276,2.26538,1870.42,0,0,786.431,474.744,39.0974,2,36.8475,39.5827,37.5827,34.2276,0,0,0,57.1997,26.2069,2,-2.73511
1117.1,14804.2,74.494,-0.112052,10.001,33.8493,2.24031,1870.65,0,0,780.235,473.022,38.6487,2,36.4169,39.1791,37.1791,33.8493,0,0,0,57.1989,26.2068,2,-2.76211
1117.2,14806.3,74.4962,-0.111942,9.99869,33.4673,2.21382,1870.87,0,0,773.978,470.984,38.1736,2,35.962,38.7714,36.7714,33.4673,0,0,0,57.1982,26.2067,2,-2.80944
1117.3,14808.3,74.4969,-0.111861,9.99637,32.9408,2.18024,1871.09,0,0,767.289,467.541,37.567,2,35.385,38.2096,36.2096,32.9408,0,0,0,57.1975,26.2066,2,-2.82455
1117.4,14810.4,74.4964,-0.11181,9.99406,32.7587,2.16987,1871.3,0,0,765.802,466.089,37.3778,2,35.2068,38.0153,36.0153,32.7587,0,0,0,57.1968,26.2065,2,-2.80849
1117.5,14812.5,74.4963,-0.111787,9.99175,32.2552,2.14131,1871.52,0,0,761.688,462.07,36.8564,2,34.7157,37.4797,35.4797,32.2552,0,0,0,57.1961,26.2063,2,-2.76399
1117.6,14814.5,74.4932,-0.111794,9.98943,31.1392,2.06815,1871.72,0,0,743.617,456.5,35.5483,2,33.4623,36.2949,34.2949,31.1392,0,0,0,57.1953,26.2062,2,-2.83267
1117.7,14816.6,74.4874,-0.11183,9.98712,29.7146,1.97554,1871.92,0,0,720.352,449.319,33.8944,2,31.8779,34.7826,32.7826,29.7146,0,0,0,57.1946,26.2061,2,-2.90469
1117.8,14818.7,74.4772,-0.111895,9.98481,28.0217,1.86819,1872.11,0,0,700,435.941,31.9562,2,30.0424,32.9854,30.9854,28.0217,0,0,0,57.1938,26.206,2,-2.94301
1117.9,14820.7,74.4628,-0.111989,9.98249,26.1543,1.76101,1872.28,0,0,700,408.603,29.9521,2,28.1981,31.0028,29.0028,26.1543,0,0,0,57.1931,26.2058,2,-2.80474
1118,14822.8,74.4432,-0.112112,9.98017,24.237,1.64645,1872.45,0,0,700,379.378,27.8099,2,26.2166,28.9682,26.9682,24.237,0,0,0,57.1924,26.2057,2,-2.75163
1118.1,14824.9,74.4192,-0.112264,9.97785,22.4753,1.54628,1872.6,0,0,700,353.827,25.9368,2,24.4756,27.1093,25.1093,22.4753,0,0,0,57.1917,26.2056,2,-2.63373
1118.2,14826.9,74.3908,-0.112446,9.97553,21.0068,1.54628,1872.76,0,0,700,353.827,25.9368,2,24.4756,25.5596,23.5596,21.0068,0,0,0,57.1914,26.2055,2,-1.084
1118.3,14829,74.3595,-0.112657,9.97321,20.2054,1.54628,1872.91,0,0,700,353.827,25.9368,2,24.4756,24.7134,22.7134,20.2054,0,0,0,57.1914,26.2054,2,-0.237771
1118.4,14831.1,74.3271,-0.112897,9.97088,20.0411,1.54628,1873.07,0,0,700,353.827,25.9368,2,24.4756,24.5393,22.5393,20.0411,0,0,0,57.1913,26.2052,2,-0.0637216
1118.5,14833.1,74.2952,-0.113165,9.96854,20.5618,1.54628,1873.22,0,0,700,353.827,25.9368,2,24.4756,25.0878,23.0878,20.5618,0,0,0,57.1912,26.2051,2,-0.612217
1118.6,14835.2,74.2656,-0.113463,9.96621,21.8964,1.54628,1873.38,0,0,700,353.827,25.9368,2,24.4756,26.4948,24.4948,21.8964,0,0,0,57.1907,26.205,2,-2.01925
1118.7,14837.3,74.2406,-0.11379,9.96386,23.2906,1.58753,1873.54,0,0,700,364.348,26.7081,2,25.1934,27.9649,25.9649,23.2906,0,0,0,57.1899,26.2049,2,-2.77143
1118.8,14839.3,74.2183,-0.114146,9.96151,24.193,1.6437,1873.7,0,0,700,378.677,27.7585,2,26.1689,28.9163,26.9163,24.193,0,0,0,57.1892,26.2047,2,-2.74745
1118.9,14841.4,74.198,-0.11453,9.95916,24.8012,1.68176,1873.87,0,0,700,388.384,28.4701,2,26.8283,29.5606,27.5606,24.8012,0,0,0,57.1885,26.2046,2,-2.73224
1119,14843.4,74.1789,-0.114944,9.95679,24.7186,1.67663,1874.04,0,0,700,387.077,28.3742,2,26.7396,29.4725,27.4725,24.7186,0,0,0,57.1878,26.2045,2,-2.73289
1119.1,14845.5,74.1583,-0.115387,9.95442,23.7279,1.61489,1874.2,0,0,700,371.327,27.2197,2,25.6689,28.4242,26.4242,23.7279,0,0,0,57.1871,26.2044,2,-2.7553
1119.2,14847.6,74.1342,-0.115858,9.95204,22.54,1.54628,1874.35,0,0,700,353.827,25.9368,2,24.4756,27.1705,25.1705,22.54,0,0,0,57.1864,26.2043,2,-2.6949
1119.3,14849.6,74.1077,-0.116358,9.94965,21.5335,1.54628,1874.51,0,0,700,353.827,25.9368,2,24.4756,26.1082,24.1082,21.5335,0,0,0,57.186,26.2041,2,-1.63257
1119.4,14851.7,74.0787,-0.116887,9.94725,20.3292,1.54628,1874.66,0,0,700,353.827,25.9368,2,24.4756,24.837,22.837,20.3292,0,0,0,57.1859,26.204,2,-0.361427
1119.5,14853.7,74.0462,-0.117445,9.94484,19.5139,1.54628,1874.82,0,0,700,353.827,25.9368,2,24.4756,23.9762,21.9762,19.5139,0,0,0,57.186,26.2039,2,0.499435
1119.6,14855.8,74.0133,-0.118031,9.94241,19.2332,1.54628,1874.97,0,0,700,353.827,25.9368,2,24.4756,23.6793,21.6793,19.2332,0,0,0,57.1862,26.2038,2,0.796333
1119.7,14857.9,73.9795,-0.118646,9.93998,19.3081,1.54628,1875.13,0,0,700,353.827,25.9368,2,24.4756,23.7574,21.7574,19.3081,0,0,0,57.1864,26.2036,2,0.718189
1119.8,14859.9,73.9471,-0.119289,9.93754,19.348,1.54628,1875.28,0,0,700,353.827,25.9368,2,24.4756,23.7987,21.7987,19.348,0,0,0,57.1865,26.2035,2,0.676936
1119.9,14862,73.9138,-0.119961,9.93508,19.1141,1.54628,1875.43,0,0,700,353.827,25.9368,2,24.4756,23.5511,21.5511,19.1141,0,0,0,57.1868,26.2034,2,0.924518
1120,14864,73.8804,-0.120661,9.93261,18.4231,1.54628,1875.59,0,0,700,353.827,25.9368,2,24.4756,22.8213,20.8213,18.4231,0,0,0,57.1872,26.2033,2,1.65424
1120.1,14866.1,73.8437,-0.121389,9.93013,17.6887,1.54628,1875.74,0,0,700,353.827,25.9368,2,24.4756,22.0457,20.0457,17.6887,0,0,0,57.1878,26.2031,2,2.42984
1120.2,14868.1,73.8067,-0.122146,9.92763,17.0753,1.54628,1875.9,0,0,700,353.827,25.9368,2,24.4756,21.3977,19.3977,17.0753,0,0,0,57.1885,26.203,2,3.07789
1120.3,14870.2,73.7671,-0.12293,9.92512,16.3608,1.54628,1876.05,0,0,700,353.827,25.9368,2,24.4756,20.643,18.643,16.3608,0,0,0,57.1894,26.2029,2,3.83256
1120.4,14872.2,73.7267,-0.123743,9.92259,16.2158,1.54628,1876.21,0,0,700,353.827,25.9368,2,24.4756,20.4891,18.4891,16.2158,0,0,0,57.1904,26.2028,2,3.98654
1120.5,14874.3,73.6866,-0.124584,9.92005,16.7253,1.54628,1876.36,0,0,700,353.827,25.9368,2,24.4756,21.0256,19.0256,16.7253,0,0,0,57.1913,26.2027,2,3.45004
1120.6,14876.3,73.649,-0.125452,9.91749,17.2858,1.54628,1876.52,0,0,700,353.827,25.9368,2,24.4756,21.6159,19.6159,17.2858,0,0,0,57.1919,26.2025,2,2.85967
1120.7,14878.4,73.612,-0.126348,9.91492,17.6286,1.54628,1876.67,0,0,700,353.827,25.9368,2,24.4756,21.9766,19.9766,17.6286,0,0,0,57.1926,26.2024,2,2.49896
1120.8,14880.4,73.5764,-0.127272,9.91233,18.2495,1.54628,1876.83,0,0,700,353.827,25.9368,2,24.4756,22.6307,20.6307,18.2495,0,0,0,57.193,26.2023,2,1.84487
1120.9,14882.4,73.5428,-0.128224,9.90971,18.8592,1.54628,1876.98,0,0,700,353.827,25.9368,2,24.4756,23.2731,21.2731,18.8592,0,0,0,57.1933,26.2022,2,1.20251
1121,14884.5,73.5105,-0.129204,9.90709,19.2275,1.54628,1877.14,0,0,700,353.827,25.9368,2,24.4756,23.6609,21.6609,19.2275,0,0,0,57.1935,26.202,2,0.814721
1121.1,14886.5,73.479,-0.130211,9.90444,19.045,1.54628,1877.29,0,0,700,353.827,25.9368,2,24.4756,23.4676,21.4676,19.045,0,0,0,57.1937,26.2019,2,1.008
1121.2,14888.6,73.446,-0.131245,9.90177,18.2855,1.54628,1877.44,0,0,700,353.827,25.9368,2,24.4756,22.6655,20.6655,18.2855,0,0,0,57.1942,26.2018,2,1.81009
1121.3,14890.6,73.4107,-0.132307,9.89908,17.3152,1.54628,1877.6,0,0,700,353.827,25.9368,2,24.4756,21.641,19.641,17.3152,0,0,0,57.1949,26.2017,2,2.83455
1121.4,14892.6,73.373,-0.133396,9.89637,16.294,1.54628,1877.75,0,0,700,353.827,25.9368,2,24.4756,20.5629,18.5629,16.294,0,0,0,57.1958,26.2016,2,3.91273
1121.5,14894.7,73.3327,-0.134512,9.89364,15.6877,1.54628,1877.91,0,0,700,353.827,25.9368,2,24.4756,19.9248,17.9248,15.6877,0,0,0,57.1969,26.2014,2,4.55081
1121.6,14896.7,73.2921,-0.135655,9.89089,15.9197,1.54628,1878.06,0,0,700,353.827,25.9368,2,24.4756,20.1667,18.1667,15.9197,0,0,0,57.198,26.2013,2,4.30892
1121.7,14898.8,73.2533,-0.136825,9.88812,16.6582,1.54628,1878.22,0,0,700,353.827,25.9368,2,24.4756,20.944,18.944,16.6582,0,0,0,57.1988,26.2012,2,3.53155
1121.8,14900.8,73.2167,-0.138022,9.88533,17.3972,1.54628,1878.37,0,0,700,353.827,25.9368,2,24.4756,21.7228,19.7228,17.3972,0,0,0,57.1995,26.2011,2,2.75284
1121.9,14902.8,73.1819,-0.139246,9.88251,18.4786,1.54628,1878.53,0,0,700,353.827,25.9368,2,24.4756,22.8628,20.8628,18.4786,0,0,0,57.1999,26.201,2,1.61281
1122,14904.9,73.1511,-0.140497,9.87966,19.6376,1.54628,1878.68,0,0,700,353.827,25.9368,2,24.4756,24.0847,22.0847,19.6376,0,0,0,57.2,26.2008,2,0.390924
1122.1,14906.9,73.1226,-0.141774,9.8768,20.3978,1.54628,1878.84,0,0,700,353.827,25.9368,2,24.4756,24.886,22.886,20.3978,0,0,0,57.1999,26.2007,2,-0.410376
1122.2,14908.9,73.0959,-0.143078,9.8739,21.5501,1.54628,1878.99,0,0,700,353.827,25.9368,2,24.4756,26.1009,24.1009,21.5501,0,0,0,57.1995,26.2006,2,-1.62535
1122.3,14910.9,73.0735,-0.144409,9.87099,23.1181,1.57427,1879.15,0,0,700,360.965,26.4601,2,24.9628,27.7546,25.7546,23.1181,0,0,0,57.1987,26.2005,2,-2.79181
1122.4,14913,73.0552,-0.145766,9.86804,23.7418,1.6131,1879.31,0,0,700,370.872,27.1863,2,25.6379,28.4121,26.4121,23.7418,0,0,0,57.198,26.2003,2,-2.77419
1122.5,14915,73.0362,-0.147149,9.86507,24.2099,1.64238,1879.47,0,0,700,378.34,27.7338,2,26.146,28.9074,26.9074,24.2099,0,0,0,57.1973,26.2002,2,-2.7614
1122.6,14917,73.0204,-0.14856,9.86207,25.5289,1.72499,1879.65,0,0,700,399.414,29.2786,2,27.5762,30.3073,28.3073,25.5289,0,0,0,57.1966,26.2001,2,-2.73113
1122.7,14919.1,73.0084,-0.149996,9.85904,26.5737,1.7811,1879.82,0,0,700,413.726,30.3277,2,28.5444,31.4162,29.4162,26.5737,0,0,0,57.1959,26.2,2,-2.87182
1122.8,14921.1,72.9982,-0.15146,9.85599,27.2511,1.82309,1880.01,0,0,700,424.438,31.1129,2,29.2674,32.1352,30.1352,27.2511,0,0,0,57.1951,26.1999,2,-2.86774
1122.9,14923.1,72.9898,-0.152949,9.8529,28.3365,1.88298,1880.2,0,0,700,439.714,32.2327,2,30.2961,33.2873,31.2873,28.3365,0,0,0,57.1943,26.1997,2,-2.99113
1123,14925.1,72.9854,-0.154465,9.84978,29.0632,1.92795,1880.39,0,0,709.231,444.889,33.0421,2,31.0645,34.0586,32.0586,29.0632,0,0,0,57.1936,26.1996,2,-2.99414
1123.1,14927.2,72.9809,-0.156007,9.84664,28.5645,1.8958,1880.58,0,0,701.098,442.241,32.4688,2,30.5158,33.5291,31.5291,28.5645,0,0,0,57.1928,26.1995,2,-3.01334
1123.2,14929.2,72.9741,-0.157576,9.84346,27.4179,1.8338,1880.76,0,0,700,427.17,31.3132,2,29.4516,32.3117,30.3117,27.4179,0,0,0,57.1921,26.1994,2,-2.86009
1123.3,14931.2,72.9638,-0.15917,9.84025,25.8558,1.74397,1880.94,0,0,700,404.255,29.6335,2,27.904,30.6531,28.6531,25.8558,0,0,0,57.1913,26.1993,2,-2.7491
1123.4,14933.3,72.949,-0.160791,9.83701,24.0071,1.63022,1881.1,0,0,700,375.238,27.5064,2,25.935,28.6901,26.6901,24.0071,0,0,0,57.1906,26.1991,2,-2.75503
1123.5,14935.3,72.9293,-0.162437,9.83373,22.556,1.54628,1881.25,0,0,700,353.827,25.9368,2,24.4756,27.158,25.158,22.556,0,0,0,57.1899,26.199,2,-2.68245
1123.6,14937.3,72.9072,-0.164109,9.83042,21.8607,1.54628,1881.41,0,0,700,353.827,25.9368,2,24.4756,26.4241,24.4241,21.8607,0,0,0,57.1894,26.1989,2,-1.94848
1123.7,14939.3,72.8841,-0.165806,9.82708,21.574,1.54628,1881.56,0,0,700,353.827,25.9368,2,24.4756,26.121,24.121,21.574,0,0,0,57.189,26.1988,2,-1.64538
1123.8,14941.4,72.8608,-0.167528,9.82371,21.3991,1.54628,1881.72,0,0,700,353.827,25.9368,2,24.4756,25.9359,23.9359,21.3991,0,0,0,57.1886,26.1986,2,-1.46031
1123.9,14943.4,72.837,-0.169276,9.8203,21.2639,1.54628,1881.87,0,0,700,353.827,25.9368,2,24.4756,25.7927,23.7927,21.2639,0,0,0,57.1883,26.1985,2,-1.31714
1124,14945.4,72.8132,-0.171048,9.81686,20.768,1.54628,1882.03,0,0,700,353.827,25.9368,2,24.4756,25.269,23.269,20.768,0,0,0,57.1881,26.1984,2,-0.793398
1124.1,14947.4,72.7871,-0.172846,9.81338,19.5878,1.54628,1882.18,0,0,700,353.827,25.9368,2,24.4756,24.0232,22.0232,19.5878,0,0,0,57.1882,26.1983,2,0.452419
1124.2,14949.4,72.7573,-0.174668,9.80987,18.3576,1.54628,1882.34,0,0,700,353.827,25.9368,2,24.4756,22.7246,20.7246,18.3576,0,0,0,57.1886,26.1981,2,1.75099
1124.3,14951.5,72.7251,-0.176514,9.80632,17.374,1.54628,1882.49,0,0,700,353.827,25.9368,2,24.4756,21.6862,19.6862,17.374,0,0,0,57.1893,26.198,2,2.78937
1124.4,14953.5,72.6905,-0.178385,9.80274,16.5508,1.54628,1882.64,0,0,700,353.827,25.9368,2,24.4756,20.8168,18.8168,16.5508,0,0,0,57.1902,26.1979,2,3.65874
1124.5,14955.5,72.6543,-0.18028,9.79912,15.7832,1.54628,1882.8,0,0,700,353.827,25.9368,2,24.4756,20.0068,18.0068,15.7832,0,0,0,57.1913,26.1978,2,4.46874
1124.6,14957.5,72.616,-0.182199,9.79546,15.1802,1.54628,1882.95,0,0,700,353.827,25.9368,2,24.4756,19.3743,17.3743,15.1802,0,0,0,57.1925,26.1977,2,5.10127
1124.7,14959.5,72.577,-0.184142,9.79177,14.8532,1.54628,1883.11,0,0,700,353.827,25.9368,2,24.4756,19.0309,17.0309,14.8532,0,0,0,57.1938,26.1976,2,5.44468
1124.8,14961.6,72.5373,-0.186108,9.78804,15.1467,1.54628,1883.26,0,0,700,353.827,25.9368,2,24.4756,19.3372,17.3372,15.1467,0,0,0,57.1951,26.1974,2,5.13842
1124.9,14963.6,72.5,-0.188098,9.78427,15.5906,1.54628,1883.42,0,0,700,353.827,25.9368,2,24.4756,19.801,17.801,15.5906,0,0,0,57.1962,26.1973,2,4.67457
1125,14965.6,72.4629,-0.190111,9.78046,15.6846,1.54628,1883.57,0,0,700,353.827,25.9368,2,24.4756,19.8985,17.8985,15.6846,0,0,0,57.1973,26.1972,2,4.57708
1125.1,14967.6,72.4264,-0.192147,9.77661,15.7823,1.54628,1883.73,0,0,700,353.827,25.9368,2,24.4756,19.9999,17.9999,15.7823,0,0,0,57.1984,26.1971,2,4.47569
1125.2,14969.6,72.3901,-0.194207,9.77273,15.6084,1.54628,1883.88,0,0,700,353.827,25.9368,2,24.4756,19.8168,17.8168,15.6084,0,0,0,57.1996,26.197,2,4.65876
1125.3,14971.6,72.3531,-0.196289,9.7688,15.3155,1.54628,1884.04,0,0,700,353.827,25.9368,2,24.4756,19.5092,17.5092,15.3155,0,0,0,57.2008,26.1969,2,4.96639
1125.4,14973.6,72.3155,-0.198395,9.76484,15.4982,1.54628,1884.19,0,0,700,353.827,25.9368,2,24.4756,19.6995,17.6995,15.4982,0,0,0,57.2019,26.1968,2,4.77611
1125.5,14975.6,72.2797,-0.200522,9.76083,16.2645,1.54628,1884.35,0,0,700,353.827,25.9368,2,24.4756,20.5047,18.5047,16.2645,0,0,0,57.2029,26.1966,2,3.97086
1125.6,14977.6,72.2464,-0.202673,9.75679,17.1297,1.54628,1884.5,0,0,700,353.827,25.9368,2,24.4756,21.4168,19.4168,17.1297,0,0,0,57.2036,26.1965,2,3.05883
1125.7,14979.6,72.2154,-0.204846,9.7527,18.2768,1.54628,1884.65,0,0,700,353.827,25.9368,2,24.4756,22.6262,20.6262,18.2768,0,0,0,57.2041,26.1964,2,1.84942
1125.8,14981.7,72.1884,-0.207042,9.74857,19.3988,1.54628,1884.81,0,0,700,353.827,25.9368,2,24.4756,23.8093,21.8093,19.3988,0,0,0,57.2043,26.1963,2,0.666313
1125.9,14983.7,72.1635,-0.20926,9.74439,19.7902,1.54628,1884.96,0,0,700,353.827,25.9368,2,24.4756,24.2217,22.2217,19.7902,0,0,0,57.2043,26.1961,2,0.25391
1126,14985.7,72.1388,-0.2115,9.74018,19.6516,1.54628,1885.12,0,0,700,353.827,25.9368,2,24.4756,24.0748,22.0748,19.6516,0,0,0,57.2044,26.196,2,0.400788
1126.1,14987.7,72.1135,-0.213763,9.73592,19.1823,1.54628,1885.27,0,0,700,353.827,25.9368,2,24.4756,23.5791,21.5791,19.1823,0,0,0,57.2046,26.1959,2,0.896522
1126.2,14989.7,72.0866,-0.216047,9.73161,18.7118,1.54628,1885.43,0,0,700,353.827,25.9368,2,24.4756,23.0821,21.0821,18.7118,0,0,0,57.205,26.1958,2,1.39353
1126.3,14991.7,72.0591,-0.218354,9.72727,18.1777,1.54628,1885.58,0,0,700,353.827,25.9368,2,24.4756,22.5179,20.5179,18.1777,0,0,0,57.2054,26.1956,2,1.95773
1126.4,14993.7,72.0297,-0.220682,9.72287,17.7634,1.54628,1885.74,0,0,700,353.827,25.9368,2,24.4756,22.0801,20.0801,17.7634,0,0,0,57.206,26.1955,2,2.39552
1126.5,14995.7,72.0002,-0.223031,9.71843,17.9345,1.54628,1885.89,0,0,700,353.827,25.9368,2,24.4756,22.2599,20.2599,17.9345,0,0,0,57.2066,26.1954,2,2.2157
1126.6,14997.7,71.972,-0.225402,9.71395,18.6831,1.54628,1886.05,0,0,700,353.827,25.9368,2,24.4756,23.0491,21.0491,18.6831,0,0,0,57.2069,26.1953,2,1.42654
1126.7,14999.7,71.9468,-0.227794,9.70942,19.0571,1.54628,1886.2,0,0,700,353.827,25.9368,2,24.4756,23.443,21.443,19.0571,0,0,0,57.2072,26.1952,2,1.0326
1126.8,15001.7,71.9208,-0.230207,9.70485,19.2943,1.54628,1886.36,0,0,700,353.827,25.9368,2,24.4756,23.6926,21.6926,19.2943,0,0,0,57.2074,26.195,2,0.782964
1126.9,15003.7,71.8971,-0.232642,9.70022,19.9547,1.54628,1886.51,0,0,700,353.827,25.9368,2,24.4756,24.3888,22.3888,19.9547,0,0,0,57.2074,26.1949,2,0.0868085
1127,15005.7,71.8749,-0.235097,9.69555,19.9786,1.54628,1886.67,0,0,700,353.827,25.9368,2,24.4756,24.4135,22.4135,19.9786,0,0,0,57.2074,26.1948,2,0.0621275
1127.1,15007.7,71.8515,-0.237573,9.69084,19.6143,1.54628,1886.82,0,0,700,353.827,25.9368,2,24.4756,24.0286,22.0286,19.6143,0,0,0,57.2075,26.1947,2,0.44696
1127.2,15009.7,71.8277,-0.24007,9.68607,19.6856,1.54628,1886.97,0,0,700,353.827,25.9368,2,24.4756,24.1032,22.1032,19.6856,0,0,0,57.2076,26.1945,2,0.372358
1127.3,15011.6,71.805,-0.242587,9.68126,19.9113,1.54628,1887.13,0,0,700,353.827,25.9368,2,24.4756,24.3409,22.3409,19.9113,0,0,0,57.2076,26.1944,2,0.134723
1127.4,15013.6,71.7826,-0.245124,9.67639,19.8285,1.54628,1887.28,0,0,700,353.827,25.9368,2,24.4756,24.2529,22.2529,19.8285,0,0,0,57.2077,26.1943,2,0.222685
1127.5,15015.6,71.7597,-0.247682,9.67148,20.3058,1.54628,1887.44,0,0,700,353.827,25.9368,2,24.4756,24.756,22.756,20.3058,0,0,0,57.2076,26.1942,2,-0.280381
1127.6,15017.6,71.7401,-0.25026,9.66652,21.454,1.54628,1887.59,0,0,700,353.827,25.9368,2,24.4756,25.9669,23.9669,21.454,0,0,0,57.2072,26.194,2,-1.4913
1127.7,15019.6,71.7236,-0.252858,9.66151,27.529,1.69026,1887.76,0,0,700,390.555,28.6292,2,26.9756,32.4031,30.4031,27.529,0,0,0,57.2058,26.1939,2,-5.42749
1127.8,15021.6,71.7362,-0.255476,9.65644,38.4064,1.8352,1887.95,0,0,700,427.526,31.3393,2,29.4756,43.9923,41.9923,38.4064,0,0,0,57.2021,26.1939,2,-14.5167
1127.9,15023.6,71.777,-0.258116,9.65132,49.298,1.98127,1888.14,0,0,721.58,449.919,33.9975,2,31.976,55.6754,53.6754,49.298,0,0,0,57.1959,26.194,2,-23.6994
1128,15025.6,71.8468,-0.260778,9.64615,59.919,2.12733,1888.36,0,0,758.417,460.907,36.6058,2,34.476,67.1225,65.1225,59.919,0,0,0,57.1875,26.1943,2,-32.6465
1128.1,15027.6,71.9432,-0.263464,9.64091,69.9838,2.27287,1888.58,0,0,788.539,475.087,39.2306,2,36.9761,78.0094,76.0094,69.9838,0,0,0,57.1769,26.1948,2,-41.0333
1128.2,15029.6,72.0654,-0.266174,9.63562,74.8984,2.41809,1888.83,0,0,818.806,488.087,41.8511,2,39.4761,83.3401,81.3401,74.8984,0,0,0,57.1656,26.1954,2,-43.864
1128.3,15031.6,72.1867,-0.268908,9.63026,74.7476,2.56303,1889.08,0,0,849.262,500.004,44.4676,2,41.9761,83.1764,81.1764,74.7476,0,0,0,57.1549,26.196,2,-41.2003
1128.4,15033.6,72.3073,-0.271668,9.62483,74.5973,2.70774,1889.35,0,0,879.506,511.191,47.0816,2,44.4761,83.0133,81.0133,74.5973,0,0,0,57.145,26.1964,2,-38.5372
1128.5,15035.6,72.427,-0.274451,9.61934,74.4474,2.85225,1889.64,0,0,909.784,521.582,49.6924,2,46.9761,82.8507,80.8507,74.4474,0,0,0,57.1357,26.1968,2,-35.8745
1128.6,15037.6,72.5459,-0.277259,9.61379,74.2979,2.99639,1889.94,0,0,935.396,534.079,52.3154,2,49.4761,82.6884,80.6884,74.2979,0,0,0,57.1271,26.1971,2,-33.2123
1128.7,15039.7,72.6641,-0.280092,9.60817,74.1488,3.14099,1890.25,0,0,962.707,544.969,54.9407,2,51.9856,82.5262,80.5262,74.1488,0,0,0,57.1192,26.1974,2,-30.5406
1128.8,15041.7,72.7815,-0.282949,9.60248,74.0002,3.28491,1890.58,0,0,989.626,555.367,57.5546,2,54.4856,82.3646,80.3646,74.0002,0,0,0,57.112,26.1975,2,-27.879
1128.9,15043.7,72.8981,-0.28583,9.59673,73.852,3.42875,1890.92,0,0,1017.05,564.899,60.1645,2,56.9857,82.2036,80.2036,73.852,0,0,0,57.1055,26.1976,2,-25.2179
1129,15045.7,73.0139,-0.288735,9.5909,74.8799,3.57253,1891.28,0,0,1044.26,574.032,62.7732,2,59.486,83.3177,81.3177,74.8799,0,0,0,57.0994,26.1977,2,-23.8317
1129.1,15047.8,73.1351,-0.291664,9.58501,77.1279,3.71671,1891.65,0,0,1071.68,582.563,65.3788,2,61.9861,85.7539,83.7539,77.1279,0,0,0,57.0932,26.1978,2,-23.7678
1129.2,15049.8,73.2618,-0.294617,9.57905,79.4514,3.86024,1892.04,0,0,1102.36,588.81,67.9715,2,64.4861,88.2708,86.2708,79.4514,0,0,0,57.0871,26.1979,2,-23.7847
1129.3,15051.8,73.3941,-0.297595,9.57302,81.8508,4.00392,1892.44,0,0,1129.05,596.914,70.5753,2,66.9858,90.8382,88.8382,81.8508,0,0,0,57.0809,26.198,2,-23.8524
1129.4,15053.9,73.5321,-0.300598,9.56692,84.2765,4.14739,1892.85,0,0,1153.44,605.895,73.1846,2,69.4852,93.4195,91.4195,84.2765,0,0,0,57.0747,26.1981,2,-23.9343
1129.5,15055.9,73.6759,-0.303625,9.56074,85.3731,4.29235,1893.28,0,0,1180.3,613.323,75.8069,2,72.0058,94.5832,92.5832,85.3731,0,0,0,57.0689,26.1982,2,-22.5774
1129.6,15058,73.8185,-0.306678,9.55449,85.2042,4.43594,1893.73,0,0,1206.16,620.743,78.4056,2,74.503,94.401,92.401,85.2042,0,0,0,57.0637,26.1982,2,-19.898
1129.7,15060,73.9603,-0.309755,9.54816,85.2527,4.63722,1894.19,0,0,1253.17,624.694,81.9796,2,77.9741,94.4494,92.4494,85.2527,0,0,0,57.0595,26.1982,2,-16.4753
1129.8,15062.1,74.1021,-0.312856,9.54176,85.3878,4.78774,1894.67,0,0,1287.9,627.611,84.6451,2,80.5627,94.5875,92.5875,85.3878,0,0,0,57.0559,26.1981,2,-14.0248
1129.9,15064.1,74.2436,-0.315983,9.53528,85.1435,4.97856,1895.17,0,0,1330.7,631.633,88.0186,2,83.8363,94.3228,92.3228,85.1435,0,0,0,57.0532,26.1981,3,-10.4865
1130,15066.2,74.3831,-0.319133,9.52873,84.2462,5.12557,1895.68,0,0,1364.22,634.225,90.6056,2,86.3494,93.3645,91.3645,84.2462,0,0,0,57.0513,26.1979,3,-7.01515
1130.1,15068.3,74.5189,-0.322308,9.5221,82.6097,5.28636,1896.21,0,0,1400,637.274,93.4293,2,89.0906,91.6211,89.6211,82.6097,0,0,0,57.0507,26.1978,3,-2.53049
1130.2,15070.3,74.6492,-0.325507,9.51539,80.4198,5.14887,1896.72,0,0,1369.23,634.769,91.0167,2,86.7479,89.2737,87.2737,80.4198,0,0,0,57.05,26.1977,3,-2.52585
1130.3,15072.4,74.7731,-0.32873,9.5086,77.6561,5.01266,1897.22,0,0,1338.46,632.264,88.6203,2,84.4207,86.2958,84.2958,77.6561,0,0,0,57.0496,26.1976,3,-1.87507
1130.4,15074.5,74.8886,-0.331976,9.50173,74.8093,4.77828,1897.7,0,0,1285.81,627.384,84.4772,2,80.3999,83.2343,81.2343,74.8093,0,0,0,57.0488,26.1975,2,-2.83437
1130.5,15076.6,74.9973,-0.335245,9.49479,72.3871,4.64013,1898.17,0,0,1253.85,624.749,82.0311,2,78.0242,80.6227,78.6227,72.3871,0,0,0,57.0481,26.1973,2,-2.59852
1130.6,15078.6,75.1,-0.338536,9.48776,70.3197,4.50858,1898.62,0,0,1223.08,622.244,79.6972,2,75.7571,78.3862,76.3862,70.3197,0,0,0,57.0475,26.1972,2,-2.62904
1130.7,15080.7,75.1978,-0.341849,9.48066,68.2385,4.40433,1899.06,0,0,1199.62,619.615,77.8385,2,73.9552,76.1346,74.1346,68.2385,0,0,0,57.0469,26.1971,2,-2.17947
1130.8,15082.8,75.2894,-0.345184,9.47348,66.5396,4.28288,1899.48,0,0,1178.65,612.787,75.6351,2,71.8411,74.2968,72.2968,66.5396,0,0,0,57.0463,26.197,2,-2.45575
1130.9,15084.9,75.3782,-0.34854,9.46622,65.3386,4.22072,1899.91,0,0,1167.81,609.256,74.5074,2,70.7591,72.9993,70.9993,65.3386,0,0,0,57.0457,26.1969,2,-2.24024
1131,15087,75.4634,-0.351918,9.45889,64.1057,4.14825,1900.32,0,0,1153.62,605.925,73.1999,2,69.5,71.6697,69.6697,64.1057,0,0,0,57.0451,26.1967,2,-2.1697
1131.1,15089.1,75.5456,-0.355316,9.45147,62.5649,4.06001,1900.73,0,0,1137.1,601.318,71.603,2,67.9653,70.0077,68.0077,62.5649,0,0,0,57.0446,26.1966,2,-2.04239
1131.2,15091.2,75.6227,-0.358735,9.44397,61.0613,3.95587,1901.12,0,0,1118.48,595.192,69.7129,2,66.1524,68.3859,66.3859,61.0613,0,0,0,57.044,26.1965,2,-2.23351
1131.3,15093.3,75.6971,-0.362174,9.4364,59.7839,3.87196,1901.51,0,0,1104.97,589.236,68.1819,2,64.6894,67.0081,65.0081,59.7839,0,0,0,57.0434,26.1964,2,-2.31866
1131.4,15095.4,75.7676,-0.365633,9.42874,58.1795,3.77738,1901.89,0,0,1085.33,584.9,66.4768,2,63.0467,65.2774,63.2774,58.1795,0,0,0,57.0429,26.1962,2,-2.23075
1131.5,15097.5,75.8337,-0.369112,9.42101,56.6963,3.67729,1902.26,0,0,1065.36,579.642,64.6673,2,61.3068,63.682,61.682,56.6963,0,0,0,57.0422,26.1961,2,-2.37517
1131.6,15099.6,75.8965,-0.372609,9.41319,55.9551,3.62947,1902.62,0,0,1056.93,576.404,63.7974,2,60.4744,62.8855,60.8855,55.9551,0,0,0,57.0416,26.196,2,-2.41113
1131.7,15101.7,75.9588,-0.376126,9.4053,55.5826,3.60269,1902.98,0,0,1050.79,575.404,63.3166,2,60.0098,62.4855,60.4855,55.5826,0,0,0,57.041,26.1959,2,-2.47573
1131.8,15103.8,76.0196,-0.379661,9.39732,54.9566,3.56747,1903.34,0,0,1043.3,573.72,62.6815,2,59.3981,61.813,59.813,54.9566,0,0,0,57.0404,26.1958,2,-2.41483
1131.9,15106,76.0786,-0.383215,9.38926,54.3811,3.54246,1903.69,0,0,1038.55,572.173,62.2278,2,58.963,61.1947,59.1947,54.3811,0,0,0,57.0398,26.1956,2,-2.23163
1132,15108.1,76.1364,-0.386787,9.38112,53.8968,3.51421,1904.04,0,0,1034.55,569.599,61.7093,2,58.4704,60.6744,58.6744,53.8968,0,0,0,57.0392,26.1955,2,-2.20396
1132.1,15110.2,76.1928,-0.390377,9.3729,53.443,3.48771,1904.39,0,0,1030.81,567.16,61.2228,2,58.0082,60.1871,58.1871,53.443,0,0,0,57.0386,26.1954,2,-2.1789
1132.2,15112.3,76.2482,-0.393985,9.3646,52.8972,3.44918,1904.74,0,0,1021.84,565.679,60.5313,2,57.3401,59.6006,57.6006,52.8972,0,0,0,57.0381,26.1953,2,-2.26048
1132.3,15114.4,76.3019,-0.397611,9.35621,52.2419,3.40638,1905.08,0,0,1013.2,563.204,59.7569,2,56.5965,58.8964,56.8964,52.2419,0,0,0,57.0375,26.1951,2,-2.29993
1132.4,15116.5,76.3539,-0.401253,9.34774,51.5649,3.36733,1905.41,0,0,1007.52,559.59,59.0407,2,55.9159,58.169,56.169,51.5649,0,0,0,57.0369,26.195,2,-2.25303
1132.5,15118.7,76.4041,-0.404913,9.33919,51.0853,3.33395,1905.75,0,0,999.6,558.301,58.4418,2,55.3373,57.6537,55.6537,51.0853,0,0,0,57.0363,26.1949,2,-2.31647
1132.6,15120.8,76.4537,-0.408589,9.33055,50.7813,3.31289,1906.08,0,0,994.59,557.485,58.0639,2,54.9722,57.3273,55.3273,50.7813,0,0,0,57.0357,26.1948,2,-2.35516
1132.7,15122.9,76.5023,-0.412282,9.32184,50.437,3.29166,1906.41,0,0,990.611,556.009,57.6785,2,54.6033,56.9577,54.9577,50.437,0,0,0,57.0351,26.1947,2,-2.35442
1132.8,15125,76.5502,-0.415992,9.31303,50.3073,3.28438,1906.73,0,0,989.55,555.317,57.545,2,54.4765,56.8187,54.8187,50.3073,0,0,0,57.0345,26.1945,2,-2.34224
1132.9,15127.2,76.5981,-0.419717,9.30414,50.5568,3.29864,1907.06,0,0,991.628,556.671,57.8064,2,54.7248,57.0878,55.0878,50.5568,0,0,0,57.0339,26.1944,2,-2.36296
1133,15129.3,76.6471,-0.423459,9.29517,50.7367,3.31022,1907.4,0,0,993.954,557.382,58.016,2,54.9258,57.2819,55.2819,50.7367,0,0,0,57.0332,26.1943,2,-2.3561
1133.1,15131.4,76.6959,-0.427216,9.28611,50.3594,3.2876,1907.72,0,0,990.019,555.623,57.604,2,54.5326,56.8767,54.8767,50.3594,0,0,0,57.0326,26.1942,2,-2.34416
1133.2,15133.6,76.743,-0.430988,9.27697,49.6496,3.24622,1908.05,0,0,983.734,551.817,56.8462,2,53.8122,56.1165,54.1165,49.6496,0,0,0,57.032,26.1941,2,-2.30431
1133.3,15135.7,76.7882,-0.434776,9.26774,48.8109,3.17693,1908.37,0,0,969.925,547.32,55.5914,2,52.6093,55.2185,53.2185,48.8109,0,0,0,57.0314,26.1939,2,-2.60918
1133.4,15137.8,76.8312,-0.438579,9.25842,47.5036,3.10816,1908.68,0,0,956.077,542.81,54.3462,2,51.4158,53.8183,51.8183,47.5036,0,0,0,57.0307,26.1938,2,-2.40251
1133.5,15140,76.87,-0.442396,9.24902,45.5405,2.9926,1908.98,0,0,934.935,533.629,52.2455,2,49.4101,51.7153,49.7153,45.5405,0,0,0,57.0302,26.1937,2,-2.3052
1133.6,15142.1,76.9033,-0.446227,9.23953,43.4793,2.856,1909.26,0,0,910.252,522.039,49.7615,2,47.0414,49.5072,47.5072,43.4793,0,0,0,57.0295,26.1936,2,-2.46576
1133.7,15144.2,76.932,-0.450072,9.22995,41.4654,2.73588,1909.54,0,0,885.979,512.912,47.5877,2,44.9623,47.3521,45.3521,41.4654,0,0,0,57.0289,26.1934,2,-2.3898
1133.8,15146.4,76.9555,-0.453931,9.22029,39.1845,2.59431,1909.8,0,0,857.594,501.361,45.0257,2,42.5151,44.9191,42.9191,39.1845,0,0,0,57.0283,26.1933,2,-2.40403
1133.9,15148.5,76.9732,-0.457802,9.21055,36.8787,2.45287,1910.04,0,0,827.432,490.187,42.474,2,40.075,42.4594,40.4594,36.8787,0,0,0,57.0277,26.1932,2,-2.38443
1134,15150.6,76.9856,-0.461685,9.20071,35.4741,2.35741,1910.28,0,0,806.036,482.85,40.7564,2,38.4309,40.961,38.961,35.4741,0,0,0,57.027,26.1931,2,-2.53008
1134.1,15152.8,76.9966,-0.465579,9.1908,35.4645,2.35691,1910.51,0,0,805.968,482.783,40.7473,2,38.4224,40.9511,38.9511,35.4645,0,0,0,57.0264,26.193,2,-2.52868
1134.2,15154.9,77.0091,-0.469486,9.1808,36.6015,2.43629,1910.76,0,0,822.94,489.434,42.1784,2,39.7896,42.1644,40.1644,36.6015,0,0,0,57.0257,26.1928,2,-2.37478
1134.3,15157.1,77.0258,-0.473404,9.17071,38.7642,2.56877,1911.01,0,0,850.792,500.254,44.57,2,42.0749,44.4721,42.4721,38.7642,0,0,0,57.0251,26.1927,2,-2.39718
1134.4,15159.2,77.0492,-0.477333,9.16054,41.6066,2.71346,1911.28,0,0,880.998,511.434,47.1839,2,44.5749,47.505,45.505,41.6066,0,0,0,57.0244,26.1926,2,-2.93009
1134.5,15161.3,77.08,-0.481274,9.15028,44.5656,2.85793,1911.57,0,0,910.493,522.274,49.7971,2,47.0749,50.6741,48.6741,44.5656,0,0,0,57.0234,26.1925,2,-3.59913
1134.6,15163.5,77.1179,-0.485227,9.13993,46.4031,3.00207,1911.87,0,0,936.086,534.753,52.4201,2,49.5749,52.6438,50.6438,46.4031,0,0,0,57.0226,26.1924,2,-3.06887
1134.7,15165.6,77.1577,-0.489192,9.12949,46.1503,3.03031,1912.17,0,0,940.105,537.609,52.9263,2,50.0548,52.3735,50.3735,46.1503,0,0,0,57.022,26.1922,2,-2.31865
1134.8,15167.8,77.1944,-0.493168,9.11896,44.3871,2.91713,1912.46,0,0,920.378,527.867,50.8767,2,48.1017,50.4847,48.4847,44.3871,0,0,0,57.0214,26.1921,2,-2.38302
1134.9,15169.9,77.2257,-0.497155,9.10834,41.9871,2.76366,1912.74,0,0,890.412,515.798,48.0949,2,45.4437,47.9145,45.9145,41.9871,0,0,0,57.0208,26.192,2,-2.47082
1135,15172.1,77.2507,-0.501153,9.09763,39.2727,2.60087,1913,0,0,859.338,501.645,45.1428,2,42.6282,45.0189,43.0189,39.2727,0,0,0,57.0202,26.1919,2,-2.39071
1135.1,15174.2,77.2688,-0.505161,9.08683,36.9121,2.45598,1913.25,0,0,828.279,490.325,42.5294,2,40.1285,42.5009,40.5009,36.9121,0,0,0,57.0196,26.1918,2,-2.37243
1135.2,15176.4,77.2825,-0.509179,9.07595,35.7716,2.37763,1913.48,0,0,809.566,485.078,41.1237,2,38.7794,41.2844,39.2844,35.7716,0,0,0,57.0189,26.1916,2,-2.50498
1135.3,15178.5,77.2953,-0.513205,9.06497,35.3373,2.35041,1913.72,0,0,805.073,481.909,40.6283,2,38.3103,40.8213,38.8213,35.3373,0,0,0,57.0183,26.1915,2,-2.51108
1135.4,15180.6,77.307,-0.517241,9.05391,35.0524,2.33353,1913.95,0,0,802.742,479.632,40.3193,2,38.019,40.5175,38.5175,35.0524,0,0,0,57.0176,26.1914,2,-2.49849
1135.5,15182.8,77.3186,-0.521285,9.04276,34.7371,2.31491,1914.18,0,0,800.163,477.113,39.9787,2,37.6979,40.1814,38.1814,34.7371,0,0,0,57.017,26.1913,2,-2.48347
1135.6,15184.9,77.329,-0.525337,9.03152,34.2411,2.2859,1914.41,0,0,792.2,475.683,39.4622,2,37.1997,39.6525,37.6525,34.2411,0,0,0,57.0163,26.1911,2,-2.45275
1135.7,15187.1,77.3384,-0.529398,9.02019,34.1485,2.28055,1914.64,0,0,790.697,475.438,39.3671,2,37.1079,39.5538,37.5538,34.1485,0,0,0,57.0157,26.191,2,-2.44593
1135.8,15189.2,77.3486,-0.533466,9.00877,34.9246,2.32623,1914.87,0,0,801.732,478.645,40.1857,2,37.8931,40.382,38.382,34.9246,0,0,0,57.0151,26.1909,2,-2.48893
1135.9,15191.4,77.362,-0.537542,8.99726,36.3042,2.41654,1915.12,0,0,818.453,487.972,41.8232,2,39.4494,41.8542,39.8542,36.3042,0,0,0,57.0144,26.1908,2,-2.4048
1136,15193.5,77.3791,-0.541625,8.98567,37.6981,2.50438,1915.37,0,0,839.915,493.403,43.3976,2,40.9624,43.3416,41.3416,37.6981,0,0,0,57.0138,26.1907,2,-2.37921
1136.1,15195.7,77.3995,-0.545716,8.97398,38.7568,2.56988,1915.62,0,0,851.088,500.302,44.5897,2,42.094,44.4715,42.4715,38.7568,0,0,0,57.0132,26.1905,2,-2.37747
1136.2,15197.8,77.422,-0.549814,8.9622,39.0656,2.58901,1915.88,0,0,856.183,501.131,44.9311,2,42.4237,44.8015,42.8015,39.0656,0,0,0,57.0126,26.1904,2,-2.37775
1136.3,15200,77.444,-0.55392,8.95033,38.3197,2.54308,1916.14,0,0,845.054,498.424,44.1074,2,41.6317,44.0061,42.0061,38.3197,0,0,0,57.012,26.1903,2,-2.37439
1136.4,15202.1,77.463,-0.558032,8.93837,36.6261,2.43972,1916.38,0,0,823.85,489.604,42.2398,2,39.8488,42.1996,40.1996,36.6261,0,0,0,57.0114,26.1902,2,-2.35084
1136.5,15204.3,77.4769,-0.562151,8.92632,34.4717,2.30008,1916.61,0,0,796.177,476.331,39.7143,2,37.4431,39.9015,37.9015,34.4717,0,0,0,57.0107,26.1901,2,-2.45834
1136.6,15206.4,77.4856,-0.566276,8.91417,32.6866,2.18593,1916.83,0,0,768.103,468.337,37.6709,2,35.4829,38.0038,36.0038,32.6866,0,0,0,57.0101,26.1899,2,-2.52083
1136.7,15208.6,77.4911,-0.570406,8.90194,31.2968,2.10074,1917.04,0,0,751.979,458.81,36.1299,2,34.0204,36.5289,34.5289,31.2968,0,0,0,57.0094,26.1898,2,-2.50855
1136.8,15210.7,77.4933,-0.574541,8.88962,29.9254,2.019,1917.24,0,0,729.589,453.832,34.6738,2,32.6195,35.0736,33.0736,29.9254,0,0,0,57.0088,26.1897,2,-2.45408
1136.9,15212.9,77.4923,-0.578681,8.87721,28.8253,1.93748,1917.43,0,0,711.631,445.67,33.2122,2,31.2272,33.906,31.906,28.8253,0,0,0,57.0081,26.1896,2,-2.6788
1137,15215.1,77.4895,-0.582825,8.86471,28.0408,1.88775,1917.62,0,0,700,440.931,32.3219,2,30.378,33.0734,31.0734,28.0408,0,0,0,57.0074,26.1895,2,-2.69549
1137.1,15217.2,77.485,-0.586973,8.85212,27.2589,1.84702,1917.81,0,0,700,430.542,31.5604,2,29.6788,32.2435,30.2435,27.2589,0,0,0,57.0068,26.1893,2,-2.56462
1137.2,15219.4,77.4786,-0.591125,8.83944,26.484,1.79952,1917.99,0,0,700,418.424,30.6721,2,28.8617,31.421,29.421,26.484,0,0,0,57.0061,26.1892,2,-2.55927
1137.3,15221.5,77.4706,-0.59528,8.82667,25.9235,1.76766,1918.16,0,0,700,410.297,30.0763,2,28.3126,30.8259,28.8259,25.9235,0,0,0,57.0054,26.1891,2,-2.51327
1137.4,15223.7,77.4618,-0.599438,8.81382,25.9492,1.76904,1918.34,0,0,700,410.65,30.1022,2,28.3365,30.853,28.853,25.9492,0,0,0,57.0048,26.189,2,-2.51649
1137.5,15225.8,77.4544,-0.603598,8.80087,26.5463,1.80358,1918.52,0,0,700,419.46,30.748,2,28.9316,31.4866,29.4866,26.5463,0,0,0,57.0041,26.1888,2,-2.55496
1137.6,15228,77.4488,-0.607761,8.78784,27.506,1.86013,1918.71,0,0,700,433.887,31.8056,2,29.9041,32.5049,30.5049,27.506,0,0,0,57.0035,26.1887,2,-2.60078
1137.7,15230.1,77.4463,-0.611927,8.77472,28.5785,1.92195,1918.9,0,0,707.718,444.396,32.9352,2,30.9621,33.643,31.643,28.5785,0,0,0,57.0028,26.1886,2,-2.68093
1137.8,15232.3,77.4462,-0.616094,8.76152,29.1702,1.96181,1919.1,0,0,717.404,447.88,33.6476,2,31.643,34.271,32.271,29.1702,0,0,0,57.0021,26.1885,2,-2.62799
1137.9,15234.4,77.4469,-0.620264,8.74822,29.1097,1.95729,1919.29,0,0,716.433,447.405,33.5665,2,31.5659,34.2068,32.2068,29.1097,0,0,0,57.0014,26.1884,2,-2.64097
1138,15236.6,77.4468,-0.624436,8.73483,28.839,1.93905,1919.49,0,0,712.027,445.8,33.2403,2,31.2541,33.9195,31.9195,28.839,0,0,0,57.0007,26.1882,2,-2.66532
1138.1,15238.7,77.4465,-0.62861,8.72135,28.7297,1.93203,1919.68,0,0,710.259,445.224,33.115,2,31.1342,33.8035,31.8035,28.7297,0,0,0,57,26.1881,2,-2.66933
1138.2,15240.9,77.4461,-0.632785,8.70778,28.978,1.94824,1919.87,0,0,714.334,446.551,33.4042,2,31.411,34.067,32.067,28.978,0,0,0,56.9993,26.188,2,-2.656
1138.3,15243,77.4473,-0.636961,8.69412,29.6707,2.00043,1920.07,0,0,725.67,451.917,34.3421,2,32.3038,34.8022,32.8022,29.6707,0,0,0,56.9987,26.1879,2,-2.49839
1138.4,15245.2,77.4506,-0.641138,8.68038,30.7145,2.06517,1920.28,0,0,742.742,456.358,35.4954,2,33.4112,35.91,33.91,30.7145,0,0,0,56.9981,26.1878,2,-2.49882
1138.5,15247.3,77.4571,-0.645316,8.66654,31.5434,2.11859,1920.49,0,0,756.304,460.218,36.4493,2,34.3261,36.7898,34.7898,31.5434,0,0,0,56.9974,26.1876,2,-2.4637
1138.6,15249.5,77.4647,-0.649495,8.65261,31.554,2.11938,1920.7,0,0,756.496,460.281,36.4635,2,34.3398,36.8013,34.8013,31.554,0,0,0,56.9968,26.1875,2,-2.46151
1138.7,15251.6,77.4715,-0.653675,8.63858,31.1429,2.09177,1920.91,0,0,749.798,458.1,35.9694,2,33.8667,36.3651,34.3651,31.1429,0,0,0,56.9961,26.1874,2,-2.49848
1138.8,15253.8,77.4774,-0.657855,8.62447,30.8288,2.0718,1921.12,0,0,744.684,456.674,35.6129,2,33.5246,36.0319,34.0319,30.8288,0,0,0,56.9955,26.1873,2,-2.5073
1138.9,15255.9,77.4829,-0.662035,8.61027,30.3644,2.04599,1921.33,0,0,737.115,455.441,35.1558,2,33.0833,35.5392,33.5392,30.3644,0,0,0,56.9949,26.1872,2,-2.45587
1139,15258.1,77.4867,-0.666215,8.59597,30.4059,2.04836,1921.53,0,0,737.81,455.554,35.1977,2,33.1238,35.5833,33.5833,30.4059,0,0,0,56.9942,26.187,2,-2.45952
1139.1,15260.2,77.4927,-0.670394,8.58159,31.0036,2.08273,1921.74,0,0,747.595,457.382,35.8075,2,33.7117,36.2178,34.2178,31.0036,0,0,0,56.9936,26.1869,2,-2.50608
1139.2,15262.4,77.4998,-0.674573,8.56711,31.7805,2.13516,1921.95,0,0,760.308,461.522,36.7461,2,34.6103,37.0425,35.0425,31.7805,0,0,0,56.9929,26.1868,2,-2.43216
1139.3,15264.5,77.5098,-0.67875,8.55254,33.2407,2.22445,1922.17,0,0,776.493,471.803,38.3643,2,36.1446,38.5924,36.5924,33.2407,0,0,0,56.9923,26.1867,2,-2.44776
1139.4,15266.7,77.5241,-0.682928,8.53788,35.046,2.33579,1922.41,0,0,803.055,479.938,40.3608,2,38.0581,40.515,38.515,35.046,0,0,0,56.9917,26.1866,2,-2.45695
1139.5,15268.9,77.5431,-0.687104,8.52313,36.578,2.43883,1922.65,0,0,823.605,489.564,42.2238,2,39.8333,42.1499,40.1499,36.578,0,0,0,56.9911,26.1864,2,-2.31662
1139.6,15271,77.5652,-0.691279,8.50828,38.3426,2.54672,1922.91,0,0,845.536,498.894,44.1742,2,41.6947,44.0329,42.0329,38.3426,0,0,0,56.9905,26.1863,2,-2.33819
1139.7,15273.2,77.5929,-0.695454,8.49334,39.8018,2.63748,1923.17,0,0,865.224,505.604,45.8107,2,43.2616,45.5902,43.5902,39.8018,0,0,0,56.9899,26.1862,2,-2.32869
1139.8,15275.3,77.6222,-0.699627,8.4783,40.1291,2.65831,1923.44,0,0,867.924,508.241,46.1934,2,43.6225,45.94,43.94,40.1291,0,0,0,56.9893,26.1861,2,-2.31747
1139.9,15277.5,77.6517,-0.7038,8.46317,40.0563,2.65378,1923.7,0,0,867.337,507.669,46.1102,2,43.544,45.8628,43.8628,40.0563,0,0,0,56.9887,26.186,2,-2.31881
1140,15279.6,77.6807,-0.707971,8.44794,39.6895,2.63066,1923.96,0,0,864.338,504.738,45.6855,2,43.1434,45.4721,43.4721,39.6895,0,0,0,56.9881,26.1858,2,-2.32874
1140.1,15281.8,77.7085,-0.712141,8.43262,38.8689,2.57961,1924.22,0,0,853.682,500.724,44.7634,2,42.2618,44.5972,42.5972,38.8689,0,0,0,56.9875,26.1857,2,-2.33542
1140.2,15283.9,77.7336,-0.716309,8.4172,37.9308,2.52175,1924.47,0,0,842.225,495.66,43.7161,2,41.2627,43.5969,41.5969,37.9308,0,0,0,56.9869,26.1856,2,-2.3342
1140.3,15286.1,77.757,-0.720474,8.40169,37.2619,2.48081,1924.72,0,0,835.026,491.424,42.9719,2,40.5558,42.8838,40.8838,37.2619,0,0,0,56.9863,26.1855,2,-2.32797
1140.4,15288.3,77.7791,-0.724637,8.38608,36.6639,2.44477,1924.97,0,0,825.225,489.828,42.3296,2,39.9355,42.2462,40.2462,36.6639,0,0,0,56.9857,26.1854,2,-2.31063
1140.5,15290.4,77.7997,-0.728797,8.37037,35.6138,2.3708,1925.2,0,0,808,484.568,41.0011,2,38.6619,41.1264,39.1264,35.6138,0,0,0,56.985,26.1852,2,-2.46443
1140.6,15292.6,77.8169,-0.732953,8.35458,33.7393,2.26011,1925.43,0,0,784.948,474.502,39.0039,2,36.7572,39.1283,37.1283,33.7393,0,0,0,56.9844,26.1851,2,-2.37113
1140.7,15294.8,77.8286,-0.737106,8.33869,31.3991,2.11083,1925.64,0,0,754.426,459.607,36.3105,2,34.1932,36.6452,34.6452,31.3991,0,0,0,56.9838,26.185,2,-2.45196
1140.8,15296.9,77.8346,-0.741254,8.32271,28.5247,1.92101,1925.83,0,0,707.481,444.319,32.9184,2,30.9461,33.5949,31.5949,28.5247,0,0,0,56.9831,26.1849,2,-2.64884
1140.9,15299.1,77.8326,-0.745397,8.30664,25.5408,1.74999,1926.01,0,0,700,405.791,29.7461,2,28.0079,30.4282,28.4282,25.5408,0,0,0,56.9825,26.1847,2,-2.4203
1141,15301.2,77.8245,-0.749535,8.29048,23.4358,1.62226,1926.17,0,0,700,373.209,27.3576,2,25.7969,28.2079,26.2079,23.4358,0,0,0,56.9819,26.1846,2,-2.41094
1141.1,15303.4,77.8126,-0.753667,8.27423,21.9884,1.54628,1926.33,0,0,700,353.827,25.9368,2,24.4756,26.6811,24.6811,21.9884,0,0,0,56.9813,26.1845,2,-2.20553
1141.2,15305.6,77.7977,-0.757793,8.2579,21.4788,1.54628,1926.48,0,0,700,353.827,25.9368,2,24.4756,26.1433,24.1433,21.4788,0,0,0,56.9809,26.1844,2,-1.66769
1141.3,15307.7,77.7838,-0.761911,8.24148,22.0277,1.54628,1926.63,0,0,700,353.827,25.9368,2,24.4756,26.7219,24.7219,22.0277,0,0,0,56.9803,26.1843,2,-2.24627
1141.4,15309.9,77.7719,-0.766023,8.22497,22.5403,1.56672,1926.79,0,0,700,359.04,26.319,2,24.8314,27.2622,25.2622,22.5403,0,0,0,56.9796,26.1841,2,-2.43073
1141.5,15312,77.7607,-0.770128,8.20838,22.6449,1.57326,1926.95,0,0,700,360.709,26.4413,2,24.9453,27.3721,25.3721,22.6449,0,0,0,56.979,26.184,2,-2.4268
1141.6,15314.2,77.7497,-0.774226,8.1917,22.6457,1.57336,1927.11,0,0,700,360.733,26.4431,2,24.9469,27.3727,25.3727,22.6457,0,0,0,56.9784,26.1839,2,-2.42571
1141.7,15316.4,77.7389,-0.778316,8.17494,21.9891,1.54628,1927.26,0,0,700,353.827,25.9368,2,24.4756,26.6799,24.6799,21.9891,0,0,0,56.9778,26.1838,2,-2.20436
1141.8,15318.5,77.725,-0.782398,8.15809,21.1716,1.54628,1927.42,0,0,700,353.827,25.9368,2,24.4756,25.8175,23.8175,21.1716,0,0,0,56.9775,26.1837,2,-1.34187
1141.9,15320.7,77.7105,-0.786472,8.14115,20.7571,1.54628,1927.57,0,0,700,353.827,25.9368,2,24.4756,25.3799,23.3799,20.7571,0,0,0,56.9772,26.1835,2,-0.904348
1142,15322.8,77.695,-0.790539,8.12413,20.2474,1.54628,1927.72,0,0,700,353.827,25.9368,2,24.4756,24.842,22.842,20.2474,0,0,0,56.9771,26.1834,2,-0.366434
1142.1,15325,77.6784,-0.794596,8.10703,20.0071,1.54628,1927.88,0,0,700,353.827,25.9368,2,24.4756,24.5882,22.5882,20.0071,0,0,0,56.9771,26.1833,2,-0.112594
1142.2,15327.2,77.662,-0.798645,8.08984,20.484,1.54628,1928.03,0,0,700,353.827,25.9368,2,24.4756,25.0907,23.0907,20.484,0,0,0,56.977,26.1832,2,-0.615103
1142.3,15329.3,77.6481,-0.802684,8.07257,21.0726,1.54628,1928.19,0,0,700,353.827,25.9368,2,24.4756,25.7111,23.7111,21.0726,0,0,0,56.9766,26.183,2,-1.2355
1142.4,15331.5,77.6349,-0.806715,8.05522,21.5186,1.54628,1928.34,0,0,700,353.827,25.9368,2,24.4756,26.1811,24.1811,21.5186,0,0,0,56.9762,26.1829,2,-1.70546
1142.5,15333.6,77.6235,-0.810736,8.03778,22.3803,1.55705,1928.5,0,0,700,356.573,26.1382,2,24.6631,27.0896,25.0896,22.3803,0,0,0,56.9756,26.1828,2,-2.42644
1142.6,15335.8,77.6148,-0.814748,8.02025,23.8997,1.65147,1928.66,0,0,700,380.659,27.9038,2,26.3036,28.6917,26.6917,23.8997,0,0,0,56.975,26.1827,2,-2.3881
1142.7,15337.9,77.6111,-0.818751,8.00265,25.2979,1.73779,1928.84,0,0,700,402.677,29.5178,2,27.7971,30.1662,28.1662,25.2979,0,0,0,56.9743,26.1826,2,-2.36906
1142.8,15340.1,77.6095,-0.822744,7.98495,26.0901,1.7791,1929.02,0,0,700,413.216,30.2903,2,28.5099,31.006,29.006,26.0901,0,0,0,56.9737,26.1824,2,-2.49608
1142.9,15342.2,77.61,-0.826728,7.96717,27.0035,1.83545,1929.2,0,0,700,427.59,31.344,2,29.4799,31.9754,29.9754,27.0035,0,0,0,56.9731,26.1823,2,-2.49544
1143,15344.4,77.6131,-0.830702,7.94931,27.912,1.88403,1929.39,0,0,700,439.984,32.2525,2,30.3143,32.9396,30.9396,27.912,0,0,0,56.9724,26.1822,2,-2.62531
1143.1,15346.6,77.6182,-0.834667,7.93135,27.6827,1.87214,1929.57,0,0,700,436.949,32.03,2,30.1101,32.6963,30.6963,27.6827,0,0,0,56.9717,26.1821,2,-2.58619
1143.2,15348.7,77.6205,-0.838622,7.91331,27.05,1.83856,1929.76,0,0,700,428.385,31.4022,2,29.5335,32.0249,30.0249,27.05,0,0,0,56.9711,26.182,2,-2.49141
1143.3,15350.9,77.6227,-0.842566,7.89519,27.2167,1.84795,1929.94,0,0,700,430.778,31.5777,2,29.6948,32.2019,30.2019,27.2167,0,0,0,56.9704,26.1818,2,-2.50711
1143.4,15353,77.6261,-0.8465,7.87698,27.398,1.85746,1930.13,0,0,700,433.205,31.7556,2,29.8582,32.3944,30.3944,27.398,0,0,0,56.9698,26.1817,2,-2.53622
1143.5,15355.2,77.6295,-0.850424,7.85868,27.6686,1.87163,1930.32,0,0,700,436.819,32.0205,2,30.1014,32.6817,30.6817,27.6686,0,0,0,56.9691,26.1816,2,-2.58022
1143.6,15357.3,77.6344,-0.854336,7.8403,29.0081,1.95382,1930.51,0,0,715.685,447.039,33.504,2,31.5064,34.1033,32.1033,29.0081,0,0,0,56.9684,26.1815,2,-2.59693
1143.7,15359.5,77.6446,-0.858239,7.82184,30.6788,2.06605,1930.72,0,0,743.002,456.4,35.5111,2,33.4263,35.8765,33.8765,30.6788,0,0,0,56.9678,26.1814,2,-2.45018
1143.8,15361.7,77.6578,-0.86213,7.80328,31.7985,2.13935,1930.93,0,0,761.317,461.851,36.821,2,34.6821,37.0651,35.0651,31.7985,0,0,0,56.9672,26.1812,2,-2.38305
1143.9,15363.8,77.6736,-0.86601,7.78464,32.4731,2.17787,1931.15,0,0,766.949,467.209,37.5238,2,35.3443,37.7814,35.7814,32.4731,0,0,0,56.9665,26.1811,2,-2.43707
1144,15366,77.6903,-0.86988,7.76591,32.2407,2.16472,1931.37,0,0,765.062,465.366,37.2837,2,35.1182,37.5352,35.5352,32.2407,0,0,0,56.9659,26.181,2,-2.41698
1144.1,15368.1,77.7052,-0.873738,7.7471,30.7939,2.07277,1931.57,0,0,744.968,456.72,35.6301,2,33.5412,36.0001,34.0001,30.7939,0,0,0,56.9653,26.1809,2,-2.4589
1144.2,15370.3,77.715,-0.877585,7.72819,28.7413,1.93676,1931.77,0,0,711.451,445.612,33.1994,2,31.215,33.822,31.822,28.7413,0,0,0,56.9646,26.1808,2,-2.60696
1144.3,15372.4,77.7201,-0.88142,7.70921,26.3147,1.79338,1931.95,0,0,700,416.86,30.5574,2,28.756,31.2469,29.2469,26.3147,0,0,0,56.964,26.1806,2,-2.49081
1144.4,15374.6,77.7184,-0.885242,7.69014,24.2763,1.67618,1932.11,0,0,700,386.963,28.3658,2,26.7318,29.0915,27.0915,24.2763,0,0,0,56.9634,26.1805,2,-2.35972
1144.5,15376.8,77.7139,-0.889052,7.67099,23.3139,1.61639,1932.28,0,0,700,371.711,27.2478,2,25.695,28.0765,26.0765,23.3139,0,0,0,56.9627,26.1804,2,-2.38151
1144.6,15378.9,77.7078,-0.892848,7.65175,22.8291,1.58629,1932.43,0,0,700,364.033,26.685,2,25.172,27.565,25.565,22.8291,0,0,0,56.9621,26.1803,2,-2.39304
1144.7,15381.1,77.7012,-0.896631,7.63244,22.5807,1.5709,1932.59,0,0,700,360.107,26.3972,2,24.9042,27.3029,25.3029,22.5807,0,0,0,56.9615,26.1802,2,-2.3987
1144.8,15383.2,77.6941,-0.9004,7.61305,22.5177,1.56703,1932.75,0,0,700,359.12,26.3249,2,24.8369,27.2363,25.2363,22.5177,0,0,0,56.9609,26.18,2,-2.39938
1144.9,15385.4,77.6875,-0.904155,7.59358,21.9783,1.54628,1932.9,0,0,700,353.827,25.9368,2,24.4756,26.6672,24.6672,21.9783,0,0,0,56.9603,26.1799,2,-2.19164
1145,15387.6,77.6781,-0.907897,7.57403,20.5439,1.54628,1933.06,0,0,700,353.827,25.9368,2,24.4756,25.1543,23.1543,20.5439,0,0,0,56.9601,26.1798,2,-0.678703
1145.1,15389.7,77.6648,-0.911624,7.5544,19.287,1.54628,1933.21,0,0,700,353.827,25.9368,2,24.4756,23.8284,21.8284,19.287,0,0,0,56.9603,26.1797,2,0.647207
1145.2,15391.9,77.6497,-0.915336,7.53469,18.4858,1.54628,1933.37,0,0,700,353.827,25.9368,2,24.4756,22.9831,20.9831,18.4858,0,0,0,56.9607,26.1796,2,1.49251
1145.3,15394,77.6328,-0.919033,7.51491,18.1153,1.54628,1933.52,0,0,700,353.827,25.9368,2,24.4756,22.5919,20.5919,18.1153,0,0,0,56.9611,26.1794,2,1.88367
1145.4,15396.2,77.6162,-0.922715,7.49506,18.4255,1.54628,1933.68,0,0,700,353.827,25.9368,2,24.4756,22.9186,20.9186,18.4255,0,0,0,56.9615,26.1793,2,1.55699
1145.5,15398.3,77.6011,-0.926381,7.47512,19.3767,1.54628,1933.83,0,0,700,353.827,25.9368,2,24.4756,23.9213,21.9213,19.3767,0,0,0,56.9616,26.1792,2,0.554261
1145.6,15400.5,77.5894,-0.930032,7.45512,20.4946,1.54628,1933.99,0,0,700,353.827,25.9368,2,24.4756,25.1,23.1,20.4946,0,0,0,56.9615,26.1791,2,-0.624381
1145.7,15402.6,77.5801,-0.933668,7.43503,21.1681,1.54628,1934.14,0,0,700,353.827,25.9368,2,24.4756,25.8101,23.8101,21.1681,0,0,0,56.9611,26.179,2,-1.33448
1145.8,15404.8,77.572,-0.937288,7.41488,21.8663,1.54628,1934.29,0,0,700,353.827,25.9368,2,24.4756,26.5462,24.5462,21.8663,0,0,0,56.9606,26.1788,2,-2.07062
1145.9,15407,77.5664,-0.940893,7.39464,22.8846,1.58974,1934.45,0,0,700,364.913,26.7495,2,25.2319,27.6199,25.6199,22.8846,0,0,0,56.96,26.1787,2,-2.38799
1146,15409.1,77.5635,-0.944482,7.37433,24.0513,1.66235,1934.62,0,0,700,383.434,28.1071,2,26.4921,28.8503,26.8503,24.0513,0,0,0,56.9594,26.1786,2,-2.35811
1146.1,15411.3,77.5638,-0.948056,7.35394,25.3691,1.74269,1934.79,0,0,700,403.928,29.6094,2,27.8818,30.2401,28.2401,25.3691,0,0,0,56.9588,26.1785,2,-2.35827
1146.2,15413.4,77.5675,-0.951613,7.33348,27.5612,1.86686,1934.98,0,0,700,435.602,31.9313,2,30.0195,32.5662,30.5662,27.5612,0,0,0,56.9581,26.1784,2,-2.54672
1146.3,15415.6,77.5787,-0.955155,7.31293,29.9824,2.013,1935.18,0,0,728.344,453.223,34.5682,2,32.519,35.136,33.136,29.9824,0,0,0,56.9574,26.1782,2,-2.61698
1146.4,15417.7,77.5945,-0.958682,7.29231,31.0914,2.09263,1935.39,0,0,750.008,458.168,35.9848,2,33.8814,36.3133,34.3133,31.0914,0,0,0,56.9568,26.1781,2,-2.43189
1146.5,15419.9,77.6112,-0.962193,7.27161,30.9166,2.081,1935.6,0,0,747.173,457.245,35.7766,2,33.6821,36.1281,34.1281,30.9166,0,0,0,56.9562,26.178,2,-2.44609
1146.6,15422,77.6263,-0.965688,7.25082,29.8576,2.02046,1935.8,0,0,729.892,453.98,34.6996,2,32.6439,35.0047,33.0047,29.8576,0,0,0,56.9556,26.1779,2,-2.36071
1146.7,15424.2,77.638,-0.969167,7.22996,28.0513,1.89305,1935.99,0,0,700.399,442.013,32.4197,2,30.4688,33.088,31.088,28.0513,0,0,0,56.9549,26.1778,2,-2.61917
1146.8,15426.4,77.6445,-0.97263,7.20902,26.1145,1.782,1936.17,0,0,700,413.956,30.3446,2,28.5599,31.0327,29.0327,26.1145,0,0,0,56.9542,26.1776,2,-2.47275
1146.9,15428.5,77.647,-0.976076,7.18801,25.3108,1.74019,1936.34,0,0,700,403.291,29.5628,2,27.8387,30.1807,28.1807,25.3108,0,0,0,56.9536,26.1775,2,-2.34204
1147,15430.7,77.6497,-0.979505,7.16692,25.7171,1.76139,1936.52,0,0,700,408.698,29.9591,2,28.2045,30.6111,28.6111,25.7171,0,0,0,56.953,26.1774,2,-2.40659
1147.1,15432.8,77.6545,-0.982917,7.14575,26.2794,1.79223,1936.7,0,0,700,416.565,30.5358,2,28.7361,31.208,29.208,26.2794,0,0,0,56.9524,26.1773,2,-2.47183
1147.2,15435,77.6602,-0.986312,7.12451,26.6778,1.81722,1936.88,0,0,700,422.941,31.0032,2,29.1665,31.6308,29.6308,26.6778,0,0,0,56.9517,26.1772,2,-2.46435
1147.3,15437.1,77.6671,-0.98969,7.1032,26.8268,1.82662,1937.06,0,0,700,425.339,31.1789,2,29.3282,31.7892,29.7892,26.8268,0,0,0,56.9511,26.177,2,-2.46101
1147.4,15439.3,77.6737,-0.99305,7.08181,26.328,1.79548,1937.24,0,0,700,417.395,30.5966,2,28.7922,31.26,29.26,26.328,0,0,0,56.9505,26.1769,2,-2.46779
1147.5,15441.5,77.6783,-0.996392,7.06035,25.0603,1.7262,1937.41,0,0,700,399.722,29.3011,2,27.597,29.9174,27.9174,25.0603,0,0,0,56.9499,26.1768,2,-2.32035
1147.6,15443.6,77.679,-0.999717,7.03881,23.5355,1.63144,1937.58,0,0,700,375.549,27.5292,2,25.9562,28.3092,26.3092,23.5355,0,0,0,56.9493,26.1767,2,-2.35307
1147.7,15445.8,77.6764,-1.00302,7.0172,22.1867,1.54928,1937.73,0,0,700,354.592,25.993,2,24.5279,26.8867,24.8867,22.1867,0,0,0,56.9486,26.1766,2,-2.35883
1147.8,15447.9,77.6708,-1.00631,6.99553,20.8786,1.54628,1937.89,0,0,700,353.827,25.9368,2,24.4756,25.5071,23.5071,20.8786,0,0,0,56.9484,26.1764,2,-1.03151
1147.9,15450.1,77.6621,-1.00958,6.97378,19.2467,1.54628,1938.04,0,0,700,353.827,25.9368,2,24.4756,23.7859,21.7859,19.2467,0,0,0,56.9485,26.1763,2,0.689715
1148,15452.2,77.6488,-1.01283,6.95197,17.4589,1.54628,1938.2,0,0,700,353.827,25.9368,2,24.4756,21.9001,19.9001,17.4589,0,0,0,56.9492,26.1762,2,2.57554
1148.1,15454.4,77.6317,-1.01606,6.93009,16.3807,1.54628,1938.35,0,0,700,353.827,25.9368,2,24.4756,20.767,18.767,16.3807,0,0,0,56.9501,26.1761,2,3.7086
1148.2,15456.6,77.6134,-1.01927,6.90815,15.3911,1.54628,1938.51,0,0,700,353.827,25.9368,2,24.4756,19.7305,17.7305,15.3911,0,0,0,56.9512,26.176,2,4.74507
1148.3,15458.7,77.5918,-1.02246,6.88614,13.7655,1.54628,1938.66,0,0,700,353.827,25.9368,2,24.4756,18.0281,16.0281,13.7655,0,0,0,56.9528,26.1759,2,6.44751
1148.4,15460.9,77.5659,-1.02563,6.86407,12.1927,1.54628,1938.82,0,0,700,353.827,25.9368,2,24.4756,16.3809,14.3809,12.1927,0,0,0,56.9548,26.1758,2,8.09474
1148.5,15463,77.537,-1.02878,6.84195,11.4471,1.54628,1938.97,0,0,700,353.827,25.9368,2,24.4756,15.5995,13.5995,11.4471,0,0,0,56.9569,26.1757,2,8.87604
1148.6,15465.2,77.5078,-1.03191,6.81976,10.7484,1.54628,1939.12,0,0,700,353.827,25.9368,2,24.4756,14.8673,12.8673,10.7484,0,0,0,56.9593,26.1756,2,9.60832
1148.7,15467.3,77.4758,-1.03502,6.79751,9.57992,1.54628,1939.28,0,0,700,353.827,25.9368,2,24.4756,13.6431,11.6431,9.57992,0,0,0,56.9619,26.1755,2,10.8325
1148.8,15469.5,77.4412,-1.03811,6.77521,9.03501,1.54628,1939.43,0,0,700,353.827,25.9368,2,24.4756,13.0717,11.0717,9.03501,0,0,0,56.9647,26.1754,2,11.4039
1148.9,15471.6,77.4069,-1.04118,6.75285,9.53691,1.54628,1939.59,0,0,700,353.827,25.9368,2,24.4756,13.5961,11.5961,9.53691,0,0,0,56.9673,26.1753,2,10.8795
1149,15473.8,77.3751,-1.04423,6.73043,9.97395,1.54628,1939.74,0,0,700,353.827,25.9368,2,24.4756,14.0528,12.0528,9.97395,0,0,0,56.9698,26.1753,2,10.4228
1149.1,15475.9,77.3433,-1.04725,6.70796,10.2643,1.54628,1939.9,0,0,700,353.827,25.9368,2,24.4756,14.3558,12.3558,10.2643,0,0,0,56.9723,26.1752,2,10.1198
1149.2,15478.1,77.3132,-1.05026,6.68544,11.1626,1.54628,1940.05,0,0,700,353.827,25.9368,2,24.4756,15.2955,13.2955,11.1626,0,0,0,56.9745,26.1751,2,9.18012
1149.3,15480.2,77.2861,-1.05324,6.66285,12.2595,1.54628,1940.21,0,0,700,353.827,25.9368,2,24.4756,16.443,14.443,12.2595,0,0,0,56.9765,26.175,2,8.03257
1149.4,15482.4,77.2617,-1.0562,6.64021,12.9459,1.54628,1940.36,0,0,700,353.827,25.9368,2,24.4756,17.1609,15.1609,12.9459,0,0,0,56.9783,26.1749,2,7.31471
1149.5,15484.5,77.2382,-1.05914,6.61752,13.3536,1.54628,1940.52,0,0,700,353.827,25.9368,2,24.4756,17.5871,15.5871,13.3536,0,0,0,56.9799,26.1748,2,6.88849
1149.6,15486.7,77.2161,-1.06206,6.59477,13.7194,1.54628,1940.67,0,0,700,353.827,25.9368,2,24.4756,17.9694,15.9694,13.7194,0,0,0,56.9815,26.1747,2,6.50623
1149.7,15488.8,77.1947,-1.06496,6.57196,14.0144,1.54628,1940.83,0,0,700,353.827,25.9368,2,24.4756,18.2777,16.2777,14.0144,0,0,0,56.983,26.1746,2,6.19792
1149.8,15491,77.1744,-1.06784,6.54909,14.16,1.54628,1940.98,0,0,700,353.827,25.9368,2,24.4756,18.4295,16.4295,14.16,0,0,0,56.9845,26.1745,2,6.04607
1149.9,15493.1,77.1539,-1.07069,6.52617,14.4486,1.54628,1941.13,0,0,700,353.827,25.9368,2,24.4756,18.731,16.731,14.4486,0,0,0,56.9859,26.1744,2,5.74455
1150,15495.2,77.1352,-1.07353,6.5032,15.4763,1.54628,1941.29,0,0,700,353.827,25.9368,2,24.4756,19.8065,17.8065,15.4763,0,0,0,56.987,26.1742,2,4.66914
1150.1,15497.4,77.1201,-1.07634,6.48017,16.6737,1.54628,1941.44,0,0,700,353.827,25.9368,2,24.4756,21.0596,19.0596,16.6737,0,0,0,56.9879,26.1741,2,3.41598
1150.2,15499.5,77.1076,-1.07913,6.45708,17.8938,1.54628,1941.6,0,0,700,353.827,25.9368,2,24.4756,22.3447,20.3447,17.8938,0,0,0,56.9884,26.174,2,2.13085
1150.3,15501.7,77.0987,-1.0819,6.43394,19.3937,1.54628,1941.75,0,0,700,353.827,25.9368,2,24.4756,23.9263,21.9263,19.3937,0,0,0,56.9885,26.1739,2,0.549277
1150.4,15503.8,77.0937,-1.08465,6.41074,20.5894,1.54628,1941.91,0,0,700,353.827,25.9368,2,24.4756,25.1873,23.1873,20.5894,0,0,0,56.9883,26.1738,2,-0.711695
1150.5,15505.9,77.0908,-1.08738,6.38749,21.21,1.54628,1942.06,0,0,700,353.827,25.9368,2,24.4756,25.8417,23.8417,21.21,0,0,0,56.988,26.1736,2,-1.36615
1150.6,15508.1,77.0891,-1.09008,6.36417,21.293,1.54628,1942.22,0,0,700,353.827,25.9368,2,24.4756,25.9292,23.9292,21.293,0,0,0,56.9876,26.1735,2,-1.45359
1150.7,15510.2,77.0868,-1.09277,6.3408,20.8231,1.54628,1942.37,0,0,700,353.827,25.9368,2,24.4756,25.4335,23.4335,20.8231,0,0,0,56.9873,26.1734,2,-0.957931
1150.8,15512.4,77.083,-1.09543,6.31737,20.0218,1.54628,1942.53,0,0,700,353.827,25.9368,2,24.4756,24.5884,22.5884,20.0218,0,0,0,56.9873,26.1733,2,-0.11282
1150.9,15514.5,77.077,-1.09807,6.29389,19.2313,1.54628,1942.68,0,0,700,353.827,25.9368,2,24.4756,23.7545,21.7545,19.2313,0,0,0,56.9875,26.1732,2,0.721119
1151,15516.7,77.0695,-1.10069,6.27036,18.7323,1.54628,1942.84,0,0,700,353.827,25.9368,2,24.4756,23.228,21.228,18.7323,0,0,0,56.9878,26.173,2,1.24755
1151.1,15518.8,77.0613,-1.10329,6.24677,18.4743,1.54628,1942.99,0,0,700,353.827,25.9368,2,24.4756,22.9558,20.9558,18.4743,0,0,0,56.9882,26.1729,2,1.5198
1151.2,15520.9,77.0527,-1.10586,6.22312,18.2607,1.54628,1943.14,0,0,700,353.827,25.9368,2,24.4756,22.7302,20.7302,18.2607,0,0,0,56.9886,26.1728,2,1.74537
1151.3,15523.1,77.0436,-1.10842,6.19943,18.0913,1.54628,1943.3,0,0,700,353.827,25.9368,2,24.4756,22.5514,20.5514,18.0913,0,0,0,56.9891,26.1727,2,1.9242
1151.4,15525.2,77.0344,-1.11095,6.17568,17.911,1.54628,1943.45,0,0,700,353.827,25.9368,2,24.4756,22.3609,20.3609,17.911,0,0,0,56.9896,26.1726,2,2.11464
1151.5,15527.4,77.0247,-1.11346,6.15188,17.1068,1.54628,1943.61,0,0,700,353.827,25.9368,2,24.4756,21.5126,19.5126,17.1068,0,0,0,56.9903,26.1724,2,2.96302
1151.6,15529.5,77.0118,-1.11594,6.12803,16.2599,1.54628,1943.76,0,0,700,353.827,25.9368,2,24.4756,20.6234,18.6234,16.2599,0,0,0,56.9912,26.1723,2,3.85219
1151.7,15531.6,76.9981,-1.11841,6.10414,15.9562,1.54628,1943.92,0,0,700,353.827,25.9368,2,24.4756,20.3051,18.3051,15.9562,0,0,0,56.9922,26.1722,2,4.17047
1151.8,15533.8,76.984,-1.12085,6.08019,15.7548,1.54628,1944.07,0,0,700,353.827,25.9368,2,24.4756,20.0939,18.0939,15.7548,0,0,0,56.9933,26.1721,2,4.38174
1151.9,15535.9,76.9695,-1.12327,6.0562,16.2018,1.54628,1944.23,0,0,700,353.827,25.9368,2,24.4756,20.5614,18.5614,16.2018,0,0,0,56.9943,26.172,2,3.91422
1152,15538,76.9578,-1.12566,6.03216,17.5753,1.54628,1944.38,0,0,700,353.827,25.9368,2,24.4756,22.0049,20.0049,17.5753,0,0,0,56.9949,26.1719,2,2.47068
1152.1,15540.2,76.9503,-1.12804,6.00807,18.8703,1.54628,1944.54,0,0,700,353.827,25.9368,2,24.4756,23.3706,21.3706,18.8703,0,0,0,56.9951,26.1717,2,1.10502
1152.2,15542.3,76.9451,-1.13039,5.98394,19.1143,1.54628,1944.69,0,0,700,353.827,25.9368,2,24.4756,23.6278,21.6278,19.1143,0,0,0,56.9953,26.1716,2,0.847833
1152.3,15544.5,76.939,-1.13272,5.95975,18.1974,1.54628,1944.85,0,0,700,353.827,25.9368,2,24.4756,22.6606,20.6606,18.1974,0,0,0,56.9958,26.1715,2,1.81503
1152.4,15546.6,76.9295,-1.13502,5.93552,16.1571,1.54628,1945,0,0,700,353.827,25.9368,2,24.4756,20.5136,18.5136,16.1571,0,0,0,56.9967,26.1714,2,3.96204
1152.5,15548.7,76.9136,-1.13731,5.91124,13.2896,1.54628,1945.16,0,0,700,353.827,25.9368,2,24.4756,17.5111,15.5111,13.2896,0,0,0,56.9984,26.1713,2,6.96451
1152.6,15550.9,76.8902,-1.13957,5.88693,10.4936,1.54628,1945.31,0,0,700,353.827,25.9368,2,24.4756,14.5832,12.5832,10.4936,0,0,0,57.0008,26.1712,2,9.89244
1152.7,15553,76.8608,-1.1418,5.86257,8.77984,1.54628,1945.46,0,0,700,353.827,25.9368,2,24.4756,12.7882,10.7882,8.77984,0,0,0,57.0037,26.1711,2,11.6874
1152.8,15555.1,76.8292,-1.14402,5.83817,8.31314,1.54628,1945.62,0,0,700,353.827,25.9368,2,24.4756,12.2994,10.2994,8.31314,0,0,0,57.0066,26.1711,2,12.1762
1152.9,15557.3,76.7978,-1.1462,5.81374,8.29218,1.54628,1945.77,0,0,700,353.827,25.9368,2,24.4756,12.2767,10.2767,8.29218,0,0,0,57.0096,26.171,2,12.1989
1153,15559.4,76.7664,-1.14837,5.78927,8.42704,1.54628,1945.93,0,0,700,353.827,25.9368,2,24.4756,12.4162,10.4162,8.42704,0,0,0,57.0125,26.1709,2,12.0594
1153.1,15561.5,76.736,-1.15051,5.76476,8.9743,1.54628,1946.08,0,0,700,353.827,25.9368,2,24.4756,12.9883,10.9883,8.9743,0,0,0,57.0153,26.1708,2,11.4873
1153.2,15563.7,76.7075,-1.15263,5.74022,9.89712,1.54628,1946.24,0,0,700,353.827,25.9368,2,24.4756,13.9536,11.9536,9.89712,0,0,0,57.0179,26.1708,2,10.522
1153.3,15565.8,76.6818,-1.15473,5.71564,11.2263,1.54628,1946.39,0,0,700,353.827,25.9368,2,24.4756,15.3445,13.3445,11.2263,0,0,0,57.0201,26.1707,2,9.13112
1153.4,15567.9,76.6602,-1.1568,5.69103,12.3895,1.54628,1946.55,0,0,700,353.827,25.9368,2,24.4756,16.5617,14.5617,12.3895,0,0,0,57.022,26.1706,2,7.9139
1153.5,15570.1,76.6404,-1.15885,5.66637,13.252,1.54628,1946.7,0,0,700,353.827,25.9368,2,24.4756,17.4641,15.4641,13.252,0,0,0,57.0237,26.1705,2,7.01154
1153.6,15572.2,76.6232,-1.16087,5.64168,14.2606,1.54628,1946.86,0,0,700,353.827,25.9368,2,24.4756,18.5196,16.5196,14.2606,0,0,0,57.0252,26.1704,2,5.95598
1153.7,15574.3,76.6087,-1.16288,5.61696,15.2486,1.54628,1947.01,0,0,700,353.827,25.9368,2,24.4756,19.5535,17.5535,15.2486,0,0,0,57.0264,26.1702,2,4.92207
1153.8,15576.4,76.5965,-1.16486,5.59219,16.142,1.54628,1947.17,0,0,700,353.827,25.9368,2,24.4756,20.4885,18.4885,16.142,0,0,0,57.0273,26.1701,2,3.98709
1153.9,15578.6,76.5866,-1.16681,5.56739,17.5729,1.54628,1947.32,0,0,700,353.827,25.9368,2,24.4756,21.9928,19.9928,17.5729,0,0,0,57.028,26.17,2,2.48279
1154,15580.7,76.5817,-1.16874,5.54255,19.3807,1.54628,1947.47,0,0,700,353.827,25.9368,2,24.4756,23.8994,21.8994,19.3807,0,0,0,57.0281,26.1699,2,0.576169
1154.1,15582.8,76.5808,-1.17065,5.51766,20.8679,1.54628,1947.63,0,0,700,353.827,25.9368,2,24.4756,25.4678,23.4678,20.8679,0,0,0,57.0278,26.1698,2,-0.992245
1154.2,15585,76.5833,-1.17254,5.49274,22.2601,1.54628,1947.78,0,0,700,353.827,25.9368,2,24.4756,26.9363,24.9363,22.2601,0,0,0,57.0272,26.1697,2,-2.4607
1154.3,15587.1,76.5894,-1.17441,5.46778,23.8556,1.64213,1947.95,0,0,700,378.277,27.7291,2,26.1417,28.6192,26.6192,23.8556,0,0,0,57.0266,26.1695,2,-2.47749
1154.4,15589.2,76.5999,-1.17625,5.44277,25.6821,1.75241,1948.12,0,0,700,406.408,29.7913,2,28.0496,30.5496,28.5496,25.6821,0,0,0,57.0259,26.1694,2,-2.50003
1154.5,15591.3,76.6151,-1.17807,5.41772,27.561,1.86029,1948.31,0,0,700,433.926,31.8084,2,29.9067,32.5442,30.5442,27.561,0,0,0,57.0252,26.1693,2,-2.63748
1154.6,15593.5,76.635,-1.17986,5.39263,29.4497,1.97909,1948.51,0,0,721.112,449.691,33.9582,2,31.9386,34.5492,32.5492,29.4497,0,0,0,57.0246,26.1692,2,-2.61058
1154.7,15595.6,76.6594,-1.18164,5.36749,30.7545,2.06419,1948.71,0,0,742.456,456.311,35.4781,2,33.3945,35.9344,33.9344,30.7545,0,0,0,57.0239,26.1691,2,-2.53992
1154.8,15597.7,76.6857,-1.18339,5.3423,30.9363,2.07443,1948.92,0,0,745.454,456.799,35.6594,2,33.5696,36.128,34.128,30.9363,0,0,0,57.0232,26.1689,2,-2.55847
1154.9,15599.9,76.7111,-1.18512,5.31707,30.2545,2.03655,1949.12,0,0,734.339,454.989,34.9886,2,32.9219,35.405,33.405,30.2545,0,0,0,57.0226,26.1688,2,-2.48306
1155,15602,76.734,-1.18683,5.2918,29.1564,1.95723,1949.32,0,0,716.42,447.399,33.5654,2,31.5648,34.2401,32.2401,29.1564,0,0,0,57.0219,26.1687,2,-2.67525
1155.1,15604.1,76.754,-1.18851,5.26648,27.7483,1.87054,1949.51,0,0,700,436.541,32.0001,2,30.0827,32.7461,30.7461,27.7483,0,0,0,57.0212,26.1686,2,-2.66344
1155.2,15606.2,76.7699,-1.19017,5.24112,26.3172,1.7867,1949.69,0,0,700,415.154,30.4324,2,28.6409,31.2276,29.2276,26.3172,0,0,0,57.0206,26.1685,2,-2.58672
1155.3,15608.4,76.7829,-1.19181,5.21572,25.2305,1.7286,1949.86,0,0,700,400.333,29.3459,2,27.6384,30.0745,28.0745,25.2305,0,0,0,57.0199,26.1683,2,-2.43612
1155.4,15610.5,76.7936,-1.19343,5.19028,24.5588,1.68688,1950.03,0,0,700,389.691,28.5658,2,26.917,29.3659,27.3659,24.5588,0,0,0,57.0193,26.1682,2,-2.44897
1155.5,15612.6,76.8033,-1.19502,5.1648,24.3276,1.67258,1950.19,0,0,700,386.044,28.2985,2,26.6694,29.1224,27.1224,24.3276,0,0,0,57.0187,26.1681,2,-2.45299
1155.6,15614.8,76.8129,-1.19659,5.13929,23.8094,1.64043,1950.36,0,0,700,377.842,27.6973,2,26.1121,28.5761,26.5761,23.8094,0,0,0,57.018,26.168,2,-2.46394
1155.7,15616.9,76.8202,-1.19814,5.11374,22.9071,1.58439,1950.52,0,0,700,363.547,26.6494,2,25.1388,27.6246,25.6246,22.9071,0,0,0,57.0174,26.1679,2,-2.48576
1155.8,15619,76.8254,-1.19967,5.08815,21.8237,1.54628,1950.67,0,0,700,353.827,25.9368,2,24.4756,26.4821,24.4821,21.8237,0,0,0,57.0169,26.1678,2,-2.00652
1155.9,15621.2,76.8274,-1.20117,5.06254,20.8318,1.54628,1950.83,0,0,700,353.827,25.9368,2,24.4756,25.4361,23.4361,20.8318,0,0,0,57.0166,26.1676,2,-0.960492
1156,15623.3,76.8279,-1.20265,5.03689,20.2526,1.54628,1950.98,0,0,700,353.827,25.9368,2,24.4756,24.8252,22.8252,20.2526,0,0,0,57.0165,26.1675,2,-0.349614
1156.1,15625.5,76.8271,-1.2041,5.01121,20.0939,1.54628,1951.14,0,0,700,353.827,25.9368,2,24.4756,24.6578,22.6578,20.0939,0,0,0,57.0165,26.1674,2,-0.18219
1156.2,15627.6,76.8269,-1.20553,4.98549,20.4226,1.54628,1951.29,0,0,700,353.827,25.9368,2,24.4756,25.0045,23.0045,20.4226,0,0,0,57.0163,26.1673,2,-0.528875
1156.3,15629.7,76.8279,-1.20694,4.95975,20.7069,1.54628,1951.45,0,0,700,353.827,25.9368,2,24.4756,25.3044,23.3044,20.7069,0,0,0,57.0161,26.1671,2,-0.828807
1156.4,15631.9,76.8291,-1.20833,4.93398,20.5726,1.54628,1951.6,0,0,700,353.827,25.9368,2,24.4756,25.1627,23.1627,20.5726,0,0,0,57.0159,26.167,2,-0.687155
1156.5,15634,76.8295,-1.2097,4.90818,19.9431,1.54628,1951.75,0,0,700,353.827,25.9368,2,24.4756,24.4989,22.4989,19.9431,0,0,0,57.0159,26.1669,2,-0.0232726
1156.6,15636.1,76.8278,-1.21104,4.88235,19.413,1.54628,1951.91,0,0,700,353.827,25.9368,2,24.4756,23.9397,21.9397,19.413,0,0,0,57.0161,26.1668,2,0.535853
1156.7,15638.3,76.8257,-1.21236,4.85649,18.7802,1.54628,1952.06,0,0,700,353.827,25.9368,2,24.4756,23.2722,21.2722,18.7802,0,0,0,57.0164,26.1667,2,1.20335
1156.8,15640.4,76.8209,-1.21365,4.8306,18.1398,1.54628,1952.22,0,0,700,353.827,25.9368,2,24.4756,22.5967,20.5967,18.1398,0,0,0,57.0168,26.1665,2,1.87886
1156.9,15642.5,76.8158,-1.21492,4.80469,17.7274,1.54628,1952.37,0,0,700,353.827,25.9368,2,24.4756,22.1617,20.1617,17.7274,0,0,0,57.0174,26.1664,2,2.31391
1157,15644.7,76.8091,-1.21618,4.77876,17.374,1.54628,1952.53,0,0,700,353.827,25.9368,2,24.4756,21.7888,19.7888,17.374,0,0,0,57.018,26.1663,2,2.68678
1157.1,15646.8,76.8023,-1.2174,4.7528,17.0468,1.54628,1952.68,0,0,700,353.827,25.9368,2,24.4756,21.4435,19.4435,17.0468,0,0,0,57.0188,26.1662,2,3.03209
1157.2,15648.9,76.7942,-1.21861,4.72681,16.991,1.54628,1952.84,0,0,700,353.827,25.9368,2,24.4756,21.3845,19.3845,16.991,0,0,0,57.0195,26.1661,2,3.09109
1157.3,15651.1,76.7872,-1.21979,4.70081,17.7066,1.54628,1952.99,0,0,700,353.827,25.9368,2,24.4756,22.139,20.139,17.7066,0,0,0,57.0201,26.166,2,2.33658
1157.4,15653.2,76.7827,-1.22095,4.67478,18.8638,1.54628,1953.15,0,0,700,353.827,25.9368,2,24.4756,23.3594,21.3594,18.8638,0,0,0,57.0204,26.1658,2,1.11623
1157.5,15655.3,76.7816,-1.22209,4.64872,20.3068,1.54628,1953.3,0,0,700,353.827,25.9368,2,24.4756,24.8812,22.8812,20.3068,0,0,0,57.0203,26.1657,2,-0.405579
1157.6,15657.5,76.7842,-1.2232,4.62265,22.3867,1.55273,1953.46,0,0,700,355.471,26.0574,2,24.5879,27.0749,25.0749,22.3867,0,0,0,57.0196,26.1656,2,-2.48699
1157.7,15659.6,76.7933,-1.22429,4.59654,24.4081,1.67754,1953.62,0,0,700,387.308,28.3912,2,26.7553,29.207,27.207,24.4081,0,0,0,57.019,26.1655,2,-2.45175
1157.8,15661.7,76.806,-1.22536,4.57041,25.1425,1.72329,1953.8,0,0,700,398.979,29.2467,2,27.5467,29.9819,27.9819,25.1425,0,0,0,57.0184,26.1654,2,-2.4352
1157.9,15663.9,76.8187,-1.22641,4.54426,25.0227,1.71592,1953.97,0,0,700,397.099,29.1089,2,27.4193,29.8559,27.8559,25.0227,0,0,0,57.0177,26.1652,2,-2.43654
1158,15666,76.8308,-1.22743,4.51807,24.421,1.67858,1954.14,0,0,700,387.575,28.4107,2,26.7734,29.2216,27.2216,24.421,0,0,0,57.0171,26.1651,2,-2.44823
1158.1,15668.1,76.8406,-1.22844,4.49187,23.1932,1.60231,1954.3,0,0,700,368.118,26.9845,2,25.4503,27.9269,25.9269,23.1932,0,0,0,57.0164,26.165,2,-2.47663
1158.2,15670.3,76.8466,-1.22942,4.46563,22.0793,1.54628,1954.45,0,0,700,353.827,25.9368,2,24.4756,26.7523,24.7523,22.0793,0,0,0,57.0159,26.1649,2,-2.27669
1158.3,15672.4,76.851,-1.23038,4.43938,21.5383,1.54628,1954.61,0,0,700,353.827,25.9368,2,24.4756,26.1818,24.1818,21.5383,0,0,0,57.0154,26.1648,2,-1.70625
1158.4,15674.5,76.8544,-1.23132,4.4131,20.8805,1.54628,1954.76,0,0,700,353.827,25.9368,2,24.4756,25.4881,23.4881,20.8805,0,0,0,57.0152,26.1646,2,-1.01255
1158.5,15676.7,76.8556,-1.23223,4.38681,20.362,1.54628,1954.91,0,0,700,353.827,25.9368,2,24.4756,24.9413,22.9413,20.362,0,0,0,57.015,26.1645,2,-0.465759
1158.6,15678.8,76.8566,-1.23313,4.36049,20.3661,1.54628,1955.07,0,0,700,353.827,25.9368,2,24.4756,24.9457,22.9457,20.3661,0,0,0,57.0149,26.1644,2,-0.470126
1158.7,15680.9,76.8579,-1.234,4.33416,20.1242,1.54628,1955.22,0,0,700,353.827,25.9368,2,24.4756,24.6905,22.6905,20.1242,0,0,0,57.0149,26.1643,2,-0.214951
1158.8,15683.1,76.8577,-1.23485,4.3078,19.8138,1.54628,1955.38,0,0,700,353.827,25.9368,2,24.4756,24.3632,22.3632,19.8138,0,0,0,57.0149,26.1642,2,0.112413
1158.9,15685.2,76.8575,-1.23568,4.28143,20.4857,1.54628,1955.53,0,0,700,353.827,25.9368,2,24.4756,25.0719,23.0719,20.4857,0,0,0,57.0147,26.164,2,-0.596291
1159,15687.3,76.8606,-1.23649,4.25504,21.6893,1.54628,1955.69,0,0,700,353.827,25.9368,2,24.4756,26.3413,24.3413,21.6893,0,0,0,57.0143,26.1639,2,-1.86569
1159.1,15689.5,76.8664,-1.23727,4.22863,22.6721,1.57021,1955.84,0,0,700,359.932,26.3844,2,24.8923,27.378,25.378,22.6721,0,0,0,57.0136,26.1638,2,-2.48568
1159.2,15691.6,76.8744,-1.23804,4.2022,23.9421,1.64927,1956.01,0,0,700,380.097,27.8626,2,26.2654,28.7176,26.7176,23.9421,0,0,0,57.013,26.1637,2,-2.45217
1159.3,15693.7,76.8864,-1.23878,4.17576,25.2397,1.73006,1956.18,0,0,700,400.707,29.3733,2,27.6637,30.0868,28.0868,25.2397,0,0,0,57.0124,26.1636,2,-2.42306
1159.4,15695.9,76.9008,-1.2395,4.14929,25.7431,1.75709,1956.36,0,0,700,407.602,29.8788,2,28.1304,30.6213,28.6213,25.7431,0,0,0,57.0117,26.1635,2,-2.4909
1159.5,15698,76.9153,-1.2402,4.1228,25.4589,1.74234,1956.53,0,0,700,403.84,29.603,2,27.8759,30.3201,28.3201,25.4589,0,0,0,57.0111,26.1633,2,-2.44423
1159.6,15700.2,76.9282,-1.24088,4.09629,24.9324,1.71118,1956.7,0,0,700,395.89,29.0202,2,27.3374,29.7634,27.7634,24.9324,0,0,0,57.0104,26.1632,2,-2.426
1159.7,15702.3,76.9401,-1.24154,4.06977,24.3995,1.67812,1956.87,0,0,700,387.457,28.4021,2,26.7653,29.2017,27.2017,24.3995,0,0,0,57.0098,26.1631,2,-2.43631
1159.8,15704.4,76.9504,-1.24218,4.04323,23.9121,1.64788,1957.04,0,0,700,379.745,27.8367,2,26.2415,28.6879,26.6879,23.9121,0,0,0,57.0092,26.163,2,-2.4464
1159.9,15706.6,76.9599,-1.24279,4.01667,23.8167,1.64203,1957.2,0,0,700,378.252,27.7273,2,26.14,28.5876,26.5876,23.8167,0,0,0,57.0086,26.1629,2,-2.44758
1160,15708.7,76.9698,-1.24339,3.99009,24.1195,1.66094,1957.37,0,0,700,383.073,28.0808,2,26.4677,28.9071,26.9071,24.1195,0,0,0,57.0079,26.1627,2,-2.4394
1160.1,15710.8,76.9807,-1.24397,3.9635,24.3392,1.67468,1957.53,0,0,700,386.578,28.3377,2,26.7057,29.1391,27.1391,24.3392,0,0,0,57.0073,26.1626,2,-2.43334
1160.2,15713,76.9917,-1.24452,3.93689,23.9206,1.64873,1957.7,0,0,700,379.959,27.8525,2,26.2561,28.6979,26.6979,23.9206,0,0,0,57.0067,26.1625,2,-2.44188
1160.3,15715.1,77.0005,-1.24506,3.91027,23.3601,1.61395,1957.86,0,0,700,371.088,27.2021,2,25.6525,28.107,26.107,23.3601,0,0,0,57.006,26.1624,2,-2.45451
1160.4,15717.3,77.0087,-1.24557,3.88363,22.8051,1.57951,1958.02,0,0,700,362.302,26.5581,2,25.0539,27.5219,25.5219,22.8051,0,0,0,57.0054,26.1623,2,-2.46794
1160.5,15719.4,77.0149,-1.24606,3.85698,22.0673,1.54628,1958.17,0,0,700,353.827,25.9368,2,24.4756,26.7439,24.7439,22.0673,0,0,0,57.0048,26.1622,2,-2.26834
1160.6,15721.5,77.0194,-1.24654,3.83031,21.4665,1.54628,1958.33,0,0,700,353.827,25.9368,2,24.4756,26.1104,24.1104,21.4665,0,0,0,57.0044,26.162,2,-1.6348
1160.7,15723.7,77.0227,-1.24699,3.80364,21.233,1.54628,1958.48,0,0,700,353.827,25.9368,2,24.4756,25.8643,23.8643,21.233,0,0,0,57.004,26.1619,2,-1.38867
1160.8,15725.8,77.0261,-1.24742,3.77696,20.9534,1.54628,1958.64,0,0,700,353.827,25.9368,2,24.4756,25.5694,23.5694,20.9534,0,0,0,57.0037,26.1618,2,-1.09385
1160.9,15728,77.028,-1.24784,3.75026,20.1576,1.54628,1958.79,0,0,700,353.827,25.9368,2,24.4756,24.7302,22.7302,20.1576,0,0,0,57.0037,26.1617,2,-0.254625
1161,15730.1,77.0275,-1.24823,3.72356,19.2492,1.54628,1958.95,0,0,700,353.827,25.9368,2,24.4756,23.7721,21.7721,19.2492,0,0,0,57.0038,26.1616,2,0.703516
1161.1,15732.2,77.025,-1.24861,3.69685,18.194,1.54628,1959.1,0,0,700,353.827,25.9368,2,24.4756,22.6592,20.6592,18.194,0,0,0,57.0043,26.1614,2,1.81643
1161.2,15734.4,77.0194,-1.24896,3.67013,17.2793,1.54628,1959.26,0,0,700,353.827,25.9368,2,24.4756,21.6943,19.6943,17.2793,0,0,0,57.005,26.1613,2,2.78127
1161.3,15736.5,77.0124,-1.2493,3.64341,16.7224,1.54628,1959.41,0,0,700,353.827,25.9368,2,24.4756,21.1076,19.1076,16.7224,0,0,0,57.0058,26.1612,2,3.36796
1161.4,15738.7,77.0041,-1.24961,3.61668,16.6655,1.54628,1959.56,0,0,700,353.827,25.9368,2,24.4756,21.0479,19.0479,16.6655,0,0,0,57.0066,26.1611,2,3.42772
1161.5,15740.8,76.9969,-1.24991,3.58995,16.8309,1.54628,1959.72,0,0,700,353.827,25.9368,2,24.4756,21.2209,19.2209,16.8309,0,0,0,57.0074,26.161,2,3.25471
1161.6,15742.9,76.9895,-1.25018,3.56321,16.9951,1.54628,1959.87,0,0,700,353.827,25.9368,2,24.4756,21.3939,19.3939,16.9951,0,0,0,57.0082,26.1609,2,3.08173
1161.7,15745.1,76.9832,-1.25044,3.53647,17.5793,1.54628,1960.03,0,0,700,353.827,25.9368,2,24.4756,22.0098,20.0098,17.5793,0,0,0,57.0088,26.1607,2,2.46584
1161.8,15747.2,76.9787,-1.25068,3.50973,18.1541,1.54628,1960.18,0,0,700,353.827,25.9368,2,24.4756,22.6159,20.6159,18.1541,0,0,0,57.0092,26.1606,2,1.85968
1161.9,15749.3,76.9752,-1.2509,3.48299,17.7703,1.54628,1960.34,0,0,700,353.827,25.9368,2,24.4756,22.211,20.211,17.7703,0,0,0,57.0098,26.1605,2,2.26456
1162,15751.5,76.9688,-1.2511,3.45624,17.0745,1.54628,1960.49,0,0,700,353.827,25.9368,2,24.4756,21.4771,19.4771,17.0745,0,0,0,57.0105,26.1604,2,2.99853
1162.1,15753.6,76.962,-1.25129,3.42949,17.0193,1.54628,1960.65,0,0,700,353.827,25.9368,2,24.4756,21.4186,19.4186,17.0193,0,0,0,57.0112,26.1603,2,3.05696
1162.2,15755.8,76.9554,-1.25145,3.40274,16.6009,1.54628,1960.8,0,0,700,353.827,25.9368,2,24.4756,20.9788,18.9788,16.6009,0,0,0,57.0121,26.1601,2,3.49676
1162.3,15757.9,76.9465,-1.2516,3.37599,16.0173,1.54628,1960.96,0,0,700,353.827,25.9368,2,24.4756,20.3676,18.3676,16.0173,0,0,0,57.0131,26.16,2,4.10796
1162.4,15760,76.9371,-1.25173,3.34924,16.3138,1.54628,1961.11,0,0,700,353.827,25.9368,2,24.4756,20.6777,18.6777,16.3138,0,0,0,57.014,26.1599,2,3.79786
1162.5,15762.2,76.9297,-1.25184,3.32248,17.2602,1.54628,1961.27,0,0,700,353.827,25.9368,2,24.4756,21.6718,19.6718,17.2602,0,0,0,57.0147,26.1598,2,2.80375
1162.6,15764.3,76.925,-1.25193,3.29573,17.9808,1.54628,1961.42,0,0,700,353.827,25.9368,2,24.4756,22.4317,20.4317,17.9808,0,0,0,57.0152,26.1597,2,2.04388
1162.7,15766.4,76.9212,-1.25201,3.26898,18.7248,1.54628,1961.57,0,0,700,353.827,25.9368,2,24.4756,23.2163,21.2163,18.7248,0,0,0,57.0155,26.1596,2,1.25927
1162.8,15768.6,76.9202,-1.25206,3.24223,19.4711,1.54628,1961.73,0,0,700,353.827,25.9368,2,24.4756,24.0034,22.0034,19.4711,0,0,0,57.0156,26.1594,2,0.47218
1162.9,15770.7,76.92,-1.2521,3.21548,20.3819,1.54628,1961.88,0,0,700,353.827,25.9368,2,24.4756,24.9639,22.9639,20.3819,0,0,0,57.0155,26.1593,2,-0.488335
1163,15772.9,76.9235,-1.25213,3.18872,21.3292,1.54628,1962.04,0,0,700,353.827,25.9368,2,24.4756,25.9631,23.9631,21.3292,0,0,0,57.0151,26.1592,2,-1.48752
1163.1,15775,76.9279,-1.25213,3.16197,21.8021,1.54628,1962.19,0,0,700,353.827,25.9368,2,24.4756,26.462,24.462,21.8021,0,0,0,57.0146,26.1591,2,-1.98643
1163.2,15777.1,76.9337,-1.25212,3.13521,22.3033,1.54906,1962.35,0,0,700,354.535,25.9887,2,24.5239,26.9907,24.9907,22.3033,0,0,0,57.0139,26.159,2,-2.46678
1163.3,15779.3,76.9406,-1.25209,3.10845,23.529,1.62364,1962.51,0,0,700,373.561,27.3834,2,25.8209,28.2836,26.2836,23.529,0,0,0,57.0133,26.1589,2,-2.4627
1163.4,15781.4,76.9523,-1.25205,3.08169,25.0399,1.71768,1962.68,0,0,700,397.549,29.1418,2,27.4498,29.8774,27.8774,25.0399,0,0,0,57.0127,26.1587,2,-2.42758
1163.5,15783.5,76.9666,-1.25199,3.05492,25.7555,1.75779,1962.86,0,0,700,407.779,29.8918,2,28.1424,30.636,28.636,25.7555,0,0,0,57.012,26.1586,2,-2.4936
1163.6,15785.7,76.9818,-1.25191,3.02815,25.8518,1.76288,1963.03,0,0,700,409.079,29.987,2,28.2303,30.7386,28.7386,25.8518,0,0,0,57.0114,26.1585,2,-2.50832
1163.7,15787.8,76.9965,-1.25181,3.00138,25.2787,1.73281,1963.21,0,0,700,401.407,29.4247,2,27.7111,30.1307,28.1307,25.2787,0,0,0,57.0108,26.1584,2,-2.41956
1163.8,15790,77.0087,-1.2517,2.97461,24.1744,1.66419,1963.37,0,0,700,383.904,28.1416,2,26.5241,28.966,26.966,24.1744,0,0,0,57.0101,26.1583,2,-2.44187
1163.9,15792.1,77.0179,-1.25158,2.94783,22.5597,1.56386,1963.53,0,0,700,358.31,26.2655,2,24.7816,27.2633,25.2633,22.5597,0,0,0,57.0095,26.1581,2,-2.48165
1164,15794.2,77.0222,-1.25143,2.92106,21.2984,1.54628,1963.68,0,0,700,353.827,25.9368,2,24.4756,25.9332,23.9332,21.2984,0,0,0,57.0091,26.158,2,-1.45761
1164.1,15796.4,77.0252,-1.25128,2.89428,20.895,1.54628,1963.84,0,0,700,353.827,25.9368,2,24.4756,25.5079,23.5079,20.895,0,0,0,57.0088,26.1579,2,-1.03226
1164.2,15798.5,77.0275,-1.2511,2.86751,21.2081,1.54628,1963.99,0,0,700,353.827,25.9368,2,24.4756,25.8381,23.8381,21.2081,0,0,0,57.0085,26.1578,2,-1.36247
1164.3,15800.7,77.032,-1.25091,2.84074,22.0268,1.54628,1964.15,0,0,700,353.827,25.9368,2,24.4756,26.7017,24.7017,22.0268,0,0,0,57.0079,26.1577,2,-2.22609
1164.4,15802.8,77.0383,-1.25071,2.81398,22.9665,1.5894,1964.31,0,0,700,364.826,26.7431,2,25.226,27.6928,25.6928,22.9665,0,0,0,57.0073,26.1576,2,-2.46682
1164.5,15804.9,77.0474,-1.25049,2.78722,23.8097,1.64191,1964.47,0,0,700,378.221,27.725,2,26.1379,28.5823,26.5823,23.8097,0,0,0,57.0067,26.1574,2,-2.44446
1164.6,15807.1,77.0577,-1.25026,2.76045,24.8408,1.70611,1964.64,0,0,700,394.597,28.9254,2,27.2497,29.67,27.67,24.8408,0,0,0,57.006,26.1573,2,-2.42033
1164.7,15809.2,77.0718,-1.25001,2.73369,25.8771,1.76479,1964.82,0,0,700,409.566,30.0228,2,28.2632,30.7675,28.7675,25.8771,0,0,0,57.0054,26.1572,2,-2.50426
1164.8,15811.4,77.0871,-1.24974,2.70693,26.8374,1.82123,1965,0,0,700,423.964,31.0782,2,29.2355,31.787,29.787,26.8374,0,0,0,57.0047,26.1571,2,-2.5515
1164.9,15813.5,77.1058,-1.24947,2.68017,28.7893,1.93501,1965.19,0,0,711.011,445.469,33.1682,2,31.1852,33.859,31.859,28.7893,0,0,0,57.004,26.157,2,-2.67381
1165,15815.6,77.1306,-1.24917,2.65341,31.0521,2.08118,1965.4,0,0,747.217,457.259,35.7798,2,33.6852,36.261,34.261,31.0521,0,0,0,57.0034,26.1568,2,-2.57586
1165.1,15817.8,77.1602,-1.24887,2.62664,32.1185,2.15387,1965.62,0,0,763.5,463.84,37.0856,2,34.9316,37.3935,35.3935,32.1185,0,0,0,57.0027,26.1567,2,-2.46192
1165.2,15819.9,77.19,-1.24855,2.59987,32.7702,2.19106,1965.84,0,0,768.837,469.053,37.7646,2,35.5712,38.0857,36.0857,32.7702,0,0,0,57.0021,26.1566,2,-2.51456
1165.3,15822.1,77.2226,-1.24821,2.5731,33.1492,2.21671,1966.06,0,0,774.664,471.207,38.2256,2,36.0117,38.4887,36.4887,33.1492,0,0,0,57.0014,26.1565,2,-2.47695
1165.4,15824.2,77.2542,-1.24786,2.54632,32.0462,2.15005,1966.27,0,0,762.95,463.302,37.0159,2,34.8659,37.3188,35.3188,32.0462,0,0,0,57.0008,26.1564,2,-2.45287
1165.5,15826.4,77.2812,-1.2475,2.51954,29.9921,2.02488,1966.48,0,0,730.826,454.417,34.7774,2,32.7181,35.1395,33.1395,29.9921,0,0,0,57.0002,26.1563,2,-2.42143
1165.6,15828.5,77.3025,-1.24712,2.49276,28.321,1.90545,1966.67,0,0,703.545,443.037,32.6408,2,30.6804,33.3665,31.3665,28.321,0,0,0,56.9995,26.1561,2,-2.6861
1165.7,15830.7,77.3212,-1.24673,2.46598,27.0376,1.83466,1966.85,0,0,700,427.388,31.3292,2,29.4663,32.0048,30.0048,27.0376,0,0,0,56.9988,26.156,2,-2.5385
1165.8,15832.8,77.3361,-1.24633,2.43921,25.6594,1.75433,1967.03,0,0,700,406.897,29.8271,2,28.0827,30.5426,28.5426,25.6594,0,0,0,56.9982,26.1559,2,-2.45986
1165.9,15835,77.348,-1.24592,2.41244,24.3658,1.67784,1967.19,0,0,700,387.385,28.3968,2,26.7605,29.1765,27.1765,24.3658,0,0,0,56.9976,26.1558,2,-2.41603
1166,15837.1,77.3566,-1.24549,2.38567,23.7389,1.63893,1967.36,0,0,700,377.46,27.6693,2,26.0862,28.5156,26.5156,23.7389,0,0,0,56.9969,26.1557,2,-2.42946
1166.1,15839.3,77.3653,-1.24505,2.35891,23.4544,1.62131,1967.52,0,0,700,372.965,27.3398,2,25.7804,28.2157,26.2157,23.4544,0,0,0,56.9963,26.1556,2,-2.43537
1166.2,15841.4,77.3724,-1.2446,2.33216,22.4606,1.55958,1967.68,0,0,700,357.22,26.1856,2,24.7073,27.1678,25.1678,22.4606,0,0,0,56.9957,26.1554,2,-2.46058
1166.3,15843.5,77.3762,-1.24413,2.30541,21.308,1.54628,1967.83,0,0,700,353.827,25.9368,2,24.4756,25.9523,23.9523,21.308,0,0,0,56.9953,26.1553,2,-1.47675
1166.4,15845.7,77.3776,-1.24366,2.27868,20.4632,1.54628,1967.98,0,0,700,353.827,25.9368,2,24.4756,25.0615,23.0615,20.4632,0,0,0,56.9951,26.1552,2,-0.585875
1166.5,15847.8,77.3773,-1.24317,2.25195,19.8766,1.54628,1968.14,0,0,700,353.827,25.9368,2,24.4756,24.4428,22.4428,19.8766,0,0,0,56.9952,26.1551,2,0.0327981
1166.6,15850,77.3758,-1.24267,2.22524,20.3086,1.54628,1968.29,0,0,700,353.827,25.9368,2,24.4756,24.8984,22.8984,20.3086,0,0,0,56.995,26.155,2,-0.422797
1166.7,15852.1,77.3776,-1.24216,2.19853,21.4343,1.54628,1968.45,0,0,700,353.827,25.9368,2,24.4756,26.0856,24.0856,21.4343,0,0,0,56.9946,26.1548,2,-1.60998
1166.8,15854.3,77.3816,-1.24163,2.17184,22.8128,1.58167,1968.61,0,0,700,362.853,26.5985,2,25.0915,27.5395,25.5395,22.8128,0,0,0,56.994,26.1547,2,-2.44804
1166.9,15856.4,77.39,-1.2411,2.14516,24.7911,1.70476,1968.78,0,0,700,394.252,28.9002,2,27.2263,29.6261,27.6261,24.7911,0,0,0,56.9934,26.1546,2,-2.39974
1167,15858.6,77.4035,-1.24056,2.11848,26.6391,1.81044,1968.96,0,0,700,421.21,30.8763,2,29.0497,31.5839,29.5839,26.6391,0,0,0,56.9927,26.1545,2,-2.53421
1167.1,15860.7,77.4209,-1.24,2.09181,28.1989,1.8985,1969.15,0,0,701.783,442.464,32.5169,2,30.5618,33.2396,31.2396,28.1989,0,0,0,56.992,26.1544,2,-2.67785
1167.2,15862.9,77.4419,-1.23943,2.06514,30.1019,2.03167,1969.35,0,0,732.9,454.755,34.902,2,32.8384,35.2596,33.2596,30.1019,0,0,0,56.9914,26.1543,2,-2.42125
1167.3,15865,77.4684,-1.23886,2.03848,31.9076,2.14335,1969.57,0,0,761.984,462.358,36.8937,2,34.7508,37.1766,35.1766,31.9076,0,0,0,56.9908,26.1541,2,-2.42578
1167.4,15867.2,77.498,-1.23827,2.01183,33.2093,2.22249,1969.79,0,0,776.03,471.652,38.3292,2,36.111,38.5587,36.5587,33.2093,0,0,0,56.9901,26.154,2,-2.44771
1167.5,15869.4,77.5307,-1.23767,1.98517,34.474,2.30221,1970.02,0,0,796.774,476.428,39.7522,2,37.4798,39.905,37.905,34.474,0,0,0,56.9895,26.1539,2,-2.42523
1167.6,15871.5,77.5663,-1.23707,1.95852,35.1187,2.34042,1970.25,0,0,803.695,480.563,40.4455,2,38.1379,40.5935,38.5935,35.1187,0,0,0,56.9889,26.1538,2,-2.45553
1167.7,15873.7,77.6018,-1.23645,1.93186,35.7142,2.37737,1970.49,0,0,809.506,485.059,41.119,2,38.7749,41.2295,39.2295,35.7142,0,0,0,56.9882,26.1537,2,-2.45458
1167.8,15875.8,77.6401,-1.23582,1.90521,36.9099,2.45927,1970.74,0,0,829.174,490.471,42.588,2,40.1851,42.5059,40.5059,36.9099,0,0,0,56.9876,26.1536,2,-2.32089
1167.9,15878,77.6812,-1.23519,1.87856,38.1272,2.53383,1970.99,0,0,843.828,497.226,43.9377,2,41.4716,43.8054,41.8054,38.1272,0,0,0,56.987,26.1534,2,-2.33378
1168,15880.1,77.7251,-1.23454,1.8519,39.2002,2.60019,1971.25,0,0,859.156,501.615,45.1306,2,42.6164,44.951,42.951,39.2002,0,0,0,56.9864,26.1533,2,-2.3346
1168.1,15882.3,77.7712,-1.23389,1.82525,39.8975,2.64414,1971.51,0,0,866.088,506.448,45.933,2,43.3769,45.6957,43.6957,39.8975,0,0,0,56.9858,26.1532,2,-2.31886
1168.2,15884.5,77.8182,-1.23322,1.79859,39.8235,2.63957,1971.78,0,0,865.495,505.869,45.8491,2,43.2978,45.6178,43.6178,39.8235,0,0,0,56.9852,26.1531,2,-2.32002
1168.3,15886.6,77.8635,-1.23255,1.77193,39.2796,2.60543,1972.04,0,0,860.548,501.842,45.2242,2,42.7068,45.0384,43.0384,39.2796,0,0,0,56.9846,26.153,2,-2.33168
1168.4,15888.8,77.9076,-1.23187,1.74527,38.8918,2.58158,1972.3,0,0,854.206,500.809,44.7985,2,42.2957,44.6255,42.6255,38.8918,0,0,0,56.984,26.1528,2,-2.32984
1168.5,15890.9,77.9508,-1.23118,1.71862,38.7601,2.57357,1972.55,0,0,852.071,500.462,44.6556,2,42.1576,44.4859,42.4859,38.7601,0,0,0,56.9834,26.1527,2,-2.32826
1168.6,15893.1,77.9939,-1.23048,1.69196,38.5306,2.55955,1972.81,0,0,848.331,499.853,44.4054,2,41.916,44.2419,42.2419,38.5306,0,0,0,56.9828,26.1526,2,-2.32589
1168.7,15895.3,78.0357,-1.22978,1.6653,37.685,2.50737,1973.06,0,0,840.312,493.791,43.4523,2,41.014,43.3407,41.3407,37.685,0,0,0,56.9822,26.1525,2,-2.32671
1168.8,15897.4,78.0745,-1.22906,1.63864,36.4195,2.42953,1973.3,0,0,821.406,488.934,42.0569,2,39.6732,41.9914,39.9914,36.4195,0,0,0,56.9816,26.1524,2,-2.31825
1168.9,15899.6,78.1099,-1.22834,1.61199,34.8194,2.32399,1973.54,0,0,801.422,478.342,40.1447,2,37.8545,40.2851,38.2851,34.8194,0,0,0,56.981,26.1523,2,-2.43061
1169,15901.8,78.1407,-1.22761,1.58534,32.7838,2.19517,1973.76,0,0,769.553,469.543,37.8393,2,35.6418,38.1217,36.1217,32.7838,0,0,0,56.9804,26.1521,2,-2.47986
1169.1,15904,78.166,-1.22688,1.5587,31.2742,2.10333,1973.97,0,0,752.606,459.014,36.1762,2,34.0646,36.5202,34.5202,31.2742,0,0,0,56.9797,26.152,2,-2.4556
1169.2,15906.1,78.1893,-1.22614,1.53206,30.52,2.05687,1974.17,0,0,740.31,455.962,35.3485,2,33.2694,35.7205,33.7205,30.52,0,0,0,56.9791,26.1519,2,-2.45115
1169.3,15908.3,78.2109,-1.22539,1.50544,29.642,2.00193,1974.37,0,0,725.99,452.073,34.3691,2,32.3295,34.7893,32.7893,29.642,0,0,0,56.9785,26.1518,2,-2.4598
1169.4,15910.5,78.2298,-1.22463,1.47882,28.3104,1.90826,1974.56,0,0,704.256,443.269,32.6909,2,30.7283,33.3766,31.3766,28.3104,0,0,0,56.9778,26.1517,2,-2.64827
1169.5,15912.6,78.2448,-1.22387,1.45221,26.3471,1.79484,1974.74,0,0,700,417.231,30.5847,2,28.7812,31.2935,29.2935,26.3471,0,0,0,56.9771,26.1516,2,-2.51231
1169.6,15914.8,78.2541,-1.2231,1.42562,24.0061,1.6589,1974.91,0,0,700,382.553,28.0426,2,26.4323,28.8203,26.8203,24.0061,0,0,0,56.9765,26.1514,2,-2.38791
1169.7,15917,78.2576,-1.22233,1.39904,21.5582,1.54628,1975.06,0,0,700,353.827,25.9368,2,24.4756,26.2389,24.2389,21.5582,0,0,0,56.9761,26.1513,2,-1.76336
1169.8,15919.2,78.2551,-1.22155,1.37248,18.9806,1.54628,1975.22,0,0,700,353.827,25.9368,2,24.4756,23.5206,21.5206,18.9806,0,0,0,56.9763,26.1512,2,0.954996
1169.9,15921.3,78.2462,-1.22076,1.34594,16.7171,1.54628,1975.37,0,0,700,353.827,25.9368,2,24.4756,21.1362,19.1362,16.7171,0,0,0,56.9771,26.1511,2,3.3394
1170,15923.5,78.2326,-1.21997,1.31941,15.1194,1.54628,1975.53,0,0,700,353.827,25.9368,2,24.4756,19.4634,17.4634,15.1194,0,0,0,56.9783,26.151,2,5.01223
1170.1,15925.7,78.216,-1.21918,1.29291,13.9334,1.54628,1975.68,0,0,700,353.827,25.9368,2,24.4756,18.2213,16.2213,13.9334,0,0,0,56.9798,26.1509,2,6.25431
1170.2,15927.9,78.1968,-1.21838,1.26644,13.0858,1.54628,1975.84,0,0,700,353.827,25.9368,2,24.4756,17.3335,15.3335,13.0858,0,0,0,56.9816,26.1508,2,7.14209
1170.3,15930,78.1761,-1.21758,1.23998,12.493,1.54628,1975.99,0,0,700,353.827,25.9368,2,24.4756,16.7123,14.7123,12.493,0,0,0,56.9835,26.1507,2,7.7633
1170.4,15932.2,78.1541,-1.21677,1.21356,12.1665,1.54628,1976.14,0,0,700,353.827,25.9368,2,24.4756,16.3699,14.3699,12.1665,0,0,0,56.9854,26.1506,2,8.10565
1170.5,15934.4,78.1318,-1.21596,1.18715,12.1361,1.54628,1976.3,0,0,700,353.827,25.9368,2,24.4756,16.3374,14.3374,12.1361,0,0,0,56.9874,26.1505,2,8.13817
1170.6,15936.5,78.1097,-1.21515,1.16077,11.7548,1.54628,1976.45,0,0,700,353.827,25.9368,2,24.4756,15.9377,13.9377,11.7548,0,0,0,56.9895,26.1504,2,8.53792
1170.7,15938.7,78.0856,-1.21433,1.13442,11.1723,1.54628,1976.61,0,0,700,353.827,25.9368,2,24.4756,15.3272,13.3272,11.1723,0,0,0,56.9917,26.1503,2,9.14842
1170.8,15940.9,78.0607,-1.21351,1.1081,11.0923,1.54628,1976.76,0,0,700,353.827,25.9368,2,24.4756,15.2427,13.2427,11.0923,0,0,0,56.994,26.1502,2,9.23287
1170.9,15943.1,78.0363,-1.21269,1.0818,11.6296,1.54628,1976.92,0,0,700,353.827,25.9368,2,24.4756,15.8046,13.8046,11.6296,0,0,0,56.9961,26.1501,2,8.67101
1171,15945.2,78.014,-1.21186,1.05552,12.6121,1.54628,1977.07,0,0,700,353.827,25.9368,2,24.4756,16.8325,14.8325,12.6121,0,0,0,56.9979,26.15,2,7.64312
1171.1,15947.4,77.9944,-1.21103,1.02927,13.9732,1.54628,1977.23,0,0,700,353.827,25.9368,2,24.4756,18.2568,16.2568,13.9732,0,0,0,56.9994,26.1499,2,6.21883
1171.2,15949.6,77.9787,-1.2102,1.00305,15.2954,1.54628,1977.38,0,0,700,353.827,25.9368,2,24.4756,19.6404,17.6404,15.2954,0,0,0,57.0006,26.1498,2,4.83516
1171.3,15951.7,77.9655,-1.20937,0.976844,15.9518,1.54628,1977.54,0,0,700,353.827,25.9368,2,24.4756,20.3273,18.3273,15.9518,0,0,0,57.0016,26.1497,2,4.14829
1171.4,15953.9,77.953,-1.20853,0.950664,15.6808,1.54628,1977.69,0,0,700,353.827,25.9368,2,24.4756,20.0432,18.0432,15.6808,0,0,0,57.0027,26.1496,2,4.43242
1171.5,15956,77.9385,-1.2077,0.924506,14.4045,1.54628,1977.85,0,0,700,353.827,25.9368,2,24.4756,18.7067,16.7067,14.4045,0,0,0,57.0041,26.1495,2,5.76891
1171.6,15958.2,77.9198,-1.20686,0.898373,12.33,1.54628,1978,0,0,700,353.827,25.9368,2,24.4756,16.5345,14.5345,12.33,0,0,0,57.006,26.1494,2,7.94108
1171.7,15960.4,77.8952,-1.20602,0.872264,10.3848,1.54628,1978.15,0,0,700,353.827,25.9368,2,24.4756,14.4975,12.4975,10.3848,0,0,0,57.0085,26.1493,2,9.97808
1171.8,15962.5,77.8671,-1.20518,0.846183,9.4116,1.54628,1978.31,0,0,700,353.827,25.9368,2,24.4756,13.4779,11.4779,9.4116,0,0,0,57.0111,26.1492,2,10.9977
1171.9,15964.7,77.8379,-1.20434,0.820129,9.00547,1.54628,1978.46,0,0,700,353.827,25.9368,2,24.4756,13.0519,11.0519,9.00547,0,0,0,57.0139,26.1492,2,11.4237
1172,15966.9,77.8079,-1.2035,0.794103,9.39729,1.54628,1978.62,0,0,700,353.827,25.9368,2,24.4756,13.4612,11.4612,9.39729,0,0,0,57.0166,26.1491,2,11.0144
1172.1,15969,77.7807,-1.20265,0.768105,11.2509,1.54628,1978.77,0,0,700,353.827,25.9368,2,24.4756,15.4009,13.4009,11.2509,0,0,0,57.0188,26.149,2,9.07467
1172.2,15971.2,77.7597,-1.20181,0.742134,13.8386,1.54628,1978.93,0,0,700,353.827,25.9368,2,24.4756,18.1094,16.1094,13.8386,0,0,0,57.0203,26.1489,2,6.36621
1172.3,15973.3,77.745,-1.20097,0.716186,16.3575,1.54628,1979.08,0,0,700,353.827,25.9368,2,24.4756,20.7459,18.7459,16.3575,0,0,0,57.0212,26.1488,2,3.72974
1172.4,15975.5,77.7363,-1.20013,0.690261,18.9719,1.54628,1979.24,0,0,700,353.827,25.9368,2,24.4756,23.498,21.498,18.9719,0,0,0,57.0215,26.1487,2,0.977601
1172.5,15977.7,77.7343,-1.19929,0.664355,21.2894,1.54628,1979.39,0,0,700,353.827,25.9368,2,24.4756,25.9419,23.9419,21.2894,0,0,0,57.0211,26.1485,2,-1.46635
1172.6,15979.8,77.7368,-1.19845,0.638468,22.7344,1.57473,1979.55,0,0,700,361.082,26.4687,2,24.9708,27.4659,25.4659,22.7344,0,0,0,57.0205,26.1484,2,-2.49508
1172.7,15982,77.7418,-1.19761,0.612597,23.4224,1.61758,1979.71,0,0,700,372.014,27.2701,2,25.7156,28.1916,26.1916,23.4224,0,0,0,57.0198,26.1483,2,-2.47596
1172.8,15984.1,77.7475,-1.19677,0.586743,23.677,1.63349,1979.87,0,0,700,376.072,27.5675,2,25.9917,28.4603,26.4603,23.677,0,0,0,57.0192,26.1482,2,-2.46857
1172.9,15986.3,77.7537,-1.19593,0.560905,24.0454,1.65647,1980.04,0,0,700,381.933,27.9972,2,26.3902,28.849,26.849,24.0454,0,0,0,57.0185,26.1481,2,-2.45872
1173,15988.5,77.7611,-1.19509,0.535083,24.7891,1.70278,1980.21,0,0,700,393.748,28.8632,2,27.1922,29.6334,27.6334,24.7891,0,0,0,57.0179,26.148,2,-2.44122
1173.1,15990.6,77.7707,-1.19425,0.509276,25.5452,1.74731,1980.39,0,0,700,405.107,29.6959,2,27.9616,30.4315,28.4315,25.5452,0,0,0,57.0173,26.1478,2,-2.46988
1173.2,15992.8,77.7817,-1.19342,0.483484,26.5507,1.80307,1980.57,0,0,700,419.331,30.7386,2,28.9229,31.4987,29.4987,26.5507,0,0,0,57.0166,26.1477,2,-2.57583
1173.3,15994.9,77.7962,-1.19259,0.457705,27.6851,1.86885,1980.75,0,0,700,436.11,31.9686,2,30.0537,32.703,30.703,27.6851,0,0,0,57.0159,26.1476,2,-2.64926
1173.4,15997.1,77.8126,-1.19176,0.43194,28.1026,1.89069,1980.94,0,0,700,441.682,32.377,2,30.4285,33.1464,31.1464,28.1026,0,0,0,57.0152,26.1475,2,-2.7179
1173.5,15999.3,77.8289,-1.19093,0.406187,28.6274,1.92446,1981.13,0,0,708.351,444.602,32.9799,2,31.0049,33.7037,31.7037,28.6274,0,0,0,57.0145,26.1474,2,-2.69876
1173.6,16001.4,77.8477,-1.1901,0.380446,29.4932,1.98568,1981.33,0,0,722.522,450.379,34.0767,2,32.0513,34.6229,32.6229,29.4932,0,0,0,57.0139,26.1473,2,-2.5716
1173.7,16003.6,77.868,-1.18928,0.354716,29.7724,2.00719,1981.53,0,0,727.108,452.62,34.4636,2,32.4195,34.9198,32.9198,29.7724,0,0,0,57.0132,26.1471,2,-2.50027
1173.8,16005.8,77.888,-1.18845,0.328998,29.3645,1.97607,1981.73,0,0,720.467,449.375,33.9041,2,31.8871,34.4873,32.4873,29.3645,0,0,0,57.0125,26.147,2,-2.60022
1173.9,16007.9,77.9063,-1.18764,0.303291,28.7471,1.9326,1981.92,0,0,710.403,445.271,33.1252,2,31.144,33.8325,31.8325,28.7471,0,0,0,57.0118,26.1469,2,-2.68857
1174,16010.1,77.9231,-1.18682,0.277596,27.3395,1.85136,1982.11,0,0,700,431.649,31.6416,2,29.7534,32.3392,30.3392,27.3395,0,0,0,57.0112,26.1468,2,-2.58575
1174.1,16012.2,77.9344,-1.18601,0.251913,25.8478,1.76382,1982.29,0,0,700,409.319,30.0047,2,28.2465,30.7564,28.7564,25.8478,0,0,0,57.0105,26.1467,2,-2.50983
1174.2,16014.4,77.9439,-1.1852,0.226245,25.4319,1.74224,1982.46,0,0,700,403.813,29.601,2,27.874,30.316,28.316,25.4319,0,0,0,57.0099,26.1466,2,-2.44195
1174.3,16016.6,77.953,-1.18439,0.200592,25.6641,1.75437,1982.64,0,0,700,406.907,29.8279,2,28.0834,30.5618,28.5618,25.6641,0,0,0,57.0093,26.1464,2,-2.47839
1174.4,16018.7,77.9636,-1.18359,0.174952,26.3317,1.79041,1982.81,0,0,700,416.1,30.5017,2,28.7048,31.2706,29.2706,26.3317,0,0,0,57.0086,26.1463,2,-2.56584
1174.5,16020.9,77.9759,-1.1828,0.149326,27.4312,1.85647,1983,0,0,700,432.952,31.737,2,29.8411,32.4377,30.4377,27.4312,0,0,0,57.0079,26.1462,2,-2.59655
1174.6,16023.1,77.9916,-1.182,0.123713,28.4677,1.9151,1983.19,0,0,705.987,443.833,32.8129,2,30.8451,33.538,31.538,28.4677,0,0,0,57.0072,26.1461,2,-2.6929
1174.7,16025.2,78.0088,-1.18122,0.0981115,28.5796,1.92243,1983.38,0,0,707.839,444.436,32.9437,2,30.9703,33.6571,31.6571,28.5796,0,0,0,57.0065,26.146,2,-2.68686
1174.8,16027.4,78.0249,-1.18043,0.0725215,28.1257,1.89324,1983.57,0,0,700.446,442.028,32.423,2,30.4719,33.1758,31.1758,28.1257,0,0,0,57.0058,26.1459,2,-2.70383
1174.9,16029.6,78.0398,-1.17965,0.0469433,27.5828,1.86467,1983.76,0,0,700,435.044,31.8904,2,29.9819,32.6,30.6,27.5828,0,0,0,57.0052,26.1457,2,-2.61803
1175,16031.7,78.0532,-1.17888,0.0213772,26.9437,1.82922,1983.94,0,0,700,426.001,31.2275,2,29.3728,31.9221,29.9221,26.9437,0,0,0,57.0045,26.1456,2,-2.54922
1175.1,16033.9,78.0648,-1.17811,-0.00417617,26.2535,1.78612,1984.12,0,0,700,415.006,30.4215,2,28.6309,31.1899,29.1899,26.2535,0,0,0,57.0038,26.1455,2,-2.55908
1175.2,16036.1,78.0748,-1.17735,-0.0297165,25.4634,1.74458,1984.3,0,0,700,404.411,29.6448,2,27.9145,30.3525,28.3525,25.4634,0,0,0,57.0032,26.1454,2,-2.43806
1175.3,16038.3,78.0825,-1.17659,-0.0552433,25.4743,1.74521,1984.47,0,0,700,404.57,29.6565,2,27.9253,30.3642,28.3642,25.4743,0,0,0,57.0026,26.1453,2,-2.43894
1175.4,16040.4,78.0924,-1.17584,-0.0807566,26.4709,1.79995,1984.65,0,0,700,418.533,30.6801,2,28.8691,31.4213,29.4213,26.4709,0,0,0,57.0019,26.1452,2,-2.55221
1175.5,16042.6,78.1048,-1.1751,-0.106257,27.6885,1.87058,1984.84,0,0,700,436.551,32.0009,2,30.0834,32.7137,30.7137,27.6885,0,0,0,57.0012,26.1451,2,-2.63035
1175.6,16044.8,78.1205,-1.17436,-0.131747,28.6685,1.92895,1985.03,0,0,709.484,444.972,33.0601,2,31.0817,33.754,31.754,28.6685,0,0,0,57.0006,26.1449,2,-2.67238
1175.7,16046.9,78.1376,-1.17363,-0.157225,29.5325,1.99083,1985.23,0,0,723.623,450.917,34.1695,2,32.1396,34.6713,32.6713,29.5325,0,0,0,56.9999,26.1448,2,-2.53169
1175.8,16049.1,78.1573,-1.17291,-0.182694,30.3371,2.0449,1985.43,0,0,736.793,455.389,35.1363,2,33.0646,35.5256,33.5256,30.3371,0,0,0,56.9993,26.1447,2,-2.46101
1175.9,16051.3,78.1781,-1.17219,-0.208154,30.5353,2.05601,1985.64,0,0,740.056,455.92,35.3331,2,33.2546,35.7365,33.7365,30.5353,0,0,0,56.9986,26.1446,2,-2.48193
1176,16053.4,78.1986,-1.17148,-0.233605,30.1324,2.03369,1985.84,0,0,733.496,454.852,34.9379,2,32.873,35.3093,33.3093,30.1324,0,0,0,56.998,26.1445,2,-2.43633
1176.1,16055.6,78.2173,-1.17077,-0.259047,29.5258,1.99077,1986.04,0,0,723.609,450.91,34.1683,2,32.1384,34.6661,32.6661,29.5258,0,0,0,56.9973,26.1444,2,-2.52766
1176.2,16057.8,78.2348,-1.17008,-0.28448,28.942,1.94728,1986.24,0,0,714.094,446.473,33.3871,2,31.3947,34.0469,32.0469,28.942,0,0,0,56.9967,26.1442,2,-2.65227
1176.3,16060,78.2505,-1.16939,-0.309903,27.3624,1.85417,1986.42,0,0,700,432.365,31.694,2,29.8016,32.371,30.371,27.3624,0,0,0,56.996,26.1441,2,-2.56939
1176.4,16062.1,78.2602,-1.16871,-0.335315,24.8826,1.71156,1986.59,0,0,700,395.988,29.0274,2,27.344,29.7448,27.7448,24.8826,0,0,0,56.9954,26.144,2,-2.40079
1176.5,16064.3,78.2639,-1.16804,-0.360715,22.3384,1.55412,1986.75,0,0,700,355.827,26.0835,2,24.6122,27.0619,25.0619,22.3384,0,0,0,56.9947,26.1439,2,-2.44971
1176.6,16066.5,78.2613,-1.16737,-0.3861,19.661,1.54628,1986.9,0,0,700,353.827,25.9368,2,24.4756,24.2383,22.2383,19.661,0,0,0,56.9948,26.1438,2,0.237334
1176.7,16068.7,78.252,-1.16672,-0.41147,17.1144,1.54628,1987.06,0,0,700,353.827,25.9368,2,24.4756,21.5524,19.5524,17.1144,0,0,0,56.9955,26.1437,2,2.92319
1176.8,16070.8,78.2371,-1.16607,-0.436821,14.9012,1.54628,1987.21,0,0,700,353.827,25.9368,2,24.4756,19.235,17.235,14.9012,0,0,0,56.9968,26.1435,2,5.24059
1176.9,16073,78.2171,-1.16543,-0.462152,13.0049,1.54628,1987.37,0,0,700,353.827,25.9368,2,24.4756,17.2493,15.2493,13.0049,0,0,0,56.9985,26.1434,2,7.22624
1177,16075.2,78.1931,-1.1648,-0.487463,11.6277,1.54628,1987.52,0,0,700,353.827,25.9368,2,24.4756,15.807,13.807,11.6277,0,0,0,57.0006,26.1434,2,8.6686
1177.1,16077.3,78.1666,-1.16419,-0.512752,10.8584,1.54628,1987.68,0,0,700,353.827,25.9368,2,24.4756,15.0009,13.0009,10.8584,0,0,0,57.0029,26.1433,2,9.47473
1177.2,16079.5,78.1389,-1.16358,-0.538019,10.5011,1.54628,1987.83,0,0,700,353.827,25.9368,2,24.4756,14.626,12.626,10.5011,0,0,0,57.0053,26.1432,2,9.84956
1177.3,16081.7,78.1107,-1.16298,-0.563263,10.7615,1.54628,1987.99,0,0,700,353.827,25.9368,2,24.4756,14.8978,12.8978,10.7615,0,0,0,57.0077,26.1431,2,9.57779
1177.4,16083.9,78.0843,-1.16239,-0.588486,11.7898,1.54628,1988.14,0,0,700,353.827,25.9368,2,24.4756,15.9736,13.9736,11.7898,0,0,0,57.0097,26.143,2,8.50196
1177.5,16086,78.0612,-1.16181,-0.613688,13.662,1.54628,1988.29,0,0,700,353.827,25.9368,2,24.4756,17.9328,15.9328,13.662,0,0,0,57.0113,26.1429,2,6.54279
1177.6,16088.2,78.0439,-1.16124,-0.638872,16.0816,1.54628,1988.45,0,0,700,353.827,25.9368,2,24.4756,20.4653,18.4653,16.0816,0,0,0,57.0123,26.1428,2,4.01026
1177.7,16090.4,78.0325,-1.16068,-0.664038,18.0142,1.54628,1988.6,0,0,700,353.827,25.9368,2,24.4756,22.4957,20.4957,18.0142,0,0,0,57.0128,26.1427,2,1.97992
1177.8,16092.5,78.0246,-1.16013,-0.68919,19.3979,1.54628,1988.76,0,0,700,353.827,25.9368,2,24.4756,23.9547,21.9547,19.3979,0,0,0,57.0129,26.1426,2,0.52093
1177.9,16094.7,78.0199,-1.1596,-0.714327,20.3205,1.54628,1988.91,0,0,700,353.827,25.9368,2,24.4756,24.9275,22.9275,20.3205,0,0,0,57.0128,26.1424,2,-0.451908
1178,16096.9,78.0164,-1.15907,-0.739452,19.8971,1.54628,1989.07,0,0,700,353.827,25.9368,2,24.4756,24.4808,22.4808,19.8971,0,0,0,57.0128,26.1423,2,-0.00523354
1178.1,16099,78.0096,-1.15856,-0.764564,18.5861,1.54628,1989.22,0,0,700,353.827,25.9368,2,24.4756,23.0981,21.0981,18.5861,0,0,0,57.0131,26.1422,2,1.37744
1178.2,16101.2,77.9998,-1.15805,-0.789662,17.6469,1.54628,1989.38,0,0,700,353.827,25.9368,2,24.4756,22.1074,20.1074,17.6469,0,0,0,57.0137,26.1421,2,2.36818
1178.3,16103.4,77.9885,-1.15756,-0.814746,17.5715,1.54628,1989.53,0,0,700,353.827,25.9368,2,24.4756,22.0276,20.0276,17.5715,0,0,0,57.0143,26.142,2,2.44798
1178.4,16105.5,77.9784,-1.15708,-0.839816,18.1185,1.54628,1989.69,0,0,700,353.827,25.9368,2,24.4756,22.6042,20.6042,18.1185,0,0,0,57.0148,26.1419,2,1.8714
1178.5,16107.7,77.9697,-1.15661,-0.864872,18.7278,1.54628,1989.84,0,0,700,353.827,25.9368,2,24.4756,23.2466,21.2466,18.7278,0,0,0,57.0151,26.1417,2,1.229
1178.6,16109.9,77.9625,-1.15615,-0.889916,19.5652,1.54628,1990,0,0,700,353.827,25.9368,2,24.4756,24.1294,22.1294,19.5652,0,0,0,57.0151,26.1416,2,0.346171
1178.7,16112,77.9579,-1.1557,-0.914949,20.5392,1.54628,1990.15,0,0,700,353.827,25.9368,2,24.4756,25.1565,23.1565,20.5392,0,0,0,57.015,26.1415,2,-0.680934
1178.8,16114.2,77.9554,-1.15527,-0.93997,20.6645,1.54628,1990.3,0,0,700,353.827,25.9368,2,24.4756,25.2885,23.2885,20.6645,0,0,0,57.0147,26.1414,2,-0.812956
1178.9,16116.4,77.9513,-1.15485,-0.964982,19.9509,1.54628,1990.46,0,0,700,353.827,25.9368,2,24.4756,24.5359,22.5359,19.9509,0,0,0,57.0147,26.1413,2,-0.0603519
1179,16118.5,77.9454,-1.15444,-0.989982,19.6217,1.54628,1990.61,0,0,700,353.827,25.9368,2,24.4756,24.1887,22.1887,19.6217,0,0,0,57.0148,26.1412,2,0.286939
1179.1,16120.7,77.9398,-1.15404,-1.01497,19.5684,1.54628,1990.77,0,0,700,353.827,25.9368,2,24.4756,24.1323,22.1323,19.5684,0,0,0,57.0149,26.141,2,0.343315
1179.2,16122.9,77.9336,-1.15366,-1.03995,19.4814,1.54628,1990.92,0,0,700,353.827,25.9368,2,24.4756,24.0404,22.0404,19.4814,0,0,0,57.015,26.1409,2,0.43524
1179.3,16125,77.9275,-1.15329,-1.06492,19.5001,1.54628,1991.08,0,0,700,353.827,25.9368,2,24.4756,24.0599,22.0599,19.5001,0,0,0,57.0151,26.1408,2,0.415651
1179.4,16127.2,77.9214,-1.15293,-1.08988,19.48,1.54628,1991.23,0,0,700,353.827,25.9368,2,24.4756,24.0386,22.0386,19.48,0,0,0,57.0152,26.1407,2,0.437009
1179.5,16129.3,77.9153,-1.15259,-1.11483,18.8997,1.54628,1991.39,0,0,700,353.827,25.9368,2,24.4756,23.4264,21.4264,18.8997,0,0,0,57.0155,26.1406,2,1.04922
1179.6,16131.5,77.9063,-1.15225,-1.13977,17.8794,1.54628,1991.54,0,0,700,353.827,25.9368,2,24.4756,22.3502,20.3502,17.8794,0,0,0,57.016,26.1404,2,2.1254
1179.7,16133.7,77.8953,-1.15194,-1.1647,16.5778,1.54628,1991.7,0,0,700,353.827,25.9368,2,24.4756,20.9806,18.9806,16.5778,0,0,0,57.0168,26.1403,2,3.49498
1179.8,16135.8,77.8801,-1.15163,-1.18962,14.5138,1.54628,1991.85,0,0,700,353.827,25.9368,2,24.4756,18.8195,16.8195,14.5138,0,0,0,57.0182,26.1402,2,5.65605
1179.9,16138,77.859,-1.15134,-1.21453,11.9971,1.54628,1992.01,0,0,700,353.827,25.9368,2,24.4756,16.1843,14.1843,11.9971,0,0,0,57.0202,26.1401,2,8.29128
1180,16140.2,77.8317,-1.15106,-1.23942,10.3753,1.54628,1992.16,0,0,700,353.827,25.9368,2,24.4756,14.4857,12.4857,10.3753,0,0,0,57.0226,26.1401,2,9.98988
1180.1,16142.3,77.8028,-1.1508,-1.2643,9.66168,1.54628,1992.31,0,0,700,353.827,25.9368,2,24.4756,13.7379,11.7379,9.66168,0,0,0,57.0253,26.14,2,10.7377
1180.2,16144.5,77.7721,-1.15055,-1.28916,9.44023,1.54628,1992.47,0,0,700,353.827,25.9368,2,24.4756,13.5052,11.5052,9.44023,0,0,0,57.0279,26.1399,2,10.9704
1180.3,16146.6,77.7423,-1.15032,-1.31401,10.2077,1.54628,1992.62,0,0,700,353.827,25.9368,2,24.4756,14.3078,12.3078,10.2077,0,0,0,57.0304,26.1398,2,10.1678
1180.4,16148.8,77.7154,-1.1501,-1.33885,11.4937,1.54628,1992.78,0,0,700,353.827,25.9368,2,24.4756,15.6533,13.6533,11.4937,0,0,0,57.0325,26.1397,2,8.8223
1180.5,16151,77.692,-1.14989,-1.36367,12.0857,1.54628,1992.93,0,0,700,353.827,25.9368,2,24.4756,16.2724,14.2724,12.0857,0,0,0,57.0345,26.1396,2,8.20318
1180.6,16153.1,77.668,-1.1497,-1.38848,12.035,1.54628,1993.09,0,0,700,353.827,25.9368,2,24.4756,16.2187,14.2187,12.035,0,0,0,57.0365,26.1395,2,8.25692
1180.7,16155.3,77.6444,-1.14953,-1.41328,12.0245,1.54628,1993.24,0,0,700,353.827,25.9368,2,24.4756,16.207,14.207,12.0245,0,0,0,57.0385,26.1395,2,8.2686
1180.8,16157.4,77.6205,-1.14937,-1.43807,12.1166,1.54628,1993.4,0,0,700,353.827,25.9368,2,24.4756,16.3027,14.3027,12.1166,0,0,0,57.0405,26.1394,2,8.17286
1180.9,16159.6,77.5974,-1.14922,-1.46284,13.0521,1.54628,1993.55,0,0,700,353.827,25.9368,2,24.4756,17.2814,15.2814,13.0521,0,0,0,57.0423,26.1393,2,7.1942
1181,16161.7,77.5781,-1.14909,-1.48761,14.4089,1.54628,1993.71,0,0,700,353.827,25.9368,2,24.4756,18.7014,16.7014,14.4089,0,0,0,57.0437,26.1392,2,5.77424
1181.1,16163.9,77.5617,-1.14897,-1.51237,15.286,1.54628,1993.86,0,0,700,353.827,25.9368,2,24.4756,19.6191,17.6191,15.286,0,0,0,57.0449,26.139,2,4.85649
1181.2,16166.1,77.5468,-1.14887,-1.53712,15.6637,1.54628,1994.02,0,0,700,353.827,25.9368,2,24.4756,20.0141,18.0141,15.6637,0,0,0,57.046,26.1389,2,4.46149
1181.3,16168.2,77.5322,-1.14879,-1.56186,15.8685,1.54628,1994.17,0,0,700,353.827,25.9368,2,24.4756,20.2281,18.2281,15.8685,0,0,0,57.047,26.1388,2,4.24749
1181.4,16170.4,77.5183,-1.14872,-1.5866,15.7625,1.54628,1994.33,0,0,700,353.827,25.9368,2,24.4756,20.1167,18.1167,15.7625,0,0,0,57.048,26.1387,2,4.35887
1181.5,16172.5,77.5033,-1.14866,-1.61133,15.7366,1.54628,1994.48,0,0,700,353.827,25.9368,2,24.4756,20.0892,18.0892,15.7366,0,0,0,57.0491,26.1386,2,4.38642
1181.6,16174.7,77.4894,-1.14863,-1.63606,16.004,1.54628,1994.63,0,0,700,353.827,25.9368,2,24.4756,20.3687,18.3687,16.004,0,0,0,57.0501,26.1385,2,4.10689
1181.7,16176.8,77.4757,-1.1486,-1.66078,16.0092,1.54628,1994.79,0,0,700,353.827,25.9368,2,24.4756,20.3737,18.3737,16.0092,0,0,0,57.0511,26.1384,2,4.10184
1181.8,16179,77.4619,-1.1486,-1.6855,15.5169,1.54628,1994.94,0,0,700,353.827,25.9368,2,24.4756,19.858,17.858,15.5169,0,0,0,57.0522,26.1383,2,4.61756
1181.9,16181.1,77.4459,-1.14861,-1.71021,14.3639,1.54628,1995.1,0,0,700,353.827,25.9368,2,24.4756,18.6505,16.6505,14.3639,0,0,0,57.0536,26.1382,2,5.8251
1182,16183.3,77.4265,-1.14863,-1.73492,12.9473,1.54628,1995.25,0,0,700,353.827,25.9368,2,24.4756,17.167,15.167,12.9473,0,0,0,57.0554,26.1381,2,7.30863
1182.1,16185.4,77.4036,-1.14867,-1.75962,11.8673,1.54628,1995.41,0,0,700,353.827,25.9368,2,24.4756,16.0357,14.0357,11.8673,0,0,0,57.0575,26.138,2,8.43988
1182.2,16187.6,77.379,-1.14873,-1.78431,11.8462,1.54628,1995.56,0,0,700,353.827,25.9368,2,24.4756,16.013,14.013,11.8462,0,0,0,57.0595,26.1379,2,8.46264
1182.3,16189.7,77.3562,-1.14881,-1.809,13.3049,1.54628,1995.72,0,0,700,353.827,25.9368,2,24.4756,17.5394,15.5394,13.3049,0,0,0,57.0612,26.1378,2,6.93622
1182.4,16191.9,77.3388,-1.1489,-1.83368,15.5798,1.54628,1995.87,0,0,700,353.827,25.9368,2,24.4756,19.9205,17.9205,15.5798,0,0,0,57.0623,26.1377,2,4.55509
1182.5,16194,77.3272,-1.14901,-1.85837,18.0835,1.54628,1996.03,0,0,700,353.827,25.9368,2,24.4756,22.5505,20.5505,18.0835,0,0,0,57.0628,26.1376,2,1.9251
1182.6,16196.2,77.3221,-1.14913,-1.88305,20.6397,1.54628,1996.18,0,0,700,353.827,25.9368,2,24.4756,25.2462,23.2462,20.6397,0,0,0,57.0626,26.1374,2,-0.7706
1182.7,16198.3,77.323,-1.14927,-1.90773,22.647,1.5646,1996.34,0,0,700,358.5,26.2795,2,24.7946,27.3632,25.3632,22.647,0,0,0,57.0619,26.1373,2,-2.56853
1182.8,16200.5,77.3277,-1.14943,-1.93242,23.6117,1.62467,1996.5,0,0,700,373.822,27.4026,2,25.8387,28.3807,26.3807,23.6117,0,0,0,57.0613,26.1372,2,-2.54207
1182.9,16202.6,77.3333,-1.1496,-1.95711,23.8509,1.63961,1996.66,0,0,700,377.634,27.682,2,26.098,28.6331,26.6331,23.8509,0,0,0,57.0606,26.1371,2,-2.53511
1183,16204.8,77.3391,-1.1498,-1.98181,23.7131,1.63111,1996.83,0,0,700,375.466,27.5231,2,25.9505,28.4879,26.4879,23.7131,0,0,0,57.06,26.137,2,-2.53733
1183.1,16206.9,77.344,-1.15,-2.00651,23.6485,1.62717,1996.99,0,0,700,374.46,27.4494,2,25.8821,28.4199,26.4199,23.6485,0,0,0,57.0593,26.1369,2,-2.5378
1183.2,16209.1,77.3495,-1.15023,-2.03122,23.7365,1.63271,1997.15,0,0,700,375.874,27.553,2,25.9783,28.5128,26.5128,23.7365,0,0,0,57.0586,26.1367,2,-2.53453
1183.3,16211.2,77.3549,-1.15047,-2.05594,23.8473,1.63968,1997.32,0,0,700,377.652,27.6833,2,26.0992,28.6299,26.6299,23.8473,0,0,0,57.058,26.1366,2,-2.53072
1183.4,16213.4,77.3609,-1.15074,-2.08066,24.1598,1.65918,1997.48,0,0,700,382.626,28.0479,2,26.4373,28.9595,26.9595,24.1598,0,0,0,57.0573,26.1365,2,-2.52225
1183.5,16215.5,77.3678,-1.15101,-2.1054,24.7135,1.69369,1997.65,0,0,700,391.429,28.6933,2,27.0349,29.5437,27.5437,24.7135,0,0,0,57.0567,26.1364,2,-2.50882
1183.6,16217.7,77.3765,-1.15131,-2.13014,24.9649,1.7094,1997.82,0,0,700,395.436,28.9869,2,27.3066,29.809,27.809,24.9649,0,0,0,57.056,26.1363,2,-2.50243
1183.7,16219.8,77.3845,-1.15162,-2.15489,24.7692,1.6973,1997.99,0,0,700,392.351,28.7608,2,27.0974,29.6028,27.6028,24.7692,0,0,0,57.0554,26.1362,2,-2.50543
1183.8,16222,77.3923,-1.15195,-2.17965,24.4542,1.67779,1998.16,0,0,700,387.374,28.396,2,26.7597,29.2709,27.2709,24.4542,0,0,0,57.0548,26.136,2,-2.51116
1183.9,16224.1,77.3988,-1.1523,-2.20442,23.6045,1.62503,1998.32,0,0,700,373.914,27.4094,2,25.8449,28.3749,26.3749,23.6045,0,0,0,57.0541,26.1359,2,-2.53
1184,16226.3,77.4024,-1.15267,-2.2292,22.387,1.55075,1998.48,0,0,700,354.967,26.0205,2,24.5535,27.0909,25.0909,22.387,0,0,0,57.0534,26.1358,2,-2.53746
1184.1,16228.4,77.403,-1.15306,-2.25398,21.1419,1.54628,1998.63,0,0,700,353.827,25.9368,2,24.4756,25.7779,23.7779,21.1419,0,0,0,57.0531,26.1357,2,-1.30233
1184.2,16230.6,77.4006,-1.15346,-2.27878,19.801,1.54628,1998.79,0,0,700,353.827,25.9368,2,24.4756,24.3637,22.3637,19.801,0,0,0,57.0531,26.1356,2,0.11194
1184.3,16232.7,77.3946,-1.15388,-2.30358,18.7398,1.54628,1998.94,0,0,700,353.827,25.9368,2,24.4756,23.2443,21.2443,18.7398,0,0,0,57.0534,26.1355,2,1.23127
1184.4,16234.9,77.3871,-1.15432,-2.32839,18.7669,1.54628,1999.1,0,0,700,353.827,25.9368,2,24.4756,23.2727,21.2727,18.7669,0,0,0,57.0537,26.1354,2,1.20285
1184.5,16237,77.3813,-1.15478,-2.35321,19.1657,1.54628,1999.25,0,0,700,353.827,25.9368,2,24.4756,23.6932,21.6932,19.1657,0,0,0,57.0539,26.1352,2,0.782404
1184.6,16239.2,77.3758,-1.15525,-2.37804,19.496,1.54628,1999.41,0,0,700,353.827,25.9368,2,24.4756,24.0413,22.0413,19.496,0,0,0,57.054,26.1351,2,0.434263
1184.7,16241.3,77.3717,-1.15575,-2.40287,19.9871,1.54628,1999.56,0,0,700,353.827,25.9368,2,24.4756,24.5592,22.5592,19.9871,0,0,0,57.054,26.135,2,-0.0836544
1184.8,16243.5,77.3686,-1.15626,-2.42771,19.8406,1.54628,1999.71,0,0,700,353.827,25.9368,2,24.4756,24.4046,22.4046,19.8406,0,0,0,57.054,26.1349,2,0.0710036
1184.9,16245.6,77.3638,-1.15679,-2.45257,19.3353,1.54628,1999.87,0,0,700,353.827,25.9368,2,24.4756,23.8716,21.8716,19.3353,0,0,0,57.0542,26.1348,2,0.603956
1185,16247.7,77.3583,-1.15734,-2.47743,18.6995,1.54628,2000.02,0,0,700,353.827,25.9368,2,24.4756,23.2009,21.2009,18.6995,0,0,0,57.0545,26.1346,2,1.27469
1185.1,16249.9,77.3505,-1.1579,-2.50231,17.7306,1.54628,2000.18,0,0,700,353.827,25.9368,2,24.4756,22.1789,20.1789,17.7306,0,0,0,57.055,26.1345,2,2.29671
1185.2,16252,77.3404,-1.15849,-2.52719,17.6471,1.54628,2000.33,0,0,700,353.827,25.9368,2,24.4756,22.0906,20.0906,17.6471,0,0,0,57.0556,26.1344,2,2.38504
1185.3,16254.2,77.3322,-1.15909,-2.55208,18.7601,1.54628,2000.49,0,0,700,353.827,25.9368,2,24.4756,23.2641,21.2641,18.7601,0,0,0,57.0559,26.1343,2,1.21147
1185.4,16256.3,77.3276,-1.15972,-2.57699,19.7006,1.54628,2000.64,0,0,700,353.827,25.9368,2,24.4756,24.2559,22.2559,19.7006,0,0,0,57.056,26.1342,2,0.219679
1185.5,16258.5,77.3241,-1.16036,-2.60191,20.6039,1.54628,2000.8,0,0,700,353.827,25.9368,2,24.4756,25.2085,23.2085,20.6039,0,0,0,57.0558,26.1341,2,-0.732869
1185.6,16260.6,77.324,-1.16102,-2.62684,22.0351,1.54628,2000.95,0,0,700,353.827,25.9368,2,24.4756,26.7178,24.7178,22.0351,0,0,0,57.0552,26.1339,2,-2.24223
1185.7,16262.8,77.3275,-1.1617,-2.65178,22.7307,1.57054,2001.11,0,0,700,360.014,26.3904,2,24.8979,27.4515,25.4515,22.7307,0,0,0,57.0545,26.1338,2,-2.5536
1185.8,16264.9,77.3308,-1.1624,-2.67674,22.6087,1.56303,2001.27,0,0,700,358.098,26.2499,2,24.7672,27.323,25.323,22.6087,0,0,0,57.0539,26.1337,2,-2.55584
1185.9,16267.1,77.3338,-1.16311,-2.70172,22.9092,1.58178,2001.42,0,0,700,362.881,26.6006,2,25.0934,27.6399,25.6399,22.9092,0,0,0,57.0532,26.1336,2,-2.54649
1186,16269.2,77.3385,-1.16385,-2.72671,23.6657,1.6289,2001.59,0,0,700,374.901,27.4817,2,25.9121,28.438,26.438,23.6657,0,0,0,57.0526,26.1335,2,-2.5259
1186.1,16271.4,77.3452,-1.1646,-2.75173,24.2358,1.66442,2001.75,0,0,700,383.963,28.1459,2,26.5281,29.0394,27.0394,24.2358,0,0,0,57.0519,26.1334,2,-2.51128
1186.2,16273.5,77.3528,-1.16537,-2.77676,24.7815,1.69843,2001.92,0,0,700,392.638,28.7818,2,27.1169,29.615,27.615,24.7815,0,0,0,57.0513,26.1333,2,-2.49817
1186.3,16275.7,77.3622,-1.16617,-2.80181,25.4861,1.74104,2002.1,0,0,700,403.506,29.5786,2,27.8533,30.3592,28.3592,25.4861,0,0,0,57.0506,26.1331,2,-2.50596
1186.4,16277.8,77.3732,-1.16698,-2.82688,25.9647,1.76606,2002.27,0,0,700,409.89,30.0465,2,28.2851,30.8674,28.8674,25.9647,0,0,0,57.05,26.133,2,-2.58234
1186.5,16280,77.385,-1.16781,-2.85197,26.2179,1.77933,2002.45,0,0,700,413.275,30.2946,2,28.5139,31.1364,29.1364,26.2179,0,0,0,57.0493,26.1329,2,-2.6225
1186.6,16282.1,77.3972,-1.16866,-2.87708,26.7739,1.81338,2002.63,0,0,700,421.961,30.9313,2,29.1004,31.7268,29.7268,26.7739,0,0,0,57.0486,26.1328,2,-2.62641
1186.7,16284.3,77.4117,-1.16953,-2.90222,27.4081,1.85136,2002.82,0,0,700,431.648,31.6415,2,29.7534,32.4002,30.4002,27.4081,0,0,0,57.0479,26.1327,2,-2.64683
1186.8,16286.4,77.427,-1.17041,-2.92738,27.8001,1.87187,2003,0,0,700,436.881,32.025,2,30.1056,32.8165,30.8165,27.8001,0,0,0,57.0472,26.1326,2,-2.71092
1186.9,16288.6,77.4433,-1.17132,-2.95257,28.0384,1.88437,2003.19,0,0,700,440.07,32.2588,2,30.3201,33.0698,31.0698,28.0384,0,0,0,57.0465,26.1325,2,-2.74969
1187,16290.7,77.4598,-1.17225,-2.97778,28.5716,1.91717,2003.39,0,0,706.51,444.003,32.8498,2,30.8804,33.6361,31.6361,28.5716,0,0,0,57.0458,26.1323,2,-2.75568
1187.1,16292.9,77.4787,-1.17319,-3.00301,29.1146,1.95252,2003.58,0,0,715.406,446.903,33.4807,2,31.4843,34.2127,32.2127,29.1146,0,0,0,57.0451,26.1322,2,-2.72845
1187.2,16295,77.4978,-1.17416,-3.02828,29.2883,1.96583,2003.78,0,0,718.268,448.302,33.7198,2,31.7118,34.3975,32.3975,29.2883,0,0,0,57.0444,26.1321,2,-2.68569
1187.3,16297.2,77.5176,-1.17514,-3.05357,29.3368,1.96964,2003.97,0,0,719.086,448.701,33.7883,2,31.777,34.4495,32.4495,29.3368,0,0,0,57.0437,26.132,2,-2.6725
1187.4,16299.3,77.5368,-1.17615,-3.07888,29.0666,1.94968,2004.17,0,0,714.696,446.669,33.4299,2,31.4357,34.1631,32.1631,29.0666,0,0,0,57.043,26.1319,2,-2.72747
1187.5,16301.5,77.5553,-1.17717,-3.10423,27.906,1.87794,2004.36,0,0,700,438.429,32.1385,2,30.2097,32.9319,30.9319,27.906,0,0,0,57.0423,26.1318,2,-2.72212
1187.6,16303.6,77.5689,-1.17821,-3.1296,26.1766,1.77801,2004.53,0,0,700,412.938,30.2699,2,28.4912,31.0968,29.0968,26.1766,0,0,0,57.0416,26.1317,2,-2.60565
1187.7,16305.8,77.5789,-1.17927,-3.155,24.9351,1.70933,2004.71,0,0,700,395.418,28.9857,2,27.3054,29.7828,27.7828,24.9351,0,0,0,57.041,26.1315,2,-2.47739
1187.8,16308,77.5864,-1.18036,-3.18043,24.0181,1.65238,2004.87,0,0,700,380.891,27.9208,2,26.3194,28.8159,26.8159,24.0181,0,0,0,57.0403,26.1314,2,-2.4965
1187.9,16310.1,77.592,-1.18146,-3.20588,23.2123,1.60234,2005.03,0,0,700,368.128,26.9852,2,25.451,27.9662,25.9662,23.2123,0,0,0,57.0397,26.1313,2,-2.51526
1188,16312.3,77.5957,-1.18258,-3.23136,22.6678,1.56855,2005.19,0,0,700,359.507,26.3533,2,24.8633,27.392,25.392,22.6678,0,0,0,57.039,26.1312,2,-2.52869
1188.1,16314.4,77.5987,-1.18372,-3.25686,22.106,1.54628,2005.34,0,0,700,353.827,25.9368,2,24.4756,26.7996,24.7996,22.106,0,0,0,57.0384,26.1311,2,-2.32406
1188.2,16316.6,77.5998,-1.18487,-3.28239,21.0235,1.54628,2005.5,0,0,700,353.827,25.9368,2,24.4756,25.658,23.658,21.0235,0,0,0,57.0381,26.131,2,-1.18245
1188.3,16318.7,77.5975,-1.18605,-3.30794,19.944,1.54628,2005.65,0,0,700,353.827,25.9368,2,24.4756,24.5196,22.5196,19.944,0,0,0,57.0381,26.1308,2,-0.0439994
1188.4,16320.9,77.5934,-1.18725,-3.33352,19.602,1.54628,2005.81,0,0,700,353.827,25.9368,2,24.4756,24.1588,22.1588,19.602,0,0,0,57.0382,26.1307,2,0.316789
1188.5,16323,77.5896,-1.18846,-3.35912,19.8645,1.54628,2005.96,0,0,700,353.827,25.9368,2,24.4756,24.4355,22.4355,19.8645,0,0,0,57.0382,26.1306,2,0.040063
1188.6,16325.2,77.5869,-1.1897,-3.38475,20.4318,1.54628,2006.12,0,0,700,353.827,25.9368,2,24.4756,25.0337,23.0337,20.4318,0,0,0,57.0381,26.1305,2,-0.558099
1188.7,16327.4,77.586,-1.19095,-3.4104,20.9448,1.54628,2006.27,0,0,700,353.827,25.9368,2,24.4756,25.5747,23.5747,20.9448,0,0,0,57.0378,26.1304,2,-1.09914
1188.8,16329.5,77.5858,-1.19222,-3.43608,21.2217,1.54628,2006.42,0,0,700,353.827,25.9368,2,24.4756,25.8667,23.8667,21.2217,0,0,0,57.0374,26.1303,2,-1.39115
1188.9,16331.7,77.5863,-1.19351,-3.46179,21.2838,1.54628,2006.58,0,0,700,353.827,25.9368,2,24.4756,25.9323,23.9323,21.2838,0,0,0,57.037,26.1301,2,-1.45667
1189,16333.8,77.5866,-1.19482,-3.48753,20.6759,1.54628,2006.73,0,0,700,353.827,25.9368,2,24.4756,25.2911,23.2911,20.6759,0,0,0,57.0368,26.13,2,-0.815545
1189.1,16336,77.5842,-1.19615,-3.51329,19.6852,1.54628,2006.89,0,0,700,353.827,25.9368,2,24.4756,24.2463,22.2463,19.6852,0,0,0,57.0369,26.1299,2,0.229283
1189.2,16338.1,77.5797,-1.1975,-3.53908,19.0387,1.54628,2007.04,0,0,700,353.827,25.9368,2,24.4756,23.5644,21.5644,19.0387,0,0,0,57.0371,26.1298,2,0.91123
1189.3,16340.3,77.5743,-1.19887,-3.5649,18.13,1.54628,2007.2,0,0,700,353.827,25.9368,2,24.4756,22.6058,20.6058,18.13,0,0,0,57.0376,26.1297,2,1.86974
1189.4,16342.4,77.5655,-1.20025,-3.59075,16.8599,1.54628,2007.35,0,0,700,353.827,25.9368,2,24.4756,21.2668,19.2668,16.8599,0,0,0,57.0383,26.1296,2,3.20877
1189.5,16344.6,77.5541,-1.20166,-3.61662,16.4162,1.54628,2007.51,0,0,700,353.827,25.9368,2,24.4756,20.8021,18.8021,16.4162,0,0,0,57.0392,26.1295,2,3.67351
1189.6,16346.7,77.5433,-1.20308,-3.64253,16.2716,1.54628,2007.66,0,0,700,353.827,25.9368,2,24.4756,20.6503,18.6503,16.2716,0,0,0,57.0402,26.1293,2,3.82526
1189.7,16348.9,77.5313,-1.20452,-3.66845,15.678,1.54628,2007.82,0,0,700,353.827,25.9368,2,24.4756,20.0286,18.0286,15.678,0,0,0,57.0412,26.1292,2,4.44696
1189.8,16351.1,77.5177,-1.20598,-3.69441,15.1865,1.54628,2007.97,0,0,700,353.827,25.9368,2,24.4756,19.5137,17.5137,15.1865,0,0,0,57.0424,26.1291,2,4.96191
1189.9,16353.2,77.5035,-1.20746,-3.72039,14.8611,1.54628,2008.13,0,0,700,353.827,25.9368,2,24.4756,19.1726,17.1726,14.8611,0,0,0,57.0437,26.129,2,5.303
1190,16355.4,77.4885,-1.20896,-3.7464,14.1017,1.54628,2008.28,0,0,700,353.827,25.9368,2,24.4756,18.3772,16.3772,14.1017,0,0,0,57.0452,26.1289,2,6.09839
1190.1,16357.5,77.4707,-1.21047,-3.77243,13.3365,1.54628,2008.43,0,0,700,353.827,25.9368,2,24.4756,17.5756,15.5756,13.3365,0,0,0,57.0469,26.1288,2,6.89997
1190.2,16359.7,77.4522,-1.212,-3.7985,13.2365,1.54628,2008.59,0,0,700,353.827,25.9368,2,24.4756,17.4704,15.4704,13.2365,0,0,0,57.0486,26.1287,2,7.00515
1190.3,16361.8,77.4341,-1.21355,-3.82458,13.7725,1.54628,2008.74,0,0,700,353.827,25.9368,2,24.4756,18.031,16.031,13.7725,0,0,0,57.0502,26.1286,2,6.44455
1190.4,16364,77.4183,-1.21512,-3.8507,14.2774,1.54628,2008.9,0,0,700,353.827,25.9368,2,24.4756,18.5592,16.5592,14.2774,0,0,0,57.0516,26.1285,2,5.91643
1190.5,16366.1,77.4029,-1.21671,-3.87685,14.5201,1.54628,2009.05,0,0,700,353.827,25.9368,2,24.4756,18.8128,16.8128,14.5201,0,0,0,57.053,26.1284,2,5.66276
1190.6,16368.3,77.3885,-1.21831,-3.90302,14.8086,1.54628,2009.21,0,0,700,353.827,25.9368,2,24.4756,19.1145,17.1145,14.8086,0,0,0,57.0543,26.1283,2,5.36107
1190.7,16370.4,77.3746,-1.21993,-3.92923,15.1069,1.54628,2009.36,0,0,700,353.827,25.9368,2,24.4756,19.4264,17.4264,15.1069,0,0,0,57.0555,26.1282,2,5.04917
1190.8,16372.6,77.3618,-1.22157,-3.95546,15.4497,1.54628,2009.52,0,0,700,353.827,25.9368,2,24.4756,19.7849,17.7849,15.4497,0,0,0,57.0567,26.1281,2,4.69071
1190.9,16374.7,77.3498,-1.22323,-3.98173,15.2968,1.54628,2009.67,0,0,700,353.827,25.9368,2,24.4756,19.6245,17.6245,15.2968,0,0,0,57.0578,26.128,2,4.85109
1191,16376.9,77.3364,-1.2249,-4.00803,14.6851,1.54628,2009.83,0,0,700,353.827,25.9368,2,24.4756,18.9838,16.9838,14.6851,0,0,0,57.0592,26.1279,2,5.49181
1191.1,16379,77.3216,-1.22659,-4.03436,13.9642,1.54628,2009.98,0,0,700,353.827,25.9368,2,24.4756,18.2286,16.2286,13.9642,0,0,0,57.0607,26.1278,2,6.24697
1191.2,16381.2,77.3049,-1.2283,-4.06072,13.3393,1.54628,2010.14,0,0,700,353.827,25.9368,2,24.4756,17.5739,15.5739,13.3393,0,0,0,57.0624,26.1277,2,6.90165
1191.3,16383.3,77.2871,-1.23003,-4.08711,12.8963,1.54628,2010.29,0,0,700,353.827,25.9368,2,24.4756,17.1097,15.1097,12.8963,0,0,0,57.0642,26.1276,2,7.36592
1191.4,16385.5,77.2684,-1.23177,-4.11353,12.6843,1.54628,2010.45,0,0,700,353.827,25.9368,2,24.4756,16.8872,14.8872,12.6843,0,0,0,57.066,26.1275,2,7.58839
1191.5,16387.6,77.2499,-1.23353,-4.13999,13.0912,1.54628,2010.6,0,0,700,353.827,25.9368,2,24.4756,17.3127,15.3127,13.0912,0,0,0,57.0677,26.1274,2,7.16292
1191.6,16389.7,77.2334,-1.23531,-4.16647,13.6528,1.54628,2010.75,0,0,700,353.827,25.9368,2,24.4756,17.9002,15.9002,13.6528,0,0,0,57.0693,26.1273,2,6.57544
1191.7,16391.9,77.2177,-1.23711,-4.19299,13.4282,1.54628,2010.91,0,0,700,353.827,25.9368,2,24.4756,17.6646,15.6646,13.4282,0,0,0,57.071,26.1272,2,6.81099
1191.8,16394,77.2003,-1.23892,-4.21954,12.4325,1.54628,2011.06,0,0,700,353.827,25.9368,2,24.4756,16.6217,14.6217,12.4325,0,0,0,57.0729,26.1271,2,7.85386
1191.9,16396.2,77.18,-1.24074,-4.24613,11.974,1.54628,2011.22,0,0,700,353.827,25.9368,2,24.4756,16.1412,14.1412,11.974,0,0,0,57.0749,26.127,2,8.3344
1192,16398.3,77.1606,-1.24259,-4.27274,12.1588,1.54628,2011.37,0,0,700,353.827,25.9368,2,24.4756,16.3341,14.3341,12.1588,0,0,0,57.0769,26.1269,2,8.14152
1192.1,16400.5,77.1413,-1.24445,-4.29939,12.5196,1.54628,2011.53,0,0,700,353.827,25.9368,2,24.4756,16.7112,14.7112,12.5196,0,0,0,57.0788,26.1268,2,7.76438
1192.2,16402.6,77.1239,-1.24632,-4.32607,13.3879,1.54628,2011.68,0,0,700,353.827,25.9368,2,24.4756,17.6198,15.6198,13.3879,0,0,0,57.0805,26.1267,2,6.85577
1192.3,16404.8,77.1091,-1.24822,-4.35279,14.6205,1.54628,2011.84,0,0,700,353.827,25.9368,2,24.4756,18.9098,16.9098,14.6205,0,0,0,57.0818,26.1266,2,5.56584
1192.4,16406.9,77.0978,-1.25013,-4.37955,15.9193,1.54628,2011.99,0,0,700,353.827,25.9368,2,24.4756,20.2693,18.2693,15.9193,0,0,0,57.0828,26.1265,2,4.20634
1192.5,16409,77.0896,-1.25205,-4.40634,17.0895,1.54628,2012.15,0,0,700,353.827,25.9368,2,24.4756,21.496,19.496,17.0895,0,0,0,57.0836,26.1264,2,2.97959
1192.6,16411.2,77.0842,-1.25399,-4.43317,18.366,1.54628,2012.3,0,0,700,353.827,25.9368,2,24.4756,22.8422,20.8422,18.366,0,0,0,57.084,26.1263,2,1.63344
1192.7,16413.3,77.0824,-1.25595,-4.46004,20.2809,1.54628,2012.46,0,0,700,353.827,25.9368,2,24.4756,24.8616,22.8616,20.2809,0,0,0,57.0839,26.1261,2,-0.385989
1192.8,16415.5,77.0866,-1.25793,-4.48696,22.945,1.58069,2012.61,0,0,700,362.604,26.5803,2,25.0746,27.6714,25.6714,22.945,0,0,0,57.0832,26.126,2,-2.59682
1192.9,16417.6,77.0979,-1.25992,-4.51392,25.5326,1.7249,2012.79,0,0,700,399.39,29.2768,2,27.5746,30.4024,28.4024,25.5326,0,0,0,57.0825,26.1259,2,-2.82787
1193,16419.7,77.1148,-1.26192,-4.54092,27.2726,1.84095,2012.97,0,0,700,428.993,31.4468,2,29.5745,32.2495,30.2495,27.2726,0,0,0,57.0818,26.1258,2,-2.675
1193.1,16421.9,77.1348,-1.26394,-4.56798,28.0931,1.88406,2013.16,0,0,700,439.989,32.2529,2,30.3147,33.1208,31.1208,28.0931,0,0,0,57.081,26.1257,2,-2.80613
1193.2,16424,77.1557,-1.26598,-4.59509,27.8165,1.86972,2013.35,0,0,700,436.331,31.9847,2,30.0686,32.8277,30.8277,27.8165,0,0,0,57.0803,26.1256,2,-2.75914
1193.3,16426.2,77.1743,-1.26804,-4.62224,26.2614,1.77888,2013.52,0,0,700,413.159,30.2861,2,28.5061,31.1777,29.1777,26.2614,0,0,0,57.0796,26.1255,2,-2.67159
1193.4,16428.3,77.1878,-1.27011,-4.64945,24.1854,1.65839,2013.69,0,0,700,382.426,28.0333,2,26.4237,28.9822,26.9822,24.1854,0,0,0,57.079,26.1253,2,-2.55852
1193.5,16430.5,77.1963,-1.2722,-4.67671,22.7048,1.5664,2013.85,0,0,700,358.959,26.313,2,24.8259,27.4209,25.4209,22.7048,0,0,0,57.0783,26.1252,2,-2.59497
1193.6,16432.6,77.2026,-1.2743,-4.70401,21.8691,1.54628,2014,0,0,700,353.827,25.9368,2,24.4756,26.5397,24.5397,21.8691,0,0,0,57.0778,26.1251,2,-2.06407
1193.7,16434.7,77.2071,-1.27642,-4.73136,21.3516,1.54628,2014.15,0,0,700,353.827,25.9368,2,24.4756,25.994,23.994,21.3516,0,0,0,57.0774,26.125,2,-1.5184
1193.8,16436.9,77.211,-1.27855,-4.75876,21.3186,1.54628,2014.31,0,0,700,353.827,25.9368,2,24.4756,25.9593,23.9593,21.3186,0,0,0,57.077,26.1249,2,-1.48374
1193.9,16439,77.2155,-1.2807,-4.78621,21.3277,1.54628,2014.46,0,0,700,353.827,25.9368,2,24.4756,25.969,23.969,21.3277,0,0,0,57.0766,26.1248,2,-1.49339
1194,16441.2,77.2195,-1.28286,-4.8137,21.2451,1.54628,2014.62,0,0,700,353.827,25.9368,2,24.4756,25.882,23.882,21.2451,0,0,0,57.0762,26.1247,2,-1.40643
1194.1,16443.3,77.2237,-1.28504,-4.84124,21.6375,1.54628,2014.77,0,0,700,353.827,25.9368,2,24.4756,26.296,24.296,21.6375,0,0,0,57.0758,26.1245,2,-1.82036
1194.2,16445.5,77.2298,-1.28723,-4.86883,22.6246,1.56177,2014.93,0,0,700,357.779,26.2266,2,24.7454,27.3371,25.3371,22.6246,0,0,0,57.0751,26.1244,2,-2.59172
1194.3,16447.6,77.239,-1.28943,-4.89647,23.7709,1.63314,2015.09,0,0,700,375.984,27.5611,2,25.9857,28.5464,26.5464,23.7709,0,0,0,57.0744,26.1243,2,-2.56063
1194.4,16449.8,77.2508,-1.29165,-4.92416,24.8546,1.70061,2015.26,0,0,700,393.194,28.8226,2,27.1546,29.6895,27.6895,24.8546,0,0,0,57.0738,26.1242,2,-2.53489
1194.5,16451.9,77.2654,-1.29389,-4.95191,25.7935,1.75512,2015.44,0,0,700,407.099,29.8419,2,28.0964,30.6833,28.6833,25.7935,0,0,0,57.0731,26.1241,2,-2.58694
1194.6,16454.1,77.2819,-1.29614,-4.9797,26.0329,1.76768,2015.62,0,0,700,410.302,30.0767,2,28.313,30.9377,28.9377,26.0329,0,0,0,57.0724,26.124,2,-2.62477
1194.7,16456.2,77.2977,-1.2984,-5.00755,25.7393,1.75244,2015.79,0,0,700,406.414,29.7917,2,28.0501,30.6265,28.6265,25.7393,0,0,0,57.0718,26.1239,2,-2.5764
1194.8,16458.3,77.3128,-1.30068,-5.03546,25.7941,1.75536,2015.97,0,0,700,407.161,29.8465,2,28.1006,30.6849,28.6849,25.7941,0,0,0,57.0711,26.1237,2,-2.58435
1194.9,16460.5,77.329,-1.30298,-5.06342,26.404,1.788,2016.14,0,0,700,415.487,30.4568,2,28.6634,31.3327,29.3327,26.404,0,0,0,57.0704,26.1236,2,-2.66931
1195,16462.6,77.3471,-1.30528,-5.09144,26.7882,1.81213,2016.33,0,0,700,421.642,30.908,2,29.0789,31.7407,29.7407,26.7882,0,0,0,57.0697,26.1235,2,-2.66189
1195.1,16464.8,77.3652,-1.3076,-5.11951,27.0989,1.83167,2016.51,0,0,700,426.626,31.2733,2,29.415,32.071,30.071,27.0989,0,0,0,57.069,26.1234,2,-2.656
1195.2,16466.9,77.385,-1.30994,-5.14764,27.5111,1.85503,2016.69,0,0,700,432.584,31.71,2,29.8163,32.5088,30.5088,27.5111,0,0,0,57.0684,26.1233,2,-2.69247
1195.3,16469.1,77.4052,-1.31229,-5.17583,27.4306,1.85091,2016.88,0,0,700,431.534,31.6331,2,29.7457,32.4239,30.4239,27.4306,0,0,0,57.0677,26.1232,2,-2.67826
1195.4,16471.2,77.4246,-1.31465,-5.20407,27.2086,1.83882,2017.06,0,0,700,428.45,31.407,2,29.5379,32.1888,30.1888,27.2086,0,0,0,57.067,26.1231,2,-2.65089
1195.5,16473.4,77.4438,-1.31702,-5.23237,27.5513,1.85736,2017.25,0,0,700,433.179,31.7537,2,29.8564,32.5529,30.5529,27.5513,0,0,0,57.0663,26.1229,2,-2.69644
1195.6,16475.5,77.465,-1.31941,-5.26074,27.9245,1.8769,2017.44,0,0,700,438.163,32.1191,2,30.1919,32.9494,30.9494,27.9245,0,0,0,57.0656,26.1228,2,-2.75751
1195.7,16477.7,77.486,-1.32181,-5.28916,28.1125,1.88679,2017.63,0,0,700,440.686,32.3039,2,30.3615,33.1494,31.1494,28.1125,0,0,0,57.0648,26.1227,2,-2.78792
1195.8,16479.9,77.5081,-1.32422,-5.31764,28.2809,1.89662,2017.82,0,0,701.307,442.308,32.4834,2,30.5298,33.3286,31.3286,28.2809,0,0,0,57.0641,26.1226,2,-2.79885
1195.9,16482,77.5301,-1.32665,-5.34618,28.4184,1.90559,2018.01,0,0,703.58,443.049,32.6433,2,30.6827,33.4751,31.4751,28.4184,0,0,0,57.0634,26.1225,2,-2.79233
1196,16484.2,77.5529,-1.32909,-5.37478,28.419,1.90573,2018.2,0,0,703.616,443.06,32.6458,2,30.6851,33.4762,31.4762,28.419,0,0,0,57.0627,26.1224,2,-2.79104
1196.1,16486.3,77.5749,-1.33154,-5.40344,28.259,1.89553,2018.39,0,0,701.028,442.218,32.4638,2,30.511,33.3069,31.3069,28.259,0,0,0,57.062,26.1223,2,-2.79588
1196.2,16488.5,77.5971,-1.33401,-5.43217,28.2605,1.89573,2018.58,0,0,701.079,442.234,32.4674,2,30.5145,33.309,31.309,28.2605,0,0,0,57.0612,26.1222,2,-2.79456
1196.3,16490.6,77.6191,-1.33648,-5.46095,27.9585,1.87926,2018.76,0,0,700,438.765,32.1632,2,30.2324,32.989,30.989,27.9585,0,0,0,57.0605,26.122,2,-2.75666
1196.4,16492.8,77.6398,-1.33897,-5.4898,26.7435,1.8107,2018.94,0,0,700,421.278,30.8813,2,29.0543,31.7001,29.7001,26.7435,0,0,0,57.0598,26.1219,2,-2.64579
1196.5,16494.9,77.656,-1.34147,-5.5187,25.1016,1.71801,2019.12,0,0,700,397.633,29.148,2,27.4555,29.9603,27.9603,25.1016,0,0,0,57.0592,26.1218,2,-2.50483
1196.6,16497.1,77.6689,-1.34398,-5.54767,23.6617,1.62856,2019.28,0,0,700,374.814,27.4753,2,25.9061,28.4421,26.4421,23.6617,0,0,0,57.0585,26.1217,2,-2.53598
1196.7,16499.3,77.6782,-1.34651,-5.5767,21.8796,1.54628,2019.43,0,0,700,353.827,25.9368,2,24.4756,26.5629,24.5629,21.8796,0,0,0,57.058,26.1216,2,-2.08731
1196.8,16501.4,77.6825,-1.34904,-5.60578,19.8898,1.54628,2019.59,0,0,700,353.827,25.9368,2,24.4756,24.4646,22.4646,19.8898,0,0,0,57.058,26.1215,2,0.0109798
1196.9,16503.6,77.6823,-1.35159,-5.63492,18.3938,1.54628,2019.74,0,0,700,353.827,25.9368,2,24.4756,22.8868,20.8868,18.3938,0,0,0,57.0584,26.1214,2,1.58874
1197,16505.7,77.6795,-1.35414,-5.66411,16.9632,1.54628,2019.9,0,0,700,353.827,25.9368,2,24.4756,21.3781,19.3781,16.9632,0,0,0,57.0591,26.1212,2,3.09749
1197.1,16507.9,77.6725,-1.35671,-5.69335,15.4183,1.54628,2020.05,0,0,700,353.827,25.9368,2,24.4756,19.7607,17.7607,15.4183,0,0,0,57.0603,26.1211,2,4.71491
1197.2,16510,77.6624,-1.35928,-5.72265,14.3603,1.54628,2020.21,0,0,700,353.827,25.9368,2,24.4756,18.6528,16.6528,14.3603,0,0,0,57.0617,26.121,2,5.82282
1197.3,16512.2,77.6505,-1.36186,-5.752,13.9015,1.54628,2020.36,0,0,700,353.827,25.9368,2,24.4756,18.1722,16.1722,13.9015,0,0,0,57.0632,26.1209,2,6.30344
1197.4,16514.4,77.6384,-1.36446,-5.7814,13.5917,1.54628,2020.52,0,0,700,353.827,25.9368,2,24.4756,17.8475,15.8475,13.5917,0,0,0,57.0648,26.1208,2,6.62808
1197.5,16516.5,77.6252,-1.36706,-5.81085,13.4852,1.54628,2020.67,0,0,700,353.827,25.9368,2,24.4756,17.7356,15.7356,13.4852,0,0,0,57.0665,26.1207,2,6.73998
1197.6,16518.7,77.6128,-1.36967,-5.84036,14.0827,1.54628,2020.83,0,0,700,353.827,25.9368,2,24.4756,18.3607,16.3607,14.0827,0,0,0,57.068,26.1206,2,6.11484
1197.7,16520.8,77.6028,-1.37229,-5.86991,14.7346,1.54628,2020.98,0,0,700,353.827,25.9368,2,24.4756,19.043,17.043,14.7346,0,0,0,57.0693,26.1205,2,5.43264
1197.8,16523,77.5938,-1.37492,-5.89952,15.0821,1.54628,2021.13,0,0,700,353.827,25.9368,2,24.4756,19.4065,17.4065,15.0821,0,0,0,57.0705,26.1204,2,5.06911
1197.9,16525.1,77.5856,-1.37755,-5.92918,15.2513,1.54628,2021.29,0,0,700,353.827,25.9368,2,24.4756,19.5834,17.5834,15.2513,0,0,0,57.0717,26.1203,2,4.89223
1198,16527.3,77.5777,-1.3802,-5.9589,15.515,1.54628,2021.44,0,0,700,353.827,25.9368,2,24.4756,19.8592,17.8592,15.515,0,0,0,57.0728,26.1202,2,4.61635
1198.1,16529.4,77.571,-1.38285,-5.98867,15.7945,1.54628,2021.6,0,0,700,353.827,25.9368,2,24.4756,20.1516,18.1516,15.7945,0,0,0,57.0739,26.1201,2,4.32395
1198.2,16531.6,77.5646,-1.38551,-6.01849,15.97,1.54628,2021.75,0,0,700,353.827,25.9368,2,24.4756,20.3352,18.3352,15.97,0,0,0,57.0749,26.12,2,4.14041
1198.3,16533.8,77.559,-1.38818,-6.04837,16.3435,1.54628,2021.91,0,0,700,353.827,25.9368,2,24.4756,20.726,18.726,16.3435,0,0,0,57.0758,26.1199,2,3.74957
1198.4,16535.9,77.5546,-1.39085,-6.0783,17.1542,1.54628,2022.06,0,0,700,353.827,25.9368,2,24.4756,21.5763,19.5763,17.1542,0,0,0,57.0765,26.1198,2,2.8993
1198.5,16538.1,77.5532,-1.39353,-6.1083,18.3749,1.54628,2022.22,0,0,700,353.827,25.9368,2,24.4756,22.8636,20.8636,18.3749,0,0,0,57.0769,26.1196,2,1.61198
1198.6,16540.2,77.5549,-1.39622,-6.13835,19.7814,1.54628,2022.37,0,0,700,353.827,25.9368,2,24.4756,24.3469,22.3469,19.7814,0,0,0,57.0769,26.1195,2,0.128667
1198.7,16542.4,77.5605,-1.39892,-6.16845,21.6247,1.54628,2022.53,0,0,700,353.827,25.9368,2,24.4756,26.291,24.291,21.6247,0,0,0,57.0765,26.1194,2,-1.81545
1198.8,16544.5,77.5714,-1.40162,-6.19862,23.775,1.63376,2022.69,0,0,700,376.141,27.5726,2,25.9964,28.5591,26.5591,23.775,0,0,0,57.0758,26.1193,2,-2.56265
1198.9,16546.7,77.5876,-1.40434,-6.22886,25.6982,1.75035,2022.86,0,0,700,405.881,29.7527,2,28.014,30.5895,28.5895,25.6982,0,0,0,57.0751,26.1192,2,-2.57551
1199,16548.8,77.608,-1.40705,-6.25916,27.2924,1.84338,2023.05,0,0,700,429.613,31.4923,2,29.6162,32.2819,30.2819,27.2924,0,0,0,57.0744,26.1191,2,-2.66567
1199.1,16551,77.632,-1.40978,-6.28953,28.8869,1.93499,2023.24,0,0,711.006,445.467,33.1679,2,31.1848,33.9746,31.9746,28.8869,0,0,0,57.0737,26.119,2,-2.78975
1199.2,16553.1,77.6602,-1.41251,-6.31996,30.6885,2.05742,2023.45,0,0,740.47,455.988,35.3581,2,33.2787,35.8872,33.8872,30.6885,0,0,0,57.0731,26.1188,2,-2.60849
1199.3,16555.3,77.693,-1.41525,-6.35047,32.5153,2.17085,2023.67,0,0,765.942,466.225,37.3956,2,35.2235,37.8266,35.8266,32.5153,0,0,0,57.0724,26.1187,2,-2.60302
1199.4,16557.5,77.7301,-1.418,-6.38105,34.234,2.28087,2023.89,0,0,790.789,475.453,39.3729,2,37.1135,39.653,37.653,34.234,0,0,0,57.0717,26.1186,2,-2.53946
1199.5,16559.6,77.7713,-1.42075,-6.4117,35.585,2.36081,2024.13,0,0,806.503,483.307,40.8186,2,38.4896,41.095,39.095,35.585,0,0,0,57.0711,26.1185,2,-2.60544
1199.6,16561.8,77.8149,-1.42351,-6.44243,36.2777,2.40894,2024.37,0,0,816.723,487.409,41.6866,2,39.3186,41.8349,39.8349,36.2777,0,0,0,57.0704,26.1184,2,-2.51633
1199.7,16563.9,77.8593,-1.42627,-6.47324,35.7584,2.37178,2024.61,0,0,808.224,484.642,41.0186,2,38.6788,41.2818,39.2818,35.7584,0,0,0,57.0697,26.1183,2,-2.60305
1199.8,16566.1,77.9004,-1.42905,-6.50413,34.1598,2.27696,2024.84,0,0,789.69,475.274,39.3034,2,37.0464,39.5772,37.5772,34.1598,0,0,0,57.0691,26.1182,2,-2.53079
1199.9,16568.3,77.9371,-1.43182,-6.53509,32.5003,2.17064,2025.05,0,0,765.913,466.197,37.3919,2,35.2201,37.8162,35.8162,32.5003,0,0,0,57.0684,26.1181,2,-2.59612
