t_s,x_m,v_kmh,grade_pct,z_m,P_wheel_kW,fuel_g_per_s,fuel_cum_g,P_friction_brake_kW,trip_time_flag,N_eng_rpm,T_eng_Nm,P_shaft_eng_kW,engine_state,P_gen_bus_kW,P_bus_load_kW,P_motor_bus_kW,P_motor_mech_kW,P_regen_pack_kW,P_heater_kW,P_resistor_kW,soc_pct,T_pack_C,genset_state,P_batt_bus_kW
3900,82271.5,99.9958,1.66247,286.285,100.187,6.51614,13327.9,0,0,1813.38,594.689,112.93,2,108.318,109.934,107.934,100.187,0,0,0,56.689,25.629,3,-1.61616
3900.1,82274.3,99.9959,1.66229,286.331,100.179,6.51568,13328.6,0,0,1813.27,594.689,112.923,2,108.311,109.926,107.926,100.179,0,0,0,56.6886,25.6289,3,-1.61498
3900.2,82277.1,99.9961,1.66206,286.378,100.171,6.51516,13329.2,0,0,1813.15,594.689,112.915,2,108.304,109.917,107.917,100.171,0,0,0,56.6882,25.6288,3,-1.61375
3900.3,82279.8,99.9963,1.66178,286.424,100.162,6.5146,13329.9,0,0,1813.01,594.689,112.906,2,108.295,109.908,107.908,100.162,0,0,0,56.6878,25.6288,3,-1.61246
3900.4,82282.6,99.9965,1.66144,286.47,100.152,6.51398,13330.5,0,0,1812.86,594.689,112.897,2,108.286,109.897,107.897,100.152,0,0,0,56.6874,25.6287,3,-1.61111
3900.5,82285.4,99.9966,1.66105,286.516,100.142,6.5133,13331.2,0,0,1812.69,594.689,112.887,2,108.276,109.886,107.886,100.142,0,0,0,56.687,25.6286,3,-1.60971
3900.6,82288.2,99.9968,1.66061,286.562,100.13,6.51257,13331.8,0,0,1812.52,594.689,112.876,2,108.265,109.874,107.874,100.13,0,0,0,56.6865,25.6286,3,-1.60824
3900.7,82290.9,99.9969,1.66011,286.608,100.118,6.51179,13332.5,0,0,1812.32,594.689,112.864,2,108.254,109.861,107.861,100.118,0,0,0,56.6861,25.6285,3,-1.60672
3900.8,82293.7,99.9971,1.65956,286.654,100.105,6.51095,13333.1,0,0,1812.12,594.689,112.851,2,108.241,109.847,107.847,100.105,0,0,0,56.6857,25.6284,3,-1.60514
3900.9,82296.5,99.9972,1.65895,286.701,100.091,6.51005,13333.8,0,0,1811.9,594.689,112.837,2,108.228,109.832,107.832,100.091,0,0,0,56.6853,25.6284,3,-1.6035
3901,82299.3,99.9973,1.65829,286.747,100.077,6.50909,13334.4,0,0,1811.67,594.689,112.823,2,108.214,109.816,107.816,100.077,0,0,0,56.6849,25.6283,3,-1.60181
3901.1,82302.1,99.9974,1.65757,286.793,100.061,6.50808,13335.1,0,0,1811.42,594.689,112.808,2,108.199,109.799,107.799,100.061,0,0,0,56.6845,25.6282,3,-1.60005
3901.2,82304.8,99.9976,1.65681,286.839,100.045,6.50701,13335.7,0,0,1811.16,594.689,112.791,2,108.183,109.782,107.782,100.045,0,0,0,56.6841,25.6282,3,-1.59823
3901.3,82307.6,99.9977,1.65598,286.885,100.027,6.50588,13336.4,0,0,1810.89,594.689,112.774,2,108.167,109.763,107.763,100.027,0,0,0,56.6836,25.6281,3,-1.59635
3901.4,82310.4,99.9978,1.65511,286.931,100.009,6.50469,13337,0,0,1810.6,594.689,112.756,2,108.149,109.744,107.744,100.009,0,0,0,56.6832,25.6281,3,-1.59441
3901.5,82313.2,99.9979,1.65417,286.977,99.9904,6.50345,13337.7,0,0,1810.3,594.689,112.737,2,108.131,109.723,107.723,99.9904,0,0,0,56.6828,25.628,3,-1.59241
3901.6,82315.9,99.998,1.65319,287.023,99.9705,6.50214,13338.3,0,0,1809.98,594.689,112.718,2,108.112,109.702,107.702,99.9705,0,0,0,56.6824,25.6279,3,-1.59034
3901.7,82318.7,99.9981,1.65215,287.068,99.9498,6.50078,13339,0,0,1809.65,594.689,112.697,2,108.091,109.68,107.68,99.9498,0,0,0,56.682,25.6279,3,-1.58822
3901.8,82321.5,99.9981,1.65105,287.114,99.9282,6.49935,13339.6,0,0,1809.3,594.689,112.675,2,108.07,109.656,107.656,99.9282,0,0,0,56.6816,25.6278,3,-1.58603
3901.9,82324.3,99.9982,1.64991,287.16,99.9057,6.49787,13340.3,0,0,1808.94,594.689,112.653,2,108.048,109.632,107.632,99.9057,0,0,0,56.6812,25.6277,3,-1.58378
3902,82327.1,99.9983,1.64871,287.206,99.8823,6.49632,13340.9,0,0,1808.56,594.689,112.629,2,108.026,109.607,107.607,99.8823,0,0,0,56.6808,25.6277,3,-1.58146
3902.1,82329.8,99.9984,1.64745,287.252,99.8581,6.49472,13341.6,0,0,1808.17,594.689,112.605,2,108.002,109.581,107.581,99.8581,0,0,0,56.6804,25.6276,3,-1.57909
3902.2,82332.6,99.9985,1.64614,287.298,99.8329,6.49305,13342.2,0,0,1807.76,594.689,112.58,2,107.977,109.554,107.554,99.8329,0,0,0,56.68,25.6275,3,-1.57665
3902.3,82335.4,99.9985,1.64478,287.343,99.8069,6.49061,13342.9,0,0,1807.17,594.689,112.543,2,107.941,109.526,107.526,99.8069,0,0,0,56.6795,25.6275,3,-1.58468
3902.4,82338.2,99.9986,1.64336,287.389,99.7799,6.48793,13343.5,0,0,1806.52,594.689,112.502,2,107.902,109.497,107.497,99.7799,0,0,0,56.6791,25.6274,3,-1.59529
3902.5,82340.9,99.9987,1.64189,287.435,99.7521,6.48517,13344.2,0,0,1805.84,594.689,112.46,2,107.861,109.467,107.467,99.7521,0,0,0,56.6787,25.6273,3,-1.60628
3902.6,82343.7,99.9987,1.64037,287.48,99.7233,6.48231,13344.8,0,0,1805.15,594.689,112.417,2,107.819,109.436,107.436,99.7233,0,0,0,56.6783,25.6273,3,-1.61765
3902.7,82346.5,99.9988,1.63879,287.526,99.6937,6.47945,13345.5,0,0,1804.43,594.689,112.372,2,107.775,109.405,107.405,99.6937,0,0,0,56.6779,25.6272,3,-1.6294
3902.8,82349.3,99.9988,1.63716,287.571,99.6632,6.47656,13346.1,0,0,1803.69,594.689,112.326,2,107.73,109.372,107.372,99.6632,0,0,0,56.6775,25.6272,3,-1.64153
3902.9,82352.1,99.9989,1.63548,287.617,99.6317,6.47359,13346.8,0,0,1802.92,594.689,112.278,2,107.684,109.338,107.338,99.6317,0,0,0,56.677,25.6271,3,-1.65404
3903,82354.8,99.9989,1.63374,287.662,99.5994,6.47053,13347.4,0,0,1802.14,594.689,112.229,2,107.636,109.303,107.303,99.5994,0,0,0,56.6766,25.627,3,-1.66693
3903.1,82357.6,99.999,1.63195,287.707,99.5662,6.46738,13348.1,0,0,1801.33,594.689,112.179,2,107.587,109.268,107.268,99.5662,0,0,0,56.6762,25.627,3,-1.6802
3903.2,82360.4,99.999,1.63011,287.753,99.532,6.46415,13348.7,0,0,1800.5,594.689,112.127,2,107.537,109.231,107.231,99.532,0,0,0,56.6757,25.6269,3,-1.69385
3903.3,82363.2,99.9991,1.62821,287.798,99.497,6.46083,13349.4,0,0,1799.65,594.689,112.074,2,107.485,109.193,107.193,99.497,0,0,0,56.6753,25.6268,3,-1.70788
3903.4,82365.9,99.9991,1.62626,287.843,99.461,6.45742,13350,0,0,1798.77,594.689,112.02,2,107.432,109.155,107.155,99.461,0,0,0,56.6748,25.6268,3,-1.72229
3903.5,82368.7,99.9992,1.62426,287.888,99.4242,6.45393,13350.7,0,0,1797.88,594.689,111.964,2,107.378,109.115,107.115,99.4242,0,0,0,56.6744,25.6267,3,-1.73708
3903.6,82371.5,99.9992,1.62221,287.933,99.3864,6.45036,13351.3,0,0,1796.96,594.689,111.907,2,107.322,109.075,107.075,99.3864,0,0,0,56.6739,25.6266,3,-1.75224
3903.7,82374.3,99.9992,1.62011,287.978,99.3478,6.4467,13351.9,0,0,1796.02,594.689,111.848,2,107.265,109.033,107.033,99.3478,0,0,0,56.6735,25.6266,3,-1.76778
3903.8,82377.1,99.9993,1.61795,288.023,99.3082,6.44295,13352.6,0,0,1795.05,594.689,111.788,2,107.207,108.991,106.991,99.3082,0,0,0,56.673,25.6265,3,-1.7837
3903.9,82379.8,99.9993,1.61574,288.068,99.2678,6.43912,13353.2,0,0,1794.07,594.689,111.727,2,107.147,108.947,106.947,99.2678,0,0,0,56.6726,25.6265,3,-1.8
3904,82382.6,99.9993,1.61348,288.113,99.2264,6.4352,13353.9,0,0,1793.06,594.689,111.664,2,107.086,108.903,106.903,99.2264,0,0,0,56.6721,25.6264,3,-1.81667
3904.1,82385.4,99.9994,1.61117,288.158,99.1842,6.4312,13354.5,0,0,1792.03,594.689,111.6,2,107.024,108.857,106.857,99.1842,0,0,0,56.6716,25.6263,3,-1.83371
3904.2,82388.2,99.9994,1.6088,288.203,99.1411,6.42711,13355.2,0,0,1790.98,594.689,111.534,2,106.96,108.811,106.811,99.1411,0,0,0,56.6711,25.6263,3,-1.85113
3904.3,82390.9,99.9994,1.60639,288.247,99.097,6.42294,13355.8,0,0,1789.91,594.689,111.468,2,106.895,108.764,106.764,99.097,0,0,0,56.6707,25.6262,3,-1.86892
3904.4,82393.7,99.9994,1.60392,288.292,99.0521,6.41869,13356.4,0,0,1788.81,594.689,111.399,2,106.828,108.716,106.716,99.0521,0,0,0,56.6702,25.6261,3,-1.88709
3904.5,82396.5,99.9995,1.60141,288.336,99.0063,6.41435,13357.1,0,0,1787.69,594.689,111.33,2,106.761,108.666,106.666,99.0063,0,0,0,56.6697,25.6261,3,-1.90562
3904.6,82399.3,99.9995,1.59884,288.381,98.9597,6.40993,13357.7,0,0,1786.55,594.689,111.259,2,106.692,108.616,106.616,98.9597,0,0,0,56.6692,25.626,3,-1.92452
3904.7,82402.1,99.9995,1.59622,288.425,98.9121,6.40542,13358.4,0,0,1785.39,594.689,111.187,2,106.621,108.565,106.565,98.9121,0,0,0,56.6687,25.6259,3,-1.94379
3904.8,82404.8,99.9995,1.59356,288.47,98.8637,6.40136,13359,0,0,1784.35,594.689,111.121,2,106.558,108.513,106.513,98.8637,0,0,0,56.6682,25.6259,3,-1.95527
3904.9,82407.6,99.9996,1.59084,288.514,98.8143,6.39824,13359.6,0,0,1783.54,594.689,111.071,2,106.509,108.46,106.46,98.8143,0,0,0,56.6677,25.6258,3,-1.95095
3905,82410.4,99.9996,1.58807,288.558,98.7642,6.39508,13360.3,0,0,1782.73,594.689,111.021,2,106.46,108.406,106.406,98.7642,0,0,0,56.6672,25.6258,3,-1.94658
3905.1,82413.2,99.9996,1.58526,288.602,98.7131,6.39185,13360.9,0,0,1781.9,594.689,110.969,2,106.409,108.351,106.351,98.7131,0,0,0,56.6667,25.6257,3,-1.94214
3905.2,82415.9,99.9996,1.58239,288.646,98.6612,6.38857,13361.6,0,0,1781.05,594.689,110.916,2,106.358,108.296,106.296,98.6612,0,0,0,56.6662,25.6256,3,-1.93764
3905.3,82418.7,99.9996,1.57947,288.69,98.6084,6.38524,13362.2,0,0,1780.19,594.689,110.863,2,106.306,108.239,106.239,98.6084,0,0,0,56.6657,25.6256,3,-1.93308
3905.4,82421.5,99.9996,1.57651,288.734,98.5548,6.38185,13362.8,0,0,1779.32,594.689,110.808,2,106.253,108.181,106.181,98.5548,0,0,0,56.6652,25.6255,3,-1.92847
3905.5,82424.3,99.9997,1.5735,288.777,98.5003,6.3784,13363.5,0,0,1778.43,594.689,110.753,2,106.199,108.123,106.123,98.5003,0,0,0,56.6647,25.6254,3,-1.92379
3905.6,82427.1,99.9997,1.57044,288.821,98.4449,6.37491,13364.1,0,0,1777.53,594.689,110.697,2,106.144,108.063,106.063,98.4449,0,0,0,56.6642,25.6254,3,-1.91906
3905.7,82429.8,99.9997,1.56733,288.865,98.3887,6.37136,13364.8,0,0,1776.61,594.689,110.64,2,106.089,108.003,106.003,98.3887,0,0,0,56.6637,25.6253,3,-1.91427
3905.8,82432.6,99.9997,1.56418,288.908,98.3317,6.36775,13365.4,0,0,1775.68,594.689,110.582,2,106.032,107.942,105.942,98.3317,0,0,0,56.6632,25.6253,3,-1.90942
3905.9,82435.4,99.9997,1.56097,288.952,98.2738,6.36411,13366,0,0,1774.74,594.689,110.523,2,105.975,107.88,105.88,98.2738,0,0,0,56.6627,25.6252,3,-1.90452
3906,82438.2,99.9997,1.55772,288.995,98.2151,6.36042,13366.7,0,0,1773.78,594.689,110.464,2,105.918,107.817,105.817,98.2151,0,0,0,56.6622,25.6251,3,-1.89958
3906.1,82440.9,99.9997,1.55442,289.038,98.1556,6.35667,13367.3,0,0,1772.82,594.689,110.403,2,105.859,107.754,105.754,98.1556,0,0,0,56.6617,25.6251,3,-1.89458
3906.2,82443.7,99.9998,1.55108,289.081,98.0952,6.35288,13367.9,0,0,1771.84,594.689,110.342,2,105.8,107.689,105.689,98.0952,0,0,0,56.6612,25.625,3,-1.88952
3906.3,82446.5,99.9998,1.54769,289.124,98.034,6.34903,13368.6,0,0,1770.84,594.689,110.281,2,105.739,107.624,105.624,98.034,0,0,0,56.6607,25.6249,3,-1.88441
3906.4,82449.3,99.9998,1.54425,289.167,97.972,6.34513,13369.2,0,0,1769.84,594.689,110.218,2,105.678,107.558,105.558,97.972,0,0,0,56.6602,25.6249,3,-1.87925
3906.5,82452.1,99.9998,1.54077,289.21,97.9092,6.34119,13369.8,0,0,1768.82,594.689,110.154,2,105.616,107.49,105.49,97.9092,0,0,0,56.6598,25.6248,3,-1.87402
3906.6,82454.8,99.9998,1.53725,289.253,97.8456,6.33719,13370.5,0,0,1767.78,594.689,110.09,2,105.554,107.422,105.422,97.8456,0,0,0,56.6593,25.6247,3,-1.86875
3906.7,82457.6,99.9998,1.53367,289.296,97.7812,6.33314,13371.1,0,0,1766.74,594.689,110.025,2,105.49,107.354,105.354,97.7812,0,0,0,56.6588,25.6247,3,-1.86341
3906.8,82460.4,99.9998,1.53006,289.338,97.716,6.32904,13371.7,0,0,1765.68,594.689,109.959,2,105.426,107.284,105.284,97.716,0,0,0,56.6583,25.6246,3,-1.85803
3906.9,82463.2,99.9998,1.5264,289.381,97.65,6.32489,13372.4,0,0,1764.6,594.689,109.892,2,105.361,107.214,105.214,97.65,0,0,0,56.6578,25.6246,3,-1.85259
3907,82465.9,99.9998,1.52269,289.423,97.5832,6.32069,13373,0,0,1763.52,594.689,109.824,2,105.295,107.142,105.142,97.5832,0,0,0,56.6574,25.6245,3,-1.8471
3907.1,82468.7,99.9998,1.51894,289.465,97.5156,6.31645,13373.6,0,0,1762.42,594.689,109.756,2,105.228,107.07,105.07,97.5156,0,0,0,56.6569,25.6244,3,-1.84155
3907.2,82471.5,99.9998,1.51515,289.507,97.4473,6.31215,13374.3,0,0,1761.31,594.689,109.687,2,105.161,106.997,104.997,97.4473,0,0,0,56.6564,25.6244,3,-1.83596
3907.3,82474.3,99.9999,1.51132,289.549,97.3782,6.30781,13374.9,0,0,1760.18,594.689,109.616,2,105.093,106.923,104.923,97.3782,0,0,0,56.6559,25.6243,3,-1.83031
3907.4,82477.1,99.9999,1.50744,289.591,97.3083,6.30342,13375.5,0,0,1759.04,594.689,109.546,2,105.024,106.849,104.849,97.3083,0,0,0,56.6555,25.6242,3,-1.82461
3907.5,82479.8,99.9999,1.50352,289.633,97.2377,6.29899,13376.2,0,0,1757.9,594.689,109.474,2,104.954,106.773,104.773,97.2377,0,0,0,56.655,25.6242,3,-1.81886
3907.6,82482.6,99.9999,1.49956,289.675,97.1664,6.2945,13376.8,0,0,1756.73,594.689,109.402,2,104.884,106.697,104.697,97.1664,0,0,0,56.6545,25.6241,3,-1.81306
3907.7,82485.4,99.9999,1.49555,289.716,97.0943,6.28997,13377.4,0,0,1755.56,594.689,109.329,2,104.813,106.62,104.62,97.0943,0,0,0,56.6541,25.624,3,-1.80721
3907.8,82488.2,99.9999,1.49151,289.758,97.0215,6.2854,13378,0,0,1754.37,594.689,109.255,2,104.741,106.542,104.542,97.0215,0,0,0,56.6536,25.624,3,-1.80131
3907.9,82490.9,99.9999,1.48742,289.799,96.9479,6.28078,13378.7,0,0,1753.18,594.689,109.18,2,104.668,106.464,104.464,96.9479,0,0,0,56.6531,25.6239,3,-1.79536
3908,82493.7,99.9999,1.4833,289.84,96.8736,6.27611,13379.3,0,0,1751.97,594.689,109.105,2,104.595,106.384,104.384,96.8736,0,0,0,56.6527,25.6239,3,-1.78936
3908.1,82496.5,99.9999,1.47913,289.882,96.7986,6.27141,13379.9,0,0,1750.75,594.689,109.029,2,104.521,106.304,104.304,96.7986,0,0,0,56.6522,25.6238,3,-1.78332
3908.2,82499.3,99.9999,1.47493,289.923,96.7229,6.26665,13380.6,0,0,1749.51,594.689,108.952,2,104.446,106.223,104.223,96.7229,0,0,0,56.6518,25.6237,3,-1.77723
3908.3,82502.1,99.9999,1.47068,289.964,96.6465,6.26186,13381.2,0,0,1748.27,594.689,108.875,2,104.37,106.142,104.142,96.6465,0,0,0,56.6513,25.6237,3,-1.77109
3908.4,82504.8,99.9999,1.4664,290.004,96.5694,6.25702,13381.8,0,0,1747.01,594.689,108.796,2,104.294,106.059,104.059,96.5694,0,0,0,56.6508,25.6236,3,-1.76491
3908.5,82507.6,99.9999,1.46208,290.045,96.4916,6.25213,13382.4,0,0,1745.74,594.689,108.717,2,104.217,105.976,103.976,96.4916,0,0,0,56.6504,25.6235,3,-1.75868
3908.6,82510.4,99.9999,1.45772,290.086,96.4132,6.24721,13383.1,0,0,1744.46,594.689,108.638,2,104.14,105.892,103.892,96.4132,0,0,0,56.6499,25.6235,3,-1.7524
3908.7,82513.2,99.9999,1.45332,290.126,96.334,6.24224,13383.7,0,0,1743.17,594.689,108.557,2,104.062,105.808,103.808,96.334,0,0,0,56.6495,25.6234,3,-1.74608
3908.8,82515.9,99.9999,1.44888,290.166,96.2542,6.23724,13384.3,0,0,1741.87,594.689,108.476,2,103.983,105.723,103.723,96.2542,0,0,0,56.649,25.6233,3,-1.73972
3908.9,82518.7,99.9999,1.44441,290.206,96.1738,6.23219,13384.9,0,0,1740.56,594.689,108.395,2,103.903,105.637,103.637,96.1738,0,0,0,56.6486,25.6233,3,-1.73331
3909,82521.5,99.9999,1.4399,290.247,96.0926,6.2271,13385.6,0,0,1739.24,594.689,108.312,2,103.823,105.55,103.55,96.0926,0,0,0,56.6481,25.6232,3,-1.72686
3909.1,82524.3,99.9999,1.43536,290.286,96.0109,6.22091,13386.2,0,0,1737.63,594.689,108.212,2,103.725,105.463,103.463,96.0109,0,0,0,56.6477,25.6232,3,-1.73721
3909.2,82527.1,99.9999,1.43078,290.326,95.9285,6.21316,13386.8,0,0,1735.61,594.689,108.086,2,103.603,105.375,103.375,95.9285,0,0,0,56.6472,25.6231,3,-1.77141
3909.3,82529.8,99.9999,1.42616,290.366,95.8455,6.20536,13387.4,0,0,1733.58,594.689,107.96,2,103.48,105.286,103.286,95.8455,0,0,0,56.6468,25.623,3,-1.80586
3909.4,82532.6,99.9999,1.42152,290.406,95.7618,6.19751,13388,0,0,1731.54,594.689,107.833,2,103.356,105.197,103.197,95.7618,0,0,0,56.6463,25.623,3,-1.84055
3909.5,82535.4,99.9999,1.41683,290.445,95.6776,6.1896,13388.7,0,0,1729.48,594.689,107.704,2,103.231,105.107,103.107,95.6776,0,0,0,56.6458,25.6229,3,-1.87548
3909.6,82538.2,99.9999,1.41212,290.484,95.5927,6.18163,13389.3,0,0,1727.4,594.689,107.575,2,103.105,105.016,103.016,95.5927,0,0,0,56.6453,25.6228,3,-1.91066
3909.7,82540.9,100,1.40737,290.523,95.5073,6.17362,13389.9,0,0,1725.31,594.689,107.445,2,102.979,104.925,102.925,95.5073,0,0,0,56.6448,25.6228,3,-1.94606
3909.8,82543.7,100,1.40258,290.562,95.4213,6.16555,13390.5,0,0,1723.21,594.689,107.314,2,102.851,104.833,102.833,95.4213,0,0,0,56.6443,25.6227,3,-1.9817
3909.9,82546.5,100,1.39777,290.601,95.3346,6.15744,13391.1,0,0,1721.09,594.689,107.182,2,102.723,104.74,102.74,95.3346,0,0,0,56.6438,25.6227,3,-2.01757
3910,82549.3,100,1.39292,290.64,95.2475,6.14928,13391.7,0,0,1718.96,594.689,107.05,2,102.593,104.647,102.647,95.2475,0,0,0,56.6432,25.6226,3,-2.05367
3910.1,82552.1,100,1.38804,290.679,95.1597,6.14106,13392.4,0,0,1716.82,594.689,106.916,2,102.463,104.553,102.553,95.1597,0,0,0,56.6427,25.6225,3,-2.08998
3910.2,82554.8,100,1.38313,290.717,95.0714,6.13373,13393,0,0,1714.9,594.689,106.797,2,102.347,104.459,102.459,95.0714,0,0,0,56.6422,25.6225,3,-2.11188
3910.3,82557.6,100,1.37819,290.756,94.9826,6.12819,13393.6,0,0,1713.45,594.689,106.707,2,102.259,104.364,102.364,94.9826,0,0,0,56.6416,25.6224,3,-2.10474
3910.4,82560.4,100,1.37322,290.794,94.8932,6.12261,13394.2,0,0,1712,594.689,106.616,2,102.171,104.269,102.269,94.8932,0,0,0,56.6411,25.6223,3,-2.09758
3910.5,82563.2,100,1.36822,290.832,94.8033,6.11701,13394.8,0,0,1710.53,594.689,106.525,2,102.082,104.173,102.173,94.8033,0,0,0,56.6405,25.6223,3,-2.09037
3910.6,82565.9,100,1.36319,290.87,94.7128,6.11138,13395.4,0,0,1709.06,594.689,106.433,2,101.993,104.076,102.076,94.7128,0,0,0,56.64,25.6222,3,-2.08314
3910.7,82568.7,100,1.35814,290.908,94.6219,6.10571,13396,0,0,1707.58,594.689,106.341,2,101.903,103.979,101.979,94.6219,0,0,0,56.6395,25.6222,3,-2.07587
3910.8,82571.5,100,1.35305,290.945,94.5304,6.10002,13396.6,0,0,1706.09,594.689,106.248,2,101.813,103.881,101.881,94.5304,0,0,0,56.6389,25.6221,3,-2.06857
3910.9,82574.3,100,1.34794,290.983,94.4385,6.09429,13397.2,0,0,1704.59,594.689,106.154,2,101.722,103.783,101.783,94.4385,0,0,0,56.6384,25.622,3,-2.06124
3911,82577.1,100,1.3428,291.02,94.3461,6.08854,13397.9,0,0,1703.08,594.689,106.061,2,101.63,103.684,101.684,94.3461,0,0,0,56.6379,25.622,3,-2.05388
3911.1,82579.8,100,1.33763,291.057,94.2532,6.08275,13398.5,0,0,1701.57,594.689,105.966,2,101.538,103.585,101.585,94.2532,0,0,0,56.6373,25.6219,3,-2.04649
3911.2,82582.6,100,1.33244,291.094,94.1598,6.07694,13399.1,0,0,1700.05,594.689,105.872,2,101.446,103.485,101.485,94.1598,0,0,0,56.6368,25.6218,3,-2.03907
3911.3,82585.4,100,1.32722,291.131,94.066,6.0711,13399.7,0,0,1698.52,594.689,105.776,2,101.353,103.385,101.385,94.066,0,0,0,56.6363,25.6218,3,-2.03162
3911.4,82588.2,100,1.32198,291.168,93.9717,6.06524,13400.3,0,0,1696.98,594.689,105.681,2,101.26,103.284,101.284,93.9717,0,0,0,56.6358,25.6217,3,-2.02415
3911.5,82590.9,100,1.31672,291.205,93.877,6.05935,13400.9,0,0,1695.44,594.689,105.584,2,101.166,103.183,101.183,93.877,0,0,0,56.6352,25.6216,3,-2.01665
3911.6,82593.7,100,1.31142,291.241,93.7818,6.05343,13401.5,0,0,1693.88,594.689,105.488,2,101.072,103.081,101.081,93.7818,0,0,0,56.6347,25.6216,3,-2.00912
3911.7,82596.5,100,1.30611,291.278,93.6863,6.04749,13402.1,0,0,1692.33,594.689,105.391,2,100.978,102.979,100.979,93.6863,0,0,0,56.6342,25.6215,3,-2.00156
3911.8,82599.3,100,1.30077,291.314,93.5903,6.04153,13402.7,0,0,1690.76,594.689,105.293,2,100.883,102.877,100.877,93.5903,0,0,0,56.6337,25.6215,3,-1.99398
3911.9,82602.1,100,1.29541,291.35,93.4939,6.03554,13403.3,0,0,1689.19,594.689,105.195,2,100.787,102.774,100.774,93.4939,0,0,0,56.6332,25.6214,3,-1.98638
3912,82604.8,100,1.29003,291.386,93.3972,6.02953,13403.9,0,0,1687.61,594.689,105.097,2,100.692,102.67,100.67,93.3972,0,0,0,56.6327,25.6213,3,-1.97875
3912.1,82607.6,100,1.28463,291.422,93.3,6.02349,13404.5,0,0,1686.03,594.689,104.998,2,100.596,102.567,100.567,93.3,0,0,0,56.6322,25.6213,3,-1.9711
3912.2,82610.4,100,1.2792,291.457,93.2025,6.01744,13405.1,0,0,1684.44,594.689,104.899,2,100.499,102.463,100.463,93.2025,0,0,0,56.6316,25.6212,3,-1.96343
3912.3,82613.2,100,1.27376,291.493,93.1046,6.01136,13405.7,0,0,1682.84,594.689,104.8,2,100.402,102.358,100.358,93.1046,0,0,0,56.6311,25.6211,3,-1.95574
3912.4,82615.9,100,1.2683,291.528,93.0063,6.00526,13406.3,0,0,1681.24,594.689,104.7,2,100.305,102.253,100.253,93.0063,0,0,0,56.6306,25.6211,3,-1.94802
3912.5,82618.7,100,1.26281,291.563,92.9077,5.99914,13406.9,0,0,1679.63,594.689,104.6,2,100.207,102.148,100.148,92.9077,0,0,0,56.6301,25.621,3,-1.94029
3912.6,82621.5,100,1.25731,291.598,92.8088,5.99301,13407.5,0,0,1678.01,594.689,104.499,2,100.109,102.042,100.042,92.8088,0,0,0,56.6296,25.621,3,-1.93253
3912.7,82624.3,100,1.25179,291.633,92.7096,5.98685,13408.1,0,0,1676.39,594.689,104.399,2,100.011,101.936,99.936,92.7096,0,0,0,56.6291,25.6209,3,-1.92476
3912.8,82627.1,100,1.24625,291.668,92.61,5.98068,13408.7,0,0,1674.77,594.689,104.297,2,99.9126,101.83,99.8296,92.61,0,0,0,56.6286,25.6208,3,-1.91697
3912.9,82629.8,100,1.2407,291.702,92.5101,5.97448,13409.3,0,0,1673.14,594.689,104.196,2,99.8137,101.723,99.7229,92.5101,0,0,0,56.6281,25.6208,3,-1.90916
3913,82632.6,100,1.23513,291.737,92.4099,5.96828,13409.9,0,0,1671.5,594.689,104.094,2,99.7146,101.616,99.6159,92.4099,0,0,0,56.6277,25.6207,3,-1.90134
3913.1,82635.4,100,1.22954,291.771,92.3095,5.96205,13410.5,0,0,1669.86,594.689,103.992,2,99.6151,101.509,99.5086,92.3095,0,0,0,56.6272,25.6206,3,-1.89349
3913.2,82638.2,100,1.22394,291.805,92.2087,5.95581,13411.1,0,0,1668.22,594.689,103.89,2,99.5153,101.401,99.401,92.2087,0,0,0,56.6267,25.6206,3,-1.88564
3913.3,82640.9,100,1.21832,291.839,92.1077,5.94956,13411.7,0,0,1666.57,594.689,103.787,2,99.4153,101.293,99.2931,92.1077,0,0,0,56.6262,25.6205,3,-1.87777
3913.4,82643.7,100,1.21269,291.873,92.0065,5.94329,13412.3,0,0,1664.92,594.689,103.684,2,99.315,101.185,99.1849,92.0065,0,0,0,56.6257,25.6205,3,-1.86988
3913.5,82646.5,100,1.20704,291.906,91.905,5.937,13412.9,0,0,1663.26,594.689,103.581,2,99.2145,101.076,99.0765,91.905,0,0,0,56.6252,25.6204,3,-1.86199
3913.6,82649.3,100,1.20139,291.94,91.8032,5.93071,13413.5,0,0,1661.6,594.689,103.477,2,99.1137,100.968,98.9678,91.8032,0,0,0,56.6248,25.6203,3,-1.85408
3913.7,82652.1,100,1.19571,291.973,91.7013,5.9244,13414.1,0,0,1659.94,594.689,103.374,2,99.0127,100.859,98.8589,91.7013,0,0,0,56.6243,25.6203,3,-1.84615
3913.8,82654.8,100,1.19003,292.006,91.5991,5.91808,13414.7,0,0,1658.27,594.689,103.27,2,98.9115,100.75,98.7497,91.5991,0,0,0,56.6238,25.6202,3,-1.83822
3913.9,82657.6,100,1.18434,292.039,91.4967,5.91175,13415.2,0,0,1656.59,594.689,103.166,2,98.81,100.64,98.6403,91.4967,0,0,0,56.6233,25.6201,3,-1.83028
3914,82660.4,100,1.17863,292.072,91.3941,5.9054,13415.8,0,0,1654.92,594.689,103.061,2,98.7084,100.531,98.5307,91.3941,0,0,0,56.6229,25.6201,3,-1.82233
3914.1,82663.2,100,1.17292,292.105,91.2913,5.89791,13416.4,0,0,1652.94,594.689,102.938,2,98.5882,100.421,98.4209,91.2913,0,0,0,56.6224,25.62,3,-1.83271
3914.2,82665.9,100,1.16719,292.137,91.1884,5.88837,13417,0,0,1650.42,594.689,102.781,2,98.4352,100.311,98.311,91.1884,0,0,0,56.6219,25.62,3,-1.87573
3914.3,82668.7,100,1.16145,292.169,91.0852,5.87882,13417.6,0,0,1647.89,594.689,102.624,2,98.282,100.201,98.2008,91.0852,0,0,0,56.6214,25.6199,3,-1.91881
3914.4,82671.5,100,1.15571,292.202,90.982,5.86926,13418.2,0,0,1645.36,594.689,102.466,2,98.1286,100.09,98.0905,90.982,0,0,0,56.6209,25.6198,3,-1.96193
3914.5,82674.3,100,1.14996,292.234,90.8785,5.85969,13418.8,0,0,1642.83,594.689,102.308,2,97.9749,99.98,97.98,90.8785,0,0,0,56.6204,25.6198,3,-2.00508
3914.6,82677.1,100,1.1442,292.265,90.775,5.85012,13419.4,0,0,1640.3,594.689,102.151,2,97.8211,99.8694,97.8694,90.775,0,0,0,56.6198,25.6197,3,-2.04828
3914.7,82679.8,100,1.13843,292.297,90.6713,5.84054,13419.9,0,0,1637.76,594.689,101.993,2,97.6671,99.7586,97.7586,90.6713,0,0,0,56.6193,25.6196,3,-2.0915
3914.8,82682.6,100,1.13266,292.329,90.5675,5.83096,13420.5,0,0,1635.22,594.689,101.834,2,97.513,99.6477,97.6477,90.5675,0,0,0,56.6188,25.6196,3,-2.13475
3914.9,82685.4,100,1.12688,292.36,90.4636,5.82137,13421.1,0,0,1632.68,594.689,101.676,2,97.3587,99.5367,97.5367,90.4636,0,0,0,56.6182,25.6195,3,-2.17802
3915,82688.2,100,1.1211,292.391,90.3596,5.81258,13421.7,0,0,1630.35,594.689,101.531,2,97.2172,99.4256,97.4256,90.3596,0,0,0,56.6176,25.6194,3,-2.20845
3915.1,82690.9,100,1.11531,292.422,90.2555,5.80618,13422.3,0,0,1628.65,594.689,101.425,2,97.1142,99.3145,97.3145,90.2555,0,0,0,56.6171,25.6194,3,-2.20026
3915.2,82693.7,100,1.10952,292.453,90.1514,5.79979,13422.9,0,0,1626.95,594.689,101.319,2,97.0111,99.2032,97.2032,90.1514,0,0,0,56.6165,25.6193,3,-2.19207
3915.3,82696.5,100,1.10372,292.484,90.0471,5.79338,13423.4,0,0,1625.25,594.689,101.214,2,96.908,99.0919,97.0919,90.0471,0,0,0,56.6159,25.6193,3,-2.18388
3915.4,82699.3,100,1.09792,292.515,89.9429,5.78698,13424,0,0,1623.55,594.689,101.108,2,96.8048,98.9805,96.9805,89.9429,0,0,0,56.6154,25.6192,3,-2.17569
3915.5,82702.1,100,1.09212,292.545,89.8385,5.78058,13424.6,0,0,1621.85,594.689,101.002,2,96.7015,98.869,96.869,89.8385,0,0,0,56.6148,25.6191,3,-2.1675
3915.6,82704.8,100,1.08631,292.575,89.7342,5.77417,13425.2,0,0,1620.15,594.689,100.896,2,96.5982,98.7575,96.7575,89.7342,0,0,0,56.6142,25.6191,3,-2.15932
3915.7,82707.6,100,1.08051,292.605,89.6298,5.76777,13425.7,0,0,1618.44,594.689,100.79,2,96.4949,98.646,96.646,89.6298,0,0,0,56.6137,25.619,3,-2.15113
3915.8,82710.4,100,1.0747,292.635,89.5254,5.76137,13426.3,0,0,1616.74,594.689,100.684,2,96.3916,98.5345,96.5345,89.5254,0,0,0,56.6131,25.619,3,-2.14295
3915.9,82713.2,100,1.0689,292.665,89.421,5.7545,13426.9,0,0,1614.52,594.858,100.574,2,96.2838,98.423,96.423,89.421,0,0,0,56.6126,25.6189,3,-2.1392
3916,82715.9,100,1.06309,292.695,89.3166,5.7478,13427.5,0,0,1610.26,595.69,100.449,2,96.1582,98.3115,96.3115,89.3166,0,0,0,56.612,25.6188,3,-2.15326
3916.1,82718.7,100,1.05729,292.724,89.2123,5.74148,13428,0,0,1606.01,596.521,100.323,2,96.032,98.2,96.2,89.2123,0,0,0,56.6115,25.6188,3,-2.16805
3916.2,82721.5,100,1.05148,292.753,89.1079,5.73513,13428.6,0,0,1601.75,597.352,100.197,2,95.905,98.0885,96.0885,89.1079,0,0,0,56.6109,25.6187,3,-2.18359
3916.3,82724.3,100,1.04568,292.783,89.0036,5.72721,13429.2,0,0,1597.5,598.183,100.07,2,95.7773,97.9771,95.9771,89.0036,0,0,0,56.6103,25.6186,3,-2.19986
3916.4,82727.1,100,1.03989,292.811,88.8994,5.71821,13429.8,0,0,1593.25,599.014,99.9424,2,95.6489,97.8658,95.8658,88.8994,0,0,0,56.6098,25.6186,3,-2.21686
3916.5,82729.8,100,1.03409,292.84,88.7952,5.70918,13430.3,0,0,1589,599.844,99.814,2,95.5199,97.7544,95.7544,88.7952,0,0,0,56.6092,25.6185,3,-2.23459
3916.6,82732.6,100,1.0283,292.869,88.691,5.70013,13430.9,0,0,1584.76,600.673,99.685,2,95.3902,97.6432,95.6432,88.691,0,0,0,56.6086,25.6185,3,-2.25304
3916.7,82735.4,100,1.02251,292.897,88.587,5.69106,13431.5,0,0,1580.52,601.502,99.5554,2,95.2598,97.5321,95.5321,88.587,0,0,0,56.608,25.6184,3,-2.27222
3916.8,82738.2,100,1.01673,292.926,88.483,5.68215,13432,0,0,1576.54,602.246,99.4276,2,95.1316,97.421,95.421,88.483,0,0,0,56.6074,25.6183,3,-2.28938
3916.9,82740.9,100,1.01096,292.954,88.3792,5.67418,13432.6,0,0,1574,602.521,99.3129,2,95.0184,97.3101,95.3101,88.3792,0,0,0,56.6068,25.6183,3,-2.29162
3917,82743.7,100,1.00518,292.982,88.2754,5.66621,13433.2,0,0,1571.46,602.797,99.1981,2,94.9052,97.1992,95.1992,88.2754,0,0,0,56.6062,25.6182,3,-2.294
3917.1,82746.5,100,0.999421,293.01,88.1718,5.65825,13433.7,0,0,1568.93,603.072,99.0834,2,94.792,97.0885,95.0885,88.1718,0,0,0,56.6056,25.6181,3,-2.29653
3917.2,82749.3,100,0.993665,293.037,88.0683,5.65031,13434.3,0,0,1566.4,603.347,98.9686,2,94.6788,96.9779,94.9779,88.0683,0,0,0,56.605,25.6181,3,-2.2992
3917.3,82752.1,100,0.987916,293.065,87.9649,5.64237,13434.9,0,0,1563.87,603.621,98.8539,2,94.5655,96.8675,94.8675,87.9649,0,0,0,56.6045,25.618,3,-2.30201
3917.4,82754.8,100,0.982176,293.092,87.8617,5.63445,13435.4,0,0,1561.35,603.895,98.7391,2,94.4523,96.7573,94.7573,87.8617,0,0,0,56.6039,25.618,3,-2.30496
3917.5,82757.6,100,0.976445,293.12,87.7586,5.62654,13436,0,0,1558.83,604.168,98.6244,2,94.3391,96.6472,94.6472,87.7586,0,0,0,56.6033,25.6179,3,-2.30805
3917.6,82760.4,100,0.970723,293.147,87.6557,5.61864,13436.6,0,0,1556.31,604.441,98.5098,2,94.226,96.5373,94.5373,87.6557,0,0,0,56.6027,25.6178,3,-2.31127
3917.7,82763.2,100,0.965011,293.173,87.553,5.61102,13437.1,0,0,1553.74,604.738,98.3954,2,94.113,96.4275,94.4275,87.553,0,0,0,56.6021,25.6178,3,-2.31459
3917.8,82765.9,100,0.959309,293.2,87.4505,5.60357,13437.7,0,0,1547.89,606.371,98.2897,2,94.0018,96.318,94.318,87.4505,0,0,0,56.6015,25.6177,3,-2.31625
3917.9,82768.7,100,0.953619,293.227,87.3482,5.59631,13438.2,0,0,1542.07,607.997,98.1823,2,93.889,96.2089,94.2089,87.3482,0,0,0,56.6009,25.6176,3,-2.31993
3918,82771.5,100,0.94794,293.253,87.2461,5.589,13438.8,0,0,1536.27,609.615,98.0736,2,93.7748,96.1004,94.1004,87.2461,0,0,0,56.6003,25.6176,3,-2.32557
3918.1,82774.3,100,0.942273,293.279,87.1442,5.58162,13439.4,0,0,1530.49,611.229,97.9631,2,93.6589,95.992,93.992,87.1442,0,0,0,56.5997,25.6175,3,-2.33318
3918.2,82777.1,100,0.936619,293.305,87.0425,5.57417,13439.9,0,0,1524.72,612.84,97.8509,2,93.5412,95.8839,93.8839,87.0425,0,0,0,56.5991,25.6175,3,-2.34274
3918.3,82779.8,100,0.930979,293.331,86.9411,5.56665,13440.5,0,0,1518.96,614.446,97.7371,2,93.4219,95.7761,93.7761,86.9411,0,0,0,56.5985,25.6174,3,-2.35424
3918.4,82782.6,100,0.925352,293.357,86.8399,5.55905,13441,0,0,1513.22,616.049,97.6216,2,93.3009,95.6685,93.6685,86.8399,0,0,0,56.5978,25.6173,3,-2.36765
3918.5,82785.4,100,0.919739,293.383,86.739,5.55139,13441.6,0,0,1507.49,617.648,97.5045,2,93.1783,95.5612,93.5612,86.739,0,0,0,56.5972,25.6173,3,-2.38297
3918.6,82788.2,100,0.914142,293.408,86.6383,5.54367,13442.1,0,0,1501.78,619.242,97.3858,2,93.0541,95.4542,93.4542,86.6383,0,0,0,56.5966,25.6172,3,-2.40018
3918.7,82790.9,100,0.908559,293.434,86.538,5.53584,13442.7,0,0,1498.32,619.921,97.2681,2,92.9356,95.3475,93.3475,86.538,0,0,0,56.596,25.6172,3,-2.41192
3918.8,82793.7,100,0.902993,293.459,86.4379,5.528,13443.2,0,0,1495.89,620.185,97.1515,2,92.8204,95.2411,93.2411,86.4379,0,0,0,56.5954,25.6171,3,-2.42071
3918.9,82796.5,100,0.897443,293.484,86.3381,5.52018,13443.8,0,0,1493.46,620.449,97.0351,2,92.7054,95.135,93.135,86.3381,0,0,0,56.5947,25.617,3,-2.4296
3919,82799.3,100,0.891911,293.509,86.2386,5.51238,13444.3,0,0,1491.04,620.711,96.919,2,92.5906,95.0292,93.0292,86.2386,0,0,0,56.5941,25.617,3,-2.43859
3919.1,82802.1,100,0.886396,293.533,86.1394,5.50461,13444.9,0,0,1488.63,620.973,96.8031,2,92.4761,94.9238,92.9238,86.1394,0,0,0,56.5935,25.6169,3,-2.44768
3919.2,82804.8,100,0.880898,293.558,86.0406,5.49687,13445.4,0,0,1486.23,621.234,96.6874,2,92.3618,94.8187,92.8187,86.0406,0,0,0,56.5928,25.6168,3,-2.45686
3919.3,82807.6,100,0.87542,293.582,85.9421,5.48915,13446,0,0,1483.84,621.494,96.5721,2,92.2478,94.714,92.714,85.9421,0,0,0,56.5922,25.6168,3,-2.46614
3919.4,82810.4,100,0.86996,293.607,85.8439,5.48146,13446.5,0,0,1481.45,621.753,96.457,2,92.1341,94.6096,92.6096,85.8439,0,0,0,56.5916,25.6167,3,-2.47551
3919.5,82813.2,100,0.864521,293.631,85.7461,5.47379,13447.1,0,0,1479.07,622.011,96.3421,2,92.0206,94.5056,92.5056,85.7461,0,0,0,56.5909,25.6167,3,-2.48497
3919.6,82815.9,100,0.859101,293.655,85.6486,5.46628,13447.6,0,0,1476.56,622.339,96.2291,2,91.9086,94.402,92.402,85.6486,0,0,0,56.5903,25.6166,3,-2.49343
3919.7,82818.7,100,0.853702,293.678,85.5515,5.45997,13448.2,0,0,1472.63,623.363,96.1309,2,91.8071,94.2988,92.2988,85.5515,0,0,0,56.5896,25.6165,3,-2.49167
3919.8,82821.5,100,0.848324,293.702,85.4548,5.45365,13448.7,0,0,1468.71,624.383,96.0322,2,91.7052,94.196,92.196,85.4548,0,0,0,56.589,25.6165,3,-2.49077
3919.9,82824.3,100,0.842968,293.725,85.3585,5.44731,13449.3,0,0,1464.81,625.399,95.933,2,91.6028,94.0936,92.0936,85.3585,0,0,0,56.5883,25.6164,3,-2.49072
3920,82827.1,100,0.837634,293.749,85.2626,5.44097,13449.8,0,0,1460.93,626.411,95.8334,2,91.5001,93.9916,91.9916,85.2626,0,0,0,56.5877,25.6164,3,-2.49149
3920.1,82829.8,100,0.832322,293.772,85.1671,5.43462,13450.4,0,0,1457.06,627.418,95.7335,2,91.3969,93.89,91.89,85.1671,0,0,0,56.587,25.6163,3,-2.49309
3920.2,82832.6,100,0.827034,293.795,85.072,5.42825,13450.9,0,0,1453.21,628.421,95.6332,2,91.2934,93.7889,91.7889,85.072,0,0,0,56.5864,25.6162,3,-2.49549
3920.3,82835.4,100,0.821769,293.818,84.9773,5.42189,13451.4,0,0,1449.38,629.42,95.5325,2,91.1896,93.6883,91.6883,84.9773,0,0,0,56.5858,25.6162,3,-2.49869
3920.4,82838.2,100,0.816529,293.841,84.8831,5.41551,13452,0,0,1445.56,630.414,95.4315,2,91.0854,93.5881,91.5881,84.8831,0,0,0,56.5851,25.6161,3,-2.50268
3920.5,82840.9,100,0.811313,293.863,84.7893,5.40913,13452.5,0,0,1441.77,631.403,95.3302,2,90.9809,93.4884,91.4884,84.7893,0,0,0,56.5845,25.616,3,-2.50744
3920.6,82843.7,100,0.806122,293.886,84.696,5.40272,13453.1,0,0,1438.27,632.264,95.2288,2,90.8771,93.3891,91.3891,84.696,0,0,0,56.5838,25.616,3,-2.51203
3920.7,82846.5,100,0.800957,293.908,84.6031,5.39609,13453.6,0,0,1436.77,632.264,95.1293,2,90.7799,93.2904,91.2904,84.6031,0,0,0,56.5832,25.6159,3,-2.51052
3920.8,82849.3,100,0.795818,293.93,84.5107,5.3895,13454.1,0,0,1435.27,632.264,95.0302,2,90.6831,93.1921,91.1921,84.5107,0,0,0,56.5825,25.6159,3,-2.50901
3920.9,82852.1,100,0.790705,293.952,84.4187,5.38294,13454.7,0,0,1433.78,632.264,94.9317,2,90.5869,93.0944,91.0944,84.4187,0,0,0,56.5819,25.6158,3,-2.50751
3921,82854.8,100,0.78562,293.974,84.3273,5.37643,13455.2,0,0,1432.3,632.264,94.8337,2,90.4912,92.9972,90.9972,84.3273,0,0,0,56.5812,25.6157,3,-2.50601
3921.1,82857.6,100,0.780562,293.996,84.2363,5.36995,13455.8,0,0,1430.83,632.264,94.7362,2,90.396,92.9005,90.9005,84.2363,0,0,0,56.5806,25.6157,3,-2.50451
3921.2,82860.4,100,0.775532,294.018,84.1459,5.36352,13456.3,0,0,1429.37,632.264,94.6393,2,90.3013,92.8043,90.8043,84.1459,0,0,0,56.5799,25.6156,3,-2.50301
3921.3,82863.2,100,0.77053,294.039,84.0559,5.35712,13456.8,0,0,1427.91,632.264,94.5429,2,90.2071,92.7087,90.7087,84.0559,0,0,0,56.5793,25.6156,3,-2.50153
3921.4,82865.9,100,0.765557,294.06,83.9665,5.35077,13457.4,0,0,1426.47,632.264,94.4471,2,90.1136,92.6136,90.6136,83.9665,0,0,0,56.5786,25.6155,3,-2.50004
3921.5,82868.7,100,0.760613,294.082,83.8776,5.34446,13457.9,0,0,1425.03,632.264,94.3518,2,90.0205,92.5191,90.5191,83.8776,0,0,0,56.578,25.6154,3,-2.49856
3921.6,82871.5,100,0.7557,294.103,83.7893,5.33874,13458.4,0,0,1423.6,632.264,94.2572,2,89.9281,92.4251,90.4251,83.7893,0,0,0,56.5773,25.6154,3,-2.49708
3921.7,82874.3,100,0.750816,294.124,83.7014,5.33382,13459,0,0,1421.73,632.558,94.1769,2,89.848,92.3318,90.3318,83.7014,0,0,0,56.5767,25.6153,3,-2.48374
3921.8,82877.1,100,0.745963,294.144,83.6142,5.32923,13459.5,0,0,1419.61,633.017,94.105,2,89.7751,92.239,90.239,83.6142,0,0,0,56.5761,25.6152,3,-2.46385
3921.9,82879.8,100,0.741141,294.165,83.5275,5.32466,13460,0,0,1417.5,633.474,94.0333,2,89.7025,92.1468,90.1468,83.5275,0,0,0,56.5754,25.6152,3,-2.44428
3922,82882.6,100,0.73635,294.186,83.4413,5.32012,13460.6,0,0,1415.41,633.928,93.9619,2,89.6302,92.0552,90.0552,83.4413,0,0,0,56.5748,25.6151,3,-2.42505
3922.1,82885.4,100,0.731592,294.206,83.3557,5.31559,13461.1,0,0,1413.34,634.379,93.8907,2,89.5581,91.9642,89.9642,83.3557,0,0,0,56.5742,25.6151,3,-2.40615
3922.2,82888.2,100,0.726865,294.226,83.2708,5.31109,13461.6,0,0,1411.27,634.827,93.8199,2,89.4863,91.8739,89.8739,83.2708,0,0,0,56.5736,25.615,3,-2.38757
3922.3,82890.9,100,0.722172,294.246,83.1864,5.30662,13462.2,0,0,1409.22,635.272,93.7493,2,89.4148,91.7841,89.7841,83.1864,0,0,0,56.573,25.6149,3,-2.36932
3922.4,82893.7,100,0.717512,294.266,83.1025,5.30216,13462.7,0,0,1407.19,635.713,93.6791,2,89.3437,91.695,89.695,83.1025,0,0,0,56.5724,25.6149,3,-2.35138
3922.5,82896.5,100,0.712885,294.286,83.0193,5.29773,13463.2,0,0,1405.17,636.152,93.6092,2,89.2728,91.6066,89.6066,83.0193,0,0,0,56.5717,25.6148,3,-2.33377
3922.6,82899.3,100,0.708292,294.306,82.9368,5.29333,13463.7,0,0,1403.17,636.587,93.5396,2,89.2023,91.5188,89.5188,82.9368,0,0,0,56.5712,25.6148,3,-2.31646
3922.7,82902.1,100,0.703734,294.326,82.8548,5.28895,13464.3,0,0,1401.18,637.019,93.4703,2,89.1322,91.4316,89.4316,82.8548,0,0,0,56.5706,25.6147,3,-2.29948
3922.8,82904.8,100,0.69921,294.345,82.7734,5.28636,13464.8,0,0,1400,637.274,93.4293,2,89.0906,91.3451,89.3451,82.7734,0,0,0,56.57,25.6146,3,-2.25456
3922.9,82907.6,100,0.694722,294.364,82.6927,5.28636,13465.3,0,0,1400,637.274,93.4293,2,89.0906,91.2593,89.2593,82.6927,0,0,0,56.5694,25.6146,3,-2.16875
3923,82910.4,100,0.690269,294.384,82.6127,5.28636,13465.9,0,0,1400,637.274,93.4293,2,89.0906,91.1742,89.1742,82.6127,0,0,0,56.5689,25.6145,3,-2.08362
3923.1,82913.2,100,0.685852,294.403,82.5332,5.28636,13466.4,0,0,1400,637.274,93.4293,2,89.0906,91.0898,89.0898,82.5332,0,0,0,56.5684,25.6144,3,-1.99917
3923.2,82915.9,100,0.681471,294.422,82.4545,5.28636,13466.9,0,0,1400,637.274,93.4293,2,89.0906,91.006,89.006,82.4545,0,0,0,56.5679,25.6144,3,-1.91542
3923.3,82918.7,100,0.677128,294.441,82.3763,5.28636,13467.4,0,0,1400,637.274,93.4293,2,89.0906,90.923,88.923,82.3763,0,0,0,56.5674,25.6143,3,-1.83237
3923.4,82921.5,100,0.672821,294.459,82.2989,5.28636,13468,0,0,1400,637.274,93.4293,2,89.0906,90.8406,88.8406,82.2989,0,0,0,56.5669,25.6143,3,-1.75003
3923.5,82924.3,100,0.668551,294.478,82.2221,5.28636,13468.5,0,0,1400,637.274,93.4293,2,89.0906,90.759,88.759,82.2221,0,0,0,56.5665,25.6142,3,-1.6684
3923.6,82927.1,100,0.66432,294.496,82.146,5.28636,13469,0,0,1400,637.274,93.4293,2,89.0906,90.6781,88.6781,82.146,0,0,0,56.5661,25.6141,3,-1.5875
3923.7,82929.8,100,0.660126,294.515,82.0706,5.28636,13469.6,0,0,1400,637.274,93.4293,2,89.0906,90.5979,88.5979,82.0706,0,0,0,56.5657,25.6141,3,-1.50732
3923.8,82932.6,100,0.655971,294.533,81.9959,5.28636,13470.1,0,0,1400,637.274,93.4293,2,89.0906,90.5185,88.5185,81.9959,0,0,0,56.5653,25.614,3,-1.42789
3923.9,82935.4,100,0.651855,294.551,81.9219,5.28636,13470.6,0,0,1400,637.274,93.4293,2,89.0906,90.4398,88.4398,81.9219,0,0,0,56.565,25.6139,3,-1.34919
3924,82938.2,100,0.647778,294.569,81.8486,5.28507,13471.1,0,0,1399.71,637.251,93.4067,2,89.0686,90.3618,88.3618,81.8486,0,0,0,56.5647,25.6139,3,-1.2932
3924.1,82940.9,100,0.643741,294.587,81.776,5.27448,13471.7,0,0,1397.35,637.059,93.2211,2,88.8884,90.2846,88.2846,81.776,0,0,0,56.5643,25.6138,3,-1.39621
3924.2,82943.7,100,0.639743,294.605,81.7041,5.26401,13472.2,0,0,1395.02,636.869,93.0375,2,88.7102,90.2082,88.2082,81.7041,0,0,0,56.5639,25.6138,3,-1.498
3924.3,82946.5,100,0.635786,294.623,81.6329,5.25366,13472.7,0,0,1392.71,636.681,92.8561,2,88.534,90.1325,88.1325,81.6329,0,0,0,56.5635,25.6137,3,-1.59856
3924.4,82949.3,100,0.631869,294.64,81.5625,5.24343,13473.3,0,0,1390.42,636.495,92.6766,2,88.3598,90.0577,88.0577,81.5625,0,0,0,56.5631,25.6136,3,-1.69789
3924.5,82952.1,100,0.627993,294.658,81.4928,5.23332,13473.8,0,0,1388.16,636.311,92.4993,2,88.1876,89.9835,87.9835,81.4928,0,0,0,56.5626,25.6136,3,-1.79598
3924.6,82954.8,100,0.624158,294.675,81.4238,5.22333,13474.3,0,0,1385.93,636.129,92.324,2,88.0174,89.9102,87.9102,81.4238,0,0,0,56.5621,25.6135,3,-1.89284
3924.7,82957.6,100,0.620364,294.693,81.3556,5.21346,13474.8,0,0,1383.72,635.949,92.1509,2,87.8492,89.8377,87.8377,81.3556,0,0,0,56.5616,25.6134,3,-1.98845
3924.8,82960.4,100,0.616612,294.71,81.2881,5.20371,13475.3,0,0,1381.54,635.771,91.9798,2,87.6831,89.766,87.766,81.2881,0,0,0,56.5611,25.6134,3,-2.08281
3924.9,82963.2,100,0.612902,294.727,81.2214,5.19409,13475.9,0,0,1379.38,635.596,91.8109,2,87.5191,89.695,87.695,81.2214,0,0,0,56.5605,25.6133,3,-2.17593
3925,82965.9,100,0.609234,294.744,81.1554,5.18459,13476.4,0,0,1377.25,635.422,91.6441,2,87.3571,89.6249,87.6249,81.1554,0,0,0,56.5599,25.6133,3,-2.26779
3925.1,82968.7,100,0.605609,294.761,81.0902,5.17521,13476.9,0,0,1375.15,635.251,91.4794,2,87.1972,89.5556,87.5556,81.0902,0,0,0,56.5593,25.6132,3,-2.35839
3925.2,82971.5,100,0.602027,294.777,81.0258,5.16596,13477.4,0,0,1373.07,635.082,91.3169,2,87.0394,89.4871,87.4871,81.0258,0,0,0,56.5587,25.6131,3,-2.44774
3925.3,82974.3,100,0.598487,294.794,80.9622,5.15683,13477.9,0,0,1371.02,634.915,91.1565,2,86.8836,89.4194,87.4194,80.9622,0,0,0,56.558,25.6131,3,-2.53582
3925.4,82977.1,100,0.594991,294.811,80.8993,5.14887,13478.4,0,0,1369.23,634.769,91.0167,2,86.7479,89.3526,87.3526,80.8993,0,0,0,56.5573,25.613,3,-2.60469
3925.5,82979.8,100,0.591539,294.827,80.8372,5.14887,13479,0,0,1369.23,634.769,91.0167,2,86.7479,89.2866,87.2866,80.8372,0,0,0,56.5567,25.613,3,-2.53869
3925.6,82982.6,100,0.588131,294.844,80.7759,5.14887,13479.5,0,0,1369.23,634.769,91.0167,2,86.7479,89.2214,87.2214,80.7759,0,0,0,56.556,25.6129,3,-2.47352
3925.7,82985.4,100,0.584767,294.86,80.7154,5.14887,13480,0,0,1369.23,634.769,91.0167,2,86.7479,89.1571,87.1571,80.7154,0,0,0,56.5554,25.6128,3,-2.4092
3925.8,82988.2,100,0.581447,294.876,80.6557,5.14887,13480.5,0,0,1369.23,634.769,91.0167,2,86.7479,89.0936,87.0936,80.6557,0,0,0,56.5548,25.6128,3,-2.34573
3925.9,82990.9,100,0.578172,294.892,80.5968,5.14887,13481,0,0,1369.23,634.769,91.0167,2,86.7479,89.031,87.031,80.5968,0,0,0,56.5542,25.6127,3,-2.28311
3926,82993.7,100,0.574941,294.908,80.5387,5.14887,13481.5,0,0,1369.23,634.769,91.0167,2,86.7479,88.9692,86.9692,80.5387,0,0,0,56.5536,25.6126,3,-2.22134
3926.1,82996.5,100,0.571756,294.924,80.4814,5.14887,13482,0,0,1369.23,634.769,91.0167,2,86.7479,88.9083,86.9083,80.4814,0,0,0,56.5531,25.6126,3,-2.16044
3926.2,82999.3,100,0.568616,294.94,80.425,5.14887,13482.6,0,0,1369.23,634.769,91.0167,2,86.7479,88.8483,86.8483,80.425,0,0,0,56.5525,25.6125,3,-2.10041
3926.3,83002.1,100,0.565521,294.956,80.3693,5.14887,13483.1,0,0,1369.23,634.769,91.0167,2,86.7479,88.7891,86.7891,80.3693,0,0,0,56.552,25.6125,3,-2.04124
3926.4,83004.8,100,0.562472,294.971,80.3145,5.14887,13483.6,0,0,1369.23,634.769,91.0167,2,86.7479,88.7308,86.7308,80.3145,0,0,0,56.5515,25.6124,3,-1.98295
3926.5,83007.6,100,0.559469,294.987,80.2605,5.14887,13484.1,0,0,1369.23,634.769,91.0167,2,86.7479,88.6734,86.6734,80.2605,0,0,0,56.551,25.6123,3,-1.92553
3926.6,83010.4,100,0.556513,295.002,80.2073,5.14887,13484.6,0,0,1369.23,634.769,91.0167,2,86.7479,88.6169,86.6169,80.2073,0,0,0,56.5505,25.6123,3,-1.869
3926.7,83013.2,100,0.553602,295.018,80.155,5.14887,13485.1,0,0,1369.23,634.769,91.0167,2,86.7479,88.5612,86.5612,80.155,0,0,0,56.5501,25.6122,3,-1.81335
3926.8,83015.9,100,0.550738,295.033,80.1035,5.14887,13485.6,0,0,1369.23,634.769,91.0167,2,86.7479,88.5065,86.5065,80.1035,0,0,0,56.5496,25.6121,3,-1.75859
3926.9,83018.7,100,0.547921,295.048,80.0528,5.14887,13486.2,0,0,1369.23,634.769,91.0167,2,86.7479,88.4526,86.4526,80.0528,0,0,0,56.5492,25.6121,3,-1.70472
3927,83021.5,100,0.54515,295.064,80.003,5.14887,13486.7,0,0,1369.23,634.769,91.0167,2,86.7479,88.3996,86.3996,80.003,0,0,0,56.5487,25.612,3,-1.65175
3927.1,83024.3,100,0.542426,295.079,79.954,5.14887,13487.2,0,0,1369.23,634.769,91.0167,2,86.7479,88.3476,86.3476,79.954,0,0,0,56.5483,25.612,3,-1.59968
3927.2,83027.1,100,0.53975,295.094,79.9059,5.14366,13487.7,0,0,1368.11,634.648,90.9249,2,86.6589,88.2964,86.2964,79.9059,0,0,0,56.5479,25.6119,3,-1.63754
3927.3,83029.8,100,0.537121,295.109,79.8586,5.13834,13488.2,0,0,1366.97,634.523,90.831,2,86.5679,88.2461,86.2461,79.8586,0,0,0,56.5475,25.6118,3,-1.67826
3927.4,83032.6,100,0.534539,295.124,79.8122,5.13313,13488.7,0,0,1365.84,634.402,90.7389,2,86.4786,88.1968,86.1968,79.8122,0,0,0,56.547,25.6118,3,-1.71816
3927.5,83035.4,100,0.532005,295.138,79.7666,5.12801,13489.2,0,0,1364.74,634.282,90.6486,2,86.3911,88.1483,86.1483,79.7666,0,0,0,56.5466,25.6117,3,-1.75724
3927.6,83038.2,100,0.529519,295.153,79.7219,5.12299,13489.8,0,0,1363.66,634.165,90.5601,2,86.3053,88.1008,86.1008,79.7219,0,0,0,56.5461,25.6117,3,-1.7955
3927.7,83040.9,100,0.527081,295.168,79.678,5.11808,13490.3,0,0,1362.6,634.05,90.4734,2,86.2212,88.0542,86.0542,79.678,0,0,0,56.5456,25.6116,3,-1.83295
3927.8,83043.7,100,0.52469,295.182,79.635,5.11327,13490.8,0,0,1361.57,633.937,90.3885,2,86.1389,88.0085,86.0085,79.635,0,0,0,56.5451,25.6115,3,-1.86958
3927.9,83046.5,100,0.522348,295.197,79.5929,5.10856,13491.3,0,0,1360.55,633.827,90.3054,2,86.0583,87.9637,85.9637,79.5929,0,0,0,56.5447,25.6115,3,-1.90538
3928,83049.3,100,0.520054,295.211,79.5517,5.10395,13491.8,0,0,1359.56,633.719,90.224,2,85.9794,87.9198,85.9198,79.5517,0,0,0,56.5442,25.6114,3,-1.94038
3928.1,83052.1,100,0.517808,295.226,79.5113,5.09944,13492.3,0,0,1358.58,633.613,90.1445,2,85.9023,87.8769,85.8769,79.5113,0,0,0,56.5436,25.6113,3,-1.97455
3928.2,83054.8,100,0.515611,295.24,79.4718,5.09504,13492.8,0,0,1357.63,633.51,90.0667,2,85.827,87.8349,85.8349,79.4718,0,0,0,56.5431,25.6113,3,-2.00791
3928.3,83057.6,100,0.513462,295.255,79.4331,5.09074,13493.3,0,0,1356.7,633.409,89.9908,2,85.7533,87.7938,85.7938,79.4331,0,0,0,56.5426,25.6112,3,-2.04045
3928.4,83060.4,100,0.511362,295.269,79.3954,5.08654,13493.8,0,0,1355.8,633.311,89.9167,2,85.6815,87.7536,85.7536,79.3954,0,0,0,56.5421,25.6112,3,-2.07217
3928.5,83063.2,100,0.509311,295.283,79.3585,5.08244,13494.4,0,0,1354.91,633.215,89.8443,2,85.6113,87.7144,85.7144,79.3585,0,0,0,56.5415,25.6111,3,-2.10308
3928.6,83065.9,100,0.507308,295.297,79.3225,5.07845,13494.9,0,0,1354.05,633.121,89.7738,2,85.543,87.6761,85.6761,79.3225,0,0,0,56.541,25.611,3,-2.13317
3928.7,83068.7,100,0.505354,295.311,79.2873,5.07455,13495.4,0,0,1353.21,633.03,89.705,2,85.4763,87.6388,85.6388,79.2873,0,0,0,56.5404,25.611,3,-2.16245
3928.8,83071.5,100,0.50345,295.325,79.2531,5.07076,13495.9,0,0,1352.39,632.941,89.6381,2,85.4114,87.6024,85.6024,79.2531,0,0,0,56.5398,25.6109,3,-2.19092
3928.9,83074.3,100,0.501594,295.339,79.2197,5.06708,13496.4,0,0,1351.59,632.854,89.573,2,85.3483,87.5669,85.5669,79.2197,0,0,0,56.5393,25.6108,3,-2.21858
3929,83077.1,100,0.499787,295.353,79.1872,5.06349,13496.9,0,0,1350.81,632.77,89.5097,2,85.2869,87.5323,85.5323,79.1872,0,0,0,56.5387,25.6108,3,-2.24542
3929.1,83079.8,100,0.498029,295.367,79.1556,5.06001,13497.4,0,0,1350.06,632.688,89.4481,2,85.2273,87.4987,85.4987,79.1556,0,0,0,56.5381,25.6107,3,-2.27145
3929.2,83082.6,100,0.496321,295.381,79.1249,5.05663,13497.9,0,0,1349.33,632.609,89.3884,2,85.1694,87.466,85.466,79.1249,0,0,0,56.5375,25.6107,3,-2.29668
3929.3,83085.4,100,0.494661,295.394,79.095,5.05335,13498.4,0,0,1348.62,632.532,89.3305,2,85.1132,87.4343,85.4343,79.095,0,0,0,56.5369,25.6106,3,-2.3211
3929.4,83088.2,100,0.493051,295.408,79.0661,5.05017,13498.9,0,0,1347.93,632.457,89.2744,2,85.0588,87.4035,85.4035,79.0661,0,0,0,56.5363,25.6105,3,-2.34471
3929.5,83090.9,100,0.49149,295.422,79.038,5.0471,13499.4,0,0,1347.26,632.385,89.2201,2,85.0062,87.3737,85.3737,79.038,0,0,0,56.5357,25.6105,3,-2.36751
3929.6,83093.7,100,0.489978,295.435,79.0108,5.04413,13499.9,0,0,1346.62,632.315,89.1676,2,84.9553,87.3448,85.3448,79.0108,0,0,0,56.5351,25.6104,3,-2.38951
3929.7,83096.5,100,0.488516,295.449,78.9845,5.04178,13500.4,0,0,1346.1,632.264,89.1261,2,84.9151,87.3168,85.3168,78.9845,0,0,0,56.5345,25.6104,3,-2.40174
3929.8,83099.3,100,0.487102,295.463,78.9591,5.04102,13500.9,0,0,1345.9,632.264,89.1129,2,84.9021,87.2898,85.2898,78.9591,0,0,0,56.5338,25.6103,3,-2.38766
3929.9,83102.1,100,0.485738,295.476,78.9346,5.04028,13501.4,0,0,1345.71,632.264,89.1001,2,84.8896,87.2637,85.2637,78.9346,0,0,0,56.5332,25.6102,3,-2.37406
3930,83104.8,100,0.484423,295.49,78.9109,5.03957,13501.9,0,0,1345.52,632.264,89.0878,2,84.8776,87.2386,85.2386,78.9109,0,0,0,56.5326,25.6102,3,-2.36093
3930.1,83107.6,100,0.483157,295.503,78.8881,5.03889,13502.4,0,0,1345.34,632.264,89.076,2,84.8661,87.2144,85.2144,78.8881,0,0,0,56.532,25.6101,3,-2.34828
3930.2,83110.4,100,0.481941,295.516,78.8663,5.03824,13502.9,0,0,1345.17,632.264,89.0647,2,84.855,87.1911,85.1911,78.8663,0,0,0,56.5314,25.6101,3,-2.3361
3930.3,83113.2,100,0.480773,295.53,78.8453,5.03761,13503.4,0,0,1345.01,632.264,89.0538,2,84.8444,87.1688,85.1688,78.8453,0,0,0,56.5308,25.61,3,-2.3244
3930.4,83115.9,100,0.479655,295.543,78.8252,5.03702,13503.9,0,0,1344.85,632.264,89.0434,2,84.8342,87.1474,85.1474,78.8252,0,0,0,56.5302,25.6099,3,-2.31317
3930.5,83118.7,100,0.478586,295.556,78.8059,5.03644,13504.5,0,0,1344.7,632.264,89.0335,2,84.8245,87.127,85.127,78.8059,0,0,0,56.5296,25.6099,3,-2.30242
3930.6,83121.5,100,0.477566,295.57,78.7876,5.0359,13505,0,0,1344.56,632.264,89.0241,2,84.8153,87.1075,85.1075,78.7876,0,0,0,56.529,25.6098,3,-2.29213
3930.7,83124.3,100,0.476595,295.583,78.7701,5.03538,13505.5,0,0,1344.42,632.264,89.0151,2,84.8066,87.0889,85.0889,78.7701,0,0,0,56.5284,25.6097,3,-2.28233
3930.8,83127.1,100,0.475673,295.596,78.7535,5.0349,13506,0,0,1344.3,632.264,89.0066,2,84.7983,87.0713,85.0713,78.7535,0,0,0,56.5278,25.6097,3,-2.27299
3930.9,83129.8,100,0.474799,295.609,78.7378,5.03443,13506.5,0,0,1344.18,632.264,88.9986,2,84.7904,87.0546,85.0546,78.7378,0,0,0,56.5273,25.6096,3,-2.26412
3931,83132.6,100,0.473975,295.623,78.723,5.034,13507,0,0,1344.06,632.264,88.9911,2,84.7831,87.0388,85.0388,78.723,0,0,0,56.5267,25.6096,3,-2.25572
3931.1,83135.4,100,0.473199,295.636,78.7091,5.03359,13507.5,0,0,1343.96,632.264,88.984,2,84.7762,87.024,85.024,78.7091,0,0,0,56.5261,25.6095,3,-2.2478
3931.2,83138.2,100,0.472472,295.649,78.696,5.03321,13508,0,0,1343.86,632.264,88.9774,2,84.7697,87.0101,85.0101,78.696,0,0,0,56.5255,25.6094,3,-2.24034
3931.3,83140.9,100,0.471793,295.662,78.6838,5.03286,13508.5,0,0,1343.76,632.264,88.9713,2,84.7637,86.9971,84.9971,78.6838,0,0,0,56.5249,25.6094,3,-2.23334
3931.4,83143.7,100,0.471163,295.675,78.6724,5.03254,13509,0,0,1343.68,632.264,88.9656,2,84.7582,86.985,84.985,78.6724,0,0,0,56.5244,25.6093,3,-2.22682
3931.5,83146.5,100,0.470581,295.688,78.662,5.03224,13509.5,0,0,1343.6,632.264,88.9605,2,84.7532,86.9739,84.9739,78.662,0,0,0,56.5238,25.6093,3,-2.22076
3931.6,83149.3,100,0.470048,295.701,78.6524,5.03197,13510,0,0,1343.53,632.264,88.9557,2,84.7485,86.9637,84.9637,78.6524,0,0,0,56.5232,25.6092,3,-2.21517
3931.7,83152.1,100,0.469562,295.714,78.6437,5.03172,13510.5,0,0,1343.46,632.264,88.9515,2,84.7444,86.9544,84.9544,78.6437,0,0,0,56.5226,25.6091,3,-2.21003
3931.8,83154.8,100,0.469125,295.727,78.6358,5.0315,13511,0,0,1343.41,632.264,88.9477,2,84.7407,86.9461,84.9461,78.6358,0,0,0,56.5221,25.6091,3,-2.20536
3931.9,83157.6,100,0.468736,295.74,78.6288,5.03131,13511.5,0,0,1343.36,632.264,88.9444,2,84.7375,86.9386,84.9386,78.6288,0,0,0,56.5215,25.609,3,-2.20116
3932,83160.4,100,0.468394,295.753,78.6226,5.03115,13512,0,0,1343.31,632.264,88.9416,2,84.7347,86.9321,84.9321,78.6226,0,0,0,56.5209,25.609,3,-2.19741
3932.1,83163.2,100,0.4681,295.766,78.6174,5.03101,13512.5,0,0,1343.28,632.264,88.9392,2,84.7324,86.9265,84.9265,78.6174,0,0,0,56.5204,25.6089,3,-2.19411
3932.2,83165.9,100,0.467854,295.779,78.6129,5.0309,13513,0,0,1343.25,632.264,88.9373,2,84.7305,86.9218,84.9218,78.6129,0,0,0,56.5198,25.6088,3,-2.19128
3932.3,83168.7,100,0.467655,295.792,78.6093,5.03082,13513.5,0,0,1343.23,632.264,88.9358,2,84.7291,86.918,84.918,78.6093,0,0,0,56.5192,25.6088,3,-2.1889
3932.4,83171.5,100,0.467503,295.805,78.6066,5.03076,13514,0,0,1343.21,632.264,88.9348,2,84.7281,86.9151,84.9151,78.6066,0,0,0,56.5187,25.6087,3,-2.18697
3932.5,83174.3,100,0.467398,295.818,78.6047,5.03073,13514.5,0,0,1343.2,632.264,88.9343,2,84.7275,86.913,84.913,78.6047,0,0,0,56.5181,25.6086,3,-2.1855
3932.6,83177.1,100,0.46734,295.831,78.6037,5.03072,13515,0,0,1343.2,632.264,88.9342,2,84.7275,86.9119,84.9119,78.6037,0,0,0,56.5175,25.6086,3,-2.18448
3932.7,83179.8,100,0.467329,295.844,78.6035,5.03074,13515.5,0,0,1343.21,632.264,88.9345,2,84.7278,86.9117,84.9117,78.6035,0,0,0,56.517,25.6085,3,-2.1839
3932.8,83182.6,100,0.467364,295.857,78.6041,5.03079,13516,0,0,1343.22,632.264,88.9354,2,84.7286,86.9124,84.9124,78.6041,0,0,0,56.5164,25.6085,3,-2.18377
3932.9,83185.4,100,0.467446,295.87,78.6056,5.03087,13516.5,0,0,1343.24,632.264,88.9366,2,84.7299,86.914,84.914,78.6056,0,0,0,56.5159,25.6084,3,-2.18409
3933,83188.2,100,0.467574,295.883,78.6079,5.03096,13517,0,0,1343.27,632.264,88.9384,2,84.7316,86.9164,84.9164,78.6079,0,0,0,56.5153,25.6083,3,-2.18485
3933.1,83190.9,100,0.467748,295.896,78.611,5.03109,13517.5,0,0,1343.3,632.264,88.9405,2,84.7337,86.9197,84.9197,78.611,0,0,0,56.5147,25.6083,3,-2.18605
3933.2,83193.7,100,0.467967,295.909,78.615,5.03124,13518,0,0,1343.34,632.264,88.9431,2,84.7362,86.9239,84.9239,78.615,0,0,0,56.5142,25.6082,3,-2.18769
3933.3,83196.5,100,0.468233,295.922,78.5365,5.02882,13518.5,0,0,1342.7,632.264,88.9011,2,84.6951,86.8405,84.8405,78.5365,0,0,0,56.5136,25.6082,3,-2.14534
3933.4,83199.3,99.9997,0.468543,295.935,78.462,5.02652,13519,0,0,1342.1,632.264,88.8612,2,84.6561,86.7613,84.7613,78.462,0,0,0,56.5131,25.6081,3,-2.10513
3933.5,83202.1,99.9994,0.468899,295.948,78.4751,5.02696,13519.5,0,0,1342.21,632.264,88.8688,2,84.6636,86.7753,84.7753,78.4751,0,0,0,56.5125,25.608,3,-2.1117
3933.6,83204.8,99.9991,0.4693,295.961,78.4888,5.02741,13520,0,0,1342.33,632.264,88.8767,2,84.6713,86.7898,84.7898,78.4888,0,0,0,56.512,25.608,3,-2.11854
3933.7,83207.6,99.9988,0.469746,295.974,78.503,5.02788,13520.6,0,0,1342.46,632.264,88.8848,2,84.6792,86.8049,84.8049,78.503,0,0,0,56.5114,25.6079,3,-2.12566
3933.8,83210.4,99.9986,0.470236,295.987,78.601,5.03097,13521.1,0,0,1343.27,632.264,88.9384,2,84.7316,86.909,84.909,78.601,0,0,0,56.5109,25.6079,3,-2.17748
3933.9,83213.2,99.9986,0.47077,296,78.6963,5.03397,13521.6,0,0,1344.05,632.264,88.9905,2,84.7825,87.0104,85.0104,78.6963,0,0,0,56.5103,25.6078,3,-2.22788
3934,83215.9,99.9987,0.471349,296.014,78.7053,5.03428,13522.1,0,0,1344.13,632.264,88.9959,2,84.7878,87.02,85.02,78.7053,0,0,0,56.5097,25.6077,3,-2.23222
3934.1,83218.7,99.9987,0.471971,296.027,78.7152,5.03461,13522.6,0,0,1344.22,632.264,89.0017,2,84.7935,87.0305,85.0305,78.7152,0,0,0,56.5091,25.6077,3,-2.237
3934.2,83221.5,99.9988,0.472636,296.04,78.7259,5.03497,13523.1,0,0,1344.32,632.264,89.008,2,84.7996,87.0418,85.0418,78.7259,0,0,0,56.5085,25.6076,3,-2.24223
3934.3,83224.3,99.9989,0.473346,296.053,78.7374,5.03536,13523.6,0,0,1344.42,632.264,89.0147,2,84.8062,87.0541,85.0541,78.7374,0,0,0,56.508,25.6075,3,-2.24791
3934.4,83227.1,99.9989,0.474098,296.066,78.7498,5.03578,13524.1,0,0,1344.53,632.264,89.0219,2,84.8132,87.0673,85.0673,78.7498,0,0,0,56.5074,25.6075,3,-2.25403
3934.5,83229.8,99.999,0.474892,296.079,78.763,5.03622,13524.6,0,0,1344.64,632.264,89.0296,2,84.8207,87.0813,85.0813,78.763,0,0,0,56.5068,25.6074,3,-2.26059
3934.6,83232.6,99.999,0.47573,296.092,78.777,5.03668,13525.1,0,0,1344.77,632.264,89.0376,2,84.8286,87.0962,85.0962,78.777,0,0,0,56.5062,25.6074,3,-2.26758
3934.7,83235.4,99.9991,0.476609,296.106,78.7918,5.03717,13525.6,0,0,1344.89,632.264,89.0462,2,84.8369,87.1119,85.1119,78.7918,0,0,0,56.5056,25.6073,3,-2.27499
3934.8,83238.2,99.9991,0.477531,296.119,78.675,5.03356,13526.1,0,0,1343.95,632.264,88.9834,2,84.7756,86.9878,84.9878,78.675,0,0,0,56.5051,25.6072,3,-2.21222
3934.9,83240.9,99.9986,0.478494,296.132,78.4606,5.0269,13526.6,0,0,1342.2,632.264,88.8677,2,84.6625,86.7599,84.7599,78.4606,0,0,0,56.5045,25.6072,3,-2.09733
3935,83243.7,99.9978,0.479499,296.146,78.1516,5.01729,13527.1,0,0,1339.68,632.264,88.7007,2,84.4993,86.4313,84.4313,78.1516,0,0,0,56.504,25.6071,3,-1.932
3935.1,83246.5,99.9961,0.480544,296.159,77.8958,5.01266,13527.6,0,0,1338.46,632.264,88.6203,2,84.4207,86.1594,84.1594,77.8958,0,0,0,56.5036,25.6071,3,-1.73868
3935.2,83249.3,99.9943,0.481631,296.172,77.7184,5.01266,13528.1,0,0,1338.46,632.264,88.6203,2,84.4207,85.9707,83.9707,77.7184,0,0,0,56.5032,25.607,3,-1.55
3935.3,83252.1,99.9918,0.482757,296.186,77.5051,5.01266,13528.6,0,0,1338.46,632.264,88.6203,2,84.4207,85.7439,83.7439,77.5051,0,0,0,56.5028,25.6069,3,-1.32323
3935.4,83254.8,99.9891,0.483924,296.199,77.4276,5.01266,13529.1,0,0,1338.46,632.264,88.6203,2,84.4207,85.6616,83.6616,77.4276,0,0,0,56.5025,25.6069,3,-1.24091
3935.5,83257.6,99.9864,0.485131,296.213,77.2859,5.01266,13529.6,0,0,1338.46,632.264,88.6203,2,84.4207,85.511,83.511,77.2859,0,0,0,56.5022,25.6068,3,-1.09029
3935.6,83260.4,99.983,0.486377,296.226,76.7327,4.96565,13530.1,0,0,1327.76,631.393,87.7906,2,83.6149,84.9228,82.9228,76.7327,0,0,0,56.5019,25.6067,3,-1.30789
3935.7,83263.2,99.9781,0.487663,296.24,75.9714,4.87793,13530.6,0,0,1307.69,629.759,86.24,2,82.109,84.1156,82.1156,75.9714,0,0,0,56.5014,25.6067,3,-2.00663
3935.8,83265.9,99.9719,0.488987,296.253,75.1494,4.87529,13531.1,0,0,1307.12,629.697,86.1937,2,82.0641,83.2456,81.2456,75.1494,0,0,0,56.5011,25.6066,3,-1.18146
3935.9,83268.7,99.9638,0.49035,296.267,74.2937,4.78009,13531.6,0,0,1286.21,627.428,84.5094,2,80.4311,82.3397,80.3397,74.2937,0,0,0,56.5006,25.6066,2,-1.90863
3936,83271.5,99.9543,0.49175,296.28,73.5569,4.77286,13532,0,0,1284.62,627.254,84.3811,2,80.3068,81.5598,79.5598,73.5569,0,0,0,56.5002,25.6065,2,-1.25305
3936.1,83274.3,99.9434,0.493189,296.294,73.0385,4.73837,13532.5,0,0,1276.65,626.605,83.7709,2,79.7141,81.0111,79.0111,73.0385,0,0,0,56.4999,25.6064,2,-1.29705
3936.2,83277,99.9319,0.494664,296.308,72.7523,4.69816,13533,0,0,1267.33,625.847,83.0592,2,79.0228,80.7081,78.7081,72.7523,0,0,0,56.4995,25.6064,2,-1.68532
3936.3,83279.8,99.9199,0.496177,296.321,73.0845,4.74503,13533.4,0,0,1278.19,626.731,83.8887,2,79.8285,81.0599,79.0599,73.0845,0,0,0,56.4991,25.6063,2,-1.23133
3936.4,83282.6,99.9096,0.497726,296.335,74.1812,4.77286,13533.9,0,0,1284.62,627.254,84.3811,2,80.3068,82.2207,80.2207,74.1812,0,0,0,56.4987,25.6063,2,-1.91393
3936.5,83285.4,99.9018,0.499312,296.349,75.4047,4.87793,13534.4,0,0,1307.69,629.759,86.24,2,82.109,83.5158,81.5158,75.4047,0,0,0,56.4983,25.6062,3,-1.40683
3936.6,83288.1,99.8961,0.500934,296.363,76.6564,4.95563,13534.9,0,0,1325.47,631.207,87.6136,2,83.4431,84.8421,82.8421,76.6564,0,0,0,56.4979,25.6061,3,-1.39899
3936.7,83290.9,99.8929,0.502591,296.377,78.1759,5.01838,13535.4,0,0,1339.96,632.264,88.7197,2,84.5179,86.4576,84.4576,78.1759,0,0,0,56.4974,25.6061,3,-1.93972
3936.8,83293.7,99.8928,0.504283,296.391,79.4708,5.10319,13535.9,0,0,1359.39,633.701,90.2106,2,85.9665,87.8342,85.8342,79.4708,0,0,0,56.4969,25.606,3,-1.86776
3936.9,83296.5,99.8944,0.506011,296.405,79.8723,5.14887,13536.4,0,0,1369.23,634.769,91.0167,2,86.7479,88.261,86.261,79.8723,0,0,0,56.4966,25.6059,3,-1.51311
3937,83299.2,99.8957,0.507773,296.419,80.217,5.14887,13536.9,0,0,1369.23,634.769,91.0167,2,86.7479,88.6275,86.6275,80.217,0,0,0,56.4961,25.6059,3,-1.87962
3937.1,83302,99.8985,0.509569,296.433,80.8059,5.14887,13537.5,0,0,1369.23,634.769,91.0167,2,86.7479,89.2535,87.2535,80.8059,0,0,0,56.4954,25.6058,3,-2.50562
3937.2,83304.8,99.9019,0.511399,296.447,81.0282,5.1809,13538,0,0,1376.42,635.355,91.5793,2,87.2942,89.4898,87.4898,81.0282,0,0,0,56.4949,25.6058,3,-2.19566
3937.3,83307.6,99.9053,0.513263,296.461,81.0862,5.18949,13538.5,0,0,1378.35,635.512,91.7301,2,87.4407,89.5515,87.5515,81.0862,0,0,0,56.4943,25.6057,3,-2.11079
3937.4,83310.3,99.9088,0.515159,296.476,81.2617,5.21527,13539,0,0,1384.13,635.982,92.1827,2,87.8801,89.7381,87.7381,81.2617,0,0,0,56.4938,25.6056,3,-1.85805
3937.5,83313.1,99.9128,0.517089,296.49,81.3943,5.23478,13539.5,0,0,1388.49,636.337,92.5248,2,88.2124,89.879,87.879,81.3943,0,0,0,56.4934,25.6056,3,-1.66666
3937.6,83315.9,99.9166,0.51905,296.504,81.3823,5.23313,13540.1,0,0,1388.12,636.307,92.4959,2,88.1843,89.8663,87.8663,81.3823,0,0,0,56.493,25.6055,3,-1.68206
3937.7,83318.7,99.9203,0.521044,296.519,81.3556,5.2293,13540.6,0,0,1387.27,636.238,92.4289,2,88.1192,89.8379,87.8379,81.3556,0,0,0,56.4925,25.6055,3,-1.71869
3937.8,83321.4,99.9239,0.523069,296.533,81.3175,5.22384,13541.1,0,0,1386.04,636.138,92.3329,2,88.026,89.7974,87.7974,81.3175,0,0,0,56.4921,25.6054,3,-1.77139
3937.9,83324.2,99.9274,0.525126,296.548,81.2775,5.21809,13541.6,0,0,1384.76,636.033,92.232,2,87.928,89.7549,87.7549,81.2775,0,0,0,56.4916,25.6053,3,-1.82682
3938,83327,99.9306,0.527213,296.562,81.2415,5.21293,13542.2,0,0,1383.6,635.939,92.1415,2,87.8401,89.7166,87.7166,81.2415,0,0,0,56.4911,25.6053,3,-1.87644
3938.1,83329.8,99.9337,0.52933,296.577,81.2093,5.20834,13542.7,0,0,1382.57,635.856,92.0609,2,87.7619,89.6824,87.6824,81.2093,0,0,0,56.4906,25.6052,3,-1.92048
3938.2,83332.6,99.9367,0.531477,296.592,81.1809,5.20429,13543.2,0,0,1381.67,635.782,91.9899,2,87.6929,89.6521,87.6521,81.1809,0,0,0,56.4901,25.6051,3,-1.95919
3938.3,83335.3,99.9396,0.533654,296.607,81.156,5.20076,13543.7,0,0,1380.88,635.717,91.928,2,87.6328,89.6256,87.6256,81.156,0,0,0,56.4896,25.6051,3,-1.99279
3938.4,83338.1,99.9423,0.53586,296.622,81.1345,5.19774,13544.2,0,0,1380.2,635.662,91.8749,2,87.5813,89.6028,87.6028,81.1345,0,0,0,56.4891,25.605,3,-2.02149
3938.5,83340.9,99.9449,0.538094,296.636,81.1162,5.19519,13544.8,0,0,1379.63,635.616,91.8302,2,87.5379,89.5834,87.5834,81.1162,0,0,0,56.4885,25.605,3,-2.0455
3938.6,83343.7,99.9474,0.540356,296.651,81.1011,5.1931,13545.3,0,0,1379.16,635.578,91.7936,2,87.5023,89.5673,87.5673,81.1011,0,0,0,56.488,25.6049,3,-2.065
3938.7,83346.4,99.9497,0.542647,296.666,81.089,5.19146,13545.8,0,0,1378.79,635.548,91.7647,2,87.4742,89.5544,87.5544,81.089,0,0,0,56.4875,25.6048,3,-2.08019
3938.8,83349.2,99.952,0.544964,296.682,81.0798,5.19023,13546.3,0,0,1378.52,635.525,91.7432,2,87.4534,89.5446,87.5446,81.0798,0,0,0,56.4869,25.6048,3,-2.09125
3938.9,83352,99.9542,0.547308,296.697,81.0734,5.18942,13546.8,0,0,1378.33,635.51,91.7288,2,87.4394,89.5378,87.5378,81.0734,0,0,0,56.4864,25.6047,3,-2.09834
3939,83354.8,99.9562,0.549679,296.712,81.0696,5.18899,13547.4,0,0,1378.24,635.503,91.7213,2,87.4321,89.5337,87.5337,81.0696,0,0,0,56.4858,25.6047,3,-2.10164
3939.1,83357.5,99.9582,0.552076,296.727,81.0683,5.18893,13547.9,0,0,1378.23,635.502,91.7203,2,87.4311,89.5324,87.5324,81.0683,0,0,0,56.4853,25.6046,3,-2.10128
3939.2,83360.3,99.9601,0.554498,296.743,81.0696,5.18923,13548.4,0,0,1378.29,635.507,91.7256,2,87.4363,89.5337,87.5337,81.0696,0,0,0,56.4848,25.6045,3,-2.09743
3939.3,83363.1,99.9619,0.556946,296.758,81.0731,5.18988,13548.9,0,0,1378.44,635.519,91.737,2,87.4473,89.5375,87.5375,81.0731,0,0,0,56.4842,25.6045,3,-2.09022
3939.4,83365.9,99.9636,0.559418,296.773,81.079,5.19085,13549.4,0,0,1378.66,635.537,91.7541,2,87.4639,89.5437,87.5437,81.079,0,0,0,56.4837,25.6044,3,-2.07979
3939.5,83368.6,99.9652,0.561914,296.789,81.087,5.19215,13549.9,0,0,1378.95,635.56,91.7768,2,87.486,89.5522,87.5522,81.087,0,0,0,56.4831,25.6044,3,-2.06628
3939.6,83371.4,99.9668,0.564434,296.805,81.0971,5.19374,13550.5,0,0,1379.3,635.589,91.8048,2,87.5132,89.563,87.563,81.0971,0,0,0,56.4826,25.6043,3,-2.0498
3939.7,83374.2,99.9683,0.566977,296.82,81.1092,5.19563,13551,0,0,1379.73,635.624,91.8379,2,87.5453,89.5758,87.5758,81.1092,0,0,0,56.4821,25.6042,3,-2.03048
3939.8,83377,99.9697,0.569543,296.836,81.1232,5.1978,13551.5,0,0,1380.21,635.663,91.876,2,87.5823,89.5907,87.5907,81.1232,0,0,0,56.4816,25.6042,3,-2.00844
3939.9,83379.8,99.9711,0.572131,296.852,81.1391,5.20023,13552,0,0,1380.76,635.708,91.9188,2,87.6238,89.6076,87.6076,81.1391,0,0,0,56.4811,25.6041,3,-1.98377
3940,83382.5,99.9724,0.574741,296.868,81.1567,5.20293,13552.5,0,0,1381.36,635.757,91.9661,2,87.6698,89.6264,87.6264,81.1567,0,0,0,56.4806,25.604,3,-1.9566
3940.1,83385.3,99.9736,0.577373,296.884,81.1761,5.20587,13553.1,0,0,1382.02,635.811,92.0177,2,87.7199,89.6469,87.6469,81.1761,0,0,0,56.4801,25.604,3,-1.92701
3940.2,83388.1,99.9748,0.580025,296.9,81.1971,5.20905,13553.6,0,0,1382.73,635.869,92.0735,2,87.7741,89.6692,87.6692,81.1971,0,0,0,56.4796,25.6039,3,-1.89511
3940.3,83390.9,99.9759,0.582698,296.916,81.2196,5.21246,13554.1,0,0,1383.5,635.931,92.1333,2,87.8322,89.6932,87.6932,81.2196,0,0,0,56.4791,25.6039,3,-1.86099
3940.4,83393.6,99.977,0.585391,296.932,81.2437,5.21609,13554.6,0,0,1384.31,635.997,92.197,2,87.894,89.7188,87.7188,81.2437,0,0,0,56.4786,25.6038,3,-1.82475
3940.5,83396.4,99.9781,0.588103,296.949,81.2692,5.21993,13555.2,0,0,1385.17,636.067,92.2644,2,87.9594,89.7459,87.7459,81.2692,0,0,0,56.4782,25.6037,3,-1.78645
3940.6,83399.2,99.979,0.590835,296.965,81.2961,5.22397,13555.7,0,0,1386.07,636.14,92.3353,2,88.0283,89.7745,87.7745,81.2961,0,0,0,56.4777,25.6037,3,-1.7462
3940.7,83402,99.98,0.593585,296.982,81.3243,5.2282,13556.2,0,0,1387.02,636.217,92.4096,2,88.1004,89.8045,87.8045,81.3243,0,0,0,56.4773,25.6036,3,-1.70407
3940.8,83404.7,99.9809,0.596353,296.998,81.3538,5.23262,13556.7,0,0,1388.01,636.298,92.4871,2,88.1757,89.8359,87.8359,81.3538,0,0,0,56.4768,25.6036,3,-1.66013
3940.9,83407.5,99.9817,0.599138,297.015,81.3845,5.23722,13557.2,0,0,1389.04,636.382,92.5678,2,88.2541,89.8685,87.8685,81.3845,0,0,0,56.4764,25.6035,3,-1.61447
3941,83410.3,99.9826,0.601941,297.031,81.4165,5.24199,13557.8,0,0,1390.1,636.468,92.6515,2,88.3353,89.9025,87.9025,81.4165,0,0,0,56.476,25.6034,3,-1.56714
3941.1,83413.1,99.9834,0.60476,297.048,81.4495,5.24693,13558.3,0,0,1391.2,636.558,92.738,2,88.4194,89.9376,87.9376,81.4495,0,0,0,56.4756,25.6034,3,-1.51822
3941.2,83415.9,99.9841,0.607596,297.065,81.4836,5.25202,13558.8,0,0,1392.34,636.651,92.8273,2,88.5061,89.9739,87.9739,81.4836,0,0,0,56.4752,25.6033,3,-1.46778
3941.3,83418.6,99.9848,0.610447,297.082,81.5188,5.25727,13559.3,0,0,1393.51,636.746,92.9193,2,88.5954,90.0113,88.0113,81.5188,0,0,0,56.4749,25.6032,3,-1.41588
3941.4,83421.4,99.9855,0.613313,297.099,81.555,5.26266,13559.9,0,0,1394.72,636.844,93.0138,2,88.6872,90.0497,88.0497,81.555,0,0,0,56.4745,25.6032,3,-1.36257
3941.5,83424.2,99.9862,0.616194,297.116,81.5921,5.26819,13560.4,0,0,1395.95,636.944,93.1107,2,88.7813,90.0892,88.0892,81.5921,0,0,0,56.4742,25.6031,3,-1.30793
3941.6,83427,99.9868,0.619089,297.133,81.6301,5.27385,13560.9,0,0,1397.21,637.047,93.21,2,88.8776,90.1296,88.1296,81.6301,0,0,0,56.4739,25.6031,3,-1.25199
3941.7,83429.7,99.9874,0.621998,297.15,81.669,5.27964,13561.5,0,0,1398.5,637.152,93.3115,2,88.9762,90.171,88.171,81.669,0,0,0,56.4736,25.603,3,-1.19483
3941.8,83432.5,99.9879,0.62492,297.168,81.7088,5.28555,13562,0,0,1399.82,637.26,93.4151,2,89.0768,90.2133,88.2133,81.7088,0,0,0,56.4733,25.6029,3,-1.13649
3941.9,83435.3,99.9885,0.627855,297.185,81.7494,5.28636,13562.5,0,0,1400,637.274,93.4293,2,89.0906,90.2564,88.2564,81.7494,0,0,0,56.473,25.6029,3,-1.16581
3942,83438.1,99.989,0.630801,297.202,81.7907,5.28636,13563,0,0,1400,637.274,93.4293,2,89.0906,90.3003,88.3003,81.7907,0,0,0,56.4726,25.6028,3,-1.20975
3942.1,83440.9,99.9895,0.63376,297.22,81.8328,5.28636,13563.6,0,0,1400,637.274,93.4293,2,89.0906,90.3451,88.3451,81.8328,0,0,0,56.4723,25.6028,3,-1.25447
3942.2,83443.6,99.99,0.63673,297.238,81.8755,5.28636,13564.1,0,0,1400,637.274,93.4293,2,89.0906,90.3905,88.3905,81.8755,0,0,0,56.472,25.6027,3,-1.29994
3942.3,83446.4,99.9904,0.63971,297.255,81.919,5.28636,13564.6,0,0,1400,637.274,93.4293,2,89.0906,90.4367,88.4367,81.919,0,0,0,56.4716,25.6026,3,-1.34612
3942.4,83449.2,99.9909,0.642701,297.273,81.963,5.28636,13565.2,0,0,1400,637.274,93.4293,2,89.0906,90.4836,88.4836,81.963,0,0,0,56.4713,25.6026,3,-1.39298
3942.5,83452,99.9913,0.645701,297.291,82.0077,5.28636,13565.7,0,0,1400,637.274,93.4293,2,89.0906,90.5311,88.5311,82.0077,0,0,0,56.4709,25.6025,3,-1.4405
3942.6,83454.7,99.9917,0.648711,297.309,82.053,5.28636,13566.2,0,0,1400,637.274,93.4293,2,89.0906,90.5792,88.5792,82.053,0,0,0,56.4705,25.6024,3,-1.48863
3942.7,83457.5,99.992,0.651729,297.327,82.0988,5.28636,13566.7,0,0,1400,637.274,93.4293,2,89.0906,90.6279,88.6279,82.0988,0,0,0,56.4701,25.6024,3,-1.53736
3942.8,83460.3,99.9924,0.654756,297.345,82.1452,5.28636,13567.3,0,0,1400,637.274,93.4293,2,89.0906,90.6772,88.6772,82.1452,0,0,0,56.4697,25.6023,3,-1.58664
3942.9,83463.1,99.9927,0.65779,297.364,82.1921,5.28636,13567.8,0,0,1400,637.274,93.4293,2,89.0906,90.727,88.727,82.1921,0,0,0,56.4693,25.6023,3,-1.63646
3943,83465.8,99.9931,0.660832,297.382,82.2394,5.28636,13568.3,0,0,1400,637.274,93.4293,2,89.0906,90.7774,88.7774,82.2394,0,0,0,56.4689,25.6022,3,-1.68679
3943.1,83468.6,99.9934,0.66388,297.4,82.2872,5.28636,13568.9,0,0,1400,637.274,93.4293,2,89.0906,90.8282,88.8282,82.2872,0,0,0,56.4684,25.6021,3,-1.7376
3943.2,83471.4,99.9937,0.666935,297.419,82.3354,5.28636,13569.4,0,0,1400,637.274,93.4293,2,89.0906,90.8794,88.8794,82.3354,0,0,0,56.4679,25.6021,3,-1.78887
3943.3,83474.2,99.994,0.669995,297.437,82.384,5.28636,13569.9,0,0,1400,637.274,93.4293,2,89.0906,90.9311,88.9311,82.384,0,0,0,56.4675,25.602,3,-1.84056
3943.4,83477,99.9942,0.673061,297.456,82.433,5.28636,13570.4,0,0,1400,637.274,93.4293,2,89.0906,90.9832,88.9832,82.433,0,0,0,56.467,25.602,3,-1.89266
3943.5,83479.7,99.9945,0.676131,297.475,82.4824,5.28636,13571,0,0,1400,637.274,93.4293,2,89.0906,91.0357,89.0357,82.4824,0,0,0,56.4665,25.6019,3,-1.94515
3943.6,83482.5,99.9947,0.679206,297.493,82.5321,5.28636,13571.5,0,0,1400,637.274,93.4293,2,89.0906,91.0886,89.0886,82.5321,0,0,0,56.466,25.6018,3,-1.998
3943.7,83485.3,99.995,0.682284,297.512,82.5821,5.28636,13572,0,0,1400,637.274,93.4293,2,89.0906,91.1418,89.1418,82.5821,0,0,0,56.4654,25.6018,3,-2.05118
3943.8,83488.1,99.9952,0.685366,297.531,82.6325,5.28636,13572.6,0,0,1400,637.274,93.4293,2,89.0906,91.1953,89.1953,82.6325,0,0,0,56.4649,25.6017,3,-2.10469
3943.9,83490.8,99.9954,0.68845,297.55,82.6831,5.28865,13573.1,0,0,1401.04,637.048,93.4656,2,89.1274,91.2491,89.2491,82.6831,0,0,0,56.4643,25.6017,3,-2.12172
3944,83493.6,99.9956,0.691537,297.57,82.7339,5.29145,13573.6,0,0,1402.31,636.773,93.5098,2,89.1722,91.3031,89.3031,82.7339,0,0,0,56.4638,25.6016,3,-2.13099
3944.1,83496.4,99.9958,0.694625,297.589,82.785,5.29425,13574.1,0,0,1403.59,636.496,93.5542,2,89.2171,91.3575,89.3575,82.785,0,0,0,56.4632,25.6015,3,-2.14037
3944.2,83499.2,99.996,0.697715,297.608,82.8364,5.29707,13574.7,0,0,1404.87,636.217,93.5987,2,89.2622,91.412,89.412,82.8364,0,0,0,56.4627,25.6015,3,-2.14987
3944.3,83502,99.9962,0.700806,297.628,82.8879,5.29989,13575.2,0,0,1406.15,635.938,93.6432,2,89.3073,91.4668,89.4668,82.8879,0,0,0,56.4621,25.6014,3,-2.15949
3944.4,83504.7,99.9964,0.703896,297.647,82.9396,5.30272,13575.7,0,0,1407.45,635.658,93.6879,2,89.3526,91.5218,89.5218,82.9396,0,0,0,56.4616,25.6013,3,-2.16922
3944.5,83507.5,99.9965,0.706987,297.667,82.9915,5.30556,13576.3,0,0,1408.74,635.377,93.7327,2,89.3979,91.577,89.577,82.9915,0,0,0,56.461,25.6013,3,-2.17905
3944.6,83510.3,99.9967,0.710077,297.686,83.0435,5.3084,13576.8,0,0,1410.04,635.094,93.7775,2,89.4433,91.6323,89.6323,83.0435,0,0,0,56.4604,25.6012,3,-2.189
3944.7,83513.1,99.9968,0.713166,297.706,83.0957,5.31125,13577.3,0,0,1411.34,634.812,93.8223,2,89.4888,91.6878,89.6878,83.0957,0,0,0,56.4599,25.6012,3,-2.19904
3944.8,83515.8,99.997,0.716253,297.726,83.148,5.3141,13577.9,0,0,1412.65,634.528,93.8672,2,89.5342,91.7434,89.7434,83.148,0,0,0,56.4593,25.6011,3,-2.20918
3944.9,83518.6,99.9971,0.719338,297.746,83.2004,5.31695,13578.4,0,0,1413.96,634.244,93.9121,2,89.5797,91.7991,89.7991,83.2004,0,0,0,56.4587,25.601,3,-2.21942
3945,83521.4,99.9972,0.72242,297.766,83.2529,5.3198,13578.9,0,0,1415.27,633.959,93.957,2,89.6252,91.8549,89.8549,83.2529,0,0,0,56.4581,25.601,3,-2.22976
3945.1,83524.2,99.9974,0.725499,297.786,83.3055,5.32266,13579.5,0,0,1416.58,633.674,94.0018,2,89.6707,91.9108,89.9108,83.3055,0,0,0,56.4576,25.6009,3,-2.24019
3945.2,83527,99.9975,0.728575,297.806,83.3581,5.32552,13580,0,0,1417.9,633.389,94.0467,2,89.7161,91.9668,89.9668,83.3581,0,0,0,56.457,25.6009,3,-2.25071
3945.3,83529.7,99.9976,0.731647,297.827,83.4108,5.32837,13580.5,0,0,1419.21,633.103,94.0915,2,89.7615,92.0228,90.0228,83.4108,0,0,0,56.4564,25.6008,3,-2.26131
3945.4,83532.5,99.9977,0.734714,297.847,83.4636,5.33123,13581.1,0,0,1420.53,632.817,94.1363,2,89.8069,92.0789,90.0789,83.4636,0,0,0,56.4558,25.6007,3,-2.27199
3945.5,83535.3,99.9978,0.737776,297.867,83.5163,5.33408,13581.6,0,0,1421.85,632.531,94.181,2,89.8522,92.1349,90.1349,83.5163,0,0,0,56.4552,25.6007,3,-2.28276
3945.6,83538.1,99.9979,0.740832,297.888,83.569,5.33696,13582.1,0,0,1423.13,632.264,94.2266,2,89.8982,92.191,90.191,83.569,0,0,0,56.4546,25.6006,3,-2.29284
3945.7,83540.8,99.998,0.743883,297.909,83.6218,5.34035,13582.7,0,0,1424.01,632.264,94.2847,2,89.955,92.2471,90.2471,83.6218,0,0,0,56.454,25.6006,3,-2.2921
3945.8,83543.6,99.9981,0.746927,297.929,83.6745,5.34386,13583.2,0,0,1424.89,632.264,94.3428,2,90.0117,92.3031,90.3031,83.6745,0,0,0,56.4534,25.6005,3,-2.29136
3945.9,83546.4,99.9982,0.749964,297.95,83.7272,5.34771,13583.7,0,0,1425.77,632.264,94.4009,2,90.0685,92.3591,90.3591,83.7272,0,0,0,56.4529,25.6004,3,-2.29063
3946,83549.2,99.9983,0.752994,297.971,83.7798,5.35156,13584.3,0,0,1426.65,632.264,94.459,2,90.1252,92.4151,90.4151,83.7798,0,0,0,56.4523,25.6004,3,-2.28989
3946.1,83552,99.9983,0.756016,297.992,83.8324,5.3554,13584.8,0,0,1427.52,632.264,94.517,2,90.1818,92.471,90.471,83.8324,0,0,0,56.4517,25.6003,3,-2.28916
3946.2,83554.7,99.9984,0.75903,298.013,83.8849,5.35925,13585.3,0,0,1428.4,632.264,94.5749,2,90.2384,92.5268,90.5268,83.8849,0,0,0,56.4511,25.6003,3,-2.28842
3946.3,83557.5,99.9985,0.762035,298.034,83.9373,5.36308,13585.9,0,0,1429.27,632.264,94.6327,2,90.2949,92.5825,90.5825,83.9373,0,0,0,56.4505,25.6002,3,-2.28769
3946.4,83560.3,99.9985,0.76503,298.055,83.9896,5.36691,13586.4,0,0,1430.14,632.264,94.6904,2,90.3512,92.6382,90.6382,83.9896,0,0,0,56.4499,25.6001,3,-2.28696
3946.5,83563.1,99.9986,0.768016,298.077,84.0419,5.37074,13586.9,0,0,1431.01,632.264,94.748,2,90.4075,92.6937,90.6937,84.0419,0,0,0,56.4493,25.6001,3,-2.28622
3946.6,83565.8,99.9987,0.770992,298.098,84.094,5.37455,13587.5,0,0,1431.88,632.264,94.8055,2,90.4636,92.7491,90.7491,84.094,0,0,0,56.4487,25.6,3,-2.28549
3946.7,83568.6,99.9987,0.773957,298.119,84.146,5.37836,13588,0,0,1432.74,632.264,94.8628,2,90.5196,92.8044,90.8044,84.146,0,0,0,56.4481,25.6,3,-2.28475
3946.8,83571.4,99.9988,0.776911,298.141,84.1978,5.38217,13588.6,0,0,1433.61,632.264,94.92,2,90.5755,92.8595,90.8595,84.1978,0,0,0,56.4475,25.5999,3,-2.28402
3946.9,83574.2,99.9988,0.779854,298.163,84.2495,5.38596,13589.1,0,0,1434.47,632.264,94.977,2,90.6312,92.9145,90.9145,84.2495,0,0,0,56.4469,25.5998,3,-2.28329
3947,83577,99.9989,0.782785,298.184,84.301,5.38974,13589.6,0,0,1435.33,632.264,95.0339,2,90.6867,92.9692,90.9692,84.301,0,0,0,56.4464,25.5998,3,-2.28255
3947.1,83579.7,99.9989,0.785703,298.206,84.3524,5.39351,13590.2,0,0,1436.18,632.264,95.0906,2,90.742,93.0239,91.0239,84.3524,0,0,0,56.4458,25.5997,3,-2.28182
3947.2,83582.5,99.999,0.788608,298.228,84.4036,5.39727,13590.7,0,0,1437.04,632.264,95.147,2,90.7972,93.0783,91.0783,84.4036,0,0,0,56.4452,25.5997,3,-2.28108
3947.3,83585.3,99.999,0.791501,298.25,84.4546,5.40101,13591.2,0,0,1437.89,632.264,95.2033,2,90.8521,93.1325,91.1325,84.4546,0,0,0,56.4446,25.5996,3,-2.28035
3947.4,83588.1,99.9991,0.794379,298.272,84.5054,5.4047,13591.8,0,0,1439.14,632.087,95.2596,2,90.9082,93.1865,91.1865,84.5054,0,0,0,56.444,25.5995,3,-2.27831
3947.5,83590.8,99.9991,0.797244,298.294,84.5559,5.40826,13592.3,0,0,1441.25,631.538,95.3163,2,90.9666,93.2403,91.2403,84.5559,0,0,0,56.4434,25.5995,3,-2.27369
3947.6,83593.6,99.9992,0.800093,298.316,84.6063,5.41179,13592.9,0,0,1443.35,630.991,95.3724,2,91.0245,93.2938,91.2938,84.6063,0,0,0,56.4428,25.5994,3,-2.26933
3947.7,83596.4,99.9992,0.802928,298.338,84.6564,5.4153,13593.4,0,0,1445.44,630.447,95.4281,2,91.0819,93.3471,91.3471,84.6564,0,0,0,56.4422,25.5994,3,-2.26523
3947.8,83599.2,99.9992,0.805748,298.361,84.7063,5.41877,13594,0,0,1447.51,629.906,95.4832,2,91.1388,93.4002,91.4002,84.7063,0,0,0,56.4417,25.5993,3,-2.26138
3947.9,83602,99.9993,0.808551,298.383,84.756,5.42223,13594.5,0,0,1449.58,629.367,95.5379,2,91.1951,93.4529,91.4529,84.756,0,0,0,56.4411,25.5992,3,-2.25779
3948,83604.7,99.9993,0.811339,298.406,84.8054,5.42565,13595,0,0,1451.64,628.83,95.592,2,91.251,93.5054,91.5054,84.8054,0,0,0,56.4405,25.5992,3,-2.25445
3948.1,83607.5,99.9993,0.814109,298.428,84.8545,5.42904,13595.6,0,0,1453.69,628.297,95.6457,2,91.3063,93.5577,91.5577,84.8545,0,0,0,56.4399,25.5991,3,-2.25135
3948.2,83610.3,99.9994,0.816863,298.451,84.9033,5.43241,13596.1,0,0,1455.73,627.767,95.6988,2,91.3611,93.6096,91.6096,84.9033,0,0,0,56.4393,25.5991,3,-2.2485
3948.3,83613.1,99.9994,0.819599,298.474,84.9519,5.43575,13596.7,0,0,1457.75,627.239,95.7513,2,91.4153,93.6612,91.6612,84.9519,0,0,0,56.4387,25.599,3,-2.24589
3948.4,83615.8,99.9994,0.822318,298.496,85.0002,5.43905,13597.2,0,0,1459.76,626.715,95.8034,2,91.469,93.7125,91.7125,85.0002,0,0,0,56.4382,25.5989,3,-2.24351
3948.5,83618.6,99.9994,0.825018,298.519,85.0481,5.44233,13597.8,0,0,1461.76,626.194,95.8549,2,91.5222,93.7635,91.7635,85.0481,0,0,0,56.4376,25.5989,3,-2.24136
3948.6,83621.4,99.9995,0.827699,298.542,85.0958,5.44558,13598.3,0,0,1463.75,625.676,95.9058,2,91.5748,93.8142,91.8142,85.0958,0,0,0,56.437,25.5988,3,-2.23944
3948.7,83624.2,99.9995,0.830361,298.565,85.1431,5.44879,13598.8,0,0,1465.72,625.162,95.9562,2,91.6268,93.8645,91.8645,85.1431,0,0,0,56.4364,25.5988,3,-2.23775
3948.8,83627,99.9995,0.833004,298.588,85.1901,5.45198,13599.4,0,0,1467.68,624.651,96.0061,2,91.6783,93.9145,91.9145,85.1901,0,0,0,56.4359,25.5987,3,-2.23627
3948.9,83629.7,99.9995,0.835627,298.612,85.2368,5.45513,13599.9,0,0,1469.63,624.144,96.0554,2,91.7292,93.9642,91.9642,85.2368,0,0,0,56.4353,25.5986,3,-2.23501
3949,83632.5,99.9996,0.83823,298.635,85.2832,5.45825,13600.5,0,0,1471.56,623.64,96.1041,2,91.7795,94.0134,92.0134,85.2832,0,0,0,56.4347,25.5986,3,-2.23395
3949.1,83635.3,99.9996,0.840812,298.658,85.3291,5.46134,13601,0,0,1473.48,623.14,96.1523,2,91.8292,94.0623,92.0623,85.3291,0,0,0,56.4341,25.5985,3,-2.23311
3949.2,83638.1,99.9996,0.843373,298.682,85.3748,5.4644,13601.6,0,0,1475.39,622.644,96.1999,2,91.8784,94.1108,92.1108,85.3748,0,0,0,56.4335,25.5985,3,-2.23246
3949.3,83640.8,99.9996,0.845913,298.705,85.42,5.46754,13602.1,0,0,1477.14,622.221,96.2484,2,91.928,94.159,92.159,85.42,0,0,0,56.433,25.5984,3,-2.23094
3949.4,83643.6,99.9996,0.848431,298.729,85.4649,5.47117,13602.7,0,0,1478.26,622.099,96.3028,2,91.9817,94.2067,92.2067,85.4649,0,0,0,56.4324,25.5983,3,-2.22494
3949.5,83646.4,99.9997,0.850927,298.752,85.5094,5.47476,13603.2,0,0,1479.37,621.978,96.3567,2,92.035,94.254,92.254,85.5094,0,0,0,56.4318,25.5983,3,-2.21901
3949.6,83649.2,99.9997,0.853401,298.776,85.5536,5.47833,13603.8,0,0,1480.48,621.858,96.4101,2,92.0878,94.3009,92.3009,85.5536,0,0,0,56.4312,25.5982,3,-2.21316
3949.7,83652,99.9997,0.855851,298.8,85.5973,5.48186,13604.3,0,0,1481.58,621.739,96.463,2,92.14,94.3474,92.3474,85.5973,0,0,0,56.4307,25.5982,3,-2.20738
3949.8,83654.7,99.9997,0.858279,298.823,85.6406,5.48536,13604.9,0,0,1482.66,621.621,96.5154,2,92.1918,94.3935,92.3935,85.6406,0,0,0,56.4301,25.5981,3,-2.20167
3949.9,83657.5,99.9997,0.860683,298.847,85.6836,5.48883,13605.4,0,0,1483.74,621.504,96.5673,2,92.2431,94.4391,92.4391,85.6836,0,0,0,56.4295,25.598,3,-2.19604
3950,83660.3,99.9997,0.863064,298.871,85.7261,5.49226,13606,0,0,1484.8,621.389,96.6186,2,92.2938,94.4843,92.4843,85.7261,0,0,0,56.429,25.598,3,-2.19048
3950.1,83663.1,99.9997,0.86542,298.895,85.7682,5.49566,13606.5,0,0,1485.86,621.274,96.6695,2,92.3441,94.5291,92.5291,85.7682,0,0,0,56.4284,25.5979,3,-2.18499
3950.2,83665.8,99.9997,0.867751,298.919,85.8098,5.49903,13607.1,0,0,1486.9,621.161,96.7198,2,92.3938,94.5734,92.5734,85.8098,0,0,0,56.4278,25.5979,3,-2.17958
3950.3,83668.6,99.9998,0.870058,298.943,85.851,5.50236,13607.6,0,0,1487.94,621.049,96.7695,2,92.443,94.6172,92.6172,85.851,0,0,0,56.4273,25.5978,3,-2.17424
3950.4,83671.4,99.9998,0.87234,298.968,85.8918,5.50566,13608.2,0,0,1488.96,620.938,96.8187,2,92.4916,94.6606,92.6606,85.8918,0,0,0,56.4267,25.5977,3,-2.16897
3950.5,83674.2,99.9998,0.874596,298.992,85.9322,5.50892,13608.7,0,0,1489.97,620.828,96.8674,2,92.5397,94.7034,92.7034,85.9322,0,0,0,56.4262,25.5977,3,-2.16377
3950.6,83677,99.9998,0.876826,299.016,85.972,5.51215,13609.3,0,0,1490.97,620.719,96.9155,2,92.5872,94.7458,92.7458,85.972,0,0,0,56.4256,25.5976,3,-2.15865
3950.7,83679.7,99.9998,0.87903,299.041,86.0115,5.51534,13609.8,0,0,1491.96,620.612,96.963,2,92.6342,94.7878,92.7878,86.0115,0,0,0,56.4251,25.5976,3,-2.1536
3950.8,83682.5,99.9998,0.881208,299.065,86.0504,5.51849,13610.4,0,0,1492.94,620.506,97.01,2,92.6806,94.8292,92.8292,86.0504,0,0,0,56.4245,25.5975,3,-2.14862
3950.9,83685.3,99.9998,0.883359,299.09,86.0889,5.5216,13610.9,0,0,1493.91,620.401,97.0564,2,92.7264,94.8701,92.8701,86.0889,0,0,0,56.4239,25.5974,3,-2.14372
3951,83688.1,99.9998,0.885483,299.114,86.1269,5.52468,13611.5,0,0,1494.86,620.297,97.1022,2,92.7716,94.9105,92.9105,86.1269,0,0,0,56.4234,25.5974,3,-2.13888
3951.1,83690.8,99.9998,0.88758,299.139,86.1644,5.52772,13612,0,0,1495.8,620.195,97.1474,2,92.8163,94.9504,92.9504,86.1644,0,0,0,56.4228,25.5973,3,-2.13412
3951.2,83693.6,99.9998,0.889649,299.163,86.2015,5.53071,13612.6,0,0,1496.73,620.094,97.192,2,92.8604,94.9898,92.9898,86.2015,0,0,0,56.4223,25.5973,3,-2.12943
3951.3,83696.4,99.9998,0.89169,299.188,86.238,5.53367,13613.1,0,0,1497.65,619.994,97.236,2,92.9038,95.0286,93.0286,86.238,0,0,0,56.4217,25.5972,3,-2.12481
3951.4,83699.2,99.9999,0.893704,299.213,86.2741,5.53659,13613.7,0,0,1498.56,619.896,97.2793,2,92.9467,95.067,93.067,86.2741,0,0,0,56.4212,25.5971,3,-2.12026
3951.5,83702,99.9999,0.895688,299.238,86.3096,5.53947,13614.2,0,0,1499.45,619.799,97.3221,2,92.989,95.1047,93.1047,86.3096,0,0,0,56.4206,25.5971,3,-2.11578
3951.6,83704.7,99.9999,0.897644,299.263,86.3446,5.5423,13614.8,0,0,1500.77,619.523,97.3647,2,93.032,95.142,93.142,86.3446,0,0,0,56.4201,25.597,3,-2.11002
3951.7,83707.5,99.9999,0.899571,299.288,86.3792,5.54506,13615.3,0,0,1502.8,618.957,97.4071,2,93.0764,95.1787,93.1787,86.3792,0,0,0,56.4196,25.597,3,-2.1023
3951.8,83710.3,99.9999,0.901469,299.313,86.4132,5.54776,13615.9,0,0,1504.8,618.4,97.4487,2,93.1199,95.2148,93.2148,86.4132,0,0,0,56.419,25.5969,3,-2.09493
3951.9,83713.1,99.9999,0.903337,299.338,86.4466,5.55041,13616.5,0,0,1506.76,617.851,97.4894,2,93.1625,95.2504,93.2504,86.4466,0,0,0,56.4185,25.5968,3,-2.08789
3952,83715.8,99.9999,0.905175,299.363,86.3794,5.54527,13617,0,0,1502.96,618.913,97.4104,2,93.0798,95.1789,93.1789,86.3794,0,0,0,56.4179,25.5968,3,-2.09908
3952.1,83718.6,99.9995,0.906984,299.388,85.9181,5.5089,13617.6,0,0,1489.96,620.829,96.867,2,92.5393,94.6885,92.6885,85.9181,0,0,0,56.4174,25.5967,3,-2.14919
3952.2,83721.4,99.9977,0.908762,299.413,84.7234,5.4226,13618.1,0,0,1449.81,629.309,95.5437,2,91.2012,93.4183,91.4183,84.7234,0,0,0,56.4168,25.5967,3,-2.21716
3952.3,83724.2,99.9927,0.910509,299.439,82.9568,5.30745,13618.6,0,0,1409.61,635.189,93.7625,2,89.4282,91.5401,89.5401,82.9568,0,0,0,56.4163,25.5966,3,-2.11189
3952.4,83727,99.9841,0.912226,299.464,80.388,5.14887,13619.1,0,0,1369.23,634.769,91.0167,2,86.7479,88.809,86.809,80.388,0,0,0,56.4157,25.5965,3,-2.06111
3952.5,83729.7,99.9693,0.913912,299.489,77.5084,5.01266,13619.7,0,0,1338.46,632.264,88.6203,2,84.4207,85.7476,83.7476,77.5084,0,0,0,56.4154,25.5965,3,-1.32691
3952.6,83732.5,99.9498,0.915566,299.515,75.4273,4.87793,13620.1,0,0,1307.69,629.759,86.24,2,82.109,83.5397,81.5397,75.4273,0,0,0,56.415,25.5964,3,-1.43071
3952.7,83735.3,99.9272,0.917188,299.54,74.9483,4.86791,13620.6,0,0,1305.52,629.523,86.0644,2,81.9388,83.0327,81.0327,74.9483,0,0,0,56.4147,25.5964,3,-1.09393
3952.8,83738.1,99.906,0.918779,299.566,75.8447,4.87793,13621.1,0,0,1307.69,629.759,86.24,2,82.109,83.9816,81.9816,75.8447,0,0,0,56.4142,25.5963,3,-1.87263
3952.9,83740.8,99.8868,0.920338,299.591,77.319,5.01266,13621.6,0,0,1338.46,632.264,88.6203,2,84.4207,85.5465,83.5465,77.319,0,0,0,56.414,25.5962,3,-1.12583
3953,83743.6,99.8711,0.921864,299.617,79.3274,5.10173,13622.1,0,0,1359.08,633.667,90.1849,2,85.9415,87.6818,85.6818,79.3274,0,0,0,56.4135,25.5962,3,-1.74033
3953.1,83746.4,99.8596,0.923358,299.642,81.1519,5.2177,13622.6,0,0,1384.67,636.026,92.2253,2,87.9215,89.6215,87.6215,81.1519,0,0,0,56.4131,25.5961,3,-1.69998
3953.2,83749.2,99.8508,0.92482,299.668,81.4261,5.25797,13623.2,0,0,1393.67,636.759,92.9317,2,88.6074,89.913,87.913,81.4261,0,0,0,56.4127,25.596,3,-1.3056
3953.3,83751.9,99.8402,0.926249,299.693,80.0785,5.14887,13623.7,0,0,1369.23,634.769,91.0167,2,86.7479,88.4804,86.4804,80.0785,0,0,0,56.4123,25.596,3,-1.73252
3953.4,83754.7,99.8263,0.927645,299.719,78.3915,5.02928,13624.2,0,0,1342.82,632.264,88.9091,2,84.703,86.6869,84.6869,78.3915,0,0,0,56.4118,25.5959,3,-1.9839
3953.5,83757.5,99.8094,0.929008,299.745,76.2042,4.91037,13624.7,0,0,1315.13,630.364,86.8137,2,82.6662,84.3622,82.3622,76.2042,0,0,0,56.4113,25.5959,3,-1.69601
3953.6,83760.2,99.7873,0.930338,299.771,74.0922,4.77341,13625.2,0,0,1284.74,627.267,84.3909,2,80.3162,82.1267,80.1267,74.0922,0,0,0,56.4109,25.5958,2,-1.81045
3953.7,83763,99.7624,0.931635,299.796,73.408,4.77286,13625.6,0,0,1284.62,627.254,84.3811,2,80.3068,81.4026,79.4026,73.408,0,0,0,56.4106,25.5957,2,-1.09578
3953.8,83765.8,99.7377,0.932898,299.822,73.0923,4.76587,13626.1,0,0,1283,627.123,84.2573,2,80.1866,81.0684,79.0684,73.0923,0,0,0,56.4104,25.5957,2,-0.881876
3953.9,83768.6,99.7118,0.934128,299.848,72.6878,4.70894,13626.6,0,0,1269.83,626.051,83.25,2,79.2081,80.6404,78.6404,72.6878,0,0,0,56.41,25.5956,2,-1.43227
3954,83771.3,99.6857,0.935323,299.874,72.9036,4.7394,13627.1,0,0,1276.88,626.625,83.7891,2,79.7317,80.8688,78.8688,72.9036,0,0,0,56.4097,25.5956,2,-1.13706
3954.1,83774.1,99.6606,0.936485,299.9,72.9431,4.74504,13627.5,0,0,1278.19,626.731,83.8889,2,79.8287,80.9107,78.9107,72.9431,0,0,0,56.4094,25.5955,2,-1.08196
3954.2,83776.9,99.6348,0.937612,299.926,71.7656,4.64013,13628,0,0,1253.85,624.749,82.0311,2,78.0242,79.6645,77.6645,71.7656,0,0,0,56.409,25.5954,2,-1.64027
3954.3,83779.6,99.6053,0.938706,299.952,70.0881,4.50858,13628.4,0,0,1223.08,622.244,79.6972,2,75.7571,77.889,75.889,70.0881,0,0,0,56.4084,25.5954,2,-2.13188
3954.4,83782.4,99.5732,0.939765,299.978,68.4498,4.48191,13628.9,0,0,1215.65,622.244,79.2132,2,75.2838,76.1552,74.1552,68.4498,0,0,0,56.4082,25.5953,2,-0.871389
3954.5,83785.2,99.5378,0.94079,300.004,66.8486,4.37693,13629.3,0,0,1194.91,618.083,77.3414,2,73.4782,74.4606,72.4606,66.8486,0,0,0,56.408,25.5953,2,-0.982355
3954.6,83787.9,99.4998,0.94178,300.03,65.4925,4.26866,13629.8,0,0,1176.18,611.982,75.3772,2,71.5936,73.0255,71.0255,65.4925,0,0,0,56.4076,25.5952,2,-1.4319
3954.7,83790.7,99.4593,0.942736,300.056,65.0165,4.24649,13630.2,0,0,1172.31,610.723,74.9749,2,71.2076,72.5227,70.5227,65.0165,0,0,0,56.4072,25.5951,2,-1.31507
3954.8,83793.5,99.4197,0.943657,300.082,66.1523,4.32646,13630.6,0,0,1186.21,615.248,76.4257,2,72.5996,73.7242,71.7242,66.1523,0,0,0,56.407,25.5951,2,-1.12458
3954.9,83796.2,99.3838,0.944543,300.108,68.3993,4.46957,13631.1,0,0,1213.08,621.869,78.9983,2,75.0759,76.1024,74.1024,68.3993,0,0,0,56.4067,25.595,2,-1.02642
3955,83799,99.3529,0.945394,300.134,70.4596,4.53041,13631.5,0,0,1228.2,622.661,80.0848,2,76.1336,78.283,76.283,70.4596,0,0,0,56.4061,25.595,2,-2.14938
3955.1,83801.7,99.3249,0.946211,300.16,71.8979,4.64013,13632,0,0,1253.85,624.749,82.0311,2,78.0242,79.8053,77.8053,71.8979,0,0,0,56.4057,25.5949,2,-1.78105
3955.2,83804.5,99.2996,0.946993,300.186,73.0199,4.75686,13632.5,0,0,1280.92,626.953,84.098,2,80.0318,80.9927,78.9927,73.0199,0,0,0,56.4054,25.5948,2,-0.960934
3955.3,83807.3,99.276,0.947741,300.212,74.0658,4.77286,13632.9,0,0,1284.62,627.254,84.3811,2,80.3068,82.0996,80.0996,74.0658,0,0,0,56.405,25.5948,2,-1.79286
3955.4,83810,99.2548,0.948453,300.239,74.6278,4.83398,13633.4,0,0,1298.09,628.717,85.4652,2,81.3578,82.6944,80.6944,74.6278,0,0,0,56.4046,25.5947,3,-1.33659
3955.5,83812.8,99.2335,0.94913,300.265,74.3795,4.80648,13633.9,0,0,1292.04,628.06,84.9775,2,80.885,82.4316,80.4316,74.3795,0,0,0,56.4042,25.5946,3,-1.54659
3955.6,83815.5,99.2115,0.949773,300.291,73.7194,4.77286,13634.4,0,0,1284.62,627.254,84.3811,2,80.3068,81.733,79.733,73.7194,0,0,0,56.4039,25.5946,2,-1.42627
3955.7,83818.3,99.1877,0.950381,300.317,72.9738,4.75078,13634.8,0,0,1279.52,626.839,83.9905,2,79.9274,80.9441,78.9441,72.9738,0,0,0,56.4036,25.5945,2,-1.01669
3955.8,83821,99.163,0.950954,300.343,72.2651,4.65126,13635.3,0,0,1256.44,624.96,82.2283,2,78.2158,80.1941,78.1941,72.2651,0,0,0,56.4031,25.5945,2,-1.97834
3955.9,83823.8,99.1366,0.951491,300.37,71.3716,4.64013,13635.8,0,0,1253.85,624.749,82.0311,2,78.0242,79.2487,77.2487,71.3716,0,0,0,56.4028,25.5944,2,-1.22447
3956,83826.5,99.1086,0.951994,300.396,71.0466,4.61311,13636.2,0,0,1247.55,624.237,81.5522,2,77.559,78.9048,76.9048,71.0466,0,0,0,56.4024,25.5943,2,-1.34583
3956.1,83829.3,99.0812,0.952462,300.422,72.3618,4.66509,13636.7,0,0,1259.65,625.222,82.4735,2,78.4539,80.2967,78.2967,72.3618,0,0,0,56.4019,25.5943,2,-1.84279
3956.2,83832,99.0584,0.952895,300.448,74.5719,4.82019,13637.2,0,0,1295.06,628.388,85.2206,2,81.1207,82.6354,80.6354,74.5719,0,0,0,56.4015,25.5942,3,-1.51468
3956.3,83834.8,99.0395,0.953293,300.474,76.3289,4.93086,13637.7,0,0,1319.82,630.746,87.1759,2,83.018,84.4975,82.4975,76.3289,0,0,0,56.4012,25.5942,3,-1.47946
3956.4,83837.5,99.0235,0.953655,300.501,78.1605,5.0227,13638.2,0,0,1341.1,632.264,88.7948,2,84.5912,86.444,84.444,78.1605,0,0,0,56.4007,25.5941,3,-1.85278
3956.5,83840.3,99.0117,0.953983,300.527,80.3522,5.14887,13638.7,0,0,1369.23,634.769,91.0167,2,86.7479,88.7733,86.7733,80.3522,0,0,0,56.4002,25.594,3,-2.02543
3956.6,83843.1,99.0041,0.954276,300.553,82.3914,5.28636,13639.2,0,0,1400,637.274,93.4293,2,89.0906,90.9405,88.9405,82.3914,0,0,0,56.3997,25.594,3,-1.84993
3956.7,83845.8,99.0001,0.954535,300.579,84.0862,5.37964,13639.8,0,0,1433.03,632.264,94.882,2,90.5383,92.7416,90.7416,84.0862,0,0,0,56.3991,25.5939,3,-2.20332
3956.8,83848.6,98.999,0.954758,300.606,85.578,5.48432,13640.3,0,0,1482.34,621.656,96.4998,2,92.1764,94.327,92.327,85.578,0,0,0,56.3986,25.5939,3,-2.15061
3956.9,83851.3,99.0007,0.954946,300.632,86.999,5.59415,13640.9,0,0,1540.35,608.478,98.1502,2,93.8553,95.8396,93.8396,86.999,0,0,0,56.398,25.5938,3,-1.98434
3957,83854.1,99.0049,0.9551,300.658,88.2282,5.68859,13641.4,0,0,1579.36,601.727,99.52,2,95.2243,97.152,95.152,88.2282,0,0,0,56.3975,25.5937,3,-1.92777
3957.1,83856.8,99.0113,0.955219,300.684,88.793,5.7364,13642,0,0,1602.6,597.186,100.222,2,95.9304,97.755,95.755,88.793,0,0,0,56.3971,25.5937,3,-1.82459
3957.2,83859.6,99.0176,0.955303,300.711,88.7955,5.7366,13642.6,0,0,1602.74,597.16,100.226,2,95.9344,97.7577,95.7577,88.7955,0,0,0,56.3966,25.5936,3,-1.82328
3957.3,83862.3,99.024,0.955353,300.737,88.8246,5.73843,13643.2,0,0,1603.96,596.921,100.263,2,95.971,97.7887,95.7887,88.8246,0,0,0,56.3961,25.5936,3,-1.81773
3957.4,83865.1,99.0304,0.955367,300.763,89.0106,5.74983,13643.7,0,0,1611.63,595.422,100.489,2,96.1987,97.9872,95.9872,89.0106,0,0,0,56.3957,25.5935,3,-1.7885
3957.5,83867.8,99.0373,0.955347,300.789,89.1693,5.76047,13644.3,0,0,1616.5,594.689,100.669,2,96.3772,98.1567,96.1567,89.1693,0,0,0,56.3952,25.5934,3,-1.77948
3957.6,83870.6,99.0443,0.955293,300.816,89.1695,5.76053,13644.9,0,0,1616.52,594.689,100.67,2,96.3781,98.1569,96.1569,89.1695,0,0,0,56.3948,25.5934,3,-1.77878
3957.7,83873.3,99.0512,0.955204,300.842,89.1691,5.76055,13645.5,0,0,1616.52,594.689,100.67,2,96.3784,98.1564,96.1564,89.1691,0,0,0,56.3943,25.5933,3,-1.77804
3957.8,83876.1,99.0581,0.95508,300.868,89.168,5.76053,13646,0,0,1616.52,594.689,100.67,2,96.378,98.1553,96.1553,89.168,0,0,0,56.3938,25.5933,3,-1.77725
3957.9,83878.8,99.065,0.954922,300.895,89.1664,5.76047,13646.6,0,0,1616.5,594.689,100.669,2,96.3771,98.1535,96.1535,89.1664,0,0,0,56.3934,25.5932,3,-1.77642
3958,83881.6,99.0719,0.954729,300.921,89.1641,5.76037,13647.2,0,0,1616.48,594.689,100.667,2,96.3755,98.1511,96.1511,89.1641,0,0,0,56.3929,25.5931,3,-1.77555
3958.1,83884.3,99.0787,0.954502,300.947,89.1612,5.76024,13647.8,0,0,1616.44,594.689,100.665,2,96.3733,98.148,96.148,89.1612,0,0,0,56.3925,25.5931,3,-1.77463
3958.2,83887.1,99.0856,0.954241,300.973,89.1577,5.76006,13648.3,0,0,1616.39,594.689,100.662,2,96.3705,98.1442,96.1442,89.1577,0,0,0,56.392,25.593,3,-1.77367
3958.3,83889.8,99.0924,0.953946,301,89.1536,5.75985,13648.9,0,0,1616.34,594.689,100.659,2,96.3671,98.1398,96.1398,89.1536,0,0,0,56.3915,25.593,3,-1.77267
3958.4,83892.6,99.0991,0.953617,301.026,89.078,5.75485,13649.5,0,0,1614.69,594.824,100.579,2,96.2888,98.059,96.059,89.078,0,0,0,56.3911,25.5929,3,-1.77021
3958.5,83895.3,99.1056,0.953254,301.052,89.0015,5.74975,13650.1,0,0,1611.57,595.433,100.488,2,96.197,97.9773,95.9773,89.0015,0,0,0,56.3906,25.5928,3,-1.78032
3958.6,83898.1,99.1121,0.952856,301.078,88.993,5.74928,13650.6,0,0,1611.26,595.495,100.478,2,96.1877,97.9683,95.9683,88.993,0,0,0,56.3902,25.5928,3,-1.78068
3958.7,83900.8,99.1185,0.952425,301.105,88.984,5.74877,13651.2,0,0,1610.92,595.562,100.468,2,96.1775,97.9587,95.9587,88.984,0,0,0,56.3897,25.5927,3,-1.78114
3958.8,83903.6,99.1249,0.951961,301.131,88.56,5.71878,13651.8,0,0,1593.52,598.961,99.9504,2,95.657,97.5059,95.5059,88.56,0,0,0,56.3892,25.5927,3,-1.8489
3958.9,83906.3,99.1297,0.951463,301.157,87.6854,5.64697,13652.4,0,0,1565.33,603.462,98.9203,2,94.6311,96.5721,94.5721,87.6854,0,0,0,56.3887,25.5926,3,-1.94098
3959,83909.1,99.1327,0.950931,301.183,87.2266,5.61171,13652.9,0,0,1554.04,604.688,98.4061,2,94.1236,96.0822,94.0822,87.2266,0,0,0,56.3882,25.5925,3,-1.95854
3959.1,83911.8,99.1358,0.950366,301.209,86.7029,5.5735,13653.5,0,0,1524.2,612.983,97.8408,2,93.5306,95.5228,93.5228,86.7029,0,0,0,56.3877,25.5925,3,-1.99224
3959.2,83914.6,99.1369,0.949768,301.236,85.7465,5.49906,13654,0,0,1486.91,621.16,96.7202,2,92.3942,94.5061,92.5061,85.7465,0,0,0,56.3872,25.5924,3,-2.11186
3959.3,83917.4,99.1363,0.949137,301.262,85.1394,5.45374,13654.6,0,0,1468.77,624.368,96.0336,2,91.7067,93.8608,91.8608,85.1394,0,0,0,56.3866,25.5924,3,-2.15416
3959.4,83920.1,99.1352,0.948473,301.288,85.2011,5.45788,13655.1,0,0,1471.33,623.701,96.0983,2,91.7734,93.9265,91.9265,85.2011,0,0,0,56.386,25.5923,3,-2.15304
3959.5,83922.9,99.1349,0.947777,301.314,85.2113,5.4586,13655.7,0,0,1471.78,623.583,96.1096,2,91.7851,93.9372,91.9372,85.2113,0,0,0,56.3855,25.5922,3,-2.15211
3959.6,83925.6,99.1338,0.947048,301.34,85.1769,5.45639,13656.2,0,0,1470.41,623.94,96.0751,2,91.7495,93.9007,91.9007,85.1769,0,0,0,56.3849,25.5922,3,-2.15122
3959.7,83928.4,99.1335,0.946286,301.366,85.0219,5.44616,13656.8,0,0,1464.11,625.582,95.915,2,91.5843,93.736,91.736,85.0219,0,0,0,56.3844,25.5921,3,-2.15176
3959.8,83931.1,99.1319,0.945492,301.392,84.159,5.3866,13657.3,0,0,1434.61,632.264,94.9866,2,90.6405,92.8189,90.8189,84.159,0,0,0,56.3838,25.5921,3,-2.17833
3959.9,83933.9,99.1283,0.944667,301.418,83.016,5.31345,13657.8,0,0,1412.35,634.592,93.857,2,89.5239,91.6041,89.6041,83.016,0,0,0,56.3833,25.592,3,-2.08023
3960,83936.6,99.1224,0.943809,301.444,81.5612,5.28482,13658.4,0,0,1399.66,637.246,93.4023,2,89.0644,90.0579,88.0579,81.5612,0,0,0,56.383,25.5919,3,-0.993514
3960.1,83939.4,99.1134,0.94292,301.47,79.8491,5.14887,13658.9,0,0,1369.23,634.769,91.0167,2,86.7479,88.2384,86.2384,79.8491,0,0,0,56.3826,25.5919,3,-1.49046
3960.2,83942.1,99.1011,0.941999,301.496,78.4456,5.03249,13659.4,0,0,1343.67,632.264,88.9648,2,84.7574,86.7468,84.7468,78.4456,0,0,0,56.3821,25.5918,3,-1.98943
3960.3,83944.9,99.0869,0.941047,301.522,77.5194,5.01266,13659.9,0,0,1338.46,632.264,88.6203,2,84.4207,85.7625,83.7625,77.5194,0,0,0,56.3818,25.5918,3,-1.34177
3960.4,83947.6,99.0712,0.940065,301.548,76.5761,4.97071,13660.4,0,0,1328.91,631.487,87.88,2,83.7018,84.7601,82.7601,76.5761,0,0,0,56.3815,25.5917,3,-1.0583
3960.5,83950.4,99.0536,0.939051,301.574,75.1653,4.87793,13660.9,0,0,1307.69,629.759,86.24,2,82.109,83.2633,81.2633,75.1653,0,0,0,56.3812,25.5916,3,-1.15432
3960.6,83953.1,99.0328,0.938007,301.6,73.7447,4.77286,13661.3,0,0,1284.62,627.254,84.3811,2,80.3068,81.7601,79.7601,73.7447,0,0,0,56.3808,25.5916,2,-1.45333
3960.7,83955.9,99.01,0.936933,301.625,72.5812,4.70067,13661.8,0,0,1267.91,625.894,83.1035,2,79.0659,80.529,78.529,72.5812,0,0,0,56.3805,25.5915,2,-1.46315
3960.8,83958.6,98.9849,0.935829,301.651,71.5381,4.64013,13662.3,0,0,1253.85,624.749,82.0311,2,78.0242,79.4253,77.4253,71.5381,0,0,0,56.3801,25.5915,2,-1.40106
3960.9,83961.4,98.9584,0.934695,301.677,70.5278,4.54584,13662.7,0,0,1231.82,622.956,80.3588,2,76.3998,78.3563,76.3563,70.5278,0,0,0,56.3796,25.5914,2,-1.95655
3961,83964.1,98.9297,0.933532,301.703,70.3152,4.51645,13663.2,0,0,1224.93,622.395,79.837,2,75.8929,78.1315,76.1315,70.3152,0,0,0,56.379,25.5913,2,-2.23867
3961.1,83966.9,98.9026,0.93234,301.728,70.7987,4.58383,13663.6,0,0,1240.71,623.68,81.0328,2,77.0545,78.6432,76.6432,70.7987,0,0,0,56.3786,25.5913,2,-1.58876
3961.2,83969.6,98.8761,0.931118,301.754,71.8796,4.64013,13664.1,0,0,1253.85,624.749,82.0311,2,78.0242,79.7871,77.7871,71.8796,0,0,0,56.3781,25.5912,2,-1.76285
3961.3,83972.4,98.8534,0.929868,301.779,74.0444,4.77407,13664.6,0,0,1284.88,627.283,84.4026,2,80.3276,82.0778,80.0778,74.0444,0,0,0,56.3777,25.5912,2,-1.75023
3961.4,83975.1,98.8354,0.92859,301.805,76.0569,4.89747,13665.1,0,0,1312.17,630.124,86.5856,2,82.4446,84.2096,82.2096,76.0569,0,0,0,56.3772,25.5911,3,-1.76492
3961.5,83977.9,98.8206,0.927283,301.83,77.248,5.01266,13665.6,0,0,1338.46,632.264,88.6203,2,84.4207,85.4754,83.4754,77.248,0,0,0,56.377,25.591,3,-1.05467
3961.6,83980.6,98.8073,0.925948,301.856,78.5321,5.0355,13666.1,0,0,1344.45,632.264,89.0171,2,84.8085,86.84,84.84,78.5321,0,0,0,56.3764,25.591,3,-2.03147
3961.7,83983.4,98.7976,0.924585,301.881,79.6909,5.14887,13666.6,0,0,1369.23,634.769,91.0167,2,86.7479,88.0714,86.0714,79.6909,0,0,0,56.3761,25.5909,3,-1.32352
3961.8,83986.1,98.7889,0.923195,301.906,80.1512,5.14887,13667.1,0,0,1369.23,634.769,91.0167,2,86.7479,88.5606,86.5606,80.1512,0,0,0,56.3756,25.5909,3,-1.81268
3961.9,83988.8,98.7811,0.921777,301.932,81.2083,5.23497,13667.6,0,0,1388.53,636.341,92.5283,2,88.2157,89.6839,87.6839,81.2083,0,0,0,56.3752,25.5908,3,-1.4682
3962,83991.6,98.7766,0.920333,301.957,82.686,5.29649,13668.2,0,0,1404.6,636.275,93.5894,2,89.2528,91.2543,89.2543,82.686,0,0,0,56.3747,25.5907,3,-2.00143
3962.1,83994.3,98.7745,0.918861,301.982,83.3479,5.33195,13668.7,0,0,1420.87,632.744,94.1477,2,89.8184,91.9576,89.9576,83.3479,0,0,0,56.3742,25.5907,3,-2.1392
3962.2,83997.1,98.7727,0.917363,302.007,83.2361,5.32605,13669.2,0,0,1418.14,633.335,94.0551,2,89.7246,91.8388,89.8388,83.2361,0,0,0,56.3736,25.5906,3,-2.11423
3962.3,83999.8,98.7704,0.915838,302.033,83.421,5.33593,13669.8,0,0,1422.7,632.346,94.21,2,89.8815,92.0353,90.0353,83.421,0,0,0,56.3731,25.5906,3,-2.15379
3962.4,84002.6,98.7693,0.914287,302.058,83.8197,5.3635,13670.3,0,0,1429.36,632.264,94.6389,2,90.301,92.459,90.459,83.8197,0,0,0,56.3725,25.5905,3,-2.15803
3962.5,84005.3,98.7686,0.912711,302.083,84.3626,5.40266,13670.8,0,0,1438.26,632.264,95.228,2,90.8763,93.0359,91.0359,84.3626,0,0,0,56.372,25.5904,3,-2.15965
3962.6,84008.1,98.7698,0.911109,302.108,85.4578,5.4782,13671.4,0,0,1480.44,621.862,96.4082,2,92.0859,94.1997,92.1997,85.4578,0,0,0,56.3714,25.5904,3,-2.11381
3962.7,84010.8,98.7734,0.909482,302.133,86.8386,5.58562,13671.9,0,0,1533.61,610.357,98.023,2,93.7217,95.6695,93.6695,86.8386,0,0,0,56.3709,25.5903,3,-1.94779
3962.8,84013.5,98.7799,0.90783,302.158,87.7086,5.65108,13672.5,0,0,1566.64,603.32,98.9798,2,94.6898,96.5984,94.5984,87.7086,0,0,0,56.3704,25.5903,3,-1.90857
3962.9,84016.3,98.7869,0.906153,302.183,87.7439,5.65387,13673.1,0,0,1567.53,603.223,99.0201,2,94.7295,96.636,94.636,87.7439,0,0,0,56.3699,25.5902,3,-1.90646
3963,84019,98.7936,0.904451,302.207,87.6144,5.6439,13673.6,0,0,1564.36,603.568,98.8759,2,94.5873,96.4977,94.4977,87.6144,0,0,0,56.3694,25.5901,3,-1.91035
3963.1,84021.8,98.8002,0.902726,302.232,87.3234,5.62143,13674.2,0,0,1557.2,604.345,98.5504,2,94.266,96.187,94.187,87.3234,0,0,0,56.3689,25.5901,3,-1.921
3963.2,84024.5,98.8059,0.900976,302.257,86.3998,5.55286,13674.7,0,0,1508.59,617.342,97.527,2,93.2018,95.201,93.201,86.3998,0,0,0,56.3684,25.59,3,-1.99913
3963.3,84027.3,98.809,0.899203,302.282,85.0789,5.4517,13675.3,0,0,1467.51,624.696,96.0017,2,91.6737,93.797,91.797,85.0789,0,0,0,56.3679,25.59,3,-2.12323
3963.4,84030,98.8097,0.897407,302.306,83.2558,5.32762,13675.8,0,0,1418.86,633.179,94.0797,2,89.7495,91.8596,89.8596,83.2558,0,0,0,56.3673,25.5899,3,-2.11009
3963.5,84032.8,98.8059,0.895589,302.331,80.4253,5.14887,13676.3,0,0,1369.23,634.769,91.0167,2,86.7479,88.8518,86.8518,80.4253,0,0,0,56.3668,25.5898,3,-2.1039
3963.6,84035.5,98.796,0.893748,302.356,77.2377,5.01266,13676.8,0,0,1338.46,632.264,88.6203,2,84.4207,85.4645,83.4645,77.2377,0,0,0,56.3665,25.5898,3,-1.04378
3963.7,84038.2,98.7803,0.891885,302.38,74.4356,4.81945,13677.3,0,0,1294.89,628.37,85.2076,2,81.1081,82.492,80.492,74.4356,0,0,0,56.3662,25.5897,3,-1.38393
3963.8,84041,98.7598,0.89,302.404,72.252,4.65784,13677.8,0,0,1257.97,625.085,82.3449,2,78.329,80.1816,78.1816,72.252,0,0,0,56.3657,25.5897,2,-1.85256
3963.9,84043.7,98.736,0.888095,302.429,71.1001,4.62891,13678.3,0,0,1251.23,624.536,81.8323,2,77.8311,78.9628,76.9628,71.1001,0,0,0,56.3654,25.5896,2,-1.13171
3964,84046.5,98.7115,0.886169,302.453,70.8811,4.5984,13678.7,0,0,1244.12,623.957,81.2914,2,77.3056,78.7312,76.7312,70.8811,0,0,0,56.365,25.5895,2,-1.42554
3964.1,84049.2,98.6871,0.884223,302.477,71.1392,4.63455,13679.2,0,0,1252.55,624.643,81.9323,2,77.9282,79.0044,77.0044,71.1392,0,0,0,56.3647,25.5895,2,-1.0762
3964.2,84052,98.6639,0.882257,302.502,72.1469,4.64348,13679.6,0,0,1254.63,624.813,82.0904,2,78.0818,80.0707,78.0707,72.1469,0,0,0,56.3642,25.5894,2,-1.98888
3964.3,84054.7,98.6437,0.880272,302.526,73.718,4.77286,13680.1,0,0,1284.62,627.254,84.3811,2,80.3068,81.7331,79.7331,73.718,0,0,0,56.3639,25.5894,2,-1.4263
3964.4,84057.4,98.6267,0.878267,302.55,75.4558,4.87793,13680.6,0,0,1307.69,629.759,86.24,2,82.109,83.572,81.572,75.4558,0,0,0,56.3635,25.5893,3,-1.46298
3964.5,84060.2,98.6134,0.876243,302.574,77.1244,5.01266,13681.1,0,0,1338.46,632.264,88.6203,2,84.4207,85.3451,83.3451,77.1244,0,0,0,56.3632,25.5892,3,-0.924373
3964.6,84062.9,98.6031,0.8742,302.598,78.8058,5.05198,13681.6,0,0,1348.32,632.5,89.3063,2,85.0898,87.1317,85.1317,78.8058,0,0,0,56.3627,25.5892,3,-2.04196
3964.7,84065.7,98.5964,0.87214,302.622,80.3653,5.14887,13682.1,0,0,1369.23,634.769,91.0167,2,86.7479,88.7888,86.7888,80.3653,0,0,0,56.3622,25.5891,3,-2.04088
3964.8,84068.4,98.5922,0.870061,302.646,81.2713,5.24737,13682.7,0,0,1391.3,636.566,92.7457,2,88.4268,89.7515,87.7515,81.2713,0,0,0,56.3618,25.5891,3,-1.32468
3964.9,84071.1,98.5892,0.867964,302.669,82.1643,5.28636,13683.2,0,0,1400,637.274,93.4293,2,89.0906,90.7004,88.7004,82.1643,0,0,0,56.3614,25.589,3,-1.60983
3965,84073.9,98.5886,0.86585,302.693,83.169,5.32356,13683.7,0,0,1417,633.584,94.016,2,89.685,91.768,89.768,83.169,0,0,0,56.3609,25.5889,3,-2.08299
3965.1,84076.6,98.5896,0.863718,302.717,84.0566,5.38194,13684.3,0,0,1433.56,632.264,94.9166,2,90.5722,92.7111,90.7111,84.0566,0,0,0,56.3603,25.5889,3,-2.13896
3965.2,84079.3,98.5926,0.861571,302.741,85.02,5.44865,13684.8,0,0,1465.63,625.185,95.954,2,91.6245,93.7348,91.7348,85.02,0,0,0,56.3598,25.5888,3,-2.11029
3965.3,84082.1,98.5974,0.859406,302.764,85.8668,5.51207,13685.3,0,0,1490.95,620.722,96.9144,2,92.5861,94.6345,92.6345,85.8668,0,0,0,56.3593,25.5888,3,-2.04838
3965.4,84084.8,98.6037,0.857226,302.788,86.2524,5.54265,13685.9,0,0,1501.03,619.452,97.37,2,93.0375,95.0446,93.0446,86.2524,0,0,0,56.3587,25.5887,3,-2.00709
3965.5,84087.6,98.6101,0.855029,302.811,86.414,5.55525,13686.5,0,0,1510.37,616.845,97.5636,2,93.2401,95.2171,93.2171,86.414,0,0,0,56.3582,25.5886,3,-1.977
3965.6,84090.3,98.6171,0.852818,302.834,85.9704,5.52046,13687,0,0,1493.55,620.439,97.0393,2,92.7096,94.7446,92.7446,85.9704,0,0,0,56.3577,25.5886,3,-2.035
3965.7,84093,98.6219,0.850591,302.858,84.7309,5.42952,13687.6,0,0,1453.98,628.222,95.6531,2,91.314,93.4275,91.4275,84.7309,0,0,0,56.3572,25.5885,3,-2.11343
3965.8,84095.8,98.6242,0.84835,302.881,83.5161,5.3435,13688.1,0,0,1424.81,632.264,94.3373,2,90.0064,92.1366,90.1366,83.5161,0,0,0,56.3566,25.5885,3,-2.13027
3965.9,84098.5,98.6245,0.846095,302.904,82.4039,5.28636,13688.6,0,0,1400,637.274,93.4293,2,89.0906,90.9548,88.9548,82.4039,0,0,0,56.3561,25.5884,3,-1.86426
3966,84101.3,98.6228,0.843826,302.927,81.4133,5.26956,13689.1,0,0,1396.26,636.969,93.1348,2,88.8047,89.9023,87.9023,81.4133,0,0,0,56.3558,25.5883,3,-1.09764
3966.1,84104,98.6194,0.841544,302.95,80.156,5.14887,13689.7,0,0,1369.23,634.769,91.0167,2,86.7479,88.5664,86.5664,80.156,0,0,0,56.3554,25.5883,3,-1.81846
3966.2,84106.7,98.6131,0.83925,302.974,78.7336,5.04519,13690.2,0,0,1346.85,632.34,89.1864,2,84.9735,87.055,85.055,78.7336,0,0,0,56.3548,25.5882,3,-2.08146
3966.3,84109.5,98.6045,0.836943,302.996,77.4594,5.01266,13690.7,0,0,1338.46,632.264,88.6203,2,84.4207,85.7011,83.7011,77.4594,0,0,0,56.3545,25.5882,3,-1.28038
3966.4,84112.2,98.5934,0.834624,303.019,76.3929,4.95089,13691.2,0,0,1324.39,631.119,87.5298,2,83.3617,84.5678,82.5678,76.3929,0,0,0,56.3542,25.5881,3,-1.20614
3966.5,84115,98.581,0.832294,303.042,75.5871,4.87793,13691.6,0,0,1307.69,629.759,86.24,2,82.109,83.7118,81.7118,75.5871,0,0,0,56.3538,25.588,3,-1.60274
3966.6,84117.7,98.5671,0.829953,303.065,75.1589,4.87793,13692.1,0,0,1307.69,629.759,86.24,2,82.109,83.2578,81.2578,75.1589,0,0,0,56.3535,25.588,3,-1.14875
3966.7,84120.4,98.5533,0.827601,303.088,75.4118,4.87793,13692.6,0,0,1307.69,629.759,86.24,2,82.109,83.5256,81.5256,75.4118,0,0,0,56.3531,25.5879,3,-1.41659
3966.8,84123.2,98.5406,0.825239,303.11,75.7724,4.87793,13693.1,0,0,1307.69,629.759,86.24,2,82.109,83.9088,81.9088,75.7724,0,0,0,56.3526,25.5879,3,-1.7998
3966.9,84125.9,98.5284,0.822868,303.133,76.1076,4.91053,13693.6,0,0,1315.16,630.368,86.8166,2,82.669,84.2651,82.2651,76.1076,0,0,0,56.3522,25.5878,3,-1.59612
3967,84128.6,98.5173,0.820487,303.155,76.87,5.01266,13694.1,0,0,1338.46,632.264,88.6203,2,84.4207,85.0752,83.0752,76.87,0,0,0,56.3521,25.5877,3,-0.654491
3967.1,84131.4,98.5083,0.818097,303.178,77.7679,5.01293,13694.6,0,0,1338.53,632.264,88.625,2,84.4254,86.0294,84.0294,77.7679,0,0,0,56.3517,25.5877,3,-1.60401
3967.2,84134.1,98.5008,0.815699,303.2,78.3605,5.03142,13695.1,0,0,1343.39,632.264,88.9463,2,84.7393,86.6591,84.6591,78.3605,0,0,0,56.3512,25.5876,3,-1.91971
3967.3,84136.8,98.4943,0.813293,303.222,78.8936,5.06413,13695.6,0,0,1350.95,632.785,89.5209,2,85.2978,87.2255,85.2255,78.8936,0,0,0,56.3507,25.5876,3,-1.92775
3967.4,84139.6,98.4891,0.810879,303.245,78.2484,5.02798,13696.1,0,0,1342.48,632.264,88.8865,2,84.6808,86.5399,84.5399,78.2484,0,0,0,56.3502,25.5875,3,-1.8591
3967.5,84142.3,98.4802,0.808457,303.267,75.9947,4.89499,13696.6,0,0,1311.6,630.078,86.5417,2,82.402,84.1454,82.1454,75.9947,0,0,0,56.3497,25.5874,3,-1.74331
3967.6,84145.1,98.4666,0.806028,303.289,74.1838,4.79455,13697.1,0,0,1289.41,627.774,84.766,2,80.6799,82.2264,80.2264,74.1838,0,0,0,56.3493,25.5874,3,-1.54651
3967.7,84147.8,98.4511,0.803594,303.311,73.224,4.77286,13697.6,0,0,1284.62,627.254,84.3811,2,80.3068,81.211,79.211,73.224,0,0,0,56.3491,25.5873,2,-0.904243
3967.8,84150.5,98.4341,0.801153,303.333,72.1778,4.65135,13698,0,0,1256.46,624.962,82.23,2,78.2174,80.1042,78.1042,72.1778,0,0,0,56.3486,25.5873,2,-1.88685
3967.9,84153.3,98.4149,0.798707,303.355,72.3349,4.67347,13698.5,0,0,1261.6,625.381,82.6219,2,78.5981,80.2704,78.2704,72.3349,0,0,0,56.3482,25.5872,2,-1.67238
3968,84156,98.3988,0.796256,303.376,74.0355,4.77843,13699,0,0,1285.85,627.388,84.4799,2,80.4026,82.0697,80.0697,74.0355,0,0,0,56.3477,25.5872,2,-1.66713
3968.1,84158.7,98.3863,0.793801,303.398,75.7981,4.87793,13699.5,0,0,1307.69,629.759,86.24,2,82.109,83.937,81.937,75.7981,0,0,0,56.3473,25.5871,3,-1.82802
3968.2,84161.5,98.3772,0.791341,303.42,77.0596,5.01266,13700,0,0,1338.46,632.264,88.6203,2,84.4207,85.2774,83.2774,77.0596,0,0,0,56.347,25.587,3,-0.85672
3968.3,84164.2,98.3698,0.788877,303.441,78.0284,5.02131,13700.5,0,0,1340.73,632.264,88.7707,2,84.5677,86.3067,84.3067,78.0284,0,0,0,56.3466,25.587,3,-1.73907
3968.4,84166.9,98.3647,0.78641,303.463,78.7196,5.04527,13701,0,0,1346.87,632.342,89.1877,2,84.9748,87.0411,85.0411,78.7196,0,0,0,56.3461,25.5869,3,-2.0663
3968.5,84169.7,98.3602,0.783939,303.484,78.3542,5.03152,13701.5,0,0,1343.41,632.264,88.9479,2,84.7409,86.6529,84.6529,78.3542,0,0,0,56.3456,25.5869,3,-1.91201
3968.6,84172.4,98.3538,0.781466,303.506,77.1254,5.01266,13702,0,0,1338.46,632.264,88.6203,2,84.4207,85.3474,83.3474,77.1254,0,0,0,56.3453,25.5868,3,-0.926686
3968.7,84175.1,98.3448,0.77899,303.527,76.0839,4.90892,13702.5,0,0,1314.8,630.337,86.788,2,82.6413,84.2409,82.2409,76.0839,0,0,0,56.3449,25.5867,3,-1.59967
3968.8,84177.9,98.3347,0.776513,303.548,75.0151,4.87793,13702.9,0,0,1307.69,629.759,86.24,2,82.109,83.1062,81.1062,75.0151,0,0,0,56.3447,25.5867,3,-0.99714
3968.9,84180.6,98.3218,0.774035,303.57,74.0274,4.77816,13703.4,0,0,1285.79,627.381,84.4751,2,80.3979,82.0613,80.0613,74.0274,0,0,0,56.3442,25.5866,2,-1.66336
3969,84183.3,98.3081,0.771555,303.591,74.3345,4.81225,13703.9,0,0,1293.31,628.198,85.0799,2,80.9843,82.3863,80.3863,74.3345,0,0,0,56.3439,25.5866,3,-1.402
3969.1,84186,98.2967,0.769076,303.612,75.0046,4.87793,13704.4,0,0,1307.69,629.759,86.24,2,82.109,83.0952,81.0952,75.0046,0,0,0,56.3436,25.5865,3,-0.986189
3969.2,84188.8,98.2858,0.766596,303.633,75.0799,4.87793,13704.9,0,0,1307.69,629.759,86.24,2,82.109,83.1749,81.1749,75.0799,0,0,0,56.3433,25.5864,3,-1.06588
3969.3,84191.5,98.2749,0.764117,303.653,75.5959,4.87793,13705.4,0,0,1307.69,629.759,86.24,2,82.109,83.7228,81.7228,75.5959,0,0,0,56.3429,25.5864,3,-1.61382
3969.4,84194.2,98.2663,0.761638,303.674,76.4893,4.96755,13705.9,0,0,1328.19,631.428,87.824,2,83.6474,84.672,82.672,76.4893,0,0,0,56.3427,25.5863,3,-1.0246
3969.5,84197,98.2591,0.759161,303.695,77.536,5.01266,13706.4,0,0,1338.46,632.264,88.6203,2,84.4207,85.784,83.784,77.536,0,0,0,56.3423,25.5863,3,-1.36334
3969.6,84199.7,98.2547,0.756685,303.716,79.3482,5.11745,13706.9,0,0,1362.47,634.035,90.4623,2,86.2104,87.7095,85.7095,79.3482,0,0,0,56.3419,25.5862,3,-1.49902
3969.7,84202.4,98.2546,0.754211,303.736,81.3943,5.2595,13707.4,0,0,1394.01,636.787,92.9584,2,88.6333,89.8833,87.8833,81.3943,0,0,0,56.3416,25.5861,3,-1.24992
3969.8,84205.2,98.2583,0.75174,303.757,83.2275,5.32836,13707.9,0,0,1419.21,633.104,94.0914,2,89.7614,91.8308,89.8308,83.2275,0,0,0,56.3411,25.5861,3,-2.06944
3969.9,84207.9,98.2654,0.749271,303.777,84.6337,5.42473,13708.5,0,0,1451.09,628.974,95.5775,2,91.236,93.3248,91.3248,84.6337,0,0,0,56.3405,25.586,3,-2.08879
3970,84210.6,98.2745,0.746805,303.798,85.1901,5.46197,13709,0,0,1473.88,623.038,96.1621,2,91.8394,93.9159,91.9159,85.1901,0,0,0,56.34,25.586,3,-2.07658
3970.1,84213.3,98.2839,0.744342,303.818,85.2552,5.46629,13709.6,0,0,1476.57,622.336,96.2294,2,91.9088,93.985,91.985,85.2552,0,0,0,56.3394,25.5859,3,-2.07625
3970.2,84216.1,98.2934,0.741883,303.838,85.2707,5.46747,13710.1,0,0,1477.11,622.223,96.2474,2,91.927,94.0016,92.0016,85.2707,0,0,0,56.3389,25.5858,3,-2.0746
3970.3,84218.8,98.3029,0.739428,303.859,85.2286,5.46466,13710.7,0,0,1475.55,622.601,96.204,2,91.8826,93.9568,91.9568,85.2286,0,0,0,56.3384,25.5858,3,-2.07421
3970.4,84221.5,98.3124,0.736978,303.879,85.0945,5.45589,13711.2,0,0,1470.1,624.021,96.0673,2,91.7414,93.8143,91.8143,85.0945,0,0,0,56.3378,25.5857,3,-2.0729
3970.5,84224.3,98.3215,0.734533,303.899,84.9261,5.44476,13711.8,0,0,1463.25,625.806,95.893,2,91.5616,93.6354,91.6354,84.9261,0,0,0,56.3373,25.5857,3,-2.07383
3970.6,84227,98.3304,0.732093,303.919,84.5215,5.41748,13712.3,0,0,1446.74,630.108,95.4627,2,91.1176,93.2056,91.2056,84.5215,0,0,0,56.3368,25.5856,3,-2.08797
3970.7,84229.7,98.338,0.729659,303.939,83.5017,5.3448,13712.8,0,0,1425.11,632.264,94.357,2,90.0256,92.122,90.122,83.5017,0,0,0,56.3362,25.5855,3,-2.09646
3970.8,84232.5,98.3431,0.727232,303.959,82.4092,5.28636,13713.4,0,0,1400,637.274,93.4293,2,89.0906,90.9613,88.9613,82.4092,0,0,0,56.3357,25.5855,3,-1.87072
3970.9,84235.2,98.3467,0.724811,303.979,81.7299,5.28636,13713.9,0,0,1400,637.274,93.4293,2,89.0906,90.2396,88.2396,81.7299,0,0,0,56.3354,25.5854,3,-1.14898
3971,84237.9,98.3493,0.722398,303.998,80.736,5.17536,13714.4,0,0,1375.18,635.254,91.482,2,87.1998,89.1835,87.1835,80.736,0,0,0,56.3349,25.5854,3,-1.98375
3971.1,84240.7,98.3492,0.719992,304.018,79.5853,5.14574,13714.9,0,0,1368.56,634.696,90.9616,2,86.6944,87.961,85.961,79.5853,0,0,0,56.3346,25.5853,3,-1.26657
3971.2,84243.4,98.3476,0.717595,304.038,79.2472,5.10728,13715.4,0,0,1360.27,633.797,90.2829,2,86.0365,87.6017,85.6017,79.2472,0,0,0,56.3342,25.5852,3,-1.56525
3971.3,84246.1,98.3463,0.715207,304.057,79.4116,5.12608,13715.9,0,0,1364.33,634.237,90.6145,2,86.358,87.7765,85.7765,79.4116,0,0,0,56.3338,25.5852,3,-1.41845
3971.4,84248.9,98.3455,0.712828,304.077,79.7534,5.14887,13716.5,0,0,1369.23,634.769,91.0167,2,86.7479,88.1396,86.1396,79.7534,0,0,0,56.3335,25.5851,3,-1.39167
3971.5,84251.6,98.3458,0.710458,304.096,80.7348,5.17564,13717,0,0,1375.25,635.259,91.487,2,87.2046,89.1823,87.1823,80.7348,0,0,0,56.333,25.5851,3,-1.9777
3971.6,84254.3,98.3489,0.708098,304.116,82.1641,5.28636,13717.5,0,0,1400,637.274,93.4293,2,89.0906,90.7008,88.7008,82.1641,0,0,0,56.3325,25.585,3,-1.61022
3971.7,84257,98.3548,0.705748,304.135,83.3966,5.33834,13718,0,0,1423.49,632.264,94.2503,2,89.9213,92.0103,90.0103,83.3966,0,0,0,56.332,25.5849,3,-2.08899
3971.8,84259.8,98.3627,0.703409,304.154,84.1997,5.39553,13718.6,0,0,1436.64,632.264,95.1209,2,90.7717,92.8635,90.8635,84.1997,0,0,0,56.3315,25.5849,3,-2.09184
3971.9,84262.5,98.3718,0.701081,304.173,84.5046,5.41694,13719.1,0,0,1446.42,630.191,95.4542,2,91.1088,93.1875,91.1875,84.5046,0,0,0,56.3309,25.5848,3,-2.0787
3972,84265.2,98.381,0.698764,304.193,84.5193,5.41801,13719.7,0,0,1447.05,630.026,95.4711,2,91.1262,93.2031,91.2031,84.5193,0,0,0,56.3304,25.5848,3,-2.07694
3972.1,84268,98.3902,0.696459,304.212,84.4797,5.41535,13720.2,0,0,1445.47,630.439,95.4289,2,91.0827,93.161,91.161,84.4797,0,0,0,56.3299,25.5847,3,-2.07826
3972.2,84270.7,98.3994,0.694166,304.231,84.4402,5.4127,13720.7,0,0,1443.89,630.851,95.3868,2,91.0394,93.1191,91.1191,84.4402,0,0,0,56.3293,25.5847,3,-2.0797
3972.3,84273.4,98.4085,0.691886,304.25,84.401,5.41006,13721.3,0,0,1442.32,631.26,95.3449,2,90.9961,93.0774,91.0774,84.401,0,0,0,56.3288,25.5846,3,-2.08127
3972.4,84276.2,98.4176,0.689618,304.268,84.362,5.40742,13721.8,0,0,1440.75,631.667,95.303,2,90.9529,93.0359,91.0359,84.362,0,0,0,56.3282,25.5845,3,-2.08296
3972.5,84278.9,98.4267,0.687365,304.287,84.3232,5.4048,13722.4,0,0,1439.2,632.071,95.2613,2,90.9099,92.9946,90.9946,84.3232,0,0,0,56.3277,25.5845,3,-2.08477
3972.6,84281.6,98.4357,0.685125,304.306,84.2846,5.40213,13722.9,0,0,1438.14,632.264,95.2201,2,90.8685,92.9537,90.9537,84.2846,0,0,0,56.3272,25.5844,3,-2.08512
3972.7,84284.4,98.4447,0.682899,304.325,84.2463,5.39943,13723.5,0,0,1437.53,632.264,95.1795,2,90.8289,92.9129,90.9129,84.2463,0,0,0,56.3266,25.5844,3,-2.08404
3972.8,84287.1,98.4537,0.680688,304.343,84.2082,5.39674,13724,0,0,1436.92,632.264,95.1391,2,90.7895,92.8725,90.8725,84.2082,0,0,0,56.3261,25.5843,3,-2.08297
3972.9,84289.8,98.4627,0.678492,304.362,84.1704,5.39408,13724.5,0,0,1436.31,632.264,95.0991,2,90.7504,92.8323,90.8323,84.1704,0,0,0,56.3255,25.5842,3,-2.0819
3973,84292.6,98.4716,0.676311,304.381,84.1329,5.39143,13725.1,0,0,1435.71,632.264,95.0593,2,90.7115,92.7923,90.7923,84.1329,0,0,0,56.325,25.5842,3,-2.08084
3973.1,84295.3,98.4805,0.674146,304.399,84.0956,5.3888,13725.6,0,0,1435.12,632.264,95.0198,2,90.6729,92.7527,90.7527,84.0956,0,0,0,56.3245,25.5841,3,-2.07977
3973.2,84298.1,98.4893,0.671998,304.417,84.0586,5.3862,13726.1,0,0,1434.52,632.264,94.9806,2,90.6347,92.7134,90.7134,84.0586,0,0,0,56.3239,25.5841,3,-2.07871
3973.3,84300.8,98.4981,0.669866,304.436,84.0219,5.38361,13726.7,0,0,1433.94,632.264,94.9417,2,90.5967,92.6743,90.6743,84.0219,0,0,0,56.3234,25.584,3,-2.07765
3973.4,84303.5,98.5069,0.667751,304.454,83.9854,5.38105,13727.2,0,0,1433.35,632.264,94.9032,2,90.559,92.6356,90.6356,83.9854,0,0,0,56.3229,25.5839,3,-2.07659
3973.5,84306.3,98.5157,0.665653,304.472,83.9493,5.3785,13727.8,0,0,1432.78,632.264,94.8649,2,90.5217,92.5972,90.5972,83.9493,0,0,0,56.3223,25.5839,3,-2.07553
3973.6,84309,98.5244,0.663574,304.49,83.9135,5.37599,13728.3,0,0,1432.2,632.264,94.827,2,90.4846,92.5591,90.5591,83.9135,0,0,0,56.3218,25.5838,3,-2.07447
3973.7,84311.7,98.5332,0.661512,304.509,83.8779,5.37349,13728.8,0,0,1431.64,632.264,94.7894,2,90.4479,92.5214,90.5214,83.8779,0,0,0,56.3213,25.5838,3,-2.07342
3973.8,84314.5,98.5418,0.659469,304.527,83.8428,5.37102,13729.4,0,0,1431.07,632.264,94.7522,2,90.4116,92.484,90.484,83.8428,0,0,0,56.3207,25.5837,3,-2.07237
3973.9,84317.2,98.5505,0.657445,304.545,83.8079,5.36857,13729.9,0,0,1430.52,632.264,94.7153,2,90.3756,92.4469,90.4469,83.8079,0,0,0,56.3202,25.5837,3,-2.07132
3974,84319.9,98.5591,0.65544,304.563,83.7733,5.36614,13730.4,0,0,1429.97,632.264,94.6788,2,90.3399,92.4102,90.4102,83.7733,0,0,0,56.3196,25.5836,3,-2.07027
3974.1,84322.7,98.5677,0.653455,304.581,83.7391,5.36374,13731,0,0,1429.42,632.264,94.6427,2,90.3046,92.3738,90.3738,83.7391,0,0,0,56.3191,25.5835,3,-2.06923
3974.2,84325.4,98.5763,0.651491,304.598,83.7053,5.36137,13731.5,0,0,1428.88,632.264,94.6069,2,90.2696,92.3378,90.3378,83.7053,0,0,0,56.3186,25.5835,3,-2.06819
3974.3,84328.2,98.5848,0.649546,304.616,83.6718,5.35902,13732.1,0,0,1428.34,632.264,94.5715,2,90.2351,92.3022,90.3022,83.6718,0,0,0,56.318,25.5834,3,-2.06715
3974.4,84330.9,98.5933,0.647622,304.634,83.6387,5.3567,13732.6,0,0,1427.82,632.264,94.5365,2,90.2009,92.267,90.267,83.6387,0,0,0,56.3175,25.5834,3,-2.06611
3974.5,84333.6,98.6018,0.64572,304.652,83.6059,5.3544,13733.1,0,0,1427.29,632.264,94.5019,2,90.1671,92.2321,90.2321,83.6059,0,0,0,56.317,25.5833,3,-2.06507
3974.6,84336.4,98.6102,0.643839,304.669,83.5735,5.35213,13733.7,0,0,1426.78,632.264,94.4677,2,90.1337,92.1977,90.1977,83.5735,0,0,0,56.3164,25.5832,3,-2.06404
3974.7,84339.1,98.6186,0.64198,304.687,83.5415,5.34989,13734.2,0,0,1426.27,632.264,94.4339,2,90.1007,92.1637,90.1637,83.5415,0,0,0,56.3159,25.5832,3,-2.06301
3974.8,84341.9,98.627,0.640143,304.705,83.5098,5.34768,13734.7,0,0,1425.76,632.264,94.4005,2,90.0681,92.13,90.13,83.5098,0,0,0,56.3154,25.5831,3,-2.06198
3974.9,84344.6,98.6354,0.638329,304.722,83.4786,5.3455,13735.3,0,0,1425.26,632.264,94.3675,2,90.0359,92.0968,90.0968,83.4786,0,0,0,56.3148,25.5831,3,-2.06095
3975,84347.3,98.6437,0.636538,304.74,83.4478,5.34334,13735.8,0,0,1424.77,632.264,94.335,2,90.0041,92.064,90.064,83.4478,0,0,0,56.3143,25.583,3,-2.05993
3975.1,84350.1,98.652,0.63477,304.757,83.4173,5.34141,13736.3,0,0,1424.29,632.264,94.3029,2,89.9728,92.0317,90.0317,83.4173,0,0,0,56.3138,25.5829,3,-2.0589
3975.2,84352.8,98.6603,0.633026,304.774,83.3873,5.33956,13736.9,0,0,1423.81,632.264,94.2713,2,89.9419,91.9997,89.9997,83.3873,0,0,0,56.3133,25.5829,3,-2.05788
3975.3,84355.6,98.6685,0.631306,304.792,83.3577,5.33775,13737.4,0,0,1423.34,632.264,94.2401,2,89.9114,91.9683,89.9683,83.3577,0,0,0,56.3127,25.5828,3,-2.05687
3975.4,84358.3,98.6767,0.62961,304.809,83.3285,5.33609,13737.9,0,0,1422.77,632.33,94.2125,2,89.884,91.9372,89.9372,83.3285,0,0,0,56.3122,25.5828,3,-2.05319
3975.5,84361,98.6849,0.627939,304.826,83.2998,5.3346,13738.5,0,0,1422.09,632.479,94.1892,2,89.8605,91.9067,89.9067,83.2998,0,0,0,56.3117,25.5827,3,-2.04616
3975.6,84363.8,98.6931,0.626293,304.843,83.2714,5.33314,13739,0,0,1421.41,632.625,94.1663,2,89.8373,91.8765,89.8765,83.2714,0,0,0,56.3111,25.5827,3,-2.03924
3975.7,84366.5,98.7012,0.624672,304.861,83.2436,5.3317,13739.5,0,0,1420.75,632.769,94.1438,2,89.8145,91.8469,89.8469,83.2436,0,0,0,56.3106,25.5826,3,-2.03245
3975.8,84369.3,98.7093,0.623077,304.878,83.2161,5.33029,13740.1,0,0,1420.1,632.911,94.1216,2,89.792,91.8177,89.8177,83.2161,0,0,0,56.3101,25.5825,3,-2.02577
3975.9,84372,98.7174,0.621508,304.895,83.1892,5.32889,13740.6,0,0,1419.45,633.051,94.0997,2,89.7698,91.7891,89.7891,83.1892,0,0,0,56.3096,25.5825,3,-2.01922
3976,84374.8,98.7254,0.619965,304.912,83.1626,5.32753,13741.1,0,0,1418.82,633.188,94.0783,2,89.7481,91.7609,89.7609,83.1626,0,0,0,56.309,25.5824,3,-2.01279
3976.1,84377.5,98.7335,0.618449,304.929,83.1366,5.32618,13741.7,0,0,1418.2,633.322,94.0572,2,89.7267,91.7332,89.7332,83.1366,0,0,0,56.3085,25.5824,3,-2.00647
3976.2,84380.2,98.7415,0.61696,304.946,83.111,5.32486,13742.2,0,0,1417.59,633.454,94.0364,2,89.7057,91.706,89.706,83.111,0,0,0,56.308,25.5823,3,-2.00028
3976.3,84383,98.7494,0.615498,304.963,83.0859,5.32356,13742.7,0,0,1417,633.584,94.0161,2,89.685,91.6793,89.6793,83.0859,0,0,0,56.3075,25.5822,3,-1.99421
3976.4,84385.7,98.7574,0.614063,304.979,83.0613,5.32229,13743.3,0,0,1416.41,633.711,93.9961,2,89.6648,91.6531,89.6531,83.0613,0,0,0,56.307,25.5822,3,-1.98826
3976.5,84388.5,98.7653,0.612657,304.996,83.0372,5.32105,13743.8,0,0,1415.84,633.835,93.9765,2,89.645,91.6274,89.6274,83.0372,0,0,0,56.3065,25.5821,3,-1.98244
3976.6,84391.2,98.7732,0.611278,305.013,83.0135,5.31983,13744.3,0,0,1415.28,633.957,93.9573,2,89.6255,91.6023,89.6023,83.0135,0,0,0,56.306,25.5821,3,-1.97673
3976.7,84394,98.781,0.609928,305.03,82.9904,5.31863,13744.9,0,0,1414.73,634.076,93.9385,2,89.6065,91.5777,89.5777,82.9904,0,0,0,56.3054,25.582,3,-1.97114
3976.8,84396.7,98.7889,0.608607,305.047,82.8704,5.31225,13745.4,0,0,1411.8,634.712,93.8382,2,89.5048,91.4501,89.4501,82.8704,0,0,0,56.3049,25.5819,3,-1.94528
3976.9,84399.4,98.7963,0.607314,305.063,82.7505,5.30586,13745.9,0,0,1408.88,635.346,93.7375,2,89.4028,91.3227,89.3227,82.7505,0,0,0,56.3044,25.5819,3,-1.91984
3977,84402.2,98.8037,0.606051,305.08,82.7288,5.30474,13746.5,0,0,1408.37,635.458,93.7198,2,89.3849,91.2996,89.2996,82.7288,0,0,0,56.304,25.5818,3,-1.91474
3977.1,84404.9,98.8111,0.604818,305.096,82.7076,5.30364,13747,0,0,1407.87,635.566,93.7025,2,89.3674,91.2771,89.2771,82.7076,0,0,0,56.3035,25.5818,3,-1.90976
3977.2,84407.7,98.8184,0.603614,305.113,82.687,5.30258,13747.5,0,0,1407.38,635.672,93.6856,2,89.3503,91.2552,89.2552,82.687,0,0,0,56.303,25.5817,3,-1.90489
3977.3,84410.4,98.8258,0.602441,305.13,82.7643,5.30677,13748,0,0,1409.3,635.256,93.7518,2,89.4173,91.3373,89.3373,82.7643,0,0,0,56.3025,25.5817,3,-1.92002
3977.4,84413.2,98.8334,0.601297,305.146,82.8426,5.31101,13748.6,0,0,1411.23,634.835,93.8186,2,89.485,91.4205,89.4205,82.8426,0,0,0,56.302,25.5816,3,-1.9355
3977.5,84415.9,98.8411,0.600185,305.163,82.8236,5.31003,13749.1,0,0,1410.79,634.932,93.8032,2,89.4694,91.4003,89.4003,82.8236,0,0,0,56.3015,25.5815,3,-1.9309
3977.6,84418.7,98.8487,0.599103,305.179,82.7268,5.30488,13749.6,0,0,1408.43,635.444,93.7219,2,89.387,91.2973,89.2973,82.7268,0,0,0,56.301,25.5815,3,-1.91031
3977.7,84421.4,98.856,0.598052,305.196,82.6302,5.29972,13750.2,0,0,1406.08,635.955,93.6406,2,89.3046,91.1947,89.1947,82.6302,0,0,0,56.3005,25.5814,3,-1.89003
3977.8,84424.1,98.8633,0.597033,305.212,82.6128,5.29883,13750.7,0,0,1405.67,636.044,93.6264,2,89.2903,91.1762,89.1762,82.6128,0,0,0,56.3,25.5814,3,-1.88587
3977.9,84426.9,98.8706,0.596046,305.228,82.596,5.29796,13751.2,0,0,1405.27,636.129,93.6128,2,89.2765,91.1583,89.1583,82.596,0,0,0,56.2995,25.5813,3,-1.88183
3978,84429.6,98.8778,0.59509,305.245,82.5797,5.29713,13751.8,0,0,1404.89,636.212,93.5996,2,89.2631,91.141,89.141,82.5797,0,0,0,56.299,25.5812,3,-1.87791
3978.1,84432.4,98.885,0.594166,305.261,82.6425,5.30054,13752.3,0,0,1406.45,635.873,93.6536,2,89.3178,91.2077,89.2077,82.6425,0,0,0,56.2985,25.5812,3,-1.88988
3978.2,84435.1,98.8925,0.593275,305.277,82.7061,5.30401,13752.8,0,0,1408.03,635.53,93.7082,2,89.3731,91.2753,89.2753,82.7061,0,0,0,56.2981,25.5811,3,-1.90213
3978.3,84437.9,98.8999,0.592416,305.294,82.6916,5.30327,13753.3,0,0,1407.69,635.604,93.6965,2,89.3613,91.2598,89.2598,82.6916,0,0,0,56.2976,25.5811,3,-1.89852
3978.4,84440.6,98.9073,0.59159,305.31,82.4669,5.2912,13753.9,0,0,1402.2,636.797,93.5059,2,89.1682,91.0211,89.0211,82.4669,0,0,0,56.2971,25.581,3,-1.85282
3978.5,84443.4,98.9139,0.590797,305.326,82.1161,5.28636,13754.4,0,0,1400,637.274,93.4293,2,89.0906,90.6482,88.6482,82.1161,0,0,0,56.2967,25.5809,3,-1.55762
3978.6,84446.1,98.92,0.590037,305.342,81.163,5.24635,13754.9,0,0,1391.08,636.548,92.7279,2,88.4096,89.6353,87.6353,81.163,0,0,0,56.2964,25.5809,3,-1.22572
3978.7,84448.9,98.923,0.589311,305.359,79.8404,5.14887,13755.4,0,0,1369.23,634.769,91.0167,2,86.7479,88.2298,86.2298,79.8404,0,0,0,56.296,25.5808,3,-1.48192
3978.8,84451.6,98.9241,0.588618,305.375,78.7582,5.05836,13755.9,0,0,1349.7,632.649,89.419,2,85.199,87.0798,85.0798,78.7582,0,0,0,56.2955,25.5808,3,-1.88072
3978.9,84454.4,98.9229,0.587959,305.391,78.1116,5.02634,13756.5,0,0,1342.05,632.264,88.8581,2,84.6531,86.3925,84.3925,78.1116,0,0,0,56.295,25.5807,3,-1.73944
3979,84457.1,98.9216,0.587334,305.407,78.144,5.02738,13757,0,0,1342.32,632.264,88.876,2,84.6706,86.427,84.427,78.144,0,0,0,56.2946,25.5806,3,-1.75637
3979.1,84459.9,98.9207,0.586743,305.423,79.0493,5.09165,13757.5,0,0,1356.9,633.431,90.0069,2,85.7689,87.3891,85.3891,79.0493,0,0,0,56.2942,25.5806,3,-1.62018
3979.2,84462.6,98.9228,0.586186,305.439,80.3494,5.14887,13758,0,0,1369.23,634.769,91.0167,2,86.7479,88.7707,86.7707,80.3494,0,0,0,56.2937,25.5805,3,-2.02284
3979.3,84465.4,98.9269,0.585664,305.455,81.4104,5.28335,13758.5,0,0,1399.33,637.22,93.3765,2,89.0393,89.8983,87.8983,81.4104,0,0,0,56.2934,25.5805,3,-0.85892
3979.4,84468.1,98.9331,0.585177,305.471,82.2481,5.28636,13759,0,0,1400,637.274,93.4293,2,89.0906,90.7884,88.7884,82.2481,0,0,0,56.293,25.5804,3,-1.69783
3979.5,84470.9,98.9403,0.584725,305.488,82.5346,5.29524,13759.6,0,0,1404.03,636.399,93.5697,2,89.2328,91.0929,89.0929,82.5346,0,0,0,56.2925,25.5804,3,-1.86005
3979.6,84473.6,98.9476,0.584307,305.504,82.5522,5.29623,13760.1,0,0,1404.48,636.301,93.5854,2,89.2487,91.1116,89.1116,82.5522,0,0,0,56.292,25.5803,3,-1.86292
3979.7,84476.4,98.9548,0.583925,305.52,82.5462,5.29594,13760.6,0,0,1404.35,636.329,93.5808,2,89.2441,91.1051,89.1051,82.5462,0,0,0,56.2915,25.5802,3,-1.86105
3979.8,84479.1,98.9621,0.583578,305.536,82.5407,5.29569,13761.2,0,0,1404.24,636.354,93.5768,2,89.24,91.0993,89.0993,82.5407,0,0,0,56.2911,25.5802,3,-1.85931
3979.9,84481.9,98.9693,0.583266,305.552,82.5359,5.29547,13761.7,0,0,1404.14,636.376,93.5733,2,89.2365,91.0942,89.0942,82.5359,0,0,0,56.2906,25.5801,3,-1.8577
3980,84484.6,98.9765,0.58299,305.568,82.5318,5.29528,13762.2,0,0,1404.05,636.394,93.5704,2,89.2335,91.0897,89.0897,82.5318,0,0,0,56.2901,25.5801,3,-1.85621
3980.1,84487.4,98.9837,0.58275,305.584,82.5282,5.29513,13762.7,0,0,1403.98,636.409,93.568,2,89.2311,91.086,89.086,82.5282,0,0,0,56.2896,25.58,3,-1.85485
3980.2,84490.1,98.9908,0.582545,305.6,82.5253,5.29501,13763.3,0,0,1403.93,636.421,93.5661,2,89.2292,91.0828,89.0828,82.5253,0,0,0,56.2892,25.5799,3,-1.85362
3980.3,84492.8,98.9979,0.582376,305.616,82.523,5.29493,13763.8,0,0,1403.89,636.429,93.5648,2,89.2279,91.0804,89.0804,82.523,0,0,0,56.2887,25.5799,3,-1.85252
3980.4,84495.6,99.005,0.582244,305.632,82.5214,5.29488,13764.3,0,0,1403.87,636.434,93.564,2,89.2271,91.0786,89.0786,82.5214,0,0,0,56.2882,25.5798,3,-1.85154
3980.5,84498.3,99.0121,0.582148,305.648,82.5204,5.29486,13764.9,0,0,1403.86,636.436,93.5638,2,89.2269,91.0776,89.0776,82.5204,0,0,0,56.2877,25.5798,3,-1.85069
3980.6,84501.1,99.0191,0.582088,305.664,82.52,5.29488,13765.4,0,0,1403.87,636.434,93.5641,2,89.2272,91.0772,89.0772,82.52,0,0,0,56.2872,25.5797,3,-1.84997
3980.7,84503.9,99.0261,0.582064,305.68,82.5203,5.29494,13765.9,0,0,1403.9,636.428,93.565,2,89.2281,91.0774,89.0774,82.5203,0,0,0,56.2868,25.5796,3,-1.84938
3980.8,84506.6,99.0331,0.582077,305.696,82.5213,5.29503,13766.4,0,0,1403.94,636.419,93.5664,2,89.2295,91.0784,89.0784,82.5213,0,0,0,56.2863,25.5796,3,-1.84892
3980.9,84509.4,99.0401,0.582126,305.712,82.5229,5.29515,13767,0,0,1404,636.407,93.5684,2,89.2315,91.0801,89.0801,82.5229,0,0,0,56.2858,25.5795,3,-1.84859
3981,84512.1,99.0471,0.582213,305.728,82.5251,5.29531,13767.5,0,0,1404.07,636.391,93.5709,2,89.2341,91.0825,89.0825,82.5251,0,0,0,56.2853,25.5795,3,-1.84839
3981.1,84514.9,99.054,0.582336,305.744,82.528,5.29551,13768,0,0,1404.16,636.372,93.574,2,89.2372,91.0855,89.0855,82.528,0,0,0,56.2848,25.5794,3,-1.84832
3981.2,84517.6,99.0609,0.582495,305.76,82.5315,5.29574,13768.6,0,0,1404.26,636.349,93.5777,2,89.2409,91.0893,89.0893,82.5315,0,0,0,56.2844,25.5794,3,-1.84838
3981.3,84520.4,99.0678,0.582692,305.776,82.5357,5.29601,13769.1,0,0,1404.38,636.322,93.5819,2,89.2452,91.0938,89.0938,82.5357,0,0,0,56.2839,25.5793,3,-1.84857
3981.4,84523.1,99.0746,0.582926,305.792,82.5406,5.29631,13769.6,0,0,1404.52,636.292,93.5867,2,89.25,91.0989,89.0989,82.5406,0,0,0,56.2834,25.5792,3,-1.8489
3981.5,84525.9,99.0814,0.583196,305.808,82.5461,5.29665,13770.2,0,0,1404.68,636.259,93.592,2,89.2554,91.1048,89.1048,82.5461,0,0,0,56.2829,25.5792,3,-1.84936
3981.6,84528.6,99.0883,0.583504,305.824,82.5523,5.29702,13770.7,0,0,1404.85,636.222,93.5979,2,89.2614,91.1114,89.1114,82.5523,0,0,0,56.2825,25.5791,3,-1.84995
3981.7,84531.4,99.095,0.583849,305.84,82.5591,5.29743,13771.2,0,0,1405.03,636.182,93.6043,2,89.2679,91.1186,89.1186,82.5591,0,0,0,56.282,25.5791,3,-1.85067
3981.8,84534.1,99.1018,0.584232,305.856,82.5666,5.29787,13771.7,0,0,1405.23,636.138,93.6114,2,89.275,91.1266,89.1266,82.5666,0,0,0,56.2815,25.579,3,-1.85153
3981.9,84536.9,99.1085,0.584651,305.872,82.5748,5.29835,13772.3,0,0,1405.45,636.091,93.6189,2,89.2827,91.1352,89.1352,82.5748,0,0,0,56.281,25.5789,3,-1.85253
3982,84539.6,99.1153,0.585108,305.888,82.5836,5.29887,13772.8,0,0,1405.69,636.04,93.6271,2,89.291,91.1446,89.1446,82.5836,0,0,0,56.2805,25.5789,3,-1.85365
3982.1,84542.4,99.122,0.585602,305.905,82.5931,5.29942,13773.3,0,0,1405.94,635.985,93.6358,2,89.2998,91.1547,89.1547,82.5931,0,0,0,56.2801,25.5788,3,-1.85492
3982.2,84545.1,99.1286,0.586133,305.921,82.6033,5.3,13773.9,0,0,1406.21,635.927,93.645,2,89.3092,91.1655,89.1655,82.6033,0,0,0,56.2796,25.5788,3,-1.85632
3982.3,84547.9,99.1353,0.586702,305.937,82.6141,5.30063,13774.4,0,0,1406.49,635.865,93.6549,2,89.3191,91.177,89.177,82.6141,0,0,0,56.2791,25.5787,3,-1.85786
3982.4,84550.6,99.1419,0.587307,305.953,82.6256,5.30128,13774.9,0,0,1406.79,635.8,93.6652,2,89.3296,91.1892,89.1892,82.6256,0,0,0,56.2786,25.5787,3,-1.85953
3982.5,84553.4,99.1485,0.587951,305.969,82.6377,5.30198,13775.5,0,0,1407.11,635.731,93.6762,2,89.3407,91.2021,89.2021,82.6377,0,0,0,56.2781,25.5786,3,-1.86135
3982.6,84556.1,99.1551,0.588631,305.985,82.6505,5.30271,13776,0,0,1407.44,635.659,93.6877,2,89.3524,91.2157,89.2157,82.6505,0,0,0,56.2777,25.5785,3,-1.8633
3982.7,84558.9,99.1616,0.589349,306.002,82.664,5.30347,13776.5,0,0,1407.79,635.583,93.6998,2,89.3646,91.23,89.23,82.664,0,0,0,56.2772,25.5785,3,-1.86539
3982.8,84561.7,99.1682,0.590105,306.018,82.6782,5.30427,13777,0,0,1408.15,635.504,93.7124,2,89.3774,91.245,89.245,82.6782,0,0,0,56.2767,25.5784,3,-1.86763
3982.9,84564.4,99.1747,0.590897,306.034,82.693,5.30511,13777.6,0,0,1408.54,635.421,93.7256,2,89.3907,91.2607,89.2607,82.693,0,0,0,56.2762,25.5784,3,-1.87
3983,84567.2,99.1812,0.591727,306.05,82.7084,5.30598,13778.1,0,0,1408.93,635.335,93.7393,2,89.4047,91.2772,89.2772,82.7084,0,0,0,56.2757,25.5783,3,-1.87252
3983.1,84569.9,99.1876,0.592594,306.067,82.7246,5.30689,13778.6,0,0,1409.35,635.245,93.7536,2,89.4191,91.2943,89.2943,82.7246,0,0,0,56.2752,25.5782,3,-1.87518
3983.2,84572.7,99.1941,0.593499,306.083,82.7414,5.30783,13779.2,0,0,1409.78,635.151,93.7684,2,89.4342,91.3122,89.3122,82.7414,0,0,0,56.2748,25.5782,3,-1.87798
3983.3,84575.4,99.2005,0.59444,306.099,82.7588,5.3088,13779.7,0,0,1410.23,635.054,93.7838,2,89.4498,91.3307,89.3307,82.7588,0,0,0,56.2743,25.5781,3,-1.88093
3983.4,84578.2,99.2069,0.595419,306.116,82.777,5.30982,13780.2,0,0,1410.69,634.954,93.7998,2,89.466,91.35,89.35,82.777,0,0,0,56.2738,25.5781,3,-1.88403
3983.5,84580.9,99.2133,0.596434,306.132,82.7957,5.31086,13780.8,0,0,1411.17,634.85,93.8163,2,89.4827,91.3699,89.3699,82.7957,0,0,0,56.2733,25.578,3,-1.88727
3983.6,84583.7,99.2196,0.597487,306.149,82.8152,5.31195,13781.3,0,0,1411.66,634.742,93.8334,2,89.5,91.3906,89.3906,82.8152,0,0,0,56.2728,25.5779,3,-1.89065
3983.7,84586.5,99.226,0.598577,306.165,82.8353,5.31306,13781.8,0,0,1412.18,634.631,93.851,2,89.5178,91.412,89.412,82.8353,0,0,0,56.2723,25.5779,3,-1.89419
3983.8,84589.2,99.2323,0.599704,306.182,82.8561,5.31422,13782.4,0,0,1412.7,634.516,93.8691,2,89.5362,91.434,89.434,82.8561,0,0,0,56.2718,25.5778,3,-1.89787
3983.9,84592,99.2386,0.600867,306.198,82.8775,5.3154,13782.9,0,0,1413.25,634.398,93.8878,2,89.5551,91.4568,89.4568,82.8775,0,0,0,56.2713,25.5778,3,-1.9017
3984,84594.7,99.2449,0.602067,306.215,82.8996,5.31663,13783.4,0,0,1413.81,634.276,93.907,2,89.5746,91.4802,89.4802,82.8996,0,0,0,56.2709,25.5777,3,-1.90568
3984.1,84597.5,99.2511,0.603304,306.231,82.9223,5.31788,13784,0,0,1414.39,634.151,93.9268,2,89.5946,91.5044,89.5044,82.9223,0,0,0,56.2704,25.5777,3,-1.90982
3984.2,84600.2,99.2573,0.604577,306.248,82.9457,5.31917,13784.5,0,0,1414.98,634.022,93.9471,2,89.6151,91.5293,89.5293,82.9457,0,0,0,56.2699,25.5776,3,-1.9141
3984.3,84603,99.2636,0.605887,306.265,82.9697,5.3205,13785,0,0,1415.59,633.89,93.9679,2,89.6362,91.5548,89.5548,82.9697,0,0,0,56.2694,25.5775,3,-1.91854
3984.4,84605.8,99.2697,0.607233,306.282,82.9944,5.32186,13785.5,0,0,1416.21,633.754,93.9892,2,89.6579,91.581,89.581,82.9944,0,0,0,56.2689,25.5775,3,-1.92314
3984.5,84608.5,99.2759,0.608615,306.298,83.0197,5.32325,13786.1,0,0,1416.85,633.615,94.0111,2,89.6801,91.6079,89.6079,83.0197,0,0,0,56.2684,25.5774,3,-1.92789
3984.6,84611.3,99.2821,0.610034,306.315,83.0457,5.32468,13786.6,0,0,1417.51,633.473,94.0335,2,89.7028,91.6356,89.6356,83.0457,0,0,0,56.2679,25.5774,3,-1.93279
3984.7,84614,99.2882,0.611489,306.332,83.0723,5.32614,13787.1,0,0,1418.18,633.327,94.0565,2,89.726,91.6638,89.6638,83.0723,0,0,0,56.2674,25.5773,3,-1.93785
3984.8,84616.8,99.2943,0.612979,306.349,83.0996,5.32763,13787.7,0,0,1418.87,633.177,94.0799,2,89.7497,91.6928,89.6928,83.0996,0,0,0,56.2669,25.5772,3,-1.94307
3984.9,84619.5,99.3004,0.614505,306.366,83.1275,5.32916,13788.2,0,0,1419.58,633.024,94.1039,2,89.774,91.7225,89.7225,83.1275,0,0,0,56.2664,25.5772,3,-1.94845
3985,84622.3,99.3064,0.616067,306.383,83.1561,5.33072,13788.7,0,0,1420.3,632.868,94.1284,2,89.7988,91.7528,89.7528,83.1561,0,0,0,56.2659,25.5771,3,-1.95398
3985.1,84625.1,99.3125,0.617664,306.4,83.1852,5.33231,13789.3,0,0,1421.03,632.708,94.1533,2,89.8241,91.7838,89.7838,83.1852,0,0,0,56.2654,25.5771,3,-1.95968
3985.2,84627.8,99.3185,0.619297,306.417,83.215,5.33394,13789.8,0,0,1421.78,632.545,94.1788,2,89.8499,91.8155,89.8155,83.215,0,0,0,56.2648,25.577,3,-1.96554
3985.3,84630.6,99.3245,0.620964,306.434,83.2455,5.3356,13790.3,0,0,1422.55,632.379,94.2048,2,89.8763,91.8478,89.8478,83.2455,0,0,0,56.2643,25.577,3,-1.97157
3985.4,84633.3,99.3305,0.622667,306.451,83.2765,5.33739,13790.9,0,0,1423.25,632.264,94.2339,2,89.9053,91.8808,89.8808,83.2765,0,0,0,56.2638,25.5769,3,-1.97552
3985.5,84636.1,99.3364,0.624405,306.468,83.3082,5.33944,13791.4,0,0,1423.78,632.264,94.2691,2,89.9397,91.9145,89.9145,83.3082,0,0,0,56.2633,25.5768,3,-1.97482
3985.6,84638.9,99.3424,0.626177,306.486,83.3405,5.34152,13791.9,0,0,1424.32,632.264,94.3049,2,89.9747,91.9489,89.9489,83.3405,0,0,0,56.2628,25.5768,3,-1.97413
3985.7,84641.6,99.3483,0.627984,306.503,83.3735,5.34377,13792.5,0,0,1424.87,632.264,94.3415,2,90.0104,91.9838,89.9838,83.3735,0,0,0,56.2623,25.5767,3,-1.97343
3985.8,84644.4,99.3542,0.629825,306.52,83.407,5.34624,13793,0,0,1425.43,632.264,94.3787,2,90.0468,92.0195,90.0195,83.407,0,0,0,56.2618,25.5767,3,-1.97275
3985.9,84647.1,99.3601,0.6317,306.538,83.4412,5.34875,13793.5,0,0,1426,632.264,94.4165,2,90.0837,92.0558,90.0558,83.4412,0,0,0,56.2613,25.5766,3,-1.97206
3986,84649.9,99.3659,0.633609,306.555,83.4759,5.3513,13794.1,0,0,1426.59,632.264,94.4551,2,90.1214,92.0927,90.0927,83.4759,0,0,0,56.2608,25.5765,3,-1.97138
3986.1,84652.7,99.3718,0.635552,306.573,83.5113,5.3539,13794.6,0,0,1427.18,632.264,94.4942,2,90.1596,92.1303,90.1303,83.5113,0,0,0,56.2603,25.5765,3,-1.9707
3986.2,84655.4,99.3776,0.637529,306.59,83.5473,5.35654,13795.2,0,0,1427.78,632.264,94.5341,2,90.1985,92.1685,90.1685,83.5473,0,0,0,56.2598,25.5764,3,-1.97002
3986.3,84658.2,99.3834,0.639538,306.608,83.5838,5.35922,13795.7,0,0,1428.39,632.264,94.5745,2,90.2381,92.2074,90.2074,83.5838,0,0,0,56.2592,25.5764,3,-1.96935
3986.4,84660.9,99.3892,0.641581,306.625,83.621,5.36195,13796.2,0,0,1429.01,632.264,94.6157,2,90.2782,92.2469,90.2469,83.621,0,0,0,56.2587,25.5763,3,-1.96868
3986.5,84663.7,99.3949,0.643657,306.643,83.6587,5.36472,13796.8,0,0,1429.64,632.264,94.6574,2,90.319,92.287,90.287,83.6587,0,0,0,56.2582,25.5763,3,-1.96802
3986.6,84666.5,99.4007,0.645765,306.661,83.6971,5.36754,13797.3,0,0,1430.28,632.264,94.6998,2,90.3604,92.3278,90.3278,83.6971,0,0,0,56.2577,25.5762,3,-1.96735
3986.7,84669.2,99.4064,0.647906,306.679,83.736,5.37039,13797.8,0,0,1430.93,632.264,94.7428,2,90.4024,92.3691,90.3691,83.736,0,0,0,56.2572,25.5761,3,-1.96669
3986.8,84672,99.4121,0.650079,306.697,83.7755,5.37329,13798.4,0,0,1431.59,632.264,94.7865,2,90.4451,92.4111,90.4111,83.7755,0,0,0,56.2567,25.5761,3,-1.96604
3986.9,84674.7,99.4178,0.652284,306.715,83.8156,5.37623,13798.9,0,0,1432.26,632.264,94.8308,2,90.4883,92.4537,90.4537,83.8156,0,0,0,56.2562,25.576,3,-1.96538
3987,84677.5,99.4234,0.654521,306.733,83.8562,5.37922,13799.5,0,0,1432.94,632.264,94.8756,2,90.5321,92.4969,90.4969,83.8562,0,0,0,56.2557,25.576,3,-1.96473
3987.1,84680.3,99.4291,0.656789,306.751,83.8974,5.38224,13800,0,0,1433.63,632.264,94.9211,2,90.5766,92.5407,90.5407,83.8974,0,0,0,56.2552,25.5759,3,-1.96409
3987.2,84683,99.4347,0.659088,306.769,83.9392,5.38531,13800.5,0,0,1434.32,632.264,94.9672,2,90.6216,92.5851,90.5851,83.9392,0,0,0,56.2547,25.5758,3,-1.96344
3987.3,84685.8,99.4403,0.661419,306.787,83.9815,5.38841,13801.1,0,0,1435.03,632.264,95.014,2,90.6672,92.63,90.63,83.9815,0,0,0,56.2542,25.5758,3,-1.9628
3987.4,84688.6,99.4459,0.66378,306.806,84.0243,5.39156,13801.6,0,0,1435.74,632.264,95.0613,2,90.7134,92.6756,90.6756,84.0243,0,0,0,56.2537,25.5757,3,-1.96216
3987.5,84691.3,99.4514,0.666171,306.824,84.0678,5.39475,13802.1,0,0,1436.47,632.264,95.1092,2,90.7602,92.7217,90.7217,84.0678,0,0,0,56.2531,25.5757,3,-1.96153
3987.6,84694.1,99.457,0.668593,306.842,84.1117,5.39797,13802.7,0,0,1437.2,632.264,95.1576,2,90.8076,92.7685,90.7685,84.1117,0,0,0,56.2526,25.5756,3,-1.9609
3987.7,84696.8,99.4625,0.671044,306.861,84.1562,5.40124,13803.2,0,0,1437.94,632.264,95.2067,2,90.8555,92.8157,90.8157,84.1562,0,0,0,56.2521,25.5756,3,-1.96027
3987.8,84699.6,99.468,0.673525,306.88,84.2012,5.40451,13803.8,0,0,1439.03,632.117,95.2566,2,90.905,92.8636,90.8636,84.2012,0,0,0,56.2516,25.5755,3,-1.95855
3987.9,84702.4,99.4735,0.676035,306.898,84.2468,5.40771,13804.3,0,0,1440.92,631.623,95.3076,2,90.9576,92.912,90.912,84.2468,0,0,0,56.2511,25.5754,3,-1.95441
3988,84705.1,99.479,0.678574,306.917,84.2929,5.41094,13804.8,0,0,1442.84,631.123,95.3589,2,91.0105,92.961,90.961,84.2929,0,0,0,56.2506,25.5754,3,-1.95044
3988.1,84707.9,99.4845,0.681142,306.936,84.3394,5.41419,13805.4,0,0,1444.78,630.618,95.4106,2,91.0639,93.0105,91.0105,84.3394,0,0,0,56.2501,25.5753,3,-1.94664
3988.2,84710.7,99.4899,0.683738,306.955,84.3865,5.41748,13805.9,0,0,1446.74,630.108,95.4626,2,91.1175,93.0606,91.0606,84.3865,0,0,0,56.2496,25.5753,3,-1.94302
3988.3,84713.4,99.4953,0.686362,306.973,84.4341,5.42078,13806.5,0,0,1448.72,629.592,95.515,2,91.1716,93.1111,91.1111,84.4341,0,0,0,56.2491,25.5752,3,-1.93959
3988.4,84716.2,99.5007,0.689014,306.992,84.4822,5.42411,13807,0,0,1450.72,629.071,95.5677,2,91.2259,93.1623,91.1623,84.4822,0,0,0,56.2486,25.5752,3,-1.93635
3988.5,84719,99.5061,0.691693,307.012,84.5308,5.42747,13807.6,0,0,1452.74,628.545,95.6207,2,91.2806,93.2139,91.2139,84.5308,0,0,0,56.2481,25.5751,3,-1.93332
3988.6,84721.7,99.5114,0.6944,307.031,84.5799,5.43084,13808.1,0,0,1454.78,628.014,95.674,2,91.3356,93.2661,91.2661,84.5799,0,0,0,56.2476,25.575,3,-1.93049
3988.7,84724.5,99.5168,0.697133,307.05,84.6295,5.43424,13808.6,0,0,1456.84,627.477,95.7276,2,91.3909,93.3188,91.3188,84.6295,0,0,0,56.2471,25.575,3,-1.92788
3988.8,84727.2,99.5221,0.699892,307.069,84.6795,5.43766,13809.2,0,0,1458.92,626.936,95.7815,2,91.4465,93.372,91.372,84.6795,0,0,0,56.2466,25.5749,3,-1.92549
3988.9,84730,99.5274,0.702678,307.089,84.73,5.44111,13809.7,0,0,1461.01,626.389,95.8356,2,91.5023,93.4256,91.4256,84.73,0,0,0,56.2461,25.5749,3,-1.92333
3989,84732.8,99.5327,0.705489,307.108,84.781,5.44457,13810.3,0,0,1463.13,625.837,95.89,2,91.5584,93.4798,91.4798,84.781,0,0,0,56.2456,25.5748,3,-1.9214
3989.1,84735.5,99.538,0.708325,307.128,84.8324,5.44805,13810.8,0,0,1465.27,625.281,95.9446,2,91.6148,93.5345,91.5345,84.8324,0,0,0,56.2451,25.5747,3,-1.91972
3989.2,84738.3,99.5432,0.711187,307.147,84.8843,5.45155,13811.4,0,0,1467.42,624.72,95.9994,2,91.6713,93.5896,91.5896,84.8843,0,0,0,56.2446,25.5747,3,-1.91828
3989.3,84741.1,99.5485,0.714073,307.167,84.9366,5.45507,13811.9,0,0,1469.59,624.154,96.0544,2,91.7281,93.6452,91.6452,84.9366,0,0,0,56.2441,25.5746,3,-1.91711
3989.4,84743.8,99.5537,0.716984,307.187,84.9894,5.4586,13812.5,0,0,1471.78,623.583,96.1096,2,91.7851,93.7013,91.7013,84.9894,0,0,0,56.2436,25.5746,3,-1.91619
3989.5,84746.6,99.5589,0.719918,307.207,85.0426,5.46216,13813,0,0,1473.99,623.008,96.165,2,91.8423,93.7579,91.7579,85.0426,0,0,0,56.2432,25.5745,3,-1.91554
3989.6,84749.4,99.5641,0.722876,307.227,85.0962,5.46573,13813.6,0,0,1476.22,622.428,96.2206,2,91.8997,93.8148,91.8148,85.0962,0,0,0,56.2427,25.5745,3,-1.91516
3989.7,84752.1,99.5692,0.725858,307.247,85.1502,5.46983,13814.1,0,0,1477.84,622.144,96.2827,2,91.9619,93.8723,91.8723,85.1502,0,0,0,56.2422,25.5744,3,-1.9104
3989.8,84754.9,99.5744,0.728861,307.267,85.2046,5.4742,13814.6,0,0,1479.2,621.997,96.3482,2,92.0266,93.9301,91.9301,85.2046,0,0,0,56.2417,25.5743,3,-1.90353
3989.9,84757.7,99.5795,0.731888,307.287,85.2595,5.4786,13815.2,0,0,1480.56,621.849,96.4142,2,92.0918,93.9885,91.9885,85.2595,0,0,0,56.2412,25.5743,3,-1.89666
3990,84760.4,99.5846,0.734936,307.307,85.3147,5.48303,13815.7,0,0,1481.94,621.7,96.4805,2,92.1574,94.0472,92.0472,85.3147,0,0,0,56.2407,25.5742,3,-1.88979
3990.1,84763.2,99.5897,0.738006,307.328,85.3704,5.4875,13816.3,0,0,1483.32,621.549,96.5473,2,92.2234,94.1063,92.1063,85.3704,0,0,0,56.2402,25.5742,3,-1.88293
3990.2,84766,99.5948,0.741097,307.348,85.4264,5.49199,13816.8,0,0,1484.72,621.398,96.6145,2,92.2898,94.1659,92.1659,85.4264,0,0,0,56.2397,25.5741,3,-1.87607
3990.3,84768.7,99.5998,0.744209,307.369,85.4828,5.49651,13817.4,0,0,1486.12,621.246,96.6821,2,92.3566,94.2258,92.2258,85.4828,0,0,0,56.2392,25.574,3,-1.86922
3990.4,84771.5,99.6049,0.747342,307.389,85.5396,5.50106,13817.9,0,0,1487.53,621.092,96.7501,2,92.4238,94.2862,92.2862,85.5396,0,0,0,56.2388,25.574,3,-1.86238
3990.5,84774.3,99.6099,0.750494,307.41,85.5967,5.50564,13818.5,0,0,1488.95,620.938,96.8185,2,92.4913,94.3469,92.3469,85.5967,0,0,0,56.2383,25.5739,3,-1.85556
3990.6,84777,99.6149,0.753666,307.431,85.6542,5.51025,13819,0,0,1490.38,620.783,96.8872,2,92.5592,94.408,92.408,85.6542,0,0,0,56.2378,25.5739,3,-1.84874
3990.7,84779.8,99.6199,0.756857,307.452,85.712,5.51488,13819.6,0,0,1491.82,620.627,96.9563,2,92.6275,94.4694,92.4694,85.712,0,0,0,56.2373,25.5738,3,-1.84194
3990.8,84782.6,99.6249,0.760067,307.473,85.7702,5.51955,13820.1,0,0,1493.27,620.47,97.0257,2,92.6961,94.5313,92.5313,85.7702,0,0,0,56.2368,25.5738,3,-1.83516
3990.9,84785.3,99.6298,0.763295,307.494,85.8287,5.52423,13820.7,0,0,1494.72,620.312,97.0955,2,92.7651,94.5935,92.5935,85.8287,0,0,0,56.2364,25.5737,3,-1.8284
3991,84788.1,99.6348,0.766541,307.515,85.8699,5.52755,13821.2,0,0,1495.75,620.2,97.1449,2,92.8138,94.6373,92.6373,85.8699,0,0,0,56.2359,25.5736,3,-1.82341
3991.1,84790.9,99.6396,0.769805,307.536,85.5035,5.49862,13821.8,0,0,1486.78,621.175,96.7136,2,92.3877,94.2478,92.2478,85.5035,0,0,0,56.2354,25.5736,3,-1.86007
3991.2,84793.6,99.6429,0.773085,307.558,84.3512,5.41662,13822.3,0,0,1446.23,630.241,95.4491,2,91.1036,93.0229,91.0229,84.3512,0,0,0,56.2349,25.5735,3,-1.9193
3991.3,84796.4,99.6432,0.776382,307.579,83.2071,5.33602,13822.9,0,0,1422.75,632.336,94.2115,2,89.883,91.8066,89.8066,83.2071,0,0,0,56.2344,25.5735,3,-1.9236
3991.4,84799.2,99.6419,0.779695,307.601,82.8667,5.31793,13823.4,0,0,1414.41,634.146,93.9276,2,89.5954,91.4449,89.4449,82.8667,0,0,0,56.234,25.5734,3,-1.84947
3991.5,84801.9,99.6406,0.783023,307.622,82.9439,5.32209,13823.9,0,0,1416.32,633.731,93.993,2,89.6617,91.5269,89.5269,82.9439,0,0,0,56.2335,25.5733,3,-1.86521
3991.6,84804.7,99.6394,0.786367,307.644,83.4291,5.35104,13824.5,0,0,1426.53,632.264,94.4512,2,90.1176,92.0427,90.0427,83.4291,0,0,0,56.233,25.5733,3,-1.92513
3991.7,84807.5,99.6398,0.789725,307.666,84.7008,5.44058,13825,0,0,1460.69,626.473,95.8273,2,91.4937,93.3945,91.3945,84.7008,0,0,0,56.2325,25.5732,3,-1.90083
3991.8,84810.2,99.6432,0.793097,307.688,85.9649,5.53555,13825.6,0,0,1498.23,619.931,97.2638,2,92.9314,94.7383,92.7383,85.9649,0,0,0,56.232,25.5732,3,-1.80691
3991.9,84813,99.6481,0.796483,307.71,86.4258,5.57105,13826.1,0,0,1522.32,613.509,97.8038,2,93.4918,95.2282,93.2282,86.4258,0,0,0,56.2316,25.5731,3,-1.73648
3992,84815.8,99.653,0.799882,307.732,86.4874,5.57569,13826.7,0,0,1525.89,612.513,97.8739,2,93.5653,95.2937,93.2937,86.4874,0,0,0,56.2311,25.5731,3,-1.72846
3992.1,84818.5,99.6578,0.803295,307.754,86.5492,5.58032,13827.2,0,0,1529.47,611.513,97.9435,2,93.6383,95.3595,93.3595,86.5492,0,0,0,56.2307,25.573,3,-1.72117
3992.2,84821.3,99.6627,0.80672,307.776,86.6113,5.58492,13827.8,0,0,1533.07,610.509,98.0126,2,93.7108,95.4254,93.4254,86.6113,0,0,0,56.2302,25.5729,3,-1.71463
3992.3,84824.1,99.6675,0.810156,307.799,86.6736,5.58951,13828.4,0,0,1536.67,609.502,98.0812,2,93.7828,95.4916,93.4916,86.6736,0,0,0,56.2298,25.5729,3,-1.70885
3992.4,84826.8,99.6723,0.813605,307.821,86.7361,5.59408,13828.9,0,0,1540.29,608.492,98.1492,2,93.8542,95.5581,93.5581,86.7361,0,0,0,56.2294,25.5728,3,-1.70382
3992.5,84829.6,99.6771,0.817064,307.844,86.7988,5.59863,13829.5,0,0,1543.92,607.479,98.2167,2,93.9252,95.6247,93.6247,86.7988,0,0,0,56.2289,25.5728,3,-1.69956
3992.6,84832.4,99.6819,0.820534,307.866,86.8616,5.60316,13830,0,0,1547.57,606.462,98.2837,2,93.9955,95.6916,93.6916,86.8616,0,0,0,56.2285,25.5727,3,-1.69608
3992.7,84835.2,99.6867,0.824014,307.889,86.9247,5.60767,13830.6,0,0,1551.22,605.443,98.35,2,94.0652,95.7586,93.7586,86.9247,0,0,0,56.228,25.5727,3,-1.69338
3992.8,84837.9,99.6914,0.827503,307.912,86.9879,5.61243,13831.2,0,0,1554.29,604.661,98.4175,2,94.1349,95.8258,93.8258,86.9879,0,0,0,56.2276,25.5726,3,-1.69095
3992.9,84840.7,99.6961,0.831002,307.935,87.0514,5.61722,13831.7,0,0,1555.86,604.49,98.4893,2,94.2058,95.8932,93.8932,87.0514,0,0,0,56.2272,25.5725,3,-1.68749
3993,84843.5,99.7009,0.834509,307.958,87.1149,5.62218,13832.3,0,0,1557.44,604.319,98.5612,2,94.2767,95.9608,93.9608,87.1149,0,0,0,56.2267,25.5725,3,-1.68409
3993.1,84846.2,99.7055,0.838024,307.981,87.1786,5.62716,13832.8,0,0,1559.03,604.147,98.6335,2,94.3481,96.0288,94.0288,87.1786,0,0,0,56.2263,25.5724,3,-1.68073
3993.2,84849,99.7102,0.841547,308.004,87.2425,5.63216,13833.4,0,0,1560.62,603.974,98.706,2,94.4196,96.097,94.097,87.2425,0,0,0,56.2259,25.5724,3,-1.67742
3993.3,84851.8,99.7149,0.845077,308.028,87.3065,5.63717,13834,0,0,1562.21,603.801,98.7785,2,94.4911,96.1653,94.1653,87.3065,0,0,0,56.2254,25.5723,3,-1.67416
3993.4,84854.5,99.7195,0.848614,308.051,87.3706,5.64218,13834.5,0,0,1563.81,603.628,98.8511,2,94.5628,96.2338,94.2338,87.3706,0,0,0,56.225,25.5722,3,-1.67097
3993.5,84857.3,99.7242,0.852156,308.075,87.4348,5.64721,13835.1,0,0,1565.41,603.454,98.9238,2,94.6345,96.3023,94.3023,87.4348,0,0,0,56.2246,25.5722,3,-1.66782
3993.6,84860.1,99.7288,0.855705,308.098,87.4991,5.65224,13835.7,0,0,1567.01,603.28,98.9965,2,94.7063,96.371,94.371,87.4991,0,0,0,56.2241,25.5721,3,-1.66474
3993.7,84862.9,99.7334,0.859258,308.122,87.5635,5.65728,13836.2,0,0,1568.62,603.106,99.0693,2,94.7781,96.4398,94.4398,87.5635,0,0,0,56.2237,25.5721,3,-1.66171
3993.8,84865.6,99.738,0.862816,308.146,87.6281,5.66233,13836.8,0,0,1570.22,602.931,99.1421,2,94.85,96.5087,94.5087,87.6281,0,0,0,56.2233,25.572,3,-1.65874
3993.9,84868.4,99.7426,0.866378,308.17,87.6926,5.66738,13837.4,0,0,1571.83,602.756,99.2149,2,94.9218,96.5777,94.5777,87.6926,0,0,0,56.2229,25.572,3,-1.65583
3994,84871.2,99.7471,0.869943,308.194,87.6824,5.66664,13837.9,0,0,1571.6,602.782,99.2043,2,94.9113,96.5667,94.5667,87.6824,0,0,0,56.2224,25.5719,3,-1.65544
3994.1,84873.9,99.7514,0.873512,308.218,87.3617,5.64185,13838.5,0,0,1563.7,603.639,98.8462,2,94.558,96.2241,94.2241,87.3617,0,0,0,56.222,25.5718,3,-1.66613
3994.2,84876.7,99.7544,0.877083,308.242,86.7484,5.59585,13839.1,0,0,1541.7,608.099,98.1755,2,93.8819,95.5712,93.5712,86.7484,0,0,0,56.2216,25.5718,3,-1.68939
3994.3,84879.5,99.7561,0.880656,308.267,86.0348,5.54242,13839.6,0,0,1500.86,619.499,97.3665,2,93.0338,94.8126,92.8126,86.0348,0,0,0,56.2211,25.5717,3,-1.77873
3994.4,84882.2,99.7562,0.88423,308.291,85.4111,5.49314,13840.2,0,0,1485.08,621.359,96.6318,2,92.3069,94.1496,92.1496,85.4111,0,0,0,56.2206,25.5717,3,-1.84275
3994.5,84885,99.7553,0.887805,308.316,85.273,5.48227,13840.7,0,0,1481.7,621.725,96.4691,2,92.1461,94.0028,92.0028,85.273,0,0,0,56.2201,25.5716,3,-1.85664
3994.6,84887.8,99.7546,0.89138,308.34,85.7224,5.5179,13841.3,0,0,1492.76,620.526,97.0012,2,92.6718,94.4805,92.4805,85.7224,0,0,0,56.2197,25.5715,3,-1.80871
3994.7,84890.6,99.7552,0.894955,308.365,86.4644,5.57537,13841.8,0,0,1525.64,612.582,97.869,2,93.5602,95.2693,93.2693,86.4644,0,0,0,56.2192,25.5715,3,-1.70916
3994.8,84893.3,99.7571,0.898529,308.39,87.3068,5.63798,13842.4,0,0,1562.47,603.773,98.7902,2,94.5028,96.1655,94.1655,87.3068,0,0,0,56.2188,25.5714,3,-1.66274
3994.9,84896.1,99.7606,0.902102,308.415,88.0535,5.69757,13843,0,0,1583.56,600.907,99.6485,2,95.3535,96.9631,94.9631,88.0535,0,0,0,56.2184,25.5714,3,-1.60963
3995,84898.9,99.765,0.905673,308.44,88.1986,5.71035,13843.5,0,0,1589.55,599.736,99.8306,2,95.5366,97.118,95.118,88.1986,0,0,0,56.218,25.5713,3,-1.58146
3995.1,84901.6,99.7688,0.909242,308.465,88.0715,5.69926,13844.1,0,0,1584.35,600.752,99.6726,2,95.3777,96.9823,94.9823,88.0715,0,0,0,56.2176,25.5713,3,-1.60455
3995.2,84904.4,99.7725,0.912809,308.49,88.1361,5.70498,13844.7,0,0,1587.03,600.229,99.7542,2,95.4597,97.0512,95.0512,88.1361,0,0,0,56.2172,25.5712,3,-1.59147
3995.3,84907.2,99.7762,0.916372,308.516,88.0787,5.7,13845.2,0,0,1584.7,600.685,99.6832,2,95.3883,96.9899,94.9899,88.0787,0,0,0,56.2167,25.5711,3,-1.60156
3995.4,84910,99.7794,0.919931,308.541,88.0264,5.69546,13845.8,0,0,1582.57,601.1,99.6183,2,95.3231,96.934,94.934,88.0264,0,0,0,56.2163,25.5711,3,-1.61088
3995.5,84912.7,99.7827,0.923485,308.567,88.2874,5.71838,13846.4,0,0,1593.33,598.998,99.9448,2,95.6514,97.2128,95.2128,88.2874,0,0,0,56.2159,25.571,3,-1.56145
3995.6,84915.5,99.7866,0.927035,308.592,88.5435,5.73832,13847,0,0,1603.89,596.936,100.26,2,95.9687,97.4863,95.4863,88.5435,0,0,0,56.2155,25.571,3,-1.51763
3995.7,84918.3,99.7906,0.930579,308.618,88.6077,5.74229,13847.5,0,0,1606.55,596.415,100.339,2,96.0481,97.5549,95.5549,88.6077,0,0,0,56.2151,25.5709,3,-1.50681
3995.8,84921,99.7945,0.934117,308.644,88.7938,5.7539,13848.1,0,0,1614.22,594.916,100.565,2,96.2751,97.7536,95.7536,88.7938,0,0,0,56.2148,25.5708,3,-1.47853
3995.9,84923.8,99.7989,0.937649,308.67,88.9802,5.76608,13848.7,0,0,1618,594.689,100.762,2,96.4677,97.9528,95.9528,88.9802,0,0,0,56.2144,25.5708,3,-1.48506
3996,84926.6,99.8033,0.941174,308.696,89.0442,5.77008,13849.3,0,0,1619.06,594.689,100.828,2,96.5321,98.0211,96.0211,89.0442,0,0,0,56.214,25.5707,3,-1.48894
3996.1,84929.4,99.8076,0.944691,308.722,89.108,5.77406,13849.8,0,0,1620.12,594.689,100.894,2,96.5964,98.0893,96.0893,89.108,0,0,0,56.2136,25.5707,3,-1.49282
3996.2,84932.1,99.8119,0.9482,308.748,89.1717,5.77804,13850.4,0,0,1621.17,594.689,100.96,2,96.6606,98.1573,96.1573,89.1717,0,0,0,56.2132,25.5706,3,-1.49668
3996.3,84934.9,99.8163,0.9517,308.775,89.2353,5.78201,13851,0,0,1622.23,594.689,101.025,2,96.7246,98.2252,96.2252,89.2353,0,0,0,56.2128,25.5706,3,-1.50054
3996.4,84937.7,99.8206,0.955191,308.801,89.2987,5.78597,13851.6,0,0,1623.28,594.689,101.091,2,96.7885,98.2928,96.2928,89.2987,0,0,0,56.2124,25.5705,3,-1.50438
3996.5,84940.5,99.8249,0.958672,308.828,89.3619,5.78992,13852.1,0,0,1624.33,594.689,101.156,2,96.8521,98.3603,96.3603,89.3619,0,0,0,56.212,25.5704,3,-1.50821
3996.6,84943.2,99.8291,0.962143,308.854,89.4249,5.79386,13852.7,0,0,1625.38,594.689,101.221,2,96.9156,98.4277,96.4277,89.4249,0,0,0,56.2117,25.5704,3,-1.51202
3996.7,84946,99.8334,0.965603,308.881,89.4877,5.79779,13853.3,0,0,1626.42,594.689,101.286,2,96.9789,98.4948,96.4948,89.4877,0,0,0,56.2113,25.5703,3,-1.51582
3996.8,84948.8,99.8376,0.969052,308.908,89.5504,5.80171,13853.9,0,0,1627.46,594.689,101.351,2,97.0421,98.5617,96.5617,89.5504,0,0,0,56.2109,25.5703,3,-1.51961
3996.9,84951.5,99.8419,0.972489,308.935,89.6128,5.80561,13854.5,0,0,1628.5,594.689,101.416,2,97.105,98.6283,96.6283,89.6128,0,0,0,56.2105,25.5702,3,-1.52337
3997,84954.3,99.8461,0.975913,308.962,89.675,5.8095,13855,0,0,1629.53,594.689,101.48,2,97.1676,98.6948,96.6948,89.675,0,0,0,56.2101,25.5702,3,-1.52713
3997.1,84957.1,99.8503,0.979325,308.989,89.737,5.81338,13855.6,0,0,1630.56,594.689,101.544,2,97.2301,98.7609,96.7609,89.737,0,0,0,56.2097,25.5701,3,-1.53086
3997.2,84959.9,99.8545,0.982722,309.016,89.7987,5.81878,13856.2,0,0,1631.99,594.689,101.633,2,97.317,98.8269,96.8269,89.7987,0,0,0,56.2093,25.57,3,-1.50989
3997.3,84962.6,99.8587,0.986106,309.043,89.8602,5.82455,13856.8,0,0,1633.52,594.689,101.729,2,97.4099,98.8925,96.8925,89.8602,0,0,0,56.2089,25.57,3,-1.48262
3997.4,84965.4,99.8628,0.989475,309.071,89.9214,5.8303,13857.4,0,0,1635.05,594.689,101.824,2,97.5024,98.9579,96.9579,89.9214,0,0,0,56.2085,25.5699,3,-1.45548
3997.5,84968.2,99.867,0.992829,309.098,89.9823,5.83603,13858,0,0,1636.56,594.689,101.918,2,97.5945,99.023,97.023,89.9823,0,0,0,56.2082,25.5699,3,-1.42848
3997.6,84971,99.8711,0.996167,309.126,90.043,5.84173,13858.5,0,0,1638.07,594.689,102.012,2,97.6862,99.0878,97.0878,90.043,0,0,0,56.2078,25.5698,3,-1.40161
3997.7,84973.7,99.8752,0.999489,309.154,90.1034,5.8474,13859.1,0,0,1639.58,594.689,102.106,2,97.7774,99.1523,97.1523,90.1034,0,0,0,56.2075,25.5697,3,-1.37488
3997.8,84976.5,99.8793,1.00279,309.181,90.1635,5.85305,13859.7,0,0,1641.07,594.689,102.199,2,97.8681,99.2164,97.2164,90.1635,0,0,0,56.2071,25.5697,3,-1.3483
3997.9,84979.3,99.8834,1.00608,309.209,90.2233,5.85867,13860.3,0,0,1642.56,594.689,102.292,2,97.9584,99.2803,97.2803,90.2233,0,0,0,56.2068,25.5696,3,-1.32187
3998,84982.1,99.8875,1.00935,309.237,90.2827,5.86426,13860.9,0,0,1644.04,594.689,102.384,2,98.0482,99.3438,97.3438,90.2827,0,0,0,56.2064,25.5696,3,-1.29559
3998.1,84984.8,99.8916,1.0126,309.265,90.3418,5.86981,13861.5,0,0,1645.51,594.689,102.475,2,98.1375,99.4069,97.4069,90.3418,0,0,0,56.2061,25.5695,3,-1.26947
3998.2,84987.6,99.8956,1.01584,309.293,90.4006,5.87534,13862.1,0,0,1646.97,594.689,102.566,2,98.2262,99.4697,97.4697,90.4006,0,0,0,56.2058,25.5695,3,-1.24351
3998.3,84990.4,99.8996,1.01905,309.322,90.4591,5.88084,13862.6,0,0,1648.43,594.689,102.657,2,98.3144,99.5321,97.5321,90.4591,0,0,0,56.2055,25.5694,3,-1.21771
3998.4,84993.2,99.9037,1.02224,309.35,90.5168,5.88627,13863.2,0,0,1649.86,594.689,102.746,2,98.4016,99.5938,97.5938,90.5168,0,0,0,56.2052,25.5693,3,-1.19223
3998.5,84995.9,99.9077,1.02541,309.378,90.5651,5.89082,13863.8,0,0,1651.07,594.689,102.821,2,98.4746,99.6454,97.6454,90.5651,0,0,0,56.2049,25.5693,3,-1.17082
3998.6,84998.7,99.9116,1.02856,309.407,90.5959,5.89374,13864.4,0,0,1651.84,594.689,102.869,2,98.5213,99.6783,97.6783,90.5959,0,0,0,56.2046,25.5692,3,-1.15692
3998.7,85001.5,99.9155,1.03169,309.435,90.6099,5.89509,13865,0,0,1652.19,594.689,102.891,2,98.543,99.6932,97.6932,90.6099,0,0,0,56.2043,25.5692,3,-1.15022
3998.8,85004.3,99.9193,1.0348,309.464,90.6079,5.89494,13865.6,0,0,1652.16,594.689,102.889,2,98.5406,99.691,97.691,90.6079,0,0,0,56.204,25.5691,3,-1.1504
3998.9,85007,99.9229,1.03789,309.493,90.5908,5.89339,13866.2,0,0,1651.75,594.689,102.864,2,98.5158,99.6728,97.6728,90.5908,0,0,0,56.2037,25.569,3,-1.15702
3999,85009.8,99.9264,1.04095,309.522,90.5681,5.89132,13866.8,0,0,1651.2,594.689,102.829,2,98.4826,99.6486,97.6486,90.5681,0,0,0,56.2034,25.569,3,-1.16604
3999.1,85012.6,99.9297,1.04399,309.551,90.5485,5.88953,13867.4,0,0,1650.73,594.689,102.8,2,98.4539,99.6277,97.6277,90.5485,0,0,0,56.2031,25.5689,3,-1.17374
3999.2,85015.4,99.9329,1.047,309.58,90.5318,5.88802,13867.9,0,0,1650.33,594.689,102.775,2,98.4296,99.6098,97.6098,90.5318,0,0,0,56.2028,25.5689,3,-1.1802
3999.3,85018.1,99.9359,1.04999,309.609,90.5179,5.88676,13868.5,0,0,1649.99,594.689,102.754,2,98.4094,99.5949,97.5949,90.5179,0,0,0,56.2024,25.5688,3,-1.18547
3999.4,85020.9,99.9388,1.05295,309.638,90.5065,5.88574,13869.1,0,0,1649.72,594.689,102.738,2,98.3931,99.5827,97.5827,90.5065,0,0,0,56.2021,25.5688,3,-1.18964
3999.5,85023.7,99.9415,1.05589,309.667,90.4976,5.88495,13869.7,0,0,1649.52,594.689,102.725,2,98.3805,99.5732,97.5732,90.4976,0,0,0,56.2018,25.5687,3,-1.19275
3999.6,85026.5,99.9442,1.0588,309.697,90.4143,5.87723,13870.3,0,0,1647.47,594.689,102.597,2,98.2564,99.4842,97.4842,90.4143,0,0,0,56.2015,25.5686,3,-1.22775
3999.7,85029.2,99.9464,1.06169,309.726,90.3285,5.86927,13870.9,0,0,1645.37,594.689,102.466,2,98.1288,99.3925,97.3925,90.3285,0,0,0,56.2012,25.5686,3,-1.26379
3999.8,85032,99.9485,1.06454,309.756,90.0148,5.8401,13871.5,0,0,1637.64,594.689,101.985,2,97.6599,99.0575,97.0575,90.0148,0,0,0,56.2008,25.5685,3,-1.39752
3999.9,85034.8,99.9493,1.06737,309.785,89.7222,5.81334,13872.1,0,0,1630.55,594.689,101.543,2,97.2295,98.7449,96.7449,89.7222,0,0,0,56.2004,25.5685,3,-1.51542
4000,85037.6,99.9501,1.07017,309.815,89.7548,5.81601,13872.6,0,0,1631.26,594.689,101.588,2,97.2725,98.7797,96.7797,89.7548,0,0,0,56.2,25.5684,3,-1.50725
4000.1,85040.4,99.9508,1.07294,309.845,89.8644,5.82626,13873.2,0,0,1633.97,594.689,101.757,2,97.4374,98.8968,96.8968,89.8644,0,0,0,56.1997,25.5683,3,-1.45935
4000.2,85043.1,99.9519,1.07569,309.874,89.9788,5.83697,13873.8,0,0,1636.81,594.689,101.934,2,97.6096,99.019,97.019,89.9788,0,0,0,56.1993,25.5683,3,-1.4094
4000.3,85045.9,99.9529,1.0784,309.904,90.3095,5.86782,13874.4,0,0,1644.98,594.689,102.442,2,98.1054,99.3722,97.3722,90.3095,0,0,0,56.199,25.5682,3,-1.26679
4000.4,85048.7,99.9549,1.08108,309.934,90.3859,5.87499,13875,0,0,1646.88,594.689,102.561,2,98.2206,99.4538,97.4538,90.3859,0,0,0,56.1987,25.5682,3,-1.23327
4000.5,85051.5,99.956,1.08373,309.964,89.3967,5.79339,13875.6,0,0,1625.25,594.689,101.214,2,96.908,98.3972,96.3972,89.3967,0,0,0,56.1983,25.5681,3,-1.48922
4000.6,85054.2,99.9541,1.08635,309.994,88.4446,5.73389,13876.1,0,0,1600.93,597.514,100.172,2,95.8802,97.3801,95.3801,88.4446,0,0,0,56.1979,25.5681,3,-1.49993
4000.7,85057,99.9515,1.08894,310.025,88.1916,5.71246,13876.7,0,0,1590.55,599.542,99.8608,2,95.5669,97.1098,95.1098,88.1916,0,0,0,56.1975,25.568,3,-1.54295
4000.8,85059.8,99.9485,1.09149,310.055,87.9865,5.69454,13877.3,0,0,1582.14,601.184,99.6052,2,95.3099,96.8908,94.8908,87.9865,0,0,0,56.1971,25.5679,3,-1.58092
4000.9,85062.6,99.9449,1.09402,310.085,87.5181,5.65696,13877.8,0,0,1568.52,603.117,99.0647,2,94.7736,96.3904,94.3904,87.5181,0,0,0,56.1967,25.5679,3,-1.61687
4001,85065.3,99.94,1.09651,310.116,87.5907,5.66264,13878.4,0,0,1570.32,602.92,99.1466,2,94.8544,96.468,94.468,87.5907,0,0,0,56.1962,25.5678,3,-1.61364
4001.1,85068.1,99.9366,1.09896,310.146,87.4884,5.65477,13879,0,0,1567.82,603.192,99.033,2,94.7423,96.3588,94.3588,87.4884,0,0,0,56.1958,25.5678,3,-1.61649
4001.2,85070.9,99.9312,1.10138,310.177,86.2609,5.5629,13879.5,0,0,1516.12,615.24,97.6801,2,93.3622,95.0529,93.0529,86.2609,0,0,0,56.1954,25.5677,3,-1.69075
4001.3,85073.7,99.9229,1.10377,310.207,84.7092,5.44506,13880.1,0,0,1463.43,625.759,95.8976,2,91.5663,93.4032,91.4032,84.7092,0,0,0,56.1949,25.5676,3,-1.83692
4001.4,85076.4,99.9116,1.10612,310.238,83.3296,5.3482,13880.6,0,0,1425.88,632.264,94.4083,2,90.0757,91.9366,89.9366,83.3296,0,0,0,56.1944,25.5676,3,-1.86085
4001.5,85079.2,99.898,1.10843,310.269,82.3334,5.29262,13881.1,0,0,1402.84,636.657,93.5283,2,89.1909,90.8775,88.8775,82.3334,0,0,0,56.194,25.5675,3,-1.68655
4001.6,85082,99.8828,1.11071,310.299,82.1412,5.28636,13881.7,0,0,1400,637.274,93.4293,2,89.0906,90.6732,88.6732,82.1412,0,0,0,56.1936,25.5675,3,-1.58265
4001.7,85084.8,99.8685,1.11295,310.33,82.8974,5.32296,13882.2,0,0,1416.72,633.644,94.0066,2,89.6755,91.4771,89.4771,82.8974,0,0,0,56.1931,25.5674,3,-1.80158
4001.8,85087.5,99.8562,1.11515,310.361,83.9608,5.39384,13882.7,0,0,1436.26,632.264,95.0955,2,90.7469,92.6077,90.6077,83.9608,0,0,0,56.1926,25.5674,3,-1.86083
4001.9,85090.3,99.8458,1.11732,310.392,84.7828,5.45025,13883.3,0,0,1466.62,624.928,95.9791,2,91.6504,93.4816,91.4816,84.7828,0,0,0,56.1922,25.5673,3,-1.83122
4002,85093.1,99.8365,1.11944,310.423,85.1973,5.47979,13883.8,0,0,1480.94,621.809,96.4321,2,92.1095,93.9222,91.9222,85.1973,0,0,0,56.1917,25.5672,3,-1.81273
4002.1,85095.9,99.8276,1.12153,310.454,85.3928,5.49533,13884.4,0,0,1485.75,621.286,96.6644,2,92.3391,94.1301,92.1301,85.3928,0,0,0,56.1912,25.5672,3,-1.79097
4002.2,85098.6,99.819,1.12358,310.485,84.7125,5.44572,13884.9,0,0,1463.84,625.654,95.908,2,91.577,93.4069,91.4069,84.7125,0,0,0,56.1908,25.5671,3,-1.82984
4002.3,85101.4,99.8075,1.12559,310.517,83.6493,5.37166,13885.5,0,0,1431.22,632.264,94.7619,2,90.4211,92.2765,90.2765,83.6493,0,0,0,56.1903,25.5671,3,-1.85547
4002.4,85104.2,99.7947,1.12756,310.548,83.4056,5.35419,13886,0,0,1427.24,632.264,94.4987,2,90.1639,92.0175,90.0175,83.4056,0,0,0,56.1898,25.567,3,-1.85354
4002.5,85107,99.7823,1.12949,310.579,83.1132,5.33478,13886.5,0,0,1422.17,632.461,94.192,2,89.8633,91.7067,89.7067,83.1132,0,0,0,56.1893,25.567,3,-1.84342
4002.6,85109.7,99.7683,1.13138,310.61,81.6228,5.28636,13887.1,0,0,1400,637.274,93.4293,2,89.0906,90.1223,88.1223,81.6228,0,0,0,56.1891,25.5669,3,-1.03168
4002.7,85112.5,99.7502,1.13323,310.642,79.929,5.14887,13887.6,0,0,1369.23,634.769,91.0167,2,86.7479,88.3216,86.3216,79.929,0,0,0,56.1887,25.5668,3,-1.57375
4002.8,85115.3,99.7299,1.13504,310.673,78.5539,5.05395,13888.1,0,0,1348.75,632.546,89.3411,2,85.1235,86.8599,84.8599,78.5539,0,0,0,56.1882,25.5668,3,-1.73649
4002.9,85118,99.7066,1.1368,310.705,76.8181,5.01266,13888.6,0,0,1338.46,632.264,88.6203,2,84.4207,85.0148,83.0148,76.8181,0,0,0,56.1881,25.5667,3,-0.594089
4003,85120.8,99.6797,1.13853,310.736,75.6303,4.87875,13889.1,0,0,1307.88,629.774,86.2544,2,82.1231,83.7549,81.7549,75.6303,0,0,0,56.1876,25.5667,3,-1.63182
4003.1,85123.6,99.652,1.1402,310.768,75.4211,4.87793,13889.6,0,0,1307.69,629.759,86.24,2,82.109,83.5335,81.5335,75.4211,0,0,0,56.1873,25.5666,3,-1.42444
4003.2,85126.3,99.6245,1.14184,310.799,75.4963,4.87793,13890,0,0,1307.69,629.759,86.24,2,82.109,83.6132,81.6132,75.4963,0,0,0,56.1869,25.5666,3,-1.50415
4003.3,85129.1,99.5971,1.14343,310.831,75.4343,4.87793,13890.5,0,0,1307.69,629.759,86.24,2,82.109,83.5475,81.5475,75.4343,0,0,0,56.1865,25.5665,3,-1.43847
4003.4,85131.9,99.5694,1.14498,310.863,75.3565,4.87793,13891,0,0,1307.69,629.759,86.24,2,82.109,83.4652,81.4652,75.3565,0,0,0,56.1862,25.5664,3,-1.35619
4003.5,85134.6,99.5418,1.14649,310.894,74.667,4.87677,13891.5,0,0,1307.44,629.732,86.2197,2,82.0893,82.7355,80.7355,74.667,0,0,0,56.186,25.5664,3,-0.64614
4003.6,85137.4,99.5115,1.14795,310.926,73.5588,4.77286,13892,0,0,1284.62,627.254,84.3811,2,80.3068,81.5627,79.5627,73.5588,0,0,0,56.1857,25.5663,2,-1.25588
4003.7,85140.2,99.4799,1.14936,310.958,72.8386,4.77286,13892.5,0,0,1284.62,627.254,84.3811,2,80.3068,80.8005,78.8005,72.8386,0,0,0,56.1855,25.5663,2,-0.493725
4003.8,85142.9,99.447,1.15073,310.989,72.2536,4.69762,13892.9,0,0,1267.21,625.837,83.0496,2,79.0135,80.1814,78.1814,72.2536,0,0,0,56.1852,25.5662,2,-1.16789
4003.9,85145.7,99.4133,1.15205,311.021,71.9588,4.65634,13893.4,0,0,1257.62,625.056,82.3183,2,78.3032,79.8695,77.8695,71.9588,0,0,0,56.1848,25.5661,2,-1.56628
4004,85148.5,99.3794,1.15333,311.053,72.7781,4.77167,13893.9,0,0,1284.34,627.232,84.36,2,80.2862,80.7366,78.7366,72.7781,0,0,0,56.1847,25.5661,2,-0.450382
4004.1,85151.2,99.3489,1.15456,311.085,74.258,4.83132,13894.4,0,0,1297.51,628.653,85.418,2,81.3121,82.3029,80.3029,74.258,0,0,0,56.1845,25.566,3,-0.990803
4004.2,85154,99.3208,1.15575,311.117,75.5197,4.87793,13894.8,0,0,1307.69,629.759,86.24,2,82.109,83.6382,81.6382,75.5197,0,0,0,56.1841,25.566,3,-1.52915
4004.3,85156.7,99.2952,1.15688,311.149,77.0536,5.01266,13895.3,0,0,1338.46,632.264,88.6203,2,84.4207,85.2667,83.2667,77.0536,0,0,0,56.1838,25.5659,3,-0.846034
4004.4,85159.5,99.2731,1.15798,311.181,79.4765,5.14887,13895.9,0,0,1369.23,634.769,91.0167,2,86.7479,87.842,85.842,79.4765,0,0,0,56.1836,25.5659,3,-1.09413
4004.5,85162.2,99.2568,1.15902,311.213,81.9025,5.28636,13896.4,0,0,1400,637.274,93.4293,2,89.0906,90.4205,88.4205,81.9025,0,0,0,56.1832,25.5658,3,-1.32987
4004.6,85165,99.2439,1.16001,311.245,83.894,5.39017,13896.9,0,0,1435.43,632.264,95.0404,2,90.6931,92.5372,90.5372,83.894,0,0,0,56.1827,25.5657,3,-1.84413
4004.7,85167.8,99.2352,1.16096,311.277,85.9962,5.54413,13897.5,0,0,1502.12,619.147,97.3929,2,93.0615,94.7715,92.7715,85.9962,0,0,0,56.1823,25.5657,3,-1.70994
4004.8,85170.5,99.2303,1.16186,311.309,87.9165,5.69066,13898,0,0,1580.33,601.538,99.5497,2,95.2541,96.8185,94.8185,87.9165,0,0,0,56.1819,25.5656,3,-1.56438
4004.9,85173.3,99.2289,1.16271,311.341,88.9924,5.77009,13898.6,0,0,1619.06,594.689,100.828,2,96.5324,97.9674,95.9674,88.9924,0,0,0,56.1815,25.5656,3,-1.43497
4005,85176,99.2281,1.16351,311.373,89.5198,5.80277,13899.2,0,0,1627.74,594.689,101.369,2,97.0592,98.5305,96.5305,89.5198,0,0,0,56.1811,25.5655,3,-1.47136
4005.1,85178.8,99.2287,1.16427,311.405,90.0455,5.84601,13899.8,0,0,1639.21,594.689,102.083,2,97.755,99.0919,97.0919,90.0455,0,0,0,56.1808,25.5655,3,-1.33698
4005.2,85181.5,99.2298,1.16497,311.437,89.568,5.80582,13900.4,0,0,1628.55,594.689,101.419,2,97.1084,98.582,96.582,89.568,0,0,0,56.1804,25.5654,3,-1.47362
4005.3,85184.3,99.2284,1.16563,311.469,88.3513,5.72896,13900.9,0,0,1598.32,598.022,100.095,2,95.802,97.2828,95.2828,88.3513,0,0,0,56.18,25.5653,3,-1.48077
4005.4,85187.1,99.2249,1.16623,311.501,86.5,5.58256,13901.5,0,0,1531.22,611.025,97.9772,2,93.6736,95.307,93.307,86.5,0,0,0,56.1796,25.5653,3,-1.63333
4005.5,85189.8,99.2165,1.16678,311.533,84.1871,5.41137,13902,0,0,1443.1,631.057,95.3657,2,91.0176,92.8487,90.8487,84.1871,0,0,0,56.1791,25.5652,3,-1.83115
4005.6,85192.6,99.2042,1.16729,311.565,82.1725,5.28636,13902.6,0,0,1400,637.274,93.4293,2,89.0906,90.7076,88.7076,82.1725,0,0,0,56.1787,25.5652,3,-1.61701
4005.7,85195.3,99.1882,1.16774,311.598,80.456,5.16992,13903.1,0,0,1373.96,635.154,91.3865,2,87.107,88.8833,86.8833,80.456,0,0,0,56.1783,25.5651,3,-1.77633
4005.8,85198.1,99.1694,1.16814,311.63,78.9384,5.09964,13903.6,0,0,1358.62,633.618,90.1479,2,85.9056,87.2704,85.2704,78.9384,0,0,0,56.1779,25.565,3,-1.36474
4005.9,85200.8,99.1477,1.16849,311.662,77.9608,5.02735,13904.1,0,0,1342.32,632.264,88.8756,2,84.6702,86.2314,84.2314,77.9608,0,0,0,56.1775,25.565,3,-1.56121
4006,85203.6,99.1253,1.16879,311.694,77.2301,5.01266,13904.6,0,0,1338.46,632.264,88.6203,2,84.4207,85.4549,83.4549,77.2301,0,0,0,56.1772,25.5649,3,-1.03419
4006.1,85206.3,99.101,1.16904,311.726,76.0536,4.94165,13905.1,0,0,1322.28,630.947,87.3666,2,83.2032,84.2046,82.2046,76.0536,0,0,0,56.177,25.5649,3,-1.00143
4006.2,85209.1,99.0743,1.16923,311.759,75.3107,4.87793,13905.6,0,0,1307.69,629.759,86.24,2,82.109,83.4172,81.4172,75.3107,0,0,0,56.1766,25.5648,3,-1.30818
4006.3,85211.8,99.0473,1.16937,311.791,75.4275,4.87793,13906.1,0,0,1307.69,629.759,86.24,2,82.109,83.5408,81.5408,75.4275,0,0,0,56.1763,25.5648,3,-1.4318
4006.4,85214.6,99.0213,1.16946,311.823,76.5612,5.01266,13906.6,0,0,1338.46,632.264,88.6203,2,84.4207,84.7445,82.7445,76.5612,0,0,0,56.1762,25.5647,3,-0.323746
4006.5,85217.3,98.9988,1.1695,311.855,78.3675,5.04014,13907.1,0,0,1345.67,632.264,89.0976,2,84.8872,86.6642,84.6642,78.3675,0,0,0,56.1757,25.5646,3,-1.77699
4006.6,85220.1,98.9797,1.16949,311.887,80.4175,5.16506,13907.6,0,0,1372.87,635.065,91.3012,2,87.0241,88.8429,86.8429,80.4175,0,0,0,56.1753,25.5646,3,-1.81878
4006.7,85222.8,98.9652,1.16942,311.919,83.142,5.3135,13908.1,0,0,1412.38,634.587,93.8578,2,89.5247,91.7383,89.7383,83.142,0,0,0,56.1747,25.5645,3,-2.21355
4006.8,85225.6,98.9567,1.1693,311.951,85.6265,5.47407,13908.7,0,0,1479.16,622.001,96.3463,2,92.0247,94.3787,92.3787,85.6265,0,0,0,56.1741,25.5645,3,-2.35398
4006.9,85228.3,98.9517,1.16912,311.984,86.8092,5.60562,13909.2,0,0,1549.55,605.908,98.3198,2,94.0335,95.6373,93.6373,86.8092,0,0,0,56.1737,25.5644,3,-1.60375
4007,85231.1,98.9478,1.16889,312.016,87.8482,5.68592,13909.8,0,0,1578.12,601.971,99.4817,2,95.1857,96.7466,94.7466,87.8482,0,0,0,56.1733,25.5644,3,-1.56086
4007.1,85233.8,98.9468,1.16861,312.048,89.0624,5.7753,13910.4,0,0,1620.45,594.689,100.914,2,96.6164,98.0429,96.0429,89.0624,0,0,0,56.1729,25.5643,3,-1.42652
4007.2,85236.6,98.9475,1.16827,312.08,89.2387,5.78625,13911,0,0,1623.35,594.689,101.095,2,96.7929,98.2312,96.2312,89.2387,0,0,0,56.1725,25.5642,3,-1.4383
4007.3,85239.3,98.9472,1.16788,312.112,88.6533,5.7493,13911.5,0,0,1611.28,595.492,100.479,2,96.1882,97.6062,95.6062,88.6533,0,0,0,56.1722,25.5642,3,-1.41801
4007.4,85242.1,98.9457,1.16744,312.144,87.665,5.67161,13912.1,0,0,1573.18,602.61,99.2759,2,94.9819,96.551,94.551,87.665,0,0,0,56.1718,25.5641,3,-1.56905
4007.5,85244.8,98.9417,1.16694,312.176,86.0765,5.55169,13912.7,0,0,1507.71,617.586,97.509,2,93.183,94.8569,92.8569,86.0765,0,0,0,56.1713,25.5641,3,-1.67392
4007.6,85247.6,98.9342,1.16639,312.208,84.1778,5.41164,13913.2,0,0,1443.26,631.014,95.3701,2,91.0221,92.8392,90.8392,84.1778,0,0,0,56.1709,25.564,3,-1.8171
4007.7,85250.3,98.923,1.16578,312.24,82.6693,5.31274,13913.7,0,0,1412.03,634.663,93.8459,2,89.5126,91.236,89.236,82.6693,0,0,0,56.1704,25.564,3,-1.72341
4007.8,85253.1,98.9099,1.16511,312.272,82.0006,5.28636,13914.3,0,0,1400,637.274,93.4293,2,89.0906,90.5254,88.5254,82.0006,0,0,0,56.17,25.5639,3,-1.43485
4007.9,85255.8,98.8963,1.1644,312.304,82.1666,5.28636,13914.8,0,0,1400,637.274,93.4293,2,89.0906,90.702,88.702,82.1666,0,0,0,56.1696,25.5638,3,-1.6114
4008,85258.6,98.8839,1.16362,312.336,82.2517,5.2904,13915.3,0,0,1401.83,636.877,93.4932,2,89.1553,90.7925,88.7925,82.2517,0,0,0,56.1692,25.5638,3,-1.63716
4008.1,85261.3,98.8708,1.16279,312.368,81.8754,5.28636,13915.8,0,0,1400,637.274,93.4293,2,89.0906,90.3926,88.3926,81.8754,0,0,0,56.1689,25.5637,3,-1.30201
4008.2,85264.1,98.8572,1.16191,312.4,82.1109,5.28636,13916.4,0,0,1400,637.274,93.4293,2,89.0906,90.6429,88.6429,82.1109,0,0,0,56.1685,25.5637,3,-1.55229
4008.3,85266.8,98.8451,1.16097,312.432,82.4761,5.30259,13916.9,0,0,1407.38,635.671,93.6858,2,89.3505,91.0309,89.0309,82.4761,0,0,0,56.168,25.5636,3,-1.68049
4008.4,85269.6,98.833,1.15997,312.464,82.1592,5.28636,13917.4,0,0,1400,637.274,93.4293,2,89.0906,90.6943,88.6943,82.1592,0,0,0,56.1676,25.5636,3,-1.60371
4008.5,85272.3,98.8199,1.15892,312.496,81.7676,5.28636,13918,0,0,1400,637.274,93.4293,2,89.0906,90.2781,88.2781,81.7676,0,0,0,56.1673,25.5635,3,-1.18753
4008.6,85275,98.8065,1.15781,312.528,81.7284,5.28636,13918.5,0,0,1400,637.274,93.4293,2,89.0906,90.2366,88.2366,81.7284,0,0,0,56.167,25.5634,3,-1.14598
4008.7,85277.8,98.7934,1.15665,312.559,81.5109,5.28636,13919,0,0,1400,637.274,93.4293,2,89.0906,90.0055,88.0055,81.5109,0,0,0,56.1668,25.5634,3,-0.91487
4008.8,85280.5,98.7793,1.15543,312.591,81.0086,5.25359,13919.5,0,0,1392.69,636.679,92.8548,2,88.5328,89.4718,87.4718,81.0086,0,0,0,56.1665,25.5633,3,-0.938979
4008.9,85283.3,98.7645,1.15415,312.623,80.8329,5.22793,13920.1,0,0,1386.96,636.212,92.4047,2,88.0957,89.2851,87.2851,80.8329,0,0,0,56.1662,25.5633,3,-1.18945
4009,85286,98.7499,1.15282,312.654,80.83,5.22757,13920.6,0,0,1386.88,636.206,92.3984,2,88.0896,89.282,87.282,80.83,0,0,0,56.1659,25.5632,3,-1.19243
4009.1,85288.8,98.7353,1.15144,312.686,80.7193,5.21146,13921.1,0,0,1383.27,635.913,92.1158,2,87.8152,89.1645,87.1645,80.7193,0,0,0,56.1656,25.5631,3,-1.34927
4009.2,85291.5,98.7205,1.14999,312.718,80.3637,5.15967,13921.6,0,0,1371.66,634.967,91.2065,2,86.9322,88.7867,86.7867,80.3637,0,0,0,56.1651,25.5631,3,-1.8545
4009.3,85294.2,98.7047,1.14849,312.749,80.0174,5.14887,13922.1,0,0,1369.23,634.769,91.0167,2,86.7479,88.4188,86.4188,80.0174,0,0,0,56.1647,25.563,3,-1.67089
4009.4,85297,98.6888,1.14694,312.781,80.0963,5.14887,13922.7,0,0,1369.23,634.769,91.0167,2,86.7479,88.5026,86.5026,80.0963,0,0,0,56.1642,25.563,3,-1.75473
4009.5,85299.7,98.6735,1.14532,312.812,80.8279,5.22777,13923.2,0,0,1386.92,636.21,92.4019,2,88.093,89.2801,87.2801,80.8279,0,0,0,56.1639,25.5629,3,-1.18712
4009.6,85302.5,98.6606,1.14365,312.843,82.4945,5.30399,13923.7,0,0,1408.02,635.532,93.7079,2,89.3729,91.0511,89.0511,82.4945,0,0,0,56.1635,25.5629,3,-1.67821
4009.7,85305.2,98.652,1.14193,312.875,84.5873,5.44032,13924.3,0,0,1460.53,626.514,95.8232,2,91.4895,93.2749,91.2749,84.5873,0,0,0,56.163,25.5628,3,-1.78535
4009.8,85308,98.6472,1.14015,312.906,86.7286,5.60121,13924.8,0,0,1545.99,606.901,98.2549,2,93.9652,95.5528,93.5528,86.7286,0,0,0,56.1626,25.5627,3,-1.58758
4009.9,85310.7,98.6469,1.13831,312.937,88.4437,5.73751,13925.4,0,0,1603.35,597.041,100.244,2,95.9526,97.3837,95.3837,88.4437,0,0,0,56.1622,25.5627,3,-1.43106
4010,85313.4,98.6489,1.13641,312.968,88.9194,5.76759,13926,0,0,1618.4,594.689,100.787,2,96.492,97.8915,95.8915,88.9194,0,0,0,56.1619,25.5626,3,-1.39942
4010.1,85316.2,98.6505,1.13446,312.999,87.9657,5.69798,13926.5,0,0,1583.75,600.87,99.6543,2,95.3593,96.8734,94.8734,87.9657,0,0,0,56.1615,25.5626,3,-1.51406
4010.2,85318.9,98.649,1.13245,313.03,86.341,5.57302,13927.1,0,0,1523.83,613.087,97.8335,2,93.523,95.139,93.139,86.341,0,0,0,56.161,25.5625,3,-1.61601
4010.3,85321.7,98.6445,1.13038,313.061,84.7804,5.45344,13927.6,0,0,1468.59,624.416,96.0289,2,91.7018,93.4801,91.4801,84.7804,0,0,0,56.1606,25.5625,3,-1.77827
4010.4,85324.4,98.6372,1.12826,313.092,83.1572,5.34017,13928.2,0,0,1423.97,632.264,94.2817,2,89.952,91.7552,89.7552,83.1572,0,0,0,56.1601,25.5624,3,-1.80323
4010.5,85327.1,98.6267,1.12608,313.123,81.265,5.28636,13928.7,0,0,1400,637.274,93.4293,2,89.0906,89.7447,87.7447,81.265,0,0,0,56.16,25.5623,3,-0.654161
4010.6,85329.9,98.6123,1.12385,313.154,79.3339,5.14818,13929.2,0,0,1369.08,634.753,91.0046,2,86.7361,87.6928,85.6928,79.3339,0,0,0,56.1597,25.5623,3,-0.95668
4010.7,85332.6,98.5947,1.12155,313.185,77.1681,5.01266,13929.7,0,0,1338.46,632.264,88.6203,2,84.4207,85.3916,83.3916,77.1681,0,0,0,56.1595,25.5622,3,-0.970933
4010.8,85335.3,98.5723,1.11921,313.216,74.7168,4.87793,13930.2,0,0,1307.69,629.759,86.24,2,82.109,82.7901,80.7901,74.7168,0,0,0,56.1593,25.5622,3,-0.68104
4010.9,85338.1,98.5456,1.1168,313.246,73.0013,4.77286,13930.7,0,0,1284.62,627.254,84.3811,2,80.3068,80.975,78.975,73.0013,0,0,0,56.1591,25.5621,2,-0.668261
4011,85340.8,98.517,1.11434,313.277,72.707,4.76766,13931.2,0,0,1283.42,627.156,84.2892,2,80.2175,80.6638,78.6638,72.707,0,0,0,56.159,25.5621,2,-0.44637
4011.1,85343.6,98.4896,1.11182,313.307,73.034,4.77286,13931.6,0,0,1284.62,627.254,84.3811,2,80.3068,81.0099,79.0099,73.034,0,0,0,56.1588,25.562,2,-0.703106
4011.2,85346.3,98.4626,1.10925,313.338,73.7466,4.77937,13932.1,0,0,1286.05,627.41,84.4965,2,80.4186,81.7638,79.7638,73.7466,0,0,0,56.1585,25.5619,2,-1.34517
4011.3,85349,98.4382,1.10662,313.368,75.3897,4.87793,13932.6,0,0,1307.69,629.759,86.24,2,82.109,83.5029,81.5029,75.3897,0,0,0,56.1581,25.5619,3,-1.39383
4011.4,85351.8,98.4179,1.10394,313.398,77.1833,5.01266,13933.1,0,0,1338.46,632.264,88.6203,2,84.4207,85.4087,83.4087,77.1833,0,0,0,56.1578,25.5618,3,-0.98795
4011.5,85354.5,98.4007,1.1012,313.428,78.9038,5.09967,13933.6,0,0,1358.63,633.619,90.1485,2,85.9062,87.2367,85.2367,78.9038,0,0,0,56.1575,25.5618,3,-1.33054
4011.6,85357.2,98.3873,1.09841,313.458,81.4611,5.21463,13934.1,0,0,1383.98,635.97,92.1714,2,87.8692,89.9539,87.9539,81.4611,0,0,0,56.157,25.5617,3,-2.08469
4011.7,85360,98.3802,1.09555,313.488,84.6889,5.36813,13934.7,0,0,1430.42,632.264,94.7088,2,90.3692,93.3833,91.3833,84.6889,0,0,0,56.1562,25.5617,3,-3.01407
4011.8,85362.7,98.3794,1.09265,313.518,87.2697,5.53132,13935.2,0,0,1496.92,620.074,97.2009,2,92.8692,96.1317,94.1317,87.2697,0,0,0,56.1553,25.5616,3,-3.26252
4011.9,85365.4,98.3825,1.08968,313.548,89.1133,5.69867,13935.8,0,0,1584.08,600.806,99.6642,2,95.3693,98.0996,96.0996,89.1133,0,0,0,56.1546,25.5615,3,-2.7303
4012,85368.2,98.3889,1.08667,313.578,90.492,5.8536,13936.4,0,0,1641.22,594.689,102.208,2,97.877,99.5711,97.5711,90.492,0,0,0,56.1542,25.5615,3,-1.69407
4012.1,85370.9,98.3974,1.08359,313.607,91.1554,5.93622,13937,0,0,1663.05,594.689,103.568,2,99.202,100.279,98.2792,91.1554,0,0,0,56.1539,25.5614,3,-1.07719
4012.2,85373.6,98.4066,1.08046,313.637,91.2765,5.9438,13937.6,0,0,1665.05,594.689,103.692,2,99.3232,100.408,98.4084,91.2765,0,0,0,56.1536,25.5614,3,-1.08528
4012.3,85376.4,98.4157,1.07727,313.666,91.2219,5.94042,13938.2,0,0,1664.16,594.689,103.637,2,99.2691,100.35,98.3501,91.2219,0,0,0,56.1534,25.5613,3,-1.081
4012.4,85379.1,98.4247,1.07403,313.696,91.1662,5.93697,13938.8,0,0,1663.25,594.689,103.58,2,99.214,100.291,98.2907,91.1662,0,0,0,56.1531,25.5613,3,-1.07665
4012.5,85381.8,98.4338,1.07073,313.725,91.0534,5.92997,13939.3,0,0,1661.4,594.689,103.465,2,99.1019,100.17,98.1702,91.0534,0,0,0,56.1528,25.5612,3,-1.06828
4012.6,85384.6,98.4426,1.06738,313.754,90.5632,5.89856,13939.9,0,0,1653.11,594.689,102.949,2,98.5987,99.647,97.647,90.5632,0,0,0,56.1525,25.5611,3,-1.04822
4012.7,85387.3,98.4499,1.06397,313.784,89.3932,5.79788,13940.5,0,0,1626.44,594.689,101.288,2,96.9804,98.398,96.398,89.3932,0,0,0,56.1522,25.5611,3,-1.41763
4012.8,85390,98.4544,1.0605,313.813,87.8467,5.68893,13941.1,0,0,1579.52,601.697,99.5248,2,95.2291,96.7473,94.7473,87.8467,0,0,0,56.1518,25.561,3,-1.51824
4012.9,85392.8,98.456,1.05698,313.842,86.5737,5.59137,13941.6,0,0,1538.14,609.093,98.1089,2,93.8118,95.3884,93.3884,86.5737,0,0,0,56.1514,25.561,3,-1.57658
4013,85395.5,98.4558,1.05341,313.87,84.9298,5.4643,13942.2,0,0,1475.33,622.66,96.1984,2,91.8768,93.6391,91.6391,84.9298,0,0,0,56.1509,25.5609,3,-1.76236
4013.1,85398.2,98.4514,1.04978,313.899,82.8931,5.32643,13942.7,0,0,1418.32,633.298,94.061,2,89.7306,91.4752,89.4752,82.8931,0,0,0,56.1505,25.5609,3,-1.74457
4013.2,85401,98.4437,1.0461,313.928,80.9512,5.24907,13943.2,0,0,1391.68,636.597,92.7756,2,88.4558,89.4119,87.4119,80.9512,0,0,0,56.1502,25.5608,3,-0.956071
4013.3,85403.7,98.4321,1.04236,313.956,78.9092,5.10162,13943.8,0,0,1359.05,633.664,90.1829,2,85.9395,87.2423,85.2423,78.9092,0,0,0,56.1499,25.5607,3,-1.30273
4013.4,85406.4,98.4169,1.03857,313.985,76.9003,5.01266,13944.3,0,0,1338.46,632.264,88.6203,2,84.4207,85.1079,83.1079,76.9003,0,0,0,56.1497,25.5607,3,-0.687181
4013.5,85409.2,98.3979,1.03472,314.013,76.2319,4.9739,13944.8,0,0,1329.64,631.546,87.9362,2,83.7564,84.3978,82.3978,76.2319,0,0,0,56.1495,25.5606,3,-0.641439
4013.6,85411.9,98.3806,1.03083,314.041,77.2832,5.01266,13945.3,0,0,1338.46,632.264,88.6203,2,84.4207,85.5149,83.5149,77.2832,0,0,0,56.1493,25.5606,3,-1.09424
4013.7,85414.6,98.366,1.02688,314.069,78.7812,5.08728,13945.8,0,0,1355.96,633.328,89.9297,2,85.6941,87.1066,85.1066,78.7812,0,0,0,56.1489,25.5605,3,-1.41249
4013.8,85417.4,98.3548,1.02287,314.097,80.3729,5.165,13946.3,0,0,1372.85,635.064,91.3,2,87.023,88.7978,86.7978,80.3729,0,0,0,56.1484,25.5605,3,-1.7748
4013.9,85420.1,98.3467,1.01882,314.125,81.8894,5.28636,13946.8,0,0,1400,637.274,93.4293,2,89.0906,90.409,88.409,81.8894,0,0,0,56.1481,25.5604,3,-1.31843
4014,85422.8,98.3416,1.01471,314.153,83.3665,5.35629,13947.3,0,0,1427.72,632.264,94.5303,2,90.1948,91.9783,89.9783,83.3665,0,0,0,56.1476,25.5603,3,-1.78352
4014.1,85425.6,98.3396,1.01055,314.181,84.3086,5.4232,13947.9,0,0,1450.17,629.214,95.5533,2,91.2111,92.9793,90.9793,84.3086,0,0,0,56.1472,25.5603,3,-1.76826
4014.2,85428.3,98.3384,1.00633,314.208,85.1937,5.48517,13948.4,0,0,1482.6,621.627,96.5126,2,92.1891,93.9197,91.9197,85.1937,0,0,0,56.1467,25.5602,3,-1.73059
4014.3,85431,98.34,1.00207,314.236,86.4717,5.58453,13949,0,0,1532.76,610.596,98.0067,2,93.7046,95.2801,93.2801,86.4717,0,0,0,56.1463,25.5602,3,-1.57553
4014.4,85433.8,98.344,0.997748,314.263,87.6696,5.67528,13949.6,0,0,1574.35,602.483,99.3288,2,95.0341,96.5587,94.5587,87.6696,0,0,0,56.1459,25.5601,3,-1.52456
4014.5,85436.5,98.3505,0.993378,314.29,88.2422,5.72442,13950.1,0,0,1596.18,598.441,100.03,2,95.7375,97.1698,95.1698,88.2422,0,0,0,56.1456,25.5601,3,-1.43231
4014.6,85439.2,98.357,0.988956,314.317,88.4302,5.73838,13950.7,0,0,1603.93,596.927,100.262,2,95.97,97.3705,95.3705,88.4302,0,0,0,56.1452,25.56,3,-1.40048
4014.7,85442,98.3644,0.984482,314.344,88.8082,5.76243,13951.3,0,0,1617.02,594.689,100.701,2,96.4087,97.7739,95.7739,88.8082,0,0,0,56.1448,25.5599,3,-1.36526
4014.8,85444.7,98.3726,0.979956,314.371,88.9622,5.77197,13951.9,0,0,1619.56,594.689,100.859,2,96.5627,97.9382,95.9382,88.9622,0,0,0,56.1445,25.5599,3,-1.37549
4014.9,85447.4,98.3809,0.975379,314.398,88.3769,5.7352,13952.4,0,0,1601.8,597.343,100.199,2,95.9065,97.3135,95.3135,88.3769,0,0,0,56.1441,25.5598,3,-1.40702
4015,85450.2,98.387,0.970751,314.424,87.6157,5.67136,13953,0,0,1573.1,602.619,99.2723,2,94.9784,96.5009,94.5009,87.6157,0,0,0,56.1437,25.5598,3,-1.52254
4015.1,85452.9,98.3927,0.966072,314.451,87.2739,5.64495,13953.6,0,0,1564.69,603.532,98.8912,2,94.6024,96.1362,94.1362,87.2739,0,0,0,56.1433,25.5597,3,-1.53379
4015.2,85455.6,98.3978,0.961342,314.477,86.4504,5.58333,13954.1,0,0,1531.82,610.857,97.9887,2,93.6857,95.2571,93.2571,86.4504,0,0,0,56.1429,25.5597,3,-1.57134
4015.3,85458.4,98.4005,0.956563,314.503,85.3936,5.5015,13954.7,0,0,1487.67,621.078,96.7567,2,92.4303,94.1319,92.1319,85.3936,0,0,0,56.1425,25.5596,3,-1.70168
4015.4,85461.1,98.4019,0.951733,314.53,84.2959,5.42288,13955.2,0,0,1449.98,629.265,95.5482,2,91.2058,92.9657,90.9657,84.2959,0,0,0,56.142,25.5595,3,-1.75994
4015.5,85463.8,98.4008,0.946855,314.556,82.696,5.31666,13955.8,0,0,1413.82,634.273,93.9075,2,89.575,91.2658,89.2658,82.696,0,0,0,56.1416,25.5595,3,-1.69081
4015.6,85466.6,98.3964,0.941927,314.581,80.9973,5.25788,13956.3,0,0,1393.65,636.757,92.9301,2,88.6059,89.461,87.461,80.9973,0,0,0,56.1414,25.5594,3,-0.855173
4015.7,85469.3,98.3891,0.93695,314.607,80.03,5.14887,13956.8,0,0,1369.23,634.769,91.0167,2,86.7479,88.4333,86.4333,80.03,0,0,0,56.1409,25.5594,3,-1.68545
4015.8,85472,98.3813,0.931926,314.633,79.4161,5.14887,13957.3,0,0,1369.23,634.769,91.0167,2,86.7479,87.7811,85.7811,79.4161,0,0,0,56.1407,25.5593,3,-1.03317
4015.9,85474.8,98.3721,0.926853,314.658,78.4938,5.05619,13957.8,0,0,1349.23,632.598,89.3807,2,85.1619,86.8012,84.8012,78.4938,0,0,0,56.1402,25.5593,3,-1.63933
4016,85477.5,98.3612,0.921733,314.683,77.2872,5.01266,13958.3,0,0,1338.46,632.264,88.6203,2,84.4207,85.5193,83.5193,77.2872,0,0,0,56.14,25.5592,3,-1.0986
4016.1,85480.2,98.3477,0.916566,314.708,76.342,4.99194,13958.8,0,0,1333.75,631.881,88.2548,2,84.0658,84.5151,82.5151,76.342,0,0,0,56.1398,25.5591,3,-0.449364
4016.2,85483,98.3337,0.911353,314.733,75.409,4.87793,13959.3,0,0,1307.69,629.759,86.24,2,82.109,83.5239,81.5239,75.409,0,0,0,56.1395,25.5591,3,-1.4149
4016.3,85485.7,98.3171,0.906093,314.758,74.5568,4.87288,13959.8,0,0,1306.6,629.64,86.1516,2,82.0233,82.6214,80.6214,74.5568,0,0,0,56.1393,25.559,3,-0.598066
4016.4,85488.4,98.3002,0.900788,314.783,74.8384,4.87793,13960.3,0,0,1307.69,629.759,86.24,2,82.109,82.9193,80.9193,74.8384,0,0,0,56.1391,25.559,3,-0.810303
4016.5,85491.1,98.2852,0.895437,314.807,75.9154,4.93101,13960.8,0,0,1319.85,630.749,87.1784,2,83.0204,84.0622,82.0622,75.9154,0,0,0,56.1388,25.5589,3,-1.04177
4016.6,85493.9,98.2729,0.890041,314.832,76.9618,5.01266,13961.3,0,0,1338.46,632.264,88.6203,2,84.4207,85.1739,83.1739,76.9618,0,0,0,56.1387,25.5589,3,-0.753237
4016.7,85496.6,98.2624,0.8846,314.856,78.403,5.04631,13961.8,0,0,1347.09,632.366,89.2061,2,84.9927,86.7052,84.7052,78.403,0,0,0,56.1382,25.5588,3,-1.71251
4016.8,85499.3,98.2561,0.879114,314.88,80.0323,5.14887,13962.3,0,0,1369.23,634.769,91.0167,2,86.7479,88.4362,86.4362,80.0323,0,0,0,56.1378,25.5587,3,-1.68828
4016.9,85502.1,98.2522,0.873583,314.904,81.7589,5.28636,13962.8,0,0,1400,637.274,93.4293,2,89.0906,90.2706,88.2706,81.7589,0,0,0,56.1375,25.5587,3,-1.18002
4017,85504.8,98.253,0.868008,314.928,83.7096,5.38217,13963.4,0,0,1433.61,632.264,94.9201,2,90.5756,92.3431,90.3431,83.7096,0,0,0,56.137,25.5586,3,-1.76755
4017.1,85507.5,98.257,0.862388,314.951,84.7019,5.45076,13963.9,0,0,1466.94,624.846,95.9871,2,91.6586,93.3973,91.3973,84.7019,0,0,0,56.1366,25.5586,3,-1.73865
4017.2,85510.3,98.2619,0.856724,314.975,84.7868,5.45643,13964.4,0,0,1470.44,623.934,96.0757,2,91.7502,93.4875,91.4875,84.7868,0,0,0,56.1361,25.5585,3,-1.73736
4017.3,85513,98.2666,0.851017,314.998,85.0553,5.4756,13965,0,0,1479.63,621.95,96.3692,2,92.0474,93.7727,91.7727,85.0553,0,0,0,56.1357,25.5585,3,-1.72529
4017.4,85515.7,98.2729,0.845266,315.021,85.3873,5.50192,13965.5,0,0,1487.8,621.064,96.7629,2,92.4364,94.1254,92.1254,85.3873,0,0,0,56.1352,25.5584,3,-1.68907
4017.5,85518.4,98.2792,0.839471,315.044,85.2531,5.49136,13966.1,0,0,1484.52,621.419,96.6051,2,92.2805,93.9829,91.9829,85.2531,0,0,0,56.1348,25.5583,3,-1.70239
4017.6,85521.2,98.2853,0.833634,315.067,85.2798,5.49352,13966.6,0,0,1485.19,621.346,96.6375,2,92.3125,94.0112,92.0112,85.2798,0,0,0,56.1344,25.5583,3,-1.69876
4017.7,85523.9,98.2921,0.827754,315.09,85.3956,5.50274,13967.2,0,0,1488.05,621.036,96.7751,2,92.4485,94.1343,92.1343,85.3956,0,0,0,56.1339,25.5582,3,-1.6858
4017.8,85526.6,98.299,0.821832,315.112,85.1027,5.47962,13967.7,0,0,1480.88,621.814,96.4295,2,92.107,93.8231,91.8231,85.1027,0,0,0,56.1335,25.5582,3,-1.71611
4017.9,85529.4,98.305,0.815869,315.135,84.663,5.44854,13968.3,0,0,1465.57,625.202,95.9523,2,91.6227,93.3559,91.3559,84.663,0,0,0,56.133,25.5581,3,-1.73316
4018,85532.1,98.3106,0.809864,315.157,84.3321,5.42635,13968.8,0,0,1452.07,628.72,95.6031,2,91.2625,93.0043,91.0043,84.3321,0,0,0,56.1326,25.5581,3,-1.74186
4018.1,85534.8,98.3157,0.803818,315.179,83.9889,5.40284,13969.4,0,0,1438.3,632.264,95.2307,2,90.8789,92.6396,90.6396,83.9889,0,0,0,56.1321,25.558,3,-1.76076
4018.2,85537.6,98.3203,0.797731,315.201,83.8835,5.39529,13969.9,0,0,1436.59,632.264,95.1173,2,90.7681,92.5276,90.5276,83.8835,0,0,0,56.1317,25.5579,3,-1.75951
4018.3,85540.3,98.3254,0.791605,315.222,84.1237,5.41227,13970.4,0,0,1443.63,630.918,95.38,2,91.0323,92.7829,90.7829,84.1237,0,0,0,56.1312,25.5579,3,-1.75061
4018.4,85543,98.3313,0.785438,315.244,84.3506,5.4278,13971,0,0,1452.94,628.493,95.6259,2,91.286,93.0239,91.0239,84.3506,0,0,0,56.1308,25.5578,3,-1.73793
4018.5,85545.7,98.3376,0.779233,315.265,84.6188,5.44588,13971.5,0,0,1463.93,625.628,95.9105,2,91.5796,93.3089,91.3089,84.6188,0,0,0,56.1303,25.5578,3,-1.72926
4018.6,85548.5,98.345,0.772988,315.286,85.1053,5.48027,13972.1,0,0,1481.08,621.793,96.4391,2,92.1165,93.8257,91.8257,85.1053,0,0,0,56.1299,25.5577,3,-1.70925
4018.7,85551.2,98.3535,0.766705,315.308,85.5098,5.51231,13972.6,0,0,1491.02,620.714,96.9179,2,92.5896,94.2555,92.2555,85.5098,0,0,0,56.1294,25.5577,3,-1.66585
4018.8,85553.9,98.3628,0.760383,315.328,85.607,5.52006,13973.2,0,0,1493.43,620.453,97.0333,2,92.7036,94.3588,92.3588,85.607,0,0,0,56.129,25.5576,3,-1.65516
4018.9,85556.7,98.3721,0.754023,315.349,85.4958,5.51131,13973.7,0,0,1490.71,620.747,96.903,2,92.5748,94.2406,92.2406,85.4958,0,0,0,56.1286,25.5575,3,-1.66572
4019,85559.4,98.3813,0.747625,315.37,85.202,5.48812,13974.3,0,0,1483.52,621.528,96.5567,2,92.2327,93.9284,91.9284,85.202,0,0,0,56.1282,25.5575,3,-1.6957
4019.1,85562.1,98.3898,0.741191,315.39,84.589,5.44415,13974.8,0,0,1462.88,625.904,95.8835,2,91.5517,93.2771,91.2771,84.589,0,0,0,56.1277,25.5574,3,-1.72539
4019.2,85564.9,98.3971,0.73472,315.41,84.0828,5.40987,13975.4,0,0,1442.21,631.289,95.3419,2,90.993,92.7393,90.7393,84.0828,0,0,0,56.1273,25.5574,3,-1.74627
4019.3,85567.6,98.404,0.728212,315.43,83.7795,5.38834,13975.9,0,0,1435.01,632.264,95.0128,2,90.6661,92.4171,90.4171,83.7795,0,0,0,56.1268,25.5573,3,-1.75096
4019.4,85570.3,98.4105,0.721669,315.45,83.4713,5.3662,13976.4,0,0,1429.98,632.264,94.6797,2,90.3408,92.0895,90.0895,83.4713,0,0,0,56.1264,25.5573,3,-1.74877
4019.5,85573.1,98.4166,0.715091,315.47,83.4594,5.3654,13977,0,0,1429.8,632.264,94.6676,2,90.3289,92.0769,90.0769,83.4594,0,0,0,56.1259,25.5572,3,-1.74797
4019.6,85575.8,98.4235,0.708478,315.489,83.8435,5.3931,13977.5,0,0,1436.09,632.264,95.0844,2,90.736,92.485,90.485,83.8435,0,0,0,56.1254,25.5572,3,-1.74902
4019.7,85578.5,98.4315,0.70183,315.508,84.1195,5.41263,13978.1,0,0,1443.85,630.861,95.3858,2,91.0383,92.7782,90.7782,84.1195,0,0,0,56.125,25.5571,3,-1.73993
4019.8,85581.3,98.4398,0.695149,315.527,84.1912,5.41759,13978.6,0,0,1446.81,630.09,95.4645,2,91.1195,92.8544,90.8544,84.1912,0,0,0,56.1245,25.557,3,-1.73491
4019.9,85584,98.4485,0.688433,315.546,84.2666,5.42279,13979.2,0,0,1449.92,629.279,95.5468,2,91.2043,92.9345,90.9345,84.2666,0,0,0,56.1241,25.557,3,-1.73019
4020,85586.7,98.4575,0.681685,315.565,84.2263,5.42009,13979.7,0,0,1448.3,629.701,95.5041,2,91.1602,92.8917,90.8917,84.2263,0,0,0,56.1237,25.5569,3,-1.73144
4020.1,85589.5,98.4664,0.674903,315.584,84.1073,5.41199,13980.2,0,0,1443.46,630.961,95.3755,2,91.0277,92.7652,90.7652,84.1073,0,0,0,56.1232,25.5569,3,-1.73754
4020.2,85592.2,98.4753,0.66809,315.602,83.9877,5.40378,13980.8,0,0,1438.6,632.228,95.2451,2,90.8931,92.6381,90.6381,83.9877,0,0,0,56.1228,25.5568,3,-1.74498
4020.3,85595,98.4842,0.661244,315.62,83.8675,5.39517,13981.3,0,0,1436.56,632.264,95.1156,2,90.7665,92.5104,90.5104,83.8675,0,0,0,56.1223,25.5568,3,-1.74393
4020.4,85597.7,98.493,0.654368,315.638,83.7468,5.38652,13981.9,0,0,1434.6,632.264,94.9855,2,90.6394,92.3821,90.3821,83.7468,0,0,0,56.1219,25.5567,3,-1.74262
4020.5,85600.4,98.5018,0.64746,315.656,83.6254,5.37783,13982.4,0,0,1432.62,632.264,94.8548,2,90.5118,92.2531,90.2531,83.6254,0,0,0,56.1214,25.5566,3,-1.7413
4020.6,85603.2,98.5106,0.640522,315.674,83.5035,5.36911,13982.9,0,0,1430.64,632.264,94.7235,2,90.3836,92.1235,90.1235,83.5035,0,0,0,56.121,25.5566,3,-1.73999
4020.7,85605.9,98.5194,0.633553,315.691,83.381,5.36035,13983.5,0,0,1428.65,632.264,94.5916,2,90.2547,91.9934,89.9934,83.381,0,0,0,56.1205,25.5565,3,-1.73867
4020.8,85608.6,98.5281,0.626556,315.708,83.258,5.35157,13984,0,0,1426.65,632.264,94.4591,2,90.1253,91.8627,89.8627,83.258,0,0,0,56.1201,25.5565,3,-1.73735
4020.9,85611.4,98.5368,0.619529,315.725,83.1344,5.34275,13984.5,0,0,1424.64,632.264,94.326,2,89.9953,91.7314,89.7314,83.1344,0,0,0,56.1196,25.5564,3,-1.73604
4021,85614.1,98.5455,0.612474,315.742,83.0103,5.33525,13985.1,0,0,1422.39,632.414,94.1994,2,89.8708,91.5995,89.5995,83.0103,0,0,0,56.1192,25.5564,3,-1.72867
4021.1,85616.8,98.5541,0.60539,315.759,82.8857,5.32867,13985.6,0,0,1419.35,633.074,94.0961,2,89.7662,91.4671,89.4671,82.8857,0,0,0,56.1187,25.5563,3,-1.70087
4021.2,85619.6,98.5627,0.598279,315.775,82.7606,5.32203,13986.1,0,0,1416.29,633.737,93.992,2,89.6607,91.3341,89.3341,82.7606,0,0,0,56.1183,25.5562,3,-1.67339
4021.3,85622.3,98.5713,0.591141,315.792,82.635,5.31536,13986.7,0,0,1413.23,634.403,93.887,2,89.5543,91.2006,89.2006,82.635,0,0,0,56.1179,25.5562,3,-1.64624
4021.4,85625.1,98.5798,0.583976,315.808,82.5088,5.30864,13987.2,0,0,1410.15,635.071,93.7812,2,89.4471,91.0665,89.0665,82.5088,0,0,0,56.1174,25.5561,3,-1.61943
4021.5,85627.8,98.5883,0.576785,315.824,82.3822,5.30187,13987.7,0,0,1407.06,635.742,93.6745,2,89.339,90.932,88.932,82.3822,0,0,0,56.117,25.5561,3,-1.59297
4021.6,85630.5,98.5968,0.569569,315.839,82.2551,5.29506,13988.3,0,0,1403.95,636.416,93.5669,2,89.23,90.7969,88.7969,82.2551,0,0,0,56.1166,25.556,3,-1.56686
4021.7,85633.3,98.6053,0.562327,315.855,82.1276,5.28821,13988.8,0,0,1400.84,637.092,93.4585,2,89.1202,90.6613,88.6613,82.1276,0,0,0,56.1162,25.556,3,-1.54111
4021.8,85636,98.6137,0.555061,315.87,81.9995,5.28636,13989.3,0,0,1400,637.274,93.4293,2,89.0906,90.5252,88.5252,81.9995,0,0,0,56.1159,25.5559,3,-1.43465
4021.9,85638.8,98.6221,0.54777,315.885,81.871,5.28636,13989.8,0,0,1400,637.274,93.4293,2,89.0906,90.3887,88.3887,81.871,0,0,0,56.1155,25.5559,3,-1.2981
4022,85641.5,98.6305,0.540456,315.9,81.7421,5.28636,13990.4,0,0,1400,637.274,93.4293,2,89.0906,90.2517,88.2517,81.7421,0,0,0,56.1152,25.5558,3,-1.16107
4022.1,85644.2,98.6388,0.533119,315.915,81.6127,5.28636,13990.9,0,0,1400,637.274,93.4293,2,89.0906,90.1142,88.1142,81.6127,0,0,0,56.115,25.5557,3,-1.02358
4022.2,85647,98.6472,0.525759,315.929,81.4829,5.28636,13991.4,0,0,1400,637.274,93.4293,2,89.0906,89.9762,87.9762,81.4829,0,0,0,56.1147,25.5557,3,-0.885643
4022.3,85649.7,98.6555,0.518377,315.944,81.3527,5.28636,13992,0,0,1400,637.274,93.4293,2,89.0906,89.8378,87.8378,81.3527,0,0,0,56.1145,25.5556,3,-0.747257
4022.4,85652.5,98.6637,0.510974,315.958,81.2221,5.28636,13992.5,0,0,1400,637.274,93.4293,2,89.0906,89.699,87.699,81.2221,0,0,0,56.1144,25.5556,3,-0.608436
4022.5,85655.2,98.6719,0.503549,315.972,81.0911,5.27776,13993,0,0,1398.08,637.118,93.2786,2,88.9442,89.5598,87.5598,81.0911,0,0,0,56.1142,25.5555,3,-0.615544
4022.6,85657.9,98.6802,0.496104,315.985,80.9597,5.25852,13993.5,0,0,1393.79,636.769,92.9412,2,88.6166,89.4201,87.4201,80.9597,0,0,0,56.114,25.5555,3,-0.803476
4022.7,85660.7,98.6883,0.488638,315.999,80.8279,5.23925,13994.1,0,0,1389.49,636.419,92.6033,2,88.2886,89.28,87.28,80.8279,0,0,0,56.1138,25.5554,3,-0.991464
4022.8,85663.4,98.6965,0.481153,316.012,80.6957,5.21997,13994.6,0,0,1385.18,636.067,92.265,2,87.9601,89.1396,87.1396,80.6957,0,0,0,56.1135,25.5553,3,-1.17949
4022.9,85666.2,98.7046,0.473649,316.025,80.5632,5.20067,13995.1,0,0,1380.86,635.716,91.9263,2,87.6312,88.9987,86.9987,80.5632,0,0,0,56.1131,25.5553,3,-1.36754
4023,85668.9,98.7127,0.466127,316.038,80.4303,5.18135,13995.6,0,0,1376.53,635.363,91.5872,2,87.3019,88.8575,86.8575,80.4303,0,0,0,56.1127,25.5552,3,-1.55561
4023.1,85671.6,98.7208,0.458586,316.051,80.2971,5.16202,13996.1,0,0,1372.19,635.01,91.2478,2,86.9723,88.7159,86.7159,80.2971,0,0,0,56.1122,25.5552,3,-1.74366
4023.2,85674.4,98.7288,0.451028,316.063,80.1636,5.14887,13996.7,0,0,1369.23,634.769,91.0167,2,86.7479,88.574,86.574,80.1636,0,0,0,56.1118,25.5551,3,-1.82607
4023.3,85677.1,98.7368,0.443453,316.075,80.0297,5.14887,13997.2,0,0,1369.23,634.769,91.0167,2,86.7479,88.4317,86.4317,80.0297,0,0,0,56.1113,25.5551,3,-1.68378
4023.4,85679.9,98.7448,0.435862,316.088,79.8955,5.14887,13997.7,0,0,1369.23,634.769,91.0167,2,86.7479,88.289,86.289,79.8955,0,0,0,56.1109,25.555,3,-1.54115
4023.5,85682.6,98.7527,0.428254,316.099,79.761,5.14887,13998.2,0,0,1369.23,634.769,91.0167,2,86.7479,88.1461,86.1461,79.761,0,0,0,56.1106,25.5549,3,-1.39819
4023.6,85685.4,98.7607,0.420631,316.111,79.6262,5.14887,13998.7,0,0,1369.23,634.769,91.0167,2,86.7479,88.0028,86.0028,79.6262,0,0,0,56.1103,25.5549,3,-1.25491
4023.7,85688.1,98.7686,0.412994,316.122,79.4911,5.14887,13999.2,0,0,1369.23,634.769,91.0167,2,86.7479,87.8592,85.8592,79.4911,0,0,0,56.11,25.5548,3,-1.11133
4023.8,85690.8,98.7764,0.405342,316.134,79.3557,5.14887,13999.7,0,0,1369.23,634.769,91.0167,2,86.7479,87.7153,85.7153,79.3557,0,0,0,56.1097,25.5548,3,-0.96745
4023.9,85693.6,98.7843,0.397676,316.145,79.2201,5.14409,14000.3,0,0,1368.2,634.658,90.9324,2,86.6662,87.5712,85.5712,79.2201,0,0,0,56.1095,25.5547,3,-0.905027
4024,85696.3,98.7921,0.389997,316.156,79.0842,5.12863,14000.8,0,0,1364.88,634.297,90.6597,2,86.4018,87.4267,85.4267,79.0842,0,0,0,56.1092,25.5547,3,-1.02496
4024.1,85699.1,98.7999,0.382305,316.166,78.9481,5.11317,14001.3,0,0,1361.54,633.935,90.3868,2,86.1373,87.282,85.282,78.9481,0,0,0,56.1089,25.5546,3,-1.14477
4024.2,85701.8,98.8077,0.374601,316.177,78.8117,5.09771,14001.8,0,0,1358.21,633.573,90.1138,2,85.8726,87.1371,85.1371,78.8117,0,0,0,56.1086,25.5545,3,-1.26447
4024.3,85704.6,98.8154,0.366886,316.187,78.6751,5.08224,14002.3,0,0,1354.87,633.21,89.8407,2,85.6078,86.9918,84.9918,78.6751,0,0,0,56.1082,25.5545,3,-1.38402
4024.4,85707.3,98.8231,0.359159,316.197,78.5382,5.06677,14002.8,0,0,1351.52,632.847,89.5675,2,85.343,86.8464,84.8464,78.5382,0,0,0,56.1079,25.5544,3,-1.50344
4024.5,85710.1,98.8308,0.351421,316.206,78.4012,5.0513,14003.3,0,0,1348.17,632.483,89.2942,2,85.078,86.7007,84.7007,78.4012,0,0,0,56.1074,25.5544,3,-1.6227
4024.6,85712.8,98.8385,0.343674,316.216,78.2639,5.04028,14003.8,0,0,1345.71,632.264,89.1001,2,84.8897,86.5548,84.5548,78.2639,0,0,0,56.107,25.5543,3,-1.66517
4024.7,85715.5,98.8461,0.335917,316.225,78.1265,5.03601,14004.3,0,0,1344.59,632.264,89.026,2,84.8173,86.4087,84.4087,78.1265,0,0,0,56.1066,25.5543,3,-1.59148
4024.8,85718.3,98.8537,0.32815,316.234,77.9888,5.03174,14004.8,0,0,1343.47,632.264,88.9518,2,84.7447,86.2624,84.2624,77.9888,0,0,0,56.1062,25.5542,3,-1.51772
4024.9,85721,98.8613,0.320376,316.243,77.851,5.02746,14005.3,0,0,1342.35,632.264,88.8775,2,84.6721,86.116,84.116,77.851,0,0,0,56.1058,25.5541,3,-1.44387
4025,85723.8,98.8689,0.312593,316.252,77.7131,5.02318,14005.8,0,0,1341.22,632.264,88.8031,2,84.5994,85.9693,83.9693,77.7131,0,0,0,56.1055,25.5541,3,-1.36996
4025.1,85726.5,98.8764,0.304803,316.26,77.5749,5.01889,14006.3,0,0,1340.1,632.264,88.7286,2,84.5265,85.8225,83.8225,77.5749,0,0,0,56.1051,25.554,3,-1.29598
4025.2,85729.3,98.8839,0.297006,316.269,77.4367,5.01459,14006.8,0,0,1338.97,632.264,88.6539,2,84.4536,85.6755,83.6755,77.4367,0,0,0,56.1048,25.554,3,-1.22194
4025.3,85732,98.8914,0.289203,316.277,77.2983,5.01266,14007.3,0,0,1338.46,632.264,88.6203,2,84.4207,85.5284,83.5284,77.2983,0,0,0,56.1045,25.5539,3,-1.1077
4025.4,85734.8,98.8989,0.28137,316.285,77.1593,5.01266,14007.8,0,0,1338.46,632.264,88.6203,2,84.4207,85.3807,83.3807,77.1593,0,0,0,56.1043,25.5539,3,-0.959988
4025.5,85737.5,98.9063,0.273486,316.292,77.0194,5.01266,14008.3,0,0,1338.46,632.264,88.6203,2,84.4207,85.232,83.232,77.0194,0,0,0,56.1041,25.5538,3,-0.811311
4025.6,85740.3,98.9137,0.265554,316.3,76.8787,5.01266,14008.8,0,0,1338.46,632.264,88.6203,2,84.4207,85.0824,83.0824,76.8787,0,0,0,56.1039,25.5537,3,-0.661682
4025.7,85743,98.9211,0.257573,316.307,76.737,5.01266,14009.3,0,0,1338.46,632.264,88.6203,2,84.4207,84.9318,82.9318,76.737,0,0,0,56.1038,25.5537,3,-0.511108
4025.8,85745.8,98.9284,0.249544,316.314,76.5945,5.01266,14009.8,0,0,1338.46,632.264,88.6203,2,84.4207,84.7803,82.7803,76.5945,0,0,0,56.1037,25.5536,3,-0.3596
4025.9,85748.5,98.9358,0.241468,316.321,76.4511,5.01266,14010.3,0,0,1338.46,632.264,88.6203,2,84.4207,84.6279,82.6279,76.4511,0,0,0,56.1036,25.5536,3,-0.207168
4026,85751.3,98.9431,0.233344,316.327,76.3068,4.99462,14010.8,0,0,1334.36,631.93,88.3021,2,84.1117,84.4745,82.4745,76.3068,0,0,0,56.1035,25.5535,3,-0.362823
4026.1,85754,98.9503,0.225174,316.333,76.1617,4.97379,14011.3,0,0,1329.62,631.544,87.9343,2,83.7545,84.3203,82.3203,76.1617,0,0,0,56.1034,25.5535,3,-0.565739
4026.2,85756.8,98.9576,0.216958,316.339,76.0158,4.95288,14011.8,0,0,1324.85,631.156,87.565,2,83.3959,84.1651,82.1651,76.0158,0,0,0,56.1032,25.5534,3,-0.76926
4026.3,85759.5,98.9648,0.208697,316.345,75.869,4.9319,14012.3,0,0,1320.05,630.765,87.1942,2,83.0357,84.0091,82.0091,75.869,0,0,0,56.1029,25.5533,3,-0.973367
4026.4,85762.3,98.972,0.20039,316.351,75.7214,4.91084,14012.8,0,0,1315.23,630.373,86.8219,2,82.6742,83.8522,81.8522,75.7214,0,0,0,56.1026,25.5533,3,-1.17804
4026.5,85765,98.9792,0.192039,316.356,75.573,4.88977,14013.3,0,0,1310.41,629.98,86.4493,2,82.3123,83.6949,81.6949,75.573,0,0,0,56.1023,25.5532,3,-1.3826
4026.6,85767.8,98.9864,0.183644,316.361,75.4238,4.87793,14013.8,0,0,1307.69,629.759,86.24,2,82.109,83.537,81.537,75.4238,0,0,0,56.1019,25.5532,3,-1.42799
4026.7,85770.5,98.9935,0.175206,316.366,75.2737,4.87793,14014.3,0,0,1307.69,629.759,86.24,2,82.109,83.3783,81.3783,75.2737,0,0,0,56.1016,25.5531,3,-1.26923
4026.8,85773.3,99.0006,0.166725,316.371,75.1229,4.87793,14014.8,0,0,1307.69,629.759,86.24,2,82.109,83.2187,81.2187,75.1229,0,0,0,56.1013,25.5531,3,-1.10964
4026.9,85776,99.0077,0.158202,316.376,74.9714,4.87793,14015.3,0,0,1307.69,629.759,86.24,2,82.109,83.0582,81.0582,74.9714,0,0,0,56.101,25.553,3,-0.949224
4027,85778.8,99.0148,0.149637,316.38,74.819,4.87793,14015.7,0,0,1307.69,629.759,86.24,2,82.109,82.897,80.897,74.819,0,0,0,56.1008,25.553,3,-0.787999
4027.1,85781.5,99.0218,0.141031,316.384,74.6659,4.87793,14016.2,0,0,1307.69,629.759,86.24,2,82.109,82.735,80.735,74.6659,0,0,0,56.1007,25.5529,3,-0.625971
4027.2,85784.3,99.0288,0.132384,316.388,74.5121,4.87451,14016.7,0,0,1306.95,629.679,86.1801,2,82.051,82.5722,80.5722,74.5121,0,0,0,56.1005,25.5528,3,-0.521185
4027.3,85787,99.0358,0.123697,316.391,74.3575,4.85712,14017.2,0,0,1303.18,629.269,85.8755,2,81.7556,82.4086,80.4086,74.3575,0,0,0,56.1004,25.5528,3,-0.652977
4027.4,85789.8,99.0428,0.11497,316.394,74.2022,4.83988,14017.7,0,0,1299.39,628.858,85.5698,2,81.4592,82.2442,80.2442,74.2022,0,0,0,56.1002,25.5527,3,-0.784967
4027.5,85792.5,99.0497,0.106204,316.397,74.0461,4.82258,14018.2,0,0,1295.58,628.445,85.2631,2,81.1619,82.0791,80.0791,74.0461,0,0,0,56.0999,25.5527,3,-0.917152
4027.6,85795.3,99.0566,0.0973994,316.4,73.8894,4.80524,14018.6,0,0,1291.76,628.03,84.9555,2,80.8637,81.9132,79.9132,73.8894,0,0,0,56.0997,25.5526,3,-1.04952
4027.7,85798,99.0635,0.0885567,316.403,73.732,4.78785,14019.1,0,0,1287.93,627.613,84.647,2,80.5645,81.7466,79.7466,73.732,0,0,0,56.0994,25.5526,2,-1.18206
4027.8,85800.8,99.0704,0.0796765,316.405,73.5738,4.77286,14019.6,0,0,1284.62,627.254,84.3811,2,80.3068,81.5792,79.5792,73.5738,0,0,0,56.099,25.5525,2,-1.27246
4027.9,85803.5,99.0772,0.0707592,316.407,73.415,4.77286,14020.1,0,0,1284.62,627.254,84.3811,2,80.3068,81.4112,79.4112,73.415,0,0,0,56.0988,25.5524,2,-1.10439
4028,85806.3,99.084,0.0618054,316.409,73.2555,4.77286,14020.6,0,0,1284.62,627.254,84.3811,2,80.3068,81.2424,79.2424,73.2555,0,0,0,56.0985,25.5524,2,-0.935602
4028.1,85809,99.0908,0.0528157,316.411,73.0954,4.77286,14021,0,0,1284.62,627.254,84.3811,2,80.3068,81.0729,79.0729,73.0954,0,0,0,56.0983,25.5523,2,-0.766112
4028.2,85811.8,99.0976,0.0437904,316.412,72.9345,4.77286,14021.5,0,0,1284.62,627.254,84.3811,2,80.3068,80.9027,78.9027,72.9345,0,0,0,56.0982,25.5523,2,-0.595929
4028.3,85814.5,99.1044,0.0347302,316.413,72.7731,4.77286,14022,0,0,1284.62,627.254,84.3811,2,80.3068,80.7318,78.7318,72.7731,0,0,0,56.098,25.5522,2,-0.425061
4028.4,85817.3,99.1111,0.0256355,316.414,72.611,4.76739,14022.5,0,0,1283.35,627.151,84.2844,2,80.2128,80.5603,78.5603,72.611,0,0,0,56.098,25.5522,2,-0.34747
4028.5,85820,99.1178,0.0165069,316.414,72.4483,4.74446,14022.9,0,0,1278.06,626.72,83.8787,2,79.8188,80.3881,78.3881,72.4483,0,0,0,56.0978,25.5521,2,-0.569273
4028.6,85822.8,99.1245,0.00734495,316.415,72.2849,4.72149,14023.4,0,0,1272.74,626.287,83.4722,2,79.424,80.2152,78.2152,72.2849,0,0,0,56.0976,25.552,2,-0.791241
4028.7,85825.5,99.1311,-0.00184992,316.415,72.121,4.69849,14023.9,0,0,1267.41,625.853,83.0649,2,79.0284,80.0417,78.0417,72.121,0,0,0,56.0973,25.552,2,-1.01335
4028.8,85828.3,99.1378,-0.0110772,316.415,71.9565,4.67544,14024.4,0,0,1262.06,625.418,82.6568,2,78.632,79.8676,77.8676,71.9565,0,0,0,56.097,25.5519,2,-1.2356
4028.9,85831,99.1444,-0.0203363,316.414,71.7913,4.65237,14024.8,0,0,1256.69,624.981,82.248,2,78.2349,79.6928,77.6928,71.7913,0,0,0,56.0966,25.5519,2,-1.45796
4029,85833.8,99.151,-0.0296268,316.413,71.6256,4.64013,14025.3,0,0,1253.85,624.749,82.0311,2,78.0242,79.5174,77.5174,71.6256,0,0,0,56.0963,25.5518,2,-1.49324
4029.1,85836.6,99.1576,-0.0389481,316.413,71.4593,4.64013,14025.7,0,0,1253.85,624.749,82.0311,2,78.0242,79.3415,77.3415,71.4593,0,0,0,56.0959,25.5518,2,-1.31726
4029.2,85839.3,99.1641,-0.0482998,316.411,71.2925,4.64013,14026.2,0,0,1253.85,624.749,82.0311,2,78.0242,79.1649,77.1649,71.2925,0,0,0,56.0956,25.5517,2,-1.14067
4029.3,85842.1,99.1706,-0.0576812,316.41,71.0554,4.64013,14026.7,0,0,1253.85,624.749,82.0311,2,78.0242,78.914,76.914,71.0554,0,0,0,56.0954,25.5516,2,-0.889801
4029.4,85844.8,99.1769,-0.0670921,316.408,70.5319,4.60865,14027.1,0,0,1246.51,624.152,81.473,2,77.482,78.36,76.36,70.5319,0,0,0,56.0952,25.5516,2,-0.877927
4029.5,85847.6,99.182,-0.0765316,316.406,69.4771,4.50858,14027.6,0,0,1223.08,622.244,79.6972,2,75.7571,77.2438,75.2438,69.4771,0,0,0,56.0948,25.5515,2,-1.48663
4029.6,85850.3,99.1848,-0.0859993,316.404,68.3494,4.49322,14028,0,0,1218.86,622.244,79.4221,2,75.4881,76.0503,74.0503,68.3494,0,0,0,56.0946,25.5515,2,-0.562195
4029.7,85853.1,99.1863,-0.0954943,316.401,67.6099,4.4557,14028.5,0,0,1210.28,621.413,78.7581,2,74.8437,75.2677,73.2677,67.6099,0,0,0,56.0945,25.5514,2,-0.423976
4029.8,85855.8,99.1869,-0.105016,316.399,67.0043,4.40854,14028.9,0,0,1200.42,619.807,77.9144,2,74.0282,74.6269,72.6269,67.0043,0,0,0,56.0944,25.5514,2,-0.598637
4029.9,85858.6,99.1867,-0.114564,316.396,66.8421,4.40008,14029.4,0,0,1198.89,619.377,77.7612,2,73.8811,74.4552,72.4552,66.8421,0,0,0,56.0942,25.5513,2,-0.574169
4030,85861.4,99.1874,-0.124138,316.392,66.9403,4.40475,14029.8,0,0,1199.69,619.638,77.846,2,73.9624,74.5591,72.5591,66.9403,0,0,0,56.0941,25.5512,2,-0.596691
4030.1,85864.1,99.1882,-0.133737,316.389,66.5156,4.38461,14030.2,0,0,1196.23,618.513,77.4806,2,73.6118,74.1097,72.1097,66.5156,0,0,0,56.0939,25.5512,2,-0.497897
4030.2,85866.9,99.188,-0.143361,316.385,65.8039,4.3401,14030.7,0,0,1188.57,616.016,76.6733,2,72.8371,73.3565,71.3565,65.8039,0,0,0,56.0938,25.5511,2,-0.519358
4030.3,85869.6,99.1867,-0.153009,316.381,65.5095,4.3124,14031.1,0,0,1183.77,614.455,76.1707,2,72.3549,73.045,71.045,65.5095,0,0,0,56.0936,25.5511,2,-0.6901
4030.4,85872.4,99.186,-0.162681,316.377,65.3356,4.29608,14031.5,0,0,1180.94,613.534,75.8747,2,72.0709,72.8609,70.8609,65.3356,0,0,0,56.0934,25.551,2,-0.790036
4030.5,85875.1,99.1847,-0.172376,316.372,65.1588,4.27954,14032,0,0,1178.07,612.598,75.5745,2,71.7829,72.6739,70.6739,65.1588,0,0,0,56.0932,25.551,2,-0.890987
4030.6,85877.9,99.184,-0.182093,316.367,65.2588,4.28895,14032.4,0,0,1179.71,613.13,75.7452,2,71.9467,72.7797,70.7797,65.2588,0,0,0,56.093,25.5509,2,-0.83305
4030.7,85880.6,99.1838,-0.191833,316.362,65.6933,4.32982,14032.8,0,0,1186.79,615.437,76.4867,2,72.6581,73.2394,71.2394,65.6933,0,0,0,56.0928,25.5508,2,-0.581344
4030.8,85883.4,99.1854,-0.201595,316.357,66.1466,4.36723,14033.3,0,0,1193.24,617.539,77.1653,2,73.3092,73.7192,71.7192,66.1466,0,0,0,56.0927,25.5508,2,-0.409986
4030.9,85886.1,99.1875,-0.211378,316.351,66.3209,4.37548,14033.7,0,0,1194.66,618.002,77.3151,2,73.453,73.9037,71.9037,66.3209,0,0,0,56.0926,25.5507,2,-0.450689
4031,85888.9,99.1904,-0.221183,316.345,66.4277,4.38055,14034.1,0,0,1195.54,618.285,77.407,2,73.5412,74.0167,72.0167,66.4277,0,0,0,56.0925,25.5507,2,-0.475489
4031.1,85891.7,99.1937,-0.231008,316.339,66.6508,4.39113,14034.6,0,0,1197.35,618.878,77.599,2,73.7254,74.2527,72.2527,66.6508,0,0,0,56.0924,25.5506,2,-0.527303
4031.2,85894.4,99.198,-0.240853,316.332,66.7765,4.39711,14035,0,0,1198.38,619.212,77.7074,2,73.8294,74.3857,72.3857,66.7765,0,0,0,56.0922,25.5506,2,-0.556318
4031.3,85897.2,99.2024,-0.250719,316.325,66.6002,4.38876,14035.5,0,0,1196.95,618.745,77.5559,2,73.684,74.1992,72.1992,66.6002,0,0,0,56.0921,25.5505,2,-0.515174
4031.4,85899.9,99.2067,-0.260604,316.318,66.2971,4.3744,14035.9,0,0,1194.48,617.941,77.2955,2,73.4341,73.8784,71.8784,66.2971,0,0,0,56.092,25.5505,2,-0.444251
4031.5,85902.7,99.2106,-0.270508,316.311,66.2532,4.37233,14036.3,0,0,1194.12,617.825,77.2579,2,73.398,73.8319,71.8319,66.2532,0,0,0,56.0918,25.5504,2,-0.433809
4031.6,85905.4,99.2154,-0.28043,316.303,66.5364,4.38575,14036.8,0,0,1196.43,618.577,77.5014,2,73.6318,74.1316,72.1316,66.5364,0,0,0,56.0917,25.5503,2,-0.499835
4031.7,85908.2,99.221,-0.290371,316.296,66.5592,4.38684,14037.2,0,0,1196.62,618.638,77.5211,2,73.6507,74.1556,72.1556,66.5592,0,0,0,56.0916,25.5503,2,-0.504959
4031.8,85910.9,99.2265,-0.300329,316.287,66.3811,4.37841,14037.6,0,0,1195.17,618.166,77.3682,2,73.5039,73.9672,71.9672,66.3811,0,0,0,56.0915,25.5502,2,-0.463247
4031.9,85913.7,99.232,-0.310305,316.279,66.3293,4.37596,14038.1,0,0,1194.75,618.029,77.3238,2,73.4613,73.9123,71.9123,66.3293,0,0,0,56.0914,25.5502,2,-0.450966
4032,85916.5,99.238,-0.320298,316.27,66.3571,4.37729,14038.5,0,0,1194.98,618.103,77.3479,2,73.4844,73.9417,71.9417,66.3571,0,0,0,56.0912,25.5501,2,-0.457316
4032.1,85919.2,99.2443,-0.330307,316.261,66.2579,4.3726,14039,0,0,1194.17,617.84,77.2628,2,73.4028,73.8367,71.8367,66.2579,0,0,0,56.0911,25.5501,2,-0.433945
4032.2,85922,99.2506,-0.340333,316.252,66.0786,4.36412,14039.4,0,0,1192.71,617.365,77.1089,2,73.2552,73.6469,71.6469,66.0786,0,0,0,56.091,25.55,2,-0.391716
4032.3,85924.7,99.2568,-0.350374,316.243,65.8989,4.34948,14039.8,0,0,1190.18,616.543,76.8433,2,73.0003,73.4567,71.4567,65.8989,0,0,0,56.0909,25.5499,2,-0.456423
4032.4,85927.5,99.263,-0.36043,316.233,65.719,4.33252,14040.3,0,0,1187.26,615.589,76.5356,2,72.7051,73.2663,71.2663,65.719,0,0,0,56.0908,25.5499,2,-0.561222
4032.5,85930.2,99.2692,-0.370502,316.223,65.231,4.28666,14040.7,0,0,1179.31,613.001,75.7038,2,71.9069,72.7499,70.7499,65.231,0,0,0,56.0905,25.5498,2,-0.842971
4032.6,85933,99.2742,-0.380587,316.212,64.5596,4.24851,14041.1,0,0,1172.67,610.838,75.0116,2,71.2428,72.0415,70.0415,64.5596,0,0,0,56.0903,25.5498,2,-0.798627
4032.7,85935.8,99.2785,-0.390687,316.202,64.0556,4.22513,14041.5,0,0,1168.58,609.507,74.5874,2,70.8358,71.5103,69.5103,64.0556,0,0,0,56.0902,25.5497,2,-0.67446
4032.8,85938.5,99.2822,-0.4008,316.191,63.4154,4.19551,14042,0,0,1163.39,607.816,74.05,2,70.3202,70.8355,68.8355,63.4154,0,0,0,56.09,25.5497,2,-0.515264
4032.9,85941.3,99.2847,-0.410925,316.18,62.9149,4.16446,14042.4,0,0,1157.12,606.494,73.4908,2,69.7811,70.308,68.308,62.9149,0,0,0,56.0899,25.5496,2,-0.526868
4033,85944,99.2872,-0.421064,316.168,63.0414,4.174,14042.8,0,0,1159.17,606.829,73.662,2,69.9466,70.4413,68.4413,63.0414,0,0,0,56.0898,25.5495,2,-0.494714
4033.1,85946.8,99.2909,-0.431214,316.156,63.3508,4.19256,14043.2,0,0,1162.87,607.647,73.9964,2,70.2688,70.7674,68.7674,63.3508,0,0,0,56.0896,25.5495,2,-0.498628
4033.2,85949.6,99.2953,-0.441376,316.144,63.4923,4.19911,14043.6,0,0,1164.02,608.021,74.1152,2,70.3828,70.9166,68.9166,63.4923,0,0,0,56.0895,25.5494,2,-0.533791
4033.3,85952.3,99.3001,-0.451549,316.132,63.7696,4.21194,14044.1,0,0,1166.27,608.755,74.3481,2,70.6062,71.2088,69.2088,63.7696,0,0,0,56.0893,25.5494,2,-0.602585
4033.4,85955.1,99.3062,-0.461734,316.119,63.9067,4.2183,14044.5,0,0,1167.38,609.117,74.4634,2,70.7169,71.3533,69.3533,63.9067,0,0,0,56.0892,25.5493,2,-0.636365
4033.5,85957.8,99.3122,-0.471929,316.107,63.7241,4.20985,14044.9,0,0,1165.9,608.636,74.3102,2,70.5699,71.1608,69.1608,63.7241,0,0,0,56.089,25.5493,2,-0.590868
4033.6,85960.6,99.3183,-0.482135,316.093,63.5412,4.20141,14045.3,0,0,1164.42,608.153,74.157,2,70.4229,70.968,68.968,63.5412,0,0,0,56.0889,25.5492,2,-0.54519
4033.7,85963.3,99.3243,-0.492351,316.08,63.3582,4.19296,14045.7,0,0,1162.94,607.67,74.0037,2,70.2758,70.7751,68.7751,63.3582,0,0,0,56.0888,25.5491,2,-0.499332
4033.8,85966.1,99.3302,-0.502577,316.066,63.175,4.1842,14046.2,0,0,1161.37,607.186,73.845,2,70.1234,70.582,68.582,63.175,0,0,0,56.0886,25.5491,2,-0.458571
4033.9,85968.9,99.3362,-0.512811,316.052,62.9916,4.17039,14046.6,0,0,1158.4,606.702,73.5972,2,69.8839,70.3887,68.3887,62.9916,0,0,0,56.0885,25.549,2,-0.504725
4034,85971.6,99.3421,-0.523055,316.038,62.808,4.15658,14047,0,0,1155.42,606.218,73.3495,2,69.6445,70.1951,68.1951,62.808,0,0,0,56.0884,25.549,2,-0.550608
4034.1,85974.4,99.3481,-0.533307,316.023,62.6242,4.14278,14047.4,0,0,1152.44,605.733,73.1018,2,69.4052,70.0014,68.0014,62.6242,0,0,0,56.0882,25.5489,2,-0.596218
4034.2,85977.1,99.354,-0.543568,316.008,62.4403,4.12899,14047.8,0,0,1149.46,605.247,72.8543,2,69.166,69.8076,67.8076,62.4403,0,0,0,56.088,25.5489,2,-0.641551
4034.3,85979.9,99.3598,-0.553836,315.993,62.2562,4.11558,14048.2,0,0,1146.48,604.762,72.6069,2,68.9269,69.6135,67.6135,62.2562,0,0,0,56.0879,25.5488,2,-0.686607
4034.4,85982.7,99.3657,-0.564112,315.978,62.072,4.10659,14048.6,0,0,1144.82,604.276,72.4439,2,68.7703,69.4193,67.4193,62.072,0,0,0,56.0877,25.5487,2,-0.648998
4034.5,85985.4,99.3715,-0.574395,315.962,61.8876,4.09808,14049,0,0,1143.33,603.789,72.2911,2,68.6237,69.225,67.225,61.8876,0,0,0,56.0875,25.5487,2,-0.601213
4034.6,85988.2,99.3774,-0.584685,315.946,61.7031,4.08958,14049.5,0,0,1141.83,603.302,72.1383,2,68.4772,69.0304,67.0304,61.7031,0,0,0,56.0874,25.5486,2,-0.553259
4034.7,85990.9,99.3832,-0.594981,315.93,61.5184,4.08108,14049.9,0,0,1140.34,602.815,71.9856,2,68.3307,68.8358,66.8358,61.5184,0,0,0,56.0873,25.5486,2,-0.505138
4034.8,85993.7,99.3889,-0.605283,315.913,61.1385,4.06119,14050.3,0,0,1137.26,601.419,71.6249,2,67.986,68.4354,66.4354,61.1385,0,0,0,56.0872,25.5485,2,-0.449318
4034.9,85996.5,99.394,-0.615591,315.896,59.7303,3.96684,14050.7,0,0,1120.89,595.586,69.9098,2,66.3427,66.9511,64.9511,59.7303,0,0,0,56.087,25.5485,2,-0.608456
4035,85999.2,99.3951,-0.625904,315.879,57.016,3.79419,14051,0,0,1088.43,585.91,66.7818,2,63.3392,64.0901,62.0901,57.016,0,0,0,56.0868,25.5484,2,-0.75092
4035.1,86002,99.3905,-0.636222,315.862,53.5091,3.5744,14051.4,0,0,1044.62,574.148,62.8072,2,59.5186,60.3972,58.3972,53.5091,0,0,0,56.0866,25.5484,2,-0.878548
4035.2,86004.7,99.379,-0.646543,315.844,49.9007,3.36857,14051.7,0,0,1007.77,559.666,59.0633,2,55.9376,56.6089,54.6089,49.9007,0,0,0,56.0864,25.5483,2,-0.671351
4035.3,86007.5,99.3614,-0.656866,315.826,46.8021,3.16406,14052.1,0,0,967.343,546.479,55.3583,2,52.3859,53.356,51.356,46.8021,0,0,0,56.0861,25.5482,2,-0.970177
4035.4,86010.3,99.3389,-0.667191,315.808,44.8051,3.04658,14052.4,0,0,943.516,538.72,53.2281,2,50.3441,51.2596,49.2596,44.8051,0,0,0,56.0859,25.5482,2,-0.915568
4035.5,86013,99.3146,-0.677517,315.789,43.8038,2.99666,14052.7,0,0,935.429,534.111,52.3204,2,49.4808,50.2086,48.2086,43.8038,0,0,0,56.0857,25.5481,2,-0.727868
4035.6,86015.8,99.2892,-0.687843,315.771,42.8848,2.93653,14053,0,0,925.264,528.662,51.2239,2,48.4371,49.2454,47.2454,42.8848,0,0,0,56.0855,25.5481,2,-0.808346
4035.7,86018.5,99.2623,-0.698169,315.751,42.1881,2.89192,14053.2,0,0,914.712,526.396,50.4226,2,47.6653,48.516,46.516,42.1881,0,0,0,56.0853,25.548,2,-0.850655
4035.8,86021.3,99.235,-0.708494,315.732,41.9227,2.8747,14053.5,0,0,912.576,524.31,50.1056,2,47.3661,48.2382,46.2382,41.9227,0,0,0,56.0851,25.548,2,-0.872123
4035.9,86024.1,99.2079,-0.718819,315.712,42.1354,2.88856,14053.8,0,0,914.295,525.989,50.3607,2,47.6069,48.4611,46.4611,42.1354,0,0,0,56.0849,25.5479,2,-0.854242
4036,86026.8,99.1824,-0.729143,315.692,42.6208,2.91975,14054.1,0,0,921.038,527.974,50.9235,2,48.1469,48.9695,46.9695,42.6208,0,0,0,56.0846,25.5478,2,-0.822515
4036.1,86029.6,99.158,-0.739466,315.672,43.3247,2.96508,14054.4,0,0,931.581,530.352,51.7385,2,48.9315,49.7067,47.7067,43.3247,0,0,0,56.0844,25.5478,2,-0.775223
4036.2,86032.3,99.1359,-0.749788,315.652,43.678,2.98853,14054.7,0,0,934.44,533.144,52.1705,2,49.3393,50.0777,48.0777,43.678,0,0,0,56.0842,25.5477,2,-0.738403
4036.3,86035.1,99.1137,-0.760108,315.631,44.0344,3.01227,14055,0,0,937.324,535.962,52.608,2,49.7523,50.452,48.452,44.0344,0,0,0,56.0841,25.5477,2,-0.699695
4036.4,86037.8,99.0938,-0.770427,315.61,44.4821,3.03431,14055.3,0,0,940.945,537.882,53.0005,2,50.1259,50.9221,48.9221,44.4821,0,0,0,56.0839,25.5476,2,-0.796171
4036.5,86040.6,99.0741,-0.780745,315.589,44.1277,3.01899,14055.6,0,0,938.084,536.705,52.7237,2,49.8615,50.5502,48.5502,44.1277,0,0,0,56.0837,25.5476,2,-0.688665
4036.6,86043.3,99.0537,-0.79106,315.567,44.0197,3.01138,14055.9,0,0,937.215,535.856,52.5915,2,49.7367,50.437,48.437,44.0197,0,0,0,56.0835,25.5475,2,-0.700233
4036.7,86046.1,99.0344,-0.801374,315.545,44.1057,3.01741,14056.2,0,0,937.913,536.537,52.6976,2,49.8369,50.5273,48.5273,44.1057,0,0,0,56.0833,25.5474,2,-0.690419
4036.8,86048.8,99.0152,-0.811685,315.523,42.5861,2.91774,14056.5,0,0,920.531,527.891,50.8876,2,48.1122,48.934,46.934,42.5861,0,0,0,56.0831,25.5474,2,-0.821809
4036.9,86051.6,98.9909,-0.821993,315.5,39.8696,2.75082,14056.8,0,0,888.366,514.466,47.8605,2,45.2212,46.0887,44.0887,39.8696,0,0,0,56.0829,25.5473,2,-0.867546
4037,86054.3,98.9621,-0.832298,315.478,38.1094,2.64717,14057,0,0,866.481,506.832,45.9888,2,43.4295,44.2447,42.2447,38.1094,0,0,0,56.0827,25.5473,2,-0.8152
4037.1,86057.1,98.9319,-0.842599,315.455,36.9061,2.57335,14057.3,0,0,852.014,500.453,44.6517,2,42.1539,42.9836,40.9836,36.9061,0,0,0,56.0825,25.5472,2,-0.829695
4037.2,86059.8,98.8994,-0.852896,315.431,35.6811,2.49904,14057.6,0,0,839.202,492.707,43.2996,2,40.8699,41.6995,39.6995,35.6811,0,0,0,56.0822,25.5472,2,-0.829603
4037.3,86062.6,98.8655,-0.863188,315.408,34.9499,2.45547,14057.8,0,0,828.14,490.303,42.5203,2,40.1197,40.9326,38.9326,34.9499,0,0,0,56.082,25.5471,2,-0.812853
4037.4,86065.3,98.8311,-0.873474,315.384,34.777,2.4452,14058,0,0,825.343,489.847,42.3373,2,39.943,40.7505,38.7505,34.777,0,0,0,56.0818,25.5471,2,-0.807525
4037.5,86068.1,98.7973,-0.883755,315.36,35.2986,2.47612,14058.3,0,0,833.754,491.217,42.8884,2,40.4751,41.2965,39.2965,35.2986,0,0,0,56.0816,25.547,2,-0.821367
4037.6,86070.8,98.7658,-0.894031,315.335,36.186,2.52958,14058.5,0,0,843.266,496.677,43.8598,2,41.3982,42.226,40.226,36.186,0,0,0,56.0814,25.5469,2,-0.827775
4037.7,86073.6,98.7363,-0.904301,315.311,37.5245,2.61085,14058.8,0,0,861.759,502.219,45.3218,2,42.8004,43.6288,41.6288,37.5245,0,0,0,56.0812,25.5469,2,-0.828389
4037.8,86076.3,98.7108,-0.914566,315.286,39.2743,2.71936,14059.1,0,0,882.533,511.684,47.2892,2,44.6767,45.4631,43.4631,39.2743,0,0,0,56.081,25.5468,2,-0.786445
4037.9,86079,98.6888,-0.924826,315.261,39.975,2.75625,14059.4,0,0,889.232,515.031,47.9597,2,45.3154,46.1978,44.1978,39.975,0,0,0,56.0808,25.5468,2,-0.882415
4038,86081.8,98.6668,-0.935081,315.235,39.0952,2.70829,14059.6,0,0,879.648,511.215,47.0913,2,44.4855,45.275,43.275,39.0952,0,0,0,56.0806,25.5467,2,-0.789446
4038.1,86084.5,98.6423,-0.94533,315.209,37.5134,2.61018,14059.9,0,0,861.671,502.133,45.3094,2,42.7887,43.6159,41.6159,37.5134,0,0,0,56.0803,25.5467,2,-0.827229
4038.2,86087.3,98.615,-0.955574,315.183,35.8687,2.51026,14060.1,0,0,840.698,494.169,43.5055,2,41.0641,41.8904,39.8904,35.8687,0,0,0,56.0801,25.5466,2,-0.826285
4038.3,86090,98.585,-0.965811,315.157,34.4476,2.42326,14060.4,0,0,819.981,488.47,41.944,2,39.5651,40.3991,38.3991,34.4476,0,0,0,56.0799,25.5465,2,-0.833956
4038.4,86092.7,98.5532,-0.976042,315.13,34.0107,2.39227,14060.6,0,0,812.917,486.17,41.3869,2,39.0315,39.9399,37.9399,34.0107,0,0,0,56.0797,25.5465,2,-0.908422
4038.5,86095.5,98.5224,-0.986266,315.103,34.5797,2.43259,14060.9,0,0,822.102,489.161,42.112,2,39.726,40.5361,38.5361,34.5797,0,0,0,56.0795,25.5464,2,-0.810103
4038.6,86098.2,98.4936,-0.996483,315.076,35.56,2.49154,14061.1,0,0,837.934,491.897,43.1631,2,40.7404,41.5641,39.5641,35.56,0,0,0,56.0793,25.5464,2,-0.823622
4038.7,86100.9,98.4674,-1.00669,315.049,36.9685,2.57704,14061.4,0,0,852.997,500.613,44.7175,2,42.2175,43.0418,41.0418,36.9685,0,0,0,56.079,25.5463,2,-0.824293
4038.8,86103.7,98.4448,-1.0169,315.021,39.0242,2.70397,14061.6,0,0,878.522,511.031,47.0142,2,44.411,45.199,43.199,39.0242,0,0,0,56.0788,25.5463,2,-0.787969
4038.9,86106.4,98.4274,-1.02709,314.993,41.5102,2.8485,14061.9,0,0,909.317,521.126,49.6234,2,46.911,47.8082,45.8082,41.5102,0,0,0,56.0786,25.5462,2,-0.89714
4039,86109.1,98.4151,-1.03728,314.965,43.4338,2.97331,14062.2,0,0,932.586,531.334,51.8902,2,49.0747,49.8272,47.8272,43.4338,0,0,0,56.0784,25.5462,2,-0.752541
4039.1,86111.9,98.4058,-1.04747,314.937,43.9761,3.00936,14062.5,0,0,936.971,535.617,52.5544,2,49.7017,50.3965,48.3965,43.9761,0,0,0,56.0782,25.5461,2,-0.694775
4039.2,86114.6,98.3964,-1.05765,314.908,43.3418,2.96727,14062.8,0,0,931.85,530.614,51.7789,2,48.9697,49.7309,47.7309,43.3418,0,0,0,56.078,25.546,2,-0.761213
4039.3,86117.3,98.3854,-1.06783,314.879,41.7478,2.86426,14063.1,0,0,911.28,523.044,49.9136,2,47.1849,48.0578,46.0578,41.7478,0,0,0,56.0778,25.546,2,-0.872878
4039.4,86120.1,98.3706,-1.07799,314.85,39.7232,2.7437,14063.4,0,0,887.229,513.726,47.7304,2,45.0978,45.9322,43.9322,39.7232,0,0,0,56.0776,25.5459,2,-0.834444
4039.5,86122.8,98.3526,-1.08815,314.82,37.9509,2.63742,14063.6,0,0,865.216,505.596,45.8096,2,43.2605,44.0715,42.0715,37.9509,0,0,0,56.0774,25.5459,2,-0.811012
4039.6,86125.5,98.3318,-1.09831,314.79,37.021,2.58029,14063.9,0,0,853.862,500.753,44.7755,2,42.2734,43.0948,41.0948,37.021,0,0,0,56.0772,25.5458,2,-0.821411
4039.7,86128.3,98.311,-1.10846,314.76,37.1561,2.58849,14064.2,0,0,856.047,501.109,44.9219,2,42.4149,43.2364,41.2364,37.1561,0,0,0,56.077,25.5458,2,-0.821519
4039.8,86131,98.2915,-1.1186,314.73,37.9179,2.63538,14064.4,0,0,864.952,505.338,45.7722,2,43.2252,44.0361,42.0361,37.9179,0,0,0,56.0768,25.5457,2,-0.810882
4039.9,86133.7,98.2745,-1.12873,314.699,39.1574,2.71238,14064.7,0,0,880.717,511.389,47.1646,2,44.5563,45.3377,43.3377,39.1574,0,0,0,56.0765,25.5456,2,-0.781439
4040,86136.5,98.2605,-1.13885,314.668,40.0186,2.75875,14065,0,0,889.63,515.289,48.0053,2,45.3586,46.2421,44.2421,40.0186,0,0,0,56.0763,25.5456,2,-0.883448
4040.1,86139.2,98.2476,-1.14897,314.637,40.0689,2.76132,14065.2,0,0,890.039,515.556,48.0523,2,45.4032,46.2949,44.2949,40.0689,0,0,0,56.0761,25.5455,2,-0.891709
4040.2,86141.9,98.2346,-1.15908,314.605,39.3772,2.72609,14065.5,0,0,884.285,511.97,47.4094,2,44.7928,45.5684,43.5684,39.3772,0,0,0,56.0759,25.5455,2,-0.775577
4040.3,86144.7,98.2197,-1.16919,314.573,38.2507,2.6562,14065.8,0,0,867.651,507.975,46.1547,2,43.5859,44.385,42.385,38.2507,0,0,0,56.0757,25.5454,2,-0.799032
4040.4,86147.4,98.2032,-1.17929,314.541,36.3845,2.54168,14066,0,0,844.869,498.243,44.0818,2,41.6075,42.4244,40.4244,36.3845,0,0,0,56.0755,25.5454,2,-0.816877
4040.5,86150.1,98.1819,-1.18937,314.509,34.6522,2.43755,14066.3,0,0,823.257,489.508,42.2011,2,39.8114,40.6041,38.6041,34.6522,0,0,0,56.0753,25.5453,2,-0.792731
4040.6,86152.8,98.1595,-1.19946,314.476,33.9238,2.38595,14066.5,0,0,811.472,485.699,41.2733,2,38.9227,39.8383,37.8383,33.9238,0,0,0,56.075,25.5453,2,-0.915604
4040.7,86155.6,98.1362,-1.20953,314.444,33.612,2.36485,14066.8,0,0,807.059,483.849,40.8925,2,38.5593,39.5101,37.5101,33.612,0,0,0,56.0748,25.5452,2,-0.950833
4040.8,86158.3,98.1134,-1.21959,314.411,33.9833,2.39013,14067,0,0,812.429,486.011,41.3485,2,38.9947,39.8997,37.8997,33.9833,0,0,0,56.0746,25.5451,2,-0.904952
4040.9,86161,98.0924,-1.22965,314.377,35.1048,2.46441,14067.2,0,0,830.572,490.699,42.6796,2,40.2735,41.0777,39.0777,35.1048,0,0,0,56.0743,25.5451,2,-0.804174
4041,86163.7,98.0747,-1.2397,314.344,36.8465,2.56978,14067.5,0,0,851.061,500.297,44.5879,2,42.0923,42.9078,40.9078,36.8465,0,0,0,56.0741,25.545,2,-0.815533
4041.1,86166.5,98.0611,-1.24974,314.31,38.8121,2.69116,14067.8,0,0,875.178,510.487,46.7853,2,44.19,44.9736,42.9736,38.8121,0,0,0,56.0739,25.545,2,-0.78365
4041.2,86169.2,98.0518,-1.25977,314.275,40.5102,2.78591,14068,0,0,894.969,517.467,48.4974,2,45.8287,46.7584,44.7584,40.5102,0,0,0,56.0737,25.5449,2,-0.929654
4041.3,86171.9,98.0455,-1.2698,314.241,41.09,2.82246,14068.3,0,0,904.357,518.995,49.151,2,46.46,47.3678,45.3678,41.09,0,0,0,56.0735,25.5449,2,-0.90781
4041.4,86174.6,98.0391,-1.27982,314.206,41.1155,2.82409,14068.6,0,0,904.776,519.064,49.1802,2,46.4882,47.3946,45.3946,41.1155,0,0,0,56.0732,25.5448,2,-0.906397
4041.5,86177.4,98.0336,-1.28983,314.171,41.2078,2.82995,14068.9,0,0,906.276,519.308,49.2849,2,46.5894,47.4916,45.4916,41.2078,0,0,0,56.073,25.5447,2,-0.902291
4041.6,86180.1,98.0282,-1.29983,314.136,41.8035,2.86851,14069.2,0,0,911.808,523.559,49.9916,2,47.2586,48.1179,46.1179,41.8035,0,0,0,56.0728,25.5447,2,-0.859306
4041.7,86182.8,98.0258,-1.30983,314.101,42.7215,2.9279,14069.5,0,0,923.093,528.309,51.0695,2,48.2879,49.0829,47.0829,42.7215,0,0,0,56.0726,25.5446,2,-0.794901
4041.8,86185.5,98.0247,-1.31982,314.065,43.8043,2.99875,14069.8,0,0,935.682,534.358,52.3588,2,49.517,50.2193,48.2193,43.8043,0,0,0,56.0724,25.5446,2,-0.702313
4041.9,86188.2,98.0271,-1.32981,314.029,45.3558,3.07957,14070.1,0,0,950.28,540.922,53.8289,2,50.9199,51.8474,49.8474,45.3558,0,0,0,56.0721,25.5445,2,-0.927508
4042,86191,98.0326,-1.33979,313.992,46.4317,3.15042,14070.4,0,0,964.604,545.587,55.1114,2,52.1493,52.9765,50.9765,46.4317,0,0,0,56.0719,25.5445,2,-0.827271
4042.1,86193.7,98.0398,-1.34976,313.956,46.7451,3.16304,14070.7,0,0,967.138,546.412,55.3398,2,52.3681,53.3053,51.3053,46.7451,0,0,0,56.0717,25.5444,2,-0.937209
4042.2,86196.4,98.0471,-1.35973,313.919,46.8196,3.16605,14071,0,0,967.742,546.609,55.3943,2,52.4204,53.3834,51.3834,46.8196,0,0,0,56.0714,25.5444,2,-0.963037
4042.3,86199.1,98.0553,-1.3697,313.882,46.7906,3.16489,14071.3,0,0,967.511,546.533,55.3734,2,52.4004,53.3529,51.3529,46.7906,0,0,0,56.0712,25.5443,2,-0.952578
4042.4,86201.9,98.0631,-1.37965,313.844,46.1611,3.13961,14071.7,0,0,962.428,544.878,54.9157,2,51.9616,52.6923,50.6923,46.1611,0,0,0,56.071,25.5442,2,-0.730649
4042.5,86204.6,98.0694,-1.38961,313.806,45.3892,3.08238,14072,0,0,950.852,541.108,53.8798,2,50.9687,51.8822,49.8822,45.3892,0,0,0,56.0708,25.5442,2,-0.913553
4042.6,86207.3,98.075,-1.39955,313.768,44.0805,3.0176,14072.3,0,0,937.933,536.557,52.7007,2,49.8398,50.5088,48.5088,44.0805,0,0,0,56.0706,25.5441,2,-0.668965
4042.7,86210,98.0769,-1.40949,313.73,42.5038,2.91412,14072.6,0,0,919.619,527.743,50.8228,2,48.0497,48.8536,46.8536,42.5038,0,0,0,56.0704,25.5441,2,-0.803921
4042.8,86212.8,98.077,-1.41943,313.692,41.0829,2.82233,14072.8,0,0,904.325,518.99,49.1487,2,46.4578,47.3602,45.3602,41.0829,0,0,0,56.0702,25.544,2,-0.902392
4042.9,86215.5,98.0742,-1.42936,313.653,39.5236,2.73416,14073.1,0,0,885.704,512.733,47.5563,2,44.9326,45.7214,43.7214,39.5236,0,0,0,56.0699,25.544,2,-0.788871
4043,86218.2,98.069,-1.43928,313.614,37.6458,2.61901,14073.4,0,0,862.822,503.257,45.4716,2,42.9416,43.7478,41.7478,37.6458,0,0,0,56.0697,25.5439,2,-0.806188
4043.1,86220.9,98.0596,-1.44919,313.574,36.0507,2.52176,14073.6,0,0,842.227,495.662,43.7163,2,41.2629,42.0713,40.0713,36.0507,0,0,0,56.0695,25.5438,2,-0.808434
4043.2,86223.7,98.049,-1.4591,313.535,34.2367,2.40858,14073.9,0,0,816.64,487.382,41.6801,2,39.3123,40.1644,38.1644,34.2367,0,0,0,56.0693,25.5438,2,-0.85214
4043.3,86226.4,98.0333,-1.469,313.495,31.6983,2.25305,14074.1,0,0,783.234,473.998,38.8774,2,36.6359,37.4946,35.4946,31.6983,0,0,0,56.0691,25.5437,2,-0.858689
4043.4,86229.1,98.0137,-1.47889,313.455,29.3389,2.10347,14074.3,0,0,752.64,459.025,36.1787,2,34.067,35.0074,33.0074,29.3389,0,0,0,56.0688,25.5437,2,-0.940369
4043.5,86231.8,97.9897,-1.48878,313.414,27.6138,1.99562,14074.5,0,0,724.644,451.416,34.2555,2,32.2214,33.1886,31.1886,27.6138,0,0,0,56.0686,25.5436,2,-0.96713
4043.6,86234.5,97.9642,-1.49865,313.374,26.2118,1.89892,14074.7,0,0,701.889,442.498,32.5244,2,30.5689,31.7102,29.7102,26.2118,0,0,0,56.0683,25.5436,2,-1.14121
4043.7,86237.3,97.9357,-1.50852,313.333,24.6886,1.81386,14074.9,0,0,700,422.083,30.9403,2,29.1086,30.104,28.104,24.6886,0,0,0,56.068,25.5435,2,-0.995383
4043.8,86240,97.9051,-1.51838,313.292,23.8653,1.76613,14075.1,0,0,700,409.907,30.0478,2,28.2863,29.2353,27.2353,23.8653,0,0,0,56.0678,25.5435,2,-0.948973
4043.9,86242.7,97.8742,-1.52823,313.25,23.1205,1.72617,14075.2,0,0,700,399.714,29.3006,2,27.5965,28.4494,26.4494,23.1205,0,0,0,56.0676,25.5434,2,-0.852896
4044,86245.4,97.8416,-1.53807,313.209,22.0722,1.66099,14075.4,0,0,700,383.086,28.0817,2,26.4686,27.3435,25.3435,22.0722,0,0,0,56.0674,25.5433,2,-0.874964
4044.1,86248.1,97.8075,-1.5479,313.167,20.6636,1.57373,14075.6,0,0,700,360.829,26.4501,2,24.9535,25.8633,23.8633,20.6636,0,0,0,56.0671,25.5433,2,-0.909864
4044.2,86250.9,97.7703,-1.55773,313.124,18.4932,1.54628,14075.7,0,0,700,353.827,25.9368,2,24.4756,23.5914,21.5914,18.4932,0,0,0,56.0673,25.5432,2,0.884167
4044.3,86253.6,97.7286,-1.56754,313.082,16.0905,1.54628,14075.9,0,0,700,353.827,25.9368,2,24.4756,21.0764,19.0764,16.0905,0,0,0,56.0682,25.5432,2,3.3992
4044.4,86256.3,97.683,-1.57735,313.039,14.1118,1.54628,14076,0,0,700,353.827,25.9368,2,24.4756,19.0047,17.0047,14.1118,0,0,0,56.0695,25.5431,2,5.4709
4044.5,86259,97.6345,-1.58714,312.996,12.5079,1.54628,14076.2,0,0,700,353.827,25.9368,2,24.4756,17.3251,15.3251,12.5079,0,0,0,56.0712,25.5431,2,7.15047
4044.6,86261.7,97.5836,-1.59693,312.953,11.6381,1.54628,14076.3,0,0,700,353.827,25.9368,2,24.4756,16.4134,14.4134,11.6381,0,0,0,56.0732,25.5431,2,8.06219
4044.7,86264.4,97.5327,-1.6067,312.91,12.2789,1.54628,14076.5,0,0,700,353.827,25.9368,2,24.4756,17.0821,15.0821,12.2789,0,0,0,56.075,25.543,2,7.39349
4044.8,86267.1,97.4851,-1.61647,312.866,13.3181,1.54628,14076.6,0,0,700,353.827,25.9368,2,24.4756,18.1678,16.1678,13.3181,0,0,0,56.0765,25.543,2,6.3078
4044.9,86269.8,97.4391,-1.62622,312.822,14.5565,1.54628,14076.8,0,0,700,353.827,25.9368,2,24.4756,19.4618,17.4618,14.5565,0,0,0,56.0777,25.5429,2,5.01377
4045,86272.5,97.3972,-1.63597,312.778,16.1879,1.54628,14076.9,0,0,700,353.827,25.9368,2,24.4756,21.1672,19.1672,16.1879,0,0,0,56.0785,25.5429,2,3.30835
4045.1,86275.2,97.3583,-1.64571,312.734,17.5548,1.54628,14077.1,0,0,700,353.827,25.9368,2,24.4756,22.596,20.596,17.5548,0,0,0,56.079,25.5428,2,1.8796
4045.2,86278,97.3226,-1.65544,312.689,18.6143,1.54628,14077.3,0,0,700,353.827,25.9368,2,24.4756,23.7033,21.7033,18.6143,0,0,0,56.0792,25.5428,2,0.772339
4045.3,86280.7,97.2887,-1.66516,312.644,19.4297,1.54628,14077.4,0,0,700,353.827,25.9368,2,24.4756,24.5552,22.5552,19.4297,0,0,0,56.0792,25.5427,2,-0.0796493
4045.4,86283.4,97.2569,-1.67488,312.599,20.0479,1.54628,14077.6,0,0,700,353.827,25.9368,2,24.4756,25.201,23.201,20.0479,0,0,0,56.079,25.5427,2,-0.725381
4045.5,86286.1,97.2262,-1.68458,312.554,19.7295,1.54628,14077.7,0,0,700,353.827,25.9368,2,24.4756,24.8669,22.8669,19.7295,0,0,0,56.0789,25.5426,2,-0.391271
4045.6,86288.8,97.194,-1.69428,312.508,18.6539,1.54628,14077.9,0,0,700,353.827,25.9368,2,24.4756,23.7405,21.7405,18.6539,0,0,0,56.0791,25.5426,2,0.735078
4045.7,86291.5,97.1599,-1.70398,312.462,17.8455,1.54628,14078,0,0,700,353.827,25.9368,2,24.4756,22.8936,20.8936,17.8455,0,0,0,56.0794,25.5425,2,1.58199
4045.8,86294.2,97.1254,-1.71367,312.416,17.2145,1.54628,14078.2,0,0,700,353.827,25.9368,2,24.4756,22.2323,20.2323,17.2145,0,0,0,56.08,25.5424,2,2.24333
4045.9,86296.9,97.0897,-1.72334,312.37,15.9606,1.54628,14078.3,0,0,700,353.827,25.9368,2,24.4756,20.9193,18.9193,15.9606,0,0,0,56.0808,25.5424,2,3.55628
4046,86299.5,97.0511,-1.73302,312.323,15.386,1.54628,14078.5,0,0,700,353.827,25.9368,2,24.4756,20.3169,18.3169,15.386,0,0,0,56.0819,25.5423,2,4.15871
4046.1,86302.2,97.014,-1.74268,312.276,15.768,1.54628,14078.6,0,0,700,353.827,25.9368,2,24.4756,20.7153,18.7153,15.768,0,0,0,56.0828,25.5423,2,3.76031
4046.2,86304.9,96.9778,-1.75234,312.229,15.975,1.54628,14078.8,0,0,700,353.827,25.9368,2,24.4756,20.9307,18.9307,15.975,0,0,0,56.0836,25.5422,2,3.54493
4046.3,86307.6,96.9423,-1.76199,312.182,16.0359,1.54628,14079,0,0,700,353.827,25.9368,2,24.4756,20.9932,18.9932,16.0359,0,0,0,56.0845,25.5422,2,3.4824
4046.4,86310.3,96.9071,-1.77164,312.134,16.0823,1.54628,14079.1,0,0,700,353.827,25.9368,2,24.4756,21.0406,19.0406,16.0823,0,0,0,56.0853,25.5421,2,3.43502
4046.5,86313,96.8726,-1.78128,312.087,15.9955,1.54628,14079.3,0,0,700,353.827,25.9368,2,24.4756,20.9486,18.9486,15.9955,0,0,0,56.0862,25.5421,2,3.52703
4046.6,86315.7,96.8379,-1.79091,312.039,16.1943,1.54628,14079.4,0,0,700,353.827,25.9368,2,24.4756,21.1554,19.1554,16.1943,0,0,0,56.087,25.542,2,3.32021
4046.7,86318.4,96.805,-1.80054,311.99,17.331,1.54628,14079.6,0,0,700,353.827,25.9368,2,24.4756,22.3436,20.3436,17.331,0,0,0,56.0875,25.542,2,2.13202
4046.8,86321.1,96.7755,-1.81017,311.942,18.7857,1.54628,14079.7,0,0,700,353.827,25.9368,2,24.4756,23.8646,21.8646,18.7857,0,0,0,56.0876,25.5419,2,0.611036
4046.9,86323.8,96.7491,-1.81978,311.893,20.0312,1.54628,14079.9,0,0,700,353.827,25.9368,2,24.4756,25.1667,23.1667,20.0312,0,0,0,56.0875,25.5419,2,-0.691139
4047,86326.5,96.7252,-1.8294,311.844,20.748,1.57486,14080,0,0,700,361.116,26.4712,2,24.9731,25.9159,23.9159,20.748,0,0,0,56.0872,25.5418,2,-0.942818
4047.1,86329.1,96.7024,-1.83901,311.795,20.7845,1.57709,14080.2,0,0,700,361.684,26.5128,2,25.0118,25.9533,23.9533,20.7845,0,0,0,56.087,25.5418,2,-0.94144
4047.2,86331.8,96.6794,-1.84861,311.745,20.0067,1.54628,14080.4,0,0,700,353.827,25.9368,2,24.4756,25.1388,23.1388,20.0067,0,0,0,56.0868,25.5417,2,-0.663242
4047.3,86334.5,96.6543,-1.85821,311.695,19.5031,1.54628,14080.5,0,0,700,353.827,25.9368,2,24.4756,24.6111,22.6111,19.5031,0,0,0,56.0868,25.5416,2,-0.135478
4047.4,86337.2,96.6301,-1.86781,311.645,20.2515,1.54636,14080.7,0,0,700,353.846,25.9383,2,24.4769,25.3933,23.3933,20.2515,0,0,0,56.0865,25.5416,2,-0.916353
4047.5,86339.9,96.6087,-1.87741,311.595,21.4878,1.62053,14080.8,0,0,700,372.766,27.3252,2,25.7668,26.6889,24.6889,21.4878,0,0,0,56.0863,25.5415,2,-0.9221
4047.6,86342.6,96.5901,-1.887,311.545,23.003,1.71468,14081,0,0,700,396.782,29.0857,2,27.3979,28.2852,26.2852,23.003,0,0,0,56.0861,25.5415,2,-0.887372
4047.7,86345.3,96.5754,-1.89659,311.494,24.5887,1.8034,14081.2,0,0,700,419.413,30.7446,2,28.9285,29.956,27.956,24.5887,0,0,0,56.0858,25.5414,2,-1.02758
4047.8,86347.9,96.5637,-1.90618,311.443,25.5676,1.86059,14081.4,0,0,700,434.002,31.814,2,29.9118,30.9873,28.9873,25.5676,0,0,0,56.0855,25.5414,2,-1.07546
4047.9,86350.6,96.5535,-1.91576,311.392,26.1133,1.88886,14081.5,0,0,700,441.213,32.3426,2,30.397,31.5622,29.5622,26.1133,0,0,0,56.0852,25.5413,2,-1.16519
4048,86353.3,96.5447,-1.92535,311.34,26.2302,1.89572,14081.7,0,0,701.078,442.234,32.4673,2,30.5144,31.6851,29.6851,26.2302,0,0,0,56.0849,25.5413,2,-1.17071
4048.1,86356,96.5356,-1.93493,311.288,25.7933,1.87231,14081.9,0,0,700,436.992,32.0332,2,30.113,31.2243,29.2243,25.7933,0,0,0,56.0846,25.5412,2,-1.11131
4048.2,86358.7,96.5258,-1.94451,311.236,25.7931,1.8723,14082.1,0,0,700,436.991,32.0331,2,30.113,31.2238,29.2238,25.7931,0,0,0,56.0844,25.5411,2,-1.11081
4048.3,86361.3,96.5174,-1.9541,311.184,26.153,1.89095,14082.3,0,0,700,441.748,32.3818,2,30.4329,31.6028,29.6028,26.153,0,0,0,56.084,25.5411,2,-1.16994
4048.4,86364,96.5097,-1.96368,311.132,26.3706,1.90476,14082.5,0,0,703.37,442.98,32.6285,2,30.6686,31.832,29.832,26.3706,0,0,0,56.0837,25.541,2,-1.16342
4048.5,86366.7,96.5028,-1.97326,311.079,27.4359,1.97697,14082.7,0,0,720.658,449.469,33.9201,2,31.9023,32.9544,30.9544,27.4359,0,0,0,56.0835,25.541,2,-1.0521
4048.6,86369.4,96.5,-1.98284,311.026,29.2233,2.09123,14082.9,0,0,749.667,458.057,35.9597,2,33.8574,34.8382,32.8382,29.2233,0,0,0,56.0832,25.5409,2,-0.980782
4048.7,86372.1,96.5008,-1.99243,310.972,30.3525,2.16267,14083.1,0,0,764.767,465.077,37.2462,2,35.0829,36.0283,34.0283,30.3525,0,0,0,56.083,25.5409,2,-0.945383
4048.8,86374.7,96.503,-2.00201,310.919,31.3906,2.22725,14083.3,0,0,777.154,472.018,38.4144,2,36.1926,37.1224,35.1224,31.3906,0,0,0,56.0827,25.5408,2,-0.929793
4048.9,86377.4,96.5085,-2.0116,310.865,32.1359,2.27552,14083.6,0,0,789.284,475.208,39.2777,2,37.0216,37.9099,35.9099,32.1359,0,0,0,56.0825,25.5408,2,-0.88829
4049,86380.1,96.5142,-2.02119,310.811,32.0231,2.26902,14083.8,0,0,787.455,474.911,39.1621,2,36.91,37.7907,35.7907,32.0231,0,0,0,56.0823,25.5407,2,-0.880707
4049.1,86382.8,96.5199,-2.03078,310.757,31.6539,2.24549,14084,0,0,781.454,473.419,38.7416,2,36.5059,37.4006,35.4006,31.6539,0,0,0,56.082,25.5406,2,-0.894668
4049.2,86385.5,96.5248,-2.04037,310.702,31.3403,2.22394,14084.2,0,0,776.372,471.764,38.3551,2,36.1357,37.07,35.07,31.3403,0,0,0,56.0818,25.5406,2,-0.934298
4049.3,86388.2,96.5299,-2.04997,310.647,30.6527,2.17981,14084.5,0,0,767.227,467.481,37.5592,2,35.3777,36.3456,34.3456,30.6527,0,0,0,56.0816,25.5405,2,-0.96787
4049.4,86390.8,96.5328,-2.05957,310.592,30.0935,2.14828,14084.7,0,0,762.695,463.053,36.9837,2,34.8355,35.7563,33.7563,30.0935,0,0,0,56.0813,25.5405,2,-0.920806
4049.5,86393.5,96.5363,-2.06917,310.537,30.6154,2.17775,14084.9,0,0,766.932,467.193,37.5216,2,35.3423,36.3064,34.3064,30.6154,0,0,0,56.0811,25.5404,2,-0.96414
4049.6,86396.2,96.5418,-2.07877,310.481,31.5034,2.23529,14085.1,0,0,779.052,472.636,38.5587,2,36.3307,37.2425,35.2425,31.5034,0,0,0,56.0808,25.5404,2,-0.911781
4049.7,86398.9,96.5495,-2.08838,310.425,31.6545,2.24574,14085.3,0,0,781.514,473.438,38.7462,2,36.5103,37.4021,35.4021,31.6545,0,0,0,56.0806,25.5403,2,-0.891783
4049.8,86401.6,96.5562,-2.09799,310.369,31.7702,2.25379,14085.6,0,0,783.406,474.054,38.8905,2,36.6485,37.5245,35.5245,31.7702,0,0,0,56.0804,25.5403,2,-0.876067
4049.9,86404.2,96.5649,-2.10761,310.313,32.5448,2.29952,14085.8,0,0,796.022,476.305,39.7045,2,37.4337,38.3436,36.3436,32.5448,0,0,0,56.0801,25.5402,2,-0.90995
4050,86406.9,96.5753,-2.11723,310.256,32.5178,2.29799,14086,0,0,795.593,476.236,39.6772,2,37.4074,38.3154,36.3154,32.5178,0,0,0,56.0799,25.5401,2,-0.907975
4050.1,86409.6,96.5845,-2.12686,310.199,31.2841,2.22044,14086.2,0,0,775.545,471.494,38.2923,2,36.0757,37.0128,35.0128,31.2841,0,0,0,56.0797,25.5401,2,-0.937088
4050.2,86412.3,96.5906,-2.13649,310.142,29.5863,2.11608,14086.5,0,0,755.698,460.021,36.4045,2,34.2832,35.2236,33.2236,29.5863,0,0,0,56.0794,25.54,2,-0.940394
4050.3,86415,96.5938,-2.14612,310.085,28.1422,2.02954,14086.7,0,0,732.273,454.653,34.8644,2,32.802,33.7017,31.7017,28.1422,0,0,0,56.0792,25.54,2,-0.89967
4050.4,86417.7,96.595,-2.15576,310.027,26.5957,1.91985,14086.9,0,0,707.187,444.223,32.8976,2,30.9261,32.0718,30.0718,26.5957,0,0,0,56.0789,25.5399,2,-1.1457
4050.5,86420.3,96.5928,-2.16541,309.969,25.1823,1.84101,14087,0,0,700,429.01,31.448,2,29.5756,30.5821,28.5821,25.1823,0,0,0,56.0786,25.5399,2,-1.00652
4050.6,86423,96.589,-2.17505,309.911,24.9622,1.82736,14087.2,0,0,700,425.526,31.1927,2,29.3408,30.3501,28.3501,24.9622,0,0,0,56.0784,25.5398,2,-1.00927
4050.7,86425.7,96.5866,-2.18471,309.852,26.0154,1.88442,14087.4,0,0,700,440.082,32.2597,2,30.3209,31.46,29.46,26.0154,0,0,0,56.0781,25.5398,2,-1.13911
4050.8,86428.4,96.5877,-2.19437,309.793,27.1401,1.95549,14087.6,0,0,716.044,447.215,33.534,2,31.5349,32.6453,30.6453,27.1401,0,0,0,56.0778,25.5397,2,-1.11039
4050.9,86431.1,96.5904,-2.20403,309.734,27.8936,2.0127,14087.8,0,0,728.28,453.192,34.5628,2,32.5139,33.4396,31.4396,27.8936,0,0,0,56.0776,25.5396,2,-0.925752
4051,86433.8,96.595,-2.2137,309.675,28.8478,2.06868,14088,0,0,743.771,456.525,35.5576,2,33.4712,34.4454,32.4454,28.8478,0,0,0,56.0773,25.5396,2,-0.974135
4051.1,86436.4,96.602,-2.22337,309.616,29.7467,2.12712,14088.2,0,0,758.366,460.89,36.602,2,34.4723,35.393,33.393,29.7467,0,0,0,56.0771,25.5395,2,-0.920636
4051.2,86439.1,96.6108,-2.23306,309.556,29.9545,2.141,14088.4,0,0,761.643,462.025,36.8507,2,34.7103,35.6122,33.6122,29.9545,0,0,0,56.0768,25.5395,2,-0.901952
4051.3,86441.8,96.6192,-2.24275,309.496,29.2418,2.0934,14088.6,0,0,750.194,458.229,35.9985,2,33.8945,34.8614,32.8614,29.2418,0,0,0,56.0766,25.5394,2,-0.966855
4051.4,86444.5,96.6258,-2.25244,309.435,28.1555,2.03057,14088.8,0,0,732.578,454.703,34.8827,2,32.8197,33.7168,31.7168,28.1555,0,0,0,56.0764,25.5394,2,-0.897059
4051.5,86447.2,96.6307,-2.26215,309.375,27.0015,1.94635,14089,0,0,713.861,446.397,33.3705,2,31.3788,32.5006,30.5006,27.0015,0,0,0,56.0761,25.5393,2,-1.12181
4051.6,86449.9,96.6334,-2.27186,309.314,25.6637,1.86647,14089.2,0,0,700,435.502,31.924,2,30.0128,31.0908,29.0908,25.6637,0,0,0,56.0758,25.5393,2,-1.07796
4051.7,86452.5,96.6336,-2.28157,309.253,24.9786,1.82874,14089.4,0,0,700,425.879,31.2185,2,29.3646,30.3688,28.3688,24.9786,0,0,0,56.0755,25.5392,2,-1.0042
4051.8,86455.2,96.6344,-2.2913,309.192,25.6457,1.86558,14089.6,0,0,700,435.276,31.9074,2,29.9976,31.0718,29.0718,25.6457,0,0,0,56.0752,25.5391,2,-1.07424
4051.9,86457.9,96.6379,-2.30103,309.13,26.8387,1.93597,14089.8,0,0,711.251,445.547,33.1852,2,31.2014,32.3293,30.3293,26.8387,0,0,0,56.075,25.5391,2,-1.12782
4052,86460.6,96.6439,-2.31077,309.068,27.281,1.96662,14090,0,0,718.438,448.384,33.734,2,31.7253,32.7956,30.7956,27.281,0,0,0,56.0747,25.539,2,-1.07032
4052.1,86463.3,96.6497,-2.32052,309.006,27.1107,1.95382,14090.2,0,0,715.685,447.04,33.504,2,31.5064,32.6164,30.6164,27.1107,0,0,0,56.0744,25.539,2,-1.10991
4052.2,86466,96.6557,-2.33028,308.943,26.9087,1.9406,14090.4,0,0,712.417,445.927,33.268,2,31.2806,32.4036,30.4036,26.9087,0,0,0,56.0741,25.5389,2,-1.12295
4052.3,86468.6,96.6614,-2.34005,308.881,26.0886,1.88867,14090.6,0,0,700,441.167,32.3392,2,30.3938,31.5395,29.5395,26.0886,0,0,0,56.0738,25.5389,2,-1.14561
4052.4,86471.3,96.6649,-2.34982,308.818,24.6122,1.80622,14090.7,0,0,700,420.134,30.7975,2,28.9771,29.9836,27.9836,24.6122,0,0,0,56.0735,25.5388,2,-1.00646
4052.5,86474,96.6654,-2.3596,308.755,23.3567,1.73743,14090.9,0,0,700,402.587,29.5112,2,27.791,28.6604,26.6604,23.3567,0,0,0,56.0733,25.5388,2,-0.86934
4052.6,86476.7,96.6646,-2.3694,308.691,21.995,1.65345,14091.1,0,0,700,381.163,27.9407,2,26.3379,27.2252,25.2252,21.995,0,0,0,56.0731,25.5387,2,-0.887323
4052.7,86479.4,96.6605,-2.3792,308.627,21.3476,1.61323,14091.3,0,0,700,370.905,27.1888,2,25.6401,26.5428,24.5428,21.3476,0,0,0,56.0729,25.5386,2,-0.902692
4052.8,86482.1,96.6579,-2.38901,308.563,22.2887,1.67173,14091.4,0,0,700,385.828,28.2827,2,26.6548,27.5346,25.5346,22.2887,0,0,0,56.0726,25.5386,2,-0.879814
4052.9,86484.8,96.6582,-2.39883,308.499,23.8771,1.76445,14091.6,0,0,700,409.478,30.0163,2,28.2573,29.2086,27.2086,23.8771,0,0,0,56.0724,25.5385,2,-0.951375
4053,86487.4,96.6624,-2.40866,308.434,25.7901,1.87336,14091.8,0,0,700,437.26,32.0529,2,30.1311,31.2249,29.2249,25.7901,0,0,0,56.0721,25.5385,2,-1.09381
4053.1,86490.1,96.6708,-2.4185,308.37,28.129,2.01968,14092,0,0,729.732,453.901,34.6859,2,32.631,33.6902,31.6902,28.129,0,0,0,56.0718,25.5384,2,-1.05922
4053.2,86492.8,96.6847,-2.42835,308.305,29.6633,2.12226,14092.2,0,0,757.193,460.508,36.5151,2,34.3891,35.3077,33.3077,29.6633,0,0,0,56.0716,25.5384,2,-0.91855
4053.3,86495.5,96.6997,-2.43821,308.239,29.7651,2.12916,14092.4,0,0,758.858,461.05,36.6385,2,34.5073,35.4154,33.4154,29.7651,0,0,0,56.0714,25.5383,2,-0.908167
4053.4,86498.2,96.7147,-2.44809,308.174,29.5869,2.11725,14092.6,0,0,755.979,460.113,36.4253,2,34.3031,35.2281,33.2281,29.5869,0,0,0,56.0711,25.5383,2,-0.924929
4053.5,86500.9,96.7296,-2.45797,308.108,29.4084,2.10535,14092.8,0,0,753.096,459.174,36.2123,2,34.0993,35.0404,33.0404,29.4084,0,0,0,56.0709,25.5382,2,-0.941161
4053.6,86503.6,96.7444,-2.46787,308.041,29.2297,2.09347,14093,0,0,750.21,458.234,35.9997,2,33.8957,34.8525,32.8525,29.2297,0,0,0,56.0706,25.5381,2,-0.956859
4053.7,86506.2,96.7592,-2.47778,307.975,29.0507,2.0816,14093.2,0,0,747.32,457.293,35.7873,2,33.6924,34.6644,32.6644,29.0507,0,0,0,56.0704,25.5381,2,-0.972023
4053.8,86508.9,96.774,-2.48771,307.908,28.8715,2.07091,14093.5,0,0,744.425,456.632,35.5972,2,33.5095,34.476,32.476,28.8715,0,0,0,56.0701,25.538,2,-0.966484
4053.9,86511.6,96.7887,-2.49764,307.841,28.6921,2.06102,14093.7,0,0,741.527,456.16,35.4219,2,33.3403,34.2873,32.2873,28.6921,0,0,0,56.0699,25.538,2,-0.946987
4054,86514.3,96.8033,-2.50759,307.774,28.0672,2.02665,14093.9,0,0,731.401,454.511,34.8119,2,32.7514,33.6291,31.6291,28.0672,0,0,0,56.0697,25.5379,2,-0.877738
4054.1,86517,96.8162,-2.51755,307.706,27.1981,1.96138,14094.1,0,0,717.311,447.834,33.6398,2,31.6356,32.7136,30.7136,27.1981,0,0,0,56.0694,25.5379,2,-1.07799
4054.2,86519.7,96.828,-2.52753,307.639,26.7738,1.93275,14094.3,0,0,710.44,445.283,33.1277,2,31.1464,32.2668,30.2668,26.7738,0,0,0,56.0691,25.5378,2,-1.12041
4054.3,86522.4,96.8399,-2.53752,307.57,26.2287,1.89781,14094.4,0,0,701.608,442.406,32.5046,2,30.55,31.6927,29.6927,26.2287,0,0,0,56.0688,25.5378,2,-1.14267
4054.4,86525.1,96.8502,-2.54752,307.502,24.9503,1.82807,14094.6,0,0,700,425.707,31.2059,2,29.353,30.3457,28.3457,24.9503,0,0,0,56.0685,25.5377,2,-0.992738
4054.5,86527.8,96.8577,-2.55754,307.433,23.5948,1.75047,14094.8,0,0,700,405.913,29.7549,2,28.0161,28.9174,26.9174,23.5948,0,0,0,56.0683,25.5376,2,-0.901265
4054.6,86530.5,96.8634,-2.56757,307.364,22.6433,1.6946,14095,0,0,700,391.66,28.7102,2,27.0506,27.9148,25.9148,22.6433,0,0,0,56.0681,25.5376,2,-0.864183
4054.7,86533.1,96.8678,-2.57761,307.295,21.3665,1.61528,14095.1,0,0,700,371.428,27.2271,2,25.6757,26.5692,24.5692,21.3665,0,0,0,56.0678,25.5375,2,-0.893527
4054.8,86535.8,96.8692,-2.58767,307.226,19.7368,1.54628,14095.3,0,0,700,353.827,25.9368,2,24.4756,24.8627,22.8627,19.7368,0,0,0,56.0677,25.5375,2,-0.387132
4054.9,86538.5,96.8679,-2.59773,307.156,18.7126,1.54628,14095.4,0,0,700,353.827,25.9368,2,24.4756,23.7911,21.7911,18.7126,0,0,0,56.0679,25.5374,2,0.684444
4055,86541.2,96.866,-2.60782,307.086,18.134,1.54628,14095.6,0,0,700,353.827,25.9368,2,24.4756,23.1857,21.1857,18.134,0,0,0,56.0682,25.5374,2,1.28989
4055.1,86543.9,96.8632,-2.61791,307.016,17.3597,1.54628,14095.8,0,0,700,353.827,25.9368,2,24.4756,22.3755,20.3755,17.3597,0,0,0,56.0687,25.5373,2,2.10004
4055.2,86546.6,96.859,-2.62802,306.945,16.9946,1.54628,14095.9,0,0,700,353.827,25.9368,2,24.4756,21.9934,19.9934,16.9946,0,0,0,56.0693,25.5373,2,2.48223
4055.3,86549.3,96.8554,-2.63814,306.874,17.2825,1.54628,14096.1,0,0,700,353.827,25.9368,2,24.4756,22.2945,20.2945,17.2825,0,0,0,56.0699,25.5372,2,2.18113
4055.4,86552,96.853,-2.64828,306.803,17.216,1.54628,14096.2,0,0,700,353.827,25.9368,2,24.4756,22.2248,20.2248,17.216,0,0,0,56.0704,25.5372,2,2.25075
4055.5,86554.7,96.8499,-2.65843,306.732,17.1325,1.54628,14096.4,0,0,700,353.827,25.9368,2,24.4756,22.1374,20.1374,17.1325,0,0,0,56.071,25.5371,2,2.33818
4055.6,86557.4,96.8479,-2.66859,306.66,17.4598,1.54628,14096.5,0,0,700,353.827,25.9368,2,24.4756,22.4797,20.4797,17.4598,0,0,0,56.0715,25.5371,2,1.9959
4055.7,86560.1,96.8467,-2.67877,306.588,17.1198,1.54628,14096.7,0,0,700,353.827,25.9368,2,24.4756,22.124,20.124,17.1198,0,0,0,56.072,25.537,2,2.35164
4055.8,86562.7,96.8441,-2.68896,306.516,17.0379,1.54628,14096.8,0,0,700,353.827,25.9368,2,24.4756,22.0382,20.0382,17.0379,0,0,0,56.0726,25.5369,2,2.43735
4055.9,86565.4,96.8433,-2.69917,306.443,18.3638,1.54628,14097,0,0,700,353.827,25.9368,2,24.4756,23.4253,21.4253,18.3638,0,0,0,56.0729,25.5369,2,1.05027
4056,86568.1,96.8466,-2.70939,306.371,20.0541,1.54628,14097.1,0,0,700,353.827,25.9368,2,24.4756,25.1939,23.1939,20.0541,0,0,0,56.0727,25.5368,2,-0.718285
4056.1,86570.8,96.8531,-2.71963,306.298,21.4335,1.61896,14097.3,0,0,700,372.367,27.2959,2,25.7396,26.6393,24.6393,21.4335,0,0,0,56.0725,25.5368,2,-0.899732
4056.2,86573.5,96.8623,-2.72988,306.224,22.9411,1.71269,14097.5,0,0,700,396.276,29.0485,2,27.3635,28.2286,26.2286,22.9411,0,0,0,56.0723,25.5367,2,-0.865035
4056.3,86576.2,96.8754,-2.74015,306.151,24.0102,1.7717,14097.7,0,0,700,411.329,30.152,2,28.3824,29.3557,27.3557,24.0102,0,0,0,56.072,25.5367,2,-0.973287
4056.4,86578.9,96.8894,-2.75044,306.077,24.1612,1.77957,14097.8,0,0,700,413.335,30.299,2,28.518,29.5153,27.5153,24.1612,0,0,0,56.0717,25.5366,2,-0.997346
4056.5,86581.6,96.9037,-2.76074,306.003,24.0402,1.77334,14098,0,0,700,411.747,30.1826,2,28.4106,29.3882,27.3882,24.0402,0,0,0,56.0715,25.5366,2,-0.977535
4056.6,86584.3,96.9179,-2.77106,305.928,23.8533,1.76371,14098.2,0,0,700,409.289,30.0025,2,28.2445,29.1917,27.1917,23.8533,0,0,0,56.0712,25.5365,2,-0.947186
4056.7,86587,96.9321,-2.7814,305.854,23.6752,1.75453,14098.4,0,0,700,406.948,29.8308,2,28.0861,29.0045,27.0045,23.6752,0,0,0,56.071,25.5364,2,-0.918324
4056.8,86589.7,96.9462,-2.79176,305.778,23.4968,1.74533,14098.5,0,0,700,404.601,29.6588,2,27.9274,28.8169,26.8169,23.4968,0,0,0,56.0708,25.5364,2,-0.889489
4056.9,86592.3,96.9603,-2.80213,305.703,23.309,1.73564,14098.7,0,0,700,402.13,29.4777,2,27.7601,28.6193,26.6193,23.309,0,0,0,56.0706,25.5363,2,-0.859223
4057,86595,96.9744,-2.81252,305.628,23.1208,1.72425,14098.9,0,0,700,399.225,29.2647,2,27.5633,28.4214,26.4214,23.1208,0,0,0,56.0703,25.5363,2,-0.858093
4057.1,86597.7,96.9884,-2.82293,305.552,22.9323,1.71258,14099.1,0,0,700,396.248,29.0465,2,27.3617,28.2232,26.2232,22.9323,0,0,0,56.0701,25.5362,2,-0.861512
4057.2,86600.4,97.0024,-2.83336,305.475,22.7434,1.70089,14099.2,0,0,700,393.266,28.8279,2,27.1595,28.0245,26.0245,22.7434,0,0,0,56.0699,25.5362,2,-0.865044
4057.3,86603.1,97.0163,-2.84381,305.399,22.5542,1.68918,14099.4,0,0,700,390.279,28.6089,2,26.9569,27.8256,25.8256,22.5542,0,0,0,56.0697,25.5361,2,-0.868689
4057.4,86605.8,97.0301,-2.85427,305.322,22.3646,1.67745,14099.6,0,0,700,387.286,28.3896,2,26.7538,27.6262,25.6262,22.3646,0,0,0,56.0694,25.5361,2,-0.872449
4057.5,86608.5,97.044,-2.86475,305.245,22.1747,1.6657,14099.7,0,0,700,384.288,28.1698,2,26.5502,27.4265,25.4265,22.1747,0,0,0,56.0692,25.536,2,-0.876324
4057.6,86611.2,97.0577,-2.87525,305.168,21.9844,1.65392,14099.9,0,0,700,381.284,27.9496,2,26.3461,27.2264,25.2264,21.9844,0,0,0,56.069,25.5359,2,-0.880314
4057.7,86613.9,97.0715,-2.88577,305.09,21.7938,1.64212,14100.1,0,0,700,378.275,27.729,2,26.1415,27.026,25.026,21.7938,0,0,0,56.0688,25.5359,2,-0.88442
4057.8,86616.6,97.0851,-2.89631,305.012,21.6029,1.6303,14100.2,0,0,700,375.26,27.508,2,25.9365,26.8251,24.8251,21.6029,0,0,0,56.0685,25.5358,2,-0.888642
4057.9,86619.3,97.0988,-2.90687,304.934,21.4115,1.61846,14100.4,0,0,700,372.239,27.2866,2,25.7309,26.6239,24.6239,21.4115,0,0,0,56.0683,25.5358,2,-0.892982
4058,86622,97.1123,-2.91745,304.855,21.2199,1.6066,14100.5,0,0,700,369.213,27.0647,2,25.5249,26.4223,24.4223,21.2199,0,0,0,56.0681,25.5357,2,-0.89744
4058.1,86624.7,97.1259,-2.92804,304.776,21.0279,1.5948,14100.7,0,0,700,366.203,26.8441,2,25.3199,26.2219,24.2219,21.0279,0,0,0,56.0678,25.5357,2,-0.901979
4058.2,86627.4,97.1394,-2.93865,304.697,20.8355,1.58298,14100.9,0,0,700,363.189,26.6231,2,25.1144,26.021,24.021,20.8355,0,0,0,56.0676,25.5356,2,-0.906635
4058.3,86630.1,97.1528,-2.94929,304.618,20.6427,1.57114,14101,0,0,700,360.168,26.4017,2,24.9084,25.8198,23.8198,20.6427,0,0,0,56.0674,25.5356,2,-0.911409
4058.4,86632.8,97.1662,-2.95994,304.538,20.4496,1.55928,14101.2,0,0,700,357.142,26.1799,2,24.7019,25.6182,23.6182,20.4496,0,0,0,56.0671,25.5355,2,-0.916301
4058.5,86635.5,97.1796,-2.97061,304.458,20.2561,1.54909,14101.3,0,0,700,354.544,25.9894,2,24.5246,25.4163,23.4163,20.2561,0,0,0,56.0669,25.5355,2,-0.891698
4058.6,86638.2,97.1929,-2.9813,304.378,20.0623,1.54628,14101.5,0,0,700,353.827,25.9368,2,24.4756,25.2139,23.2139,20.0623,0,0,0,56.0667,25.5354,2,-0.73833
4058.7,86640.9,97.2061,-2.99201,304.297,19.8681,1.54628,14101.6,0,0,700,353.827,25.9368,2,24.4756,25.0112,23.0112,19.8681,0,0,0,56.0666,25.5353,2,-0.535596
4058.8,86643.6,97.2193,-3.00274,304.216,19.6735,1.54628,14101.8,0,0,700,353.827,25.9368,2,24.4756,24.8081,22.8081,19.6735,0,0,0,56.0665,25.5353,2,-0.332477
4058.9,86646.3,97.2325,-3.01349,304.135,19.4786,1.54628,14101.9,0,0,700,353.827,25.9368,2,24.4756,24.6046,22.6046,19.4786,0,0,0,56.0664,25.5352,2,-0.128972
4059,86649,97.2456,-3.02426,304.053,19.2833,1.54628,14102.1,0,0,700,353.827,25.9368,2,24.4756,24.4007,22.4007,19.2833,0,0,0,56.0665,25.5352,2,0.0749199
4059.1,86651.7,97.2587,-3.03505,303.972,19.0876,1.54628,14102.3,0,0,700,353.827,25.9368,2,24.4756,24.1964,22.1964,19.0876,0,0,0,56.0665,25.5351,2,0.2792
4059.2,86654.4,97.2717,-3.04586,303.889,18.8916,1.54628,14102.4,0,0,700,353.827,25.9368,2,24.4756,23.9917,21.9917,18.8916,0,0,0,56.0666,25.5351,2,0.483868
4059.3,86657.1,97.2847,-3.05669,303.807,18.6952,1.54628,14102.6,0,0,700,353.827,25.9368,2,24.4756,23.7867,21.7867,18.6952,0,0,0,56.0668,25.535,2,0.688927
4059.4,86659.8,97.2977,-3.06754,303.724,18.4984,1.54628,14102.7,0,0,700,353.827,25.9368,2,24.4756,23.5812,21.5812,18.4984,0,0,0,56.067,25.535,2,0.894376
4059.5,86662.5,97.3106,-3.07841,303.641,18.3012,1.54628,14102.9,0,0,700,353.827,25.9368,2,24.4756,23.3754,21.3754,18.3012,0,0,0,56.0673,25.5349,2,1.10022
4059.6,86665.2,97.3234,-3.0893,303.558,18.1037,1.54628,14103,0,0,700,353.827,25.9368,2,24.4756,23.1691,21.1691,18.1037,0,0,0,56.0676,25.5348,2,1.30645
4059.7,86667.9,97.3362,-3.10021,303.474,17.9058,1.54628,14103.2,0,0,700,353.827,25.9368,2,24.4756,22.9625,20.9625,17.9058,0,0,0,56.068,25.5348,2,1.51308
4059.8,86670.6,97.349,-3.11114,303.39,17.7075,1.54628,14103.3,0,0,700,353.827,25.9368,2,24.4756,22.7555,20.7555,17.7075,0,0,0,56.0684,25.5347,2,1.72009
4059.9,86673.3,97.3617,-3.12209,303.306,17.5089,1.54628,14103.5,0,0,700,353.827,25.9368,2,24.4756,22.5481,20.5481,17.5089,0,0,0,56.0689,25.5347,2,1.92751
4060,86676,97.3744,-3.13306,303.221,17.3099,1.54628,14103.6,0,0,700,353.827,25.9368,2,24.4756,22.3403,20.3403,17.3099,0,0,0,56.0694,25.5346,2,2.13531
4060.1,86678.7,97.3871,-3.14404,303.136,17.1104,1.54628,14103.8,0,0,700,353.827,25.9368,2,24.4756,22.1321,20.1321,17.1104,0,0,0,56.07,25.5346,2,2.34351
4060.2,86681.4,97.3997,-3.15505,303.051,16.9107,1.54628,14104,0,0,700,353.827,25.9368,2,24.4756,21.9235,19.9235,16.9107,0,0,0,56.0706,25.5345,2,2.55211
4060.3,86684.1,97.4122,-3.16608,302.966,16.7105,1.54628,14104.1,0,0,700,353.827,25.9368,2,24.4756,21.7145,19.7145,16.7105,0,0,0,56.0713,25.5345,2,2.7611
4060.4,86686.8,97.4247,-3.17713,302.88,16.51,1.54628,14104.3,0,0,700,353.827,25.9368,2,24.4756,21.5051,19.5051,16.51,0,0,0,56.072,25.5344,2,2.97048
4060.5,86689.5,97.4372,-3.1882,302.794,16.3091,1.54628,14104.4,0,0,700,353.827,25.9368,2,24.4756,21.2953,19.2953,16.3091,0,0,0,56.0727,25.5344,2,3.18026
4060.6,86692.3,97.4496,-3.19929,302.707,16.1078,1.54628,14104.6,0,0,700,353.827,25.9368,2,24.4756,21.0852,19.0852,16.1078,0,0,0,56.0736,25.5343,2,3.39044
4060.7,86695,97.462,-3.2104,302.62,15.9061,1.54628,14104.7,0,0,700,353.827,25.9368,2,24.4756,20.8746,18.8746,15.9061,0,0,0,56.0744,25.5343,2,3.60101
4060.8,86697.7,97.4743,-3.22153,302.533,15.7041,1.54628,14104.9,0,0,700,353.827,25.9368,2,24.4756,20.6636,18.6636,15.7041,0,0,0,56.0754,25.5342,2,3.81197
4060.9,86700.4,97.4866,-3.23269,302.446,15.5017,1.54628,14105,0,0,700,353.827,25.9368,2,24.4756,20.4523,18.4523,15.5017,0,0,0,56.0764,25.5342,2,4.02333
4061,86703.1,97.4989,-3.24386,302.358,15.2989,1.54628,14105.2,0,0,700,353.827,25.9368,2,24.4756,20.2405,18.2405,15.2989,0,0,0,56.0774,25.5341,2,4.23508
4061.1,86705.8,97.5111,-3.25505,302.27,15.0957,1.54628,14105.3,0,0,700,353.827,25.9368,2,24.4756,20.0284,18.0284,15.0957,0,0,0,56.0785,25.5341,2,4.44723
4061.2,86708.5,97.5233,-3.26626,302.182,14.8922,1.54628,14105.5,0,0,700,353.827,25.9368,2,24.4756,19.8158,17.8158,14.8922,0,0,0,56.0796,25.534,2,4.65977
4061.3,86711.2,97.5354,-3.27749,302.093,14.6883,1.54628,14105.7,0,0,700,353.827,25.9368,2,24.4756,19.6029,17.6029,14.6883,0,0,0,56.0808,25.534,2,4.8727
4061.4,86713.9,97.5475,-3.28874,302.004,14.484,1.54628,14105.8,0,0,700,353.827,25.9368,2,24.4756,19.3896,17.3896,14.484,0,0,0,56.082,25.5339,2,5.08602
4061.5,86716.6,97.5595,-3.30001,301.915,14.2793,1.54628,14106,0,0,700,353.827,25.9368,2,24.4756,19.1759,17.1759,14.2793,0,0,0,56.0833,25.5339,2,5.29974
4061.6,86719.3,97.5715,-3.3113,301.825,14.0743,1.54628,14106.1,0,0,700,353.827,25.9368,2,24.4756,18.9618,16.9618,14.0743,0,0,0,56.0846,25.5338,2,5.51384
4061.7,86722.1,97.5835,-3.32261,301.736,13.8689,1.54628,14106.3,0,0,700,353.827,25.9368,2,24.4756,18.7473,16.7473,13.8689,0,0,0,56.086,25.5338,2,5.72833
4061.8,86724.8,97.5954,-3.33394,301.645,13.6631,1.54628,14106.4,0,0,700,353.827,25.9368,2,24.4756,18.5324,16.5324,13.6631,0,0,0,56.0875,25.5338,2,5.94321
4061.9,86727.5,97.6073,-3.34529,301.555,13.457,1.54628,14106.6,0,0,700,353.827,25.9368,2,24.4756,18.3171,16.3171,13.457,0,0,0,56.089,25.5337,2,6.15848
4062,86730.2,97.6191,-3.35666,301.464,13.2505,1.54628,14106.7,0,0,700,353.827,25.9368,2,24.4756,18.1015,16.1015,13.2505,0,0,0,56.0905,25.5337,2,6.37413
4062.1,86732.9,97.6309,-3.36805,301.373,13.0436,1.54628,14106.9,0,0,700,353.827,25.9368,2,24.4756,17.8854,15.8854,13.0436,0,0,0,56.0921,25.5336,2,6.59017
4062.2,86735.6,97.6427,-3.37946,301.281,12.8364,1.54628,14107,0,0,700,353.827,25.9368,2,24.4756,17.669,15.669,12.8364,0,0,0,56.0938,25.5336,2,6.80659
4062.3,86738.3,97.6544,-3.39089,301.189,12.6288,1.54628,14107.2,0,0,700,353.827,25.9368,2,24.4756,17.4522,15.4522,12.6288,0,0,0,56.0955,25.5336,2,7.02339
4062.4,86741,97.6661,-3.40234,301.097,12.4208,1.54628,14107.4,0,0,700,353.827,25.9368,2,24.4756,17.235,15.235,12.4208,0,0,0,56.0973,25.5335,2,7.24056
4062.5,86743.7,97.6777,-3.41381,301.005,12.2125,1.54628,14107.5,0,0,700,353.827,25.9368,2,24.4756,17.0175,15.0175,12.2125,0,0,0,56.0991,25.5335,2,7.45812
4062.6,86746.5,97.6893,-3.42529,300.912,12.0038,1.54628,14107.7,0,0,700,353.827,25.9368,2,24.4756,16.7995,14.7995,12.0038,0,0,0,56.1009,25.5335,2,7.67605
4062.7,86749.2,97.7009,-3.4368,300.819,11.7948,1.54628,14107.8,0,0,700,353.827,25.9368,2,24.4756,16.5812,14.5812,11.7948,0,0,0,56.1029,25.5334,2,7.89436
4062.8,86751.9,97.7124,-3.44833,300.726,11.5854,1.54628,14108,0,0,700,353.827,25.9368,2,24.4756,16.3625,14.3625,11.5854,0,0,0,56.1048,25.5334,2,8.11304
4062.9,86754.6,97.7239,-3.45987,300.632,11.3756,1.54628,14108.1,0,0,700,353.827,25.9368,2,24.4756,16.1435,14.1435,11.3756,0,0,0,56.1069,25.5334,2,8.3321
4063,86757.3,97.7353,-3.47143,300.538,11.1655,1.54628,14108.3,0,0,700,353.827,25.9368,2,24.4756,15.9241,13.9241,11.1655,0,0,0,56.1089,25.5333,2,8.55152
4063.1,86760,97.7468,-3.48301,300.443,10.9551,1.54628,14108.4,0,0,700,353.827,25.9368,2,24.4756,15.7043,13.7043,10.9551,0,0,0,56.1111,25.5333,2,8.77131
4063.2,86762.7,97.7581,-3.49462,300.349,10.7443,1.54628,14108.6,0,0,700,353.827,25.9368,2,24.4756,15.4841,13.4841,10.7443,0,0,0,56.1132,25.5333,2,8.99146
4063.3,86765.5,97.7694,-3.50623,300.253,10.5332,1.54628,14108.7,0,0,700,353.827,25.9368,2,24.4756,15.2649,13.2649,10.5332,0,0,0,56.1155,25.5333,2,9.21071
4063.4,86768.2,97.7807,-3.51787,300.158,10.3217,1.54628,14108.9,0,0,700,353.827,25.9368,2,24.4756,15.0458,13.0458,10.3217,0,0,0,56.1178,25.5332,2,9.42975
4063.5,86770.9,97.792,-3.52953,300.062,10.1098,1.54628,14109.1,0,0,700,353.827,25.9368,2,24.4756,14.8264,12.8264,10.1098,0,0,0,56.1201,25.5332,2,9.64915
4063.6,86773.6,97.8032,-3.5412,299.966,9.88387,1.54628,14109.2,0,0,700,353.827,25.9368,2,24.4756,14.5924,12.5924,9.88387,0,0,0,56.1225,25.5332,2,9.88324
4063.7,86776.3,97.8143,-3.55289,299.87,9.3005,1.54628,14109.4,0,0,700,353.827,25.9368,2,24.4756,13.9874,11.9874,9.3005,0,0,0,56.1251,25.5332,2,10.4881
4063.8,86779,97.824,-3.5646,299.773,8.73026,1.54628,14109.5,0,0,700,353.827,25.9368,2,24.4756,13.3961,11.3961,8.73026,0,0,0,56.1278,25.5332,2,11.0795
4063.9,86781.8,97.8337,-3.57633,299.676,8.34051,1.54628,14109.7,0,0,700,353.827,25.9368,2,24.4756,12.992,10.992,8.34051,0,0,0,56.1306,25.5332,2,11.4835
4064,86784.5,97.8426,-3.58807,299.579,7.78782,1.54628,14109.8,0,0,700,353.827,25.9368,2,24.4756,12.4189,10.4189,7.78782,0,0,0,56.1335,25.5332,2,12.0567
4064.1,86787.2,97.8509,-3.59983,299.481,7.17265,1.54628,14110,0,0,700,353.827,25.9368,2,24.4756,11.7809,9.7809,7.17265,0,0,0,56.1366,25.5332,2,12.6947
4064.2,86789.9,97.8583,-3.61161,299.383,6.91199,1.54628,14110.1,0,0,700,353.827,25.9368,2,24.4756,11.5107,9.5107,6.91199,0,0,0,56.1397,25.5332,2,12.9649
4064.3,86792.6,97.8663,-3.6234,299.285,6.8921,1.54628,14110.3,0,0,700,353.827,25.9368,2,24.4756,11.4903,9.49034,6.8921,0,0,0,56.1429,25.5332,2,12.9853
4064.4,86795.4,97.8743,-3.63521,299.186,6.84685,1.54628,14110.4,0,0,700,353.827,25.9368,2,24.4756,11.4437,9.44366,6.84685,0,0,0,56.1461,25.5332,2,13.0319
4064.5,86798.1,97.883,-3.64704,299.087,6.96394,1.54628,14110.6,0,0,700,353.827,25.9368,2,24.4756,11.5654,9.56545,6.96394,0,0,0,56.1492,25.5332,2,12.9101
4064.6,86800.8,97.8922,-3.65889,298.988,7.16664,1.54628,14110.8,0,0,700,353.827,25.9368,2,24.4756,11.7761,9.77609,7.16664,0,0,0,56.1523,25.5332,2,12.6995
4064.7,86803.5,97.9024,-3.67074,298.888,7.34237,1.54628,14110.9,0,0,700,353.827,25.9368,2,24.4756,11.9588,9.95877,7.34237,0,0,0,56.1553,25.5332,2,12.5168
4064.8,86806.2,97.9131,-3.68262,298.788,6.71738,1.54628,14111.1,0,0,700,353.827,25.9368,2,24.4756,11.3107,9.31066,6.71738,0,0,0,56.1585,25.5332,2,13.1649
4064.9,86809,97.9216,-3.69451,298.688,5.31307,1.54628,14111.2,0,0,700,353.827,25.9368,2,24.4756,9.85388,7.85388,5.31307,0,0,0,56.1621,25.5332,2,14.6217
4065,86811.7,97.9277,-3.70642,298.587,3.93867,1.54628,14111.4,0,0,700,353.827,25.9368,2,24.4756,8.42804,6.42804,3.93867,0,0,0,56.166,25.5333,2,16.0476
4065.1,86814.4,97.9317,-3.71834,298.486,1.99214,1.54628,14111.5,0,0,700,353.827,25.9368,2,24.4756,6.4085,4.4085,1.99214,0,0,0,56.1704,25.5333,2,18.0671
4065.2,86817.1,97.931,-3.73027,298.385,-0.588956,1.54628,14111.7,0,0,700,353.827,25.9368,2,24.4756,2,-0,-0.588956,0,0,0,56.1758,25.5334,2,22.4756
4065.3,86819.8,97.9259,-3.74222,298.283,-2.79987,1.54628,14111.8,0,0,700,353.827,25.9368,2,24.4756,1.64295,-0.357055,-2.79987,0.357055,0,0,56.1814,25.5336,2,22.8326
4065.4,86822.6,97.9175,-3.75418,298.181,-4.67838,1.54628,14112,0,0,700,353.827,25.9368,2,24.4756,-0.167746,-2.16775,-4.67838,2.16775,0,0,56.1874,25.5337,2,24.6433
4065.5,86825.3,97.906,-3.76616,298.079,-6.51419,1.54628,14112.1,0,0,700,353.827,25.9368,2,24.4756,-1.93739,-3.93739,-6.51419,3.93739,0,0,56.1938,25.5339,2,26.413
4065.6,86828,97.8914,-3.77814,297.976,-7.57743,1.54628,14112.3,0,0,700,353.827,25.9368,2,24.4756,-2.96259,-4.96259,-7.57743,4.96259,0,0,56.2005,25.5341,2,27.4382
4065.7,86830.7,97.8767,-3.79014,297.874,-7.51483,1.54628,14112.5,0,0,700,353.827,25.9368,2,24.4756,-2.90276,-4.90276,-7.51483,4.90276,0,0,56.2071,25.5344,2,27.3784
4065.8,86833.4,97.8632,-3.80214,297.77,-6.93791,1.54628,14112.6,0,0,700,353.827,25.9368,2,24.4756,-2.34722,-4.34722,-6.93791,4.34722,0,0,56.2136,25.5346,2,26.8228
4065.9,86836.1,97.8515,-3.81416,297.667,-5.63508,1.54628,14112.8,0,0,700,353.827,25.9368,2,24.4756,-1.09204,-3.09204,-5.63508,3.09204,0,0,56.2199,25.5347,2,25.5676
4066,86838.9,97.8439,-3.82619,297.563,-3.63591,1.54628,14112.9,0,0,700,353.827,25.9368,2,24.4756,0.834381,-1.16562,-3.63591,1.16562,0,0,56.2256,25.5349,2,23.6412
4066.1,86841.6,97.8408,-3.83823,297.459,-1.41439,1.54628,14113.1,0,0,700,353.827,25.9368,2,24.4756,2,-0,-1.41439,0,0,0,56.2311,25.535,2,22.4756
4066.2,86844.3,97.8426,-3.85028,297.354,0.510028,1.54628,14113.2,0,0,700,353.827,25.9368,2,24.4756,4.8676,2.8676,0.510028,0,0,0,56.2358,25.5351,2,19.608
4066.3,86847,97.8477,-3.86234,297.25,2.06985,1.54628,14113.4,0,0,700,353.827,25.9368,2,24.4756,6.48622,4.48622,2.06985,0,0,0,56.2402,25.5352,2,17.9894
4066.4,86849.7,97.8564,-3.87441,297.144,3.19375,1.54628,14113.5,0,0,700,353.827,25.9368,2,24.4756,7.65265,5.65265,3.19375,0,0,0,56.2443,25.5352,2,16.8229
4066.5,86852.5,97.8666,-3.8865,297.039,3.57313,1.54628,14113.7,0,0,700,353.827,25.9368,2,24.4756,8.04665,6.04665,3.57313,0,0,0,56.2483,25.5352,2,16.4289
4066.6,86855.2,97.8775,-3.8986,296.933,3.51891,1.54628,14113.9,0,0,700,353.827,25.9368,2,24.4756,7.99076,5.99076,3.51891,0,0,0,56.2523,25.5353,2,16.4848
4066.7,86857.9,97.8883,-3.91071,296.827,3.29853,1.54628,14114,0,0,700,353.827,25.9368,2,24.4756,7.76247,5.76247,3.29853,0,0,0,56.2564,25.5353,2,16.7131
4066.8,86860.6,97.8991,-3.92283,296.72,3.10333,1.54628,14114.2,0,0,700,353.827,25.9368,2,24.4756,7.56031,5.56031,3.10333,0,0,0,56.2605,25.5354,2,16.9153
4066.9,86863.3,97.9099,-3.93496,296.614,2.90794,1.54628,14114.3,0,0,700,353.827,25.9368,2,24.4756,7.35796,5.35796,2.90794,0,0,0,56.2646,25.5354,2,17.1176
4067,86866.1,97.9207,-3.9471,296.506,2.3636,1.54628,14114.5,0,0,700,353.827,25.9368,2,24.4756,6.79354,4.79354,2.3636,0,0,0,56.2689,25.5355,2,17.6821
4067.1,86868.8,97.9302,-3.95925,296.399,1.77594,1.54628,14114.6,0,0,700,353.827,25.9368,2,24.4756,6.18412,4.18412,1.77594,0,0,0,56.2734,25.5356,2,18.2915
4067.2,86871.5,97.9396,-3.97141,296.291,1.20697,1.54628,14114.8,0,0,700,353.827,25.9368,2,24.4756,5.5941,3.5941,1.20697,0,0,0,56.278,25.5356,2,18.8815
4067.3,86874.2,97.9477,-3.98358,296.183,-0.0867817,1.54628,14114.9,0,0,700,353.827,25.9368,2,24.4756,2,-0,-0.0867817,0,0,0,56.2834,25.5358,2,22.4756
4067.4,86876.9,97.9528,-3.99576,296.074,-1.78829,1.54628,14115.1,0,0,700,353.827,25.9368,2,24.4756,2,-0,-1.78829,0,0,0,56.2889,25.5359,2,22.4756
4067.5,86879.7,97.9552,-4.00795,295.965,-2.62595,1.54628,14115.2,0,0,700,353.827,25.9368,2,24.4756,1.81157,-0.188427,-2.62595,0.188427,0,0,56.2944,25.536,2,22.664
4067.6,86882.4,97.9579,-4.02014,295.856,-3.05108,1.54628,14115.4,0,0,700,353.827,25.9368,2,24.4756,1.40195,-0.59805,-3.05108,0.59805,0,0,56.3,25.5361,2,23.0736
4067.7,86885.1,97.9594,-4.03234,295.747,-3.26571,1.54628,14115.6,0,0,700,353.827,25.9368,2,24.4756,1.19516,-0.804844,-3.26571,0.804844,0,0,56.3057,25.5363,2,23.2804
4067.8,86887.8,97.9621,-4.04455,295.637,-2.54478,1.54628,14115.7,0,0,700,353.827,25.9368,2,24.4756,1.89004,-0.109956,-2.54478,0.109956,0,0,56.3112,25.5364,2,22.5855
4067.9,86890.5,97.9673,-4.05677,295.526,-1.89957,1.54628,14115.9,0,0,700,353.827,25.9368,2,24.4756,2,-0,-1.89957,0,0,0,56.3166,25.5365,2,22.4756
4068,86893.3,97.9733,-4.06899,295.416,-2.33867,1.54628,14116,0,0,700,353.827,25.9368,2,24.4756,2,-0,-2.33867,0,0,0,56.3221,25.5367,2,22.4756
4068.1,86896,97.9775,-4.08122,295.305,-3.01932,1.54628,14116.2,0,0,700,353.827,25.9368,2,24.4756,1.43324,-0.566758,-3.01932,0.566758,0,0,56.3277,25.5368,2,23.0423
4068.2,86898.7,97.9817,-4.09345,295.194,-3.83906,1.54628,14116.3,0,0,700,353.827,25.9368,2,24.4756,0.643363,-1.35664,-3.83906,1.35664,0,0,56.3335,25.5369,2,23.8322
4068.3,86901.4,97.9836,-4.10569,295.082,-4.51299,1.54628,14116.5,0,0,700,353.827,25.9368,2,24.4756,-0.00606419,-2.00606,-4.51299,2.00606,0,0,56.3394,25.5371,2,24.4817
4068.4,86904.1,97.986,-4.11793,294.97,-4.11018,1.54628,14116.6,0,0,700,353.827,25.9368,2,24.4756,0.382224,-1.61778,-4.11018,1.61778,0,0,56.3453,25.5373,2,24.0934
4068.5,86906.9,97.9903,-4.13018,294.858,-3.16391,1.54628,14116.8,0,0,700,353.827,25.9368,2,24.4756,1.29434,-0.705663,-3.16391,0.705663,0,0,56.3509,25.5374,2,23.1813
4068.6,86909.6,97.9972,-4.14243,294.745,-2.34598,1.54628,14116.9,0,0,700,353.827,25.9368,2,24.4756,2,-0,-2.34598,0,0,0,56.3564,25.5375,2,22.4756
4068.7,86912.3,98.0054,-4.15469,294.632,-1.61869,1.54628,14117.1,0,0,700,353.827,25.9368,2,24.4756,2,-0,-1.61869,0,0,0,56.3619,25.5376,2,22.4756
4068.8,86915,98.0159,-4.16695,294.519,-1.24845,1.54628,14117.3,0,0,700,353.827,25.9368,2,24.4756,2,-0,-1.24845,0,0,0,56.3673,25.5378,2,22.4756
4068.9,86917.8,98.0263,-4.17922,294.406,-1.47205,1.54628,14117.4,0,0,700,353.827,25.9368,2,24.4756,2,-0,-1.47205,0,0,0,56.3728,25.5379,2,22.4756
4069,86920.5,98.0368,-4.19149,294.292,-1.69573,1.54628,14117.6,0,0,700,353.827,25.9368,2,24.4756,2,-0,-1.69573,0,0,0,56.3783,25.538,2,22.4756
4069.1,86923.2,98.0471,-4.20376,294.177,-2.27967,1.54628,14117.7,0,0,700,353.827,25.9368,2,24.4756,2,-0,-2.27967,0,0,0,56.3837,25.5381,2,22.4756
4069.2,86925.9,98.0561,-4.21603,294.063,-3.4825,1.54628,14117.9,0,0,700,353.827,25.9368,2,24.4756,0.989574,-1.01043,-3.4825,1.01043,0,0,56.3894,25.5383,2,23.486
4069.3,86928.7,98.0626,-4.22831,293.948,-5.32676,1.54628,14118,0,0,700,353.827,25.9368,2,24.4756,-0.787594,-2.78759,-5.32676,2.78759,0,0,56.3956,25.5385,2,25.2632
4069.4,86931.4,98.0653,-4.24058,293.832,-8.09259,1.54628,14118.2,0,0,700,353.827,25.9368,2,24.4756,-3.45306,-5.45306,-8.09259,5.45306,0,0,56.4024,25.5387,2,27.9286
4069.5,86934.1,98.062,-4.25286,293.717,-12.0293,1.54628,14118.3,0,0,700,353.827,25.9368,2,24.4756,-7.24196,-9.24196,-12.0293,9.24196,0,0,56.4101,25.539,2,31.7175
4069.6,86936.8,98.0503,-4.26514,293.601,-15.9947,1.54628,14118.5,0,0,700,353.827,25.9368,2,24.4756,-11.0318,-13.0318,-15.9947,13.0318,0,0,56.4187,25.5394,2,35.5074
4069.7,86939.5,98.0326,-4.27741,293.484,-18.4397,1.54628,14118.6,0,0,700,353.827,25.9368,2,24.4756,-13.3689,-15.3689,-18.4397,15.3689,0,0,56.4279,25.5398,2,37.8445
4069.8,86942.3,98.0124,-4.28968,293.368,-19.107,1.54628,14118.8,0,0,700,353.827,25.9368,2,24.4756,-14.0073,-16.0073,-19.107,16.0073,0,0,56.4373,25.5403,2,38.4829
4069.9,86945,97.9931,-4.30195,293.251,-18.3554,1.54628,14119,0,0,700,353.827,25.9368,2,24.4756,-13.2897,-15.2897,-18.3554,15.2897,0,0,56.4464,25.5407,2,37.7653
4070,86947.7,97.9767,-4.31421,293.133,-17.0563,1.54628,14119.1,0,0,700,353.827,25.9368,2,24.4756,-12.0488,-14.0488,-17.0563,14.0488,0,0,56.4553,25.5411,2,36.5244
4070.1,86950.4,97.9632,-4.32646,293.016,-15.4403,1.54628,14119.3,0,0,700,353.827,25.9368,2,24.4756,-10.5049,-12.5049,-15.4403,12.5049,0,0,56.4638,25.5415,2,34.9805
4070.2,86953.2,97.9539,-4.33872,292.898,-13.9645,1.54628,14119.4,0,0,700,353.827,25.9368,2,24.4756,-9.09494,-11.0949,-13.9645,11.0949,0,0,56.472,25.5419,2,33.5705
4070.3,86955.9,97.947,-4.35096,292.78,-13.4972,1.54628,14119.6,0,0,700,353.827,25.9368,2,24.4756,-8.64859,-10.6486,-13.4972,10.6486,0,0,56.48,25.5422,2,33.1242
4070.4,86958.6,97.9404,-4.36321,292.661,-13.4439,1.54628,14119.7,0,0,700,353.827,25.9368,2,24.4756,-8.59784,-10.5978,-13.4439,10.5978,0,0,56.4881,25.5425,2,33.0734
4070.5,86961.3,97.9345,-4.37545,292.542,-12.4866,1.54628,14119.9,0,0,700,353.827,25.9368,2,24.4756,-7.68323,-9.68323,-12.4866,9.68323,0,0,56.4959,25.5428,2,32.1588
4070.6,86964,97.9324,-4.38768,292.423,-11.6691,1.54628,14120,0,0,700,353.827,25.9368,2,24.4756,-6.90207,-8.90207,-11.6691,8.90207,0,0,56.5035,25.5431,2,31.3777
4070.7,86966.8,97.9305,-4.39991,292.304,-11.844,1.54628,14120.2,0,0,700,353.827,25.9368,2,24.4756,-7.06927,-9.06927,-11.844,9.06927,0,0,56.5112,25.5434,2,31.5449
4070.8,86969.5,97.9286,-4.41213,292.184,-11.7363,1.54628,14120.3,0,0,700,353.827,25.9368,2,24.4756,-6.96638,-8.96638,-11.7363,8.96638,0,0,56.5188,25.5437,2,31.442
4070.9,86972.2,97.928,-4.42434,292.064,-11.2068,1.54628,14120.5,0,0,700,353.827,25.9368,2,24.4756,-6.45909,-8.45909,-11.2068,8.45909,0,0,56.5264,25.544,2,30.9347
4071,86974.9,97.9289,-4.43655,291.943,-10.8338,1.54628,14120.7,0,0,700,353.827,25.9368,2,24.4756,-6.09957,-8.09957,-10.8338,8.09957,0,0,56.5338,25.5443,2,30.5752
4071.1,86977.6,97.9305,-4.44876,291.822,-10.5002,1.54628,14120.8,0,0,700,353.827,25.9368,2,24.4756,-5.77805,-7.77805,-10.5002,7.77805,0,0,56.5411,25.5445,2,30.2536
4071.2,86980.4,97.9336,-4.46095,291.701,-10.3992,1.54628,14121,0,0,700,353.827,25.9368,2,24.4756,-5.68055,-7.68055,-10.3992,7.68055,0,0,56.5485,25.5448,2,30.1561
4071.3,86983.1,97.9364,-4.47314,291.579,-10.6924,1.54628,14121.1,0,0,700,353.827,25.9368,2,24.4756,-5.96309,-7.96309,-10.6924,7.96309,0,0,56.5559,25.5451,2,30.4387
4071.4,86985.8,97.9391,-4.48532,291.458,-11.1235,1.54628,14121.3,0,0,700,353.827,25.9368,2,24.4756,-6.37842,-8.37842,-11.1235,8.37842,0,0,56.5634,25.5454,2,30.854
4071.5,86988.5,97.9411,-4.49749,291.335,-11.655,1.54628,14121.4,0,0,700,353.827,25.9368,2,24.4756,-6.88831,-8.88831,-11.655,8.88831,0,0,56.571,25.5456,2,31.3639
4071.6,86991.2,97.9426,-4.50965,291.213,-11.8666,1.54628,14121.6,0,0,700,353.827,25.9368,2,24.4756,-7.09043,-9.09043,-11.8666,9.09043,0,0,56.5787,25.5459,2,31.566
4071.7,86994,97.9446,-4.5218,291.09,-11.5717,1.54628,14121.7,0,0,700,353.827,25.9368,2,24.4756,-6.80858,-8.80858,-11.5717,8.80858,0,0,56.5863,25.5462,2,31.2842
4071.8,86996.7,97.9481,-4.53394,290.967,-11.1525,1.54628,14121.9,0,0,700,353.827,25.9368,2,24.4756,-6.40609,-8.40609,-11.1525,8.40609,0,0,56.5938,25.5465,2,30.8817
4071.9,86999.4,97.9525,-4.54607,290.843,-11.2072,1.54628,14122,0,0,700,353.827,25.9368,2,24.4756,-6.45864,-8.45864,-11.2072,8.45864,0,0,56.6013,25.5468,2,30.9342
4072,87002.1,97.9565,-4.55819,290.719,-11.3858,1.54628,14122.2,0,0,700,353.827,25.9368,2,24.4756,-6.63055,-8.63055,-11.3858,8.63055,0,0,56.6089,25.5471,2,31.1061
4072.1,87004.8,97.9611,-4.5703,290.595,-11.6753,1.54628,14122.4,0,0,700,353.827,25.9368,2,24.4756,-6.90705,-8.90705,-11.6753,8.90705,0,0,56.6165,25.5474,2,31.3826
4072.2,87007.6,97.9648,-4.58239,290.471,-11.7346,1.54628,14122.5,0,0,700,353.827,25.9368,2,24.4756,-6.96352,-8.96352,-11.7346,8.96352,0,0,56.6241,25.5477,2,31.4391
4072.3,87010.3,97.9699,-4.59447,290.346,-11.4564,1.54628,14122.7,0,0,700,353.827,25.9368,2,24.4756,-6.69755,-8.69755,-11.4564,8.69755,0,0,56.6317,25.548,2,31.1731
4072.4,87013,97.9755,-4.60654,290.221,-11.0717,1.54628,14122.8,0,0,700,353.827,25.9368,2,24.4756,-6.32729,-8.32729,-11.0717,8.32729,0,0,56.6392,25.5482,2,30.8029
4072.5,87015.7,97.9829,-4.6186,290.095,-10.5469,1.54628,14123,0,0,700,353.827,25.9368,2,24.4756,-5.82128,-7.82128,-10.5469,7.82128,0,0,56.6466,25.5485,2,30.2969
4072.6,87018.5,97.9914,-4.63064,289.969,-9.97963,1.54628,14123.1,0,0,700,353.827,25.9368,2,24.4756,-5.27424,-7.27424,-9.97963,7.27424,0,0,56.6538,25.5488,2,29.7498
4072.7,87021.2,98.0017,-4.64267,289.843,-9.68284,1.54628,14123.3,0,0,700,353.827,25.9368,2,24.4756,-4.98785,-6.98785,-9.68284,6.98785,0,0,56.661,25.549,2,29.4634
4072.8,87023.9,98.0121,-4.65469,289.716,-9.86214,1.54628,14123.4,0,0,700,353.827,25.9368,2,24.4756,-5.16029,-7.16029,-9.86214,7.16029,0,0,56.6682,25.5493,2,29.6359
4072.9,87026.6,98.0225,-4.66669,289.59,-10.0611,1.54628,14123.6,0,0,700,353.827,25.9368,2,24.4756,-5.35164,-7.35164,-10.0611,7.35164,0,0,56.6754,25.5495,2,29.8272
4073,87029.3,98.0329,-4.67867,289.462,-10.3004,1.54628,14123.7,0,0,700,353.827,25.9368,2,24.4756,-5.58195,-7.58195,-10.3004,7.58195,0,0,56.6827,25.5498,2,30.0575
4073.1,87032.1,98.0432,-4.69064,289.335,-10.5195,1.54628,14123.9,0,0,700,353.827,25.9368,2,24.4756,-5.79278,-7.79278,-10.5195,7.79278,0,0,56.6901,25.5501,2,30.2684
4073.2,87034.8,98.0535,-4.70259,289.207,-10.7384,1.54628,14124.1,0,0,700,353.827,25.9368,2,24.4756,-6.00333,-8.00333,-10.7384,8.00333,0,0,56.6975,25.5503,2,30.4789
4073.3,87037.5,98.0637,-4.71452,289.079,-10.9569,1.54628,14124.2,0,0,700,353.827,25.9368,2,24.4756,-6.21361,-8.21361,-10.9569,8.21361,0,0,56.705,25.5506,2,30.6892
4073.4,87040.2,98.0739,-4.72644,288.95,-11.1553,1.54628,14124.4,0,0,700,353.827,25.9368,2,24.4756,-6.40442,-8.40442,-11.1553,8.40442,0,0,56.7125,25.5509,2,30.88
4073.5,87043,98.0841,-4.73834,288.821,-11.3533,1.54628,14124.5,0,0,700,353.827,25.9368,2,24.4756,-6.59492,-8.59492,-11.3533,8.59492,0,0,56.72,25.5512,2,31.0705
4073.6,87045.7,98.0944,-4.75022,288.692,-11.571,1.54628,14124.7,0,0,700,353.827,25.9368,2,24.4756,-6.80287,-8.80287,-11.571,8.80287,0,0,56.7276,25.5515,2,31.2785
4073.7,87048.4,98.1045,-4.76207,288.562,-11.7883,1.54628,14124.8,0,0,700,353.827,25.9368,2,24.4756,-7.01023,-9.01023,-11.7883,9.01023,0,0,56.7353,25.5518,2,31.4858
4073.8,87051.1,98.1147,-4.77391,288.432,-12.0053,1.54628,14125,0,0,700,353.827,25.9368,2,24.4756,-7.21727,-9.21727,-12.0053,9.21727,0,0,56.743,25.5521,2,31.6929
4073.9,87053.9,98.1248,-4.78573,288.302,-12.222,1.54628,14125.1,0,0,700,353.827,25.9368,2,24.4756,-7.42396,-9.42396,-12.222,9.42396,0,0,56.7507,25.5524,2,31.8996
4074,87056.6,98.1349,-4.79753,288.171,-12.4383,1.54628,14125.3,0,0,700,353.827,25.9368,2,24.4756,-7.63031,-9.63031,-12.4383,9.63031,0,0,56.7585,25.5527,2,32.1059
4074.1,87059.3,98.1449,-4.80931,288.04,-12.6542,1.54628,14125.4,0,0,700,353.827,25.9368,2,24.4756,-7.83631,-9.83631,-12.6542,9.83631,0,0,56.7664,25.553,2,32.3119
4074.2,87062,98.1549,-4.82106,287.909,-12.8697,1.54628,14125.6,0,0,700,353.827,25.9368,2,24.4756,-8.04194,-10.0419,-12.8697,10.0419,0,0,56.7743,25.5533,2,32.5175
4074.3,87064.8,98.1649,-4.83279,287.778,-13.0848,1.54628,14125.8,0,0,700,353.827,25.9368,2,24.4756,-8.24719,-10.2472,-13.0848,10.2472,0,0,56.7823,25.5536,2,32.7228
4074.4,87067.5,98.1748,-4.8445,287.646,-13.2996,1.54628,14125.9,0,0,700,353.827,25.9368,2,24.4756,-8.45206,-10.4521,-13.2996,10.4521,0,0,56.7903,25.5539,2,32.9276
4074.5,87070.2,98.1847,-4.85618,287.513,-13.5139,1.54628,14126.1,0,0,700,353.827,25.9368,2,24.4756,-8.65653,-10.6565,-13.5139,10.6565,0,0,56.7983,25.5543,2,33.1321
4074.6,87073,98.1946,-4.86784,287.381,-13.7278,1.54628,14126.2,0,0,700,353.827,25.9368,2,24.4756,-8.86059,-10.8606,-13.7278,10.8606,0,0,56.8064,25.5546,2,33.3362
4074.7,87075.7,98.2044,-4.87947,287.248,-13.9412,1.54628,14126.4,0,0,700,353.827,25.9368,2,24.4756,-9.06424,-11.0642,-13.9412,11.0642,0,0,56.8146,25.5549,2,33.5398
4074.8,87078.4,98.2142,-4.89108,287.115,-14.1542,1.54628,14126.5,0,0,700,353.827,25.9368,2,24.4756,-9.26746,-11.2675,-14.1542,11.2675,0,0,56.8228,25.5553,2,33.743
4074.9,87081.1,98.224,-4.90266,286.981,-14.3667,1.54628,14126.7,0,0,700,353.827,25.9368,2,24.4756,-9.47024,-11.4702,-14.3667,11.4702,0,0,56.831,25.5556,2,33.9458
4075,87083.9,98.2337,-4.91421,286.847,-14.5788,1.54628,14126.8,0,0,700,353.827,25.9368,2,24.4756,-9.67257,-11.6726,-14.5788,11.6726,0,0,56.8393,25.556,2,34.1482
4075.1,87086.6,98.2434,-4.92573,286.713,-14.7904,1.54628,14127,0,0,700,353.827,25.9368,2,24.4756,-9.87445,-11.8744,-14.7904,11.8744,0,0,56.8477,25.5564,2,34.35
4075.2,87089.3,98.2531,-4.93723,286.578,-15.0015,1.54628,14127.1,0,0,700,353.827,25.9368,2,24.4756,-10.0759,-12.0759,-15.0015,12.0759,0,0,56.8561,25.5567,2,34.5514
4075.3,87092.1,98.2627,-4.9487,286.443,-15.2121,1.54628,14127.3,0,0,700,353.827,25.9368,2,24.4756,-10.2768,-12.2768,-15.2121,12.2768,0,0,56.8645,25.5571,2,34.7524
4075.4,87094.8,98.2723,-4.96014,286.308,-15.4222,1.54628,14127.5,0,0,700,353.827,25.9368,2,24.4756,-10.4772,-12.4772,-15.4222,12.4772,0,0,56.873,25.5575,2,34.9528
4075.5,87097.5,98.2819,-4.97155,286.172,-15.6317,1.54628,14127.6,0,0,700,353.827,25.9368,2,24.4756,-10.6772,-12.6772,-15.6317,12.6772,0,0,56.8816,25.5578,2,35.1528
4075.6,87100.2,98.2914,-4.98292,286.037,-15.8407,1.54628,14127.8,0,0,700,353.827,25.9368,2,24.4756,-10.8766,-12.8766,-15.8407,12.8766,0,0,56.8902,25.5582,2,35.3522
4075.7,87103,98.3009,-4.99427,285.9,-16.0492,1.54628,14127.9,0,0,700,353.827,25.9368,2,24.4756,-11.0755,-13.0755,-16.0492,13.0755,0,0,56.8988,25.5586,2,35.5511
4075.8,87105.7,98.3104,-5.00558,285.764,-16.2571,1.54628,14128.1,0,0,700,353.827,25.9368,2,24.4756,-11.2739,-13.2739,-16.2571,13.2739,0,0,56.9075,25.559,2,35.7495
4075.9,87108.4,98.3198,-5.01687,285.627,-16.4645,1.54628,14128.2,0,0,700,353.827,25.9368,2,24.4756,-11.4717,-13.4717,-16.4645,13.4717,0,0,56.9162,25.5594,2,35.9473
4076,87111.2,98.3292,-5.02811,285.49,-16.6712,1.54628,14128.4,0,0,700,353.827,25.9368,2,24.4756,-11.669,-13.669,-16.6712,13.669,0,0,56.925,25.5598,2,36.1446
4076.1,87113.9,98.3386,-5.03933,285.352,-16.8774,1.54628,14128.5,0,0,700,353.827,25.9368,2,24.4756,-11.8657,-13.8657,-16.8774,13.8657,0,0,56.9339,25.5602,2,36.3413
4076.2,87116.6,98.3479,-5.05051,285.214,-17.1154,1.54628,14128.7,0,0,700,353.827,25.9368,2,24.4756,-12.0928,-14.0928,-17.1154,14.0928,0,0,56.9427,25.5606,2,36.5684
4076.3,87119.4,98.3571,-5.06165,285.076,-17.3527,1.54628,14128.8,0,0,700,353.827,25.9368,2,24.4756,-12.3193,-14.3193,-17.3527,14.3193,0,0,56.9517,25.561,2,36.7949
4076.4,87122.1,98.3663,-5.07276,284.938,-17.5569,1.54628,14129,0,0,700,353.827,25.9368,2,24.4756,-12.5142,-14.5142,-17.5569,14.5142,0,0,56.9607,25.5615,2,36.9898
4076.5,87124.8,98.3754,-5.08384,284.799,-17.7605,1.54628,14129.2,0,0,700,353.827,25.9368,2,24.4756,-12.7084,-14.7084,-17.7605,14.7084,0,0,56.9697,25.5619,2,37.184
4076.6,87127.6,98.3845,-5.09487,284.66,-18.2206,1.54628,14129.3,0,0,700,353.827,25.9368,2,24.4756,-13.1478,-15.1478,-18.2206,15.1478,0,0,56.9789,25.5623,2,37.6234
4076.7,87130.3,98.3926,-5.10587,284.521,-19.1204,1.54628,14129.5,0,0,700,353.827,25.9368,2,24.4756,-14.0074,-16.0074,-19.1204,16.0074,0,0,56.9882,25.5628,2,38.483
4076.8,87133,98.3989,-5.11683,284.381,-19.7615,1.54628,14129.6,0,0,700,353.827,25.9368,2,24.4756,-14.6198,-16.6198,-19.7615,16.6198,0,0,56.9977,25.5633,2,39.0954
4076.9,87135.8,98.4053,-5.12775,284.241,-19.966,1.54628,14129.8,0,0,700,353.827,25.9368,2,24.4756,-14.8151,-16.8151,-19.966,16.8151,0,0,57.0073,25.5637,2,39.2907
4077,87138.5,98.4116,-5.13863,284.101,-20.1699,1.54628,14129.9,0,0,700,353.827,25.9368,2,24.4756,-15.0097,-17.0097,-20.1699,17.0097,0,0,57.0169,25.5642,2,39.4853
4077.1,87141.2,98.4178,-5.14948,283.96,-20.1098,1.54628,14130.1,0,0,700,353.827,25.9368,2,24.4756,-14.9521,-16.9521,-20.1098,16.9521,0,0,57.0265,25.5647,2,39.4277
4077.2,87144,98.4251,-5.16028,283.819,-19.5761,1.54628,14130.2,0,0,700,353.827,25.9368,2,24.4756,-14.4418,-16.4418,-19.5761,16.4418,0,0,57.0359,25.5652,2,38.9174
4077.3,87146.7,98.4341,-5.17103,283.678,-19.2998,1.54628,14130.4,0,0,700,353.827,25.9368,2,24.4756,-14.1775,-16.1775,-19.2998,16.1775,0,0,57.0453,25.5656,2,38.6531
4077.4,87149.4,98.4431,-5.18175,283.536,-19.4913,1.54628,14130.6,0,0,700,353.827,25.9368,2,24.4756,-14.3601,-16.3601,-19.4913,16.3601,0,0,57.0548,25.5661,2,38.8357
4077.5,87152.2,98.4521,-5.19242,283.394,-19.6819,1.54628,14130.7,0,0,700,353.827,25.9368,2,24.4756,-14.542,-16.542,-19.6819,16.542,0,0,57.0643,25.5666,2,39.0176
4077.6,87154.9,98.461,-5.20306,283.252,-19.8779,1.54628,14130.9,0,0,700,353.827,25.9368,2,24.4756,-14.729,-16.729,-19.8779,16.729,0,0,57.0738,25.5671,2,39.2046
4077.7,87157.6,98.4699,-5.21364,283.11,-20.0731,1.54628,14131,0,0,700,353.827,25.9368,2,24.4756,-14.9152,-16.9152,-20.0731,16.9152,0,0,57.0834,25.5676,2,39.3908
4077.8,87160.4,98.4788,-5.22419,282.967,-20.2675,1.54628,14131.2,0,0,700,353.827,25.9368,2,24.4756,-15.1007,-17.1007,-20.2675,17.1007,0,0,57.093,25.568,2,39.5763
4077.9,87163.1,98.4877,-5.23468,282.824,-20.4611,1.54628,14131.3,0,0,700,353.827,25.9368,2,24.4756,-15.2855,-17.2855,-20.4611,17.2855,0,0,57.1026,25.5685,2,39.7611
4078,87165.8,98.4965,-5.24514,282.681,-20.6539,1.54628,14131.5,0,0,700,353.827,25.9368,2,24.4756,-15.4694,-17.4694,-20.6539,17.4694,0,0,57.1124,25.569,2,39.945
4078.1,87168.6,98.5053,-5.25554,282.537,-20.8459,1.54628,14131.6,0,0,700,353.827,25.9368,2,24.4756,-15.6526,-17.6526,-20.8459,17.6526,0,0,57.1221,25.5695,2,40.1282
4078.2,87171.3,98.5141,-5.2659,282.393,-21.0371,1.54628,14131.8,0,0,700,353.827,25.9368,2,24.4756,-15.835,-17.835,-21.0371,17.835,0,0,57.1319,25.5701,2,40.3106
4078.3,87174,98.5229,-5.27621,282.249,-21.2274,1.54628,14131.9,0,0,700,353.827,25.9368,2,24.4756,-16.0166,-18.0166,-21.2274,18.0166,0,0,57.1418,25.5706,2,40.4922
4078.4,87176.8,98.5316,-5.28647,282.104,-21.4169,1.54628,14132.1,0,0,700,353.827,25.9368,2,24.4756,-16.1974,-18.1974,-21.4169,18.1974,0,0,57.1516,25.5711,2,40.673
4078.5,87179.5,98.5403,-5.29669,281.959,-21.6055,1.54628,14132.3,0,0,700,353.827,25.9368,2,24.4756,-16.3774,-18.3774,-21.6055,18.3774,0,0,57.1616,25.5716,2,40.8529
4078.6,87182.3,98.5489,-5.30685,281.814,-21.7933,1.54628,14132.4,0,0,700,353.827,25.9368,2,24.4756,-16.5565,-18.5565,-21.7933,18.5565,0,0,57.1715,25.5721,2,41.0321
4078.7,87185,98.5575,-5.31697,281.669,-21.9801,1.54628,14132.6,0,0,700,353.827,25.9368,2,24.4756,-16.7348,-18.7348,-21.9801,18.7348,0,0,57.1816,25.5727,2,41.2104
4078.8,87187.7,98.5661,-5.32703,281.523,-22.1661,1.54628,14132.7,0,0,700,353.827,25.9368,2,24.4756,-16.9122,-18.9122,-22.1661,18.9122,0,0,57.1916,25.5732,2,41.3878
4078.9,87190.5,98.5747,-5.33704,281.377,-22.3512,1.54628,14132.9,0,0,700,353.827,25.9368,2,24.4756,-17.0888,-19.0888,-22.3512,19.0888,0,0,57.2017,25.5738,2,41.5643
4079,87193.2,98.5832,-5.347,281.231,-22.5353,1.54628,14133,0,0,700,353.827,25.9368,2,24.4756,-17.2644,-19.2644,-22.5353,19.2644,0,0,57.2119,25.5743,2,41.74
4079.1,87196,98.5917,-5.35691,281.084,-22.7185,1.54628,14133.2,0,0,700,353.827,25.9368,2,24.4756,-17.4392,-19.4392,-22.7185,19.4392,0,0,57.2221,25.5749,2,41.9148
4079.2,87198.7,98.6002,-5.36677,280.937,-22.9008,1.54628,14133.3,0,0,700,353.827,25.9368,2,24.4756,-17.6131,-19.6131,-22.9008,19.6131,0,0,57.2323,25.5754,2,42.0887
4079.3,87201.4,98.6087,-5.37657,280.79,-23.0821,1.54628,14133.5,0,0,700,353.827,25.9368,2,24.4756,-17.7848,-19.7848,-23.0821,19.7848,0,0,57.2426,25.576,2,42.2604
4079.4,87204.2,98.6171,-5.38631,280.643,-23.2624,1.54628,14133.6,0,0,700,353.827,25.9368,2,24.4756,-17.9556,-19.9556,-23.2624,19.9556,0,0,57.2529,25.5765,2,42.4311
4079.5,87206.9,98.6255,-5.396,280.495,-23.4418,1.54628,14133.8,0,0,700,353.827,25.9368,2,24.4756,-18.1254,-20.1254,-23.4418,20.1254,0,0,57.2632,25.5771,2,42.601
4079.6,87209.6,98.6338,-5.40564,280.347,-23.6202,1.54628,14134,0,0,700,353.827,25.9368,2,24.4756,-18.2943,-20.2943,-23.6202,20.2943,0,0,57.2736,25.5777,2,42.7699
4079.7,87212.4,98.6422,-5.41522,280.199,-23.7976,1.54628,14134.1,0,0,700,353.827,25.9368,2,24.4756,-18.4623,-20.4623,-23.7976,20.4623,0,0,57.2841,25.5783,2,42.9379
4079.8,87215.1,98.6505,-5.42474,280.05,-23.974,1.54628,14134.3,0,0,700,353.827,25.9368,2,24.4756,-18.6293,-20.6293,-23.974,20.6293,0,0,57.2946,25.5789,2,43.1049
4079.9,87217.9,98.6588,-5.4342,279.902,-24.1493,1.54628,14134.4,0,0,700,353.827,25.9368,2,24.4756,-18.7954,-20.7954,-24.1493,20.7954,0,0,57.3051,25.5795,2,43.2709
4080,87220.6,98.667,-5.44361,279.753,-24.3237,1.54628,14134.6,0,0,700,353.827,25.9368,2,24.4756,-18.9604,-20.9604,-24.3237,20.9604,0,0,57.3156,25.58,2,43.436
4080.1,87223.3,98.6752,-5.45296,279.603,-24.497,1.54628,14134.7,0,0,700,353.827,25.9368,2,24.4756,-19.1245,-21.1245,-24.497,21.1245,0,0,57.3262,25.5806,2,43.6001
4080.2,87226.1,98.6834,-5.46224,279.454,-24.6692,1.54628,14134.9,0,0,700,353.827,25.9368,2,24.4756,-19.2876,-21.2876,-24.6692,21.2876,0,0,57.3369,25.5813,2,43.7632
4080.3,87228.8,98.6916,-5.47147,279.304,-24.8404,1.54628,14135,0,0,700,353.827,25.9368,2,24.4756,-19.4497,-21.4497,-24.8404,21.4497,0,0,57.3476,25.5819,2,43.9253
4080.4,87231.6,98.6997,-5.48064,279.154,-25.0105,1.54628,14135.2,0,0,700,353.827,25.9368,2,24.4756,-19.6107,-21.6107,-25.0105,21.6107,0,0,57.3583,25.5825,2,44.0863
4080.5,87234.3,98.7078,-5.48974,279.003,-25.1795,1.54628,14135.3,0,0,700,353.827,25.9368,2,24.4756,-19.7708,-21.7708,-25.1795,21.7708,0,0,57.369,25.5831,2,44.2464
4080.6,87237.1,98.7159,-5.49879,278.853,-25.3474,1.54628,14135.5,0,0,700,353.827,25.9368,2,24.4756,-19.9298,-21.9298,-25.3474,21.9298,0,0,57.3798,25.5837,2,44.4053
4080.7,87239.8,98.724,-5.50777,278.702,-25.5142,1.54628,14135.7,0,0,700,353.827,25.9368,2,24.4756,-20.0877,-22.0877,-25.5142,22.0877,0,0,57.3907,25.5844,2,44.5633
4080.8,87242.5,98.732,-5.51669,278.551,-25.6799,1.54628,14135.8,0,0,700,353.827,25.9368,2,24.4756,-20.2446,-22.2446,-25.6799,22.2446,0,0,57.4015,25.585,2,44.7202
4080.9,87245.3,98.74,-5.52554,278.399,-25.8444,1.54628,14136,0,0,700,353.827,25.9368,2,24.4756,-20.4004,-22.4004,-25.8444,22.4004,0,0,57.4124,25.5856,2,44.876
4081,87248,98.748,-5.53433,278.247,-26.0078,1.54628,14136.1,0,0,700,353.827,25.9368,2,24.4756,-20.5551,-22.5551,-26.0078,22.5551,0,0,57.4234,25.5863,2,45.0307
4081.1,87250.8,98.7559,-5.54306,278.096,-26.1701,1.54628,14136.3,0,0,700,353.827,25.9368,2,24.4756,-20.7087,-22.7087,-26.1701,22.7087,0,0,57.4344,25.5869,2,45.1843
4081.2,87253.5,98.7638,-5.55171,277.943,-26.3312,1.54628,14136.4,0,0,700,353.827,25.9368,2,24.4756,-20.8612,-22.8612,-26.3312,22.8612,0,0,57.4454,25.5876,2,45.3368
4081.3,87256.3,98.7717,-5.56031,277.791,-26.4911,1.54628,14136.6,0,0,700,353.827,25.9368,2,24.4756,-21.0127,-23.0127,-26.4911,23.0127,0,0,57.4564,25.5882,2,45.4883
4081.4,87259,98.7796,-5.56884,277.638,-26.6498,1.54628,14136.7,0,0,700,353.827,25.9368,2,24.4756,-21.163,-23.163,-26.6498,23.163,0,0,57.4675,25.5889,2,45.6385
4081.5,87261.7,98.7874,-5.57729,277.485,-26.8074,1.54628,14136.9,0,0,700,353.827,25.9368,2,24.4756,-21.3121,-23.3121,-26.8074,23.3121,0,0,57.4787,25.5896,2,45.7877
4081.6,87264.5,98.7952,-5.58569,277.332,-26.9637,1.54628,14137,0,0,700,353.827,25.9368,2,24.4756,-21.4601,-23.4601,-26.9637,23.4601,0,0,57.4898,25.5902,2,45.9357
4081.7,87267.2,98.803,-5.59401,277.179,-27.1188,1.54628,14137.2,0,0,700,353.827,25.9368,2,24.4756,-21.607,-23.607,-27.1188,23.607,0,0,57.501,25.5909,2,46.0826
4081.8,87270,98.8108,-5.60226,277.025,-27.2727,1.54628,14137.4,0,0,700,353.827,25.9368,2,24.4756,-21.7527,-23.7527,-27.2727,23.7527,0,0,57.5123,25.5916,2,46.2283
4081.9,87272.7,98.8185,-5.61045,276.871,-27.4254,1.54628,14137.5,0,0,700,353.827,25.9368,2,24.4756,-21.8972,-23.8972,-27.4254,23.8972,0,0,57.5236,25.5923,2,46.3728
4082,87275.5,98.8262,-5.61856,276.717,-27.5768,1.54628,14137.7,0,0,700,353.827,25.9368,2,24.4756,-22.0406,-24.0406,-27.5768,24.0406,0,0,57.5349,25.5929,2,46.5162
4082.1,87278.2,98.8339,-5.62661,276.563,-27.7269,1.54628,14137.8,0,0,700,353.827,25.9368,2,24.4756,-22.1827,-24.1827,-27.7269,24.1827,0,0,57.5462,25.5936,2,46.6583
4082.2,87281,98.8415,-5.63458,276.408,-27.8758,1.54628,14138,0,0,700,353.827,25.9368,2,24.4756,-22.3237,-24.3237,-27.8758,24.3237,0,0,57.5576,25.5943,2,46.7992
4082.3,87283.7,98.8492,-5.64248,276.253,-28.0234,1.54628,14138.1,0,0,700,353.827,25.9368,2,24.4756,-22.4634,-24.4634,-28.0234,24.4634,0,0,57.569,25.595,2,46.939
4082.4,87286.5,98.8568,-5.65031,276.098,-28.1697,1.54628,14138.3,0,0,700,353.827,25.9368,2,24.4756,-22.6019,-24.6019,-28.1697,24.6019,0,0,57.5804,25.5957,2,47.0775
4082.5,87289.2,98.8643,-5.65806,275.943,-28.3147,1.54628,14138.4,0,0,700,353.827,25.9368,2,24.4756,-22.7392,-24.7392,-28.3147,24.7392,0,0,57.5919,25.5965,2,47.2148
4082.6,87291.9,98.8719,-5.66574,275.788,-28.4584,1.54628,14138.6,0,0,700,353.827,25.9368,2,24.4756,-22.8752,-24.8752,-28.4584,24.8752,0,0,57.6034,25.5972,2,47.3508
4082.7,87294.7,98.8794,-5.67335,275.632,-28.6007,1.54628,14138.7,0,0,700,353.827,25.9368,2,24.4756,-23.01,-25.01,-28.6007,25.01,0,0,57.615,25.5979,2,47.4856
4082.8,87297.4,98.8869,-5.68088,275.476,-28.7418,1.54628,14138.9,0,0,700,353.827,25.9368,2,24.4756,-23.1435,-25.1435,-28.7418,25.1435,0,0,57.6265,25.5986,2,47.6191
4082.9,87300.2,98.8944,-5.68834,275.32,-28.8815,1.54628,14139.1,0,0,700,353.827,25.9368,2,24.4756,-23.2758,-25.2758,-28.8815,25.2758,0,0,57.6382,25.5993,2,47.7514
4083,87302.9,98.9018,-5.69572,275.163,-29.0198,1.54628,14139.2,0,0,700,353.827,25.9368,2,24.4756,-23.4068,-25.4068,-29.0198,25.4068,0,0,57.6498,25.6001,2,47.8823
4083.1,87305.7,98.9092,-5.70302,275.007,-29.1568,1.54628,14139.4,0,0,700,353.827,25.9368,2,24.4756,-23.5364,-25.5364,-29.1568,25.5364,0,0,57.6615,25.6008,2,48.012
4083.2,87308.4,98.9166,-5.71025,274.85,-29.2924,1.54628,14139.5,0,0,700,353.827,25.9368,2,24.4756,-23.6648,-25.6648,-29.2924,25.6648,0,0,57.6732,25.6015,2,48.1404
4083.3,87311.2,98.924,-5.7174,274.693,-29.4267,1.54628,14139.7,0,0,700,353.827,25.9368,2,24.4756,-23.7919,-25.7919,-29.4267,25.7919,0,0,57.6849,25.6023,2,48.2675
4083.4,87313.9,98.9314,-5.72447,274.536,-29.5595,1.54628,14139.8,0,0,700,353.827,25.9368,2,24.4756,-23.9177,-25.9177,-29.5595,25.9177,0,0,57.6967,25.603,2,48.3932
4083.5,87316.7,98.9387,-5.73147,274.378,-29.691,1.54628,14140,0,0,700,353.827,25.9368,2,24.4756,-24.0421,-26.0421,-29.691,26.0421,0,0,57.7085,25.6038,2,48.5177
4083.6,87319.4,98.946,-5.73838,274.221,-29.821,1.54628,14140.1,0,0,700,353.827,25.9368,2,24.4756,-24.1652,-26.1652,-29.821,26.1652,0,0,57.7203,25.6045,2,48.6408
4083.7,87322.2,98.9532,-5.74521,274.063,-29.9496,1.54628,14140.3,0,0,700,353.827,25.9368,2,24.4756,-24.2869,-26.2869,-29.9496,26.2869,0,0,57.7321,25.6053,2,48.7625
4083.8,87324.9,98.9605,-5.75197,273.905,-30.0768,1.54628,14140.4,0,0,700,353.827,25.9368,2,24.4756,-24.4073,-26.4073,-30.0768,26.4073,0,0,57.744,25.606,2,48.8829
4083.9,87327.7,98.9677,-5.75864,273.747,-30.2026,1.54628,14140.6,0,0,700,353.827,25.9368,2,24.4756,-24.5264,-26.5264,-30.2026,26.5264,0,0,57.7559,25.6068,2,49.002
4084,87330.4,98.9749,-5.76524,273.588,-30.3269,1.54628,14140.8,0,0,700,353.827,25.9368,2,24.4756,-24.644,-26.644,-30.3269,26.644,0,0,57.7679,25.6076,2,49.1196
4084.1,87333.2,98.9821,-5.77175,273.43,-30.4497,1.54628,14140.9,0,0,700,353.827,25.9368,2,24.4756,-24.7603,-26.7603,-30.4497,26.7603,0,0,57.7799,25.6084,2,49.2359
4084.2,87335.9,98.9892,-5.77818,273.271,-30.5711,1.54628,14141.1,0,0,700,353.827,25.9368,2,24.4756,-24.8752,-26.8752,-30.5711,26.8752,0,0,57.7918,25.6091,2,49.3508
4084.3,87338.7,98.9963,-5.78453,273.112,-30.691,1.54628,14141.2,0,0,700,353.827,25.9368,2,24.4756,-24.9887,-26.9887,-30.691,26.9887,0,0,57.8039,25.6099,2,49.4643
4084.4,87341.4,99.0034,-5.79079,272.953,-30.8094,1.54628,14141.4,0,0,700,353.827,25.9368,2,24.4756,-25.1008,-27.1008,-30.8094,27.1008,0,0,57.8159,25.6107,2,49.5764
4084.5,87344.2,99.0105,-5.79697,272.793,-30.9264,1.54628,14141.5,0,0,700,353.827,25.9368,2,24.4756,-25.2115,-27.2115,-30.9264,27.2115,0,0,57.828,25.6115,2,49.6871
4084.6,87346.9,99.0176,-5.80307,272.634,-31.0418,1.54628,14141.7,0,0,700,353.827,25.9368,2,24.4756,-25.3207,-27.3207,-31.0418,27.3207,0,0,57.8401,25.6123,2,49.7963
4084.7,87349.7,99.0246,-5.80908,272.474,-31.1557,1.54628,14141.8,0,0,700,353.827,25.9368,2,24.4756,-25.4285,-27.4285,-31.1557,27.4285,0,0,57.8522,25.6131,2,49.9041
4084.8,87352.4,99.0316,-5.815,272.314,-31.2681,1.54628,14142,0,0,700,353.827,25.9368,2,24.4756,-25.5349,-27.5349,-31.2681,27.5349,0,0,57.8644,25.6139,2,50.0105
4084.9,87355.2,99.0386,-5.82084,272.154,-31.379,1.54628,14142.1,0,0,700,353.827,25.9368,2,24.4756,-25.6399,-27.6399,-31.379,27.6399,0,0,57.8766,25.6147,2,50.1155
4085,87357.9,99.0455,-5.8266,271.994,-31.4884,1.54628,14142.3,0,0,700,353.827,25.9368,2,24.4756,-25.7435,-27.7435,-31.4884,27.7435,0,0,57.8888,25.6155,2,50.2191
4085.1,87360.7,99.0525,-5.83227,271.834,-31.5962,1.54628,14142.5,0,0,700,353.827,25.9368,2,24.4756,-25.8457,-27.8457,-31.5962,27.8457,0,0,57.901,25.6163,2,50.3213
4085.2,87363.4,99.0594,-5.83785,271.673,-31.7024,1.54628,14142.6,0,0,700,353.827,25.9368,2,24.4756,-25.9464,-27.9464,-31.7024,27.9464,0,0,57.9133,25.6171,2,50.422
4085.3,87366.2,99.0662,-5.84334,271.512,-31.8071,1.54628,14142.8,0,0,700,353.827,25.9368,2,24.4756,-26.0456,-28.0456,-31.8071,28.0456,0,0,57.9256,25.6179,2,50.5212
4085.4,87368.9,99.0731,-5.84875,271.351,-31.9102,1.54628,14142.9,0,0,700,353.827,25.9368,2,24.4756,-26.1434,-28.1434,-31.9102,28.1434,0,0,57.9379,25.6187,2,50.619
4085.5,87371.7,99.0799,-5.85407,271.19,-32.0117,1.54628,14143.1,0,0,700,353.827,25.9368,2,24.4756,-26.2396,-28.2396,-32.0117,28.2396,0,0,57.9502,25.6195,2,50.7152
4085.6,87374.4,99.0868,-5.8593,271.029,-32.1117,1.54628,14143.2,0,0,700,353.827,25.9368,2,24.4756,-26.3344,-28.3344,-32.1117,28.3344,0,0,57.9625,25.6204,2,50.8099
4085.7,87377.2,99.0935,-5.86444,270.868,-32.21,1.54628,14143.4,0,0,700,353.827,25.9368,2,24.4756,-26.4276,-28.4276,-32.21,28.4276,0,0,57.9749,25.6212,2,50.9032
4085.8,87379.9,99.1003,-5.86949,270.706,-32.3068,1.54628,14143.5,0,0,700,353.827,25.9368,2,24.4756,-26.5193,-28.5193,-32.3068,28.5193,0,0,57.9873,25.622,2,50.9949
4085.9,87382.7,99.1071,-5.87445,270.545,-32.4019,1.54628,14143.7,0,0,700,353.827,25.9368,2,24.4756,-26.6095,-28.6095,-32.4019,28.6095,0,0,57.9997,25.6229,2,51.0851
4086,87385.4,99.1138,-5.87932,270.383,-32.4954,1.54628,14143.8,0,0,700,353.827,25.9368,2,24.4756,-26.6982,-28.6982,-32.4954,28.6982,0,0,58.0122,25.6237,2,51.1738
4086.1,87388.2,99.1205,-5.8841,270.221,-32.5873,1.54628,14144,0,0,700,353.827,25.9368,2,24.4756,-26.7853,-28.7853,-32.5873,28.7853,0,0,58.0246,25.6245,2,51.2609
4086.2,87390.9,99.1271,-5.88879,270.059,-32.6776,1.54628,14144.2,0,0,700,353.827,25.9368,2,24.4756,-26.8709,-28.8709,-32.6776,28.8709,0,0,58.0371,25.6254,2,51.3465
4086.3,87393.7,99.1338,-5.89338,269.897,-32.7662,1.54628,14144.3,0,0,700,353.827,25.9368,2,24.4756,-26.9549,-28.9549,-32.7662,28.9549,0,0,58.0496,25.6262,2,51.4305
4086.4,87396.5,99.1404,-5.89789,269.734,-32.8532,1.54628,14144.5,0,0,700,353.827,25.9368,2,24.4756,-27.0374,-29.0374,-32.8532,29.0374,0,0,58.0622,25.6271,2,51.513
4086.5,87399.2,99.147,-5.9023,269.572,-32.9386,1.54628,14144.6,0,0,700,353.827,25.9368,2,24.4756,-27.1183,-29.1183,-32.9386,29.1183,0,0,58.0747,25.6279,2,51.5939
4086.6,87402,99.1536,-5.90662,269.409,-33.0222,1.54628,14144.8,0,0,700,353.827,25.9368,2,24.4756,-27.1976,-29.1976,-33.0222,29.1976,0,0,58.0873,25.6288,2,51.6732
4086.7,87404.7,99.1602,-5.91085,269.247,-33.1042,1.54628,14144.9,0,0,700,353.827,25.9368,2,24.4756,-27.2754,-29.2754,-33.1042,29.2754,0,0,58.0998,25.6296,2,51.751
4086.8,87407.5,99.1667,-5.91498,269.084,-33.1845,1.54628,14145.1,0,0,700,353.827,25.9368,2,24.4756,-27.3515,-29.3515,-33.1845,29.3515,0,0,58.1124,25.6305,2,51.8271
4086.9,87410.2,99.1732,-5.91902,268.921,-33.2632,1.54628,14145.2,0,0,700,353.827,25.9368,2,24.4756,-27.4261,-29.4261,-33.2632,29.4261,0,0,58.1251,25.6313,2,51.9017
4087,87413,99.1797,-5.92296,268.758,-33.3401,1.54628,14145.4,0,0,700,353.827,25.9368,2,24.4756,-27.4991,-29.4991,-33.3401,29.4991,0,0,58.1377,25.6322,2,51.9747
4087.1,87415.7,99.1862,-5.92681,268.594,-33.4154,1.54628,14145.5,0,0,700,353.827,25.9368,2,24.4756,-27.5704,-29.5704,-33.4154,29.5704,0,0,58.1503,25.6331,2,52.046
4087.2,87418.5,99.1927,-5.93057,268.431,-33.4889,1.54628,14145.7,0,0,700,353.827,25.9368,2,24.4756,-27.6402,-29.6402,-33.4889,29.6402,0,0,58.163,25.6339,2,52.1158
4087.3,87421.2,99.1991,-5.93423,268.267,-33.5608,1.54628,14145.9,0,0,700,353.827,25.9368,2,24.4756,-27.7083,-29.7083,-33.5608,29.7083,0,0,58.1757,25.6348,2,52.1839
4087.4,87424,99.2055,-5.93779,268.104,-33.6309,1.54628,14146,0,0,700,353.827,25.9368,2,24.4756,-27.7748,-29.7748,-33.6309,29.7748,0,0,58.1884,25.6357,2,52.2504
4087.5,87426.8,99.2119,-5.94126,267.94,-33.6993,1.54628,14146.2,0,0,700,353.827,25.9368,2,24.4756,-27.8397,-29.8397,-33.6993,29.8397,0,0,58.2011,25.6365,2,52.3153
4087.6,87429.5,99.2182,-5.94463,267.776,-33.766,1.54628,14146.3,0,0,700,353.827,25.9368,2,24.4756,-27.903,-29.903,-33.766,29.903,0,0,58.2138,25.6374,2,52.3785
4087.7,87432.3,99.2246,-5.9479,267.613,-33.8309,1.54628,14146.5,0,0,700,353.827,25.9368,2,24.4756,-27.9646,-29.9646,-33.8309,29.9646,0,0,58.2266,25.6383,2,52.4401
4087.8,87435,99.2309,-5.95108,267.449,-33.8941,1.54628,14146.6,0,0,700,353.827,25.9368,2,24.4756,-28.0245,-30.0245,-33.8941,30.0245,0,0,58.2394,25.6392,2,52.5001
4087.9,87437.8,99.2372,-5.95416,267.284,-33.9556,1.54628,14146.8,0,0,700,353.827,25.9368,2,24.4756,-28.0828,-30.0828,-33.9556,30.0828,0,0,58.2521,25.6401,2,52.5584
4088,87440.5,99.2435,-5.95714,267.12,-34.0153,1.54628,14146.9,0,0,700,353.827,25.9368,2,24.4756,-28.1394,-30.1394,-34.0153,30.1394,0,0,58.2649,25.6409,2,52.615
4088.1,87443.3,99.2497,-5.96003,266.956,-34.0733,1.54628,14147.1,0,0,700,353.827,25.9368,2,24.4756,-28.1944,-30.1944,-34.0733,30.1944,0,0,58.2777,25.6418,2,52.67
4088.2,87446.1,99.256,-5.96281,266.792,-34.1295,1.54628,14147.3,0,0,700,353.827,25.9368,2,24.4756,-28.2477,-30.2477,-34.1295,30.2477,0,0,58.2905,25.6427,2,52.7233
4088.3,87448.8,99.2622,-5.9655,266.627,-34.1839,1.54628,14147.4,0,0,700,353.827,25.9368,2,24.4756,-28.2993,-30.2993,-34.1839,30.2993,0,0,58.3034,25.6436,2,52.7749
4088.4,87451.6,99.2684,-5.96809,266.463,-34.2365,1.54628,14147.6,0,0,700,353.827,25.9368,2,24.4756,-28.3493,-30.3493,-34.2365,30.3493,0,0,58.3162,25.6445,2,52.8249
4088.5,87454.3,99.2745,-5.97058,266.298,-34.2874,1.54628,14147.7,0,0,700,353.827,25.9368,2,24.4756,-28.3975,-30.3975,-34.2874,30.3975,0,0,58.3291,25.6454,2,52.8731
4088.6,87457.1,99.2807,-5.97297,266.133,-34.3365,1.54628,14147.9,0,0,700,353.827,25.9368,2,24.4756,-28.4441,-30.4441,-34.3365,30.4441,0,0,58.3419,25.6463,2,52.9197
4088.7,87459.8,99.2868,-5.97526,265.969,-34.3838,1.54628,14148,0,0,700,353.827,25.9368,2,24.4756,-28.489,-30.489,-34.3838,30.489,0,0,58.3548,25.6472,2,52.9646
4088.8,87462.6,99.2929,-5.97745,265.804,-34.4293,1.54628,14148.2,0,0,700,353.827,25.9368,2,24.4756,-28.5322,-30.5322,-34.4293,30.5322,0,0,58.3677,25.6481,2,53.0077
4088.9,87465.4,99.299,-5.97954,265.639,-34.473,1.54628,14148.3,0,0,700,353.827,25.9368,2,24.4756,-28.5736,-30.5736,-34.473,30.5736,0,0,58.3806,25.649,2,53.0492
4089,87468.1,99.3051,-5.98153,265.474,-34.5149,1.54628,14148.5,0,0,700,353.827,25.9368,2,24.4756,-28.6134,-30.6134,-34.5149,30.6134,0,0,58.3935,25.6499,2,53.089
4089.1,87470.9,99.3111,-5.98342,265.309,-34.555,1.54628,14148.6,0,0,700,353.827,25.9368,2,24.4756,-28.6514,-30.6514,-34.555,30.6514,0,0,58.4064,25.6508,2,53.127
4089.2,87473.6,99.3172,-5.98521,265.144,-34.5933,1.54628,14148.8,0,0,700,353.827,25.9368,2,24.4756,-28.6878,-30.6878,-34.5933,30.6878,0,0,58.4193,25.6517,2,53.1634
4089.3,87476.4,99.3232,-5.9869,264.979,-34.6298,1.54628,14149,0,0,700,353.827,25.9368,2,24.4756,-28.7226,-30.7226,-34.6298,30.7226,0,0,58.4323,25.6526,2,53.1982
4089.4,87479.1,99.3292,-5.98849,264.813,-34.6645,1.54628,14149.1,0,0,700,353.827,25.9368,2,24.4756,-28.7556,-30.7556,-34.6645,30.7556,0,0,58.4452,25.6535,2,53.2312
4089.5,87481.9,99.3351,-5.98997,264.648,-34.6973,1.54628,14149.3,0,0,700,353.827,25.9368,2,24.4756,-28.787,-30.787,-34.6973,30.787,0,0,58.4582,25.6544,2,53.2626
4089.6,87484.7,99.3411,-5.99135,264.483,-34.7283,1.54628,14149.4,0,0,700,353.827,25.9368,2,24.4756,-28.8166,-30.8166,-34.7283,30.8166,0,0,58.4711,25.6553,2,53.2921
4089.7,87487.4,99.347,-5.99264,264.318,-34.7575,1.54628,14149.6,0,0,700,353.827,25.9368,2,24.4756,-28.8444,-30.8444,-34.7575,30.8444,0,0,58.4841,25.6562,2,53.32
4089.8,87490.2,99.3529,-5.99381,264.152,-34.7848,1.54628,14149.7,0,0,700,353.827,25.9368,2,24.4756,-28.8705,-30.8705,-34.7848,30.8705,0,0,58.4971,25.6571,2,53.3461
4089.9,87492.9,99.3588,-5.99489,263.987,-34.8103,1.54628,14149.9,0,0,700,353.827,25.9368,2,24.4756,-28.8948,-30.8948,-34.8103,30.8948,0,0,58.51,25.658,2,53.3704
4090,87495.7,99.3646,-5.99587,263.821,-34.834,1.54628,14150,0,0,700,353.827,25.9368,2,24.4756,-28.9174,-30.9174,-34.834,30.9174,0,0,58.523,25.6589,2,53.393
4090.1,87498.5,99.3705,-5.99674,263.656,-34.8558,1.54628,14150.2,0,0,700,353.827,25.9368,2,24.4756,-28.9382,-30.9382,-34.8558,30.9382,0,0,58.536,25.6598,2,53.4138
4090.2,87501.2,99.3763,-5.99751,263.49,-34.8758,1.54628,14150.3,0,0,700,353.827,25.9368,2,24.4756,-28.9572,-30.9572,-34.8758,30.9572,0,0,58.549,25.6607,2,53.4328
4090.3,87504,99.3821,-5.99817,263.325,-34.8939,1.54628,14150.5,0,0,700,353.827,25.9368,2,24.4756,-28.9745,-30.9745,-34.8939,30.9745,0,0,58.562,25.6616,2,53.4501
4090.4,87506.7,99.3879,-5.99874,263.159,-34.9101,1.54628,14150.7,0,0,700,353.827,25.9368,2,24.4756,-28.99,-30.99,-34.9101,30.99,0,0,58.575,25.6625,2,53.4656
4090.5,87509.5,99.3936,-5.9992,262.993,-34.9245,1.54628,14150.8,0,0,700,353.827,25.9368,2,24.4756,-29.0037,-31.0037,-34.9245,31.0037,0,0,58.588,25.6634,2,53.4793
4090.6,87512.3,99.3994,-5.99955,262.828,-34.9371,1.54628,14151,0,0,700,353.827,25.9368,2,24.4756,-29.0157,-31.0157,-34.9371,31.0157,0,0,58.601,25.6644,2,53.4913
4090.7,87515,99.4051,-5.99981,262.662,-34.9478,1.54628,14151.1,0,0,700,353.827,25.9368,2,24.4756,-29.0259,-31.0259,-34.9478,31.0259,0,0,58.614,25.6653,2,53.5015
4090.8,87517.8,99.4108,-5.99995,262.496,-34.9566,1.54628,14151.3,0,0,700,353.827,25.9368,2,24.4756,-29.0343,-31.0343,-34.9566,31.0343,0,0,58.627,25.6662,2,53.5099
4090.9,87520.6,99.4165,-6,262.331,-34.9635,1.54628,14151.4,0,0,700,353.827,25.9368,2,24.4756,-29.0409,-31.0409,-34.9635,31.0409,0,0,58.64,25.6671,2,53.5165
4091,87523.3,99.4222,-5.99994,262.165,-34.9686,1.54628,14151.6,0,0,700,353.827,25.9368,2,24.4756,-29.0457,-31.0457,-34.9686,31.0457,0,0,58.653,25.668,2,53.5213
4091.1,87526.1,99.4278,-5.99978,261.999,-34.9718,1.54628,14151.7,0,0,700,353.827,25.9368,2,24.4756,-29.0488,-31.0488,-34.9718,31.0488,0,0,58.666,25.6689,2,53.5243
4091.2,87528.8,99.4334,-5.99951,261.834,-34.9732,1.54628,14151.9,0,0,700,353.827,25.9368,2,24.4756,-29.05,-31.05,-34.9732,31.05,0,0,58.679,25.6698,2,53.5256
4091.3,87531.6,99.4391,-5.99914,261.668,-34.9726,1.54628,14152,0,0,700,353.827,25.9368,2,24.4756,-29.0495,-31.0495,-34.9726,31.0495,0,0,58.692,25.6707,2,53.5251
4091.4,87534.4,99.4446,-5.99869,261.502,-34.9705,1.54628,14152.2,0,0,700,353.827,25.9368,2,24.4756,-29.0475,-31.0475,-34.9705,31.0475,0,0,58.7051,25.6716,2,53.523
4091.5,87537.1,99.4502,-5.99817,261.337,-34.9674,1.54628,14152.4,0,0,700,353.827,25.9368,2,24.4756,-29.0444,-31.0444,-34.9674,31.0444,0,0,58.7181,25.6726,2,53.52
4091.6,87539.9,99.4558,-5.99759,261.171,-34.9631,1.54628,14152.5,0,0,700,353.827,25.9368,2,24.4756,-29.0403,-31.0403,-34.9631,31.0403,0,0,58.7311,25.6735,2,53.5159
4091.7,87542.7,99.4613,-5.99696,261.005,-34.9578,1.54628,14152.7,0,0,700,353.827,25.9368,2,24.4756,-29.0352,-31.0352,-34.9578,31.0352,0,0,58.7441,25.6744,2,53.5108
4091.8,87545.4,99.4668,-5.99626,260.839,-34.9513,1.54628,14152.8,0,0,700,353.827,25.9368,2,24.4756,-29.029,-31.029,-34.9513,31.029,0,0,58.7571,25.6753,2,53.5046
4091.9,87548.2,99.4723,-5.99551,260.674,-34.9438,1.54628,14153,0,0,700,353.827,25.9368,2,24.4756,-29.0218,-31.0218,-34.9438,31.0218,0,0,58.7701,25.6762,2,53.4974
4092,87550.9,99.4778,-5.99469,260.508,-34.9352,1.54628,14153.1,0,0,700,353.827,25.9368,2,24.4756,-29.0136,-31.0136,-34.9352,31.0136,0,0,58.7831,25.6771,2,53.4892
4092.1,87553.7,99.4832,-5.99382,260.342,-34.9256,1.54628,14153.3,0,0,700,353.827,25.9368,2,24.4756,-29.0043,-31.0043,-34.9256,31.0043,0,0,58.7961,25.678,2,53.4799
4092.2,87556.5,99.4887,-5.99288,260.177,-34.9148,1.54628,14153.4,0,0,700,353.827,25.9368,2,24.4756,-28.994,-30.994,-34.9148,30.994,0,0,58.8091,25.6789,2,53.4696
4092.3,87559.2,99.4941,-5.99189,260.011,-34.9029,1.54628,14153.6,0,0,700,353.827,25.9368,2,24.4756,-28.9827,-30.9827,-34.9029,30.9827,0,0,58.8221,25.6798,2,53.4583
4092.4,87562,99.4995,-5.99083,259.846,-34.89,1.54628,14153.7,0,0,700,353.827,25.9368,2,24.4756,-28.9703,-30.9703,-34.89,30.9703,0,0,58.8351,25.6807,2,53.4459
4092.5,87564.8,99.5049,-5.98972,259.68,-34.876,1.54628,14153.9,0,0,700,353.827,25.9368,2,24.4756,-28.9569,-30.9569,-34.876,30.9569,0,0,58.8481,25.6816,2,53.4325
4092.6,87567.5,99.5103,-5.98855,259.515,-34.8609,1.54628,14154.1,0,0,700,353.827,25.9368,2,24.4756,-28.9424,-30.9424,-34.8609,30.9424,0,0,58.8611,25.6825,2,53.418
4092.7,87570.3,99.5156,-5.98731,259.349,-35.3929,1.54628,14154.2,0,0,700,353.827,25.9368,2,24.4756,-29.4506,-31.4506,-35.3929,31.4506,0,0,58.8742,25.6835,2,53.9262
4092.8,87573.1,99.5189,-5.98602,259.184,-36.5363,1.54628,14154.4,0,0,700,353.827,25.9368,2,24.4756,-30.5425,-32.5425,-36.5363,32.5425,0,0,58.8876,25.6844,2,55.0181
4092.9,87575.8,99.5198,-5.98467,259.018,-37.1931,1.54628,14154.5,0,0,700,353.827,25.9368,2,24.4756,-31.1697,-33.1697,-37.1931,33.1697,0,0,58.9011,25.6854,2,55.6453
4093,87578.6,99.5204,-5.98326,258.853,-37.6432,1.54628,14154.7,0,0,700,353.827,25.9368,2,24.4756,-31.5996,-33.5996,-37.6432,33.5996,0,0,58.9147,25.6864,2,56.0752
4093.1,87581.3,99.5195,-5.98179,258.687,-39.4663,1.54628,14154.8,0,0,700,353.827,25.9368,2,24.4756,-33.3407,-35.3407,-39.4663,35.3407,0,0,58.9288,25.6875,2,57.8163
4093.2,87584.1,99.5132,-5.98025,258.522,-41.56,1.54628,14155,0,0,700,353.827,25.9368,2,24.4756,-35.3402,-37.3402,-41.56,37.3402,0,0,58.9433,25.6886,2,59.8158
4093.3,87586.9,99.5043,-5.97866,258.357,-43.269,1.54628,14155.1,0,0,700,353.827,25.9368,2,24.4756,-36.9724,-38.9724,-43.269,38.9724,0,0,58.9582,25.6898,2,61.448
4093.4,87589.6,99.4913,-5.97701,258.191,-46.1232,1.54628,14155.3,0,0,700,353.827,25.9368,2,24.4756,-39.6981,-41.6981,-46.1232,41.6981,0,0,58.9738,25.6912,2,64.1736
4093.5,87592.4,99.4715,-5.9753,258.026,-49.3894,1.54628,14155.4,0,0,700,353.827,25.9368,2,24.4756,-42.8082,-44.8082,-49.3894,44.8082,0,0,58.9902,25.6926,2,67.2838
4093.6,87595.2,99.4461,-5.97354,257.861,-51.6741,1.54628,14155.6,0,0,700,353.827,25.9368,2,24.4756,-44.9835,-46.9835,-51.6741,46.9835,0,0,59.0071,25.6941,2,69.4591
4093.7,87597.9,99.4175,-5.97171,257.696,-53.2827,1.54628,14155.8,0,0,700,353.827,25.9368,2,24.4756,-46.5151,-48.5151,-53.2827,48.5151,0,0,59.0243,25.6958,2,70.9907
4093.8,87600.7,99.386,-5.96982,257.531,-54.7924,1.54628,14155.9,0,0,700,353.827,25.9368,2,24.4756,-47.9525,-49.9525,-54.7924,49.9525,0,0,59.042,25.6974,2,72.4281
4093.9,87603.4,99.3516,-5.96788,257.367,-55.6249,1.54628,14156.1,0,0,700,353.827,25.9368,2,24.4756,-48.7451,-50.7451,-55.6249,50.7451,0,0,59.0598,25.6991,2,73.2207
4094,87606.2,99.3168,-5.96588,257.202,-55.9993,1.54628,14156.2,0,0,700,353.827,25.9368,2,24.4756,-49.1015,-51.1015,-55.9993,51.1015,0,0,59.0776,25.7009,2,73.577
4094.1,87609,99.2809,-5.96382,257.037,-56.189,1.54628,14156.4,0,0,700,353.827,25.9368,2,24.4756,-49.2819,-51.2819,-56.189,51.2819,0,0,59.0956,25.7026,2,73.7575
4094.2,87611.7,99.2453,-5.9617,256.873,-56.327,1.54628,14156.5,0,0,700,353.827,25.9368,2,24.4756,-49.4132,-51.4132,-56.327,51.4132,0,0,59.1135,25.7044,2,73.8888
4094.3,87614.5,99.2089,-5.95953,256.709,-56.3794,1.54628,14156.7,0,0,700,353.827,25.9368,2,24.4756,-49.463,-51.463,-56.3794,51.463,0,0,59.1315,25.7061,2,73.9386
4094.4,87617.2,99.173,-5.95729,256.545,-56.1105,1.54628,14156.8,0,0,700,353.827,25.9368,2,24.4756,-49.2067,-51.2067,-56.1105,51.2067,0,0,59.1494,25.7078,2,73.6823
4094.5,87620,99.1375,-5.955,256.381,-56.0905,1.54628,14157,0,0,700,353.827,25.9368,2,24.4756,-49.1876,-51.1876,-56.0905,51.1876,0,0,59.1673,25.7096,2,73.6631
4094.6,87622.7,99.1016,-5.95266,256.217,-55.9787,1.54628,14157.1,0,0,700,353.827,25.9368,2,24.4756,-49.081,-51.081,-55.9787,51.081,0,0,59.1852,25.7113,2,73.5566
4094.7,87625.5,99.0664,-5.95025,256.053,-55.9873,1.54628,14157.3,0,0,700,353.827,25.9368,2,24.4756,-49.089,-51.089,-55.9873,51.089,0,0,59.2031,25.713,2,73.5646
4094.8,87628.2,99.0304,-5.94779,255.889,-56.1537,1.54628,14157.5,0,0,700,353.827,25.9368,2,24.4756,-49.2474,-51.2474,-56.1537,51.2474,0,0,59.221,25.7148,2,73.723
4094.9,87631,98.9945,-5.94528,255.726,-56.2286,1.54628,14157.6,0,0,700,353.827,25.9368,2,24.4756,-49.3184,-51.3184,-56.2286,51.3184,0,0,59.239,25.7165,2,73.794
4095,87633.7,98.9581,-5.94271,255.562,-56.3813,1.54628,14157.8,0,0,700,353.827,25.9368,2,24.4756,-49.4637,-51.4637,-56.3813,51.4637,0,0,59.2569,25.7183,2,73.9393
4095.1,87636.5,98.9214,-5.94008,255.399,-56.1669,1.54628,14157.9,0,0,700,353.827,25.9368,2,24.4756,-49.2594,-51.2594,-56.1669,51.2594,0,0,59.2749,25.72,2,73.735
4095.2,87639.2,98.8858,-5.93739,255.236,-54.964,1.54628,14158.1,0,0,700,353.827,25.9368,2,24.4756,-48.1135,-50.1135,-54.964,50.1135,0,0,59.2925,25.7217,2,72.5891
4095.3,87642,98.8536,-5.93465,255.073,-53.0893,1.54628,14158.2,0,0,700,353.827,25.9368,2,24.4756,-46.328,-48.328,-53.0893,48.328,0,0,59.3097,25.7233,2,70.8036
4095.4,87644.7,98.825,-5.93186,254.91,-51.4285,1.54628,14158.4,0,0,700,353.827,25.9368,2,24.4756,-44.7461,-46.7461,-51.4285,46.7461,0,0,59.3265,25.7248,2,69.2217
4095.5,87647.5,98.799,-5.92901,254.747,-49.7237,1.54628,14158.5,0,0,700,353.827,25.9368,2,24.4756,-43.1223,-45.1223,-49.7237,45.1223,0,0,59.343,25.7263,2,67.5979
4095.6,87650.2,98.7768,-5.9261,254.584,-49.3576,1.54628,14158.7,0,0,700,353.827,25.9368,2,24.4756,-42.7735,-44.7735,-49.3576,44.7735,0,0,59.3593,25.7277,2,67.249
4095.7,87653,98.7521,-5.92314,254.422,-50.8711,1.54628,14158.8,0,0,700,353.827,25.9368,2,24.4756,-44.2147,-46.2147,-50.8711,46.2147,0,0,59.376,25.7292,2,68.6903
4095.8,87655.7,98.7239,-5.92012,254.259,-52.4176,1.54628,14159,0,0,700,353.827,25.9368,2,24.4756,-45.6874,-47.6874,-52.4176,47.6874,0,0,59.3931,25.7308,2,70.163
4095.9,87658.5,98.6932,-5.91705,254.097,-53.6845,1.54628,14159.2,0,0,700,353.827,25.9368,2,24.4756,-46.8938,-48.8938,-53.6845,48.8938,0,0,59.4104,25.7324,2,71.3694
4096,87661.2,98.66,-5.91393,253.935,-54.7648,1.54628,14159.3,0,0,700,353.827,25.9368,2,24.4756,-47.9225,-49.9225,-54.7648,49.9225,0,0,59.428,25.7341,2,72.3981
4096.1,87663.9,98.6249,-5.91075,253.773,-54.3873,1.54628,14159.5,0,0,700,353.827,25.9368,2,24.4756,-47.5627,-49.5627,-54.3873,49.5627,0,0,59.4455,25.7357,2,72.0383
4096.2,87666.7,98.593,-5.90752,253.611,-52.5679,1.54628,14159.6,0,0,700,353.827,25.9368,2,24.4756,-45.8297,-47.8297,-52.5679,47.8297,0,0,59.4626,25.7373,2,70.3053
4096.3,87669.4,98.5648,-5.90424,253.449,-51.1489,1.54628,14159.8,0,0,700,353.827,25.9368,2,24.4756,-44.478,-46.478,-51.1489,46.478,0,0,59.4794,25.7388,2,68.9536
4096.4,87672.1,98.5382,-5.9009,253.288,-49.8696,1.54628,14159.9,0,0,700,353.827,25.9368,2,24.4756,-43.2593,-45.2593,-49.8696,45.2593,0,0,59.4959,25.7403,2,67.7349
4096.5,87674.9,98.5147,-5.89751,253.126,-47.8961,1.54628,14160.1,0,0,700,353.827,25.9368,2,24.4756,-41.3795,-43.3795,-47.8961,43.3795,0,0,59.5119,25.7417,2,65.8551
4096.6,87677.6,98.4955,-5.89407,252.965,-45.4222,1.54628,14160.2,0,0,700,353.827,25.9368,2,24.4756,-39.023,-41.023,-45.4222,41.023,0,0,59.5273,25.7429,2,63.4985
4096.7,87680.4,98.4813,-5.89057,252.804,-42.3921,1.54628,14160.4,0,0,700,353.827,25.9368,2,24.4756,-36.1363,-38.1363,-42.3921,38.1363,0,0,59.542,25.7441,2,60.6119
4096.8,87683.1,98.4735,-5.88702,252.643,-38.95,1.54628,14160.5,0,0,700,353.827,25.9368,2,24.4756,-32.8574,-34.8574,-38.95,34.8574,0,0,59.556,25.7452,2,57.333
4096.9,87685.8,98.4723,-5.88342,252.482,-35.8555,1.54628,14160.7,0,0,700,353.827,25.9368,2,24.4756,-29.9098,-31.9098,-35.8555,31.9098,0,0,59.5692,25.7461,2,54.3854
4097,87688.6,98.4761,-5.87977,252.321,-33.6016,1.54628,14160.9,0,0,700,353.827,25.9368,2,24.4756,-27.7656,-29.7656,-33.6016,29.7656,0,0,59.5819,25.7469,2,52.2411
4097.1,87691.3,98.4832,-5.87606,252.16,-32.2127,1.54628,14161,0,0,700,353.827,25.9368,2,24.4756,-26.448,-28.448,-32.2127,28.448,0,0,59.5943,25.7478,2,50.9236
4097.2,87694,98.4921,-5.87231,251.999,-31.8636,1.54628,14161.2,0,0,700,353.827,25.9368,2,24.4756,-26.1167,-28.1167,-31.8636,28.1167,0,0,59.6066,25.7486,2,50.5923
4097.3,87696.8,98.5003,-5.8685,251.839,-32.4203,1.54628,14161.3,0,0,700,353.827,25.9368,2,24.4756,-26.6444,-28.6444,-32.4203,28.6444,0,0,59.619,25.7494,2,51.12
4097.4,87699.5,98.5068,-5.86464,251.678,-33.435,1.54628,14161.5,0,0,700,353.827,25.9368,2,24.4756,-27.6065,-29.6065,-33.435,29.6065,0,0,59.6317,25.7502,2,52.0821
4097.5,87702.2,98.5108,-5.86072,251.518,-34.1649,1.54628,14161.6,0,0,700,353.827,25.9368,2,24.4756,-28.2986,-30.2986,-34.1649,30.2986,0,0,59.6445,25.7511,2,52.7742
4097.6,87705,98.5142,-5.85676,251.357,-34.651,1.54628,14161.8,0,0,700,353.827,25.9368,2,24.4756,-28.761,-30.761,-34.651,30.761,0,0,59.6574,25.752,2,53.2366
4097.7,87707.7,98.5161,-5.85275,251.197,-35.1348,1.54628,14161.9,0,0,700,353.827,25.9368,2,24.4756,-29.2219,-31.2219,-35.1348,31.2219,0,0,59.6705,25.7529,2,53.6975
4097.8,87710.5,98.5174,-5.84868,251.037,-34.7827,1.54628,14162.1,0,0,700,353.827,25.9368,2,24.4756,-28.8863,-30.8863,-34.7827,30.8863,0,0,59.6835,25.7538,2,53.3619
4097.9,87713.2,98.5204,-5.84457,250.877,-33.6373,1.54628,14162.2,0,0,700,353.827,25.9368,2,24.4756,-27.798,-29.798,-33.6373,29.798,0,0,59.6962,25.7546,2,52.2736
4098,87715.9,98.5257,-5.84041,250.717,-32.775,1.54628,14162.4,0,0,700,353.827,25.9368,2,24.4756,-26.98,-28.98,-32.775,28.98,0,0,59.7087,25.7555,2,51.4556
4098.1,87718.7,98.5317,-5.83619,250.557,-32.7415,1.54628,14162.6,0,0,700,353.827,25.9368,2,24.4756,-26.9481,-28.9481,-32.7415,28.9481,0,0,59.7212,25.7563,2,51.4236
4098.2,87721.4,98.5369,-5.83193,250.398,-33.3908,1.54628,14162.7,0,0,700,353.827,25.9368,2,24.4756,-27.5637,-29.5637,-33.3908,29.5637,0,0,59.7338,25.7571,2,52.0392
4098.3,87724.1,98.5401,-5.82762,250.238,-34.6216,1.54628,14162.9,0,0,700,353.827,25.9368,2,24.4756,-28.7322,-30.7322,-34.6216,30.7322,0,0,59.7468,25.758,2,53.2078
4098.4,87726.9,98.5402,-5.82326,250.079,-36.0408,1.54628,14163,0,0,700,353.827,25.9368,2,24.4756,-30.0844,-32.0844,-36.0408,32.0844,0,0,59.76,25.759,2,54.56
4098.5,87729.6,98.5377,-5.81885,249.919,-38.083,1.54628,14163.2,0,0,700,353.827,25.9368,2,24.4756,-32.0303,-34.0303,-38.083,34.0303,0,0,59.7738,25.76,2,56.5059
4098.6,87732.3,98.5298,-5.81439,249.76,-40.2308,1.54628,14163.3,0,0,700,353.827,25.9368,2,24.4756,-34.0769,-36.0769,-40.2308,36.0769,0,0,59.788,25.7611,2,58.5525
4098.7,87735.1,98.5187,-5.80989,249.601,-42.1973,1.54628,14163.5,0,0,700,353.827,25.9368,2,24.4756,-35.9506,-37.9506,-42.1973,37.9506,0,0,59.8027,25.7622,2,60.4262
4098.8,87737.8,98.5029,-5.80534,249.442,-44.5347,1.54628,14163.6,0,0,700,353.827,25.9368,2,24.4756,-38.1774,-40.1774,-44.5347,40.1774,0,0,59.8179,25.7635,2,62.653
4098.9,87740.6,98.4827,-5.80075,249.283,-46.4709,1.54628,14163.8,0,0,700,353.827,25.9368,2,24.4756,-40.0217,-42.0217,-46.4709,42.0217,0,0,59.8336,25.7648,2,64.4973
4099,87743.3,98.4592,-5.79611,249.125,-47.1451,1.54628,14163.9,0,0,700,353.827,25.9368,2,24.4756,-40.6637,-42.6637,-47.1451,42.6637,0,0,59.8494,25.7661,2,65.1393
4099.1,87746,98.4361,-5.79143,248.966,-46.9689,1.54628,14164.1,0,0,700,353.827,25.9368,2,24.4756,-40.4957,-42.4957,-46.9689,42.4957,0,0,59.8652,25.7675,2,64.9713
4099.2,87748.8,98.413,-5.7867,248.808,-46.5348,1.54628,14164.3,0,0,700,353.827,25.9368,2,24.4756,-40.0821,-42.0821,-46.5348,42.0821,0,0,59.8809,25.7688,2,64.5577
4099.3,87751.5,98.3913,-5.78193,248.65,-45.8396,1.54628,14164.4,0,0,700,353.827,25.9368,2,24.4756,-39.4197,-41.4197,-45.8396,41.4197,0,0,59.8965,25.7701,2,63.8953
4099.4,87754.2,98.3707,-5.77711,248.492,-46.0837,1.54628,14164.6,0,0,700,353.827,25.9368,2,24.4756,-39.6521,-41.6521,-46.0837,41.6521,0,0,59.9121,25.7714,2,64.1276
4099.5,87757,98.3477,-5.77225,248.334,-47.5415,1.54628,14164.7,0,0,700,353.827,25.9368,2,24.4756,-41.0404,-43.0404,-47.5415,43.0404,0,0,59.928,25.7727,2,65.5159
4099.6,87759.7,98.3212,-5.76735,248.177,-49.3219,1.54628,14164.9,0,0,700,353.827,25.9368,2,24.4756,-42.7361,-44.7361,-49.3219,44.7361,0,0,59.9443,25.7742,2,67.2117
4099.7,87762.4,98.2912,-5.7624,248.019,-50.2663,1.54628,14165,0,0,700,353.827,25.9368,2,24.4756,-43.6354,-45.6354,-50.2663,45.6354,0,0,59.9609,25.7757,2,68.111
4099.8,87765.2,98.2607,-5.75742,247.862,-50.2503,1.54628,14165.2,0,0,700,353.827,25.9368,2,24.4756,-43.6199,-45.6199,-50.2503,45.6199,0,0,59.9774,25.7771,2,68.0955
4099.9,87767.9,98.2305,-5.75239,247.705,-49.8111,1.54628,14165.3,0,0,700,353.827,25.9368,2,24.4756,-43.2014,-45.2014,-49.8111,45.2014,0,0,59.9939,25.7786,2,67.677
4100,87770.6,98.2014,-5.74732,247.548,-49.0342,1.54628,14165.5,0,0,700,353.827,25.9368,2,24.4756,-42.4611,-44.4611,-49.0342,44.4611,0,0,60.0102,25.78,2,66.9367
4100.1,87773.3,98.1739,-5.74222,247.391,-48.1153,1.54628,14165.7,0,0,700,353.827,25.9368,2,24.4756,-41.5856,-43.5856,-48.1153,43.5856,0,0,60.0262,25.7814,2,66.0612
4100.2,87776.1,98.1481,-5.73707,247.235,-47.467,1.54628,14165.8,0,0,700,353.827,25.9368,2,24.4756,-40.9679,-42.9679,-47.467,42.9679,0,0,60.0421,25.7827,2,65.4435
4100.3,87778.8,98.1228,-5.73188,247.079,-47.1299,1.54628,14166,0,0,700,353.827,25.9368,2,24.4756,-40.6466,-42.6466,-47.1299,42.6466,0,0,60.058,25.7841,2,65.1222
4100.4,87781.5,98.098,-5.72666,246.922,-46.8818,1.54628,14166.1,0,0,700,353.827,25.9368,2,24.4756,-40.41,-42.41,-46.8818,42.41,0,0,60.0737,25.7854,2,64.8856
4100.5,87784.2,98.0733,-5.72139,246.767,-46.362,1.54628,14166.3,0,0,700,353.827,25.9368,2,24.4756,-39.9147,-41.9147,-46.362,41.9147,0,0,60.0894,25.7867,2,64.3903
4100.6,87787,98.0502,-5.71609,246.611,-44.9601,1.54628,14166.4,0,0,700,353.827,25.9368,2,24.4756,-38.5799,-40.5799,-44.9601,40.5799,0,0,60.1047,25.788,2,63.0555
4100.7,87789.7,98.0306,-5.71075,246.455,-43.0967,1.54628,14166.6,0,0,700,353.827,25.9368,2,24.4756,-36.8077,-38.8077,-43.0967,38.8077,0,0,60.1196,25.7892,2,61.2833
4100.8,87792.4,98.0144,-5.70537,246.3,-42.3504,1.54628,14166.7,0,0,700,353.827,25.9368,2,24.4756,-36.0981,-38.0981,-42.3504,38.0981,0,0,60.1343,25.7903,2,60.5737
4100.9,87795.1,97.9973,-5.69995,246.145,-42.524,1.54628,14166.9,0,0,700,353.827,25.9368,2,24.4756,-36.2632,-38.2632,-42.524,38.2632,0,0,60.1491,25.7915,2,60.7388
4101,87797.9,97.9801,-5.6945,245.989,-42.7204,1.54628,14167,0,0,700,353.827,25.9368,2,24.4756,-36.45,-38.45,-42.7204,38.45,0,0,60.1639,25.7927,2,60.9255
4101.1,87800.6,97.9619,-5.68901,245.835,-43.7036,1.54628,14167.2,0,0,700,353.827,25.9368,2,24.4756,-37.3846,-39.3846,-43.7036,39.3846,0,0,60.179,25.7939,2,61.8602
4101.2,87803.3,97.9406,-5.68348,245.68,-45.7955,1.54628,14167.4,0,0,700,353.827,25.9368,2,24.4756,-39.3739,-41.3739,-45.7955,41.3739,0,0,60.1945,25.7952,2,63.8495
4101.3,87806,97.9141,-5.67792,245.525,-47.7017,1.54628,14167.5,0,0,700,353.827,25.9368,2,24.4756,-41.1896,-43.1896,-47.7017,43.1896,0,0,60.2104,25.7965,2,65.6652
4101.4,87808.7,97.8851,-5.67232,245.371,-48.67,1.54628,14167.7,0,0,700,353.827,25.9368,2,24.4756,-42.1118,-44.1118,-48.67,44.1118,0,0,60.2266,25.7979,2,66.5874
4101.5,87811.5,97.8545,-5.66669,245.217,-49.3963,1.54628,14167.8,0,0,700,353.827,25.9368,2,24.4756,-42.8035,-44.8035,-49.3963,44.8035,0,0,60.243,25.7994,2,67.2791
4101.6,87814.2,97.8223,-5.66103,245.063,-49.5898,1.54628,14168,0,0,700,353.827,25.9368,2,24.4756,-42.9877,-44.9877,-49.5898,44.9877,0,0,60.2594,25.8008,2,67.4633
4101.7,87816.9,97.7907,-5.65534,244.909,-48.5222,1.54628,14168.1,0,0,700,353.827,25.9368,2,24.4756,-41.9703,-43.9703,-48.5222,43.9703,0,0,60.2755,25.8022,2,66.4459
4101.8,87819.6,97.7624,-5.64961,244.756,-45.8882,1.54628,14168.3,0,0,700,353.827,25.9368,2,24.4756,-39.4607,-41.4607,-45.8882,41.4607,0,0,60.2911,25.8035,2,63.9363
4101.9,87822.3,97.7406,-5.64385,244.602,-41.8674,1.54628,14168.4,0,0,700,353.827,25.9368,2,24.4756,-35.6398,-37.6398,-41.8674,37.6398,0,0,60.3057,25.8046,2,60.1154
4102,87825,97.7274,-5.63806,244.449,-37.2964,1.54628,14168.6,0,0,700,353.827,25.9368,2,24.4756,-31.298,-33.298,-37.2964,33.298,0,0,60.3192,25.8056,2,55.7736
4102.1,87827.7,97.7229,-5.63223,244.296,-33.3335,1.54628,14168.7,0,0,700,353.827,25.9368,2,24.4756,-27.5351,-29.5351,-33.3335,29.5351,0,0,60.3319,25.8064,2,52.0107
4102.2,87830.5,97.7247,-5.62637,244.143,-30.3774,1.54628,14168.9,0,0,700,353.827,25.9368,2,24.4756,-24.7315,-26.7315,-30.3774,26.7315,0,0,60.3439,25.8072,2,49.2071
4102.3,87833.2,97.7313,-5.62049,243.991,-28.8877,1.54628,14169.1,0,0,700,353.827,25.9368,2,24.4756,-23.3185,-25.3185,-28.8877,25.3185,0,0,60.3555,25.8079,2,47.794
4102.4,87835.9,97.7384,-5.61456,243.838,-28.9545,1.54628,14169.2,0,0,700,353.827,25.9368,2,24.4756,-23.3817,-25.3817,-28.9545,25.3817,0,0,60.3671,25.8086,2,47.8572
4102.5,87838.6,97.7442,-5.60861,243.686,-29.2957,1.54628,14169.4,0,0,700,353.827,25.9368,2,24.4756,-23.705,-25.705,-29.2957,25.705,0,0,60.3788,25.8093,2,48.1806
4102.6,87841.3,97.7496,-5.60263,243.534,-29.6296,1.54628,14169.5,0,0,700,353.827,25.9368,2,24.4756,-24.0215,-26.0215,-29.6296,26.0215,0,0,60.3906,25.81,2,48.4971
4102.7,87844,97.7538,-5.59662,243.382,-30.0872,1.54628,14169.7,0,0,700,353.827,25.9368,2,24.4756,-24.4554,-26.4554,-30.0872,26.4554,0,0,60.4025,25.8108,2,48.931
4102.8,87846.8,97.757,-5.59057,243.23,-30.0371,1.54628,14169.8,0,0,700,353.827,25.9368,2,24.4756,-24.4078,-26.4078,-30.0371,26.4078,0,0,60.4144,25.8115,2,48.8834
4102.9,87849.5,97.7609,-5.5845,243.078,-30.1266,1.54628,14170,0,0,700,353.827,25.9368,2,24.4756,-24.4925,-26.4925,-30.1266,26.4925,0,0,60.4263,25.8122,2,48.9681
4103,87852.2,97.7633,-5.5784,242.926,-30.4955,1.54628,14170.1,0,0,700,353.827,25.9368,2,24.4756,-24.8423,-26.8423,-30.4955,26.8423,0,0,60.4383,25.813,2,49.3179
4103.1,87854.9,97.7654,-5.57227,242.775,-30.273,1.54628,14170.3,0,0,700,353.827,25.9368,2,24.4756,-24.6312,-26.6312,-30.273,26.6312,0,0,60.4502,25.8137,2,49.1068
4103.2,87857.6,97.7683,-5.56612,242.624,-29.9525,1.54628,14170.4,0,0,700,353.827,25.9368,2,24.4756,-24.3271,-26.3271,-29.9525,26.3271,0,0,60.4621,25.8145,2,48.8027
4103.3,87860.3,97.7712,-5.55993,242.473,-30.1791,1.54628,14170.6,0,0,700,353.827,25.9368,2,24.4756,-24.542,-26.542,-30.1791,26.542,0,0,60.474,25.8152,2,49.0176
4103.4,87863,97.7727,-5.55372,242.322,-30.8509,1.54628,14170.8,0,0,700,353.827,25.9368,2,24.4756,-25.1791,-27.1791,-30.8509,27.1791,0,0,60.4861,25.816,2,49.6547
4103.5,87865.8,97.7726,-5.54749,242.171,-32.0951,1.54628,14170.9,0,0,700,353.827,25.9368,2,24.4756,-26.359,-28.359,-32.0951,28.359,0,0,60.4984,25.8168,2,50.8346
4103.6,87868.5,97.7689,-5.54122,242.02,-33.6473,1.54628,14171.1,0,0,700,353.827,25.9368,2,24.4756,-27.8312,-29.8312,-33.6473,29.8312,0,0,60.5111,25.8176,2,52.3068
4103.7,87871.2,97.7624,-5.53494,241.87,-35.2677,1.54628,14171.2,0,0,700,353.827,25.9368,2,24.4756,-29.3701,-31.3701,-35.2677,31.3701,0,0,60.5242,25.8185,2,53.8457
4103.8,87873.9,97.7521,-5.52863,241.72,-36.8777,1.54628,14171.4,0,0,700,353.827,25.9368,2,24.4756,-30.8998,-32.8998,-36.8777,32.8998,0,0,60.5377,25.8195,2,55.3754
4103.9,87876.6,97.7389,-5.52229,241.57,-37.3439,1.54628,14171.5,0,0,700,353.827,25.9368,2,24.4756,-31.3429,-33.3429,-37.3439,33.3429,0,0,60.5513,25.8204,2,55.8185
4104,87879.3,97.7264,-5.51594,241.42,-36.7789,1.54628,14171.7,0,0,700,353.827,25.9368,2,24.4756,-30.8065,-32.8065,-36.7789,32.8065,0,0,60.5647,25.8214,2,55.2821
4104.1,87882.1,97.715,-5.50956,241.27,-36.3828,1.54628,14171.8,0,0,700,353.827,25.9368,2,24.4756,-30.4305,-32.4305,-36.3828,32.4305,0,0,60.5781,25.8223,2,54.9061
4104.2,87884.8,97.7036,-5.50316,241.121,-36.3142,1.54628,14172,0,0,700,353.827,25.9368,2,24.4756,-30.3657,-32.3657,-36.3142,32.3657,0,0,60.5914,25.8233,2,54.8413
4104.3,87887.5,97.6921,-5.49674,240.972,-35.6548,1.54628,14172.1,0,0,700,353.827,25.9368,2,24.4756,-29.7397,-31.7397,-35.6548,31.7397,0,0,60.6046,25.8242,2,54.2153
4104.4,87890.2,97.6829,-5.49029,240.823,-34.6986,1.54628,14172.3,0,0,700,353.827,25.9368,2,24.4756,-28.8318,-30.8318,-34.6986,30.8318,0,0,60.6175,25.8251,2,53.3074
4104.5,87892.9,97.6747,-5.48383,240.674,-34.5965,1.54628,14172.5,0,0,700,353.827,25.9368,2,24.4756,-28.7351,-30.7351,-34.5965,30.7351,0,0,60.6305,25.826,2,53.2107
4104.6,87895.6,97.6654,-5.47735,240.525,-35.4092,1.54628,14172.6,0,0,700,353.827,25.9368,2,24.4756,-29.5072,-31.5072,-35.4092,31.5072,0,0,60.6436,25.8269,2,53.9828
4104.7,87898.3,97.6536,-5.47085,240.376,-36.2841,1.54628,14172.8,0,0,700,353.827,25.9368,2,24.4756,-30.3383,-32.3383,-36.2841,32.3383,0,0,60.6569,25.8278,2,54.8139
4104.8,87901,97.6405,-5.46433,240.228,-37.7482,1.54628,14172.9,0,0,700,353.827,25.9368,2,24.4756,-31.7288,-33.7288,-37.7482,33.7288,0,0,60.6706,25.8288,2,56.2044
4104.9,87903.8,97.6227,-5.45779,240.08,-40.3143,1.54628,14173.1,0,0,700,353.827,25.9368,2,24.4756,-34.1655,-36.1655,-40.3143,36.1655,0,0,60.6848,25.8299,2,58.6411
4105,87906.5,97.5993,-5.45123,239.932,-43.027,1.54628,14173.2,0,0,700,353.827,25.9368,2,24.4756,-36.7411,-38.7411,-43.027,38.7411,0,0,60.6997,25.831,2,61.2167
4105.1,87909.2,97.5706,-5.44466,239.785,-45.1872,1.54628,14173.4,0,0,700,353.827,25.9368,2,24.4756,-38.7916,-40.7916,-45.1872,40.7916,0,0,60.7151,25.8323,2,63.2672
4105.2,87911.9,97.5384,-5.43807,239.637,-47.0338,1.54628,14173.5,0,0,700,353.827,25.9368,2,24.4756,-40.5502,-42.5502,-47.0338,42.5502,0,0,60.7309,25.8336,2,65.0258
4105.3,87914.6,97.5022,-5.43147,239.49,-48.7501,1.54628,14173.7,0,0,700,353.827,25.9368,2,24.4756,-42.185,-44.185,-48.7501,44.185,0,0,60.7471,25.835,2,66.6606
4105.4,87917.3,97.463,-5.42486,239.343,-49.9793,1.54628,14173.8,0,0,700,353.827,25.9368,2,24.4756,-43.3559,-45.3559,-49.9793,45.3559,0,0,60.7636,25.8365,2,67.8315
4105.5,87920,97.4216,-5.41823,239.196,-49.9911,1.54628,14174,0,0,700,353.827,25.9368,2,24.4756,-43.3667,-45.3667,-49.9911,45.3667,0,0,60.7801,25.8379,2,67.8423
4105.6,87922.7,97.3821,-5.41159,239.05,-48.9632,1.54628,14174.2,0,0,700,353.827,25.9368,2,24.4756,-42.3869,-44.3869,-48.9632,44.3869,0,0,60.7963,25.8393,2,66.8625
4105.7,87925.4,97.3443,-5.40494,238.903,-47.5807,1.54628,14174.3,0,0,700,353.827,25.9368,2,24.4756,-41.0694,-43.0694,-47.5807,43.0694,0,0,60.8123,25.8407,2,65.545
4105.8,87928.1,97.3097,-5.39828,238.757,-46.0432,1.54628,14174.5,0,0,700,353.827,25.9368,2,24.4756,-39.604,-41.604,-46.0432,41.604,0,0,60.8279,25.842,2,64.0796
4105.9,87930.8,97.2776,-5.3916,238.611,-44.3616,1.54628,14174.6,0,0,700,353.827,25.9368,2,24.4756,-38.0053,-40.0053,-44.3616,40.0053,0,0,60.843,25.8432,2,62.4809
4106,87933.5,97.2491,-5.38492,238.466,-43.8022,1.54628,14174.8,0,0,700,353.827,25.9368,2,24.4756,-37.4746,-39.4746,-43.8022,39.4746,0,0,60.8581,25.8444,2,61.9502
4106.1,87936.2,97.2187,-5.37822,238.321,-44.5915,1.54628,14174.9,0,0,700,353.827,25.9368,2,24.4756,-38.2226,-40.2226,-44.5915,40.2226,0,0,60.8733,25.8457,2,62.6982
4106.2,87938.9,97.1869,-5.37152,238.175,-45.2285,1.54628,14175.1,0,0,700,353.827,25.9368,2,24.4756,-38.8265,-40.8265,-45.2285,40.8265,0,0,60.8887,25.8469,2,63.3021
4106.3,87941.6,97.1536,-5.3648,238.031,-45.3375,1.54628,14175.2,0,0,700,353.827,25.9368,2,24.4756,-38.93,-40.93,-45.3375,40.93,0,0,60.9041,25.8482,2,63.4056
4106.4,87944.3,97.1209,-5.35808,237.886,-45.6633,1.54628,14175.4,0,0,700,353.827,25.9368,2,24.4756,-39.2401,-41.2401,-45.6633,41.2401,0,0,60.9196,25.8495,2,63.7157
4106.5,87947,97.086,-5.35135,237.741,-46.3476,1.54628,14175.5,0,0,700,353.827,25.9368,2,24.4756,-39.8918,-41.8918,-46.3476,41.8918,0,0,60.9353,25.8508,2,64.3674
4106.6,87949.7,97.0503,-5.34461,237.597,-46.5261,1.54628,14175.7,0,0,700,353.827,25.9368,2,24.4756,-40.0616,-42.0616,-46.5261,42.0616,0,0,60.951,25.8521,2,64.5372
4106.7,87952.4,97.0143,-5.33786,237.453,-46.019,1.54628,14175.9,0,0,700,353.827,25.9368,2,24.4756,-39.578,-41.578,-46.019,41.578,0,0,60.9665,25.8534,2,64.0536
4106.8,87955.1,96.9802,-5.33111,237.31,-44.997,1.54628,14176,0,0,700,353.827,25.9368,2,24.4756,-38.604,-40.604,-44.997,40.604,0,0,60.9819,25.8546,2,63.0795
4106.9,87957.8,96.9478,-5.32435,237.166,-43.7599,1.54628,14176.2,0,0,700,353.827,25.9368,2,24.4756,-37.4322,-39.4322,-43.7599,39.4322,0,0,60.9969,25.8558,2,61.9077
4107,87960.5,96.9181,-5.31759,237.023,-41.9325,1.54628,14176.3,0,0,700,353.827,25.9368,2,24.4756,-35.7019,-37.7019,-41.9325,37.7019,0,0,61.0116,25.8569,2,60.1775
4107.1,87963.2,96.8924,-5.31082,236.88,-39.7796,1.54628,14176.5,0,0,700,353.827,25.9368,2,24.4756,-33.6638,-35.6638,-39.7796,35.6638,0,0,61.0257,25.858,2,58.1394
4107.2,87965.9,96.8707,-5.30405,236.737,-38.1701,1.54628,14176.6,0,0,700,353.827,25.9368,2,24.4756,-32.1405,-34.1405,-38.1701,34.1405,0,0,61.0395,25.859,2,56.6161
4107.3,87968.6,96.8509,-5.29727,236.594,-37.3097,1.54628,14176.8,0,0,700,353.827,25.9368,2,24.4756,-31.3264,-33.3264,-37.3097,33.3264,0,0,61.053,25.86,2,55.802
4107.4,87971.3,96.8321,-5.29049,236.452,-36.833,1.54628,14176.9,0,0,700,353.827,25.9368,2,24.4756,-30.8756,-32.8756,-36.833,32.8756,0,0,61.0665,25.8609,2,55.3512
4107.5,87974,96.8138,-5.2837,236.31,-36.2751,1.54628,14177.1,0,0,700,353.827,25.9368,2,24.4756,-30.3479,-32.3479,-36.2751,32.3479,0,0,61.0798,25.8618,2,54.8235
4107.6,87976.6,96.7968,-5.27692,236.168,-35.7787,1.54628,14177.2,0,0,700,353.827,25.9368,2,24.4756,-29.8786,-31.8786,-35.7787,31.8786,0,0,61.093,25.8628,2,54.3542
4107.7,87979.3,96.7799,-5.27012,236.026,-35.1431,1.54628,14177.4,0,0,700,353.827,25.9368,2,24.4756,-29.2776,-31.2776,-35.1431,31.2776,0,0,61.1061,25.8636,2,53.7532
4107.8,87982,96.765,-5.26333,235.884,-34.2834,1.54628,14177.6,0,0,700,353.827,25.9368,2,24.4756,-28.4645,-30.4645,-34.2834,30.4645,0,0,61.119,25.8645,2,52.9401
4107.9,87984.7,96.7511,-5.25653,235.743,-33.0299,1.54628,14177.7,0,0,700,353.827,25.9368,2,24.4756,-27.2775,-29.2775,-33.0299,29.2775,0,0,61.1315,25.8653,2,51.7531
4108,87987.4,96.7406,-5.24973,235.602,-32.0564,1.54628,14177.9,0,0,700,353.827,25.9368,2,24.4756,-26.3545,-28.3545,-32.0564,28.3545,0,0,61.1439,25.8661,2,50.8301
4108.1,87990.1,96.7301,-5.24294,235.461,-31.8097,1.54628,14178,0,0,700,353.827,25.9368,2,24.4756,-26.1209,-28.1209,-31.8097,28.1209,0,0,61.1562,25.8669,2,50.5965
4108.2,87992.8,96.7201,-5.23614,235.32,-31.7628,1.54628,14178.2,0,0,700,353.827,25.9368,2,24.4756,-26.0767,-28.0767,-31.7628,28.0767,0,0,61.1685,25.8677,2,50.5523
4108.3,87995.5,96.7093,-5.22933,235.179,-32.0532,1.54628,14178.3,0,0,700,353.827,25.9368,2,24.4756,-26.3526,-28.3526,-32.0532,28.3526,0,0,61.1808,25.8685,2,50.8281
4108.4,87998.1,96.6978,-5.22254,235.039,-32.1782,1.54628,14178.5,0,0,700,353.827,25.9368,2,24.4756,-26.4714,-28.4714,-32.1782,28.4714,0,0,61.1932,25.8693,2,50.947
4108.5,88000.8,96.6861,-5.21574,234.899,-31.2837,1.54628,14178.6,0,0,700,353.827,25.9368,2,24.4756,-25.6235,-27.6235,-31.2837,27.6235,0,0,61.2054,25.8701,2,50.0991
4108.6,88003.5,96.6777,-5.20894,234.759,-29.0489,1.54628,14178.8,0,0,700,353.827,25.9368,2,24.4756,-23.5044,-25.5044,-29.0489,25.5044,0,0,61.2171,25.8708,2,47.98
4108.7,88006.2,96.6743,-5.20214,234.619,-26.4451,1.54628,14178.9,0,0,700,353.827,25.9368,2,24.4756,-21.0351,-23.0351,-26.4451,23.0351,0,0,61.2281,25.8714,2,45.5107
4108.8,88008.9,96.6756,-5.19535,234.48,-23.5927,1.54628,14179.1,0,0,700,353.827,25.9368,2,24.4756,-18.3299,-20.3299,-23.5927,20.3299,0,0,61.2385,25.8719,2,42.8055
4108.9,88011.6,96.6828,-5.18856,234.34,-20.9503,1.54628,14179.3,0,0,700,353.827,25.9368,2,24.4756,-15.8129,-17.8129,-20.9503,17.8129,0,0,61.2483,25.8724,2,40.2885
4109,88014.3,96.694,-5.18176,234.201,-19.157,1.54628,14179.4,0,0,700,353.827,25.9368,2,24.4756,-14.0988,-16.0988,-19.157,16.0988,0,0,61.2577,25.8728,2,38.5744
4109.1,88016.9,96.7077,-5.17498,234.062,-18.1858,1.54628,14179.6,0,0,700,353.827,25.9368,2,24.4756,-13.1703,-15.1703,-18.1858,15.1703,0,0,61.2669,25.8732,2,37.6459
4109.2,88019.6,96.7221,-5.16819,233.923,-17.7739,1.54628,14179.7,0,0,700,353.827,25.9368,2,24.4756,-12.7761,-14.7761,-17.7739,14.7761,0,0,61.2759,25.8736,2,37.2517
4109.3,88022.3,96.737,-5.16141,233.784,-17.5393,1.54628,14179.9,0,0,700,353.827,25.9368,2,24.4756,-12.5515,-14.5515,-17.5393,14.5515,0,0,61.2849,25.874,2,37.0271
4109.4,88025,96.7518,-5.15463,233.645,-17.4355,1.54628,14180,0,0,700,353.827,25.9368,2,24.4756,-12.4518,-14.4518,-17.4355,14.4518,0,0,61.2939,25.8744,2,36.9274
4109.5,88027.7,96.7666,-5.14785,233.507,-17.3318,1.54628,14180.2,0,0,700,353.827,25.9368,2,24.4756,-12.3522,-14.3522,-17.3318,14.3522,0,0,61.3029,25.8748,2,36.8278
4109.6,88030.4,96.7813,-5.14108,233.369,-17.228,1.54628,14180.3,0,0,700,353.827,25.9368,2,24.4756,-12.2525,-14.2525,-17.228,14.2525,0,0,61.3118,25.8751,2,36.7281
4109.7,88033.1,96.796,-5.13432,233.231,-17.1242,1.54628,14180.5,0,0,700,353.827,25.9368,2,24.4756,-12.1529,-14.1529,-17.1242,14.1529,0,0,61.3207,25.8755,2,36.6285
4109.8,88035.8,96.8106,-5.12756,233.093,-17.0205,1.54628,14180.6,0,0,700,353.827,25.9368,2,24.4756,-12.0532,-14.0532,-17.0205,14.0532,0,0,61.3296,25.8759,2,36.5288
4109.9,88038.4,96.8252,-5.1208,232.955,-16.9167,1.54628,14180.8,0,0,700,353.827,25.9368,2,24.4756,-11.9536,-13.9536,-16.9167,13.9536,0,0,61.3384,25.8763,2,36.4292
4110,88041.1,96.8397,-5.11406,232.817,-16.813,1.54628,14181,0,0,700,353.827,25.9368,2,24.4756,-11.854,-13.854,-16.813,13.854,0,0,61.3473,25.8766,2,36.3296
4110.1,88043.8,96.8542,-5.10732,232.68,-16.7094,1.54628,14181.1,0,0,700,353.827,25.9368,2,24.4756,-11.7545,-13.7545,-16.7094,13.7545,0,0,61.3561,25.877,2,36.2301
4110.2,88046.5,96.8686,-5.10059,232.542,-16.6058,1.54628,14181.3,0,0,700,353.827,25.9368,2,24.4756,-11.655,-13.655,-16.6058,13.655,0,0,61.3648,25.8774,2,36.1306
4110.3,88049.2,96.883,-5.09386,232.405,-16.5022,1.54628,14181.4,0,0,700,353.827,25.9368,2,24.4756,-11.5556,-13.5556,-16.5022,13.5556,0,0,61.3736,25.8777,2,36.0312
4110.4,88051.9,96.8973,-5.08715,232.268,-16.3987,1.54628,14181.6,0,0,700,353.827,25.9368,2,24.4756,-11.4562,-13.4562,-16.3987,13.4562,0,0,61.3823,25.8781,2,35.9318
4110.5,88054.6,96.9116,-5.08044,232.131,-16.2953,1.54628,14181.7,0,0,700,353.827,25.9368,2,24.4756,-11.3569,-13.3569,-16.2953,13.3569,0,0,61.391,25.8784,2,35.8325
4110.6,88057.3,96.9258,-5.07374,231.995,-16.192,1.54628,14181.9,0,0,700,353.827,25.9368,2,24.4756,-11.2577,-13.2577,-16.192,13.2577,0,0,61.3997,25.8788,2,35.7333
4110.7,88060,96.94,-5.06706,231.858,-16.0888,1.54628,14182,0,0,700,353.827,25.9368,2,24.4756,-11.1586,-13.1586,-16.0888,13.1586,0,0,61.4084,25.8791,2,35.6342
4110.8,88062.7,96.9541,-5.06038,231.722,-15.9856,1.54628,14182.2,0,0,700,353.827,25.9368,2,24.4756,-11.0596,-13.0596,-15.9856,13.0596,0,0,61.417,25.8795,2,35.5352
4110.9,88065.4,96.9682,-5.05371,231.585,-15.8826,1.54628,14182.4,0,0,700,353.827,25.9368,2,24.4756,-10.9607,-12.9607,-15.8826,12.9607,0,0,61.4257,25.8798,2,35.4363
4111,88068.1,96.9822,-5.04706,231.449,-15.7797,1.54628,14182.5,0,0,700,353.827,25.9368,2,24.4756,-10.8619,-12.8619,-15.7797,12.8619,0,0,61.4342,25.8802,2,35.3375
4111.1,88070.7,96.9962,-5.04042,231.314,-15.677,1.54628,14182.7,0,0,700,353.827,25.9368,2,24.4756,-10.7632,-12.7632,-15.677,12.7632,0,0,61.4428,25.8805,2,35.2388
4111.2,88073.4,97.0101,-5.03379,231.178,-15.5744,1.54628,14182.8,0,0,700,353.827,25.9368,2,24.4756,-10.6647,-12.6647,-15.5744,12.6647,0,0,61.4514,25.8809,2,35.1403
4111.3,88076.1,97.024,-5.02717,231.042,-15.4719,1.54628,14183,0,0,700,353.827,25.9368,2,24.4756,-10.5663,-12.5663,-15.4719,12.5663,0,0,61.4599,25.8812,2,35.0419
4111.4,88078.8,97.0378,-5.02057,230.907,-15.3696,1.54628,14183.1,0,0,700,353.827,25.9368,2,24.4756,-10.4681,-12.4681,-15.3696,12.4681,0,0,61.4684,25.8815,2,34.9437
4111.5,88081.5,97.0516,-5.01398,230.772,-15.2674,1.54628,14183.3,0,0,700,353.827,25.9368,2,24.4756,-10.37,-12.37,-15.2674,12.37,0,0,61.4768,25.8819,2,34.8456
4111.6,88084.2,97.0654,-5.0074,230.637,-15.1654,1.54628,14183.4,0,0,700,353.827,25.9368,2,24.4756,-10.2721,-12.2721,-15.1654,12.2721,0,0,61.4853,25.8822,2,34.7477
4111.7,88086.9,97.0791,-5.00084,230.502,-15.0636,1.54628,14183.6,0,0,700,353.827,25.9368,2,24.4756,-10.1744,-12.1744,-15.0636,12.1744,0,0,61.4937,25.8825,2,34.6499
4111.8,88089.6,97.0927,-4.9943,230.367,-14.962,1.54628,14183.7,0,0,700,353.827,25.9368,2,24.4756,-10.0768,-12.0768,-14.962,12.0768,0,0,61.5021,25.8828,2,34.5524
4111.9,88092.3,97.1063,-4.98777,230.232,-14.8606,1.54628,14183.9,0,0,700,353.827,25.9368,2,24.4756,-9.97945,-11.9795,-14.8606,11.9795,0,0,61.5105,25.8832,2,34.455
4112,88095,97.1199,-4.98126,230.098,-14.7594,1.54628,14184.1,0,0,700,353.827,25.9368,2,24.4756,-9.8823,-11.8823,-14.7594,11.8823,0,0,61.5188,25.8835,2,34.3579
4112.1,88097.7,97.1334,-4.97476,229.963,-14.6584,1.54628,14184.2,0,0,700,353.827,25.9368,2,24.4756,-9.78535,-11.7853,-14.6584,11.7853,0,0,61.5272,25.8838,2,34.2609
4112.2,88100.4,97.1468,-4.96828,229.829,-14.5577,1.54628,14184.4,0,0,700,353.827,25.9368,2,24.4756,-9.68861,-11.6886,-14.5577,11.6886,0,0,61.5355,25.8841,2,34.1642
4112.3,88103.1,97.1603,-4.96182,229.695,-14.4572,1.54628,14184.5,0,0,700,353.827,25.9368,2,24.4756,-9.5921,-11.5921,-14.4572,11.5921,0,0,61.5438,25.8844,2,34.0677
4112.4,88105.8,97.1736,-4.95538,229.561,-14.3569,1.54628,14184.7,0,0,700,353.827,25.9368,2,24.4756,-9.49583,-11.4958,-14.3569,11.4958,0,0,61.552,25.8847,2,33.9714
4112.5,88108.5,97.187,-4.94895,229.428,-14.2568,1.54628,14184.8,0,0,700,353.827,25.9368,2,24.4756,-9.39979,-11.3998,-14.2568,11.3998,0,0,61.5602,25.885,2,33.8754
4112.6,88111.2,97.2002,-4.94255,229.294,-14.1571,1.54628,14185,0,0,700,353.827,25.9368,2,24.4756,-9.304,-11.304,-14.1571,11.304,0,0,61.5685,25.8853,2,33.7796
4112.7,88113.9,97.2135,-4.93616,229.161,-14.0575,1.54628,14185.1,0,0,700,353.827,25.9368,2,24.4756,-9.20846,-11.2085,-14.0575,11.2085,0,0,61.5766,25.8857,2,33.6841
4112.8,88116.6,97.2267,-4.92979,229.028,-13.9583,1.54628,14185.3,0,0,700,353.827,25.9368,2,24.4756,-9.11319,-11.1132,-13.9583,11.1132,0,0,61.5848,25.886,2,33.5888
4112.9,88119.3,97.2398,-4.92345,228.895,-13.8593,1.54628,14185.4,0,0,700,353.827,25.9368,2,24.4756,-9.01819,-11.0182,-13.8593,11.0182,0,0,61.593,25.8863,2,33.4938
4113,88122,97.2529,-4.91712,228.762,-13.7607,1.54628,14185.6,0,0,700,353.827,25.9368,2,24.4756,-8.92346,-10.9235,-13.7607,10.9235,0,0,61.6011,25.8866,2,33.3991
4113.1,88124.7,97.266,-4.91082,228.629,-13.6623,1.54628,14185.8,0,0,700,353.827,25.9368,2,24.4756,-8.82902,-10.829,-13.6623,10.829,0,0,61.6092,25.8868,2,33.3046
4113.2,88127.4,97.279,-4.90453,228.496,-13.5642,1.54628,14185.9,0,0,700,353.827,25.9368,2,24.4756,-8.73488,-10.7349,-13.5642,10.7349,0,0,61.6172,25.8871,2,33.2105
4113.3,88130.1,97.2919,-4.89827,228.364,-13.4665,1.54628,14186.1,0,0,700,353.827,25.9368,2,24.4756,-8.64103,-10.641,-13.4665,10.641,0,0,61.6253,25.8874,2,33.1166
4113.4,88132.8,97.3049,-4.89203,228.232,-13.3691,1.54628,14186.2,0,0,700,353.827,25.9368,2,24.4756,-8.54749,-10.5475,-13.3691,10.5475,0,0,61.6333,25.8877,2,33.0231
4113.5,88135.5,97.3177,-4.88582,228.099,-13.272,1.54628,14186.4,0,0,700,353.827,25.9368,2,24.4756,-8.45427,-10.4543,-13.272,10.4543,0,0,61.6413,25.888,2,32.9299
4113.6,88138.2,97.3306,-4.87962,227.967,-13.1752,1.54628,14186.5,0,0,700,353.827,25.9368,2,24.4756,-8.36137,-10.3614,-13.1752,10.3614,0,0,61.6493,25.8883,2,32.837
4113.7,88140.9,97.3433,-4.87345,227.836,-13.0788,1.54628,14186.7,0,0,700,353.827,25.9368,2,24.4756,-8.2688,-10.2688,-13.0788,10.2688,0,0,61.6573,25.8886,2,32.7444
4113.8,88143.6,97.3561,-4.86731,227.704,-12.9827,1.54628,14186.8,0,0,700,353.827,25.9368,2,24.4756,-8.17657,-10.1766,-12.9827,10.1766,0,0,61.6652,25.8889,2,32.6522
4113.9,88146.3,97.3688,-4.86119,227.572,-12.887,1.54628,14187,0,0,700,353.827,25.9368,2,24.4756,-8.08469,-10.0847,-12.887,10.0847,0,0,61.6731,25.8891,2,32.5603
4114,88149,97.3815,-4.85509,227.441,-13.044,1.54628,14187.1,0,0,700,353.827,25.9368,2,24.4756,-8.23431,-10.2343,-13.044,10.2343,0,0,61.6811,25.8894,2,32.7099
4114.1,88151.7,97.3931,-4.84902,227.31,-13.4917,1.54628,14187.3,0,0,700,353.827,25.9368,2,24.4756,-8.66179,-10.6618,-13.4917,10.6618,0,0,61.6891,25.8897,2,33.1374
4114.2,88154.5,97.4036,-4.84297,227.179,-13.6867,1.54628,14187.5,0,0,700,353.827,25.9368,2,24.4756,-8.84777,-10.8478,-13.6867,10.8478,0,0,61.6972,25.89,2,33.3234
4114.3,88157.2,97.414,-4.83695,227.048,-13.7794,1.54628,14187.6,0,0,700,353.827,25.9368,2,24.4756,-8.93598,-10.936,-13.7794,10.936,0,0,61.7054,25.8903,2,33.4116
4114.4,88159.9,97.4237,-4.83096,226.917,-14.0804,1.54628,14187.8,0,0,700,353.827,25.9368,2,24.4756,-9.22332,-11.2233,-14.0804,11.2233,0,0,61.7135,25.8906,2,33.6989
4114.5,88162.6,97.4325,-4.825,226.786,-14.1796,1.54628,14187.9,0,0,700,353.827,25.9368,2,24.4756,-9.31785,-11.3179,-14.1796,11.3179,0,0,61.7218,25.8909,2,33.7934
4114.6,88165.3,97.4413,-4.81906,226.656,-14.1257,1.54628,14188.1,0,0,700,353.827,25.9368,2,24.4756,-9.26603,-11.266,-14.1257,11.266,0,0,61.73,25.8912,2,33.7416
4114.7,88168,97.4499,-4.81315,226.525,-14.3262,1.54628,14188.2,0,0,700,353.827,25.9368,2,24.4756,-9.45734,-11.4573,-14.3262,11.4573,0,0,61.7382,25.8915,2,33.9329
4114.8,88170.7,97.4576,-4.80726,226.395,-14.4447,1.54628,14188.4,0,0,700,353.827,25.9368,2,24.4756,-9.57038,-11.5704,-14.4447,11.5704,0,0,61.7465,25.8918,2,34.046
4114.9,88173.4,97.4653,-4.80141,226.265,-14.114,1.54628,14188.5,0,0,700,353.827,25.9368,2,24.4756,-9.25407,-11.2541,-14.114,11.2541,0,0,61.7547,25.8921,2,33.7297
4115,88176.1,97.4738,-4.79558,226.135,-13.5714,1.54628,14188.7,0,0,700,353.827,25.9368,2,24.4756,-8.73531,-10.7353,-13.5714,10.7353,0,0,61.7628,25.8924,2,33.2109
4115.1,88178.8,97.4832,-4.78979,226.005,-12.8924,1.54628,14188.8,0,0,700,353.827,25.9368,2,24.4756,-8.08609,-10.0861,-12.8924,10.0861,0,0,61.7707,25.8927,2,32.5617
4115.2,88181.5,97.4939,-4.78402,225.876,-12.2131,1.54628,14189,0,0,700,353.827,25.9368,2,24.4756,-7.43659,-9.43659,-12.2131,9.43659,0,0,61.7784,25.893,2,31.9122
4115.3,88184.2,97.5055,-4.77828,225.746,-11.7195,1.54628,14189.2,0,0,700,353.827,25.9368,2,24.4756,-6.96447,-8.96447,-11.7195,8.96447,0,0,61.7861,25.8932,2,31.4401
4115.4,88186.9,97.5177,-4.77258,225.617,-11.4681,1.54628,14189.3,0,0,700,353.827,25.9368,2,24.4756,-6.72385,-8.72385,-11.4681,8.72385,0,0,61.7937,25.8935,2,31.1994
4115.5,88189.6,97.5299,-4.7669,225.488,-11.5354,1.54628,14189.5,0,0,700,353.827,25.9368,2,24.4756,-6.78774,-8.78774,-11.5354,8.78774,0,0,61.8013,25.8937,2,31.2633
4115.6,88192.4,97.5414,-4.76125,225.358,-12.4433,1.54628,14189.6,0,0,700,353.827,25.9368,2,24.4756,-7.65501,-9.65501,-12.4433,9.65501,0,0,61.8091,25.894,2,32.1306
4115.7,88195.1,97.5496,-4.75564,225.23,-14.0898,1.54628,14189.8,0,0,700,353.827,25.9368,2,24.4756,-9.22814,-11.2281,-14.0898,11.2281,0,0,61.8173,25.8943,2,33.7037
4115.8,88197.8,97.5543,-4.75006,225.101,-16.0627,1.54628,14189.9,0,0,700,353.827,25.9368,2,24.4756,-11.1133,-13.1133,-16.0627,13.1133,0,0,61.8259,25.8946,2,35.5889
4115.9,88200.5,97.5545,-4.7445,224.972,-18.7423,1.54628,14190.1,0,0,700,353.827,25.9368,2,24.4756,-13.6741,-15.6741,-18.7423,15.6741,0,0,61.8352,25.8951,2,38.1496
4116,88203.2,97.5484,-4.73899,224.844,-21.5175,1.54628,14190.2,0,0,700,353.827,25.9368,2,24.4756,-16.3263,-18.3263,-21.5175,18.3263,0,0,61.8451,25.8955,2,40.8019
4116.1,88205.9,97.5375,-4.7335,224.715,-23.0976,1.54628,14190.4,0,0,700,353.827,25.9368,2,24.4756,-17.8334,-19.8334,-23.0976,19.8334,0,0,61.8554,25.8961,2,42.309
4116.2,88208.6,97.525,-4.72805,224.587,-24.3459,1.54628,14190.5,0,0,700,353.827,25.9368,2,24.4756,-19.0177,-21.0177,-24.3459,21.0177,0,0,61.866,25.8966,2,43.4933
4116.3,88211.3,97.509,-4.72263,224.459,-25.8003,1.54628,14190.7,0,0,700,353.827,25.9368,2,24.4756,-20.3974,-22.3974,-25.8003,22.3974,0,0,61.8769,25.8972,2,44.873
4116.4,88214,97.4905,-4.71725,224.331,-26.2953,1.54628,14190.9,0,0,700,353.827,25.9368,2,24.4756,-20.8675,-22.8675,-26.2953,22.8675,0,0,61.8879,25.8978,2,45.3431
4116.5,88216.7,97.4722,-4.7119,224.204,-26.092,1.54628,14191,0,0,700,353.827,25.9368,2,24.4756,-20.6753,-22.6753,-26.092,22.6753,0,0,61.8989,25.8984,2,45.1509
4116.6,88219.4,97.4543,-4.70659,224.076,-25.8816,1.54628,14191.2,0,0,700,353.827,25.9368,2,24.4756,-20.4763,-22.4763,-25.8816,22.4763,0,0,61.9098,25.899,2,44.9519
4116.7,88222.2,97.4364,-4.70131,223.949,-24.8304,1.54628,14191.3,0,0,700,353.827,25.9368,2,24.4756,-19.4799,-21.4799,-24.8304,21.4799,0,0,61.9205,25.8996,2,43.9555
4116.8,88224.9,97.4223,-4.69607,223.822,-23.0543,1.54628,14191.5,0,0,700,353.827,25.9368,2,24.4756,-17.7959,-19.7959,-23.0543,19.7959,0,0,61.9308,25.9001,2,42.2715
4116.9,88227.6,97.411,-4.69087,223.695,-21.5469,1.54628,14191.6,0,0,700,353.827,25.9368,2,24.4756,-16.3589,-18.3589,-21.5469,18.3589,0,0,61.9407,25.9006,2,40.8345
4117,88230.3,97.4024,-4.6857,223.568,-20.2725,1.54628,14191.8,0,0,700,353.827,25.9368,2,24.4756,-15.1413,-17.1413,-20.2725,17.1413,0,0,61.9503,25.9011,2,39.6169
4117.1,88233,97.3958,-4.68056,223.441,-19.6895,1.54628,14191.9,0,0,700,353.827,25.9368,2,24.4756,-14.5844,-16.5844,-19.6895,16.5844,0,0,61.9598,25.9015,2,39.06
4117.2,88235.7,97.389,-4.67546,223.315,-19.7189,1.54628,14192.1,0,0,700,353.827,25.9368,2,24.4756,-14.6127,-16.6127,-19.7189,16.6127,0,0,61.9693,25.9019,2,39.0883
4117.3,88238.4,97.382,-4.6704,223.188,-19.8173,1.54628,14192.2,0,0,700,353.827,25.9368,2,24.4756,-14.7071,-16.7071,-19.8173,16.7071,0,0,61.9789,25.9024,2,39.1827
4117.4,88241.1,97.3746,-4.66538,223.062,-19.6016,1.54628,14192.4,0,0,700,353.827,25.9368,2,24.4756,-14.5012,-16.5012,-19.6016,16.5012,0,0,61.9883,25.9028,2,38.9768
4117.5,88243.8,97.368,-4.66039,222.936,-18.6018,1.54628,14192.6,0,0,700,353.827,25.9368,2,24.4756,-13.5459,-15.5459,-18.6018,15.5459,0,0,61.9976,25.9032,2,38.0215
4117.6,88246.5,97.3642,-4.65544,222.81,-16.8411,1.54628,14192.7,0,0,700,353.827,25.9368,2,24.4756,-11.8635,-13.8635,-16.8411,13.8635,0,0,62.0064,25.9036,2,36.3391
4117.7,88249.2,97.3641,-4.65053,222.684,-15.1139,1.54628,14192.9,0,0,700,353.827,25.9368,2,24.4756,-10.213,-12.213,-15.1139,12.213,0,0,62.0148,25.9039,2,34.6886
4117.8,88251.9,97.3666,-4.64565,222.558,-13.3566,1.54628,14193,0,0,700,353.827,25.9368,2,24.4756,-8.53351,-10.5335,-13.3566,10.5335,0,0,62.0229,25.9042,2,33.0091
4117.9,88254.6,97.3731,-4.64081,222.433,-11.5452,1.54628,14193.2,0,0,700,353.827,25.9368,2,24.4756,-6.80231,-8.80231,-11.5452,8.80231,0,0,62.0305,25.9044,2,31.2779
4118,88257.3,97.3822,-4.63601,222.307,-10.6144,1.54628,14193.3,0,0,700,353.827,25.9368,2,24.4756,-5.90688,-7.90688,-10.6144,7.90688,0,0,62.0379,25.9047,2,30.3825
4118.1,88260,97.392,-4.63124,222.182,-10.1175,1.54628,14193.5,0,0,700,353.827,25.9368,2,24.4756,-5.42769,-7.42769,-10.1175,7.42769,0,0,62.0451,25.9049,2,29.9033
4118.2,88262.7,97.4027,-4.62651,222.057,-9.41287,1.54628,14193.6,0,0,700,353.827,25.9368,2,24.4756,-4.74825,-6.74825,-9.41287,6.74825,0,0,62.0522,25.9051,2,29.2238
4118.3,88265.4,97.4148,-4.62182,221.931,-8.86701,1.54628,14193.8,0,0,700,353.827,25.9368,2,24.4756,-4.22177,-6.22177,-8.86701,6.22177,0,0,62.0592,25.9053,2,28.6974
4118.4,88268.1,97.4273,-4.61717,221.806,-8.67697,1.54628,14193.9,0,0,700,353.827,25.9368,2,24.4756,-4.0382,-6.0382,-8.67697,6.0382,0,0,62.0661,25.9055,2,28.5138
4118.5,88270.9,97.4397,-4.61255,221.682,-8.60669,1.54628,14194.1,0,0,700,353.827,25.9368,2,24.4756,-3.97005,-5.97005,-8.60669,5.97005,0,0,62.073,25.9057,2,28.4456
4118.6,88273.6,97.4521,-4.60798,221.557,-8.53702,1.54628,14194.3,0,0,700,353.827,25.9368,2,24.4756,-3.90248,-5.90248,-8.53702,5.90248,0,0,62.0799,25.9059,2,28.3781
4118.7,88276.3,97.4645,-4.60344,221.432,-8.46796,1.54628,14194.4,0,0,700,353.827,25.9368,2,24.4756,-3.8355,-5.8355,-8.46796,5.8355,0,0,62.0868,25.9061,2,28.3111
4118.8,88279,97.4768,-4.59894,221.307,-8.39854,1.54628,14194.6,0,0,700,353.827,25.9368,2,24.4756,-3.76818,-5.76818,-8.39854,5.76818,0,0,62.0937,25.9062,2,28.2438
4118.9,88281.7,97.4891,-4.59448,221.183,-8.32974,1.54628,14194.7,0,0,700,353.827,25.9368,2,24.4756,-3.70145,-5.70145,-8.32974,5.70145,0,0,62.1005,25.9064,2,28.177
4119,88284.4,97.5014,-4.59005,221.059,-8.26254,1.54628,14194.9,0,0,700,353.827,25.9368,2,24.4756,-3.63627,-5.63627,-8.26254,5.63627,0,0,62.1074,25.9066,2,28.1119
4119.1,88287.1,97.5136,-4.58567,220.934,-8.9138,1.54628,14195,0,0,700,353.827,25.9368,2,24.4756,-4.2635,-6.2635,-8.9138,6.2635,0,0,62.1144,25.9068,2,28.7391
4119.2,88289.8,97.5229,-4.58133,220.81,-10.4075,1.54628,14195.2,0,0,700,353.827,25.9368,2,24.4756,-5.70272,-7.70272,-10.4075,7.70272,0,0,62.1217,25.907,2,30.1783
4119.3,88292.5,97.529,-4.57702,220.686,-11.9072,1.54628,14195.3,0,0,700,353.827,25.9368,2,24.4756,-7.14304,-9.14304,-11.9072,9.14304,0,0,62.1294,25.9073,2,31.6186
4119.4,88295.2,97.5323,-4.57276,220.562,-13.3441,1.54628,14195.5,0,0,700,353.827,25.9368,2,24.4756,-8.51609,-10.5161,-13.3441,10.5161,0,0,62.1374,25.9076,2,32.9917
4119.5,88297.9,97.5325,-4.56853,220.438,-14.3898,1.54628,14195.6,0,0,700,353.827,25.9368,2,24.4756,-9.51538,-11.5154,-14.3898,11.5154,0,0,62.1457,25.9079,2,33.991
4119.6,88300.6,97.5315,-4.56434,220.315,-14.4526,1.54628,14195.8,0,0,700,353.827,25.9368,2,24.4756,-9.57549,-11.5755,-14.4526,11.5755,0,0,62.1539,25.9082,2,34.0511
4119.7,88303.4,97.5312,-4.5602,220.191,-13.8794,1.54628,14196,0,0,700,353.827,25.9368,2,24.4756,-9.02771,-11.0277,-13.8794,11.0277,0,0,62.1621,25.9085,2,33.5033
4119.8,88306.1,97.532,-4.5561,220.068,-13.4097,1.54628,14196.1,0,0,700,353.827,25.9368,2,24.4756,-8.57882,-10.5788,-13.4097,10.5788,0,0,62.1701,25.9088,2,33.0544
4119.9,88308.8,97.5333,-4.55203,219.944,-13.192,1.54628,14196.3,0,0,700,353.827,25.9368,2,24.4756,-8.37074,-10.3707,-13.192,10.3707,0,0,62.1781,25.9091,2,32.8463
4120,88311.5,97.5347,-4.54801,219.821,-13.6864,1.54628,14196.4,0,0,700,353.827,25.9368,2,24.4756,-8.84317,-10.8432,-13.6864,10.8432,0,0,62.1862,25.9093,2,33.3188
4120.1,88314.2,97.5338,-4.54403,219.698,-14.3774,1.54628,14196.6,0,0,700,353.827,25.9368,2,24.4756,-9.50347,-11.5035,-14.3774,11.5035,0,0,62.1945,25.9097,2,33.9791
4120.2,88316.9,97.5322,-4.54008,219.575,-14.2408,1.54628,14196.7,0,0,700,353.827,25.9368,2,24.4756,-9.37307,-11.3731,-14.2408,11.3731,0,0,62.2027,25.91,2,33.8487
4120.3,88319.6,97.5316,-4.53618,219.452,-14.0389,1.54628,14196.9,0,0,700,353.827,25.9368,2,24.4756,-9.18014,-11.1801,-14.0389,11.1801,0,0,62.2109,25.9103,2,33.6557
4120.4,88322.3,97.5306,-4.53232,219.329,-13.7894,1.54628,14197,0,0,700,353.827,25.9368,2,24.4756,-8.9417,-10.9417,-13.7894,10.9417,0,0,62.219,25.9106,2,33.4173
4120.5,88325,97.5306,-4.52851,219.206,-12.6012,1.54628,14197.2,0,0,700,353.827,25.9368,2,24.4756,-7.80624,-9.80624,-12.6012,9.80624,0,0,62.2269,25.9108,2,32.2818
4120.6,88327.7,97.5339,-4.52473,219.084,-11.1918,1.54628,14197.3,0,0,700,353.827,25.9368,2,24.4756,-6.4582,-8.4582,-11.1918,8.4582,0,0,62.2344,25.9111,2,30.9338
4120.7,88330.4,97.5392,-4.52099,218.961,-11.1221,1.54628,14197.5,0,0,700,353.827,25.9368,2,24.4756,-6.39088,-8.39088,-11.1221,8.39088,0,0,62.2419,25.9113,2,30.8665
4120.8,88333.2,97.5425,-4.5173,218.839,-11.2746,1.54628,14197.7,0,0,700,353.827,25.9368,2,24.4756,-6.53767,-8.53767,-11.2746,8.53767,0,0,62.2494,25.9115,2,31.0133
4120.9,88335.9,97.5469,-4.51364,218.716,-10.8686,1.54628,14197.8,0,0,700,353.827,25.9368,2,24.4756,-6.14626,-8.14626,-10.8686,8.14626,0,0,62.2569,25.9118,2,30.6218
4121,88338.6,97.5515,-4.51003,218.594,-10.6516,1.54628,14198,0,0,700,353.827,25.9368,2,24.4756,-5.93694,-7.93694,-10.6516,7.93694,0,0,62.2643,25.912,2,30.4125
4121.1,88341.3,97.5565,-4.50646,218.472,-10.476,1.54628,14198.1,0,0,700,353.827,25.9368,2,24.4756,-5.76757,-7.76757,-10.476,7.76757,0,0,62.2716,25.9122,2,30.2432
4121.2,88344,97.5615,-4.50293,218.35,-9.57227,1.54628,14198.3,0,0,700,353.827,25.9368,2,24.4756,-4.89645,-6.89645,-9.57227,6.89645,0,0,62.2788,25.9124,2,29.372
4121.3,88346.7,97.5697,-4.49944,218.228,-8.26531,1.54628,14198.4,0,0,700,353.827,25.9368,2,24.4756,-3.63661,-5.63661,-8.26531,5.63661,0,0,62.2856,25.9126,2,28.1122
4121.4,88349.4,97.5796,-4.49599,218.106,-7.3786,1.54628,14198.6,0,0,700,353.827,25.9368,2,24.4756,-2.78172,-4.78172,-7.3786,4.78172,0,0,62.2922,25.9128,2,27.2573
4121.5,88352.1,97.5909,-4.49258,217.984,-6.92423,1.54628,14198.7,0,0,700,353.827,25.9368,2,24.4756,-2.34344,-4.34344,-6.92423,4.34344,0,0,62.2987,25.913,2,26.819
4121.6,88354.8,97.6023,-4.48922,217.862,-6.72146,1.54628,14198.9,0,0,700,353.827,25.9368,2,24.4756,-2.14763,-4.14763,-6.72146,4.14763,0,0,62.3052,25.9131,2,26.6232
4121.7,88357.5,97.6142,-4.48589,217.741,-6.53214,1.54628,14199.1,0,0,700,353.827,25.9368,2,24.4756,-1.96477,-3.96477,-6.53214,3.96477,0,0,62.3116,25.9133,2,26.4404
4121.8,88360.3,97.626,-4.48261,217.619,-6.48421,1.54628,14199.2,0,0,700,353.827,25.9368,2,24.4756,-1.91817,-3.91817,-6.48421,3.91817,0,0,62.318,25.9134,2,26.3938
4121.9,88363,97.6377,-4.47937,217.497,-6.43694,1.54628,14199.4,0,0,700,353.827,25.9368,2,24.4756,-1.87222,-3.87222,-6.43694,3.87222,0,0,62.3245,25.9136,2,26.3478
4122,88365.7,97.6495,-4.47617,217.376,-6.39036,1.54628,14199.5,0,0,700,353.827,25.9368,2,24.4756,-1.82692,-3.82692,-6.39036,3.82692,0,0,62.3308,25.9137,2,26.3025
4122.1,88368.4,97.6612,-4.47301,217.255,-6.34444,1.54628,14199.7,0,0,700,353.827,25.9368,2,24.4756,-1.78227,-3.78227,-6.34444,3.78227,0,0,62.3372,25.9139,2,26.2579
4122.2,88371.1,97.6728,-4.46989,217.133,-6.29921,1.54628,14199.8,0,0,700,353.827,25.9368,2,24.4756,-1.73827,-3.73827,-6.29921,3.73827,0,0,62.3436,25.914,2,26.2139
4122.3,88373.8,97.6845,-4.46681,217.012,-6.25465,1.54628,14200,0,0,700,353.827,25.9368,2,24.4756,-1.69492,-3.69492,-6.25465,3.69492,0,0,62.35,25.9141,2,26.1705
4122.4,88376.5,97.696,-4.46377,216.891,-6.21077,1.54628,14200.1,0,0,700,353.827,25.9368,2,24.4756,-1.65223,-3.65223,-6.21077,3.65223,0,0,62.3563,25.9143,2,26.1278
4122.5,88379.2,97.7076,-4.46078,216.77,-6.16757,1.54628,14200.3,0,0,700,353.827,25.9368,2,24.4756,-1.6102,-3.6102,-6.16757,3.6102,0,0,62.3627,25.9144,2,26.0858
4122.6,88382,97.7191,-4.45783,216.649,-6.12504,1.54628,14200.4,0,0,700,353.827,25.9368,2,24.4756,-1.56881,-3.56881,-6.12504,3.56881,0,0,62.369,25.9146,2,26.0444
4122.7,88384.7,97.7305,-4.45491,216.528,-6.08319,1.54628,14200.6,0,0,700,353.827,25.9368,2,24.4756,-1.52808,-3.52808,-6.08319,3.52808,0,0,62.3753,25.9147,2,26.0037
4122.8,88387.4,97.7419,-4.45204,216.407,-6.04201,1.54628,14200.8,0,0,700,353.827,25.9368,2,24.4756,-1.48801,-3.48801,-6.04201,3.48801,0,0,62.3816,25.9149,2,25.9636
4122.9,88390.1,97.7533,-4.44921,216.286,-6.00152,1.54628,14200.9,0,0,700,353.827,25.9368,2,24.4756,-1.44859,-3.44859,-6.00152,3.44859,0,0,62.3879,25.915,2,25.9242
4123,88392.8,97.7647,-4.44642,216.165,-5.9617,1.54628,14201.1,0,0,700,353.827,25.9368,2,24.4756,-1.40982,-3.40982,-5.9617,3.40982,0,0,62.3942,25.9152,2,25.8854
4123.1,88395.5,97.776,-4.44367,216.045,-5.92255,1.54628,14201.2,0,0,700,353.827,25.9368,2,24.4756,-1.3717,-3.3717,-5.92255,3.3717,0,0,62.4005,25.9153,2,25.8473
4123.2,88398.3,97.7872,-4.44096,215.924,-5.88408,1.54628,14201.4,0,0,700,353.827,25.9368,2,24.4756,-1.33424,-3.33424,-5.88408,3.33424,0,0,62.4068,25.9154,2,25.8098
4123.3,88401,97.7985,-4.4383,215.803,-5.84629,1.54628,14201.5,0,0,700,353.827,25.9368,2,24.4756,-1.29742,-3.29742,-5.84629,3.29742,0,0,62.413,25.9156,2,25.773
4123.4,88403.7,97.8097,-4.43567,215.683,-5.80916,1.54628,14201.7,0,0,700,353.827,25.9368,2,24.4756,-1.26126,-3.26126,-5.80916,3.26126,0,0,62.4193,25.9157,2,25.7369
4123.5,88406.4,97.8208,-4.43309,215.562,-5.77271,1.54628,14201.8,0,0,700,353.827,25.9368,2,24.4756,-1.22575,-3.22575,-5.77271,3.22575,0,0,62.4255,25.9158,2,25.7013
4123.6,88409.1,97.8319,-4.43054,215.442,-5.73694,1.54628,14202,0,0,700,353.827,25.9368,2,24.4756,-1.19088,-3.19088,-5.73694,3.19088,0,0,62.4318,25.916,2,25.6665
4123.7,88411.8,97.843,-4.42804,215.321,-5.70183,1.54628,14202.1,0,0,700,353.827,25.9368,2,24.4756,-1.15667,-3.15667,-5.70183,3.15667,0,0,62.438,25.9161,2,25.6323
4123.8,88414.6,97.854,-4.42557,215.201,-5.66739,1.54628,14202.3,0,0,700,353.827,25.9368,2,24.4756,-1.1231,-3.1231,-5.66739,3.1231,0,0,62.4442,25.9163,2,25.5987
4123.9,88417.3,97.865,-4.42315,215.081,-5.63362,1.54628,14202.5,0,0,700,353.827,25.9368,2,24.4756,-1.09017,-3.09017,-5.63362,3.09017,0,0,62.4505,25.9164,2,25.5658
4124,88420,97.876,-4.42077,214.961,-5.60052,1.54628,14202.6,0,0,700,353.827,25.9368,2,24.4756,-1.05789,-3.05789,-5.60052,3.05789,0,0,62.4567,25.9165,2,25.5335
4124.1,88422.7,97.8869,-4.41842,214.84,-5.56809,1.54628,14202.8,0,0,700,353.827,25.9368,2,24.4756,-1.02625,-3.02625,-5.56809,3.02625,0,0,62.4629,25.9167,2,25.5018
4124.2,88425.4,97.8978,-4.41612,214.72,-5.53631,1.54628,14202.9,0,0,700,353.827,25.9368,2,24.4756,-0.995257,-2.99526,-5.53631,2.99526,0,0,62.4691,25.9168,2,25.4708
4124.3,88428.2,97.9086,-4.41386,214.6,-5.50521,1.54628,14203.1,0,0,700,353.827,25.9368,2,24.4756,-0.9649,-2.9649,-5.50521,2.9649,0,0,62.4752,25.9169,2,25.4405
4124.4,88430.9,97.9194,-4.41163,214.48,-5.47476,1.54628,14203.2,0,0,700,353.827,25.9368,2,24.4756,-0.935181,-2.93518,-5.47476,2.93518,0,0,62.4814,25.9171,2,25.4108
4124.5,88433.6,97.9302,-4.40945,214.36,-5.44497,1.54628,14203.4,0,0,700,353.827,25.9368,2,24.4756,-0.906099,-2.9061,-5.44497,2.9061,0,0,62.4876,25.9172,2,25.3817
4124.6,88436.3,97.941,-4.40731,214.24,-5.41583,1.54628,14203.5,0,0,700,353.827,25.9368,2,24.4756,-0.877651,-2.87765,-5.41583,2.87765,0,0,62.4937,25.9173,2,25.3532
4124.7,88439,97.9517,-4.4052,214.12,-5.38736,1.54628,14203.7,0,0,700,353.827,25.9368,2,24.4756,-0.849835,-2.84984,-5.38736,2.84984,0,0,62.4999,25.9175,2,25.3254
4124.8,88441.8,97.9623,-4.40314,214.001,-5.35953,1.54628,14203.8,0,0,700,353.827,25.9368,2,24.4756,-0.82265,-2.82265,-5.35953,2.82265,0,0,62.5061,25.9176,2,25.2982
4124.9,88444.5,97.973,-4.40111,213.881,-5.33236,1.54628,14204,0,0,700,353.827,25.9368,2,24.4756,-0.796093,-2.79609,-5.33236,2.79609,0,0,62.5122,25.9177,2,25.2717
4125,88447.2,97.9835,-4.39912,213.761,-5.30583,1.54628,14204.2,0,0,700,353.827,25.9368,2,24.4756,-0.770163,-2.77016,-5.30583,2.77016,0,0,62.5183,25.9178,2,25.2458
4125.1,88449.9,97.9941,-4.39717,213.641,-5.27995,1.54628,14204.3,0,0,700,353.827,25.9368,2,24.4756,-0.744856,-2.74486,-5.27995,2.74486,0,0,62.5245,25.918,2,25.2204
4125.2,88452.6,98.0046,-4.39526,213.522,-5.25471,1.54628,14204.5,0,0,700,353.827,25.9368,2,24.4756,-0.720171,-2.72017,-5.25471,2.72017,0,0,62.5306,25.9181,2,25.1958
4125.3,88455.4,98.0151,-4.39339,213.402,-5.23012,1.54628,14204.6,0,0,700,353.827,25.9368,2,24.4756,-0.696104,-2.6961,-5.23012,2.6961,0,0,62.5367,25.9182,2,25.1717
4125.4,88458.1,98.0255,-4.39156,213.282,-5.20616,1.54628,14204.8,0,0,700,353.827,25.9368,2,24.4756,-0.672654,-2.67265,-5.20616,2.67265,0,0,62.5428,25.9184,2,25.1482
4125.5,88460.8,98.036,-4.38976,213.163,-5.18284,1.54628,14204.9,0,0,700,353.827,25.9368,2,24.4756,-0.649818,-2.64982,-5.18284,2.64982,0,0,62.5489,25.9185,2,25.1254
4125.6,88463.5,98.0463,-4.38801,213.043,-5.16015,1.54628,14205.1,0,0,700,353.827,25.9368,2,24.4756,-0.627593,-2.62759,-5.16015,2.62759,0,0,62.555,25.9186,2,25.1032
4125.7,88466.3,98.0567,-4.38629,212.924,-5.13809,1.54628,14205.2,0,0,700,353.827,25.9368,2,24.4756,-0.605976,-2.60598,-5.13809,2.60598,0,0,62.5611,25.9187,2,25.0816
4125.8,88469,98.067,-4.38461,212.804,-5.11666,1.54628,14205.4,0,0,700,353.827,25.9368,2,24.4756,-0.584964,-2.58496,-5.11666,2.58496,0,0,62.5672,25.9189,2,25.0606
4125.9,88471.7,98.0772,-4.38296,212.685,-5.09585,1.54628,14205.5,0,0,700,353.827,25.9368,2,24.4756,-0.564554,-2.56455,-5.09585,2.56455,0,0,62.5733,25.919,2,25.0401
4126,88474.4,98.0875,-4.38135,212.566,-5.07566,1.54628,14205.7,0,0,700,353.827,25.9368,2,24.4756,-0.544744,-2.54474,-5.07566,2.54474,0,0,62.5794,25.9191,2,25.0203
4126.1,88477.2,98.0977,-4.37978,212.446,-5.05609,1.54628,14205.9,0,0,700,353.827,25.9368,2,24.4756,-0.52553,-2.52553,-5.05609,2.52553,0,0,62.5855,25.9192,2,25.0011
4126.2,88479.9,98.1078,-4.37825,212.327,-5.03713,1.54628,14206,0,0,700,353.827,25.9368,2,24.4756,-0.506908,-2.50691,-5.03713,2.50691,0,0,62.5915,25.9194,2,24.9825
4126.3,88482.6,98.118,-4.37675,212.208,-5.01879,1.54628,14206.2,0,0,700,353.827,25.9368,2,24.4756,-0.488876,-2.48888,-5.01879,2.48888,0,0,62.5976,25.9195,2,24.9645
4126.4,88485.3,98.1281,-4.37529,212.088,-5.00105,1.54628,14206.3,0,0,700,353.827,25.9368,2,24.4756,-0.47143,-2.47143,-5.00105,2.47143,0,0,62.6037,25.9196,2,24.947
4126.5,88488.1,98.1381,-4.37387,211.969,-4.98391,1.54628,14206.5,0,0,700,353.827,25.9368,2,24.4756,-0.454567,-2.45457,-4.98391,2.45457,0,0,62.6097,25.9197,2,24.9302
4126.6,88490.8,98.1482,-4.37248,211.85,-4.96737,1.54628,14206.6,0,0,700,353.827,25.9368,2,24.4756,-0.438282,-2.43828,-4.96737,2.43828,0,0,62.6158,25.9199,2,24.9139
4126.7,88493.5,98.1582,-4.37113,211.731,-4.95143,1.54628,14206.8,0,0,700,353.827,25.9368,2,24.4756,-0.422573,-2.42257,-4.95143,2.42257,0,0,62.6219,25.92,2,24.8982
4126.8,88496.2,98.1681,-4.36981,211.612,-4.93608,1.54628,14206.9,0,0,700,353.827,25.9368,2,24.4756,-0.407435,-2.40744,-4.93608,2.40744,0,0,62.6279,25.9201,2,24.883
4126.9,88499,98.178,-4.36853,211.492,-4.92132,1.54628,14207.1,0,0,700,353.827,25.9368,2,24.4756,-0.392865,-2.39287,-4.92132,2.39287,0,0,62.6339,25.9202,2,24.8685
4127,88501.7,98.1879,-4.36728,211.373,-4.90714,1.54628,14207.2,0,0,700,353.827,25.9368,2,24.4756,-0.378859,-2.37886,-4.90714,2.37886,0,0,62.64,25.9204,2,24.8544
4127.1,88504.4,98.1978,-4.36607,211.254,-4.89355,1.54628,14207.4,0,0,700,353.827,25.9368,2,24.4756,-0.365413,-2.36541,-4.89355,2.36541,0,0,62.646,25.9205,2,24.841
4127.2,88507.1,98.2076,-4.36489,211.135,-4.88052,1.54628,14207.6,0,0,700,353.827,25.9368,2,24.4756,-0.352523,-2.35252,-4.88052,2.35252,0,0,62.6521,25.9206,2,24.8281
4127.3,88509.9,98.2174,-4.36375,211.016,-4.86807,1.54628,14207.7,0,0,700,353.827,25.9368,2,24.4756,-0.340184,-2.34018,-4.86807,2.34018,0,0,62.6581,25.9207,2,24.8158
4127.4,88512.6,98.2272,-4.36264,210.897,-4.85619,1.54628,14207.9,0,0,700,353.827,25.9368,2,24.4756,-0.328392,-2.32839,-4.85619,2.32839,0,0,62.6641,25.9208,2,24.804
4127.5,88515.3,98.2369,-4.36156,210.778,-4.84486,1.54628,14208,0,0,700,353.827,25.9368,2,24.4756,-0.317144,-2.31714,-4.84486,2.31714,0,0,62.6702,25.921,2,24.7927
4127.6,88518.1,98.2466,-4.36052,210.659,-4.8341,1.54628,14208.2,0,0,700,353.827,25.9368,2,24.4756,-0.306435,-2.30643,-4.8341,2.30643,0,0,62.6762,25.9211,2,24.782
4127.7,88520.8,98.2562,-4.35951,210.54,-4.82389,1.54628,14208.3,0,0,700,353.827,25.9368,2,24.4756,-0.296259,-2.29626,-4.82389,2.29626,0,0,62.6822,25.9212,2,24.7718
4127.8,88523.5,98.2658,-4.35853,210.421,-4.81423,1.54628,14208.5,0,0,700,353.827,25.9368,2,24.4756,-0.286614,-2.28661,-4.81423,2.28661,0,0,62.6882,25.9213,2,24.7622
4127.9,88526.2,98.2754,-4.35758,210.302,-4.80511,1.54628,14208.6,0,0,700,353.827,25.9368,2,24.4756,-0.277494,-2.27749,-4.80511,2.27749,0,0,62.6942,25.9214,2,24.7531
4128,88529,98.285,-4.35667,210.183,-4.79653,1.54628,14208.8,0,0,700,353.827,25.9368,2,24.4756,-0.268894,-2.26889,-4.79653,2.26889,0,0,62.7003,25.9216,2,24.7445
4128.1,88531.7,98.2945,-4.35579,210.064,-4.78848,1.54628,14208.9,0,0,700,353.827,25.9368,2,24.4756,-0.26081,-2.26081,-4.78848,2.26081,0,0,62.7063,25.9217,2,24.7364
4128.2,88534.4,98.304,-4.35494,209.945,-4.78097,1.54628,14209.1,0,0,700,353.827,25.9368,2,24.4756,-0.253238,-2.25324,-4.78097,2.25324,0,0,62.7123,25.9218,2,24.7288
4128.3,88537.2,98.3135,-4.35412,209.826,-4.77397,1.54628,14209.3,0,0,700,353.827,25.9368,2,24.4756,-0.246171,-2.24617,-4.77397,2.24617,0,0,62.7183,25.9219,2,24.7218
4128.4,88539.9,98.3229,-4.35334,209.707,-4.7675,1.54628,14209.4,0,0,700,353.827,25.9368,2,24.4756,-0.239605,-2.23961,-4.7675,2.23961,0,0,62.7243,25.922,2,24.7152
4128.5,88542.6,98.3323,-4.35258,209.588,-4.76154,1.54628,14209.6,0,0,700,353.827,25.9368,2,24.4756,-0.233536,-2.23354,-4.76154,2.23354,0,0,62.7303,25.9222,2,24.7091
4128.6,88545.4,98.3417,-4.35186,209.47,-4.75609,1.54628,14209.7,0,0,700,353.827,25.9368,2,24.4756,-0.227958,-2.22796,-4.75609,2.22796,0,0,62.7363,25.9223,2,24.7035
4128.7,88548.1,98.351,-4.35116,209.351,-4.75114,1.54628,14209.9,0,0,700,353.827,25.9368,2,24.4756,-0.222865,-2.22287,-4.75114,2.22287,0,0,62.7423,25.9224,2,24.6985
4128.8,88550.8,98.3603,-4.35049,209.232,-4.74669,1.54628,14210,0,0,700,353.827,25.9368,2,24.4756,-0.218254,-2.21825,-4.74669,2.21825,0,0,62.7483,25.9225,2,24.6938
4128.9,88553.6,98.3696,-4.34986,209.113,-4.74273,1.54628,14210.2,0,0,700,353.827,25.9368,2,24.4756,-0.214117,-2.21412,-4.74273,2.21412,0,0,62.7543,25.9226,2,24.6897
4129,88556.3,98.3788,-4.34925,208.994,-4.73925,1.54628,14210.3,0,0,700,353.827,25.9368,2,24.4756,-0.210451,-2.21045,-4.73925,2.21045,0,0,62.7603,25.9228,2,24.686
4129.1,88559,98.388,-4.34867,208.875,-4.73626,1.54628,14210.5,0,0,700,353.827,25.9368,2,24.4756,-0.20725,-2.20725,-4.73626,2.20725,0,0,62.7663,25.9229,2,24.6828
4129.2,88561.8,98.3972,-4.34812,208.756,-4.73375,1.54628,14210.6,0,0,700,353.827,25.9368,2,24.4756,-0.204507,-2.20451,-4.73375,2.20451,0,0,62.7723,25.923,2,24.6801
4129.3,88564.5,98.4063,-4.3476,208.638,-4.7317,1.54628,14210.8,0,0,700,353.827,25.9368,2,24.4756,-0.202218,-2.20222,-4.7317,2.20222,0,0,62.7783,25.9231,2,24.6778
4129.4,88567.2,98.4154,-4.3471,208.519,-4.73012,1.54628,14211,0,0,700,353.827,25.9368,2,24.4756,-0.200377,-2.20038,-4.73012,2.20038,0,0,62.7843,25.9232,2,24.676
4129.5,88570,98.4245,-4.34664,208.4,-4.72899,1.54628,14211.1,0,0,700,353.827,25.9368,2,24.4756,-0.198979,-2.19898,-4.72899,2.19898,0,0,62.7903,25.9234,2,24.6746
4129.6,88572.7,98.4336,-4.3462,208.281,-4.72832,1.54628,14211.3,0,0,700,353.827,25.9368,2,24.4756,-0.198017,-2.19802,-4.72832,2.19802,0,0,62.7963,25.9235,2,24.6736
4129.7,88575.4,98.4426,-4.34578,208.162,-4.72809,1.54628,14211.4,0,0,700,353.827,25.9368,2,24.4756,-0.197485,-2.19749,-4.72809,2.19749,0,0,62.8023,25.9236,2,24.6731
4129.8,88578.2,98.4516,-4.3454,208.043,-4.7283,1.54628,14211.6,0,0,700,353.827,25.9368,2,24.4756,-0.197379,-2.19738,-4.7283,2.19738,0,0,62.8083,25.9237,2,24.673
4129.9,88580.9,98.4605,-4.34504,207.925,-4.72895,1.54628,14211.7,0,0,700,353.827,25.9368,2,24.4756,-0.197692,-2.19769,-4.72895,2.19769,0,0,62.8143,25.9238,2,24.6733
4130,88583.6,98.4694,-4.3447,207.806,-4.73002,1.54628,14211.9,0,0,700,353.827,25.9368,2,24.4756,-0.198418,-2.19842,-4.73002,2.19842,0,0,62.8203,25.924,2,24.674
4130.1,88586.4,98.4783,-4.34439,207.687,-4.73152,1.54628,14212,0,0,700,353.827,25.9368,2,24.4756,-0.19955,-2.19955,-4.73152,2.19955,0,0,62.8263,25.9241,2,24.6751
4130.2,88589.1,98.4872,-4.34411,207.568,-4.73343,1.54628,14212.2,0,0,700,353.827,25.9368,2,24.4756,-0.201084,-2.20108,-4.73343,2.20108,0,0,62.8323,25.9242,2,24.6767
4130.3,88591.8,98.496,-4.34385,207.449,-4.73575,1.54628,14212.3,0,0,700,353.827,25.9368,2,24.4756,-0.203013,-2.20301,-4.73575,2.20301,0,0,62.8383,25.9243,2,24.6786
4130.4,88594.6,98.5048,-4.34361,207.33,-4.73847,1.54628,14212.5,0,0,700,353.827,25.9368,2,24.4756,-0.20533,-2.20533,-4.73847,2.20533,0,0,62.8443,25.9244,2,24.6809
4130.5,88597.3,98.5136,-4.3434,207.211,-4.74158,1.54628,14212.7,0,0,700,353.827,25.9368,2,24.4756,-0.20803,-2.20803,-4.74158,2.20803,0,0,62.8503,25.9245,2,24.6836
4130.6,88600,98.5224,-4.34321,207.093,-4.74509,1.54628,14212.8,0,0,700,353.827,25.9368,2,24.4756,-0.211106,-2.21111,-4.74509,2.21111,0,0,62.8563,25.9247,2,24.6867
4130.7,88602.8,98.5311,-4.34304,206.974,-4.74898,1.54628,14213,0,0,700,353.827,25.9368,2,24.4756,-0.214552,-2.21455,-4.74898,2.21455,0,0,62.8623,25.9248,2,24.6901
4130.8,88605.5,98.5398,-4.3429,206.855,-4.75324,1.54628,14213.1,0,0,700,353.827,25.9368,2,24.4756,-0.218361,-2.21836,-4.75324,2.21836,0,0,62.8683,25.9249,2,24.694
4130.9,88608.3,98.5484,-4.34278,206.736,-4.75788,1.54628,14213.3,0,0,700,353.827,25.9368,2,24.4756,-0.222527,-2.22253,-4.75788,2.22253,0,0,62.8743,25.925,2,24.6981
4131,88611,98.557,-4.34268,206.617,-4.76287,1.54628,14213.4,0,0,700,353.827,25.9368,2,24.4756,-0.227044,-2.22704,-4.76287,2.22704,0,0,62.8803,25.9251,2,24.7026
4131.1,88613.7,98.5656,-4.3426,206.498,-4.76822,1.54628,14213.6,0,0,700,353.827,25.9368,2,24.4756,-0.231905,-2.2319,-4.76822,2.2319,0,0,62.8863,25.9253,2,24.7075
4131.2,88616.5,98.5742,-4.34254,206.379,-4.77393,1.54628,14213.7,0,0,700,353.827,25.9368,2,24.4756,-0.237103,-2.2371,-4.77393,2.2371,0,0,62.8923,25.9254,2,24.7127
4131.3,88619.2,98.5827,-4.3425,206.26,-4.77997,1.54628,14213.9,0,0,700,353.827,25.9368,2,24.4756,-0.242632,-2.24263,-4.77997,2.24263,0,0,62.8983,25.9255,2,24.7182
4131.4,88622,98.5913,-4.34249,206.141,-4.78635,1.54628,14214,0,0,700,353.827,25.9368,2,24.4756,-0.248485,-2.24848,-4.78635,2.24848,0,0,62.9044,25.9256,2,24.7241
4131.5,88624.7,98.5997,-4.34249,206.023,-4.79305,1.54628,14214.2,0,0,700,353.827,25.9368,2,24.4756,-0.254655,-2.25466,-4.79305,2.25466,0,0,62.9104,25.9257,2,24.7302
4131.6,88627.4,98.6082,-4.34251,205.904,-4.80008,1.54628,14214.4,0,0,700,353.827,25.9368,2,24.4756,-0.261136,-2.26114,-4.80008,2.26114,0,0,62.9164,25.9259,2,24.7367
4131.7,88630.2,98.6166,-4.34256,205.785,-10.8837,1.54628,14214.5,0,0,700,353.827,25.9368,2,24.4756,-6.12395,-8.12395,-10.8837,8.12395,0,0,62.9238,25.9261,2,30.5995
4131.8,88632.9,98.6017,-4.34262,205.666,-23.0629,1.54628,14214.7,0,0,700,353.827,25.9368,2,24.4756,-17.7668,-19.7668,-23.0629,19.7668,0,0,62.9341,25.9266,2,42.2424
4131.9,88635.6,98.5636,-4.3427,205.547,-35.2519,1.54628,14214.8,0,0,700,353.827,25.9368,2,24.4756,-29.3321,-31.3321,-35.2519,31.3321,0,0,62.9472,25.9275,2,53.8076
4132,88638.4,98.5021,-4.34279,205.428,-47.442,1.54628,14215,0,0,700,353.827,25.9368,2,24.4756,-40.9468,-42.9468,-47.442,42.9468,0,0,62.9631,25.9288,2,65.4224
4132.1,88641.1,98.4174,-4.34291,205.309,-59.6243,1.54628,14215.1,0,0,700,353.827,25.9368,2,24.4756,-52.54,-54.54,-59.6243,54.54,0,0,62.9818,25.9307,2,77.0156
4132.2,88643.9,98.3094,-4.34304,205.19,-65.7328,1.54628,14215.3,0,0,700,353.827,25.9368,2,24.4756,-58.334,-60.334,-65.7328,60.334,0,0,63.0019,25.9328,2,82.8096
4132.3,88646.6,98.2014,-4.34318,205.072,-65.7757,1.54628,14215.4,0,0,700,353.827,25.9368,2,24.4756,-58.3743,-60.3743,-65.7757,60.3743,0,0,63.0221,25.935,2,82.8499
4132.4,88649.3,98.0934,-4.34335,204.954,-65.8186,1.54628,14215.6,0,0,700,353.827,25.9368,2,24.4756,-58.4145,-60.4145,-65.8186,60.4145,0,0,63.0422,25.9371,2,82.8901
4132.5,88652,97.9854,-4.34352,204.835,-65.8613,1.54628,14215.8,0,0,700,353.827,25.9368,2,24.4756,-58.4546,-60.4546,-65.8613,60.4546,0,0,63.0624,25.9393,2,82.9301
4132.6,88654.7,97.8774,-4.34372,204.717,-65.904,1.54628,14215.9,0,0,700,353.827,25.9368,2,24.4756,-58.4945,-60.4945,-65.904,60.4945,0,0,63.0825,25.9414,2,82.9701
4132.7,88657.5,97.7694,-4.34393,204.599,-65.9465,1.54628,14216.1,0,0,700,353.827,25.9368,2,24.4756,-58.5344,-60.5344,-65.9465,60.5344,0,0,63.1027,25.9436,2,83.01
4132.8,88660.2,97.6614,-4.34415,204.481,-65.9888,1.54628,14216.2,0,0,700,353.827,25.9368,2,24.4756,-58.5742,-60.5742,-65.9888,60.5742,0,0,63.1229,25.9457,2,83.0497
4132.9,88662.9,97.5534,-4.34438,204.363,-66.031,1.54628,14216.4,0,0,700,353.827,25.9368,2,24.4756,-58.6136,-60.6136,-66.031,60.6136,0,0,63.1431,25.9479,2,83.0892
4133,88665.6,97.4454,-4.34463,204.246,-66.0731,1.54628,14216.5,0,0,700,353.827,25.9368,2,24.4756,-58.6529,-60.6529,-66.0731,60.6529,0,0,63.1633,25.95,2,83.1285
4133.1,88668.3,97.3374,-4.34489,204.128,-66.115,1.54628,14216.7,0,0,700,353.827,25.9368,2,24.4756,-58.692,-60.692,-66.115,60.692,0,0,63.1835,25.9522,2,83.1676
4133.2,88671,97.2294,-4.34516,204.011,-66.1568,1.54628,14216.8,0,0,700,353.827,25.9368,2,24.4756,-58.7309,-60.7309,-66.1568,60.7309,0,0,63.2038,25.9543,2,83.2065
4133.3,88673.7,97.1214,-4.34544,203.893,-66.1983,1.54628,14217,0,0,700,353.827,25.9368,2,24.4756,-58.7698,-60.7698,-66.1983,60.7698,0,0,63.224,25.9565,2,83.2453
4133.4,88676.4,97.0134,-4.34574,203.776,-66.2397,1.54628,14217.1,0,0,700,353.827,25.9368,2,24.4756,-58.8084,-60.8084,-66.2397,60.8084,0,0,63.2443,25.9587,2,83.284
4133.5,88679.1,96.9054,-4.34605,203.659,-66.2809,1.54628,14217.3,0,0,700,353.827,25.9368,2,24.4756,-58.8469,-60.8469,-66.2809,60.8469,0,0,63.2645,25.9608,2,83.3225
4133.6,88681.8,96.7974,-4.34636,203.542,-66.3219,1.54628,14217.5,0,0,700,353.827,25.9368,2,24.4756,-58.8851,-60.8851,-66.3219,60.8851,0,0,63.2848,25.963,2,83.3607
4133.7,88684.5,96.6894,-4.34669,203.425,-66.3627,1.54628,14217.6,0,0,700,353.827,25.9368,2,24.4756,-58.9232,-60.9232,-66.3627,60.9232,0,0,63.305,25.9652,2,83.3988
4133.8,88687.2,96.5814,-4.34702,203.309,-66.4033,1.54628,14217.8,0,0,700,353.827,25.9368,2,24.4756,-58.9611,-60.9611,-66.4033,60.9611,0,0,63.3253,25.9673,2,83.4367
4133.9,88689.8,96.4734,-4.34737,203.192,-66.4436,1.54628,14217.9,0,0,700,353.827,25.9368,2,24.4756,-58.9988,-60.9988,-66.4436,60.9988,0,0,63.3456,25.9695,2,83.4744
4134,88692.5,96.3654,-4.34772,203.076,-66.4837,1.54628,14218.1,0,0,700,353.827,25.9368,2,24.4756,-59.0363,-61.0363,-66.4837,61.0363,0,0,63.3659,25.9717,2,83.5119
4134.1,88695.2,96.2574,-4.34808,202.959,-66.5236,1.54628,14218.2,0,0,700,353.827,25.9368,2,24.4756,-59.0736,-61.0736,-66.5236,61.0736,0,0,63.3862,25.9739,2,83.5492
4134.2,88697.9,96.1494,-4.34845,202.843,-66.5632,1.54628,14218.4,0,0,700,353.827,25.9368,2,24.4756,-59.1104,-61.1104,-66.5632,61.1104,0,0,63.4066,25.976,2,83.586
4134.3,88700.5,96.0414,-4.34882,202.727,-66.6026,1.54628,14218.5,0,0,700,353.827,25.9368,2,24.4756,-59.147,-61.147,-66.6026,61.147,0,0,63.4269,25.9782,2,83.6226
4134.4,88703.2,95.9334,-4.3492,202.611,-66.6417,1.54628,14218.7,0,0,700,353.827,25.9368,2,24.4756,-59.1834,-61.1834,-66.6417,61.1834,0,0,63.4472,25.9804,2,83.659
4134.5,88705.9,95.8254,-4.34959,202.495,-66.6805,1.54628,14218.8,0,0,700,353.827,25.9368,2,24.4756,-59.2195,-61.2195,-66.6805,61.2195,0,0,63.4676,25.9826,2,83.6951
4134.6,88708.5,95.7174,-4.34999,202.38,-66.7191,1.54628,14219,0,0,700,353.827,25.9368,2,24.4756,-59.2552,-61.2552,-66.7191,61.2552,0,0,63.4879,25.9847,2,83.7308
4134.7,88711.2,95.6094,-4.35039,202.264,-66.7574,1.54628,14219.2,0,0,700,353.827,25.9368,2,24.4756,-59.2903,-61.2903,-66.7574,61.2903,0,0,63.5083,25.9869,2,83.7659
4134.8,88713.8,95.5014,-4.35079,202.149,-66.7954,1.54628,14219.3,0,0,700,353.827,25.9368,2,24.4756,-59.3252,-61.3252,-66.7954,61.3252,0,0,63.5287,25.9891,2,83.8008
4134.9,88716.5,95.3934,-4.3512,202.033,-66.8331,1.54628,14219.5,0,0,700,353.827,25.9368,2,24.4756,-59.3599,-61.3599,-66.8331,61.3599,0,0,63.549,25.9913,2,83.8354
4135,88719.1,95.2854,-4.35161,201.918,-66.8704,1.54628,14219.6,0,0,700,353.827,25.9368,2,24.4756,-59.3942,-61.3942,-66.8704,61.3942,0,0,63.5694,25.9935,2,83.8698
4135.1,88721.8,95.1774,-4.35203,201.803,-66.9075,1.54628,14219.8,0,0,700,353.827,25.9368,2,24.4756,-59.4282,-61.4282,-66.9075,61.4282,0,0,63.5898,25.9957,2,83.9038
4135.2,88724.4,95.0694,-4.35245,201.688,-66.9443,1.54628,14219.9,0,0,700,353.827,25.9368,2,24.4756,-59.462,-61.462,-66.9443,61.462,0,0,63.6102,25.9979,2,83.9376
4135.3,88727.1,94.9614,-4.35287,201.573,-66.9807,1.54628,14220.1,0,0,700,353.827,25.9368,2,24.4756,-59.4955,-61.4955,-66.9807,61.4955,0,0,63.6306,26.0001,2,83.971
4135.4,88729.7,94.8534,-4.3533,201.458,-67.0168,1.54628,14220.2,0,0,700,353.827,25.9368,2,24.4756,-59.5286,-61.5286,-67.0168,61.5286,0,0,63.6511,26.0023,2,84.0042
4135.5,88732.3,94.7454,-4.35373,201.344,-67.0526,1.54628,14220.4,0,0,700,353.827,25.9368,2,24.4756,-59.5612,-61.5612,-67.0526,61.5612,0,0,63.6715,26.0045,2,84.0368
4135.6,88735,94.6374,-4.35416,201.229,-67.088,1.54628,14220.5,0,0,700,353.827,25.9368,2,24.4756,-59.5935,-61.5935,-67.088,61.5935,0,0,63.6919,26.0066,2,84.0691
4135.7,88737.6,94.5294,-4.35459,201.115,-67.123,1.54628,14220.7,0,0,700,353.827,25.9368,2,24.4756,-59.6255,-61.6255,-67.123,61.6255,0,0,63.7124,26.0088,2,84.1011
4135.8,88740.2,94.4214,-4.35502,201,-67.1577,1.54628,14220.9,0,0,700,353.827,25.9368,2,24.4756,-59.6571,-61.6571,-67.1577,61.6571,0,0,63.7328,26.011,2,84.1327
4135.9,88742.8,94.3134,-4.35545,200.886,-67.1921,1.54628,14221,0,0,700,353.827,25.9368,2,24.4756,-59.6884,-61.6884,-67.1921,61.6884,0,0,63.7533,26.0132,2,84.164
4136,88745.5,94.2054,-4.35589,200.772,-67.226,1.54628,14221.2,0,0,700,353.827,25.9368,2,24.4756,-59.7193,-61.7193,-67.226,61.7193,0,0,63.7738,26.0154,2,84.1949
4136.1,88748.1,94.0974,-4.35632,200.658,-67.2596,1.54628,14221.3,0,0,700,353.827,25.9368,2,24.4756,-59.7499,-61.7499,-67.2596,61.7499,0,0,63.7942,26.0176,2,84.2255
4136.2,88750.7,93.9894,-4.35675,200.544,-67.2928,1.54628,14221.5,0,0,700,353.827,25.9368,2,24.4756,-59.7802,-61.7802,-67.2928,61.7802,0,0,63.8147,26.0199,2,84.2558
4136.3,88753.3,93.8814,-4.35718,200.431,-67.3257,1.54628,14221.6,0,0,700,353.827,25.9368,2,24.4756,-59.8101,-61.8101,-67.3257,61.8101,0,0,63.8352,26.0221,2,84.2857
4136.4,88755.9,93.7734,-4.35761,200.317,-67.3581,1.54628,14221.8,0,0,700,353.827,25.9368,2,24.4756,-59.8396,-61.8396,-67.3581,61.8396,0,0,63.8557,26.0243,2,84.3152
4136.5,88758.5,93.6654,-4.35804,200.204,-67.3901,1.54628,14221.9,0,0,700,353.827,25.9368,2,24.4756,-59.8688,-61.8688,-67.3901,61.8688,0,0,63.8762,26.0265,2,84.3444
4136.6,88761.1,93.5574,-4.35847,200.09,-67.4217,1.54628,14222.1,0,0,700,353.827,25.9368,2,24.4756,-59.8976,-61.8976,-67.4217,61.8976,0,0,63.8967,26.0287,2,84.3732
4136.7,88763.7,93.4494,-4.35889,199.977,-67.4529,1.54628,14222.2,0,0,700,353.827,25.9368,2,24.4756,-59.926,-61.926,-67.4529,61.926,0,0,63.9172,26.0309,2,84.4016
4136.8,88766.3,93.3414,-4.35931,199.864,-67.4837,1.54628,14222.4,0,0,700,353.827,25.9368,2,24.4756,-59.9538,-61.9538,-67.4837,61.9538,0,0,63.9378,26.0331,2,84.4293
4136.9,88768.9,93.2334,-4.35973,199.751,-67.5141,1.54628,14222.6,0,0,700,353.827,25.9368,2,24.4756,-59.9812,-61.9812,-67.5141,61.9812,0,0,63.9583,26.0353,2,84.4567
4137,88771.5,93.1254,-4.36014,199.638,-67.544,1.54628,14222.7,0,0,700,353.827,25.9368,2,24.4756,-60.0082,-62.0082,-67.544,62.0082,0,0,63.9788,26.0375,2,84.4837
4137.1,88774.1,93.0174,-4.36055,199.526,-67.5736,1.54628,14222.9,0,0,700,353.827,25.9368,2,24.4756,-60.0348,-62.0348,-67.5736,62.0348,0,0,63.9994,26.0397,2,84.5103
4137.2,88776.6,92.9094,-4.36096,199.413,-67.6026,1.54628,14223,0,0,700,353.827,25.9368,2,24.4756,-60.061,-62.061,-67.6026,62.061,0,0,64.0199,26.042,2,84.5365
4137.3,88779.2,92.8014,-4.36136,199.3,-67.6313,1.54628,14223.2,0,0,700,353.827,25.9368,2,24.4756,-60.0867,-62.0867,-67.6313,62.0867,0,0,64.0405,26.0442,2,84.5623
4137.4,88781.8,92.6934,-4.36175,199.188,-67.6594,1.54628,14223.3,0,0,700,353.827,25.9368,2,24.4756,-60.1121,-62.1121,-67.6594,62.1121,0,0,64.0611,26.0464,2,84.5877
4137.5,88784.4,92.5854,-4.36214,199.076,-67.6872,1.54628,14223.5,0,0,700,353.827,25.9368,2,24.4756,-60.1371,-62.1371,-67.6872,62.1371,0,0,64.0816,26.0486,2,84.6127
4137.6,88786.9,92.4774,-4.36253,198.964,-67.7144,1.54628,14223.6,0,0,700,353.827,25.9368,2,24.4756,-60.1616,-62.1616,-67.7144,62.1616,0,0,64.1022,26.0508,2,84.6372
4137.7,88789.5,92.3694,-4.36291,198.852,-67.7412,1.54628,14223.8,0,0,700,353.827,25.9368,2,24.4756,-60.1857,-62.1857,-67.7412,62.1857,0,0,64.1228,26.053,2,84.6613
4137.8,88792.1,92.2614,-4.36328,198.74,-67.7676,1.54628,14223.9,0,0,700,353.827,25.9368,2,24.4756,-60.2093,-62.2093,-67.7676,62.2093,0,0,64.1434,26.0553,2,84.6849
4137.9,88794.6,92.1534,-4.36365,198.628,-67.7935,1.54628,14224.1,0,0,700,353.827,25.9368,2,24.4756,-60.2326,-62.2326,-67.7935,62.2326,0,0,64.164,26.0575,2,84.7082
4138,88797.2,92.0454,-4.36401,198.516,-67.8188,1.54628,14224.3,0,0,700,353.827,25.9368,2,24.4756,-60.2553,-62.2553,-67.8188,62.2553,0,0,64.1846,26.0597,2,84.7309
4138.1,88799.7,91.9374,-4.36436,198.405,-67.8438,1.54628,14224.4,0,0,700,353.827,25.9368,2,24.4756,-60.2774,-62.2774,-67.8438,62.2774,0,0,64.2052,26.0619,2,84.753
4138.2,88802.3,91.8294,-4.36471,198.294,-67.4449,1.54628,14224.6,0,0,700,353.827,25.9368,2,24.4756,-59.8982,-61.8982,-67.4449,61.8982,0,0,64.2257,26.0641,2,84.3738
4138.3,88804.8,91.7231,-4.36504,198.182,-66.0638,1.54628,14224.7,0,0,700,353.827,25.9368,2,24.4756,-58.5886,-60.5886,-66.0638,60.5886,0,0,64.2459,26.0663,2,83.0642
4138.4,88807.4,91.6209,-4.36537,198.071,-63.9611,1.54628,14224.9,0,0,700,353.827,25.9368,2,24.4756,-56.5956,-58.5956,-63.9611,58.5956,0,0,64.2656,26.0683,2,81.0712
4138.5,88809.9,91.5234,-4.36569,197.96,-61.3943,1.54628,14225,0,0,700,353.827,25.9368,2,24.4756,-54.1587,-56.1587,-61.3943,56.1587,0,0,64.2847,26.0702,2,78.6343
4138.6,88812.5,91.4319,-4.36601,197.849,-58.4721,1.54628,14225.2,0,0,700,353.827,25.9368,2,24.4756,-51.3861,-53.3861,-58.4721,53.3861,0,0,64.3031,26.072,2,75.8616
4138.7,88815,91.3466,-4.36631,197.738,-55.6056,1.54628,14225.3,0,0,700,353.827,25.9368,2,24.4756,-48.668,-50.668,-55.6056,50.668,0,0,64.3209,26.0736,2,73.1436
4138.8,88817.6,91.267,-4.36661,197.628,-53.3089,1.54628,14225.5,0,0,700,353.827,25.9368,2,24.4756,-46.4916,-48.4916,-53.3089,48.4916,0,0,64.3382,26.0752,2,70.9672
4138.9,88820.1,91.1913,-4.36689,197.517,-51.64,1.54628,14225.6,0,0,700,353.827,25.9368,2,24.4756,-44.9251,-46.9251,-51.64,46.9251,0,0,64.355,26.0767,2,69.4007
4139,88822.6,91.1188,-4.36717,197.406,-50.5385,1.54628,14225.8,0,0,700,353.827,25.9368,2,24.4756,-43.894,-45.894,-50.5385,45.894,0,0,64.3717,26.0781,2,68.3696
4139.1,88825.2,91.0478,-4.36743,197.296,-49.8963,1.54628,14226,0,0,700,353.827,25.9368,2,24.4756,-43.2934,-45.2934,-49.8963,45.2934,0,0,64.3881,26.0795,2,67.769
4139.2,88827.7,90.9781,-4.36769,197.185,-49.1443,1.54628,14226.1,0,0,700,353.827,25.9368,2,24.4756,-42.5901,-44.5901,-49.1443,44.5901,0,0,64.4044,26.0809,2,67.0656
4139.3,88830.2,90.9103,-4.36793,197.075,-48.2121,1.54628,14226.3,0,0,700,353.827,25.9368,2,24.4756,-41.7179,-43.7179,-48.2121,43.7179,0,0,64.4205,26.0822,2,66.1934
4139.4,88832.7,90.8445,-4.36816,196.965,-47.027,1.54628,14226.4,0,0,700,353.827,25.9368,2,24.4756,-40.6087,-42.6087,-47.027,42.6087,0,0,64.4363,26.0835,2,65.0843
4139.5,88835.3,90.7818,-4.36839,196.855,-45.6145,1.54628,14226.6,0,0,700,353.827,25.9368,2,24.4756,-39.2867,-41.2867,-45.6145,41.2867,0,0,64.4518,26.0848,2,63.7623
4139.6,88837.8,90.722,-4.3686,196.744,-44.1453,1.54628,14226.7,0,0,700,353.827,25.9368,2,24.4756,-37.9115,-39.9115,-44.1453,39.9115,0,0,64.467,26.086,2,62.3871
4139.7,88840.3,90.6655,-4.3688,196.634,-43.0784,1.54628,14226.9,0,0,700,353.827,25.9368,2,24.4756,-36.9133,-38.9133,-43.0784,38.9133,0,0,64.4819,26.0871,2,61.3889
4139.8,88842.8,90.6103,-4.36898,196.524,-42.9375,1.54628,14227,0,0,700,353.827,25.9368,2,24.4756,-36.7827,-38.7827,-42.9375,38.7827,0,0,64.4968,26.0883,2,61.2583
4139.9,88845.3,90.5545,-4.36916,196.414,-43.093,1.54628,14227.2,0,0,700,353.827,25.9368,2,24.4756,-36.9297,-38.9297,-43.093,38.9297,0,0,64.5118,26.0894,2,61.4052
4140,88847.8,90.4987,-4.36932,196.305,-42.9102,1.54628,14227.3,0,0,700,353.827,25.9368,2,24.4756,-36.7598,-38.7598,-42.9102,38.7598,0,0,64.5266,26.0905,2,61.2353
4140.1,88850.4,90.4438,-4.36947,196.195,-41.663,1.54628,14227.5,0,0,700,353.827,25.9368,2,24.4756,-35.591,-37.591,-41.663,37.591,0,0,64.5412,26.0916,2,60.0666
4140.2,88852.9,90.3933,-4.36961,196.085,-39.5236,1.54628,14227.7,0,0,700,353.827,25.9368,2,24.4756,-33.5769,-35.5769,-39.5236,35.5769,0,0,64.5554,26.0927,2,58.0525
4140.3,88855.4,90.3474,-4.36973,195.975,-37.1777,1.54628,14227.8,0,0,700,353.827,25.9368,2,24.4756,-31.3681,-33.3681,-37.1777,33.3681,0,0,64.5689,26.0936,2,55.8437
4140.4,88857.9,90.3069,-4.36984,195.866,-34.6332,1.54628,14228,0,0,700,353.827,25.9368,2,24.4756,-28.9722,-30.9722,-34.6332,30.9722,0,0,64.5819,26.0944,2,53.4478
4140.5,88860.4,90.2717,-4.36994,195.756,-32.0183,1.54628,14228.1,0,0,700,353.827,25.9368,2,24.4756,-26.5097,-28.5097,-32.0183,28.5097,0,0,64.5943,26.0952,2,50.9853
4140.6,88862.9,90.2422,-4.37002,195.647,-30.5423,1.54628,14228.3,0,0,700,353.827,25.9368,2,24.4756,-25.1146,-27.1146,-30.5423,27.1146,0,0,64.6064,26.0959,2,49.5902
4140.7,88865.4,90.2133,-4.37009,195.537,-29.7187,1.54628,14228.4,0,0,700,353.827,25.9368,2,24.4756,-24.3345,-26.3345,-29.7187,26.3345,0,0,64.6182,26.0966,2,48.8101
4140.8,88867.9,90.1872,-4.37015,195.428,-27.7835,1.54628,14228.6,0,0,700,353.827,25.9368,2,24.4756,-22.5002,-24.5002,-27.7835,24.5002,0,0,64.6297,26.0973,2,46.9758
4140.9,88870.4,90.1665,-4.37019,195.318,-25.196,1.54628,14228.7,0,0,700,353.827,25.9368,2,24.4756,-20.0473,-22.0473,-25.196,22.0473,0,0,64.6405,26.0978,2,44.5229
4141,88872.9,90.1513,-4.37021,195.209,-22.7901,1.54628,14228.9,0,0,700,353.827,25.9368,2,24.4756,-17.7664,-19.7664,-22.7901,19.7664,0,0,64.6508,26.0983,2,42.242
4141.1,88875.4,90.1407,-4.37022,195.099,-20.316,1.54628,14229,0,0,700,353.827,25.9368,2,24.4756,-15.4162,-17.4162,-20.316,17.4162,0,0,64.6605,26.0988,2,39.8918
4141.2,88877.9,90.136,-4.37021,194.99,-18.0846,1.54628,14229.2,0,0,700,353.827,25.9368,2,24.4756,-13.2843,-15.2843,-18.0846,15.2843,0,0,64.6696,26.0991,2,37.7599
4141.3,88880.4,90.1347,-4.37019,194.88,-16.9103,1.54628,14229.4,0,0,700,353.827,25.9368,2,24.4756,-12.1624,-14.1624,-16.9103,14.1624,0,0,64.6785,26.0995,2,36.6379
4141.4,88882.9,90.1349,-4.37015,194.771,-16.5036,1.54628,14229.5,0,0,700,353.827,25.9368,2,24.4756,-11.7737,-13.7737,-16.5036,13.7737,0,0,64.6874,26.0998,2,36.2493
4141.5,88885.4,90.1353,-4.3701,194.662,-16.8988,1.54628,14229.7,0,0,700,353.827,25.9368,2,24.4756,-12.1514,-14.1514,-16.8988,14.1514,0,0,64.6963,26.1002,2,36.6269
4141.6,88887.9,90.1338,-4.37003,194.552,-17.9286,1.54628,14229.8,0,0,700,353.827,25.9368,2,24.4756,-13.1353,-15.1353,-17.9286,15.1353,0,0,64.7054,26.1006,2,37.6109
4141.7,88890.4,90.1299,-4.36994,194.443,-19.045,1.54628,14230,0,0,700,353.827,25.9368,2,24.4756,-14.2022,-16.2022,-19.045,16.2022,0,0,64.7148,26.101,2,38.6778
4141.8,88893,90.1238,-4.36984,194.333,-19.9506,1.54628,14230.1,0,0,700,353.827,25.9368,2,24.4756,-15.0676,-17.0676,-19.9506,17.0676,0,0,64.7244,26.1014,2,39.5432
4141.9,88895.5,90.1161,-4.36972,194.224,-20.5311,1.54628,14230.3,0,0,700,353.827,25.9368,2,24.4756,-15.6225,-17.6225,-20.5311,17.6225,0,0,64.7342,26.1018,2,40.0981
4142,88898,90.1075,-4.36958,194.115,-20.1591,1.54628,14230.4,0,0,700,353.827,25.9368,2,24.4756,-15.2673,-17.2673,-20.1591,17.2673,0,0,64.7438,26.1022,2,39.7429
4142.1,88900.5,90.1014,-4.36942,194.005,-19.4844,1.54628,14230.6,0,0,700,353.827,25.9368,2,24.4756,-14.6229,-16.6229,-19.4844,16.6229,0,0,64.7533,26.1027,2,39.0985
4142.2,88903,90.0957,-4.36925,193.896,-19.131,1.54628,14230.7,0,0,700,353.827,25.9368,2,24.4756,-14.2854,-16.2854,-19.131,16.2854,0,0,64.7628,26.1031,2,38.761
4142.3,88905.5,90.0911,-4.36906,193.786,-18.923,1.54628,14230.9,0,0,700,353.827,25.9368,2,24.4756,-14.0868,-16.0868,-18.923,16.0868,0,0,64.7721,26.1035,2,38.5624
4142.4,88908,90.0862,-4.36885,193.677,-19.8057,1.54628,14231.1,0,0,700,353.827,25.9368,2,24.4756,-14.9303,-16.9303,-19.8057,16.9303,0,0,64.7817,26.1039,2,39.4059
4142.5,88910.5,90.0779,-4.36862,193.568,-21.5379,1.54628,14231.2,0,0,700,353.827,25.9368,2,24.4756,-16.5812,-18.5812,-21.5379,18.5812,0,0,64.7917,26.1043,2,41.0568
4142.6,88913,90.0658,-4.36837,193.458,-22.6012,1.54628,14231.4,0,0,700,353.827,25.9368,2,24.4756,-17.5898,-19.5898,-22.6012,19.5898,0,0,64.8019,26.1048,2,42.0654
4142.7,88915.5,90.053,-4.3681,193.349,-22.7001,1.54628,14231.5,0,0,700,353.827,25.9368,2,24.4756,-17.6839,-19.6839,-22.7001,19.6839,0,0,64.8122,26.1053,2,42.1595
4142.8,88918,90.0405,-4.36782,193.24,-22.175,1.54628,14231.7,0,0,700,353.827,25.9368,2,24.4756,-17.1863,-19.1863,-22.175,19.1863,0,0,64.8223,26.1058,2,41.6619
4142.9,88920.5,90.0299,-4.36751,193.131,-21.0725,1.54628,14231.8,0,0,700,353.827,25.9368,2,24.4756,-16.1412,-18.1412,-21.0725,18.1412,0,0,64.8322,26.1063,2,40.6168
4143,88923,90.0221,-4.36719,193.022,-19.4177,1.54628,14232,0,0,700,353.827,25.9368,2,24.4756,-14.5616,-16.5616,-19.4177,16.5616,0,0,64.8417,26.1067,2,39.0372
4143.1,88925.5,90.0184,-4.36684,192.912,-17.9104,1.54628,14232.1,0,0,700,353.827,25.9368,2,24.4756,-13.1215,-15.1215,-17.9104,15.1215,0,0,64.8508,26.107,2,37.5971
4143.2,88928,90.0169,-4.36648,192.803,-16.8442,1.54628,14232.3,0,0,700,353.827,25.9368,2,24.4756,-12.1029,-14.1029,-16.8442,14.1029,0,0,64.8597,26.1074,2,36.5785
4143.3,88930.5,90.0177,-4.3661,192.694,-16.3455,1.54628,14232.5,0,0,700,353.827,25.9368,2,24.4756,-11.6263,-13.6263,-16.3455,13.6263,0,0,64.8685,26.1077,2,36.1019
4143.4,88933,90.0182,-4.36569,192.585,-17.1562,1.54628,14232.6,0,0,700,353.827,25.9368,2,24.4756,-12.4009,-14.4009,-17.1562,14.4009,0,0,64.8774,26.1081,2,36.8765
4143.5,88935.5,90.0156,-4.36527,192.476,-18.6789,1.54628,14232.8,0,0,700,353.827,25.9368,2,24.4756,-13.8559,-15.8559,-18.6789,15.8559,0,0,64.8867,26.1085,2,38.3315
4143.6,88938,90.0097,-4.36482,192.366,-19.898,1.54628,14232.9,0,0,700,353.827,25.9368,2,24.4756,-15.0209,-17.0209,-19.898,17.0209,0,0,64.8964,26.1089,2,39.4965
4143.7,88940.5,90.002,-4.36435,192.257,-21.2725,1.54628,14233.1,0,0,700,353.827,25.9368,2,24.4756,-16.3317,-18.3317,-21.2725,18.3317,0,0,64.9063,26.1093,2,40.8073
4143.8,88943,89.9903,-4.36387,192.148,-22.3875,1.54628,14233.2,0,0,700,353.827,25.9368,2,24.4756,-17.3894,-19.3894,-22.3875,19.3894,0,0,64.9164,26.1098,2,41.865
4143.9,88945.5,89.9779,-4.36336,192.039,-21.6759,1.54628,14233.4,0,0,700,353.827,25.9368,2,24.4756,-16.7149,-18.7149,-21.6759,18.7149,0,0,64.9265,26.1103,2,41.1905
4144,88948,89.9692,-4.36283,191.93,-20.3634,1.54628,14233.5,0,0,700,353.827,25.9368,2,24.4756,-15.4668,-17.4668,-20.3634,17.4668,0,0,64.9362,26.1107,2,39.9424
4144.1,88950.5,89.9623,-4.36227,191.821,-19.0741,1.54628,14233.7,0,0,700,353.827,25.9368,2,24.4756,-14.2352,-16.2352,-19.0741,16.2352,0,0,64.9456,26.1111,2,38.7108
4144.2,88953,89.959,-4.3617,191.712,-17.4,1.54628,14233.8,0,0,700,353.827,25.9368,2,24.4756,-12.6357,-14.6357,-17.4,14.6357,0,0,64.9546,26.1115,2,37.1113
4144.3,88955.5,89.9591,-4.3611,191.603,-15.8734,1.54628,14234,0,0,700,353.827,25.9368,2,24.4756,-11.177,-13.177,-15.8734,13.177,0,0,64.9633,26.1118,2,35.6526
4144.4,88958,89.9621,-4.36049,191.494,-14.2794,1.54628,14234.2,0,0,700,353.827,25.9368,2,24.4756,-9.65401,-11.654,-14.2794,11.654,0,0,64.9716,26.1121,2,34.1296
4144.5,88960.5,89.9688,-4.35985,191.385,-12.7126,1.54628,14234.3,0,0,700,353.827,25.9368,2,24.4756,-8.1567,-10.1567,-12.7126,10.1567,0,0,64.9795,26.1123,2,32.6323
4144.6,88963,89.9784,-4.35918,191.276,-11.9485,1.54628,14234.5,0,0,700,353.827,25.9368,2,24.4756,-7.42639,-9.42639,-11.9485,9.42639,0,0,64.9873,26.1126,2,31.902
4144.7,88965.5,89.9883,-4.3585,191.167,-12.022,1.54628,14234.6,0,0,700,353.827,25.9368,2,24.4756,-7.49625,-9.49625,-12.022,9.49625,0,0,64.995,26.1128,2,31.9718
4144.8,88968,89.9975,-4.35779,191.058,-12.7673,1.54628,14234.8,0,0,700,353.827,25.9368,2,24.4756,-8.20811,-10.2081,-12.7673,10.2081,0,0,65.003,26.1131,2,32.6837
4144.9,88970.5,90.0041,-4.35706,190.949,-14.1416,1.54628,14234.9,0,0,700,353.827,25.9368,2,24.4756,-9.521,-11.521,-14.1416,11.521,0,0,65.0112,26.1134,2,33.9966
4145,88973,90.0075,-4.3563,190.84,-15.3081,1.54628,14235.1,0,0,700,353.827,25.9368,2,24.4756,-10.6355,-12.6355,-15.3081,12.6355,0,0,65.0198,26.1137,2,35.1111
4145.1,88975.5,90.0092,-4.35553,190.732,-16.1681,1.54628,14235.2,0,0,700,353.827,25.9368,2,24.4756,-11.4571,-13.4571,-16.1681,13.4571,0,0,65.0285,26.114,2,35.9327
4145.2,88978,90.0088,-4.35472,190.623,-17.3536,1.54628,14235.4,0,0,700,353.827,25.9368,2,24.4756,-12.5898,-14.5898,-17.3536,14.5898,0,0,65.0375,26.1144,2,37.0654
4145.3,88980.5,90.0055,-4.3539,190.514,-18.2482,1.54628,14235.5,0,0,700,353.827,25.9368,2,24.4756,-13.4447,-15.4447,-18.2482,15.4447,0,0,65.0467,26.1147,2,37.9203
4145.4,88983,90.0014,-4.35305,190.405,-18.4373,1.54628,14235.7,0,0,700,353.827,25.9368,2,24.4756,-13.6255,-15.6255,-18.4373,15.6255,0,0,65.056,26.1151,2,38.1011
4145.5,88985.5,89.9972,-4.35218,190.296,-18.7028,1.54628,14235.9,0,0,700,353.827,25.9368,2,24.4756,-13.8793,-15.8793,-18.7028,15.8793,0,0,65.0653,26.1155,2,38.3549
4145.6,88988,89.992,-4.35128,190.187,-19.4981,1.54628,14236,0,0,700,353.827,25.9368,2,24.4756,-14.6394,-16.6394,-19.4981,16.6394,0,0,65.0748,26.1159,2,39.115
4145.7,88990.5,89.9844,-4.35037,190.079,-19.5332,1.54628,14236.2,0,0,700,353.827,25.9368,2,24.4756,-14.6731,-16.6731,-19.5332,16.6731,0,0,65.0844,26.1163,2,39.1487
4145.8,88993,89.979,-4.34942,189.97,-18.9189,1.54628,14236.3,0,0,700,353.827,25.9368,2,24.4756,-14.0863,-16.0863,-18.9189,16.0863,0,0,65.0937,26.1167,2,38.5619
4145.9,88995.5,89.9739,-4.34845,189.861,-19.0588,1.54628,14236.5,0,0,700,353.827,25.9368,2,24.4756,-14.2202,-16.2202,-19.0588,16.2202,0,0,65.1031,26.1171,2,38.6958
4146,88998,89.9678,-4.34746,189.753,-19.1413,1.54628,14236.6,0,0,700,353.827,25.9368,2,24.4756,-14.2992,-16.2992,-19.1413,16.2992,0,0,65.1126,26.1175,2,38.7748
4146.1,89000.5,89.9624,-4.34645,189.644,-17.9419,1.54628,14236.8,0,0,700,353.827,25.9368,2,24.4756,-13.1534,-15.1534,-17.9419,15.1534,0,0,65.1217,26.1179,2,37.629
4146.2,89003,89.9613,-4.3454,189.535,-16.3035,1.54628,14236.9,0,0,700,353.827,25.9368,2,24.4756,-11.5879,-13.5879,-16.3035,13.5879,0,0,65.1305,26.1182,2,36.0635
4146.3,89005.5,89.9627,-4.34434,189.427,-14.7791,1.54628,14237.1,0,0,700,353.827,25.9368,2,24.4756,-10.1314,-12.1314,-14.7791,12.1314,0,0,65.1389,26.1185,2,34.607
4146.4,89008,89.9679,-4.34325,189.318,-13.1279,1.54628,14237.2,0,0,700,353.827,25.9368,2,24.4756,-8.55359,-10.5536,-13.1279,10.5536,0,0,65.1469,26.1188,2,33.0292
4146.5,89010.5,89.9761,-4.34213,189.21,-12.1572,1.54628,14237.4,0,0,700,353.827,25.9368,2,24.4756,-7.62584,-9.62584,-12.1572,9.62584,0,0,65.1547,26.119,2,32.1014
4146.6,89013,89.9853,-4.34099,189.101,-12.2032,1.54628,14237.6,0,0,700,353.827,25.9368,2,24.4756,-7.66949,-9.66949,-12.2032,9.66949,0,0,65.1625,26.1193,2,32.1451
4146.7,89015.5,89.9932,-4.33983,188.993,-12.7704,1.54628,14237.7,0,0,700,353.827,25.9368,2,24.4756,-8.21123,-10.2112,-12.7704,10.2112,0,0,65.1705,26.1195,2,32.6868
4146.8,89018,89.9999,-4.33864,188.884,-13.6525,1.54628,14237.9,0,0,700,353.827,25.9368,2,24.4756,-9.0538,-11.0538,-13.6525,11.0538,0,0,65.1786,26.1198,2,33.5294
4146.9,89020.5,90.0041,-4.33742,188.776,-15.0021,1.54628,14238,0,0,700,353.827,25.9368,2,24.4756,-10.3432,-12.3432,-15.0021,12.3432,0,0,65.1871,26.1201,2,34.8187
4147,89023,90.005,-4.33618,188.667,-16.4337,1.54628,14238.2,0,0,700,353.827,25.9368,2,24.4756,-11.7111,-13.7111,-16.4337,13.7111,0,0,65.1959,26.1205,2,36.1866
4147.1,89025.5,90.003,-4.33492,188.559,-17.5866,1.54628,14238.3,0,0,700,353.827,25.9368,2,24.4756,-12.8126,-14.8126,-17.5866,14.8126,0,0,65.205,26.1208,2,37.2882
4147.2,89028,89.999,-4.33362,188.451,-18.8176,1.54628,14238.5,0,0,700,353.827,25.9368,2,24.4756,-13.9889,-15.9889,-18.8176,15.9889,0,0,65.2143,26.1212,2,38.4645
4147.3,89030.5,89.9919,-4.33231,188.342,-20.0362,1.54628,14238.6,0,0,700,353.827,25.9368,2,24.4756,-15.1535,-17.1535,-20.0362,17.1535,0,0,65.2239,26.1216,2,39.6291
4147.4,89033,89.9827,-4.33096,188.234,-20.7553,1.54628,14238.8,0,0,700,353.827,25.9368,2,24.4756,-15.8408,-17.8408,-20.7553,17.8408,0,0,65.2337,26.1221,2,40.3164
4147.5,89035.5,89.9724,-4.3296,188.126,-20.8753,1.54628,14238.9,0,0,700,353.827,25.9368,2,24.4756,-15.9559,-17.9559,-20.8753,17.9559,0,0,65.2436,26.1225,2,40.4315
4147.6,89038,89.9627,-4.3282,188.018,-21.1216,1.54628,14239.1,0,0,700,353.827,25.9368,2,24.4756,-16.1898,-18.1898,-21.1216,18.1898,0,0,65.2535,26.123,2,40.6654
4147.7,89040.5,89.9513,-4.32678,187.909,-21.8306,1.54628,14239.3,0,0,700,353.827,25.9368,2,24.4756,-16.8624,-18.8624,-21.8306,18.8624,0,0,65.2635,26.1234,2,41.338
4147.8,89043,89.9385,-4.32534,187.801,-22.8509,1.54628,14239.4,0,0,700,353.827,25.9368,2,24.4756,-17.8303,-19.8303,-22.8509,19.8303,0,0,65.2738,26.1239,2,42.3059
4147.9,89045.5,89.9228,-4.32387,187.693,-23.892,1.54628,14239.6,0,0,700,353.827,25.9368,2,24.4756,-18.8179,-20.8179,-23.892,20.8179,0,0,65.2843,26.1245,2,43.2935
4148,89048,89.9056,-4.32237,187.585,-25.2194,1.54628,14239.7,0,0,700,353.827,25.9368,2,24.4756,-20.0771,-22.0771,-25.2194,22.0771,0,0,65.2951,26.125,2,44.5527
4148.1,89050.5,89.8842,-4.32085,187.477,-27.0861,1.54628,14239.9,0,0,700,353.827,25.9368,2,24.4756,-21.8478,-23.8478,-27.0861,23.8478,0,0,65.3064,26.1256,2,46.3234
4148.2,89052.9,89.8591,-4.31931,187.37,-28.4569,1.54628,14240,0,0,700,353.827,25.9368,2,24.4756,-23.1484,-25.1484,-28.4569,25.1484,0,0,65.318,26.1263,2,47.6239
4148.3,89055.4,89.8319,-4.31773,187.262,-28.8685,1.54628,14240.2,0,0,700,353.827,25.9368,2,24.4756,-23.5394,-25.5394,-28.8685,25.5394,0,0,65.3297,26.1269,2,48.015
4148.4,89057.9,89.805,-4.31614,187.154,-28.4596,1.54628,14240.3,0,0,700,353.827,25.9368,2,24.4756,-23.1525,-25.1525,-28.4596,25.1525,0,0,65.3412,26.1276,2,47.6281
4148.5,89060.4,89.7795,-4.31451,187.046,-27.691,1.54628,14240.5,0,0,700,353.827,25.9368,2,24.4756,-22.4244,-24.4244,-27.691,24.4244,0,0,65.3526,26.1282,2,46.9
4148.6,89062.9,89.7559,-4.31287,186.939,-26.764,1.54628,14240.6,0,0,700,353.827,25.9368,2,24.4756,-21.5461,-23.5461,-26.764,23.5461,0,0,65.3638,26.1288,2,46.0217
4148.7,89065.4,89.7342,-4.31119,186.831,-26.1892,1.54628,14240.8,0,0,700,353.827,25.9368,2,24.4756,-21.0017,-23.0017,-26.1892,23.0017,0,0,65.3749,26.1294,2,45.4773
4148.8,89067.9,89.7129,-4.30949,186.724,-26.3801,1.54628,14241,0,0,700,353.827,25.9368,2,24.4756,-21.1833,-23.1833,-26.3801,23.1833,0,0,65.386,26.13,2,45.6589
4148.9,89070.4,89.6903,-4.30777,186.617,-26.916,1.54628,14241.1,0,0,700,353.827,25.9368,2,24.4756,-21.6922,-23.6922,-26.916,23.6922,0,0,65.3972,26.1306,2,46.1678
4149,89072.9,89.6667,-4.30602,186.509,-27.3303,1.54628,14241.3,0,0,700,353.827,25.9368,2,24.4756,-22.0857,-24.0857,-27.3303,24.0857,0,0,65.4085,26.1312,2,46.5613
4149.1,89075.4,89.6424,-4.30424,186.402,-26.8195,1.54628,14241.4,0,0,700,353.827,25.9368,2,24.4756,-21.602,-23.602,-26.8195,23.602,0,0,65.4197,26.1318,2,46.0776
4149.2,89077.9,89.6208,-4.30244,186.295,-25.0484,1.54628,14241.6,0,0,700,353.827,25.9368,2,24.4756,-19.9233,-21.9233,-25.0484,21.9233,0,0,65.4305,26.1324,2,44.3989
4149.3,89080.4,89.6039,-4.30062,186.188,-23.1873,1.54628,14241.7,0,0,700,353.827,25.9368,2,24.4756,-18.1591,-20.1591,-23.1873,20.1591,0,0,65.4409,26.1329,2,42.6347
4149.4,89082.9,89.5901,-4.29877,186.081,-22.2828,1.54628,14241.9,0,0,700,353.827,25.9368,2,24.4756,-17.3018,-19.3018,-22.2828,19.3018,0,0,65.451,26.1334,2,41.7774
4149.5,89085.3,89.5769,-4.29689,185.974,-22.0652,1.54628,14242,0,0,700,353.827,25.9368,2,24.4756,-17.0959,-19.0959,-22.0652,19.0959,0,0,65.4611,26.1339,2,41.5715
4149.6,89087.8,89.5639,-4.29499,185.867,-22.4493,1.54628,14242.2,0,0,700,353.827,25.9368,2,24.4756,-17.4605,-19.4605,-22.4493,19.4605,0,0,65.4713,26.1343,2,41.9361
4149.7,89090.3,89.5489,-4.29306,185.76,-23.5932,1.54628,14242.3,0,0,700,353.827,25.9368,2,24.4756,-18.5456,-20.5456,-23.5932,20.5456,0,0,65.4818,26.1349,2,43.0211
4149.8,89092.8,89.531,-4.2911,185.653,-24.7805,1.54628,14242.5,0,0,700,353.827,25.9368,2,24.4756,-19.6719,-21.6719,-24.7805,21.6719,0,0,65.4925,26.1354,2,44.1475
4149.9,89095.3,89.511,-4.28913,185.547,-25.8802,1.54628,14242.7,0,0,700,353.827,25.9368,2,24.4756,-20.7153,-22.7153,-25.8802,22.7153,0,0,65.5035,26.136,2,45.1908
4150,89097.8,89.4884,-4.28712,185.44,-27.042,1.54628,14242.8,0,0,700,353.827,25.9368,2,24.4756,-21.8175,-23.8175,-27.042,23.8175,0,0,65.5148,26.1366,2,46.2931
4150.1,89100.3,89.4634,-4.28509,185.334,-28.1749,1.54628,14243,0,0,700,353.827,25.9368,2,24.4756,-22.8925,-24.8925,-28.1749,24.8925,0,0,65.5263,26.1372,2,47.3681
4150.2,89102.7,89.4359,-4.28304,185.227,-29.1218,1.54628,14243.1,0,0,700,353.827,25.9368,2,24.4756,-23.7912,-25.7912,-29.1218,25.7912,0,0,65.538,26.1379,2,48.2668
4150.3,89105.2,89.4069,-4.28096,185.121,-29.6212,1.54628,14243.3,0,0,700,353.827,25.9368,2,24.4756,-24.2656,-26.2656,-29.6212,26.2656,0,0,65.5499,26.1386,2,48.7412
4150.4,89107.7,89.3772,-4.27886,185.015,-29.652,1.54628,14243.4,0,0,700,353.827,25.9368,2,24.4756,-24.2956,-26.2956,-29.652,26.2956,0,0,65.5617,26.1393,2,48.7712
4150.5,89110.2,89.3479,-4.27673,184.908,-29.2331,1.54628,14243.6,0,0,700,353.827,25.9368,2,24.4756,-23.8993,-25.8993,-29.2331,25.8993,0,0,65.5735,26.14,2,48.3749
4150.6,89112.7,89.3199,-4.27458,184.802,-28.5744,1.54628,14243.7,0,0,700,353.827,25.9368,2,24.4756,-23.2755,-25.2755,-28.5744,25.2755,0,0,65.5851,26.1406,2,47.7511
4150.7,89115.2,89.2934,-4.2724,184.696,-28.2211,1.54628,14243.9,0,0,700,353.827,25.9368,2,24.4756,-22.9412,-24.9412,-28.2211,24.9412,0,0,65.5966,26.1413,2,47.4168
4150.8,89117.6,89.2668,-4.2702,184.59,-28.3701,1.54628,14244,0,0,700,353.827,25.9368,2,24.4756,-23.0834,-25.0834,-28.3701,25.0834,0,0,65.6082,26.1419,2,47.559
4150.9,89120.1,89.2395,-4.26798,184.484,-28.9658,1.54628,14244.2,0,0,700,353.827,25.9368,2,24.4756,-23.649,-25.649,-28.9658,25.649,0,0,65.6199,26.1426,2,48.1246
4151,89122.6,89.2103,-4.26573,184.379,-30.2251,1.54628,14244.4,0,0,700,353.827,25.9368,2,24.4756,-24.8439,-26.8439,-30.2251,26.8439,0,0,65.6319,26.1433,2,49.3195
4151.1,89125.1,89.1776,-4.26345,184.273,-32.0896,1.54628,14244.5,0,0,700,353.827,25.9368,2,24.4756,-26.6064,-28.6064,-32.0896,28.6064,0,0,65.6443,26.144,2,51.0819
4151.2,89127.6,89.1405,-4.26115,184.167,-33.8315,1.54628,14244.7,0,0,700,353.827,25.9368,2,24.4756,-28.2483,-30.2483,-33.8315,30.2483,0,0,65.6571,26.1449,2,52.7239
4151.3,89130,89.1003,-4.25883,184.062,-35.2055,1.54628,14244.8,0,0,700,353.827,25.9368,2,24.4756,-29.5436,-31.5436,-35.2055,31.5436,0,0,65.6702,26.1457,2,54.0192
4151.4,89132.5,89.0572,-4.25649,183.957,-35.637,1.54628,14245,0,0,700,353.827,25.9368,2,24.4756,-29.9513,-31.9513,-35.637,31.9513,0,0,65.6835,26.1466,2,54.4269
4151.5,89135,89.0152,-4.25412,183.851,-34.8936,1.54628,14245.1,0,0,700,353.827,25.9368,2,24.4756,-29.2521,-31.2521,-34.8936,31.2521,0,0,65.6965,26.1475,2,53.7277
4151.6,89137.4,88.9752,-4.25173,183.746,-33.1122,1.54628,14245.3,0,0,700,353.827,25.9368,2,24.4756,-27.5751,-29.5751,-33.1122,29.5751,0,0,65.7092,26.1483,2,52.0507
4151.7,89139.9,88.9406,-4.24931,183.641,-30.2477,1.54628,14245.4,0,0,700,353.827,25.9368,2,24.4756,-24.8731,-26.8731,-30.2477,26.8731,0,0,65.7212,26.149,2,49.3487
4151.8,89142.4,88.9127,-4.24688,183.536,-27.3225,1.54628,14245.6,0,0,700,353.827,25.9368,2,24.4756,-22.1001,-24.1001,-27.3225,24.1001,0,0,65.7325,26.1496,2,46.5757
4151.9,89144.9,88.8904,-4.24441,183.431,-25.3638,1.54628,14245.7,0,0,700,353.827,25.9368,2,24.4756,-20.2436,-22.2436,-25.3638,22.2436,0,0,65.7434,26.1501,2,44.7192
4152,89147.3,88.8707,-4.24193,183.327,-23.8672,1.54628,14245.9,0,0,700,353.827,25.9368,2,24.4756,-18.825,-20.825,-23.8672,20.825,0,0,65.7539,26.1507,2,43.3006
4152.1,89149.8,88.8547,-4.23942,183.222,-22.3115,1.54628,14246.1,0,0,700,353.827,25.9368,2,24.4756,-17.3504,-19.3504,-22.3115,19.3504,0,0,65.7641,26.1511,2,41.826
4152.2,89152.3,88.8414,-4.23689,183.117,-21.9711,1.54628,14246.2,0,0,700,353.827,25.9368,2,24.4756,-17.0281,-19.0281,-21.9711,19.0281,0,0,65.7742,26.1516,2,41.5036
4152.3,89154.7,88.8267,-4.23434,183.013,-22.8355,1.54628,14246.4,0,0,700,353.827,25.9368,2,24.4756,-17.8481,-19.8481,-22.8355,19.8481,0,0,65.7845,26.1521,2,42.3237
4152.4,89157.2,88.8097,-4.23176,182.908,-23.6886,1.54628,14246.5,0,0,700,353.827,25.9368,2,24.4756,-18.6574,-20.6574,-23.6886,20.6574,0,0,65.7949,26.1526,2,43.133
4152.5,89159.7,88.7912,-4.22916,182.804,-24.6059,1.54628,14246.7,0,0,700,353.827,25.9368,2,24.4756,-19.5278,-21.5278,-24.6059,21.5278,0,0,65.8056,26.1532,2,44.0034
4152.6,89162.1,88.7701,-4.22654,182.7,-26.3385,1.54628,14246.8,0,0,700,353.827,25.9368,2,24.4756,-21.1713,-23.1713,-26.3385,23.1713,0,0,65.8167,26.1537,2,45.6468
4152.7,89164.6,88.7442,-4.22389,182.596,-28.1257,1.54628,14247,0,0,700,353.827,25.9368,2,24.4756,-22.8667,-24.8667,-28.1257,24.8667,0,0,65.8282,26.1544,2,47.3423
4152.8,89167.1,88.7154,-4.22123,182.492,-29.6301,1.54628,14247.1,0,0,700,353.827,25.9368,2,24.4756,-24.2939,-26.2939,-29.6301,26.2939,0,0,65.8401,26.1551,2,48.7695
4152.9,89169.5,88.6829,-4.21854,182.388,-31.3213,1.54628,14247.3,0,0,700,353.827,25.9368,2,24.4756,-25.8957,-27.8957,-31.3213,27.8957,0,0,65.8523,26.1558,2,50.3713
4153,89172,88.6468,-4.21583,182.284,-33.4476,1.54628,14247.4,0,0,700,353.827,25.9368,2,24.4756,-27.8997,-29.8997,-33.4476,29.8997,0,0,65.8651,26.1566,2,52.3753
4153.1,89174.5,88.6051,-4.21309,182.18,-35.9384,1.54628,14247.6,0,0,700,353.827,25.9368,2,24.4756,-30.2472,-32.2472,-35.9384,32.2472,0,0,65.8784,26.1575,2,54.7227
4153.2,89176.9,88.5583,-4.21034,182.076,-38.3315,1.54628,14247.8,0,0,700,353.827,25.9368,2,24.4756,-32.5026,-34.5026,-38.3315,34.5026,0,0,65.8922,26.1585,2,56.9782
4153.3,89179.4,88.5063,-4.20757,181.973,-40.2522,1.54628,14247.9,0,0,700,353.827,25.9368,2,24.4756,-34.3133,-36.3133,-40.2522,36.3133,0,0,65.9065,26.1595,2,58.7889
4153.4,89181.8,88.4512,-4.20477,181.87,-42.0336,1.54628,14248.1,0,0,700,353.827,25.9368,2,24.4756,-35.9878,-37.9878,-42.0336,37.9878,0,0,65.9212,26.1606,2,60.4634
4153.5,89184.3,88.3915,-4.20196,181.766,-43.1277,1.54628,14248.2,0,0,700,353.827,25.9368,2,24.4756,-37.0141,-39.0141,-43.1277,39.0141,0,0,65.9362,26.1617,2,61.4897
4153.6,89186.7,88.3317,-4.19913,181.663,-43.236,1.54628,14248.4,0,0,700,353.827,25.9368,2,24.4756,-37.117,-39.117,-43.236,39.117,0,0,65.9511,26.1629,2,61.5926
4153.7,89189.2,88.2714,-4.19628,181.56,-43.2372,1.54628,14248.5,0,0,700,353.827,25.9368,2,24.4756,-37.1195,-39.1195,-43.2372,39.1195,0,0,65.9661,26.164,2,61.5951
4153.8,89191.6,88.2114,-4.1934,181.457,-43.1082,1.54628,14248.7,0,0,700,353.827,25.9368,2,24.4756,-37.0001,-39.0001,-43.1082,39.0001,0,0,65.9811,26.1652,2,61.4757
4153.9,89194.1,88.1517,-4.19051,181.355,-42.255,1.54628,14248.8,0,0,700,353.827,25.9368,2,24.4756,-36.2023,-38.2023,-42.255,38.2023,0,0,65.9958,26.1663,2,60.6779
4154,89196.5,88.0952,-4.1876,181.252,-41.132,1.54628,14249,0,0,700,353.827,25.9368,2,24.4756,-35.1517,-37.1517,-41.132,37.1517,0,0,66.0103,26.1673,2,59.6273
4154.1,89199,88.0401,-4.18467,181.15,-39.9622,1.54628,14249.2,0,0,700,353.827,25.9368,2,24.4756,-34.0523,-36.0523,-39.9622,36.0523,0,0,66.0245,26.1684,2,58.5279
4154.2,89201.4,87.9886,-4.18173,181.047,-38.5561,1.54628,14249.3,0,0,700,353.827,25.9368,2,24.4756,-32.7292,-34.7292,-38.5561,34.7292,0,0,66.0384,26.1693,2,57.2048
4154.3,89203.9,87.9394,-4.17876,180.945,-37.1503,1.54628,14249.5,0,0,700,353.827,25.9368,2,24.4756,-31.4063,-33.4063,-37.1503,33.4063,0,0,66.052,26.1703,2,55.8819
4154.4,89206.3,87.8938,-4.17577,180.843,-36.0696,1.54628,14249.6,0,0,700,353.827,25.9368,2,24.4756,-30.3895,-32.3895,-36.0696,32.3895,0,0,66.0654,26.1712,2,54.865
4154.5,89208.8,87.8492,-4.17277,180.741,-35.7072,1.54628,14249.8,0,0,700,353.827,25.9368,2,24.4756,-30.0492,-32.0492,-35.7072,32.0492,0,0,66.0786,26.172,2,54.5248
4154.6,89211.2,87.805,-4.16975,180.64,-35.778,1.54628,14249.9,0,0,700,353.827,25.9368,2,24.4756,-30.1171,-32.1171,-35.778,32.1171,0,0,66.0919,26.1729,2,54.5927
4154.7,89213.6,87.7599,-4.16671,180.538,-36.0324,1.54628,14250.1,0,0,700,353.827,25.9368,2,24.4756,-30.3579,-32.3579,-36.0324,32.3579,0,0,66.1052,26.1738,2,54.8335
4154.8,89216.1,87.7145,-4.16365,180.437,-35.6718,1.54628,14250.2,0,0,700,353.827,25.9368,2,24.4756,-30.0194,-32.0194,-35.6718,32.0194,0,0,66.1185,26.1747,2,54.495
4154.9,89218.5,87.6709,-4.16058,180.335,-34.174,1.54628,14250.4,0,0,700,353.827,25.9368,2,24.4756,-28.6096,-30.6096,-34.174,30.6096,0,0,66.1314,26.1755,2,53.0852
4155,89220.9,87.6318,-4.15749,180.234,-31.9199,1.54628,14250.5,0,0,700,353.827,25.9368,2,24.4756,-26.4874,-28.4874,-31.9199,28.4874,0,0,66.1438,26.1763,2,50.963
4155.1,89223.4,87.5978,-4.15438,180.133,-29.2552,1.54628,14250.7,0,0,700,353.827,25.9368,2,24.4756,-23.9705,-25.9705,-29.2552,25.9705,0,0,66.1555,26.1769,2,48.4461
4155.2,89225.8,87.57,-4.15125,180.032,-26.2772,1.54628,14250.9,0,0,700,353.827,25.9368,2,24.4756,-21.1476,-23.1476,-26.2772,23.1476,0,0,66.1666,26.1775,2,45.6232
4155.3,89228.2,87.5487,-4.1481,179.931,-23.9423,1.54628,14251,0,0,700,353.827,25.9368,2,24.4756,-18.9344,-20.9344,-23.9423,20.9344,0,0,66.1772,26.178,2,43.41
4155.4,89230.7,87.5308,-4.14494,179.83,-23.1354,1.54628,14251.2,0,0,700,353.827,25.9368,2,24.4756,-18.1698,-20.1698,-23.1354,20.1698,0,0,66.1876,26.1785,2,42.6454
4155.5,89233.1,87.5128,-4.14176,179.729,-23.1968,1.54628,14251.3,0,0,700,353.827,25.9368,2,24.4756,-18.2285,-20.2285,-23.1968,20.2285,0,0,66.1979,26.179,2,42.7041
4155.6,89235.5,87.4945,-4.13857,179.629,-23.5354,1.54628,14251.5,0,0,700,353.827,25.9368,2,24.4756,-18.5501,-20.5501,-23.5354,20.5501,0,0,66.2084,26.1795,2,43.0257
4155.7,89238,87.4748,-4.13535,179.528,-24.9455,1.54628,14251.6,0,0,700,353.827,25.9368,2,24.4756,-19.8877,-21.8877,-24.9455,21.8877,0,0,66.2192,26.1801,2,44.3633
4155.8,89240.4,87.4503,-4.13213,179.428,-27.2378,1.54628,14251.8,0,0,700,353.827,25.9368,2,24.4756,-22.0619,-24.0619,-27.2378,24.0619,0,0,66.2305,26.1807,2,46.5374
4155.9,89242.8,87.4205,-4.12888,179.327,-29.1698,1.54628,14251.9,0,0,700,353.827,25.9368,2,24.4756,-23.8945,-25.8945,-29.1698,25.8945,0,0,66.2422,26.1814,2,48.3701
4156,89245.3,87.3875,-4.12562,179.227,-30.4288,1.54628,14252.1,0,0,700,353.827,25.9368,2,24.4756,-25.0891,-27.0891,-30.4288,27.0891,0,0,66.2543,26.1821,2,49.5647
4156.1,89247.7,87.3522,-4.12234,179.127,-31.2481,1.54628,14252.2,0,0,700,353.827,25.9368,2,24.4756,-25.8619,-27.8619,-31.2481,27.8619,0,0,66.2665,26.1828,2,50.3375
4156.2,89250.1,87.3155,-4.11905,179.027,-30.4763,1.54628,14252.4,0,0,700,353.827,25.9368,2,24.4756,-25.1358,-27.1358,-30.4763,27.1358,0,0,66.2786,26.1835,2,49.6114
4156.3,89252.5,87.2833,-4.11574,178.927,-28.3921,1.54628,14252.6,0,0,700,353.827,25.9368,2,24.4756,-23.161,-25.161,-28.3921,25.161,0,0,66.2902,26.1842,2,47.6366
4156.4,89255,87.2555,-4.11242,178.827,-26.3972,1.54628,14252.7,0,0,700,353.827,25.9368,2,24.4756,-21.2703,-23.2703,-26.3972,23.2703,0,0,66.3013,26.1848,2,45.7459
4156.5,89257.4,87.2318,-4.10909,178.728,-24.726,1.54628,14252.9,0,0,700,353.827,25.9368,2,24.4756,-19.6865,-21.6865,-24.726,21.6865,0,0,66.312,26.1853,2,44.1621
4156.6,89259.8,87.211,-4.10574,178.628,-23.8606,1.54628,14253,0,0,700,353.827,25.9368,2,24.4756,-18.8665,-20.8665,-23.8606,20.8665,0,0,66.3226,26.1858,2,43.3421
4156.7,89262.2,87.1909,-4.10237,178.529,-24.2992,1.54628,14253.2,0,0,700,353.827,25.9368,2,24.4756,-19.2829,-21.2829,-24.2992,21.2829,0,0,66.3332,26.1863,2,43.7585
4156.8,89264.6,87.168,-4.09899,178.43,-25.1801,1.54628,14253.3,0,0,700,353.827,25.9368,2,24.4756,-20.1188,-22.1188,-25.1801,22.1188,0,0,66.344,26.1869,2,44.5944
4156.9,89267.1,87.1439,-4.0956,178.33,-25.9554,1.54628,14253.5,0,0,700,353.827,25.9368,2,24.4756,-20.8546,-22.8546,-25.9554,22.8546,0,0,66.3551,26.1875,2,45.3302
4157,89269.5,87.1175,-4.09219,178.231,-26.4762,1.54628,14253.6,0,0,700,353.827,25.9368,2,24.4756,-21.3491,-23.3491,-26.4762,23.3491,0,0,66.3662,26.1881,2,45.8247
4157.1,89271.9,87.0909,-4.08878,178.132,-26.2633,1.54628,14253.8,0,0,700,353.827,25.9368,2,24.4756,-21.148,-23.148,-26.2633,23.148,0,0,66.3773,26.1886,2,45.6236
4157.2,89274.3,87.0653,-4.08534,178.033,-25.111,1.54628,14253.9,0,0,700,353.827,25.9368,2,24.4756,-20.0563,-22.0563,-25.111,22.0563,0,0,66.3881,26.1892,2,44.5318
4157.3,89276.7,87.0436,-4.0819,177.935,-23.6575,1.54628,14254.1,0,0,700,353.827,25.9368,2,24.4756,-18.6787,-20.6787,-23.6575,20.6787,0,0,66.3986,26.1897,2,43.1543
4157.4,89279.2,87.024,-4.07844,177.836,-22.3205,1.54628,14254.3,0,0,700,353.827,25.9368,2,24.4756,-17.4116,-19.4116,-22.3205,19.4116,0,0,66.4088,26.1902,2,41.8872
4157.5,89281.6,87.0079,-4.07497,177.738,-21.8358,1.54628,14254.4,0,0,700,353.827,25.9368,2,24.4756,-16.9525,-18.9525,-21.8358,18.9525,0,0,66.4189,26.1906,2,41.4281
4157.6,89284,86.9903,-4.07149,177.639,-22.4568,1.54628,14254.6,0,0,700,353.827,25.9368,2,24.4756,-17.5418,-19.5418,-22.4568,19.5418,0,0,66.4291,26.1911,2,42.0174
4157.7,89286.4,86.9713,-4.06799,177.541,-23.4305,1.54628,14254.7,0,0,700,353.827,25.9368,2,24.4756,-18.4656,-20.4656,-23.4305,20.4656,0,0,66.4395,26.1916,2,42.9411
4157.8,89288.8,86.9493,-4.06448,177.443,-24.0395,1.54628,14254.9,0,0,700,353.827,25.9368,2,24.4756,-19.0436,-21.0436,-24.0395,21.0436,0,0,66.4501,26.1922,2,43.5192
4157.9,89291.2,86.9275,-4.06097,177.344,-24.0887,1.54628,14255,0,0,700,353.827,25.9368,2,24.4756,-19.0909,-21.0909,-24.0887,21.0909,0,0,66.4607,26.1927,2,43.5665
4158,89293.7,86.905,-4.05744,177.246,-24.0339,1.54628,14255.2,0,0,700,353.827,25.9368,2,24.4756,-19.0395,-21.0395,-24.0339,21.0395,0,0,66.4713,26.1932,2,43.5151
4158.1,89296.1,86.8832,-4.0539,177.149,-23.9045,1.54628,14255.3,0,0,700,353.827,25.9368,2,24.4756,-18.9175,-20.9175,-23.9045,20.9175,0,0,66.4818,26.1937,2,43.393
4158.2,89298.5,86.8612,-4.05034,177.051,-24.6073,1.54628,14255.5,0,0,700,353.827,25.9368,2,24.4756,-19.5844,-21.5844,-24.6073,21.5844,0,0,66.4925,26.1943,2,44.06
4158.3,89300.9,86.8362,-4.04678,176.953,-26.7606,1.54628,14255.6,0,0,700,353.827,25.9368,2,24.4756,-21.6268,-23.6268,-26.7606,23.6268,0,0,66.5037,26.1949,2,46.1024
4158.4,89303.3,86.8045,-4.04321,176.856,-29.5059,1.54628,14255.8,0,0,700,353.827,25.9368,2,24.4756,-24.2306,-26.2306,-29.5059,26.2306,0,0,66.5156,26.1955,2,48.7062
4158.5,89305.7,86.7674,-4.03963,176.758,-31.8796,1.54628,14256,0,0,700,353.827,25.9368,2,24.4756,-26.472,-28.472,-31.8796,28.472,0,0,66.528,26.1963,2,50.9476
4158.6,89308.1,86.7253,-4.03604,176.661,-34.0376,1.54628,14256.1,0,0,700,353.827,25.9368,2,24.4756,-28.5057,-30.5057,-34.0376,30.5057,0,0,66.5408,26.1971,2,52.9813
4158.7,89310.5,86.6786,-4.03245,176.564,-34.9194,1.54628,14256.3,0,0,700,353.827,25.9368,2,24.4756,-29.3376,-31.3376,-34.9194,31.3376,0,0,66.5539,26.198,2,53.8132
4158.8,89312.9,86.6325,-4.02884,176.467,-34.4636,1.54628,14256.4,0,0,700,353.827,25.9368,2,24.4756,-28.9094,-30.9094,-34.4636,30.9094,0,0,66.5669,26.1988,2,53.385
4158.9,89315.3,86.5876,-4.02523,176.37,-34.1388,1.54628,14256.6,0,0,700,353.827,25.9368,2,24.4756,-28.6047,-30.6047,-34.1388,30.6047,0,0,66.5798,26.1996,2,53.0802
4159,89317.8,86.5428,-4.02161,176.273,-33.8951,1.54628,14256.7,0,0,700,353.827,25.9368,2,24.4756,-28.3763,-30.3763,-33.8951,30.3763,0,0,66.5927,26.2004,2,52.8519
4159.1,89320.2,86.4988,-4.01798,176.176,-33.1891,1.54628,14256.9,0,0,700,353.827,25.9368,2,24.4756,-27.7125,-29.7125,-33.1891,29.7125,0,0,66.6053,26.2012,2,52.188
4159.2,89322.6,86.4569,-4.01434,176.08,-32.8378,1.54628,14257,0,0,700,353.827,25.9368,2,24.4756,-27.3826,-29.3826,-32.8378,29.3826,0,0,66.618,26.202,2,51.8582
4159.3,89325,86.4143,-4.0107,175.984,-32.4784,1.54628,14257.2,0,0,700,353.827,25.9368,2,24.4756,-27.0452,-29.0452,-32.4784,29.0452,0,0,66.6305,26.2028,2,51.5208
4159.4,89327.4,86.3737,-4.00705,175.887,-31.1975,1.54628,14257.3,0,0,700,353.827,25.9368,2,24.4756,-25.8397,-27.8397,-31.1975,27.8397,0,0,66.6427,26.2035,2,50.3153
4159.5,89329.8,86.3366,-4.0034,175.791,-29.8213,1.54628,14257.5,0,0,700,353.827,25.9368,2,24.4756,-24.5428,-26.5428,-29.8213,26.5428,0,0,66.6546,26.2042,2,49.0184
4159.6,89332.2,86.3019,-3.99974,175.695,-28.4666,1.54628,14257.7,0,0,700,353.827,25.9368,2,24.4756,-23.2594,-25.2594,-28.4666,25.2594,0,0,66.6662,26.2048,2,47.735
4159.7,89334.6,86.2704,-3.99607,175.6,-26.9203,1.54628,14257.8,0,0,700,353.827,25.9368,2,24.4756,-21.7942,-23.7942,-26.9203,23.7942,0,0,66.6775,26.2054,2,46.2698
4159.8,89336.9,86.2423,-3.9924,175.504,-25.2671,1.54628,14258,0,0,700,353.827,25.9368,2,24.4756,-20.2275,-22.2275,-25.2671,22.2275,0,0,66.6883,26.206,2,44.7031
4159.9,89339.3,86.2179,-3.98872,175.408,-23.7951,1.54628,14258.1,0,0,700,353.827,25.9368,2,24.4756,-18.8326,-20.8326,-23.7951,20.8326,0,0,66.6989,26.2065,2,43.3081
4160,89341.7,86.1961,-3.98504,175.313,-22.2705,1.54628,14258.3,0,0,700,353.827,25.9368,2,24.4756,-17.3877,-19.3877,-22.2705,19.3877,0,0,66.7091,26.207,2,41.8633
4160.1,89344.1,86.1782,-3.98135,175.217,-21.1877,1.54628,14258.4,0,0,700,353.827,25.9368,2,24.4756,-16.3616,-18.3616,-21.1877,18.3616,0,0,66.719,26.2074,2,40.8372
4160.2,89346.5,86.1609,-3.97765,175.122,-20.6207,1.54628,14258.6,0,0,700,353.827,25.9368,2,24.4756,-15.8245,-17.8245,-20.6207,17.8245,0,0,66.7288,26.2078,2,40.3001
4160.3,89348.9,86.1453,-3.97395,175.027,-20.8511,1.54628,14258.7,0,0,700,353.827,25.9368,2,24.4756,-16.0433,-18.0433,-20.8511,18.0433,0,0,66.7386,26.2083,2,40.5189
4160.4,89351.3,86.1267,-3.97025,174.932,-21.7035,1.54628,14258.9,0,0,700,353.827,25.9368,2,24.4756,-16.852,-18.852,-21.7035,18.852,0,0,66.7487,26.2087,2,41.3276
4160.5,89353.7,86.1072,-3.96654,174.837,-22.4831,1.54628,14259,0,0,700,353.827,25.9368,2,24.4756,-17.5918,-19.5918,-22.4831,19.5918,0,0,66.7589,26.2092,2,42.0673
4160.6,89356.1,86.085,-3.96283,174.742,-22.7516,1.54628,14259.2,0,0,700,353.827,25.9368,2,24.4756,-17.847,-19.847,-22.7516,19.847,0,0,66.7692,26.2097,2,42.3226
4160.7,89358.5,86.0641,-3.95911,174.648,-22.5238,1.54628,14259.4,0,0,700,353.827,25.9368,2,24.4756,-17.6315,-19.6315,-22.5238,19.6315,0,0,66.7794,26.2102,2,42.1071
4160.8,89360.9,86.0427,-3.95539,174.553,-21.9348,1.54628,14259.5,0,0,700,353.827,25.9368,2,24.4756,-17.0737,-19.0737,-21.9348,19.0737,0,0,66.7895,26.2106,2,41.5493
4160.9,89363.3,86.0241,-3.95167,174.458,-21.0706,1.54628,14259.7,0,0,700,353.827,25.9368,2,24.4756,-16.2549,-18.2549,-21.0706,18.2549,0,0,66.7994,26.2111,2,40.7305
4161,89365.7,86.0064,-3.94794,174.364,-20.371,1.54628,14259.8,0,0,700,353.827,25.9368,2,24.4756,-15.5921,-17.5921,-20.371,17.5921,0,0,66.8092,26.2115,2,40.0677
4161.1,89368,85.9907,-3.94421,174.27,-19.814,1.54628,14260,0,0,700,353.827,25.9368,2,24.4756,-15.0633,-17.0633,-19.814,17.0633,0,0,66.8188,26.2119,2,39.5389
4161.2,89370.4,85.9751,-3.94048,174.176,-20.0767,1.54628,14260.1,0,0,700,353.827,25.9368,2,24.4756,-15.3139,-17.3139,-20.0767,17.3139,0,0,66.8285,26.2123,2,39.7895
4161.3,89372.8,85.9581,-3.93675,174.082,-20.8781,1.54628,14260.3,0,0,700,353.827,25.9368,2,24.4756,-16.0743,-18.0743,-20.8781,18.0743,0,0,66.8383,26.2128,2,40.5499
4161.4,89375.2,85.9388,-3.93301,173.988,-21.6172,1.54628,14260.4,0,0,700,353.827,25.9368,2,24.4756,-16.7756,-18.7756,-21.6172,18.7756,0,0,66.8483,26.2132,2,41.2511
4161.5,89377.6,85.9183,-3.92928,173.894,-21.5057,1.54628,14260.6,0,0,700,353.827,25.9368,2,24.4756,-16.6704,-18.6704,-21.5057,18.6704,0,0,66.8583,26.2137,2,41.146
4161.6,89380,85.8993,-3.92554,173.8,-20.9292,1.54628,14260.7,0,0,700,353.827,25.9368,2,24.4756,-16.1243,-18.1243,-20.9292,18.1243,0,0,66.8682,26.2141,2,40.5999
4161.7,89382.4,85.8811,-3.9218,173.707,-20.5267,1.54628,14260.9,0,0,700,353.827,25.9368,2,24.4756,-15.7433,-17.7433,-20.5267,17.7433,0,0,66.878,26.2145,2,40.2188
4161.8,89384.8,85.8636,-3.91806,173.613,-19.9071,1.54628,14261.1,0,0,700,353.827,25.9368,2,24.4756,-15.1561,-17.1561,-19.9071,17.1561,0,0,66.8876,26.215,2,39.6317
4161.9,89387.1,85.848,-3.91432,173.52,-18.8772,1.54628,14261.2,0,0,700,353.827,25.9368,2,24.4756,-14.1727,-16.1727,-18.8772,16.1727,0,0,66.897,26.2153,2,38.6483
4162,89389.5,85.8349,-3.91058,173.426,-18.2482,1.54628,14261.4,0,0,700,353.827,25.9368,2,24.4756,-13.5722,-15.5722,-18.2482,15.5722,0,0,66.9063,26.2157,2,38.0477
4162.1,89391.9,85.8217,-3.90684,173.333,-17.6909,1.54628,14261.5,0,0,700,353.827,25.9368,2,24.4756,-13.0401,-15.0401,-17.6909,15.0401,0,0,66.9154,26.2161,2,37.5157
4162.2,89394.3,85.8108,-3.9031,173.24,-16.0722,1.54628,14261.7,0,0,700,353.827,25.9368,2,24.4756,-11.494,-13.494,-16.0722,13.494,0,0,66.9241,26.2164,2,35.9696
4162.3,89396.7,85.8046,-3.89936,173.147,-14.2666,1.54628,14261.8,0,0,700,353.827,25.9368,2,24.4756,-9.76923,-11.7692,-14.2666,11.7692,0,0,66.9325,26.2167,2,34.2448
4162.4,89399.1,85.8014,-3.89563,173.054,-13.2947,1.54628,14262,0,0,700,353.827,25.9368,2,24.4756,-8.84081,-10.8408,-13.2947,10.8408,0,0,66.9406,26.2169,2,33.3164
4162.5,89401.4,85.7992,-3.89189,172.961,-12.6401,1.54628,14262.1,0,0,700,353.827,25.9368,2,24.4756,-8.21552,-10.2155,-12.6401,10.2155,0,0,66.9485,26.2172,2,32.6911
4162.6,89403.8,85.7987,-3.88815,172.869,-12.3891,1.54628,14262.3,0,0,700,353.827,25.9368,2,24.4756,-7.97575,-9.97575,-12.3891,9.97575,0,0,66.9564,26.2174,2,32.4513
4162.7,89406.2,85.7974,-3.88442,172.776,-12.8537,1.54628,14262.4,0,0,700,353.827,25.9368,2,24.4756,-8.41968,-10.4197,-12.8537,10.4197,0,0,66.9644,26.2176,2,32.8953
4162.8,89408.6,85.7945,-3.88068,172.683,-13.1998,1.54628,14262.6,0,0,700,353.827,25.9368,2,24.4756,-8.75039,-10.7504,-13.1998,10.7504,0,0,66.9725,26.2179,2,33.226
4162.9,89411,85.7914,-3.87695,172.591,-12.9276,1.54628,14262.8,0,0,700,353.827,25.9368,2,24.4756,-8.49045,-10.4904,-12.9276,10.4904,0,0,66.9805,26.2181,2,32.966
4163,89413.4,85.7895,-3.87322,172.499,-12.5928,1.54628,14262.9,0,0,700,353.827,25.9368,2,24.4756,-8.17062,-10.1706,-12.5928,10.1706,0,0,66.9884,26.2184,2,32.6462
4163.1,89415.7,85.7876,-3.86949,172.406,-12.0807,1.54628,14263.1,0,0,700,353.827,25.9368,2,24.4756,-7.68139,-9.68139,-12.0807,9.68139,0,0,66.9962,26.2186,2,32.157
4163.2,89418.1,85.7878,-3.86577,172.314,-11.0276,1.54628,14263.2,0,0,700,353.827,25.9368,2,24.4756,-6.67531,-8.67531,-11.0276,8.67531,0,0,67.0038,26.2188,2,31.1509
4163.3,89420.5,85.7903,-3.86205,172.222,-9.91907,1.54628,14263.4,0,0,700,353.827,25.9368,2,24.4756,-5.61593,-7.61593,-9.91907,7.61593,0,0,67.0111,26.219,2,30.0915
4163.4,89422.9,85.795,-3.85833,172.13,-9.0721,1.54628,14263.5,0,0,700,353.827,25.9368,2,24.4756,-4.79977,-6.79977,-9.0721,6.79977,0,0,67.0182,26.2192,2,29.2754
4163.5,89425.3,85.801,-3.85461,172.038,-8.45861,1.54628,14263.7,0,0,700,353.827,25.9368,2,24.4756,-4.2085,-6.2085,-8.45861,6.2085,0,0,67.0252,26.2193,2,28.6841
4163.6,89427.7,85.8081,-3.8509,171.946,-8.0607,1.54628,14263.8,0,0,700,353.827,25.9368,2,24.4756,-3.82491,-5.82491,-8.0607,5.82491,0,0,67.0321,26.2195,2,28.3005
4163.7,89430,85.8156,-3.8472,171.855,-7.90879,1.54628,14264,0,0,700,353.827,25.9368,2,24.4756,-3.67832,-5.67832,-7.90879,5.67832,0,0,67.0389,26.2196,2,28.1539
4163.8,89432.4,85.8231,-3.84349,171.763,-7.90427,1.54628,14264.1,0,0,700,353.827,25.9368,2,24.4756,-3.67373,-5.67373,-7.90427,5.67373,0,0,67.0458,26.2198,2,28.1493
4163.9,89434.8,85.8303,-3.83979,171.671,-8.11268,1.54628,14264.3,0,0,700,353.827,25.9368,2,24.4756,-3.8743,-5.8743,-8.11268,5.8743,0,0,67.0527,26.22,2,28.3499
4164,89437.2,85.8367,-3.8361,171.58,-8.43374,1.54628,14264.5,0,0,700,353.827,25.9368,2,24.4756,-4.18343,-6.18343,-8.43374,6.18343,0,0,67.0596,26.2201,2,28.659
4164.1,89439.6,85.8422,-3.83241,171.489,-8.86727,1.54628,14264.6,0,0,700,353.827,25.9368,2,24.4756,-4.60094,-6.60094,-8.86727,6.60094,0,0,67.0667,26.2203,2,29.0765
4164.2,89442,85.8464,-3.82873,171.397,-9.50265,1.54628,14264.8,0,0,700,353.827,25.9368,2,24.4756,-5.21298,-7.21298,-9.50265,7.21298,0,0,67.0739,26.2205,2,29.6886
4164.3,89444.3,85.8489,-3.82505,171.306,-10.0186,1.54628,14264.9,0,0,700,353.827,25.9368,2,24.4756,-5.70958,-7.70958,-10.0186,7.70958,0,0,67.0813,26.2206,2,30.1852
4164.4,89446.7,85.8505,-3.82138,171.215,-9.9985,1.54628,14265.1,0,0,700,353.827,25.9368,2,24.4756,-5.69031,-7.69031,-9.9985,7.69031,0,0,67.0886,26.2208,2,30.1659
4164.5,89449.1,85.8528,-3.81772,171.124,-9.57898,1.54628,14265.2,0,0,700,353.827,25.9368,2,24.4756,-5.28631,-7.28631,-9.57898,7.28631,0,0,67.0958,26.221,2,29.7619
4164.6,89451.5,85.8561,-3.81406,171.033,-8.98327,1.54628,14265.4,0,0,700,353.827,25.9368,2,24.4756,-4.71227,-6.71227,-8.98327,6.71227,0,0,67.1029,26.2212,2,29.1879
4164.7,89453.9,85.8607,-3.81041,170.942,-8.02407,1.54628,14265.5,0,0,700,353.827,25.9368,2,24.4756,-3.78798,-5.78798,-8.02407,5.78798,0,0,67.1098,26.2213,2,28.2636
4164.8,89456.3,85.8679,-3.80677,170.851,-6.81647,1.54628,14265.7,0,0,700,353.827,25.9368,2,24.4756,-2.62428,-4.62428,-6.81647,4.62428,0,0,67.1164,26.2215,2,27.0999
4164.9,89458.7,85.8776,-3.80313,170.76,-5.97032,1.54628,14265.8,0,0,700,353.827,25.9368,2,24.4756,-1.80876,-3.80876,-5.97032,3.80876,0,0,67.1228,26.2216,2,26.2843
4165,89461,85.8883,-3.7995,170.669,-5.57186,1.54628,14266,0,0,700,353.827,25.9368,2,24.4756,-1.42452,-3.42452,-5.57186,3.42452,0,0,67.1291,26.2217,2,25.9001
4165.1,89463.4,85.8994,-3.79588,170.579,-4.78983,1.54628,14266.2,0,0,700,353.827,25.9368,2,24.4756,-0.670725,-2.67073,-4.78983,2.67073,0,0,67.1352,26.2218,2,25.1463
4165.2,89465.8,85.9133,-3.79227,170.488,-3.94527,1.54628,14266.3,0,0,700,353.827,25.9368,2,24.4756,0.143409,-1.85659,-3.94527,1.85659,0,0,67.1411,26.2219,2,24.3322
4165.3,89468.2,85.9278,-3.78867,170.398,-3.64457,1.54628,14266.5,0,0,700,353.827,25.9368,2,24.4756,0.433577,-1.56642,-3.64457,1.56642,0,0,67.1469,26.2219,2,24.042
4165.4,89470.6,85.9427,-3.78507,170.307,-3.7939,1.54628,14266.6,0,0,700,353.827,25.9368,2,24.4756,0.290168,-1.70983,-3.7939,1.70983,0,0,67.1528,26.222,2,24.1854
4165.5,89473,85.9563,-3.78149,170.217,-4.04197,1.54628,14266.8,0,0,700,353.827,25.9368,2,24.4756,0.0515943,-1.94841,-4.04197,1.94841,0,0,67.1588,26.2221,2,24.424
4165.6,89475.4,85.9698,-3.77791,170.127,-4.8672,1.54628,14266.9,0,0,700,353.827,25.9368,2,24.4756,-0.743059,-2.74306,-4.8672,2.74306,0,0,67.1649,26.2222,2,25.2186
4165.7,89477.7,85.9795,-3.77434,170.037,-6.05876,1.54628,14267.1,0,0,700,353.827,25.9368,2,24.4756,-1.89078,-3.89078,-6.05876,3.89078,0,0,67.1713,26.2223,2,26.3664
4165.8,89480.1,85.9875,-3.77079,169.947,-6.5213,1.54628,14267.2,0,0,700,353.827,25.9368,2,24.4756,-2.33617,-4.33617,-6.5213,4.33617,0,0,67.1778,26.2224,2,26.8118
4165.9,89482.5,85.9949,-3.76724,169.857,-6.22829,1.54628,14267.4,0,0,700,353.827,25.9368,2,24.4756,-2.05363,-4.05363,-6.22829,4.05363,0,0,67.1843,26.2225,2,26.5292
4166,89484.9,86.0039,-3.76371,169.767,-5.15281,1.54628,14267.6,0,0,700,353.827,25.9368,2,24.4756,-1.01716,-3.01716,-5.15281,3.01716,0,0,67.1905,26.2226,2,25.4928
4166.1,89487.3,86.0158,-3.76018,169.677,-3.14665,1.54628,14267.7,0,0,700,353.827,25.9368,2,24.4756,0.916062,-1.08394,-3.14665,1.08394,0,0,67.1962,26.2227,2,23.5595
4166.2,89489.7,86.0333,-3.75667,169.587,-0.882909,1.54628,14267.9,0,0,700,353.827,25.9368,2,24.4756,2,-0,-0.882909,0,0,0,67.2017,26.2228,2,22.4756
4166.3,89492.1,86.0548,-3.75317,169.497,0.667149,1.54628,14268,0,0,700,353.827,25.9368,2,24.4756,4.64138,2.64138,0.667149,0,0,0,67.2065,26.2228,2,19.8342
4166.4,89494.5,86.0788,-3.74968,169.407,2.2689,1.54628,14268.2,0,0,700,353.827,25.9368,2,24.4756,6.30455,4.30455,2.2689,0,0,0,67.2109,26.2228,2,18.171
4166.5,89496.9,86.107,-3.7462,169.318,3.94943,1.54628,14268.3,0,0,700,353.827,25.9368,2,24.4756,8.04961,6.04961,3.94943,0,0,0,67.2149,26.2227,2,16.426
4166.6,89499.3,86.1381,-3.74273,169.228,4.88477,1.54628,14268.5,0,0,700,353.827,25.9368,2,24.4756,9.02136,7.02136,4.88477,0,0,0,67.2186,26.2227,2,15.4542
4166.7,89501.7,86.17,-3.73928,169.139,5.78947,1.54628,14268.6,0,0,700,353.827,25.9368,2,24.4756,9.96132,7.96132,5.78947,0,0,0,67.2222,26.2226,2,14.5143
4166.8,89504,86.2047,-3.73584,169.049,6.94768,1.54628,14268.8,0,0,700,353.827,25.9368,2,24.4756,11.1645,9.16447,6.94768,0,0,0,67.2254,26.2226,2,13.3111
4166.9,89506.4,86.2414,-3.73241,168.96,7.56804,1.54628,14268.9,0,0,700,353.827,25.9368,2,24.4756,11.8095,9.80947,7.56804,0,0,0,67.2285,26.2225,2,12.6661
4167,89508.8,86.2784,-3.72899,168.87,7.88733,1.54628,14269.1,0,0,700,353.827,25.9368,2,24.4756,12.142,10.142,7.88733,0,0,0,67.2315,26.2224,2,12.3336
4167.1,89511.2,86.3161,-3.72559,168.781,8.51506,1.54628,14269.3,0,0,700,353.827,25.9368,2,24.4756,12.7947,10.7947,8.51506,0,0,0,67.2343,26.2224,2,11.6809
4167.2,89513.6,86.3554,-3.7222,168.692,9.50197,1.54628,14269.4,0,0,700,353.827,25.9368,2,24.4756,13.8208,11.8208,9.50197,0,0,0,67.2369,26.2223,2,10.6548
4167.3,89516,86.397,-3.71882,168.603,10.6979,1.54628,14269.6,0,0,700,353.827,25.9368,2,24.4756,15.0735,13.0735,10.6979,0,0,0,67.2392,26.2222,2,9.40206
4167.4,89518.4,86.4412,-3.71546,168.513,11.8266,1.54628,14269.7,0,0,700,353.827,25.9368,2,24.4756,16.256,14.256,11.8266,0,0,0,67.2412,26.2221,2,8.21955
4167.5,89520.8,86.4874,-3.71211,168.424,12.9165,1.54628,14269.9,0,0,700,353.827,25.9368,2,24.4756,17.398,15.398,12.9165,0,0,0,67.2429,26.222,2,7.07754
4167.6,89523.2,86.5359,-3.70877,168.335,13.7807,1.54628,14270,0,0,700,353.827,25.9368,2,24.4756,18.3039,16.3039,13.7807,0,0,0,67.2444,26.2218,2,6.17174
4167.7,89525.6,86.5854,-3.70545,168.246,13.7172,1.54628,14270.2,0,0,700,353.827,25.9368,2,24.4756,18.2389,16.2389,13.7172,0,0,0,67.2459,26.2217,2,6.23667
4167.8,89528,86.6332,-3.70214,168.157,13.4798,1.54628,14270.3,0,0,700,353.827,25.9368,2,24.4756,17.9919,15.9919,13.4798,0,0,0,67.2475,26.2216,2,6.48365
4167.9,89530.5,86.6813,-3.69885,168.068,13.9251,1.54628,14270.5,0,0,700,353.827,25.9368,2,24.4756,18.4594,16.4594,13.9251,0,0,0,67.249,26.2215,2,6.01616
4168,89532.9,86.7306,-3.69558,167.979,14.4231,1.54628,14270.6,0,0,700,353.827,25.9368,2,24.4756,18.9821,16.9821,14.4231,0,0,0,67.2503,26.2214,2,5.49354
4168.1,89535.3,86.7804,-3.69232,167.89,14.765,1.54628,14270.8,0,0,700,353.827,25.9368,2,24.4756,19.3414,17.3414,14.765,0,0,0,67.2516,26.2213,2,5.13422
4168.2,89537.7,86.8308,-3.68907,167.801,15.3234,1.54628,14271,0,0,700,353.827,25.9368,2,24.4756,19.9272,17.9272,15.3234,0,0,0,67.2527,26.2212,2,4.54837
4168.3,89540.1,86.8825,-3.68585,167.712,15.8616,1.54628,14271.1,0,0,700,353.827,25.9368,2,24.4756,20.492,18.492,15.8616,0,0,0,67.2536,26.221,2,3.98361
4168.4,89542.5,86.9348,-3.68263,167.623,16.4654,1.54628,14271.3,0,0,700,353.827,25.9368,2,24.4756,21.1255,19.1255,16.4654,0,0,0,67.2545,26.2209,2,3.35014
4168.5,89544.9,86.9888,-3.67944,167.534,17.2128,1.54628,14271.4,0,0,700,353.827,25.9368,2,24.4756,21.9092,19.9092,17.2128,0,0,0,67.2551,26.2208,2,2.56643
4168.6,89547.3,87.0438,-3.67626,167.445,18.0346,1.54628,14271.6,0,0,700,353.827,25.9368,2,24.4756,22.7709,20.7709,18.0346,0,0,0,67.2555,26.2207,2,1.70473
4168.7,89549.8,87.1009,-3.6731,167.356,18.6054,1.54628,14271.7,0,0,700,353.827,25.9368,2,24.4756,23.3699,21.3699,18.6054,0,0,0,67.2558,26.2205,2,1.10566
4168.8,89552.2,87.158,-3.66996,167.267,18.5309,1.54628,14271.9,0,0,700,353.827,25.9368,2,24.4756,23.2937,21.2937,18.5309,0,0,0,67.256,26.2204,2,1.18189
4168.9,89554.6,87.2142,-3.66684,167.178,18.1455,1.54628,14272,0,0,700,353.827,25.9368,2,24.4756,22.8921,20.8921,18.1455,0,0,0,67.2564,26.2203,2,1.58345
4169,89557,87.2692,-3.66373,167.089,17.2654,1.54628,14272.2,0,0,700,353.827,25.9368,2,24.4756,21.9727,19.9727,17.2654,0,0,0,67.257,26.2202,2,2.50286
4169.1,89559.5,87.3212,-3.66064,167.001,15.5306,1.54628,14272.3,0,0,700,353.827,25.9368,2,24.4756,20.159,18.159,15.5306,0,0,0,67.2581,26.22,2,4.31657
4169.2,89561.9,87.3682,-3.65758,166.912,13.8554,1.54628,14272.5,0,0,700,353.827,25.9368,2,24.4756,18.4074,16.4074,13.8554,0,0,0,67.2596,26.2199,2,6.0682
4169.3,89564.3,87.4125,-3.65453,166.823,12.7999,1.54628,14272.7,0,0,700,353.827,25.9368,2,24.4756,17.3042,15.3042,12.7999,0,0,0,67.2613,26.2198,2,7.17141
4169.4,89566.7,87.4546,-3.6515,166.734,11.5321,1.54628,14272.8,0,0,700,353.827,25.9368,2,24.4756,15.9788,13.9788,11.5321,0,0,0,67.2634,26.2197,2,8.49676
4169.5,89569.2,87.4931,-3.64849,166.646,10.2526,1.54628,14273,0,0,700,353.827,25.9368,2,24.4756,14.6411,12.6411,10.2526,0,0,0,67.2658,26.2196,2,9.83452
4169.6,89571.6,87.5293,-3.64551,166.557,9.99776,1.54628,14273.1,0,0,700,353.827,25.9368,2,24.4756,14.3755,12.3755,9.99776,0,0,0,67.2682,26.2195,2,10.1001
4169.7,89574,87.5663,-3.64254,166.468,10.5726,1.54628,14273.3,0,0,700,353.827,25.9368,2,24.4756,14.9781,12.9781,10.5726,0,0,0,67.2705,26.2194,2,9.49744
4169.8,89576.5,87.6046,-3.6396,166.38,10.935,1.54628,14273.4,0,0,700,353.827,25.9368,2,24.4756,15.3586,13.3586,10.935,0,0,0,67.2727,26.2194,2,9.11696
4169.9,89578.9,87.6428,-3.63667,166.291,10.9871,1.54628,14273.6,0,0,700,353.827,25.9368,2,24.4756,15.4142,13.4142,10.9871,0,0,0,67.2749,26.2193,2,9.06135
4170,89581.3,87.681,-3.63377,166.203,11.2874,1.54628,14273.7,0,0,700,353.827,25.9368,2,24.4756,15.7297,13.7297,11.2874,0,0,0,67.2771,26.2192,2,8.74594
4170.1,89583.8,87.7202,-3.63089,166.114,11.6616,1.54628,14273.9,0,0,700,353.827,25.9368,2,24.4756,16.1224,14.1224,11.6616,0,0,0,67.2791,26.2191,2,8.35318
4170.2,89586.2,87.7596,-3.62804,166.026,11.1955,1.54628,14274,0,0,700,353.827,25.9368,2,24.4756,15.6359,13.6359,11.1955,0,0,0,67.2813,26.219,2,8.83971
4170.3,89588.6,87.7964,-3.6252,165.937,10.4151,1.54628,14274.2,0,0,700,353.827,25.9368,2,24.4756,14.8204,12.8204,10.4151,0,0,0,67.2836,26.2189,2,9.65521
4170.4,89591.1,87.8321,-3.62239,165.849,9.88303,1.54628,14274.4,0,0,700,353.827,25.9368,2,24.4756,14.2647,12.2647,9.88303,0,0,0,67.2861,26.2188,2,10.2109
4170.5,89593.5,87.8663,-3.61961,165.761,9.30657,1.54628,14274.5,0,0,700,353.827,25.9368,2,24.4756,13.6651,11.6651,9.30657,0,0,0,67.2887,26.2187,2,10.8105
4170.6,89596,87.8992,-3.61684,165.672,8.88289,1.54628,14274.7,0,0,700,353.827,25.9368,2,24.4756,13.2264,11.2264,8.88289,0,0,0,67.2914,26.2186,2,11.2492
4170.7,89598.4,87.9313,-3.61411,165.584,8.56754,1.54628,14274.8,0,0,700,353.827,25.9368,2,24.4756,12.9001,10.9001,8.56754,0,0,0,67.2943,26.2185,2,11.5754
4170.8,89600.8,87.9626,-3.61139,165.496,7.72788,1.54628,14275,0,0,700,353.827,25.9368,2,24.4756,12.0297,10.0297,7.72788,0,0,0,67.2973,26.2185,2,12.4459
4170.9,89603.3,87.9907,-3.6087,165.408,7.31022,1.54628,14275.1,0,0,700,353.827,25.9368,2,24.4756,11.5972,9.59716,7.31022,0,0,0,67.3004,26.2184,2,12.8784
4171,89605.7,88.0199,-3.60604,165.319,7.86868,1.54628,14275.3,0,0,700,353.827,25.9368,2,24.4756,12.1777,10.1777,7.86868,0,0,0,67.3034,26.2183,2,12.2979
4171.1,89608.2,88.0501,-3.6034,165.231,7.72294,1.54628,14275.4,0,0,700,353.827,25.9368,2,24.4756,12.0274,10.0274,7.72294,0,0,0,67.3064,26.2182,2,12.4482
4171.2,89610.6,88.0783,-3.60079,165.143,7.35611,1.54628,14275.6,0,0,700,353.827,25.9368,2,24.4756,11.6476,9.64759,7.35611,0,0,0,67.3096,26.2182,2,12.828
4171.3,89613.1,88.1067,-3.5982,165.055,7.75537,1.54628,14275.7,0,0,700,353.827,25.9368,2,24.4756,12.0629,10.0629,7.75537,0,0,0,67.3126,26.2181,2,12.4127
4171.4,89615.5,88.1364,-3.59564,164.967,7.21222,1.54628,14275.9,0,0,700,353.827,25.9368,2,24.4756,11.5001,9.50012,7.21222,0,0,0,67.3157,26.218,2,12.9755
4171.5,89618,88.1621,-3.59311,164.879,5.22632,1.54628,14276.1,0,0,700,353.827,25.9368,2,24.4756,9.43994,7.43994,5.22632,0,0,0,67.3194,26.218,2,15.0356
4171.6,89620.4,88.183,-3.5906,164.791,3.75278,1.54628,14276.2,0,0,700,353.827,25.9368,2,24.4756,7.91135,5.91135,3.75278,0,0,0,67.3234,26.218,2,16.5642
4171.7,89622.9,88.2022,-3.58812,164.703,3.08238,1.54628,14276.4,0,0,700,353.827,25.9368,2,24.4756,7.21622,5.21622,3.08238,0,0,0,67.3276,26.2179,2,17.2594
4171.8,89625.3,88.22,-3.58567,164.615,2.49278,1.54628,14276.5,0,0,700,353.827,25.9368,2,24.4756,6.60489,4.60489,2.49278,0,0,0,67.3319,26.2179,2,17.8707
4171.9,89627.8,88.2364,-3.58324,164.527,2.98667,1.54628,14276.7,0,0,700,353.827,25.9368,2,24.4756,7.11799,5.11799,2.98667,0,0,0,67.3362,26.2179,2,17.3576
4172,89630.2,88.2561,-3.58085,164.439,4.36399,1.54628,14276.8,0,0,700,353.827,25.9368,2,24.4756,8.54801,6.54801,4.36399,0,0,0,67.34,26.2179,2,15.9276
4172.1,89632.7,88.2782,-3.57848,164.352,5.31855,1.54628,14277,0,0,700,353.827,25.9368,2,24.4756,9.53937,7.53937,5.31855,0,0,0,67.3437,26.2178,2,14.9362
4172.2,89635.1,88.3017,-3.57614,164.264,5.8007,1.54628,14277.1,0,0,700,353.827,25.9368,2,24.4756,10.0405,8.04051,5.8007,0,0,0,67.3472,26.2178,2,14.4351
4172.3,89637.6,88.3256,-3.57383,164.176,6.56704,1.54628,14277.3,0,0,700,353.827,25.9368,2,24.4756,10.8366,8.83659,6.56704,0,0,0,67.3505,26.2177,2,13.639
4172.4,89640,88.3521,-3.57154,164.089,7.35543,1.54628,14277.4,0,0,700,353.827,25.9368,2,24.4756,11.6556,9.65563,7.35543,0,0,0,67.3536,26.2176,2,12.82
4172.5,89642.5,88.3791,-3.56929,164.001,7.87191,1.54628,14277.6,0,0,700,353.827,25.9368,2,24.4756,12.1925,10.1925,7.87191,0,0,0,67.3566,26.2176,2,12.2831
4172.6,89644.9,88.4076,-3.56707,163.913,8.4736,1.54628,14277.8,0,0,700,353.827,25.9368,2,24.4756,12.8178,10.8178,8.4736,0,0,0,67.3594,26.2175,2,11.6577
4172.7,89647.4,88.4369,-3.56487,163.826,8.59004,1.54628,14277.9,0,0,700,353.827,25.9368,2,24.4756,12.9396,10.9396,8.59004,0,0,0,67.3622,26.2174,2,11.536
4172.8,89649.9,88.4656,-3.56271,163.738,8.05139,1.54628,14278.1,0,0,700,353.827,25.9368,2,24.4756,12.3815,10.3815,8.05139,0,0,0,67.3652,26.2173,2,12.0941
4172.9,89652.3,88.4924,-3.56057,163.651,6.90725,1.54628,14278.2,0,0,700,353.827,25.9368,2,24.4756,11.195,9.19499,6.90725,0,0,0,67.3684,26.2173,2,13.2806
4173,89654.8,88.516,-3.55847,163.563,5.66946,1.54628,14278.4,0,0,700,353.827,25.9368,2,24.4756,9.91116,7.91116,5.66946,0,0,0,67.3719,26.2172,2,14.5644
4173.1,89657.2,88.5372,-3.55639,163.476,4.688,1.54628,14278.5,0,0,700,353.827,25.9368,2,24.4756,8.89328,6.89328,4.688,0,0,0,67.3757,26.2172,2,15.5823
4173.2,89659.7,88.5564,-3.55435,163.388,4.97495,1.54628,14278.7,0,0,700,353.827,25.9368,2,24.4756,9.19169,7.19169,4.97495,0,0,0,67.3794,26.2171,2,15.2839
4173.3,89662.2,88.5786,-3.55234,163.301,6.06225,1.54628,14278.8,0,0,700,353.827,25.9368,2,24.4756,10.3208,8.3208,6.06225,0,0,0,67.3829,26.2171,2,14.1548
4173.4,89664.6,88.6022,-3.55036,163.213,6.60451,1.54628,14279,0,0,700,353.827,25.9368,2,24.4756,10.8843,8.88432,6.60451,0,0,0,67.3862,26.217,2,13.5913
4173.5,89667.1,88.6265,-3.54841,163.126,6.33081,1.54628,14279.1,0,0,700,353.827,25.9368,2,24.4756,10.601,8.60105,6.33081,0,0,0,67.3896,26.217,2,13.8745
4173.6,89669.5,88.6487,-3.54649,163.039,5.58394,1.54628,14279.3,0,0,700,353.827,25.9368,2,24.4756,9.82666,7.82666,5.58394,0,0,0,67.3931,26.2169,2,14.6489
4173.7,89672,88.6697,-3.5446,162.951,4.32898,1.54628,14279.5,0,0,700,353.827,25.9368,2,24.4756,8.52493,6.52493,4.32898,0,0,0,67.397,26.2169,2,15.9507
4173.8,89674.5,88.6863,-3.54275,162.864,2.73547,1.54628,14279.6,0,0,700,353.827,25.9368,2,24.4756,6.87173,4.87173,2.73547,0,0,0,67.4013,26.2169,2,17.6039
4173.9,89676.9,88.7003,-3.54092,162.777,2.05266,1.54628,14279.8,0,0,700,353.827,25.9368,2,24.4756,6.16355,4.16355,2.05266,0,0,0,67.4057,26.2169,2,18.312
4174,89679.4,88.7138,-3.53913,162.69,2.49233,1.54628,14279.9,0,0,700,353.827,25.9368,2,24.4756,6.62028,4.62028,2.49233,0,0,0,67.4101,26.2168,2,17.8553
4174.1,89681.9,88.7295,-3.53738,162.602,3.37441,1.54628,14280.1,0,0,700,353.827,25.9368,2,24.4756,7.5362,5.5362,3.37441,0,0,0,67.4142,26.2168,2,16.9394
4174.2,89684.3,88.7466,-3.53565,162.515,3.95897,1.54628,14280.2,0,0,700,353.827,25.9368,2,24.4756,8.14341,6.14341,3.95897,0,0,0,67.4182,26.2168,2,16.3322
4174.3,89686.8,88.7646,-3.53396,162.428,4.48599,1.54628,14280.4,0,0,700,353.827,25.9368,2,24.4756,8.69092,6.69092,4.48599,0,0,0,67.422,26.2167,2,15.7847
4174.4,89689.3,88.7838,-3.5323,162.341,4.63679,1.54628,14280.5,0,0,700,353.827,25.9368,2,24.4756,8.84803,6.84803,4.63679,0,0,0,67.4258,26.2167,2,15.6276
4174.5,89691.7,88.8022,-3.53068,162.254,3.83213,1.54628,14280.7,0,0,700,353.827,25.9368,2,24.4756,8.01355,6.01355,3.83213,0,0,0,67.4298,26.2167,2,16.462
4174.6,89694.2,88.8178,-3.52909,162.167,2.6978,1.54628,14280.8,0,0,700,353.827,25.9368,2,24.4756,6.83685,4.83685,2.6978,0,0,0,67.4341,26.2167,2,17.6387
4174.7,89696.7,88.8312,-3.52753,162.08,1.9302,1.54628,14281,0,0,700,353.827,25.9368,2,24.4756,6.04067,4.04067,1.9302,0,0,0,67.4386,26.2167,2,18.4349
4174.8,89699.1,88.8434,-3.52601,161.993,1.05074,1.54628,14281.2,0,0,700,353.827,25.9368,2,24.4756,5.12837,3.12837,1.05074,0,0,0,67.4433,26.2167,2,19.3472
4174.9,89701.6,88.8529,-3.52452,161.906,0.304893,1.54628,14281.3,0,0,700,353.827,25.9368,2,24.4756,4.35464,2.35464,0.304893,0,0,0,67.4482,26.2167,2,20.1209
4175,89704.1,88.8618,-3.52307,161.819,0.631075,1.54628,14281.5,0,0,700,353.827,25.9368,2,24.4756,4.69343,2.69343,0.631075,0,0,0,67.453,26.2167,2,19.7822
4175.1,89706.5,88.8726,-3.52165,161.732,0.972331,1.54628,14281.6,0,0,700,353.827,25.9368,2,24.4756,5.04794,3.04794,0.972331,0,0,0,67.4577,26.2167,2,19.4277
4175.2,89709,88.8827,-3.52026,161.645,0.982293,1.54628,14281.8,0,0,700,353.827,25.9368,2,24.4756,5.0586,3.0586,0.982293,0,0,0,67.4624,26.2167,2,19.417
4175.3,89711.5,88.8935,-3.51891,161.558,1.04974,1.54628,14281.9,0,0,700,353.827,25.9368,2,24.4756,5.12894,3.12894,1.04974,0,0,0,67.4671,26.2167,2,19.3466
4175.4,89713.9,88.9038,-3.5176,161.471,0.904678,1.54628,14282.1,0,0,700,353.827,25.9368,2,24.4756,4.97873,2.97873,0.904678,0,0,0,67.4719,26.2167,2,19.4969
4175.5,89716.4,88.9137,-3.51632,161.384,0.695269,1.54628,14282.2,0,0,700,353.827,25.9368,2,24.4756,4.76173,2.76173,0.695269,0,0,0,67.4767,26.2167,2,19.7139
4175.6,89718.9,88.9231,-3.51507,161.297,0.771882,1.54628,14282.4,0,0,700,353.827,25.9368,2,24.4756,4.84153,2.84153,0.771882,0,0,0,67.4814,26.2167,2,19.6341
4175.7,89721.3,88.9332,-3.51386,161.211,0.691715,1.54628,14282.5,0,0,700,353.827,25.9368,2,24.4756,4.75867,2.75867,0.691715,0,0,0,67.4862,26.2167,2,19.7169
4175.8,89723.8,88.9421,-3.51269,161.124,0.284412,1.54628,14282.7,0,0,700,353.827,25.9368,2,24.4756,4.33626,2.33626,0.284412,0,0,0,67.4911,26.2168,2,20.1393
4175.9,89726.3,88.9504,-3.51155,161.037,0.0628923,1.54628,14282.9,0,0,700,353.827,25.9368,2,24.4756,4.10663,2.10663,0.0628923,0,0,0,67.4961,26.2168,2,20.369
4176,89728.8,88.9582,-3.51045,160.95,-0.608124,1.54628,14283,0,0,700,353.827,25.9368,2,24.4756,2,-0,-0.608124,0,0,0,67.5015,26.2168,2,22.4756
4176.1,89731.2,88.9636,-3.50938,160.863,-1.66834,1.54628,14283.2,0,0,700,353.827,25.9368,2,24.4756,2,-0,-1.66834,0,0,0,67.507,26.2169,2,22.4756
4176.2,89733.7,88.9668,-3.50835,160.777,-2.71124,1.54628,14283.3,0,0,700,353.827,25.9368,2,24.4756,1.42949,-0.570512,-2.71124,0.570512,0,0,67.5126,26.2169,2,23.0461
4176.3,89736.2,88.9677,-3.50736,160.69,-3.16591,1.54628,14283.5,0,0,700,353.827,25.9368,2,24.4756,0.99142,-1.00858,-3.16591,1.00858,0,0,67.5183,26.217,2,23.4842
4176.4,89738.6,88.9689,-3.5064,160.603,-3.45571,1.54628,14283.6,0,0,700,353.827,25.9368,2,24.4756,0.712225,-1.28777,-3.45571,1.28777,0,0,67.5241,26.2171,2,23.7634
4176.5,89741.1,88.9685,-3.50548,160.517,-4.09392,1.54628,14283.8,0,0,700,353.827,25.9368,2,24.4756,0.097272,-1.90273,-4.09392,1.90273,0,0,67.53,26.2172,2,24.3783
4176.6,89743.6,88.967,-3.50459,160.43,-4.30954,1.54628,14283.9,0,0,700,353.827,25.9368,2,24.4756,-0.110536,-2.11054,-4.30954,2.11054,0,0,67.536,26.2172,2,24.5861
4176.7,89746.1,88.9656,-3.50375,160.344,-4.16485,1.54628,14284.1,0,0,700,353.827,25.9368,2,24.4756,0.0288304,-1.97117,-4.16485,1.97117,0,0,67.5419,26.2173,2,24.4468
4176.8,89748.5,88.9646,-3.50293,160.257,-3.89939,1.54628,14284.3,0,0,700,353.827,25.9368,2,24.4756,0.284586,-1.71541,-3.89939,1.71541,0,0,67.5478,26.2174,2,24.191
4176.9,89751,88.9643,-3.50216,160.17,-3.39874,1.54628,14284.4,0,0,700,353.827,25.9368,2,24.4756,0.766966,-1.23303,-3.39874,1.23303,0,0,67.5536,26.2175,2,23.7086
4177,89753.5,88.9653,-3.50142,160.084,-2.60106,1.54628,14284.6,0,0,700,353.827,25.9368,2,24.4756,1.5356,-0.464396,-2.60106,0.464396,0,0,67.5592,26.2175,2,22.94
4177.1,89755.9,88.9683,-3.50072,159.997,-1.49662,1.54628,14284.7,0,0,700,353.827,25.9368,2,24.4756,2,-0,-1.49662,0,0,0,67.5646,26.2176,2,22.4756
4177.2,89758.4,88.9741,-3.50006,159.911,0.145725,1.54628,14284.9,0,0,700,353.827,25.9368,2,24.4756,4.19336,2.19336,0.145725,0,0,0,67.5695,26.2176,2,20.2822
4177.3,89760.9,88.984,-3.49943,159.824,1.8012,1.54628,14285,0,0,700,353.827,25.9368,2,24.4756,5.9117,3.9117,1.8012,0,0,0,67.5741,26.2176,2,18.5639
4177.4,89763.4,88.9966,-3.49884,159.738,3.4607,1.54628,14285.2,0,0,700,353.827,25.9368,2,24.4756,7.63432,5.63432,3.4607,0,0,0,67.5782,26.2176,2,16.8413
4177.5,89765.8,89.0135,-3.49829,159.651,5.3714,1.54628,14285.3,0,0,700,353.827,25.9368,2,24.4756,9.61776,7.61776,5.3714,0,0,0,67.5818,26.2175,2,14.8578
4177.6,89768.3,89.0342,-3.49777,159.565,6.49542,1.54628,14285.5,0,0,700,353.827,25.9368,2,24.4756,10.7849,8.78491,6.49542,0,0,0,67.5851,26.2175,2,13.6907
4177.7,89770.8,89.0557,-3.49729,159.478,6.85471,1.54628,14285.6,0,0,700,353.827,25.9368,2,24.4756,11.1585,9.15847,6.85471,0,0,0,67.5883,26.2174,2,13.3171
4177.8,89773.2,89.0778,-3.49685,159.392,6.89051,1.54628,14285.8,0,0,700,353.827,25.9368,2,24.4756,11.1963,9.19633,6.89051,0,0,0,67.5916,26.2173,2,13.2793
4177.9,89775.7,89.0993,-3.49644,159.305,6.75606,1.54628,14286,0,0,700,353.827,25.9368,2,24.4756,11.0575,9.05749,6.75606,0,0,0,67.5948,26.2173,2,13.4181
4178,89778.2,89.1207,-3.49608,159.219,7.0176,1.54628,14286.1,0,0,700,353.827,25.9368,2,24.4756,11.3296,9.32959,7.0176,0,0,0,67.598,26.2172,2,13.146
4178.1,89780.7,89.1433,-3.49575,159.132,7.49543,1.54628,14286.3,0,0,700,353.827,25.9368,2,24.4756,11.8262,9.8262,7.49543,0,0,0,67.6011,26.2171,2,12.6494
4178.2,89783.1,89.1666,-3.49546,159.046,7.51155,1.54628,14286.4,0,0,700,353.827,25.9368,2,24.4756,11.8437,9.84367,7.51155,0,0,0,67.6042,26.2171,2,12.6319
4178.3,89785.6,89.1891,-3.4952,158.959,7.5528,1.54628,14286.6,0,0,700,353.827,25.9368,2,24.4756,11.8872,9.8872,7.5528,0,0,0,67.6072,26.217,2,12.5884
4178.4,89788.1,89.2124,-3.49498,158.872,7.67052,1.54628,14286.7,0,0,700,353.827,25.9368,2,24.4756,12.0101,10.0101,7.67052,0,0,0,67.6103,26.2169,2,12.4655
4178.5,89790.6,89.2353,-3.4948,158.786,7.39362,1.54628,14286.9,0,0,700,353.827,25.9368,2,24.4756,11.7235,9.72348,7.39362,0,0,0,67.6134,26.2169,2,12.7521
4178.6,89793.1,89.2574,-3.49466,158.699,7.09485,1.54628,14287,0,0,700,353.827,25.9368,2,24.4756,11.4141,9.41413,7.09485,0,0,0,67.6165,26.2168,2,13.0615
4178.7,89795.5,89.279,-3.49456,158.613,6.92536,1.54628,14287.2,0,0,700,353.827,25.9368,2,24.4756,11.2389,9.23893,6.92536,0,0,0,67.6197,26.2167,2,13.2367
4178.8,89798,89.3003,-3.49449,158.526,6.39852,1.54628,14287.3,0,0,700,353.827,25.9368,2,24.4756,10.6929,8.69288,6.39852,0,0,0,67.6231,26.2167,2,13.7827
4178.9,89800.5,89.3195,-3.49446,158.439,5.10427,1.54628,14287.5,0,0,700,353.827,25.9368,2,24.4756,9.35036,7.35036,5.10427,0,0,0,67.6268,26.2166,2,15.1252
4179,89803,89.3352,-3.49447,158.352,3.54079,1.54628,14287.7,0,0,700,353.827,25.9368,2,24.4756,7.72833,5.72833,3.54079,0,0,0,67.6308,26.2166,2,16.7473
4179.1,89805.5,89.3478,-3.49452,158.266,2.0594,1.54628,14287.8,0,0,700,353.827,25.9368,2,24.4756,6.19138,4.19138,2.0594,0,0,0,67.6353,26.2166,2,18.2842
4179.2,89807.9,89.3572,-3.49461,158.179,1.26364,1.54628,14288,0,0,700,353.827,25.9368,2,24.4756,5.36587,3.36587,1.26364,0,0,0,67.6399,26.2166,2,19.1097
4179.3,89810.4,89.3664,-3.49473,158.092,1.6531,1.54628,14288.1,0,0,700,353.827,25.9368,2,24.4756,5.77033,3.77033,1.6531,0,0,0,67.6445,26.2166,2,18.7053
4179.4,89812.9,89.3774,-3.49489,158.005,3.02153,1.54628,14288.3,0,0,700,353.827,25.9368,2,24.4756,7.19082,5.19082,3.02153,0,0,0,67.6487,26.2166,2,17.2848
4179.5,89815.4,89.3923,-3.49509,157.919,4.62826,1.54628,14288.4,0,0,700,353.827,25.9368,2,24.4756,8.85872,6.85872,4.62826,0,0,0,67.6525,26.2165,2,15.6169
4179.6,89817.9,89.4101,-3.49533,157.832,5.65501,1.54628,14288.6,0,0,700,353.827,25.9368,2,24.4756,9.92484,7.92484,5.65501,0,0,0,67.656,26.2165,2,14.5508
4179.7,89820.4,89.4293,-3.4956,157.745,6.28055,1.54628,14288.7,0,0,700,353.827,25.9368,2,24.4756,10.5746,8.57463,6.28055,0,0,0,67.6594,26.2164,2,13.901
4179.8,89822.8,89.4497,-3.49592,157.658,6.60575,1.54628,14288.9,0,0,700,353.827,25.9368,2,24.4756,10.9128,8.91277,6.60575,0,0,0,67.6627,26.2164,2,13.5628
4179.9,89825.3,89.4702,-3.49627,157.571,6.57958,1.54628,14289,0,0,700,353.827,25.9368,2,24.4756,10.8863,8.88628,6.57958,0,0,0,67.666,26.2163,2,13.5893
4180,89827.8,89.4904,-3.49665,157.484,6.17246,1.54628,14289.2,0,0,700,353.827,25.9368,2,24.4756,10.4644,8.46444,6.17246,0,0,0,67.6694,26.2162,2,14.0112
4180.1,89830.3,89.5091,-3.49708,157.398,5.79274,1.54628,14289.4,0,0,700,353.827,25.9368,2,24.4756,10.071,8.07098,5.79274,0,0,0,67.6729,26.2162,2,14.4046
4180.2,89832.8,89.5277,-3.49754,157.311,5.72935,1.54628,14289.5,0,0,700,353.827,25.9368,2,24.4756,10.0058,8.0058,5.72935,0,0,0,67.6764,26.2161,2,14.4698
4180.3,89835.3,89.5461,-3.49805,157.224,5.52093,1.54628,14289.7,0,0,700,353.827,25.9368,2,24.4756,9.7901,7.7901,5.52093,0,0,0,67.68,26.2161,2,14.6855
4180.4,89837.8,89.5638,-3.49859,157.137,4.97969,1.54628,14289.8,0,0,700,353.827,25.9368,2,24.4756,9.22899,7.22899,4.97969,0,0,0,67.6837,26.216,2,15.2466
4180.5,89840.3,89.5799,-3.49916,157.049,4.32196,1.54628,14290,0,0,700,353.827,25.9368,2,24.4756,8.54694,6.54694,4.32196,0,0,0,67.6876,26.216,2,15.9286
4180.6,89842.7,89.5947,-3.49978,156.962,4.25336,1.54628,14290.1,0,0,700,353.827,25.9368,2,24.4756,8.47623,6.47623,4.25336,0,0,0,67.6915,26.216,2,15.9994
4180.7,89845.2,89.6105,-3.50043,156.875,3.74144,1.54628,14290.3,0,0,700,353.827,25.9368,2,24.4756,7.94548,5.94548,3.74144,0,0,0,67.6955,26.2159,2,16.5301
4180.8,89847.7,89.6232,-3.50112,156.788,2.48765,1.54628,14290.4,0,0,700,353.827,25.9368,2,24.4756,6.64475,4.64475,2.48765,0,0,0,67.6998,26.2159,2,17.8308
4180.9,89850.2,89.6337,-3.50185,156.701,2.06734,1.54628,14290.6,0,0,700,353.827,25.9368,2,24.4756,6.20891,4.20891,2.06734,0,0,0,67.7043,26.2159,2,18.2667
4181,89852.7,89.6447,-3.50261,156.614,2.02646,1.54628,14290.7,0,0,700,353.827,25.9368,2,24.4756,6.16685,4.16685,2.02646,0,0,0,67.7087,26.2159,2,18.3087
4181.1,89855.2,89.655,-3.50342,156.527,1.52001,1.54628,14290.9,0,0,700,353.827,25.9368,2,24.4756,5.6416,3.6416,1.52001,0,0,0,67.7133,26.2159,2,18.834
4181.2,89857.7,89.6638,-3.50426,156.439,1.34272,1.54628,14291.1,0,0,700,353.827,25.9368,2,24.4756,5.4579,3.4579,1.34272,0,0,0,67.7179,26.2159,2,19.0177
4181.3,89860.2,89.6735,-3.50513,156.352,1.22046,1.54628,14291.2,0,0,700,353.827,25.9368,2,24.4756,5.33134,3.33134,1.22046,0,0,0,67.7226,26.2159,2,19.1443
4181.4,89862.7,89.6818,-3.50605,156.265,0.181748,1.54628,14291.4,0,0,700,353.827,25.9368,2,24.4756,4.25367,2.25367,0.181748,0,0,0,67.7275,26.2159,2,20.2219
4181.5,89865.2,89.6871,-3.507,156.177,-1.10702,1.54628,14291.5,0,0,700,353.827,25.9368,2,24.4756,2,-0,-1.10702,0,0,0,67.7329,26.216,2,22.4756
4181.6,89867.6,89.69,-3.50799,156.09,-2.28006,1.54628,14291.7,0,0,700,353.827,25.9368,2,24.4756,1.86834,-0.131665,-2.28006,0.131665,0,0,67.7384,26.216,2,22.6073
4181.7,89870.1,89.6904,-3.50901,156.002,-3.83821,1.54628,14291.8,0,0,700,353.827,25.9368,2,24.4756,0.366974,-1.63303,-3.83821,1.63303,0,0,67.7443,26.2161,2,24.1086
4181.8,89872.6,89.6868,-3.51007,155.915,-5.76409,1.54628,14292,0,0,700,353.827,25.9368,2,24.4756,-1.48885,-3.48885,-5.76409,3.48885,0,0,67.7506,26.2162,2,25.9644
4181.9,89875.1,89.6792,-3.51117,155.828,-7.65498,1.54628,14292.1,0,0,700,353.827,25.9368,2,24.4756,-3.31109,-5.31109,-7.65498,5.31109,0,0,67.7574,26.2164,2,27.7867
4182,89877.6,89.6678,-3.51231,155.74,-9.35388,1.54628,14292.3,0,0,700,353.827,25.9368,2,24.4756,-4.94846,-6.94846,-9.35388,6.94846,0,0,67.7645,26.2165,2,29.4241
4182.1,89880.1,89.6531,-3.51348,155.653,-10.8955,1.54628,14292.4,0,0,700,353.827,25.9368,2,24.4756,-6.43049,-8.43049,-10.8955,8.43049,0,0,67.772,26.2167,2,30.9061
4182.2,89882.6,89.6353,-3.51468,155.565,-12.13,1.54628,14292.6,0,0,700,353.827,25.9368,2,24.4756,-7.61054,-9.61054,-12.13,9.61054,0,0,67.7798,26.217,2,32.0861
4182.3,89885.1,89.6156,-3.51592,155.478,-12.4074,1.54628,14292.8,0,0,700,353.827,25.9368,2,24.4756,-7.87615,-9.87615,-12.4074,9.87615,0,0,67.7877,26.2172,2,32.3517
4182.4,89887.6,89.5968,-3.5172,155.39,-12.0988,1.54628,14292.9,0,0,700,353.827,25.9368,2,24.4756,-7.58186,-9.58186,-12.0988,9.58186,0,0,67.7955,26.2174,2,32.0575
4182.5,89890.1,89.5786,-3.51851,155.303,-11.9469,1.54628,14293.1,0,0,700,353.827,25.9368,2,24.4756,-7.43737,-9.43737,-11.9469,9.43737,0,0,67.8032,26.2177,2,31.913
4182.6,89892.5,89.5605,-3.51986,155.215,-11.739,1.54628,14293.2,0,0,700,353.827,25.9368,2,24.4756,-7.23927,-9.23927,-11.739,9.23927,0,0,67.811,26.2179,2,31.7149
4182.7,89895,89.5433,-3.52125,155.127,-11.3069,1.54628,14293.4,0,0,700,353.827,25.9368,2,24.4756,-6.82695,-8.82695,-11.3069,8.82695,0,0,67.8186,26.2181,2,31.3025
4182.8,89897.5,89.5272,-3.52266,155.04,-10.8632,1.54628,14293.5,0,0,700,353.827,25.9368,2,24.4756,-6.40355,-8.40355,-10.8632,8.40355,0,0,67.8261,26.2183,2,30.8791
4182.9,89900,89.512,-3.52412,154.952,-10.5055,1.54628,14293.7,0,0,700,353.827,25.9368,2,24.4756,-6.06223,-8.06223,-10.5055,8.06223,0,0,67.8335,26.2185,2,30.5378
4183,89902.5,89.4976,-3.52561,154.865,-9.74378,1.54628,14293.8,0,0,700,353.827,25.9368,2,24.4756,-5.32966,-7.32966,-9.74378,7.32966,0,0,67.8407,26.2187,2,29.8052
4183.1,89905,89.4857,-3.52713,154.777,-8.16276,1.54628,14294,0,0,700,353.827,25.9368,2,24.4756,-3.80663,-5.80663,-8.16276,5.80663,0,0,67.8476,26.2188,2,28.2822
4183.2,89907.5,89.4781,-3.52869,154.689,-6.80876,1.54628,14294.1,0,0,700,353.827,25.9368,2,24.4756,-2.50222,-4.50222,-6.80876,4.50222,0,0,67.8542,26.2189,2,26.9778
4183.3,89909.9,89.4721,-3.53028,154.601,-6.40427,1.54628,14294.3,0,0,700,353.827,25.9368,2,24.4756,-2.11267,-4.11267,-6.40427,4.11267,0,0,67.8606,26.2191,2,26.5883
4183.4,89912.4,89.4663,-3.5319,154.514,-6.35479,1.54628,14294.5,0,0,700,353.827,25.9368,2,24.4756,-2.06518,-4.06518,-6.35479,4.06518,0,0,67.8671,26.2192,2,26.5408
4183.5,89914.9,89.4607,-3.53356,154.426,-6.62556,1.54628,14294.6,0,0,700,353.827,25.9368,2,24.4756,-2.32626,-4.32626,-6.62556,4.32626,0,0,67.8736,26.2193,2,26.8019
4183.6,89917.4,89.4539,-3.53526,154.338,-7.48957,1.54628,14294.8,0,0,700,353.827,25.9368,2,24.4756,-3.15901,-5.15901,-7.48957,5.15901,0,0,67.8803,26.2194,2,27.6346
4183.7,89919.9,89.4447,-3.53698,154.25,-7.40425,1.54628,14294.9,0,0,700,353.827,25.9368,2,24.4756,-3.0771,-5.0771,-7.40425,5.0771,0,0,67.887,26.2196,2,27.5527
4183.8,89922.4,89.4384,-3.53874,154.162,-6.17607,1.54628,14295.1,0,0,700,353.827,25.9368,2,24.4756,-1.89388,-3.89388,-6.17607,3.89388,0,0,67.8934,26.2197,2,26.3695
4183.9,89924.9,89.4346,-3.54054,154.074,-5.28163,1.54628,14295.2,0,0,700,353.827,25.9368,2,24.4756,-1.03215,-3.03215,-5.28163,3.03215,0,0,67.8996,26.2198,2,25.5077
4184,89927.3,89.4322,-3.54236,153.986,-4.65808,1.54628,14295.4,0,0,700,353.827,25.9368,2,24.4756,-0.431401,-2.4314,-4.65808,2.4314,0,0,67.9057,26.2199,2,24.907
4184.1,89929.8,89.4311,-3.54422,153.898,-4.31571,1.54628,14295.5,0,0,700,353.827,25.9368,2,24.4756,-0.101543,-2.10154,-4.31571,2.10154,0,0,67.9117,26.22,2,24.5771
4184.2,89932.3,89.4303,-3.54612,153.81,-5.19933,1.54628,14295.7,0,0,700,353.827,25.9368,2,24.4756,-0.95299,-2.95299,-5.19933,2.95299,0,0,67.9178,26.2201,2,25.4286
4184.3,89934.8,89.4256,-3.54804,153.722,-6.68708,1.54628,14295.8,0,0,700,353.827,25.9368,2,24.4756,-2.38667,-4.38667,-6.68708,4.38667,0,0,67.9244,26.2202,2,26.8623
4184.4,89937.3,89.4187,-3.55,153.634,-7.6707,1.54628,14296,0,0,700,353.827,25.9368,2,24.4756,-3.33467,-5.33467,-7.6707,5.33467,0,0,67.9311,26.2203,2,27.8103
4184.5,89939.8,89.41,-3.55199,153.546,-8.67107,1.54628,14296.2,0,0,700,353.827,25.9368,2,24.4756,-4.29887,-6.29887,-8.67107,6.29887,0,0,67.9381,26.2205,2,28.7745
4184.6,89942.2,89.399,-3.55401,153.458,-10.0985,1.54628,14296.3,0,0,700,353.827,25.9368,2,24.4756,-5.67465,-7.67465,-10.0985,7.67465,0,0,67.9455,26.2207,2,30.1502
4184.7,89944.7,89.3845,-3.55606,153.369,-11.1309,1.54628,14296.5,0,0,700,353.827,25.9368,2,24.4756,-6.66379,-8.66379,-11.1309,8.66379,0,0,67.953,26.2209,2,31.1394
4184.8,89947.2,89.3693,-3.55814,153.281,-11.8114,1.54628,14296.6,0,0,700,353.827,25.9368,2,24.4756,-7.31441,-9.31441,-11.8114,9.31441,0,0,67.9608,26.2211,2,31.79
4184.9,89949.7,89.3521,-3.56026,153.193,-12.6147,1.54628,14296.8,0,0,700,353.827,25.9368,2,24.4756,-8.08244,-10.0824,-12.6147,10.0824,0,0,67.9687,26.2214,2,32.558
4185,89952.2,89.3337,-3.5624,153.104,-12.5487,1.54628,14296.9,0,0,700,353.827,25.9368,2,24.4756,-8.02001,-10.02,-12.5487,10.02,0,0,67.9766,26.2216,2,32.4956
4185.1,89954.7,89.317,-3.56458,153.016,-11.5237,1.54628,14297.1,0,0,700,353.827,25.9368,2,24.4756,-7.0412,-9.0412,-11.5237,9.0412,0,0,67.9842,26.2218,2,31.5168
4185.2,89957.1,89.3031,-3.56679,152.927,-11.0019,1.54628,14297.2,0,0,700,353.827,25.9368,2,24.4756,-6.54308,-8.54308,-11.0019,8.54308,0,0,67.9918,26.222,2,31.0187
4185.3,89959.6,89.2888,-3.56902,152.839,-10.684,1.54628,14297.4,0,0,700,353.827,25.9368,2,24.4756,-6.23979,-8.23979,-10.684,8.23979,0,0,67.9992,26.2222,2,30.7154
4185.4,89962.1,89.2765,-3.57129,152.75,-9.72154,1.54628,14297.5,0,0,700,353.827,25.9368,2,24.4756,-5.31537,-7.31537,-9.72154,7.31537,0,0,68.0065,26.2224,2,29.791
4185.5,89964.6,89.2664,-3.57358,152.662,-8.74629,1.54628,14297.7,0,0,700,353.827,25.9368,2,24.4756,-4.37599,-6.37599,-8.74629,6.37599,0,0,68.0135,26.2226,2,28.8516
4185.6,89967.1,89.2584,-3.57591,152.573,-7.70416,1.54628,14297.9,0,0,700,353.827,25.9368,2,24.4756,-3.3721,-5.3721,-7.70416,5.3721,0,0,68.0203,26.2227,2,27.8477
4185.7,89969.5,89.2529,-3.57826,152.484,-6.2095,1.54628,14298,0,0,700,353.827,25.9368,2,24.4756,-1.93208,-3.93208,-6.2095,3.93208,0,0,68.0267,26.2228,2,26.4077
4185.8,89972,89.2515,-3.58065,152.396,-4.8083,1.54628,14298.2,0,0,700,353.827,25.9368,2,24.4756,-0.582001,-2.582,-4.8083,2.582,0,0,68.0328,26.2229,2,25.0576
4185.9,89974.5,89.2521,-3.58306,152.307,-4.30405,1.54628,14298.3,0,0,700,353.827,25.9368,2,24.4756,-0.0961088,-2.09611,-4.30405,2.09611,0,0,68.0388,26.223,2,24.5717
4186,89977,89.2529,-3.5855,152.218,-4.6669,1.54628,14298.5,0,0,700,353.827,25.9368,2,24.4756,-0.44571,-2.44571,-4.6669,2.44571,0,0,68.0448,26.2231,2,24.9213
4186.1,89979.5,89.2521,-3.58797,152.129,-5.78621,1.54628,14298.6,0,0,700,353.827,25.9368,2,24.4756,-1.52425,-3.52425,-5.78621,3.52425,0,0,68.0511,26.2232,2,25.9998
4186.2,89981.9,89.2484,-3.59046,152.04,-7.05785,1.54628,14298.8,0,0,700,353.827,25.9368,2,24.4756,-2.74967,-4.74967,-7.05785,4.74967,0,0,68.0578,26.2233,2,27.2253
4186.3,89984.4,89.2424,-3.59299,151.951,-8.16239,1.54628,14298.9,0,0,700,353.827,25.9368,2,24.4756,-3.81414,-5.81414,-8.16239,5.81414,0,0,68.0646,26.2235,2,28.2897
4186.4,89986.9,89.2342,-3.59554,151.862,-8.65293,1.54628,14299.1,0,0,700,353.827,25.9368,2,24.4756,-4.28707,-6.28707,-8.65293,6.28707,0,0,68.0716,26.2236,2,28.7627
4186.5,89989.4,89.2263,-3.59812,151.773,-8.04872,1.54628,14299.2,0,0,700,353.827,25.9368,2,24.4756,-3.70512,-5.70512,-8.04872,5.70512,0,0,68.0785,26.2238,2,28.1807
4186.6,89991.8,89.2208,-3.60073,151.684,-6.8248,1.54628,14299.4,0,0,700,353.827,25.9368,2,24.4756,-2.52599,-4.52599,-6.8248,4.52599,0,0,68.085,26.2239,2,27.0016
4186.7,89994.3,89.2184,-3.60336,151.594,-5.40763,1.54628,14299.6,0,0,700,353.827,25.9368,2,24.4756,-1.16055,-3.16055,-5.40763,3.16055,0,0,68.0913,26.224,2,25.6361
4186.8,89996.8,89.2191,-3.60602,151.505,-3.58996,1.54628,14299.7,0,0,700,353.827,25.9368,2,24.4756,0.590893,-1.40911,-3.58996,1.40911,0,0,68.0971,26.2241,2,23.8847
4186.9,89999.3,89.2245,-3.60871,151.416,-1.76835,1.54628,14299.9,0,0,700,353.827,25.9368,2,24.4756,2,-0,-1.76835,0,0,0,68.1025,26.2241,2,22.4756
4187,90001.8,89.2331,-3.61142,151.326,-0.873275,1.54628,14300,0,0,700,353.827,25.9368,2,24.4756,2,-0,-0.873275,0,0,0,68.108,26.2242,2,22.4756
4187.1,90004.2,89.2424,-3.61416,151.237,-0.370654,1.54628,14300.2,0,0,700,353.827,25.9368,2,24.4756,2,-0,-0.370654,0,0,0,68.1135,26.2242,2,22.4756
4187.2,90006.7,89.2533,-3.61692,151.147,0.0296492,1.54628,14300.3,0,0,700,353.827,25.9368,2,24.4756,4.08188,2.08188,0.0296492,0,0,0,68.1184,26.2242,2,20.3937
4187.3,90009.2,89.2644,-3.61971,151.057,-0.27806,1.54628,14300.5,0,0,700,353.827,25.9368,2,24.4756,2,-0,-0.27806,0,0,0,68.1239,26.2243,2,22.4756
4187.4,90011.7,89.2742,-3.62252,150.967,-1.14259,1.54628,14300.6,0,0,700,353.827,25.9368,2,24.4756,2,-0,-1.14259,0,0,0,68.1294,26.2243,2,22.4756
4187.5,90014.2,89.2818,-3.62536,150.878,-1.86024,1.54628,14300.8,0,0,700,353.827,25.9368,2,24.4756,2,-0,-1.86024,0,0,0,68.1348,26.2244,2,22.4756
4187.6,90016.6,89.2887,-3.62823,150.788,-2.27695,1.54628,14301,0,0,700,353.827,25.9368,2,24.4756,1.85829,-0.141707,-2.27695,0.141707,0,0,68.1403,26.2244,2,22.6173
4187.7,90019.1,89.2948,-3.63111,150.698,-2.61726,1.54628,14301.1,0,0,700,353.827,25.9368,2,24.4756,1.53058,-0.46942,-2.61726,0.46942,0,0,68.1459,26.2245,2,22.945
4187.8,90021.6,89.3003,-3.63403,150.608,-2.86664,1.54628,14301.3,0,0,700,353.827,25.9368,2,24.4756,1.29047,-0.709531,-2.86664,0.709531,0,0,68.1515,26.2246,2,23.1851
4187.9,90024.1,89.3055,-3.63696,150.517,-2.70682,1.54628,14301.4,0,0,700,353.827,25.9368,2,24.4756,1.44464,-0.555363,-2.70682,0.555363,0,0,68.1571,26.2246,2,23.031
4188,90026.6,89.312,-3.63992,150.427,-2.56798,1.54628,14301.6,0,0,700,353.827,25.9368,2,24.4756,1.57863,-0.421369,-2.56798,0.421369,0,0,68.1627,26.2247,2,22.897
4188.1,90029,89.318,-3.6429,150.337,-2.98653,1.54628,14301.7,0,0,700,353.827,25.9368,2,24.4756,1.17552,-0.82448,-2.98653,0.82448,0,0,68.1684,26.2247,2,23.3001
4188.2,90031.5,89.3228,-3.64591,150.246,-3.39276,1.54628,14301.9,0,0,700,353.827,25.9368,2,24.4756,0.784253,-1.21575,-3.39276,1.21575,0,0,68.1741,26.2248,2,23.6913
4188.3,90034,89.3272,-3.64893,150.156,-3.81658,1.54628,14302,0,0,700,353.827,25.9368,2,24.4756,0.376029,-1.62397,-3.81658,1.62397,0,0,68.18,26.2249,2,24.0996
4188.4,90036.5,89.3305,-3.65198,150.065,-4.84937,1.54628,14302.2,0,0,700,353.827,25.9368,2,24.4756,-0.619019,-2.61902,-4.84937,2.61902,0,0,68.1861,26.225,2,25.0946
4188.5,90039,89.3308,-3.65505,149.975,-5.81314,1.54628,14302.3,0,0,700,353.827,25.9368,2,24.4756,-1.54766,-3.54766,-5.81314,3.54766,0,0,68.1924,26.2251,2,26.0232
4188.6,90041.4,89.3301,-3.65814,149.884,-5.69409,1.54628,14302.5,0,0,700,353.827,25.9368,2,24.4756,-1.43297,-3.43297,-5.69409,3.43297,0,0,68.1987,26.2252,2,25.9086
4188.7,90043.9,89.3311,-3.66126,149.793,-5.12931,1.54628,14302.7,0,0,700,353.827,25.9368,2,24.4756,-0.888735,-2.88873,-5.12931,2.88873,0,0,68.2049,26.2253,2,25.3643
4188.8,90046.4,89.3331,-3.66439,149.702,-4.52326,1.54628,14302.8,0,0,700,353.827,25.9368,2,24.4756,-0.304709,-2.30471,-4.52326,2.30471,0,0,68.2109,26.2254,2,24.7803
4188.9,90048.9,89.3369,-3.66754,149.611,-3.27819,1.54628,14303,0,0,700,353.827,25.9368,2,24.4756,0.895104,-1.1049,-3.27819,1.1049,0,0,68.2166,26.2254,2,23.5805
4189,90051.4,89.3443,-3.67072,149.52,-2.39337,1.54628,14303.1,0,0,700,353.827,25.9368,2,24.4756,1.74792,-0.252076,-2.39337,0.252076,0,0,68.2222,26.2255,2,22.7277
4189.1,90053.9,89.352,-3.67391,149.429,-2.68376,1.54628,14303.3,0,0,700,353.827,25.9368,2,24.4756,1.46837,-0.531632,-2.68376,0.531632,0,0,68.2277,26.2256,2,23.0072
4189.2,90056.3,89.3584,-3.67712,149.338,-3.70908,1.54628,14303.4,0,0,700,353.827,25.9368,2,24.4756,0.480616,-1.51938,-3.70908,1.51938,0,0,68.2336,26.2256,2,23.995
4189.3,90058.8,89.3619,-3.68035,149.246,-5.45386,1.54628,14303.6,0,0,700,353.827,25.9368,2,24.4756,-1.20046,-3.20046,-5.45386,3.20046,0,0,68.2398,26.2257,2,25.6761
4189.4,90061.3,89.3612,-3.6836,149.155,-7.66953,1.54628,14303.7,0,0,700,353.827,25.9368,2,24.4756,-3.33541,-5.33541,-7.66953,5.33541,0,0,68.2466,26.2259,2,27.811
4189.5,90063.8,89.3556,-3.68687,149.064,-9.22938,1.54628,14303.9,0,0,700,353.827,25.9368,2,24.4756,-4.83859,-6.83859,-9.22938,6.83859,0,0,68.2537,26.226,2,29.3142
4189.6,90066.3,89.3484,-3.69016,148.972,-10.4043,1.54628,14304,0,0,700,353.827,25.9368,2,24.4756,-5.97066,-7.97066,-10.4043,7.97066,0,0,68.2611,26.2262,2,30.4463
4189.7,90068.7,89.3381,-3.69346,148.88,-11.234,1.54628,14304.2,0,0,700,353.827,25.9368,2,24.4756,-6.76374,-8.76374,-11.234,8.76374,0,0,68.2687,26.2264,2,31.2393
4189.8,90071.2,89.3278,-3.69678,148.789,-11.1447,1.54628,14304.4,0,0,700,353.827,25.9368,2,24.4756,-6.67875,-8.67875,-11.1447,8.67875,0,0,68.2763,26.2267,2,31.1543
4189.9,90073.7,89.3181,-3.70012,148.697,-10.859,1.54628,14304.5,0,0,700,353.827,25.9368,2,24.4756,-6.40604,-8.40604,-10.859,8.40604,0,0,68.2838,26.2269,2,30.8816
4190,90076.2,89.3092,-3.70347,148.605,-10.0509,1.54628,14304.7,0,0,700,353.827,25.9368,2,24.4756,-5.63164,-7.63164,-10.0509,7.63164,0,0,68.2911,26.227,2,30.1072
4190.1,90078.7,89.3032,-3.70684,148.513,-8.72789,1.54628,14304.8,0,0,700,353.827,25.9368,2,24.4756,-4.35708,-6.35708,-8.72789,6.35708,0,0,68.2981,26.2272,2,28.8327
4190.2,90081.2,89.3001,-3.71022,148.421,-8.17287,1.54628,14305,0,0,700,353.827,25.9368,2,24.4756,-3.82238,-5.82238,-8.17287,5.82238,0,0,68.305,26.2273,2,28.298
4190.3,90083.6,89.2967,-3.71362,148.329,-8.68532,1.54628,14305.1,0,0,700,353.827,25.9368,2,24.4756,-4.31627,-6.31627,-8.68532,6.31627,0,0,68.312,26.2275,2,28.7919
4190.4,90086.1,89.2917,-3.71704,148.237,-9.95747,1.54628,14305.3,0,0,700,353.827,25.9368,2,24.4756,-5.54221,-7.54221,-9.95747,7.54221,0,0,68.3193,26.2277,2,30.0178
4190.5,90088.6,89.2831,-3.72047,148.145,-12.1638,1.54628,14305.4,0,0,700,353.827,25.9368,2,24.4756,-7.65379,-9.65379,-12.1638,9.65379,0,0,68.3271,26.2279,2,32.1294
4190.6,90091.1,89.2691,-3.72391,148.052,-14.7218,1.54628,14305.6,0,0,700,353.827,25.9368,2,24.4756,-10.0983,-12.0983,-14.7218,12.0983,0,0,68.3355,26.2282,2,34.5739
4190.7,90093.6,89.25,-3.72736,147.96,-16.8021,1.54628,14305.7,0,0,700,353.827,25.9368,2,24.4756,-12.0866,-14.0866,-16.8021,14.0866,0,0,68.3444,26.2285,2,36.5622
4190.8,90096,89.2274,-3.73083,147.868,-17.8674,1.54628,14305.9,0,0,700,353.827,25.9368,2,24.4756,-13.1051,-15.1051,-17.8674,15.1051,0,0,68.3535,26.2289,2,37.5807
4190.9,90098.5,89.2041,-3.73431,147.775,-18.0678,1.54628,14306.1,0,0,700,353.827,25.9368,2,24.4756,-13.2973,-15.2973,-18.0678,15.2973,0,0,68.3627,26.2293,2,37.7729
4191,90101,89.181,-3.73781,147.683,-17.8111,1.54628,14306.2,0,0,700,353.827,25.9368,2,24.4756,-13.0527,-15.0527,-17.8111,15.0527,0,0,68.3718,26.2296,2,37.5283
4191.1,90103.5,89.1591,-3.74131,147.59,-17.6335,1.54628,14306.4,0,0,700,353.827,25.9368,2,24.4756,-12.8837,-14.8837,-17.6335,14.8837,0,0,68.3809,26.23,2,37.3593
4191.2,90105.9,89.137,-3.74483,147.497,-17.9353,1.54628,14306.5,0,0,700,353.827,25.9368,2,24.4756,-13.1728,-15.1728,-17.9353,15.1728,0,0,68.3901,26.2303,2,37.6483
4191.3,90108.4,89.1141,-3.74835,147.404,-18.0215,1.54628,14306.7,0,0,700,353.827,25.9368,2,24.4756,-13.2558,-15.2558,-18.0215,15.2558,0,0,68.3992,26.2307,2,37.7314
4191.4,90110.9,89.092,-3.75189,147.312,-17.1257,1.54628,14306.8,0,0,700,353.827,25.9368,2,24.4756,-12.4006,-14.4006,-17.1257,14.4006,0,0,68.4082,26.231,2,36.8761
4191.5,90113.4,89.0732,-3.75544,147.219,-16.6856,1.54628,14307,0,0,700,353.827,25.9368,2,24.4756,-11.9806,-13.9806,-16.6856,13.9806,0,0,68.4171,26.2313,2,36.4562
4191.6,90115.8,89.0532,-3.75899,147.126,-16.6107,1.54628,14307.1,0,0,700,353.827,25.9368,2,24.4756,-11.9098,-13.9098,-16.6107,13.9098,0,0,68.4259,26.2317,2,36.3853
4191.7,90118.3,89.035,-3.76256,147.033,-15.5901,1.54628,14307.3,0,0,700,353.827,25.9368,2,24.4756,-10.9351,-12.9351,-15.5901,12.9351,0,0,68.4345,26.232,2,35.4107
4191.8,90120.8,89.0197,-3.76613,146.94,-14.4235,1.54628,14307.4,0,0,700,353.827,25.9368,2,24.4756,-9.82101,-11.821,-14.4235,11.821,0,0,68.4429,26.2322,2,34.2966
4191.9,90123.3,89.0067,-3.76972,146.847,-13.7084,1.54628,14307.6,0,0,700,353.827,25.9368,2,24.4756,-9.13814,-11.1381,-13.7084,11.1381,0,0,68.451,26.2325,2,33.6137
4192,90125.7,88.9947,-3.77331,146.753,-12.7712,1.54628,14307.8,0,0,700,353.827,25.9368,2,24.4756,-8.24309,-10.2431,-12.7712,10.2431,0,0,68.459,26.2327,2,32.7187
4192.1,90128.2,88.986,-3.77691,146.66,-11.3536,1.54628,14307.9,0,0,700,353.827,25.9368,2,24.4756,-6.88889,-8.88889,-11.3536,8.88889,0,0,68.4666,26.233,2,31.3645
4192.2,90130.7,88.9802,-3.78052,146.567,-9.91443,1.54628,14308.1,0,0,700,353.827,25.9368,2,24.4756,-5.51068,-7.51068,-9.91443,7.51068,0,0,68.4739,26.2331,2,29.9863
4192.3,90133.1,88.9779,-3.78414,146.473,-8.7632,1.54628,14308.2,0,0,700,353.827,25.9368,2,24.4756,-4.40149,-6.40149,-8.7632,6.40149,0,0,68.4809,26.2333,2,28.8771
4192.4,90135.6,88.9773,-3.78776,146.38,-8.62008,1.54628,14308.4,0,0,700,353.827,25.9368,2,24.4756,-4.26361,-6.26361,-8.62008,6.26361,0,0,68.4879,26.2335,2,28.7392
4192.5,90138.1,88.9758,-3.79139,146.286,-9.03351,1.54628,14308.5,0,0,700,353.827,25.9368,2,24.4756,-4.66201,-6.66201,-9.03351,6.66201,0,0,68.495,26.2336,2,29.1376
4192.6,90140.6,88.9737,-3.79503,146.192,-9.9664,1.54628,14308.7,0,0,700,353.827,25.9368,2,24.4756,-5.56096,-7.56096,-9.9664,7.56096,0,0,68.5023,26.2338,2,30.0366
4192.7,90143,88.9685,-3.79867,146.098,-12.0637,1.54628,14308.8,0,0,700,353.827,25.9368,2,24.4756,-7.56795,-9.56795,-12.0637,9.56795,0,0,68.5101,26.234,2,32.0435
4192.8,90145.5,88.9578,-3.80232,146.004,-14.6744,1.54628,14309,0,0,700,353.827,25.9368,2,24.4756,-10.0626,-12.0626,-14.6744,12.0626,0,0,68.5185,26.2343,2,34.5382
4192.9,90148,88.9418,-3.80598,145.91,-16.2615,1.54628,14309.1,0,0,700,353.827,25.9368,2,24.4756,-11.5795,-13.5795,-16.2615,13.5795,0,0,68.5272,26.2346,2,36.0551
4193,90150.4,88.9246,-3.80964,145.816,-16.7522,1.54628,14309.3,0,0,700,353.827,25.9368,2,24.4756,-12.0488,-14.0488,-16.7522,14.0488,0,0,68.5361,26.235,2,36.5244
4193.1,90152.9,88.9069,-3.8133,145.722,-16.1256,1.54628,14309.5,0,0,700,353.827,25.9368,2,24.4756,-11.4507,-13.4507,-16.1256,13.4507,0,0,68.5449,26.2353,2,35.9263
4193.2,90155.4,88.8926,-3.81697,145.628,-14.2132,1.54628,14309.6,0,0,700,353.827,25.9368,2,24.4756,-9.62396,-11.624,-14.2132,11.624,0,0,68.5531,26.2355,2,34.0996
4193.3,90157.9,88.8833,-3.82064,145.534,-11.7624,1.54628,14309.8,0,0,700,353.827,25.9368,2,24.4756,-7.28266,-9.28266,-11.7624,9.28266,0,0,68.5609,26.2358,2,31.7583
4193.4,90160.3,88.8797,-3.82431,145.439,-9.51665,1.54628,14309.9,0,0,700,353.827,25.9368,2,24.4756,-5.13061,-7.13061,-9.51665,7.13061,0,0,68.5681,26.2359,2,29.6062
4193.5,90162.8,88.8802,-3.82799,145.345,-7.44146,1.54628,14310.1,0,0,700,353.827,25.9368,2,24.4756,-3.13106,-5.13106,-7.44146,5.13106,0,0,68.5748,26.2361,2,27.6066
4193.6,90165.3,88.8857,-3.83167,145.25,-5.39083,1.54628,14310.2,0,0,700,353.827,25.9368,2,24.4756,-1.15501,-3.15501,-5.39083,3.15501,0,0,68.581,26.2362,2,25.6306
4193.7,90167.7,88.8951,-3.83535,145.156,-3.41966,1.54628,14310.4,0,0,700,353.827,25.9368,2,24.4756,0.744592,-1.25541,-3.41966,1.25541,0,0,68.5868,26.2362,2,23.731
4193.8,90170.2,88.9092,-3.83904,145.061,-1.14193,1.54628,14310.5,0,0,700,353.827,25.9368,2,24.4756,2,-0,-1.14193,0,0,0,68.5922,26.2363,2,22.4756
4193.9,90172.7,88.9285,-3.84273,144.966,0.864909,1.54628,14310.7,0,0,700,353.827,25.9368,2,24.4756,4.93825,2.93825,0.864909,0,0,0,68.597,26.2363,2,19.5373
4194,90175.1,88.9513,-3.84642,144.871,1.65775,1.54628,14310.8,0,0,700,353.827,25.9368,2,24.4756,5.76179,3.76179,1.65775,0,0,0,68.6015,26.2363,2,18.7138
4194.1,90177.6,88.9741,-3.85011,144.776,1.24102,1.54628,14311,0,0,700,353.827,25.9368,2,24.4756,5.33004,3.33004,1.24102,0,0,0,68.6062,26.2363,2,19.1456
4194.2,90180.1,88.9953,-3.8538,144.681,0.361144,1.54628,14311.2,0,0,700,353.827,25.9368,2,24.4756,4.4176,2.4176,0.361144,0,0,0,68.6111,26.2363,2,20.058
4194.3,90182.6,89.0145,-3.8575,144.585,-1.4431,1.54628,14311.3,0,0,700,353.827,25.9368,2,24.4756,2,-0,-1.4431,0,0,0,68.6165,26.2364,2,22.4756
4194.4,90185,89.0283,-3.86119,144.49,-3.86147,1.54628,14311.5,0,0,700,353.827,25.9368,2,24.4756,0.323167,-1.67683,-3.86147,1.67683,0,0,68.6224,26.2364,2,24.1524
4194.5,90187.5,89.0375,-3.86488,144.394,-5.74681,1.54628,14311.6,0,0,700,353.827,25.9368,2,24.4756,-1.49315,-3.49315,-5.74681,3.49315,0,0,68.6287,26.2365,2,25.9687
4194.6,90190,89.0434,-3.86858,144.299,-7.51577,1.54628,14311.8,0,0,700,353.827,25.9368,2,24.4756,-3.19744,-5.19744,-7.51577,5.19744,0,0,68.6354,26.2367,2,27.673
4194.7,90192.4,89.0453,-3.87227,144.203,-9.11922,1.54628,14311.9,0,0,700,353.827,25.9368,2,24.4756,-4.74238,-6.74238,-9.11922,6.74238,0,0,68.6425,26.2368,2,29.218
4194.8,90194.9,89.0447,-3.87596,144.107,-9.95542,1.54628,14312.1,0,0,700,353.827,25.9368,2,24.4756,-5.54812,-7.54812,-9.95542,7.54812,0,0,68.6498,26.237,2,30.0237
4194.9,90197.4,89.0433,-3.87965,144.011,-9.9549,1.54628,14312.2,0,0,700,353.827,25.9368,2,24.4756,-5.54766,-7.54766,-9.9549,7.54766,0,0,68.6571,26.2372,2,30.0233
4195,90199.9,89.043,-3.88333,143.915,-9.00663,1.54628,14312.4,0,0,700,353.827,25.9368,2,24.4756,-4.63398,-6.63398,-9.00663,6.63398,0,0,68.6642,26.2374,2,29.1096
4195.1,90202.3,89.0459,-3.88702,143.819,-7.22705,1.54628,14312.5,0,0,700,353.827,25.9368,2,24.4756,-2.91917,-4.91917,-7.22705,4.91917,0,0,68.6709,26.2375,2,27.3948
4195.2,90204.8,89.0533,-3.8907,143.723,-5.24509,1.54628,14312.7,0,0,700,353.827,25.9368,2,24.4756,-1.00922,-3.00922,-5.24509,3.00922,0,0,68.6771,26.2376,2,25.4848
4195.3,90207.3,89.0649,-3.89437,143.627,-3.7991,1.54628,14312.9,0,0,700,353.827,25.9368,2,24.4756,0.384432,-1.61557,-3.7991,1.61557,0,0,68.6829,26.2377,2,24.0912
4195.4,90209.8,89.0787,-3.89804,143.53,-3.03992,1.54628,14313,0,0,700,353.827,25.9368,2,24.4756,1.11638,-0.883621,-3.03992,0.883621,0,0,68.6886,26.2377,2,23.3592
4195.5,90212.2,89.0936,-3.90171,143.434,-3.17721,1.54628,14313.2,0,0,700,353.827,25.9368,2,24.4756,0.984574,-1.01543,-3.17721,1.01543,0,0,68.6943,26.2378,2,23.491
4195.6,90214.7,89.107,-3.90538,143.337,-3.84413,1.54628,14313.3,0,0,700,353.827,25.9368,2,24.4756,0.342395,-1.6576,-3.84413,1.6576,0,0,68.7002,26.2379,2,24.1332
4195.7,90217.2,89.1193,-3.90904,143.24,-4.59149,1.54628,14313.5,0,0,700,353.827,25.9368,2,24.4756,-0.377333,-2.37733,-4.59149,2.37733,0,0,68.7062,26.238,2,24.8529
4195.8,90219.7,89.1298,-3.91269,143.144,-4.83504,1.54628,14313.6,0,0,700,353.827,25.9368,2,24.4756,-0.611663,-2.61166,-4.83504,2.61166,0,0,68.7123,26.2381,2,25.0873
4195.9,90222.1,89.1412,-3.91634,143.047,-4.91751,1.54628,14313.8,0,0,700,353.827,25.9368,2,24.4756,-0.690763,-2.69076,-4.91751,2.69076,0,0,68.7184,26.2381,2,25.1664
4196,90224.6,89.1515,-3.91998,142.95,-5.27699,1.54628,14313.9,0,0,700,353.827,25.9368,2,24.4756,-1.03681,-3.03681,-5.27699,3.03681,0,0,68.7246,26.2382,2,25.5124
4196.1,90227.1,89.1617,-3.92361,142.853,-5.43168,1.54628,14314.1,0,0,700,353.827,25.9368,2,24.4756,-1.18553,-3.18553,-5.43168,3.18553,0,0,68.7309,26.2383,2,25.6611
4196.2,90229.6,89.1716,-3.92724,142.755,-6.29338,1.54628,14314.2,0,0,700,353.827,25.9368,2,24.4756,-2.01551,-4.01551,-6.29338,4.01551,0,0,68.7373,26.2385,2,26.4911
4196.3,90232,89.1783,-3.93086,142.658,-8.01119,1.54628,14314.4,0,0,700,353.827,25.9368,2,24.4756,-3.6705,-5.6705,-8.01119,5.6705,0,0,68.7442,26.2386,2,28.1461
4196.4,90234.5,89.1811,-3.93447,142.561,-9.78726,1.54628,14314.6,0,0,700,353.827,25.9368,2,24.4756,-5.38175,-7.38175,-9.78726,7.38175,0,0,68.7514,26.2388,2,29.8573
4196.5,90237,89.1806,-3.93808,142.463,-11.2515,1.54628,14314.7,0,0,700,353.827,25.9368,2,24.4756,-6.78531,-8.78531,-11.2515,8.78531,0,0,68.759,26.239,2,31.2609
4196.6,90239.5,89.1775,-3.94167,142.365,-12.7345,1.54628,14314.9,0,0,700,353.827,25.9368,2,24.4756,-8.20238,-10.2024,-12.7345,10.2024,0,0,68.767,26.2392,2,32.678
4196.7,90242,89.1709,-3.94526,142.268,-13.978,1.54628,14315,0,0,700,353.827,25.9368,2,24.4756,-9.39071,-11.3907,-13.978,11.3907,0,0,68.7752,26.2395,2,33.8663
4196.8,90244.4,89.1627,-3.94883,142.17,-14.8326,1.54628,14315.2,0,0,700,353.827,25.9368,2,24.4756,-10.2075,-12.2075,-14.8326,12.2075,0,0,68.7836,26.2398,2,34.6831
4196.9,90246.9,89.1528,-3.9524,142.072,-15.8493,1.54628,14315.3,0,0,700,353.827,25.9368,2,24.4756,-11.1792,-13.1792,-15.8493,13.1792,0,0,68.7923,26.2401,2,35.6548
4197,90249.4,89.1406,-3.95595,141.974,-17.1774,1.54628,14315.5,0,0,700,353.827,25.9368,2,24.4756,-12.4485,-14.4485,-17.1774,14.4485,0,0,68.8013,26.2404,2,36.9241
4197.1,90251.9,89.1254,-3.95949,141.876,-18.4274,1.54628,14315.6,0,0,700,353.827,25.9368,2,24.4756,-13.6432,-15.6432,-18.4274,15.6432,0,0,68.8105,26.2408,2,38.1188
4197.2,90254.3,89.1082,-3.96302,141.778,-19.563,1.54628,14315.8,0,0,700,353.827,25.9368,2,24.4756,-14.7288,-16.7288,-19.563,16.7288,0,0,68.8201,26.2412,2,39.2044
4197.3,90256.8,89.0884,-3.96654,141.68,-20.8107,1.54628,14315.9,0,0,700,353.827,25.9368,2,24.4756,-15.9206,-17.9206,-20.8107,17.9206,0,0,68.8299,26.2416,2,40.3962
4197.4,90259.3,89.0662,-3.97004,141.582,-21.3686,1.54628,14316.1,0,0,700,353.827,25.9368,2,24.4756,-16.4503,-18.4503,-21.3686,18.4503,0,0,68.8398,26.2421,2,40.9259
4197.5,90261.8,89.0443,-3.97353,141.484,-21.1525,1.54628,14316.3,0,0,700,353.827,25.9368,2,24.4756,-16.246,-18.246,-21.1525,18.246,0,0,68.8497,26.2425,2,40.7216
4197.6,90264.2,89.0233,-3.97701,141.385,-21.101,1.54628,14316.4,0,0,700,353.827,25.9368,2,24.4756,-16.1977,-18.1977,-21.101,18.1977,0,0,68.8596,26.2429,2,40.6733
4197.7,90266.7,89.002,-3.98048,141.287,-20.7539,1.54628,14316.6,0,0,700,353.827,25.9368,2,24.4756,-15.8692,-17.8692,-20.7539,17.8692,0,0,68.8694,26.2433,2,40.3448
4197.8,90269.2,88.9828,-3.98392,141.188,-19.8486,1.54628,14316.7,0,0,700,353.827,25.9368,2,24.4756,-15.0055,-17.0055,-19.8486,17.0055,0,0,68.879,26.2438,2,39.4811
4197.9,90271.6,88.9655,-3.98736,141.09,-19.0914,1.54628,14316.9,0,0,700,353.827,25.9368,2,24.4756,-14.2826,-16.2826,-19.0914,16.2826,0,0,68.8885,26.2441,2,38.7582
4198,90274.1,88.9498,-3.99078,140.991,-18.511,1.54628,14317,0,0,700,353.827,25.9368,2,24.4756,-13.7285,-15.7285,-18.511,15.7285,0,0,68.8978,26.2445,2,38.2041
4198.1,90276.6,88.9353,-3.99418,140.893,-17.8496,1.54628,14317.2,0,0,700,353.827,25.9368,2,24.4756,-13.097,-15.097,-17.8496,15.097,0,0,68.9069,26.2449,2,37.5726
4198.2,90279.1,88.9227,-3.99757,140.794,-17.1019,1.54628,14317.3,0,0,700,353.827,25.9368,2,24.4756,-12.383,-14.383,-17.1019,14.383,0,0,68.9158,26.2452,2,36.8586
4198.3,90281.5,88.9116,-4.00094,140.695,-16.2024,1.54628,14317.5,0,0,700,353.827,25.9368,2,24.4756,-11.524,-13.524,-16.2024,13.524,0,0,68.9246,26.2455,2,35.9996
4198.4,90284,88.903,-4.0043,140.596,-14.9844,1.54628,14317.7,0,0,700,353.827,25.9368,2,24.4756,-10.3605,-12.3605,-14.9844,12.3605,0,0,68.9331,26.2458,2,34.8361
4198.5,90286.5,88.8974,-4.00764,140.498,-12.9102,1.54628,14317.8,0,0,700,353.827,25.9368,2,24.4756,-8.37887,-10.3789,-12.9102,10.3789,0,0,68.9411,26.246,2,32.8545
4198.6,90288.9,88.8979,-4.01096,140.399,-10.7929,1.54628,14318,0,0,700,353.827,25.9368,2,24.4756,-6.35588,-8.35588,-10.7929,8.35588,0,0,68.9485,26.2462,2,30.8315
4198.7,90291.4,88.9015,-4.01427,140.299,-9.77494,1.54628,14318.1,0,0,700,353.827,25.9368,2,24.4756,-5.37879,-7.37879,-9.77494,7.37879,0,0,68.9558,26.2464,2,29.8544
4198.8,90293.9,88.9065,-4.01756,140.2,-8.96865,1.54628,14318.3,0,0,700,353.827,25.9368,2,24.4756,-4.60173,-6.60173,-8.96865,6.60173,0,0,68.9629,26.2466,2,29.0773
4198.9,90296.3,88.9137,-4.02083,140.101,-8.23016,1.54628,14318.4,0,0,700,353.827,25.9368,2,24.4756,-3.88993,-5.88993,-8.23016,5.88993,0,0,68.9698,26.2467,2,28.3655
4199,90298.8,88.9221,-4.02409,140.002,-8.26623,1.54628,14318.6,0,0,700,353.827,25.9368,2,24.4756,-3.92443,-5.92443,-8.26623,5.92443,0,0,68.9767,26.2469,2,28.4
4199.1,90301.3,88.9294,-4.02732,139.902,-8.41297,1.54628,14318.7,0,0,700,353.827,25.9368,2,24.4756,-4.06558,-6.06558,-8.41297,6.06558,0,0,68.9836,26.247,2,28.5412
4199.2,90303.8,88.9373,-4.03054,139.803,-7.65834,1.54628,14318.9,0,0,700,353.827,25.9368,2,24.4756,-3.33821,-5.33821,-7.65834,5.33821,0,0,68.9904,26.2472,2,27.8138
4199.3,90306.2,88.948,-4.03374,139.703,-6.96177,1.54628,14319,0,0,700,353.827,25.9368,2,24.4756,-2.66669,-4.66669,-6.96177,4.66669,0,0,68.997,26.2473,2,27.1423
4199.4,90308.7,88.959,-4.03692,139.603,-6.80422,1.54628,14319.2,0,0,700,353.827,25.9368,2,24.4756,-2.51453,-4.51453,-6.80422,4.51453,0,0,69.0035,26.2474,2,26.9901
4199.5,90311.2,88.9705,-4.04008,139.504,-7.1106,1.54628,14319.4,0,0,700,353.827,25.9368,2,24.4756,-2.80937,-4.80937,-7.1106,4.80937,0,0,69.0102,26.2475,2,27.285
4199.6,90313.6,88.9805,-4.04322,139.404,-7.81457,1.54628,14319.5,0,0,700,353.827,25.9368,2,24.4756,-3.48737,-5.48737,-7.81457,5.48737,0,0,69.017,26.2477,2,27.963
4199.7,90316.1,88.9892,-4.04634,139.304,-8.38437,1.54628,14319.7,0,0,700,353.827,25.9368,2,24.4756,-4.03612,-6.03612,-8.38437,6.03612,0,0,69.0239,26.2478,2,28.5117
4199.8,90318.6,88.9969,-4.04944,139.204,-9.10727,1.54628,14319.8,0,0,700,353.827,25.9368,2,24.4756,-4.73242,-6.73242,-9.10727,6.73242,0,0,69.031,26.248,2,29.208
4199.9,90321.1,89.0027,-4.05252,139.103,-9.74667,1.54628,14320,0,0,700,353.827,25.9368,2,24.4756,-5.34832,-7.34832,-9.74667,7.34832,0,0,69.0382,26.2482,2,29.8239
