t_s,x_m,v_kmh,grade_pct,z_m,P_wheel_kW,fuel_g_per_s,fuel_cum_g,P_friction_brake_kW,trip_time_flag,N_eng_rpm,T_eng_Nm,P_shaft_eng_kW,engine_state,P_gen_bus_kW,P_bus_load_kW,P_motor_bus_kW,P_motor_mech_kW,P_regen_pack_kW,P_heater_kW,P_resistor_kW,soc_pct,T_pack_C,genset_state,P_batt_bus_kW
2100,37642.8,92.7332,5.64248,42.3466,146.243,7.77822,5313.19,0,0,2000,626.179,131.147,2,125.918,160.064,158.064,146.243,0,0,0,52.8594,25.8033,3,-34.1456
2100.1,37645.3,92.7196,5.63841,42.4918,144.47,7.77822,5313.96,0,0,2000,626.179,131.147,2,125.918,158.093,156.093,144.47,0,0,0,52.8511,25.8037,3,-32.175
2100.2,37647.9,92.7029,5.63432,42.637,142.861,7.77822,5314.74,0,0,2000,626.179,131.147,2,125.918,156.305,154.305,142.861,0,0,0,52.8433,25.8039,3,-30.3873
2100.3,37650.5,92.6832,5.63022,42.782,141.893,7.77822,5315.52,0,0,2000,626.179,131.147,2,125.918,155.229,153.229,141.893,0,0,0,52.8357,25.8042,3,-29.3109
2100.4,37653.1,92.663,5.62609,42.9269,141.131,7.77822,5316.3,0,0,2000,626.179,131.147,2,125.918,154.39,152.39,141.131,0,0,0,52.8283,25.8044,3,-28.4724
2100.5,37655.6,92.6407,5.62194,43.0716,140.252,7.77822,5317.08,0,0,2000,626.179,131.147,2,125.918,153.425,151.425,140.252,0,0,0,52.8212,25.8046,3,-27.507
2100.6,37658.2,92.6174,5.61777,43.2162,139.519,7.77822,5317.85,0,0,2000,626.179,131.147,2,125.918,152.62,150.62,139.519,0,0,0,52.8143,25.8048,3,-26.7017
2100.7,37660.8,92.5926,5.61358,43.3607,138.918,7.77822,5318.63,0,0,2000,626.179,131.147,2,125.918,151.96,149.96,138.918,0,0,0,52.8076,25.805,3,-26.0419
2100.8,37663.4,92.5674,5.60938,43.505,138.168,7.77822,5319.41,0,0,2000,626.179,131.147,2,125.918,151.136,149.136,138.168,0,0,0,52.8011,25.8052,3,-25.2185
2100.9,37665.9,92.5401,5.60515,43.6492,136.552,7.77822,5320.19,0,0,2000,626.179,131.147,2,125.918,149.362,147.362,136.552,0,0,0,52.795,25.8053,3,-23.4439
2101,37668.5,92.5089,5.60091,43.7932,134.947,7.77822,5320.97,0,0,2000,626.179,131.147,2,125.918,147.6,145.6,134.947,0,0,0,52.7894,25.8054,3,-21.6816
2101.1,37671.1,92.4756,5.59665,43.937,134.157,7.77822,5321.74,0,0,2000,626.179,131.147,2,125.918,146.733,144.733,134.157,0,0,0,52.784,25.8055,3,-20.8151
2101.2,37673.6,92.4418,5.59238,44.0807,133.967,7.77822,5322.52,0,0,2000,626.179,131.147,2,125.918,146.524,144.524,133.967,0,0,0,52.7787,25.8056,3,-20.6058
2101.3,37676.2,92.4083,5.58809,44.2242,134.399,7.77822,5323.3,0,0,2000,626.179,131.147,2,125.918,146.998,144.998,134.399,0,0,0,52.7733,25.8056,3,-21.0803
2101.4,37678.8,92.3768,5.58378,44.3676,135.814,7.77822,5324.08,0,0,2000,626.179,131.147,2,125.918,148.552,146.552,135.814,0,0,0,52.7674,25.8058,3,-22.6341
2101.5,37681.3,92.3498,5.57946,44.5108,138.005,7.77822,5324.85,0,0,2000,626.179,131.147,2,125.918,150.957,148.957,138.005,0,0,0,52.761,25.8059,3,-25.0391
2101.6,37683.9,92.3278,5.57512,44.6538,140.303,7.77822,5325.63,0,0,2000,626.179,131.147,2,125.918,153.479,151.479,140.303,0,0,0,52.7538,25.8061,3,-27.5614
2101.7,37686.5,92.3106,5.57077,44.7968,141.829,7.77822,5326.41,0,0,2000,626.179,131.147,2,125.918,155.163,153.163,141.829,0,0,0,52.7463,25.8064,3,-29.2449
2101.8,37689,92.2954,5.5664,44.9395,142.688,7.77822,5327.19,0,0,2000,626.179,131.147,2,125.918,156.117,154.117,142.688,0,0,0,52.7385,25.8067,3,-30.199
2101.9,37691.6,92.2822,5.56202,45.0822,143.029,7.77822,5327.97,0,0,2000,626.179,131.147,2,125.918,156.495,154.495,143.029,0,0,0,52.7306,25.8069,3,-30.5771
2102,37694.2,92.2688,5.55763,45.2247,142.07,7.77822,5328.74,0,0,2000,626.179,131.147,2,125.918,155.43,153.43,142.07,0,0,0,52.7229,25.8072,3,-29.5123
2102.1,37696.7,92.2521,5.55322,45.3671,140.565,7.77822,5329.52,0,0,2000,626.179,131.147,2,125.918,153.766,151.766,140.565,0,0,0,52.7158,25.8074,3,-27.8482
2102.2,37699.3,92.233,5.5488,45.5093,139.618,7.77822,5330.3,0,0,2000,626.179,131.147,2,125.918,152.727,150.727,139.618,0,0,0,52.7088,25.8076,3,-26.8092
2102.3,37701.8,92.2129,5.54436,45.6514,138.872,7.77822,5331.08,0,0,2000,626.179,131.147,2,125.918,151.909,149.909,138.872,0,0,0,52.7021,25.8078,3,-25.9907
2102.4,37704.4,92.1913,5.53992,45.7933,138.203,7.77822,5331.85,0,0,2000,626.179,131.147,2,125.918,151.174,149.174,138.203,0,0,0,52.6956,25.8079,3,-25.2562
2102.5,37707,92.169,5.53546,45.9351,138.264,7.77822,5332.63,0,0,2000,626.179,131.147,2,125.918,151.242,149.242,138.264,0,0,0,52.689,25.8081,3,-25.3236
2102.6,37709.5,92.1481,5.53099,46.0768,138.42,7.77822,5333.41,0,0,2000,626.179,131.147,2,125.918,151.413,149.413,138.42,0,0,0,52.6825,25.8083,3,-25.4945
2102.7,37712.1,92.1269,5.52651,46.2183,138.58,7.77822,5334.19,0,0,2000,626.179,131.147,2,125.918,151.588,149.588,138.58,0,0,0,52.6758,25.8084,3,-25.6703
2102.8,37714.6,92.1072,5.52202,46.3596,139.868,7.77822,5334.97,0,0,2000,626.179,131.147,2,125.918,153.001,151.001,139.868,0,0,0,52.6688,25.8087,3,-27.0829
2102.9,37717.2,92.0918,5.51753,46.5008,141.793,7.77822,5335.74,0,0,2000,626.179,131.147,2,125.918,155.125,153.125,141.793,0,0,0,52.6613,25.8089,3,-29.207
2103,37719.8,92.0805,5.51302,46.6419,143.3,7.77822,5336.52,0,0,2000,626.179,131.147,2,125.918,156.797,154.797,143.3,0,0,0,52.6533,25.8092,3,-30.8789
2103.1,37722.3,92.0717,5.5085,46.7829,144.936,7.77822,5337.3,0,0,2000,626.179,131.147,2,125.918,158.613,156.613,144.936,0,0,0,52.6449,25.8095,3,-32.695
2103.2,37724.9,92.0674,5.50398,46.9237,147.465,7.77822,5338.08,0,0,2000,626.179,131.147,2,125.918,161.419,159.419,147.465,0,0,0,52.6357,25.8099,3,-35.5012
2103.3,37727.4,92.0694,5.49944,47.0644,149.431,7.77822,5338.86,0,0,2000,626.179,131.147,2,125.918,163.6,161.6,149.431,0,0,0,52.6259,25.8104,3,-37.6823
2103.4,37730,92.0735,5.4949,47.205,150.614,7.77822,5339.63,0,0,2000,626.179,131.147,2,125.918,164.914,162.914,150.614,0,0,0,52.6159,25.8109,3,-38.9959
2103.5,37732.5,92.0805,5.49034,47.3455,152.169,7.77822,5340.41,0,0,2000,626.179,131.147,2,125.918,166.663,164.663,152.169,0,0,0,52.6053,25.8115,3,-40.7451
2103.6,37735.1,92.0912,5.48578,47.4859,153.459,7.77822,5341.19,0,0,2000,626.179,131.147,2,125.918,168.119,166.119,153.459,0,0,0,52.5944,25.8121,3,-42.2014
2103.7,37737.7,92.1038,5.48122,47.6261,153.019,7.77822,5341.97,0,0,2000,626.179,131.147,2,125.918,167.622,165.622,153.019,0,0,0,52.5837,25.8127,3,-41.7042
2103.8,37740.2,92.1129,5.47664,47.7663,151.098,7.77822,5342.74,0,0,2000,626.179,131.147,2,125.918,165.454,163.454,151.098,0,0,0,52.5734,25.8133,3,-39.5362
2103.9,37742.8,92.1177,5.47206,47.9064,148.839,7.77822,5343.52,0,0,2000,626.179,131.147,2,125.918,162.945,160.945,148.839,0,0,0,52.5639,25.8137,3,-37.0267
2104,37745.3,92.1178,5.46747,48.0464,146.885,7.77822,5344.3,0,0,2000,626.179,131.147,2,125.918,160.776,158.776,146.885,0,0,0,52.5549,25.8141,3,-34.8577
2104.1,37747.9,92.115,5.46288,48.1862,145.413,7.77822,5345.08,0,0,2000,626.179,131.147,2,125.918,159.142,157.142,145.413,0,0,0,52.5463,25.8145,3,-33.2245
2104.2,37750.5,92.1094,5.45828,48.3259,144.34,7.77822,5345.86,0,0,2000,626.179,131.147,2,125.918,157.952,155.952,144.34,0,0,0,52.538,25.8148,3,-32.0336
2104.3,37753,92.1025,5.45368,48.4655,144.023,7.77822,5346.63,0,0,2000,626.179,131.147,2,125.918,157.599,155.599,144.023,0,0,0,52.5298,25.8151,3,-31.6814
2104.4,37755.6,92.096,5.44907,48.605,144.756,7.77822,5347.41,0,0,2000,626.179,131.147,2,125.918,158.413,156.413,144.756,0,0,0,52.5214,25.8154,3,-32.4953
2104.5,37758.1,92.0925,5.44446,48.7443,145.784,7.77822,5348.19,0,0,2000,626.179,131.147,2,125.918,159.554,157.554,145.784,0,0,0,52.5127,25.8158,3,-33.6361
2104.6,37760.7,92.0905,5.43985,48.8835,146.864,7.77822,5348.97,0,0,2000,626.179,131.147,2,125.918,160.752,158.752,146.864,0,0,0,52.5037,25.8162,3,-34.8339
2104.7,37763.3,92.0918,5.43523,49.0226,148.674,7.77822,5349.74,0,0,2000,626.179,131.147,2,125.918,162.761,160.761,148.674,0,0,0,52.4942,25.8166,3,-36.8428
2104.8,37765.8,92.0976,5.43061,49.1616,150.862,7.77822,5350.52,0,0,2000,626.179,131.147,2,125.918,165.189,163.189,150.862,0,0,0,52.4841,25.8172,3,-39.2712
2104.9,37768.4,92.1081,5.42599,49.3005,152.303,7.77822,5351.3,0,0,2000,626.179,131.147,2,125.918,166.815,164.815,152.303,0,0,0,52.4735,25.8177,3,-40.8967
2105,37770.9,92.1199,5.42137,49.4393,152.888,7.77822,5352.08,0,0,2000,626.179,131.147,2,125.918,167.474,165.474,152.888,0,0,0,52.4628,25.8183,3,-41.5565
2105.1,37773.5,92.133,5.41674,49.5779,153.484,7.77822,5352.86,0,0,2000,626.179,131.147,2,125.918,168.147,166.147,153.484,0,0,0,52.4519,25.819,3,-42.2293
2105.2,37776,92.1475,5.41211,49.7165,154.002,7.77822,5353.63,0,0,2000,626.179,131.147,2,125.918,168.732,166.732,154.002,0,0,0,52.4408,25.8196,3,-42.8139
2105.3,37778.6,92.1629,5.40748,49.855,154.586,7.77822,5354.41,0,0,2000,626.179,131.147,2,125.918,169.392,167.392,154.586,0,0,0,52.4296,25.8203,3,-43.474
2105.4,37781.2,92.1799,5.40285,49.9934,155.34,7.77822,5355.19,0,0,2000,626.179,131.147,2,125.918,170.243,168.243,155.34,0,0,0,52.4181,25.821,3,-44.3251
2105.5,37783.7,92.1985,5.39822,50.1317,156.187,7.77822,5355.97,0,0,2000,626.179,131.147,2,125.918,171.2,169.2,156.187,0,0,0,52.4064,25.8217,3,-45.2817
2105.6,37786.3,92.2191,5.39359,50.2699,157.181,7.77822,5356.74,0,0,2000,626.179,131.147,2,125.918,172.322,170.322,157.181,0,0,0,52.3944,25.8225,3,-46.4036
2105.7,37788.8,92.2418,5.38896,50.408,158.04,7.77822,5357.52,0,0,2000,626.179,131.147,2,125.918,173.292,171.292,158.04,0,0,0,52.3822,25.8233,3,-47.3739
2105.8,37791.4,92.266,5.38433,50.5461,158.361,7.77822,5358.3,0,0,2000,626.179,131.147,2,125.918,173.655,171.655,158.361,0,0,0,52.3699,25.8241,3,-47.7373
2105.9,37794,92.2901,5.3797,50.684,158.342,7.77822,5359.08,0,0,2000,626.179,131.147,2,125.918,173.635,171.635,158.342,0,0,0,52.3575,25.825,3,-47.7168
2106,37796.5,92.3143,5.37508,50.8219,157.473,7.77822,5359.86,0,0,2000,626.179,131.147,2,125.918,172.653,170.653,157.473,0,0,0,52.3454,25.8258,3,-46.7354
2106.1,37799.1,92.3349,5.37045,50.9597,155.322,7.77822,5360.63,0,0,2000,626.179,131.147,2,125.918,170.223,168.223,155.322,0,0,0,52.334,25.8265,3,-44.3051
2106.2,37801.7,92.3504,5.36583,51.0974,153.373,7.77822,5361.41,0,0,2000,626.179,131.147,2,125.918,168.021,166.021,153.373,0,0,0,52.3231,25.8271,3,-42.1027
2106.3,37804.2,92.3632,5.3612,51.235,152.02,7.77822,5362.19,0,0,2000,626.179,131.147,2,125.918,166.492,164.492,152.02,0,0,0,52.3126,25.8276,3,-40.5742
2106.4,37806.8,92.3733,5.35659,51.3725,150.869,7.77822,5362.97,0,0,2000,626.179,131.147,2,125.918,165.201,163.201,150.869,0,0,0,52.3025,25.8282,3,-39.2829
2106.5,37809.4,92.3816,5.35197,51.5099,150.531,7.77822,5363.75,0,0,2000,626.179,131.147,2,125.918,164.826,162.826,150.531,0,0,0,52.2924,25.8287,3,-38.908
2106.6,37811.9,92.3906,5.34736,51.6471,150.444,7.77822,5364.52,0,0,2000,626.179,131.147,2,125.918,164.729,162.729,150.444,0,0,0,52.2824,25.8292,3,-38.811
2106.7,37814.5,92.3987,5.34276,51.7843,149.635,7.77822,5365.3,0,0,2000,626.179,131.147,2,125.918,163.831,161.831,149.635,0,0,0,52.2726,25.8297,3,-37.9129
2106.8,37817.1,92.4046,5.33816,51.9214,148.565,7.77822,5366.08,0,0,2000,626.179,131.147,2,125.918,162.643,160.643,148.565,0,0,0,52.2631,25.8301,3,-36.7246
2106.9,37819.6,92.4086,5.33357,52.0584,147.714,7.77822,5366.86,0,0,2000,626.179,131.147,2,125.918,161.697,159.697,147.714,0,0,0,52.2539,25.8305,3,-35.7794
2107,37822.2,92.4113,5.32898,52.1952,146.787,7.77822,5367.63,0,0,2000,626.179,131.147,2,125.918,160.668,158.668,146.787,0,0,0,52.2449,25.8309,3,-34.7498
2107.1,37824.8,92.4118,5.3244,52.332,146.377,7.77822,5368.41,0,0,2000,626.179,131.147,2,125.918,160.212,158.212,146.377,0,0,0,52.236,25.8313,3,-34.2942
2107.2,37827.3,92.4131,5.31982,52.4686,147.374,7.77822,5369.19,0,0,2000,626.179,131.147,2,125.918,161.32,159.32,147.374,0,0,0,52.2269,25.8317,3,-35.402
2107.3,37829.9,92.418,5.31526,52.6051,148.982,7.77822,5369.97,0,0,2000,626.179,131.147,2,125.918,163.106,161.106,148.982,0,0,0,52.2173,25.8322,3,-37.1876
2107.4,37832.5,92.4261,5.3107,52.7415,151.213,7.77822,5370.75,0,0,2000,626.179,131.147,2,125.918,165.584,163.584,151.213,0,0,0,52.207,25.8327,3,-39.6664
2107.5,37835,92.4404,5.30615,52.8778,154.479,7.77822,5371.52,0,0,2000,626.179,131.147,2,125.918,169.271,167.271,154.479,0,0,0,52.1958,25.8334,3,-43.3533
2107.6,37837.6,92.462,5.30161,53.014,157.813,7.77822,5372.3,0,0,2000,626.179,131.147,2,125.918,173.04,171.04,157.813,0,0,0,52.1837,25.8342,3,-47.1216
2107.7,37840.2,92.4899,5.29707,53.1501,160.02,7.77822,5373.08,0,0,2000,626.179,131.147,2,125.918,175.535,173.535,160.02,0,0,0,52.1708,25.8351,3,-49.6169
2107.8,37842.7,92.5206,5.29254,53.2862,161.544,7.77822,5373.86,0,0,2000,626.179,131.147,2,125.918,177.259,175.259,161.544,0,0,0,52.1576,25.8361,3,-51.3414
2107.9,37845.3,92.5547,5.28803,53.4222,162.352,7.77822,5374.63,0,0,2000,626.179,131.147,2,125.918,178.198,176.198,162.352,0,0,0,52.1441,25.8371,3,-52.2799
2108,37847.9,92.5886,5.28352,53.5581,162.023,7.77822,5375.41,0,0,2000,626.179,131.147,2,125.918,177.812,175.812,162.023,0,0,0,52.1307,25.8381,3,-51.8937
2108.1,37850.5,92.6213,5.27901,53.6939,161.494,7.77822,5376.19,0,0,2000,626.179,131.147,2,125.918,177.206,175.206,161.494,0,0,0,52.1174,25.8391,3,-51.2879
2108.2,37853,92.6529,5.27452,53.8297,160.649,7.77822,5376.97,0,0,2000,626.179,131.147,2,125.918,176.251,174.251,160.649,0,0,0,52.1044,25.84,3,-50.3331
2108.3,37855.6,92.6822,5.27004,53.9654,159.317,7.77822,5377.75,0,0,2000,626.179,131.147,2,125.918,174.744,172.744,159.317,0,0,0,52.0918,25.8409,3,-48.826
2108.4,37858.2,92.7084,5.26557,54.1011,158.095,7.77822,5378.52,0,0,2000,626.179,131.147,2,125.918,173.362,171.362,158.095,0,0,0,52.0795,25.8417,3,-47.4436
2108.5,37860.8,92.7327,5.26111,54.2366,157.55,7.77822,5379.3,0,0,2000,626.179,131.147,2,125.918,172.745,170.745,157.55,0,0,0,52.0674,25.8425,3,-46.8269
2108.6,37863.3,92.7567,5.25666,54.3721,157.869,7.77822,5380.08,0,0,2000,626.179,131.147,2,125.918,173.106,171.106,157.869,0,0,0,52.0552,25.8433,3,-47.1885
2108.7,37865.9,92.7823,5.25222,54.5075,159.149,7.77822,5380.86,0,0,2000,626.179,131.147,2,125.918,174.555,172.555,159.149,0,0,0,52.0427,25.8442,3,-48.6374
2108.8,37868.5,92.8116,5.2478,54.6428,160.988,7.77822,5381.64,0,0,2000,626.179,131.147,2,125.918,176.639,174.639,160.988,0,0,0,52.0296,25.8451,3,-50.7206
2108.9,37871.1,92.8447,5.24338,54.7781,162.683,7.77822,5382.41,0,0,2000,626.179,131.147,2,125.918,178.576,176.576,162.683,0,0,0,52.016,25.8461,3,-52.6575
2109,37873.6,92.8808,5.23898,54.9133,163.676,7.77822,5383.19,0,0,2000,626.179,131.147,2,125.918,179.742,177.742,163.676,0,0,0,52.0021,25.8472,3,-53.8238
2109.1,37876.2,92.9178,5.23459,55.0484,163.346,7.77822,5383.97,0,0,2000,626.179,131.147,2,125.918,179.353,177.353,163.346,0,0,0,51.9883,25.8483,3,-53.4347
2109.2,37878.8,92.9525,5.23022,55.1835,161.771,7.77822,5384.75,0,0,2000,626.179,131.147,2,125.918,177.529,175.529,161.771,0,0,0,51.9749,25.8493,3,-51.6114
2109.3,37881.4,92.983,5.22586,55.3185,159.55,7.77822,5385.52,0,0,2000,626.179,131.147,2,125.918,175.013,173.013,159.55,0,0,0,51.9622,25.8502,3,-49.0952
2109.4,37884,93.0086,5.22151,55.4535,156.935,7.77822,5386.3,0,0,2000,626.179,131.147,2,125.918,172.05,170.05,156.935,0,0,0,51.9503,25.8509,3,-46.1323
2109.5,37886.6,93.0286,5.21718,55.5883,154.484,7.77822,5387.08,0,0,2000,626.179,131.147,2,125.918,169.272,167.272,154.484,0,0,0,51.9391,25.8516,3,-43.3541
2109.6,37889.1,93.0443,5.21286,55.7231,152.788,7.77822,5387.86,0,0,2000,626.179,131.147,2,125.918,167.35,165.35,152.788,0,0,0,51.9284,25.8522,3,-41.4319
2109.7,37891.7,93.0575,5.20855,55.8578,151.788,7.77822,5388.64,0,0,2000,626.179,131.147,2,125.918,166.23,164.23,151.788,0,0,0,51.918,25.8528,3,-40.3124
2109.8,37894.3,93.0693,5.20427,55.9924,151.893,7.77822,5389.41,0,0,2000,626.179,131.147,2,125.918,166.348,164.348,151.893,0,0,0,51.9075,25.8533,3,-40.4297
2109.9,37896.9,93.0831,5.2,56.1269,152.938,7.77822,5390.19,0,0,2000,626.179,131.147,2,125.918,167.519,165.519,152.938,0,0,0,51.8968,25.8539,3,-41.6011
2110,37899.5,93.0993,5.19575,56.2613,154.105,7.77822,5390.97,0,0,2000,626.179,131.147,2,125.918,168.842,166.842,154.105,0,0,0,51.8857,25.8546,3,-42.9242
2110.1,37902.1,93.118,5.19151,56.3956,155.164,7.77822,5391.75,0,0,2000,626.179,131.147,2,125.918,170.042,168.042,155.164,0,0,0,51.8743,25.8552,3,-44.1244
2110.2,37904.7,93.1386,5.18729,56.5298,156.534,7.77822,5392.52,0,0,2000,626.179,131.147,2,125.918,171.596,169.596,156.534,0,0,0,51.8625,25.856,3,-45.6775
2110.3,37907.2,93.1628,5.18309,56.664,157.451,7.77822,5393.3,0,0,2000,626.179,131.147,2,125.918,172.635,170.635,157.451,0,0,0,51.8504,25.8568,3,-46.7172
2110.4,37909.8,93.1872,5.17891,56.7981,157.411,7.77822,5394.08,0,0,2000,626.179,131.147,2,125.918,172.59,170.59,157.411,0,0,0,51.8384,25.8576,3,-46.672
2110.5,37912.4,93.2113,5.17474,56.9321,158.022,7.77822,5394.86,0,0,2000,626.179,131.147,2,125.918,173.283,171.283,158.022,0,0,0,51.8261,25.8584,3,-47.3649
2110.6,37915,93.2381,5.17059,57.0661,159.326,7.77822,5395.64,0,0,2000,626.179,131.147,2,125.918,174.762,172.762,159.326,0,0,0,51.8135,25.8593,3,-48.844
2110.7,37917.6,93.2675,5.16646,57.2,160.335,7.77822,5396.41,0,0,2000,626.179,131.147,2,125.918,175.907,173.907,160.335,0,0,0,51.8006,25.8602,3,-49.9894
2110.8,37920.2,93.2984,5.16235,57.3338,161.377,7.77822,5397.19,0,0,2000,626.179,131.147,2,125.918,177.09,175.09,161.377,0,0,0,51.7874,25.8611,3,-51.1717
2110.9,37922.8,93.332,5.15826,57.4675,162.856,7.77822,5397.97,0,0,2000,626.179,131.147,2,125.918,178.769,176.769,162.856,0,0,0,51.7737,25.8622,3,-52.8512
2111,37925.4,93.3688,5.15419,57.6012,163.46,7.77822,5398.75,0,0,2000,626.179,131.147,2,125.918,179.468,177.468,163.46,0,0,0,51.7599,25.8633,3,-53.5504
2111.1,37928,93.4046,5.15013,57.7349,162.793,7.77822,5399.53,0,0,2000,626.179,131.147,2,125.918,178.699,176.699,162.793,0,0,0,51.7463,25.8643,3,-52.7813
2111.2,37930.6,93.4386,5.1461,57.8685,162.005,7.77822,5400.3,0,0,2000,626.179,131.147,2,125.918,177.805,175.805,162.005,0,0,0,51.7328,25.8653,3,-51.8872
2111.3,37933.2,93.4712,5.14209,58.002,161.031,7.77822,5401.08,0,0,2000,626.179,131.147,2,125.918,176.7,174.7,161.031,0,0,0,51.7197,25.8663,3,-50.7818
2111.4,37935.8,93.5012,5.13809,58.1355,160.095,7.77822,5401.86,0,0,2000,626.179,131.147,2,125.918,175.638,173.638,160.095,0,0,0,51.7069,25.8672,3,-49.7196
2111.5,37938.4,93.5299,5.13412,58.2689,159.594,7.77822,5402.64,0,0,2000,626.179,131.147,2,125.918,175.069,173.069,159.594,0,0,0,51.6942,25.868,3,-49.1514
2111.6,37941,93.5578,5.13017,58.4023,159.842,7.77822,5403.41,0,0,2000,626.179,131.147,2,125.918,175.352,173.352,159.842,0,0,0,51.6814,25.8689,3,-49.4337
2111.7,37943.6,93.5875,5.12624,58.5356,160.296,7.77822,5404.19,0,0,2000,626.179,131.147,2,125.918,175.869,173.869,160.296,0,0,0,51.6685,25.8699,3,-49.9508
2111.8,37946.2,93.6172,5.12233,58.6688,160.437,7.77822,5404.97,0,0,2000,626.179,131.147,2,125.918,176.03,174.03,160.437,0,0,0,51.6556,25.8708,3,-50.1117
2111.9,37948.8,93.6475,5.11844,58.802,160.832,7.77822,5405.75,0,0,2000,626.179,131.147,2,125.918,176.48,174.48,160.832,0,0,0,51.6425,25.8717,3,-50.562
2112,37951.4,93.6787,5.11458,58.9351,161.102,7.77822,5406.53,0,0,2000,626.179,131.147,2,125.918,176.787,174.787,161.102,0,0,0,51.6293,25.8727,3,-50.8692
2112.1,37954,93.7099,5.11074,59.0682,160.514,7.77822,5407.3,0,0,2000,626.179,131.147,2,125.918,176.12,174.12,160.514,0,0,0,51.6164,25.8736,3,-50.2019
2112.2,37956.6,93.7387,5.10692,59.2012,159.815,7.77822,5408.08,0,0,2000,626.179,131.147,2,125.918,175.325,173.325,159.815,0,0,0,51.6036,25.8745,3,-49.4074
2112.3,37959.2,93.7671,5.10313,59.3341,159.905,7.77822,5408.86,0,0,2000,626.179,131.147,2,125.918,175.429,173.429,159.905,0,0,0,51.5908,25.8754,3,-49.5112
2112.4,37961.8,93.7962,5.09935,59.467,160.07,7.77822,5409.64,0,0,2000,626.179,131.147,2,125.918,175.617,173.617,160.07,0,0,0,51.578,25.8763,3,-49.6991
2112.5,37964.4,93.8252,5.0956,59.5998,160.431,7.77822,5410.41,0,0,2000,626.179,131.147,2,125.918,176.028,174.028,160.431,0,0,0,51.565,25.8772,3,-50.1105
2112.6,37967,93.8556,5.09188,59.7326,161.461,7.77822,5411.19,0,0,2000,626.179,131.147,2,125.918,177.201,175.201,161.461,0,0,0,51.5518,25.8782,3,-51.2829
2112.7,37969.6,93.8887,5.08818,59.8654,162.468,7.77822,5411.97,0,0,2000,626.179,131.147,2,125.918,178.348,176.348,162.468,0,0,0,51.5382,25.8792,3,-52.4303
2112.8,37972.2,93.9231,5.0845,59.998,163.067,7.77822,5412.75,0,0,2000,626.179,131.147,2,125.918,179.032,177.032,163.067,0,0,0,51.5245,25.8803,3,-53.1139
2112.9,37974.8,93.9585,5.08085,60.1307,163.3,7.77822,5413.53,0,0,2000,626.179,131.147,2,125.918,179.298,177.298,163.3,0,0,0,51.5107,25.8813,3,-53.3803
2113,37977.4,93.9937,5.07723,60.2632,163.271,7.77822,5414.3,0,0,2000,626.179,131.147,2,125.918,179.267,177.267,163.271,0,0,0,51.4969,25.8824,3,-53.3486
2113.1,37980,94.0288,5.07362,60.3958,163.061,7.77822,5415.08,0,0,2000,626.179,131.147,2,125.918,179.028,177.028,163.061,0,0,0,51.4832,25.8835,3,-53.1102
2113.2,37982.6,94.0631,5.07005,60.5283,162.849,7.77822,5415.86,0,0,2000,626.179,131.147,2,125.918,178.788,176.788,162.849,0,0,0,51.4696,25.8845,3,-52.8704
2113.3,37985.3,94.0972,5.0665,60.6607,162.741,7.77822,5416.64,0,0,2000,626.179,131.147,2,125.918,178.666,176.666,162.741,0,0,0,51.4559,25.8855,3,-52.7482
2113.4,37987.9,94.1309,5.06297,60.7931,162.252,7.77822,5417.42,0,0,2000,626.179,131.147,2,125.918,178.11,176.11,162.252,0,0,0,51.4424,25.8866,3,-52.1923
2113.5,37990.5,94.1629,5.05947,60.9255,161.827,7.77822,5418.19,0,0,2000,626.179,131.147,2,125.918,177.626,175.626,161.827,0,0,0,51.4291,25.8875,3,-51.7081
2113.6,37993.1,94.1948,5.056,61.0578,161.336,7.77822,5418.97,0,0,2000,626.179,131.147,2,125.918,177.067,175.067,161.336,0,0,0,51.4159,25.8885,3,-51.1493
2113.7,37995.7,94.2247,5.05255,61.1901,160.517,7.77822,5419.75,0,0,2000,626.179,131.147,2,125.918,176.134,174.134,160.517,0,0,0,51.4029,25.8894,3,-50.2163
2113.8,37998.3,94.2532,5.04913,61.3223,159.688,7.77822,5420.53,0,0,2000,626.179,131.147,2,125.918,175.189,173.189,159.688,0,0,0,51.3902,25.8903,3,-49.2709
2113.9,38001,94.2798,5.04574,61.4545,159.437,7.77822,5421.3,0,0,2000,626.179,131.147,2,125.918,174.904,172.904,159.437,0,0,0,51.3775,25.8912,3,-48.9855
2114,38003.6,94.3072,5.04238,61.5866,159.649,7.77822,5422.08,0,0,2000,626.179,131.147,2,125.918,175.145,173.145,159.649,0,0,0,51.3648,25.8921,3,-49.227
2114.1,38006.2,94.3346,5.03904,61.7187,159.864,7.77822,5422.86,0,0,2000,626.179,131.147,2,125.918,175.391,173.391,159.864,0,0,0,51.352,25.893,3,-49.4726
2114.2,38008.8,94.3628,5.03573,61.8507,160.419,7.77822,5423.64,0,0,2000,626.179,131.147,2,125.918,176.024,174.024,160.419,0,0,0,51.3391,25.8939,3,-50.1062
2114.3,38011.4,94.3923,5.03245,61.9826,161.267,7.77822,5424.42,0,0,2000,626.179,131.147,2,125.918,176.992,174.992,161.267,0,0,0,51.3259,25.8949,3,-51.074
2114.4,38014.1,94.4239,5.02919,62.1146,161.917,7.77822,5425.19,0,0,2000,626.179,131.147,2,125.918,177.735,175.735,161.917,0,0,0,51.3125,25.8959,3,-51.817
2114.5,38016.7,94.4558,5.02597,62.2465,162.042,7.77822,5425.97,0,0,2000,626.179,131.147,2,125.918,177.879,175.879,162.042,0,0,0,51.299,25.8969,3,-51.9608
2114.6,38019.3,94.4878,5.02277,62.3783,162.413,7.77822,5426.75,0,0,2000,626.179,131.147,2,125.918,178.303,176.303,162.413,0,0,0,51.2855,25.8979,3,-52.3849
2114.7,38021.9,94.5211,5.0196,62.5101,162.775,7.77822,5427.53,0,0,2000,626.179,131.147,2,125.918,178.717,176.717,162.775,0,0,0,51.2719,25.8989,3,-52.7988
2114.8,38024.6,94.5543,5.01646,62.6419,162.752,7.77822,5428.3,0,0,2000,626.179,131.147,2,125.918,178.691,176.691,162.752,0,0,0,51.2582,25.9,3,-52.7729
2114.9,38027.2,94.5874,5.01335,62.7736,162.621,7.77822,5429.08,0,0,2000,626.179,131.147,2,125.918,178.542,176.542,162.621,0,0,0,51.2446,25.901,3,-52.6241
2115,38029.8,94.62,5.01027,62.9054,162.421,7.77822,5429.86,0,0,2000,626.179,131.147,2,125.918,178.315,176.315,162.421,0,0,0,51.2311,25.902,3,-52.3968
2115.1,38032.4,94.6521,5.00722,63.037,162.33,7.77822,5430.64,0,0,2000,626.179,131.147,2,125.918,178.211,176.211,162.33,0,0,0,51.2176,25.903,3,-52.293
2115.2,38035.1,94.6842,5.00419,63.1687,162.307,7.77822,5431.42,0,0,2000,626.179,131.147,2,125.918,178.186,176.186,162.307,0,0,0,51.2041,25.904,3,-52.2677
2115.3,38037.7,94.7161,5.0012,63.3003,162.285,7.77822,5432.19,0,0,2000,626.179,131.147,2,125.918,178.161,176.161,162.285,0,0,0,51.1906,25.9051,3,-52.2427
2115.4,38040.3,94.7479,4.99823,63.4318,162.18,7.77822,5432.97,0,0,2000,626.179,131.147,2,125.918,178.041,176.041,162.18,0,0,0,51.1771,25.9061,3,-52.1227
2115.5,38043,94.7793,4.9953,63.5633,161.745,7.77822,5433.75,0,0,2000,626.179,131.147,2,125.918,177.544,175.544,161.745,0,0,0,51.1638,25.907,3,-51.6257
2115.6,38045.6,94.8092,4.9924,63.6948,161.18,7.77822,5434.53,0,0,2000,626.179,131.147,2,125.918,176.898,174.898,161.18,0,0,0,51.1506,25.908,3,-50.9805
2115.7,38048.2,94.8383,4.98952,63.8263,160.945,7.77822,5435.31,0,0,2000,626.179,131.147,2,125.918,176.63,174.63,160.945,0,0,0,51.1375,25.909,3,-50.7118
2115.8,38050.9,94.8671,4.98668,63.9577,160.922,7.77822,5436.08,0,0,2000,626.179,131.147,2,125.918,176.604,174.604,160.922,0,0,0,51.1244,25.9099,3,-50.686
2115.9,38053.5,94.8959,4.98386,64.0891,160.999,7.77822,5436.86,0,0,2000,626.179,131.147,2,125.918,176.693,174.693,160.999,0,0,0,51.1113,25.9108,3,-50.7749
2116,38056.1,94.925,4.98108,64.2205,161.286,7.77822,5437.64,0,0,2000,626.179,131.147,2,125.918,177.022,175.022,161.286,0,0,0,51.0981,25.9118,3,-51.1035
2116.1,38058.8,94.9549,4.97833,64.3518,160.694,7.77822,5438.42,0,0,2000,626.179,131.147,2,125.918,176.345,174.345,160.694,0,0,0,51.0851,25.9127,3,-50.4268
2116.2,38061.4,94.9815,4.97561,64.4831,158.767,7.77822,5439.19,0,0,2000,626.179,131.147,2,125.918,174.139,172.139,158.767,0,0,0,51.0726,25.9136,3,-48.2213
2116.3,38064.1,95.0035,4.97292,64.6144,156.378,7.77822,5439.97,0,0,2000,626.179,131.147,2,125.918,171.403,169.403,156.378,0,0,0,51.0609,25.9143,3,-45.4853
2116.4,38066.7,95.0206,4.97026,64.7456,153.628,7.77822,5440.75,0,0,2000,626.179,131.147,2,125.918,168.309,166.309,153.628,0,0,0,51.0499,25.9149,3,-42.3912
2116.5,38069.3,95.0317,4.96764,64.8767,150.364,7.77822,5441.53,0,0,2000,626.179,131.147,2,125.918,164.659,162.659,150.364,0,0,0,51.0399,25.9154,3,-38.7405
2116.6,38072,95.0359,4.96504,65.0078,147.581,7.77822,5442.31,0,0,2000,626.179,131.147,2,125.918,161.546,159.546,147.581,0,0,0,51.0307,25.9158,3,-35.6278
2116.7,38074.6,95.0361,4.96248,65.1389,145.706,7.77822,5443.08,0,0,2000,626.179,131.147,2,125.918,159.448,157.448,145.706,0,0,0,51.022,25.9162,3,-33.5299
2116.8,38077.2,95.0329,4.95995,65.2698,144.198,7.77822,5443.86,0,0,2000,626.179,131.147,2,125.918,157.78,155.78,144.198,0,0,0,51.0138,25.9165,3,-31.862
2116.9,38079.9,95.0274,4.95745,65.4007,143.284,7.77822,5444.64,0,0,2000,626.179,131.147,2,125.918,156.771,154.771,143.284,0,0,0,51.0058,25.9168,3,-30.8535
2117,38082.5,95.0208,4.95498,65.5316,142.963,7.77822,5445.42,0,0,2000,626.179,131.147,2,125.918,156.417,154.417,142.963,0,0,0,50.9979,25.917,3,-30.4993
2117.1,38085.2,95.0142,4.95255,65.6623,142.84,7.77822,5446.19,0,0,2000,626.179,131.147,2,125.918,156.282,154.282,142.84,0,0,0,50.9901,25.9173,3,-30.3645
2117.2,38087.8,95.0074,4.95015,65.793,142.875,7.77822,5446.97,0,0,2000,626.179,131.147,2,125.918,156.321,154.321,142.875,0,0,0,50.9822,25.9176,3,-30.4027
2117.3,38090.4,95.0011,4.94778,65.9236,143.115,7.77822,5447.75,0,0,2000,626.179,131.147,2,125.918,156.585,154.585,143.115,0,0,0,50.9743,25.9179,3,-30.6671
2117.4,38093.1,94.9955,4.94545,66.0541,143.716,7.77822,5448.53,0,0,2000,626.179,131.147,2,125.918,157.248,155.248,143.716,0,0,0,50.9662,25.9181,3,-31.3301
2117.5,38095.7,94.9919,4.94314,66.1846,144.972,7.77822,5449.31,0,0,2000,626.179,131.147,2,125.918,158.633,156.633,144.972,0,0,0,50.9578,25.9185,3,-32.7149
2117.6,38098.4,94.9914,4.94087,66.315,146.491,7.77822,5450.08,0,0,2000,626.179,131.147,2,125.918,160.326,158.326,146.491,0,0,0,50.9489,25.9188,3,-34.4082
2117.7,38101,94.994,4.93864,66.4453,147.615,7.77822,5450.86,0,0,2000,626.179,131.147,2,125.918,161.584,159.584,147.615,0,0,0,50.9397,25.9192,3,-35.6658
2117.8,38103.6,94.9981,4.93643,66.5756,148.176,7.77822,5451.64,0,0,2000,626.179,131.147,2,125.918,162.211,160.211,148.176,0,0,0,50.9303,25.9197,3,-36.2926
2117.9,38106.3,95.003,4.93426,66.7059,148.038,7.77822,5452.42,0,0,2000,626.179,131.147,2,125.918,162.057,160.057,148.038,0,0,0,50.9209,25.9201,3,-36.1392
2118,38108.9,95.0067,4.93212,66.836,147.7,7.77822,5453.19,0,0,2000,626.179,131.147,2,125.918,161.679,159.679,147.7,0,0,0,50.9117,25.9205,3,-35.7609
2118.1,38111.6,95.0103,4.93001,66.9662,147.826,7.77822,5453.97,0,0,2000,626.179,131.147,2,125.918,161.819,159.819,147.826,0,0,0,50.9024,25.9209,3,-35.9014
2118.2,38114.2,95.0147,4.92794,67.0963,148.554,7.77822,5454.75,0,0,2000,626.179,131.147,2,125.918,162.634,160.634,148.554,0,0,0,50.8929,25.9214,3,-36.7161
2118.3,38116.8,95.0213,4.92589,67.2263,149.906,7.77822,5455.53,0,0,2000,626.179,131.147,2,125.918,164.146,162.146,149.906,0,0,0,50.8831,25.9218,3,-38.2278
2118.4,38119.5,95.0311,4.92388,67.3563,151.457,7.77822,5456.31,0,0,2000,626.179,131.147,2,125.918,165.88,163.88,151.457,0,0,0,50.8727,25.9224,3,-39.9623
2118.5,38122.1,95.0439,4.9219,67.4863,152.543,7.77822,5457.08,0,0,2000,626.179,131.147,2,125.918,167.096,165.096,152.543,0,0,0,50.8621,25.923,3,-41.1777
2118.6,38124.8,95.058,4.91996,67.6162,153.136,7.77822,5457.86,0,0,2000,626.179,131.147,2,125.918,167.759,165.759,153.136,0,0,0,50.8513,25.9236,3,-41.8409
2118.7,38127.4,95.0731,4.91804,67.7461,153.553,7.77822,5458.64,0,0,2000,626.179,131.147,2,125.918,168.226,166.226,153.553,0,0,0,50.8404,25.9242,3,-42.3081
2118.8,38130,95.0888,4.91616,67.876,153.354,7.77822,5459.42,0,0,2000,626.179,131.147,2,125.918,168.003,166.003,153.354,0,0,0,50.8295,25.9248,3,-42.0853
2118.9,38132.7,95.1032,4.91431,68.0058,152.805,7.77822,5460.2,0,0,2000,626.179,131.147,2,125.918,167.389,165.389,152.805,0,0,0,50.8188,25.9254,3,-41.4711
2119,38135.3,95.1167,4.9125,68.1356,152.163,7.77822,5460.97,0,0,2000,626.179,131.147,2,125.918,166.672,164.672,152.163,0,0,0,50.8082,25.9259,3,-40.7535
2119.1,38138,95.1285,4.91071,68.2654,151.36,7.77822,5461.75,0,0,2000,626.179,131.147,2,125.918,165.773,163.773,151.36,0,0,0,50.7979,25.9265,3,-39.8553
2119.2,38140.6,95.1388,4.90896,68.3951,150.722,7.77822,5462.53,0,0,2000,626.179,131.147,2,125.918,165.06,163.06,150.722,0,0,0,50.7878,25.927,3,-39.1418
2119.3,38143.2,95.1481,4.90724,68.5249,150.577,7.77822,5463.31,0,0,2000,626.179,131.147,2,125.918,164.897,162.897,150.577,0,0,0,50.7778,25.9275,3,-38.979
2119.4,38145.9,95.1578,4.90555,68.6545,150.792,7.77822,5464.08,0,0,2000,626.179,131.147,2,125.918,165.138,163.138,150.792,0,0,0,50.7676,25.928,3,-39.2197
2119.5,38148.5,95.168,4.90389,68.7842,151.366,7.77822,5464.86,0,0,2000,626.179,131.147,2,125.918,165.78,163.78,151.366,0,0,0,50.7573,25.9285,3,-39.862
2119.6,38151.2,95.18,4.90226,68.9138,152.03,7.77822,5465.64,0,0,2000,626.179,131.147,2,125.918,166.524,164.524,152.03,0,0,0,50.7468,25.9291,3,-40.6059
2119.7,38153.8,95.1928,4.90067,69.0434,151.953,7.77822,5466.42,0,0,2000,626.179,131.147,2,125.918,166.438,164.438,151.953,0,0,0,50.7364,25.9297,3,-40.5198
2119.8,38156.5,95.2045,4.89911,69.173,151.426,7.77822,5467.2,0,0,2000,626.179,131.147,2,125.918,165.847,163.847,151.426,0,0,0,50.7261,25.9302,3,-39.9294
2119.9,38159.1,95.2151,4.89758,69.3025,150.762,7.77822,5467.97,0,0,2000,626.179,131.147,2,125.918,165.105,163.105,150.762,0,0,0,50.7159,25.9307,3,-39.1867
2120,38161.8,95.2242,4.89608,69.432,149.536,7.77822,5468.75,0,0,2000,626.179,131.147,2,125.918,163.733,161.733,149.536,0,0,0,50.7062,25.9312,3,-37.8148
2120.1,38164.4,95.23,4.89461,69.5615,147.76,7.77822,5469.53,0,0,2000,626.179,131.147,2,125.918,161.745,159.745,147.76,0,0,0,50.6969,25.9316,3,-35.8274
2120.2,38167,95.2321,4.89318,69.691,146.292,7.77822,5470.31,0,0,2000,626.179,131.147,2,125.918,160.102,158.102,146.292,0,0,0,50.6881,25.932,3,-34.1837
2120.3,38169.7,95.2322,4.89177,69.8204,145.423,7.77822,5471.08,0,0,2000,626.179,131.147,2,125.918,159.133,157.133,145.423,0,0,0,50.6795,25.9323,3,-33.2151
2120.4,38172.3,95.2309,4.8904,69.9498,144.937,7.77822,5471.86,0,0,2000,626.179,131.147,2,125.918,158.597,156.597,144.937,0,0,0,50.671,25.9326,3,-32.6788
2120.5,38175,95.2291,4.88906,70.0792,145.533,7.77822,5472.64,0,0,2000,626.179,131.147,2,125.918,159.255,157.255,145.533,0,0,0,50.6624,25.933,3,-33.3366
2120.6,38177.6,95.2303,4.88775,70.2085,147.068,7.77822,5473.42,0,0,2000,626.179,131.147,2,125.918,160.971,158.971,147.068,0,0,0,50.6534,25.9334,3,-35.0526
2120.7,38180.3,95.2347,4.88647,70.3377,148.291,7.77822,5474.2,0,0,2000,626.179,131.147,2,125.918,162.339,160.339,148.291,0,0,0,50.644,25.9338,3,-36.4212
2120.8,38182.9,95.2408,4.88522,70.467,148.399,7.77822,5474.97,0,0,2000,626.179,131.147,2,125.918,162.46,160.46,148.399,0,0,0,50.6345,25.9342,3,-36.5423
2120.9,38185.6,95.2457,4.88401,70.5962,147.441,7.77822,5475.75,0,0,2000,626.179,131.147,2,125.918,161.388,159.388,147.441,0,0,0,50.6254,25.9346,3,-35.4699
2121,38188.2,95.248,4.88282,70.7254,144.954,7.77822,5476.53,0,0,2000,626.179,131.147,2,125.918,158.616,156.616,144.954,0,0,0,50.6169,25.9349,3,-32.6978
2121.1,38190.9,95.243,4.88166,70.8546,141.922,7.77822,5477.31,0,0,2000,626.179,131.147,2,125.918,155.271,153.271,141.922,0,0,0,50.6093,25.9352,3,-29.3531
2121.2,38193.5,95.2335,4.88054,70.9837,139.998,7.77822,5478.09,0,0,2000,626.179,131.147,2,125.918,153.149,151.149,139.998,0,0,0,50.6023,25.9354,3,-27.2309
2121.3,38196.1,95.2211,4.87944,71.1128,139.39,7.77822,5478.86,0,0,2000,626.179,131.147,2,125.918,152.478,150.478,139.39,0,0,0,50.5954,25.9355,3,-26.5597
2121.4,38198.8,95.2093,4.87838,71.2419,139.909,7.77822,5479.64,0,0,2000,626.179,131.147,2,125.918,153.05,151.05,139.909,0,0,0,50.5884,25.9357,3,-27.1323
2121.5,38201.4,95.1991,4.87734,71.3709,141.569,7.77822,5480.42,0,0,2000,626.179,131.147,2,125.918,154.881,152.881,141.569,0,0,0,50.5809,25.936,3,-28.9634
2121.6,38204.1,95.1941,4.87634,71.4998,143.975,7.77822,5481.2,0,0,2000,626.179,131.147,2,125.918,157.535,155.535,143.975,0,0,0,50.5728,25.9363,3,-31.6168
2121.7,38206.7,95.1936,4.87536,71.6287,146.263,7.77822,5481.97,0,0,2000,626.179,131.147,2,125.918,160.07,158.07,146.263,0,0,0,50.5639,25.9366,3,-34.1523
2121.8,38209.4,95.1977,4.87441,71.7577,147.59,7.77822,5482.75,0,0,2000,626.179,131.147,2,125.918,161.555,159.555,147.59,0,0,0,50.5547,25.937,3,-35.6369
2121.9,38212,95.2025,4.8735,71.8865,148.01,7.77822,5483.53,0,0,2000,626.179,131.147,2,125.918,162.025,160.025,148.01,0,0,0,50.5454,25.9374,3,-36.1067
2122,38214.7,95.2083,4.87261,72.0154,148.502,7.77822,5484.31,0,0,2000,626.179,131.147,2,125.918,162.575,160.575,148.502,0,0,0,50.5359,25.9379,3,-36.6574
2122.1,38217.3,95.215,4.87175,72.1443,148.795,7.77822,5485.09,0,0,2000,626.179,131.147,2,125.918,162.903,160.903,148.795,0,0,0,50.5264,25.9383,3,-36.9853
2122.2,38219.9,95.222,4.87092,72.2731,148.176,7.77822,5485.86,0,0,2000,626.179,131.147,2,125.918,162.21,160.21,148.176,0,0,0,50.517,25.9387,3,-36.2924
2122.3,38222.6,95.2262,4.87012,72.402,148.051,7.77822,5486.64,0,0,2000,626.179,131.147,2,125.918,162.071,160.071,148.051,0,0,0,50.5077,25.9392,3,-36.1527
2122.4,38225.2,95.2327,4.86934,72.5308,149.095,7.77822,5487.42,0,0,2000,626.179,131.147,2,125.918,163.24,161.24,149.095,0,0,0,50.498,25.9396,3,-37.3216
2122.5,38227.9,95.2411,4.8686,72.6596,150.416,7.77822,5488.2,0,0,2000,626.179,131.147,2,125.918,164.718,162.718,150.416,0,0,0,50.488,25.9401,3,-38.7998
2122.6,38230.5,95.2528,4.86788,72.7884,151.76,7.77822,5488.97,0,0,2000,626.179,131.147,2,125.918,166.222,164.222,151.76,0,0,0,50.4776,25.9407,3,-40.3043
2122.7,38233.2,95.2664,4.86719,72.9172,153.181,7.77822,5489.75,0,0,2000,626.179,131.147,2,125.918,167.813,165.813,153.181,0,0,0,50.4668,25.9413,3,-41.8946
2122.8,38235.8,95.2836,4.86653,73.046,154.242,7.77822,5490.53,0,0,2000,626.179,131.147,2,125.918,169,167,154.242,0,0,0,50.4556,25.9419,3,-43.0823
2122.9,38238.5,95.3013,4.86589,73.1748,154.375,7.77822,5491.31,0,0,2000,626.179,131.147,2,125.918,169.15,167.15,154.375,0,0,0,50.4445,25.9426,3,-43.2324
2123,38241.1,95.3189,4.86528,73.3036,153.54,7.77822,5492.09,0,0,2000,626.179,131.147,2,125.918,168.216,166.216,153.54,0,0,0,50.4335,25.9432,3,-42.2978
2123.1,38243.8,95.3332,4.8647,73.4324,151.921,7.77822,5492.86,0,0,2000,626.179,131.147,2,125.918,166.403,164.403,151.921,0,0,0,50.4231,25.9437,3,-40.4855
2123.2,38246.4,95.3443,4.86414,73.5613,150.719,7.77822,5493.64,0,0,2000,626.179,131.147,2,125.918,165.057,163.057,150.719,0,0,0,50.4129,25.9443,3,-39.139
2123.3,38249.1,95.3537,4.86361,73.6901,149.911,7.77822,5494.42,0,0,2000,626.179,131.147,2,125.918,164.153,162.153,149.911,0,0,0,50.4031,25.9447,3,-38.2349
2123.4,38251.7,95.3615,4.86311,73.8189,149.071,7.77822,5495.2,0,0,2000,626.179,131.147,2,125.918,163.212,161.212,149.071,0,0,0,50.3934,25.9452,3,-37.2939
2123.5,38254.4,95.3676,4.86264,73.9477,148.31,7.77822,5495.98,0,0,2000,626.179,131.147,2,125.918,162.36,160.36,148.31,0,0,0,50.384,25.9456,3,-36.442
2123.6,38257,95.3724,4.86218,74.0765,147.522,7.77822,5496.75,0,0,2000,626.179,131.147,2,125.918,161.478,159.478,147.522,0,0,0,50.3748,25.946,3,-35.56
2123.7,38259.7,95.3753,4.86176,74.2053,146.025,7.77822,5497.53,0,0,2000,626.179,131.147,2,125.918,159.802,157.802,146.025,0,0,0,50.3661,25.9464,3,-33.8841
2123.8,38262.3,95.3742,4.86136,74.3341,144.424,7.77822,5498.31,0,0,2000,626.179,131.147,2,125.918,158.032,156.032,144.424,0,0,0,50.3578,25.9467,3,-32.1141
2123.9,38265,95.3708,4.86098,74.4629,143.253,7.77822,5499.09,0,0,2000,626.179,131.147,2,125.918,156.74,154.74,143.253,0,0,0,50.3498,25.947,3,-30.8219
2124,38267.6,95.3651,4.86063,74.5917,142.516,7.77822,5499.86,0,0,2000,626.179,131.147,2,125.918,155.928,153.928,142.516,0,0,0,50.3421,25.9472,3,-30.0095
2124.1,38270.3,95.3588,4.86031,74.7204,142.865,7.77822,5500.64,0,0,2000,626.179,131.147,2,125.918,156.313,154.313,142.865,0,0,0,50.3342,25.9475,3,-30.3946
2124.2,38272.9,95.3546,4.86001,74.8492,144.282,7.77822,5501.42,0,0,2000,626.179,131.147,2,125.918,157.876,155.876,144.282,0,0,0,50.326,25.9478,3,-31.9579
2124.3,38275.6,95.354,4.85973,74.9779,145.776,7.77822,5502.2,0,0,2000,626.179,131.147,2,125.918,159.524,157.524,145.776,0,0,0,50.3173,25.9481,3,-33.6061
2124.4,38278.2,95.3557,4.85948,75.1066,147.624,7.77822,5502.98,0,0,2000,626.179,131.147,2,125.918,161.592,159.592,147.624,0,0,0,50.3081,25.9485,3,-35.6742
2124.5,38280.9,95.3625,4.85925,75.2353,149.372,7.77822,5503.75,0,0,2000,626.179,131.147,2,125.918,163.55,161.55,149.372,0,0,0,50.2983,25.949,3,-37.6316
2124.6,38283.5,95.3711,4.85904,75.3641,149.883,7.77822,5504.53,0,0,2000,626.179,131.147,2,125.918,164.122,162.122,149.883,0,0,0,50.2885,25.9495,3,-38.2037
2124.7,38286.1,95.3798,4.85886,75.4928,149.522,7.77822,5505.31,0,0,2000,626.179,131.147,2,125.918,163.717,161.717,149.522,0,0,0,50.2787,25.9499,3,-37.7992
2124.8,38288.8,95.3868,4.8587,75.6215,148.336,7.77822,5506.09,0,0,2000,626.179,131.147,2,125.918,162.389,160.389,148.336,0,0,0,50.2693,25.9504,3,-36.4709
2124.9,38291.4,95.3908,4.85856,75.7503,146.376,7.77822,5506.86,0,0,2000,626.179,131.147,2,125.918,160.195,158.195,146.376,0,0,0,50.2604,25.9507,3,-34.2769
2125,38294.1,95.3901,4.85844,75.879,144.849,7.77822,5507.64,0,0,2000,626.179,131.147,2,125.918,158.501,156.501,144.849,0,0,0,50.252,25.951,3,-32.5833
2125.1,38296.7,95.388,4.85835,76.0077,144.341,7.77822,5508.42,0,0,2000,626.179,131.147,2,125.918,157.941,155.941,144.341,0,0,0,50.2437,25.9514,3,-32.0225
2125.2,38299.4,95.3853,4.85827,76.1365,144.284,7.77822,5509.2,0,0,2000,626.179,131.147,2,125.918,157.878,155.878,144.284,0,0,0,50.2355,25.9517,3,-31.9598
2125.3,38302,95.383,4.85822,76.2652,144.815,7.77822,5509.98,0,0,2000,626.179,131.147,2,125.918,158.464,156.464,144.815,0,0,0,50.2271,25.952,3,-32.5457
2125.4,38304.7,95.3824,4.85819,76.3939,145.617,7.77822,5510.75,0,0,2000,626.179,131.147,2,125.918,159.349,157.349,145.617,0,0,0,50.2184,25.9523,3,-33.4313
2125.5,38307.3,95.3833,4.85818,76.5226,145.663,7.77822,5511.53,0,0,2000,626.179,131.147,2,125.918,159.4,157.4,145.663,0,0,0,50.2098,25.9527,3,-33.4817
2125.6,38310,95.3829,4.85819,76.6513,144.976,7.77822,5512.31,0,0,2000,626.179,131.147,2,125.918,158.641,156.641,144.976,0,0,0,50.2013,25.953,3,-32.7235
2125.7,38312.6,95.3811,4.85822,76.7801,144.508,7.77822,5513.09,0,0,2000,626.179,131.147,2,125.918,158.125,156.125,144.508,0,0,0,50.193,25.9533,3,-32.2071
2125.8,38315.3,95.3789,4.85827,76.9088,144.127,7.77822,5513.87,0,0,2000,626.179,131.147,2,125.918,157.705,155.705,144.127,0,0,0,50.1848,25.9536,3,-31.7866
2125.9,38317.9,95.3756,4.85834,77.0375,143.408,7.77822,5514.64,0,0,2000,626.179,131.147,2,125.918,156.912,154.912,143.408,0,0,0,50.1768,25.9539,3,-30.9935
2126,38320.6,95.3705,4.85843,77.1662,143.327,7.77822,5515.42,0,0,2000,626.179,131.147,2,125.918,156.822,154.822,143.327,0,0,0,50.1688,25.9541,3,-30.9038
2126.1,38323.2,95.367,4.85853,77.2949,143.895,7.77822,5516.2,0,0,2000,626.179,131.147,2,125.918,157.449,155.449,143.895,0,0,0,50.1606,25.9544,3,-31.5311
2126.2,38325.9,95.3642,4.85866,77.4236,143.672,7.77822,5516.98,0,0,2000,626.179,131.147,2,125.918,157.203,155.203,143.672,0,0,0,50.1526,25.9547,3,-31.285
2126.3,38328.5,95.3597,4.8588,77.5523,143.344,7.77822,5517.75,0,0,2000,626.179,131.147,2,125.918,156.84,154.84,143.344,0,0,0,50.1446,25.955,3,-30.9224
2126.4,38331.2,95.3557,4.85896,77.681,143.776,7.77822,5518.53,0,0,2000,626.179,131.147,2,125.918,157.317,155.317,143.776,0,0,0,50.1365,25.9553,3,-31.3988
2126.5,38333.8,95.353,4.85914,77.8097,143.825,7.77822,5519.31,0,0,2000,626.179,131.147,2,125.918,157.372,155.372,143.825,0,0,0,50.1283,25.9556,3,-31.4536
2126.6,38336.5,95.3492,4.85934,77.9384,143.374,7.77822,5520.09,0,0,2000,626.179,131.147,2,125.918,156.873,154.873,143.374,0,0,0,50.1203,25.9559,3,-30.9552
2126.7,38339.1,95.3447,4.85955,78.0671,143.185,7.77822,5520.87,0,0,2000,626.179,131.147,2,125.918,156.665,154.665,143.185,0,0,0,50.1124,25.9561,3,-30.7468
2126.8,38341.8,95.3401,4.85978,78.1958,142.847,7.77822,5521.64,0,0,2000,626.179,131.147,2,125.918,156.292,154.292,142.847,0,0,0,50.1045,25.9564,3,-30.3738
2126.9,38344.4,95.3344,4.86003,78.3245,142.305,7.77822,5522.42,0,0,2000,626.179,131.147,2,125.918,155.694,153.694,142.305,0,0,0,50.0968,25.9566,3,-29.776
2127,38347.1,95.3277,4.86029,78.4532,142.212,7.77822,5523.2,0,0,2000,626.179,131.147,2,125.918,155.591,153.591,142.212,0,0,0,50.0892,25.9569,3,-29.6731
2127.1,38349.7,95.3216,4.86056,78.5819,142.931,7.77822,5523.98,0,0,2000,626.179,131.147,2,125.918,156.384,154.384,142.931,0,0,0,50.0813,25.9571,3,-30.4662
2127.2,38352.4,95.3178,4.86085,78.7106,143.669,7.77822,5524.75,0,0,2000,626.179,131.147,2,125.918,157.199,155.199,143.669,0,0,0,50.0732,25.9574,3,-31.2813
2127.3,38355,95.3147,4.86116,78.8393,144.018,7.77822,5525.53,0,0,2000,626.179,131.147,2,125.918,157.584,155.584,144.018,0,0,0,50.065,25.9577,3,-31.6657
2127.4,38357.7,95.3123,4.86148,78.968,143.96,7.77822,5526.31,0,0,2000,626.179,131.147,2,125.918,157.52,155.52,143.96,0,0,0,50.0569,25.958,3,-31.6018
2127.5,38360.3,95.3089,4.86182,79.0968,143.407,7.77822,5527.09,0,0,2000,626.179,131.147,2,125.918,156.91,154.91,143.407,0,0,0,50.0489,25.9583,3,-30.9923
2127.6,38363,95.3044,4.86216,79.2255,142.195,7.77822,5527.87,0,0,2000,626.179,131.147,2,125.918,155.572,153.572,142.195,0,0,0,50.0412,25.9585,3,-29.6544
2127.7,38365.6,95.2962,4.86253,79.3542,141.377,7.77822,5528.64,0,0,2000,626.179,131.147,2,125.918,154.67,152.67,141.377,0,0,0,50.0338,25.9588,3,-28.7516
2127.8,38368.3,95.2885,4.8629,79.4829,141.439,7.77822,5529.42,0,0,2000,626.179,131.147,2,125.918,154.738,152.738,141.439,0,0,0,50.0263,25.959,3,-28.8204
2127.9,38370.9,95.2806,4.86329,79.6116,141.888,7.77822,5530.2,0,0,2000,626.179,131.147,2,125.918,155.234,153.234,141.888,0,0,0,50.0188,25.9592,3,-29.3163
2128,38373.6,95.2747,4.86369,79.7403,143.259,7.77822,5530.98,0,0,2000,626.179,131.147,2,125.918,156.746,154.746,143.259,0,0,0,50.0108,25.9595,3,-30.8282
2128.1,38376.2,95.2723,4.8641,79.8691,145.075,7.77822,5531.76,0,0,2000,626.179,131.147,2,125.918,158.749,156.749,145.075,0,0,0,50.0023,25.9598,3,-32.8313
2128.2,38378.8,95.2736,4.86452,79.9978,146.837,7.77822,5532.53,0,0,2000,626.179,131.147,2,125.918,160.712,158.712,146.837,0,0,0,49.9933,25.9602,3,-34.7943
2128.3,38381.5,95.2781,4.86496,80.1265,149.14,7.77822,5533.31,0,0,2000,626.179,131.147,2,125.918,163.29,161.29,149.14,0,0,0,49.9837,25.9607,3,-37.372
2128.4,38384.1,95.2884,4.8654,80.2553,152.136,7.77822,5534.09,0,0,2000,626.179,131.147,2,125.918,166.644,164.644,152.136,0,0,0,49.9731,25.9612,3,-40.7256
2128.5,38386.8,95.3047,4.86586,80.3841,154.69,7.77822,5534.87,0,0,2000,626.179,131.147,2,125.918,169.503,167.503,154.69,0,0,0,49.9619,25.9619,3,-43.5851
2128.6,38389.4,95.325,4.86633,80.513,156.916,7.77822,5535.64,0,0,2000,626.179,131.147,2,125.918,172.016,170.016,156.916,0,0,0,49.95,25.9626,3,-46.0976
2128.7,38392.1,95.3498,4.8668,80.6418,159.012,7.77822,5536.42,0,0,2000,626.179,131.147,2,125.918,174.422,172.422,159.012,0,0,0,49.9374,25.9635,3,-48.5035
2128.8,38394.7,95.3781,4.86729,80.7708,160.346,7.77822,5537.2,0,0,2000,626.179,131.147,2,125.918,175.954,173.954,160.346,0,0,0,49.9245,25.9644,3,-50.0356
2128.9,38397.4,95.4079,4.86778,80.8997,160.892,7.77822,5537.98,0,0,2000,626.179,131.147,2,125.918,176.58,174.58,160.892,0,0,0,49.9114,25.9653,3,-50.6625
2129,38400,95.438,4.86828,81.0288,161.012,7.77822,5538.76,0,0,2000,626.179,131.147,2,125.918,176.719,174.719,161.012,0,0,0,49.8983,25.9663,3,-50.8008
2129.1,38402.7,95.4679,4.8688,81.1579,161.047,7.77822,5539.53,0,0,2000,626.179,131.147,2,125.918,176.759,174.759,161.047,0,0,0,49.8852,25.9672,3,-50.8413
2129.2,38405.3,95.4978,4.86932,81.287,161.082,7.77822,5540.31,0,0,2000,626.179,131.147,2,125.918,176.8,174.8,161.082,0,0,0,49.872,25.9682,3,-50.8817
2129.3,38408,95.5275,4.86984,81.4162,161.117,7.77822,5541.09,0,0,2000,626.179,131.147,2,125.918,176.84,174.84,161.117,0,0,0,49.8589,25.9691,3,-50.9223
2129.4,38410.6,95.5572,4.87038,81.5454,161.152,7.77822,5541.87,0,0,2000,626.179,131.147,2,125.918,176.881,174.881,161.152,0,0,0,49.8457,25.9701,3,-50.9628
2129.5,38413.3,95.5867,4.87092,81.6748,161.187,7.77822,5542.64,0,0,2000,626.179,131.147,2,125.918,176.921,174.921,161.187,0,0,0,49.8325,25.971,3,-51.0034
2129.6,38416,95.6161,4.87147,81.8041,161.222,7.77822,5543.42,0,0,2000,626.179,131.147,2,125.918,176.962,174.962,161.222,0,0,0,49.8193,25.972,3,-51.044
2129.7,38418.6,95.6454,4.87203,81.9335,161.257,7.77822,5544.2,0,0,2000,626.179,131.147,2,125.918,177.003,175.003,161.257,0,0,0,49.8061,25.973,3,-51.0847
2129.8,38421.3,95.6746,4.87259,82.063,161.292,7.77822,5544.98,0,0,2000,626.179,131.147,2,125.918,177.043,175.043,161.292,0,0,0,49.7929,25.9739,3,-51.1253
2129.9,38423.9,95.7038,4.87315,82.1925,161.327,7.77822,5545.76,0,0,2000,626.179,131.147,2,125.918,177.084,175.084,161.327,0,0,0,49.7797,25.9749,3,-51.166
2130,38426.6,95.7328,4.87372,82.3221,161.362,7.77822,5546.53,0,0,2000,626.179,131.147,2,125.918,177.125,175.125,161.362,0,0,0,49.7665,25.9758,3,-51.2066
2130.1,38429.2,95.7617,4.8743,82.4517,161.397,7.77822,5547.31,0,0,2000,626.179,131.147,2,125.918,177.165,175.165,161.397,0,0,0,49.7532,25.9768,3,-51.2472
2130.2,38431.9,95.7905,4.87488,82.5814,161.433,7.77822,5548.09,0,0,2000,626.179,131.147,2,125.918,177.206,175.206,161.433,0,0,0,49.74,25.9778,3,-51.2878
2130.3,38434.6,95.8192,4.87547,82.7112,161.468,7.77822,5548.87,0,0,2000,626.179,131.147,2,125.918,177.246,175.246,161.468,0,0,0,49.7267,25.9787,3,-51.3284
2130.4,38437.2,95.8478,4.87605,82.8409,161.503,7.77822,5549.64,0,0,2000,626.179,131.147,2,125.918,177.287,175.287,161.503,0,0,0,49.7134,25.9797,3,-51.369
2130.5,38439.9,95.8763,4.87665,82.9708,161.538,7.77822,5550.42,0,0,2000,626.179,131.147,2,125.918,177.327,175.327,161.538,0,0,0,49.7002,25.9807,3,-51.4095
2130.6,38442.6,95.9047,4.87724,83.1007,161.573,7.77822,5551.2,0,0,2000,626.179,131.147,2,125.918,177.368,175.368,161.573,0,0,0,49.6869,25.9817,3,-51.45
2130.7,38445.2,95.933,4.87784,83.2307,161.608,7.77822,5551.98,0,0,2000,626.179,131.147,2,125.918,177.408,175.408,161.608,0,0,0,49.6736,25.9826,3,-51.4904
2130.8,38447.9,95.9612,4.87843,83.3607,161.643,7.77822,5552.76,0,0,2000,626.179,131.147,2,125.918,177.449,175.449,161.643,0,0,0,49.6602,25.9836,3,-51.5308
2130.9,38450.5,95.9893,4.87903,83.4907,161.677,7.77822,5553.53,0,0,2000,626.179,131.147,2,125.918,177.489,175.489,161.677,0,0,0,49.6469,25.9846,3,-51.571
2131,38453.2,96.0173,4.87963,83.6209,161.633,7.77822,5554.31,0,0,2000,626.179,131.147,2,125.918,177.438,175.438,161.633,0,0,0,49.6336,25.9856,3,-51.5199
2131.1,38455.9,96.0448,4.88024,83.751,161.166,7.77822,5555.09,0,0,2000,626.179,131.147,2,125.918,176.9,174.9,161.166,0,0,0,49.6204,25.9865,3,-50.9817
2131.2,38458.6,96.0707,4.88084,83.8813,160.252,7.77822,5555.87,0,0,2000,626.179,131.147,2,125.918,175.845,173.845,160.252,0,0,0,49.6075,25.9874,3,-49.9275
2131.3,38461.2,96.0943,4.88144,84.0115,159.235,7.77822,5556.65,0,0,2000,626.179,131.147,2,125.918,174.671,172.671,159.235,0,0,0,49.5949,25.9883,3,-48.753
2131.4,38463.9,96.1159,4.88204,84.1419,158.049,7.77822,5557.42,0,0,2000,626.179,131.147,2,125.918,173.302,171.302,158.049,0,0,0,49.5827,25.9891,3,-47.3843
2131.5,38466.6,96.1346,4.88265,84.2722,156.594,7.77822,5558.2,0,0,2000,626.179,131.147,2,125.918,171.651,169.651,156.594,0,0,0,49.5709,25.9898,3,-45.7335
2131.6,38469.2,96.1502,4.88325,84.4026,155.277,7.77822,5558.98,0,0,2000,626.179,131.147,2,125.918,170.174,168.174,155.277,0,0,0,49.5594,25.9905,3,-44.2564
2131.7,38471.9,96.1636,4.88384,84.5331,154.354,7.77822,5559.76,0,0,2000,626.179,131.147,2,125.918,169.138,167.138,154.354,0,0,0,49.5483,25.9912,3,-43.2197
2131.8,38474.6,96.1754,4.88444,84.6635,153.685,7.77822,5560.53,0,0,2000,626.179,131.147,2,125.918,168.387,166.387,153.685,0,0,0,49.5373,25.9918,3,-42.4694
2131.9,38477.2,96.186,4.88503,84.794,153.126,7.77822,5561.31,0,0,2000,626.179,131.147,2,125.918,167.76,165.76,153.126,0,0,0,49.5265,25.9924,3,-41.8416
2132,38479.9,96.1954,4.88563,84.9246,152.701,7.77822,5562.09,0,0,2000,626.179,131.147,2,125.918,167.282,165.282,152.701,0,0,0,49.5158,25.9929,3,-41.3643
2132.1,38482.6,96.2042,4.88621,85.0551,152.41,7.77822,5562.87,0,0,2000,626.179,131.147,2,125.918,166.956,164.956,152.41,0,0,0,49.5052,25.9935,3,-41.0381
2132.2,38485.3,96.2124,4.8868,85.1857,152.616,7.77822,5563.65,0,0,2000,626.179,131.147,2,125.918,167.187,165.187,152.616,0,0,0,49.4945,25.9941,3,-41.2689
2132.3,38487.9,96.2219,4.88738,85.3163,152.961,7.77822,5564.42,0,0,2000,626.179,131.147,2,125.918,167.574,165.574,152.961,0,0,0,49.4838,25.9947,3,-41.6563
2132.4,38490.6,96.2313,4.88795,85.447,152.868,7.77822,5565.2,0,0,2000,626.179,131.147,2,125.918,167.47,165.47,152.868,0,0,0,49.473,25.9953,3,-41.5523
2132.5,38493.3,96.2403,4.88852,85.5777,152.675,7.77822,5565.98,0,0,2000,626.179,131.147,2,125.918,167.253,165.253,152.675,0,0,0,49.4624,25.9959,3,-41.3353
2132.6,38496,96.2488,4.88909,85.7084,151.929,7.77822,5566.76,0,0,2000,626.179,131.147,2,125.918,166.417,164.417,151.929,0,0,0,49.4519,25.9964,3,-40.4986
2132.7,38498.6,96.2547,4.88965,85.8391,150.299,7.77822,5567.53,0,0,2000,626.179,131.147,2,125.918,164.586,162.586,150.299,0,0,0,49.4419,25.9969,3,-38.6683
2132.8,38501.3,96.2567,4.89021,85.9698,148.683,7.77822,5568.31,0,0,2000,626.179,131.147,2,125.918,162.771,160.771,148.683,0,0,0,49.4324,25.9973,3,-36.8531
2132.9,38504,96.2562,4.89075,86.1006,147.655,7.77822,5569.09,0,0,2000,626.179,131.147,2,125.918,161.617,159.617,147.655,0,0,0,49.4232,25.9977,3,-35.6987
2133,38506.6,96.2542,4.89129,86.2314,146.959,7.77822,5569.87,0,0,2000,626.179,131.147,2,125.918,160.84,158.84,146.959,0,0,0,49.4141,25.9981,3,-34.9218
2133.1,38509.3,96.251,4.89183,86.3622,147.347,7.77822,5570.65,0,0,2000,626.179,131.147,2,125.918,161.272,159.272,147.347,0,0,0,49.405,25.9985,3,-35.3539
2133.2,38512,96.2504,4.89235,86.493,148.63,7.77822,5571.42,0,0,2000,626.179,131.147,2,125.918,162.712,160.712,148.63,0,0,0,49.3955,25.9989,3,-36.7945
2133.3,38514.7,96.2522,4.89287,86.6238,149.426,7.77822,5572.2,0,0,2000,626.179,131.147,2,125.918,163.606,161.606,149.426,0,0,0,49.3858,25.9994,3,-37.6882
2133.4,38517.3,96.2547,4.89338,86.7546,149.803,7.77822,5572.98,0,0,2000,626.179,131.147,2,125.918,164.029,162.029,149.803,0,0,0,49.3759,25.9999,3,-38.1109
2133.5,38520,96.258,4.89388,86.8854,150.265,7.77822,5573.76,0,0,2000,626.179,131.147,2,125.918,164.548,162.548,150.265,0,0,0,49.3659,26.0004,3,-38.6301
2133.6,38522.7,96.2622,4.89438,87.0163,151.236,7.77822,5574.54,0,0,2000,626.179,131.147,2,125.918,165.638,163.638,151.236,0,0,0,49.3557,26.0009,3,-39.7197
2133.7,38525.4,96.2692,4.89486,87.1472,152.242,7.77822,5575.31,0,0,2000,626.179,131.147,2,125.918,166.768,164.768,152.242,0,0,0,49.3451,26.0014,3,-40.8499
2133.8,38528,96.2773,4.89533,87.2781,152.578,7.77822,5576.09,0,0,2000,626.179,131.147,2,125.918,167.145,165.145,152.578,0,0,0,49.3345,26.002,3,-41.227
2133.9,38530.7,96.2854,4.89579,87.409,152.724,7.77822,5576.87,0,0,2000,626.179,131.147,2,125.918,167.309,165.309,152.724,0,0,0,49.3238,26.0026,3,-41.3914
2134,38533.4,96.294,4.89625,87.54,152.965,7.77822,5577.65,0,0,2000,626.179,131.147,2,125.918,167.58,165.58,152.965,0,0,0,49.313,26.0032,3,-41.6618
2134.1,38536.1,96.303,4.89669,87.671,152.731,7.77822,5578.42,0,0,2000,626.179,131.147,2,125.918,167.317,165.317,152.731,0,0,0,49.3023,26.0038,3,-41.3992
2134.2,38538.7,96.3105,4.89712,87.802,152.43,7.77822,5579.2,0,0,2000,626.179,131.147,2,125.918,166.979,164.979,152.43,0,0,0,49.2917,26.0043,3,-41.0608
2134.3,38541.4,96.3182,4.89754,87.933,152.892,7.77822,5579.98,0,0,2000,626.179,131.147,2,125.918,167.498,165.498,152.892,0,0,0,49.281,26.0049,3,-41.5801
2134.4,38544.1,96.3275,4.89794,88.064,153.744,7.77822,5580.76,0,0,2000,626.179,131.147,2,125.918,168.455,166.455,153.744,0,0,0,49.27,26.0055,3,-42.5369
2134.5,38546.8,96.3384,4.89833,88.1951,154.317,7.77822,5581.54,0,0,2000,626.179,131.147,2,125.918,169.099,167.099,154.317,0,0,0,49.2588,26.0062,3,-43.1806
2134.6,38549.4,96.3497,4.89872,88.3262,154.563,7.77822,5582.31,0,0,2000,626.179,131.147,2,125.918,169.376,167.376,154.563,0,0,0,49.2476,26.0068,3,-43.4579
2134.7,38552.1,96.3614,4.89908,88.4573,154.787,7.77822,5583.09,0,0,2000,626.179,131.147,2,125.918,169.628,167.628,154.787,0,0,0,49.2363,26.0075,3,-43.7099
2134.8,38554.8,96.3735,4.89944,88.5885,155.005,7.77822,5583.87,0,0,2000,626.179,131.147,2,125.918,169.872,167.872,155.005,0,0,0,49.2249,26.0082,3,-43.9545
2134.9,38557.5,96.386,4.89978,88.7196,155.017,7.77822,5584.65,0,0,2000,626.179,131.147,2,125.918,169.886,167.886,155.017,0,0,0,49.2136,26.0088,3,-43.9684
2135,38560.2,96.398,4.9001,88.8508,154.971,7.77822,5585.42,0,0,2000,626.179,131.147,2,125.918,169.835,167.835,154.971,0,0,0,49.2022,26.0095,3,-43.9168
2135.1,38562.8,96.4101,4.90041,88.9821,155.024,7.77822,5586.2,0,0,2000,626.179,131.147,2,125.918,169.895,167.895,155.024,0,0,0,49.1909,26.0102,3,-43.9771
2135.2,38565.5,96.4221,4.90071,89.1133,155.005,7.77822,5586.98,0,0,2000,626.179,131.147,2,125.918,169.873,167.873,155.005,0,0,0,49.1795,26.0109,3,-43.9551
2135.3,38568.2,96.434,4.90099,89.2446,155.197,7.77822,5587.76,0,0,2000,626.179,131.147,2,125.918,170.089,168.089,155.197,0,0,0,49.1681,26.0115,3,-44.1712
2135.4,38570.9,96.4467,4.90126,89.3759,155.202,7.77822,5588.54,0,0,2000,626.179,131.147,2,125.918,170.095,168.095,155.202,0,0,0,49.1567,26.0122,3,-44.1775
2135.5,38573.5,96.4584,4.90151,89.5072,155.195,7.77822,5589.31,0,0,2000,626.179,131.147,2,125.918,170.088,168.088,155.195,0,0,0,49.1453,26.0129,3,-44.1701
2135.6,38576.2,96.4709,4.90174,89.6385,155.228,7.77822,5590.09,0,0,2000,626.179,131.147,2,125.918,170.125,168.125,155.228,0,0,0,49.1338,26.0136,3,-44.2073
2135.7,38578.9,96.4827,4.90195,89.7699,154.524,7.77822,5590.87,0,0,2000,626.179,131.147,2,125.918,169.334,167.334,154.524,0,0,0,49.1226,26.0142,3,-43.4163
2135.8,38581.6,96.4923,4.90215,89.9013,153.197,7.77822,5591.65,0,0,2000,626.179,131.147,2,125.918,167.844,165.844,153.197,0,0,0,49.1118,26.0148,3,-41.9256
2135.9,38584.3,96.4987,4.90233,90.0327,151.677,7.77822,5592.43,0,0,2000,626.179,131.147,2,125.918,166.135,164.135,151.677,0,0,0,49.1014,26.0154,3,-40.2175
2136,38586.9,96.5023,4.9025,90.1641,149.255,7.77822,5593.2,0,0,2000,626.179,131.147,2,125.918,163.413,161.413,149.255,0,0,0,49.0917,26.0158,3,-37.4948
2136.1,38589.6,96.4992,4.90264,90.2955,145.527,7.77822,5593.98,0,0,2000,626.179,131.147,2,125.918,159.26,157.26,145.527,0,0,0,49.0831,26.0162,3,-33.3422
2136.2,38592.3,96.4882,4.90277,90.4269,142.081,7.77822,5594.76,0,0,2000,626.179,131.147,2,125.918,155.45,153.45,142.081,0,0,0,49.0755,26.0164,3,-29.5322
2136.3,38595,96.4718,4.90288,90.5583,139.4,7.77822,5595.54,0,0,2000,626.179,131.147,2,125.918,152.485,150.485,139.4,0,0,0,49.0686,26.0166,3,-26.567
2136.4,38597.7,96.4504,4.90297,90.6897,136.899,7.77822,5596.31,0,0,2000,626.179,131.147,2,125.918,149.721,147.721,136.899,0,0,0,49.0625,26.0167,3,-23.8029
2136.5,38600.3,96.4244,4.90304,90.821,135.169,7.77822,5597.09,0,0,2000,626.179,131.147,2,125.918,147.828,145.828,135.169,0,0,0,49.0568,26.0168,3,-21.9102
2136.6,38603,96.3965,4.90309,90.9523,134.298,7.77822,5597.87,0,0,2000,626.179,131.147,2,125.918,146.876,144.876,134.298,0,0,0,49.0514,26.0168,3,-20.9578
2136.7,38605.7,96.3673,4.90312,91.0836,133.138,7.77822,5598.65,0,0,2000,626.179,131.147,2,125.918,145.606,143.606,133.138,0,0,0,49.0463,26.0169,3,-19.6881
2136.8,38608.4,96.3352,4.90313,91.2148,131.517,7.77822,5599.43,0,0,2000,626.179,131.147,2,125.918,143.834,141.834,131.517,0,0,0,49.0417,26.0169,3,-17.9156
2136.9,38611.1,96.2999,4.90311,91.346,130.79,7.77822,5600.2,0,0,2000,626.179,131.147,2,125.918,143.038,141.038,130.79,0,0,0,49.0372,26.0169,3,-17.1204
2137,38613.7,96.2652,4.90308,91.4772,131.29,7.77822,5600.98,0,0,2000,626.179,131.147,2,125.918,143.586,141.586,131.29,0,0,0,49.0327,26.0169,3,-17.6676
2137.1,38616.4,96.2322,4.90303,91.6082,132.012,7.77822,5601.76,0,0,2000,626.179,131.147,2,125.918,144.375,142.375,132.012,0,0,0,49.0279,26.0169,3,-18.4566
2137.2,38619.1,96.2007,4.90295,91.7393,133.017,7.77822,5602.54,0,0,2000,626.179,131.147,2,125.918,145.473,143.473,133.017,0,0,0,49.0229,26.017,3,-19.5554
2137.3,38621.7,96.172,4.90286,91.8703,134.243,7.77822,5603.31,0,0,2000,626.179,131.147,2,125.918,146.815,144.815,134.243,0,0,0,49.0175,26.017,3,-20.8967
2137.4,38624.4,96.1456,4.90274,92.0012,135.134,7.77822,5604.09,0,0,2000,626.179,131.147,2,125.918,147.788,145.788,135.134,0,0,0,49.0118,26.0171,3,-21.8701
2137.5,38627.1,96.1206,4.9026,92.1322,135.598,7.77822,5604.87,0,0,2000,626.179,131.147,2,125.918,148.295,146.295,135.598,0,0,0,49.006,26.0172,3,-22.377
2137.6,38629.8,96.0962,4.90243,92.263,135.715,7.77822,5605.65,0,0,2000,626.179,131.147,2,125.918,148.423,146.423,135.715,0,0,0,49.0002,26.0173,3,-22.5055
2137.7,38632.4,96.0719,4.90224,92.3939,135.417,7.77822,5606.43,0,0,2000,626.179,131.147,2,125.918,148.097,146.097,135.417,0,0,0,48.9945,26.0174,3,-22.179
2137.8,38635.1,96.0467,4.90203,92.5247,135.306,7.77822,5607.2,0,0,2000,626.179,131.147,2,125.918,147.976,145.976,135.306,0,0,0,48.9888,26.0175,3,-22.058
2137.9,38637.8,96.0222,4.9018,92.6555,134.886,7.77822,5607.98,0,0,2000,626.179,131.147,2,125.918,147.517,145.517,134.886,0,0,0,48.9832,26.0175,3,-21.599
2138,38640.4,95.9955,4.90154,92.7862,133.073,7.77822,5608.76,0,0,2000,626.179,131.147,2,125.918,145.535,143.535,133.073,0,0,0,48.9781,26.0176,3,-19.6166
2138.1,38643.1,95.9642,4.90126,92.9169,131.288,7.77822,5609.54,0,0,2000,626.179,131.147,2,125.918,143.584,141.584,131.288,0,0,0,48.9736,26.0176,3,-17.6663
2138.2,38645.8,95.9308,4.90096,93.0475,130.777,7.77822,5610.32,0,0,2000,626.179,131.147,2,125.918,143.026,141.026,130.777,0,0,0,48.9691,26.0176,3,-17.1078
2138.3,38648.4,95.8978,4.90063,93.1781,130.74,7.77822,5611.09,0,0,2000,626.179,131.147,2,125.918,142.985,140.985,130.74,0,0,0,48.9647,26.0176,3,-17.0666
2138.4,38651.1,95.8645,4.90027,93.3086,131.036,7.77822,5611.87,0,0,2000,626.179,131.147,2,125.918,143.309,141.309,131.036,0,0,0,48.9602,26.0176,3,-17.3911
2138.5,38653.7,95.833,4.8999,93.439,132.546,7.77822,5612.65,0,0,2000,626.179,131.147,2,125.918,144.959,142.959,132.546,0,0,0,48.9553,26.0177,3,-19.041
2138.6,38656.4,95.8061,4.89949,93.5694,135.009,7.77822,5613.43,0,0,2000,626.179,131.147,2,125.918,147.65,145.65,135.009,0,0,0,48.9497,26.0177,3,-21.7321
2138.7,38659.1,95.7845,4.89906,93.6998,137.093,7.77822,5614.2,0,0,2000,626.179,131.147,2,125.918,149.94,147.94,137.093,0,0,0,48.9435,26.0179,3,-24.0217
2138.8,38661.7,95.766,4.89861,93.8301,138.792,7.77822,5614.98,0,0,2000,626.179,131.147,2,125.918,151.817,149.817,138.792,0,0,0,48.9368,26.018,3,-25.8986
2138.9,38664.4,95.7514,4.89813,93.9604,140.438,7.77822,5615.76,0,0,2000,626.179,131.147,2,125.918,153.634,151.634,140.438,0,0,0,48.9297,26.0182,3,-27.7162
2139,38667,95.7396,4.89762,94.0907,141.666,7.77822,5616.54,0,0,2000,626.179,131.147,2,125.918,154.99,152.99,141.666,0,0,0,48.9221,26.0184,3,-29.0716
2139.1,38669.7,95.73,4.89709,94.2209,142.437,7.77822,5617.32,0,0,2000,626.179,131.147,2,125.918,155.841,153.841,142.437,0,0,0,48.9144,26.0187,3,-29.9234
2139.2,38672.4,95.7213,4.89653,94.3511,143.28,7.77822,5618.09,0,0,2000,626.179,131.147,2,125.918,156.772,154.772,143.28,0,0,0,48.9064,26.0189,3,-30.8539
2139.3,38675,95.7151,4.89594,94.4813,144.58,7.77822,5618.87,0,0,2000,626.179,131.147,2,125.918,158.207,156.207,144.58,0,0,0,48.8981,26.0193,3,-32.2893
2139.4,38677.7,95.7117,4.89533,94.6115,146.084,7.77822,5619.65,0,0,2000,626.179,131.147,2,125.918,159.868,157.868,146.084,0,0,0,48.8893,26.0196,3,-33.9504
2139.5,38680.3,95.7115,4.89469,94.7416,147.603,7.77822,5620.43,0,0,2000,626.179,131.147,2,125.918,161.566,159.566,147.603,0,0,0,48.8801,26.02,3,-35.6478
2139.6,38683,95.7141,4.89402,94.8718,149.08,7.77822,5621.2,0,0,2000,626.179,131.147,2,125.918,163.222,161.222,149.08,0,0,0,48.8705,26.0204,3,-37.3039
2139.7,38685.7,95.7198,4.89333,95.0019,150.265,7.77822,5621.98,0,0,2000,626.179,131.147,2,125.918,164.549,162.549,150.265,0,0,0,48.8605,26.0209,3,-38.6312
2139.8,38688.3,95.7271,4.8926,95.132,150.667,7.77822,5622.76,0,0,2000,626.179,131.147,2,125.918,165,163,150.667,0,0,0,48.8504,26.0214,3,-39.0821
2139.9,38691,95.7343,4.89185,95.2621,150.512,7.77822,5623.54,0,0,2000,626.179,131.147,2,125.918,164.826,162.826,150.512,0,0,0,48.8403,26.0219,3,-38.9083
2140,38693.6,95.7409,4.89107,95.3921,150.231,7.77822,5624.32,0,0,2000,626.179,131.147,2,125.918,164.511,162.511,150.231,0,0,0,48.8304,26.0224,3,-38.5931
2140.1,38696.3,95.7471,4.89026,95.5222,149.789,7.77822,5625.09,0,0,2000,626.179,131.147,2,125.918,164.016,162.016,149.789,0,0,0,48.8205,26.0229,3,-38.0978
2140.2,38699,95.7519,4.88943,95.6523,148.874,7.77822,5625.87,0,0,2000,626.179,131.147,2,125.918,162.99,160.99,148.874,0,0,0,48.811,26.0233,3,-37.0723
2140.3,38701.6,95.7545,4.88856,95.7823,148.342,7.77822,5626.65,0,0,2000,626.179,131.147,2,125.918,162.394,160.394,148.342,0,0,0,48.8015,26.0238,3,-36.4761
2140.4,38704.3,95.7573,4.88767,95.9123,148.935,7.77822,5627.43,0,0,2000,626.179,131.147,2,125.918,163.059,161.059,148.935,0,0,0,48.7919,26.0242,3,-37.1409
2140.5,38706.9,95.7622,4.88674,96.0423,149.7,7.77822,5628.21,0,0,2000,626.179,131.147,2,125.918,163.917,161.917,149.7,0,0,0,48.7821,26.0247,3,-37.9985
2140.6,38709.6,95.768,4.88579,96.1723,149.77,7.77822,5628.98,0,0,2000,626.179,131.147,2,125.918,163.995,161.995,149.77,0,0,0,48.7723,26.0251,3,-38.0768
2140.7,38712.3,95.7732,4.88481,96.3023,149.641,7.77822,5629.76,0,0,2000,626.179,131.147,2,125.918,163.85,161.85,149.641,0,0,0,48.7625,26.0256,3,-37.9317
2140.8,38714.9,95.7785,4.88379,96.4322,148.843,7.77822,5630.54,0,0,2000,626.179,131.147,2,125.918,162.955,160.955,148.843,0,0,0,48.7529,26.026,3,-37.0372
2140.9,38717.6,95.7806,4.88275,96.5621,146.838,7.77822,5631.32,0,0,2000,626.179,131.147,2,125.918,160.707,158.707,146.838,0,0,0,48.7439,26.0264,3,-34.7891
2141,38720.2,95.7781,4.88168,96.692,144.743,7.77822,5632.09,0,0,2000,626.179,131.147,2,125.918,158.387,156.387,144.743,0,0,0,48.7355,26.0267,3,-32.4694
2141.1,38722.9,95.7719,4.88057,96.8219,144.014,7.77822,5632.87,0,0,2000,626.179,131.147,2,125.918,157.583,155.583,144.014,0,0,0,48.7273,26.027,3,-31.6651
2141.2,38725.6,95.7667,4.87944,96.9517,144.675,7.77822,5633.65,0,0,2000,626.179,131.147,2,125.918,158.313,156.313,144.675,0,0,0,48.719,26.0273,3,-32.3945
2141.3,38728.2,95.7633,4.87828,97.0815,146.061,7.77822,5634.43,0,0,2000,626.179,131.147,2,125.918,159.843,157.843,146.061,0,0,0,48.7102,26.0277,3,-33.9255
2141.4,38730.9,95.7636,4.87708,97.2112,147.919,7.77822,5635.21,0,0,2000,626.179,131.147,2,125.918,161.92,159.92,147.919,0,0,0,48.7009,26.0281,3,-36.0019
2141.5,38733.5,95.7677,4.87586,97.341,150.021,7.77822,5635.98,0,0,2000,626.179,131.147,2,125.918,164.276,162.276,150.021,0,0,0,48.691,26.0286,3,-38.3577
2141.6,38736.2,95.7763,4.8746,97.4707,152.02,7.77822,5636.76,0,0,2000,626.179,131.147,2,125.918,166.517,164.517,152.02,0,0,0,48.6805,26.0291,3,-40.5993
2141.7,38738.9,95.7882,4.87331,97.6003,153.624,7.77822,5637.54,0,0,2000,626.179,131.147,2,125.918,168.315,166.315,153.624,0,0,0,48.6696,26.0297,3,-42.3972
2141.8,38741.5,95.8032,4.872,97.73,155.296,7.77822,5638.32,0,0,2000,626.179,131.147,2,125.918,170.191,168.191,155.296,0,0,0,48.6581,26.0304,3,-44.2727
2141.9,38744.2,95.8216,4.87065,97.8597,157.236,7.77822,5639.09,0,0,2000,626.179,131.147,2,125.918,172.373,170.373,157.236,0,0,0,48.6461,26.0312,3,-46.455
2142,38746.8,95.8441,4.86927,97.9893,159.039,7.77822,5639.87,0,0,2000,626.179,131.147,2,125.918,174.45,172.45,159.039,0,0,0,48.6336,26.032,3,-48.5315
2142.1,38749.5,95.8695,4.86785,98.1189,159.835,7.77822,5640.65,0,0,2000,626.179,131.147,2,125.918,175.365,173.365,159.835,0,0,0,48.6208,26.0329,3,-49.4474
2142.2,38752.2,95.895,4.86641,98.2486,159.438,7.77822,5641.43,0,0,2000,626.179,131.147,2,125.918,174.908,172.908,159.438,0,0,0,48.6081,26.0338,3,-48.9902
2142.3,38754.8,95.9186,4.86493,98.3782,158.131,7.77822,5642.21,0,0,2000,626.179,131.147,2,125.918,173.401,171.401,158.131,0,0,0,48.5959,26.0346,3,-47.4832
2142.4,38757.5,95.9388,4.86342,98.5078,156.651,7.77822,5642.98,0,0,2000,626.179,131.147,2,125.918,171.713,169.713,156.651,0,0,0,48.584,26.0353,3,-45.7947
2142.5,38760.2,95.9565,4.86188,98.6374,155.19,7.77822,5643.76,0,0,2000,626.179,131.147,2,125.918,170.074,168.074,155.19,0,0,0,48.5726,26.036,3,-44.156
2142.6,38762.8,95.9708,4.8603,98.767,153.751,7.77822,5644.54,0,0,2000,626.179,131.147,2,125.918,168.459,166.459,153.751,0,0,0,48.5616,26.0366,3,-42.5413
2142.7,38765.5,95.9829,4.8587,98.8965,153.044,7.77822,5645.32,0,0,2000,626.179,131.147,2,125.918,167.666,165.666,153.044,0,0,0,48.5509,26.0372,3,-41.7484
2142.8,38768.2,95.9944,4.85706,99.0261,152.688,7.77822,5646.09,0,0,2000,626.179,131.147,2,125.918,167.268,165.268,152.688,0,0,0,48.5402,26.0378,3,-41.3499
2142.9,38770.8,96.005,4.85539,99.1556,152.02,7.77822,5646.87,0,0,2000,626.179,131.147,2,125.918,166.518,164.518,152.02,0,0,0,48.5297,26.0383,3,-40.6003
2143,38773.5,96.014,4.85368,99.285,151.035,7.77822,5647.65,0,0,2000,626.179,131.147,2,125.918,165.413,163.413,151.035,0,0,0,48.5195,26.0388,3,-39.4952
2143.1,38776.2,96.0207,4.85194,99.4145,150.422,7.77822,5648.43,0,0,2000,626.179,131.147,2,125.918,164.725,162.725,150.422,0,0,0,48.5094,26.0393,3,-38.8069
2143.2,38778.8,96.0273,4.85017,99.5439,150.032,7.77822,5649.21,0,0,2000,626.179,131.147,2,125.918,164.287,162.287,150.032,0,0,0,48.4995,26.0398,3,-38.3692
2143.3,38781.5,96.0326,4.84837,99.6732,149.819,7.77822,5649.98,0,0,2000,626.179,131.147,2,125.918,164.049,162.049,149.819,0,0,0,48.4897,26.0403,3,-38.1309
2143.4,38784.2,96.0384,4.84654,99.8025,150.311,7.77822,5650.76,0,0,2000,626.179,131.147,2,125.918,164.6,162.6,150.311,0,0,0,48.4797,26.0408,3,-38.6823
2143.5,38786.8,96.0456,4.84467,99.9318,151.457,7.77822,5651.54,0,0,2000,626.179,131.147,2,125.918,165.886,163.886,151.457,0,0,0,48.4694,26.0413,3,-39.9685
2143.6,38789.5,96.056,4.84277,100.061,152.539,7.77822,5652.32,0,0,2000,626.179,131.147,2,125.918,167.101,165.101,152.539,0,0,0,48.4587,26.0419,3,-41.1829
2143.7,38792.2,96.0676,4.84084,100.19,153.759,7.77822,5653.1,0,0,2000,626.179,131.147,2,125.918,168.469,166.469,153.759,0,0,0,48.4477,26.0425,3,-42.5512
2143.8,38794.8,96.0827,4.83887,100.319,155.231,7.77822,5653.87,0,0,2000,626.179,131.147,2,125.918,170.122,168.122,155.231,0,0,0,48.4363,26.0432,3,-44.2036
2143.9,38797.5,96.1001,4.83687,100.449,155.48,7.77822,5654.65,0,0,2000,626.179,131.147,2,125.918,170.401,168.401,155.48,0,0,0,48.4248,26.0438,3,-44.4834
2144,38800.2,96.1161,4.83484,100.578,155.022,7.77822,5655.43,0,0,2000,626.179,131.147,2,125.918,169.888,167.888,155.022,0,0,0,48.4135,26.0445,3,-43.9698
2144.1,38802.9,96.1317,4.83277,100.707,154.506,7.77822,5656.21,0,0,2000,626.179,131.147,2,125.918,169.308,167.308,154.506,0,0,0,48.4022,26.0452,3,-43.3903
2144.2,38805.5,96.1457,4.83067,100.836,153.315,7.77822,5656.98,0,0,2000,626.179,131.147,2,125.918,167.971,165.971,153.315,0,0,0,48.3914,26.0458,3,-42.0535
2144.3,38808.2,96.1565,4.82854,100.965,151.464,7.77822,5657.76,0,0,2000,626.179,131.147,2,125.918,165.894,163.894,151.464,0,0,0,48.381,26.0463,3,-39.9764
2144.4,38810.9,96.1633,4.82637,101.094,150.169,7.77822,5658.54,0,0,2000,626.179,131.147,2,125.918,164.441,162.441,150.169,0,0,0,48.3711,26.0468,3,-38.5227
2144.5,38813.5,96.1691,4.82417,101.223,149.503,7.77822,5659.32,0,0,2000,626.179,131.147,2,125.918,163.693,161.693,149.503,0,0,0,48.3613,26.0472,3,-37.7749
2144.6,38816.2,96.1734,4.82194,101.351,148.799,7.77822,5660.1,0,0,2000,626.179,131.147,2,125.918,162.903,160.903,148.799,0,0,0,48.3518,26.0477,3,-36.9846
2144.7,38818.9,96.1766,4.81967,101.48,148.38,7.77822,5660.87,0,0,2000,626.179,131.147,2,125.918,162.433,160.433,148.38,0,0,0,48.3423,26.0481,3,-36.5148
2144.8,38821.5,96.1794,4.81738,101.609,147.833,7.77822,5661.65,0,0,2000,626.179,131.147,2,125.918,161.818,159.818,147.833,0,0,0,48.3331,26.0485,3,-35.9004
2144.9,38824.2,96.1805,4.81504,101.738,146.479,7.77822,5662.43,0,0,2000,626.179,131.147,2,125.918,160.309,158.309,146.479,0,0,0,48.3242,26.0488,3,-34.3909
2145,38826.9,96.1781,4.81268,101.866,144.423,7.77822,5663.21,0,0,2000,626.179,131.147,2,125.918,158.036,156.036,144.423,0,0,0,48.3159,26.0491,3,-32.1183
2145.1,38829.6,96.1713,4.81028,101.995,142.344,7.77822,5663.98,0,0,2000,626.179,131.147,2,125.918,155.739,153.739,142.344,0,0,0,48.3082,26.0494,3,-29.8212
2145.2,38832.2,96.161,4.80785,102.123,139.956,7.77822,5664.76,0,0,2000,626.179,131.147,2,125.918,153.1,151.1,139.956,0,0,0,48.3012,26.0496,3,-27.182
2145.3,38834.9,96.1451,4.80539,102.252,138.267,7.77822,5665.54,0,0,2000,626.179,131.147,2,125.918,151.234,149.234,138.267,0,0,0,48.2946,26.0497,3,-25.316
2145.4,38837.6,96.1285,4.8029,102.38,138.288,7.77822,5666.32,0,0,2000,626.179,131.147,2,125.918,151.258,149.258,138.288,0,0,0,48.2881,26.0499,3,-25.3399
2145.5,38840.2,96.113,4.80037,102.508,139.046,7.77822,5667.1,0,0,2000,626.179,131.147,2,125.918,152.095,150.095,139.046,0,0,0,48.2813,26.05,3,-26.1767
2145.6,38842.9,96.0997,4.79781,102.636,139.784,7.77822,5667.87,0,0,2000,626.179,131.147,2,125.918,152.911,150.911,139.784,0,0,0,48.2743,26.0502,3,-26.993
2145.7,38845.6,96.0874,4.79522,102.764,140.693,7.77822,5668.65,0,0,2000,626.179,131.147,2,125.918,153.915,151.915,140.693,0,0,0,48.2671,26.0504,3,-27.9969
2145.8,38848.3,96.0779,4.7926,102.892,141.31,7.77822,5669.43,0,0,2000,626.179,131.147,2,125.918,154.597,152.597,141.31,0,0,0,48.2597,26.0506,3,-28.6787
2145.9,38850.9,96.0684,4.78995,103.02,141.125,7.77822,5670.21,0,0,2000,626.179,131.147,2,125.918,154.392,152.392,141.125,0,0,0,48.2523,26.0508,3,-28.4741
2146,38853.6,96.0584,4.78726,103.148,140.276,7.77822,5670.99,0,0,2000,626.179,131.147,2,125.918,153.455,151.455,140.276,0,0,0,48.2452,26.051,3,-27.5368
2146.1,38856.3,96.0458,4.78454,103.276,139.329,7.77822,5671.76,0,0,2000,626.179,131.147,2,125.918,152.408,150.408,139.329,0,0,0,48.2384,26.0512,3,-26.4903
2146.2,38858.9,96.0325,4.78179,103.403,138.723,7.77822,5672.54,0,0,2000,626.179,131.147,2,125.918,151.739,149.739,138.723,0,0,0,48.2317,26.0513,3,-25.8212
2146.3,38861.6,96.0178,4.77901,103.531,138.476,7.77822,5673.32,0,0,2000,626.179,131.147,2,125.918,151.466,149.466,138.476,0,0,0,48.2251,26.0515,3,-25.5476
2146.4,38864.3,96.0038,4.77619,103.658,138.096,7.77822,5674.1,0,0,2000,626.179,131.147,2,125.918,151.046,149.046,138.096,0,0,0,48.2186,26.0516,3,-25.1282
2146.5,38866.9,95.9879,4.77335,103.785,137.459,7.77822,5674.87,0,0,2000,626.179,131.147,2,125.918,150.343,148.343,137.459,0,0,0,48.2123,26.0517,3,-24.425
2146.6,38869.6,95.9717,4.77047,103.913,137.141,7.77822,5675.65,0,0,2000,626.179,131.147,2,125.918,149.992,147.992,137.141,0,0,0,48.2061,26.0518,3,-24.0738
2146.7,38872.3,95.955,4.76757,104.04,136.565,7.77822,5676.43,0,0,2000,626.179,131.147,2,125.918,149.355,147.355,136.565,0,0,0,48.2,26.0519,3,-23.437
2146.8,38874.9,95.9369,4.76463,104.167,135.598,7.77822,5677.21,0,0,2000,626.179,131.147,2,125.918,148.295,146.295,135.598,0,0,0,48.1942,26.052,3,-22.3772
2146.9,38877.6,95.9167,4.76166,104.294,135.575,7.77822,5677.99,0,0,2000,626.179,131.147,2,125.918,148.27,146.27,135.575,0,0,0,48.1885,26.0521,3,-22.3521
2147,38880.3,95.8989,4.75866,104.42,136.762,7.77822,5678.76,0,0,2000,626.179,131.147,2,125.918,149.574,147.574,136.762,0,0,0,48.1824,26.0522,3,-23.6559
2147.1,38882.9,95.8838,4.75563,104.547,138.093,7.77822,5679.54,0,0,2000,626.179,131.147,2,125.918,151.043,149.043,138.093,0,0,0,48.1759,26.0524,3,-25.1253
2147.2,38885.6,95.8716,4.75257,104.674,139.76,7.77822,5680.32,0,0,2000,626.179,131.147,2,125.918,152.885,150.885,139.76,0,0,0,48.1689,26.0525,3,-26.9672
2147.3,38888.2,95.8634,4.74948,104.8,141.205,7.77822,5681.1,0,0,2000,626.179,131.147,2,125.918,154.481,152.481,141.205,0,0,0,48.1615,26.0527,3,-28.563
2147.4,38890.9,95.8571,4.74636,104.927,141.306,7.77822,5681.87,0,0,2000,626.179,131.147,2,125.918,154.593,152.593,141.306,0,0,0,48.1541,26.053,3,-28.675
2147.5,38893.6,95.8496,4.74321,105.053,140.54,7.77822,5682.65,0,0,2000,626.179,131.147,2,125.918,153.747,151.747,140.54,0,0,0,48.1469,26.0532,3,-27.8289
2147.6,38896.2,95.8406,4.74003,105.179,139.678,7.77822,5683.43,0,0,2000,626.179,131.147,2,125.918,152.795,150.795,139.678,0,0,0,48.14,26.0533,3,-26.877
2147.7,38898.9,95.83,4.73682,105.305,138.533,7.77822,5684.21,0,0,2000,626.179,131.147,2,125.918,151.53,149.53,138.533,0,0,0,48.1334,26.0535,3,-25.6119
2147.8,38901.6,95.8168,4.73358,105.432,137.966,7.77822,5684.99,0,0,2000,626.179,131.147,2,125.918,150.904,148.904,137.966,0,0,0,48.1269,26.0536,3,-24.9863
2147.9,38904.2,95.8043,4.73031,105.557,138.131,7.77822,5685.76,0,0,2000,626.179,131.147,2,125.918,151.086,149.086,138.131,0,0,0,48.1204,26.0537,3,-25.1684
2148,38906.9,95.7921,4.72701,105.683,138.214,7.77822,5686.54,0,0,2000,626.179,131.147,2,125.918,151.178,149.178,138.214,0,0,0,48.1139,26.0539,3,-25.26
2148.1,38909.5,95.7802,4.72368,105.809,138.122,7.77822,5687.32,0,0,2000,626.179,131.147,2,125.918,151.076,149.076,138.122,0,0,0,48.1074,26.054,3,-25.158
2148.2,38912.2,95.768,4.72032,105.935,138.345,7.77822,5688.1,0,0,2000,626.179,131.147,2,125.918,151.323,149.323,138.345,0,0,0,48.1008,26.0542,3,-25.4053
2148.3,38914.9,95.7574,4.71694,106.06,138.496,7.77822,5688.88,0,0,2000,626.179,131.147,2,125.918,151.489,149.489,138.496,0,0,0,48.0942,26.0543,3,-25.5714
2148.4,38917.5,95.7461,4.71352,106.186,138.675,7.77822,5689.65,0,0,2000,626.179,131.147,2,125.918,151.688,149.688,138.675,0,0,0,48.0875,26.0545,3,-25.7696
2148.5,38920.2,95.7365,4.71008,106.311,139.643,7.77822,5690.43,0,0,2000,626.179,131.147,2,125.918,152.757,150.757,139.643,0,0,0,48.0806,26.0546,3,-26.8387
2148.6,38922.8,95.7294,4.70661,106.436,140.725,7.77822,5691.21,0,0,2000,626.179,131.147,2,125.918,153.951,151.951,140.725,0,0,0,48.0734,26.0548,3,-28.0333
2148.7,38925.5,95.7244,4.70311,106.561,141.51,7.77822,5691.99,0,0,2000,626.179,131.147,2,125.918,154.818,152.818,141.51,0,0,0,48.0659,26.0551,3,-28.8999
2148.8,38928.2,95.7206,4.69958,106.686,142.146,7.77822,5692.76,0,0,2000,626.179,131.147,2,125.918,155.52,153.52,142.146,0,0,0,48.0582,26.0553,3,-29.6021
2148.9,38930.8,95.7184,4.69603,106.811,142.167,7.77822,5693.54,0,0,2000,626.179,131.147,2,125.918,155.543,153.543,142.167,0,0,0,48.0506,26.0555,3,-29.6253
2149,38933.5,95.715,4.69245,106.936,141.654,7.77822,5694.32,0,0,2000,626.179,131.147,2,125.918,154.977,152.977,141.654,0,0,0,48.0431,26.0557,3,-29.0587
2149.1,38936.1,95.711,4.68884,107.061,141.517,7.77822,5695.1,0,0,2000,626.179,131.147,2,125.918,154.825,152.825,141.517,0,0,0,48.0356,26.056,3,-28.9073
2149.2,38938.8,95.7074,4.6852,107.185,140.907,7.77822,5695.88,0,0,2000,626.179,131.147,2,125.918,154.152,152.152,140.907,0,0,0,48.0283,26.0562,3,-28.2336
2149.3,38941.4,95.7012,4.68154,107.31,139.642,7.77822,5696.65,0,0,2000,626.179,131.147,2,125.918,152.756,150.756,139.642,0,0,0,48.0214,26.0563,3,-26.8375
2149.4,38944.1,95.6929,4.67785,107.434,138.316,7.77822,5697.43,0,0,2000,626.179,131.147,2,125.918,151.291,149.291,138.316,0,0,0,48.0148,26.0565,3,-25.3729
2149.5,38946.8,95.6819,4.67413,107.558,136.624,7.77822,5698.21,0,0,2000,626.179,131.147,2,125.918,149.423,147.423,136.624,0,0,0,48.0088,26.0566,3,-23.5051
2149.6,38949.4,95.6672,4.67039,107.683,134.248,7.77822,5698.99,0,0,2000,626.179,131.147,2,125.918,146.818,144.818,134.248,0,0,0,48.0034,26.0566,3,-20.9002
2149.7,38952.1,95.6472,4.66663,107.807,132.304,7.77822,5699.76,0,0,2000,626.179,131.147,2,125.918,144.694,142.694,132.304,0,0,0,47.9985,26.0567,3,-18.7758
2149.8,38954.7,95.6253,4.66283,107.931,130.55,7.77822,5700.54,0,0,2000,626.179,131.147,2,125.918,142.777,140.777,130.55,0,0,0,47.9941,26.0567,3,-16.8594
2149.9,38957.4,95.5988,4.65902,108.054,128.554,7.77822,5701.32,0,0,2000,626.179,131.147,2,125.918,140.597,138.597,128.554,0,0,0,47.9904,26.0566,3,-14.6787
2150,38960,95.5696,4.65518,108.178,127.346,7.77822,5702.1,0,0,2000,626.179,131.147,2,125.918,139.277,137.277,127.346,0,0,0,47.9869,26.0566,3,-13.3593
2150.1,38962.7,95.5388,4.65131,108.302,126.821,7.77822,5702.88,0,0,2000,626.179,131.147,2,125.918,138.705,136.705,126.821,0,0,0,47.9836,26.0566,3,-12.7866
2150.2,38965.4,95.5081,4.64742,108.425,126.698,7.77822,5703.65,0,0,2000,626.179,131.147,2,125.918,138.57,136.57,126.698,0,0,0,47.9803,26.0565,3,-12.6518
2150.3,38968,95.4774,4.64351,108.548,127.305,7.77822,5704.43,0,0,2000,626.179,131.147,2,125.918,139.233,137.233,127.305,0,0,0,47.9769,26.0565,3,-13.3155
2150.4,38970.7,95.4496,4.63958,108.671,128.29,7.77822,5705.21,0,0,2000,626.179,131.147,2,125.918,140.309,138.309,128.29,0,0,0,47.9732,26.0564,3,-14.3911
2150.5,38973.3,95.4233,4.63562,108.794,129.008,7.77822,5705.99,0,0,2000,626.179,131.147,2,125.918,141.094,139.094,129.008,0,0,0,47.9693,26.0564,3,-15.1755
2150.6,38976,95.3988,4.63164,108.917,129.633,7.77822,5706.77,0,0,2000,626.179,131.147,2,125.918,141.777,139.777,129.633,0,0,0,47.9652,26.0564,3,-15.8589
2150.7,38978.6,95.3755,4.62764,109.04,129.648,7.77822,5707.54,0,0,2000,626.179,131.147,2,125.918,141.793,139.793,129.648,0,0,0,47.9611,26.0564,3,-15.8748
2150.8,38981.3,95.3516,4.62362,109.162,129.688,7.77822,5708.32,0,0,2000,626.179,131.147,2,125.918,141.836,139.836,129.688,0,0,0,47.9569,26.0564,3,-15.9183
2150.9,38983.9,95.3289,4.61957,109.285,130.656,7.77822,5709.1,0,0,2000,626.179,131.147,2,125.918,142.894,140.894,130.656,0,0,0,47.9526,26.0564,3,-16.9765
2151,38986.6,95.3093,4.61551,109.407,131.136,7.77822,5709.88,0,0,2000,626.179,131.147,2,125.918,143.418,141.418,131.136,0,0,0,47.948,26.0564,3,-17.5005
2151.1,38989.2,95.289,4.61142,109.529,130.791,7.77822,5710.65,0,0,2000,626.179,131.147,2,125.918,143.041,141.041,130.791,0,0,0,47.9436,26.0564,3,-17.1231
2151.2,38991.8,95.2685,4.60731,109.651,130.604,7.77822,5711.43,0,0,2000,626.179,131.147,2,125.918,142.837,140.837,130.604,0,0,0,47.9392,26.0564,3,-16.9193
2151.3,38994.5,95.248,4.60318,109.773,130.099,7.77822,5712.21,0,0,2000,626.179,131.147,2,125.918,142.285,140.285,130.099,0,0,0,47.935,26.0564,3,-16.3673
2151.4,38997.1,95.2259,4.59903,109.894,129.254,7.77822,5712.99,0,0,2000,626.179,131.147,2,125.918,141.362,139.362,129.254,0,0,0,47.931,26.0564,3,-15.4445
2151.5,38999.8,95.2025,4.59486,110.016,129.05,7.77822,5713.77,0,0,2000,626.179,131.147,2,125.918,141.14,139.14,129.05,0,0,0,47.9271,26.0564,3,-15.2221
2151.6,39002.4,95.1802,4.59067,110.138,129.411,7.77822,5714.54,0,0,2000,626.179,131.147,2,125.918,141.534,139.534,129.411,0,0,0,47.9231,26.0563,3,-15.6164
2151.7,39005.1,95.1587,4.58646,110.259,129.647,7.77822,5715.32,0,0,2000,626.179,131.147,2,125.918,141.793,139.793,129.647,0,0,0,47.9189,26.0563,3,-15.8746
2151.8,39007.7,95.1377,4.58223,110.38,130.089,7.77822,5716.1,0,0,2000,626.179,131.147,2,125.918,142.275,140.275,130.089,0,0,0,47.9147,26.0563,3,-16.3569
2151.9,39010.4,95.1185,4.57799,110.501,131.088,7.77822,5716.88,0,0,2000,626.179,131.147,2,125.918,143.366,141.366,131.088,0,0,0,47.9102,26.0563,3,-17.4476
2152,39013,95.102,4.57372,110.622,132.498,7.77822,5717.65,0,0,2000,626.179,131.147,2,125.918,144.905,142.905,132.498,0,0,0,47.9053,26.0564,3,-18.9868
2152.1,39015.6,95.0887,4.56944,110.743,133.863,7.77822,5718.43,0,0,2000,626.179,131.147,2,125.918,146.396,144.396,133.863,0,0,0,47.9,26.0564,3,-20.4776
2152.2,39018.3,95.0781,4.56514,110.863,135.019,7.77822,5719.21,0,0,2000,626.179,131.147,2,125.918,147.657,145.657,135.019,0,0,0,47.8944,26.0565,3,-21.7394
2152.3,39020.9,95.0698,4.56082,110.984,136.005,7.77822,5719.99,0,0,2000,626.179,131.147,2,125.918,148.744,146.744,136.005,0,0,0,47.8885,26.0566,3,-22.8264
2152.4,39023.6,95.0635,4.55648,111.104,136.513,7.77822,5720.77,0,0,2000,626.179,131.147,2,125.918,149.305,147.305,136.513,0,0,0,47.8825,26.0567,3,-23.3868
2152.5,39026.2,95.0576,4.55212,111.224,136.677,7.77822,5721.54,0,0,2000,626.179,131.147,2,125.918,149.486,147.486,136.677,0,0,0,47.8764,26.0568,3,-23.5677
2152.6,39028.8,95.0522,4.54775,111.345,136.765,7.77822,5722.32,0,0,2000,626.179,131.147,2,125.918,149.583,147.583,136.765,0,0,0,47.8703,26.0569,3,-23.6648
2152.7,39031.5,95.047,4.54337,111.465,136.852,7.77822,5723.1,0,0,2000,626.179,131.147,2,125.918,149.679,147.679,136.852,0,0,0,47.8641,26.057,3,-23.7611
2152.8,39034.1,95.0424,4.53896,111.584,136.484,7.77822,5723.88,0,0,2000,626.179,131.147,2,125.918,149.273,147.273,136.484,0,0,0,47.8581,26.0571,3,-23.3554
2152.9,39036.8,95.0361,4.53454,111.704,136.408,7.77822,5724.65,0,0,2000,626.179,131.147,2,125.918,149.189,147.189,136.408,0,0,0,47.8521,26.0572,3,-23.2711
2153,39039.4,95.0314,4.5301,111.824,137.122,7.77822,5725.43,0,0,2000,626.179,131.147,2,125.918,149.976,147.976,137.122,0,0,0,47.8459,26.0573,3,-24.0584
2153.1,39042,95.0283,4.52565,111.943,138.336,7.77822,5726.21,0,0,2000,626.179,131.147,2,125.918,151.316,149.316,138.336,0,0,0,47.8393,26.0575,3,-25.3978
2153.2,39044.7,95.0289,4.52119,112.063,139.721,7.77822,5726.99,0,0,2000,626.179,131.147,2,125.918,152.843,150.843,139.721,0,0,0,47.8323,26.0576,3,-26.9252
2153.3,39047.3,95.0316,4.5167,112.182,140.708,7.77822,5727.77,0,0,2000,626.179,131.147,2,125.918,153.931,151.931,140.708,0,0,0,47.8251,26.0578,3,-28.0127
2153.4,39050,95.0363,4.51221,112.301,140.839,7.77822,5728.54,0,0,2000,626.179,131.147,2,125.918,154.076,152.076,140.839,0,0,0,47.8178,26.058,3,-28.1576
2153.5,39052.6,95.0398,4.5077,112.42,139.953,7.77822,5729.32,0,0,2000,626.179,131.147,2,125.918,153.099,151.099,139.953,0,0,0,47.8108,26.0582,3,-27.1807
2153.6,39055.2,95.0412,4.50317,112.539,138.656,7.77822,5730.1,0,0,2000,626.179,131.147,2,125.918,151.668,149.668,138.656,0,0,0,47.8041,26.0584,3,-25.7499
2153.7,39057.9,95.0399,4.49863,112.658,137.563,7.77822,5730.88,0,0,2000,626.179,131.147,2,125.918,150.463,148.463,137.563,0,0,0,47.7978,26.0585,3,-24.5454
2153.8,39060.5,95.0373,4.49408,112.777,137.324,7.77822,5731.66,0,0,2000,626.179,131.147,2,125.918,150.2,148.2,137.324,0,0,0,47.7915,26.0586,3,-24.282
2153.9,39063.2,95.0353,4.48952,112.895,137.667,7.77822,5732.43,0,0,2000,626.179,131.147,2,125.918,150.578,148.578,137.667,0,0,0,47.7852,26.0587,3,-24.6599
2154,39065.8,95.0345,4.48494,113.014,138.039,7.77822,5733.21,0,0,2000,626.179,131.147,2,125.918,150.988,148.988,138.039,0,0,0,47.7787,26.0589,3,-25.0702
2154.1,39068.4,95.0342,4.48036,113.132,138.152,7.77822,5733.99,0,0,2000,626.179,131.147,2,125.918,151.112,149.112,138.152,0,0,0,47.7722,26.059,3,-25.1942
2154.2,39071.1,95.0342,4.47576,113.25,138.501,7.77822,5734.77,0,0,2000,626.179,131.147,2,125.918,151.498,149.498,138.501,0,0,0,47.7656,26.0592,3,-25.5801
2154.3,39073.7,95.0357,4.47115,113.369,139.101,7.77822,5735.54,0,0,2000,626.179,131.147,2,125.918,152.159,150.159,139.101,0,0,0,47.7588,26.0593,3,-26.241
2154.4,39076.4,95.0382,4.46653,113.486,139.368,7.77822,5736.32,0,0,2000,626.179,131.147,2,125.918,152.454,150.454,139.368,0,0,0,47.7519,26.0595,3,-26.5357
2154.5,39079,95.0411,4.4619,113.604,139.15,7.77822,5737.1,0,0,2000,626.179,131.147,2,125.918,152.213,150.213,139.15,0,0,0,47.7451,26.0596,3,-26.2947
2154.6,39081.6,95.0431,4.45725,113.722,139.342,7.77822,5737.88,0,0,2000,626.179,131.147,2,125.918,152.425,150.425,139.342,0,0,0,47.7383,26.0598,3,-26.5068
2154.7,39084.3,95.047,4.4526,113.84,140.062,7.77822,5738.66,0,0,2000,626.179,131.147,2,125.918,153.219,151.219,140.062,0,0,0,47.7312,26.06,3,-27.3012
2154.8,39086.9,95.0521,4.44794,113.957,140.11,7.77822,5739.43,0,0,2000,626.179,131.147,2,125.918,153.271,151.271,140.11,0,0,0,47.7242,26.0602,3,-27.3533
2154.9,39089.6,95.0565,4.44327,114.075,139.64,7.77822,5740.21,0,0,2000,626.179,131.147,2,125.918,152.754,150.754,139.64,0,0,0,47.7172,26.0604,3,-26.8356
2155,39092.2,95.06,4.43859,114.192,139.457,7.77822,5740.99,0,0,2000,626.179,131.147,2,125.918,152.551,150.551,139.457,0,0,0,47.7104,26.0605,3,-26.6335
2155.1,39094.8,95.0639,4.43391,114.309,139.662,7.77822,5741.77,0,0,2000,626.179,131.147,2,125.918,152.778,150.778,139.662,0,0,0,47.7034,26.0607,3,-26.8597
2155.2,39097.5,95.0686,4.42921,114.426,139.803,7.77822,5742.54,0,0,2000,626.179,131.147,2,125.918,152.933,150.933,139.803,0,0,0,47.6964,26.0609,3,-27.0151
2155.3,39100.1,95.0733,4.42451,114.543,140.44,7.77822,5743.32,0,0,2000,626.179,131.147,2,125.918,153.636,151.636,140.44,0,0,0,47.6893,26.0611,3,-27.7175
2155.4,39102.8,95.0808,4.4198,114.66,141.32,7.77822,5744.1,0,0,2000,626.179,131.147,2,125.918,154.607,152.607,141.32,0,0,0,47.6819,26.0613,3,-28.6888
2155.5,39105.4,95.0893,4.41508,114.776,141.596,7.77822,5744.88,0,0,2000,626.179,131.147,2,125.918,154.911,152.911,141.596,0,0,0,47.6744,26.0615,3,-28.9929
2155.6,39108.1,95.098,4.41036,114.893,141.387,7.77822,5745.66,0,0,2000,626.179,131.147,2,125.918,154.68,152.68,141.387,0,0,0,47.6669,26.0617,3,-28.7624
2155.7,39110.7,95.1059,4.40563,115.009,141.018,7.77822,5746.43,0,0,2000,626.179,131.147,2,125.918,154.273,152.273,141.018,0,0,0,47.6596,26.0619,3,-28.3554
2155.8,39113.3,95.1135,4.4009,115.126,140.833,7.77822,5747.21,0,0,2000,626.179,131.147,2,125.918,154.07,152.07,140.833,0,0,0,47.6523,26.0621,3,-28.1516
2155.9,39116,95.1209,4.39616,115.242,141.534,7.77822,5747.99,0,0,2000,626.179,131.147,2,125.918,154.842,152.842,141.534,0,0,0,47.6449,26.0623,3,-28.924
2156,39118.6,95.1315,4.39141,115.358,143.365,7.77822,5748.77,0,0,2000,626.179,131.147,2,125.918,156.862,154.862,143.365,0,0,0,47.6369,26.0626,3,-30.9437
2156.1,39121.3,95.1464,4.38667,115.474,145.538,7.77822,5749.55,0,0,2000,626.179,131.147,2,125.918,159.259,157.259,145.538,0,0,0,47.6283,26.0629,3,-33.3409
2156.2,39123.9,95.1658,4.38191,115.59,147.643,7.77822,5750.32,0,0,2000,626.179,131.147,2,125.918,161.615,159.615,147.643,0,0,0,47.619,26.0633,3,-35.697
2156.3,39126.5,95.1891,4.37716,115.706,149.484,7.77822,5751.1,0,0,2000,626.179,131.147,2,125.918,163.675,161.675,149.484,0,0,0,47.6093,26.0638,3,-37.7566
2156.4,39129.2,95.2159,4.37239,115.821,150.744,7.77822,5751.88,0,0,2000,626.179,131.147,2,125.918,165.084,163.084,150.744,0,0,0,47.5992,26.0643,3,-39.1662
2156.5,39131.8,95.2443,4.36763,115.937,151.147,7.77822,5752.66,0,0,2000,626.179,131.147,2,125.918,165.536,163.536,151.147,0,0,0,47.5889,26.0648,3,-39.6179
2156.6,39134.5,95.2727,4.36286,116.052,150.908,7.77822,5753.43,0,0,2000,626.179,131.147,2,125.918,165.269,163.269,150.908,0,0,0,47.5788,26.0653,3,-39.3512
2156.7,39137.1,95.3002,4.35809,116.168,150.03,7.77822,5754.21,0,0,2000,626.179,131.147,2,125.918,164.286,162.286,150.03,0,0,0,47.5688,26.0658,3,-38.3675
2156.8,39139.8,95.3252,4.35332,116.283,148.867,7.77822,5754.99,0,0,2000,626.179,131.147,2,125.918,162.984,160.984,148.867,0,0,0,47.5593,26.0662,3,-37.0658
2156.9,39142.4,95.3482,4.34854,116.398,147.967,7.77822,5755.77,0,0,2000,626.179,131.147,2,125.918,161.977,159.977,147.967,0,0,0,47.5499,26.0666,3,-36.0588
2157,39145.1,95.3697,4.34376,116.514,147.309,7.77822,5756.55,0,0,2000,626.179,131.147,2,125.918,161.24,159.24,147.309,0,0,0,47.5408,26.067,3,-35.3219
2157.1,39147.7,95.3902,4.33899,116.629,146.686,7.77822,5757.32,0,0,2000,626.179,131.147,2,125.918,160.542,158.542,146.686,0,0,0,47.5319,26.0674,3,-34.6238
2157.2,39150.4,95.4093,4.33421,116.744,146.077,7.77822,5758.1,0,0,2000,626.179,131.147,2,125.918,159.86,157.86,146.077,0,0,0,47.5231,26.0677,3,-33.9421
2157.3,39153,95.4275,4.32943,116.858,145.332,7.77822,5758.88,0,0,2000,626.179,131.147,2,125.918,159.035,157.035,145.332,0,0,0,47.5145,26.068,3,-33.1171
2157.4,39155.7,95.4438,4.32466,116.973,143.941,7.77822,5759.66,0,0,2000,626.179,131.147,2,125.918,157.5,155.5,143.941,0,0,0,47.5064,26.0683,3,-31.5821
2157.5,39158.3,95.4567,4.31988,117.088,142.853,7.77822,5760.43,0,0,2000,626.179,131.147,2,125.918,156.299,154.299,142.853,0,0,0,47.4985,26.0686,3,-30.3814
2157.6,39161,95.4689,4.31511,117.202,142.199,7.77822,5761.21,0,0,2000,626.179,131.147,2,125.918,155.578,153.578,142.199,0,0,0,47.4909,26.0688,3,-29.6602
2157.7,39163.6,95.4794,4.31033,117.317,141.184,7.77822,5761.99,0,0,2000,626.179,131.147,2,125.918,154.458,152.458,141.184,0,0,0,47.4835,26.069,3,-28.5398
2157.8,39166.3,95.4878,4.30557,117.431,139.588,7.77822,5762.77,0,0,2000,626.179,131.147,2,125.918,152.696,150.696,139.588,0,0,0,47.4766,26.0692,3,-26.7776
2157.9,39168.9,95.4922,4.3008,117.545,138.163,7.77822,5763.55,0,0,2000,626.179,131.147,2,125.918,151.123,149.123,138.163,0,0,0,47.4701,26.0693,3,-25.2053
2158,39171.6,95.4953,4.29604,117.659,136.779,7.77822,5764.32,0,0,2000,626.179,131.147,2,125.918,149.596,147.596,136.779,0,0,0,47.464,26.0694,3,-23.6777
2158.1,39174.2,95.4946,4.29128,117.773,134.587,7.77822,5765.1,0,0,2000,626.179,131.147,2,125.918,147.188,145.188,134.587,0,0,0,47.4585,26.0695,3,-21.2704
2158.2,39176.9,95.4893,4.28653,117.887,132.396,7.77822,5765.88,0,0,2000,626.179,131.147,2,125.918,144.794,142.794,132.396,0,0,0,47.4536,26.0695,3,-18.8764
2158.3,39179.5,95.4802,4.28179,118,130.811,7.77822,5766.66,0,0,2000,626.179,131.147,2,125.918,143.063,141.063,130.811,0,0,0,47.4491,26.0695,3,-17.1447
2158.4,39182.2,95.4691,4.27705,118.114,129.387,7.77822,5767.44,0,0,2000,626.179,131.147,2,125.918,141.508,139.508,129.387,0,0,0,47.4451,26.0695,3,-15.5896
2158.5,39184.9,95.4548,4.27232,118.227,128.283,7.77822,5768.21,0,0,2000,626.179,131.147,2,125.918,140.302,138.302,128.283,0,0,0,47.4414,26.0695,3,-14.3839
2158.6,39187.5,95.4398,4.26759,118.34,128.487,7.77822,5768.99,0,0,2000,626.179,131.147,2,125.918,140.524,138.524,128.487,0,0,0,47.4376,26.0695,3,-14.6064
2158.7,39190.2,95.4268,4.26287,118.453,129.404,7.77822,5769.77,0,0,2000,626.179,131.147,2,125.918,141.526,139.526,129.404,0,0,0,47.4336,26.0694,3,-15.6084
2158.8,39192.8,95.4158,4.25817,118.566,130.74,7.77822,5770.55,0,0,2000,626.179,131.147,2,125.918,142.986,140.986,130.74,0,0,0,47.4292,26.0694,3,-17.0681
2158.9,39195.5,95.4085,4.25347,118.679,132.644,7.77822,5771.32,0,0,2000,626.179,131.147,2,125.918,145.065,143.065,132.644,0,0,0,47.4242,26.0695,3,-19.1474
2159,39198.1,95.4055,4.24878,118.792,134.28,7.77822,5772.1,0,0,2000,626.179,131.147,2,125.918,146.852,144.852,134.28,0,0,0,47.4188,26.0695,3,-20.9338
2159.1,39200.8,95.405,4.24409,118.904,135.292,7.77822,5772.88,0,0,2000,626.179,131.147,2,125.918,147.958,145.958,135.292,0,0,0,47.4131,26.0696,3,-22.0397
2159.2,39203.4,95.4063,4.23942,119.017,136.178,7.77822,5773.66,0,0,2000,626.179,131.147,2,125.918,148.933,146.933,136.178,0,0,0,47.4072,26.0697,3,-23.0155
2159.3,39206.1,95.4096,4.23476,119.129,136.712,7.77822,5774.44,0,0,2000,626.179,131.147,2,125.918,149.522,147.522,136.712,0,0,0,47.4011,26.0698,3,-23.6043
2159.4,39208.7,95.4133,4.23011,119.241,136.257,7.77822,5775.21,0,0,2000,626.179,131.147,2,125.918,149.021,147.021,136.257,0,0,0,47.3951,26.0699,3,-23.1027
2159.5,39211.4,95.4151,4.22546,119.353,135.265,7.77822,5775.99,0,0,2000,626.179,131.147,2,125.918,147.928,145.928,135.265,0,0,0,47.3894,26.07,3,-22.01
2159.6,39214,95.4151,4.22083,119.465,134.331,7.77822,5776.77,0,0,2000,626.179,131.147,2,125.918,146.908,144.908,134.331,0,0,0,47.384,26.0701,3,-20.9897
2159.7,39216.7,95.4136,4.21621,119.577,133.665,7.77822,5777.55,0,0,2000,626.179,131.147,2,125.918,146.181,144.181,133.665,0,0,0,47.3788,26.0701,3,-20.2627
2159.8,39219.3,95.4113,4.21161,119.689,133.16,7.77822,5778.32,0,0,2000,626.179,131.147,2,125.918,145.629,143.629,133.16,0,0,0,47.3737,26.0701,3,-19.7115
2159.9,39222,95.4081,4.20701,119.8,133.277,7.77822,5779.1,0,0,2000,626.179,131.147,2,125.918,145.757,143.757,133.277,0,0,0,47.3686,26.0702,3,-19.8389
2160,39224.6,95.4066,4.20243,119.912,133.77,7.77822,5779.88,0,0,2000,626.179,131.147,2,125.918,146.296,144.296,133.77,0,0,0,47.3633,26.0702,3,-20.3778
2160.1,39227.3,95.4057,4.19786,120.023,133.394,7.77822,5780.66,0,0,2000,626.179,131.147,2,125.918,145.884,143.884,133.394,0,0,0,47.3581,26.0703,3,-19.9662
2160.2,39229.9,95.403,4.19331,120.134,132.589,7.77822,5781.44,0,0,2000,626.179,131.147,2,125.918,145.005,143.005,132.589,0,0,0,47.3532,26.0703,3,-19.087
2160.3,39232.6,95.3992,4.18877,120.245,131.829,7.77822,5782.21,0,0,2000,626.179,131.147,2,125.918,144.175,142.175,131.829,0,0,0,47.3485,26.0703,3,-18.2569
2160.4,39235.2,95.3939,4.18425,120.356,130.044,7.77822,5782.99,0,0,2000,626.179,131.147,2,125.918,142.225,140.225,130.044,0,0,0,47.3443,26.0703,3,-16.3072
2160.5,39237.9,95.3834,4.17974,120.467,127.209,7.77822,5783.77,0,0,2000,626.179,131.147,2,125.918,139.129,137.129,127.209,0,0,0,47.3409,26.0703,3,-13.2108
2160.6,39240.5,95.3673,4.17524,120.578,124.764,7.77822,5784.55,0,0,2000,626.179,131.147,2,125.918,136.461,134.461,124.764,0,0,0,47.3381,26.0702,3,-10.5428
2160.7,39243.2,95.3475,4.17077,120.688,123.049,7.77822,5785.33,0,0,2000,626.179,131.147,2,125.918,134.602,132.602,123.049,0,0,0,47.3359,26.0701,3,-8.68385
2160.8,39245.8,95.3251,4.16631,120.799,121.766,7.77822,5786.1,0,0,2000,626.179,131.147,2,125.918,133.212,131.212,121.766,0,0,0,47.334,26.07,3,-7.29427
2160.9,39248.5,95.3008,4.16187,120.909,121.219,7.77822,5786.88,0,0,2000,626.179,131.147,2,125.918,132.619,130.619,121.219,0,0,0,47.3323,26.0699,3,-6.70122
2161,39251.1,95.2767,4.15744,121.019,122.212,7.77822,5787.66,0,0,2000,626.179,131.147,2,125.918,133.695,131.695,122.212,0,0,0,47.3303,26.0698,3,-7.77654
2161.1,39253.7,95.2568,4.15304,121.129,124.011,7.77822,5788.44,0,0,2000,626.179,131.147,2,125.918,135.645,133.645,124.011,0,0,0,47.3278,26.0698,3,-9.72693
2161.2,39256.4,95.2404,4.14865,121.239,125.067,7.77822,5789.21,0,0,2000,626.179,131.147,2,125.918,136.791,134.791,125.067,0,0,0,47.3249,26.0697,3,-10.8729
2161.3,39259,95.2251,4.14429,121.348,125.309,7.77822,5789.99,0,0,2000,626.179,131.147,2,125.918,137.055,135.055,125.309,0,0,0,47.3221,26.0696,3,-11.1366
2161.4,39261.7,95.21,4.13994,121.458,125.053,7.77822,5790.77,0,0,2000,626.179,131.147,2,125.918,136.775,134.775,125.053,0,0,0,47.3193,26.0696,3,-10.8574
2161.5,39264.3,95.1942,4.13561,121.567,124.451,7.77822,5791.55,0,0,2000,626.179,131.147,2,125.918,136.122,134.122,124.451,0,0,0,47.3166,26.0695,3,-10.2036
2161.6,39267,95.1772,4.13131,121.677,124.033,7.77822,5792.33,0,0,2000,626.179,131.147,2,125.918,135.668,133.668,124.033,0,0,0,47.3141,26.0694,3,-9.75024
2161.7,39269.6,95.1601,4.12702,121.786,124.111,7.77822,5793.1,0,0,2000,626.179,131.147,2,125.918,135.753,133.753,124.111,0,0,0,47.3116,26.0694,3,-9.83471
2161.8,39272.3,95.1439,4.12276,121.895,124.421,7.77822,5793.88,0,0,2000,626.179,131.147,2,125.918,136.088,134.088,124.421,0,0,0,47.3089,26.0693,3,-10.1704
2161.9,39274.9,95.1285,4.11851,122.004,124.466,7.77822,5794.66,0,0,2000,626.179,131.147,2,125.918,136.137,134.137,124.466,0,0,0,47.3063,26.0692,3,-10.2189
2162,39277.5,95.1128,4.11429,122.112,123.921,7.77822,5795.44,0,0,2000,626.179,131.147,2,125.918,135.547,133.547,123.921,0,0,0,47.3038,26.0691,3,-9.62862
2162.1,39280.2,95.0957,4.1101,122.221,122.778,7.77822,5796.21,0,0,2000,626.179,131.147,2,125.918,134.308,132.308,122.778,0,0,0,47.3016,26.0691,3,-8.39033
2162.2,39282.8,95.076,4.10592,122.33,121.02,7.77822,5796.99,0,0,2000,626.179,131.147,2,125.918,132.404,130.404,121.02,0,0,0,47.3,26.069,3,-6.48597
2162.3,39285.5,95.0523,4.10177,122.438,119.432,7.77822,5797.77,0,0,2000,626.179,131.147,2,125.918,130.683,128.683,119.432,0,0,0,47.2987,26.0689,3,-4.76511
2162.4,39288.1,95.0267,4.09764,122.546,118.966,7.77822,5798.55,0,0,2000,626.179,131.147,2,125.918,130.178,128.178,118.966,0,0,0,47.2976,26.0688,3,-4.26017
2162.5,39290.7,95.0018,4.09354,122.654,119.531,7.77822,5799.33,0,0,2000,626.179,131.147,2,125.918,130.791,128.791,119.531,0,0,0,47.2964,26.0687,3,-4.87267
2162.6,39293.4,94.9789,4.08946,122.762,120.647,7.77822,5800.1,0,0,2000,626.179,131.147,2,125.918,131.999,129.999,120.647,0,0,0,47.2948,26.0686,3,-6.08145
2162.7,39296,94.9589,4.0854,122.87,121.92,7.77822,5800.88,0,0,2000,626.179,131.147,2,125.918,133.379,131.379,121.92,0,0,0,47.2929,26.0685,3,-7.46078
2162.8,39298.7,94.9416,4.08137,122.978,123.052,7.77822,5801.66,0,0,2000,626.179,131.147,2,125.918,134.604,132.604,123.052,0,0,0,47.2906,26.0684,3,-8.68649
2162.9,39301.3,94.9264,4.07737,123.085,124.568,7.77822,5802.44,0,0,2000,626.179,131.147,2,125.918,136.248,134.248,124.568,0,0,0,47.288,26.0683,3,-10.3305
2163,39303.9,94.9155,4.07339,123.193,125.962,7.77822,5803.22,0,0,2000,626.179,131.147,2,125.918,137.77,135.77,125.962,0,0,0,47.2849,26.0683,3,-11.8519
2163.1,39306.6,94.9063,4.06944,123.3,127.023,7.77822,5803.99,0,0,2000,626.179,131.147,2,125.918,138.928,136.928,127.023,0,0,0,47.2815,26.0682,3,-13.0103
2163.2,39309.2,94.9,4.06551,123.407,128.401,7.77822,5804.77,0,0,2000,626.179,131.147,2,125.918,140.432,138.432,128.401,0,0,0,47.2778,26.0682,3,-14.5138
2163.3,39311.8,94.8966,4.06161,123.514,130.044,7.77822,5805.55,0,0,2000,626.179,131.147,2,125.918,142.225,140.225,130.044,0,0,0,47.2736,26.0682,3,-16.3072
2163.4,39314.5,94.8971,4.05774,123.622,130.63,7.77822,5806.33,0,0,2000,626.179,131.147,2,125.918,142.865,140.865,130.63,0,0,0,47.2692,26.0682,3,-16.947
2163.5,39317.1,94.8963,4.05389,123.728,129.476,7.77822,5807.1,0,0,2000,626.179,131.147,2,125.918,141.606,139.606,129.476,0,0,0,47.2651,26.0682,3,-15.6876
2163.6,39319.7,94.8925,4.05007,123.835,127.436,7.77822,5807.88,0,0,2000,626.179,131.147,2,125.918,139.379,137.379,127.436,0,0,0,47.2617,26.0681,3,-13.4615
2163.7,39322.4,94.8839,4.04628,123.942,124.845,7.77822,5808.66,0,0,2000,626.179,131.147,2,125.918,136.551,134.551,124.845,0,0,0,47.2589,26.0681,3,-10.6333
2163.8,39325,94.8701,4.04252,124.049,122.133,7.77822,5809.44,0,0,2000,626.179,131.147,2,125.918,133.609,131.609,122.133,0,0,0,47.2569,26.068,3,-7.69105
2163.9,39327.7,94.851,4.03879,124.155,120.096,7.77822,5810.22,0,0,2000,626.179,131.147,2,125.918,131.403,129.403,120.096,0,0,0,47.2555,26.0679,3,-5.48476
2164,39330.3,94.8296,4.03509,124.261,119.386,7.77822,5810.99,0,0,2000,626.179,131.147,2,125.918,130.634,128.634,119.386,0,0,0,47.2543,26.0678,3,-4.71584
2164.1,39332.9,94.8081,4.03141,124.368,119.182,7.77822,5811.77,0,0,2000,626.179,131.147,2,125.918,130.413,128.413,119.182,0,0,0,47.2531,26.0677,3,-4.49531
2164.2,39335.6,94.7863,4.02777,124.474,119.344,7.77822,5812.55,0,0,2000,626.179,131.147,2,125.918,130.589,128.589,119.344,0,0,0,47.2519,26.0676,3,-4.67062
2164.3,39338.2,94.7659,4.02416,124.58,120.073,7.77822,5813.33,0,0,2000,626.179,131.147,2,125.918,131.378,129.378,120.073,0,0,0,47.2505,26.0675,3,-5.45989
2164.4,39340.8,94.7474,4.02058,124.686,120.477,7.77822,5814.1,0,0,2000,626.179,131.147,2,125.918,131.816,129.816,120.477,0,0,0,47.249,26.0674,3,-5.89799
2164.5,39343.5,94.7291,4.01703,124.791,121.038,7.77822,5814.88,0,0,2000,626.179,131.147,2,125.918,132.423,130.423,121.038,0,0,0,47.2473,26.0673,3,-6.50541
2164.6,39346.1,94.7132,4.01351,124.897,122.557,7.77822,5815.66,0,0,2000,626.179,131.147,2,125.918,134.068,132.068,122.557,0,0,0,47.2452,26.0672,3,-8.15024
2164.7,39348.7,94.7013,4.01002,125.002,124.116,7.77822,5816.44,0,0,2000,626.179,131.147,2,125.918,135.758,133.758,124.116,0,0,0,47.2427,26.0671,3,-9.83954
2164.8,39351.3,94.692,4.00657,125.108,124.999,7.77822,5817.22,0,0,2000,626.179,131.147,2,125.918,136.721,134.721,124.999,0,0,0,47.2399,26.067,3,-10.8031
2164.9,39354,94.684,4.00314,125.213,125.74,7.77822,5817.99,0,0,2000,626.179,131.147,2,125.918,137.529,135.529,125.74,0,0,0,47.2369,26.067,3,-11.611
2165,39356.6,94.6779,3.99975,125.319,125.736,7.77822,5818.77,0,0,2000,626.179,131.147,2,125.918,137.525,135.525,125.736,0,0,0,47.2339,26.0669,3,-11.6067
2165.1,39359.2,94.6701,3.99639,125.424,124.914,7.77822,5819.55,0,0,2000,626.179,131.147,2,125.918,136.628,134.628,124.914,0,0,0,47.2311,26.0669,3,-10.7097
2165.2,39361.9,94.6611,3.99307,125.529,124.961,7.77822,5820.33,0,0,2000,626.179,131.147,2,125.918,136.68,134.68,124.961,0,0,0,47.2283,26.0668,3,-10.7619
2165.3,39364.5,94.6538,3.98978,125.634,125.615,7.77822,5821.1,0,0,2000,626.179,131.147,2,125.918,137.393,135.393,125.615,0,0,0,47.2254,26.0667,3,-11.4755
2165.4,39367.1,94.6477,3.98652,125.738,126.31,7.77822,5821.88,0,0,2000,626.179,131.147,2,125.918,138.151,136.151,126.31,0,0,0,47.2222,26.0667,3,-12.2333
2165.5,39369.8,94.6434,3.98329,125.843,127.556,7.77822,5822.66,0,0,2000,626.179,131.147,2,125.918,139.512,137.512,127.556,0,0,0,47.2187,26.0666,3,-13.5938
2165.6,39372.4,94.6425,3.98011,125.948,129.134,7.77822,5823.44,0,0,2000,626.179,131.147,2,125.918,141.233,139.233,129.134,0,0,0,47.2147,26.0666,3,-15.3153
2165.7,39375,94.6448,3.97695,126.053,130.202,7.77822,5824.22,0,0,2000,626.179,131.147,2,125.918,142.398,140.398,130.202,0,0,0,47.2105,26.0666,3,-16.4803
2165.8,39377.6,94.6484,3.97383,126.157,130.423,7.77822,5824.99,0,0,2000,626.179,131.147,2,125.918,142.639,140.639,130.423,0,0,0,47.2062,26.0666,3,-16.7215
2165.9,39380.3,94.6517,3.97074,126.261,130.378,7.77822,5825.77,0,0,2000,626.179,131.147,2,125.918,142.59,140.59,130.378,0,0,0,47.2018,26.0666,3,-16.6725
2166,39382.9,94.6553,3.96769,126.366,130.573,7.77822,5826.55,0,0,2000,626.179,131.147,2,125.918,142.803,140.803,130.573,0,0,0,47.1975,26.0666,3,-16.8851
2166.1,39385.5,94.6595,3.96468,126.47,131.058,7.77822,5827.33,0,0,2000,626.179,131.147,2,125.918,143.333,141.333,131.058,0,0,0,47.193,26.0666,3,-17.4147
2166.2,39388.2,94.6652,3.9617,126.574,131.764,7.77822,5828.11,0,0,2000,626.179,131.147,2,125.918,144.103,142.103,131.764,0,0,0,47.1883,26.0666,3,-18.1848
2166.3,39390.8,94.6724,3.95875,126.678,133.161,7.77822,5828.88,0,0,2000,626.179,131.147,2,125.918,145.627,143.627,133.161,0,0,0,47.1832,26.0667,3,-19.7094
2166.4,39393.4,94.6838,3.95584,126.783,135.168,7.77822,5829.66,0,0,2000,626.179,131.147,2,125.918,147.826,145.826,135.168,0,0,0,47.1775,26.0667,3,-21.9078
2166.5,39396,94.6991,3.95297,126.887,136.583,7.77822,5830.44,0,0,2000,626.179,131.147,2,125.918,149.385,147.385,136.583,0,0,0,47.1715,26.0669,3,-23.4669
2166.6,39398.7,94.7162,3.95014,126.991,136.61,7.77822,5831.22,0,0,2000,626.179,131.147,2,125.918,149.414,147.414,136.61,0,0,0,47.1654,26.067,3,-23.4965
2166.7,39401.3,94.7317,3.94734,127.094,135.567,7.77822,5831.99,0,0,2000,626.179,131.147,2,125.918,148.265,146.265,135.567,0,0,0,47.1596,26.067,3,-22.3472
2166.8,39403.9,94.7446,3.94458,127.198,134.4,7.77822,5832.77,0,0,2000,626.179,131.147,2,125.918,146.98,144.98,134.4,0,0,0,47.1542,26.0671,3,-21.0617
2166.9,39406.6,94.7555,3.94185,127.302,133.626,7.77822,5833.55,0,0,2000,626.179,131.147,2,125.918,146.135,144.135,133.626,0,0,0,47.149,26.0672,3,-20.2173
2167,39409.2,94.7654,3.93917,127.406,133.57,7.77822,5834.33,0,0,2000,626.179,131.147,2,125.918,146.075,144.075,133.57,0,0,0,47.1438,26.0672,3,-20.1565
2167.1,39411.8,94.7762,3.93652,127.509,134.407,7.77822,5835.11,0,0,2000,626.179,131.147,2,125.918,146.988,144.988,134.407,0,0,0,47.1383,26.0673,3,-21.0701
2167.2,39414.5,94.7895,3.93391,127.613,135.434,7.77822,5835.88,0,0,2000,626.179,131.147,2,125.918,148.117,146.117,135.434,0,0,0,47.1326,26.0673,3,-22.199
2167.3,39417.1,94.8044,3.93134,127.717,136.159,7.77822,5836.66,0,0,2000,626.179,131.147,2,125.918,148.916,146.916,136.159,0,0,0,47.1266,26.0674,3,-22.9982
2167.4,39419.7,94.8207,3.92881,127.82,136.62,7.77822,5837.44,0,0,2000,626.179,131.147,2,125.918,149.425,147.425,136.62,0,0,0,47.1206,26.0675,3,-23.5066
2167.5,39422.4,94.8374,3.92631,127.924,136.826,7.77822,5838.22,0,0,2000,626.179,131.147,2,125.918,149.652,147.652,136.826,0,0,0,47.1144,26.0677,3,-23.7339
2167.6,39425,94.8545,3.92386,128.027,137.37,7.77822,5838.99,0,0,2000,626.179,131.147,2,125.918,150.251,148.251,137.37,0,0,0,47.1081,26.0678,3,-24.3329
2167.7,39427.6,94.8734,3.92144,128.13,138.032,7.77822,5839.77,0,0,2000,626.179,131.147,2,125.918,150.98,148.98,138.032,0,0,0,47.1017,26.0679,3,-25.0622
2167.8,39430.3,94.8931,3.91907,128.234,137.952,7.77822,5840.55,0,0,2000,626.179,131.147,2,125.918,150.893,148.893,137.952,0,0,0,47.0952,26.068,3,-24.9747
2167.9,39432.9,94.9117,3.91673,128.337,137.217,7.77822,5841.33,0,0,2000,626.179,131.147,2,125.918,150.082,148.082,137.217,0,0,0,47.089,26.0682,3,-24.1643
2168,39435.5,94.9285,3.91444,128.44,136.301,7.77822,5842.11,0,0,2000,626.179,131.147,2,125.918,149.072,147.072,136.301,0,0,0,47.083,26.0683,3,-23.1541
2168.1,39438.2,94.9434,3.91218,128.543,134.878,7.77822,5842.88,0,0,2000,626.179,131.147,2,125.918,147.503,145.503,134.878,0,0,0,47.0774,26.0683,3,-21.5849
2168.2,39440.8,94.9545,3.90997,128.647,132.864,7.77822,5843.66,0,0,2000,626.179,131.147,2,125.918,145.304,143.304,132.864,0,0,0,47.0724,26.0684,3,-19.3859
2168.3,39443.5,94.9614,3.9078,128.75,131.366,7.77822,5844.44,0,0,2000,626.179,131.147,2,125.918,143.669,141.669,131.366,0,0,0,47.0678,26.0684,3,-17.7507
2168.4,39446.1,94.9667,3.90567,128.853,130.743,7.77822,5845.22,0,0,2000,626.179,131.147,2,125.918,142.989,140.989,130.743,0,0,0,47.0634,26.0684,3,-17.0713
2168.5,39448.7,94.9712,3.90358,128.956,129.855,7.77822,5846,0,0,2000,626.179,131.147,2,125.918,142.02,140.02,129.855,0,0,0,47.0592,26.0684,3,-16.1019
2168.6,39451.4,94.9731,3.90153,129.059,128.819,7.77822,5846.77,0,0,2000,626.179,131.147,2,125.918,140.889,138.889,128.819,0,0,0,47.0554,26.0683,3,-14.9707
2168.7,39454,94.9736,3.89952,129.162,129.275,7.77822,5847.55,0,0,2000,626.179,131.147,2,125.918,141.386,139.386,129.275,0,0,0,47.0514,26.0683,3,-15.4684
2168.8,39456.7,94.9774,3.89756,129.264,130.435,7.77822,5848.33,0,0,2000,626.179,131.147,2,125.918,142.653,140.653,130.435,0,0,0,47.0471,26.0683,3,-16.7347
2168.9,39459.3,94.9826,3.89564,129.367,130.645,7.77822,5849.11,0,0,2000,626.179,131.147,2,125.918,142.882,140.882,130.645,0,0,0,47.0427,26.0683,3,-16.964
2169,39461.9,94.9873,3.89376,129.47,130.631,7.77822,5849.88,0,0,2000,626.179,131.147,2,125.918,142.867,140.867,130.631,0,0,0,47.0383,26.0683,3,-16.9489
2169.1,39464.6,94.9926,3.89193,129.573,130.647,7.77822,5850.66,0,0,2000,626.179,131.147,2,125.918,142.884,140.884,130.647,0,0,0,47.0339,26.0683,3,-16.9663
2169.2,39467.2,94.9974,3.89013,129.675,129.789,7.77822,5851.44,0,0,2000,626.179,131.147,2,125.918,141.947,139.947,129.789,0,0,0,47.0298,26.0683,3,-16.0294
2169.3,39469.8,94.9994,3.88839,129.778,128.857,7.77822,5852.22,0,0,2000,626.179,131.147,2,125.918,140.93,138.93,128.857,0,0,0,47.0259,26.0683,3,-15.012
2169.4,39472.5,95.0006,3.88668,129.881,128.402,7.77822,5853,0,0,2000,626.179,131.147,2,125.918,140.433,138.433,128.402,0,0,0,47.0221,26.0683,3,-14.5154
2169.5,39475.1,95.0009,3.88502,129.983,127.83,7.77822,5853.77,0,0,2000,626.179,131.147,2,125.918,139.808,137.808,127.83,0,0,0,47.0185,26.0682,3,-13.8905
2169.6,39477.8,94.9999,3.8834,130.086,127.285,7.77822,5854.55,0,0,2000,626.179,131.147,2,125.918,139.214,137.214,127.285,0,0,0,47.0151,26.0682,3,-13.2961
2169.7,39480.4,94.9981,3.88182,130.188,126.746,7.77822,5855.33,0,0,2000,626.179,131.147,2,125.918,138.625,136.625,126.746,0,0,0,47.0118,26.0681,3,-12.7074
2169.8,39483,94.9952,3.88029,130.291,125.678,7.77822,5856.11,0,0,2000,626.179,131.147,2,125.918,137.46,135.46,125.678,0,0,0,47.0088,26.0681,3,-11.5418
2169.9,39485.7,94.9892,3.87881,130.393,123.797,7.77822,5856.88,0,0,2000,626.179,131.147,2,125.918,135.412,133.412,123.797,0,0,0,47.0064,26.068,3,-9.4943
2170,39488.3,94.979,3.87736,130.495,122.181,7.77822,5857.66,0,0,2000,626.179,131.147,2,125.918,133.662,131.662,122.181,0,0,0,47.0044,26.0679,3,-7.74388
2170.1,39491,94.9668,3.87597,130.597,120.837,7.77822,5858.44,0,0,2000,626.179,131.147,2,125.918,132.206,130.206,120.837,0,0,0,47.0028,26.0678,3,-6.28774
2170.2,39493.6,94.9514,3.87461,130.7,119.477,7.77822,5859.22,0,0,2000,626.179,131.147,2,125.918,130.732,128.732,119.477,0,0,0,47.0015,26.0677,3,-4.81382
2170.3,39496.2,94.9341,3.87331,130.802,118.454,7.77822,5860,0,0,2000,626.179,131.147,2,125.918,129.624,127.624,118.454,0,0,0,47.0006,26.0676,3,-3.7058
2170.4,39498.9,94.9148,3.87204,130.904,118.839,7.77822,5860.77,0,0,2000,626.179,131.147,2,125.918,130.041,128.041,118.839,0,0,0,46.9995,26.0675,3,-4.12255
2170.5,39501.5,94.8993,3.87083,131.006,119.814,7.77822,5861.55,0,0,2000,626.179,131.147,2,125.918,131.097,129.097,119.814,0,0,0,46.9982,26.0674,3,-5.17902
2170.6,39504.1,94.8841,3.86965,131.108,120.286,7.77822,5862.33,0,0,2000,626.179,131.147,2,125.918,131.608,129.608,120.286,0,0,0,46.9967,26.0673,3,-5.69026
2170.7,39506.8,94.8707,3.86853,131.21,120.662,7.77822,5863.11,0,0,2000,626.179,131.147,2,125.918,132.016,130.016,120.662,0,0,0,46.9951,26.0672,3,-6.09818
2170.8,39509.4,94.8572,3.86744,131.312,120.67,7.77822,5863.89,0,0,2000,626.179,131.147,2,125.918,132.025,130.025,120.67,0,0,0,46.9935,26.0671,3,-6.10677
2170.9,39512,94.844,3.86641,131.414,120.296,7.77822,5864.66,0,0,2000,626.179,131.147,2,125.918,131.619,129.619,120.296,0,0,0,46.9921,26.067,3,-5.70113
2171,39514.7,94.8292,3.86542,131.516,119.965,7.77822,5865.44,0,0,2000,626.179,131.147,2,125.918,131.261,129.261,119.965,0,0,0,46.9907,26.0669,3,-5.3433
2171.1,39517.3,94.8149,3.86447,131.617,120.296,7.77822,5866.22,0,0,2000,626.179,131.147,2,125.918,131.619,129.619,120.296,0,0,0,46.9892,26.0668,3,-5.70148
2171.2,39519.9,94.8016,3.86357,131.719,121.473,7.77822,5867,0,0,2000,626.179,131.147,2,125.918,132.894,130.894,121.473,0,0,0,46.9874,26.0667,3,-6.97617
2171.3,39522.6,94.7922,3.86271,131.821,123.135,7.77822,5867.77,0,0,2000,626.179,131.147,2,125.918,134.694,132.694,123.135,0,0,0,46.9851,26.0666,3,-8.77617
2171.4,39525.2,94.7857,3.8619,131.923,124.19,7.77822,5868.55,0,0,2000,626.179,131.147,2,125.918,135.838,133.838,124.19,0,0,0,46.9826,26.0666,3,-9.91984
2171.5,39527.8,94.7805,3.86114,132.024,124.968,7.77822,5869.33,0,0,2000,626.179,131.147,2,125.918,136.686,134.686,124.968,0,0,0,46.9798,26.0665,3,-10.7681
2171.6,39530.5,94.7772,3.86042,132.126,125.412,7.77822,5870.11,0,0,2000,626.179,131.147,2,125.918,137.171,135.171,125.412,0,0,0,46.9769,26.0664,3,-11.2531
2171.7,39533.1,94.7739,3.85975,132.228,125.667,7.77822,5870.89,0,0,2000,626.179,131.147,2,125.918,137.449,135.449,125.667,0,0,0,46.9739,26.0664,3,-11.5308
2171.8,39535.7,94.7717,3.85912,132.329,126.667,7.77822,5871.66,0,0,2000,626.179,131.147,2,125.918,138.54,136.54,126.667,0,0,0,46.9707,26.0663,3,-12.6221
2171.9,39538.4,94.7725,3.85854,132.431,128.35,7.77822,5872.44,0,0,2000,626.179,131.147,2,125.918,140.377,138.377,128.35,0,0,0,46.9669,26.0663,3,-14.4589
2172,39541,94.777,3.85801,132.532,130.027,7.77822,5873.22,0,0,2000,626.179,131.147,2,125.918,142.207,140.207,130.027,0,0,0,46.9627,26.0663,3,-16.2893
2172.1,39543.6,94.7844,3.85752,132.634,131.668,7.77822,5874,0,0,2000,626.179,131.147,2,125.918,143.999,141.999,131.668,0,0,0,46.958,26.0663,3,-18.0808
2172.2,39546.3,94.7954,3.85707,132.735,132.72,7.77822,5874.77,0,0,2000,626.179,131.147,2,125.918,145.147,143.147,132.72,0,0,0,46.9531,26.0663,3,-19.229
2172.3,39548.9,94.807,3.85667,132.837,132.701,7.77822,5875.55,0,0,2000,626.179,131.147,2,125.918,145.126,143.126,132.701,0,0,0,46.9481,26.0664,3,-19.2078
2172.4,39551.5,94.8179,3.85632,132.939,132.682,7.77822,5876.33,0,0,2000,626.179,131.147,2,125.918,145.105,143.105,132.682,0,0,0,46.9431,26.0664,3,-19.1872
2172.5,39554.2,94.8293,3.85602,133.04,132.964,7.77822,5877.11,0,0,2000,626.179,131.147,2,125.918,145.413,143.413,132.964,0,0,0,46.9381,26.0664,3,-19.4949
2172.6,39556.8,94.8412,3.85576,133.142,133.369,7.77822,5877.89,0,0,2000,626.179,131.147,2,125.918,145.855,143.855,133.369,0,0,0,46.933,26.0665,3,-19.9372
2172.7,39559.4,94.8541,3.85554,133.243,133.784,7.77822,5878.66,0,0,2000,626.179,131.147,2,125.918,146.308,144.308,133.784,0,0,0,46.9277,26.0665,3,-20.3899
2172.8,39562.1,94.8675,3.85537,133.345,133.893,7.77822,5879.44,0,0,2000,626.179,131.147,2,125.918,146.427,144.427,133.893,0,0,0,46.9224,26.0666,3,-20.5087
2172.9,39564.7,94.8807,3.85525,133.447,133.349,7.77822,5880.22,0,0,2000,626.179,131.147,2,125.918,145.833,143.833,133.349,0,0,0,46.9172,26.0666,3,-19.9154
2173,39567.4,94.8919,3.85517,133.548,132.568,7.77822,5881,0,0,2000,626.179,131.147,2,125.918,144.98,142.98,132.568,0,0,0,46.9123,26.0667,3,-19.0623
2173.1,39570,94.9019,3.85514,133.65,131.713,7.77822,5881.78,0,0,2000,626.179,131.147,2,125.918,144.047,142.047,131.713,0,0,0,46.9076,26.0667,3,-18.1291
2173.2,39572.6,94.9096,3.85516,133.751,130.955,7.77822,5882.55,0,0,2000,626.179,131.147,2,125.918,143.221,141.221,130.955,0,0,0,46.9032,26.0667,3,-17.3026
2173.3,39575.3,94.9165,3.85522,133.853,131.098,7.77822,5883.33,0,0,2000,626.179,131.147,2,125.918,143.376,141.376,131.098,0,0,0,46.8987,26.0667,3,-17.4579
2173.4,39577.9,94.9247,3.85533,133.955,131.395,7.77822,5884.11,0,0,2000,626.179,131.147,2,125.918,143.701,141.701,131.395,0,0,0,46.8941,26.0667,3,-17.7828
2173.5,39580.5,94.9327,3.85548,134.056,130.872,7.77822,5884.89,0,0,2000,626.179,131.147,2,125.918,143.129,141.129,130.872,0,0,0,46.8896,26.0667,3,-17.2111
2173.6,39583.2,94.9387,3.85568,134.158,130.239,7.77822,5885.66,0,0,2000,626.179,131.147,2,125.918,142.439,140.439,130.239,0,0,0,46.8853,26.0667,3,-16.5208
2173.7,39585.8,94.9442,3.85593,134.26,130.198,7.77822,5886.44,0,0,2000,626.179,131.147,2,125.918,142.394,140.394,130.198,0,0,0,46.8811,26.0667,3,-16.476
2173.8,39588.4,94.95,3.85622,134.361,130.104,7.77822,5887.22,0,0,2000,626.179,131.147,2,125.918,142.292,140.292,130.104,0,0,0,46.8769,26.0667,3,-16.3738
2173.9,39591.1,94.955,3.85655,134.463,130.119,7.77822,5888,0,0,2000,626.179,131.147,2,125.918,142.308,140.308,130.119,0,0,0,46.8726,26.0667,3,-16.39
2174,39593.7,94.9607,3.85694,134.565,130.714,7.77822,5888.78,0,0,2000,626.179,131.147,2,125.918,142.957,140.957,130.714,0,0,0,46.8682,26.0667,3,-17.0388
2174.1,39596.4,94.968,3.85737,134.667,131.142,7.77822,5889.55,0,0,2000,626.179,131.147,2,125.918,143.424,141.424,131.142,0,0,0,46.8637,26.0667,3,-17.5063
2174.2,39599,94.9754,3.85784,134.768,131.043,7.77822,5890.33,0,0,2000,626.179,131.147,2,125.918,143.317,141.317,131.043,0,0,0,46.8592,26.0667,3,-17.3988
2174.3,39601.6,94.9822,3.85836,134.87,130.599,7.77822,5891.11,0,0,2000,626.179,131.147,2,125.918,142.832,140.832,130.599,0,0,0,46.8548,26.0667,3,-16.9135
2174.4,39604.3,94.9877,3.85892,134.972,129.916,7.77822,5891.89,0,0,2000,626.179,131.147,2,125.918,142.086,140.086,129.916,0,0,0,46.8507,26.0667,3,-16.1684
2174.5,39606.9,94.9916,3.85953,135.074,128.948,7.77822,5892.66,0,0,2000,626.179,131.147,2,125.918,141.029,139.029,128.948,0,0,0,46.8468,26.0667,3,-15.1111
2174.6,39609.6,94.9932,3.86019,135.176,127.737,7.77822,5893.44,0,0,2000,626.179,131.147,2,125.918,139.707,137.707,127.737,0,0,0,46.8432,26.0666,3,-13.789
2174.7,39612.2,94.9923,3.86089,135.278,126.107,7.77822,5894.22,0,0,2000,626.179,131.147,2,125.918,137.928,135.928,126.107,0,0,0,46.8401,26.0666,3,-12.0101
2174.8,39614.8,94.9874,3.86164,135.379,124.273,7.77822,5895,0,0,2000,626.179,131.147,2,125.918,135.927,133.927,124.273,0,0,0,46.8375,26.0665,3,-10.0094
2174.9,39617.5,94.9792,3.86243,135.481,122.615,7.77822,5895.78,0,0,2000,626.179,131.147,2,125.918,134.131,132.131,122.615,0,0,0,46.8354,26.0664,3,-8.21299
2175,39620.1,94.9677,3.86326,135.583,121.734,7.77822,5896.55,0,0,2000,626.179,131.147,2,125.918,133.177,131.177,121.734,0,0,0,46.8335,26.0663,3,-7.25895
2175.1,39622.7,94.9561,3.86414,135.685,121.918,7.77822,5897.33,0,0,2000,626.179,131.147,2,125.918,133.376,131.376,121.918,0,0,0,46.8316,26.0662,3,-7.45842
2175.2,39625.4,94.9453,3.86507,135.787,122.742,7.77822,5898.11,0,0,2000,626.179,131.147,2,125.918,134.268,132.268,122.742,0,0,0,46.8294,26.0662,3,-8.35051
2175.3,39628,94.937,3.86604,135.889,123.177,7.77822,5898.89,0,0,2000,626.179,131.147,2,125.918,134.74,132.74,123.177,0,0,0,46.8271,26.0661,3,-8.82208
2175.4,39630.7,94.928,3.86705,135.991,123.537,7.77822,5899.67,0,0,2000,626.179,131.147,2,125.918,135.131,133.131,123.537,0,0,0,46.8248,26.066,3,-9.21259
2175.5,39633.3,94.9211,3.86811,136.093,123.496,7.77822,5900.44,0,0,2000,626.179,131.147,2,125.918,135.086,133.086,123.496,0,0,0,46.8224,26.0659,3,-9.16808
2175.6,39635.9,94.9119,3.86921,136.195,122.48,7.77822,5901.22,0,0,2000,626.179,131.147,2,125.918,133.985,131.985,122.48,0,0,0,46.8203,26.0658,3,-8.06732
2175.7,39638.6,94.901,3.87036,136.297,121.285,7.77822,5902,0,0,2000,626.179,131.147,2,125.918,132.69,130.69,121.285,0,0,0,46.8186,26.0657,3,-6.77244
2175.8,39641.2,94.8871,3.87154,136.399,121.007,7.77822,5902.78,0,0,2000,626.179,131.147,2,125.918,132.389,130.389,121.007,0,0,0,46.8169,26.0656,3,-6.47144
2175.9,39643.8,94.8751,3.87278,136.501,121.222,7.77822,5903.55,0,0,2000,626.179,131.147,2,125.918,132.623,130.623,121.222,0,0,0,46.8152,26.0655,3,-6.7047
2176,39646.5,94.8621,3.87405,136.603,121.019,7.77822,5904.33,0,0,2000,626.179,131.147,2,125.918,132.403,130.403,121.019,0,0,0,46.8135,26.0655,3,-6.48452
2176.1,39649.1,94.8493,3.87537,136.705,121.135,7.77822,5905.11,0,0,2000,626.179,131.147,2,125.918,132.529,130.529,121.135,0,0,0,46.8118,26.0654,3,-6.61053
2176.2,39651.7,94.8368,3.87673,136.807,121.499,7.77822,5905.89,0,0,2000,626.179,131.147,2,125.918,132.923,130.923,121.499,0,0,0,46.81,26.0653,3,-7.00501
2176.3,39654.4,94.8255,3.87814,136.909,121.947,7.77822,5906.67,0,0,2000,626.179,131.147,2,125.918,133.407,131.407,121.947,0,0,0,46.808,26.0652,3,-7.48927
2176.4,39657,94.8148,3.87958,137.012,122.608,7.77822,5907.44,0,0,2000,626.179,131.147,2,125.918,134.124,132.124,122.608,0,0,0,46.8059,26.0651,3,-8.20558
2176.5,39659.6,94.8061,3.88107,137.114,124.101,7.77822,5908.22,0,0,2000,626.179,131.147,2,125.918,135.741,133.741,124.101,0,0,0,46.8034,26.065,3,-9.82272
2176.6,39662.3,94.8013,3.8826,137.216,126.635,7.77822,5909,0,0,2000,626.179,131.147,2,125.918,138.505,136.505,126.635,0,0,0,46.8001,26.065,3,-12.5872
2176.7,39664.9,94.8027,3.88418,137.318,129.81,7.77822,5909.78,0,0,2000,626.179,131.147,2,125.918,141.97,139.97,129.81,0,0,0,46.796,26.065,3,-16.0523
2176.8,39667.5,94.8104,3.88579,137.421,132.633,7.77822,5910.55,0,0,2000,626.179,131.147,2,125.918,145.052,143.052,132.633,0,0,0,46.791,26.065,3,-19.1335
2176.9,39670.2,94.8228,3.88745,137.523,135.104,7.77822,5911.33,0,0,2000,626.179,131.147,2,125.918,147.753,145.753,135.104,0,0,0,46.7854,26.0651,3,-21.8351
2177,39672.8,94.8401,3.88915,137.625,137.791,7.77822,5912.11,0,0,2000,626.179,131.147,2,125.918,150.715,148.715,137.791,0,0,0,46.779,26.0652,3,-24.797
2177.1,39675.4,94.863,3.89089,137.728,139.756,7.77822,5912.89,0,0,2000,626.179,131.147,2,125.918,152.881,150.881,139.756,0,0,0,46.772,26.0654,3,-26.9628
2177.2,39678.1,94.8878,3.89267,137.831,140.861,7.77822,5913.67,0,0,2000,626.179,131.147,2,125.918,154.099,152.099,140.861,0,0,0,46.7647,26.0656,3,-28.181
2177.3,39680.7,94.9147,3.8945,137.933,142.048,7.77822,5914.44,0,0,2000,626.179,131.147,2,125.918,155.408,153.408,142.048,0,0,0,46.7571,26.0658,3,-29.4901
2177.4,39683.4,94.9438,3.89636,138.036,143.073,7.77822,5915.22,0,0,2000,626.179,131.147,2,125.918,156.539,154.539,143.073,0,0,0,46.7492,26.0661,3,-30.6208
2177.5,39686,94.9743,3.89827,138.139,143.26,7.77822,5916,0,0,2000,626.179,131.147,2,125.918,156.745,154.745,143.26,0,0,0,46.7412,26.0663,3,-30.8273
2177.6,39688.6,95.0038,3.90021,138.242,143.146,7.77822,5916.78,0,0,2000,626.179,131.147,2,125.918,156.62,154.62,143.146,0,0,0,46.7333,26.0666,3,-30.7015
2177.7,39691.3,95.0335,3.9022,138.345,143.287,7.77822,5917.55,0,0,2000,626.179,131.147,2,125.918,156.776,154.776,143.287,0,0,0,46.7253,26.0669,3,-30.8576
2177.8,39693.9,95.0631,3.90423,138.448,143.327,7.77822,5918.33,0,0,2000,626.179,131.147,2,125.918,156.82,154.82,143.327,0,0,0,46.7173,26.0671,3,-30.9017
2177.9,39696.5,95.0925,3.9063,138.551,143.245,7.77822,5919.11,0,0,2000,626.179,131.147,2,125.918,156.73,154.73,143.245,0,0,0,46.7094,26.0674,3,-30.8117
2178,39699.2,95.1213,3.90841,138.654,143.207,7.77822,5919.89,0,0,2000,626.179,131.147,2,125.918,156.688,154.688,143.207,0,0,0,46.7014,26.0677,3,-30.7696
2178.1,39701.8,95.1501,3.91056,138.757,143.365,7.77822,5920.67,0,0,2000,626.179,131.147,2,125.918,156.862,154.862,143.365,0,0,0,46.6934,26.0679,3,-30.9439
2178.2,39704.5,95.1791,3.91275,138.861,142.92,7.77822,5921.44,0,0,2000,626.179,131.147,2,125.918,156.371,154.371,142.92,0,0,0,46.6856,26.0682,3,-30.4533
2178.3,39707.1,95.2058,3.91497,138.964,141.774,7.77822,5922.22,0,0,2000,626.179,131.147,2,125.918,155.108,153.108,141.774,0,0,0,46.678,26.0684,3,-29.1899
2178.4,39709.8,95.2298,3.91724,139.068,140.967,7.77822,5923,0,0,2000,626.179,131.147,2,125.918,154.217,152.217,140.967,0,0,0,46.6707,26.0686,3,-28.299
2178.5,39712.4,95.2529,3.91955,139.171,140.669,7.77822,5923.78,0,0,2000,626.179,131.147,2,125.918,153.889,151.889,140.669,0,0,0,46.6635,26.0688,3,-27.971
2178.6,39715.1,95.2754,3.92189,139.275,140.237,7.77822,5924.56,0,0,2000,626.179,131.147,2,125.918,153.413,151.413,140.237,0,0,0,46.6564,26.069,3,-27.4948
2178.7,39717.7,95.2963,3.92427,139.379,139.826,7.77822,5925.33,0,0,2000,626.179,131.147,2,125.918,152.959,150.959,139.826,0,0,0,46.6494,26.0692,3,-27.0406
2178.8,39720.4,95.3168,3.9267,139.483,139.489,7.77822,5926.11,0,0,2000,626.179,131.147,2,125.918,152.587,150.587,139.489,0,0,0,46.6425,26.0693,3,-26.669
2178.9,39723,95.3361,3.92915,139.587,138.652,7.77822,5926.89,0,0,2000,626.179,131.147,2,125.918,151.663,149.663,138.652,0,0,0,46.6359,26.0695,3,-25.7453
2179,39725.6,95.3529,3.93165,139.691,138.063,7.77822,5927.67,0,0,2000,626.179,131.147,2,125.918,151.013,149.013,138.063,0,0,0,46.6294,26.0696,3,-25.0955
2179.1,39728.3,95.3695,3.93418,139.795,137.924,7.77822,5928.44,0,0,2000,626.179,131.147,2,125.918,150.861,148.861,137.924,0,0,0,46.6229,26.0697,3,-24.9425
2179.2,39730.9,95.3855,3.93675,139.899,137.616,7.77822,5929.22,0,0,2000,626.179,131.147,2,125.918,150.52,148.52,137.616,0,0,0,46.6166,26.0699,3,-24.6024
2179.3,39733.6,95.4005,3.93936,140.004,137.287,7.77822,5930,0,0,2000,626.179,131.147,2,125.918,150.157,148.157,137.287,0,0,0,46.6103,26.07,3,-24.239
2179.4,39736.2,95.4149,3.942,140.108,136.911,7.77822,5930.78,0,0,2000,626.179,131.147,2,125.918,149.742,147.742,136.911,0,0,0,46.6041,26.0701,3,-23.8243
2179.5,39738.9,95.4281,3.94468,140.213,135.407,7.77822,5931.56,0,0,2000,626.179,131.147,2,125.918,148.084,146.084,135.407,0,0,0,46.5984,26.0702,3,-22.1657
2179.6,39741.5,95.4362,3.94739,140.317,132.586,7.77822,5932.33,0,0,2000,626.179,131.147,2,125.918,145.003,143.003,132.586,0,0,0,46.5935,26.0702,3,-19.0846
2179.7,39744.2,95.438,3.95014,140.422,129.949,7.77822,5933.11,0,0,2000,626.179,131.147,2,125.918,142.122,140.122,129.949,0,0,0,46.5893,26.0702,3,-16.2035
2179.8,39746.9,95.4354,3.95293,140.527,127.692,7.77822,5933.89,0,0,2000,626.179,131.147,2,125.918,139.656,137.656,127.692,0,0,0,46.5858,26.0702,3,-13.7379
2179.9,39749.5,95.4281,3.95574,140.632,125.41,7.77822,5934.67,0,0,2000,626.179,131.147,2,125.918,137.164,135.164,125.41,0,0,0,46.5829,26.0701,3,-11.2459
2180,39752.2,95.4164,3.9586,140.737,123.875,7.77822,5935.44,0,0,2000,626.179,131.147,2,125.918,135.498,133.498,123.875,0,0,0,46.5804,26.07,3,-9.57957
2180.1,39754.8,95.403,3.96148,140.841,123.309,7.77822,5936.22,0,0,2000,626.179,131.147,2,125.918,134.884,132.884,123.309,0,0,0,46.5781,26.0699,3,-8.9658
2180.2,39757.5,95.389,3.9644,140.946,122.953,7.77822,5937,0,0,2000,626.179,131.147,2,125.918,134.498,132.498,122.953,0,0,0,46.5758,26.0699,3,-8.58049
2180.3,39760.1,95.374,3.96734,141.052,122.74,7.77822,5937.78,0,0,2000,626.179,131.147,2,125.918,134.267,132.267,122.74,0,0,0,46.5737,26.0698,3,-8.34902
2180.4,39762.8,95.3591,3.97033,141.157,122.779,7.77822,5938.56,0,0,2000,626.179,131.147,2,125.918,134.31,132.31,122.779,0,0,0,46.5715,26.0697,3,-8.39168
2180.5,39765.4,95.3443,3.97334,141.262,122.618,7.77822,5939.33,0,0,2000,626.179,131.147,2,125.918,134.135,132.135,122.618,0,0,0,46.5694,26.0696,3,-8.21748
2180.6,39768,95.3286,3.97638,141.367,122.592,7.77822,5940.11,0,0,2000,626.179,131.147,2,125.918,134.107,132.107,122.592,0,0,0,46.5673,26.0695,3,-8.18937
2180.7,39770.7,95.3136,3.97946,141.472,123.164,7.77822,5940.89,0,0,2000,626.179,131.147,2,125.918,134.727,132.727,123.164,0,0,0,46.565,26.0694,3,-8.80859
2180.8,39773.3,95.3001,3.98256,141.578,123.232,7.77822,5941.67,0,0,2000,626.179,131.147,2,125.918,134.8,132.8,123.232,0,0,0,46.5627,26.0694,3,-8.88249
2180.9,39776,95.2853,3.9857,141.683,122.705,7.77822,5942.45,0,0,2000,626.179,131.147,2,125.918,134.229,132.229,122.705,0,0,0,46.5606,26.0693,3,-8.31125
2181,39778.6,95.2697,3.98886,141.789,122.749,7.77822,5943.22,0,0,2000,626.179,131.147,2,125.918,134.277,132.277,122.749,0,0,0,46.5584,26.0692,3,-8.35898
2181.1,39781.3,95.255,3.99206,141.894,123.002,7.77822,5944,0,0,2000,626.179,131.147,2,125.918,134.551,132.551,123.002,0,0,0,46.5562,26.0691,3,-8.63295
2181.2,39783.9,95.2403,3.99528,142,122.633,7.77822,5944.78,0,0,2000,626.179,131.147,2,125.918,134.151,132.151,122.633,0,0,0,46.554,26.069,3,-8.23326
2181.3,39786.6,95.224,3.99853,142.106,123.178,7.77822,5945.56,0,0,2000,626.179,131.147,2,125.918,134.741,132.741,123.178,0,0,0,46.5518,26.0689,3,-8.8235
2181.4,39789.2,95.2114,4.00181,142.212,125.043,7.77822,5946.33,0,0,2000,626.179,131.147,2,125.918,136.764,134.764,125.043,0,0,0,46.549,26.0689,3,-10.8465
2181.5,39791.9,95.2024,4.00512,142.318,126.493,7.77822,5947.11,0,0,2000,626.179,131.147,2,125.918,138.348,136.348,126.493,0,0,0,46.5457,26.0688,3,-12.4302
2181.6,39794.5,95.1954,4.00846,142.423,127.439,7.77822,5947.89,0,0,2000,626.179,131.147,2,125.918,139.381,137.381,127.439,0,0,0,46.5423,26.0688,3,-13.4632
2181.7,39797.2,95.19,4.01182,142.53,128.629,7.77822,5948.67,0,0,2000,626.179,131.147,2,125.918,140.681,138.681,128.629,0,0,0,46.5385,26.0688,3,-14.7628
2181.8,39799.8,95.1875,4.01521,142.636,129.54,7.77822,5949.45,0,0,2000,626.179,131.147,2,125.918,141.675,139.675,129.54,0,0,0,46.5344,26.0687,3,-15.7575
2181.9,39802.4,95.1856,4.01862,142.742,130.276,7.77822,5950.22,0,0,2000,626.179,131.147,2,125.918,142.478,140.478,130.276,0,0,0,46.5301,26.0687,3,-16.5605
2182,39805.1,95.1858,4.02207,142.848,131.476,7.77822,5951,0,0,2000,626.179,131.147,2,125.918,143.79,141.79,131.476,0,0,0,46.5255,26.0688,3,-17.8716
2182.1,39807.7,95.1883,4.02553,142.955,132.694,7.77822,5951.78,0,0,2000,626.179,131.147,2,125.918,145.119,143.119,132.694,0,0,0,46.5205,26.0688,3,-19.2013
2182.2,39810.4,95.1931,4.02903,143.061,134.02,7.77822,5952.56,0,0,2000,626.179,131.147,2,125.918,146.567,144.567,134.02,0,0,0,46.5152,26.0688,3,-20.6489
2182.3,39813,95.2007,4.03255,143.168,135.377,7.77822,5953.33,0,0,2000,626.179,131.147,2,125.918,148.051,146.051,135.377,0,0,0,46.5095,26.0689,3,-22.1331
2182.4,39815.7,95.2106,4.03609,143.274,135.916,7.77822,5954.11,0,0,2000,626.179,131.147,2,125.918,148.646,146.646,135.916,0,0,0,46.5036,26.069,3,-22.7279
2182.5,39818.3,95.2199,4.03966,143.381,135.901,7.77822,5954.89,0,0,2000,626.179,131.147,2,125.918,148.629,146.629,135.901,0,0,0,46.4977,26.0691,3,-22.7111
2182.6,39821,95.2294,4.04325,143.488,135.753,7.77822,5955.67,0,0,2000,626.179,131.147,2,125.918,148.466,146.466,135.753,0,0,0,46.4919,26.0692,3,-22.5477
2182.7,39823.6,95.2378,4.04687,143.595,135.103,7.77822,5956.45,0,0,2000,626.179,131.147,2,125.918,147.751,145.751,135.103,0,0,0,46.4863,26.0693,3,-21.8327
2182.8,39826.2,95.2444,4.05051,143.702,134.773,7.77822,5957.22,0,0,2000,626.179,131.147,2,125.918,147.39,145.39,134.773,0,0,0,46.4807,26.0693,3,-21.4716
2182.9,39828.9,95.2512,4.05417,143.809,135.306,7.77822,5958,0,0,2000,626.179,131.147,2,125.918,147.972,145.972,135.306,0,0,0,46.475,26.0694,3,-22.0544
2183,39831.5,95.2596,4.05786,143.917,136.396,7.77822,5958.78,0,0,2000,626.179,131.147,2,125.918,149.175,147.175,136.396,0,0,0,46.469,26.0695,3,-23.2572
2183.1,39834.2,95.2703,4.06157,144.024,138.378,7.77822,5959.56,0,0,2000,626.179,131.147,2,125.918,151.362,149.362,138.378,0,0,0,46.4624,26.0697,3,-25.4439
2183.2,39836.8,95.2862,4.0653,144.132,140.798,7.77822,5960.34,0,0,2000,626.179,131.147,2,125.918,154.031,152.031,140.798,0,0,0,46.4552,26.0699,3,-28.1132
2183.3,39839.5,95.3062,4.06905,144.239,142.351,7.77822,5961.11,0,0,2000,626.179,131.147,2,125.918,155.744,153.744,142.351,0,0,0,46.4475,26.0701,3,-29.8263
2183.4,39842.1,95.3278,4.07282,144.347,143.198,7.77822,5961.89,0,0,2000,626.179,131.147,2,125.918,156.679,154.679,143.198,0,0,0,46.4395,26.0704,3,-30.7614
2183.5,39844.8,95.3506,4.07661,144.455,143.669,7.77822,5962.67,0,0,2000,626.179,131.147,2,125.918,157.2,155.2,143.669,0,0,0,46.4314,26.0706,3,-31.2816
2183.6,39847.4,95.3736,4.08042,144.563,143.441,7.77822,5963.45,0,0,2000,626.179,131.147,2,125.918,156.947,154.947,143.441,0,0,0,46.4234,26.0709,3,-31.0293
2183.7,39850.1,95.3951,4.08426,144.671,142.925,7.77822,5964.22,0,0,2000,626.179,131.147,2,125.918,156.378,154.378,142.925,0,0,0,46.4155,26.0712,3,-30.4603
2183.8,39852.7,95.4156,4.08811,144.78,142.886,7.77822,5965,0,0,2000,626.179,131.147,2,125.918,156.336,154.336,142.886,0,0,0,46.4077,26.0714,3,-30.4178
2183.9,39855.4,95.4364,4.09198,144.888,143.07,7.77822,5965.78,0,0,2000,626.179,131.147,2,125.918,156.539,154.539,143.07,0,0,0,46.3998,26.0717,3,-30.6213
2184,39858,95.4571,4.09587,144.996,142.788,7.77822,5966.56,0,0,2000,626.179,131.147,2,125.918,156.228,154.228,142.788,0,0,0,46.3919,26.0719,3,-30.3099
2184.1,39860.7,95.4764,4.09978,145.105,142.028,7.77822,5967.34,0,0,2000,626.179,131.147,2,125.918,155.388,153.388,142.028,0,0,0,46.3843,26.0722,3,-29.4705
2184.2,39863.3,95.4937,4.10371,145.214,140.635,7.77822,5968.11,0,0,2000,626.179,131.147,2,125.918,153.852,151.852,140.635,0,0,0,46.3771,26.0724,3,-27.9337
2184.3,39866,95.507,4.10765,145.323,138.262,7.77822,5968.89,0,0,2000,626.179,131.147,2,125.918,151.232,149.232,138.262,0,0,0,46.3706,26.0725,3,-25.3141
2184.4,39868.6,95.5145,4.11161,145.432,135.361,7.77822,5969.67,0,0,2000,626.179,131.147,2,125.918,148.033,146.033,135.361,0,0,0,46.3649,26.0726,3,-22.1155
2184.5,39871.3,95.516,4.11559,145.541,133.185,7.77822,5970.45,0,0,2000,626.179,131.147,2,125.918,145.656,143.656,133.185,0,0,0,46.3598,26.0726,3,-19.7382
2184.6,39873.9,95.5146,4.11958,145.65,131.803,7.77822,5971.22,0,0,2000,626.179,131.147,2,125.918,144.146,142.146,131.803,0,0,0,46.3551,26.0726,3,-18.2284
2184.7,39876.6,95.5104,4.12359,145.76,130.939,7.77822,5972,0,0,2000,626.179,131.147,2,125.918,143.203,141.203,130.939,0,0,0,46.3506,26.0726,3,-17.2852
2184.8,39879.2,95.5054,4.12761,145.869,131.123,7.77822,5972.78,0,0,2000,626.179,131.147,2,125.918,143.404,141.404,131.123,0,0,0,46.3461,26.0726,3,-17.4858
2184.9,39881.9,95.5016,4.13164,145.979,131.728,7.77822,5973.56,0,0,2000,626.179,131.147,2,125.918,144.065,142.065,131.728,0,0,0,46.3414,26.0727,3,-18.1466
2185,39884.5,95.4988,4.13569,146.088,131.847,7.77822,5974.34,0,0,2000,626.179,131.147,2,125.918,144.195,142.195,131.847,0,0,0,46.3367,26.0727,3,-18.2768
2185.1,39887.2,95.4953,4.13974,146.198,131.797,7.77822,5975.11,0,0,2000,626.179,131.147,2,125.918,144.141,142.141,131.797,0,0,0,46.3319,26.0727,3,-18.2227
2185.2,39889.9,95.4919,4.14381,146.308,131.815,7.77822,5975.89,0,0,2000,626.179,131.147,2,125.918,144.16,142.16,131.815,0,0,0,46.3272,26.0727,3,-18.2417
2185.3,39892.5,95.4883,4.1479,146.418,131.152,7.77822,5976.67,0,0,2000,626.179,131.147,2,125.918,143.435,141.435,131.152,0,0,0,46.3227,26.0727,3,-17.5172
2185.4,39895.2,95.4821,4.15199,146.528,130.129,7.77822,5977.45,0,0,2000,626.179,131.147,2,125.918,142.318,140.318,130.129,0,0,0,46.3185,26.0727,3,-16.4004
2185.5,39897.8,95.4742,4.15609,146.638,128.927,7.77822,5978.23,0,0,2000,626.179,131.147,2,125.918,141.005,139.005,128.927,0,0,0,46.3146,26.0727,3,-15.0873
2185.6,39900.5,95.463,4.16021,146.748,127.412,7.77822,5979,0,0,2000,626.179,131.147,2,125.918,139.35,137.35,127.412,0,0,0,46.3111,26.0727,3,-13.4324
2185.7,39903.1,95.4489,4.16433,146.859,125.818,7.77822,5979.78,0,0,2000,626.179,131.147,2,125.918,137.609,135.609,125.818,0,0,0,46.3081,26.0726,3,-11.6907
2185.8,39905.8,95.4313,4.16846,146.969,125.076,7.77822,5980.56,0,0,2000,626.179,131.147,2,125.918,136.798,134.798,125.076,0,0,0,46.3053,26.0725,3,-10.8805
2185.9,39908.4,95.4142,4.1726,147.08,125.992,7.77822,5981.34,0,0,2000,626.179,131.147,2,125.918,137.8,135.8,125.992,0,0,0,46.3022,26.0725,3,-11.8818
2186,39911.1,95.4001,4.17675,147.19,128.416,7.77822,5982.11,0,0,2000,626.179,131.147,2,125.918,140.447,138.447,128.416,0,0,0,46.2984,26.0724,3,-14.5294
2186.1,39913.7,95.3924,4.18091,147.301,131.867,7.77822,5982.89,0,0,2000,626.179,131.147,2,125.918,144.217,142.217,131.867,0,0,0,46.2937,26.0725,3,-18.2992
2186.2,39916.4,95.3917,4.18507,147.412,135.581,7.77822,5983.67,0,0,2000,626.179,131.147,2,125.918,148.274,146.274,135.581,0,0,0,46.2879,26.0725,3,-22.3562
2186.3,39919,95.3984,4.18924,147.523,138.874,7.77822,5984.45,0,0,2000,626.179,131.147,2,125.918,151.909,149.909,138.874,0,0,0,46.2812,26.0727,3,-25.9908
2186.4,39921.7,95.4105,4.19341,147.634,141.205,7.77822,5985.23,0,0,2000,626.179,131.147,2,125.918,154.481,152.481,141.205,0,0,0,46.2738,26.0729,3,-28.5629
2186.5,39924.3,95.426,4.1976,147.745,142.656,7.77822,5986,0,0,2000,626.179,131.147,2,125.918,156.081,154.081,142.656,0,0,0,46.2661,26.0732,3,-30.1634
2186.6,39927,95.4434,4.20179,147.857,143.867,7.77822,5986.78,0,0,2000,626.179,131.147,2,125.918,157.418,155.418,143.867,0,0,0,46.2579,26.0734,3,-31.5002
2186.7,39929.6,95.4632,4.20598,147.968,145.416,7.77822,5987.56,0,0,2000,626.179,131.147,2,125.918,159.128,157.128,145.416,0,0,0,46.2493,26.0738,3,-33.2096
2186.8,39932.3,95.4862,4.21018,148.08,147.06,7.77822,5988.34,0,0,2000,626.179,131.147,2,125.918,160.96,158.96,147.06,0,0,0,46.2403,26.0741,3,-35.042
2186.9,39934.9,95.5121,4.21439,148.191,148.399,7.77822,5989.11,0,0,2000,626.179,131.147,2,125.918,162.459,160.459,148.399,0,0,0,46.2308,26.0746,3,-36.5413
2187,39937.6,95.5398,4.2186,148.303,148.736,7.77822,5989.89,0,0,2000,626.179,131.147,2,125.918,162.837,160.837,148.736,0,0,0,46.2213,26.075,3,-36.9191
2187.1,39940.2,95.5665,4.22281,148.415,147.21,7.77822,5990.67,0,0,2000,626.179,131.147,2,125.918,161.127,159.127,147.21,0,0,0,46.2122,26.0754,3,-35.2094
2187.2,39942.9,95.5877,4.22703,148.527,143.97,7.77822,5991.45,0,0,2000,626.179,131.147,2,125.918,157.533,155.533,143.97,0,0,0,46.204,26.0757,3,-31.6149
2187.3,39945.5,95.601,4.23125,148.64,140.162,7.77822,5992.23,0,0,2000,626.179,131.147,2,125.918,153.329,151.329,140.162,0,0,0,46.197,26.0758,3,-27.411
2187.4,39948.2,95.6067,4.23548,148.752,136.774,7.77822,5993,0,0,2000,626.179,131.147,2,125.918,149.59,147.59,136.774,0,0,0,46.1908,26.076,3,-23.6718
2187.5,39950.9,95.6063,4.2397,148.865,134.567,7.77822,5993.78,0,0,2000,626.179,131.147,2,125.918,147.166,145.166,134.567,0,0,0,46.1853,26.076,3,-21.2484
2187.6,39953.5,95.603,4.24392,148.977,133.69,7.77822,5994.56,0,0,2000,626.179,131.147,2,125.918,146.208,144.208,133.69,0,0,0,46.1801,26.0761,3,-20.2905
2187.7,39956.2,95.5989,4.24815,149.09,133.807,7.77822,5995.34,0,0,2000,626.179,131.147,2,125.918,146.336,144.336,133.807,0,0,0,46.1748,26.0761,3,-20.4182
2187.8,39958.8,95.5958,4.25237,149.203,134.349,7.77822,5996.12,0,0,2000,626.179,131.147,2,125.918,146.928,144.928,134.349,0,0,0,46.1694,26.0762,3,-21.0104
2187.9,39961.5,95.5936,4.2566,149.316,134.542,7.77822,5996.89,0,0,2000,626.179,131.147,2,125.918,147.14,145.14,134.542,0,0,0,46.1639,26.0762,3,-21.2219
2188,39964.1,95.591,4.26082,149.429,134.721,7.77822,5997.67,0,0,2000,626.179,131.147,2,125.918,147.335,145.335,134.721,0,0,0,46.1584,26.0763,3,-21.4166
2188.1,39966.8,95.5893,4.26504,149.542,135.791,7.77822,5998.45,0,0,2000,626.179,131.147,2,125.918,148.504,146.504,135.791,0,0,0,46.1526,26.0764,3,-22.5863
2188.2,39969.4,95.5906,4.26926,149.656,137.213,7.77822,5999.23,0,0,2000,626.179,131.147,2,125.918,150.075,148.075,137.213,0,0,0,46.1463,26.0765,3,-24.1566
2188.3,39972.1,95.5942,4.27347,149.769,138.46,7.77822,6000,0,0,2000,626.179,131.147,2,125.918,151.451,149.451,138.46,0,0,0,46.1397,26.0767,3,-25.5326
2188.4,39974.8,95.6002,4.27768,149.882,139.918,7.77822,6000.78,0,0,2000,626.179,131.147,2,125.918,153.061,151.061,139.918,0,0,0,46.1327,26.0768,3,-27.1427
2188.5,39977.4,95.6091,4.28189,149.996,140.691,7.77822,6001.56,0,0,2000,626.179,131.147,2,125.918,153.914,151.914,140.691,0,0,0,46.1255,26.077,3,-27.9959
2188.6,39980.1,95.6178,4.28609,150.11,140.229,7.77822,6002.34,0,0,2000,626.179,131.147,2,125.918,153.403,151.403,140.229,0,0,0,46.1184,26.0772,3,-27.4853
2188.7,39982.7,95.6246,4.29029,150.224,139.589,7.77822,6003.12,0,0,2000,626.179,131.147,2,125.918,152.697,150.697,139.589,0,0,0,46.1114,26.0774,3,-26.7789
2188.8,39985.4,95.6304,4.29449,150.338,139.016,7.77822,6003.89,0,0,2000,626.179,131.147,2,125.918,152.065,150.065,139.016,0,0,0,46.1047,26.0775,3,-26.1466
2188.9,39988,95.6345,4.29868,150.452,138.293,7.77822,6004.67,0,0,2000,626.179,131.147,2,125.918,151.266,149.266,138.293,0,0,0,46.0981,26.0777,3,-25.3485
2189,39990.7,95.6371,4.30286,150.566,137.93,7.77822,6005.45,0,0,2000,626.179,131.147,2,125.918,150.866,148.866,137.93,0,0,0,46.0917,26.0778,3,-24.9479
2189.1,39993.3,95.6396,4.30704,150.681,137.667,7.77822,6006.23,0,0,2000,626.179,131.147,2,125.918,150.575,148.575,137.667,0,0,0,46.0853,26.0779,3,-24.657
2189.2,39996,95.6408,4.31121,150.795,137.133,7.77822,6007,0,0,2000,626.179,131.147,2,125.918,149.985,147.985,137.133,0,0,0,46.0791,26.0781,3,-24.0674
2189.3,39998.7,95.6409,4.31537,150.91,136.86,7.77822,6007.78,0,0,2000,626.179,131.147,2,125.918,149.684,147.684,136.86,0,0,0,46.073,26.0782,3,-23.7665
2189.4,40001.3,95.6407,4.31952,151.024,137.024,7.77822,6008.56,0,0,2000,626.179,131.147,2,125.918,149.865,147.865,137.024,0,0,0,46.0668,26.0783,3,-23.9469
2189.5,40004,95.6412,4.32366,151.139,137.286,7.77822,6009.34,0,0,2000,626.179,131.147,2,125.918,150.155,148.155,137.286,0,0,0,46.0605,26.0784,3,-24.2367
2189.6,40006.6,95.6418,4.3278,151.254,137.491,7.77822,6010.12,0,0,2000,626.179,131.147,2,125.918,150.38,148.38,137.491,0,0,0,46.0542,26.0785,3,-24.4622
2189.7,40009.3,95.6427,4.33192,151.369,137.636,7.77822,6010.89,0,0,2000,626.179,131.147,2,125.918,150.541,148.541,137.636,0,0,0,46.0478,26.0786,3,-24.6225
2189.8,40011.9,95.6436,4.33604,151.484,137.172,7.77822,6011.67,0,0,2000,626.179,131.147,2,125.918,150.028,148.028,137.172,0,0,0,46.0416,26.0788,3,-24.1103
2189.9,40014.6,95.6425,4.34014,151.6,135.815,7.77822,6012.45,0,0,2000,626.179,131.147,2,125.918,148.53,146.53,135.815,0,0,0,46.0358,26.0789,3,-22.6123
2190,40017.3,95.6378,4.34424,151.715,134.608,7.77822,6013.23,0,0,2000,626.179,131.147,2,125.918,147.212,145.212,134.608,0,0,0,46.0303,26.0789,3,-21.2936
2190.1,40019.9,95.6316,4.34832,151.83,134.571,7.77822,6014,0,0,2000,626.179,131.147,2,125.918,147.171,145.171,134.571,0,0,0,46.0248,26.079,3,-21.2534
2190.2,40022.6,95.6265,4.35239,151.946,135.578,7.77822,6014.78,0,0,2000,626.179,131.147,2,125.918,148.272,146.272,135.578,0,0,0,46.019,26.0791,3,-22.3538
2190.3,40025.2,95.6241,4.35644,152.062,136.956,7.77822,6015.56,0,0,2000,626.179,131.147,2,125.918,149.79,147.79,136.956,0,0,0,46.0128,26.0792,3,-23.8723
2190.4,40027.9,95.6242,4.36049,152.177,137.526,7.77822,6016.34,0,0,2000,626.179,131.147,2,125.918,150.42,148.42,137.526,0,0,0,46.0065,26.0793,3,-24.5019
2190.5,40030.5,95.6237,4.36452,152.293,136.399,7.77822,6017.12,0,0,2000,626.179,131.147,2,125.918,149.175,147.175,136.399,0,0,0,46.0005,26.0794,3,-23.2568
2190.6,40033.2,95.6191,4.36853,152.409,134.158,7.77822,6017.89,0,0,2000,626.179,131.147,2,125.918,146.72,144.72,134.158,0,0,0,45.9951,26.0795,3,-20.8018
2190.7,40035.9,95.6096,4.37253,152.525,131.385,7.77822,6018.67,0,0,2000,626.179,131.147,2,125.918,143.69,141.69,131.385,0,0,0,45.9905,26.0795,3,-17.7725
2190.8,40038.5,95.5939,4.37652,152.641,128.098,7.77822,6019.45,0,0,2000,626.179,131.147,2,125.918,140.099,138.099,128.098,0,0,0,45.9869,26.0794,3,-14.1809
2190.9,40041.2,95.5712,4.38049,152.758,125.865,7.77822,6020.23,0,0,2000,626.179,131.147,2,125.918,137.66,135.66,125.865,0,0,0,45.9838,26.0794,3,-11.7418
2191,40043.8,95.5466,4.38444,152.874,124.998,7.77822,6021.01,0,0,2000,626.179,131.147,2,125.918,136.715,134.715,124.998,0,0,0,45.981,26.0793,3,-10.7967
2191.1,40046.5,95.5205,4.38838,152.99,123.868,7.77822,6021.78,0,0,2000,626.179,131.147,2,125.918,135.49,133.49,123.868,0,0,0,45.9786,26.0792,3,-9.57156
2191.2,40049.1,95.4914,4.39229,153.107,123.142,7.77822,6022.56,0,0,2000,626.179,131.147,2,125.918,134.703,132.703,123.142,0,0,0,45.9763,26.0791,3,-8.78539
2191.3,40051.8,95.4624,4.39619,153.223,123.774,7.77822,6023.34,0,0,2000,626.179,131.147,2,125.918,135.388,133.388,123.774,0,0,0,45.9738,26.0791,3,-9.46976
2191.4,40054.4,95.4358,4.40007,153.34,124.441,7.77822,6024.12,0,0,2000,626.179,131.147,2,125.918,136.11,134.11,124.441,0,0,0,45.9712,26.079,3,-10.1924
2191.5,40057.1,95.4094,4.40394,153.457,124.887,7.77822,6024.89,0,0,2000,626.179,131.147,2,125.918,136.595,134.595,124.887,0,0,0,45.9685,26.0789,3,-10.6765
2191.6,40059.7,95.3845,4.40778,153.573,125.042,7.77822,6025.67,0,0,2000,626.179,131.147,2,125.918,136.762,134.762,125.042,0,0,0,45.9656,26.0789,3,-10.8437
2191.7,40062.4,95.3587,4.4116,153.69,124.112,7.77822,6026.45,0,0,2000,626.179,131.147,2,125.918,135.754,133.754,124.112,0,0,0,45.9631,26.0788,3,-9.83602
2191.8,40065,95.3302,4.4154,153.807,123.072,7.77822,6027.23,0,0,2000,626.179,131.147,2,125.918,134.627,132.627,123.072,0,0,0,45.9609,26.0787,3,-8.70867
2191.9,40067.7,95.3002,4.41918,153.924,122.461,7.77822,6028.01,0,0,2000,626.179,131.147,2,125.918,133.965,131.965,122.461,0,0,0,45.9588,26.0786,3,-8.04702
2192,40070.3,95.2693,4.42294,154.041,122.297,7.77822,6028.78,0,0,2000,626.179,131.147,2,125.918,133.787,131.787,122.297,0,0,0,45.9567,26.0785,3,-7.869
2192.1,40073,95.2387,4.42668,154.158,123.317,7.77822,6029.56,0,0,2000,626.179,131.147,2,125.918,134.892,132.892,123.317,0,0,0,45.9544,26.0785,3,-8.97391
2192.2,40075.6,95.2118,4.43039,154.275,124.603,7.77822,6030.34,0,0,2000,626.179,131.147,2,125.918,136.286,134.286,124.603,0,0,0,45.9517,26.0784,3,-10.3676
2192.3,40078.3,95.1863,4.43408,154.393,125.205,7.77822,6031.12,0,0,2000,626.179,131.147,2,125.918,136.942,134.942,125.205,0,0,0,45.9489,26.0783,3,-11.0239
2192.4,40080.9,95.1618,4.43775,154.51,125.94,7.77822,6031.89,0,0,2000,626.179,131.147,2,125.918,137.744,135.744,125.94,0,0,0,45.9458,26.0783,3,-11.826
2192.5,40083.5,95.1392,4.4414,154.627,126.517,7.77822,6032.67,0,0,2000,626.179,131.147,2,125.918,138.375,136.375,126.517,0,0,0,45.9426,26.0782,3,-12.4569
2192.6,40086.2,95.1169,4.44502,154.745,126.797,7.77822,6033.45,0,0,2000,626.179,131.147,2,125.918,138.681,136.681,126.797,0,0,0,45.9393,26.0782,3,-12.7627
2192.7,40088.8,95.0954,4.44862,154.862,127.57,7.77822,6034.23,0,0,2000,626.179,131.147,2,125.918,139.524,137.524,127.57,0,0,0,45.9358,26.0781,3,-13.6064
2192.8,40091.5,95.0762,4.45219,154.98,128.78,7.77822,6035.01,0,0,2000,626.179,131.147,2,125.918,140.845,138.845,128.78,0,0,0,45.932,26.0781,3,-14.9275
2192.9,40094.1,95.0594,4.45574,155.097,129.896,7.77822,6035.78,0,0,2000,626.179,131.147,2,125.918,142.064,140.064,129.896,0,0,0,45.9278,26.0781,3,-16.1462
2193,40096.7,95.0445,4.45927,155.215,130.939,7.77822,6036.56,0,0,2000,626.179,131.147,2,125.918,143.203,141.203,130.939,0,0,0,45.9233,26.0781,3,-17.2854
2193.1,40099.4,95.0318,4.46277,155.333,131.494,7.77822,6037.34,0,0,2000,626.179,131.147,2,125.918,143.809,141.809,131.494,0,0,0,45.9187,26.0781,3,-17.8913
2193.2,40102,95.019,4.46624,155.451,131.241,7.77822,6038.12,0,0,2000,626.179,131.147,2,125.918,143.533,141.533,131.241,0,0,0,45.9141,26.0781,3,-17.6151
2193.3,40104.7,95.0051,4.46969,155.568,130.63,7.77822,6038.9,0,0,2000,626.179,131.147,2,125.918,142.865,140.865,130.63,0,0,0,45.9098,26.0781,3,-16.947
2193.4,40107.3,94.9898,4.47311,155.686,130.194,7.77822,6039.67,0,0,2000,626.179,131.147,2,125.918,142.389,140.389,130.194,0,0,0,45.9055,26.0781,3,-16.4714
2193.5,40109.9,94.9741,4.4765,155.805,130.225,7.77822,6040.45,0,0,2000,626.179,131.147,2,125.918,142.423,140.423,130.225,0,0,0,45.9012,26.0781,3,-16.5048
2193.6,40112.6,94.9588,4.47987,155.923,130.902,7.77822,6041.23,0,0,2000,626.179,131.147,2,125.918,143.162,141.162,130.902,0,0,0,45.8968,26.0781,3,-17.2439
2193.7,40115.2,94.9458,4.48321,156.041,132.011,7.77822,6042.01,0,0,2000,626.179,131.147,2,125.918,144.373,142.373,132.011,0,0,0,45.892,26.0781,3,-18.4549
2193.8,40117.9,94.9347,4.48652,156.159,132.958,7.77822,6042.78,0,0,2000,626.179,131.147,2,125.918,145.407,143.407,132.958,0,0,0,45.887,26.0782,3,-19.4887
2193.9,40120.5,94.9253,4.48981,156.277,133.424,7.77822,6043.56,0,0,2000,626.179,131.147,2,125.918,145.916,143.916,133.424,0,0,0,45.8818,26.0782,3,-19.9977
2194,40123.1,94.916,4.49306,156.396,133.394,7.77822,6044.34,0,0,2000,626.179,131.147,2,125.918,145.882,143.882,133.394,0,0,0,45.8767,26.0782,3,-19.9641
2194.1,40125.8,94.9064,4.49629,156.514,133.253,7.77822,6045.12,0,0,2000,626.179,131.147,2,125.918,145.729,143.729,133.253,0,0,0,45.8715,26.0783,3,-19.811
2194.2,40128.4,94.8964,4.49948,156.633,133.518,7.77822,6045.9,0,0,2000,626.179,131.147,2,125.918,146.017,144.017,133.518,0,0,0,45.8664,26.0783,3,-20.0994
2194.3,40131,94.8877,4.50265,156.752,134.856,7.77822,6046.67,0,0,2000,626.179,131.147,2,125.918,147.48,145.48,134.856,0,0,0,45.8608,26.0784,3,-21.5616
2194.4,40133.7,94.8829,4.50579,156.87,137.525,7.77822,6047.45,0,0,2000,626.179,131.147,2,125.918,150.421,148.421,137.525,0,0,0,45.8544,26.0785,3,-24.5032
2194.5,40136.3,94.8846,4.5089,156.989,140.045,7.77822,6048.23,0,0,2000,626.179,131.147,2,125.918,153.199,151.199,140.045,0,0,0,45.8474,26.0787,3,-27.2815
2194.6,40138.9,94.8896,4.51197,157.108,141.193,7.77822,6049.01,0,0,2000,626.179,131.147,2,125.918,154.465,152.465,141.193,0,0,0,45.84,26.0789,3,-28.5472
2194.7,40141.6,94.8957,4.51502,157.227,142.254,7.77822,6049.78,0,0,2000,626.179,131.147,2,125.918,155.635,153.635,142.254,0,0,0,45.8323,26.0791,3,-29.7167
2194.8,40144.2,94.9047,4.51803,157.346,142.765,7.77822,6050.56,0,0,2000,626.179,131.147,2,125.918,156.199,154.199,142.765,0,0,0,45.8245,26.0794,3,-30.2805
2194.9,40146.9,94.9124,4.52102,157.465,141.712,7.77822,6051.34,0,0,2000,626.179,131.147,2,125.918,155.038,153.038,141.712,0,0,0,45.817,26.0796,3,-29.1197
2195,40149.5,94.9169,4.52397,157.584,140.684,7.77822,6052.12,0,0,2000,626.179,131.147,2,125.918,153.904,151.904,140.684,0,0,0,45.8098,26.0798,3,-27.9861
2195.1,40152.1,94.9204,4.52689,157.704,140.953,7.77822,6052.9,0,0,2000,626.179,131.147,2,125.918,154.201,152.201,140.953,0,0,0,45.8025,26.08,3,-28.2833
2195.2,40154.8,94.9257,4.52978,157.823,141.797,7.77822,6053.67,0,0,2000,626.179,131.147,2,125.918,155.131,153.131,141.797,0,0,0,45.7949,26.0802,3,-29.2129
2195.3,40157.4,94.9323,4.53263,157.943,142.45,7.77822,6054.45,0,0,2000,626.179,131.147,2,125.918,155.852,153.852,142.45,0,0,0,45.7872,26.0805,3,-29.9339
2195.4,40160,94.94,4.53546,158.062,143.141,7.77822,6055.23,0,0,2000,626.179,131.147,2,125.918,156.613,154.613,143.141,0,0,0,45.7792,26.0807,3,-30.6953
2195.5,40162.7,94.949,4.53824,158.182,143.994,7.77822,6056.01,0,0,2000,626.179,131.147,2,125.918,157.554,155.554,143.994,0,0,0,45.7711,26.081,3,-31.6356
2195.6,40165.3,94.9598,4.541,158.302,144.613,7.77822,6056.79,0,0,2000,626.179,131.147,2,125.918,158.237,156.237,144.613,0,0,0,45.7627,26.0813,3,-32.3187
2195.7,40168,94.971,4.54372,158.421,144.614,7.77822,6057.56,0,0,2000,626.179,131.147,2,125.918,158.238,156.238,144.614,0,0,0,45.7544,26.0816,3,-32.3199
2195.8,40170.6,94.9815,4.54641,158.541,144.852,7.77822,6058.34,0,0,2000,626.179,131.147,2,125.918,158.5,156.5,144.852,0,0,0,45.746,26.0819,3,-32.5817
2195.9,40173.2,94.9934,4.54906,158.661,145.609,7.77822,6059.12,0,0,2000,626.179,131.147,2,125.918,159.341,157.341,145.609,0,0,0,45.7373,26.0823,3,-33.4229
2196,40175.9,95.0066,4.55168,158.781,146.006,7.77822,6059.9,0,0,2000,626.179,131.147,2,125.918,159.784,157.784,146.006,0,0,0,45.7286,26.0826,3,-33.8664
2196.1,40178.5,95.0198,4.55426,158.902,146.134,7.77822,6060.67,0,0,2000,626.179,131.147,2,125.918,159.928,157.928,146.134,0,0,0,45.7198,26.083,3,-34.0097
2196.2,40181.1,95.0332,4.55681,159.022,146.036,7.77822,6061.45,0,0,2000,626.179,131.147,2,125.918,159.818,157.818,146.036,0,0,0,45.711,26.0833,3,-33.8999
2196.3,40183.8,95.0456,4.55932,159.142,145.057,7.77822,6062.23,0,0,2000,626.179,131.147,2,125.918,158.727,156.727,145.057,0,0,0,45.7025,26.0836,3,-32.8095
2196.4,40186.4,95.0549,4.5618,159.263,143.112,7.77822,6063.01,0,0,2000,626.179,131.147,2,125.918,156.583,154.583,143.112,0,0,0,45.6946,26.0839,3,-30.6648
2196.5,40189.1,95.0593,4.56424,159.383,141.186,7.77822,6063.79,0,0,2000,626.179,131.147,2,125.918,154.458,152.458,141.186,0,0,0,45.6872,26.0841,3,-28.54
2196.6,40191.7,95.0607,4.56664,159.504,139.391,7.77822,6064.56,0,0,2000,626.179,131.147,2,125.918,152.479,150.479,139.391,0,0,0,45.6804,26.0843,3,-26.5606
2196.7,40194.3,95.0579,4.569,159.624,137.636,7.77822,6065.34,0,0,2000,626.179,131.147,2,125.918,150.543,148.543,137.636,0,0,0,45.674,26.0844,3,-24.6251
2196.8,40197,95.0521,4.57133,159.745,136.514,7.77822,6066.12,0,0,2000,626.179,131.147,2,125.918,149.307,147.307,136.514,0,0,0,45.668,26.0845,3,-23.3889
2196.9,40199.6,95.0447,4.57362,159.866,136.316,7.77822,6066.9,0,0,2000,626.179,131.147,2,125.918,149.088,147.088,136.316,0,0,0,45.662,26.0846,3,-23.17
2197,40202.3,95.0381,4.57587,159.986,136.439,7.77822,6067.67,0,0,2000,626.179,131.147,2,125.918,149.224,147.224,136.439,0,0,0,45.656,26.0847,3,-23.3055
2197.1,40204.9,95.0311,4.57808,160.107,136.512,7.77822,6068.45,0,0,2000,626.179,131.147,2,125.918,149.304,147.304,136.512,0,0,0,45.6499,26.0848,3,-23.3864
2197.2,40207.5,95.0247,4.58026,160.228,136.685,7.77822,6069.23,0,0,2000,626.179,131.147,2,125.918,149.495,147.495,136.685,0,0,0,45.6438,26.0849,3,-23.5771
2197.3,40210.2,95.0183,4.58239,160.349,137.575,7.77822,6070.01,0,0,2000,626.179,131.147,2,125.918,150.476,148.476,137.575,0,0,0,45.6375,26.085,3,-24.5582
2197.4,40212.8,95.0154,4.58449,160.47,139.08,7.77822,6070.79,0,0,2000,626.179,131.147,2,125.918,152.136,150.136,139.08,0,0,0,45.6307,26.0852,3,-26.2185
2197.5,40215.5,95.0148,4.58654,160.591,140.672,7.77822,6071.56,0,0,2000,626.179,131.147,2,125.918,153.892,151.892,140.672,0,0,0,45.6235,26.0854,3,-27.9736
2197.6,40218.1,95.0181,4.58856,160.712,141.938,7.77822,6072.34,0,0,2000,626.179,131.147,2,125.918,155.287,153.287,141.938,0,0,0,45.6159,26.0856,3,-29.3695
2197.7,40220.7,95.0224,4.59054,160.833,142.738,7.77822,6073.12,0,0,2000,626.179,131.147,2,125.918,156.17,154.17,142.738,0,0,0,45.6081,26.0859,3,-30.2515
2197.8,40223.4,95.0287,4.59248,160.954,142.729,7.77822,6073.9,0,0,2000,626.179,131.147,2,125.918,156.16,154.16,142.729,0,0,0,45.6003,26.0861,3,-30.2418
2197.9,40226,95.0328,4.59437,161.076,141.896,7.77822,6074.68,0,0,2000,626.179,131.147,2,125.918,155.242,153.242,141.896,0,0,0,45.5927,26.0863,3,-29.3238
2198,40228.7,95.0356,4.59623,161.197,141.589,7.77822,6075.45,0,0,2000,626.179,131.147,2,125.918,154.903,152.903,141.589,0,0,0,45.5852,26.0866,3,-28.9845
2198.1,40231.3,95.0383,4.59804,161.318,141.997,7.77822,6076.23,0,0,2000,626.179,131.147,2,125.918,155.352,153.352,141.997,0,0,0,45.5776,26.0868,3,-29.4342
2198.2,40233.9,95.0425,4.59982,161.44,142.076,7.77822,6077.01,0,0,2000,626.179,131.147,2,125.918,155.44,153.44,142.076,0,0,0,45.57,26.087,3,-29.5223
2198.3,40236.6,95.0454,4.60155,161.561,142.006,7.77822,6077.79,0,0,2000,626.179,131.147,2,125.918,155.362,153.362,142.006,0,0,0,45.5624,26.0872,3,-29.4441
2198.4,40239.2,95.0492,4.60324,161.683,141.988,7.77822,6078.56,0,0,2000,626.179,131.147,2,125.918,155.343,153.343,141.988,0,0,0,45.5548,26.0875,3,-29.4249
2198.5,40241.9,95.0519,4.6049,161.804,140.934,7.77822,6079.34,0,0,2000,626.179,131.147,2,125.918,154.181,152.181,140.934,0,0,0,45.5475,26.0877,3,-28.2631
2198.6,40244.5,95.0514,4.6065,161.926,139.954,7.77822,6080.12,0,0,2000,626.179,131.147,2,125.918,153.1,151.1,139.954,0,0,0,45.5404,26.0879,3,-27.1817
2198.7,40247.1,95.05,4.60807,162.048,140.22,7.77822,6080.9,0,0,2000,626.179,131.147,2,125.918,153.393,151.393,140.22,0,0,0,45.5333,26.088,3,-27.4749
2198.8,40249.8,95.0505,4.6096,162.169,140.838,7.77822,6081.68,0,0,2000,626.179,131.147,2,125.918,154.075,152.075,140.838,0,0,0,45.5261,26.0882,3,-28.157
2198.9,40252.4,95.0515,4.61108,162.291,141.607,7.77822,6082.45,0,0,2000,626.179,131.147,2,125.918,154.923,152.923,141.607,0,0,0,45.5186,26.0885,3,-29.0046
2199,40255.1,95.0549,4.61252,162.413,143.135,7.77822,6083.23,0,0,2000,626.179,131.147,2,125.918,156.608,154.608,143.135,0,0,0,45.5106,26.0887,3,-30.6896
2199.1,40257.7,95.0619,4.61392,162.535,144.269,7.77822,6084.01,0,0,2000,626.179,131.147,2,125.918,157.859,155.859,144.269,0,0,0,45.5024,26.089,3,-31.9408
2199.2,40260.3,95.0696,4.61527,162.656,144.73,7.77822,6084.79,0,0,2000,626.179,131.147,2,125.918,158.366,156.366,144.73,0,0,0,45.494,26.0893,3,-32.4483
2199.3,40263,95.0782,4.61658,162.778,145.135,7.77822,6085.56,0,0,2000,626.179,131.147,2,125.918,158.813,156.813,145.135,0,0,0,45.4855,26.0896,3,-32.8951
2199.4,40265.6,95.0874,4.61785,162.9,144.807,7.77822,6086.34,0,0,2000,626.179,131.147,2,125.918,158.452,156.452,144.807,0,0,0,45.4771,26.0899,3,-32.5337
2199.5,40268.3,95.0945,4.61907,163.022,143.722,7.77822,6087.12,0,0,2000,626.179,131.147,2,125.918,157.256,155.256,143.722,0,0,0,45.469,26.0902,3,-31.3379
2199.6,40270.9,95.0993,4.62026,163.144,142.507,7.77822,6087.9,0,0,2000,626.179,131.147,2,125.918,155.915,153.915,142.507,0,0,0,45.4613,26.0905,3,-29.9973
2199.7,40273.6,95.1014,4.62139,163.266,141.427,7.77822,6088.68,0,0,2000,626.179,131.147,2,125.918,154.724,152.724,141.427,0,0,0,45.4538,26.0907,3,-28.806
2199.8,40276.2,95.1018,4.62249,163.388,140.567,7.77822,6089.45,0,0,2000,626.179,131.147,2,125.918,153.776,151.776,140.567,0,0,0,45.4466,26.0909,3,-27.8576
2199.9,40278.8,95.1004,4.62354,163.511,140.238,7.77822,6090.23,0,0,2000,626.179,131.147,2,125.918,153.413,151.413,140.238,0,0,0,45.4395,26.0911,3,-27.4946
2200,40281.5,95.0994,4.62454,163.633,140.106,7.77822,6091.01,0,0,2000,626.179,131.147,2,125.918,153.268,151.268,140.106,0,0,0,45.4324,26.0912,3,-27.3501
2200.1,40284.1,95.0975,4.6255,163.755,140.249,7.77822,6091.79,0,0,2000,626.179,131.147,2,125.918,153.425,151.425,140.249,0,0,0,45.4253,26.0914,3,-27.5071
2200.2,40286.8,95.097,4.62642,163.877,141.237,7.77822,6092.57,0,0,2000,626.179,131.147,2,125.918,154.515,152.515,141.237,0,0,0,45.4179,26.0916,3,-28.5974
2200.3,40289.4,95.099,4.62729,163.999,142.421,7.77822,6093.34,0,0,2000,626.179,131.147,2,125.918,155.821,153.821,142.421,0,0,0,45.4102,26.0919,3,-29.9031
2200.4,40292,95.1031,4.62812,164.122,143.374,7.77822,6094.12,0,0,2000,626.179,131.147,2,125.918,156.871,154.871,143.374,0,0,0,45.4022,26.0921,3,-30.9532
2200.5,40294.7,95.1087,4.6289,164.244,144.292,7.77822,6094.9,0,0,2000,626.179,131.147,2,125.918,157.884,155.884,144.292,0,0,0,45.394,26.0924,3,-31.9657
2200.6,40297.3,95.1164,4.62964,164.366,145.316,7.77822,6095.68,0,0,2000,626.179,131.147,2,125.918,159.014,157.014,145.316,0,0,0,45.3854,26.0928,3,-33.0958
2200.7,40300,95.126,4.63033,164.489,146.255,7.77822,6096.45,0,0,2000,626.179,131.147,2,125.918,160.062,158.062,146.255,0,0,0,45.3766,26.0931,3,-34.1437
2200.8,40302.6,95.1372,4.63098,164.611,147.493,7.77822,6097.23,0,0,2000,626.179,131.147,2,125.918,161.447,159.447,147.493,0,0,0,45.3674,26.0935,3,-35.5288
2200.9,40305.3,95.1516,4.63159,164.733,149.359,7.77822,6098.01,0,0,2000,626.179,131.147,2,125.918,163.535,161.535,149.359,0,0,0,45.3577,26.094,3,-37.6169
2201,40307.9,95.17,4.63214,164.856,151.202,7.77822,6098.79,0,0,2000,626.179,131.147,2,125.918,165.596,163.596,151.202,0,0,0,45.3474,26.0945,3,-39.6785
2201.1,40310.5,95.1915,4.63266,164.978,153.081,7.77822,6099.57,0,0,2000,626.179,131.147,2,125.918,167.7,165.7,153.081,0,0,0,45.3366,26.0951,3,-41.7822
2201.2,40313.2,95.2171,4.63312,165.101,154.771,7.77822,6100.34,0,0,2000,626.179,131.147,2,125.918,169.592,167.592,154.771,0,0,0,45.3254,26.0957,3,-43.6739
2201.3,40315.8,95.245,4.63355,165.223,155.63,7.77822,6101.12,0,0,2000,626.179,131.147,2,125.918,170.554,168.554,155.63,0,0,0,45.3138,26.0964,3,-44.6358
2201.4,40318.5,95.2737,4.63392,165.346,155.831,7.77822,6101.9,0,0,2000,626.179,131.147,2,125.918,170.779,168.779,155.831,0,0,0,45.3022,26.0971,3,-44.8611
2201.5,40321.1,95.3021,4.63425,165.469,156.211,7.77822,6102.68,0,0,2000,626.179,131.147,2,125.918,171.207,169.207,156.211,0,0,0,45.2905,26.0978,3,-45.2886
2201.6,40323.8,95.332,4.63454,165.591,156.677,7.77822,6103.45,0,0,2000,626.179,131.147,2,125.918,171.741,169.741,156.677,0,0,0,45.2787,26.0986,3,-45.8234
2201.7,40326.4,95.3618,4.63478,165.714,156.536,7.77822,6104.23,0,0,2000,626.179,131.147,2,125.918,171.579,169.579,156.536,0,0,0,45.2669,26.0993,3,-45.6611
2201.8,40329.1,95.3909,4.63497,165.837,156.058,7.77822,6105.01,0,0,2000,626.179,131.147,2,125.918,171.036,169.036,156.058,0,0,0,45.2552,26.1,3,-45.1178
2201.9,40331.7,95.4185,4.63512,165.96,155.817,7.77822,6105.79,0,0,2000,626.179,131.147,2,125.918,170.767,168.767,155.817,0,0,0,45.2437,26.1007,3,-44.849
2202,40334.4,95.4463,4.63522,166.083,155.913,7.77822,6106.57,0,0,2000,626.179,131.147,2,125.918,170.875,168.875,155.913,0,0,0,45.232,26.1014,3,-44.9569
2202.1,40337,95.474,4.63527,166.205,155.802,7.77822,6107.34,0,0,2000,626.179,131.147,2,125.918,170.751,168.751,155.802,0,0,0,45.2205,26.1021,3,-44.8328
2202.2,40339.7,95.5011,4.63528,166.328,155.443,7.77822,6108.12,0,0,2000,626.179,131.147,2,125.918,170.35,168.35,155.443,0,0,0,45.209,26.1028,3,-44.4317
2202.3,40342.3,95.5271,4.63525,166.451,155.469,7.77822,6108.9,0,0,2000,626.179,131.147,2,125.918,170.379,168.379,155.469,0,0,0,45.1975,26.1035,3,-44.4614
2202.4,40345,95.554,4.63516,166.574,155.796,7.77822,6109.68,0,0,2000,626.179,131.147,2,125.918,170.747,168.747,155.796,0,0,0,45.1859,26.1042,3,-44.8285
2202.5,40347.6,95.5811,4.63503,166.697,155.87,7.77822,6110.45,0,0,2000,626.179,131.147,2,125.918,170.83,168.83,155.87,0,0,0,45.1743,26.1049,3,-44.912
2202.6,40350.3,95.608,4.63486,166.82,155.767,7.77822,6111.23,0,0,2000,626.179,131.147,2,125.918,170.714,168.714,155.767,0,0,0,45.1627,26.1056,3,-44.7964
2202.7,40353,95.6344,4.63463,166.944,156.077,7.77822,6112.01,0,0,2000,626.179,131.147,2,125.918,171.063,169.063,156.077,0,0,0,45.1511,26.1063,3,-45.1448
2202.8,40355.6,95.6623,4.63436,167.067,155.927,7.77822,6112.79,0,0,2000,626.179,131.147,2,125.918,170.895,168.895,155.927,0,0,0,45.1394,26.107,3,-44.9771
2202.9,40358.3,95.6878,4.63405,167.19,154.418,7.77822,6113.57,0,0,2000,626.179,131.147,2,125.918,169.205,167.205,154.418,0,0,0,45.1283,26.1077,3,-43.2869
2203,40360.9,95.7095,4.63368,167.313,152.05,7.77822,6114.34,0,0,2000,626.179,131.147,2,125.918,166.55,164.55,152.05,0,0,0,45.1178,26.1082,3,-40.6323
2203.1,40363.6,95.7254,4.63328,167.436,149.653,7.77822,6115.12,0,0,2000,626.179,131.147,2,125.918,163.863,161.863,149.653,0,0,0,45.108,26.1087,3,-37.9452
2203.2,40366.2,95.7375,4.63282,167.559,147.054,7.77822,6115.9,0,0,2000,626.179,131.147,2,125.918,160.95,158.95,147.054,0,0,0,45.0989,26.1091,3,-35.0321
2203.3,40368.9,95.7431,4.63232,167.683,144.198,7.77822,6116.68,0,0,2000,626.179,131.147,2,125.918,157.786,155.786,144.198,0,0,0,45.0907,26.1094,3,-31.868
2203.4,40371.6,95.744,4.63177,167.806,142.389,7.77822,6117.46,0,0,2000,626.179,131.147,2,125.918,155.789,153.789,142.389,0,0,0,45.083,26.1096,3,-29.8708
2203.5,40374.2,95.7425,4.63117,167.929,141.8,7.77822,6118.23,0,0,2000,626.179,131.147,2,125.918,155.138,153.138,141.8,0,0,0,45.0754,26.1098,3,-29.2197
2203.6,40376.9,95.741,4.63053,168.052,141.281,7.77822,6119.01,0,0,2000,626.179,131.147,2,125.918,154.565,152.565,141.281,0,0,0,45.068,26.11,3,-28.6474
2203.7,40379.5,95.7376,4.62985,168.175,140.607,7.77822,6119.79,0,0,2000,626.179,131.147,2,125.918,153.821,151.821,140.607,0,0,0,45.0608,26.1102,3,-27.9026
2203.8,40382.2,95.7335,4.62911,168.298,140.642,7.77822,6120.57,0,0,2000,626.179,131.147,2,125.918,153.859,151.859,140.642,0,0,0,45.0536,26.1104,3,-27.9412
2203.9,40384.9,95.7303,4.62833,168.422,140.732,7.77822,6121.34,0,0,2000,626.179,131.147,2,125.918,153.959,151.959,140.732,0,0,0,45.0463,26.1106,3,-28.0413
2204,40387.5,95.7267,4.62751,168.545,140.539,7.77822,6122.12,0,0,2000,626.179,131.147,2,125.918,153.745,151.745,140.539,0,0,0,45.0391,26.1108,3,-27.8271
2204.1,40390.2,95.7228,4.62664,168.668,140.807,7.77822,6122.9,0,0,2000,626.179,131.147,2,125.918,154.042,152.042,140.807,0,0,0,45.0319,26.111,3,-28.1237
2204.2,40392.8,95.7204,4.62572,168.791,141.826,7.77822,6123.68,0,0,2000,626.179,131.147,2,125.918,155.166,153.166,141.826,0,0,0,45.0243,26.1112,3,-29.2484
2204.3,40395.5,95.7205,4.62475,168.914,143.008,7.77822,6124.46,0,0,2000,626.179,131.147,2,125.918,156.472,154.472,143.008,0,0,0,45.0164,26.1115,3,-30.5542
2204.4,40398.2,95.7228,4.62374,169.037,143.642,7.77822,6125.23,0,0,2000,626.179,131.147,2,125.918,157.172,155.172,143.642,0,0,0,45.0083,26.1118,3,-31.2537
2204.5,40400.8,95.7255,4.62269,169.159,144.146,7.77822,6126.01,0,0,2000,626.179,131.147,2,125.918,157.729,155.729,144.146,0,0,0,45.0001,26.112,3,-31.8107
2204.6,40403.5,95.7299,4.62159,169.282,144.751,7.77822,6126.79,0,0,2000,626.179,131.147,2,125.918,158.396,156.396,144.751,0,0,0,44.9917,26.1123,3,-32.4781
2204.7,40406.1,95.735,4.62044,169.405,144.823,7.77822,6127.57,0,0,2000,626.179,131.147,2,125.918,158.476,156.476,144.823,0,0,0,44.9833,26.1126,3,-32.5578
2204.8,40408.8,95.7397,4.61925,169.528,144.369,7.77822,6128.34,0,0,2000,626.179,131.147,2,125.918,157.975,155.975,144.369,0,0,0,44.975,26.1129,3,-32.0566
2204.9,40411.4,95.7431,4.61801,169.651,144.125,7.77822,6129.12,0,0,2000,626.179,131.147,2,125.918,157.705,155.705,144.125,0,0,0,44.9668,26.1132,3,-31.7871
2205,40414.1,95.7468,4.61673,169.774,144.11,7.77822,6129.9,0,0,2000,626.179,131.147,2,125.918,157.689,155.689,144.11,0,0,0,44.9586,26.1135,3,-31.7712
2205.1,40416.8,95.7502,4.6154,169.897,144.05,7.77822,6130.68,0,0,2000,626.179,131.147,2,125.918,157.623,155.623,144.05,0,0,0,44.9504,26.1138,3,-31.7049
2205.2,40419.4,95.7537,4.61403,170.019,144.079,7.77822,6131.46,0,0,2000,626.179,131.147,2,125.918,157.654,155.654,144.079,0,0,0,44.9422,26.1141,3,-31.7365
2205.3,40422.1,95.7573,4.61262,170.142,144.019,7.77822,6132.23,0,0,2000,626.179,131.147,2,125.918,157.588,155.588,144.019,0,0,0,44.934,26.1144,3,-31.6699
2205.4,40424.7,95.7607,4.61115,170.265,143.891,7.77822,6133.01,0,0,2000,626.179,131.147,2,125.918,157.448,155.448,143.891,0,0,0,44.9259,26.1146,3,-31.5295
2205.5,40427.4,95.7638,4.60965,170.387,143.548,7.77822,6133.79,0,0,2000,626.179,131.147,2,125.918,157.068,155.068,143.548,0,0,0,44.9179,26.1149,3,-31.1499
2205.6,40430.1,95.7659,4.6081,170.51,143.114,7.77822,6134.57,0,0,2000,626.179,131.147,2,125.918,156.589,154.589,143.114,0,0,0,44.9099,26.1152,3,-30.6711
2205.7,40432.7,95.7673,4.6065,170.632,142.646,7.77822,6135.35,0,0,2000,626.179,131.147,2,125.918,156.073,154.073,142.646,0,0,0,44.9021,26.1154,3,-30.1547
2205.8,40435.4,95.7677,4.60486,170.755,141.756,7.77822,6136.12,0,0,2000,626.179,131.147,2,125.918,155.089,153.089,141.756,0,0,0,44.8946,26.1156,3,-29.1713
2205.9,40438,95.7658,4.60318,170.877,140.542,7.77822,6136.9,0,0,2000,626.179,131.147,2,125.918,153.749,151.749,140.542,0,0,0,44.8874,26.1158,3,-27.8309
2206,40440.7,95.7615,4.60145,171,138.863,7.77822,6137.68,0,0,2000,626.179,131.147,2,125.918,151.895,149.895,138.863,0,0,0,44.8807,26.116,3,-25.9768
2206.1,40443.4,95.7531,4.59968,171.122,136.991,7.77822,6138.46,0,0,2000,626.179,131.147,2,125.918,149.828,147.828,136.991,0,0,0,44.8745,26.1161,3,-23.91
2206.2,40446,95.7416,4.59787,171.245,135.215,7.77822,6139.23,0,0,2000,626.179,131.147,2,125.918,147.876,145.876,135.215,0,0,0,44.8688,26.1162,3,-21.9576
2206.3,40448.7,95.7264,4.59601,171.367,133.35,7.77822,6140.01,0,0,2000,626.179,131.147,2,125.918,145.838,143.838,133.35,0,0,0,44.8637,26.1162,3,-19.9196
2206.4,40451.3,95.7079,4.59411,171.489,131.879,7.77822,6140.79,0,0,2000,626.179,131.147,2,125.918,144.23,142.23,131.879,0,0,0,44.859,26.1162,3,-18.3118
2206.5,40454,95.6872,4.59217,171.611,131.283,7.77822,6141.57,0,0,2000,626.179,131.147,2,125.918,143.578,141.578,131.283,0,0,0,44.8544,26.1162,3,-17.6605
2206.6,40456.7,95.6666,4.59018,171.733,131.052,7.77822,6142.35,0,0,2000,626.179,131.147,2,125.918,143.327,141.327,131.052,0,0,0,44.8499,26.1162,3,-17.4086
2206.7,40459.3,95.6454,4.58816,171.855,131.294,7.77822,6143.12,0,0,2000,626.179,131.147,2,125.918,143.591,141.591,131.294,0,0,0,44.8453,26.1162,3,-17.6727
2206.8,40462,95.626,4.58609,171.977,133.012,7.77822,6143.9,0,0,2000,626.179,131.147,2,125.918,145.467,143.467,133.012,0,0,0,44.8403,26.1163,3,-19.5495
2206.9,40464.6,95.6119,4.58398,172.099,135.13,7.77822,6144.68,0,0,2000,626.179,131.147,2,125.918,147.782,145.782,135.13,0,0,0,44.8346,26.1163,3,-21.864
2207,40467.3,95.6012,4.58183,172.22,136.961,7.77822,6145.46,0,0,2000,626.179,131.147,2,125.918,149.796,147.796,136.961,0,0,0,44.8285,26.1164,3,-23.8783
2207.1,40469.9,95.5946,4.57963,172.342,138.801,7.77822,6146.23,0,0,2000,626.179,131.147,2,125.918,151.827,149.827,138.801,0,0,0,44.8218,26.1166,3,-25.9094
2207.2,40472.6,95.5914,4.5774,172.464,140.097,7.77822,6147.01,0,0,2000,626.179,131.147,2,125.918,153.257,151.257,140.097,0,0,0,44.8147,26.1168,3,-27.3395
2207.3,40475.3,95.59,4.57512,172.585,141.28,7.77822,6147.79,0,0,2000,626.179,131.147,2,125.918,154.563,152.563,141.28,0,0,0,44.8073,26.117,3,-28.6454
2207.4,40477.9,95.5917,4.57281,172.707,142.697,7.77822,6148.57,0,0,2000,626.179,131.147,2,125.918,156.127,154.127,142.697,0,0,0,44.7995,26.1172,3,-30.2095
2207.5,40480.6,95.5961,4.57045,172.828,143.333,7.77822,6149.35,0,0,2000,626.179,131.147,2,125.918,156.83,154.83,143.333,0,0,0,44.7915,26.1175,3,-30.9119
2207.6,40483.2,95.6003,4.56805,172.949,143.596,7.77822,6150.12,0,0,2000,626.179,131.147,2,125.918,157.12,155.12,143.596,0,0,0,44.7835,26.1178,3,-31.2022
2207.7,40485.9,95.6059,4.56562,173.071,144.322,7.77822,6150.9,0,0,2000,626.179,131.147,2,125.918,157.922,155.922,144.322,0,0,0,44.7752,26.1181,3,-32.0042
2207.8,40488.5,95.6131,4.56314,173.192,144.698,7.77822,6151.68,0,0,2000,626.179,131.147,2,125.918,158.337,156.337,144.698,0,0,0,44.7668,26.1184,3,-32.4194
2207.9,40491.2,95.6202,4.56062,173.313,144.772,7.77822,6152.46,0,0,2000,626.179,131.147,2,125.918,158.418,156.418,144.772,0,0,0,44.7584,26.1187,3,-32.5002
2208,40493.8,95.6279,4.55806,173.434,145.565,7.77822,6153.24,0,0,2000,626.179,131.147,2,125.918,159.294,157.294,145.565,0,0,0,44.7498,26.119,3,-33.3757
2208.1,40496.5,95.6382,4.55546,173.555,146.55,7.77822,6154.01,0,0,2000,626.179,131.147,2,125.918,160.387,158.387,146.55,0,0,0,44.7409,26.1194,3,-34.4691
2208.2,40499.2,95.6499,4.55283,173.676,147.651,7.77822,6154.79,0,0,2000,626.179,131.147,2,125.918,161.62,159.62,147.651,0,0,0,44.7317,26.1197,3,-35.7019
2208.3,40501.8,95.6646,4.55015,173.797,149.218,7.77822,6155.57,0,0,2000,626.179,131.147,2,125.918,163.376,161.376,149.218,0,0,0,44.722,26.1202,3,-37.4581
2208.4,40504.5,95.6825,4.54744,173.918,150.652,7.77822,6156.35,0,0,2000,626.179,131.147,2,125.918,164.983,162.983,150.652,0,0,0,44.7119,26.1207,3,-39.0653
2208.5,40507.1,95.7029,4.54468,174.039,151.91,7.77822,6157.12,0,0,2000,626.179,131.147,2,125.918,166.393,164.393,151.91,0,0,0,44.7014,26.1212,3,-40.4754
2208.6,40509.8,95.7256,4.54189,174.16,153.168,7.77822,6157.9,0,0,2000,626.179,131.147,2,125.918,167.803,165.803,153.168,0,0,0,44.6906,26.1218,3,-41.8854
2208.7,40512.4,95.751,4.53906,174.28,153.94,7.77822,6158.68,0,0,2000,626.179,131.147,2,125.918,168.669,166.669,153.94,0,0,0,44.6796,26.1225,3,-42.7512
2208.8,40515.1,95.7767,4.53619,174.401,153.952,7.77822,6159.46,0,0,2000,626.179,131.147,2,125.918,168.683,166.683,153.952,0,0,0,44.6685,26.1231,3,-42.7651
2208.9,40517.8,95.8021,4.53328,174.522,154.085,7.77822,6160.24,0,0,2000,626.179,131.147,2,125.918,168.832,166.832,154.085,0,0,0,44.6574,26.1237,3,-42.9141
2209,40520.4,95.8283,4.53034,174.642,154.505,7.77822,6161.01,0,0,2000,626.179,131.147,2,125.918,169.304,167.304,154.505,0,0,0,44.6462,26.1244,3,-43.3862
2209.1,40523.1,95.8552,4.52735,174.763,154.707,7.77822,6161.79,0,0,2000,626.179,131.147,2,125.918,169.531,167.531,154.707,0,0,0,44.635,26.125,3,-43.613
2209.2,40525.8,95.8821,4.52433,174.883,154.871,7.77822,6162.57,0,0,2000,626.179,131.147,2,125.918,169.715,167.715,154.871,0,0,0,44.6236,26.1257,3,-43.7968
2209.3,40528.4,95.9096,4.52127,175.004,155.226,7.77822,6163.35,0,0,2000,626.179,131.147,2,125.918,170.113,168.113,155.226,0,0,0,44.6122,26.1264,3,-44.1954
2209.4,40531.1,95.9379,4.51818,175.124,155.426,7.77822,6164.12,0,0,2000,626.179,131.147,2,125.918,170.338,168.338,155.426,0,0,0,44.6007,26.127,3,-44.4199
2209.5,40533.7,95.966,4.51505,175.245,155.398,7.77822,6164.9,0,0,2000,626.179,131.147,2,125.918,170.308,168.308,155.398,0,0,0,44.5893,26.1277,3,-44.3896
2209.6,40536.4,95.9941,4.51188,175.365,155.366,7.77822,6165.68,0,0,2000,626.179,131.147,2,125.918,170.272,168.272,155.366,0,0,0,44.5778,26.1284,3,-44.3543
2209.7,40539.1,96.0221,4.50868,175.485,155.334,7.77822,6166.46,0,0,2000,626.179,131.147,2,125.918,170.236,168.236,155.334,0,0,0,44.5664,26.1291,3,-44.3182
2209.8,40541.8,96.05,4.50544,175.606,155.301,7.77822,6167.24,0,0,2000,626.179,131.147,2,125.918,170.199,168.199,155.301,0,0,0,44.5549,26.1298,3,-44.2813
2209.9,40544.4,96.0777,4.50217,175.726,155.267,7.77822,6168.01,0,0,2000,626.179,131.147,2,125.918,170.161,168.161,155.267,0,0,0,44.5435,26.1304,3,-44.2435
2210,40547.1,96.1054,4.49886,175.846,155.232,7.77822,6168.79,0,0,2000,626.179,131.147,2,125.918,170.123,168.123,155.232,0,0,0,44.5321,26.1311,3,-44.2049
2210.1,40549.8,96.133,4.49551,175.966,154.867,7.77822,6169.57,0,0,2000,626.179,131.147,2,125.918,169.713,167.713,154.867,0,0,0,44.5208,26.1318,3,-43.7953
2210.2,40552.4,96.1592,4.49213,176.086,154.452,7.77822,6170.35,0,0,2000,626.179,131.147,2,125.918,169.248,167.248,154.452,0,0,0,44.5096,26.1324,3,-43.3302
2210.3,40555.1,96.1851,4.48872,176.206,153.954,7.77822,6171.13,0,0,2000,626.179,131.147,2,125.918,168.689,166.689,153.954,0,0,0,44.4985,26.133,3,-42.7711
2210.4,40557.8,96.2093,4.48527,176.326,153.026,7.77822,6171.9,0,0,2000,626.179,131.147,2,125.918,167.648,165.648,153.026,0,0,0,44.4877,26.1336,3,-41.7297
2210.5,40560.4,96.2316,4.48179,176.446,152.188,7.77822,6172.68,0,0,2000,626.179,131.147,2,125.918,166.707,164.707,152.188,0,0,0,44.4772,26.1342,3,-40.7893
2210.6,40563.1,96.2525,4.47828,176.565,151.996,7.77822,6173.46,0,0,2000,626.179,131.147,2,125.918,166.491,164.491,151.996,0,0,0,44.4667,26.1347,3,-40.5729
2210.7,40565.8,96.274,4.47474,176.685,151.819,7.77822,6174.24,0,0,2000,626.179,131.147,2,125.918,166.293,164.293,151.819,0,0,0,44.4563,26.1353,3,-40.3749
2210.8,40568.5,96.2943,4.47116,176.805,151.482,7.77822,6175.01,0,0,2000,626.179,131.147,2,125.918,165.915,163.915,151.482,0,0,0,44.4459,26.1358,3,-39.9967
2210.9,40571.1,96.3145,4.46755,176.924,151.434,7.77822,6175.79,0,0,2000,626.179,131.147,2,125.918,165.861,163.861,151.434,0,0,0,44.4356,26.1363,3,-39.9429
2211,40573.8,96.3346,4.46391,177.044,151.005,7.77822,6176.57,0,0,2000,626.179,131.147,2,125.918,165.379,163.379,151.005,0,0,0,44.4254,26.1368,3,-39.4611
2211.1,40576.5,96.3532,4.46023,177.163,149.927,7.77822,6177.35,0,0,2000,626.179,131.147,2,125.918,164.168,162.168,149.927,0,0,0,44.4155,26.1373,3,-38.2502
2211.2,40579.2,96.3692,4.45653,177.283,148.86,7.77822,6178.13,0,0,2000,626.179,131.147,2,125.918,162.97,160.97,148.86,0,0,0,44.406,26.1377,3,-37.0523
2211.3,40581.8,96.3837,4.45279,177.402,147.904,7.77822,6178.9,0,0,2000,626.179,131.147,2,125.918,161.895,159.895,147.904,0,0,0,44.3967,26.1381,3,-35.9774
2211.4,40584.5,96.396,4.44903,177.521,147.004,7.77822,6179.68,0,0,2000,626.179,131.147,2,125.918,160.892,158.892,147.004,0,0,0,44.3876,26.1385,3,-34.9745
2211.5,40587.2,96.4071,4.44524,177.64,146.166,7.77822,6180.46,0,0,2000,626.179,131.147,2,125.918,159.966,157.966,146.166,0,0,0,44.3788,26.1389,3,-34.0476
2211.6,40589.9,96.4163,4.44141,177.759,145.202,7.77822,6181.24,0,0,2000,626.179,131.147,2,125.918,158.9,156.9,145.202,0,0,0,44.3703,26.1392,3,-32.9816
2211.7,40592.6,96.4238,4.43756,177.878,144.252,7.77822,6182.01,0,0,2000,626.179,131.147,2,125.918,157.85,155.85,144.252,0,0,0,44.3621,26.1395,3,-31.932
2211.8,40595.2,96.4294,4.43368,177.997,143.105,7.77822,6182.79,0,0,2000,626.179,131.147,2,125.918,156.581,154.581,143.105,0,0,0,44.3541,26.1397,3,-30.6632
2211.9,40597.9,96.4327,4.42977,178.116,141.461,7.77822,6183.57,0,0,2000,626.179,131.147,2,125.918,154.764,152.764,141.461,0,0,0,44.3467,26.1399,3,-28.8465
2212,40600.6,96.4321,4.42584,178.234,139.549,7.77822,6184.35,0,0,2000,626.179,131.147,2,125.918,152.65,150.65,139.549,0,0,0,44.3398,26.1401,3,-26.7318
2212.1,40603.3,96.4281,4.42187,178.353,137.742,7.77822,6185.13,0,0,2000,626.179,131.147,2,125.918,150.652,148.652,137.742,0,0,0,44.3334,26.1402,3,-24.7344
2212.2,40606,96.4208,4.41789,178.471,135.531,7.77822,6185.9,0,0,2000,626.179,131.147,2,125.918,148.224,146.224,135.531,0,0,0,44.3276,26.1403,3,-22.3064
2212.3,40608.6,96.4085,4.41387,178.589,132.74,7.77822,6186.68,0,0,2000,626.179,131.147,2,125.918,145.172,143.172,132.74,0,0,0,44.3227,26.1403,3,-19.2537
2212.4,40611.3,96.3906,4.40983,178.707,129.935,7.77822,6187.46,0,0,2000,626.179,131.147,2,125.918,142.103,140.103,129.935,0,0,0,44.3185,26.1403,3,-16.1854
2212.5,40614,96.3677,4.40577,178.825,127.807,7.77822,6188.24,0,0,2000,626.179,131.147,2,125.918,139.777,137.777,127.807,0,0,0,44.3149,26.1403,3,-13.8585
2212.6,40616.7,96.342,4.40168,178.943,126.411,7.77822,6189.02,0,0,2000,626.179,131.147,2,125.918,138.25,136.25,126.411,0,0,0,44.3117,26.1402,3,-12.3319
2212.7,40619.3,96.3142,4.39757,179.061,125.602,7.77822,6189.79,0,0,2000,626.179,131.147,2,125.918,137.371,135.371,125.602,0,0,0,44.3087,26.1401,3,-11.453
2212.8,40622,96.2858,4.39344,179.179,125.672,7.77822,6190.57,0,0,2000,626.179,131.147,2,125.918,137.447,135.447,125.672,0,0,0,44.3058,26.1401,3,-11.5292
2212.9,40624.7,96.2588,4.38928,179.296,126.552,7.77822,6191.35,0,0,2000,626.179,131.147,2,125.918,138.405,136.405,126.552,0,0,0,44.3025,26.14,3,-12.4865
2213,40627.4,96.2344,4.3851,179.413,127.434,7.77822,6192.13,0,0,2000,626.179,131.147,2,125.918,139.369,137.369,127.434,0,0,0,44.2991,26.14,3,-13.4509
2213.1,40630,96.2114,4.3809,179.53,127.983,7.77822,6192.9,0,0,2000,626.179,131.147,2,125.918,139.969,137.969,127.983,0,0,0,44.2954,26.1399,3,-14.0512
2213.2,40632.7,96.1896,4.37668,179.647,128.801,7.77822,6193.68,0,0,2000,626.179,131.147,2,125.918,140.864,138.864,128.801,0,0,0,44.2916,26.1399,3,-14.9457
2213.3,40635.4,96.1703,4.37244,179.764,129.922,7.77822,6194.46,0,0,2000,626.179,131.147,2,125.918,142.09,140.09,129.922,0,0,0,44.2874,26.1399,3,-16.1722
2213.4,40638,96.1534,4.36817,179.881,130.568,7.77822,6195.24,0,0,2000,626.179,131.147,2,125.918,142.796,140.796,130.568,0,0,0,44.283,26.1399,3,-16.878
2213.5,40640.7,96.137,4.36389,179.998,131.254,7.77822,6196.02,0,0,2000,626.179,131.147,2,125.918,143.546,141.546,131.254,0,0,0,44.2785,26.1399,3,-17.6284
2213.6,40643.4,96.1233,4.35958,180.114,132.389,7.77822,6196.79,0,0,2000,626.179,131.147,2,125.918,144.787,142.787,132.389,0,0,0,44.2736,26.1399,3,-18.8689
2213.7,40646.1,96.1118,4.35526,180.23,132.86,7.77822,6197.57,0,0,2000,626.179,131.147,2,125.918,145.302,143.302,132.86,0,0,0,44.2686,26.1399,3,-19.3844
2213.8,40648.7,96.1003,4.35092,180.347,133.222,7.77822,6198.35,0,0,2000,626.179,131.147,2,125.918,145.698,143.698,133.222,0,0,0,44.2635,26.14,3,-19.7797
2213.9,40651.4,96.0906,4.34656,180.463,134.384,7.77822,6199.13,0,0,2000,626.179,131.147,2,125.918,146.968,144.968,134.384,0,0,0,44.258,26.14,3,-21.0499
2214,40654.1,96.0841,4.34218,180.579,135.67,7.77822,6199.9,0,0,2000,626.179,131.147,2,125.918,148.374,146.374,135.67,0,0,0,44.2522,26.1401,3,-22.4559
2214.1,40656.7,96.0798,4.33778,180.695,136.59,7.77822,6200.68,0,0,2000,626.179,131.147,2,125.918,149.382,147.382,136.59,0,0,0,44.2462,26.1402,3,-23.4642
2214.2,40659.4,96.0773,4.33336,180.81,137.621,7.77822,6201.46,0,0,2000,626.179,131.147,2,125.918,150.521,148.521,137.621,0,0,0,44.2398,26.1403,3,-24.6029
2214.3,40662.1,96.0774,4.32892,180.926,138.662,7.77822,6202.24,0,0,2000,626.179,131.147,2,125.918,151.671,149.671,138.662,0,0,0,44.2332,26.1405,3,-25.7533
2214.4,40664.7,96.0792,4.32447,181.041,139.477,7.77822,6203.02,0,0,2000,626.179,131.147,2,125.918,152.572,150.572,139.477,0,0,0,44.2263,26.1406,3,-26.6537
2214.5,40667.4,96.0828,4.32,181.157,140.484,7.77822,6203.79,0,0,2000,626.179,131.147,2,125.918,153.685,151.685,140.484,0,0,0,44.2191,26.1408,3,-27.7666
2214.6,40670.1,96.0888,4.31552,181.272,141.731,7.77822,6204.57,0,0,2000,626.179,131.147,2,125.918,155.062,153.062,141.731,0,0,0,44.2116,26.141,3,-29.144
2214.7,40672.8,96.0976,4.31101,181.387,143.453,7.77822,6205.35,0,0,2000,626.179,131.147,2,125.918,156.965,154.965,143.453,0,0,0,44.2036,26.1413,3,-31.0468
2214.8,40675.4,96.1106,4.30649,181.502,144.223,7.77822,6206.13,0,0,2000,626.179,131.147,2,125.918,157.816,155.816,144.223,0,0,0,44.1953,26.1416,3,-31.898
2214.9,40678.1,96.1226,4.30196,181.617,143.885,7.77822,6206.9,0,0,2000,626.179,131.147,2,125.918,157.442,155.442,143.885,0,0,0,44.1872,26.1419,3,-31.5244
2215,40680.8,96.1345,4.29741,181.732,143.119,7.77822,6207.68,0,0,2000,626.179,131.147,2,125.918,156.595,154.595,143.119,0,0,0,44.1792,26.1421,3,-30.6773
2215.1,40683.4,96.1436,4.29284,181.847,142,7.77822,6208.46,0,0,2000,626.179,131.147,2,125.918,155.359,153.359,142,0,0,0,44.1716,26.1423,3,-29.4408
2215.2,40686.1,96.1513,4.28827,181.961,140.882,7.77822,6209.24,0,0,2000,626.179,131.147,2,125.918,154.123,152.123,140.882,0,0,0,44.1644,26.1425,3,-28.2051
2215.3,40688.8,96.1563,4.28367,182.076,139.919,7.77822,6210.02,0,0,2000,626.179,131.147,2,125.918,153.059,151.059,139.919,0,0,0,44.1573,26.1427,3,-27.1411
2215.4,40691.4,96.1605,4.27907,182.19,138.699,7.77822,6210.79,0,0,2000,626.179,131.147,2,125.918,151.711,149.711,138.699,0,0,0,44.1507,26.1429,3,-25.7934
2215.5,40694.1,96.1609,4.27445,182.304,137.121,7.77822,6211.57,0,0,2000,626.179,131.147,2,125.918,149.967,147.967,137.121,0,0,0,44.1445,26.143,3,-24.0489
2215.6,40696.8,96.1592,4.26981,182.418,135.417,7.77822,6212.35,0,0,2000,626.179,131.147,2,125.918,148.097,146.097,135.417,0,0,0,44.1387,26.143,3,-22.1793
2215.7,40699.5,96.1533,4.26517,182.532,133.069,7.77822,6213.13,0,0,2000,626.179,131.147,2,125.918,145.53,143.53,133.069,0,0,0,44.1337,26.1431,3,-19.6121
2215.8,40702.1,96.1428,4.26052,182.646,131.295,7.77822,6213.91,0,0,2000,626.179,131.147,2,125.918,143.592,141.592,131.295,0,0,0,44.1291,26.1431,3,-17.6736
2215.9,40704.8,96.1303,4.25585,182.76,130.559,7.77822,6214.68,0,0,2000,626.179,131.147,2,125.918,142.787,140.787,130.559,0,0,0,44.1247,26.1431,3,-16.8688
2216,40707.5,96.1173,4.25118,182.873,130.359,7.77822,6215.46,0,0,2000,626.179,131.147,2,125.918,142.568,140.568,130.359,0,0,0,44.1204,26.1431,3,-16.6498
2216.1,40710.1,96.1045,4.24649,182.987,130.227,7.77822,6216.24,0,0,2000,626.179,131.147,2,125.918,142.423,140.423,130.227,0,0,0,44.1162,26.143,3,-16.5051
2216.2,40712.8,96.0914,4.2418,183.1,130.32,7.77822,6217.02,0,0,2000,626.179,131.147,2,125.918,142.525,140.525,130.32,0,0,0,44.1119,26.143,3,-16.6069
2216.3,40715.5,96.0794,4.2371,183.213,130.715,7.77822,6217.79,0,0,2000,626.179,131.147,2,125.918,142.957,140.957,130.715,0,0,0,44.1075,26.143,3,-17.0394
2216.4,40718.1,96.0683,4.23239,183.326,131.461,7.77822,6218.57,0,0,2000,626.179,131.147,2,125.918,143.773,141.773,131.461,0,0,0,44.1029,26.143,3,-17.8552
2216.5,40720.8,96.0597,4.22767,183.439,131.937,7.77822,6219.35,0,0,2000,626.179,131.147,2,125.918,144.293,142.293,131.937,0,0,0,44.0981,26.143,3,-18.375
2216.6,40723.5,96.0508,4.22294,183.552,132.067,7.77822,6220.13,0,0,2000,626.179,131.147,2,125.918,144.435,142.435,132.067,0,0,0,44.0933,26.1431,3,-18.5169
2216.7,40726.1,96.0431,4.21821,183.665,132.292,7.77822,6220.91,0,0,2000,626.179,131.147,2,125.918,144.681,142.681,132.292,0,0,0,44.0885,26.1431,3,-18.7627
2216.8,40728.8,96.0355,4.21347,183.777,132.24,7.77822,6221.68,0,0,2000,626.179,131.147,2,125.918,144.624,142.624,132.24,0,0,0,44.0837,26.1431,3,-18.7063
2216.9,40731.5,96.028,4.20873,183.889,131.61,7.77822,6222.46,0,0,2000,626.179,131.147,2,125.918,143.936,141.936,131.61,0,0,0,44.079,26.1431,3,-18.0182
2217,40734.2,96.0184,4.20397,184.002,130.735,7.77822,6223.24,0,0,2000,626.179,131.147,2,125.918,142.979,140.979,130.735,0,0,0,44.0746,26.1431,3,-17.0614
2217.1,40736.8,96.0078,4.19922,184.114,130.308,7.77822,6224.02,0,0,2000,626.179,131.147,2,125.918,142.513,140.513,130.308,0,0,0,44.0703,26.1431,3,-16.595
2217.2,40739.5,95.9969,4.19446,184.226,129.972,7.77822,6224.79,0,0,2000,626.179,131.147,2,125.918,142.145,140.145,129.972,0,0,0,44.0661,26.1431,3,-16.2269
2217.3,40742.2,95.9854,4.18969,184.337,129.909,7.77822,6225.57,0,0,2000,626.179,131.147,2,125.918,142.076,140.076,129.909,0,0,0,44.0619,26.1431,3,-16.1579
2217.4,40744.8,95.9747,4.18492,184.449,130.238,7.77822,6226.35,0,0,2000,626.179,131.147,2,125.918,142.436,140.436,130.238,0,0,0,44.0577,26.143,3,-16.5178
2217.5,40747.5,95.9649,4.18015,184.56,130.588,7.77822,6227.13,0,0,2000,626.179,131.147,2,125.918,142.819,140.819,130.588,0,0,0,44.0533,26.143,3,-16.9012
2217.6,40750.1,95.956,4.17537,184.672,130.36,7.77822,6227.91,0,0,2000,626.179,131.147,2,125.918,142.569,140.569,130.36,0,0,0,44.049,26.143,3,-16.6515
2217.7,40752.8,95.9458,4.17059,184.783,129.426,7.77822,6228.68,0,0,2000,626.179,131.147,2,125.918,141.549,139.549,129.426,0,0,0,44.045,26.143,3,-15.6305
2217.8,40755.5,95.9336,4.16581,184.894,127.984,7.77822,6229.46,0,0,2000,626.179,131.147,2,125.918,139.972,137.972,127.984,0,0,0,44.0413,26.143,3,-14.0544
2217.9,40758.1,95.9181,4.16102,185.005,126.626,7.77822,6230.24,0,0,2000,626.179,131.147,2,125.918,138.488,136.488,126.626,0,0,0,44.0381,26.1429,3,-12.5699
2218,40760.8,95.901,4.15624,185.116,125.79,7.77822,6231.02,0,0,2000,626.179,131.147,2,125.918,137.574,135.574,125.79,0,0,0,44.0351,26.1428,3,-11.6563
2218.1,40763.5,95.8827,4.15146,185.226,125.4,7.77822,6231.8,0,0,2000,626.179,131.147,2,125.918,137.151,135.151,125.4,0,0,0,44.0322,26.1428,3,-11.2328
2218.2,40766.1,95.8646,4.14667,185.337,126.011,7.77822,6232.57,0,0,2000,626.179,131.147,2,125.918,137.817,135.817,126.011,0,0,0,44.0291,26.1427,3,-11.8987
2218.3,40768.8,95.8492,4.14188,185.447,127.616,7.77822,6233.35,0,0,2000,626.179,131.147,2,125.918,139.57,137.57,127.616,0,0,0,44.0256,26.1427,3,-13.6524
2218.4,40771.5,95.8378,4.1371,185.558,129.649,7.77822,6234.13,0,0,2000,626.179,131.147,2,125.918,141.793,139.793,129.649,0,0,0,44.0215,26.1426,3,-15.8751
2218.5,40774.1,95.8309,4.13232,185.668,131.71,7.77822,6234.91,0,0,2000,626.179,131.147,2,125.918,144.046,142.046,131.71,0,0,0,44.0168,26.1427,3,-18.1276
2218.6,40776.8,95.8281,4.12753,185.778,133.13,7.77822,6235.68,0,0,2000,626.179,131.147,2,125.918,145.597,143.597,133.13,0,0,0,44.0117,26.1427,3,-19.6786
2218.7,40779.4,95.827,4.12275,185.887,133.644,7.77822,6236.46,0,0,2000,626.179,131.147,2,125.918,146.159,144.159,133.644,0,0,0,44.0065,26.1427,3,-20.2407
2218.8,40782.1,95.8266,4.11797,185.997,133.227,7.77822,6237.24,0,0,2000,626.179,131.147,2,125.918,145.703,143.703,133.227,0,0,0,44.0014,26.1428,3,-19.7853
2218.9,40784.8,95.8242,4.11319,186.107,131.279,7.77822,6238.02,0,0,2000,626.179,131.147,2,125.918,143.575,141.575,131.279,0,0,0,43.9968,26.1428,3,-17.6568
2219,40787.4,95.8165,4.10841,186.216,128.547,7.77822,6238.8,0,0,2000,626.179,131.147,2,125.918,140.589,138.589,128.547,0,0,0,43.993,26.1427,3,-14.6709
2219.1,40790.1,95.8038,4.10364,186.325,126.995,7.77822,6239.57,0,0,2000,626.179,131.147,2,125.918,138.892,136.892,126.995,0,0,0,43.9897,26.1427,3,-12.9743
2219.2,40792.8,95.7903,4.09887,186.434,126.611,7.77822,6240.35,0,0,2000,626.179,131.147,2,125.918,138.473,136.473,126.611,0,0,0,43.9864,26.1426,3,-12.5547
2219.3,40795.4,95.7765,4.0941,186.543,126.317,7.77822,6241.13,0,0,2000,626.179,131.147,2,125.918,138.151,136.151,126.317,0,0,0,43.9832,26.1426,3,-12.2335
2219.4,40798.1,95.7623,4.08934,186.652,126.123,7.77822,6241.91,0,0,2000,626.179,131.147,2,125.918,137.94,135.94,126.123,0,0,0,43.9801,26.1425,3,-12.0223
2219.5,40800.7,95.7482,4.08459,186.761,126.751,7.77822,6242.68,0,0,2000,626.179,131.147,2,125.918,138.626,136.626,126.751,0,0,0,43.9769,26.1424,3,-12.7079
2219.6,40803.4,95.737,4.07983,186.87,127.611,7.77822,6243.46,0,0,2000,626.179,131.147,2,125.918,139.566,137.566,127.611,0,0,0,43.9733,26.1424,3,-13.6483
2219.7,40806.1,95.7267,4.07509,186.978,127.696,7.77822,6244.24,0,0,2000,626.179,131.147,2,125.918,139.659,137.659,127.696,0,0,0,43.9698,26.1423,3,-13.7414
2219.8,40808.7,95.7162,4.07035,187.086,128.191,7.77822,6245.02,0,0,2000,626.179,131.147,2,125.918,140.2,138.2,128.191,0,0,0,43.9661,26.1423,3,-14.2816
2219.9,40811.4,95.7083,4.06561,187.194,129.818,7.77822,6245.8,0,0,2000,626.179,131.147,2,125.918,141.978,139.978,129.818,0,0,0,43.9619,26.1423,3,-16.0598
2220,40814,95.7046,4.06089,187.302,130.937,7.77822,6246.57,0,0,2000,626.179,131.147,2,125.918,143.201,141.201,130.937,0,0,0,43.9575,26.1423,3,-17.2831
2220.1,40816.7,95.7015,4.05617,187.41,131.135,7.77822,6247.35,0,0,2000,626.179,131.147,2,125.918,143.417,141.417,131.135,0,0,0,43.953,26.1423,3,-17.4988
2220.2,40819.3,95.6989,4.05145,187.518,131.09,7.77822,6248.13,0,0,2000,626.179,131.147,2,125.918,143.367,141.367,131.09,0,0,0,43.9484,26.1423,3,-17.4494
2220.3,40822,95.696,4.04675,187.626,131.004,7.77822,6248.91,0,0,2000,626.179,131.147,2,125.918,143.274,141.274,131.004,0,0,0,43.944,26.1423,3,-17.3555
2220.4,40824.7,95.6934,4.04205,187.733,130.597,7.77822,6249.69,0,0,2000,626.179,131.147,2,125.918,142.829,140.829,130.597,0,0,0,43.9396,26.1423,3,-16.9108
2220.5,40827.3,95.6892,4.03736,187.841,129.92,7.77822,6250.46,0,0,2000,626.179,131.147,2,125.918,142.089,140.089,129.92,0,0,0,43.9354,26.1423,3,-16.171
2220.6,40830,95.6843,4.03268,187.948,129.626,7.77822,6251.24,0,0,2000,626.179,131.147,2,125.918,141.768,139.768,129.626,0,0,0,43.9313,26.1422,3,-15.8503
2220.7,40832.6,95.6793,4.02801,188.055,129.809,7.77822,6252.02,0,0,2000,626.179,131.147,2,125.918,141.969,139.969,129.809,0,0,0,43.9272,26.1422,3,-16.0506
2220.8,40835.3,95.6755,4.02334,188.162,129.767,7.77822,6252.8,0,0,2000,626.179,131.147,2,125.918,141.923,139.923,129.767,0,0,0,43.923,26.1422,3,-16.0048
2220.9,40838,95.6707,4.01869,188.269,130.186,7.77822,6253.57,0,0,2000,626.179,131.147,2,125.918,142.38,140.38,130.186,0,0,0,43.9188,26.1422,3,-16.4621
2221,40840.6,95.6689,4.01405,188.376,131.317,7.77822,6254.35,0,0,2000,626.179,131.147,2,125.918,143.616,141.616,131.317,0,0,0,43.9142,26.1422,3,-17.6975
2221.1,40843.3,95.6688,4.00942,188.482,132,7.77822,6255.13,0,0,2000,626.179,131.147,2,125.918,144.362,142.362,132,0,0,0,43.9094,26.1422,3,-18.4438
2221.2,40845.9,95.6701,4.00479,188.589,132.189,7.77822,6255.91,0,0,2000,626.179,131.147,2,125.918,144.568,142.568,132.189,0,0,0,43.9046,26.1422,3,-18.6503
2221.3,40848.6,95.6711,4.00018,188.695,132.173,7.77822,6256.69,0,0,2000,626.179,131.147,2,125.918,144.551,142.551,132.173,0,0,0,43.8998,26.1423,3,-18.6329
2221.4,40851.2,95.6726,3.99558,188.801,132.02,7.77822,6257.46,0,0,2000,626.179,131.147,2,125.918,144.384,142.384,132.02,0,0,0,43.895,26.1423,3,-18.4662
2221.5,40853.9,95.6733,3.991,188.907,131.529,7.77822,6258.24,0,0,2000,626.179,131.147,2,125.918,143.848,141.848,131.529,0,0,0,43.8904,26.1423,3,-17.9297
2221.6,40856.6,95.6731,3.98642,189.013,131.372,7.77822,6259.02,0,0,2000,626.179,131.147,2,125.918,143.676,141.676,131.372,0,0,0,43.8858,26.1423,3,-17.7577
2221.7,40859.2,95.6735,3.98186,189.119,132.389,7.77822,6259.8,0,0,2000,626.179,131.147,2,125.918,144.788,142.788,132.389,0,0,0,43.8809,26.1423,3,-18.8695
2221.8,40861.9,95.6776,3.97731,189.225,133.76,7.77822,6260.57,0,0,2000,626.179,131.147,2,125.918,146.286,144.286,133.76,0,0,0,43.8757,26.1423,3,-20.3677
2221.9,40864.5,95.6837,3.97277,189.331,134.637,7.77822,6261.35,0,0,2000,626.179,131.147,2,125.918,147.244,145.244,134.637,0,0,0,43.8702,26.1424,3,-21.326
2222,40867.2,95.6916,3.96825,189.436,135.748,7.77822,6262.13,0,0,2000,626.179,131.147,2,125.918,148.458,146.458,135.748,0,0,0,43.8643,26.1425,3,-22.5401
2222.1,40869.8,95.7023,3.96373,189.542,136.904,7.77822,6262.91,0,0,2000,626.179,131.147,2,125.918,149.732,147.732,136.904,0,0,0,43.8582,26.1426,3,-23.8141
2222.2,40872.5,95.7149,3.95924,189.647,137.454,7.77822,6263.69,0,0,2000,626.179,131.147,2,125.918,150.339,148.339,137.454,0,0,0,43.8519,26.1427,3,-24.4214
2222.3,40875.2,95.728,3.95475,189.752,138.364,7.77822,6264.46,0,0,2000,626.179,131.147,2,125.918,151.344,149.344,138.364,0,0,0,43.8453,26.1428,3,-25.4264
2222.4,40877.8,95.7444,3.95028,189.857,139.992,7.77822,6265.24,0,0,2000,626.179,131.147,2,125.918,153.141,151.141,139.992,0,0,0,43.8383,26.143,3,-27.2231
2222.5,40880.5,95.764,3.94583,189.962,141.222,7.77822,6266.02,0,0,2000,626.179,131.147,2,125.918,154.5,152.5,141.222,0,0,0,43.8309,26.1432,3,-28.5822
2222.6,40883.1,95.7853,3.94139,190.067,141.52,7.77822,6266.8,0,0,2000,626.179,131.147,2,125.918,154.829,152.829,141.52,0,0,0,43.8234,26.1434,3,-28.9109
2222.7,40885.8,95.8062,3.93696,190.172,140.948,7.77822,6267.58,0,0,2000,626.179,131.147,2,125.918,154.197,152.197,140.948,0,0,0,43.8161,26.1436,3,-28.2792
2222.8,40888.5,95.8254,3.93255,190.277,139.307,7.77822,6268.35,0,0,2000,626.179,131.147,2,125.918,152.385,150.385,139.307,0,0,0,43.8093,26.1438,3,-26.4671
2222.9,40891.1,95.84,3.92816,190.381,136.857,7.77822,6269.13,0,0,2000,626.179,131.147,2,125.918,149.679,147.679,136.857,0,0,0,43.8031,26.1439,3,-23.7611
2223,40893.8,95.8497,3.92378,190.486,135.262,7.77822,6269.91,0,0,2000,626.179,131.147,2,125.918,147.928,145.928,135.262,0,0,0,43.7975,26.144,3,-22.0096
2223.1,40896.5,95.8581,3.91942,190.59,135.067,7.77822,6270.69,0,0,2000,626.179,131.147,2,125.918,147.714,145.714,135.067,0,0,0,43.7918,26.144,3,-21.7961
2223.2,40899.1,95.8673,3.91507,190.695,135.495,7.77822,6271.46,0,0,2000,626.179,131.147,2,125.918,148.181,146.181,135.495,0,0,0,43.7861,26.1441,3,-22.2634
2223.3,40901.8,95.8776,3.91074,190.799,136.154,7.77822,6272.24,0,0,2000,626.179,131.147,2,125.918,148.902,146.902,136.154,0,0,0,43.7801,26.1442,3,-22.9845
2223.4,40904.4,95.8896,3.90643,190.903,136.478,7.77822,6273.02,0,0,2000,626.179,131.147,2,125.918,149.26,147.26,136.478,0,0,0,43.7741,26.1443,3,-23.3424
2223.5,40907.1,95.9013,3.90214,191.007,136.17,7.77822,6273.8,0,0,2000,626.179,131.147,2,125.918,148.919,146.919,136.17,0,0,0,43.7682,26.1444,3,-23.0014
2223.6,40909.8,95.9123,3.89787,191.111,135.882,7.77822,6274.58,0,0,2000,626.179,131.147,2,125.918,148.605,146.605,135.882,0,0,0,43.7623,26.1445,3,-22.6875
2223.7,40912.4,95.9231,3.89361,191.215,136.186,7.77822,6275.35,0,0,2000,626.179,131.147,2,125.918,148.938,146.938,136.186,0,0,0,43.7564,26.1446,3,-23.0196
2223.8,40915.1,95.9354,3.88938,191.318,137.386,7.77822,6276.13,0,0,2000,626.179,131.147,2,125.918,150.263,148.263,137.386,0,0,0,43.7501,26.1447,3,-24.3448
2223.9,40917.8,95.9511,3.88516,191.422,139.453,7.77822,6276.91,0,0,2000,626.179,131.147,2,125.918,152.545,150.545,139.453,0,0,0,43.7432,26.1448,3,-26.6272
2224,40920.4,95.9717,3.88096,191.525,141.533,7.77822,6277.69,0,0,2000,626.179,131.147,2,125.918,154.844,152.844,141.533,0,0,0,43.7357,26.1451,3,-28.9258
2224.1,40923.1,95.9957,3.87678,191.629,142.836,7.77822,6278.46,0,0,2000,626.179,131.147,2,125.918,156.283,154.283,142.836,0,0,0,43.7279,26.1453,3,-30.3651
2224.2,40925.8,96.0215,3.87262,191.732,143.545,7.77822,6279.24,0,0,2000,626.179,131.147,2,125.918,157.066,155.066,143.545,0,0,0,43.7198,26.1456,3,-31.1482
2224.3,40928.4,96.0483,3.86848,191.835,143.846,7.77822,6280.02,0,0,2000,626.179,131.147,2,125.918,157.398,155.398,143.846,0,0,0,43.7117,26.1458,3,-31.4805
2224.4,40931.1,96.0752,3.86435,191.939,143.844,7.77822,6280.8,0,0,2000,626.179,131.147,2,125.918,157.397,155.397,143.844,0,0,0,43.7035,26.1461,3,-31.4787
2224.5,40933.8,96.1021,3.86025,192.042,143.792,7.77822,6281.58,0,0,2000,626.179,131.147,2,125.918,157.339,155.339,143.792,0,0,0,43.6954,26.1464,3,-31.4211
2224.6,40936.4,96.1288,3.85617,192.145,143.557,7.77822,6282.35,0,0,2000,626.179,131.147,2,125.918,157.08,155.08,143.557,0,0,0,43.6874,26.1467,3,-31.162
2224.7,40939.1,96.1548,3.85211,192.248,142.489,7.77822,6283.13,0,0,2000,626.179,131.147,2,125.918,155.899,153.899,142.489,0,0,0,43.6796,26.1469,3,-29.9814
2224.8,40941.8,96.1773,3.84807,192.35,140.802,7.77822,6283.91,0,0,2000,626.179,131.147,2,125.918,154.035,152.035,140.802,0,0,0,43.6724,26.1471,3,-28.1167
2224.9,40944.4,96.1967,3.84405,192.453,139.286,7.77822,6284.69,0,0,2000,626.179,131.147,2,125.918,152.36,150.36,139.286,0,0,0,43.6655,26.1473,3,-26.4417
2225,40947.1,96.2134,3.84006,192.556,138.162,7.77822,6285.46,0,0,2000,626.179,131.147,2,125.918,151.118,149.118,138.162,0,0,0,43.659,26.1474,3,-25.1998
2225.1,40949.8,96.2285,3.83608,192.659,137.77,7.77822,6286.24,0,0,2000,626.179,131.147,2,125.918,150.683,148.683,137.77,0,0,0,43.6526,26.1475,3,-24.7655
2225.2,40952.5,96.2438,3.83213,192.761,138.398,7.77822,6287.02,0,0,2000,626.179,131.147,2,125.918,151.378,149.378,138.398,0,0,0,43.646,26.1477,3,-25.4599
2225.3,40955.1,96.2614,3.8282,192.863,139.046,7.77822,6287.8,0,0,2000,626.179,131.147,2,125.918,152.095,150.095,139.046,0,0,0,43.6393,26.1478,3,-26.1765
2225.4,40957.8,96.2793,3.82429,192.966,139.087,7.77822,6288.58,0,0,2000,626.179,131.147,2,125.918,152.139,150.139,139.087,0,0,0,43.6325,26.148,3,-26.2212
2225.5,40960.5,96.2972,3.82041,193.068,138.89,7.77822,6289.35,0,0,2000,626.179,131.147,2,125.918,151.922,149.922,138.89,0,0,0,43.6258,26.1481,3,-26.004
2225.6,40963.2,96.3145,3.81655,193.17,138.108,7.77822,6290.13,0,0,2000,626.179,131.147,2,125.918,151.058,149.058,138.108,0,0,0,43.6193,26.1482,3,-25.1395
2225.7,40965.8,96.3294,3.81271,193.272,137.014,7.77822,6290.91,0,0,2000,626.179,131.147,2,125.918,149.848,147.848,137.014,0,0,0,43.6131,26.1483,3,-23.9302
2225.8,40968.5,96.3425,3.8089,193.374,136.051,7.77822,6291.69,0,0,2000,626.179,131.147,2,125.918,148.792,146.792,136.051,0,0,0,43.6072,26.1484,3,-22.8741
2225.9,40971.2,96.3538,3.80511,193.476,135.537,7.77822,6292.47,0,0,2000,626.179,131.147,2,125.918,148.231,146.231,135.537,0,0,0,43.6014,26.1485,3,-22.3125
2226,40973.9,96.365,3.80135,193.578,135.421,7.77822,6293.24,0,0,2000,626.179,131.147,2,125.918,148.103,146.103,135.421,0,0,0,43.5957,26.1486,3,-22.1854
2226.1,40976.5,96.376,3.7976,193.68,135.733,7.77822,6294.02,0,0,2000,626.179,131.147,2,125.918,148.445,146.445,135.733,0,0,0,43.5899,26.1487,3,-22.5268
2226.2,40979.2,96.3886,3.79389,193.781,136.372,7.77822,6294.8,0,0,2000,626.179,131.147,2,125.918,149.144,147.144,136.372,0,0,0,43.5839,26.1488,3,-23.2259
2226.3,40981.9,96.4022,3.7902,193.883,136.643,7.77822,6295.58,0,0,2000,626.179,131.147,2,125.918,149.44,147.44,136.643,0,0,0,43.5778,26.1489,3,-23.5217
2226.4,40984.6,96.416,3.78653,193.984,136.375,7.77822,6296.35,0,0,2000,626.179,131.147,2,125.918,149.147,147.147,136.375,0,0,0,43.5718,26.149,3,-23.2289
2226.5,40987.3,96.4287,3.78289,194.086,135.598,7.77822,6297.13,0,0,2000,626.179,131.147,2,125.918,148.298,146.298,135.598,0,0,0,43.566,26.149,3,-22.3798
2226.6,40989.9,96.4395,3.77928,194.187,134.829,7.77822,6297.91,0,0,2000,626.179,131.147,2,125.918,147.456,145.456,134.829,0,0,0,43.5605,26.1491,3,-21.5382
2226.7,40992.6,96.4493,3.77569,194.288,134.814,7.77822,6298.69,0,0,2000,626.179,131.147,2,125.918,147.44,145.44,134.814,0,0,0,43.5549,26.1492,3,-21.5225
2226.8,40995.3,96.4603,3.77212,194.389,135.507,7.77822,6299.47,0,0,2000,626.179,131.147,2,125.918,148.198,146.198,135.507,0,0,0,43.5491,26.1492,3,-22.28
2226.9,40998,96.473,3.76859,194.49,135.853,7.77822,6300.24,0,0,2000,626.179,131.147,2,125.918,148.577,146.577,135.853,0,0,0,43.5433,26.1493,3,-22.6589
2227,41000.7,96.4854,3.76507,194.591,135.924,7.77822,6301.02,0,0,2000,626.179,131.147,2,125.918,148.654,146.654,135.924,0,0,0,43.5374,26.1494,3,-22.7363
2227.1,41003.3,96.4985,3.76159,194.692,135.54,7.77822,6301.8,0,0,2000,626.179,131.147,2,125.918,148.235,146.235,135.54,0,0,0,43.5316,26.1495,3,-22.3166
2227.2,41006,96.5095,3.75813,194.793,133.949,7.77822,6302.58,0,0,2000,626.179,131.147,2,125.918,146.494,144.494,133.949,0,0,0,43.5263,26.1495,3,-20.576
2227.3,41008.7,96.5165,3.7547,194.893,132.536,7.77822,6303.35,0,0,2000,626.179,131.147,2,125.918,144.948,142.948,132.536,0,0,0,43.5214,26.1495,3,-19.0301
2227.4,41011.4,96.5221,3.75129,194.994,132.246,7.77822,6304.13,0,0,2000,626.179,131.147,2,125.918,144.632,142.632,132.246,0,0,0,43.5166,26.1496,3,-18.7139
2227.5,41014.1,96.5282,3.74792,195.095,132.289,7.77822,6304.91,0,0,2000,626.179,131.147,2,125.918,144.678,142.678,132.289,0,0,0,43.5117,26.1496,3,-18.7599
2227.6,41016.7,96.5342,3.74457,195.195,132.804,7.77822,6305.69,0,0,2000,626.179,131.147,2,125.918,145.242,143.242,132.804,0,0,0,43.5067,26.1496,3,-19.3237
2227.7,41019.4,96.5424,3.74124,195.295,133.311,7.77822,6306.47,0,0,2000,626.179,131.147,2,125.918,145.796,143.796,133.311,0,0,0,43.5016,26.1496,3,-19.8782
2227.8,41022.1,96.5505,3.73795,195.396,132.964,7.77822,6307.24,0,0,2000,626.179,131.147,2,125.918,145.417,143.417,132.964,0,0,0,43.4966,26.1497,3,-19.4987
2227.9,41024.8,96.5575,3.73468,195.496,132.158,7.77822,6308.02,0,0,2000,626.179,131.147,2,125.918,144.535,142.535,132.158,0,0,0,43.4918,26.1497,3,-18.6168
2228,41027.5,96.5627,3.73144,195.596,131.34,7.77822,6308.8,0,0,2000,626.179,131.147,2,125.918,143.641,141.641,131.34,0,0,0,43.4872,26.1497,3,-17.7228
2228.1,41030.2,96.5666,3.72823,195.696,130.488,7.77822,6309.58,0,0,2000,626.179,131.147,2,125.918,142.708,140.708,130.488,0,0,0,43.4828,26.1497,3,-16.7899
2228.2,41032.8,96.5686,3.72504,195.796,130.117,7.77822,6310.36,0,0,2000,626.179,131.147,2,125.918,142.303,140.303,130.117,0,0,0,43.4786,26.1497,3,-16.3849
2228.3,41035.5,96.5713,3.72189,195.896,130.517,7.77822,6311.13,0,0,2000,626.179,131.147,2,125.918,142.74,140.74,130.517,0,0,0,43.4743,26.1497,3,-16.8218
2228.4,41038.2,96.5751,3.71876,195.996,131.181,7.77822,6311.91,0,0,2000,626.179,131.147,2,125.918,143.466,141.466,131.181,0,0,0,43.4697,26.1497,3,-17.548
2228.5,41040.9,96.5806,3.71566,196.096,132.08,7.77822,6312.69,0,0,2000,626.179,131.147,2,125.918,144.45,142.45,132.08,0,0,0,43.4649,26.1497,3,-18.5322
2228.6,41043.6,96.588,3.71259,196.195,132.924,7.77822,6313.47,0,0,2000,626.179,131.147,2,125.918,145.373,143.373,132.924,0,0,0,43.4599,26.1497,3,-19.4554
2228.7,41046.2,96.5969,3.70955,196.295,133.492,7.77822,6314.24,0,0,2000,626.179,131.147,2,125.918,145.994,143.994,133.492,0,0,0,43.4547,26.1497,3,-20.0761
2228.8,41048.9,96.6067,3.70653,196.394,133.752,7.77822,6315.02,0,0,2000,626.179,131.147,2,125.918,146.28,144.28,133.752,0,0,0,43.4495,26.1498,3,-20.3616
2228.9,41051.6,96.6168,3.70355,196.494,133.916,7.77822,6315.8,0,0,2000,626.179,131.147,2,125.918,146.458,144.458,133.916,0,0,0,43.4442,26.1498,3,-20.5405
2229,41054.3,96.6273,3.70059,196.593,133.698,7.77822,6316.58,0,0,2000,626.179,131.147,2,125.918,146.22,144.22,133.698,0,0,0,43.4389,26.1499,3,-20.3023
2229.1,41057,96.6366,3.69766,196.692,133.17,7.77822,6317.36,0,0,2000,626.179,131.147,2,125.918,145.642,143.642,133.17,0,0,0,43.4338,26.1499,3,-19.7242
2229.2,41059.7,96.6451,3.69476,196.792,133.047,7.77822,6318.13,0,0,2000,626.179,131.147,2,125.918,145.508,143.508,133.047,0,0,0,43.4288,26.1499,3,-19.5901
2229.3,41062.4,96.6541,3.69189,196.891,133.587,7.77822,6318.91,0,0,2000,626.179,131.147,2,125.918,146.099,144.099,133.587,0,0,0,43.4235,26.15,3,-20.1808
2229.4,41065,96.6649,3.68905,196.99,134.409,7.77822,6319.69,0,0,2000,626.179,131.147,2,125.918,146.998,144.998,134.409,0,0,0,43.4181,26.15,3,-21.0797
2229.5,41067.7,96.6771,3.68624,197.089,135.353,7.77822,6320.47,0,0,2000,626.179,131.147,2,125.918,148.03,146.03,135.353,0,0,0,43.4124,26.1501,3,-22.1125
2229.6,41070.4,96.6916,3.68345,197.188,136.258,7.77822,6321.24,0,0,2000,626.179,131.147,2,125.918,149.021,147.021,136.258,0,0,0,43.4064,26.1502,3,-23.1031
2229.7,41073.1,96.7075,3.6807,197.287,136.889,7.77822,6322.02,0,0,2000,626.179,131.147,2,125.918,149.711,147.711,136.889,0,0,0,43.4003,26.1503,3,-23.7933
2229.8,41075.8,96.7245,3.67797,197.386,137.132,7.77822,6322.8,0,0,2000,626.179,131.147,2,125.918,149.978,147.978,137.132,0,0,0,43.394,26.1504,3,-24.0597
2229.9,41078.5,96.7413,3.67527,197.484,137.442,7.77822,6323.58,0,0,2000,626.179,131.147,2,125.918,150.318,148.318,137.442,0,0,0,43.3877,26.1505,3,-24.3999
2230,41081.2,96.7596,3.67261,197.583,138.128,7.77822,6324.36,0,0,2000,626.179,131.147,2,125.918,151.077,149.077,138.128,0,0,0,43.3812,26.1507,3,-25.1585
2230.1,41083.8,96.7791,3.66997,197.682,138.708,7.77822,6325.13,0,0,2000,626.179,131.147,2,125.918,151.719,149.719,138.708,0,0,0,43.3746,26.1508,3,-25.8006
2230.2,41086.5,96.7996,3.66735,197.78,138.426,7.77822,6325.91,0,0,2000,626.179,131.147,2,125.918,151.406,149.406,138.426,0,0,0,43.368,26.1509,3,-25.4884
2230.3,41089.2,96.818,3.66477,197.879,137.194,7.77822,6326.69,0,0,2000,626.179,131.147,2,125.918,150.046,148.046,137.194,0,0,0,43.3618,26.1511,3,-24.1284
2230.4,41091.9,96.8337,3.66222,197.977,135.842,7.77822,6327.47,0,0,2000,626.179,131.147,2,125.918,148.567,146.567,135.842,0,0,0,43.3559,26.1511,3,-22.6491
2230.5,41094.6,96.8469,3.65969,198.076,135.072,7.77822,6328.25,0,0,2000,626.179,131.147,2,125.918,147.724,145.724,135.072,0,0,0,43.3503,26.1512,3,-21.8062
2230.6,41097.3,96.8596,3.6572,198.174,135.289,7.77822,6329.02,0,0,2000,626.179,131.147,2,125.918,147.962,145.962,135.289,0,0,0,43.3446,26.1513,3,-22.0436
2230.7,41100,96.8737,3.65473,198.273,136.446,7.77822,6329.8,0,0,2000,626.179,131.147,2,125.918,149.228,147.228,136.446,0,0,0,43.3386,26.1514,3,-23.3099
2230.8,41102.7,96.891,3.6523,198.371,138.001,7.77822,6330.58,0,0,2000,626.179,131.147,2,125.918,150.935,148.935,138.001,0,0,0,43.3321,26.1515,3,-25.0174
2230.9,41105.4,96.9111,3.64989,198.469,138.704,7.77822,6331.36,0,0,2000,626.179,131.147,2,125.918,151.713,149.713,138.704,0,0,0,43.3254,26.1516,3,-25.7951
2231,41108.1,96.9311,3.64751,198.568,138.466,7.77822,6332.13,0,0,2000,626.179,131.147,2,125.918,151.449,149.449,138.466,0,0,0,43.3188,26.1518,3,-25.5312
2231.1,41110.7,96.9502,3.64516,198.666,137.946,7.77822,6332.91,0,0,2000,626.179,131.147,2,125.918,150.874,148.874,137.946,0,0,0,43.3124,26.1519,3,-24.9557
2231.2,41113.4,96.9682,3.64283,198.764,137.329,7.77822,6333.69,0,0,2000,626.179,131.147,2,125.918,150.195,148.195,137.329,0,0,0,43.3061,26.152,3,-24.2771
2231.3,41116.1,96.9849,3.64054,198.862,137.416,7.77822,6334.47,0,0,2000,626.179,131.147,2,125.918,150.29,148.29,137.416,0,0,0,43.2998,26.1521,3,-24.3723
2231.4,41118.8,97.0032,3.63828,198.96,138.347,7.77822,6335.25,0,0,2000,626.179,131.147,2,125.918,151.317,149.317,138.347,0,0,0,43.2932,26.1523,3,-25.3994
2231.5,41121.5,97.0236,3.63604,199.058,139.125,7.77822,6336.02,0,0,2000,626.179,131.147,2,125.918,152.178,150.178,139.125,0,0,0,43.2865,26.1524,3,-26.26
2231.6,41124.2,97.0448,3.63383,199.156,139.482,7.77822,6336.8,0,0,2000,626.179,131.147,2,125.918,152.573,150.573,139.482,0,0,0,43.2796,26.1526,3,-26.6552
2231.7,41126.9,97.0665,3.63166,199.254,139.878,7.77822,6337.58,0,0,2000,626.179,131.147,2,125.918,153.012,151.012,139.878,0,0,0,43.2726,26.1528,3,-27.0938
2231.8,41129.6,97.0893,3.62951,199.352,140.165,7.77822,6338.36,0,0,2000,626.179,131.147,2,125.918,153.329,151.329,140.165,0,0,0,43.2655,26.1529,3,-27.4111
2231.9,41132.3,97.112,3.62738,199.45,140.26,7.77822,6339.13,0,0,2000,626.179,131.147,2,125.918,153.435,151.435,140.26,0,0,0,43.2584,26.1531,3,-27.5169
2232,41135,97.1351,3.62529,199.548,140.432,7.77822,6339.91,0,0,2000,626.179,131.147,2,125.918,153.625,151.625,140.432,0,0,0,43.2512,26.1533,3,-27.7073
2232.1,41137.7,97.1583,3.62323,199.645,140.654,7.77822,6340.69,0,0,2000,626.179,131.147,2,125.918,153.871,151.871,140.654,0,0,0,43.244,26.1535,3,-27.953
2232.2,41140.4,97.1822,3.62119,199.743,140.802,7.77822,6341.47,0,0,2000,626.179,131.147,2,125.918,154.035,152.035,140.802,0,0,0,43.2367,26.1537,3,-28.1169
2232.3,41143.1,97.206,3.61918,199.841,140.287,7.77822,6342.25,0,0,2000,626.179,131.147,2,125.918,153.464,151.464,140.287,0,0,0,43.2296,26.1539,3,-27.546
2232.4,41145.8,97.2277,3.6172,199.939,139.271,7.77822,6343.02,0,0,2000,626.179,131.147,2,125.918,152.339,150.339,139.271,0,0,0,43.2228,26.154,3,-26.421
2232.5,41148.5,97.2475,3.61525,200.036,138.112,7.77822,6343.8,0,0,2000,626.179,131.147,2,125.918,151.055,149.055,138.112,0,0,0,43.2163,26.1542,3,-25.1374
2232.6,41151.2,97.2647,3.61332,200.134,136.707,7.77822,6344.58,0,0,2000,626.179,131.147,2,125.918,149.516,147.516,136.707,0,0,0,43.2102,26.1543,3,-23.5982
2232.7,41153.9,97.279,3.61143,200.232,134.827,7.77822,6345.36,0,0,2000,626.179,131.147,2,125.918,147.458,145.458,134.827,0,0,0,43.2046,26.1543,3,-21.5403
2232.8,41156.6,97.2889,3.60956,200.329,132.629,7.77822,6346.14,0,0,2000,626.179,131.147,2,125.918,145.051,143.051,132.629,0,0,0,43.1997,26.1544,3,-19.1333
2232.9,41159.3,97.2946,3.60772,200.427,130.616,7.77822,6346.91,0,0,2000,626.179,131.147,2,125.918,142.847,140.847,130.616,0,0,0,43.1953,26.1543,3,-16.9288
2233,41162,97.2968,3.6059,200.524,128.759,7.77822,6347.69,0,0,2000,626.179,131.147,2,125.918,140.814,138.814,128.759,0,0,0,43.1915,26.1543,3,-14.8957
2233.1,41164.7,97.2955,3.60412,200.622,127.398,7.77822,6348.47,0,0,2000,626.179,131.147,2,125.918,139.324,137.324,127.398,0,0,0,43.188,26.1543,3,-13.4063
2233.2,41167.4,97.2925,3.60236,200.719,127.39,7.77822,6349.25,0,0,2000,626.179,131.147,2,125.918,139.316,137.316,127.39,0,0,0,43.1845,26.1542,3,-13.3981
2233.3,41170.1,97.2913,3.60063,200.816,128.877,7.77822,6350.02,0,0,2000,626.179,131.147,2,125.918,140.942,138.942,128.877,0,0,0,43.1807,26.1542,3,-15.0243
2233.4,41172.8,97.2942,3.59892,200.914,130.621,7.77822,6350.8,0,0,2000,626.179,131.147,2,125.918,142.853,140.853,130.621,0,0,0,43.1763,26.1542,3,-16.9346
2233.5,41175.5,97.2998,3.59725,201.011,131.999,7.77822,6351.58,0,0,2000,626.179,131.147,2,125.918,144.361,142.361,131.999,0,0,0,43.1715,26.1542,3,-18.4428
2233.6,41178.2,97.3081,3.5956,201.108,132.847,7.77822,6352.36,0,0,2000,626.179,131.147,2,125.918,145.29,143.29,132.847,0,0,0,43.1665,26.1542,3,-19.3722
2233.7,41180.9,97.3171,3.59398,201.205,132.58,7.77822,6353.14,0,0,2000,626.179,131.147,2,125.918,144.998,142.998,132.58,0,0,0,43.1616,26.1542,3,-19.0797
2233.8,41183.6,97.3244,3.59238,201.302,132.02,7.77822,6353.91,0,0,2000,626.179,131.147,2,125.918,144.385,142.385,132.02,0,0,0,43.1568,26.1543,3,-18.4666
2233.9,41186.3,97.3312,3.59081,201.399,131.797,7.77822,6354.69,0,0,2000,626.179,131.147,2,125.918,144.14,142.14,131.797,0,0,0,43.1521,26.1543,3,-18.2221
2234,41189,97.3377,3.58927,201.496,131.692,7.77822,6355.47,0,0,2000,626.179,131.147,2,125.918,144.025,142.025,131.692,0,0,0,43.1474,26.1543,3,-18.107
2234.1,41191.8,97.3442,3.58775,201.594,131.403,7.77822,6356.25,0,0,2000,626.179,131.147,2,125.918,143.709,141.709,131.403,0,0,0,43.1428,26.1543,3,-17.7906
2234.2,41194.5,97.3496,3.58626,201.691,130.763,7.77822,6357.02,0,0,2000,626.179,131.147,2,125.918,143.008,141.008,130.763,0,0,0,43.1384,26.1543,3,-17.0897
2234.3,41197.2,97.3537,3.58479,201.787,129.573,7.77822,6357.8,0,0,2000,626.179,131.147,2,125.918,141.704,139.704,129.573,0,0,0,43.1343,26.1542,3,-15.7864
2234.4,41199.9,97.3545,3.58335,201.884,127.799,7.77822,6358.58,0,0,2000,626.179,131.147,2,125.918,139.762,137.762,127.799,0,0,0,43.1308,26.1542,3,-13.8439
2234.5,41202.6,97.3518,3.58194,201.981,126.298,7.77822,6359.36,0,0,2000,626.179,131.147,2,125.918,138.13,136.13,126.298,0,0,0,43.1276,26.1541,3,-12.2117
2234.6,41205.3,97.3469,3.58055,202.078,126.163,7.77822,6360.14,0,0,2000,626.179,131.147,2,125.918,137.984,135.984,126.163,0,0,0,43.1245,26.1541,3,-12.066
2234.7,41208,97.3438,3.57918,202.175,126.907,7.77822,6360.91,0,0,2000,626.179,131.147,2,125.918,138.791,136.791,126.907,0,0,0,43.1212,26.154,3,-12.8729
2234.8,41210.7,97.3419,3.57784,202.272,127.722,7.77822,6361.69,0,0,2000,626.179,131.147,2,125.918,139.678,137.678,127.722,0,0,0,43.1176,26.154,3,-13.7599
2234.9,41213.4,97.3421,3.57653,202.368,128.846,7.77822,6362.47,0,0,2000,626.179,131.147,2,125.918,140.908,138.908,128.846,0,0,0,43.1137,26.1539,3,-14.9902
2235,41216.1,97.3447,3.57524,202.465,129.646,7.77822,6363.25,0,0,2000,626.179,131.147,2,125.918,141.785,139.785,129.646,0,0,0,43.1096,26.1539,3,-15.8668
2235.1,41218.8,97.348,3.57397,202.562,129.932,7.77822,6364.03,0,0,2000,626.179,131.147,2,125.918,142.098,140.098,129.932,0,0,0,43.1055,26.1539,3,-16.1798
2235.2,41221.5,97.3517,3.57273,202.658,130.538,7.77822,6364.8,0,0,2000,626.179,131.147,2,125.918,142.761,140.761,130.538,0,0,0,43.1011,26.1539,3,-16.8435
2235.3,41224.2,97.3575,3.57151,202.755,131.25,7.77822,6365.58,0,0,2000,626.179,131.147,2,125.918,143.541,141.541,131.25,0,0,0,43.0965,26.1539,3,-17.623
2235.4,41226.9,97.364,3.57031,202.852,131.335,7.77822,6366.36,0,0,2000,626.179,131.147,2,125.918,143.634,141.634,131.335,0,0,0,43.092,26.1539,3,-17.7157
2235.5,41229.6,97.3701,3.56914,202.948,131.256,7.77822,6367.14,0,0,2000,626.179,131.147,2,125.918,143.547,141.547,131.256,0,0,0,43.0874,26.1539,3,-17.6289
2235.6,41232.3,97.3763,3.56799,203.045,131.463,7.77822,6367.91,0,0,2000,626.179,131.147,2,125.918,143.775,141.775,131.463,0,0,0,43.0828,26.1539,3,-17.8566
2235.7,41235,97.3832,3.56686,203.141,131.89,7.77822,6368.69,0,0,2000,626.179,131.147,2,125.918,144.242,142.242,131.89,0,0,0,43.0781,26.1539,3,-18.324
2235.8,41237.7,97.3912,3.56576,203.238,132.146,7.77822,6369.47,0,0,2000,626.179,131.147,2,125.918,144.522,142.522,132.146,0,0,0,43.0733,26.1539,3,-18.604
2235.9,41240.4,97.399,3.56467,203.334,132.802,7.77822,6370.25,0,0,2000,626.179,131.147,2,125.918,145.241,143.241,132.802,0,0,0,43.0683,26.154,3,-19.3227
2236,41243.1,97.4095,3.56361,203.431,134.611,7.77822,6371.03,0,0,2000,626.179,131.147,2,125.918,147.222,145.222,134.611,0,0,0,43.0628,26.154,3,-21.304
2236.1,41245.8,97.4244,3.56257,203.527,135.975,7.77822,6371.8,0,0,2000,626.179,131.147,2,125.918,148.716,146.716,135.975,0,0,0,43.0569,26.1541,3,-22.798
2236.2,41248.5,97.4401,3.56155,203.623,136.511,7.77822,6372.58,0,0,2000,626.179,131.147,2,125.918,149.302,147.302,136.511,0,0,0,43.0508,26.1542,3,-23.3844
2236.3,41251.3,97.457,3.56055,203.72,137.366,7.77822,6373.36,0,0,2000,626.179,131.147,2,125.918,150.24,148.24,137.366,0,0,0,43.0445,26.1543,3,-24.3216
2236.4,41254,97.4759,3.55958,203.816,138.07,7.77822,6374.14,0,0,2000,626.179,131.147,2,125.918,151.011,149.011,138.07,0,0,0,43.0381,26.1545,3,-25.0926
2236.5,41256.7,97.4954,3.55862,203.912,138.226,7.77822,6374.91,0,0,2000,626.179,131.147,2,125.918,151.181,149.181,138.226,0,0,0,43.0315,26.1546,3,-25.263
2236.6,41259.4,97.5148,3.55768,204.009,138.495,7.77822,6375.69,0,0,2000,626.179,131.147,2,125.918,151.476,149.476,138.495,0,0,0,43.0249,26.1547,3,-25.5579
2236.7,41262.1,97.5352,3.55677,204.105,138.584,7.77822,6376.47,0,0,2000,626.179,131.147,2,125.918,151.575,149.575,138.584,0,0,0,43.0183,26.1549,3,-25.6568
2236.8,41264.8,97.5548,3.55587,204.202,138.45,7.77822,6377.25,0,0,2000,626.179,131.147,2,125.918,151.427,149.427,138.45,0,0,0,43.0117,26.155,3,-25.5092
2236.9,41267.5,97.5746,3.55499,204.298,138.877,7.77822,6378.03,0,0,2000,626.179,131.147,2,125.918,151.899,149.899,138.877,0,0,0,43.005,26.1552,3,-25.981
2237,41270.2,97.5957,3.55413,204.394,139.249,7.77822,6378.8,0,0,2000,626.179,131.147,2,125.918,152.311,150.311,139.249,0,0,0,42.9982,26.1553,3,-26.3934
2237.1,41272.9,97.6168,3.55329,204.491,139.281,7.77822,6379.58,0,0,2000,626.179,131.147,2,125.918,152.346,150.346,139.281,0,0,0,42.9914,26.1555,3,-26.4282
2237.2,41275.6,97.6379,3.55247,204.587,139.5,7.77822,6380.36,0,0,2000,626.179,131.147,2,125.918,152.589,150.589,139.5,0,0,0,42.9845,26.1556,3,-26.6708
2237.3,41278.4,97.6597,3.55167,204.683,139.589,7.77822,6381.14,0,0,2000,626.179,131.147,2,125.918,152.688,150.688,139.589,0,0,0,42.9775,26.1558,3,-26.7699
2237.4,41281.1,97.681,3.55088,204.78,139.496,7.77822,6381.91,0,0,2000,626.179,131.147,2,125.918,152.585,150.585,139.496,0,0,0,42.9707,26.156,3,-26.6666
2237.5,41283.8,97.7022,3.55011,204.876,139.502,7.77822,6382.69,0,0,2000,626.179,131.147,2,125.918,152.59,150.59,139.502,0,0,0,42.9638,26.1561,3,-26.6723
2237.6,41286.5,97.7234,3.54936,204.972,139.507,7.77822,6383.47,0,0,2000,626.179,131.147,2,125.918,152.596,150.596,139.507,0,0,0,42.9569,26.1563,3,-26.6783
2237.7,41289.2,97.7445,3.54863,205.069,139.466,7.77822,6384.25,0,0,2000,626.179,131.147,2,125.918,152.55,150.55,139.466,0,0,0,42.95,26.1564,3,-26.6324
2237.8,41291.9,97.7654,3.54791,205.165,139.617,7.77822,6385.03,0,0,2000,626.179,131.147,2,125.918,152.718,150.718,139.617,0,0,0,42.9431,26.1566,3,-26.8003
2237.9,41294.6,97.787,3.54721,205.261,139.812,7.77822,6385.8,0,0,2000,626.179,131.147,2,125.918,152.934,150.934,139.812,0,0,0,42.9361,26.1568,3,-27.0164
2238,41297.4,97.8085,3.54652,205.358,139.814,7.77822,6386.58,0,0,2000,626.179,131.147,2,125.918,152.936,150.936,139.814,0,0,0,42.9291,26.1569,3,-27.018
2238.1,41300.1,97.8299,3.54585,205.454,139.815,7.77822,6387.36,0,0,2000,626.179,131.147,2,125.918,152.938,150.938,139.815,0,0,0,42.9221,26.1571,3,-27.0199
2238.2,41302.8,97.8512,3.54519,205.551,139.859,7.77822,6388.14,0,0,2000,626.179,131.147,2,125.918,152.986,150.986,139.859,0,0,0,42.9151,26.1573,3,-27.0684
2238.3,41305.5,97.8726,3.54455,205.647,139.904,7.77822,6388.92,0,0,2000,626.179,131.147,2,125.918,153.035,151.035,139.904,0,0,0,42.9081,26.1575,3,-27.1174
2238.4,41308.2,97.8939,3.54393,205.743,139.153,7.77822,6389.69,0,0,2000,626.179,131.147,2,125.918,152.203,150.203,139.153,0,0,0,42.9013,26.1576,3,-26.2854
2238.5,41311,97.9123,3.54332,205.84,137.501,7.77822,6390.47,0,0,2000,626.179,131.147,2,125.918,150.39,148.39,137.501,0,0,0,42.895,26.1577,3,-24.4724
2238.6,41313.7,97.9271,3.54272,205.936,135.751,7.77822,6391.25,0,0,2000,626.179,131.147,2,125.918,148.472,146.472,135.751,0,0,0,42.8892,26.1578,3,-22.5545
2238.7,41316.4,97.9386,3.54214,206.032,134.431,7.77822,6392.03,0,0,2000,626.179,131.147,2,125.918,147.027,145.027,134.431,0,0,0,42.8837,26.1579,3,-21.1086
2238.8,41319.1,97.9483,3.54156,206.129,133.46,7.77822,6392.8,0,0,2000,626.179,131.147,2,125.918,145.962,143.962,133.46,0,0,0,42.8786,26.1579,3,-20.0442
2238.9,41321.8,97.956,3.54101,206.225,132.833,7.77822,6393.58,0,0,2000,626.179,131.147,2,125.918,145.274,143.274,132.833,0,0,0,42.8736,26.1579,3,-19.3564
2239,41324.6,97.9632,3.54046,206.321,132.589,7.77822,6394.36,0,0,2000,626.179,131.147,2,125.918,145.008,143.008,132.589,0,0,0,42.8686,26.158,3,-19.0897
2239.1,41327.3,97.97,3.53993,206.418,132.346,7.77822,6395.14,0,0,2000,626.179,131.147,2,125.918,144.741,142.741,132.346,0,0,0,42.8638,26.158,3,-18.8234
2239.2,41330,97.9763,3.53941,206.514,130.8,7.77822,6395.92,0,0,2000,626.179,131.147,2,125.918,143.046,141.046,130.8,0,0,0,42.8593,26.158,3,-17.1285
2239.3,41332.7,97.977,3.5389,206.61,128.363,7.77822,6396.69,0,0,2000,626.179,131.147,2,125.918,140.376,138.376,128.363,0,0,0,42.8556,26.1579,3,-14.4581
2239.4,41335.4,97.9739,3.5384,206.707,126.82,7.77822,6397.47,0,0,2000,626.179,131.147,2,125.918,138.7,136.7,126.82,0,0,0,42.8523,26.1579,3,-12.7816
2239.5,41338.2,97.9688,3.53791,206.803,125.752,7.77822,6398.25,0,0,2000,626.179,131.147,2,125.918,137.539,135.539,125.752,0,0,0,42.8493,26.1578,3,-11.6215
2239.6,41340.9,97.9617,3.53743,206.899,125.007,7.77822,6399.03,0,0,2000,626.179,131.147,2,125.918,136.73,134.73,125.007,0,0,0,42.8465,26.1577,3,-10.8118
2239.7,41343.6,97.9538,3.53697,206.996,125.802,7.77822,6399.8,0,0,2000,626.179,131.147,2,125.918,137.594,135.594,125.802,0,0,0,42.8435,26.1577,3,-11.6757
2239.8,41346.3,97.9498,3.53651,207.092,127.682,7.77822,6400.58,0,0,2000,626.179,131.147,2,125.918,139.636,137.636,127.682,0,0,0,42.8399,26.1576,3,-13.7185
2239.9,41349,97.9492,3.53606,207.188,128.625,7.77822,6401.36,0,0,2000,626.179,131.147,2,125.918,140.663,138.663,128.625,0,0,0,42.8361,26.1576,3,-14.7449
2240,41351.8,97.9489,3.53562,207.284,129.518,7.77822,6402.14,0,0,2000,626.179,131.147,2,125.918,141.641,139.641,129.518,0,0,0,42.8321,26.1576,3,-15.7232
2240.1,41354.5,97.9518,3.53519,207.38,130.675,7.77822,6402.92,0,0,2000,626.179,131.147,2,125.918,142.91,140.91,130.675,0,0,0,42.8277,26.1576,3,-16.9918
2240.2,41357.2,97.956,3.53476,207.477,130.797,7.77822,6403.69,0,0,2000,626.179,131.147,2,125.918,143.043,141.043,130.797,0,0,0,42.8232,26.1575,3,-17.1254
2240.3,41359.9,97.9593,3.53435,207.573,129.767,7.77822,6404.47,0,0,2000,626.179,131.147,2,125.918,141.915,139.915,129.767,0,0,0,42.8191,26.1575,3,-15.9967
2240.4,41362.7,97.9595,3.53394,207.669,128.796,7.77822,6405.25,0,0,2000,626.179,131.147,2,125.918,140.85,138.85,128.796,0,0,0,42.8153,26.1575,3,-14.9322
2240.5,41365.4,97.9591,3.53354,207.765,127.89,7.77822,6406.03,0,0,2000,626.179,131.147,2,125.918,139.862,137.862,127.89,0,0,0,42.8117,26.1575,3,-13.9445
2240.6,41368.1,97.9559,3.53314,207.861,126.553,7.77822,6406.81,0,0,2000,626.179,131.147,2,125.918,138.409,136.409,126.553,0,0,0,42.8084,26.1574,3,-12.4914
2240.7,41370.8,97.9504,3.53275,207.957,125.603,7.77822,6407.58,0,0,2000,626.179,131.147,2,125.918,137.377,135.377,125.603,0,0,0,42.8055,26.1573,3,-11.459
2240.8,41373.5,97.9435,3.53237,208.053,125.491,7.77822,6408.36,0,0,2000,626.179,131.147,2,125.918,137.256,135.256,125.491,0,0,0,42.8025,26.1573,3,-11.3381
2240.9,41376.3,97.9377,3.53199,208.15,126.2,7.77822,6409.14,0,0,2000,626.179,131.147,2,125.918,138.026,136.026,126.2,0,0,0,42.7994,26.1572,3,-12.1075
2241,41379,97.9337,3.53162,208.246,127.117,7.77822,6409.92,0,0,2000,626.179,131.147,2,125.918,139.022,137.022,127.117,0,0,0,42.796,26.1571,3,-13.1043
2241.1,41381.7,97.9315,3.53125,208.342,127.935,7.77822,6410.69,0,0,2000,626.179,131.147,2,125.918,139.911,137.911,127.935,0,0,0,42.7924,26.1571,3,-13.993
2241.2,41384.4,97.9306,3.53088,208.438,128.557,7.77822,6411.47,0,0,2000,626.179,131.147,2,125.918,140.589,138.589,128.557,0,0,0,42.7886,26.1571,3,-14.6708
2241.3,41387.1,97.9308,3.53052,208.534,129.145,7.77822,6412.25,0,0,2000,626.179,131.147,2,125.918,141.233,139.233,129.145,0,0,0,42.7847,26.157,3,-15.3147
2241.4,41389.9,97.9323,3.53016,208.63,129.666,7.77822,6413.03,0,0,2000,626.179,131.147,2,125.918,141.804,139.804,129.666,0,0,0,42.7806,26.157,3,-15.886
2241.5,41392.6,97.9345,3.52981,208.726,130.051,7.77822,6413.81,0,0,2000,626.179,131.147,2,125.918,142.226,140.226,130.051,0,0,0,42.7763,26.157,3,-16.3082
2241.6,41395.3,97.9375,3.52945,208.822,130.186,7.77822,6414.58,0,0,2000,626.179,131.147,2,125.918,142.374,140.374,130.186,0,0,0,42.7721,26.157,3,-16.4561
2241.7,41398,97.9402,3.5291,208.918,129.684,7.77822,6415.36,0,0,2000,626.179,131.147,2,125.918,141.824,139.824,129.684,0,0,0,42.768,26.157,3,-15.9055
2241.8,41400.7,97.9412,3.52875,209.014,128.248,7.77822,6416.14,0,0,2000,626.179,131.147,2,125.918,140.251,138.251,128.248,0,0,0,42.7643,26.1569,3,-14.3329
2241.9,41403.5,97.9385,3.5284,209.11,126.036,7.77822,6416.92,0,0,2000,626.179,131.147,2,125.918,137.847,135.847,126.036,0,0,0,42.7612,26.1569,3,-11.9292
2242,41406.2,97.931,3.52805,209.206,123.641,7.77822,6417.69,0,0,2000,626.179,131.147,2,125.918,135.246,133.246,123.641,0,0,0,42.7588,26.1568,3,-9.3278
2242.1,41408.9,97.9191,3.52771,209.302,121.196,7.77822,6418.47,0,0,2000,626.179,131.147,2,125.918,132.589,130.589,121.196,0,0,0,42.7571,26.1567,3,-6.67112
2242.2,41411.6,97.9023,3.52736,209.398,119.752,7.77822,6419.25,0,0,2000,626.179,131.147,2,125.918,131.021,129.021,119.752,0,0,0,42.7557,26.1566,3,-5.10288
2242.3,41414.3,97.885,3.52701,209.494,119.458,7.77822,6420.03,0,0,2000,626.179,131.147,2,125.918,130.701,128.701,119.458,0,0,0,42.7545,26.1564,3,-4.78345
2242.4,41417.1,97.8672,3.52666,209.59,119.598,7.77822,6420.81,0,0,2000,626.179,131.147,2,125.918,130.853,128.853,119.598,0,0,0,42.7532,26.1563,3,-4.9352
2242.5,41419.8,97.8506,3.52631,209.685,119.851,7.77822,6421.58,0,0,2000,626.179,131.147,2,125.918,131.128,129.128,119.851,0,0,0,42.7519,26.1562,3,-5.20997
2242.6,41422.5,97.834,3.52596,209.781,119.667,7.77822,6422.36,0,0,2000,626.179,131.147,2,125.918,130.928,128.928,119.667,0,0,0,42.7506,26.1561,3,-5.01033
2242.7,41425.2,97.8169,3.5256,209.877,118.549,7.77822,6423.14,0,0,2000,626.179,131.147,2,125.918,129.714,127.714,118.549,0,0,0,42.7496,26.156,3,-3.79571
2242.8,41427.9,97.7961,3.52525,209.973,116.804,7.77822,6423.92,0,0,2000,626.179,131.147,2,125.918,127.824,125.824,116.804,0,0,0,42.7491,26.1559,3,-1.90602
2242.9,41430.6,97.7725,3.52489,210.069,115.206,7.77822,6424.7,0,0,2000,626.179,131.147,2,125.918,126.1,124.1,115.206,0,0,0,42.7491,26.1558,3,-0.181727
2243,41433.4,97.7458,3.52452,210.164,113.462,7.77822,6425.47,0,0,2000,626.179,131.147,2,125.918,124.219,122.219,113.462,0,0,0,42.7495,26.1556,3,1.69901
2243.1,41436.1,97.7156,3.52415,210.26,112.244,7.77822,6426.25,0,0,2000,626.179,131.147,2,125.918,122.905,120.905,112.244,0,0,0,42.7502,26.1555,3,3.01269
2243.2,41438.8,97.6845,3.52378,210.356,112.099,7.77822,6427.03,0,0,2000,626.179,131.147,2,125.918,122.749,120.749,112.099,0,0,0,42.751,26.1554,3,3.16922
2243.3,41441.5,97.6541,3.52341,210.451,112.577,7.77822,6427.81,0,0,2000,626.179,131.147,2,125.918,123.264,121.264,112.577,0,0,0,42.7516,26.1553,3,2.65377
2243.4,41444.2,97.6251,3.52303,210.547,113.274,7.77822,6428.58,0,0,2000,626.179,131.147,2,125.918,124.016,122.016,113.274,0,0,0,42.7521,26.1552,3,1.90171
2243.5,41446.9,97.5977,3.52264,210.642,114.069,7.77822,6429.36,0,0,2000,626.179,131.147,2,125.918,124.873,122.873,114.069,0,0,0,42.7523,26.1551,3,1.04467
2243.6,41449.6,97.572,3.52225,210.738,114.492,7.77822,6430.14,0,0,2000,626.179,131.147,2,125.918,125.33,123.33,114.492,0,0,0,42.7525,26.1549,3,0.588445
2243.7,41452.3,97.5464,3.52185,210.833,114.644,7.77822,6430.92,0,0,2000,626.179,131.147,2,125.918,125.493,123.493,114.644,0,0,0,42.7526,26.1548,3,0.424711
2243.8,41455.1,97.5216,3.52144,210.929,115.368,7.77822,6431.7,0,0,2000,626.179,131.147,2,125.918,126.274,124.274,115.368,0,0,0,42.7525,26.1547,3,-0.355977
2243.9,41457.8,97.4991,3.52103,211.024,116.236,7.77822,6432.47,0,0,2000,626.179,131.147,2,125.918,127.21,125.21,116.236,0,0,0,42.7522,26.1546,3,-1.29238
2244,41460.5,97.4778,3.52061,211.119,116.888,7.77822,6433.25,0,0,2000,626.179,131.147,2,125.918,127.914,125.914,116.888,0,0,0,42.7517,26.1545,3,-1.99605
2244.1,41463.2,97.4581,3.52018,211.215,118.025,7.77822,6434.03,0,0,2000,626.179,131.147,2,125.918,129.147,127.147,118.025,0,0,0,42.7508,26.1543,3,-3.2286
2244.2,41465.9,97.4414,3.51974,211.31,119.572,7.77822,6434.81,0,0,2000,626.179,131.147,2,125.918,130.827,128.827,119.572,0,0,0,42.7495,26.1542,3,-4.90896
2244.3,41468.6,97.4278,3.5193,211.405,120.589,7.77822,6435.58,0,0,2000,626.179,131.147,2,125.918,131.931,129.931,120.589,0,0,0,42.748,26.1541,3,-6.01347
2244.4,41471.3,97.4153,3.51884,211.5,121.687,7.77822,6436.36,0,0,2000,626.179,131.147,2,125.918,133.124,131.124,121.687,0,0,0,42.7461,26.154,3,-7.20586
2244.5,41474,97.406,3.51838,211.596,123.937,7.77822,6437.14,0,0,2000,626.179,131.147,2,125.918,135.567,133.567,123.937,0,0,0,42.7436,26.1539,3,-9.6488
2244.6,41476.7,97.4023,3.5179,211.691,126.805,7.77822,6437.92,0,0,2000,626.179,131.147,2,125.918,138.681,136.681,126.805,0,0,0,42.7403,26.1539,3,-12.7627
2244.7,41479.4,97.4043,3.51742,211.786,128.957,7.77822,6438.7,0,0,2000,626.179,131.147,2,125.918,141.029,139.029,128.957,0,0,0,42.7364,26.1539,3,-15.1114
2244.8,41482.1,97.4089,3.51692,211.881,129.907,7.77822,6439.47,0,0,2000,626.179,131.147,2,125.918,142.07,140.07,129.907,0,0,0,42.7323,26.1538,3,-16.1519
2244.9,41484.8,97.4146,3.51642,211.976,129.942,7.77822,6440.25,0,0,2000,626.179,131.147,2,125.918,142.108,140.108,129.942,0,0,0,42.7281,26.1538,3,-16.1901
2245,41487.5,97.4193,3.5159,212.071,129.326,7.77822,6441.03,0,0,2000,626.179,131.147,2,125.918,141.433,139.433,129.326,0,0,0,42.7241,26.1538,3,-15.515
2245.1,41490.2,97.4226,3.51537,212.167,128.589,7.77822,6441.81,0,0,2000,626.179,131.147,2,125.918,140.627,138.627,128.589,0,0,0,42.7203,26.1538,3,-14.7087
2245.2,41492.9,97.4245,3.51482,212.262,128.266,7.77822,6442.59,0,0,2000,626.179,131.147,2,125.918,140.273,138.273,128.266,0,0,0,42.7166,26.1537,3,-14.3547
2245.3,41495.7,97.4265,3.51426,212.357,127.762,7.77822,6443.36,0,0,2000,626.179,131.147,2,125.918,139.721,137.721,127.762,0,0,0,42.713,26.1537,3,-13.8027
2245.4,41498.4,97.4265,3.51369,212.452,126.754,7.77822,6444.14,0,0,2000,626.179,131.147,2,125.918,138.626,136.626,126.754,0,0,0,42.7097,26.1536,3,-12.7078
2245.5,41501.1,97.4246,3.51311,212.547,126.068,7.77822,6444.92,0,0,2000,626.179,131.147,2,125.918,137.881,135.881,126.068,0,0,0,42.7066,26.1536,3,-11.9626
2245.6,41503.8,97.422,3.51251,212.642,126.011,7.77822,6445.7,0,0,2000,626.179,131.147,2,125.918,137.818,135.818,126.011,0,0,0,42.7035,26.1535,3,-11.9003
2245.7,41506.5,97.42,3.5119,212.737,126.051,7.77822,6446.47,0,0,2000,626.179,131.147,2,125.918,137.862,135.862,126.051,0,0,0,42.7005,26.1534,3,-11.9443
2245.8,41509.2,97.4176,3.51127,212.832,127.056,7.77822,6447.25,0,0,2000,626.179,131.147,2,125.918,138.953,136.953,127.056,0,0,0,42.6971,26.1534,3,-13.0352
2245.9,41511.9,97.4195,3.51063,212.927,129.152,7.77822,6448.03,0,0,2000,626.179,131.147,2,125.918,141.243,139.243,129.152,0,0,0,42.6931,26.1534,3,-15.3246
2246,41514.6,97.4253,3.50997,213.022,130.352,7.77822,6448.81,0,0,2000,626.179,131.147,2,125.918,142.557,140.557,130.352,0,0,0,42.6888,26.1533,3,-16.6388
2246.1,41517.3,97.4319,3.50929,213.117,129.976,7.77822,6449.59,0,0,2000,626.179,131.147,2,125.918,142.146,140.146,129.976,0,0,0,42.6846,26.1533,3,-16.2276
2246.2,41520,97.4361,3.5086,213.212,129.24,7.77822,6450.36,0,0,2000,626.179,131.147,2,125.918,141.34,139.34,129.24,0,0,0,42.6807,26.1533,3,-15.4216
2246.3,41522.7,97.4399,3.50789,213.307,128.489,7.77822,6451.14,0,0,2000,626.179,131.147,2,125.918,140.516,138.516,128.489,0,0,0,42.6769,26.1533,3,-14.5981
2246.4,41525.4,97.4412,3.50716,213.402,127.32,7.77822,6451.92,0,0,2000,626.179,131.147,2,125.918,139.241,137.241,127.32,0,0,0,42.6734,26.1532,3,-13.3225
2246.5,41528.1,97.4405,3.50642,213.497,126.982,7.77822,6452.7,0,0,2000,626.179,131.147,2,125.918,138.873,136.873,126.982,0,0,0,42.6701,26.1532,3,-12.9552
2246.6,41530.8,97.4406,3.50565,213.592,127.674,7.77822,6453.47,0,0,2000,626.179,131.147,2,125.918,139.625,137.625,127.674,0,0,0,42.6666,26.1531,3,-13.7067
2246.7,41533.5,97.4426,3.50487,213.687,128.954,7.77822,6454.25,0,0,2000,626.179,131.147,2,125.918,141.026,139.026,128.954,0,0,0,42.6627,26.1531,3,-15.1075
2246.8,41536.2,97.4477,3.50407,213.782,130.504,7.77822,6455.03,0,0,2000,626.179,131.147,2,125.918,142.724,140.724,130.504,0,0,0,42.6583,26.1531,3,-16.806
2246.9,41539,97.4557,3.50325,213.876,131.976,7.77822,6455.81,0,0,2000,626.179,131.147,2,125.918,144.336,142.336,131.976,0,0,0,42.6536,26.1531,3,-18.4175
2247,41541.7,97.4665,3.50241,213.971,132.811,7.77822,6456.59,0,0,2000,626.179,131.147,2,125.918,145.25,143.25,132.811,0,0,0,42.6486,26.1531,3,-19.332
2247.1,41544.4,97.4777,3.50155,214.066,132.564,7.77822,6457.36,0,0,2000,626.179,131.147,2,125.918,144.98,142.98,132.564,0,0,0,42.6436,26.1531,3,-19.0617
2247.2,41547.1,97.4875,3.50067,214.161,131.476,7.77822,6458.14,0,0,2000,626.179,131.147,2,125.918,143.787,141.787,131.476,0,0,0,42.639,26.1531,3,-17.8695
2247.3,41549.8,97.4945,3.49977,214.256,129.818,7.77822,6458.92,0,0,2000,626.179,131.147,2,125.918,141.972,139.972,129.818,0,0,0,42.6349,26.1531,3,-16.0543
2247.4,41552.5,97.4978,3.49885,214.35,127.79,7.77822,6459.7,0,0,2000,626.179,131.147,2,125.918,139.751,137.751,127.79,0,0,0,42.6313,26.1531,3,-13.8331
2247.5,41555.2,97.497,3.4979,214.445,125.839,7.77822,6460.48,0,0,2000,626.179,131.147,2,125.918,137.632,135.632,125.839,0,0,0,42.6283,26.153,3,-11.7141
2247.6,41557.9,97.4928,3.49694,214.54,124.824,7.77822,6461.25,0,0,2000,626.179,131.147,2,125.918,136.53,134.53,124.824,0,0,0,42.6255,26.1529,3,-10.6119
2247.7,41560.6,97.4881,3.49595,214.635,124.387,7.77822,6462.03,0,0,2000,626.179,131.147,2,125.918,136.056,134.056,124.387,0,0,0,42.6229,26.1529,3,-10.1378
2247.8,41563.3,97.4824,3.49494,214.729,124.241,7.77822,6462.81,0,0,2000,626.179,131.147,2,125.918,135.897,133.897,124.241,0,0,0,42.6203,26.1528,3,-9.97896
2247.9,41566,97.4773,3.4939,214.824,124.227,7.77822,6463.59,0,0,2000,626.179,131.147,2,125.918,135.881,133.881,124.227,0,0,0,42.6178,26.1527,3,-9.96344
2248,41568.7,97.4717,3.49285,214.918,124.272,7.77822,6464.36,0,0,2000,626.179,131.147,2,125.918,135.93,133.93,124.272,0,0,0,42.6152,26.1526,3,-10.0124
2248.1,41571.4,97.4668,3.49176,215.013,125.139,7.77822,6465.14,0,0,2000,626.179,131.147,2,125.918,136.872,134.872,125.139,0,0,0,42.6123,26.1525,3,-10.9538
2248.2,41574.2,97.4647,3.49066,215.108,126.699,7.77822,6465.92,0,0,2000,626.179,131.147,2,125.918,138.565,136.565,126.699,0,0,0,42.6091,26.1525,3,-12.6475
2248.3,41576.9,97.4659,3.48953,215.202,128.311,7.77822,6466.7,0,0,2000,626.179,131.147,2,125.918,140.322,138.322,128.311,0,0,0,42.6053,26.1524,3,-14.4039
2248.4,41579.6,97.4701,3.48837,215.296,130.113,7.77822,6467.48,0,0,2000,626.179,131.147,2,125.918,142.295,140.295,130.113,0,0,0,42.6011,26.1524,3,-16.3769
2248.5,41582.3,97.4784,3.48719,215.391,131.161,7.77822,6468.25,0,0,2000,626.179,131.147,2,125.918,143.443,141.443,131.161,0,0,0,42.5966,26.1524,3,-17.5251
2248.6,41585,97.4866,3.48599,215.485,131.014,7.77822,6469.03,0,0,2000,626.179,131.147,2,125.918,143.282,141.282,131.014,0,0,0,42.5921,26.1524,3,-17.3641
2248.7,41587.7,97.4944,3.48476,215.58,129.89,7.77822,6469.81,0,0,2000,626.179,131.147,2,125.918,142.051,140.051,129.89,0,0,0,42.5879,26.1524,3,-16.1326
2248.8,41590.4,97.4982,3.4835,215.674,128.334,7.77822,6470.59,0,0,2000,626.179,131.147,2,125.918,140.347,138.347,128.334,0,0,0,42.5842,26.1524,3,-14.4288
2248.9,41593.1,97.5,3.48222,215.768,127.063,7.77822,6471.36,0,0,2000,626.179,131.147,2,125.918,138.961,136.961,127.063,0,0,0,42.5808,26.1523,3,-13.0434
2249,41595.8,97.499,3.4809,215.863,126.38,7.77822,6472.14,0,0,2000,626.179,131.147,2,125.918,138.22,136.22,126.38,0,0,0,42.5777,26.1523,3,-12.3018
2249.1,41598.5,97.4982,3.47957,215.957,126.263,7.77822,6472.92,0,0,2000,626.179,131.147,2,125.918,138.092,136.092,126.263,0,0,0,42.5745,26.1522,3,-12.1741
2249.2,41601.2,97.4969,3.4782,216.051,126.782,7.77822,6473.7,0,0,2000,626.179,131.147,2,125.918,138.656,136.656,126.782,0,0,0,42.5712,26.1521,3,-12.7382
2249.3,41603.9,97.4982,3.47681,216.145,127.951,7.77822,6474.48,0,0,2000,626.179,131.147,2,125.918,139.927,137.927,127.951,0,0,0,42.5676,26.1521,3,-14.0089
2249.4,41606.7,97.5015,3.47538,216.239,128.901,7.77822,6475.25,0,0,2000,626.179,131.147,2,125.918,140.967,138.967,128.901,0,0,0,42.5637,26.1521,3,-15.0493
2249.5,41609.4,97.5066,3.47393,216.334,129.863,7.77822,6476.03,0,0,2000,626.179,131.147,2,125.918,142.021,140.021,129.863,0,0,0,42.5596,26.1521,3,-16.103
2249.6,41612.1,97.5137,3.47245,216.428,130.446,7.77822,6476.81,0,0,2000,626.179,131.147,2,125.918,142.659,140.659,130.446,0,0,0,42.5552,26.152,3,-16.7413
2249.7,41614.8,97.521,3.47095,216.522,130.088,7.77822,6477.59,0,0,2000,626.179,131.147,2,125.918,142.267,140.267,130.088,0,0,0,42.551,26.152,3,-16.3495
2249.8,41617.5,97.5267,3.46941,216.616,129.048,7.77822,6478.36,0,0,2000,626.179,131.147,2,125.918,141.129,139.129,129.048,0,0,0,42.5471,26.152,3,-15.2105
2249.9,41620.2,97.5301,3.46784,216.71,128.347,7.77822,6479.14,0,0,2000,626.179,131.147,2,125.918,140.361,138.361,128.347,0,0,0,42.5433,26.152,3,-14.4428
2250,41622.9,97.5332,3.46624,216.804,128.123,7.77822,6479.92,0,0,2000,626.179,131.147,2,125.918,140.116,138.116,128.123,0,0,0,42.5397,26.1519,3,-14.1976
2250.1,41625.6,97.5358,3.46461,216.898,127.466,7.77822,6480.7,0,0,2000,626.179,131.147,2,125.918,139.399,137.399,127.466,0,0,0,42.5362,26.1519,3,-13.4812
2250.2,41628.3,97.5364,3.46295,216.991,126.135,7.77822,6481.48,0,0,2000,626.179,131.147,2,125.918,137.954,135.954,126.135,0,0,0,42.5331,26.1518,3,-12.0355
2250.3,41631,97.534,3.46126,217.085,124.6,7.77822,6482.25,0,0,2000,626.179,131.147,2,125.918,136.286,134.286,124.6,0,0,0,42.5304,26.1517,3,-10.3684
2250.4,41633.7,97.5288,3.45954,217.179,122.904,7.77822,6483.03,0,0,2000,626.179,131.147,2,125.918,134.445,132.445,122.904,0,0,0,42.5282,26.1516,3,-8.52684
2250.5,41636.5,97.5199,3.45779,217.273,121.357,7.77822,6483.81,0,0,2000,626.179,131.147,2,125.918,132.765,130.765,121.357,0,0,0,42.5264,26.1515,3,-6.84732
2250.6,41639.2,97.509,3.45601,217.366,120.086,7.77822,6484.59,0,0,2000,626.179,131.147,2,125.918,131.384,129.384,120.086,0,0,0,42.525,26.1514,3,-5.4665
2250.7,41641.9,97.4954,3.45419,217.46,119.348,7.77822,6485.37,0,0,2000,626.179,131.147,2,125.918,130.583,128.583,119.348,0,0,0,42.5238,26.1513,3,-4.6648
2250.8,41644.6,97.4818,3.45234,217.553,119.197,7.77822,6486.14,0,0,2000,626.179,131.147,2,125.918,130.42,128.42,119.197,0,0,0,42.5226,26.1512,3,-4.50172
2250.9,41647.3,97.4679,3.45046,217.647,119.167,7.77822,6486.92,0,0,2000,626.179,131.147,2,125.918,130.387,128.387,119.167,0,0,0,42.5215,26.1511,3,-4.46876
2251,41650,97.4544,3.44855,217.74,118.311,7.77822,6487.7,0,0,2000,626.179,131.147,2,125.918,129.457,127.457,118.311,0,0,0,42.5206,26.151,3,-3.53917
2251.1,41652.7,97.4375,3.44661,217.833,117.16,7.77822,6488.48,0,0,2000,626.179,131.147,2,125.918,128.207,126.207,117.16,0,0,0,42.52,26.1509,3,-2.28934
2251.2,41655.4,97.4198,3.44463,217.927,116.878,7.77822,6489.25,0,0,2000,626.179,131.147,2,125.918,127.903,125.903,116.878,0,0,0,42.5195,26.1507,3,-1.98517
2251.3,41658.1,97.4021,3.44262,218.02,117.003,7.77822,6490.03,0,0,2000,626.179,131.147,2,125.918,128.038,126.038,117.003,0,0,0,42.5189,26.1506,3,-2.11983
2251.4,41660.8,97.3852,3.44058,218.113,116.96,7.77822,6490.81,0,0,2000,626.179,131.147,2,125.918,127.992,125.992,116.96,0,0,0,42.5184,26.1505,3,-2.07371
2251.5,41663.5,97.3675,3.4385,218.206,117.049,7.77822,6491.59,0,0,2000,626.179,131.147,2,125.918,128.088,126.088,117.049,0,0,0,42.5178,26.1504,3,-2.16998
2251.6,41666.2,97.3513,3.43639,218.299,117.924,7.77822,6492.37,0,0,2000,626.179,131.147,2,125.918,129.038,127.038,117.924,0,0,0,42.517,26.1503,3,-3.12028
2251.7,41668.9,97.3373,3.43424,218.392,118.786,7.77822,6493.14,0,0,2000,626.179,131.147,2,125.918,129.974,127.974,118.786,0,0,0,42.516,26.1502,3,-4.05607
2251.8,41671.6,97.3247,3.43206,218.485,119.192,7.77822,6493.92,0,0,2000,626.179,131.147,2,125.918,130.415,128.415,119.192,0,0,0,42.5148,26.1501,3,-4.49711
2251.9,41674.3,97.3126,3.42985,218.577,120.13,7.77822,6494.7,0,0,2000,626.179,131.147,2,125.918,131.434,129.434,120.13,0,0,0,42.5134,26.1499,3,-5.51567
2252,41677,97.3038,3.4276,218.67,122.234,7.77822,6495.48,0,0,2000,626.179,131.147,2,125.918,133.718,131.718,122.234,0,0,0,42.5114,26.1499,3,-7.80017
2252.1,41679.7,97.3001,3.42532,218.763,123.898,7.77822,6496.25,0,0,2000,626.179,131.147,2,125.918,135.525,133.525,123.898,0,0,0,42.5089,26.1498,3,-9.60668
2252.2,41682.4,97.298,3.423,218.855,124.071,7.77822,6497.03,0,0,2000,626.179,131.147,2,125.918,135.712,133.712,124.071,0,0,0,42.5064,26.1497,3,-9.79393
2252.3,41685.1,97.2951,3.42064,218.948,123.592,7.77822,6497.81,0,0,2000,626.179,131.147,2,125.918,135.192,133.192,123.592,0,0,0,42.504,26.1496,3,-9.27388
2252.4,41687.9,97.2913,3.41825,219.04,122.279,7.77822,6498.59,0,0,2000,626.179,131.147,2,125.918,133.767,131.767,122.279,0,0,0,42.5019,26.1495,3,-7.84861
2252.5,41690.6,97.2835,3.41582,219.133,119.569,7.77822,6499.37,0,0,2000,626.179,131.147,2,125.918,130.824,128.824,119.569,0,0,0,42.5007,26.1494,3,-4.90616
2252.6,41693.3,97.2695,3.41336,219.225,116.454,7.77822,6500.14,0,0,2000,626.179,131.147,2,125.918,127.445,125.445,116.454,0,0,0,42.5003,26.1493,3,-1.52721
2252.7,41696,97.2499,3.41086,219.317,114.261,7.77822,6500.92,0,0,2000,626.179,131.147,2,125.918,125.081,123.081,114.261,0,0,0,42.5005,26.1492,3,0.837148
2252.8,41698.7,97.2277,3.40833,219.409,112.546,7.77822,6501.7,0,0,2000,626.179,131.147,2,125.918,123.231,121.231,112.546,0,0,0,42.5011,26.149,3,2.68658
2252.9,41701.4,97.2018,3.40576,219.501,110.593,7.77822,6502.48,0,0,2000,626.179,131.147,2,125.918,121.125,119.125,110.593,0,0,0,42.5023,26.1489,3,4.79277
2253,41704.1,97.1723,3.40315,219.593,109.045,7.77822,6503.26,0,0,2000,626.179,131.147,2,125.918,119.457,117.457,109.045,0,0,0,42.5039,26.1488,3,6.46137
2253.1,41706.8,97.1409,3.40051,219.685,107.839,7.77822,6504.03,0,0,2000,626.179,131.147,2,125.918,118.156,116.156,107.839,0,0,0,42.5058,26.1487,3,7.76191
2253.2,41709.5,97.1072,3.39783,219.777,106.801,7.77822,6504.81,0,0,2000,626.179,131.147,2,125.918,117.038,115.038,106.801,0,0,0,42.5079,26.1486,3,8.88033
2253.3,41712.2,97.0721,3.39512,219.868,106.275,7.77822,6505.59,0,0,2000,626.179,131.147,2,125.918,116.471,114.471,106.275,0,0,0,42.5102,26.1486,3,9.44744
2253.4,41714.8,97.0369,3.39237,219.96,106.049,7.77822,6506.37,0,0,2000,626.179,131.147,2,125.918,116.227,114.227,106.049,0,0,0,42.5126,26.1485,3,9.69136
2253.5,41717.5,97.0014,3.38958,220.051,105.514,7.77822,6507.14,0,0,2000,626.179,131.147,2,125.918,115.653,113.653,105.514,0,0,0,42.5151,26.1484,3,10.2653
2253.6,41720.2,96.9646,3.38676,220.142,104.177,7.77822,6507.92,0,0,2000,626.179,131.147,2,125.918,114.22,112.22,104.177,0,0,0,42.5179,26.1483,3,11.698
2253.7,41722.9,96.9244,3.3839,220.233,101.686,7.77822,6508.7,0,0,2000,626.179,131.147,2,125.918,111.55,109.55,101.686,0,0,0,42.5214,26.1483,3,14.3684
2253.8,41725.6,96.8783,3.381,220.324,98.6638,7.77822,6509.48,0,0,2000,626.179,131.147,2,125.918,108.31,106.31,98.6638,0,0,0,42.5257,26.1483,3,17.6077
2253.9,41728.3,96.827,3.37807,220.415,96.4672,7.77822,6510.26,0,0,2000,626.179,131.147,2,125.918,105.956,103.956,96.4672,0,0,0,42.5305,26.1483,3,19.962
2254,41731,96.773,3.3751,220.506,94.7721,7.77822,6511.03,0,0,2000,626.179,131.147,2,125.918,104.141,102.141,94.7721,0,0,0,42.5358,26.1484,3,21.7766
2254.1,41733.7,96.7156,3.37209,220.597,93.6766,7.71449,6511.8,0,0,2000,622.003,130.272,2,125.084,102.973,100.973,93.6766,0,0,0,42.5412,26.1484,3,22.1104
2254.2,41736.4,96.658,3.36905,220.687,94.058,7.7449,6512.58,0,0,2000,623.998,130.69,2,125.482,103.38,101.38,94.058,0,0,0,42.5466,26.1485,3,22.1022
2254.3,41739.1,96.6027,3.36597,220.778,95.4405,7.77822,6513.36,0,0,2000,626.179,131.147,2,125.918,104.857,102.857,95.4405,0,0,0,42.5517,26.1485,3,21.0611
2254.4,41741.7,96.5511,3.36286,220.868,96.6988,7.77822,6514.14,0,0,2000,626.179,131.147,2,125.918,106.206,104.206,96.6988,0,0,0,42.5565,26.1486,3,19.7123
2254.5,41744.4,96.5014,3.3597,220.958,97.5813,7.77822,6514.91,0,0,2000,626.179,131.147,2,125.918,107.152,105.152,97.5813,0,0,0,42.561,26.1486,3,18.7662
2254.6,41747.1,96.4539,3.35652,221.048,98.6497,7.77822,6515.69,0,0,2000,626.179,131.147,2,125.918,108.297,106.297,98.6497,0,0,0,42.5653,26.1486,3,17.621
2254.7,41749.8,96.409,3.35329,221.138,99.5566,7.77822,6516.47,0,0,2000,626.179,131.147,2,125.918,109.269,107.269,99.5566,0,0,0,42.5694,26.1486,3,16.649
2254.8,41752.5,96.3656,3.35003,221.228,99.9837,7.77822,6517.25,0,0,2000,626.179,131.147,2,125.918,109.727,107.727,99.9837,0,0,0,42.5733,26.1485,3,16.1911
2254.9,41755.1,96.3229,3.34673,221.317,100.507,7.77822,6518.02,0,0,2000,626.179,131.147,2,125.918,110.287,108.287,100.507,0,0,0,42.5771,26.1485,3,15.6308
2255,41757.8,96.2821,3.34339,221.407,100.983,7.77822,6518.8,0,0,2000,626.179,131.147,2,125.918,110.798,108.798,100.983,0,0,0,42.5808,26.1485,3,15.1203
2255.1,41760.5,96.2418,3.34002,221.496,101.824,7.77822,6519.58,0,0,2000,626.179,131.147,2,125.918,111.699,109.699,101.824,0,0,0,42.5842,26.1484,3,14.2194
2255.2,41763.2,96.2049,3.33661,221.585,103.52,7.77822,6520.36,0,0,2000,626.179,131.147,2,125.918,113.517,111.517,103.52,0,0,0,42.5873,26.1484,3,12.4011
2255.3,41765.8,96.1718,3.33316,221.675,104.908,7.77822,6521.14,0,0,2000,626.179,131.147,2,125.918,115.004,113.004,104.908,0,0,0,42.5899,26.1483,3,10.9139
2255.4,41768.5,96.1408,3.32968,221.764,105.593,7.77822,6521.91,0,0,2000,626.179,131.147,2,125.918,115.741,113.741,105.593,0,0,0,42.5924,26.1482,3,10.1772
2255.5,41771.2,96.111,3.32615,221.852,106.913,7.77822,6522.69,0,0,2000,626.179,131.147,2,125.918,117.163,115.163,106.913,0,0,0,42.5945,26.1481,3,8.75465
2255.6,41773.8,96.0856,3.32259,221.941,108.087,7.77822,6523.47,0,0,2000,626.179,131.147,2,125.918,118.429,116.429,108.087,0,0,0,42.5963,26.148,3,7.48921
2255.7,41776.5,96.0608,3.319,222.03,108.501,7.77822,6524.25,0,0,2000,626.179,131.147,2,125.918,118.875,116.875,108.501,0,0,0,42.5981,26.1479,3,7.04301
2255.8,41779.2,96.0376,3.31536,222.118,109.728,7.77822,6525.02,0,0,2000,626.179,131.147,2,125.918,120.197,118.197,109.728,0,0,0,42.5994,26.1478,3,5.72098
2255.9,41781.8,96.018,3.31169,222.207,111.786,7.77822,6525.8,0,0,2000,626.179,131.147,2,125.918,122.414,120.414,111.786,0,0,0,42.6003,26.1477,3,3.50351
2256,41784.5,96.0033,3.30798,222.295,114.213,7.77822,6526.58,0,0,2000,626.179,131.147,2,125.918,125.029,123.029,114.213,0,0,0,42.6005,26.1476,3,0.889189
2256.1,41787.2,95.9937,3.30423,222.383,117.191,7.77822,6527.36,0,0,2000,626.179,131.147,2,125.918,128.25,126.25,117.191,0,0,0,42.5999,26.1475,3,-2.33229
2256.2,41789.8,95.991,3.30042,222.471,120.092,7.77822,6528.14,0,0,2000,626.179,131.147,2,125.918,131.395,129.395,120.092,0,0,0,42.5985,26.1474,3,-5.47751
2256.3,41792.5,95.993,3.29654,222.559,122.127,7.77822,6528.91,0,0,2000,626.179,131.147,2,125.918,133.602,131.602,122.127,0,0,0,42.5965,26.1473,3,-7.68436
2256.4,41795.2,95.9986,3.29258,222.647,123.771,7.77822,6529.69,0,0,2000,626.179,131.147,2,125.918,135.385,133.385,123.771,0,0,0,42.5941,26.1472,3,-9.4668
2256.5,41797.8,96.0074,3.28853,222.735,124.662,7.77822,6530.47,0,0,2000,626.179,131.147,2,125.918,136.351,134.351,124.662,0,0,0,42.5914,26.1471,3,-10.4334
2256.6,41800.5,96.0166,3.28441,222.822,124.408,7.77822,6531.25,0,0,2000,626.179,131.147,2,125.918,136.076,134.076,124.408,0,0,0,42.5887,26.147,3,-10.1582
2256.7,41803.2,96.0246,3.2802,222.91,123.89,7.77822,6532.03,0,0,2000,626.179,131.147,2,125.918,135.515,133.515,123.89,0,0,0,42.5863,26.1469,3,-9.59653
2256.8,41805.8,96.032,3.27591,222.997,123.567,7.77822,6532.8,0,0,2000,626.179,131.147,2,125.918,135.164,133.164,123.567,0,0,0,42.5839,26.1469,3,-9.24558
2256.9,41808.5,96.0389,3.27155,223.085,122.94,7.77822,6533.58,0,0,2000,626.179,131.147,2,125.918,134.484,132.484,122.94,0,0,0,42.5817,26.1468,3,-8.56614
2257,41811.2,96.0441,3.2671,223.172,121.889,7.77822,6534.36,0,0,2000,626.179,131.147,2,125.918,133.344,131.344,121.889,0,0,0,42.5797,26.1467,3,-7.42596
2257.1,41813.8,96.0471,3.26257,223.259,121.131,7.77822,6535.14,0,0,2000,626.179,131.147,2,125.918,132.522,130.522,121.131,0,0,0,42.578,26.1466,3,-6.60415
2257.2,41816.5,96.0497,3.25796,223.346,120.268,7.77822,6535.91,0,0,2000,626.179,131.147,2,125.918,131.587,129.587,120.268,0,0,0,42.5766,26.1465,3,-5.66852
2257.3,41819.2,96.0496,3.25327,223.433,118.98,7.77822,6536.69,0,0,2000,626.179,131.147,2,125.918,130.189,128.189,118.98,0,0,0,42.5755,26.1463,3,-4.27134
2257.4,41821.9,96.0474,3.2485,223.52,117.712,7.77822,6537.47,0,0,2000,626.179,131.147,2,125.918,128.814,126.814,117.712,0,0,0,42.5747,26.1462,3,-2.89639
2257.5,41824.5,96.0426,3.24365,223.606,116.959,7.77822,6538.25,0,0,2000,626.179,131.147,2,125.918,127.998,125.998,116.959,0,0,0,42.5742,26.1461,3,-2.07966
2257.6,41827.2,96.0378,3.23872,223.693,116.444,7.77822,6539.03,0,0,2000,626.179,131.147,2,125.918,127.44,125.44,116.444,0,0,0,42.5738,26.146,3,-1.5222
2257.7,41829.9,96.0314,3.23371,223.779,116.329,7.77822,6539.8,0,0,2000,626.179,131.147,2,125.918,127.315,125.315,116.329,0,0,0,42.5734,26.1459,3,-1.3969
2257.8,41832.5,96.0265,3.22862,223.865,117.141,7.77822,6540.58,0,0,2000,626.179,131.147,2,125.918,128.196,126.196,117.141,0,0,0,42.5728,26.1458,3,-2.27772
2257.9,41835.2,96.0238,3.22345,223.951,118.438,7.77822,6541.36,0,0,2000,626.179,131.147,2,125.918,129.602,127.602,118.438,0,0,0,42.5719,26.1456,3,-3.68395
2258,41837.9,96.0244,3.2182,224.037,120.009,7.77822,6542.14,0,0,2000,626.179,131.147,2,125.918,131.305,129.305,120.009,0,0,0,42.5705,26.1455,3,-5.38746
2258.1,41840.5,96.0281,3.21287,224.123,121.505,7.77822,6542.91,0,0,2000,626.179,131.147,2,125.918,132.928,130.928,121.505,0,0,0,42.5687,26.1454,3,-7.00956
2258.2,41843.2,96.0349,3.20747,224.209,122.893,7.77822,6543.69,0,0,2000,626.179,131.147,2,125.918,134.433,132.433,122.893,0,0,0,42.5665,26.1454,3,-8.51523
2258.3,41845.9,96.0444,3.20198,224.294,123.304,7.77822,6544.47,0,0,2000,626.179,131.147,2,125.918,134.879,132.879,123.304,0,0,0,42.5642,26.1453,3,-8.9609
2258.4,41848.5,96.0531,3.19641,224.379,122.805,7.77822,6545.25,0,0,2000,626.179,131.147,2,125.918,134.338,132.338,122.805,0,0,0,42.562,26.1452,3,-8.4196
2258.5,41851.2,96.0609,3.19076,224.465,122.216,7.77822,6546.03,0,0,2000,626.179,131.147,2,125.918,133.699,131.699,122.216,0,0,0,42.56,26.1451,3,-7.78057
2258.6,41853.9,96.0676,3.18503,224.55,121.681,7.77822,6546.8,0,0,2000,626.179,131.147,2,125.918,133.118,131.118,121.681,0,0,0,42.5581,26.145,3,-7.20047
2258.7,41856.5,96.0737,3.17923,224.635,120.613,7.77822,6547.58,0,0,2000,626.179,131.147,2,125.918,131.96,129.96,120.613,0,0,0,42.5566,26.1449,3,-6.04225
2258.8,41859.2,96.0766,3.17334,224.719,119.36,7.77822,6548.36,0,0,2000,626.179,131.147,2,125.918,130.601,128.601,119.36,0,0,0,42.5553,26.1448,3,-4.68323
2258.9,41861.9,96.0781,3.16738,224.804,118.783,7.77822,6549.14,0,0,2000,626.179,131.147,2,125.918,129.975,127.975,118.783,0,0,0,42.5543,26.1447,3,-4.0575
2259,41864.5,96.079,3.16134,224.888,118.149,7.77822,6549.91,0,0,2000,626.179,131.147,2,125.918,129.288,127.288,118.149,0,0,0,42.5534,26.1445,3,-3.37045
2259.1,41867.2,96.0785,3.15521,224.973,116.879,7.77822,6550.69,0,0,2000,626.179,131.147,2,125.918,127.912,125.912,116.879,0,0,0,42.5529,26.1444,3,-1.99361
2259.2,41869.9,96.0749,3.14901,225.057,115.841,7.77822,6551.47,0,0,2000,626.179,131.147,2,125.918,126.785,124.785,115.841,0,0,0,42.5527,26.1443,3,-0.867245
2259.3,41872.5,96.0707,3.14274,225.141,115.245,7.77822,6552.25,0,0,2000,626.179,131.147,2,125.918,126.14,124.14,115.245,0,0,0,42.5526,26.1442,3,-0.222152
2259.4,41875.2,96.0652,3.13638,225.225,114.432,7.77822,6553.03,0,0,2000,626.179,131.147,2,125.918,125.265,123.265,114.432,0,0,0,42.5528,26.1441,3,0.653109
2259.5,41877.9,96.0583,3.12995,225.308,112.934,7.77822,6553.8,0,0,2000,626.179,131.147,2,125.918,123.651,121.651,112.934,0,0,0,42.5533,26.144,3,2.26673
2259.6,41880.6,96.0474,3.12344,225.392,111.326,7.77822,6554.58,0,0,2000,626.179,131.147,2,125.918,121.918,119.918,111.326,0,0,0,42.5543,26.1438,3,3.99961
2259.7,41883.2,96.0347,3.11686,225.475,109.756,7.77822,6555.36,0,0,2000,626.179,131.147,2,125.918,120.227,118.227,109.756,0,0,0,42.5557,26.1437,3,5.69097
2259.8,41885.9,96.0182,3.11019,225.558,108.428,7.77822,6556.14,0,0,2000,626.179,131.147,2,125.918,118.797,116.797,108.428,0,0,0,42.5574,26.1436,3,7.12117
2259.9,41888.6,96.0008,3.10346,225.641,107.202,7.77822,6556.92,0,0,2000,626.179,131.147,2,125.918,117.476,115.476,107.202,0,0,0,42.5595,26.1435,3,8.44223
2260,41891.2,95.9801,3.09664,225.723,106.648,7.77822,6557.69,0,0,2000,626.179,131.147,2,125.918,116.879,114.879,106.648,0,0,0,42.5617,26.1435,3,9.03926
2260.1,41893.9,95.9612,3.08976,225.806,107.395,7.77822,6558.47,0,0,2000,626.179,131.147,2,125.918,117.684,115.684,107.395,0,0,0,42.5637,26.1434,3,8.23386
2260.2,41896.6,95.9441,3.0828,225.888,108.482,7.77822,6559.25,0,0,2000,626.179,131.147,2,125.918,118.855,116.855,108.482,0,0,0,42.5654,26.1433,3,7.06341
2260.3,41899.2,95.9301,3.07576,225.97,109.404,7.77822,6560.03,0,0,2000,626.179,131.147,2,125.918,119.848,117.848,109.404,0,0,0,42.5669,26.1432,3,6.06959
2260.4,41901.9,95.9172,3.06865,226.052,110.269,7.77822,6560.8,0,0,2000,626.179,131.147,2,125.918,120.78,118.78,110.269,0,0,0,42.5681,26.143,3,5.13815
2260.5,41904.5,95.9071,3.06146,226.134,110.93,7.77822,6561.58,0,0,2000,626.179,131.147,2,125.918,121.493,119.493,110.93,0,0,0,42.5692,26.1429,3,4.4254
2260.6,41907.2,95.8974,3.0542,226.215,110.799,7.77822,6562.36,0,0,2000,626.179,131.147,2,125.918,121.351,119.351,110.799,0,0,0,42.5703,26.1428,3,4.56696
2260.7,41909.9,95.8875,3.04687,226.296,110.777,7.77822,6563.14,0,0,2000,626.179,131.147,2,125.918,121.327,119.327,110.777,0,0,0,42.5714,26.1427,3,4.5909
2260.8,41912.5,95.8782,3.03946,226.377,111.51,7.77822,6563.92,0,0,2000,626.179,131.147,2,125.918,122.117,120.117,111.51,0,0,0,42.5724,26.1426,3,3.80108
2260.9,41915.2,95.8717,3.03198,226.458,112.5,7.77822,6564.69,0,0,2000,626.179,131.147,2,125.918,123.183,121.183,112.5,0,0,0,42.573,26.1425,3,2.73486
2261,41917.9,95.8669,3.02443,226.539,113.475,7.77822,6565.47,0,0,2000,626.179,131.147,2,125.918,124.233,122.233,113.475,0,0,0,42.5734,26.1424,3,1.68458
2261.1,41920.5,95.8648,3.0168,226.619,114.327,7.77822,6566.25,0,0,2000,626.179,131.147,2,125.918,125.152,123.152,114.327,0,0,0,42.5736,26.1423,3,0.765901
2261.2,41923.2,95.8639,3.0091,226.7,114.261,7.77822,6567.03,0,0,2000,626.179,131.147,2,125.918,125.081,123.081,114.261,0,0,0,42.5738,26.1421,3,0.837243
2261.3,41925.9,95.8621,3.00132,226.78,113.119,7.77822,6567.8,0,0,2000,626.179,131.147,2,125.918,123.85,121.85,113.119,0,0,0,42.5743,26.142,3,2.06769
2261.4,41928.5,95.8573,2.99347,226.859,111.076,7.77822,6568.58,0,0,2000,626.179,131.147,2,125.918,121.65,119.65,111.076,0,0,0,42.5754,26.1419,3,4.26808
2261.5,41931.2,95.848,2.98556,226.939,108.906,7.77822,6569.36,0,0,2000,626.179,131.147,2,125.918,119.313,117.313,108.906,0,0,0,42.577,26.1418,3,6.60535
2261.6,41933.8,95.8352,2.97757,227.018,107.57,7.77822,6570.14,0,0,2000,626.179,131.147,2,125.918,117.873,115.873,107.57,0,0,0,42.5789,26.1417,3,8.04473
2261.7,41936.5,95.8213,2.96951,227.098,106.9,7.77822,6570.92,0,0,2000,626.179,131.147,2,125.918,117.152,115.152,106.9,0,0,0,42.581,26.1416,3,8.76623
2261.8,41939.2,95.8065,2.96137,227.176,106.645,7.77822,6571.69,0,0,2000,626.179,131.147,2,125.918,116.877,114.877,106.645,0,0,0,42.5832,26.1415,3,9.04058
2261.9,41941.8,95.7923,2.95317,227.255,107.911,7.77822,6572.47,0,0,2000,626.179,131.147,2,125.918,118.24,116.24,107.911,0,0,0,42.5851,26.1414,3,7.67764
2262,41944.5,95.7832,2.9449,227.334,109.818,7.77822,6573.25,0,0,2000,626.179,131.147,2,125.918,120.295,118.295,109.818,0,0,0,42.5865,26.1413,3,5.62269
2262.1,41947.1,95.7771,2.93656,227.412,110.933,7.77822,6574.03,0,0,2000,626.179,131.147,2,125.918,121.495,119.495,110.933,0,0,0,42.5876,26.1412,3,4.42259
2262.2,41949.8,95.773,2.92815,227.49,111.706,7.77822,6574.81,0,0,2000,626.179,131.147,2,125.918,122.328,120.328,111.706,0,0,0,42.5884,26.1411,3,3.58989
2262.3,41952.5,95.7706,2.91967,227.568,112.454,7.77822,6575.58,0,0,2000,626.179,131.147,2,125.918,123.135,121.135,112.454,0,0,0,42.5891,26.141,3,2.78348
2262.4,41955.1,95.77,2.91112,227.645,112.26,7.77822,6576.36,0,0,2000,626.179,131.147,2,125.918,122.925,120.925,112.26,0,0,0,42.5898,26.1409,3,2.99254
2262.5,41957.8,95.7674,2.9025,227.723,111.137,7.77822,6577.14,0,0,2000,626.179,131.147,2,125.918,121.715,119.715,111.137,0,0,0,42.5909,26.1408,3,4.20257
2262.6,41960.4,95.7631,2.89382,227.8,110.028,7.77822,6577.92,0,0,2000,626.179,131.147,2,125.918,120.522,118.522,110.028,0,0,0,42.5922,26.1407,3,5.39643
2262.7,41963.1,95.7567,2.88506,227.877,108.889,7.77822,6578.69,0,0,2000,626.179,131.147,2,125.918,119.294,117.294,108.889,0,0,0,42.5938,26.1406,3,6.62375
2262.8,41965.8,95.7485,2.87624,227.953,107.303,7.77822,6579.47,0,0,2000,626.179,131.147,2,125.918,117.586,115.586,107.303,0,0,0,42.5958,26.1405,3,8.33239
2262.9,41968.4,95.7365,2.86735,228.03,105.517,7.77822,6580.25,0,0,2000,626.179,131.147,2,125.918,115.663,113.663,105.517,0,0,0,42.5983,26.1404,3,10.2553
2263,41971.1,95.722,2.8584,228.106,104.138,7.77822,6581.03,0,0,2000,626.179,131.147,2,125.918,114.18,112.18,104.138,0,0,0,42.6011,26.1403,3,11.7378
2263.1,41973.7,95.7053,2.84938,228.182,102.757,7.77822,6581.81,0,0,2000,626.179,131.147,2,125.918,112.7,110.7,102.757,0,0,0,42.6044,26.1403,3,13.2176
2263.2,41976.4,95.6861,2.84029,228.257,101.791,7.77822,6582.58,0,0,2000,626.179,131.147,2,125.918,111.666,109.666,101.791,0,0,0,42.6078,26.1402,3,14.2521
2263.3,41979.1,95.6664,2.83114,228.333,101.171,7.77822,6583.36,0,0,2000,626.179,131.147,2,125.918,111.002,109.002,101.171,0,0,0,42.6115,26.1402,3,14.9164
2263.4,41981.7,95.6455,2.82193,228.408,100.513,7.77822,6584.14,0,0,2000,626.179,131.147,2,125.918,110.297,108.297,100.513,0,0,0,42.6152,26.1402,3,15.6206
2263.5,41984.4,95.624,2.81266,228.482,99.7162,7.77822,6584.92,0,0,2000,626.179,131.147,2,125.918,109.444,107.444,99.7162,0,0,0,42.6193,26.1401,3,16.4744
2263.6,41987,95.6007,2.80332,228.557,99.3239,7.77822,6585.69,0,0,2000,626.179,131.147,2,125.918,109.024,107.024,99.3239,0,0,0,42.6234,26.1401,3,16.8945
2263.7,41989.7,95.5785,2.79392,228.631,99.4293,7.77822,6586.47,0,0,2000,626.179,131.147,2,125.918,109.137,107.137,99.4293,0,0,0,42.6274,26.1401,3,16.7815
2263.8,41992.3,95.5564,2.78445,228.705,100.317,7.77822,6587.25,0,0,2000,626.179,131.147,2,125.918,110.087,108.087,100.317,0,0,0,42.6313,26.1401,3,15.8308
2263.9,41995,95.5385,2.77493,228.779,101.827,7.77822,6588.03,0,0,2000,626.179,131.147,2,125.918,111.705,109.705,101.827,0,0,0,42.6347,26.1401,3,14.213
2264,41997.6,95.5233,2.76534,228.853,102.687,7.77822,6588.81,0,0,2000,626.179,131.147,2,125.918,112.626,110.626,102.687,0,0,0,42.638,26.14,3,13.2917
2264.1,42000.3,95.5095,2.7557,228.926,102.721,7.77822,6589.58,0,0,2000,626.179,131.147,2,125.918,112.662,110.662,102.721,0,0,0,42.6412,26.14,3,13.256
2264.2,42003,95.4951,2.74599,228.999,102.231,7.77822,6590.36,0,0,2000,626.179,131.147,2,125.918,112.137,110.137,102.231,0,0,0,42.6445,26.1399,3,13.7808
2264.3,42005.6,95.4803,2.73622,229.072,101.284,7.77822,6591.14,0,0,2000,626.179,131.147,2,125.918,111.124,109.124,101.284,0,0,0,42.6481,26.1399,3,14.7944
2264.4,42008.3,95.4629,2.7264,229.144,99.9548,7.77822,6591.92,0,0,2000,626.179,131.147,2,125.918,109.7,107.7,99.9548,0,0,0,42.6521,26.1398,3,16.2181
2264.5,42010.9,95.4436,2.71651,229.216,99.4505,7.77822,6592.7,0,0,2000,626.179,131.147,2,125.918,109.16,107.16,99.4505,0,0,0,42.6562,26.1398,3,16.7582
2264.6,42013.6,95.4251,2.70656,229.288,99.6709,7.77822,6593.47,0,0,2000,626.179,131.147,2,125.918,109.396,107.396,99.6709,0,0,0,42.6602,26.1398,3,16.5221
2264.7,42016.2,95.4074,2.69656,229.36,99.346,7.77822,6594.25,0,0,2000,626.179,131.147,2,125.918,109.048,107.048,99.346,0,0,0,42.6643,26.1398,3,16.8699
2264.8,42018.9,95.3884,2.6865,229.431,98.5625,7.77822,6595.03,0,0,2000,626.179,131.147,2,125.918,108.209,106.209,98.5625,0,0,0,42.6686,26.1398,3,17.709
2264.9,42021.5,95.3685,2.67639,229.502,98.7484,7.77822,6595.81,0,0,2000,626.179,131.147,2,125.918,108.408,106.408,98.7484,0,0,0,42.6728,26.1398,3,17.5098
2265,42024.2,95.3511,2.66621,229.573,99.8806,7.77822,6596.58,0,0,2000,626.179,131.147,2,125.918,109.621,107.621,99.8806,0,0,0,42.6768,26.1398,3,16.2972
2265.1,42026.8,95.3365,2.65598,229.643,100.697,7.77822,6597.36,0,0,2000,626.179,131.147,2,125.918,110.495,108.495,100.697,0,0,0,42.6806,26.1398,3,15.4232
2265.2,42029.5,95.3232,2.6457,229.713,102.099,7.77822,6598.14,0,0,2000,626.179,131.147,2,125.918,111.997,109.997,102.099,0,0,0,42.6839,26.1397,3,13.9212
2265.3,42032.1,95.315,2.63536,229.783,104.303,7.77822,6598.92,0,0,2000,626.179,131.147,2,125.918,114.359,112.359,104.303,0,0,0,42.6867,26.1396,3,11.5593
2265.4,42034.7,95.3111,2.62496,229.853,105.304,7.77822,6599.7,0,0,2000,626.179,131.147,2,125.918,115.437,113.437,105.304,0,0,0,42.6893,26.1396,3,10.4814
2265.5,42037.4,95.3076,2.61451,229.922,105.31,7.77822,6600.47,0,0,2000,626.179,131.147,2,125.918,115.443,113.443,105.31,0,0,0,42.6918,26.1395,3,10.4751
2265.6,42040,95.3045,2.604,229.991,106.022,7.77822,6601.25,0,0,2000,626.179,131.147,2,125.918,116.21,114.21,106.022,0,0,0,42.6942,26.1394,3,9.70837
2265.7,42042.7,95.3045,2.59343,230.06,106.866,7.77822,6602.03,0,0,2000,626.179,131.147,2,125.918,117.118,115.118,106.866,0,0,0,42.6963,26.1393,3,8.80039
2265.8,42045.3,95.3055,2.58282,230.129,107.01,7.77822,6602.81,0,0,2000,626.179,131.147,2,125.918,117.273,115.273,107.01,0,0,0,42.6984,26.1392,3,8.64526
2265.9,42048,95.3068,2.57215,230.197,107.394,7.77822,6603.58,0,0,2000,626.179,131.147,2,125.918,117.686,115.686,107.394,0,0,0,42.7004,26.1391,3,8.23156
2266,42050.6,95.31,2.56142,230.265,108.023,7.77822,6604.36,0,0,2000,626.179,131.147,2,125.918,118.364,116.364,108.023,0,0,0,42.7023,26.139,3,7.55436
2266.1,42053.3,95.3145,2.55064,230.333,107.975,7.77822,6605.14,0,0,2000,626.179,131.147,2,125.918,118.312,116.312,107.975,0,0,0,42.7041,26.1389,3,7.60566
2266.2,42055.9,95.3182,2.53981,230.4,107.52,7.77822,6605.92,0,0,2000,626.179,131.147,2,125.918,117.822,115.822,107.52,0,0,0,42.7061,26.1388,3,8.09615
2266.3,42058.6,95.3216,2.52892,230.467,106.41,7.77822,6606.7,0,0,2000,626.179,131.147,2,125.918,116.626,114.626,106.41,0,0,0,42.7084,26.1388,3,9.29153
2266.4,42061.2,95.3216,2.51799,230.534,104.48,7.77822,6607.47,0,0,2000,626.179,131.147,2,125.918,114.549,112.549,104.48,0,0,0,42.7111,26.1387,3,11.3687
2266.5,42063.9,95.3181,2.507,230.6,102.649,7.77822,6608.25,0,0,2000,626.179,131.147,2,125.918,112.586,110.586,102.649,0,0,0,42.7144,26.1386,3,13.3324
2266.6,42066.5,95.3117,2.49596,230.667,101.244,7.77822,6609.03,0,0,2000,626.179,131.147,2,125.918,111.081,109.081,101.244,0,0,0,42.718,26.1386,3,14.8366
2266.7,42069.2,95.3034,2.48487,230.733,100.131,7.77822,6609.81,0,0,2000,626.179,131.147,2,125.918,109.889,107.889,100.131,0,0,0,42.7219,26.1386,3,16.0285
2266.8,42071.8,95.2933,2.47374,230.798,99.5734,7.77822,6610.59,0,0,2000,626.179,131.147,2,125.918,109.292,107.292,99.5734,0,0,0,42.7259,26.1386,3,16.626
2266.9,42074.5,95.2837,2.46256,230.864,99.636,7.77822,6611.36,0,0,2000,626.179,131.147,2,125.918,109.359,107.359,99.636,0,0,0,42.7299,26.1385,3,16.5588
2267,42077.1,95.2747,2.45133,230.929,99.5563,7.77822,6612.14,0,0,2000,626.179,131.147,2,125.918,109.274,107.274,99.5563,0,0,0,42.734,26.1385,3,16.6442
2267.1,42079.8,95.2656,2.44005,230.993,99.3265,7.77822,6612.92,0,0,2000,626.179,131.147,2,125.918,109.028,107.028,99.3265,0,0,0,42.7381,26.1385,3,16.8902
2267.2,42082.4,95.2566,2.42873,231.058,99.2451,7.77822,6613.7,0,0,2000,626.179,131.147,2,125.918,108.941,106.941,99.2451,0,0,0,42.7422,26.1385,3,16.9773
2267.3,42085,95.248,2.41736,231.122,99.584,7.77822,6614.47,0,0,2000,626.179,131.147,2,125.918,109.304,107.304,99.584,0,0,0,42.7462,26.1385,3,16.6143
2267.4,42087.7,95.2411,2.40594,231.186,100.304,7.77822,6615.25,0,0,2000,626.179,131.147,2,125.918,110.074,108.074,100.304,0,0,0,42.7501,26.1385,3,15.8435
2267.5,42090.3,95.2362,2.39448,231.249,100.895,7.77822,6616.03,0,0,2000,626.179,131.147,2,125.918,110.708,108.708,100.895,0,0,0,42.7538,26.1384,3,15.21
2267.6,42093,95.2325,2.38298,231.312,100.942,7.77822,6616.81,0,0,2000,626.179,131.147,2,125.918,110.758,108.758,100.942,0,0,0,42.7575,26.1384,3,15.1599
2267.7,42095.6,95.2286,2.37143,231.375,100.107,7.77822,6617.59,0,0,2000,626.179,131.147,2,125.918,109.864,107.864,100.107,0,0,0,42.7614,26.1384,3,16.0541
2267.8,42098.3,95.2224,2.35984,231.438,99.0888,7.77822,6618.36,0,0,2000,626.179,131.147,2,125.918,108.773,106.773,99.0888,0,0,0,42.7656,26.1384,3,17.1446
2267.9,42100.9,95.2153,2.3482,231.5,98.6224,7.77822,6619.14,0,0,2000,626.179,131.147,2,125.918,108.274,106.274,98.6224,0,0,0,42.7698,26.1384,3,17.644
2268,42103.6,95.2081,2.33653,231.562,98.5022,7.77822,6619.92,0,0,2000,626.179,131.147,2,125.918,108.145,106.145,98.5022,0,0,0,42.7742,26.1384,3,17.7727
2268.1,42106.2,95.2013,2.32481,231.624,98.975,7.77822,6620.7,0,0,2000,626.179,131.147,2,125.918,108.652,106.652,98.975,0,0,0,42.7784,26.1384,3,17.2663
2268.2,42108.9,95.1968,2.31305,231.685,100.008,7.77822,6621.47,0,0,2000,626.179,131.147,2,125.918,109.758,107.758,100.008,0,0,0,42.7823,26.1383,3,16.1604
2268.3,42111.5,95.195,2.30125,231.746,100.552,7.77822,6622.25,0,0,2000,626.179,131.147,2,125.918,110.34,108.34,100.552,0,0,0,42.7861,26.1383,3,15.5779
2268.4,42114.1,95.1935,2.28941,231.807,100.065,7.77822,6623.03,0,0,2000,626.179,131.147,2,125.918,109.819,107.819,100.065,0,0,0,42.79,26.1383,3,16.0989
2268.5,42116.8,95.1906,2.27753,231.867,99.0492,7.77822,6623.81,0,0,2000,626.179,131.147,2,125.918,108.731,106.731,99.0492,0,0,0,42.7942,26.1383,3,17.1868
2268.6,42119.4,95.1859,2.26561,231.927,97.3685,7.77822,6624.59,0,0,2000,626.179,131.147,2,125.918,106.931,104.931,97.3685,0,0,0,42.7988,26.1383,3,18.9867
2268.7,42122.1,95.1771,2.25365,231.987,95.215,7.77822,6625.36,0,0,2000,626.179,131.147,2,125.918,104.625,102.625,95.215,0,0,0,42.804,26.1384,3,21.2926
2268.8,42124.7,95.1648,2.24165,232.046,93.4636,7.66355,6626.13,0,0,2000,618.651,129.57,2,124.414,102.75,100.75,93.4636,0,0,0,42.8092,26.1384,3,21.6633
2268.9,42127.4,95.15,2.22962,232.105,92.0223,7.5465,6626.88,0,0,2000,610.906,127.948,2,122.866,101.214,99.2145,92.0223,0,0,0,42.8145,26.1385,3,21.651
2269,42130,95.1328,2.21756,232.164,90.3681,7.41341,6627.63,0,0,2000,602.025,126.088,2,121.089,99.4517,97.4517,90.3681,0,0,0,42.8198,26.1385,3,21.6373
2269.1,42132.6,95.1124,2.20546,232.223,88.8777,7.29449,6628.36,0,0,2000,594.018,124.411,2,119.487,97.8635,95.8635,88.8777,0,0,0,42.825,26.1386,3,21.6233
2269.2,42135.3,95.0903,2.19332,232.281,88.4786,7.26234,6629.08,0,0,2000,591.843,123.955,2,119.051,97.4383,95.4383,88.4786,0,0,0,42.8303,26.1386,3,21.613
2269.3,42137.9,95.0693,2.18116,232.338,88.2697,7.24524,6629.81,0,0,2000,590.683,123.712,2,118.819,97.2158,95.2158,88.2697,0,0,0,42.8355,26.1387,3,21.6034
2269.4,42140.6,95.0474,2.16896,232.396,87.8871,7.2145,6630.53,0,0,2000,588.596,123.275,2,118.401,96.8082,94.8082,87.8871,0,0,0,42.8408,26.1387,3,21.593
2269.5,42143.2,95.0259,2.15673,232.453,87.8616,7.21186,6631.25,0,0,2000,588.417,123.238,2,118.365,96.7811,94.7811,87.8616,0,0,0,42.846,26.1388,3,21.5842
2269.6,42145.8,95.0048,2.14447,232.51,87.4888,7.17922,6631.97,0,0,1993.92,587.966,122.769,2,117.911,96.384,94.384,87.4888,0,0,0,42.8512,26.1388,3,21.5272
2269.7,42148.5,94.9828,2.13218,232.566,86.2469,7.06679,6632.67,0,0,1961.54,589.724,121.136,2,116.319,95.0608,93.0608,86.2469,0,0,0,42.8564,26.1389,3,21.2578
2269.8,42151.1,94.9578,2.11986,232.622,84.9698,6.97427,6633.37,0,0,1948.29,587.174,119.798,2,115.026,93.7001,91.7001,84.9698,0,0,0,42.8616,26.1389,3,21.3261
2269.9,42153.8,94.9317,2.10751,232.678,83.9352,6.90247,6634.06,0,0,1931.18,587.174,118.746,2,114.004,92.5977,90.5977,83.9352,0,0,0,42.8668,26.139,3,21.406
2270,42156.4,94.9037,2.09513,232.733,83.0002,6.8406,6634.75,0,0,1908.19,589.625,117.822,2,113.097,91.6017,89.6017,83.0002,0,0,0,42.872,26.139,3,21.4948
2270.1,42159,94.8749,2.08273,232.788,82.5248,6.79188,6635.42,0,0,1896.34,589.679,117.101,2,112.395,91.0972,89.0972,82.5248,0,0,0,42.8772,26.1391,3,21.2979
2270.2,42161.7,94.846,2.0703,232.843,82.5382,6.79243,6636.1,0,0,1896.47,589.679,117.109,2,112.403,91.1114,89.1114,82.5382,0,0,0,42.8824,26.1391,3,21.2915
2270.3,42164.3,94.8184,2.05785,232.898,82.7279,6.81099,6636.78,0,0,1900.92,589.679,117.384,2,112.67,91.3129,89.3129,82.7279,0,0,0,42.8876,26.1392,3,21.3575
2270.4,42166.9,94.7913,2.04536,232.952,82.4587,6.78269,6637.46,0,0,1894.13,589.679,116.965,2,112.263,91.0275,89.0275,82.4587,0,0,0,42.8927,26.1392,3,21.2351
2270.5,42169.6,94.7636,2.03286,233.005,82.2328,6.75886,6638.14,0,0,1888.4,589.679,116.611,2,111.919,90.788,88.788,82.2328,0,0,0,42.8979,26.1393,3,21.1306
2270.6,42172.2,94.7367,2.02033,233.059,82.8342,6.81945,6638.82,0,0,1902.95,589.679,117.509,2,112.792,91.4264,89.4264,82.8342,0,0,0,42.9031,26.1393,3,21.3657
2270.7,42174.8,94.7124,2.00778,233.112,83.0919,6.84301,6639.51,0,0,1909.09,589.527,117.858,2,113.132,91.7012,89.7012,83.0919,0,0,0,42.9083,26.1394,3,21.4309
2270.8,42177.5,94.6875,1.9952,233.164,82.4115,6.77464,6640.18,0,0,1892.2,589.679,116.845,2,112.146,90.9781,88.9781,82.4115,0,0,0,42.9134,26.1394,3,21.1683
2270.9,42180.1,94.6616,1.98261,233.217,81.8009,6.72294,6640.85,0,0,1877.04,590.501,116.071,2,111.39,90.3305,88.3305,81.8009,0,0,0,42.9185,26.1395,3,21.0599
2271,42182.7,94.6354,1.96999,233.269,81.1997,6.68309,6641.52,0,0,1862.12,592.12,115.464,2,110.794,89.693,87.693,81.1997,0,0,0,42.9237,26.1395,3,21.1011
2271.1,42185.4,94.6081,1.95735,233.32,80.0745,6.60692,6642.18,0,0,1842.06,592.629,114.318,2,109.677,88.4995,86.4995,80.0745,0,0,0,42.9288,26.1396,3,21.1775
2271.2,42188,94.5784,1.94469,233.371,79.1372,6.5446,6642.84,0,0,1820.3,594.689,113.36,2,108.737,87.5055,85.5055,79.1372,0,0,0,42.934,26.1396,3,21.2314
2271.3,42190.6,94.5485,1.93201,233.422,79.5605,6.57217,6643.5,0,0,1829.08,594.037,113.782,2,109.15,87.9547,85.9547,79.5605,0,0,0,42.9391,26.1397,3,21.1957
2271.4,42193.2,94.5215,1.91931,233.473,81.2693,6.68558,6644.16,0,0,1863.06,592.019,115.502,2,110.831,89.7675,87.7675,81.2693,0,0,0,42.9443,26.1397,3,21.0639
2271.5,42195.9,94.4995,1.90659,233.523,83.2851,6.85161,6644.85,0,0,1912.32,589.177,117.987,2,113.259,91.9091,89.9091,83.2851,0,0,0,42.9494,26.1398,3,21.3495
2271.6,42198.5,94.4816,1.89386,233.573,85.2894,6.98658,6645.55,0,0,1951.21,587.174,119.977,2,115.201,94.0446,92.0446,85.2894,0,0,0,42.9546,26.1398,3,21.1563
2271.7,42201.1,94.4686,1.88111,233.623,87.3939,7.15389,6646.26,0,0,1983.23,589.359,122.4,2,117.548,96.2867,94.2867,87.3939,0,0,0,42.9598,26.1399,3,21.2612
2271.8,42203.7,94.4601,1.86833,233.672,88.7902,7.27063,6646.99,0,0,2000,592.404,124.073,2,119.164,97.7744,95.7744,88.7902,0,0,0,42.965,26.1399,3,21.3893
2271.9,42206.4,94.4536,1.85554,233.721,88.9614,7.2835,6647.72,0,0,2000,593.275,124.255,2,119.338,97.9568,95.9568,88.9614,0,0,0,42.9702,26.14,3,21.3813
2272,42209,94.4467,1.84273,233.769,87.8788,7.19765,6648.44,0,0,2000,587.45,123.035,2,118.172,96.8035,94.8035,87.8788,0,0,0,42.9753,26.14,3,21.3683
2272.1,42211.6,94.4367,1.82991,233.817,86.3035,7.05657,6649.14,0,0,1961.54,589.013,120.99,2,116.179,95.1254,93.1254,86.3035,0,0,0,42.9805,26.1401,3,21.0537
2272.2,42214.2,94.4245,1.81706,233.865,84.5246,6.93054,6649.84,0,0,1937.88,587.174,119.158,2,114.404,93.2304,91.2304,84.5246,0,0,0,42.9856,26.1401,3,21.1737
2272.3,42216.8,94.4084,1.80421,233.913,83.133,6.83641,6650.52,0,0,1907.01,589.679,117.76,2,113.036,91.748,89.748,83.133,0,0,0,42.9908,26.1402,3,21.2878
2272.4,42219.5,94.3916,1.79133,233.96,83.231,6.84336,6651.21,0,0,1909.22,589.513,117.863,2,113.137,91.8526,89.8526,83.231,0,0,0,42.996,26.1402,3,21.2846
2272.5,42222.1,94.3769,1.77845,234.007,84.7385,6.94363,6651.9,0,0,1941,587.174,119.35,2,114.59,93.4587,91.4587,84.7385,0,0,0,43.0011,26.1403,3,21.1318
2272.6,42224.7,94.3671,1.76555,234.053,87.3417,7.12243,6652.61,0,0,1970,591.082,121.939,2,117.094,96.2319,94.2319,87.3417,0,0,0,43.0062,26.1403,3,20.8622
2272.7,42227.3,94.3638,1.75264,234.099,90.3711,7.30242,6653.34,0,0,2000,594.555,124.523,2,119.594,99.4591,97.4591,90.3711,0,0,0,43.0111,26.1403,3,20.135
2272.8,42230,94.367,1.73971,234.145,92.8587,7.48855,6654.09,0,0,2000,607.049,127.14,2,122.094,102.109,100.109,92.8587,0,0,0,43.0159,26.1404,3,19.9847
2272.9,42232.6,94.3745,1.72677,234.19,93.4857,7.63905,6654.85,0,0,2000,617.035,129.232,2,124.091,102.781,100.781,93.4857,0,0,0,43.0211,26.1404,3,21.3103
2273,42235.2,94.381,1.71381,234.235,92.5508,7.56267,6655.61,0,0,2000,611.981,128.173,2,123.08,101.781,99.781,92.5508,0,0,0,43.0263,26.1405,3,21.2993
2273.1,42237.8,94.3856,1.70084,234.28,91.0126,7.43875,6656.35,0,0,2000,603.722,126.443,2,121.429,100.142,98.1424,91.0126,0,0,0,43.0315,26.1405,3,21.2862
2273.2,42240.4,94.3869,1.68786,234.325,89.7058,7.3342,6657.09,0,0,2000,596.699,124.972,2,120.023,98.7502,96.7502,89.7058,0,0,0,43.0366,26.1406,3,21.2732
2273.3,42243.1,94.3871,1.67487,234.369,88.5077,7.23896,6657.81,0,0,2000,590.257,123.623,2,118.734,97.4739,95.4739,88.5077,0,0,0,43.0418,26.1406,3,21.2599
2273.4,42245.7,94.3844,1.66187,234.412,86.6852,7.07797,6658.52,0,0,1961.54,590.5,121.296,2,116.471,95.5325,93.5325,86.6852,0,0,0,43.0469,26.1406,3,20.9385
2273.5,42248.3,94.3782,1.64886,234.456,84.2838,6.90689,6659.21,0,0,1932.24,587.174,118.811,2,114.067,92.9742,90.9742,84.2838,0,0,0,43.052,26.1407,3,21.0925
2273.6,42250.9,94.3669,1.63584,234.499,81.5157,6.6902,6659.88,0,0,1864.78,591.832,115.573,2,110.901,90.0299,88.0299,81.5157,0,0,0,43.0571,26.1407,3,20.8707
2273.7,42253.5,94.3506,1.62281,234.542,78.7201,6.50317,6660.53,0,0,1810.23,594.689,112.733,2,108.127,87.0647,85.0647,78.7201,0,0,0,43.0622,26.1408,3,21.0619
2273.8,42256.2,94.3291,1.60978,234.584,76.7148,6.34445,6661.16,0,0,1769.66,594.689,110.207,2,105.668,84.938,82.938,76.7148,0,0,0,43.0672,26.1408,3,20.7296
2273.9,42258.8,94.3058,1.59675,234.626,76.4275,6.32582,6661.8,0,0,1764.84,594.689,109.907,2,105.375,84.6334,82.6334,76.4275,0,0,0,43.0723,26.1409,3,20.7421
2274,42261.4,94.2841,1.58371,234.668,77.7601,6.41324,6662.44,0,0,1787.41,594.689,111.312,2,106.744,86.047,84.047,77.7601,0,0,0,43.0773,26.1409,3,20.6965
2274.1,42264,94.2673,1.57066,234.709,79.5055,6.55387,6663.09,0,0,1822.54,594.689,113.5,2,108.873,87.8984,85.8984,79.5055,0,0,0,43.0824,26.1409,3,20.9747
2274.2,42266.6,94.2536,1.55762,234.75,80.2663,6.60334,6663.75,0,0,1840.72,592.774,114.263,2,109.623,88.7055,86.7055,80.2663,0,0,0,43.0875,26.141,3,20.9174
2274.3,42269.3,94.2407,1.54457,234.79,79.847,6.57532,6664.41,0,0,1830.26,593.91,113.831,2,109.198,88.2608,86.2608,79.847,0,0,0,43.0926,26.141,3,20.9374
2274.4,42271.9,94.2264,1.53152,234.831,79.5396,6.55458,6665.07,0,0,1822.71,594.689,113.511,2,108.884,87.9349,85.9349,79.5396,0,0,0,43.0977,26.1411,3,20.9486
2274.5,42274.5,94.2133,1.51846,234.871,79.5541,6.55502,6665.72,0,0,1822.82,594.689,113.518,2,108.89,87.9504,85.9504,79.5541,0,0,0,43.1028,26.1411,3,20.9397
2274.6,42277.1,94.2,1.50541,234.91,79.6687,6.56206,6666.38,0,0,1825.31,594.447,113.626,2,108.997,88.072,86.072,79.6687,0,0,0,43.1079,26.1412,3,20.9246
2274.7,42279.7,94.1883,1.49235,234.949,81.0713,6.65457,6667.04,0,0,1855.03,592.184,115.037,2,110.378,89.5598,87.5598,81.0713,0,0,0,43.1129,26.1412,3,20.8183
2274.8,42282.3,94.1816,1.47929,234.988,83.1977,6.82285,6667.73,0,0,1903.76,589.679,117.559,2,112.841,91.8192,89.8192,83.1977,0,0,0,43.118,26.1413,3,21.0218
2274.9,42285,94.1794,1.46623,235.027,84.6707,6.92596,6668.42,0,0,1936.79,587.174,119.091,2,114.339,93.3882,91.3882,84.6707,0,0,0,43.1231,26.1413,3,20.9507
2275,42287.6,94.1795,1.45317,235.065,85.4237,6.97731,6669.12,0,0,1949.01,587.174,119.842,2,115.069,94.1903,92.1903,85.4237,0,0,0,43.1282,26.1413,3,20.8789
2275.1,42290.2,94.1812,1.44011,235.103,85.8464,7.00596,6669.82,0,0,1955.81,587.174,120.26,2,115.476,94.6405,92.6405,85.8464,0,0,0,43.1333,26.1414,3,20.8352
2275.2,42292.8,94.1839,1.42705,235.14,85.5796,6.98697,6670.52,0,0,1951.3,587.174,119.983,2,115.206,94.3563,92.3563,85.5796,0,0,0,43.1383,26.1414,3,20.8502
2275.3,42295.4,94.1854,1.41399,235.177,85.012,6.94727,6671.21,0,0,1941.87,587.174,119.403,2,114.642,93.7516,91.7516,85.012,0,0,0,43.1434,26.1415,3,20.8906
2275.4,42298,94.1867,1.40094,235.214,84.5318,6.91369,6671.9,0,0,1933.86,587.174,118.911,2,114.164,93.2402,91.2402,84.5318,0,0,0,43.1485,26.1415,3,20.9236
2275.5,42300.7,94.1871,1.38788,235.251,84.183,6.88974,6672.59,0,0,1926.63,587.623,118.557,2,113.818,92.8686,90.8686,84.183,0,0,0,43.1536,26.1416,3,20.9495
2275.6,42303.3,94.1879,1.37483,235.287,83.4755,6.84284,6673.28,0,0,1909.03,589.534,117.856,2,113.13,92.115,90.115,83.4755,0,0,0,43.1587,26.1416,3,21.0147
2275.7,42305.9,94.1864,1.36177,235.323,82.0558,6.71466,6673.95,0,0,1873.94,590.838,115.945,2,111.267,90.6039,88.6039,82.0558,0,0,0,43.1637,26.1416,3,20.6629
2275.8,42308.5,94.1823,1.34873,235.358,80.9831,6.64269,6674.61,0,0,1852.16,592.184,114.859,2,110.205,89.4662,87.4662,80.9831,0,0,0,43.1688,26.1417,3,20.7387
2275.9,42311.1,94.1774,1.33569,235.393,80.2081,6.59069,6675.27,0,0,1835.99,593.287,114.068,2,109.431,88.6443,86.6443,80.2081,0,0,0,43.1738,26.1417,3,20.787
2276,42313.7,94.1712,1.32265,235.428,79.9757,6.57492,6675.93,0,0,1830.11,593.926,113.825,2,109.192,88.3979,86.3979,79.9757,0,0,0,43.1789,26.1418,3,20.7943
2276.1,42316.4,94.1663,1.30962,235.463,80.503,6.60898,6676.59,0,0,1842.83,592.545,114.35,2,109.708,88.9572,86.9572,80.503,0,0,0,43.1839,26.1418,3,20.751
2276.2,42319,94.1631,1.2966,235.497,81.1293,6.65044,6677.25,0,0,1854.03,592.184,114.975,2,110.318,89.6214,87.6214,81.1293,0,0,0,43.189,26.1418,3,20.6965
2276.3,42321.6,94.1617,1.28358,235.53,81.1699,6.65265,6677.92,0,0,1854.57,592.184,115.008,2,110.35,89.6645,87.6645,81.1699,0,0,0,43.194,26.1419,3,20.6856
2276.4,42324.2,94.1595,1.27057,235.564,80.7101,6.62108,6678.58,0,0,1846.93,592.184,114.534,2,109.889,89.1768,87.1768,80.7101,0,0,0,43.199,26.1419,3,20.7126
2276.5,42326.8,94.1571,1.25757,235.597,79.6393,6.55009,6679.24,0,0,1821.63,594.689,113.443,2,108.818,88.0411,86.0411,79.6393,0,0,0,43.2041,26.142,3,20.7764
2276.6,42329.4,94.1516,1.24458,235.63,78.6947,6.48278,6679.88,0,0,1805.26,594.689,112.424,2,107.826,87.0393,85.0393,78.6947,0,0,0,43.2091,26.142,3,20.7865
2276.7,42332.1,94.1463,1.2316,235.662,78.3867,6.45258,6680.53,0,0,1797.53,594.689,111.942,2,107.357,86.7127,84.7127,78.3867,0,0,0,43.2141,26.142,3,20.6442
2276.8,42334.7,94.1405,1.21862,235.694,78.3266,6.44611,6681.17,0,0,1795.87,594.689,111.839,2,107.256,86.6491,84.6491,78.3266,0,0,0,43.2192,26.1421,3,20.6071
2276.9,42337.3,94.1358,1.20566,235.726,79.123,6.51327,6681.83,0,0,1812.68,594.689,112.886,2,108.276,87.4938,85.4938,79.123,0,0,0,43.2242,26.1421,3,20.7818
2277,42339.9,94.1341,1.19271,235.757,79.838,6.56071,6682.48,0,0,1824.81,594.501,113.605,2,108.976,88.2521,86.2521,79.838,0,0,0,43.2292,26.1422,3,20.724
2277.1,42342.5,94.1333,1.17977,235.788,79.2247,6.51903,6683.13,0,0,1814.09,594.689,112.973,2,108.361,87.6016,85.6016,79.2247,0,0,0,43.2343,26.1422,3,20.7589
2277.2,42345.1,94.13,1.16684,235.819,78.052,6.41697,6683.78,0,0,1788.37,594.689,111.372,2,106.802,86.3579,84.3579,78.052,0,0,0,43.2393,26.1422,3,20.4438
2277.3,42347.7,94.1253,1.15393,235.849,77.2268,6.35938,6684.41,0,0,1773.52,594.689,110.447,2,105.901,85.4827,83.4827,77.2268,0,0,0,43.2442,26.1423,3,20.4186
2277.4,42350.4,94.1196,1.14102,235.879,76.088,6.28702,6685.04,0,0,1754.8,594.689,109.281,2,104.766,84.275,82.275,76.088,0,0,0,43.2492,26.1423,3,20.4913
2277.5,42353,94.1113,1.12813,235.909,75.0204,6.21705,6685.66,0,0,1736.62,594.689,108.149,2,103.664,83.1428,81.1428,75.0204,0,0,0,43.2542,26.1423,3,20.5217
2277.6,42355.6,94.1022,1.11526,235.938,74.4322,6.16102,6686.28,0,0,1722.03,594.689,107.24,2,102.779,82.5191,80.5191,74.4322,0,0,0,43.2591,26.1424,3,20.2602
2277.7,42358.2,94.0925,1.1024,235.967,73.9465,6.1217,6686.89,0,0,1711.76,594.689,106.601,2,102.156,82.0041,80.0041,73.9465,0,0,0,43.264,26.1424,3,20.1524
2277.8,42360.8,94.0824,1.08956,235.996,73.8326,6.11411,6687.5,0,0,1709.77,594.689,106.477,2,102.036,81.8833,79.8833,73.8326,0,0,0,43.2689,26.1424,3,20.1528
2277.9,42363.4,94.0732,1.07674,236.024,74.1271,6.13203,6688.11,0,0,1714.46,594.689,106.769,2,102.32,82.1957,80.1957,74.1271,0,0,0,43.2738,26.1425,3,20.1245
2278,42366,94.0653,1.06393,236.052,74.5386,6.16815,6688.73,0,0,1723.89,594.689,107.356,2,102.892,82.6322,80.6322,74.5386,0,0,0,43.2787,26.1425,3,20.2599
2278.1,42368.6,94.0586,1.05114,236.08,75.0501,6.21553,6689.35,0,0,1736.23,594.689,108.125,2,103.64,83.1748,81.1748,75.0501,0,0,0,43.2837,26.1425,3,20.4657
2278.2,42371.3,94.0536,1.03836,236.107,75.7031,6.25893,6689.98,0,0,1747.51,594.689,108.827,2,104.324,83.8673,81.8673,75.7031,0,0,0,43.2887,26.1426,3,20.4571
2278.3,42373.9,94.0505,1.02561,236.134,75.4333,6.24148,6690.6,0,0,1742.98,594.689,108.545,2,104.05,83.5812,81.5812,75.4333,0,0,0,43.2937,26.1426,3,20.4684
2278.4,42376.5,94.0453,1.01287,236.16,73.4945,6.09013,6691.21,0,0,1703.5,594.689,106.087,2,101.656,81.5252,79.5252,73.4945,0,0,0,43.2986,26.1426,3,20.1305
2278.5,42379.1,94.0353,1.00016,236.187,71.1751,5.9457,6691.81,0,0,1665.56,594.689,103.724,2,99.3537,79.0686,77.0686,71.1751,0,0,0,43.3035,26.1427,3,20.2851
2278.6,42381.7,94.0217,0.987458,236.213,69.3098,5.80151,6692.39,0,0,1627.41,594.689,101.348,2,97.0388,77.0985,75.0985,69.3098,0,0,0,43.3083,26.1427,3,19.9403
2278.7,42384.3,94.0052,0.974783,236.238,67.4733,5.67121,6692.95,0,0,1573.06,602.624,99.2702,2,94.9764,75.1589,73.1589,67.4733,0,0,0,43.3131,26.1427,3,19.8174
2278.8,42386.9,93.9852,0.962129,236.264,65.9117,5.55392,6693.51,0,0,1509.37,617.123,97.5431,2,93.2187,73.5098,71.5098,65.9117,0,0,0,43.3179,26.1428,3,19.709
2278.9,42389.5,93.9634,0.949499,236.289,65.1701,5.49531,6694.06,0,0,1485.75,621.286,96.6641,2,92.3388,72.7266,70.7266,65.1701,0,0,0,43.3227,26.1428,3,19.6122
2279,42392.2,93.9414,0.936893,236.313,64.7562,5.46299,6694.61,0,0,1474.51,622.873,96.178,2,91.8557,72.2897,70.2897,64.7562,0,0,0,43.3275,26.1428,3,19.566
2279.1,42394.8,93.9189,0.924311,236.337,64.3416,5.4351,6695.15,0,0,1457.36,627.341,95.7412,2,91.4048,71.852,69.852,64.3416,0,0,0,43.3322,26.1428,3,19.5528
2279.2,42397.4,93.8963,0.911754,236.361,65.0363,5.48307,6695.7,0,0,1481.95,621.698,96.4811,2,92.1579,72.586,70.586,65.0363,0,0,0,43.337,26.1429,3,19.5719
2279.3,42400,93.8776,0.899222,236.385,66.7387,5.61179,6696.26,0,0,1554.07,604.685,98.4073,2,94.1248,74.3842,72.3842,66.7387,0,0,0,43.3418,26.1429,3,19.7406
2279.4,42402.6,93.8628,0.886715,236.408,68.8156,5.76764,6696.83,0,0,1618.41,594.689,100.788,2,96.4929,76.5778,74.5778,68.8156,0,0,0,43.3466,26.1429,3,19.915
2279.5,42405.2,93.8534,0.874233,236.431,71.2079,5.92317,6697.43,0,0,1659.61,594.689,103.353,2,98.993,79.1046,77.1046,71.2079,0,0,0,43.3514,26.1429,3,19.8885
2279.6,42407.8,93.8492,0.861775,236.454,74.2951,6.0799,6698.04,0,0,1700.82,594.689,105.92,2,101.493,82.376,80.376,74.2951,0,0,0,43.3561,26.143,3,19.1171
2279.7,42410.4,93.8531,0.849342,236.476,77.3606,6.23791,6698.66,0,0,1742.05,594.689,108.487,2,103.993,85.6269,83.6269,77.3606,0,0,0,43.3606,26.143,3,18.3665
2279.8,42413,93.862,0.836932,236.498,78.9249,6.3972,6699.3,0,0,1783.28,594.689,111.055,2,106.493,87.2857,85.2857,78.9249,0,0,0,43.3652,26.143,3,19.2073
2279.9,42415.6,93.873,0.824546,236.52,79.9324,6.5524,6699.95,0,0,1822.19,594.689,113.478,2,108.852,88.354,86.354,79.9324,0,0,0,43.3702,26.143,3,20.4976
2280,42418.2,93.8867,0.812184,236.541,81.2041,6.63588,6700.62,0,0,1850.52,592.184,114.757,2,110.106,89.7025,87.7025,81.2041,0,0,0,43.3752,26.143,3,20.403
2280.1,42420.8,93.9035,0.799846,236.562,82.0559,6.69258,6701.29,0,0,1865.67,591.735,115.609,2,110.936,90.6058,88.6058,82.0559,0,0,0,43.3801,26.1431,3,20.3306
2280.2,42423.4,93.9214,0.787533,236.583,82.3197,6.70939,6701.96,0,0,1871.97,591.052,115.865,2,111.188,90.8865,88.8865,82.3197,0,0,0,43.3851,26.1431,3,20.3015
2280.3,42426.1,93.94,0.775244,236.603,82.9373,6.75286,6702.63,0,0,1886.96,589.679,116.522,2,111.832,91.544,89.544,82.9373,0,0,0,43.39,26.1432,3,20.2879
2280.4,42428.7,93.961,0.76298,236.623,83.3521,6.79451,6703.31,0,0,1896.97,589.679,117.14,2,112.433,91.9856,89.9856,83.3521,0,0,0,43.395,26.1432,3,20.4474
2280.5,42431.3,93.9819,0.750741,236.643,83.2956,6.78791,6703.99,0,0,1895.39,589.679,117.042,2,112.338,91.9253,89.9253,83.2956,0,0,0,43.3999,26.1432,3,20.4126
2280.6,42433.9,94.0034,0.738527,236.663,82.6667,6.73008,6704.66,0,0,1879.72,590.21,116.179,2,111.497,91.2553,89.2553,82.6667,0,0,0,43.4048,26.1433,3,20.2416
2280.7,42436.5,94.0225,0.72634,236.682,81.0218,6.61986,6705.33,0,0,1846.64,592.184,114.516,2,109.872,89.5083,87.5083,81.0218,0,0,0,43.4098,26.1433,3,20.3634
2280.8,42439.1,94.0381,0.71418,236.7,78.9036,6.47195,6705.97,0,0,1802.5,594.689,112.252,2,107.658,87.2618,85.2618,78.9036,0,0,0,43.4147,26.1433,3,20.3967
2280.9,42441.7,94.0494,0.702047,236.719,77.0521,6.331,6706.61,0,0,1766.18,594.689,109.99,2,105.457,85.2981,83.2981,77.0521,0,0,0,43.4196,26.1434,3,20.1586
2281,42444.3,94.0582,0.689944,236.737,75.4235,6.22797,6707.23,0,0,1739.46,594.689,108.326,2,103.837,83.5708,81.5708,75.4235,0,0,0,43.4246,26.1434,3,20.2658
2281.1,42446.9,94.0637,0.67787,236.755,74.1434,6.11781,6707.84,0,0,1710.74,594.689,106.538,2,102.095,82.2132,80.2132,74.1434,0,0,0,43.4294,26.1434,3,19.8817
2281.2,42449.6,94.0683,0.665827,236.773,73.2853,6.06381,6708.45,0,0,1696.61,594.689,105.657,2,101.237,81.303,79.303,73.2853,0,0,0,43.4343,26.1434,3,19.9344
2281.3,42452.2,94.0711,0.653814,236.79,72.3831,6.00723,6709.05,0,0,1681.75,594.689,104.732,2,100.336,80.3462,78.3462,72.3831,0,0,0,43.4391,26.1435,3,19.9901
2281.4,42454.8,94.0728,0.641833,236.807,71.8274,5.97229,6709.65,0,0,1672.56,594.689,104.16,2,99.7787,79.7572,77.7572,71.8274,0,0,0,43.444,26.1435,3,20.0215
2281.5,42457.4,94.0742,0.629884,236.823,71.6478,5.96073,6710.24,0,0,1669.52,594.689,103.97,2,99.594,79.5676,77.5676,71.6478,0,0,0,43.4488,26.1435,3,20.0264
2281.6,42460,94.076,0.617967,236.84,71.3433,5.94147,6710.84,0,0,1664.44,594.689,103.654,2,99.286,79.2459,77.2459,71.3433,0,0,0,43.4537,26.1436,3,20.04
2281.7,42462.6,94.077,0.606084,236.856,71.1465,5.92887,6711.43,0,0,1661.11,594.689,103.447,2,99.0842,79.038,77.038,71.1465,0,0,0,43.4586,26.1436,3,20.0462
2281.8,42465.2,94.0788,0.594233,236.871,71.222,5.93304,6712.02,0,0,1662.22,594.689,103.516,2,99.1511,79.1177,77.1177,71.222,0,0,0,43.4635,26.1436,3,20.0334
2281.9,42467.9,94.0809,0.582416,236.887,70.8544,5.90993,6712.61,0,0,1656.11,594.689,103.136,2,98.7809,78.7295,76.7295,70.8544,0,0,0,43.4683,26.1437,3,20.0514
2282,42470.5,94.082,0.570634,236.902,69.5307,5.79911,6713.19,0,0,1626.77,594.689,101.308,2,97.0003,77.3313,75.3313,69.5307,0,0,0,43.4731,26.1437,3,19.669
2282.1,42473.1,94.0795,0.558885,236.917,68.0311,5.69548,6713.76,0,0,1582.58,601.098,99.6186,2,95.3234,75.7474,73.7474,68.0311,0,0,0,43.4779,26.1437,3,19.576
2282.2,42475.7,94.0754,0.547173,236.931,67.1155,5.62332,6714.32,0,0,1557.8,604.28,98.5778,2,94.2931,74.7803,72.7803,67.1155,0,0,0,43.4826,26.1437,3,19.5127
2282.3,42478.3,94.0701,0.535496,236.945,66.6987,5.59237,6714.88,0,0,1538.94,608.871,98.1238,2,93.8275,74.3402,72.3402,66.6987,0,0,0,43.4874,26.1437,3,19.4874
2282.4,42480.9,94.0652,0.523855,236.959,66.6517,5.58845,6715.44,0,0,1535.84,609.735,98.0654,2,93.7662,74.2906,72.2906,66.6517,0,0,0,43.4921,26.1438,3,19.4756
2282.5,42483.5,94.0605,0.512252,236.973,67.0679,5.61797,6716,0,0,1556.1,604.464,98.5001,2,94.2164,74.7302,72.7302,67.0679,0,0,0,43.4968,26.1438,3,19.4862
2282.6,42486.1,94.0581,0.500685,236.986,67.7156,5.66701,6716.57,0,0,1571.72,602.769,99.2097,2,94.9166,75.4144,73.4144,67.7156,0,0,0,43.5016,26.1438,3,19.5023
2282.7,42488.8,94.0568,0.489155,236.999,67.4902,5.64917,6717.14,0,0,1566.04,603.386,98.9522,2,94.6626,75.1762,73.1762,67.4902,0,0,0,43.5063,26.1438,3,19.4863
2282.8,42491.4,94.0543,0.477663,237.011,67.0961,5.61842,6717.7,0,0,1556.24,604.449,98.5066,2,94.2229,74.76,72.76,67.0961,0,0,0,43.511,26.1439,3,19.4628
2282.9,42494,94.0522,0.466208,237.024,67.0067,5.61126,6718.26,0,0,1553.88,604.705,98.3988,2,94.1165,74.6656,72.6656,67.0067,0,0,0,43.5158,26.1439,3,19.4509
2283,42496.6,94.0501,0.454792,237.036,67.2449,5.62868,6718.82,0,0,1559.51,604.094,98.6555,2,94.3698,74.9172,72.9172,67.2449,0,0,0,43.5205,26.1439,3,19.4526
2283.1,42499.2,94.0498,0.443414,237.047,67.6726,5.66087,6719.39,0,0,1569.76,602.981,99.1211,2,94.8292,75.369,73.369,67.6726,0,0,0,43.5252,26.1439,3,19.4602
2283.2,42501.8,94.0501,0.432074,237.059,68.5274,5.7313,6719.96,0,0,1599.43,597.806,100.128,2,95.8354,76.2718,74.2718,68.5274,0,0,0,43.53,26.1439,3,19.5635
2283.3,42504.4,94.0541,0.420773,237.07,69.4849,5.79038,6720.54,0,0,1624.45,594.689,101.164,2,96.8596,77.2832,75.2832,69.4849,0,0,0,43.5347,26.144,3,19.5764
2283.4,42507,94.059,0.409511,237.081,69.6452,5.79973,6721.12,0,0,1626.94,594.689,101.319,2,97.0103,77.4524,75.4524,69.6452,0,0,0,43.5395,26.144,3,19.5579
2283.5,42509.7,94.0643,0.398288,237.091,68.9134,5.75387,6721.7,0,0,1614.21,594.919,100.565,2,96.2746,76.6794,74.6794,68.9134,0,0,0,43.5443,26.144,3,19.5952
2283.6,42512.3,94.067,0.387104,237.102,67.9592,5.67994,6722.26,0,0,1575.83,602.322,99.3958,2,95.1003,75.6715,73.6715,67.9592,0,0,0,43.549,26.144,3,19.4288
2283.7,42514.9,94.0692,0.37596,237.112,66.9148,5.60034,6722.82,0,0,1545.29,607.098,98.2419,2,93.9516,74.5684,72.5684,66.9148,0,0,0,43.5537,26.144,3,19.3832
2283.8,42517.5,94.0685,0.364857,237.121,65.543,5.49537,6723.37,0,0,1485.77,621.284,96.6651,2,92.3398,73.1195,71.1195,65.543,0,0,0,43.5584,26.1441,3,19.2203
2283.9,42520.1,94.0659,0.353794,237.131,64.1375,5.39608,6723.91,0,0,1436.77,632.264,95.1292,2,90.7798,71.635,69.635,64.1375,0,0,0,43.563,26.1441,3,19.1448
2284,42522.7,94.0603,0.342773,237.14,62.7243,5.30605,6724.44,0,0,1408.96,635.328,93.7404,2,89.4058,70.1423,68.1423,62.7243,0,0,0,43.5677,26.1441,3,19.2634
2284.1,42525.3,94.0529,0.331795,237.149,61.2934,5.26838,6724.97,0,0,1395.99,636.948,93.1141,2,88.7846,68.6325,66.6325,61.2934,0,0,0,43.5726,26.1441,3,20.1521
2284.2,42527.9,94.0423,0.320859,237.157,60.2774,5.14887,6725.49,0,0,1369.23,634.769,91.0167,2,86.7479,67.5636,65.5636,60.2774,0,0,0,43.5773,26.1442,3,19.1843
2284.3,42530.6,94.0316,0.309966,237.165,60.2956,5.14887,6726,0,0,1369.23,634.769,91.0167,2,86.7479,67.5829,65.5829,60.2956,0,0,0,43.5819,26.1442,3,19.1649
2284.4,42533.2,94.022,0.299117,237.173,61.6707,5.28636,6726.53,0,0,1400,637.274,93.4293,2,89.0906,69.0299,67.0299,61.6707,0,0,0,43.5868,26.1442,3,20.0607
2284.5,42535.8,94.0176,0.288311,237.181,64.0616,5.38747,6727.07,0,0,1434.81,632.264,94.9998,2,90.6534,71.5553,69.5553,64.0616,0,0,0,43.5914,26.1442,3,19.0981
2284.6,42538.4,94.0183,0.277548,237.188,66.1032,5.53478,6727.62,0,0,1497.99,619.957,97.2524,2,92.92,73.7117,71.7117,66.1032,0,0,0,43.5961,26.1442,3,19.2084
2284.7,42541,94.0228,0.266828,237.195,67.6559,5.65049,6728.19,0,0,1566.46,603.34,98.9713,2,94.6814,75.3517,73.3517,67.6559,0,0,0,43.6008,26.1443,3,19.3298
2284.8,42543.6,94.0305,0.256151,237.202,68.715,5.73584,6728.76,0,0,1602.23,597.259,100.211,2,95.9192,76.4702,74.4702,68.715,0,0,0,43.6055,26.1443,3,19.449
2284.9,42546.2,94.0399,0.245516,237.209,68.6037,5.727,6729.33,0,0,1597.4,598.203,100.067,2,95.7742,76.3525,74.3525,68.6037,0,0,0,43.6103,26.1443,3,19.4217
2285,42548.8,94.0478,0.234924,237.215,67.1281,5.60857,6729.89,0,0,1551.95,605.239,98.3632,2,94.0791,74.7939,72.7939,67.1281,0,0,0,43.615,26.1443,3,19.2852
2285.1,42551.5,94.052,0.224376,237.221,65.3238,5.47056,6730.44,0,0,1478.07,622.119,96.2937,2,91.9728,72.8881,70.8881,65.3238,0,0,0,43.6196,26.1443,3,19.0847
2285.2,42554.1,94.0533,0.213871,237.227,63.5188,5.34496,6730.97,0,0,1425.14,632.264,94.3594,2,90.0279,70.9816,68.9816,63.5188,0,0,0,43.6242,26.1443,3,19.0464
2285.3,42556.7,94.0509,0.203412,237.232,61.4575,5.27925,6731.5,0,0,1398.42,637.145,93.3047,2,88.9696,68.8052,66.8052,61.4575,0,0,0,43.6291,26.1444,3,20.1644
2285.4,42559.3,94.0447,0.192998,237.237,60.0677,5.14887,6732.02,0,0,1369.23,634.769,91.0167,2,86.7479,67.343,65.343,60.0677,0,0,0,43.6338,26.1444,3,19.4049
2285.5,42561.9,94.0375,0.18263,237.242,60.196,5.14887,6732.53,0,0,1369.23,634.769,91.0167,2,86.7479,67.478,65.478,60.196,0,0,0,43.6385,26.1444,3,19.2699
2285.6,42564.5,94.0325,0.172307,237.247,61.0958,5.22351,6733.05,0,0,1385.97,636.132,92.3273,2,88.0205,68.4248,66.4248,61.0958,0,0,0,43.6433,26.1444,3,19.5958
2285.7,42567.1,94.0297,0.162031,237.251,61.6291,5.28636,6733.58,0,0,1400,637.274,93.4293,2,89.0906,68.9859,66.9859,61.6291,0,0,0,43.6482,26.1445,3,20.1047
2285.8,42569.7,94.0275,0.151801,237.255,62.1943,5.28636,6734.11,0,0,1400,637.274,93.4293,2,89.0906,69.5829,67.5829,62.1943,0,0,0,43.6529,26.1445,3,19.5076
2285.9,42572.4,94.0277,0.141617,237.259,62.8183,5.30353,6734.64,0,0,1407.81,635.578,93.7007,2,89.3655,70.242,68.242,62.8183,0,0,0,43.6576,26.1445,3,19.1235
2286,42575,94.0287,0.131479,237.263,62.4939,5.28636,6735.17,0,0,1400,637.274,93.4293,2,89.0906,69.8993,67.8993,62.4939,0,0,0,43.6622,26.1445,3,19.1913
2286.1,42577.6,94.0283,0.121388,237.266,62.3064,5.28636,6735.7,0,0,1400,637.274,93.4293,2,89.0906,69.7013,67.7013,62.3064,0,0,0,43.667,26.1445,3,19.3893
2286.2,42580.2,94.0293,0.111343,237.269,63.1051,5.31763,6736.23,0,0,1414.27,634.176,93.9229,2,89.5906,70.5449,68.5449,63.1051,0,0,0,43.6716,26.1446,3,19.0457
2286.3,42582.8,94.0327,0.101345,237.272,62.9755,5.31035,6736.76,0,0,1410.93,634.901,93.8082,2,89.4744,70.408,68.408,62.9755,0,0,0,43.6762,26.1446,3,19.0664
2286.4,42585.4,94.0338,0.0913931,237.275,61.2142,5.23204,6737.29,0,0,1387.88,636.287,92.4768,2,88.1657,68.5493,66.5493,61.2142,0,0,0,43.681,26.1446,3,19.6164
2286.5,42588,94.0308,0.0814889,237.277,59.6399,5.1425,6737.8,0,0,1367.86,634.621,90.9043,2,86.639,66.8931,64.8931,59.6399,0,0,0,43.6858,26.1446,3,19.7459
2286.6,42590.6,94.0263,0.0716326,237.279,58.1392,5.02299,6738.3,0,0,1341.17,632.264,88.7999,2,84.5962,65.3142,63.3142,58.1392,0,0,0,43.6905,26.1446,3,19.282
2286.7,42593.2,94.018,0.0618244,237.281,55.8079,4.87793,6738.79,0,0,1307.69,629.759,86.24,2,82.109,62.8615,60.8615,55.8079,0,0,0,43.6952,26.1447,3,19.2476
2286.8,42595.9,94.0049,0.0520652,237.282,53.8527,4.77286,6739.27,0,0,1284.62,627.254,84.3811,2,80.3068,60.8046,58.8046,53.8527,0,0,0,43.6999,26.1447,2,19.5022
2286.9,42598.5,93.9894,0.0423553,237.283,53.6081,4.77286,6739.74,0,0,1284.62,627.254,84.3811,2,80.3068,60.5475,58.5475,53.6081,0,0,0,43.7047,26.1447,2,19.7593
2287,42601.1,93.9761,0.0326949,237.284,54.0724,4.77704,6740.22,0,0,1285.54,627.354,84.4553,2,80.3787,61.0361,59.0361,54.0724,0,0,0,43.7094,26.1447,2,19.3426
2287.1,42603.7,93.9633,0.0230841,237.285,54.7108,4.84662,6740.71,0,0,1300.87,629.019,85.6893,2,81.5751,61.7079,59.7079,54.7108,0,0,0,43.7142,26.1448,3,19.8672
2287.2,42606.3,93.9532,0.0135228,237.285,55.9725,4.88127,6741.19,0,0,1308.46,629.822,86.2991,2,82.1664,63.0354,61.0354,55.9725,0,0,0,43.7189,26.1448,3,19.131
2287.3,42608.9,93.9461,0.00401081,237.286,56.9518,5.01266,6741.7,0,0,1338.46,632.264,88.6203,2,84.4207,64.0658,62.0658,56.9518,0,0,0,43.7238,26.1448,3,20.3549
2287.4,42611.5,93.9407,-0.00545191,237.286,56.4004,4.93969,6742.19,0,0,1321.83,630.91,87.3318,2,83.1694,63.4857,61.4857,56.4004,0,0,0,43.7286,26.1448,3,19.6837
2287.5,42614.1,93.9321,-0.0148652,237.285,54.9214,4.86671,6742.68,0,0,1305.26,629.495,86.0435,2,81.9185,61.9298,59.9298,54.9214,0,0,0,43.7335,26.1449,3,19.9887
2287.6,42616.7,93.9214,-0.0242286,237.285,53.4701,4.77286,6743.15,0,0,1284.62,627.254,84.3811,2,80.3068,60.403,58.403,53.4701,0,0,0,43.7383,26.1449,2,19.9038
2287.7,42619.3,93.9077,-0.0335418,237.284,51.6773,4.64013,6743.62,0,0,1253.85,624.749,82.0311,2,78.0242,58.517,56.517,51.6773,0,0,0,43.7431,26.1449,2,19.5072
2287.8,42622,93.8905,-0.0428044,237.283,50.423,4.52576,6744.07,0,0,1227.11,622.573,80.0024,2,76.0535,57.1938,55.1938,50.423,0,0,0,43.7476,26.1449,2,18.8597
2287.9,42624.6,93.8725,-0.052016,237.282,50.3232,4.51096,6744.52,0,0,1223.64,622.29,79.7395,2,75.7982,57.0885,55.0885,50.3232,0,0,0,43.7522,26.1449,2,18.7097
2288,42627.2,93.8556,-0.0611766,237.28,50.3246,4.51019,6744.97,0,0,1223.46,622.275,79.7259,2,75.7849,57.0902,55.0902,50.3246,0,0,0,43.7567,26.1449,2,18.6947
2288.1,42629.8,93.8383,-0.0702861,237.279,49.1779,4.50265,6745.42,0,0,1221.48,622.244,79.5931,2,75.6553,55.8786,53.8786,49.1779,0,0,0,43.7615,26.145,2,19.7767
2288.2,42632.4,93.8176,-0.0793443,237.277,47.2866,4.39687,6745.86,0,0,1198.34,619.198,77.7031,2,73.8252,53.8799,51.8799,47.2866,0,0,0,43.7664,26.145,2,19.9453
2288.3,42635,93.7934,-0.0883507,237.275,45.2923,4.25822,6746.29,0,0,1174.36,611.389,75.1877,2,71.4118,51.7719,49.7719,45.2923,0,0,0,43.7712,26.145,2,19.6398
2288.4,42637.6,93.7653,-0.097305,237.272,43.4073,4.16101,6746.7,0,0,1156.37,606.373,73.4289,2,69.7214,49.7791,47.7791,43.4073,0,0,0,43.776,26.145,2,19.9422
2288.5,42640.2,93.7344,-0.106207,237.269,41.7456,4.06439,6747.11,0,0,1137.67,601.691,71.6836,2,68.0419,48.0217,46.0217,41.7456,0,0,0,43.7809,26.1451,2,20.0202
2288.6,42642.8,93.7004,-0.115056,237.267,40.9278,4.01312,6747.51,0,0,1130.95,597.311,70.741,2,67.1456,47.156,45.156,40.9278,0,0,0,43.7857,26.1451,2,19.9896
2288.7,42645.4,93.6669,-0.123851,237.264,41.1109,4.02393,6747.91,0,0,1132.37,598.236,70.9397,2,67.3345,47.3488,45.3488,41.1109,0,0,0,43.7906,26.1451,2,19.9858
2288.8,42648,93.6345,-0.132594,237.26,40.5254,3.98222,6748.31,0,0,1124.28,596.137,70.1858,2,66.6094,46.7274,44.7274,40.5254,0,0,0,43.7954,26.1452,2,19.882
2288.9,42650.6,93.5994,-0.141284,237.257,39.2879,3.89889,6748.7,0,0,1109.66,590.96,68.6715,2,65.1584,45.414,43.414,39.2879,0,0,0,43.8002,26.1452,2,19.7444
2289,42653.2,93.5628,-0.149921,237.253,38.796,3.86516,6749.09,0,0,1103.46,588.989,68.0599,2,64.5715,44.8913,42.8913,38.796,0,0,0,43.805,26.1452,2,19.6802
2289.1,42655.8,93.5265,-0.158504,237.249,38.9742,3.8776,6749.48,0,0,1106.23,589.44,68.2831,2,64.7872,45.0792,43.0792,38.9742,0,0,0,43.8098,26.1452,2,19.708
2289.2,42658.4,93.4914,-0.167034,237.245,39.3146,3.89897,6749.87,0,0,1109.67,590.967,68.673,2,65.1597,45.4393,43.4393,39.3146,0,0,0,43.8146,26.1453,2,19.7205
2289.3,42661,93.4572,-0.175511,237.24,40.1316,3.94989,6750.26,0,0,1117.16,594.978,69.6055,2,66.0486,46.3047,44.3047,40.1316,0,0,0,43.8194,26.1453,2,19.7439
2289.4,42663.6,93.4262,-0.183935,237.235,40.664,3.98874,6750.66,0,0,1125.71,596.371,70.3029,2,66.7226,46.8685,44.8685,40.664,0,0,0,43.8242,26.1453,2,19.8541
2289.5,42666.2,93.395,-0.192306,237.231,40.1276,3.94836,6751.06,0,0,1116.82,594.923,69.5781,2,66.0221,46.2988,44.2988,40.1276,0,0,0,43.829,26.1453,2,19.7232
2289.6,42668.8,93.3625,-0.200624,237.226,38.4661,3.83735,6751.44,0,0,1097.25,587.978,67.5607,2,64.0891,44.5358,42.5358,38.4661,0,0,0,43.8338,26.1454,2,19.5533
2289.7,42671.4,93.3253,-0.208889,237.22,36.7991,3.74235,6751.81,0,0,1077.58,583.524,65.8473,2,62.4388,42.7668,40.7668,36.7991,0,0,0,43.8386,26.1454,2,19.672
2289.8,42674,93.2868,-0.2171,237.215,36.2307,3.70227,6752.18,0,0,1068.7,581.816,65.1131,2,61.7305,42.1629,40.1629,36.2307,0,0,0,43.8433,26.1454,2,19.5677
2289.9,42676.6,93.248,-0.225258,237.209,36.6467,3.73012,6752.56,0,0,1074.82,583.073,65.6276,2,62.2265,42.603,40.603,36.6467,0,0,0,43.8481,26.1454,2,19.6235
2290,42679.1,93.212,-0.233363,237.203,38.4388,3.83289,6752.94,0,0,1096.25,587.816,67.4806,2,64.0117,44.5027,42.5027,38.4388,0,0,0,43.8528,26.1455,2,19.509
2290.1,42681.7,93.1813,-0.241415,237.197,40.9531,3.9766,6753.34,0,0,1123.04,595.936,70.0849,2,66.5119,47.1682,45.1682,40.9531,0,0,0,43.8575,26.1455,2,19.3437
2290.2,42684.3,93.1561,-0.249414,237.191,42.6751,4.1025,6753.75,0,0,1144.1,604.042,72.3704,2,68.6998,48.9926,46.9926,42.6751,0,0,0,43.8623,26.1455,2,19.7073
2290.3,42686.9,93.1331,-0.257362,237.184,43.5103,4.15721,6754.16,0,0,1155.55,606.24,73.3607,2,69.6554,49.8774,47.8774,43.5103,0,0,0,43.8671,26.1455,2,19.778
2290.4,42689.5,93.112,-0.265257,237.177,43.9679,4.18885,6754.58,0,0,1162.22,607.435,73.9291,2,70.2043,50.3622,48.3622,43.9679,0,0,0,43.8719,26.1455,2,19.8421
2290.5,42692.1,93.0915,-0.273101,237.17,43.8488,4.18167,6755,0,0,1160.82,607.098,73.7995,2,70.0795,50.2357,48.2357,43.8488,0,0,0,43.8768,26.1456,2,19.8439
2290.6,42694.7,93.0706,-0.280893,237.163,43.616,4.16343,6755.42,0,0,1156.9,606.458,73.4724,2,69.7633,49.9886,47.9886,43.616,0,0,0,43.8816,26.1456,2,19.7747
2290.7,42697.3,93.0497,-0.288634,237.156,44.221,4.19953,6755.84,0,0,1164.09,608.046,74.1228,2,70.3901,50.6298,48.6298,44.221,0,0,0,43.8864,26.1456,2,19.7603
2290.8,42699.8,93.0319,-0.296323,237.148,46.5851,4.34185,6756.27,0,0,1188.87,616.114,76.705,2,72.8675,53.1365,51.1365,46.5851,0,0,0,43.8912,26.1457,2,19.7311
2290.9,42702.4,93.0213,-0.303961,237.14,50.1169,4.49163,6756.72,0,0,1218.4,622.244,79.3927,2,75.4593,56.8819,54.8819,50.1169,0,0,0,43.8957,26.1457,2,18.5774
2291,42705,93.0184,-0.311548,237.132,53.2061,4.64013,6757.18,0,0,1253.85,624.749,82.0311,2,78.0242,60.1369,58.1369,53.2061,0,0,0,43.9,26.1457,2,17.8873
2291.1,42707.6,93.0208,-0.319086,237.124,56.0773,4.78769,6757.66,0,0,1287.89,627.61,84.6442,2,80.5619,63.1565,61.1565,56.0773,0,0,0,43.9043,26.1457,2,17.4054
2291.2,42710.2,93.0301,-0.326574,237.116,58.8267,4.97817,6758.16,0,0,1330.61,631.625,88.0117,2,83.8297,66.048,64.048,58.8267,0,0,0,43.9086,26.1457,3,17.7816
2291.3,42712.8,93.0441,-0.334014,237.107,60.4296,5.12429,6758.67,0,0,1363.94,634.195,90.583,2,86.3274,67.7337,65.7337,60.4296,0,0,0,43.9131,26.1457,3,18.5937
2291.4,42715.3,93.0603,-0.341405,237.099,61.3273,5.19569,6759.19,0,0,1379.74,635.625,91.839,2,87.5464,68.679,66.679,61.3273,0,0,0,43.9177,26.1457,3,18.8674
2291.5,42717.9,93.0784,-0.348748,237.09,62.1438,5.28636,6759.72,0,0,1400,637.274,93.4293,2,89.0906,69.5408,67.5408,62.1438,0,0,0,43.9225,26.1457,3,19.5497
2291.6,42720.5,93.0983,-0.356042,237.081,62.8723,5.28636,6760.25,0,0,1400,637.274,93.4293,2,89.0906,70.3097,68.3097,62.8723,0,0,0,43.927,26.1457,3,18.7809
2291.7,42723.1,93.1197,-0.363289,237.071,63.3805,5.31102,6760.78,0,0,1411.24,634.834,93.8188,2,89.4852,70.8461,68.8461,63.3805,0,0,0,43.9316,26.1457,3,18.6391
2291.8,42725.7,93.142,-0.370487,237.062,63.717,5.32849,6761.31,0,0,1419.27,633.092,94.0934,2,89.7634,71.2011,69.2011,63.717,0,0,0,43.9361,26.1457,3,18.5623
2291.9,42728.3,93.1651,-0.377638,237.052,64.1879,5.35782,6761.85,0,0,1428.07,632.264,94.5534,2,90.2174,71.6981,69.6981,64.1879,0,0,0,43.9406,26.1457,3,18.5194
2292,42730.9,93.1897,-0.38474,237.042,64.8753,5.40636,6762.39,0,0,1440.12,631.831,95.2861,2,90.9354,72.4236,70.4236,64.8753,0,0,0,43.9451,26.1457,3,18.5119
2292.1,42733.5,93.2159,-0.391796,237.032,65.4757,5.44635,6762.94,0,0,1464.22,625.553,95.918,2,91.5873,73.0572,71.0572,65.4757,0,0,0,43.9496,26.1457,3,18.5301
2292.2,42736,93.2432,-0.398803,237.022,66.3366,5.50939,6763.49,0,0,1490.12,620.812,96.8743,2,92.5465,73.9659,71.9659,66.3366,0,0,0,43.9541,26.1458,3,18.5806
2292.3,42738.6,93.2732,-0.405763,237.012,67.4959,5.59682,6764.05,0,0,1542.47,607.883,98.1899,2,93.8969,75.1897,73.1897,67.4959,0,0,0,43.9586,26.1458,3,18.7073
2292.4,42741.2,93.3054,-0.412676,237.001,68.2936,5.6561,6764.61,0,0,1568.24,603.146,99.0522,2,94.7612,76.0316,74.0316,68.2936,0,0,0,43.9632,26.1458,3,18.7296
2292.5,42743.8,93.3389,-0.419543,236.99,68.982,5.71157,6765.18,0,0,1590.13,599.624,99.848,2,95.554,76.7582,74.7582,68.982,0,0,0,43.9678,26.1458,3,18.7959
2292.6,42746.4,93.3742,-0.426362,236.979,69.7079,5.76219,6765.76,0,0,1616.96,594.689,100.697,2,96.4048,77.5243,75.5243,69.7079,0,0,0,43.9724,26.1458,3,18.8805
2292.7,42749,93.4108,-0.433134,236.968,70.1299,5.78753,6766.34,0,0,1623.7,594.689,101.117,2,96.8137,77.9695,75.9695,70.1299,0,0,0,43.9769,26.1458,3,18.8441
2292.8,42751.6,93.448,-0.43986,236.957,70.1809,5.79019,6766.92,0,0,1624.4,594.689,101.161,2,96.8566,78.023,76.023,70.1809,0,0,0,43.9815,26.1458,3,18.8335
2292.9,42754.2,93.4851,-0.44654,236.945,70.0655,5.78268,6767.5,0,0,1622.41,594.689,101.036,2,96.7354,77.9009,75.9009,70.0655,0,0,0,43.9861,26.1458,3,18.8344
2293,42756.8,93.522,-0.453173,236.934,69.9509,5.7752,6768.07,0,0,1620.42,594.689,100.913,2,96.6149,77.7796,75.7796,69.9509,0,0,0,43.9907,26.1459,3,18.8353
2293.1,42759.4,93.5588,-0.459759,236.922,69.837,5.76778,6768.65,0,0,1618.45,594.689,100.79,2,96.4951,77.659,75.659,69.837,0,0,0,43.9952,26.1459,3,18.8361
2293.2,42762,93.5954,-0.466299,236.91,69.7237,5.7604,6769.23,0,0,1616.48,594.689,100.668,2,96.3759,77.5391,75.5391,69.7237,0,0,0,43.9998,26.1459,3,18.8368
2293.3,42764.6,93.632,-0.472792,236.897,69.6112,5.75223,6769.8,0,0,1613.26,595.105,100.537,2,96.2466,77.42,75.42,69.6112,0,0,0,44.0044,26.1459,3,18.8266
2293.4,42767.2,93.6684,-0.479239,236.885,69.4994,5.74505,6770.38,0,0,1608.41,596.052,100.394,2,96.1032,77.3016,75.3016,69.4994,0,0,0,44.009,26.1459,3,18.8016
2293.5,42769.8,93.7046,-0.48564,236.873,69.3883,5.73787,6770.95,0,0,1603.59,596.994,100.252,2,95.9598,77.184,75.184,69.3883,0,0,0,44.0135,26.1459,3,18.7758
2293.6,42772.4,93.7407,-0.491994,236.86,69.2779,5.72995,6771.52,0,0,1598.8,597.93,100.109,2,95.8162,77.0671,75.0671,69.2779,0,0,0,44.0181,26.1459,3,18.7491
2293.7,42775,93.7768,-0.498302,236.847,69.1682,5.71987,6772.09,0,0,1594.03,598.861,99.9659,2,95.6726,76.951,74.951,69.1682,0,0,0,44.0226,26.1459,3,18.7216
2293.8,42777.6,93.8126,-0.504564,236.834,69.0592,5.70981,6772.66,0,0,1589.3,599.785,99.823,2,95.5289,76.8356,74.8356,69.0592,0,0,0,44.0272,26.1459,3,18.6933
2293.9,42780.2,93.8484,-0.51078,236.821,68.951,5.69979,6773.23,0,0,1584.6,600.704,99.6801,2,95.3852,76.721,74.721,68.951,0,0,0,44.0317,26.146,3,18.6643
2294,42782.8,93.884,-0.51695,236.807,68.8434,5.68979,6773.8,0,0,1579.92,601.618,99.5372,2,95.2415,76.6071,74.6071,68.8434,0,0,0,44.0363,26.146,3,18.6345
2294.1,42785.4,93.9195,-0.523073,236.794,68.7366,5.68026,6774.37,0,0,1575.94,602.311,99.4004,2,95.1048,76.4939,74.4939,68.7366,0,0,0,44.0408,26.146,3,18.6109
2294.2,42788,93.9549,-0.529151,236.78,68.6304,5.67157,6774.94,0,0,1573.17,602.612,99.2753,2,94.9814,76.3815,74.3815,68.6304,0,0,0,44.0453,26.146,3,18.5998
2294.3,42790.7,93.9901,-0.535183,236.766,68.525,5.66292,6775.51,0,0,1570.42,602.91,99.1507,2,94.8585,76.2699,74.2699,68.525,0,0,0,44.0498,26.146,3,18.5886
2294.4,42793.3,94.0252,-0.54117,236.752,68.4203,5.65434,6776.07,0,0,1567.68,603.207,99.0268,2,94.7362,76.1589,74.1589,68.4203,0,0,0,44.0543,26.146,3,18.5772
2294.5,42795.9,94.0602,-0.54711,236.738,68.3163,5.6458,6776.64,0,0,1564.96,603.502,98.9035,2,94.6145,76.0488,74.0488,68.3163,0,0,0,44.0589,26.146,3,18.5657
2294.6,42798.5,94.0951,-0.553005,236.723,68.213,5.63733,6777.2,0,0,1562.26,603.795,98.7808,2,94.4934,75.9394,73.9394,68.213,0,0,0,44.0634,26.146,3,18.5541
2294.7,42801.1,94.1298,-0.558855,236.709,68.1104,5.6289,6777.76,0,0,1559.58,604.087,98.6587,2,94.373,75.8307,73.8307,68.1104,0,0,0,44.0679,26.146,3,18.5423
2294.8,42803.7,94.1644,-0.564659,236.694,68.0085,5.62053,6778.32,0,0,1556.92,604.376,98.5373,2,94.2531,75.7228,73.7228,68.0085,0,0,0,44.0724,26.146,3,18.5304
2294.9,42806.3,94.1989,-0.570418,236.679,67.9073,5.61237,6778.89,0,0,1554.27,604.663,98.4165,2,94.1339,75.6156,73.6156,67.9073,0,0,0,44.0769,26.146,3,18.5183
2295,42809,94.2333,-0.576132,236.664,67.8069,5.60456,6779.45,0,0,1548.69,606.148,98.3042,2,94.017,75.5092,73.5092,67.8069,0,0,0,44.0814,26.146,3,18.5079
2295.1,42811.6,94.2675,-0.5818,236.649,67.7071,5.59697,6780.01,0,0,1542.59,607.85,98.1921,2,93.8992,75.4035,73.4035,67.7071,0,0,0,44.0859,26.1461,3,18.4957
2295.2,42814.2,94.3016,-0.587424,236.634,67.6081,5.58934,6780.56,0,0,1536.53,609.541,98.0785,2,93.78,75.2985,73.2985,67.6081,0,0,0,44.0904,26.1461,3,18.4815
2295.3,42816.8,94.3356,-0.593003,236.618,67.5097,5.58166,6781.12,0,0,1530.52,611.221,97.9636,2,93.6594,75.1943,73.1943,67.5097,0,0,0,44.0949,26.1461,3,18.4651
2295.4,42819.4,94.3695,-0.598537,236.603,67.4121,5.57394,6781.68,0,0,1524.54,612.889,97.8474,2,93.5375,75.0909,73.0909,67.4121,0,0,0,44.0993,26.1461,3,18.4467
2295.5,42822.1,94.4033,-0.604027,236.587,67.3151,5.56617,6782.24,0,0,1518.6,614.547,97.7299,2,93.4144,74.9882,72.9882,67.3151,0,0,0,44.1038,26.1461,3,18.4262
2295.6,42824.7,94.4369,-0.609472,236.571,67.2189,5.55837,6782.79,0,0,1512.71,616.192,97.6112,2,93.29,74.8862,72.8862,67.2189,0,0,0,44.1083,26.1461,3,18.4038
2295.7,42827.3,94.4704,-0.614873,236.555,67.1234,5.55053,6783.35,0,0,1506.85,617.827,97.4912,2,93.1644,74.7849,72.7849,67.1234,0,0,0,44.1128,26.1461,3,18.3795
2295.8,42829.9,94.5038,-0.62023,236.539,67.0285,5.54265,6783.9,0,0,1501.03,619.45,97.3701,2,93.0377,74.6844,72.6844,67.0285,0,0,0,44.1172,26.1461,3,18.3532
2295.9,42832.5,94.5371,-0.625542,236.522,66.9344,5.53469,6784.46,0,0,1497.97,619.96,97.2511,2,92.9188,74.5847,72.5847,66.9344,0,0,0,44.1217,26.1461,3,18.3341
2296,42835.2,94.5703,-0.630811,236.506,66.8409,5.52677,6785.01,0,0,1495.51,620.227,97.1333,2,92.8024,74.4856,72.4856,66.8409,0,0,0,44.1261,26.1461,3,18.3168
2296.1,42837.8,94.6033,-0.636036,236.489,66.7482,5.51891,6785.56,0,0,1493.07,620.492,97.0162,2,92.6867,74.3873,72.3873,66.7482,0,0,0,44.1306,26.1461,3,18.2994
2296.2,42840.4,94.6362,-0.641217,236.473,66.6561,5.51109,6786.11,0,0,1490.64,620.755,96.8998,2,92.5717,74.2898,72.2898,66.6561,0,0,0,44.135,26.1461,3,18.2819
2296.3,42843.1,94.669,-0.646355,236.456,66.5648,5.50333,6786.66,0,0,1488.24,621.016,96.784,2,92.4573,74.1929,72.1929,66.5648,0,0,0,44.1395,26.1461,3,18.2644
2296.4,42845.7,94.7017,-0.651449,236.439,66.4741,5.49563,6787.21,0,0,1485.85,621.275,96.669,2,92.3436,74.0968,72.0968,66.4741,0,0,0,44.1439,26.1461,3,18.2468
2296.5,42848.3,94.7343,-0.6565,236.421,66.3841,5.48798,6787.76,0,0,1483.47,621.533,96.5546,2,92.2306,74.0014,72.0014,66.3841,0,0,0,44.1483,26.1461,3,18.2291
2296.6,42851,94.7668,-0.661509,236.404,66.1658,5.47023,6788.31,0,0,1477.97,622.131,96.2888,2,91.9679,73.7704,71.7704,66.1658,0,0,0,44.1528,26.1461,3,18.1975
2296.7,42853.6,94.7986,-0.666474,236.387,64.9918,5.38974,6788.85,0,0,1435.33,632.264,95.034,2,90.6868,72.5297,70.5297,64.9918,0,0,0,44.1572,26.1461,3,18.157
2296.8,42856.2,94.8265,-0.671397,236.369,63.31,5.2869,6789.37,0,0,1400.24,637.221,93.4378,2,89.0992,70.7525,68.7525,63.31,0,0,0,44.1616,26.1461,3,18.3467
2296.9,42858.9,94.8518,-0.676277,236.351,61.7506,5.19765,6789.89,0,0,1380.18,635.661,91.8734,2,87.5798,69.1064,67.1064,61.7506,0,0,0,44.1661,26.1462,3,18.4734
2297,42861.5,94.8736,-0.681114,236.333,60.1491,5.1126,6790.41,0,0,1361.42,633.921,90.3767,2,86.1275,67.4208,65.4208,60.1491,0,0,0,44.1707,26.1462,3,18.7067
2297.1,42864.1,94.8927,-0.685908,236.315,58.6103,5.01363,6790.91,0,0,1338.72,632.264,88.6372,2,84.4373,65.8012,63.8012,58.6103,0,0,0,44.1752,26.1462,3,18.6361
2297.2,42866.8,94.9087,-0.69066,236.297,58.1674,5.01266,6791.41,0,0,1338.46,632.264,88.6203,2,84.4207,65.3349,63.3349,58.1674,0,0,0,44.1798,26.1462,3,19.0858
2297.3,42869.4,94.9262,-0.695369,236.279,58.5811,5.01266,6791.91,0,0,1338.46,632.264,88.6203,2,84.4207,65.7702,63.7702,58.5811,0,0,0,44.1844,26.1462,3,18.6505
2297.4,42872,94.944,-0.700036,236.26,58.8103,5.01912,6792.41,0,0,1340.16,632.264,88.7327,2,84.5306,66.0113,64.0113,58.8103,0,0,0,44.1889,26.1462,3,18.5193
2297.5,42874.7,94.9627,-0.704661,236.242,58.6541,5.01408,6792.91,0,0,1338.83,632.264,88.645,2,84.4448,65.8467,63.8467,58.6541,0,0,0,44.1934,26.1462,3,18.5982
2297.6,42877.3,94.9801,-0.709244,236.223,58.1231,5.01266,6793.41,0,0,1338.46,632.264,88.6203,2,84.4207,65.2877,63.2877,58.1231,0,0,0,44.198,26.1462,3,19.133
2297.7,42879.9,94.9968,-0.713786,236.204,57.3447,4.96588,6793.91,0,0,1327.81,631.397,87.7947,2,83.6189,64.4684,62.4684,57.3447,0,0,0,44.2027,26.1463,3,19.1506
2297.8,42882.6,95.0113,-0.718286,236.186,55.9497,4.87793,6794.4,0,0,1307.69,629.759,86.24,2,82.109,63,61,55.9497,0,0,0,44.2074,26.1463,3,19.109
2297.9,42885.2,95.0227,-0.722745,236.167,54.2937,4.77286,6794.88,0,0,1284.62,627.254,84.3811,2,80.3068,61.257,59.257,54.2937,0,0,0,44.212,26.1463,2,19.0498
2298,42887.9,95.0309,-0.727162,236.147,53.3965,4.70264,6795.35,0,0,1268.37,625.932,83.1384,2,79.0998,60.3127,58.3127,53.3965,0,0,0,44.2165,26.1463,2,18.7871
2298.1,42890.5,95.039,-0.731538,236.128,53.4931,4.71512,6795.82,0,0,1271.26,626.167,83.3594,2,79.3144,60.4142,58.4142,53.4931,0,0,0,44.2211,26.1463,2,18.9002
2298.2,42893.1,95.0477,-0.735874,236.109,53.7252,4.74659,6796.29,0,0,1278.55,626.76,83.9164,2,79.8554,60.6584,58.6584,53.7252,0,0,0,44.2258,26.1463,2,19.197
2298.3,42895.8,95.057,-0.740169,236.089,53.7539,4.74958,6796.77,0,0,1279.24,626.816,83.9692,2,79.9067,60.6885,58.6885,53.7539,0,0,0,44.2305,26.1463,2,19.2181
2298.4,42898.4,95.0661,-0.744423,236.07,53.627,4.73075,6797.24,0,0,1274.88,626.462,83.636,2,79.5831,60.5549,58.5549,53.627,0,0,0,44.2351,26.1464,2,19.0282
2298.5,42901.1,95.0751,-0.748637,236.05,53.0791,4.65318,6797.71,0,0,1256.88,624.997,82.2624,2,78.2489,59.9781,57.9781,53.0791,0,0,0,44.2396,26.1464,2,18.2708
2298.6,42903.7,95.0823,-0.752812,236.03,52.2424,4.64013,6798.17,0,0,1253.85,624.749,82.0311,2,78.0242,59.0974,57.0974,52.2424,0,0,0,44.2442,26.1464,2,18.9268
2298.7,42906.4,95.0882,-0.756947,236.01,52.0715,4.64013,6798.63,0,0,1253.85,624.749,82.0311,2,78.0242,58.9175,56.9175,52.0715,0,0,0,44.2488,26.1464,2,19.1067
2298.8,42909,95.095,-0.761042,235.99,52.7544,4.64013,6799.1,0,0,1253.85,624.749,82.0311,2,78.0242,59.6361,57.6361,52.7544,0,0,0,44.2533,26.1464,2,18.3881
2298.9,42911.6,95.1038,-0.765098,235.97,54.3039,4.77286,6799.57,0,0,1284.62,627.254,84.3811,2,80.3068,61.2669,59.2669,54.3039,0,0,0,44.2579,26.1464,2,19.0398
2299,42914.3,95.1169,-0.769115,235.95,56.2062,4.87793,6800.06,0,0,1307.69,629.759,86.24,2,82.109,63.269,61.269,56.2062,0,0,0,44.2625,26.1464,3,18.8401
2299.1,42916.9,95.1336,-0.773094,235.929,57.4068,4.96008,6800.56,0,0,1326.49,631.289,87.6922,2,83.5194,64.5325,62.5325,57.4068,0,0,0,44.2671,26.1464,3,18.9869
2299.2,42919.6,95.1516,-0.777035,235.909,57.4372,4.96334,6801.05,0,0,1327.23,631.35,87.7498,2,83.5754,64.5643,62.5643,57.4372,0,0,0,44.2717,26.1465,3,19.011
2299.3,42922.2,95.1685,-0.780938,235.888,56.652,4.87793,6801.54,0,0,1307.69,629.759,86.24,2,82.109,63.7378,61.7378,56.652,0,0,0,44.2762,26.1465,3,18.3713
2299.4,42924.8,95.1836,-0.784803,235.868,54.8846,4.77286,6802.02,0,0,1284.62,627.254,84.3811,2,80.3068,61.8773,59.8773,54.8846,0,0,0,44.2807,26.1465,2,18.4295
2299.5,42927.5,95.1936,-0.788631,235.847,51.9611,4.61956,6802.48,0,0,1249.05,624.359,81.6665,2,77.67,58.8002,56.8002,51.9611,0,0,0,44.2852,26.1465,2,18.8698
2299.6,42930.1,95.1973,-0.792422,235.826,49.0564,4.46422,6802.93,0,0,1212,621.693,78.9056,2,74.9863,55.7459,53.7459,49.0564,0,0,0,44.2899,26.1465,2,19.2405
2299.7,42932.8,95.1961,-0.796175,235.805,46.8906,4.31666,6803.36,0,0,1184.51,614.696,76.248,2,72.4291,53.4685,51.4685,46.8906,0,0,0,44.2945,26.1465,2,18.9606
2299.8,42935.4,95.1914,-0.799891,235.784,45.6176,4.23529,6803.78,0,0,1170.36,610.085,74.7717,2,71.0126,52.13,50.13,45.6176,0,0,0,44.2991,26.1465,2,18.8826
2299.9,42938.1,95.1854,-0.80357,235.763,45.2799,4.21932,6804.21,0,0,1167.56,609.176,74.482,2,70.7347,51.7748,49.7748,45.2799,0,0,0,44.3037,26.1465,2,18.9599
2300,42940.7,95.1797,-0.807212,235.741,45.7052,4.23867,6804.63,0,0,1170.95,610.278,74.833,2,71.0714,52.2221,50.2221,45.7052,0,0,0,44.3083,26.1465,2,18.8494
2300.1,42943.4,95.1757,-0.810817,235.72,46.1836,4.26052,6805.06,0,0,1174.76,611.52,75.2295,2,71.4519,52.7251,50.7251,46.1836,0,0,0,44.3129,26.1466,2,18.7268
2300.2,42946,95.1721,-0.814386,235.698,46.4906,4.27597,6805.48,0,0,1177.45,612.395,75.5097,2,71.7207,53.0478,51.0478,46.4906,0,0,0,44.3174,26.1466,2,18.6729
2300.3,42948.6,95.1696,-0.81792,235.677,46.7486,4.29934,6805.91,0,0,1181.51,613.718,75.9338,2,72.1276,53.3192,51.3192,46.7486,0,0,0,44.322,26.1466,2,18.8084
2300.4,42951.3,95.1673,-0.821417,235.655,46.54,4.27923,6806.34,0,0,1178.02,612.58,75.5689,2,71.7775,53.0998,51.0998,46.54,0,0,0,44.3265,26.1466,2,18.6776
2300.5,42953.9,95.1642,-0.82488,235.633,46.4057,4.2695,6806.77,0,0,1176.32,612.029,75.3924,2,71.6082,52.9586,50.9586,46.4057,0,0,0,44.3311,26.1466,2,18.6496
2300.6,42956.6,95.1617,-0.828307,235.612,46.821,4.30408,6807.2,0,0,1182.33,613.986,76.0198,2,72.2101,53.3953,51.3953,46.821,0,0,0,44.3356,26.1466,2,18.8148
2300.7,42959.2,95.1604,-0.8317,235.59,46.789,4.30042,6807.63,0,0,1181.7,613.779,75.9533,2,72.1464,53.3616,51.3616,46.789,0,0,0,44.3402,26.1466,2,18.7847
2300.8,42961.9,95.158,-0.835058,235.568,46.2662,4.26201,6808.05,0,0,1175.02,611.604,75.2566,2,71.4778,52.8119,50.8119,46.2662,0,0,0,44.3447,26.1466,2,18.666
2300.9,42964.5,95.1549,-0.838382,235.545,45.7424,4.23738,6808.48,0,0,1170.72,610.204,74.8096,2,71.049,52.261,50.261,45.7424,0,0,0,44.3493,26.1466,2,18.788
2301,42967.1,95.1507,-0.841673,235.523,44.9325,4.19961,6808.9,0,0,1164.11,608.05,74.1244,2,70.3916,51.4093,49.4093,44.9325,0,0,0,44.3539,26.1467,2,18.9823
2301.1,42969.8,95.1446,-0.844929,235.501,43.6638,4.11378,6809.31,0,0,1146.08,604.686,72.5731,2,68.8942,50.075,48.075,43.6638,0,0,0,44.3585,26.1467,2,18.8192
2301.2,42972.4,95.1356,-0.848152,235.479,42.2463,4.04054,6809.71,0,0,1134.55,599.657,71.2451,2,67.6249,48.5843,46.5843,42.2463,0,0,0,44.3631,26.1467,2,19.0406
2301.3,42975.1,95.1242,-0.851342,235.456,40.8188,3.9404,6810.11,0,0,1115.19,594.563,69.4346,2,65.8839,47.0765,45.0765,40.8188,0,0,0,44.3677,26.1467,2,18.8074
2301.4,42977.7,95.1098,-0.854499,235.434,39.748,3.87251,6810.49,0,0,1105.09,589.256,68.1918,2,64.6989,45.9411,43.9411,39.748,0,0,0,44.3722,26.1467,2,18.7579
2301.5,42980.4,95.0944,-0.857623,235.411,38.6169,3.79953,6810.87,0,0,1089.41,586.23,66.8787,2,63.4321,44.7416,42.7416,38.6169,0,0,0,44.3768,26.1467,2,18.6905
2301.6,42983,95.0758,-0.860714,235.388,37.8853,3.76255,6811.25,0,0,1082.14,584.266,66.21,2,62.7893,43.9657,41.9657,37.8853,0,0,0,44.3814,26.1467,2,18.8236
2301.7,42985.6,95.0578,-0.863773,235.366,38.5219,3.79466,6811.63,0,0,1088.51,585.938,66.7904,2,63.3474,44.6403,42.6403,38.5219,0,0,0,44.3859,26.1467,2,18.7071
2301.8,42988.3,95.0421,-0.8668,235.343,39.2908,3.83691,6812.01,0,0,1097.15,587.962,67.5528,2,64.0815,45.4553,43.4553,39.2908,0,0,0,44.3904,26.1467,2,18.6262
2301.9,42990.9,95.0275,-0.869795,235.32,39.6378,3.86174,6812.4,0,0,1102.69,588.865,67.9984,2,64.5121,45.823,43.823,39.6378,0,0,0,44.395,26.1468,2,18.6892
2302,42993.6,95.0133,-0.872759,235.297,40.8195,3.93729,6812.79,0,0,1114.78,594.294,69.3774,2,65.8295,47.0757,45.0757,40.8195,0,0,0,44.3995,26.1468,2,18.7538
2302.1,42996.2,95.0037,-0.875692,235.274,41.9942,4.02087,6813.2,0,0,1131.97,597.975,70.8835,2,67.2811,48.3171,46.3171,41.9942,0,0,0,44.4042,26.1468,2,18.964
2302.2,42998.8,94.9945,-0.878595,235.251,42.2529,4.03637,6813.6,0,0,1134,599.3,71.1684,2,67.552,48.5891,46.5891,42.2529,0,0,0,44.4088,26.1468,2,18.9629
2302.3,43001.5,94.9862,-0.881467,235.227,42.9553,4.07708,6814.01,0,0,1139.63,602.585,71.9137,2,68.2617,49.328,47.328,42.9553,0,0,0,44.4134,26.1468,2,18.9337
2302.4,43004.1,94.98,-0.884309,235.204,44.0289,4.13324,6814.42,0,0,1150.38,605.397,72.9305,2,69.2396,50.4573,48.4573,44.0289,0,0,0,44.4179,26.1468,2,18.7824
2302.5,43006.8,94.9762,-0.887122,235.181,44.6044,4.17591,6814.84,0,0,1159.58,606.896,73.6961,2,69.9796,51.0628,49.0628,44.6044,0,0,0,44.4225,26.1468,2,18.9168
2302.6,43009.4,94.9725,-0.889905,235.157,44.83,4.18949,6815.26,0,0,1162.33,607.471,73.9407,2,70.2154,51.3001,49.3001,44.83,0,0,0,44.4271,26.1468,2,18.9152
2302.7,43012,94.9697,-0.89266,235.134,45.1389,4.2034,6815.68,0,0,1164.77,608.267,74.193,2,70.4575,51.625,49.625,45.1389,0,0,0,44.4317,26.1469,2,18.8325
2302.8,43014.7,94.9675,-0.895386,235.11,45.384,4.21438,6816.1,0,0,1166.7,608.894,74.3924,2,70.6488,51.8829,49.8829,45.384,0,0,0,44.4363,26.1469,2,18.7659
2302.9,43017.3,94.9659,-0.898083,235.087,45.4368,4.21649,6816.52,0,0,1167.07,609.014,74.4307,2,70.6855,51.9385,49.9385,45.4368,0,0,0,44.4408,26.1469,2,18.747
2303,43019.9,94.9641,-0.900753,235.063,45.1489,4.20286,6816.94,0,0,1164.68,608.236,74.1833,2,70.4481,51.6355,49.6355,45.1489,0,0,0,44.4454,26.1469,2,18.8126
2303.1,43022.6,94.9616,-0.903394,235.039,44.9485,4.19328,6817.36,0,0,1162.99,607.688,74.0095,2,70.2814,51.4247,49.4247,44.9485,0,0,0,44.45,26.1469,2,18.8567
2303.2,43025.2,94.9592,-0.906009,235.015,44.772,4.18469,6817.78,0,0,1161.47,607.204,73.8538,2,70.1319,51.2389,49.2389,44.772,0,0,0,44.4546,26.1469,2,18.893
2303.3,43027.9,94.9561,-0.908595,234.991,44.1085,4.13431,6818.19,0,0,1150.61,605.435,72.9498,2,69.2583,50.5409,48.5409,44.1085,0,0,0,44.4591,26.1469,2,18.7174
2303.4,43030.5,94.9512,-0.911155,234.967,43.445,4.09593,6818.6,0,0,1142.95,603.666,72.2524,2,68.5866,49.8428,47.8428,43.445,0,0,0,44.4637,26.1469,2,18.7438
2303.5,43033.1,94.9458,-0.913688,234.943,44.1157,4.13376,6819.02,0,0,1150.49,605.415,72.94,2,69.2488,50.5483,48.5483,44.1157,0,0,0,44.4682,26.1469,2,18.7004
2303.6,43035.8,94.9438,-0.916195,234.919,45.6029,4.22183,6819.44,0,0,1168,609.319,74.5275,2,70.7784,52.1131,50.1131,45.6029,0,0,0,44.4728,26.147,2,18.6653
2303.7,43038.4,94.9444,-0.918676,234.895,46.6524,4.27019,6819.86,0,0,1176.44,612.068,75.4049,2,71.6202,53.2173,51.2173,46.6524,0,0,0,44.4772,26.147,2,18.4029
2303.8,43041,94.9467,-0.92113,234.871,47.8004,4.368,6820.3,0,0,1193.38,617.582,77.1793,2,73.3227,54.4251,52.4251,47.8004,0,0,0,44.4818,26.147,2,18.8976
2303.9,43043.7,94.9521,-0.92356,234.846,49.633,4.48263,6820.75,0,0,1215.85,622.244,79.2265,2,75.2968,56.3533,54.3533,49.633,0,0,0,44.4864,26.147,2,18.9435
2304,43046.3,94.9618,-0.925964,234.822,50.7742,4.50858,6821.2,0,0,1223.08,622.244,79.6972,2,75.7571,57.5539,55.5539,50.7742,0,0,0,44.4909,26.147,2,18.2033
2304.1,43049,94.9718,-0.928344,234.797,50.9592,4.50858,6821.65,0,0,1223.08,622.244,79.6972,2,75.7571,57.7484,55.7484,50.9592,0,0,0,44.4952,26.147,2,18.0087
2304.2,43051.6,94.9824,-0.930699,234.773,51.5233,4.51231,6822.1,0,0,1223.95,622.316,79.7635,2,75.8215,58.3418,56.3418,51.5233,0,0,0,44.4995,26.147,2,17.4797
2304.3,43054.2,94.9947,-0.93303,234.748,52.78,4.64013,6822.57,0,0,1253.85,624.749,82.0311,2,78.0242,59.6641,57.6641,52.78,0,0,0,44.504,26.147,2,18.3601
2304.4,43056.9,95.0104,-0.935337,234.724,54.2062,4.75144,6823.04,0,0,1279.67,626.851,84.0022,2,79.9388,61.165,59.165,54.2062,0,0,0,44.5085,26.147,2,18.7738
2304.5,43059.5,95.0285,-0.937621,234.699,55.4783,4.79076,6823.52,0,0,1288.57,627.683,84.6986,2,80.6146,62.5037,60.5037,55.4783,0,0,0,44.5129,26.147,2,18.111
2304.6,43062.2,95.0492,-0.939881,234.674,57.0226,4.87793,6824.01,0,0,1307.69,629.759,86.24,2,82.109,64.1289,62.1289,57.0226,0,0,0,44.5173,26.147,3,17.9801
2304.7,43064.8,95.0734,-0.942118,234.649,58.4575,5.01266,6824.51,0,0,1338.46,632.264,88.6203,2,84.4207,65.6388,63.6388,58.4575,0,0,0,44.5219,26.147,3,18.7819
2304.8,43067.4,95.0999,-0.944333,234.624,59.0561,5.01266,6825.01,0,0,1338.46,632.264,88.6203,2,84.4207,66.2687,64.2687,59.0561,0,0,0,44.5263,26.147,3,18.152
2304.9,43070.1,95.1265,-0.946526,234.599,58.7258,5.01266,6825.51,0,0,1338.46,632.264,88.6203,2,84.4207,65.9208,63.9208,58.7258,0,0,0,44.5308,26.147,3,18.4999
2305,43072.7,95.1516,-0.948696,234.574,58.4476,5.01266,6826.01,0,0,1338.46,632.264,88.6203,2,84.4207,65.6278,63.6278,58.4476,0,0,0,44.5353,26.147,3,18.7929
2305.1,43075.4,95.1771,-0.950845,234.549,58.6583,5.01266,6826.51,0,0,1338.46,632.264,88.6203,2,84.4207,65.8493,63.8493,58.6583,0,0,0,44.5399,26.147,3,18.5714
2305.2,43078,95.2031,-0.952972,234.524,59.1343,5.01266,6827.02,0,0,1338.46,632.264,88.6203,2,84.4207,66.3501,64.3501,59.1343,0,0,0,44.5443,26.1471,3,18.0706
2305.3,43080.7,95.2304,-0.955077,234.499,59.5587,5.02461,6827.52,0,0,1341.6,632.264,88.828,2,84.6237,66.7966,64.7966,59.5587,0,0,0,44.5486,26.147,3,17.8271
2305.4,43083.3,95.258,-0.957162,234.474,60.0782,5.04044,6828.02,0,0,1345.75,632.264,89.1029,2,84.8924,67.3432,65.3432,60.0782,0,0,0,44.5529,26.147,3,17.5492
2305.5,43085.9,95.2874,-0.959225,234.448,60.6307,5.0977,6828.53,0,0,1358.21,633.573,90.1137,2,85.8725,67.9246,65.9246,60.6307,0,0,0,44.5572,26.147,3,17.9479
2305.6,43088.6,95.3171,-0.961268,234.423,60.7171,5.10663,6829.04,0,0,1360.13,633.782,90.2714,2,86.0253,68.0153,66.0153,60.7171,0,0,0,44.5616,26.147,3,18.0101
2305.7,43091.2,95.3468,-0.963291,234.397,60.6627,5.0997,6829.55,0,0,1358.64,633.619,90.149,2,85.9067,67.9578,65.9578,60.6627,0,0,0,44.566,26.147,3,17.9489
2305.8,43093.9,95.3762,-0.965293,234.372,60.7802,5.11214,6830.06,0,0,1361.32,633.911,90.3686,2,86.1196,68.0812,66.0812,60.7802,0,0,0,44.5703,26.147,3,18.0384
2305.9,43096.5,95.4063,-0.967276,234.346,60.9141,5.12643,6830.58,0,0,1364.4,634.245,90.6209,2,86.3642,68.2219,66.2219,60.9141,0,0,0,44.5748,26.147,3,18.1422
2306,43099.2,95.4363,-0.969239,234.32,60.8093,5.11381,6831.09,0,0,1361.68,633.95,90.398,2,86.1481,68.1114,66.1114,60.8093,0,0,0,44.5791,26.147,3,18.0367
2306.1,43101.8,95.4658,-0.971183,234.295,60.7037,5.1011,6831.6,0,0,1358.94,633.652,90.1737,2,85.9307,68,66,60.7037,0,0,0,44.5835,26.147,3,17.9307
2306.2,43104.5,95.4953,-0.973107,234.269,60.6798,5.09761,6832.11,0,0,1358.19,633.57,90.1121,2,85.8709,67.9746,65.9746,60.6798,0,0,0,44.5878,26.147,3,17.8963
2306.3,43107.1,95.5247,-0.975012,234.243,60.6544,5.09395,6832.62,0,0,1357.4,633.485,90.0476,2,85.8084,67.9477,65.9477,60.6544,0,0,0,44.5922,26.147,3,17.8607
2306.4,43109.8,95.5541,-0.976899,234.217,60.3567,5.05968,6833.12,0,0,1349.99,632.681,89.4424,2,85.2217,67.6341,65.6341,60.3567,0,0,0,44.5965,26.147,3,17.5876
2306.5,43112.5,95.5823,-0.978766,234.191,59.524,5.02091,6833.63,0,0,1340.63,632.264,88.7637,2,84.5609,66.7573,64.7573,59.524,0,0,0,44.6008,26.147,3,17.8036
2306.6,43115.1,95.6082,-0.980616,234.165,58.314,5.0126,6834.13,0,0,1338.45,632.263,88.6193,2,84.4198,65.4834,63.4834,58.314,0,0,0,44.6054,26.1471,3,18.9364
2306.7,43117.8,95.6316,-0.982447,234.139,56.5035,4.87793,6834.61,0,0,1307.69,629.759,86.24,2,82.109,63.5772,61.5772,56.5035,0,0,0,44.6099,26.1471,3,18.5318
2306.8,43120.4,95.6504,-0.98426,234.113,54.0598,4.70666,6835.09,0,0,1269.3,626.008,83.2096,2,79.1689,61.0045,59.0045,54.0598,0,0,0,44.6143,26.1471,2,18.1644
2306.9,43123.1,95.6642,-0.986055,234.087,51.5712,4.50858,6835.54,0,0,1223.08,622.244,79.6972,2,75.7571,58.3863,56.3863,51.5712,0,0,0,44.6185,26.1471,2,17.3709
2307,43125.7,95.6732,-0.987833,234.061,49.0712,4.42416,6835.98,0,0,1203.7,620.341,78.1944,2,74.2989,55.7605,53.7605,49.0712,0,0,0,44.623,26.1471,2,18.5384
2307.1,43128.4,95.6771,-0.989592,234.034,46.6479,4.25907,6836.4,0,0,1174.51,611.437,75.2031,2,71.4266,53.2155,51.2155,46.6479,0,0,0,44.6275,26.1471,2,18.2111
2307.2,43131.1,95.6767,-0.991334,234.008,44.8601,4.17066,6836.82,0,0,1158.45,606.712,73.602,2,69.8886,51.3378,49.3378,44.8601,0,0,0,44.632,26.1471,2,18.5508
2307.3,43133.7,95.6737,-0.993059,233.982,43.4792,4.08531,6837.23,0,0,1141.08,603.057,72.0616,2,68.4035,49.8874,47.8874,43.4792,0,0,0,44.6365,26.1471,2,18.5161
2307.4,43136.4,95.6679,-0.994766,233.955,41.9424,3.99199,6837.63,0,0,1126.43,596.487,70.3612,2,66.7789,48.2733,46.2733,41.9424,0,0,0,44.641,26.1471,2,18.5056
2307.5,43139,95.659,-0.996457,233.929,40.914,3.91996,6838.02,0,0,1112.47,592.792,69.0589,2,65.5267,47.1851,45.1851,40.914,0,0,0,44.6454,26.1471,2,18.3416
2307.6,43141.7,95.6493,-0.99813,233.902,40.4964,3.89401,6838.41,0,0,1109.01,590.536,68.5818,2,65.0731,46.7425,44.7425,40.4964,0,0,0,44.6499,26.1471,2,18.3306
2307.7,43144.3,95.6389,-0.999787,233.876,39.7871,3.84357,6838.79,0,0,1098.64,588.205,67.6724,2,64.1971,45.9909,43.9909,39.7871,0,0,0,44.6543,26.1471,2,18.2062
2307.8,43147,95.6266,-1.00143,233.849,39.1985,3.80607,6839.18,0,0,1090.61,586.623,66.9975,2,63.5461,45.3672,43.3672,39.1985,0,0,0,44.6587,26.1471,2,18.1789
2307.9,43149.7,95.6141,-1.00305,233.823,39.1791,3.8049,6839.56,0,0,1090.4,586.552,66.9762,2,63.5256,45.3464,43.3464,39.1791,0,0,0,44.6632,26.1471,2,18.1792
2308,43152.3,95.6019,-1.00466,233.796,39.4794,3.81959,6839.94,0,0,1093.27,587.331,67.2418,2,63.781,45.6644,43.6644,39.4794,0,0,0,44.6676,26.1471,2,18.1166
2308.1,43155,95.5907,-1.00625,233.769,39.6464,3.83124,6840.32,0,0,1095.88,587.756,67.451,2,63.9831,45.8411,43.8411,39.6464,0,0,0,44.672,26.1471,2,18.1419
2308.2,43157.6,95.5794,-1.00783,233.742,40.0531,3.86041,6840.71,0,0,1102.4,588.817,67.9746,2,64.4891,46.2718,44.2718,40.0531,0,0,0,44.6764,26.1471,2,18.2173
2308.3,43160.3,95.57,-1.00939,233.716,40.9085,3.91615,6841.1,0,0,1111.96,592.461,68.9888,2,65.46,47.178,45.178,40.9085,0,0,0,44.6808,26.1471,2,18.2821
2308.4,43162.9,95.5622,-1.01093,233.689,41.7156,3.97,6841.5,0,0,1121.59,595.7,69.9666,2,66.3976,48.033,46.033,41.7156,0,0,0,44.6853,26.1471,2,18.3646
2308.5,43165.6,95.5561,-1.01246,233.662,42.3563,4.01585,6841.9,0,0,1131.31,597.544,70.7911,2,67.1932,48.7063,46.7063,42.3563,0,0,0,44.6898,26.1471,2,18.4869
2308.6,43168.2,95.5509,-1.01398,233.635,42.8899,4.04827,6842.3,0,0,1135.56,600.316,71.3872,2,67.76,49.2667,47.2667,42.8899,0,0,0,44.6943,26.1471,2,18.4933
2308.7,43170.9,95.5471,-1.01548,233.608,43.6773,4.08981,6842.71,0,0,1141.87,603.315,72.1424,2,68.4811,50.0939,48.0939,43.6773,0,0,0,44.6988,26.1472,2,18.3872
2308.8,43173.5,95.5452,-1.01696,233.581,44.5166,4.13636,6843.12,0,0,1151.05,605.507,72.9866,2,69.2938,50.9756,48.9756,44.5166,0,0,0,44.7032,26.1472,2,18.3182
2308.9,43176.2,95.5448,-1.01844,233.554,45.3293,4.19224,6843.54,0,0,1162.81,607.629,73.9906,2,70.2632,51.8295,49.8295,45.3293,0,0,0,44.7077,26.1472,2,18.4337
2309,43178.9,95.5462,-1.01989,233.527,46.393,4.24102,6843.97,0,0,1171.36,610.411,74.8756,2,71.1124,52.947,50.947,46.393,0,0,0,44.7121,26.1472,2,18.1653
2309.1,43181.5,95.5501,-1.02134,233.5,47.2769,4.29049,6844.4,0,0,1179.97,613.218,75.7732,2,71.9735,53.8756,51.8756,47.2769,0,0,0,44.7165,26.1472,2,18.0979
2309.2,43184.2,95.5551,-1.02277,233.473,47.2178,4.28434,6844.83,0,0,1178.91,612.87,75.6616,2,71.8665,53.8135,51.8135,47.2178,0,0,0,44.7209,26.1472,2,18.0529
2309.3,43186.8,95.5588,-1.02419,233.446,46.6767,4.2532,6845.25,0,0,1173.48,611.104,75.0966,2,71.3244,53.2452,51.2452,46.6767,0,0,0,44.7253,26.1472,2,18.0792
2309.4,43189.5,95.5617,-1.02559,233.419,46.3529,4.23788,6845.67,0,0,1170.81,610.233,74.8186,2,71.0577,52.905,50.905,46.3529,0,0,0,44.7297,26.1472,2,18.1527
2309.5,43192.1,95.5642,-1.02698,233.391,45.9041,4.21681,6846.1,0,0,1167.12,609.032,74.4364,2,70.691,52.4335,50.4335,45.9041,0,0,0,44.7342,26.1472,2,18.2574
2309.6,43194.8,95.5655,-1.02836,233.364,45.5821,4.20163,6846.52,0,0,1164.46,608.166,74.161,2,70.4267,52.0952,50.0952,45.5821,0,0,0,44.7386,26.1472,2,18.3315
2309.7,43197.4,95.5668,-1.02972,233.337,45.9267,4.2172,6846.94,0,0,1167.19,609.055,74.4436,2,70.6978,52.4573,50.4573,45.9267,0,0,0,44.7431,26.1472,2,18.2405
2309.8,43200.1,95.5695,-1.03107,233.309,46.3663,4.2372,6847.36,0,0,1170.69,610.194,74.8063,2,71.0459,52.9191,50.9191,46.3663,0,0,0,44.7475,26.1472,2,18.1268
2309.9,43202.7,95.5726,-1.03241,233.282,46.1275,4.22583,6847.78,0,0,1168.7,609.547,74.6001,2,70.8481,52.6683,50.6683,46.1275,0,0,0,44.7519,26.1472,2,18.1798
2310,43205.4,95.5744,-1.03374,233.255,45.1158,4.17501,6848.2,0,0,1159.39,606.864,73.6801,2,69.9641,51.6055,49.6055,45.1158,0,0,0,44.7563,26.1472,2,18.3586
2310.1,43208.1,95.5736,-1.03505,233.227,43.702,4.08645,6848.61,0,0,1141.28,603.123,72.0821,2,68.4232,50.1203,48.1203,43.702,0,0,0,44.7608,26.1472,2,18.3029
2310.2,43210.7,95.5699,-1.03635,233.2,41.6129,3.95312,6849.01,0,0,1117.87,595.094,69.6636,2,66.1047,47.9242,45.9242,41.6129,0,0,0,44.7652,26.1472,2,18.1805
2310.3,43213.4,95.561,-1.03764,233.172,39.3533,3.80518,6849.39,0,0,1090.45,586.569,66.9813,2,63.5305,45.5301,43.5301,39.3533,0,0,0,44.7696,26.1472,2,18.0004
2310.4,43216,95.5485,-1.03892,233.144,37.9027,3.72015,6849.76,0,0,1072.51,582.697,65.4443,2,62.0494,43.993,41.993,37.9027,0,0,0,44.774,26.1472,2,18.0564
2310.5,43218.7,95.5341,-1.04019,233.117,36.805,3.65191,6850.12,0,0,1061.86,577.362,64.2012,2,60.8639,42.8296,40.8296,36.805,0,0,0,44.7784,26.1472,2,18.0342
2310.6,43221.3,95.5174,-1.04144,233.089,35.5863,3.57203,6850.48,0,0,1044.17,574.002,62.7641,2,59.4774,41.538,39.538,35.5863,0,0,0,44.7827,26.1472,2,17.9393
2310.7,43224,95.4983,-1.04268,233.062,35.1489,3.55291,6850.84,0,0,1040.54,572.821,62.4175,2,59.1449,41.0742,39.0742,35.1489,0,0,0,44.7871,26.1472,2,18.0708
2310.8,43226.6,95.4801,-1.04391,233.034,35.8984,3.58635,6851.19,0,0,1047.03,574.792,63.0232,2,59.7263,41.8679,39.8679,35.8984,0,0,0,44.7915,26.1472,2,17.8584
2310.9,43229.3,95.4641,-1.04513,233.006,37.368,3.68351,6851.56,0,0,1066.22,580.2,64.7816,2,61.4155,43.4249,41.4249,37.368,0,0,0,44.7958,26.1472,2,17.9906
2311,43231.9,95.4519,-1.04633,232.979,39.8998,3.82735,6851.95,0,0,1095.01,587.614,67.3813,2,63.9157,46.1074,44.1074,39.8998,0,0,0,44.8002,26.1472,2,17.8084
2311.1,43234.6,95.446,-1.04753,232.951,43.3013,3.97106,6852.34,0,0,1121.83,595.738,69.9856,2,66.4159,49.6976,47.6976,43.3013,0,0,0,44.8042,26.1472,2,16.7184
2311.2,43237.2,95.4474,-1.04871,232.923,46.8771,4.11502,6852.75,0,0,1146.35,604.741,72.5963,2,68.9166,53.4552,51.4552,46.8771,0,0,0,44.808,26.1472,2,15.4614
2311.3,43239.9,95.4558,-1.04989,232.895,49.5734,4.25831,6853.18,0,0,1174.37,611.394,75.1894,2,71.4134,56.2886,54.2886,49.5734,0,0,0,44.8117,26.1471,2,15.1249
2311.4,43242.5,95.4678,-1.05105,232.867,50.953,4.40185,6853.62,0,0,1199.19,619.477,77.7935,2,73.912,57.7382,55.7382,50.953,0,0,0,44.8156,26.1471,2,16.1737
2311.5,43245.2,95.4817,-1.0522,232.839,51.9665,4.50858,6854.07,0,0,1223.08,622.244,79.6972,2,75.7571,58.8031,56.8031,51.9665,0,0,0,44.8197,26.1471,2,16.954
2311.6,43247.8,95.4977,-1.05334,232.811,52.9204,4.63413,6854.53,0,0,1252.45,624.635,81.9248,2,77.921,59.8067,57.8067,52.9204,0,0,0,44.8241,26.1471,2,18.1143
2311.7,43250.5,95.5154,-1.05447,232.784,53.3517,4.64013,6855,0,0,1253.85,624.749,82.0311,2,78.0242,60.2605,58.2605,53.3517,0,0,0,44.8284,26.1471,2,17.7637
2311.8,43253.2,95.5331,-1.05559,232.756,53.5472,4.64013,6855.46,0,0,1253.85,624.749,82.0311,2,78.0242,60.4662,58.4662,53.5472,0,0,0,44.8327,26.1471,2,17.558
2311.9,43255.8,95.5514,-1.0567,232.728,54.2589,4.68545,6855.93,0,0,1264.38,625.607,82.834,2,78.8041,61.2151,59.2151,54.2589,0,0,0,44.837,26.1471,2,17.589
2312,43258.5,95.5719,-1.0578,232.699,55.1463,4.77286,6856.41,0,0,1284.62,627.254,84.3811,2,80.3068,62.1491,60.1491,55.1463,0,0,0,44.8414,26.1471,2,18.1577
2312.1,43261.1,95.5937,-1.05889,232.671,55.5559,4.77286,6856.89,0,0,1284.62,627.254,84.3811,2,80.3068,62.58,60.58,55.5559,0,0,0,44.8457,26.1471,2,17.7268
2312.2,43263.8,95.6158,-1.05997,232.643,55.8174,4.77286,6857.36,0,0,1284.62,627.254,84.3811,2,80.3068,62.8551,60.8551,55.8174,0,0,0,44.8499,26.1471,2,17.4517
2312.3,43266.4,95.6386,-1.06104,232.615,56.5391,4.84773,6857.85,0,0,1301.11,629.045,85.7089,2,81.5942,63.6146,61.6146,56.5391,0,0,0,44.8543,26.1471,3,17.9795
2312.4,43269.1,95.6634,-1.0621,232.587,57.3138,4.87793,6858.34,0,0,1307.69,629.759,86.24,2,82.109,64.4299,62.4299,57.3138,0,0,0,44.8586,26.1471,3,17.6791
2312.5,43271.7,95.6892,-1.06314,232.559,57.5495,4.87793,6858.82,0,0,1307.69,629.759,86.24,2,82.109,64.6778,62.6778,57.5495,0,0,0,44.8628,26.1471,3,17.4312
2312.6,43274.4,95.7148,-1.06418,232.53,57.9619,4.90367,6859.31,0,0,1313.59,630.24,86.6952,2,82.5511,65.1118,63.1118,57.9619,0,0,0,44.8671,26.1471,3,17.4393
2312.7,43277.1,95.7421,-1.06521,232.502,58.4155,4.96701,6859.81,0,0,1328.07,631.418,87.8145,2,83.6382,65.589,63.589,58.4155,0,0,0,44.8715,26.1471,3,18.0492
2312.8,43279.7,95.7695,-1.06623,232.474,57.8461,4.88529,6860.3,0,0,1309.38,629.897,86.3701,2,82.2354,64.9893,62.9893,57.8461,0,0,0,44.8757,26.147,3,17.2461
2312.9,43282.4,95.7945,-1.06724,232.445,56.6832,4.85905,6860.79,0,0,1303.6,629.315,85.9093,2,81.7884,63.7649,61.7649,56.6832,0,0,0,44.88,26.1471,3,18.0235
2313,43285,95.8171,-1.06824,232.417,54.8305,4.75463,6861.26,0,0,1280.4,626.911,84.0586,2,79.9935,61.8142,59.8142,54.8305,0,0,0,44.8845,26.1471,2,18.1793
2313.1,43287.7,95.8347,-1.06923,232.388,52.3965,4.54679,6861.72,0,0,1232.04,622.974,80.3756,2,76.4161,59.2516,57.2516,52.3965,0,0,0,44.8886,26.147,2,17.1645
2313.2,43290.4,95.8478,-1.07021,232.36,50.4042,4.48617,6862.16,0,0,1216.85,622.244,79.2918,2,75.3607,57.1598,55.1598,50.4042,0,0,0,44.8931,26.147,2,18.2009
2313.3,43293,95.8575,-1.07118,232.331,48.7233,4.38046,6862.6,0,0,1195.52,618.281,77.4055,2,73.5397,55.395,53.395,48.7233,0,0,0,44.8975,26.147,2,18.1446
2313.4,43295.7,95.8639,-1.07214,232.303,46.7674,4.24451,6863.03,0,0,1171.97,610.61,74.9391,2,71.1732,53.3418,51.3418,46.7674,0,0,0,44.9018,26.147,2,17.8314
2313.5,43298.4,95.866,-1.07309,232.274,45.2068,4.16421,6863.44,0,0,1157.06,606.485,73.4862,2,69.7767,51.7036,49.7036,45.2068,0,0,0,44.9062,26.147,2,18.0731
2313.6,43301,95.8663,-1.07403,232.246,43.9818,4.08856,6863.85,0,0,1141.65,603.243,72.1199,2,68.4595,50.4176,48.4176,43.9818,0,0,0,44.9106,26.1471,2,18.0419
2313.7,43303.7,95.8636,-1.07496,232.217,42.9877,4.03302,6864.25,0,0,1133.56,599.014,71.1068,2,67.4934,49.3739,47.3739,42.9877,0,0,0,44.915,26.1471,2,18.1194
2313.8,43306.3,95.8601,-1.07588,232.188,42.9032,4.02738,6864.66,0,0,1132.82,598.532,71.0032,2,67.3949,49.2852,47.2852,42.9032,0,0,0,44.9194,26.1471,2,18.1097
2313.9,43309,95.8571,-1.07679,232.16,43.2403,4.04772,6865.06,0,0,1135.49,600.269,71.377,2,67.7504,49.639,47.639,43.2403,0,0,0,44.9238,26.1471,2,18.1113
2314,43311.7,95.855,-1.07769,232.131,43.504,4.06356,6865.47,0,0,1137.57,601.62,71.6684,2,68.0274,49.9159,47.9159,43.504,0,0,0,44.9282,26.1471,2,18.1116
2314.1,43314.3,95.8531,-1.07857,232.102,43.417,4.05776,6865.87,0,0,1136.81,601.126,71.5617,2,67.9259,49.8245,47.8245,43.417,0,0,0,44.9326,26.1471,2,18.1014
2314.2,43317,95.8508,-1.07945,232.074,42.3736,3.98943,6866.27,0,0,1125.87,596.396,70.3153,2,66.7345,48.7291,46.7291,42.3736,0,0,0,44.937,26.1471,2,18.0054
2314.3,43319.7,95.8449,-1.08032,232.045,41.1593,3.90671,6866.66,0,0,1110.7,591.641,68.8153,2,65.2951,47.4476,45.4476,41.1593,0,0,0,44.9413,26.1471,2,17.8475
2314.4,43322.3,95.8378,-1.08118,232.016,40.4621,3.85969,6867.05,0,0,1102.24,588.79,67.9616,2,64.4766,46.7091,44.7091,40.4621,0,0,0,44.9456,26.1471,2,17.7675
2314.5,43325,95.8293,-1.08203,231.987,39.977,3.82379,6867.43,0,0,1094.21,587.484,67.3173,2,63.8539,46.1952,44.1952,39.977,0,0,0,44.9499,26.1471,2,17.6587
2314.6,43327.6,95.8204,-1.08287,231.959,39.8342,3.81383,6867.81,0,0,1092.04,587.087,67.1382,2,63.681,46.0439,44.0439,39.8342,0,0,0,44.9542,26.147,2,17.6372
2314.7,43330.3,95.8114,-1.0837,231.93,39.7331,3.80904,6868.19,0,0,1091.16,586.8,67.0513,2,63.5977,45.9366,43.9366,39.7331,0,0,0,44.9585,26.147,2,17.6611
2314.8,43333,95.8023,-1.08452,231.901,38.3681,3.7324,6868.57,0,0,1075.33,583.158,65.6686,2,62.2662,44.4907,42.4907,38.3681,0,0,0,44.9628,26.147,2,17.7755
2314.9,43335.6,95.788,-1.08532,231.872,36.2305,3.59079,6868.93,0,0,1048.06,574.959,63.103,2,59.8034,42.2265,40.2265,36.2305,0,0,0,44.9671,26.147,2,17.5769
2315,43338.3,95.7705,-1.08612,231.843,34.6186,3.50961,6869.28,0,0,1033.91,569.176,61.6249,2,58.3902,40.5188,38.5188,34.6186,0,0,0,44.9715,26.147,2,17.8714
2315.1,43340.9,95.75,-1.08691,231.814,33.2603,3.41953,6869.62,0,0,1015.08,564.43,59.9982,2,56.8257,39.0797,37.0797,33.2603,0,0,0,44.9758,26.147,2,17.746
2315.2,43343.6,95.7274,-1.08768,231.785,32.6647,3.38524,6869.96,0,0,1010.16,561.228,59.3689,2,56.2279,38.4482,36.4482,32.6647,0,0,0,44.9801,26.147,2,17.7797
2315.3,43346.3,95.7047,-1.08845,231.756,33.4394,3.43049,6870.3,0,0,1017.46,564.966,60.1958,2,57.0159,39.2682,37.2682,33.4394,0,0,0,44.9844,26.147,2,17.7477
2315.4,43348.9,95.6853,-1.0892,231.727,34.2891,3.48892,6870.65,0,0,1030.98,567.272,61.2451,2,58.0293,40.1678,38.1678,34.2891,0,0,0,44.9887,26.147,2,17.8616
2315.5,43351.6,95.6662,-1.08995,231.699,34.305,3.48942,6871,0,0,1031.05,567.318,61.2542,2,58.038,40.1842,38.1842,34.305,0,0,0,44.9931,26.147,2,17.8539
2315.6,43354.2,95.647,-1.09068,231.67,34.0959,3.47472,6871.35,0,0,1027.81,566.651,60.9896,2,57.783,39.9622,37.9622,34.0959,0,0,0,44.9974,26.147,2,17.8208
2315.7,43356.9,95.6271,-1.0914,231.641,33.1096,3.40845,6871.69,0,0,1013.49,563.397,59.7948,2,56.6325,38.9168,36.9168,33.1096,0,0,0,45.0017,26.147,2,17.7157
2315.8,43359.5,95.6042,-1.09211,231.612,31.3308,3.29594,6872.02,0,0,991.235,556.415,57.7569,2,54.6777,37.0317,35.0317,31.3308,0,0,0,45.006,26.147,2,17.646
2315.9,43362.2,95.5775,-1.09281,231.583,30.0926,3.21555,6872.34,0,0,977.64,549.832,56.2908,2,53.2798,35.7259,33.7259,30.0926,0,0,0,45.0103,26.147,2,17.5539
2316,43364.9,95.5499,-1.0935,231.554,29.7146,3.18422,6872.66,0,0,971.384,547.795,55.7234,2,52.7359,35.3266,33.3266,29.7146,0,0,0,45.0145,26.147,2,17.4092
2316.1,43367.5,95.5219,-1.09418,231.524,29.7919,3.18989,6872.98,0,0,972.517,548.164,55.826,2,52.8342,35.4073,33.4073,29.7919,0,0,0,45.0188,26.147,2,17.4269
2316.2,43370.2,95.4947,-1.09484,231.495,30.2225,3.22431,6873.3,0,0,979.384,550.4,56.4495,2,53.4319,35.8603,33.8603,30.2225,0,0,0,45.023,26.147,2,17.5715
2316.3,43372.8,95.4686,-1.0955,231.466,30.5808,3.25223,6873.62,0,0,984.845,552.253,56.9554,2,53.9166,36.2371,34.2371,30.5808,0,0,0,45.0273,26.147,2,17.6795
2316.4,43375.5,95.4431,-1.09614,231.437,30.182,3.21979,6873.95,0,0,978.482,550.106,56.3674,2,53.3532,35.816,33.816,30.182,0,0,0,45.0316,26.147,2,17.5372
2316.5,43378.1,95.4156,-1.09677,231.408,29.2996,3.16054,6874.26,0,0,966.636,546.249,55.2945,2,52.3248,34.8851,32.8851,29.2996,0,0,0,45.0358,26.147,2,17.4396
2316.6,43380.8,95.3867,-1.09739,231.379,28.4841,3.11954,6874.57,0,0,958.38,543.56,54.5524,2,51.6134,34.0248,32.0248,28.4841,0,0,0,45.0401,26.147,2,17.5886
2316.7,43383.4,95.3562,-1.098,231.35,27.5886,3.05338,6874.88,0,0,944.939,539.183,53.3542,2,50.465,33.08,31.08,27.5886,0,0,0,45.0443,26.147,2,17.385
2316.8,43386.1,95.3239,-1.09859,231.321,27.1056,3.03438,6875.18,0,0,940.959,537.887,53.0018,2,50.1272,32.57,30.57,27.1056,0,0,0,45.0486,26.147,2,17.5572
2316.9,43388.7,95.2917,-1.09918,231.292,27.2319,3.03897,6875.49,0,0,941.922,538.2,53.0869,2,50.2088,32.7021,30.7021,27.2319,0,0,0,45.0529,26.147,2,17.5067
2317,43391.4,95.2602,-1.09975,231.263,27.0842,3.03296,6875.79,0,0,940.662,537.79,52.9755,2,50.102,32.5455,30.5455,27.0842,0,0,0,45.0571,26.1469,2,17.5565
2317.1,43394,95.2275,-1.10031,231.234,26.3442,2.9898,6876.09,0,0,934.595,533.296,52.194,2,49.3615,31.7645,29.7645,26.3442,0,0,0,45.0614,26.1469,2,17.597
2317.2,43396.7,95.1933,-1.10085,231.205,25.8029,2.95342,6876.38,0,0,929.512,529.354,51.5264,2,48.7293,31.1929,29.1929,25.8029,0,0,0,45.0657,26.1469,2,17.5364
2317.3,43399.3,95.1587,-1.10139,231.176,25.527,2.93512,6876.68,0,0,924.909,528.604,51.1987,2,48.4127,30.9011,28.9011,25.527,0,0,0,45.0699,26.1469,2,17.5116
2317.4,43401.9,95.1236,-1.10191,231.146,25.4019,2.92656,6876.97,0,0,922.754,528.253,51.0455,2,48.2647,30.7682,28.7682,25.4019,0,0,0,45.0742,26.1469,2,17.4965
2317.5,43404.6,95.0887,-1.10241,231.117,25.9357,2.96057,6877.27,0,0,931.03,529.814,51.6554,2,48.853,31.3298,29.3298,25.9357,0,0,0,45.0784,26.1469,2,17.5233
2317.6,43407.2,95.0559,-1.10291,231.088,27.3342,3.04084,6877.57,0,0,942.314,538.328,53.1216,2,50.242,32.8026,30.8026,27.3342,0,0,0,45.0827,26.1469,2,17.4394
2317.7,43409.9,95.0268,-1.10339,231.059,28.4274,3.10822,6877.88,0,0,956.091,542.815,54.3474,2,51.417,33.954,31.954,28.4274,0,0,0,45.0869,26.1469,2,17.463
2317.8,43412.5,94.9985,-1.10386,231.03,28.7284,3.13179,6878.19,0,0,960.852,544.365,54.7741,2,51.8259,34.2703,32.2703,28.7284,0,0,0,45.0912,26.1469,2,17.5556
2317.9,43415.1,94.9707,-1.10432,231.001,28.8243,3.13705,6878.51,0,0,961.912,544.71,54.8693,2,51.9172,34.3705,32.3705,28.8243,0,0,0,45.0954,26.1469,2,17.5467
2318,43417.8,94.943,-1.10476,230.972,28.8447,3.13757,6878.82,0,0,962.016,544.744,54.8787,2,51.9262,34.3911,32.3911,28.8447,0,0,0,45.0997,26.1469,2,17.535
2318.1,43420.4,94.9155,-1.10519,230.943,29.0935,3.14729,6879.14,0,0,963.974,545.382,55.0547,2,52.0949,34.6526,32.6526,29.0935,0,0,0,45.104,26.1469,2,17.4423
2318.2,43423,94.889,-1.1056,230.913,30.3671,3.2237,6879.46,0,0,979.262,550.36,56.4384,2,53.4213,35.9941,33.9941,30.3671,0,0,0,45.1082,26.1469,2,17.4272
2318.3,43425.7,94.8667,-1.106,230.884,32.4831,3.36061,6879.8,0,0,1005.93,559.331,58.9202,2,55.7995,38.2327,36.2327,32.4831,0,0,0,45.1125,26.1469,2,17.5668
2318.4,43428.3,94.8487,-1.10639,230.855,35.0679,3.50442,6880.15,0,0,1033.17,568.699,61.5297,2,58.2997,40.9736,38.9736,35.0679,0,0,0,45.1167,26.1469,2,17.3261
2318.5,43431,94.8368,-1.10676,230.826,37.7263,3.64823,6880.51,0,0,1061.22,577.103,64.1341,2,60.7997,43.7925,41.7925,37.7263,0,0,0,45.1208,26.1469,2,17.0072
2318.6,43433.6,94.8295,-1.10711,230.797,39.4765,3.78542,6880.89,0,0,1086.81,585.384,66.6228,2,63.1867,45.6485,43.6485,39.4765,0,0,0,45.1251,26.1468,2,17.5382
2318.7,43436.2,94.8247,-1.10746,230.768,40.4779,3.83872,6881.27,0,0,1097.55,588.028,67.5853,2,64.1129,46.7105,44.7105,40.4779,0,0,0,45.1293,26.1468,2,17.4024
2318.8,43438.9,94.8214,-1.10779,230.738,41.1995,3.88991,6881.66,0,0,1108.46,590.178,68.5065,2,65.0014,47.4757,45.4757,41.1995,0,0,0,45.1336,26.1468,2,17.5258
2318.9,43441.5,94.8195,-1.1081,230.709,41.6996,3.91995,6882.05,0,0,1112.47,592.791,69.0587,2,65.5264,48.0038,46.0038,41.6996,0,0,0,45.1378,26.1468,2,17.5227
2319,43444.1,94.8182,-1.1084,230.68,42.0639,3.94172,6882.45,0,0,1115.37,594.678,69.4589,2,65.9069,48.3872,46.3872,42.0639,0,0,0,45.1421,26.1468,2,17.5197
2319.1,43446.8,94.8178,-1.10868,230.651,42.7097,3.9887,6882.85,0,0,1125.7,596.369,70.3021,2,66.7218,49.0669,47.0669,42.7097,0,0,0,45.1464,26.1468,2,17.6549
2319.2,43449.4,94.8191,-1.10895,230.622,44.2362,4.08229,6883.26,0,0,1140.55,602.884,72.0074,2,68.3515,50.6736,48.6736,44.2362,0,0,0,45.1507,26.1468,2,17.6779
2319.3,43452,94.8248,-1.1092,230.592,46.5196,4.21433,6883.68,0,0,1166.69,608.891,74.3914,2,70.6478,53.077,51.077,46.5196,0,0,0,45.1549,26.1468,2,17.5709
2319.4,43454.7,94.8352,-1.10943,230.563,48.8988,4.35822,6884.11,0,0,1191.69,617.034,77.002,2,73.1525,55.5811,53.5811,48.8988,0,0,0,45.1592,26.1468,2,17.5714
2319.5,43457.3,94.8503,-1.10965,230.534,51.3542,4.50136,6884.56,0,0,1221.13,622.244,79.5704,2,75.6331,58.1651,56.1651,51.3542,0,0,0,45.1635,26.1468,2,17.468
2319.6,43459.9,94.8704,-1.10985,230.505,52.9865,4.56879,6885.02,0,0,1237.19,623.394,80.7661,2,76.7954,59.8827,57.8827,52.9865,0,0,0,45.1676,26.1468,2,16.9127
2319.7,43462.6,94.8918,-1.11004,230.476,52.7843,4.53988,6885.47,0,0,1230.42,622.842,80.2531,2,76.2971,59.6697,57.6697,52.7843,0,0,0,45.1716,26.1468,2,16.6274
2319.8,43465.2,94.911,-1.11021,230.446,51.7933,4.50858,6885.92,0,0,1223.08,622.244,79.6972,2,75.7571,58.6266,56.6266,51.7933,0,0,0,45.1758,26.1468,2,17.1305
2319.9,43467.8,94.9285,-1.11036,230.417,50.3723,4.45696,6886.37,0,0,1210.54,621.455,78.7801,2,74.865,57.1313,55.1313,50.3723,0,0,0,45.1801,26.1468,2,17.7337
2320,43470.5,94.9419,-1.1105,230.388,48.2447,4.3117,6886.8,0,0,1183.65,614.416,76.158,2,72.3428,54.8926,52.8926,48.2447,0,0,0,45.1843,26.1468,2,17.4501
2320.1,43473.1,94.9508,-1.11062,230.358,46.5599,4.21376,6887.22,0,0,1166.59,608.858,74.3811,2,70.6379,53.1199,51.1199,46.5599,0,0,0,45.1886,26.1467,2,17.518
2320.2,43475.8,94.9575,-1.11072,230.329,45.8721,4.17965,6887.64,0,0,1160.39,607.027,73.7633,2,70.0445,52.3964,50.3964,45.8721,0,0,0,45.1929,26.1467,2,17.6481
2320.3,43478.4,94.9636,-1.1108,230.3,45.2517,4.13255,6888.05,0,0,1150.23,605.373,72.9183,2,69.2278,51.7437,49.7437,45.2517,0,0,0,45.1971,26.1467,2,17.4841
2320.4,43481,94.9678,-1.11086,230.271,44.2705,4.08025,6888.46,0,0,1140.19,602.767,71.9707,2,68.3164,50.7114,48.7114,44.2705,0,0,0,45.2014,26.1467,2,17.6051
2320.5,43483.7,94.97,-1.11091,230.241,43.2948,4.0229,6888.86,0,0,1132.23,598.148,70.9209,2,67.3166,49.6849,47.6849,43.2948,0,0,0,45.2057,26.1467,2,17.6317
2320.6,43486.3,94.9703,-1.11093,230.212,42.6735,3.9788,6889.26,0,0,1123.53,596.015,70.1245,2,66.5502,49.0313,47.0313,42.6735,0,0,0,45.21,26.1467,2,17.5189
2320.7,43488.9,94.9701,-1.11094,230.183,42.1733,3.9416,6889.66,0,0,1115.35,594.667,69.4566,2,65.9047,48.505,46.505,42.1733,0,0,0,45.2142,26.1467,2,17.3998
2320.8,43491.6,94.9684,-1.11093,230.153,41.6386,3.90867,6890.05,0,0,1110.97,591.811,68.8514,2,65.3293,47.9425,45.9425,41.6386,0,0,0,45.2184,26.1467,2,17.3869
2320.9,43494.2,94.966,-1.1109,230.124,41.7684,3.91614,6890.44,0,0,1111.96,592.46,68.9887,2,65.4599,48.0789,46.0789,41.7684,0,0,0,45.2226,26.1467,2,17.381
2321,43496.9,94.9648,-1.11085,230.095,41.85,3.9207,6890.83,0,0,1112.57,592.855,69.0724,2,65.5395,48.1648,46.1648,41.85,0,0,0,45.2269,26.1467,2,17.3747
2321.1,43499.5,94.9628,-1.11078,230.065,41.2271,3.88203,6891.22,0,0,1107.21,589.601,68.3626,2,64.8641,47.5072,45.5072,41.2271,0,0,0,45.2311,26.1467,2,17.3569
2321.2,43502.1,94.9592,-1.11068,230.036,40.4973,3.82816,6891.6,0,0,1095.19,587.643,67.3957,2,63.9297,46.7333,44.7333,40.4973,0,0,0,45.2353,26.1467,2,17.1964
2321.3,43504.8,94.9542,-1.11057,230.007,39.9806,3.7999,6891.98,0,0,1089.48,586.252,66.8855,2,63.4386,46.1853,44.1853,39.9806,0,0,0,45.2395,26.1467,2,17.2533
2321.4,43507.4,94.9486,-1.11044,229.977,39.6375,3.78441,6892.36,0,0,1086.62,585.323,66.6044,2,63.169,45.8214,43.8214,39.6375,0,0,0,45.2437,26.1467,2,17.3476
2321.5,43510,94.9423,-1.11029,229.948,39.8888,3.79524,6892.74,0,0,1088.62,585.973,66.8009,2,63.3575,46.0878,44.0878,39.8888,0,0,0,45.2479,26.1466,2,17.2697
2321.6,43512.7,94.9376,-1.11011,229.919,40.5778,3.83209,6893.12,0,0,1096.07,587.787,67.4664,2,63.998,46.8184,44.8184,40.5778,0,0,0,45.252,26.1466,2,17.1796
2321.7,43515.3,94.9341,-1.10992,229.89,41.5963,3.90244,6893.51,0,0,1110.13,591.27,68.7369,2,65.2205,47.8974,45.8974,41.5963,0,0,0,45.2563,26.1466,2,17.3231
2321.8,43518,94.9335,-1.1097,229.86,42.2661,3.94295,6893.91,0,0,1115.63,594.728,69.481,2,65.9283,48.6021,46.6021,42.2661,0,0,0,45.2605,26.1466,2,17.3262
2321.9,43520.6,94.9327,-1.10946,229.831,42.3575,3.94917,6894.3,0,0,1117,594.952,69.5927,2,66.0362,48.6983,46.6983,42.3575,0,0,0,45.2647,26.1466,2,17.3379
2322,43523.2,94.9324,-1.1092,229.802,42.8378,3.984,6894.7,0,0,1124.67,596.201,70.2177,2,66.6403,49.2036,47.2036,42.8378,0,0,0,45.2689,26.1466,2,17.4367
2322.1,43525.9,94.9335,-1.10891,229.773,43.976,4.05836,6895.11,0,0,1136.88,601.177,71.5727,2,67.9364,50.4012,48.4012,43.976,0,0,0,45.2732,26.1466,2,17.5352
2322.2,43528.5,94.9377,-1.1086,229.743,45.5927,4.1486,6895.52,0,0,1153.7,605.937,73.2061,2,69.506,52.1023,50.1023,45.5927,0,0,0,45.2774,26.1466,2,17.4037
2322.3,43531.1,94.9451,-1.10827,229.714,47.8081,4.26481,6895.95,0,0,1175.51,611.763,75.3072,2,71.5265,54.4333,52.4333,47.8081,0,0,0,45.2816,26.1466,2,17.0932
2322.4,43533.8,94.9582,-1.10792,229.685,50.4918,4.40842,6896.39,0,0,1200.39,619.803,77.9123,2,74.0262,57.2568,55.2568,50.4918,0,0,0,45.2856,26.1466,2,16.7695
2322.5,43536.4,94.9761,-1.10754,229.656,52.3774,4.50858,6896.84,0,0,1223.08,622.244,79.6972,2,75.7571,59.2406,57.2406,52.3774,0,0,0,45.2897,26.1465,2,16.5166
2322.6,43539.1,94.9965,-1.10713,229.626,52.7059,4.50858,6897.29,0,0,1223.08,622.244,79.6972,2,75.7571,59.5862,57.5862,52.7059,0,0,0,45.2936,26.1465,2,16.171
2322.7,43541.7,95.0156,-1.10671,229.597,51.9634,4.50858,6897.74,0,0,1223.08,622.244,79.6972,2,75.7571,58.8045,56.8045,51.9634,0,0,0,45.2977,26.1465,2,16.9526
2322.8,43544.3,95.0329,-1.10625,229.568,50.6665,4.46504,6898.19,0,0,1212.17,621.721,78.92,2,75.0002,57.44,55.44,50.6665,0,0,0,45.302,26.1465,2,17.5602
2322.9,43547,95.0468,-1.10578,229.539,48.65,4.33158,6898.62,0,0,1187.09,615.536,76.5187,2,72.6889,55.3188,53.3188,48.65,0,0,0,45.3062,26.1465,2,17.37
2323,43549.6,95.0559,-1.10527,229.51,46.5259,4.20331,6899.04,0,0,1164.76,608.262,74.1915,2,70.456,53.0846,51.0846,46.5259,0,0,0,45.3104,26.1465,2,17.3714
2323.1,43552.3,95.0613,-1.10474,229.481,44.7821,4.09559,6899.45,0,0,1142.89,603.646,72.2463,2,68.5808,51.2504,49.2504,44.7821,0,0,0,45.3146,26.1465,2,17.3304
2323.2,43554.9,95.0634,-1.10419,229.451,42.3774,3.94448,6899.85,0,0,1115.96,594.783,69.5084,2,65.9548,48.7211,46.7211,42.3774,0,0,0,45.3188,26.1465,2,17.2337
2323.3,43557.5,95.0591,-1.10361,229.422,39.4279,3.76727,6900.22,0,0,1083.2,584.439,66.2946,2,62.8711,45.6009,43.6009,39.4279,0,0,0,45.323,26.1465,2,17.2702
2323.4,43560.2,95.0496,-1.103,229.393,37.1131,3.61232,6900.58,0,0,1053,575.764,63.4895,2,60.1769,43.1465,41.1465,37.1131,0,0,0,45.3272,26.1465,2,17.0304
2323.5,43562.8,95.0361,-1.10237,229.364,36.1165,3.55738,6900.94,0,0,1041.39,573.097,62.4985,2,59.2226,42.0895,40.0895,36.1165,0,0,0,45.3313,26.1464,2,17.1331
2323.6,43565.5,95.0226,-1.10171,229.335,36.1958,3.5605,6901.3,0,0,1041.98,573.29,62.555,2,59.2769,42.1734,40.1734,36.1958,0,0,0,45.3355,26.1464,2,17.1035
2323.7,43568.1,95.0095,-1.10102,229.306,36.3422,3.56651,6901.65,0,0,1043.12,573.661,62.664,2,59.3813,42.3283,40.3283,36.3422,0,0,0,45.3396,26.1464,2,17.053
2323.8,43570.7,94.9966,-1.1003,229.277,36.127,3.55696,6902.01,0,0,1041.31,573.071,62.4909,2,59.2153,42.0999,40.0999,36.127,0,0,0,45.3438,26.1464,2,17.1154
2323.9,43573.4,94.9826,-1.09955,229.248,35.4488,3.52247,6902.36,0,0,1035.72,570.356,61.8609,2,58.6144,41.3805,39.3805,35.4488,0,0,0,45.348,26.1464,2,17.234
2324,43576,94.9671,-1.09878,229.219,33.4629,3.39635,6902.7,0,0,1011.76,562.267,59.5728,2,56.4216,39.2743,37.2743,33.4629,0,0,0,45.3522,26.1464,2,17.1473
2324.1,43578.6,94.9452,-1.09798,229.19,30.9519,3.23962,6903.02,0,0,982.425,551.39,56.7266,2,53.6975,36.6121,34.6121,30.9519,0,0,0,45.3563,26.1464,2,17.0854
2324.2,43581.3,94.9198,-1.09715,229.161,30.0489,3.16954,6903.34,0,0,968.442,546.837,55.4575,2,52.4809,35.6596,33.6596,30.0489,0,0,0,45.3604,26.1464,2,16.8213
2324.3,43583.9,94.8944,-1.09629,229.132,30.1376,3.17284,6903.66,0,0,969.104,547.052,55.5172,2,52.5382,35.7524,33.7524,30.1376,0,0,0,45.3645,26.1464,2,16.7859
2324.4,43586.6,94.8693,-1.0954,229.103,30.2347,3.17948,6903.98,0,0,970.436,547.486,55.6376,2,52.6536,35.8539,33.8539,30.2347,0,0,0,45.3686,26.1463,2,16.7997
2324.5,43589.2,94.8445,-1.09449,229.074,30.9278,3.23529,6904.3,0,0,981.566,551.111,56.6483,2,53.6225,36.5837,34.5837,30.9278,0,0,0,45.3727,26.1463,2,17.0388
2324.6,43591.8,94.8222,-1.09359,229.045,31.7518,3.28577,6904.63,0,0,989.752,555.449,57.5704,2,54.5007,37.4559,35.4559,31.7518,0,0,0,45.3769,26.1463,2,17.0448
2324.7,43594.5,94.8007,-1.09269,229.017,31.817,3.28903,6904.96,0,0,990.227,555.758,57.6301,2,54.5573,37.5245,35.5245,31.817,0,0,0,45.381,26.1463,2,17.0329
2324.8,43597.1,94.7787,-1.09181,228.988,31.6606,3.27988,6905.28,0,0,988.892,554.889,57.4624,2,54.3981,37.3579,35.3579,31.6606,0,0,0,45.3851,26.1463,2,17.0401
2324.9,43599.7,94.7566,-1.09094,228.959,31.422,3.26616,6905.61,0,0,986.887,553.583,57.2109,2,54.1592,37.1043,35.1043,31.422,0,0,0,45.3893,26.1463,2,17.0549
2325,43602.4,94.7338,-1.09007,228.93,30.602,3.20581,6905.93,0,0,975.697,549.199,56.1143,2,53.1106,36.2369,34.2369,30.602,0,0,0,45.3934,26.1463,2,16.8737
2325.1,43605,94.7085,-1.08922,228.902,30.0349,3.16636,6906.25,0,0,967.805,546.629,55.3999,2,52.4258,35.6385,33.6385,30.0349,0,0,0,45.3975,26.1463,2,16.7873
2325.2,43607.6,94.6834,-1.08837,228.873,30.269,3.17761,6906.57,0,0,970.061,547.364,55.6037,2,52.6211,35.8844,33.8844,30.269,0,0,0,45.4015,26.1462,2,16.7367
2325.3,43610.2,94.6591,-1.08753,228.844,30.635,3.20675,6906.89,0,0,975.885,549.261,56.1314,2,53.127,36.2695,34.2695,30.635,0,0,0,45.4056,26.1462,2,16.8575
2325.4,43612.9,94.6356,-1.0867,228.816,31.3868,3.26222,6907.21,0,0,986.31,553.208,57.1387,2,54.0907,37.0635,35.0635,31.3868,0,0,0,45.4098,26.1462,2,17.0272
2325.5,43615.5,94.6144,-1.08588,228.787,32.8583,3.35343,6907.55,0,0,1004.22,559.054,58.7913,2,55.6749,38.6235,36.6235,32.8583,0,0,0,45.4139,26.1462,2,17.0514
2325.6,43618.1,94.5968,-1.08507,228.759,34.2525,3.43786,6907.89,0,0,1019.18,565.247,60.328,2,57.1437,40.1017,38.1017,34.2525,0,0,0,45.4181,26.1462,2,17.042
2325.7,43620.8,94.5812,-1.08426,228.73,34.4788,3.45315,6908.24,0,0,1022.76,565.83,60.6025,2,57.4089,40.3412,38.3412,34.4788,0,0,0,45.4222,26.1462,2,17.0677
2325.8,43623.4,94.5645,-1.08346,228.702,34.4404,3.44999,6908.58,0,0,1022.02,565.71,60.5458,2,57.3541,40.3,38.3,34.4404,0,0,0,45.4264,26.1462,2,17.054
2325.9,43626,94.5487,-1.08266,228.673,30.0033,3.16279,6908.9,0,0,967.089,546.396,55.3353,2,52.3639,35.6003,33.6003,30.0033,0,0,0,45.4304,26.1461,2,16.7636
2326,43628.6,94.5144,-1.08187,228.645,20.5993,2.59732,6909.16,0,0,858.393,501.491,45.0794,2,42.5669,25.6881,23.6881,20.5993,0,0,0,45.4345,26.1461,2,16.8788
2326.1,43631.3,94.4612,-1.08109,228.617,10.9724,2.00325,6909.36,0,0,726.27,452.21,34.3928,2,32.3521,15.6142,13.6142,10.9724,0,0,0,45.4386,26.1461,2,16.7379
2326.2,43633.9,94.3886,-1.08031,228.588,1.78287,1.54628,6909.51,0,0,700,353.827,25.9368,2,24.4756,6.07064,4.07064,1.78287,0,0,0,45.4431,26.1461,2,18.4049
2326.3,43636.5,94.2989,-1.07954,228.56,-7.13264,1.54628,6909.67,0,0,700,353.827,25.9368,2,24.4756,-2.65592,-4.65592,-7.13264,4.65592,0,0,45.4497,26.1463,2,27.1315
2326.4,43639.1,94.1909,-1.07877,228.532,-11.7698,1.54628,6909.82,0,0,700,353.827,25.9368,2,24.4756,-7.12148,-9.12148,-11.7698,9.12148,0,0,45.4574,26.1465,2,31.5971
2326.5,43641.7,94.0829,-1.07801,228.503,-11.8467,1.54628,6909.98,0,0,700,353.827,25.9368,2,24.4756,-7.19849,-9.19849,-11.8467,9.19849,0,0,45.4651,26.1468,2,31.6741
2326.6,43644.4,93.9749,-1.07725,228.475,-11.9234,1.54628,6910.13,0,0,700,353.827,25.9368,2,24.4756,-7.27527,-9.27527,-11.9234,9.27527,0,0,45.4728,26.147,2,31.7509
2326.7,43647,93.8669,-1.0765,228.447,-11.9998,1.54628,6910.29,0,0,700,353.827,25.9368,2,24.4756,-7.3518,-9.3518,-11.9998,9.3518,0,0,45.4805,26.1472,2,31.8274
2326.8,43649.6,93.7589,-1.07575,228.419,-12.076,1.54628,6910.44,0,0,700,353.827,25.9368,2,24.4756,-7.42808,-9.42808,-12.076,9.42808,0,0,45.4883,26.1475,2,31.9037
2326.9,43652.2,93.6509,-1.075,228.391,-12.1519,1.54628,6910.6,0,0,700,353.827,25.9368,2,24.4756,-7.5041,-9.5041,-12.1519,9.5041,0,0,45.496,26.1477,2,31.9797
2327,43654.8,93.5429,-1.07426,228.363,-12.2275,1.54628,6910.75,0,0,700,353.827,25.9368,2,24.4756,-7.57986,-9.57986,-12.2275,9.57986,0,0,45.5038,26.148,2,32.0555
2327.1,43657.4,93.4349,-1.07351,228.335,-12.3028,1.54628,6910.9,0,0,700,353.827,25.9368,2,24.4756,-7.65534,-9.65534,-12.3028,9.65534,0,0,45.5116,26.1483,2,32.1309
2327.2,43660,93.3269,-1.07278,228.308,-12.3779,1.54628,6911.06,0,0,700,353.827,25.9368,2,24.4756,-7.73051,-9.73051,-12.3779,9.73051,0,0,45.5195,26.1485,2,32.2061
2327.3,43662.6,93.2189,-1.07204,228.28,-12.4527,1.54628,6911.21,0,0,700,353.827,25.9368,2,24.4756,-7.8054,-9.8054,-12.4527,9.8054,0,0,45.5273,26.1488,2,32.281
2327.4,43665.1,93.1109,-1.0713,228.252,-12.5271,1.54628,6911.37,0,0,700,353.827,25.9368,2,24.4756,-7.88001,-9.88001,-12.5271,9.88001,0,0,45.5352,26.149,2,32.3556
2327.5,43667.7,93.0029,-1.07057,228.224,-12.6013,1.54628,6911.52,0,0,700,353.827,25.9368,2,24.4756,-7.95433,-9.95433,-12.6013,9.95433,0,0,45.5431,26.1493,2,32.4299
2327.6,43670.3,92.8949,-1.06984,228.197,-12.6752,1.54628,6911.68,0,0,700,353.827,25.9368,2,24.4756,-8.02835,-10.0284,-12.6752,10.0284,0,0,45.551,26.1495,2,32.5039
2327.7,43672.9,92.7869,-1.06911,228.169,-12.7487,1.54628,6911.83,0,0,700,353.827,25.9368,2,24.4756,-8.10208,-10.1021,-12.7487,10.1021,0,0,45.5589,26.1498,2,32.5777
2327.8,43675.5,92.6789,-1.06837,228.142,-12.8219,1.54628,6911.99,0,0,700,353.827,25.9368,2,24.4756,-8.1755,-10.1755,-12.8219,10.1755,0,0,45.5668,26.1501,2,32.6511
2327.9,43678,92.5709,-1.06764,228.114,-12.8949,1.54628,6912.14,0,0,700,353.827,25.9368,2,24.4756,-8.24861,-10.2486,-12.8949,10.2486,0,0,45.5748,26.1503,2,32.7242
2328,43680.6,92.4629,-1.06691,228.087,-12.9674,1.54628,6912.3,0,0,700,353.827,25.9368,2,24.4756,-8.32141,-10.3214,-12.9674,10.3214,0,0,45.5828,26.1506,2,32.797
2328.1,43683.2,92.3549,-1.06618,228.059,-13.0397,1.54628,6912.45,0,0,700,353.827,25.9368,2,24.4756,-8.39389,-10.3939,-13.0397,10.3939,0,0,45.5907,26.1509,2,32.8695
2328.2,43685.7,92.2469,-1.06544,228.032,-13.1116,1.54628,6912.61,0,0,700,353.827,25.9368,2,24.4756,-8.46605,-10.466,-13.1116,10.466,0,0,45.5988,26.1511,2,32.9416
2328.3,43688.3,92.1389,-1.06471,228.005,-13.1831,1.54628,6912.76,0,0,700,353.827,25.9368,2,24.4756,-8.53787,-10.5379,-13.1831,10.5379,0,0,45.6068,26.1514,2,33.0135
2328.4,43690.9,92.0309,-1.06397,227.977,-13.2544,1.54628,6912.92,0,0,700,353.827,25.9368,2,24.4756,-8.60936,-10.6094,-13.2544,10.6094,0,0,45.6148,26.1517,2,33.085
2328.5,43693.4,91.9229,-1.06323,227.95,-13.3252,1.54628,6913.07,0,0,700,353.827,25.9368,2,24.4756,-8.68049,-10.6805,-13.3252,10.6805,0,0,45.6229,26.152,2,33.1561
2328.6,43696,91.8149,-1.06249,227.923,-13.3957,1.54628,6913.22,0,0,700,353.827,25.9368,2,24.4756,-8.75127,-10.7513,-13.3957,10.7513,0,0,45.631,26.1522,2,33.2269
2328.7,43698.5,91.7069,-1.06174,227.896,-13.4659,1.54628,6913.38,0,0,700,353.827,25.9368,2,24.4756,-8.82171,-10.8217,-13.4659,10.8217,0,0,45.6391,26.1525,2,33.2973
2328.8,43701.1,91.5989,-1.06099,227.869,-13.5356,1.54628,6913.53,0,0,700,353.827,25.9368,2,24.4756,-8.89179,-10.8918,-13.5356,10.8918,0,0,45.6472,26.1528,2,33.3674
2328.9,43703.6,91.4909,-1.06024,227.842,-13.605,1.54628,6913.69,0,0,700,353.827,25.9368,2,24.4756,-8.96152,-10.9615,-13.605,10.9615,0,0,45.6553,26.1531,2,33.4371
2329,43706.1,91.3829,-1.05949,227.815,-13.674,1.54628,6913.84,0,0,700,353.827,25.9368,2,24.4756,-9.03088,-11.0309,-13.674,11.0309,0,0,45.6634,26.1534,2,33.5065
2329.1,43708.7,91.2749,-1.05873,227.788,-13.7427,1.54628,6914,0,0,700,353.827,25.9368,2,24.4756,-9.09988,-11.0999,-13.7427,11.0999,0,0,45.6716,26.1537,2,33.5755
2329.2,43711.2,91.1669,-1.05797,227.761,-13.8109,1.54628,6914.15,0,0,700,353.827,25.9368,2,24.4756,-9.16851,-11.1685,-13.8109,11.1685,0,0,45.6798,26.1539,2,33.6441
2329.3,43713.7,91.0589,-1.0572,227.735,-13.8788,1.54628,6914.31,0,0,700,353.827,25.9368,2,24.4756,-9.23677,-11.2368,-13.8788,11.2368,0,0,45.688,26.1542,2,33.7124
2329.4,43716.3,90.9509,-1.05643,227.708,-13.9462,1.54628,6914.46,0,0,700,353.827,25.9368,2,24.4756,-9.30464,-11.3046,-13.9462,11.3046,0,0,45.6962,26.1545,2,33.7802
2329.5,43718.8,90.8429,-1.05565,227.681,-14.0133,1.54628,6914.62,0,0,700,353.827,25.9368,2,24.4756,-9.37214,-11.3721,-14.0133,11.3721,0,0,45.7044,26.1548,2,33.8477
2329.6,43721.3,90.7349,-1.05486,227.655,-14.08,1.54628,6914.77,0,0,700,353.827,25.9368,2,24.4756,-9.43925,-11.4392,-14.08,11.4392,0,0,45.7127,26.1551,2,33.9148
2329.7,43723.8,90.6269,-1.05407,227.628,-14.1462,1.54628,6914.93,0,0,700,353.827,25.9368,2,24.4756,-9.50595,-11.506,-14.1462,11.506,0,0,45.7209,26.1554,2,33.9815
2329.8,43726.4,90.5189,-1.05328,227.602,-14.2121,1.54628,6915.08,0,0,700,353.827,25.9368,2,24.4756,-9.57224,-11.5722,-14.2121,11.5722,0,0,45.7292,26.1557,2,34.0478
2329.9,43728.9,90.4109,-1.05248,227.575,-14.2775,1.54628,6915.23,0,0,700,353.827,25.9368,2,24.4756,-9.63813,-11.6381,-14.2775,11.6381,0,0,45.7375,26.156,2,34.1137
2330,43731.4,90.3029,-1.05167,227.549,-14.3425,1.54628,6915.39,0,0,700,353.827,25.9368,2,24.4756,-9.70362,-11.7036,-14.3425,11.7036,0,0,45.7458,26.1563,2,34.1792
2330.1,43733.9,90.1949,-1.05085,227.522,-14.4071,1.54628,6915.54,0,0,700,353.827,25.9368,2,24.4756,-9.7687,-11.7687,-14.4071,11.7687,0,0,45.7541,26.1566,2,34.2443
2330.2,43736.4,90.0869,-1.05003,227.496,-14.4712,1.54628,6915.7,0,0,700,353.827,25.9368,2,24.4756,-9.83337,-11.8334,-14.4712,11.8334,0,0,45.7625,26.1569,2,34.309
2330.3,43738.9,89.9789,-1.0492,227.47,-14.535,1.54628,6915.85,0,0,700,353.827,25.9368,2,24.4756,-9.89763,-11.8976,-14.535,11.8976,0,0,45.7708,26.1572,2,34.3732
2330.4,43741.4,89.8709,-1.04836,227.444,-14.5982,1.54628,6916.01,0,0,700,353.827,25.9368,2,24.4756,-9.96147,-11.9615,-14.5982,11.9615,0,0,45.7792,26.1575,2,34.4371
2330.5,43743.9,89.7629,-1.04751,227.418,-14.6611,1.54628,6916.16,0,0,700,353.827,25.9368,2,24.4756,-10.0249,-12.0249,-14.6611,12.0249,0,0,45.7876,26.1578,2,34.5005
2330.6,43746.4,89.6549,-1.04666,227.391,-14.7235,1.54628,6916.32,0,0,700,353.827,25.9368,2,24.4756,-10.0879,-12.0879,-14.7235,12.0879,0,0,45.796,26.1581,2,34.5635
2330.7,43748.9,89.5469,-1.0458,227.365,-14.7855,1.54628,6916.47,0,0,700,353.827,25.9368,2,24.4756,-10.1505,-12.1505,-14.7855,12.1505,0,0,45.8044,26.1584,2,34.6261
2330.8,43751.3,89.4389,-1.04492,227.339,-14.847,1.54628,6916.63,0,0,700,353.827,25.9368,2,24.4756,-10.2126,-12.2126,-14.847,12.2126,0,0,45.8128,26.1588,2,34.6882
2330.9,43753.8,89.3309,-1.04404,227.314,-14.908,1.54628,6916.78,0,0,700,353.827,25.9368,2,24.4756,-10.2743,-12.2743,-14.908,12.2743,0,0,45.8213,26.1591,2,34.7499
2331,43756.3,89.2229,-1.04315,227.288,-14.9686,1.54628,6916.94,0,0,700,353.827,25.9368,2,24.4756,-10.3356,-12.3356,-14.9686,12.3356,0,0,45.8297,26.1594,2,34.8112
2331.1,43758.8,89.1149,-1.04225,227.262,-15.0288,1.54628,6917.09,0,0,700,353.827,25.9368,2,24.4756,-10.3964,-12.3964,-15.0288,12.3964,0,0,45.8382,26.1597,2,34.872
2331.2,43761.3,89.0069,-1.04134,227.236,-15.0885,1.54628,6917.24,0,0,700,353.827,25.9368,2,24.4756,-10.4567,-12.4567,-15.0885,12.4567,0,0,45.8467,26.16,2,34.9323
2331.3,43763.7,88.8989,-1.04042,227.21,-15.1477,1.54628,6917.4,0,0,700,353.827,25.9368,2,24.4756,-10.5166,-12.5166,-15.1477,12.5166,0,0,45.8552,26.1603,2,34.9922
2331.4,43766.2,88.7909,-1.03948,227.185,-15.2064,1.54628,6917.55,0,0,700,353.827,25.9368,2,24.4756,-10.5761,-12.5761,-15.2064,12.5761,0,0,45.8637,26.1607,2,35.0517
2331.5,43768.7,88.6829,-1.03854,227.159,-15.2647,1.54628,6917.71,0,0,700,353.827,25.9368,2,24.4756,-10.6351,-12.6351,-15.2647,12.6351,0,0,45.8723,26.161,2,35.1107
2331.6,43771.1,88.5749,-1.03759,227.133,-15.3225,1.54628,6917.86,0,0,700,353.827,25.9368,2,24.4756,-10.6937,-12.6937,-15.3225,12.6937,0,0,45.8808,26.1613,2,35.1693
2331.7,43773.6,88.4669,-1.03662,227.108,-15.3799,1.54628,6918.02,0,0,700,353.827,25.9368,2,24.4756,-10.7518,-12.7518,-15.3799,12.7518,0,0,45.8894,26.1616,2,35.2274
2331.8,43776,88.3589,-1.03565,227.083,-15.4367,1.54628,6918.17,0,0,700,353.827,25.9368,2,24.4756,-10.8094,-12.8094,-15.4367,12.8094,0,0,45.898,26.1619,2,35.285
2331.9,43778.5,88.2509,-1.03466,227.057,-15.4931,1.54628,6918.33,0,0,700,353.827,25.9368,2,24.4756,-10.8666,-12.8666,-15.4931,12.8666,0,0,45.9066,26.1623,2,35.3422
2332,43780.9,88.1429,-1.03366,227.032,-15.549,1.54628,6918.48,0,0,700,353.827,25.9368,2,24.4756,-10.9233,-12.9233,-15.549,12.9233,0,0,45.9152,26.1626,2,35.3989
2332.1,43783.4,88.0349,-1.03265,227.007,-15.6044,1.54628,6918.64,0,0,700,353.827,25.9368,2,24.4756,-10.9796,-12.9796,-15.6044,12.9796,0,0,45.9238,26.1629,2,35.4551
2332.2,43785.8,87.9269,-1.03162,226.981,-15.6593,1.54628,6918.79,0,0,700,353.827,25.9368,2,24.4756,-11.0353,-13.0353,-15.6593,13.0353,0,0,45.9324,26.1633,2,35.5109
2332.3,43788.3,87.8189,-1.03058,226.956,-15.7137,1.54628,6918.95,0,0,700,353.827,25.9368,2,24.4756,-11.0906,-13.0906,-15.7137,13.0906,0,0,45.9411,26.1636,2,35.5662
2332.4,43790.7,87.7109,-1.02953,226.931,-15.7676,1.54628,6919.1,0,0,700,353.827,25.9368,2,24.4756,-11.1454,-13.1454,-15.7676,13.1454,0,0,45.9497,26.1639,2,35.621
2332.5,43793.1,87.6029,-1.02847,226.906,-15.821,1.54628,6919.25,0,0,700,353.827,25.9368,2,24.4756,-11.1998,-13.1998,-15.821,13.1998,0,0,45.9584,26.1643,2,35.6754
2332.6,43795.6,87.4949,-1.02739,226.881,-15.8739,1.54628,6919.41,0,0,700,353.827,25.9368,2,24.4756,-11.2536,-13.2536,-15.8739,13.2536,0,0,45.9671,26.1646,2,35.7292
2332.7,43798,87.3869,-1.0263,226.856,-15.9264,1.54628,6919.56,0,0,700,353.827,25.9368,2,24.4756,-11.307,-13.307,-15.9264,13.307,0,0,45.9758,26.1649,2,35.7826
2332.8,43800.4,87.2789,-1.0252,226.831,-15.9783,1.54628,6919.72,0,0,700,353.827,25.9368,2,24.4756,-11.3599,-13.3599,-15.9783,13.3599,0,0,45.9845,26.1653,2,35.8355
2332.9,43802.9,87.1709,-1.02408,226.806,-15.9427,1.54628,6919.87,0,0,700,353.827,25.9368,2,24.4756,-11.3292,-13.3292,-15.9427,13.3292,0,0,45.9932,26.1656,2,35.8048
2333,43805.3,87.0632,-1.02295,226.782,-15.8458,1.54628,6920.03,0,0,700,353.827,25.9368,2,24.4756,-11.2399,-13.2399,-15.8458,13.2399,0,0,46.0019,26.166,2,35.7155
2333.1,43807.7,86.9559,-1.02181,226.757,-15.8353,1.54628,6920.18,0,0,700,353.827,25.9368,2,24.4756,-11.2331,-13.2331,-15.8353,13.2331,0,0,46.0106,26.1663,2,35.7087
2333.2,43810.1,86.8485,-1.02064,226.732,-15.518,1.54628,6920.34,0,0,700,353.827,25.9368,2,24.4756,-10.9332,-12.9332,-15.518,12.9332,0,0,46.0192,26.1666,2,35.4088
2333.3,43812.5,86.7428,-1.01947,226.708,-14.3227,1.54628,6920.49,0,0,700,353.827,25.9368,2,24.4756,-9.79448,-11.7945,-14.3227,11.7945,0,0,46.0275,26.1669,2,34.2701
2333.4,43814.9,86.6408,-1.01828,226.683,-12.6864,1.54628,6920.65,0,0,700,353.827,25.9368,2,24.4756,-8.23432,-10.2343,-12.6864,10.2343,0,0,46.0355,26.1672,2,32.7099
2333.5,43817.3,86.5424,-1.01707,226.659,-11.1243,1.54628,6920.8,0,0,700,353.827,25.9368,2,24.4756,-6.74492,-8.74492,-11.1243,8.74492,0,0,46.043,26.1674,2,31.2205
2333.6,43819.7,86.4475,-1.01585,226.634,-10.1581,1.54628,6920.96,0,0,700,353.827,25.9368,2,24.4756,-5.82477,-7.82477,-10.1581,7.82477,0,0,46.0504,26.1676,2,30.3004
2333.7,43822.1,86.3535,-1.01462,226.61,-9.52372,1.54628,6921.11,0,0,700,353.827,25.9368,2,24.4756,-5.21748,-7.21748,-9.52372,7.21748,0,0,46.0576,26.1678,2,29.6931
2333.8,43824.5,86.2615,-1.01336,226.585,-8.68517,1.54628,6921.27,0,0,700,353.827,25.9368,2,24.4756,-4.41243,-6.41243,-8.68517,6.41243,0,0,46.0647,26.168,2,28.888
2333.9,43826.9,86.1714,-1.0121,226.561,-7.89158,1.54628,6921.42,0,0,700,353.827,25.9368,2,24.4756,-3.65064,-5.65064,-7.89158,5.65064,0,0,46.0715,26.1682,2,28.1262
2334,43829.3,86.0831,-1.01081,226.537,-7.10825,1.54628,6921.57,0,0,700,353.827,25.9368,2,24.4756,-2.89868,-4.89868,-7.10825,4.89868,0,0,46.0781,26.1683,2,27.3743
2334.1,43831.7,85.9966,-1.00951,226.513,-5.50059,1.54628,6921.73,0,0,700,353.827,25.9368,2,24.4756,-1.35247,-3.35247,-5.50059,3.35247,0,0,46.0844,26.1684,2,25.8281
2334.2,43834.1,85.9155,-1.00819,226.489,-3.76416,1.54628,6921.88,0,0,700,353.827,25.9368,2,24.4756,0.317972,-1.68203,-3.76416,1.68203,0,0,46.0903,26.1685,2,24.1576
2334.3,43836.5,85.8368,-1.00686,226.465,-3.05101,1.54628,6922.04,0,0,700,353.827,25.9368,2,24.4756,1.00259,-0.997408,-3.05101,0.997408,0,0,46.096,26.1686,2,23.473
2334.4,43838.9,85.7591,-1.00551,226.441,-2.51098,1.54628,6922.19,0,0,700,353.827,25.9368,2,24.4756,1.52045,-0.479555,-2.51098,0.479555,0,0,46.1016,26.1687,2,22.9551
2334.5,43841.2,85.6829,-1.00414,226.417,-1.62316,1.54628,6922.35,0,0,700,353.827,25.9368,2,24.4756,2,-0,-1.62316,0,0,0,46.107,26.1687,2,22.4756
2334.6,43843.6,85.6093,-1.00275,226.393,-0.539258,1.54628,6922.5,0,0,700,353.827,25.9368,2,24.4756,2,-0,-0.539258,0,0,0,46.1125,26.1688,2,22.4756
2334.7,43846,85.538,-1.00135,226.369,0.662829,1.54628,6922.66,0,0,700,353.827,25.9368,2,24.4756,4.62064,2.62064,0.662829,0,0,0,46.1173,26.1688,2,19.8549
2334.8,43848.4,85.4698,-0.999925,226.345,2.18914,1.54628,6922.81,0,0,700,353.827,25.9368,2,24.4756,6.20265,4.20265,2.18914,0,0,0,46.1218,26.1688,2,18.2729
2334.9,43850.7,85.4055,-0.998485,226.322,3.84084,1.54628,6922.97,0,0,700,353.827,25.9368,2,24.4756,7.91494,5.91494,3.84084,0,0,0,46.1258,26.1688,2,16.5607
2335,43853.1,85.3447,-0.997026,226.298,6.00629,1.6224,6923.13,0,0,700,373.244,27.3602,2,25.7993,10.1605,8.16055,6.00629,0,0,0,46.1296,26.1688,2,15.6388
2335.1,43855.5,85.2901,-0.995549,226.274,8.54803,1.76692,6923.3,0,0,700,410.109,30.0626,2,28.2999,12.7969,10.7969,8.54803,0,0,0,46.1334,26.1687,2,15.503
2335.2,43857.9,85.2407,-0.994052,226.251,11.0059,1.90916,6923.5,0,0,704.485,443.343,32.707,2,30.7437,15.361,13.361,11.0059,0,0,0,46.1371,26.1687,2,15.3827
2335.3,43860.2,85.1971,-0.992537,226.227,13.452,2.05538,6923.7,0,0,739.873,455.89,35.3221,2,33.2439,17.9196,15.9196,13.452,0,0,0,46.1408,26.1687,2,15.3243
2335.4,43862.6,85.1586,-0.991002,226.204,15.8995,2.20111,6923.92,0,0,770.965,470.003,37.9458,2,35.7439,20.4799,18.4799,15.8995,0,0,0,46.1446,26.1686,2,15.264
2335.5,43865,85.1258,-0.989447,226.18,17.6385,2.3257,6924.15,0,0,801.659,478.574,40.176,2,37.884,22.2988,20.2988,17.6385,0,0,0,46.1483,26.1686,2,15.5852
2335.6,43867.3,85.0951,-0.987873,226.157,18.4964,2.37663,6924.39,0,0,809.336,485.003,41.1057,2,38.7622,23.1956,21.1956,18.4964,0,0,0,46.1521,26.1686,2,15.5665
2335.7,43869.7,85.0662,-0.986278,226.134,19.4315,2.44172,6924.64,0,0,824.393,489.693,42.2753,2,39.883,24.1799,22.1799,19.4315,0,0,0,46.1559,26.1685,2,15.7031
2335.8,43872,85.0396,-0.984663,226.11,20.4795,2.5041,6924.89,0,0,839.878,493.367,43.3925,2,40.9575,25.284,23.284,20.4795,0,0,0,46.1598,26.1685,2,15.6735
2335.9,43874.4,85.0154,-0.983027,226.087,21.771,2.58252,6925.14,0,0,854.456,500.85,44.8153,2,42.3118,26.6449,24.6449,21.771,0,0,0,46.1636,26.1685,2,15.6669
2336,43876.8,84.9945,-0.981371,226.064,23.3801,2.68196,6925.41,0,0,872.774,510.095,46.621,2,44.0313,28.3407,26.3407,23.3801,0,0,0,46.1674,26.1685,2,15.6905
2336.1,43879.1,84.9774,-0.979693,226.041,25.0089,2.77277,6925.69,0,0,891.86,516.742,48.2613,2,45.6015,30.0574,28.0574,25.0089,0,0,0,46.1712,26.1684,2,15.5442
2336.2,43881.5,84.9638,-0.977994,226.018,26.6688,2.87788,6925.98,0,0,912.972,524.696,50.1642,2,47.4214,31.8069,29.8069,26.6688,0,0,0,46.1749,26.1684,2,15.6145
2336.3,43883.9,84.954,-0.976274,225.995,28.3145,2.98485,6926.28,0,0,933.993,532.708,52.1028,2,49.2754,33.5447,31.5447,28.3145,0,0,0,46.1788,26.1684,2,15.7307
2336.4,43886.2,84.9476,-0.974531,225.972,29.4559,3.04537,6926.58,0,0,943.263,538.637,53.2057,2,50.3226,34.7554,32.7554,29.4559,0,0,0,46.1826,26.1683,2,15.5672
2336.5,43888.6,84.9428,-0.972767,225.949,30.48,3.11272,6926.89,0,0,957,543.111,54.4289,2,51.495,35.8417,33.8417,30.48,0,0,0,46.1864,26.1683,2,15.6533
2336.6,43890.9,84.9409,-0.970981,225.926,31.6735,3.17215,6927.21,0,0,968.966,547.008,55.5048,2,52.5263,37.1077,35.1077,31.6735,0,0,0,46.1901,26.1683,2,15.4186
2336.7,43893.3,84.9413,-0.969172,225.903,32.3405,3.2249,6927.53,0,0,979.5,550.438,56.4601,2,53.442,37.8153,35.8153,32.3405,0,0,0,46.1939,26.1682,2,15.6267
2336.8,43895.7,84.9422,-0.96734,225.88,32.8408,3.26075,6927.86,0,0,986.095,553.067,57.1117,2,54.0651,38.3461,36.3461,32.8408,0,0,0,46.1977,26.1682,2,15.719
2336.9,43898,84.9447,-0.965486,225.857,33.1444,3.27737,6928.19,0,0,988.526,554.651,57.4164,2,54.3544,38.6682,36.6682,33.1444,0,0,0,46.2015,26.1682,2,15.6862
2337,43900.4,84.9468,-0.963608,225.834,32.9765,3.26766,6928.51,0,0,987.106,553.726,57.2384,2,54.1853,38.4901,36.4901,32.9765,0,0,0,46.2054,26.1681,2,15.6952
2337.1,43902.7,84.9485,-0.961707,225.812,33.0034,3.26883,6928.84,0,0,987.277,553.837,57.2598,2,54.2057,38.5187,36.5187,33.0034,0,0,0,46.2092,26.1681,2,15.687
2337.2,43905.1,84.9506,-0.959783,225.789,33.0658,3.27198,6929.17,0,0,987.738,554.137,57.3176,2,54.2606,38.5849,36.5849,33.0658,0,0,0,46.213,26.1681,2,15.6757
2337.3,43907.4,84.9523,-0.957836,225.766,32.6663,3.24877,6929.49,0,0,984.24,551.981,56.8924,2,53.8565,38.1612,36.1612,32.6663,0,0,0,46.2168,26.1681,2,15.6952
2337.4,43909.8,84.9525,-0.955864,225.744,32.6532,3.2472,6929.82,0,0,983.929,551.88,56.8639,2,53.8292,38.1473,36.1473,32.6532,0,0,0,46.2206,26.168,2,15.6819
2337.5,43912.2,84.954,-0.953869,225.721,33.0473,3.26995,6930.14,0,0,987.441,553.944,57.2804,2,54.2252,38.5654,36.5654,33.0473,0,0,0,46.2244,26.168,2,15.6598
2337.6,43914.5,84.9558,-0.95185,225.699,32.959,3.26469,6930.47,0,0,986.672,553.443,57.184,2,54.1337,38.4717,36.4717,32.959,0,0,0,46.2282,26.168,2,15.6619
2337.7,43916.9,84.9569,-0.949807,225.676,32.9092,3.26159,6930.8,0,0,986.217,553.147,57.127,2,54.0796,38.419,36.419,32.9092,0,0,0,46.232,26.1679,2,15.6606
2337.8,43919.2,84.9583,-0.947739,225.654,32.896,3.26052,6931.12,0,0,986.061,553.045,57.1075,2,54.061,38.405,36.405,32.896,0,0,0,46.2358,26.1679,2,15.656
2337.9,43921.6,84.9591,-0.945647,225.632,32.5695,3.23786,6931.45,0,0,982.076,551.277,56.6948,2,53.6671,38.0587,36.0587,32.5695,0,0,0,46.2396,26.1679,2,15.6084
2338,43924,84.9589,-0.943531,225.609,32.1305,3.20136,6931.77,0,0,974.809,548.91,56.0337,2,53.0333,37.5929,35.5929,32.1305,0,0,0,46.2434,26.1678,2,15.4404
2338.1,43926.3,84.9576,-0.941389,225.587,31.7459,3.17148,6932.08,0,0,968.831,546.964,55.4926,2,52.5146,37.185,35.185,31.7459,0,0,0,46.2471,26.1678,2,15.3297
2338.2,43928.7,84.9556,-0.939223,225.565,32.1768,3.20419,6932.4,0,0,975.373,549.094,56.0849,2,53.0824,37.642,35.642,32.1768,0,0,0,46.2509,26.1678,2,15.4404
2338.3,43931,84.9561,-0.937032,225.543,33.6627,3.30175,6932.73,0,0,992.08,556.966,57.8634,2,54.7789,39.2183,37.2183,33.6627,0,0,0,46.2547,26.1677,2,15.5606
2338.4,43933.4,84.9606,-0.934816,225.521,35.2651,3.40368,6933.07,0,0,1012.81,562.952,59.7073,2,56.5494,40.9182,38.9182,35.2651,0,0,0,46.2585,26.1677,2,15.6311
2338.5,43935.8,84.968,-0.932575,225.499,36.7735,3.50159,6933.42,0,0,1032.77,568.439,61.4776,2,58.2503,42.5186,40.5186,36.7735,0,0,0,46.2623,26.1677,2,15.7317
2338.6,43938.1,84.979,-0.930308,225.477,38.4082,3.58239,6933.78,0,0,1046.13,574.641,62.9521,2,59.6576,44.2601,42.2601,38.4082,0,0,0,46.266,26.1676,2,15.3976
2338.7,43940.5,84.9934,-0.928015,225.455,38.659,3.59982,6934.14,0,0,1050.13,575.297,63.2651,2,59.9601,44.5279,42.5279,38.659,0,0,0,46.2698,26.1676,2,15.4322
2338.8,43942.8,85.0053,-0.925696,225.433,37.7016,3.55132,6934.5,0,0,1040.24,572.722,62.3886,2,59.1173,43.5072,41.5072,37.7016,0,0,0,46.2736,26.1676,2,15.6101
2338.9,43945.2,85.0153,-0.923351,225.411,36.4411,3.47974,6934.85,0,0,1028.98,566.842,61.0797,2,57.87,42.1671,40.1671,36.4411,0,0,0,46.2774,26.1675,2,15.7029
2339,43947.6,85.0213,-0.920979,225.389,34.8659,3.37903,6935.18,0,0,1009.27,560.647,59.2551,2,56.1198,40.4963,38.4963,34.8659,0,0,0,46.2812,26.1675,2,15.6235
2339.1,43949.9,85.0241,-0.918582,225.368,33.4558,3.28758,6935.51,0,0,990.016,555.621,57.6035,2,54.5321,39.0005,37.0005,33.4558,0,0,0,46.285,26.1675,2,15.5316
2339.2,43952.3,85.0237,-0.916159,225.346,32.7251,3.24446,6935.84,0,0,983.386,551.703,56.8144,2,53.7817,38.2254,36.2254,32.7251,0,0,0,46.2887,26.1675,2,15.5563
2339.3,43954.7,85.0231,-0.913709,225.324,32.612,3.23466,6936.16,0,0,981.44,551.07,56.6368,2,53.6115,38.1053,36.1053,32.612,0,0,0,46.2925,26.1674,2,15.5062
2339.4,43957,85.0221,-0.911233,225.303,33.0109,3.26173,6936.49,0,0,986.237,553.16,57.1296,2,54.082,38.5285,36.5285,33.0109,0,0,0,46.2963,26.1674,2,15.5535
2339.5,43959.4,85.0231,-0.90873,225.281,33.9912,3.31915,6936.82,0,0,996.081,557.728,58.1763,2,55.0807,39.5685,37.5685,33.9912,0,0,0,46.3001,26.1674,2,15.5122
2339.6,43961.7,85.0262,-0.906201,225.26,35.3339,3.40363,6937.16,0,0,1012.8,562.948,59.7065,2,56.5486,40.9929,38.9929,35.3339,0,0,0,46.3038,26.1673,2,15.5557
2339.7,43964.1,85.033,-0.903645,225.238,37.3559,3.53136,6937.51,0,0,1036.97,571.171,62.0241,2,58.7695,43.1391,41.1391,37.3559,0,0,0,46.3076,26.1673,2,15.6304
2339.8,43966.5,85.0448,-0.901062,225.217,39.8995,3.67515,6937.88,0,0,1065.06,579.45,64.628,2,61.2695,45.8518,43.8518,39.8995,0,0,0,46.3114,26.1673,2,15.4176
2339.9,43968.8,85.0627,-0.898452,225.196,42.6129,3.81891,6938.26,0,0,1093.12,587.306,67.2297,2,63.7692,48.7458,46.7458,42.6129,0,0,0,46.315,26.1672,2,15.0234
2340,43971.2,85.0863,-0.895814,225.175,45.1798,3.96262,6938.66,0,0,1119.97,595.435,69.8341,2,66.2695,51.4836,49.4836,45.1798,0,0,0,46.3186,26.1672,2,14.7859
2340.1,43973.6,85.1153,-0.893148,225.154,47.5745,4.10642,6939.07,0,0,1144.79,604.266,72.4409,2,68.7675,54.043,52.043,47.5745,0,0,0,46.3222,26.1671,2,14.7244
2340.2,43975.9,85.1492,-0.890454,225.132,49.8782,4.24986,6939.49,0,0,1172.9,610.914,75.036,2,71.2662,56.5111,54.5111,49.8782,0,0,0,46.3258,26.1671,2,14.7551
2340.3,43978.3,85.1879,-0.887732,225.111,51.8309,4.39338,6939.93,0,0,1197.74,619.003,77.6397,2,73.7645,58.6033,56.6033,51.8309,0,0,0,46.3295,26.1671,2,15.1612
2340.4,43980.7,85.2301,-0.88498,225.09,53.3849,4.50587,6940.38,0,0,1222.35,622.244,79.6496,2,75.7105,60.2686,58.2686,53.3849,0,0,0,46.3332,26.167,2,15.442
2340.5,43983,85.2753,-0.8822,225.07,54.812,4.5649,6940.84,0,0,1236.28,623.319,80.697,2,76.7283,61.798,59.798,54.812,0,0,0,46.3369,26.167,2,14.9303
2340.6,43985.4,85.3233,-0.879391,225.049,55.6434,4.64013,6941.3,0,0,1253.85,624.749,82.0311,2,78.0242,62.6893,60.6893,55.6434,0,0,0,46.3406,26.167,2,15.3349
2340.7,43987.8,85.3717,-0.876553,225.028,55.3867,4.64013,6941.77,0,0,1253.85,624.749,82.0311,2,78.0242,62.4154,60.4154,55.3867,0,0,0,46.3444,26.1669,2,15.6088
2340.8,43990.1,85.418,-0.873685,225.007,53.8514,4.50858,6942.22,0,0,1223.08,622.244,79.6972,2,75.7571,60.7719,58.7719,53.8514,0,0,0,46.348,26.1669,2,14.9853
2340.9,43992.5,85.4591,-0.870787,224.986,51.3365,4.39234,6942.66,0,0,1197.56,618.945,77.6209,2,73.7464,58.0791,56.0791,51.3365,0,0,0,46.3518,26.1669,2,15.6673
2341,43994.9,85.4939,-0.86786,224.966,48.7222,4.22338,6943.08,0,0,1168.27,609.407,74.5556,2,70.8053,55.2798,53.2798,48.7222,0,0,0,46.3556,26.1668,2,15.5255
2341.1,43997.3,85.5231,-0.864904,224.945,46.811,4.10634,6943.49,0,0,1144.78,604.261,72.4394,2,68.766,53.2334,51.2334,46.811,0,0,0,46.3594,26.1668,2,15.5326
2341.2,43999.6,85.549,-0.861919,224.925,45.4389,4.0323,6943.89,0,0,1133.47,598.952,71.0936,2,67.4808,51.7704,49.7704,45.4389,0,0,0,46.3632,26.1668,2,15.7104
2341.3,44002,85.5718,-0.858905,224.904,44.6975,3.98052,6944.29,0,0,1123.91,596.077,70.1553,2,66.58,50.9803,48.9803,44.6975,0,0,0,46.367,26.1667,2,15.5997
2341.4,44004.4,85.5941,-0.855862,224.884,44.386,3.95689,6944.69,0,0,1118.7,595.229,69.7312,2,66.1701,50.6486,48.6486,44.386,0,0,0,46.3708,26.1667,2,15.5215
2341.5,44006.8,85.6152,-0.852789,224.863,43.6813,3.91053,6945.08,0,0,1111.21,591.973,68.8856,2,65.3618,49.8976,47.8976,43.6813,0,0,0,46.3745,26.1667,2,15.4643
2341.6,44009.1,85.6341,-0.849688,224.843,42.2915,3.81398,6945.46,0,0,1092.07,587.096,67.141,2,63.6837,48.416,46.416,42.2915,0,0,0,46.3783,26.1666,2,15.2677
2341.7,44011.5,85.6487,-0.846557,224.823,40.5713,3.71467,6945.83,0,0,1071.19,582.483,65.3399,2,61.9486,46.582,44.582,40.5713,0,0,0,46.382,26.1666,2,15.3666
2341.8,44013.9,85.6597,-0.843397,224.803,38.9882,3.61145,6946.19,0,0,1052.8,575.731,63.4739,2,60.1618,44.8941,42.8941,38.9882,0,0,0,46.3857,26.1666,2,15.2677
2341.9,44016.3,85.667,-0.840208,224.783,37.5919,3.53848,6946.55,0,0,1037.97,571.824,62.1549,2,58.8937,43.4053,41.4053,37.5919,0,0,0,46.3895,26.1665,2,15.4885
2342,44018.7,85.6717,-0.83699,224.763,36.3446,3.46139,6946.89,0,0,1024.69,566.144,60.7503,2,57.5518,42.0814,40.0814,36.3446,0,0,0,46.3932,26.1665,2,15.4704
2342.1,44021,85.6733,-0.833744,224.743,35.1451,3.38546,6947.23,0,0,1010.2,561.249,59.3731,2,56.2318,40.809,38.809,35.1451,0,0,0,46.397,26.1665,2,15.4229
2342.2,44023.4,85.6724,-0.830469,224.723,34.041,3.3128,6947.56,0,0,994.57,557.482,58.0624,2,54.9707,39.6377,37.6377,34.041,0,0,0,46.4007,26.1664,2,15.333
2342.3,44025.8,85.6689,-0.827165,224.704,33.0433,3.25494,6947.89,0,0,985.243,552.513,57.0052,2,53.9639,38.5793,36.5793,33.0433,0,0,0,46.4044,26.1664,2,15.3846
2342.4,44028.2,85.6634,-0.823832,224.684,32.141,3.18249,6948.21,0,0,971.038,547.682,55.6921,2,52.7059,37.622,35.622,32.141,0,0,0,46.4081,26.1664,2,15.0838
2342.5,44030.6,85.6557,-0.820471,224.664,31.2377,3.14101,6948.52,0,0,962.709,544.97,54.941,2,51.9859,36.6635,34.6635,31.2377,0,0,0,46.4118,26.1663,2,15.3223
2342.6,44032.9,85.6461,-0.817081,224.645,30.2762,3.06875,6948.83,0,0,948.079,540.205,53.633,2,50.7322,35.6434,33.6434,30.2762,0,0,0,46.4155,26.1663,2,15.0888
2342.7,44035.3,85.634,-0.813663,224.625,28.9895,3.00598,6949.13,0,0,936.56,535.216,52.492,2,49.6428,34.2781,32.2781,28.9895,0,0,0,46.4192,26.1663,2,15.3647
2342.8,44037.7,85.6185,-0.810217,224.606,27.1518,2.88502,6949.42,0,0,913.856,525.561,50.2955,2,47.5454,32.3343,30.3343,27.1518,0,0,0,46.4229,26.1662,2,15.2111
2342.9,44040.1,85.5981,-0.806743,224.587,24.9011,2.74757,6949.69,0,0,887.847,514.128,47.8012,2,45.1649,29.961,27.961,24.9011,0,0,0,46.4266,26.1662,2,15.2039
2343,44042.5,85.5725,-0.80324,224.568,22.6912,2.614,6949.95,0,0,862.169,502.619,45.3795,2,42.8548,27.6306,25.6306,22.6912,0,0,0,46.4303,26.1662,2,15.2243
2343.1,44044.8,85.5423,-0.79971,224.549,21.0416,2.5128,6950.2,0,0,841.036,494.499,43.552,2,41.108,25.8907,23.8907,21.0416,0,0,0,46.434,26.1661,2,15.2173
2343.2,44047.2,85.5094,-0.796153,224.53,20.1567,2.45915,6950.45,0,0,829.14,490.465,42.5858,2,40.1829,24.9569,22.9569,20.1567,0,0,0,46.4377,26.1661,2,15.226
2343.3,44049.6,85.4751,-0.792568,224.511,19.7394,2.43328,6950.69,0,0,822.258,489.212,42.1244,2,39.7378,24.5161,22.5161,19.7394,0,0,0,46.4414,26.166,2,15.2217
2343.4,44052,85.4403,-0.788956,224.492,19.5809,2.42147,6950.93,0,0,819.575,488.338,41.912,2,39.5344,24.348,22.348,19.5809,0,0,0,46.4451,26.166,2,15.1864
2343.5,44054.3,85.4053,-0.785317,224.474,19.2384,2.39659,6951.17,0,0,813.906,486.492,41.4647,2,39.106,23.9859,21.9859,19.2384,0,0,0,46.4488,26.166,2,15.1201
2343.6,44056.7,85.3688,-0.78165,224.455,18.4376,2.34451,6951.41,0,0,804.258,481.113,40.5202,2,38.2084,23.1423,21.1423,18.4376,0,0,0,46.4525,26.1659,2,15.0661
2343.7,44059.1,85.3301,-0.777957,224.436,17.4835,2.28886,6951.64,0,0,793.032,475.819,39.5149,2,37.2507,22.1426,20.1426,17.4835,0,0,0,46.4561,26.1659,2,15.108
2343.8,44061.4,85.2893,-0.774236,224.418,16.6847,2.23953,6951.86,0,0,780.051,472.962,38.6347,2,36.4035,21.3055,19.3055,16.6847,0,0,0,46.4598,26.1659,2,15.098
2343.9,44063.8,85.2471,-0.770489,224.4,16.3958,2.21932,6952.08,0,0,775.281,471.408,38.2724,2,36.0565,21.0018,19.0018,16.3958,0,0,0,46.4635,26.1658,2,15.0547
2344,44066.2,85.205,-0.766715,224.382,16.4719,2.22404,6952.31,0,0,776.395,471.771,38.3569,2,36.1375,21.0803,19.0803,16.4719,0,0,0,46.4671,26.1658,2,15.0572
2344.1,44068.5,85.163,-0.762915,224.363,16.8081,2.24652,6952.53,0,0,781.699,473.498,38.7602,2,36.5237,21.4308,19.4308,16.8081,0,0,0,46.4708,26.1657,2,15.0929
2344.2,44070.9,85.1222,-0.759088,224.345,17.7713,2.30339,6952.76,0,0,797.105,476.482,39.7732,2,37.5,22.4376,20.4376,17.7713,0,0,0,46.4745,26.1657,2,15.0624
2344.3,44073.3,85.0844,-0.755235,224.328,19.1331,2.38523,6953,0,0,811.307,485.645,41.2603,2,38.9103,23.8658,21.8658,19.1331,0,0,0,46.4781,26.1657,2,15.0444
2344.4,44075.6,85.0497,-0.751355,224.31,20.6815,2.48562,6953.25,0,0,836.33,491.636,43.0576,2,40.6386,25.4972,23.4972,20.6815,0,0,0,46.4818,26.1656,2,15.1413
2344.5,44078,85.0186,-0.747448,224.292,22.702,2.60836,6953.51,0,0,861.325,501.969,45.2764,2,42.7572,27.6265,25.6265,22.702,0,0,0,46.4855,26.1656,2,15.1307
2344.6,44080.4,84.9927,-0.743515,224.274,24.6527,2.72915,6953.78,0,0,884.902,512.21,47.4648,2,44.8457,29.6823,27.6823,24.6527,0,0,0,46.4892,26.1656,2,15.1634
2344.7,44082.7,84.9702,-0.739554,224.257,25.6908,2.78309,6954.06,0,0,894.242,517.348,48.447,2,45.78,30.7761,28.7761,25.6908,0,0,0,46.4928,26.1655,2,15.0039
2344.8,44085.1,84.9487,-0.735567,224.24,26.1969,2.81464,6954.34,0,0,902.352,518.669,49.0112,2,46.325,31.309,29.309,26.1969,0,0,0,46.4965,26.1655,2,15.016
2344.9,44087.4,84.9283,-0.731552,224.222,26.0062,2.80219,6954.62,0,0,899.156,518.149,48.7886,2,46.1099,31.1074,29.1074,26.0062,0,0,0,46.5001,26.1655,2,15.0025
2345,44089.8,84.9058,-0.727511,224.205,25.0705,2.74907,6954.9,0,0,888.086,514.284,47.8285,2,45.1908,30.1203,28.1203,25.0705,0,0,0,46.5038,26.1654,2,15.0705
2345.1,44092.2,84.8811,-0.723443,224.188,24.1215,2.6945,6955.17,0,0,876.051,510.629,46.845,2,44.2476,29.1192,27.1192,24.1215,0,0,0,46.5074,26.1654,2,15.1284
2345.2,44094.5,84.8542,-0.719348,224.171,23.3298,2.64472,6955.43,0,0,866.163,506.521,45.9437,2,43.387,28.2838,26.2838,23.3298,0,0,0,46.5111,26.1653,2,15.1032
2345.3,44096.9,84.8258,-0.715228,224.154,22.0916,2.56799,6955.69,0,0,850.584,500.22,44.5561,2,42.0615,26.9776,24.9776,22.0916,0,0,0,46.5148,26.1653,2,15.0839
2345.4,44099.2,84.7932,-0.711081,224.137,20.8231,2.49023,6955.94,0,0,837.58,491.84,43.1398,2,40.718,25.6394,23.6394,20.8231,0,0,0,46.5185,26.1653,2,15.0786
2345.5,44101.6,84.759,-0.706908,224.121,20.5623,2.47423,6956.18,0,0,833.239,491.133,42.8546,2,40.4425,25.3636,23.3636,20.5623,0,0,0,46.5221,26.1652,2,15.0789
2345.6,44103.9,84.7252,-0.702709,224.104,20.5155,2.47103,6956.43,0,0,832.371,490.992,42.7976,2,40.3875,25.3133,23.3133,20.5155,0,0,0,46.5258,26.1652,2,15.0742
2345.7,44106.3,84.6906,-0.698485,224.087,20.7661,2.48562,6956.68,0,0,836.33,491.636,43.0576,2,40.6385,25.5765,23.5765,20.7661,0,0,0,46.5294,26.1652,2,15.0621
2345.8,44108.6,84.6578,-0.694236,224.071,22.1487,2.56944,6956.94,0,0,850.97,500.283,44.5819,2,42.0864,27.0332,25.0332,22.1487,0,0,0,46.5331,26.1651,2,15.0533
2345.9,44111,84.6293,-0.689961,224.055,24.1005,2.68991,6957.21,0,0,874.851,510.434,46.763,2,44.1684,29.0901,27.0901,24.1005,0,0,0,46.5368,26.1651,2,15.0783
2346,44113.3,84.605,-0.68566,224.039,25.172,2.75089,6957.48,0,0,888.377,514.474,47.8618,2,45.2225,30.2191,28.2191,25.172,0,0,0,46.5404,26.165,2,15.0034
2346.1,44115.7,84.5811,-0.681333,224.023,25.3944,2.76189,6957.76,0,0,890.131,515.615,48.0627,2,45.4131,30.4529,28.4529,25.3944,0,0,0,46.5441,26.165,2,14.9602
2346.2,44118,84.5576,-0.676981,224.007,24.928,2.73785,6958.03,0,0,886.294,513.117,47.6236,2,44.9964,29.9605,27.9605,24.928,0,0,0,46.5477,26.165,2,15.0359
2346.3,44120.4,84.5314,-0.672604,223.991,23.2359,2.63435,6958.29,0,0,864.817,505.207,45.7533,2,43.2073,28.1759,26.1759,23.2359,0,0,0,46.5514,26.1649,2,15.0314
2346.4,44122.7,84.5002,-0.668201,223.975,20.9935,2.49657,6958.54,0,0,838.873,492.386,43.2544,2,40.8273,25.811,23.811,20.9935,0,0,0,46.555,26.1649,2,15.0163
2346.5,44125.1,84.4639,-0.663774,223.959,19.0663,2.37035,6958.78,0,0,807.895,484.534,40.9929,2,38.6541,23.7782,21.7782,19.0663,0,0,0,46.5586,26.1649,2,14.8759
2346.6,44127.4,84.4239,-0.659322,223.944,18.2712,2.32308,6959.01,0,0,801.296,478.219,40.1281,2,37.8388,22.9401,20.9401,18.2712,0,0,0,46.5623,26.1648,2,14.8987
2346.7,44129.8,84.3839,-0.654846,223.928,18.483,2.33503,6959.25,0,0,802.95,479.835,40.3468,2,38.045,23.161,21.161,18.483,0,0,0,46.5659,26.1648,2,14.884
2346.8,44132.1,84.3447,-0.650346,223.913,19.6308,2.40896,6959.49,0,0,816.728,487.411,41.6871,2,39.319,24.3699,22.3699,19.6308,0,0,0,46.5695,26.1647,2,14.949
2346.9,44134.5,84.3097,-0.645823,223.898,21.5363,2.52762,6959.74,0,0,843.005,496.422,43.8238,2,41.3643,26.3779,24.3779,21.5363,0,0,0,46.5731,26.1647,2,14.9864
2347,44136.8,84.279,-0.641275,223.883,23.9217,2.67253,6960.01,0,0,870.241,509.683,46.4481,2,43.8643,28.8919,26.8919,23.9217,0,0,0,46.5768,26.1647,2,14.9724
2347.1,44139.1,84.2545,-0.636703,223.868,26.5096,2.81692,6960.29,0,0,902.936,518.764,49.0519,2,46.3643,31.6197,29.6197,26.5096,0,0,0,46.5804,26.1646,2,14.7446
2347.2,44141.5,84.2351,-0.632106,223.853,28.179,2.93288,6960.58,0,0,924.347,528.513,51.1587,2,48.3741,33.3828,31.3828,28.179,0,0,0,46.584,26.1646,2,14.9913
2347.3,44143.8,84.2179,-0.627486,223.838,28.9447,2.98295,6960.88,0,0,933.761,532.481,52.0677,2,49.2423,34.1947,32.1947,28.9447,0,0,0,46.5877,26.1645,2,15.0476
2347.4,44146.2,84.2017,-0.62284,223.824,29.7823,3.03243,6961.18,0,0,940.552,537.754,52.9658,2,50.0927,35.0829,33.0829,29.7823,0,0,0,46.5913,26.1645,2,15.0097
2347.5,44148.5,84.188,-0.618171,223.809,30.3302,3.05356,6961.49,0,0,944.976,539.195,53.3575,2,50.4681,35.6637,33.6637,30.3302,0,0,0,46.5949,26.1645,2,14.8044
2347.6,44150.8,84.1741,-0.613477,223.795,30.1686,3.04702,6961.79,0,0,943.608,538.75,53.2362,2,50.3519,35.492,33.492,30.1686,0,0,0,46.5985,26.1644,2,14.8599
2347.7,44153.2,84.1594,-0.608759,223.781,30.4752,3.05885,6962.1,0,0,946.063,539.549,53.4539,2,50.5605,35.8169,33.8169,30.4752,0,0,0,46.6021,26.1644,2,14.7436
2347.8,44155.5,84.1466,-0.604017,223.766,31.2559,3.12076,6962.41,0,0,958.626,543.64,54.5745,2,51.6346,36.6448,34.6448,31.2559,0,0,0,46.6058,26.1644,2,14.9897
2347.9,44157.8,84.1351,-0.599251,223.752,31.9798,3.15709,6962.73,0,0,965.945,546.023,55.2322,2,52.265,37.4124,35.4124,31.9798,0,0,0,46.6094,26.1643,2,14.8526
2348,44160.2,84.1253,-0.594461,223.738,33.0317,3.22612,6963.05,0,0,979.743,550.517,56.4822,2,53.4632,38.5281,36.5281,33.0317,0,0,0,46.613,26.1643,2,14.9351
2348.1,44162.5,84.1183,-0.589647,223.725,34.1628,3.29685,6963.38,0,0,991.368,556.502,57.7737,2,54.6937,39.7278,37.7278,34.1628,0,0,0,46.6166,26.1642,2,14.9658
2348.2,44164.9,84.1133,-0.58481,223.711,35.1741,3.36451,6963.72,0,0,1006.85,559.482,58.9902,2,55.8671,40.8006,38.8006,35.1741,0,0,0,46.6203,26.1642,2,15.0665
2348.3,44167.2,84.1105,-0.579948,223.697,36.1398,3.41975,6964.06,0,0,1015.11,564.45,60.0022,2,56.8294,41.825,39.825,36.1398,0,0,0,46.624,26.1642,2,15.0045
2348.4,44169.5,84.1095,-0.575063,223.684,36.5245,3.44573,6964.4,0,0,1021.03,565.547,60.4692,2,57.2801,42.2331,40.2331,36.5245,0,0,0,46.6276,26.1641,2,15.047
2348.5,44171.9,84.1081,-0.570154,223.67,36.3624,3.43402,6964.75,0,0,1018.28,565.101,60.2592,2,57.0772,42.0611,40.0611,36.3624,0,0,0,46.6313,26.1641,2,15.0161
2348.6,44174.2,84.1061,-0.565222,223.657,36.4737,3.44138,6965.09,0,0,1020.01,565.381,60.3912,2,57.2047,42.1791,40.1791,36.4737,0,0,0,46.6349,26.1641,2,15.0256
2348.7,44176.5,84.1049,-0.560266,223.644,36.9109,3.47156,6965.44,0,0,1027.07,566.531,60.9328,2,57.7281,42.6438,40.6438,36.9109,0,0,0,46.6386,26.164,2,15.0843
2348.8,44178.9,84.1044,-0.555287,223.631,37.341,3.49897,6965.79,0,0,1032.4,568.198,61.4295,2,58.2046,43.1025,41.1025,37.341,0,0,0,46.6423,26.164,2,15.1021
2348.9,44181.2,84.1048,-0.550285,223.618,37.8229,3.52669,6966.14,0,0,1036.31,570.743,61.9384,2,58.688,43.6164,41.6164,37.8229,0,0,0,46.6459,26.1639,2,15.0717
2349,44183.5,84.1062,-0.54526,223.605,38.3479,3.55309,6966.5,0,0,1040.57,572.832,62.4207,2,59.1481,44.1762,42.1762,38.3479,0,0,0,46.6496,26.1639,2,14.9718
2349.1,44185.9,84.1086,-0.540212,223.593,38.6828,3.56734,6966.85,0,0,1043.28,573.712,62.6791,2,59.3958,44.5335,42.5335,38.6828,0,0,0,46.6532,26.1639,2,14.8623
2349.2,44188.2,84.1112,-0.535141,223.58,38.4382,3.55652,6967.21,0,0,1041.22,573.043,62.4828,2,59.2076,44.2727,42.2727,38.4382,0,0,0,46.6568,26.1638,2,14.9349
2349.3,44190.6,84.1121,-0.530048,223.567,37.4323,3.50263,6967.56,0,0,1032.92,568.534,61.4967,2,58.2684,43.2,41.2,37.4323,0,0,0,46.6605,26.1638,2,15.0685
2349.4,44192.9,84.1098,-0.524932,223.555,35.7977,3.39665,6967.9,0,0,1011.8,562.295,59.5784,2,56.4269,41.462,39.462,35.7977,0,0,0,46.6641,26.1637,2,14.9649
2349.5,44195.2,84.1031,-0.519795,223.543,33.9673,3.28141,6968.23,0,0,989.115,555.034,57.4904,2,54.4246,39.5201,37.5201,33.9673,0,0,0,46.6677,26.1637,2,14.9045
2349.6,44197.6,84.0922,-0.514636,223.531,32.4989,3.17498,6968.54,0,0,969.534,547.192,55.5561,2,52.5755,37.962,35.962,32.4989,0,0,0,46.6713,26.1637,2,14.6135
2349.7,44199.9,84.0786,-0.509456,223.519,31.611,3.1379,6968.86,0,0,962.083,544.766,54.8847,2,51.9319,37.0197,35.0197,31.611,0,0,0,46.6749,26.1636,2,14.9122
2349.8,44202.2,84.0635,-0.504255,223.507,31.6244,3.1382,6969.17,0,0,962.144,544.786,54.8902,2,51.9372,37.0337,35.0337,31.6244,0,0,0,46.6785,26.1636,2,14.9035
2349.9,44204.6,84.0497,-0.499034,223.495,32.3669,3.16812,6969.49,0,0,968.158,546.744,55.4318,2,52.4564,37.8209,35.8209,32.3669,0,0,0,46.6821,26.1635,2,14.6354
2350,44206.9,84.0376,-0.493793,223.484,32.9083,3.20649,6969.81,0,0,975.833,549.244,56.1266,2,53.1224,38.395,36.395,32.9083,0,0,0,46.6857,26.1635,2,14.7274
2350.1,44209.2,84.0259,-0.488531,223.472,33.2258,3.23205,6970.13,0,0,980.923,550.901,56.5897,2,53.5663,38.7316,36.7316,33.2258,0,0,0,46.6893,26.1635,2,14.8347
2350.2,44211.6,84.015,-0.483249,223.461,34.1539,3.28953,6970.46,0,0,990.3,555.806,57.6393,2,54.566,39.7159,37.7159,34.1539,0,0,0,46.6929,26.1634,2,14.8502
2350.3,44213.9,84.0071,-0.477947,223.45,35.3405,3.36757,6970.8,0,0,1007.58,559.6,59.0451,2,55.9202,40.9745,38.9745,35.3405,0,0,0,46.6965,26.1634,2,14.9457
2350.4,44216.2,84.0012,-0.472626,223.439,36.5371,3.4385,6971.14,0,0,1019.33,565.271,60.3394,2,57.1547,42.2437,40.2437,36.5371,0,0,0,46.7001,26.1634,2,14.911
2350.5,44218.6,83.9985,-0.467284,223.428,38.0767,3.5361,6971.49,0,0,1037.64,571.606,62.1113,2,58.8523,43.8847,41.8847,38.0767,0,0,0,46.7038,26.1633,2,14.9676
2350.6,44220.9,83.9991,-0.461923,223.417,39.388,3.60166,6971.86,0,0,1050.55,575.365,63.2981,2,59.9919,45.2831,43.2831,39.388,0,0,0,46.7074,26.1633,2,14.7088
2350.7,44223.2,84.0019,-0.456541,223.406,40.0166,3.64631,6972.22,0,0,1060.79,577.031,64.0996,2,60.7664,45.9536,43.9536,40.0166,0,0,0,46.711,26.1632,2,14.8129
2350.8,44225.6,84.0049,-0.45114,223.396,40.0106,3.64548,6972.58,0,0,1060.6,577,64.0847,2,60.752,45.9472,43.9472,40.0106,0,0,0,46.7146,26.1632,2,14.8048
2350.9,44227.9,84.0073,-0.445719,223.385,39.7365,3.62541,6972.95,0,0,1056,576.253,63.7246,2,60.404,45.6549,43.6549,39.7365,0,0,0,46.7181,26.1632,2,14.7491
2351,44230.2,84.0088,-0.440279,223.375,39.4096,3.60162,6973.31,0,0,1050.55,575.364,63.2974,2,59.9912,45.3064,43.3064,39.4096,0,0,0,46.7217,26.1631,2,14.6849
2351.1,44232.6,84.0093,-0.43482,223.365,38.8056,3.5677,6973.66,0,0,1043.35,573.734,62.6856,2,59.402,44.6622,42.6622,38.8056,0,0,0,46.7253,26.1631,2,14.7398
2351.2,44234.9,84.0077,-0.429342,223.354,38.326,3.54672,6974.02,0,0,1039.36,572.437,62.305,2,59.0371,44.1507,42.1507,38.326,0,0,0,46.7289,26.163,2,14.8864
2351.3,44237.2,84.0057,-0.423846,223.345,38.6158,3.55899,6974.37,0,0,1041.69,573.197,62.5277,2,59.2507,44.4598,42.4598,38.6158,0,0,0,46.7325,26.163,2,14.7909
2351.4,44239.6,84.005,-0.418332,223.335,39.2414,3.588,6974.73,0,0,1047.41,574.854,63.0528,2,59.7549,45.1269,43.1269,39.2414,0,0,0,46.7361,26.163,2,14.628
2351.5,44241.9,84.0054,-0.412799,223.325,40.1991,3.65506,6975.1,0,0,1062.29,577.646,64.2591,2,60.9189,46.1483,44.1483,40.1991,0,0,0,46.7397,26.1629,2,14.7706
2351.6,44244.2,84.0087,-0.407249,223.315,42.1305,3.77992,6975.48,0,0,1085.79,585.053,66.523,2,63.0909,48.208,46.208,42.1305,0,0,0,46.7433,26.1629,2,14.883
2351.7,44246.6,84.0174,-0.40168,223.306,44.3235,3.91226,6975.87,0,0,1111.45,592.123,68.9174,2,65.3921,50.5469,48.5469,44.3235,0,0,0,46.7469,26.1628,2,14.8452
2351.8,44248.9,84.0301,-0.396094,223.297,45.948,4.02441,6976.27,0,0,1132.43,598.277,70.9485,2,67.3429,52.2799,50.2799,45.948,0,0,0,46.7505,26.1628,2,15.0629
2351.9,44251.2,84.0456,-0.390489,223.287,47.0953,4.08966,6976.68,0,0,1141.85,603.306,72.1397,2,68.4785,53.5091,51.5091,47.0953,0,0,0,46.7542,26.1628,2,14.9695
2352,44253.6,84.063,-0.384866,223.278,47.8869,4.13382,6977.09,0,0,1150.51,605.418,72.9411,2,69.2499,54.3573,52.3573,47.8869,0,0,0,46.7578,26.1627,2,14.8926
2352.1,44255.9,84.0816,-0.379225,223.27,48.0258,4.14402,6977.51,0,0,1152.71,605.776,73.1241,2,69.4267,54.5064,52.5064,48.0258,0,0,0,46.7614,26.1627,2,14.9203
2352.2,44258.3,84.0991,-0.373567,223.261,47.5483,4.11017,6977.92,0,0,1145.45,604.48,72.5082,2,68.832,53.9953,51.9953,47.5483,0,0,0,46.765,26.1626,2,14.8367
2352.3,44260.6,84.1151,-0.367891,223.252,47.0079,4.08457,6978.33,0,0,1140.95,603.015,72.0483,2,68.3908,53.4168,51.4168,47.0079,0,0,0,46.7687,26.1626,2,14.974
2352.4,44262.9,84.1297,-0.362198,223.244,46.6673,4.06764,6978.73,0,0,1138.1,601.967,71.7433,2,68.0987,53.0522,51.0522,46.6673,0,0,0,46.7723,26.1626,2,15.0464
2352.5,44265.3,84.1437,-0.356489,223.235,46.6084,4.06358,6979.14,0,0,1137.57,601.622,71.6688,2,68.0278,52.9895,50.9895,46.6084,0,0,0,46.776,26.1625,2,15.0383
2352.6,44267.6,84.1575,-0.350762,223.227,46.9781,4.08242,6979.55,0,0,1140.57,602.891,72.0096,2,68.3537,53.3858,51.3858,46.9781,0,0,0,46.7796,26.1625,2,14.9679
2352.7,44269.9,84.1727,-0.34502,223.219,47.5662,4.10974,6979.96,0,0,1145.38,604.456,72.5005,2,68.8246,54.0159,52.0159,47.5662,0,0,0,46.7832,26.1625,2,14.8088
2352.8,44272.3,84.1887,-0.339261,223.211,47.7699,4.12164,6980.37,0,0,1147.87,604.988,72.7224,2,69.0385,54.2344,52.2344,47.7699,0,0,0,46.7868,26.1624,2,14.8042
2352.9,44274.6,84.2043,-0.333487,223.203,47.6686,4.11406,6980.78,0,0,1146.13,604.702,72.578,2,68.899,54.1262,52.1262,47.6686,0,0,0,46.7904,26.1624,2,14.7728
2353,44277,84.2194,-0.327697,223.195,46.9404,4.07965,6981.19,0,0,1140.09,602.733,71.96,2,68.3061,53.3465,51.3465,46.9404,0,0,0,46.7941,26.1623,2,14.9595
2353.1,44279.3,84.2313,-0.321891,223.188,45.104,3.95866,6981.59,0,0,1119.09,595.293,69.7631,2,66.2009,51.384,49.384,45.104,0,0,0,46.7977,26.1623,2,14.8169
2353.2,44281.6,84.2377,-0.316071,223.18,42.6311,3.7984,6981.97,0,0,1089.2,586.162,66.8582,2,63.4125,48.747,46.747,42.6311,0,0,0,46.8012,26.1623,2,14.6655
2353.3,44284,84.238,-0.310237,223.173,40.3182,3.65639,6982.33,0,0,1062.48,577.765,64.2835,2,60.9421,46.2805,44.2805,40.3182,0,0,0,46.8048,26.1622,2,14.6616
2353.4,44286.3,84.2336,-0.304389,223.166,38.4413,3.54655,6982.69,0,0,1039.33,572.427,62.302,2,59.0342,44.2788,42.2788,38.4413,0,0,0,46.8084,26.1622,2,14.7555
2353.5,44288.7,84.2252,-0.298529,223.159,37.3045,3.4804,6983.03,0,0,1029.13,566.867,61.0915,2,57.8814,43.0662,41.0662,37.3045,0,0,0,46.812,26.1621,2,14.8152
2353.6,44291,84.2153,-0.292656,223.152,36.8347,3.44699,6983.38,0,0,1021.32,565.596,60.492,2,57.3021,42.565,40.565,36.8347,0,0,0,46.8156,26.1621,2,14.7371
2353.7,44293.3,84.2044,-0.286771,223.145,36.7154,3.43825,6983.72,0,0,1019.27,565.262,60.3351,2,57.1505,42.4379,40.4379,36.7154,0,0,0,46.8191,26.1621,2,14.7126
2353.8,44295.7,84.1937,-0.280874,223.138,37.2663,3.47648,6984.07,0,0,1028.22,566.718,61.0212,2,57.8135,43.0248,41.0248,37.2663,0,0,0,46.8227,26.162,2,14.7888
2353.9,44298,84.1849,-0.274966,223.132,37.9883,3.52002,6984.42,0,0,1035.37,570.132,61.8161,2,58.5718,43.7945,41.7945,37.9883,0,0,0,46.8263,26.162,2,14.7773
2354,44300.3,84.1771,-0.269046,223.125,38.532,3.54897,6984.78,0,0,1039.79,572.576,62.3458,2,59.0762,44.3742,42.3742,38.532,0,0,0,46.8299,26.1619,2,14.702
2354.1,44302.7,84.1704,-0.263116,223.119,39.1937,3.57735,6985.14,0,0,1045.17,574.33,62.8607,2,59.5699,45.0798,43.0798,39.1937,0,0,0,46.8334,26.1619,2,14.4902
2354.2,44305,84.1652,-0.257174,223.113,40.1443,3.64161,6985.5,0,0,1059.71,576.856,64.0153,2,60.685,46.0934,44.0934,40.1443,0,0,0,46.837,26.1618,2,14.5916
2354.3,44307.4,84.1624,-0.251222,223.107,41.2929,3.71298,6985.87,0,0,1070.78,582.417,65.3077,2,61.9174,47.3182,45.3182,41.2929,0,0,0,46.8405,26.1618,2,14.5993
2354.4,44309.7,84.1619,-0.245258,223.101,42.482,3.78871,6986.25,0,0,1087.42,585.581,66.6824,2,63.2439,48.5863,46.5863,42.482,0,0,0,46.8441,26.1618,2,14.6576
2354.5,44312,84.1641,-0.239284,223.096,43.6955,3.86023,6986.64,0,0,1102.36,588.81,67.9714,2,64.486,49.8804,47.8804,43.6955,0,0,0,46.8476,26.1617,2,14.6056
2354.6,44314.4,84.1686,-0.2333,223.09,44.9348,3.94012,6987.03,0,0,1115.15,594.539,69.4295,2,65.879,51.2022,49.2022,44.9348,0,0,0,46.8512,26.1617,2,14.6768
2354.7,44316.7,84.1759,-0.227305,223.085,45.9191,4.01262,6987.43,0,0,1130.88,597.268,70.7319,2,67.1369,52.252,50.252,45.9191,0,0,0,46.8548,26.1616,2,14.8848
2354.8,44319.1,84.1844,-0.2213,223.079,47.0324,4.07925,6987.84,0,0,1140.01,602.71,71.9528,2,68.2992,53.4444,51.4444,47.0324,0,0,0,46.8584,26.1616,2,14.8547
2354.9,44321.4,84.1962,-0.215285,223.074,48.5853,4.17502,6988.26,0,0,1159.39,606.865,73.6803,2,69.9643,55.1079,53.1079,48.5853,0,0,0,46.862,26.1616,2,14.8564
2355,44323.7,84.2112,-0.209259,223.069,49.7254,4.23224,6988.68,0,0,1169.82,609.912,74.7164,2,70.9596,56.3294,54.3294,49.7254,0,0,0,46.8656,26.1615,2,14.6302
2355.1,44326.1,84.2277,-0.203224,223.065,50.5416,4.27056,6989.11,0,0,1176.51,612.089,75.4117,2,71.6267,57.2039,55.2039,50.5416,0,0,0,46.8691,26.1615,2,14.4228
2355.2,44328.4,84.2458,-0.197179,223.06,50.8386,4.29588,6989.54,0,0,1180.91,613.522,75.8709,2,72.0673,57.5224,55.5224,50.8386,0,0,0,46.8726,26.1614,2,14.5449
2355.3,44330.7,84.263,-0.191124,223.055,49.9826,4.24364,6989.96,0,0,1171.82,610.561,74.9232,2,71.158,56.6058,54.6058,49.9826,0,0,0,46.8762,26.1614,2,14.5522
2355.4,44333.1,84.2769,-0.18506,223.051,48.2507,4.14744,6990.38,0,0,1153.45,605.897,73.1854,2,69.486,54.7511,52.7511,48.2507,0,0,0,46.8798,26.1614,2,14.7349
2355.5,44335.4,84.2858,-0.178988,223.047,46.4485,4.04318,6990.78,0,0,1134.9,599.882,71.2936,2,67.6711,52.821,50.821,46.4485,0,0,0,46.8834,26.1613,2,14.8501
2355.6,44337.8,84.2911,-0.172907,223.043,45.0192,3.94209,6991.17,0,0,1115.44,594.697,69.4655,2,65.9133,51.2949,49.2949,45.0192,0,0,0,46.8869,26.1613,2,14.6184
2355.7,44340.1,84.2932,-0.16682,223.039,44.5444,3.91243,6991.56,0,0,1111.47,592.138,68.9205,2,65.3951,50.7886,48.7886,44.5444,0,0,0,46.8905,26.1612,2,14.6064
2355.8,44342.5,84.2959,-0.160725,223.035,44.9595,3.93768,6991.96,0,0,1114.83,594.328,69.3847,2,65.8364,51.2314,49.2314,44.9595,0,0,0,46.894,26.1612,2,14.605
2355.9,44344.8,84.2995,-0.154623,223.031,46.1695,4.02428,6992.36,0,0,1132.42,598.266,70.9461,2,67.3406,52.5224,50.5224,46.1695,0,0,0,46.8976,26.1611,2,14.8183
2356,44347.1,84.3072,-0.148515,223.027,47.5937,4.10255,6992.77,0,0,1144.11,604.045,72.3713,2,68.7007,54.048,52.048,47.5937,0,0,0,46.9012,26.1611,2,14.6527
2356.1,44349.5,84.3166,-0.142401,223.024,48.0827,4.1317,6993.18,0,0,1150.05,605.343,72.903,2,69.2131,54.5719,52.5719,48.0827,0,0,0,46.9047,26.1611,2,14.6412
2356.2,44351.8,84.3261,-0.13628,223.021,47.7813,4.11085,6993.6,0,0,1145.57,604.519,72.5205,2,68.8438,54.2493,52.2493,47.7813,0,0,0,46.9083,26.161,2,14.5946
2356.3,44354.2,84.3337,-0.130153,223.018,46.945,4.0714,6994,0,0,1138.63,602.259,71.8117,2,68.1639,53.3536,51.3536,46.945,0,0,0,46.9119,26.161,2,14.8102
2356.4,44356.5,84.3389,-0.12402,223.015,45.4746,3.97276,6994.4,0,0,1122.2,595.799,70.0161,2,66.4454,51.7816,49.7816,45.4746,0,0,0,46.9155,26.1609,2,14.6638
2356.5,44358.8,84.3395,-0.117883,223.012,44.3813,3.89972,6994.79,0,0,1109.77,591.033,68.6869,2,65.173,50.6157,48.6157,44.3813,0,0,0,46.919,26.1609,2,14.5573
2356.6,44361.2,84.3394,-0.111741,223.009,44.6028,3.913,6995.18,0,0,1111.54,592.188,68.931,2,65.4051,50.8519,48.8519,44.6028,0,0,0,46.9225,26.1609,2,14.5532
2356.7,44363.5,84.3406,-0.105595,223.007,45.7055,3.98876,6995.58,0,0,1125.72,596.372,70.3033,2,66.7229,52.0279,50.0279,45.7055,0,0,0,46.9261,26.1608,2,14.695
2356.8,44365.9,84.345,-0.0994449,223.004,47.3856,4.09075,6995.99,0,0,1142.04,603.369,72.1593,2,68.4973,53.8258,51.8258,47.3856,0,0,0,46.9297,26.1608,2,14.6715
2356.9,44368.2,84.3533,-0.093291,223.002,49.0346,4.19491,6996.41,0,0,1163.28,607.782,74.0391,2,70.3098,55.5921,53.5921,49.0346,0,0,0,46.9333,26.1607,2,14.7177
2357,44370.6,84.3646,-0.0871332,223,49.7624,4.2289,6996.83,0,0,1169.24,609.722,74.6558,2,70.9014,56.3719,54.3719,49.7624,0,0,0,46.9368,26.1607,2,14.5295
2357.1,44372.9,84.3757,-0.0809717,222.998,49.5492,4.21861,6997.25,0,0,1167.44,609.135,74.469,2,70.7223,56.1438,54.1438,49.5492,0,0,0,46.9403,26.1607,2,14.5785
2357.2,44375.3,84.3856,-0.0748069,222.996,48.9234,4.18895,6997.67,0,0,1162.23,607.44,73.9309,2,70.2059,55.4737,53.4737,48.9234,0,0,0,46.9439,26.1606,2,14.7323
2357.3,44377.6,84.3933,-0.0686392,222.994,48.2386,4.13865,6998.09,0,0,1151.55,605.587,73.0276,2,69.3335,54.7404,52.7404,48.2386,0,0,0,46.9475,26.1606,2,14.5931
2357.4,44379.9,84.3997,-0.0624691,222.993,47.6243,4.10043,6998.5,0,0,1143.74,603.923,72.3333,2,68.6642,54.0825,52.0825,47.6243,0,0,0,46.951,26.1605,2,14.5817
2357.5,44382.3,84.4042,-0.0562969,222.991,47.7695,4.107,6998.91,0,0,1144.89,604.299,72.4512,2,68.7773,54.2382,52.2382,47.7695,0,0,0,46.9545,26.1605,2,14.5391
2357.6,44384.6,84.4108,-0.0501231,222.99,48.7047,4.17304,6999.32,0,0,1158.97,606.795,73.6447,2,69.9299,55.2399,53.2399,48.7047,0,0,0,46.9581,26.1604,2,14.69
2357.7,44387,84.4191,-0.0439477,222.989,49.562,4.21769,6999.75,0,0,1167.28,609.083,74.4524,2,70.7063,56.1584,54.1584,49.562,0,0,0,46.9616,26.1604,2,14.5479
2357.8,44389.3,84.429,-0.0377711,222.988,50.1287,4.24416,7000.17,0,0,1171.91,610.59,74.9326,2,71.167,56.7655,54.7655,50.1287,0,0,0,46.9651,26.1604,2,14.4015
2357.9,44391.7,84.4393,-0.0315933,222.987,51.1273,4.30948,7000.6,0,0,1183.27,614.29,76.1176,2,72.304,57.8353,55.8353,51.1273,0,0,0,46.9687,26.1603,2,14.4687
2358,44394,84.4532,-0.0254146,222.987,52.3502,4.39389,7001.04,0,0,1197.83,619.032,77.649,2,73.7733,59.1454,57.1454,52.3502,0,0,0,46.9722,26.1603,2,14.6279
2358.1,44396.4,84.4685,-0.0192352,222.986,52.7659,4.41809,7001.48,0,0,1202.42,620.134,78.0856,2,74.1938,59.5909,57.5909,52.7659,0,0,0,46.9758,26.1602,2,14.6029
2358.2,44398.7,84.4838,-0.0130553,222.986,52.6071,4.40573,7001.92,0,0,1199.86,619.693,77.8638,2,73.9795,59.4211,57.4211,52.6071,0,0,0,46.9793,26.1602,2,14.5583
2358.3,44401.1,84.4979,-0.00687522,222.986,52.3922,4.39515,7002.36,0,0,1198.04,619.102,77.6719,2,73.7953,59.1913,57.1913,52.3922,0,0,0,46.9829,26.1602,2,14.6041
2358.4,44403.4,84.5117,-0.000695409,222.985,52.4932,4.39975,7002.8,0,0,1198.83,619.359,77.7553,2,73.8754,59.2997,57.2997,52.4932,0,0,0,46.9864,26.1601,2,14.5757
2358.5,44405.7,84.5257,0.00548383,222.986,52.4996,4.39981,7003.24,0,0,1198.84,619.362,77.7563,2,73.8764,59.3068,57.3068,52.4996,0,0,0,46.9899,26.1601,2,14.5695
2358.6,44408.1,84.539,0.0116621,222.986,52.4313,4.39627,7003.68,0,0,1198.24,619.165,77.6922,2,73.8148,59.2339,57.2339,52.4313,0,0,0,46.9935,26.16,2,14.5809
2358.7,44410.4,84.5522,0.0178392,222.986,52.6122,4.40471,7004.12,0,0,1199.68,619.637,77.8454,2,73.9618,59.428,57.428,52.6122,0,0,0,46.997,26.16,2,14.5338
2358.8,44412.8,84.5658,0.0240147,222.987,52.721,4.41168,7004.56,0,0,1201.08,619.914,77.9707,2,74.0827,59.5447,57.5447,52.721,0,0,0,47.0006,26.1599,2,14.5379
2358.9,44415.1,84.579,0.0301882,222.987,52.4829,4.39799,7005,0,0,1198.53,619.261,77.7234,2,73.8448,59.2899,57.2899,52.4829,0,0,0,47.0041,26.1599,2,14.5549
2359,44417.5,84.591,0.0363595,222.988,52.1323,4.38091,7005.44,0,0,1195.6,618.306,77.4135,2,73.5474,58.9146,56.9146,52.1323,0,0,0,47.0077,26.1599,2,14.6328
2359.1,44419.8,84.6022,0.042528,222.989,52.2751,4.3875,7005.88,0,0,1196.73,618.675,77.5332,2,73.6622,59.0678,57.0678,52.2751,0,0,0,47.0112,26.1598,2,14.5944
2359.2,44422.2,84.6144,0.0486936,222.99,52.8703,4.42175,7006.32,0,0,1203.19,620.259,78.1512,2,74.2572,59.7056,57.7056,52.8703,0,0,0,47.0147,26.1598,2,14.5516
2359.3,44424.5,84.6277,0.0548558,222.991,53.0261,4.43359,7006.77,0,0,1205.67,620.663,78.3635,2,74.4623,59.8727,57.8727,53.0261,0,0,0,47.0183,26.1597,2,14.5897
2359.4,44426.9,84.6401,0.0610145,222.993,52.7336,4.41018,7007.21,0,0,1200.76,619.863,77.9437,2,74.0566,59.5596,57.5596,52.7336,0,0,0,47.0218,26.1597,2,14.497
2359.5,44429.2,84.6516,0.0671692,222.994,52.5929,4.40175,7007.65,0,0,1199.18,619.471,77.7917,2,73.9103,59.4091,57.4091,52.5929,0,0,0,47.0253,26.1596,2,14.5012
2359.6,44431.6,84.6628,0.0733195,222.996,52.7758,4.41267,7008.09,0,0,1201.28,619.948,77.9884,2,74.0998,59.6053,57.6053,52.7758,0,0,0,47.0289,26.1596,2,14.4945
2359.7,44433.9,84.6747,0.0794651,222.998,53.2287,4.44789,7008.53,0,0,1208.67,621.15,78.6198,2,74.7101,60.0906,58.0906,53.2287,0,0,0,47.0324,26.1596,2,14.6194
2359.8,44436.3,84.6875,0.0856058,222.999,54.3383,4.50136,7008.98,0,0,1221.13,622.244,79.5704,2,75.6331,61.2793,59.2793,54.3383,0,0,0,47.0359,26.1595,2,14.3538
2359.9,44438.7,84.7037,0.0917414,223.002,55.4125,4.50858,7009.43,0,0,1223.08,622.244,79.6972,2,75.7571,62.4302,60.4302,55.4125,0,0,0,47.0391,26.1595,2,13.327
2360,44441,84.7208,0.0978716,223.004,55.81,4.54969,7009.89,0,0,1232.72,623.029,80.4271,2,76.4661,62.8559,60.8559,55.81,0,0,0,47.0424,26.1594,2,13.6102
2360.1,44443.4,84.7383,0.103996,223.006,55.9693,4.57143,7010.35,0,0,1237.81,623.444,80.8128,2,76.8408,63.0267,61.0267,55.9693,0,0,0,47.0458,26.1594,2,13.8142
2360.2,44445.7,84.7556,0.110115,223.009,56.0552,4.58284,7010.8,0,0,1240.48,623.661,81.0154,2,77.0376,63.119,61.119,56.0552,0,0,0,47.0492,26.1593,2,13.9186
2360.3,44448.1,84.773,0.116228,223.011,56.1381,4.59382,7011.26,0,0,1243.04,623.87,81.21,2,77.2266,63.2078,61.2078,56.1381,0,0,0,47.0526,26.1593,2,14.0188
2360.4,44450.4,84.79,0.122333,223.014,56.5717,4.64013,7011.73,0,0,1253.85,624.749,82.0311,2,78.0242,63.672,61.672,56.5717,0,0,0,47.0561,26.1592,2,14.3522
2360.5,44452.8,84.8088,0.128432,223.017,57.2022,4.64013,7012.19,0,0,1253.85,624.749,82.0311,2,78.0242,64.3467,62.3467,57.2022,0,0,0,47.0594,26.1592,2,13.6775
2360.6,44455.1,84.8282,0.134524,223.02,57.2154,4.64013,7012.66,0,0,1253.85,624.749,82.0311,2,78.0242,64.3611,62.3611,57.2154,0,0,0,47.0627,26.1591,2,13.6631
2360.7,44457.5,84.8465,0.140609,223.023,57.0391,4.64013,7013.12,0,0,1253.85,624.749,82.0311,2,78.0242,64.1727,62.1727,57.0391,0,0,0,47.0661,26.1591,2,13.8515
2360.8,44459.8,84.8646,0.146685,223.027,57.1935,4.64013,7013.58,0,0,1253.85,624.749,82.0311,2,78.0242,64.3381,62.3381,57.1935,0,0,0,47.0694,26.159,2,13.6861
2360.9,44462.2,84.883,0.152754,223.03,57.2677,4.64013,7014.05,0,0,1253.85,624.749,82.0311,2,78.0242,64.4177,62.4177,57.2677,0,0,0,47.0727,26.159,2,13.6065
2361,44464.6,84.9009,0.158813,223.034,57.4644,4.64426,7014.51,0,0,1254.81,624.827,82.1042,2,78.0952,64.6283,62.6283,57.4644,0,0,0,47.076,26.1589,2,13.467
2361.1,44466.9,84.9197,0.164864,223.038,58.308,4.76334,7014.99,0,0,1282.42,627.075,84.2126,2,80.1431,65.5304,63.5304,58.308,0,0,0,47.0796,26.1589,2,14.6127
2361.2,44469.3,84.9408,0.170906,223.042,59.7017,4.81613,7015.47,0,0,1294.16,628.291,85.1487,2,81.051,67.0204,65.0204,59.7017,0,0,0,47.083,26.1588,3,14.0306
2361.3,44471.6,84.9652,0.176939,223.046,60.8806,4.87793,7015.96,0,0,1307.69,629.759,86.24,2,82.109,68.2805,66.2805,60.8806,0,0,0,47.0863,26.1588,3,13.8285
2361.4,44474,84.9909,0.182962,223.05,61.7308,4.95494,7016.45,0,0,1325.31,631.194,87.6013,2,83.4311,69.1891,67.1891,61.7308,0,0,0,47.0898,26.1587,3,14.242
2361.5,44476.4,85.0186,0.188976,223.055,62.274,5.01266,7016.96,0,0,1338.46,632.264,88.6203,2,84.4207,69.7694,67.7694,62.274,0,0,0,47.0934,26.1587,3,14.6514
2361.6,44478.7,85.0462,0.194979,223.059,62.4618,5.01266,7017.46,0,0,1338.46,632.264,88.6203,2,84.4207,69.9698,67.9698,62.4618,0,0,0,47.0969,26.1586,3,14.4509
2361.7,44481.1,85.0741,0.200973,223.064,62.3711,5.01266,7017.96,0,0,1338.46,632.264,88.6203,2,84.4207,69.8725,67.8725,62.3711,0,0,0,47.1004,26.1586,3,14.5482
2361.8,44483.5,85.1006,0.206956,223.069,61.6809,4.94447,7018.45,0,0,1322.93,630.999,87.4164,2,83.2516,69.1349,67.1349,61.6809,0,0,0,47.1038,26.1586,3,14.1166
2361.9,44485.8,85.1249,0.212927,223.074,60.3505,4.87793,7018.94,0,0,1307.69,629.759,86.24,2,82.109,67.7136,65.7136,60.3505,0,0,0,47.1073,26.1585,3,14.3955
2362,44488.2,85.145,0.218888,223.079,59.1796,4.77286,7019.42,0,0,1284.62,627.254,84.3811,2,80.3068,66.463,64.463,59.1796,0,0,0,47.1107,26.1585,2,13.8438
2362.1,44490.5,85.1635,0.224836,223.084,58.4636,4.77286,7019.89,0,0,1284.62,627.254,84.3811,2,80.3068,65.6984,63.6984,58.4636,0,0,0,47.1143,26.1584,2,14.6084
2362.2,44492.9,85.1799,0.230771,223.089,57.5184,4.64319,7020.36,0,0,1254.56,624.807,82.0853,2,78.0768,64.6892,62.6892,57.5184,0,0,0,47.1175,26.1584,2,13.3876
2362.3,44495.3,85.1937,0.236693,223.095,56.9566,4.64013,7020.82,0,0,1253.85,624.749,82.0311,2,78.0242,64.0896,62.0896,56.9566,0,0,0,47.1209,26.1583,2,13.9346
2362.4,44497.6,85.2071,0.242602,223.1,56.9063,4.64013,7021.29,0,0,1253.85,624.749,82.0311,2,78.0242,64.0361,62.0361,56.9063,0,0,0,47.1243,26.1583,2,13.9881
2362.5,44500,85.2202,0.248496,223.106,56.8858,4.64013,7021.75,0,0,1253.85,624.749,82.0311,2,78.0242,64.0143,62.0143,56.8858,0,0,0,47.1277,26.1582,2,14.0099
2362.6,44502.4,85.233,0.254377,223.112,56.9108,4.64013,7022.21,0,0,1253.85,624.749,82.0311,2,78.0242,64.0413,62.0413,56.9108,0,0,0,47.1311,26.1582,2,13.9829
2362.7,44504.7,85.2458,0.260242,223.118,56.8922,4.64013,7022.68,0,0,1253.85,624.749,82.0311,2,78.0242,64.0216,62.0216,56.8922,0,0,0,47.1345,26.1581,2,14.0026
2362.8,44507.1,85.258,0.266093,223.125,57.0983,4.64013,7023.14,0,0,1253.85,624.749,82.0311,2,78.0242,64.2418,62.2418,57.0983,0,0,0,47.1379,26.1581,2,13.7824
2362.9,44509.5,85.2712,0.271929,223.131,57.7634,4.67277,7023.61,0,0,1261.44,625.367,82.6095,2,78.586,64.9519,62.9519,57.7634,0,0,0,47.1412,26.158,2,13.6341
2363,44511.9,85.2859,0.277748,223.137,58.7651,4.77286,7024.09,0,0,1284.62,627.254,84.3811,2,80.3068,66.021,64.021,58.7651,0,0,0,47.1446,26.158,2,14.2858
2363.1,44514.2,85.3031,0.283553,223.144,59.8271,4.81883,7024.57,0,0,1294.76,628.355,85.1966,2,81.0974,67.1544,65.1544,59.8271,0,0,0,47.148,26.1579,3,13.9431
2363.2,44516.6,85.322,0.289341,223.151,60.7879,4.87793,7025.06,0,0,1307.69,629.759,86.24,2,82.109,68.1795,66.1795,60.7879,0,0,0,47.1514,26.1579,3,13.9295
2363.3,44519,85.3428,0.295113,223.158,61.1792,4.87793,7025.54,0,0,1307.69,629.759,86.24,2,82.109,68.597,66.597,61.1792,0,0,0,47.1547,26.1578,3,13.5121
2363.4,44521.3,85.363,0.300869,223.165,61.1851,4.87793,7026.03,0,0,1307.69,629.759,86.24,2,82.109,68.6031,66.6031,61.1851,0,0,0,47.158,26.1578,3,13.5059
2363.5,44523.7,85.3833,0.306607,223.172,61.1048,4.87793,7026.52,0,0,1307.69,629.759,86.24,2,82.109,68.5173,66.5173,61.1048,0,0,0,47.1613,26.1577,3,13.5917
2363.6,44526.1,85.4026,0.312329,223.179,60.243,4.86258,7027.01,0,0,1304.36,629.398,85.9712,2,81.8484,67.5981,65.5981,60.243,0,0,0,47.1648,26.1577,3,14.2504
2363.7,44528.4,85.4186,0.318033,223.187,58.996,4.77286,7027.48,0,0,1284.62,627.254,84.3811,2,80.3068,66.2681,64.2681,58.996,0,0,0,47.1682,26.1576,2,14.0387
2363.8,44530.8,85.4319,0.323719,223.195,57.819,4.6742,7027.95,0,0,1261.77,625.394,82.6347,2,78.6105,65.0131,63.0131,57.819,0,0,0,47.1715,26.1576,2,13.5975
2363.9,44533.2,85.4422,0.329387,223.202,56.5268,4.6234,7028.41,0,0,1249.95,624.432,81.7345,2,77.7361,63.6353,61.6353,56.5268,0,0,0,47.1749,26.1575,2,14.1008
2364,44535.6,85.4493,0.335035,223.21,55.6041,4.50858,7028.86,0,0,1223.08,622.244,79.6972,2,75.7571,62.6497,60.6497,55.6041,0,0,0,47.1781,26.1575,2,13.1074
2364.1,44537.9,85.4551,0.340663,223.218,55.9118,4.53556,7029.32,0,0,1229.41,622.76,80.1763,2,76.2225,62.9793,60.9793,55.9118,0,0,0,47.1813,26.1574,2,13.2432
2364.2,44540.3,85.4632,0.346272,223.226,56.8648,4.64013,7029.78,0,0,1253.85,624.749,82.0311,2,78.0242,63.9961,61.9961,56.8648,0,0,0,47.1847,26.1574,2,14.0281
2364.3,44542.7,85.4728,0.351861,223.235,58.2223,4.72771,7030.26,0,0,1274.18,626.405,83.5823,2,79.5309,65.4436,63.4436,58.2223,0,0,0,47.1881,26.1573,2,14.0873
2364.4,44545.1,85.4864,0.357429,223.243,59.8491,4.81372,7030.74,0,0,1293.63,628.233,85.106,2,81.0096,67.1779,65.1779,59.8491,0,0,0,47.1915,26.1573,3,13.8316
2364.5,44547.4,85.5027,0.362977,223.252,60.6807,4.87793,7031.22,0,0,1307.69,629.759,86.24,2,82.109,68.0645,66.0645,60.6807,0,0,0,47.1949,26.1572,3,14.0445
2364.6,44549.8,85.5195,0.368504,223.26,61.0122,4.87793,7031.71,0,0,1307.69,629.759,86.24,2,82.109,68.4178,66.4178,61.0122,0,0,0,47.1983,26.1572,3,13.6912
2364.7,44552.2,85.5368,0.374011,223.269,61.5558,4.90401,7032.2,0,0,1313.67,630.246,86.7012,2,82.557,68.997,66.997,61.5558,0,0,0,47.2015,26.1571,3,13.5599
2364.8,44554.6,85.5555,0.379496,223.278,62.6086,5.01266,7032.7,0,0,1338.46,632.264,88.6203,2,84.4207,70.1188,68.1188,62.6086,0,0,0,47.205,26.1571,3,14.3019
2364.9,44556.9,85.5769,0.38496,223.287,63.9114,5.03302,7033.21,0,0,1343.8,632.264,88.974,2,84.7664,71.5067,69.5067,63.9114,0,0,0,47.2082,26.157,3,13.2597
2365,44559.3,85.6008,0.390403,223.296,65.2086,5.14887,7033.72,0,0,1369.23,634.769,91.0167,2,86.7479,72.8883,70.8883,65.2086,0,0,0,47.2116,26.157,3,13.8596
2365.1,44561.7,85.6275,0.395824,223.306,65.9016,5.14887,7034.24,0,0,1369.23,634.769,91.0167,2,86.7479,73.6221,71.6221,65.9016,0,0,0,47.2148,26.1569,3,13.1258
2365.2,44564.1,85.6539,0.401223,223.315,65.7885,5.14887,7034.75,0,0,1369.23,634.769,91.0167,2,86.7479,73.502,71.502,65.7885,0,0,0,47.218,26.1569,3,13.2459
2365.3,44566.5,85.6795,0.4066,223.325,64.9719,5.12754,7035.26,0,0,1364.64,634.271,90.6403,2,86.383,72.6341,70.6341,64.9719,0,0,0,47.2214,26.1568,3,13.7489
2365.4,44568.8,85.7018,0.411954,223.335,63.7723,5.0278,7035.77,0,0,1342.44,632.264,88.8834,2,84.6779,71.3562,69.3562,63.7723,0,0,0,47.2246,26.1568,3,13.3217
2365.5,44571.2,85.7216,0.417285,223.344,62.7878,5.01266,7036.27,0,0,1338.46,632.264,88.6203,2,84.4207,70.3075,68.3075,62.7878,0,0,0,47.228,26.1567,3,14.1132
2365.6,44573.6,85.7391,0.422593,223.354,61.5911,4.90222,7036.76,0,0,1313.26,630.213,86.6696,2,82.5262,69.0332,67.0332,61.5911,0,0,0,47.2313,26.1567,3,13.493
2365.7,44576,85.7531,0.427877,223.365,60.056,4.82936,7037.24,0,0,1297.08,628.607,85.3833,2,81.2785,67.3989,65.3989,60.056,0,0,0,47.2347,26.1566,3,13.8796
2365.8,44578.4,85.7634,0.433136,223.375,58.5142,4.75847,7037.72,0,0,1281.29,626.984,84.1266,2,80.0595,65.7577,63.7577,58.5142,0,0,0,47.2382,26.1566,2,14.3019
2365.9,44580.7,85.7702,0.438369,223.385,57.1673,4.64013,7038.18,0,0,1253.85,624.749,82.0311,2,78.0242,64.3239,62.3239,57.1673,0,0,0,47.2415,26.1565,2,13.7003
2366,44583.1,85.7741,0.443578,223.396,55.9733,4.5312,7038.63,0,0,1228.39,622.676,80.0989,2,76.1473,63.0515,61.0515,55.9733,0,0,0,47.2447,26.1565,2,13.0958
2366.1,44585.5,85.7753,0.44876,223.406,55.6885,4.50858,7039.09,0,0,1223.08,622.244,79.6972,2,75.7571,62.7465,60.7465,55.6885,0,0,0,47.2478,26.1564,2,13.0106
2366.2,44587.9,85.7776,0.453915,223.417,56.3719,4.58582,7039.54,0,0,1241.18,623.718,81.0682,2,77.0889,63.4775,61.4775,56.3719,0,0,0,47.2512,26.1564,2,13.6114
2366.3,44590.3,85.7815,0.459044,223.428,57.5347,4.64013,7040.01,0,0,1253.85,624.749,82.0311,2,78.0242,64.7153,62.7153,57.5347,0,0,0,47.2544,26.1563,2,13.3089
2366.4,44592.7,85.7885,0.464147,223.439,59.2434,4.77286,7040.49,0,0,1284.62,627.254,84.3811,2,80.3068,66.5341,64.5341,59.2434,0,0,0,47.2577,26.1563,2,13.7727
2366.5,44595,85.7995,0.469222,223.45,60.8635,4.87793,7040.97,0,0,1307.69,629.759,86.24,2,82.109,68.2584,66.2584,60.8635,0,0,0,47.2611,26.1562,3,13.8506
2366.6,44597.4,85.8132,0.474271,223.461,61.8625,4.93363,7041.47,0,0,1320.45,630.798,87.2248,2,83.0654,69.3216,67.3216,61.8625,0,0,0,47.2644,26.1562,3,13.7438
2366.7,44599.8,85.8282,0.479292,223.473,62.3923,5.009,7041.97,0,0,1337.63,632.197,88.5559,2,84.3582,69.8853,67.8853,62.3923,0,0,0,47.268,26.1561,3,14.4729
2366.8,44602.2,85.8438,0.484287,223.484,62.6696,5.01266,7042.47,0,0,1338.46,632.264,88.6203,2,84.4207,70.1801,68.1801,62.6696,0,0,0,47.2714,26.1561,3,14.2406
2366.9,44604.6,85.8596,0.489253,223.496,62.6731,5.01266,7042.97,0,0,1338.46,632.264,88.6203,2,84.4207,70.1837,68.1837,62.6731,0,0,0,47.2749,26.156,3,14.237
2367,44607,85.8748,0.494192,223.507,62.566,5.01266,7043.47,0,0,1338.46,632.264,88.6203,2,84.4207,70.0696,68.0696,62.566,0,0,0,47.2784,26.156,3,14.3511
2367.1,44609.3,85.8896,0.499103,223.519,62.4728,5.01266,7043.97,0,0,1338.46,632.264,88.6203,2,84.4207,69.9703,67.9703,62.4728,0,0,0,47.2819,26.1559,3,14.4504
2367.2,44611.7,85.904,0.503985,223.531,62.2414,4.98326,7044.47,0,0,1331.77,631.72,88.1016,2,83.917,69.724,67.724,62.2414,0,0,0,47.2853,26.1559,3,14.193
2367.3,44614.1,85.9173,0.508838,223.543,61.309,4.87793,7044.96,0,0,1307.69,629.759,86.24,2,82.109,68.7321,66.7321,61.309,0,0,0,47.2886,26.1558,3,13.3769
2367.4,44616.5,85.9272,0.513662,223.556,59.5743,4.77286,7045.44,0,0,1284.62,627.254,84.3811,2,80.3068,66.887,64.887,59.5743,0,0,0,47.2919,26.1558,2,13.4197
2367.5,44618.9,85.9325,0.518456,223.568,57.5943,4.64013,7045.9,0,0,1253.85,624.749,82.0311,2,78.0242,64.7813,62.7813,57.5943,0,0,0,47.2951,26.1557,2,13.2429
2367.6,44621.3,85.9333,0.523221,223.58,55.8331,4.50858,7046.35,0,0,1223.08,622.244,79.6972,2,75.7571,62.9044,60.9044,55.8331,0,0,0,47.2982,26.1557,2,12.8527
2367.7,44623.7,85.9306,0.527954,223.593,54.5108,4.49492,7046.8,0,0,1219.34,622.244,79.4535,2,75.5188,61.4882,59.4882,54.5108,0,0,0,47.3016,26.1556,2,14.0306
2367.8,44626.1,85.9253,0.532656,223.606,53.7827,4.46022,7047.25,0,0,1211.19,621.562,78.8364,2,74.9195,60.7083,58.7083,53.7827,0,0,0,47.3051,26.1556,2,14.2112
2367.9,44628.4,85.9191,0.537327,223.618,53.8832,4.46798,7047.69,0,0,1212.76,621.817,78.9709,2,75.0494,60.8158,58.8158,53.8832,0,0,0,47.3085,26.1555,2,14.2335
2368,44630.8,85.9139,0.541966,223.631,54.5332,4.4951,7048.14,0,0,1219.39,622.244,79.4568,2,75.522,61.5119,59.5119,54.5332,0,0,0,47.3119,26.1555,2,14.0101
2368.1,44633.2,85.9103,0.546574,223.644,54.9478,4.50741,7048.59,0,0,1222.76,622.244,79.6767,2,75.737,61.9559,59.9559,54.9478,0,0,0,47.3153,26.1554,2,13.7811
2368.2,44635.6,85.9067,0.551149,223.657,55.159,4.50858,7049.04,0,0,1223.08,622.244,79.6972,2,75.7571,62.182,60.182,55.159,0,0,0,47.3186,26.1554,2,13.5752
2368.3,44638,85.9037,0.555692,223.67,55.541,4.50858,7049.5,0,0,1223.08,622.244,79.6972,2,75.7571,62.5911,60.5911,55.541,0,0,0,47.3218,26.1553,2,13.166
2368.4,44640.4,85.9014,0.560203,223.684,56.1127,4.53359,7049.95,0,0,1228.95,622.722,80.1414,2,76.1886,63.2033,61.2033,56.1127,0,0,0,47.3249,26.1553,2,12.9853
2368.5,44642.8,85.9007,0.56468,223.697,57.2224,4.64013,7050.41,0,0,1253.85,624.749,82.0311,2,78.0242,64.385,62.385,57.2224,0,0,0,47.3283,26.1552,2,13.6392
2368.6,44645.1,85.903,0.569126,223.711,58.9649,4.77286,7050.89,0,0,1284.62,627.254,84.3811,2,80.3068,66.2387,64.2387,58.9649,0,0,0,47.3317,26.1552,2,14.0681
2368.7,44647.5,85.9096,0.573538,223.724,60.6286,4.87612,7051.38,0,0,1307.3,629.717,86.2083,2,82.0783,68.0084,66.0084,60.6286,0,0,0,47.3351,26.1551,3,14.0699
2368.8,44649.9,85.9189,0.577917,223.738,61.8682,4.91777,7051.87,0,0,1316.82,630.502,86.9445,2,82.7933,69.3269,67.3269,61.8682,0,0,0,47.3384,26.1551,3,13.4664
2368.9,44652.3,85.9306,0.582264,223.752,62.4525,5.00088,7052.37,0,0,1335.79,632.046,88.4127,2,84.2191,69.9482,67.9482,62.4525,0,0,0,47.3418,26.155,3,14.2709
2369,44654.7,85.9421,0.586577,223.766,61.7696,4.90215,7052.86,0,0,1313.24,630.211,86.6683,2,82.525,69.2219,67.2219,61.7696,0,0,0,47.3451,26.155,3,13.3031
2369.1,44657.1,85.9504,0.590857,223.78,60.6127,4.87195,7053.35,0,0,1306.4,629.618,86.1352,2,82.0075,67.9915,65.9915,60.6127,0,0,0,47.3485,26.1549,3,14.0159
2369.2,44659.5,85.9565,0.595103,223.794,60.1116,4.8152,7053.83,0,0,1293.96,628.268,85.1322,2,81.035,67.4586,65.4586,60.1116,0,0,0,47.3518,26.1549,3,13.5764
2369.3,44661.9,85.9622,0.599315,223.808,60.6966,4.87793,7054.32,0,0,1307.69,629.759,86.24,2,82.109,68.0807,66.0807,60.6966,0,0,0,47.3552,26.1548,3,14.0283
2369.4,44664.2,85.9705,0.603493,223.823,62.4496,4.99664,7054.82,0,0,1334.82,631.968,88.3378,2,84.1464,69.9449,67.9449,62.4496,0,0,0,47.3586,26.1548,3,14.2016
2369.5,44666.6,85.9837,0.607637,223.837,65.1131,5.11777,7055.33,0,0,1362.54,634.043,90.468,2,86.216,72.7768,70.7768,65.1131,0,0,0,47.3619,26.1547,3,13.4392
2369.6,44669,86.0033,0.611746,223.852,67.6767,5.25667,7055.85,0,0,1393.38,636.735,92.9088,2,88.5852,75.4896,73.4896,67.6767,0,0,0,47.3651,26.1547,3,13.0956
2369.7,44671.4,86.0273,0.615821,223.866,69.3458,5.34795,7056.39,0,0,1425.82,632.264,94.4045,2,90.072,77.2528,75.2528,69.3458,0,0,0,47.3682,26.1546,3,12.8191
2369.8,44673.8,86.0538,0.619861,223.881,69.6382,5.36845,7056.92,0,0,1430.49,632.264,94.7136,2,90.3739,77.5613,75.5613,69.6382,0,0,0,47.3713,26.1546,3,12.8126
2369.9,44676.2,86.0786,0.623867,223.896,69.0484,5.32937,7057.46,0,0,1419.67,633.003,94.1072,2,89.7774,76.9375,74.9375,69.0484,0,0,0,47.3744,26.1545,3,12.8399
2370,44678.6,86.1021,0.627839,223.911,68.1783,5.28636,7057.99,0,0,1400,637.274,93.4293,2,89.0906,76.0175,74.0175,68.1783,0,0,0,47.3776,26.1544,3,13.0731
2370.1,44681,86.1227,0.631775,223.926,67.0369,5.24687,7058.51,0,0,1391.19,636.557,92.737,2,88.4184,74.8107,72.8107,67.0369,0,0,0,47.3809,26.1544,3,13.6077
2370.2,44683.4,86.1408,0.635675,223.941,66.1572,5.14887,7059.03,0,0,1369.23,634.769,91.0167,2,86.7479,73.8807,71.8807,66.1572,0,0,0,47.3841,26.1543,3,12.8672
2370.3,44685.8,86.1571,0.63954,223.957,65.9495,5.14887,7059.54,0,0,1369.23,634.769,91.0167,2,86.7479,73.6609,71.6609,65.9495,0,0,0,47.3872,26.1543,3,13.087
2370.4,44688.2,86.1738,0.643369,223.972,65.7566,5.14887,7060.06,0,0,1369.23,634.769,91.0167,2,86.7479,73.4558,71.4558,65.7566,0,0,0,47.3905,26.1542,3,13.2921
2370.5,44690.5,86.1889,0.647162,223.987,65.3049,5.13342,7060.57,0,0,1365.91,634.408,90.7442,2,86.4837,72.9757,70.9757,65.3049,0,0,0,47.3938,26.1542,3,13.508
2370.6,44692.9,86.2034,0.650918,224.003,65.4271,5.14673,7061.08,0,0,1368.77,634.719,90.9789,2,86.7113,73.1051,71.1051,65.4271,0,0,0,47.3971,26.1541,3,13.6062
2370.7,44695.3,86.2186,0.654637,224.019,66.0664,5.14887,7061.6,0,0,1369.23,634.769,91.0167,2,86.7479,73.783,71.783,66.0664,0,0,0,47.4002,26.1541,3,12.9649
2370.8,44697.7,86.2355,0.65832,224.034,66.8573,5.21523,7062.12,0,0,1384.12,635.981,92.1819,2,87.8793,74.6185,72.6185,66.8573,0,0,0,47.4034,26.154,3,13.2608
2370.9,44700.1,86.2539,0.661965,224.05,67.0876,5.24795,7062.64,0,0,1391.43,636.577,92.756,2,88.4368,74.8615,72.8615,67.0876,0,0,0,47.4067,26.154,3,13.5753
2371,44702.5,86.2714,0.665574,224.066,66.3845,5.14887,7063.16,0,0,1369.23,634.769,91.0167,2,86.7479,74.118,72.118,66.3845,0,0,0,47.4098,26.1539,3,12.6299
2371.1,44704.9,86.2863,0.669145,224.082,65.1811,5.11565,7063.67,0,0,1362.08,633.993,90.4306,2,86.1797,72.8421,70.8421,65.1811,0,0,0,47.4131,26.1538,3,13.3376
2371.2,44707.3,86.2983,0.672678,224.098,63.9844,5.02477,7064.17,0,0,1341.64,632.264,88.8307,2,84.6263,71.5714,69.5714,63.9844,0,0,0,47.4162,26.1538,3,13.0549
2371.3,44709.7,86.3076,0.676174,224.114,62.6931,5.01266,7064.67,0,0,1338.46,632.264,88.6203,2,84.4207,70.2006,68.2006,62.6931,0,0,0,47.4197,26.1537,3,14.2201
2371.4,44712.1,86.3136,0.679631,224.13,62.189,4.94444,7065.17,0,0,1322.92,630.999,87.4158,2,83.2509,69.6655,67.6655,62.189,0,0,0,47.423,26.1537,3,13.5855
2371.5,44714.5,86.3205,0.683049,224.147,63.0876,5.01266,7065.67,0,0,1338.46,632.264,88.6203,2,84.4207,70.6192,68.6192,63.0876,0,0,0,47.4263,26.1536,3,13.8015
2371.6,44716.9,86.3301,0.686429,224.163,64.4383,5.03824,7066.17,0,0,1345.17,632.264,89.0647,2,84.8551,72.0527,70.0527,64.4383,0,0,0,47.4295,26.1536,3,12.8024
2371.7,44719.3,86.3426,0.68977,224.18,65.532,5.14887,7066.69,0,0,1369.23,634.769,91.0167,2,86.7479,73.2132,71.2132,65.532,0,0,0,47.4327,26.1535,3,13.5347
2371.8,44721.7,86.3567,0.693073,224.196,66.4639,5.15035,7067.2,0,0,1369.56,634.796,91.0427,2,86.7732,74.2,72.2,66.4639,0,0,0,47.4358,26.1535,3,12.5732
2371.9,44724.1,86.3729,0.696337,224.213,67.4112,5.28636,7067.73,0,0,1400,637.274,93.4293,2,89.0906,75.2008,73.2008,67.4112,0,0,0,47.4392,26.1534,3,13.8897
2372,44726.5,86.3908,0.699562,224.23,68.6491,5.30212,7068.26,0,0,1407.17,635.718,93.6784,2,89.3429,76.5089,74.5089,68.6491,0,0,0,47.4423,26.1534,3,12.8341
2372.1,44728.9,86.4121,0.702748,224.247,70.2268,5.40177,7068.8,0,0,1438.06,632.264,95.2146,2,90.8632,78.176,76.176,70.2268,0,0,0,47.4454,26.1533,3,12.6873
2372.2,44731.3,86.4366,0.705895,224.263,71.6136,5.49922,7069.35,0,0,1486.96,621.154,96.7226,2,92.3966,79.6413,77.6413,71.6136,0,0,0,47.4485,26.1532,3,12.7553
2372.3,44733.7,86.4635,0.709003,224.28,72.7997,5.58971,7069.91,0,0,1536.83,609.46,98.084,2,93.7858,80.8944,78.8944,72.7997,0,0,0,47.4516,26.1532,3,12.8914
2372.4,44736.1,86.4928,0.712071,224.297,74.0828,5.68627,7070.48,0,0,1578.28,601.938,99.4868,2,95.1908,82.2501,80.2501,74.0828,0,0,0,47.4548,26.1531,3,12.9407
2372.5,44738.5,86.5249,0.715101,224.315,75.1447,5.7651,7071.06,0,0,1617.73,594.689,100.746,2,96.4519,83.372,81.372,75.1447,0,0,0,47.4579,26.1531,3,13.0799
2372.6,44740.9,86.5583,0.718091,224.332,75.7799,5.80371,7071.64,0,0,1627.99,594.689,101.384,2,97.0744,84.0435,82.0435,75.7799,0,0,0,47.4611,26.153,3,13.0309
2372.7,44743.3,86.5928,0.721042,224.349,76.7445,5.88719,7072.23,0,0,1650.11,594.689,102.761,2,98.4163,85.0664,83.0664,76.7445,0,0,0,47.4644,26.153,3,13.3498
2372.8,44745.7,86.63,0.723953,224.367,77.7285,5.95246,7072.82,0,0,1667.34,594.689,103.834,2,99.4617,86.11,84.11,77.7285,0,0,0,47.4676,26.1529,3,13.3517
2372.9,44748.1,86.6683,0.726825,224.384,77.7261,5.95196,7073.42,0,0,1667.2,594.689,103.826,2,99.4537,86.1069,84.1069,77.7261,0,0,0,47.4708,26.1528,3,13.3469
2373,44750.5,86.7049,0.729657,224.402,76.817,5.89232,7074.01,0,0,1651.46,594.689,102.846,2,98.4986,85.1414,83.1414,76.817,0,0,0,47.4741,26.1528,3,13.3572
2373.1,44752.9,86.7388,0.732448,224.419,75.732,5.79902,7074.59,0,0,1626.75,594.689,101.307,2,96.9989,83.9895,81.9895,75.732,0,0,0,47.4773,26.1527,3,13.0093
2373.2,44755.4,86.7703,0.7352,224.437,74.501,5.7187,7075.16,0,0,1593.48,598.968,99.9493,2,95.6559,82.6877,80.6877,74.501,0,0,0,47.4804,26.1527,3,12.9683
2373.3,44757.8,86.7984,0.737911,224.455,73.0428,5.60309,7075.72,0,0,1547.5,606.48,98.2825,2,93.9943,81.1457,79.1457,73.0428,0,0,0,47.4835,26.1526,3,12.8486
2373.4,44760.2,86.8232,0.740581,224.472,72.0476,5.52814,7076.27,0,0,1495.93,620.18,97.1537,2,92.8225,80.0932,78.0932,72.0476,0,0,0,47.4866,26.1526,3,12.7293
2373.5,44762.6,86.8466,0.743211,224.49,71.5965,5.49223,7076.82,0,0,1484.79,621.39,96.6181,2,92.2934,79.6159,77.6159,71.5965,0,0,0,47.4897,26.1525,3,12.6774
2373.6,44765,86.8691,0.745799,224.508,71.061,5.45255,7077.37,0,0,1468.04,624.559,96.015,2,91.6875,79.0494,77.0494,71.061,0,0,0,47.4928,26.1524,3,12.6381
2373.7,44767.4,86.8898,0.748346,224.526,70.7993,5.4348,7077.91,0,0,1457.18,627.388,95.7365,2,91.4,78.7723,76.7723,70.7993,0,0,0,47.4959,26.1524,3,12.6277
2373.8,44769.8,86.9108,0.750852,224.544,71.1518,5.45785,7078.45,0,0,1471.31,623.706,96.0978,2,91.7729,79.1447,77.1447,71.1518,0,0,0,47.4989,26.1523,3,12.6282
2373.9,44772.2,86.9328,0.753316,224.563,71.3552,5.4716,7079,0,0,1478.39,622.085,96.3093,2,91.9881,79.3593,77.3593,71.3552,0,0,0,47.502,26.1523,3,12.6289
2374,44774.7,86.9544,0.755738,224.581,71.408,5.47535,7079.55,0,0,1479.56,621.958,96.3655,2,92.0437,79.4147,77.4147,71.408,0,0,0,47.5051,26.1522,3,12.629
2374.1,44777.1,86.9763,0.758119,224.599,71.4913,5.4815,7080.1,0,0,1481.46,621.751,96.4576,2,92.1347,79.5024,77.5024,71.4913,0,0,0,47.5081,26.1521,3,12.6323
2374.2,44779.5,86.9979,0.760459,224.617,71.3889,5.47303,7080.65,0,0,1478.84,622.036,96.3307,2,92.0094,79.3938,77.3938,71.3889,0,0,0,47.5112,26.1521,3,12.6155
2374.3,44781.9,87.019,0.762756,224.636,71.0091,5.44672,7081.19,0,0,1464.45,625.494,95.9237,2,91.5932,78.9919,76.9919,71.0091,0,0,0,47.5143,26.152,3,12.6013
2374.4,44784.3,87.0386,0.765011,224.654,70.9916,5.44521,7081.73,0,0,1463.52,625.735,95.9001,2,91.5688,78.973,76.973,70.9916,0,0,0,47.5173,26.152,3,12.5959
2374.5,44786.7,87.0594,0.767224,224.673,71.7193,5.49782,7082.28,0,0,1486.53,621.202,96.7016,2,92.3759,79.742,77.742,71.7193,0,0,0,47.5204,26.1519,3,12.6339
2374.6,44789.2,87.0819,0.769395,224.691,73.087,5.60145,7082.84,0,0,1546.18,606.848,98.2584,2,93.9689,81.1877,79.1877,73.087,0,0,0,47.5235,26.1518,3,12.7812
2374.7,44791.6,87.1083,0.771524,224.71,74.5788,5.71869,7083.42,0,0,1593.48,598.969,99.9493,2,95.6558,82.7645,80.7645,74.5788,0,0,0,47.5266,26.1518,3,12.8914
2374.8,44794,87.1369,0.773611,224.729,76.1851,5.82501,7084,0,0,1633.64,594.689,101.736,2,97.4172,84.4624,82.4624,76.1851,0,0,0,47.5298,26.1517,3,12.9548
2374.9,44796.4,87.1699,0.775655,224.747,77.6787,5.94245,7084.59,0,0,1664.7,594.689,103.67,2,99.3016,86.0474,84.0474,77.6787,0,0,0,47.533,26.1517,3,13.2542
2375,44798.8,87.2047,0.777658,224.766,78.8205,6.01299,7085.19,0,0,1683.27,594.689,104.827,2,100.428,87.2589,85.2589,78.8205,0,0,0,47.5362,26.1516,3,13.1693
2375.1,44801.3,87.2422,0.779618,224.785,79.7292,6.06922,7085.8,0,0,1698.02,594.689,105.746,2,101.323,88.2228,86.2228,79.7292,0,0,0,47.5394,26.1516,3,13.1006
2375.2,44803.7,87.2804,0.781536,224.804,79.7244,6.06857,7086.41,0,0,1697.85,594.689,105.735,2,101.313,88.217,86.217,79.7244,0,0,0,47.5426,26.1515,3,13.096
2375.3,44806.1,87.3176,0.783411,224.823,79.4146,6.04891,7087.01,0,0,1692.7,594.689,105.414,2,101,87.8874,85.8874,79.4146,0,0,0,47.5458,26.1514,3,13.1129
2375.4,44808.5,87.3541,0.785244,224.842,79.3286,6.04321,7087.62,0,0,1691.2,594.689,105.321,2,100.91,87.7956,85.7956,79.3286,0,0,0,47.549,26.1514,3,13.114
2375.5,44811,87.3904,0.787035,224.861,78.7287,6.00553,7088.22,0,0,1681.31,594.689,104.704,2,100.309,87.158,85.158,78.7287,0,0,0,47.5522,26.1513,3,13.1512
2375.6,44813.4,87.4239,0.788783,224.88,77.7569,5.94485,7088.81,0,0,1665.33,594.689,103.71,2,99.34,86.1256,84.1256,77.7569,0,0,0,47.5554,26.1513,3,13.2143
2375.7,44815.8,87.4557,0.790488,224.899,77.1936,5.90961,7089.4,0,0,1656.03,594.689,103.13,2,98.7758,85.527,83.527,77.1936,0,0,0,47.5586,26.1512,3,13.2488
2375.8,44818.3,87.4864,0.79215,224.919,76.3785,5.83771,7089.99,0,0,1637.01,594.689,101.946,2,97.6216,84.6614,82.6614,76.3785,0,0,0,47.5617,26.1512,3,12.9602
2375.9,44820.7,87.5143,0.793769,224.938,74.985,5.74341,7090.56,0,0,1607.31,596.267,100.362,2,96.0706,83.1873,81.1873,74.985,0,0,0,47.5649,26.1511,3,12.8833
2376,44823.1,87.5387,0.795345,224.957,73.5323,5.6288,7091.12,0,0,1559.55,604.09,98.6573,2,94.3715,81.6507,79.6507,73.5323,0,0,0,47.568,26.151,3,12.7208
2376.1,44825.6,87.5601,0.796878,224.977,72.1112,5.52173,7091.68,0,0,1493.95,620.396,97.0583,2,92.7283,80.1475,78.1475,72.1112,0,0,0,47.571,26.151,3,12.5808
2376.2,44828,87.5781,0.798368,224.996,70.7901,5.42511,7092.22,0,0,1451.31,628.916,95.5834,2,91.2421,78.7501,76.7501,70.7901,0,0,0,47.5741,26.1509,3,12.492
2376.3,44830.4,87.5936,0.799815,225.016,69.8114,5.35569,7092.75,0,0,1427.59,632.264,94.5213,2,90.186,77.7148,75.7148,69.8114,0,0,0,47.5771,26.1509,3,12.4712
2376.4,44832.9,87.6071,0.801218,225.035,68.6676,5.29029,7093.28,0,0,1401.78,636.887,93.4915,2,89.1536,76.5049,74.5049,68.6676,0,0,0,47.5802,26.1508,3,12.6487
2376.5,44835.3,87.6175,0.802578,225.054,67.4524,5.25683,7093.81,0,0,1393.42,636.738,92.9116,2,88.5879,75.2197,73.2197,67.4524,0,0,0,47.5834,26.1507,3,13.3683
2376.6,44837.7,87.6257,0.803894,225.074,66.1482,5.14887,7094.32,0,0,1369.23,634.769,91.0167,2,86.7479,73.8425,71.8425,66.1482,0,0,0,47.5865,26.1507,3,12.9054
2376.7,44840.2,87.6302,0.805167,225.094,64.8239,5.04196,7094.83,0,0,1346.15,632.264,89.1292,2,84.9181,72.4456,70.4456,64.8239,0,0,0,47.5896,26.1506,3,12.4725
2376.8,44842.6,87.6326,0.806397,225.113,63.7022,5.01266,7095.33,0,0,1338.46,632.264,88.6203,2,84.4207,71.2624,69.2624,63.7022,0,0,0,47.5928,26.1506,3,13.1584
2376.9,44845,87.6322,0.807582,225.133,63.1535,5.01266,7095.83,0,0,1338.46,632.264,88.6203,2,84.4207,70.6836,68.6836,63.1535,0,0,0,47.5961,26.1505,3,13.7371
2377,44847.5,87.6321,0.808725,225.153,63.3587,5.01266,7096.33,0,0,1338.46,632.264,88.6203,2,84.4207,70.9,68.9,63.3587,0,0,0,47.5994,26.1505,3,13.5207
2377.1,44849.9,87.6325,0.809824,225.172,63.9697,5.01489,7096.83,0,0,1339.05,632.264,88.6591,2,84.4587,71.5446,69.5446,63.9697,0,0,0,47.6025,26.1504,3,12.9141
2377.2,44852.3,87.635,0.810879,225.192,64.4249,5.02882,7097.34,0,0,1342.7,632.264,88.9012,2,84.6952,72.0247,70.0247,64.4249,0,0,0,47.6056,26.1504,3,12.6705
2377.3,44854.8,87.6373,0.811892,225.212,64.7148,5.03765,7097.84,0,0,1345.02,632.264,89.0544,2,84.8449,72.3304,70.3304,64.7148,0,0,0,47.6087,26.1503,3,12.5145
2377.4,44857.2,87.641,0.81286,225.232,65.0832,5.06713,7098.35,0,0,1351.6,632.856,89.574,2,85.3493,72.7189,70.7189,65.0832,0,0,0,47.6117,26.1502,3,12.6303
2377.5,44859.6,87.6447,0.813786,225.251,64.7771,5.03928,7098.85,0,0,1345.45,632.264,89.0827,2,84.8726,72.3961,70.3961,64.7771,0,0,0,47.6148,26.1502,3,12.4765
2377.6,44862.1,87.647,0.814669,225.271,63.9666,5.01404,7099.35,0,0,1338.83,632.264,88.6444,2,84.4443,71.5412,69.5412,63.9666,0,0,0,47.6179,26.1501,3,12.903
2377.7,44864.5,87.6472,0.815508,225.291,62.9836,5.01266,7099.85,0,0,1338.46,632.264,88.6203,2,84.4207,70.5044,68.5044,62.9836,0,0,0,47.6213,26.1501,3,13.9163
2377.8,44866.9,87.6452,0.816304,225.311,61.4818,4.87793,7100.34,0,0,1307.69,629.759,86.24,2,82.109,68.9204,66.9204,61.4818,0,0,0,47.6245,26.15,3,13.1886
2377.9,44869.4,87.6389,0.817057,225.331,59.7194,4.77286,7100.82,0,0,1284.62,627.254,84.3811,2,80.3068,67.0615,65.0615,59.7194,0,0,0,47.6277,26.15,2,13.2453
2378,44871.8,87.6292,0.817767,225.351,58.2248,4.64013,7101.28,0,0,1253.85,624.749,82.0311,2,78.0242,65.4847,63.4847,58.2248,0,0,0,47.6308,26.1499,2,12.5395
2378.1,44874.2,87.6165,0.818434,225.371,56.9281,4.58512,7101.74,0,0,1241.01,623.704,81.0557,2,77.0767,64.1087,62.1087,56.9281,0,0,0,47.6339,26.1498,2,12.968
2378.2,44876.7,87.6013,0.819059,225.39,56.1143,4.50858,7102.19,0,0,1223.08,622.244,79.6972,2,75.7571,63.2371,61.2371,56.1143,0,0,0,47.637,26.1498,2,12.52
2378.3,44879.1,87.5851,0.81964,225.41,55.9926,4.50858,7102.64,0,0,1223.08,622.244,79.6972,2,75.7571,63.1065,61.1065,55.9926,0,0,0,47.64,26.1497,2,12.6507
2378.4,44881.5,87.5695,0.820179,225.43,56.2359,4.50858,7103.09,0,0,1223.08,622.244,79.6972,2,75.7571,63.3667,61.3667,56.2359,0,0,0,47.643,26.1497,2,12.3905
2378.5,44884,87.5544,0.820675,225.45,56.4291,4.51207,7103.54,0,0,1223.9,622.311,79.7592,2,75.8173,63.5733,61.5733,56.4291,0,0,0,47.646,26.1496,2,12.244
2378.6,44886.4,87.5396,0.821128,225.47,56.559,4.52963,7104,0,0,1228.02,622.647,80.0711,2,76.1203,63.7121,61.7121,56.559,0,0,0,47.649,26.1495,2,12.4081
2378.7,44888.8,87.5252,0.821539,225.49,57.1027,4.60554,7104.46,0,0,1245.78,624.093,81.4178,2,77.4285,64.294,62.294,57.1027,0,0,0,47.6522,26.1495,2,13.1345
2378.8,44891.3,87.5128,0.821908,225.51,58.2281,4.64013,7104.92,0,0,1253.85,624.749,82.0311,2,78.0242,65.4854,63.4854,58.2281,0,0,0,47.6553,26.1494,2,12.5388
2378.9,44893.7,87.5033,0.822235,225.53,60.1714,4.77286,7105.4,0,0,1284.62,627.254,84.3811,2,80.3068,67.5362,65.5362,60.1714,0,0,0,47.6584,26.1494,2,12.7706
2379,44896.1,87.4994,0.82252,225.55,62.8507,4.89359,7105.89,0,0,1311.28,630.052,86.517,2,82.378,70.364,68.364,62.8507,0,0,0,47.6613,26.1493,3,12.014
2379.1,44898.6,87.5014,0.822763,225.57,65.5616,5.03945,7106.39,0,0,1345.49,632.264,89.0857,2,84.8755,73.2252,71.2252,65.5616,0,0,0,47.6641,26.1492,3,11.6503
2379.2,44901,87.5091,0.822964,225.59,67.7469,5.22257,7106.92,0,0,1385.76,636.115,92.3107,2,88.0044,75.5332,73.5332,67.7469,0,0,0,47.6672,26.1492,3,12.4712
2379.3,44903.4,87.5206,0.823124,225.61,69.2183,5.31227,7107.45,0,0,1411.81,634.71,93.8385,2,89.5051,77.089,75.089,69.2183,0,0,0,47.6702,26.1491,3,12.4161
2379.4,44905.8,87.5345,0.823242,225.63,70.3157,5.38104,7107.98,0,0,1433.35,632.264,94.9031,2,90.5589,78.2492,76.2492,70.3157,0,0,0,47.6732,26.149,3,12.3097
2379.5,44908.3,87.5506,0.823318,225.65,71.7323,5.4789,7108.53,0,0,1480.66,621.839,96.4187,2,92.0962,79.747,77.747,71.7323,0,0,0,47.6762,26.149,3,12.3492
2379.6,44910.7,87.5706,0.823354,225.67,73.7542,5.63235,7109.1,0,0,1560.68,603.967,98.7088,2,94.4224,81.8848,79.8848,73.7542,0,0,0,47.6792,26.1489,3,12.5376
2379.7,44913.1,87.5952,0.823348,225.69,75.3213,5.75248,7109.67,0,0,1613.42,595.072,100.542,2,96.2516,83.5416,81.5416,75.3213,0,0,0,47.6823,26.1488,3,12.71
2379.8,44915.6,87.6217,0.823301,225.71,76.2023,5.80698,7110.25,0,0,1628.86,594.689,101.438,2,97.127,84.4729,82.4729,76.2023,0,0,0,47.6854,26.1488,3,12.6541
2379.9,44918,87.65,0.823213,225.73,76.0439,5.79694,7110.83,0,0,1626.2,594.689,101.272,2,96.9653,84.3049,82.3049,76.0439,0,0,0,47.6885,26.1487,3,12.6604
2380,44920.4,87.6756,0.823084,225.75,74.8982,5.72311,7111.4,0,0,1595.56,598.562,100.012,2,95.7188,83.0928,81.0928,74.8982,0,0,0,47.6915,26.1487,3,12.6259
2380.1,44922.9,87.6987,0.822914,225.77,73.8534,5.63795,7111.97,0,0,1562.46,603.774,98.7899,2,94.5024,81.9876,79.9876,73.8534,0,0,0,47.6946,26.1486,3,12.5149
2380.2,44925.3,87.7198,0.822704,225.79,73.9222,5.64284,7112.53,0,0,1564.02,603.605,98.8606,2,94.5721,82.0599,80.0599,73.9222,0,0,0,47.6976,26.1485,3,12.5122
2380.3,44927.8,87.743,0.822453,225.811,75.1463,5.74003,7113.11,0,0,1605.03,596.712,100.294,2,96.0029,83.3541,81.3541,75.1463,0,0,0,47.7007,26.1485,3,12.6488
2380.4,44930.2,87.7692,0.822162,225.831,76.6639,5.84303,7113.69,0,0,1638.42,594.689,102.034,2,97.7071,84.9587,82.9587,76.6639,0,0,0,47.7038,26.1484,3,12.7484
2380.5,44932.6,87.7988,0.82183,225.851,78.1904,5.9566,7114.29,0,0,1668.43,594.689,103.902,2,99.5279,86.579,84.579,78.1904,0,0,0,47.707,26.1484,3,12.9489
2380.6,44935.1,87.8313,0.821458,225.871,79.3073,6.02566,7114.89,0,0,1686.6,594.689,105.034,2,100.63,87.7643,85.7643,79.3073,0,0,0,47.7101,26.1483,3,12.8658
2380.7,44937.5,87.8655,0.821046,225.891,80.075,6.07316,7115.5,0,0,1699.06,594.689,105.81,2,101.386,88.5789,86.5789,80.075,0,0,0,47.7132,26.1483,3,12.8071
2380.8,44940,87.9011,0.820594,225.911,80.3828,6.09204,7116.1,0,0,1704,594.689,106.118,2,101.686,88.9052,86.9052,80.3828,0,0,0,47.7163,26.1482,3,12.7807
2380.9,44942.4,87.9364,0.820102,225.931,79.9523,6.06483,7116.71,0,0,1696.87,594.689,105.674,2,101.254,88.4474,86.4474,79.9523,0,0,0,47.7194,26.1481,3,12.8061
2381,44944.8,87.9699,0.81957,225.951,79.1428,6.01408,7117.31,0,0,1683.55,594.689,104.844,2,100.446,87.5874,85.5874,79.1428,0,0,0,47.7225,26.1481,3,12.8581
2381.1,44947.3,88.0015,0.818999,225.971,78.7193,5.98741,7117.91,0,0,1676.54,594.689,104.408,2,100.02,87.1371,85.1371,78.7193,0,0,0,47.7257,26.148,3,12.883
2381.2,44949.7,88.033,0.818388,225.991,78.1588,5.95227,7118.51,0,0,1667.29,594.689,103.831,2,99.4588,86.5413,84.5413,78.1588,0,0,0,47.7288,26.148,3,12.9175
2381.3,44952.2,88.062,0.817738,226.011,77.056,5.8748,7119.09,0,0,1646.83,594.689,102.558,2,98.2176,85.3697,83.3697,77.056,0,0,0,47.7319,26.1479,3,12.8479
2381.4,44954.6,88.0886,0.817048,226.031,76.5303,5.82579,7119.68,0,0,1633.85,594.689,101.749,2,97.4299,84.8128,82.8128,76.5303,0,0,0,47.735,26.1478,3,12.6171
2381.5,44957.1,88.1152,0.81632,226.051,76.3487,5.81046,7120.26,0,0,1629.78,594.689,101.496,2,97.183,84.6204,82.6204,76.3487,0,0,0,47.7381,26.1478,3,12.5626
2381.6,44959.5,88.1409,0.815553,226.071,75.1303,5.73484,7120.83,0,0,1601.56,597.39,100.191,2,95.8993,83.3312,81.3312,75.1303,0,0,0,47.7411,26.1477,3,12.5681
2381.7,44962,88.1621,0.814747,226.091,72.5861,5.53693,7121.38,0,0,1498.66,619.884,97.2844,2,92.9517,80.6396,78.6396,72.5861,0,0,0,47.7441,26.1477,3,12.3121
2381.8,44964.4,88.1768,0.813903,226.111,69.9092,5.34287,7121.92,0,0,1424.67,632.264,94.3279,2,89.9972,77.8078,75.8078,69.9092,0,0,0,47.7471,26.1476,3,12.1893
2381.9,44966.9,88.1865,0.81302,226.131,67.9212,5.28549,7122.45,0,0,1399.81,637.259,93.4141,2,89.0758,75.7047,73.7047,67.9212,0,0,0,47.7503,26.1475,3,13.3711
2382,44969.3,88.1927,0.8121,226.151,65.9544,5.13945,7122.96,0,0,1367.2,634.549,90.8505,2,86.5868,73.6301,71.6301,65.9544,0,0,0,47.7535,26.1475,3,12.9567
2382.1,44971.8,88.194,0.811142,226.17,64.2952,5.01727,7123.46,0,0,1339.67,632.264,88.7004,2,84.499,71.8817,69.8817,64.2952,0,0,0,47.7565,26.1474,3,12.6173
2382.2,44974.2,88.1931,0.810147,226.19,64.1447,5.01266,7123.96,0,0,1338.46,632.264,88.6203,2,84.4207,71.7232,69.7232,64.1447,0,0,0,47.7596,26.1474,3,12.6975
2382.3,44976.7,88.1939,0.809114,226.21,64.5807,5.02579,7124.47,0,0,1341.91,632.264,88.8485,2,84.6438,72.1826,70.1826,64.5807,0,0,0,47.7627,26.1473,3,12.4612
2382.4,44979.1,88.1949,0.808044,226.23,64.2108,5.01421,7124.97,0,0,1338.87,632.264,88.6473,2,84.4471,71.7928,69.7928,64.2108,0,0,0,47.7657,26.1472,3,12.6543
2382.5,44981.6,88.1942,0.806938,226.25,63.7114,5.01266,7125.47,0,0,1338.46,632.264,88.6203,2,84.4207,71.2665,69.2665,63.7114,0,0,0,47.7689,26.1472,3,13.1542
2382.6,44984,88.1931,0.805794,226.269,62.98,4.97814,7125.97,0,0,1330.61,631.625,88.0112,2,83.8292,70.4959,68.4959,62.98,0,0,0,47.7722,26.1471,3,13.3333
2382.7,44986.5,88.1893,0.804615,226.289,61.3119,4.87585,7126.46,0,0,1307.24,629.71,86.2036,2,82.0737,68.7382,66.7382,61.3119,0,0,0,47.7754,26.1471,3,13.3355
2382.8,44988.9,88.1813,0.8034,226.309,59.4314,4.77183,7126.93,0,0,1284.38,627.235,84.3629,2,80.289,66.7568,64.7568,59.4314,0,0,0,47.7787,26.147,2,13.5322
2382.9,44991.4,88.1696,0.802149,226.329,57.7002,4.64013,7127.4,0,0,1253.85,624.749,82.0311,2,78.0242,64.9315,62.9315,57.7002,0,0,0,47.7819,26.147,2,13.0927
2383,44993.8,88.1542,0.800862,226.348,56.4202,4.50858,7127.85,0,0,1223.08,622.244,79.6972,2,75.7571,63.5634,61.5634,56.4202,0,0,0,47.7848,26.1469,2,12.1937
2383.1,44996.3,88.1372,0.79954,226.368,56.6328,4.50972,7128.3,0,0,1223.34,622.266,79.7174,2,75.7767,63.7911,61.7911,56.6328,0,0,0,47.7878,26.1468,2,11.9857
2383.2,44998.7,88.123,0.798184,226.387,58.1426,4.64013,7128.76,0,0,1253.85,624.749,82.0311,2,78.0242,65.3998,63.3998,58.1426,0,0,0,47.7908,26.1468,2,12.6244
2383.3,45001.2,88.1127,0.796793,226.407,59.8356,4.77286,7129.24,0,0,1284.62,627.254,84.3811,2,80.3068,67.184,65.184,59.8356,0,0,0,47.794,26.1467,2,13.1228
2383.4,45003.6,88.1059,0.795367,226.426,61.6591,4.87793,7129.73,0,0,1307.69,629.759,86.24,2,82.109,69.1055,67.1055,61.6591,0,0,0,47.7972,26.1467,3,13.0035
2383.5,45006,88.1035,0.793907,226.446,62.7638,4.94127,7130.22,0,0,1322.19,630.94,87.3598,2,83.1966,70.2696,68.2696,62.7638,0,0,0,47.8003,26.1466,3,12.927
2383.6,45008.5,88.1015,0.792413,226.465,62.2384,4.87793,7130.71,0,0,1307.69,629.759,86.24,2,82.109,69.716,67.716,62.2384,0,0,0,47.8033,26.1466,3,12.3931
2383.7,45010.9,88.097,0.790886,226.485,61.0901,4.84577,7131.19,0,0,1300.69,628.999,85.6743,2,81.5605,68.5061,66.5061,61.0901,0,0,0,47.8065,26.1465,3,13.0544
2383.8,45013.4,88.0902,0.789325,226.504,60.4088,4.77286,7131.67,0,0,1284.62,627.254,84.3811,2,80.3068,67.7884,65.7884,60.4088,0,0,0,47.8096,26.1464,2,12.5184
2383.9,45015.8,88.0829,0.78773,226.523,60.2208,4.77286,7132.15,0,0,1284.62,627.254,84.3811,2,80.3068,67.5904,65.5904,60.2208,0,0,0,47.8126,26.1464,2,12.7163
2384,45018.3,88.0756,0.786103,226.542,60.7404,4.80553,7132.63,0,0,1291.83,628.037,84.9607,2,80.8687,68.138,66.138,60.7404,0,0,0,47.8157,26.1463,3,12.7307
2384.1,45020.7,88.0706,0.784444,226.562,61.7706,4.87793,7133.12,0,0,1307.69,629.759,86.24,2,82.109,69.2237,67.2237,61.7706,0,0,0,47.8189,26.1463,3,12.8854
2384.2,45023.2,88.0678,0.782751,226.581,62.518,4.90165,7133.61,0,0,1313.13,630.202,86.6594,2,82.5164,70.0112,68.0112,62.518,0,0,0,47.8219,26.1462,3,12.5051
2384.3,45025.6,88.0662,0.781027,226.6,62.4011,4.88442,7134.1,0,0,1309.18,629.88,86.3548,2,82.2205,69.8881,67.8881,62.4011,0,0,0,47.8249,26.1461,3,12.3324
2384.4,45028.1,88.063,0.779271,226.619,61.7474,4.87793,7134.58,0,0,1307.69,629.759,86.24,2,82.109,69.1994,67.1994,61.7474,0,0,0,47.828,26.1461,3,12.9097
2384.5,45030.5,88.0588,0.777483,226.638,61.4626,4.87793,7135.07,0,0,1307.69,629.759,86.24,2,82.109,68.8993,66.8993,61.4626,0,0,0,47.8313,26.146,3,13.2097
2384.6,45033,88.0545,0.775664,226.657,61.0505,4.83659,7135.55,0,0,1298.67,628.779,85.5116,2,81.4028,68.4652,66.4652,61.0505,0,0,0,47.8344,26.146,3,12.9376
2384.7,45035.4,88.0487,0.773814,226.676,60.462,4.77286,7136.03,0,0,1284.62,627.254,84.3811,2,80.3068,67.8452,65.8452,60.462,0,0,0,47.8374,26.1459,2,12.4616
2384.8,45037.9,88.042,0.771934,226.695,60.4934,4.77405,7136.51,0,0,1284.88,627.283,84.4022,2,80.3272,67.8783,65.8783,60.4934,0,0,0,47.8405,26.1458,2,12.4489
2384.9,45040.3,88.0365,0.770023,226.714,60.5051,4.77482,7136.99,0,0,1285.05,627.301,84.4159,2,80.3405,67.8908,65.8908,60.5051,0,0,0,47.8435,26.1458,2,12.4497
2385,45042.7,88.0301,0.768082,226.733,59.8877,4.77286,7137.46,0,0,1284.62,627.254,84.3811,2,80.3068,67.2404,65.2404,59.8877,0,0,0,47.8467,26.1457,2,13.0664
2385.1,45045.2,88.022,0.766111,226.751,59.3234,4.74126,7137.94,0,0,1277.31,626.66,83.822,2,79.7637,66.6459,64.6459,59.3234,0,0,0,47.8499,26.1457,2,13.1178
2385.2,45047.6,88.0134,0.764111,226.77,58.4496,4.64013,7138.4,0,0,1253.85,624.749,82.0311,2,78.0242,65.7254,63.7254,58.4496,0,0,0,47.8528,26.1456,2,12.2988
2385.3,45050.1,88.0018,0.762082,226.789,56.6723,4.50858,7138.85,0,0,1223.08,622.244,79.6972,2,75.7571,63.8365,61.8365,56.6723,0,0,0,47.8557,26.1455,2,11.9206
2385.4,45052.5,87.9857,0.760024,226.807,54.9463,4.48338,7139.3,0,0,1216.06,622.244,79.2402,2,75.3103,61.9899,59.9899,54.9463,0,0,0,47.859,26.1455,2,13.3203
2385.5,45055,87.967,0.757938,226.826,53.0172,4.36256,7139.74,0,0,1192.44,617.277,77.0807,2,73.2281,59.9258,57.9258,53.0172,0,0,0,47.8622,26.1454,2,13.3023
2385.6,45057.4,87.9429,0.755824,226.844,50.4364,4.19584,7140.16,0,0,1163.44,607.835,74.0559,2,70.3259,57.1636,55.1636,50.4364,0,0,0,47.8654,26.1454,2,13.1623
2385.7,45059.9,87.9134,0.753682,226.863,48.9012,4.09655,7140.57,0,0,1143.06,603.701,72.2635,2,68.5973,55.52,53.52,48.9012,0,0,0,47.8686,26.1453,2,13.0773
2385.8,45062.3,87.883,0.751514,226.881,48.6272,4.08346,7140.98,0,0,1140.76,602.951,72.0284,2,68.3717,55.2262,53.2262,48.6272,0,0,0,47.8718,26.1453,2,13.1455
2385.9,45064.7,87.8526,0.749319,226.899,48.4812,4.07637,7141.38,0,0,1139.51,602.544,71.901,2,68.2495,55.0692,53.0692,48.4812,0,0,0,47.875,26.1452,2,13.1803
2386,45067.2,87.822,0.747098,226.918,48.807,4.09136,7141.79,0,0,1142.15,603.404,72.1704,2,68.5079,55.4175,53.4175,48.807,0,0,0,47.8782,26.1452,2,13.0904
2386.1,45069.6,87.7933,0.74485,226.936,49.6508,4.14055,7142.21,0,0,1151.96,605.654,73.0617,2,69.3664,56.3203,54.3203,49.6508,0,0,0,47.8813,26.1451,2,13.0462
2386.2,45072,87.7666,0.742577,226.954,49.6793,4.14231,7142.62,0,0,1152.34,605.716,73.0933,2,69.397,56.3503,54.3503,49.6793,0,0,0,47.8845,26.1451,2,13.0467
2386.3,45074.5,87.7384,0.740279,226.972,48.8676,4.09343,7143.03,0,0,1142.51,603.523,72.2075,2,68.5436,55.4806,53.4806,48.8676,0,0,0,47.8877,26.145,2,13.063
2386.4,45076.9,87.7085,0.737956,226.99,47.6004,4.02136,7143.43,0,0,1132.03,598.016,70.8924,2,67.2895,54.1245,52.1245,47.6004,0,0,0,47.8909,26.1449,2,13.165
2386.5,45079.4,87.6752,0.735608,227.008,45.8821,3.90284,7143.82,0,0,1110.19,591.305,68.7443,2,65.2275,52.2916,50.2916,45.8821,0,0,0,47.894,26.1449,2,12.936
2386.6,45081.8,87.6383,0.733236,227.026,44.8613,3.83103,7144.21,0,0,1095.83,587.748,67.4472,2,63.9795,51.2022,49.2022,44.8613,0,0,0,47.8971,26.1448,2,12.7772
2386.7,45084.2,87.6009,0.73084,227.044,44.974,3.83888,7144.59,0,0,1097.59,588.034,67.5882,2,64.1157,51.3215,49.3215,44.974,0,0,0,47.9003,26.1448,2,12.7942
2386.8,45086.7,87.5649,0.728421,227.062,45.4953,3.87682,7144.98,0,0,1106.05,589.412,68.2691,2,64.7737,51.8765,49.8765,45.4953,0,0,0,47.9034,26.1447,2,12.8972
2386.9,45089.1,87.5301,0.725979,227.079,46.1442,3.91757,7145.37,0,0,1112.15,592.585,69.015,2,65.4849,52.5676,50.5676,46.1442,0,0,0,47.9065,26.1447,2,12.9173
2387,45091.5,87.4973,0.723514,227.097,47.2622,3.99543,7145.77,0,0,1127.18,596.61,70.4229,2,66.8386,53.759,51.759,47.2622,0,0,0,47.9097,26.1446,2,13.0796
2387.1,45094,87.4677,0.721027,227.114,48.5355,4.07581,7146.18,0,0,1139.41,602.512,71.8909,2,68.2399,55.1195,53.1195,48.5355,0,0,0,47.9129,26.1445,2,13.1204
2387.2,45096.4,87.4407,0.718517,227.132,49.6064,4.13254,7146.59,0,0,1150.23,605.372,72.918,2,69.2276,56.2656,54.2656,49.6064,0,0,0,47.916,26.1445,2,12.9619
2387.3,45098.8,87.4161,0.715986,227.149,50.3079,4.18546,7147.01,0,0,1161.62,607.241,73.8677,2,70.1453,57.0163,55.0163,50.3079,0,0,0,47.9192,26.1444,2,13.129
2387.4,45101.2,87.3924,0.713433,227.167,50.4442,4.1916,7147.43,0,0,1162.7,607.592,73.979,2,70.2521,57.1618,55.1618,50.4442,0,0,0,47.9224,26.1444,2,13.0904
2387.5,45103.7,87.3687,0.710859,227.184,50.3007,4.18438,7147.85,0,0,1161.41,607.193,73.8481,2,70.1265,57.0076,55.0076,50.3007,0,0,0,47.9256,26.1443,2,13.1189
2387.6,45106.1,87.3447,0.708264,227.201,50.1848,4.17509,7148.26,0,0,1159.41,606.867,73.6814,2,69.9654,56.883,54.883,50.1848,0,0,0,47.9288,26.1443,2,13.0824
2387.7,45108.5,87.3208,0.705648,227.218,49.9525,4.1569,7148.68,0,0,1155.49,606.229,73.3552,2,69.6501,56.6338,54.6338,49.9525,0,0,0,47.932,26.1442,2,13.0163
2387.8,45110.9,87.2962,0.703012,227.235,49.798,4.14469,7149.09,0,0,1152.85,605.8,73.1361,2,69.4384,56.4679,54.4679,49.798,0,0,0,47.9351,26.1442,2,12.9705
2387.9,45113.4,87.2719,0.700356,227.252,50.0296,4.16198,7149.51,0,0,1156.58,606.407,73.4463,2,69.7381,56.7154,54.7154,50.0296,0,0,0,47.9383,26.1441,2,13.0227
2388,45115.8,87.2486,0.697681,227.269,49.9237,4.15348,7149.92,0,0,1154.75,606.109,73.2937,2,69.5907,56.6015,54.6015,49.9237,0,0,0,47.9414,26.144,2,12.9891
2388.1,45118.2,87.2242,0.694986,227.286,48.8922,4.08999,7150.33,0,0,1141.9,603.325,72.1456,2,68.4842,55.4965,53.4965,48.8922,0,0,0,47.9446,26.144,2,12.9877
2388.2,45120.6,87.1968,0.692273,227.303,47.6074,4.01557,7150.73,0,0,1131.27,597.52,70.786,2,67.1884,54.1202,52.1202,47.6074,0,0,0,47.9478,26.1439,2,13.0682
2388.3,45123.1,87.1672,0.689541,227.32,46.4298,3.93043,7151.13,0,0,1113.87,593.699,69.2513,2,65.7096,52.8638,50.8638,46.4298,0,0,0,47.9509,26.1439,2,12.8458
2388.4,45125.5,87.135,0.686792,227.336,45.7007,3.88524,7151.52,0,0,1107.84,589.772,68.4207,2,64.9199,52.0856,50.0856,45.7007,0,0,0,47.954,26.1438,2,12.8343
2388.5,45127.9,87.1026,0.684025,227.353,45.7124,3.88562,7151.9,0,0,1107.89,589.805,68.4277,2,64.9265,52.0973,50.0973,45.7124,0,0,0,47.9571,26.1438,2,12.8292
2388.6,45130.3,87.0708,0.681242,227.37,46.2141,3.91611,7152.3,0,0,1111.96,592.457,68.9881,2,65.4593,52.6316,50.6316,46.2141,0,0,0,47.9602,26.1437,2,12.8277
2388.7,45132.7,87.041,0.678441,227.386,47.0316,3.97123,7152.69,0,0,1121.86,595.744,69.9886,2,66.4188,53.5026,51.5026,47.0316,0,0,0,47.9634,26.1436,2,12.9162
2388.8,45135.2,87.0132,0.675624,227.402,48.3991,4.06326,7153.1,0,0,1137.53,601.595,71.6628,2,68.0221,54.9641,52.9641,48.3991,0,0,0,47.9666,26.1436,2,13.058
2388.9,45137.6,86.9897,0.672791,227.419,49.8335,4.14287,7153.51,0,0,1152.46,605.736,73.1033,2,69.4067,56.4998,54.4998,49.8335,0,0,0,47.9697,26.1435,2,12.9069
2389,45140,86.9683,0.669941,227.435,51.3084,4.22819,7153.94,0,0,1169.11,609.681,74.6428,2,70.889,58.0788,56.0788,51.3084,0,0,0,47.9728,26.1435,2,12.8102
2389.1,45142.4,86.9516,0.667076,227.451,53.1644,4.35895,7154.37,0,0,1191.82,617.075,77.0152,2,73.1652,60.066,58.066,53.1644,0,0,0,47.976,26.1434,2,13.0992
2389.2,45144.8,86.9386,0.664196,227.467,54.5935,4.44281,7154.82,0,0,1207.6,620.977,78.5287,2,74.622,61.5962,59.5962,54.5935,0,0,0,47.9792,26.1434,2,13.0258
2389.3,45147.2,86.9283,0.6613,227.483,55.2515,4.48624,7155.27,0,0,1216.88,622.244,79.2932,2,75.362,62.3006,60.3006,55.2515,0,0,0,47.9823,26.1433,2,13.0614
2389.4,45149.6,86.9185,0.65839,227.499,55.444,4.49169,7155.72,0,0,1218.42,622.244,79.3938,2,75.4604,62.5066,60.5066,55.444,0,0,0,47.9855,26.1432,2,12.9538
2389.5,45152.1,86.9092,0.655464,227.515,55.1139,4.48195,7156.16,0,0,1215.66,622.244,79.2138,2,75.2844,62.153,60.153,55.1139,0,0,0,47.9887,26.1432,2,13.1315
2389.6,45154.5,86.8982,0.652525,227.531,54.2343,4.41295,7156.6,0,0,1201.34,619.958,77.9935,2,74.1047,61.2107,59.2107,54.2343,0,0,0,47.9918,26.1431,2,12.894
2389.7,45156.9,86.8855,0.649572,227.546,53.7593,4.38741,7157.04,0,0,1196.71,618.669,77.5314,2,73.6606,60.7019,58.7019,53.7593,0,0,0,47.995,26.1431,2,12.9587
2389.8,45159.3,86.8727,0.646605,227.562,54.4669,4.43044,7157.49,0,0,1205.01,620.555,78.3069,2,74.4076,61.4594,59.4594,54.4669,0,0,0,47.9981,26.143,2,12.9483
2389.9,45161.7,86.8633,0.643626,227.578,55.8511,4.50298,7157.94,0,0,1221.57,622.244,79.5989,2,75.6609,62.9416,60.9416,55.8511,0,0,0,48.0012,26.143,2,12.7194
2390,45164.1,86.8567,0.640633,227.593,57.1852,4.53808,7158.39,0,0,1230,622.808,80.221,2,76.266,64.367,62.367,57.1852,0,0,0,48.0041,26.1429,2,11.899
2390.1,45166.5,86.8534,0.637628,227.608,58.5575,4.64013,7158.85,0,0,1253.85,624.749,82.0311,2,78.0242,65.8196,63.8196,58.5575,0,0,0,48.0071,26.1428,2,12.2046
2390.2,45169,86.8531,0.63461,227.624,59.699,4.75664,7159.33,0,0,1280.87,626.949,84.0942,2,80.0281,67.0281,65.0281,59.699,0,0,0,48.0102,26.1428,2,13
2390.3,45171.4,86.8549,0.631581,227.639,60.1659,4.77286,7159.81,0,0,1284.62,627.254,84.3811,2,80.3068,67.5224,65.5224,60.1659,0,0,0,48.0133,26.1427,2,12.7844
2390.4,45173.8,86.8568,0.628539,227.654,60.2226,4.77286,7160.28,0,0,1284.62,627.254,84.3811,2,80.3068,67.5825,65.5825,60.2226,0,0,0,48.0164,26.1427,2,12.7243
2390.5,45176.2,86.859,0.625487,227.669,60.1324,4.77286,7160.76,0,0,1284.62,627.254,84.3811,2,80.3068,67.487,65.487,60.1324,0,0,0,48.0195,26.1426,2,12.8198
2390.6,45178.6,86.8607,0.622423,227.684,59.8495,4.77286,7161.24,0,0,1284.62,627.254,84.3811,2,80.3068,67.1875,65.1875,59.8495,0,0,0,48.0227,26.1425,2,13.1193
2390.7,45181,86.8619,0.619348,227.699,59.8974,4.77286,7161.72,0,0,1284.62,627.254,84.3811,2,80.3068,67.2383,65.2383,59.8974,0,0,0,48.0259,26.1425,2,13.0685
2390.8,45183.4,86.864,0.616263,227.714,60.5475,4.77286,7162.19,0,0,1284.62,627.254,84.3811,2,80.3068,67.9265,65.9265,60.5475,0,0,0,48.0289,26.1424,2,12.3803
2390.9,45185.8,86.8683,0.613168,227.729,61.727,4.87692,7162.68,0,0,1307.47,629.735,86.2223,2,82.0919,69.1751,67.1751,61.727,0,0,0,48.0321,26.1424,3,12.9167
2391,45188.3,86.8757,0.610064,227.744,63.2578,4.95954,7163.18,0,0,1326.37,631.28,87.6827,2,83.5101,70.7956,68.7956,63.2578,0,0,0,48.0352,26.1423,3,12.7146
2391.1,45190.7,86.8867,0.606949,227.759,64.8157,5.02004,7163.68,0,0,1340.4,632.264,88.7485,2,84.5461,72.4445,70.4445,64.8157,0,0,0,48.0381,26.1422,3,12.1016
2391.2,45193.1,86.9011,0.603826,227.773,65.7151,5.06323,7164.19,0,0,1350.76,632.764,89.5051,2,85.2824,73.3963,71.3963,65.7151,0,0,0,48.041,26.1422,3,11.8861
2391.3,45195.5,86.9161,0.600693,227.788,65.8815,5.08149,7164.69,0,0,1354.71,633.193,89.8275,2,85.595,73.5721,71.5721,65.8815,0,0,0,48.0439,26.1421,3,12.0229
2391.4,45197.9,86.9313,0.597552,227.802,66.1139,5.10725,7165.2,0,0,1360.27,633.796,90.2823,2,86.0359,73.8178,71.8178,66.1139,0,0,0,48.0469,26.1421,3,12.2181
2391.5,45200.3,86.9475,0.594403,227.817,66.9249,5.14887,7165.72,0,0,1369.23,634.769,91.0167,2,86.7479,74.6753,72.6753,66.9249,0,0,0,48.0498,26.142,3,12.0726
2391.6,45202.7,86.9663,0.591245,227.831,67.4917,5.15696,7166.24,0,0,1371.05,634.917,91.1588,2,86.8859,75.2741,73.2741,67.4917,0,0,0,48.0526,26.1419,3,11.6118
2391.7,45205.2,86.985,0.58808,227.845,67.39,5.14887,7166.75,0,0,1369.23,634.769,91.0167,2,86.7479,75.1663,73.1663,67.39,0,0,0,48.0554,26.1419,3,11.5816
2391.8,45207.6,87.0034,0.584907,227.859,67.7212,5.18886,7167.27,0,0,1378.21,635.5,91.7191,2,87.4299,75.516,73.516,67.7212,0,0,0,48.0583,26.1418,3,11.9139
2391.9,45210,87.0237,0.581727,227.873,68.8725,5.28636,7167.8,0,0,1400,637.274,93.4293,2,89.0906,76.7328,74.7328,68.8725,0,0,0,48.0613,26.1417,3,12.3577
2392,45212.4,87.0472,0.57854,227.888,69.8513,5.31343,7168.33,0,0,1412.34,634.595,93.8567,2,89.5236,77.7673,75.7673,69.8513,0,0,0,48.0642,26.1417,3,11.7563
2392.1,45214.8,87.0718,0.575347,227.901,71.3975,5.41428,7168.87,0,0,1444.83,630.606,95.4119,2,91.0652,79.4015,77.4015,71.3975,0,0,0,48.067,26.1416,3,11.6637
2392.2,45217.2,87.102,0.572148,227.915,73.9957,5.57569,7169.43,0,0,1525.89,612.513,97.8738,2,93.5652,82.148,80.148,73.9957,0,0,0,48.0698,26.1415,3,11.4172
2392.3,45219.7,87.1378,0.568943,227.929,75.3294,5.70927,7170,0,0,1589.05,599.835,99.8153,2,95.5212,83.5576,81.5576,75.3294,0,0,0,48.0727,26.1415,3,11.9636
2392.4,45222.1,87.1738,0.565731,227.943,74.9204,5.67445,7170.57,0,0,1574.09,602.512,99.3169,2,95.0224,83.1246,81.1246,74.9204,0,0,0,48.0756,26.1414,3,11.8978
2392.5,45224.5,87.2079,0.562514,227.957,74.1512,5.61508,7171.13,0,0,1555.18,604.564,98.4582,2,94.1751,82.3107,80.3107,74.1512,0,0,0,48.0785,26.1413,3,11.8643
2392.6,45226.9,87.2405,0.559293,227.97,73.1799,5.54306,7171.68,0,0,1501.33,619.367,97.3764,2,93.0442,81.2832,79.2832,73.1799,0,0,0,48.0814,26.1413,3,11.761
2392.7,45229.4,87.2703,0.556066,227.984,71.6929,5.43223,7172.23,0,0,1455.61,627.795,95.6959,2,91.3581,79.7103,77.7103,71.6929,0,0,0,48.0842,26.1412,3,11.6478
2392.8,45231.8,87.2965,0.552835,227.997,70.3915,5.34052,7172.76,0,0,1424.06,632.264,94.2877,2,89.9579,78.3338,76.3338,70.3915,0,0,0,48.087,26.1411,3,11.6241
2392.9,45234.2,87.3207,0.549601,228.01,68.9112,5.28636,7173.29,0,0,1400,637.274,93.4293,2,89.0906,76.7681,74.7681,68.9112,0,0,0,48.09,26.1411,3,12.3225
2393,45236.6,87.3405,0.546364,228.024,66.623,5.14887,7173.8,0,0,1369.23,634.769,91.0167,2,86.7479,74.3484,72.3484,66.623,0,0,0,48.093,26.141,3,12.3995
2393.1,45239.1,87.3549,0.543124,228.037,63.757,5.01266,7174.3,0,0,1338.46,632.264,88.6203,2,84.4207,71.3211,69.3211,63.757,0,0,0,48.0962,26.1409,3,13.0996
2393.2,45241.5,87.3625,0.539882,228.05,60.704,4.77286,7174.78,0,0,1284.62,627.254,84.3811,2,80.3068,68.0967,66.0967,60.704,0,0,0,48.0992,26.1409,2,12.2101
2393.3,45243.9,87.3638,0.536638,228.063,58.0689,4.64013,7175.25,0,0,1253.85,624.749,82.0311,2,78.0242,65.3137,63.3137,58.0689,0,0,0,48.1023,26.1408,2,12.7105
2393.4,45246.3,87.3602,0.533394,228.076,56.6088,4.50858,7175.7,0,0,1223.08,622.244,79.6972,2,75.7571,63.7621,61.7621,56.6088,0,0,0,48.1052,26.1408,2,11.995
2393.5,45248.8,87.3555,0.530149,228.089,56.2749,4.50858,7176.15,0,0,1223.08,622.244,79.6972,2,75.7571,63.4045,61.4045,56.2749,0,0,0,48.1082,26.1407,2,12.3526
2393.6,45251.2,87.3507,0.526904,228.102,56.0699,4.5047,7176.6,0,0,1222.03,622.244,79.6291,2,75.6905,63.1849,61.1849,56.0699,0,0,0,48.1112,26.1406,2,12.5056
2393.7,45253.6,87.3454,0.523659,228.115,55.8361,4.49749,7177.05,0,0,1220.06,622.244,79.5009,2,75.5652,62.9344,60.9344,55.8361,0,0,0,48.1143,26.1406,2,12.6308
2393.8,45256,87.3398,0.520415,228.127,55.4453,4.48599,7177.5,0,0,1216.8,622.244,79.2884,2,75.3574,62.5159,60.5159,55.4453,0,0,0,48.1174,26.1405,2,12.8415
2393.9,45258.5,87.333,0.517173,228.14,54.4258,4.4129,7177.94,0,0,1201.33,619.956,77.9926,2,74.1038,61.4241,59.4241,54.4258,0,0,0,48.1205,26.1405,2,12.6797
2394,45260.9,87.3233,0.513932,228.152,52.5776,4.28186,7178.37,0,0,1178.47,612.729,75.6167,2,71.8234,59.4448,57.4448,52.5776,0,0,0,48.1235,26.1404,2,12.3785
2394.1,45263.3,87.3089,0.510693,228.165,50.2882,4.15944,7178.78,0,0,1156.03,606.318,73.4006,2,69.694,56.993,54.993,50.2882,0,0,0,48.1266,26.1403,2,12.701
2394.2,45265.7,87.2896,0.507456,228.177,48.0588,4.02626,7179.18,0,0,1132.68,598.435,70.9825,2,67.3752,54.6054,52.6054,48.0588,0,0,0,48.1297,26.1403,2,12.7698
2394.3,45268.2,87.2658,0.504223,228.189,46.0827,3.89175,7179.57,0,0,1108.71,590.339,68.5404,2,65.0337,52.496,50.496,46.0827,0,0,0,48.1328,26.1402,2,12.5377
2394.4,45270.6,87.2383,0.500993,228.202,44.9935,3.81377,7179.95,0,0,1092.03,587.083,67.1371,2,63.68,51.334,49.334,44.9935,0,0,0,48.1358,26.1402,2,12.346
2394.5,45273,87.2102,0.497767,228.214,45.232,3.82989,7180.34,0,0,1095.58,587.707,67.4269,2,63.9598,51.5876,49.5876,45.232,0,0,0,48.1388,26.1401,2,12.3722
2394.6,45275.4,87.1841,0.494546,228.226,46.4817,3.9153,7180.73,0,0,1111.85,592.387,68.9732,2,65.4452,52.9196,50.9196,46.4817,0,0,0,48.1418,26.14,2,12.5256
2394.7,45277.9,87.1617,0.49133,228.238,48.456,4.04958,7181.13,0,0,1135.73,600.428,71.4112,2,67.7829,55.0281,53.0281,48.456,0,0,0,48.1449,26.14,2,12.7548
2394.8,45280.3,87.1446,0.488118,228.25,51.2865,4.19372,7181.55,0,0,1163.07,607.713,74.0174,2,70.289,58.0588,56.0588,51.2865,0,0,0,48.1479,26.1399,2,12.2302
2394.9,45282.7,87.1348,0.484911,228.261,53.7806,4.33614,7181.99,0,0,1187.88,615.793,76.6013,2,72.7681,60.7294,58.7294,53.7806,0,0,0,48.1508,26.1398,2,12.0387
2395,45285.1,87.1287,0.481709,228.273,55.4495,4.48546,7182.44,0,0,1216.66,622.244,79.2788,2,75.3479,62.5164,60.5164,55.4495,0,0,0,48.1539,26.1398,2,12.8316
2395.1,45287.5,87.1265,0.478512,228.285,57.5083,4.55052,7182.89,0,0,1232.92,623.045,80.4419,2,76.4805,64.7156,62.7156,57.5083,0,0,0,48.1568,26.1397,2,11.7649
2395.2,45290,87.1295,0.475321,228.296,60.1367,4.74867,7183.37,0,0,1279.03,626.799,83.9532,2,79.8912,67.4946,65.4946,60.1367,0,0,0,48.1598,26.1397,2,12.3966
2395.3,45292.4,87.1389,0.472136,228.308,62.433,4.87793,7183.85,0,0,1307.69,629.759,86.24,2,82.109,69.9225,67.9225,62.433,0,0,0,48.1628,26.1396,3,12.1866
2395.4,45294.8,87.152,0.468956,228.319,64.5734,5.01266,7184.35,0,0,1338.46,632.264,88.6203,2,84.4207,72.1851,70.1851,64.5734,0,0,0,48.1657,26.1395,3,12.2356
2395.5,45297.2,87.1708,0.465782,228.33,66.3331,5.10991,7184.87,0,0,1360.84,633.858,90.3292,2,86.0814,74.0452,72.0452,66.3331,0,0,0,48.1687,26.1395,3,12.0362
2395.6,45299.6,87.1916,0.462614,228.342,66.83,5.14887,7185.38,0,0,1369.23,634.769,91.0167,2,86.7479,74.57,72.57,66.83,0,0,0,48.1716,26.1394,3,12.1779
2395.7,45302.1,87.2126,0.459453,228.353,67.0155,5.14887,7185.9,0,0,1369.23,634.769,91.0167,2,86.7479,74.7657,72.7657,67.0155,0,0,0,48.1745,26.1393,3,11.9821
2395.8,45304.5,87.2344,0.456299,228.364,67.1851,5.14887,7186.41,0,0,1369.23,634.769,91.0167,2,86.7479,74.9446,72.9446,67.1851,0,0,0,48.1774,26.1393,3,11.8033
2395.9,45306.9,87.2561,0.453151,228.375,66.9657,5.14887,7186.93,0,0,1369.23,634.769,91.0167,2,86.7479,74.7122,72.7122,66.9657,0,0,0,48.1803,26.1392,3,12.0357
2396,45309.3,87.277,0.450011,228.386,67.2053,5.14887,7187.44,0,0,1369.23,634.769,91.0167,2,86.7479,74.9652,72.9652,67.2053,0,0,0,48.1832,26.1391,3,11.7827
2396.1,45311.8,87.2998,0.446879,228.397,68.7598,5.28636,7187.97,0,0,1400,637.274,93.4293,2,89.0906,76.6084,74.6084,68.7598,0,0,0,48.1862,26.1391,3,12.4821
2396.2,45314.2,87.3275,0.443755,228.407,70.6556,5.34757,7188.5,0,0,1425.74,632.264,94.3988,2,90.0664,78.6125,76.6125,70.6556,0,0,0,48.189,26.139,3,11.454
2396.3,45316.6,87.3585,0.440639,228.418,72.3044,5.46145,7189.05,0,0,1473.55,623.122,96.154,2,91.831,80.3553,78.3553,72.3044,0,0,0,48.1918,26.1389,3,11.4757
2396.4,45319,87.3933,0.437531,228.429,74.2437,5.60821,7189.61,0,0,1551.66,605.32,98.3579,2,94.0736,82.4055,80.4055,74.2437,0,0,0,48.1946,26.1389,3,11.6681
2396.5,45321.5,87.4327,0.434432,228.439,76.0654,5.74865,7190.19,0,0,1610.83,595.578,100.466,2,96.1751,84.3312,82.3312,76.0654,0,0,0,48.1975,26.1388,3,11.844
2396.6,45323.9,87.4753,0.431342,228.45,76.5878,5.78112,7190.76,0,0,1621.99,594.689,101.011,2,96.7103,84.8835,82.8835,76.5878,0,0,0,48.2004,26.1387,3,11.8269
2396.7,45326.3,87.5169,0.428261,228.46,75.3711,5.69456,7191.33,0,0,1582.15,601.182,99.6054,2,95.3101,83.5955,81.5955,75.3711,0,0,0,48.2032,26.1387,3,11.7146
2396.8,45328.8,87.5541,0.425189,228.471,73.1361,5.5238,7191.89,0,0,1494.59,620.327,97.0891,2,92.7587,81.2315,79.2315,73.1361,0,0,0,48.206,26.1386,3,11.5273
2396.9,45331.2,87.586,0.422128,228.481,69.9447,5.30576,7192.42,0,0,1408.83,635.356,93.7359,2,89.4012,77.8559,75.8559,69.9447,0,0,0,48.2089,26.1385,3,11.5453
2397,45333.6,87.6094,0.419077,228.491,66.3096,5.09879,7192.93,0,0,1358.44,633.598,90.1329,2,85.8911,74.013,72.013,66.3096,0,0,0,48.2117,26.1385,3,11.8781
2397.1,45336.1,87.6256,0.416037,228.501,63.3217,4.9281,7193.42,0,0,1319.18,630.695,87.127,2,82.9705,70.861,68.861,63.3217,0,0,0,48.2147,26.1384,3,12.1095
2397.2,45338.5,87.6363,0.41301,228.512,61.1839,4.78457,7193.9,0,0,1287.2,627.535,84.5888,2,80.5081,68.6061,66.6061,61.1839,0,0,0,48.2176,26.1383,2,11.902
2397.3,45340.9,87.6435,0.409994,228.522,59.9454,4.74623,7194.37,0,0,1278.46,626.753,83.9099,2,79.8491,67.2999,65.2999,59.9454,0,0,0,48.2206,26.1383,2,12.5493
2397.4,45343.4,87.6489,0.406991,228.532,59.5976,4.6968,7194.84,0,0,1267.02,625.821,83.035,2,78.9993,66.9332,64.9332,59.5976,0,0,0,48.2236,26.1382,2,12.0661
2397.5,45345.8,87.6548,0.404002,228.541,58.9312,4.64013,7195.31,0,0,1253.85,624.749,82.0311,2,78.0242,66.2305,64.2305,58.9312,0,0,0,48.2264,26.1382,2,11.7937
2397.6,45348.2,87.6575,0.401025,228.551,57.2323,4.50858,7195.76,0,0,1223.08,622.244,79.6972,2,75.7571,64.4352,62.4352,57.2323,0,0,0,48.2292,26.1381,2,11.3219
2397.7,45350.7,87.6562,0.398063,228.561,55.4985,4.48251,7196.2,0,0,1215.82,622.244,79.2242,2,75.2945,62.5787,60.5787,55.4985,0,0,0,48.2323,26.138,2,12.7158
2397.8,45353.1,87.6518,0.395115,228.571,53.9391,4.37878,7196.64,0,0,1195.23,618.186,77.3749,2,73.5104,60.909,58.909,53.9391,0,0,0,48.2353,26.138,2,12.6014
2397.9,45355.5,87.644,0.392181,228.58,52.2263,4.25262,7197.07,0,0,1173.38,611.071,75.0861,2,71.3143,59.0749,57.0749,52.2263,0,0,0,48.2383,26.1379,2,12.2394
2398,45358,87.6324,0.389263,228.59,51.4007,4.21347,7197.49,0,0,1166.54,608.842,74.3758,2,70.6329,58.1907,56.1907,51.4007,0,0,0,48.2413,26.1378,2,12.4421
2398.1,45360.4,87.6213,0.38636,228.599,52.2599,4.25375,7197.91,0,0,1173.58,611.135,75.1066,2,71.3339,59.1105,57.1105,52.2599,0,0,0,48.2443,26.1378,2,12.2235
2398.2,45362.8,87.6136,0.383473,228.609,53.6218,4.36266,7198.35,0,0,1192.46,617.283,77.0824,2,73.2297,60.5685,58.5685,53.6218,0,0,0,48.2474,26.1377,2,12.6612
2398.3,45365.3,87.6086,0.380601,228.618,55.185,4.45728,7198.8,0,0,1210.6,621.465,78.7856,2,74.8703,62.2422,60.2422,55.185,0,0,0,48.2505,26.1377,2,12.6281
2398.4,45367.7,87.608,0.377746,228.627,57.2912,4.50858,7199.25,0,0,1223.08,622.244,79.6972,2,75.7571,64.4974,62.4974,57.2912,0,0,0,48.2532,26.1376,2,11.2597
2398.5,45370.1,87.6123,0.374907,228.636,59.2817,4.64537,7199.71,0,0,1255.07,624.849,82.124,2,78.1145,66.5993,64.5993,59.2817,0,0,0,48.256,26.1375,2,11.5152
2398.6,45372.6,87.6203,0.372085,228.645,60.8196,4.77286,7200.19,0,0,1284.62,627.254,84.3811,2,80.3068,68.2217,66.2217,60.8196,0,0,0,48.2589,26.1375,2,12.085
2398.7,45375,87.6314,0.369279,228.654,61.6669,4.83023,7200.67,0,0,1297.27,628.628,85.3987,2,81.2934,69.1156,67.1156,61.6669,0,0,0,48.2619,26.1374,3,12.1778
2398.8,45377.4,87.6432,0.36649,228.663,61.6283,4.82545,7201.15,0,0,1296.22,628.513,85.314,2,81.2113,69.075,67.075,61.6283,0,0,0,48.2648,26.1373,3,12.1363
2398.9,45379.9,87.6543,0.363718,228.672,61.1458,4.77286,7201.63,0,0,1284.62,627.254,84.3811,2,80.3068,68.5662,66.5662,61.1458,0,0,0,48.2677,26.1373,2,11.7406
2399,45382.3,87.6641,0.360963,228.681,60.4413,4.77286,7202.11,0,0,1284.62,627.254,84.3811,2,80.3068,67.8232,65.8232,60.4413,0,0,0,48.2707,26.1372,2,12.4836
2399.1,45384.8,87.6722,0.358226,228.69,59.2682,4.64013,7202.57,0,0,1253.85,624.749,82.0311,2,78.0242,66.5862,64.5862,59.2682,0,0,0,48.2735,26.1371,2,11.438
2399.2,45387.2,87.6772,0.355508,228.698,58.2402,4.62798,7203.04,0,0,1251.02,624.519,81.8158,2,77.815,65.5022,63.5022,58.2402,0,0,0,48.2765,26.1371,2,12.3128
2399.3,45389.6,87.681,0.352807,228.707,57.9329,4.58458,7203.49,0,0,1240.89,623.694,81.0462,2,77.0675,65.1782,63.1782,57.9329,0,0,0,48.2794,26.137,2,11.8893
2399.4,45392.1,87.6848,0.350126,228.716,57.6979,4.55136,7203.95,0,0,1233.11,623.061,80.4567,2,76.4949,64.9305,62.9305,57.6979,0,0,0,48.2822,26.1369,2,11.5643
2399.5,45394.5,87.6878,0.347464,228.724,57.8969,4.57836,7204.41,0,0,1239.43,623.576,80.9359,2,76.9604,65.1405,63.1405,57.8969,0,0,0,48.2851,26.1369,2,11.8199
2399.6,45396.9,87.6926,0.344821,228.733,58.3257,4.63741,7204.87,0,0,1253.21,624.698,81.9829,2,77.9774,65.5928,63.5928,58.3257,0,0,0,48.2881,26.1368,2,12.3846
2399.7,45399.4,87.6975,0.342197,228.741,58.2695,4.62893,7205.33,0,0,1251.24,624.537,81.8326,2,77.8314,65.5336,63.5336,58.2695,0,0,0,48.2911,26.1367,2,12.2977
2399.8,45401.8,87.7023,0.339594,228.749,57.8773,4.57375,7205.79,0,0,1238.36,623.488,80.8541,2,76.8809,65.1202,63.1202,57.8773,0,0,0,48.2939,26.1367,2,11.7607
2399.9,45404.2,87.7057,0.33701,228.757,56.9907,4.50858,7206.24,0,0,1223.08,622.244,79.6972,2,75.7571,64.1774,62.1774,56.9907,0,0,0,48.2968,26.1366,2,11.5797
