t_s,v_kmh,grade_pct,P_wheel_kW,fuel_g_per_s,SOC
5400.0000,86.1007,1.7736,56.9433,4.7906,0.5873
5400.1000,86.0582,1.7699,55.5706,4.7906,0.5873
5400.2000,86.0122,1.7661,53.9940,4.7906,0.5874
5400.3000,85.9633,1.7624,53.0394,4.7906,0.5874
5400.4000,85.9136,1.7586,52.3397,4.7906,0.5875
5400.5000,85.8623,1.7548,51.7015,4.7906,0.5876
5400.6000,85.8104,1.7510,52.4119,4.7906,0.5876
5400.7000,85.7627,1.7472,53.9895,4.7906,0.5877
5400.8000,85.7183,1.7434,55.4046,4.7906,0.5877
5400.9000,85.6774,1.7395,57.2170,4.7906,0.5877
5401.0000,85.6415,1.7356,59.2201,4.7906,0.5878
5401.1000,85.6100,1.7317,60.5751,4.7906,0.5878
5401.2000,85.5805,1.7278,61.1520,4.7906,0.5878
5401.3000,85.5520,1.7239,61.4050,4.7906,0.5879
5401.4000,85.5241,1.7200,61.3174,4.7906,0.5879
5401.5000,85.4956,1.7160,60.6534,4.7906,0.5879
5401.6000,85.4653,1.7120,60.3525,4.7906,0.5879
5401.7000,85.4359,1.7080,60.9459,4.7906,0.5880
5401.8000,85.4087,1.7040,61.0168,4.7906,0.5880
5401.9000,85.3801,1.7000,60.5728,4.7906,0.5880
5402.0000,85.3514,1.6960,60.4771,4.7906,0.5881
5402.1000,85.3228,1.6919,60.1444,4.7906,0.5881
5402.2000,85.2931,1.6878,59.4467,4.7906,0.5881
5402.3000,85.2619,1.6838,59.7185,4.7906,0.5882
5402.4000,85.2338,1.6797,61.2609,4.7906,0.5882
5402.5000,85.2099,1.6756,62.8753,4.7906,0.5882
5402.6000,85.1895,1.6714,64.6539,4.7906,0.5882
5402.7000,85.1739,1.6673,66.6334,4.7906,0.5883
5402.8000,85.1626,1.6632,68.0032,4.7906,0.5883
5402.9000,85.1535,1.6590,68.7927,4.7906,0.5883
5403.0000,85.1460,1.6548,69.9160,4.7906,0.5883
5403.1000,85.1422,1.6507,70.5747,4.7906,0.5883
5403.2000,85.1379,1.6465,70.4316,4.7906,0.5883
5403.3000,85.1338,1.6422,70.6627,4.7906,0.5883
5403.4000,85.1309,1.6380,70.8252,4.7906,0.5883
5403.5000,85.1278,1.6338,70.4671,4.7906,0.5883
5403.6000,85.1236,1.6296,70.5050,4.7906,0.5883
5403.7000,85.1210,1.6253,71.5995,4.7906,0.5883
5403.8000,85.1220,1.6210,72.7355,4.7906,0.5883
5403.9000,85.1247,1.6168,73.8808,4.7906,0.5883
5404.0000,85.1311,1.6125,74.8290,4.7906,0.5883
5404.1000,85.1382,1.6082,74.7121,4.7906,0.5883
5404.2000,85.1443,1.6039,73.7166,4.7906,0.5883
5404.3000,85.1472,1.5996,72.3870,4.7906,0.5883
5404.4000,85.1477,1.5953,70.7408,4.7906,0.5883
5404.5000,85.1437,1.5909,69.6003,4.7906,0.5883
5404.6000,85.1394,1.5866,69.5898,4.7906,0.5883
5404.7000,85.1356,1.5822,69.9255,4.7906,0.5883
5404.8000,85.1331,1.5779,70.5295,4.7906,0.5883
5404.9000,85.1324,1.5735,71.3830,4.7906,0.5883
5405.0000,85.1340,1.5692,72.3445,4.7906,0.5883
5405.1000,85.1377,1.5648,73.7400,4.7906,0.5883
5405.2000,85.1458,1.5604,75.3878,4.7906,0.5883
5405.3000,85.1571,1.5560,77.0706,4.7906,0.5883
5405.4000,85.1729,1.5516,79.1922,4.7906,0.5883
5405.5000,85.1938,1.5472,80.9939,4.7906,0.5883
5405.6000,85.2177,1.5428,81.8730,4.7906,0.5882
5405.7000,85.2426,1.5384,82.3645,4.7906,0.5882
5405.8000,85.2687,1.5340,82.2367,4.7906,0.5882
5405.9000,85.2932,1.5296,81.0161,4.7906,0.5882
5406.0000,85.3141,1.5252,79.2855,4.7906,0.5881
5406.1000,85.3310,1.5207,77.2002,4.7906,0.5881
5406.2000,85.3428,1.5163,74.8171,4.7906,0.5881
5406.3000,85.3494,1.5119,73.2231,4.7906,0.5881
5406.4000,85.3544,1.5074,73.0052,4.7906,0.5881
5406.5000,85.3603,1.5030,73.7764,4.7906,0.5881
5406.6000,85.3690,1.4986,75.4381,4.7906,0.5881
5406.7000,85.3825,1.4941,77.9261,4.7906,0.5881
5406.8000,85.4024,1.4897,80.1578,4.7906,0.5881
5406.9000,85.4259,1.4852,81.0594,4.7906,0.5881
5407.0000,85.4499,1.4808,80.8655,4.7906,0.5880
5407.1000,85.4727,1.4763,79.5945,4.7906,0.5880
5407.2000,85.4911,1.4718,76.9307,4.7906,0.5880
5407.3000,85.5023,1.4674,73.6506,4.7906,0.5880
5407.4000,85.5066,1.4629,71.0030,4.7906,0.5880
5407.5000,85.5063,1.4585,68.7998,4.7906,0.5880
5407.6000,85.5011,1.4540,67.1406,4.7906,0.5880
5407.7000,85.4939,1.4496,66.4457,4.7906,0.5880
5407.8000,85.4860,1.4451,66.5738,4.7906,0.5881
5407.9000,85.4796,1.4407,66.8775,4.7906,0.5881
5408.0000,85.4734,1.4362,67.0533,4.7906,0.5881
5408.1000,85.4682,1.4318,67.4614,4.7906,0.5881
5408.2000,85.4641,1.4273,67.5894,4.7906,0.5881
5408.3000,85.4599,1.4229,66.1713,4.7906,0.5881
5408.4000,85.4498,1.4185,63.6123,4.7906,0.5881
5408.5000,85.4346,1.4140,61.5003,4.7906,0.5882
5408.6000,85.4156,1.4096,59.7278,4.7906,0.5882
5408.7000,85.3930,1.4052,58.2941,4.7906,0.5882
5408.8000,85.3682,1.4008,58.2839,4.7906,0.5883
5408.9000,85.3459,1.3964,59.8103,4.7906,0.5883
5409.0000,85.3283,1.3920,61.4744,4.7906,0.5883
5409.1000,85.3138,1.3876,62.6415,4.7906,0.5884
5409.2000,85.3018,1.3832,63.4531,4.7906,0.5884
5409.3000,85.2913,1.3788,64.0057,4.7906,0.5884
5409.4000,85.2820,1.3744,64.3809,4.7906,0.5884
5409.5000,85.2736,1.3701,64.9343,4.7906,0.5885
5409.6000,85.2671,1.3657,65.7364,4.7906,0.5885
5409.7000,85.2625,1.3613,66.3765,4.7906,0.5885
5409.8000,85.2592,1.3570,66.6579,4.7906,0.5885
5409.9000,85.2562,1.3527,66.2915,4.7906,0.5885
5410.0000,85.2516,1.3483,64.9160,4.7906,0.5885
5410.1000,85.2429,1.3440,63.3101,4.7906,0.5886
5410.2000,85.2315,1.3397,62.1547,4.7906,0.5886
5410.3000,85.2180,1.3354,61.2606,4.7906,0.5886
5410.4000,85.2030,1.3311,60.7387,4.7906,0.5886
5410.5000,85.1876,1.3268,60.8097,4.7906,0.5887
5410.6000,85.1734,1.3225,61.2721,4.7906,0.5887
5410.7000,85.1604,1.3182,62.3363,4.7906,0.5887
5410.8000,85.1512,1.3140,63.9202,4.7906,0.5888
5410.9000,85.1456,1.3097,65.1470,4.7906,0.5888
5411.0000,85.1422,1.3055,65.8159,4.7906,0.5888
5411.1000,85.1399,1.3013,66.3468,4.7906,0.5888
5411.2000,85.1391,1.2970,66.5117,4.7906,0.5888
5411.3000,85.1378,1.2928,66.2329,4.7906,0.5888
5411.4000,85.1362,1.2886,66.3697,4.7906,0.5889
5411.5000,85.1357,1.2844,66.8350,4.7906,0.5889
5411.6000,85.1364,1.2803,66.4372,4.7906,0.5889
5411.7000,85.1345,1.2761,65.9197,4.7906,0.5889
5411.8000,85.1332,1.2720,65.9347,4.7906,0.5889
5411.9000,85.1317,1.2678,65.6578,4.7906,0.5889
5412.0000,85.1294,1.2637,65.1311,4.7906,0.5890
5412.1000,85.1258,1.2596,64.5759,4.7906,0.5890
5412.2000,85.1214,1.2555,63.5096,4.7906,0.5890
5412.3000,85.1134,1.2514,62.0584,4.7906,0.5890
5412.4000,85.1029,1.2473,60.9663,4.7906,0.5891
5412.5000,85.0904,1.2432,60.4573,4.7906,0.5891
5412.6000,85.0780,1.2392,60.5130,4.7906,0.5891
5412.7000,85.0661,1.2352,60.6475,4.7906,0.5891
5412.8000,85.0546,1.2311,60.8540,4.7906,0.5892
5412.9000,85.0440,1.2271,61.2104,4.7906,0.5892
5413.0000,85.0344,1.2231,61.4601,4.7906,0.5892
5413.1000,85.0252,1.2192,61.6295,4.7906,0.5893
5413.2000,85.0168,1.2152,62.0295,4.7906,0.5893
5413.3000,85.0097,1.2113,62.1528,4.7906,0.5893
5413.4000,85.0021,1.2073,61.1652,4.7906,0.5893
5413.5000,84.9909,1.2034,59.5259,4.7906,0.5894
5413.6000,84.9764,1.1995,58.5345,4.7906,0.5894
5413.7000,84.9612,1.1956,57.9342,4.7906,0.5895
5413.8000,84.9444,1.1918,57.2038,4.7906,0.5895
5413.9000,84.9263,1.1879,57.4835,4.7906,0.5895
5414.0000,84.9111,1.1841,58.8587,4.7906,0.5896
5414.1000,84.8995,1.1803,60.6548,4.7906,0.5896
5414.2000,84.8926,1.1765,62.7197,4.7906,0.5896
5414.3000,84.8904,1.1727,65.4454,4.7906,0.5896
5414.4000,84.8959,1.1689,68.1036,4.7906,0.5897
5414.5000,84.9059,1.1651,69.8461,4.7906,0.5897
5414.6000,84.9193,1.1614,70.6700,4.7906,0.5897
5414.7000,84.9331,1.1577,70.8257,4.7906,0.5897
5414.8000,84.9473,1.1540,70.6284,4.7906,0.5897
5414.9000,84.9604,1.1503,70.5824,4.7906,0.5897
5415.0000,84.9746,1.1466,70.9731,4.7906,0.5897
5415.1000,84.9895,1.1430,71.0974,4.7906,0.5897
5415.2000,85.0044,1.1393,71.4615,4.7906,0.5897
5415.3000,85.0211,1.1357,72.0672,4.7906,0.5897
5415.4000,85.0388,1.1321,72.4173,4.7906,0.5897
5415.5000,85.0572,1.1285,72.6244,4.7906,0.5897
5415.6000,85.0759,1.1250,72.6645,4.7906,0.5897
5415.7000,85.0945,1.1214,71.7175,4.7906,0.5897
5415.8000,85.1092,1.1179,69.8395,4.7906,0.5897
5415.9000,85.1196,1.1143,67.6099,4.7906,0.5897
5416.0000,85.1246,1.1109,65.4767,4.7906,0.5897
5416.1000,85.1257,1.1074,63.9567,4.7906,0.5897
5416.2000,85.1242,1.1039,63.7378,4.7906,0.5898
5416.3000,85.1246,1.1005,64.5710,4.7906,0.5898
5416.4000,85.1270,1.0970,65.6348,4.7906,0.5898
5416.5000,85.1323,1.0936,66.8948,4.7906,0.5898
5416.6000,85.1405,1.0903,68.2875,4.7906,0.5898
5416.7000,85.1522,1.0869,69.3152,4.7906,0.5898
5416.8000,85.1651,1.0835,70.3386,4.7906,0.5898
5416.9000,85.1814,1.0802,71.8542,4.7906,0.5899
5417.0000,85.2011,1.0769,73.5170,4.7906,0.5898
5417.1000,85.2250,1.0736,74.9493,4.7906,0.5898
5417.2000,85.2510,1.0703,76.1416,4.7906,0.5898
5417.3000,85.2802,1.0671,77.2745,4.7906,0.5898
5417.4000,85.3113,1.0638,77.9084,4.7906,0.5898
5417.5000,85.3432,1.0606,77.9208,4.7906,0.5898
5417.6000,85.3744,1.0574,77.5775,4.7906,0.5898
5417.7000,85.4048,1.0542,76.9804,4.7906,0.5898
5417.8000,85.4333,1.0511,75.6093,4.7906,0.5898
5417.9000,85.4576,1.0479,73.7252,4.7906,0.5898
5418.0000,85.4778,1.0448,71.5264,4.7906,0.5898
5418.1000,85.4925,1.0417,69.2370,4.7906,0.5898
5418.2000,85.5027,1.0386,67.0245,4.7906,0.5898
5418.3000,85.5077,1.0356,65.2763,4.7906,0.5898
5418.4000,85.5104,1.0325,64.0370,4.7906,0.5898
5418.5000,85.5102,1.0295,63.0858,4.7906,0.5898
5418.6000,85.5088,1.0265,62.7323,4.7906,0.5899
5418.7000,85.5072,1.0235,62.8488,4.7906,0.5899
5418.8000,85.5066,1.0206,62.4682,4.7906,0.5899
5418.9000,85.5035,1.0176,61.2147,4.7906,0.5899
5419.0000,85.4976,1.0147,59.8958,4.7906,0.5900
5419.1000,85.4890,1.0118,58.2171,4.7906,0.5900
5419.2000,85.4759,1.0089,55.7897,4.7906,0.5901
5419.3000,85.4568,1.0061,53.9470,4.7906,0.5901
5419.4000,85.4358,1.0033,52.9852,4.7906,0.5902
5419.5000,85.4128,1.0004,52.3154,4.7906,0.5902
5419.6000,85.3893,0.9976,52.4328,4.7906,0.5903
5419.7000,85.3671,0.9949,53.0260,4.7906,0.5903
5419.8000,85.3465,0.9921,52.9795,4.7906,0.5904
5419.9000,85.3245,0.9894,52.7764,4.7906,0.5904
5420.0000,85.3033,0.9867,52.5578,4.7906,0.5905
5420.1000,85.2806,0.9840,51.7310,4.7906,0.5905
5420.2000,85.2561,0.9813,51.0782,4.7906,0.5906
5420.3000,85.2308,0.9787,50.5148,4.7906,0.5906
5420.4000,85.2041,0.9761,50.1442,4.7906,0.5907
5420.5000,85.1776,0.9735,50.0860,4.7906,0.5907
5420.6000,85.1510,0.9709,50.2827,4.7906,0.5908
5420.7000,85.1256,0.9683,50.6694,4.7906,0.5909
5420.8000,85.1011,0.9658,51.7490,4.7906,0.5909
5420.9000,85.0808,0.9633,53.0795,4.7906,0.5910
5421.0000,85.0625,0.9608,54.0405,4.7906,0.5910
5421.1000,85.0468,0.9583,55.2545,4.7906,0.5911
5421.2000,85.0341,0.9559,56.9135,4.7906,0.5911
5421.3000,85.0260,0.9534,58.2959,4.7906,0.5911
5421.4000,85.0197,0.9510,59.3862,4.7906,0.5912
5421.5000,85.0166,0.9486,60.6101,4.7906,0.5912
5421.6000,85.0159,0.9463,60.9154,4.7906,0.5912
5421.7000,85.0144,0.9439,59.8822,4.7906,0.5913
5421.8000,85.0093,0.9416,58.0988,4.7906,0.5913
5421.9000,85.0000,0.9393,56.1094,4.7906,0.5913
5422.0000,84.9863,0.9370,54.5197,4.7906,0.5914
5422.1000,84.9702,0.9347,53.4560,4.7906,0.5914
5422.2000,84.9520,0.9324,53.0358,4.7906,0.5915
5422.3000,84.9343,0.9302,53.0340,4.7906,0.5915
5422.4000,84.9163,0.9280,52.5318,4.7906,0.5916
5422.5000,84.8967,0.9258,51.7255,4.7906,0.5916
5422.6000,84.8754,0.9236,51.3003,4.7906,0.5917
5422.7000,84.8542,0.9215,51.0131,4.7906,0.5918
5422.8000,84.8319,0.9193,51.0006,4.7906,0.5918
5422.9000,84.8109,0.9172,52.4463,4.7906,0.5919
5423.0000,84.7953,0.9151,55.2509,4.7906,0.5919
5423.1000,84.7870,0.9130,58.1722,4.7906,0.5919
5423.2000,84.7846,0.9110,61.1756,4.7906,0.5920
5423.3000,84.7898,0.9089,64.9081,4.7906,0.5920
5423.4000,84.8042,0.9069,67.7124,4.7906,0.5920
5423.5000,84.8220,0.9049,68.7841,4.7906,0.5920
5423.6000,84.8411,0.9029,69.8202,4.7906,0.5920
5423.7000,84.8635,0.9010,70.7178,4.7906,0.5920
5423.8000,84.8866,0.8990,70.5114,4.7906,0.5920
5423.9000,84.9080,0.8971,70.3774,4.7906,0.5920
5424.0000,84.9305,0.8952,71.1481,4.7906,0.5920
5424.1000,84.9553,0.8933,71.9721,4.7906,0.5920
5424.2000,84.9814,0.8914,72.2722,4.7906,0.5920
5424.3000,85.0075,0.8895,72.6837,4.7906,0.5920
5424.4000,85.0354,0.8877,73.2472,4.7906,0.5920
5424.5000,85.0639,0.8858,73.2635,4.7906,0.5920
5424.6000,85.0917,0.8840,72.4673,4.7906,0.5920
5424.7000,85.1166,0.8822,71.5856,4.7906,0.5920
5424.8000,85.1405,0.8804,70.9050,4.7906,0.5920
5424.9000,85.1624,0.8787,69.8087,4.7906,0.5920
5425.0000,85.1813,0.8769,68.4259,4.7906,0.5921
5425.1000,85.1970,0.8752,67.5988,4.7906,0.5921
5425.2000,85.2124,0.8734,67.5099,4.7906,0.5921
5425.3000,85.2277,0.8717,67.5688,4.7906,0.5921
5425.4000,85.2433,0.8700,68.2900,4.7906,0.5921
5425.5000,85.2618,0.8684,68.9756,4.7906,0.5921
5425.6000,85.2804,0.8667,68.4460,4.7906,0.5921
5425.7000,85.2965,0.8651,67.2195,4.7906,0.5921
5425.8000,85.3097,0.8634,65.5760,4.7906,0.5922
5425.9000,85.3186,0.8618,63.0866,4.7906,0.5922
5426.0000,85.3208,0.8602,60.7372,4.7906,0.5922
5426.1000,85.3194,0.8586,59.0069,4.7906,0.5922
5426.2000,85.3141,0.8571,57.5152,4.7906,0.5923
5426.3000,85.3062,0.8555,56.1644,4.7906,0.5923
5426.4000,85.2950,0.8540,54.3405,4.7906,0.5924
5426.5000,85.2793,0.8525,52.1366,4.7906,0.5924
5426.6000,85.2586,0.8509,50.4235,4.7906,0.5925
5426.7000,85.2354,0.8494,48.3196,4.7906,0.5926
5426.8000,85.2056,0.8480,45.9714,4.7906,0.5926
5426.9000,85.1724,0.8465,44.7554,4.7906,0.5927
5427.0000,85.1375,0.8450,44.2204,4.7906,0.5928
5427.1000,85.1022,0.8436,43.8623,4.7906,0.5928
5427.2000,85.0660,0.8422,44.2489,4.7906,0.5929
5427.3000,85.0327,0.8407,44.9911,4.7906,0.5930
5427.4000,85.0001,0.8393,45.7783,4.7906,0.5931
5427.5000,84.9706,0.8380,47.0640,4.7906,0.5931
5427.6000,84.9440,0.8366,48.4110,4.7906,0.5932
5427.7000,84.9207,0.8352,49.6714,4.7906,0.5932
5427.8000,84.8999,0.8339,50.7187,4.7906,0.5933
5427.9000,84.8815,0.8325,51.4914,4.7906,0.5934
5428.0000,84.8644,0.8312,51.8098,4.7906,0.5934
5428.1000,84.8476,0.8299,51.9454,4.7906,0.5935
5428.2000,84.8312,0.8286,51.9583,4.7906,0.5935
5428.3000,84.8147,0.8273,51.9377,4.7906,0.5936
5428.4000,84.7985,0.8260,52.1035,4.7906,0.5936
5428.5000,84.7829,0.8247,52.5145,4.7906,0.5937
5428.6000,84.7686,0.8234,52.5695,4.7906,0.5937
5428.7000,84.7534,0.8222,52.9094,4.7906,0.5938
5428.8000,84.7409,0.8209,54.4856,4.7906,0.5938
5428.9000,84.7329,0.8197,56.3787,4.7906,0.5939
5429.0000,84.7289,0.8184,57.7752,4.7906,0.5939
5429.1000,84.7273,0.8172,59.0661,4.7906,0.5939
5429.2000,84.7291,0.8160,59.8212,4.7906,0.5940
5429.3000,84.7309,0.8148,59.1637,4.7906,0.5940
5429.4000,84.7299,0.8136,58.2665,4.7906,0.5940
5429.5000,84.7278,0.8124,58.4491,4.7906,0.5941
5429.6000,84.7277,0.8112,59.5363,4.7906,0.5941
5429.7000,84.7305,0.8100,61.0870,4.7906,0.5941
5429.8000,84.7374,0.8089,63.1799,4.7906,0.5942
5429.9000,84.7495,0.8077,65.2021,4.7906,0.5942
5430.0000,84.7655,0.8066,66.0222,4.7906,0.5942
5430.1000,84.7812,0.8054,66.1257,4.7906,0.5942
5430.2000,84.7976,0.8043,66.2147,4.7906,0.5942
5430.3000,84.8137,0.8031,65.8816,4.7906,0.5942
5430.4000,84.8285,0.8020,65.0148,4.7906,0.5943
5430.5000,84.8407,0.8009,64.2018,4.7906,0.5943
5430.6000,84.8519,0.7997,63.3130,4.7906,0.5943
5430.7000,84.8602,0.7986,62.1028,4.7906,0.5943
5430.8000,84.8661,0.7975,60.6645,4.7906,0.5944
5430.9000,84.8680,0.7964,58.9389,4.7906,0.5944
5431.0000,84.8662,0.7953,57.6733,4.7906,0.5944
5431.1000,84.8626,0.7942,56.7954,4.7906,0.5945
5431.2000,84.8570,0.7931,55.8734,4.7906,0.5945
5431.3000,84.8494,0.7920,55.4867,4.7906,0.5946
5431.4000,84.8422,0.7909,55.8899,4.7906,0.5946
5431.5000,84.8365,0.7898,56.1311,4.7906,0.5947
5431.6000,84.8305,0.7887,56.1325,4.7906,0.5947
5431.7000,84.8249,0.7877,56.2202,4.7906,0.5947
5431.8000,84.8194,0.7866,55.9586,4.7906,0.5948
5431.9000,84.8127,0.7855,55.6305,4.7906,0.5948
5432.0000,84.8059,0.7844,55.5865,4.7906,0.5949
5432.1000,84.7992,0.7833,55.8681,4.7906,0.5949
5432.2000,84.7937,0.7823,56.6682,4.7906,0.5950
5432.3000,84.7906,0.7812,58.4823,4.7906,0.5950
5432.4000,84.7933,0.7801,60.5449,4.7906,0.5950
5432.5000,84.7995,0.7791,61.8864,4.7906,0.5950
5432.6000,84.8082,0.7780,62.3530,4.7906,0.5951
5432.7000,84.8165,0.7769,61.9776,4.7906,0.5951
5432.8000,84.8235,0.7758,61.3804,4.7906,0.5951
5432.9000,84.8292,0.7748,60.8230,4.7906,0.5952
5433.0000,84.8338,0.7737,60.6800,4.7906,0.5952
5433.1000,84.8388,0.7726,61.3016,4.7906,0.5952
5433.2000,84.8462,0.7715,62.6256,4.7906,0.5952
5433.3000,84.8572,0.7704,64.0557,4.7906,0.5953
5433.4000,84.8710,0.7694,65.0615,4.7906,0.5953
5433.5000,84.8864,0.7683,65.7233,4.7906,0.5953
5433.6000,84.9031,0.7672,66.3001,4.7906,0.5953
5433.7000,84.9210,0.7661,66.3097,4.7906,0.5953
5433.8000,84.9377,0.7650,65.5773,4.7906,0.5953
5433.9000,84.9524,0.7639,64.7885,4.7906,0.5954
5434.0000,84.9655,0.7628,63.8866,4.7906,0.5954
5434.1000,84.9761,0.7617,63.0484,4.7906,0.5954
5434.2000,84.9856,0.7606,62.7949,4.7906,0.5954
5434.3000,84.9951,0.7595,62.3424,4.7906,0.5955
5434.4000,85.0025,0.7583,61.9496,4.7906,0.5955
5434.5000,85.0103,0.7572,62.2684,4.7906,0.5955
5434.6000,85.0191,0.7561,62.4311,4.7906,0.5955
5434.7000,85.0277,0.7550,62.4757,4.7906,0.5956
5434.8000,85.0368,0.7538,62.9762,4.7906,0.5956
5434.9000,85.0475,0.7527,63.9024,4.7906,0.5956
5435.0000,85.0607,0.7515,65.1631,4.7906,0.5956
5435.1000,85.0771,0.7503,66.4100,4.7906,0.5957
5435.2000,85.0958,0.7492,67.0732,4.7906,0.5957
5435.3000,85.1150,0.7480,66.9871,4.7906,0.5957
5435.4000,85.1333,0.7468,66.2158,4.7906,0.5957
5435.5000,85.1491,0.7456,64.8792,4.7906,0.5957
5435.6000,85.1614,0.7444,63.6513,4.7906,0.5957
5435.7000,85.1717,0.7432,62.8076,4.7906,0.5958
5435.8000,85.1803,0.7420,62.5302,4.7906,0.5958
5435.9000,85.1894,0.7408,62.5628,4.7906,0.5958
5436.0000,85.1982,0.7395,61.9103,4.7906,0.5958
5436.1000,85.2044,0.7383,60.8242,4.7906,0.5959
5436.2000,85.2084,0.7370,60.1216,4.7906,0.5959
5436.3000,85.2116,0.7358,59.5529,4.7906,0.5959
5436.4000,85.2131,0.7345,59.0643,4.7906,0.5960
5436.5000,85.2143,0.7332,59.6915,4.7906,0.5960
5436.6000,85.2186,0.7319,60.6219,4.7906,0.5960
5436.7000,85.2239,0.7306,60.7627,4.7906,0.5961
5436.8000,85.2290,0.7293,60.5489,4.7906,0.5961
5436.9000,85.2334,0.7280,60.2284,4.7906,0.5961
5437.0000,85.2371,0.7266,59.9705,4.7906,0.5962
5437.1000,85.2404,0.7253,59.6249,4.7906,0.5962
5437.2000,85.2426,0.7239,59.5086,4.7906,0.5962
5437.3000,85.2456,0.7225,59.8874,4.7906,0.5963
5437.4000,85.2495,0.7211,59.8871,4.7906,0.5963
5437.5000,85.2525,0.7197,59.2305,4.7906,0.5963
5437.6000,85.2537,0.7183,58.4613,4.7906,0.5964
5437.7000,85.2533,0.7169,57.0012,4.7906,0.5964
5437.8000,85.2481,0.7154,54.8161,4.7906,0.5965
5437.9000,85.2382,0.7140,53.0093,4.7906,0.5965
5438.0000,85.2251,0.7125,51.0833,4.7906,0.5966
5438.1000,85.2069,0.7110,48.8360,4.7906,0.5966
5438.2000,85.1841,0.7095,47.0531,4.7906,0.5967
5438.3000,85.1582,0.7080,46.1345,4.7906,0.5968
5438.4000,85.1315,0.7064,45.9789,4.7906,0.5968
5438.5000,85.1052,0.7049,45.8880,4.7906,0.5969
5438.6000,85.0784,0.7033,45.5252,4.7906,0.5970
5438.7000,85.0507,0.7018,45.1779,4.7906,0.5970
5438.8000,85.0227,0.7002,45.0207,4.7906,0.5971
5438.9000,84.9946,0.6986,45.0391,4.7906,0.5972
5439.0000,84.9669,0.6969,45.7124,4.7906,0.5972
5439.1000,84.9420,0.6953,46.9786,4.7906,0.5973
5439.2000,84.9202,0.6936,48.2763,4.7906,0.5974
5439.3000,84.9014,0.6920,48.7129,4.7906,0.5974
5439.4000,84.8818,0.6903,47.4943,4.7906,0.5975
5439.5000,84.8577,0.6886,45.0303,4.7906,0.5976
5439.6000,84.8274,0.6868,42.4398,4.7906,0.5976
5439.7000,84.7921,0.6851,40.1442,4.7906,0.5977
5439.8000,84.7519,0.6833,38.2706,4.7906,0.5978
5439.9000,84.7086,0.6815,37.4794,4.7906,0.5979
5440.0000,84.6652,0.6797,37.5368,4.7906,0.5980
5440.1000,84.6225,0.6779,37.8404,4.7906,0.5981
5440.2000,84.5808,0.6761,38.1465,4.7906,0.5982
5440.3000,84.5399,0.6742,38.5389,4.7906,0.5983
5440.4000,84.5003,0.6724,38.8701,4.7906,0.5984
5440.5000,84.4612,0.6705,38.8602,4.7906,0.5984
5440.6000,84.4219,0.6686,38.4020,4.7906,0.5985
5440.7000,84.3811,0.6666,37.6454,4.7906,0.5986
5440.8000,84.3387,0.6647,36.1999,4.7906,0.5987
5440.9000,84.2918,0.6627,34.3351,4.7906,0.5988
5441.0000,84.2415,0.6607,32.7794,4.7906,0.5989
5441.1000,84.1880,0.6587,31.9684,4.7906,0.5990
5441.2000,84.1345,0.6567,32.2074,4.7906,0.5991
5441.3000,84.0825,0.6546,33.1255,4.7906,0.5992
5441.4000,84.0335,0.6526,34.2125,4.7906,0.5993
5441.5000,83.9867,0.6505,35.0440,4.7906,0.5994
5441.6000,83.9419,0.6484,35.2804,4.7906,0.5995
5441.7000,83.8966,0.6463,34.5220,4.7906,0.5996
5441.8000,83.8487,0.6441,33.8095,4.7906,0.5997
5441.9000,83.8006,0.6419,33.4849,4.7906,0.5998
5442.0000,83.7516,0.6397,33.0670,4.7906,0.5999
5442.1000,83.7020,0.6375,32.7792,4.7906,0.6000
5442.2000,83.6522,0.6353,32.9057,4.7906,0.6001
5442.3000,83.6036,0.6330,33.1659,4.7906,0.6002
5442.4000,83.5553,0.6308,33.1566,4.7906,0.6003
5442.5000,83.5071,0.6285,33.3051,4.7906,0.6004
5442.6000,83.4599,0.6261,33.4658,4.7906,0.6005
5442.7000,83.4128,0.6238,33.6175,4.7906,0.6006
5442.8000,83.3667,0.6214,33.6877,4.7906,0.6007
5442.9000,83.3203,0.6190,33.5628,4.7906,0.6008
5443.0000,83.2740,0.6166,33.7696,4.7906,0.6009
5443.1000,83.2290,0.6142,34.4017,4.7906,0.6010
5443.2000,83.1860,0.6117,34.5374,4.7906,0.6011
5443.3000,83.1420,0.6093,33.7245,4.7906,0.6012
5443.4000,83.0957,0.6068,32.9388,4.7906,0.6013
5443.5000,83.0485,0.6042,32.1401,4.7906,0.6014
5443.6000,82.9990,0.6017,31.0755,4.7906,0.6016
5443.7000,82.9474,0.5991,30.5093,4.7906,0.6017
5443.8000,82.8957,0.5965,30.9246,4.7906,0.6018
5443.9000,82.8465,0.5939,31.5881,4.7906,0.6019
5444.0000,82.7983,0.5912,32.0464,4.7906,0.6020
5444.1000,82.7515,0.5886,32.6205,4.7906,0.6021
5444.2000,82.7064,0.5859,33.7293,4.7906,0.6022
5444.3000,82.6651,0.5832,35.3462,4.7906,0.6023
5444.4000,82.6277,0.5804,36.9997,4.7906,0.6024
5444.5000,82.5944,0.5777,39.0633,4.7906,0.6025
5444.6000,82.5668,0.5749,41.1302,4.7906,0.6025
5444.7000,82.5433,0.5721,42.4057,4.7906,0.6026
5444.8000,82.5219,0.5693,43.2902,4.7906,0.6027
5444.9000,82.5027,0.5664,44.2332,4.7906,0.6028
5445.0000,82.4859,0.5635,44.7641,4.7906,0.6028
5445.1000,82.4695,0.5606,45.1272,4.7906,0.6029
5445.2000,82.4546,0.5577,45.8377,4.7906,0.6030
5445.3000,82.4417,0.5547,46.4238,4.7906,0.6030
5445.4000,82.4299,0.5517,46.2420,4.7906,0.6031
5445.5000,82.4164,0.5487,45.7021,4.7906,0.6032
5445.6000,82.4023,0.5456,45.1641,4.7906,0.6033
5445.7000,82.3867,0.5426,44.2635,4.7906,0.6033
5445.8000,82.3688,0.5395,43.1364,4.7906,0.6034
5445.9000,82.3483,0.5364,42.7171,4.7906,0.6035
5446.0000,82.3288,0.5332,43.5507,4.7906,0.6036
5446.1000,82.3125,0.5301,45.3769,4.7906,0.6036
5446.2000,82.3017,0.5269,47.3680,4.7906,0.6037
5446.3000,82.2947,0.5236,49.0086,4.7906,0.6038
5446.4000,82.2918,0.5204,50.3025,4.7906,0.6038
5446.5000,82.2910,0.5171,50.8756,4.7906,0.6039
5446.6000,82.2909,0.5138,50.8645,4.7906,0.6039
5446.7000,82.2903,0.5105,50.9672,4.7906,0.6040
5446.8000,82.2908,0.5071,51.2887,4.7906,0.6040
5446.9000,82.2919,0.5037,51.9317,4.7906,0.6041
5447.0000,82.2957,0.5003,52.7608,4.7906,0.6041
5447.1000,82.3008,0.4968,53.5449,4.7906,0.6042
5447.2000,82.3083,0.4934,54.6103,4.7906,0.6042
5447.3000,82.3185,0.4899,55.7795,4.7906,0.6043
5447.4000,82.3316,0.4864,56.5135,4.7906,0.6043
5447.5000,82.3453,0.4828,56.6375,4.7906,0.6044
5447.6000,82.3591,0.4792,55.9921,4.7906,0.6044
5447.7000,82.3700,0.4756,54.5030,4.7906,0.6045
5447.8000,82.3772,0.4720,52.9457,4.7906,0.6045
5447.9000,82.3812,0.4683,51.7810,4.7906,0.6046
5448.0000,82.3832,0.4646,50.9847,4.7906,0.6046
5448.1000,82.3838,0.4609,50.5667,4.7906,0.6047
5448.2000,82.3841,0.4571,50.6169,4.7906,0.6047
5448.3000,82.3852,0.4533,50.7295,4.7906,0.6048
5448.4000,82.3863,0.4495,50.4342,4.7906,0.6048
5448.5000,82.3863,0.4457,49.6969,4.7906,0.6049
5448.6000,82.3843,0.4418,48.7154,4.7906,0.6050
5448.7000,82.3800,0.4379,47.5114,4.7906,0.6050
5448.8000,82.3728,0.4340,46.3091,4.7906,0.6051
5448.9000,82.3633,0.4300,45.7090,4.7906,0.6052
5449.0000,82.3536,0.4261,45.9019,4.7906,0.6052
5449.1000,82.3454,0.4221,46.3996,4.7906,0.6053
5449.2000,82.3383,0.4180,47.2573,4.7906,0.6054
5449.3000,82.3343,0.4140,48.8780,4.7906,0.6054
5449.4000,82.3350,0.4099,50.2852,4.7906,0.6055
5449.5000,82.3377,0.4057,50.5569,4.7906,0.6055
5449.6000,82.3399,0.4016,50.9096,4.7906,0.6056
5449.7000,82.3445,0.3974,51.6145,4.7906,0.6057
5449.8000,82.3502,0.3932,51.8246,4.7906,0.6057
5449.9000,82.3560,0.3890,51.8713,4.7906,0.6058
5450.0000,82.3622,0.3847,52.6738,4.7906,0.6058
5450.1000,82.3719,0.3804,53.7073,4.7906,0.6059
5450.2000,82.3830,0.3761,54.3713,4.7906,0.6059
5450.3000,82.3960,0.3718,54.8134,4.7906,0.6060
5450.4000,82.4094,0.3674,54.9147,4.7906,0.6060
5450.5000,82.4231,0.3630,55.2961,4.7906,0.6060
5450.6000,82.4384,0.3586,56.4040,4.7906,0.6061
5450.7000,82.4574,0.3541,57.9603,4.7906,0.6061
5450.8000,82.4800,0.3496,59.3934,4.7906,0.6062
5450.9000,82.5057,0.3451,60.6358,4.7906,0.6062
5451.0000,82.5341,0.3405,61.1868,4.7906,0.6062
5451.1000,82.5624,0.3360,60.7018,4.7906,0.6062
5451.2000,82.5888,0.3313,59.4153,4.7906,0.6063
5451.3000,82.6113,0.3267,57.9030,4.7906,0.6063
5451.4000,82.6309,0.3220,57.1647,4.7906,0.6064
5451.5000,82.6503,0.3173,56.8808,4.7906,0.6064
5451.6000,82.6688,0.3126,56.3715,4.7906,0.6064
5451.7000,82.6861,0.3079,56.0733,4.7906,0.6065
5451.8000,82.7034,0.3031,56.4569,4.7906,0.6065
5451.9000,82.7226,0.2983,56.8001,4.7906,0.6066
5452.0000,82.7418,0.2934,56.7177,4.7906,0.6066
5452.1000,82.7608,0.2886,57.0170,4.7906,0.6066
5452.2000,82.7815,0.2837,57.5207,4.7906,0.6067
5452.3000,82.8030,0.2787,57.2361,4.7906,0.6067
5452.4000,82.8226,0.2738,56.7846,4.7906,0.6068
5452.5000,82.8423,0.2688,56.9148,4.7906,0.6068
5452.6000,82.8627,0.2638,56.8784,4.7906,0.6068
5452.7000,82.8824,0.2588,56.1477,4.7906,0.6069
5452.8000,82.8997,0.2537,55.3795,4.7906,0.6069
5452.9000,82.9162,0.2486,54.8108,4.7906,0.6070
5453.0000,82.9311,0.2435,54.1971,4.7906,0.6070
5453.1000,82.9450,0.2383,53.8813,4.7906,0.6071
5453.2000,82.9588,0.2332,54.3600,4.7906,0.6071
5453.3000,82.9751,0.2280,55.3852,4.7906,0.6072
5453.4000,82.9938,0.2227,56.2467,4.7906,0.6072
5453.5000,83.0143,0.2175,56.9459,4.7906,0.6072
5453.6000,83.0364,0.2122,57.2825,4.7906,0.6073
5453.7000,83.0587,0.2069,57.3833,4.7906,0.6073
5453.8000,83.0814,0.2015,57.7722,4.7906,0.6074
5453.9000,83.1056,0.1961,58.6886,4.7906,0.6074
5454.0000,83.1328,0.1908,59.9435,4.7906,0.6074
5454.1000,83.1629,0.1853,61.2500,4.7906,0.6075
5454.2000,83.1961,0.1799,62.7019,4.7906,0.6075
5454.3000,83.2330,0.1744,63.9410,4.7906,0.6075
5454.4000,83.2719,0.1689,64.1745,4.7906,0.6075
5454.5000,83.3100,0.1634,63.5870,4.7906,0.6076
5454.6000,83.3464,0.1578,62.6040,4.7906,0.6076
5454.7000,83.3801,0.1522,60.7606,4.7906,0.6076
5454.8000,83.4083,0.1466,58.6955,4.7906,0.6076
5454.9000,83.4329,0.1409,57.4160,4.7906,0.6077
5455.0000,83.4555,0.1353,56.2471,4.7906,0.6077
5455.1000,83.4750,0.1296,55.4920,4.7906,0.6078
5455.2000,83.4945,0.1239,55.6551,4.7906,0.6078
5455.3000,83.5150,0.1181,56.0936,4.7906,0.6079
5455.4000,83.5367,0.1124,56.6336,4.7906,0.6079
5455.5000,83.5599,0.1066,57.3715,4.7906,0.6079
5455.6000,83.5852,0.1007,57.6592,4.7906,0.6080
5455.7000,83.6099,0.0949,57.4478,4.7906,0.6080
5455.8000,83.6345,0.0890,57.1596,4.7906,0.6081
5455.9000,83.6582,0.0831,56.1130,4.7906,0.6081
5456.0000,83.6783,0.0772,54.5468,4.7906,0.6081
5456.1000,83.6952,0.0713,52.9763,4.7906,0.6082
5456.2000,83.7085,0.0653,51.4161,4.7906,0.6082
5456.3000,83.7186,0.0593,49.8159,4.7906,0.6083
5456.4000,83.7251,0.0533,48.5062,4.7906,0.6084
5456.5000,83.7297,0.0473,47.9913,4.7906,0.6084
5456.6000,83.7342,0.0412,47.9114,4.7906,0.6085
5456.7000,83.7388,0.0351,47.9570,4.7906,0.6086
5456.8000,83.7439,0.0290,48.3315,4.7906,0.6086
5456.9000,83.7506,0.0229,48.8646,4.7906,0.6087
5457.0000,83.7585,0.0167,48.8808,4.7906,0.6087
5457.1000,83.7657,0.0106,48.4776,4.7906,0.6088
5457.2000,83.7721,0.0044,47.9344,4.7906,0.6089
5457.3000,83.7772,-0.0018,47.2207,4.7906,0.6089
5457.4000,83.7808,-0.0080,46.9908,4.7906,0.6090
5457.5000,83.7852,-0.0143,47.4566,4.7906,0.6091
5457.6000,83.7913,-0.0206,48.4150,4.7906,0.6091
5457.7000,83.8005,-0.0269,49.4001,4.7906,0.6092
5457.8000,83.8114,-0.0332,50.2365,4.7906,0.6092
5457.9000,83.8247,-0.0395,50.6440,4.7906,0.6093
5458.0000,83.8378,-0.0458,50.5495,4.7906,0.6094
5458.1000,83.8510,-0.0522,50.1665,4.7906,0.6094
5458.2000,83.8627,-0.0586,49.5214,4.7906,0.6095
5458.3000,83.8734,-0.0650,48.1188,4.7906,0.6095
5458.4000,83.8792,-0.0714,46.0993,4.7906,0.6096
5458.5000,83.8812,-0.0779,44.0393,4.7906,0.6097
5458.6000,83.8781,-0.0843,42.0864,4.7906,0.6098
5458.7000,83.8718,-0.0908,40.7267,4.7906,0.6098
5458.8000,83.8630,-0.0973,40.1285,4.7906,0.6099
5458.9000,83.8545,-0.1038,40.0985,4.7906,0.6100
5459.0000,83.8461,-0.1103,40.3796,4.7906,0.6101
5459.1000,83.8393,-0.1169,40.9481,4.7906,0.6102
5459.2000,83.8340,-0.1234,41.7402,4.7906,0.6103
5459.3000,83.8313,-0.1300,42.9233,4.7906,0.6103
5459.4000,83.8317,-0.1366,44.2384,4.7906,0.6104
5459.5000,83.8353,-0.1432,45.4147,4.7906,0.6105
5459.6000,83.8415,-0.1498,46.4211,4.7906,0.6105
5459.7000,83.8501,-0.1565,46.9919,4.7906,0.6106
5459.8000,83.8593,-0.1631,47.2613,4.7906,0.6107
5459.9000,83.8694,-0.1698,47.5665,4.7906,0.6107
5460.0000,83.8804,-0.1764,47.7660,4.7906,0.6108
5460.1000,83.8918,-0.1831,47.7983,4.7906,0.6109
5460.2000,83.9033,-0.1898,47.8916,4.7906,0.6109
5460.3000,83.9156,-0.1966,48.3988,4.7906,0.6110
5460.4000,83.9297,-0.2033,49.0834,4.7906,0.6111
5460.5000,83.9454,-0.2100,49.8949,4.7906,0.6111
5460.6000,83.9635,-0.2168,50.9414,4.7906,0.6112
5460.7000,83.9843,-0.2236,51.8175,4.7906,0.6112
5460.8000,84.0067,-0.2304,51.8542,4.7906,0.6113
5460.9000,84.0280,-0.2372,51.1957,4.7906,0.6113
5461.0000,84.0478,-0.2440,49.6352,4.7906,0.6114
5461.1000,84.0624,-0.2508,47.4575,4.7906,0.6115
5461.2000,84.0727,-0.2576,45.6185,4.7906,0.6115
5461.3000,84.0795,-0.2645,44.0404,4.7906,0.6116
5461.4000,84.0832,-0.2714,42.7593,4.7906,0.6117
5461.5000,84.0846,-0.2782,42.2407,4.7906,0.6118
5461.6000,84.0865,-0.2851,42.2076,4.7906,0.6118
5461.7000,84.0882,-0.2920,41.9965,4.7906,0.6119
5461.8000,84.0895,-0.2989,41.6938,4.7906,0.6120
5461.9000,84.0904,-0.3058,41.3144,4.7906,0.6121
5462.0000,84.0905,-0.3127,40.6759,4.7906,0.6122
5462.1000,84.0889,-0.3196,40.1638,4.7906,0.6122
5462.2000,84.0872,-0.3265,40.2188,4.7906,0.6123
5462.3000,84.0864,-0.3335,40.8502,4.7906,0.6124
5462.4000,84.0880,-0.3404,41.9539,4.7906,0.6125
5462.5000,84.0926,-0.3474,43.4630,4.7906,0.6126
5462.6000,84.1014,-0.3543,45.5922,4.7906,0.6126
5462.7000,84.1160,-0.3613,47.8327,4.7906,0.6127
5462.8000,84.1352,-0.3683,49.4645,4.7906,0.6128
5462.9000,84.1575,-0.3752,50.8969,4.7906,0.6128
5463.0000,84.1835,-0.3822,52.2409,4.7906,0.6129
5463.1000,84.2121,-0.3892,52.7132,4.7906,0.6129
5463.2000,84.2406,-0.3962,52.8876,4.7906,0.6130
5463.3000,84.2702,-0.4032,53.7350,4.7906,0.6130
5463.4000,84.3028,-0.4102,54.4363,4.7906,0.6131
5463.5000,84.3358,-0.4172,55.5020,4.7906,0.6131
5463.6000,84.3734,-0.4243,57.0345,4.7906,0.6131
5463.7000,84.4136,-0.4313,57.8370,4.7906,0.6132
5463.8000,84.4550,-0.4383,57.8590,4.7906,0.6132
5463.9000,84.4955,-0.4454,57.4755,4.7906,0.6133
5464.0000,84.5354,-0.4524,56.5366,4.7906,0.6133
5464.1000,84.5719,-0.4594,55.3963,4.7906,0.6133
5464.2000,84.6069,-0.4665,54.7975,4.7906,0.6134
5464.3000,84.6410,-0.4736,54.3763,4.7906,0.6134
5464.4000,84.6744,-0.4806,53.8998,4.7906,0.6135
5464.5000,84.7067,-0.4877,53.4523,4.7906,0.6135
5464.6000,84.7384,-0.4947,52.7390,4.7906,0.6136
5464.7000,84.7677,-0.5018,51.2589,4.7906,0.6136
5464.8000,84.7931,-0.5089,49.0621,4.7906,0.6137
5464.9000,84.8130,-0.5160,46.7661,4.7906,0.6138
5465.0000,84.8285,-0.5230,43.9908,4.7906,0.6138
5465.1000,84.8364,-0.5301,41.2286,4.7906,0.6139
5465.2000,84.8401,-0.5372,39.1685,4.7906,0.6140
5465.3000,84.8393,-0.5442,37.4599,4.7906,0.6141
5465.4000,84.8359,-0.5513,35.8655,4.7906,0.6142
5465.5000,84.8285,-0.5583,34.4326,4.7906,0.6143
5465.6000,84.8192,-0.5654,32.9402,4.7906,0.6144
5465.7000,84.8057,-0.5724,31.4379,4.7906,0.6145
5465.8000,84.7903,-0.5795,30.5057,4.7906,0.6146
5465.9000,84.7732,-0.5865,29.5589,4.7906,0.6147
5466.0000,84.7541,-0.5936,28.9531,4.7906,0.6148
5466.1000,84.7348,-0.6006,28.7397,4.7906,0.6150
5466.2000,84.7154,-0.6076,28.5190,4.7906,0.6151
5466.3000,84.6957,-0.6146,28.1186,4.7906,0.6152
5466.4000,84.6750,-0.6216,28.1723,4.7906,0.6153
5466.5000,84.6562,-0.6286,28.5446,4.7906,0.6154
5466.6000,84.6378,-0.6356,28.9208,4.7906,0.6155
5466.7000,84.6212,-0.6426,29.3727,4.7906,0.6156
5466.8000,84.6053,-0.6495,29.8196,4.7906,0.6157
5466.9000,84.5913,-0.6565,30.1951,4.7906,0.6159
5467.0000,84.5776,-0.6634,30.4452,4.7906,0.6160
5467.1000,84.5652,-0.6704,30.3347,4.7906,0.6161
5467.2000,84.5516,-0.6773,29.5193,4.7906,0.6162
5467.3000,84.5361,-0.6842,29.0445,4.7906,0.6163
5467.4000,84.5209,-0.6911,28.9521,4.7906,0.6164
5467.5000,84.5056,-0.6980,28.4513,4.7906,0.6165
5467.6000,84.4887,-0.7049,28.1445,4.7906,0.6166
5467.7000,84.4725,-0.7118,28.0193,4.7906,0.6168
5467.8000,84.4556,-0.7186,27.5619,4.7906,0.6169
5467.9000,84.4380,-0.7255,26.8521,4.7906,0.6170
5468.0000,84.4185,-0.7323,26.4672,4.7906,0.6171
5468.1000,84.3996,-0.7391,26.7584,4.7906,0.6172
5468.2000,84.3820,-0.7460,27.5856,4.7906,0.6173
5468.3000,84.3674,-0.7527,28.6647,4.7906,0.6175
5468.4000,84.3551,-0.7595,30.1444,4.7906,0.6176
5468.5000,84.3477,-0.7663,31.9169,4.7906,0.6177
5468.6000,84.3438,-0.7730,32.8190,4.7906,0.6178
5468.7000,84.3409,-0.7798,33.6742,4.7906,0.6179
5468.8000,84.3413,-0.7865,35.1069,4.7906,0.6180
5468.9000,84.3453,-0.7932,36.1984,4.7906,0.6181
5469.0000,84.3510,-0.7999,36.7152,4.7906,0.6182
5469.1000,84.3577,-0.8066,36.9928,4.7906,0.6182
5469.2000,84.3651,-0.8132,37.0035,4.7906,0.6183
5469.3000,84.3723,-0.8199,36.3991,4.7906,0.6184
5469.4000,84.3774,-0.8265,35.4382,4.7906,0.6185
5469.5000,84.3807,-0.8331,34.4355,4.7906,0.6186
5469.6000,84.3817,-0.8397,33.6316,4.7906,0.6187
5469.7000,84.3819,-0.8463,33.0415,4.7906,0.6188
5469.8000,84.3807,-0.8529,32.6167,4.7906,0.6189
5469.9000,84.3794,-0.8594,32.0987,4.7906,0.6190
5470.0000,84.3764,-0.8660,31.1756,4.7906,0.6191
5470.1000,84.3714,-0.8725,30.3184,4.7906,0.6193
5470.2000,84.3650,-0.8790,29.2591,4.7906,0.6194
5470.3000,84.3558,-0.8854,27.8212,4.7906,0.6195
5470.4000,84.3435,-0.8919,27.1734,4.7906,0.6196
5470.5000,84.3318,-0.8983,28.0537,4.7906,0.6197
5470.6000,84.3239,-0.9047,29.4562,4.7906,0.6198
5470.7000,84.3190,-0.9111,31.1463,4.7906,0.6199
5470.8000,84.3191,-0.9175,33.3132,4.7906,0.6200
5470.9000,84.3244,-0.9238,35.1286,4.7906,0.6201
5471.0000,84.3330,-0.9302,36.2977,4.7906,0.6202
5471.1000,84.3439,-0.9365,37.3074,4.7906,0.6203
5471.2000,84.3575,-0.9427,38.1893,4.7906,0.6204
5471.3000,84.3726,-0.9490,38.8000,4.7906,0.6205
5471.4000,84.3892,-0.9552,39.6598,4.7906,0.6206
5471.5000,84.4086,-0.9615,40.7860,4.7906,0.6207
5471.6000,84.4306,-0.9677,42.0019,4.7906,0.6207
5471.7000,84.4556,-0.9738,43.1702,4.7906,0.6208
5471.8000,84.4831,-0.9800,44.1902,4.7906,0.6209
5471.9000,84.5130,-0.9861,45.2386,4.7906,0.6210
5472.0000,84.5454,-0.9922,45.6668,4.7906,0.6210
5472.1000,84.5774,-0.9983,45.3535,4.7906,0.6211
5472.2000,84.6087,-1.0044,45.1530,4.7906,0.6212
5472.3000,84.6401,-1.0104,44.5127,4.7906,0.6212
5472.4000,84.6687,-1.0164,42.5519,4.7906,0.6213
5472.5000,84.6915,-1.0224,40.0069,4.7906,0.6214
5472.6000,84.7091,-1.0284,38.1041,4.7906,0.6215
5472.7000,84.7238,-1.0344,36.2004,4.7906,0.6216
5472.8000,84.7331,-1.0403,33.8890,4.7906,0.6217
5472.9000,84.7379,-1.0462,32.3009,4.7906,0.6218
5473.0000,84.7406,-1.0520,31.5272,4.7906,0.6219
5473.1000,84.7422,-1.0579,30.6325,4.7906,0.6220
5473.2000,84.7413,-1.0637,29.8309,4.7906,0.6221
5473.3000,84.7398,-1.0695,29.8496,4.7906,0.6222
5473.4000,84.7394,-1.0752,29.6495,4.7906,0.6223
5473.5000,84.7374,-1.0809,28.8032,4.7906,0.6225
5473.6000,84.7336,-1.0866,27.7431,4.7906,0.6226
5473.7000,84.7272,-1.0923,26.3928,4.7906,0.6227
5473.8000,84.7178,-1.0979,24.9111,4.7906,0.6228
5473.9000,84.7053,-1.1035,23.8802,4.7906,0.6229
5474.0000,84.6918,-1.1091,23.3853,4.7906,0.6231
5474.1000,84.6775,-1.1146,23.1058,4.7906,0.6232
5474.2000,84.6631,-1.1202,23.0362,4.7906,0.6233
5474.3000,84.6490,-1.1256,22.7846,4.7906,0.6235
5474.4000,84.6340,-1.1311,22.0913,4.7906,0.6236
5474.5000,84.6172,-1.1365,21.6538,4.7906,0.6237
5474.6000,84.6006,-1.1419,21.1659,4.7906,0.6238
5474.7000,84.5821,-1.1472,19.9760,4.7906,0.6240
5474.8000,84.5607,-1.1525,18.8176,4.7906,0.6241
5474.9000,84.5374,-1.1578,17.9518,4.7906,0.6243
5475.0000,84.5126,-1.1631,17.0002,4.7906,0.6244
5475.1000,84.4856,-1.1683,16.6210,4.7906,0.6245
5475.2000,84.4595,-1.1734,17.8393,4.7906,0.6247
5475.3000,84.4384,-1.1786,19.8272,4.7906,0.6248
5475.4000,84.4217,-1.1837,21.7370,4.7906,0.6250
5475.5000,84.4095,-1.1888,23.7262,4.7906,0.6251
5475.6000,84.4021,-1.1938,25.5492,4.7906,0.6252
5475.7000,84.3985,-1.1988,26.6228,4.7906,0.6253
5475.8000,84.3963,-1.2038,27.5491,4.7906,0.6254
5475.9000,84.3971,-1.2087,28.8074,4.7906,0.6256
5476.0000,84.4008,-1.2136,30.0727,4.7906,0.6257
5476.1000,84.4077,-1.2185,31.3337,4.7906,0.6258
5476.2000,84.4173,-1.2233,32.7597,4.7906,0.6259
5476.3000,84.4308,-1.2281,33.9494,4.7906,0.6260
5476.4000,84.4461,-1.2329,35.2622,4.7906,0.6261
5476.5000,84.4657,-1.2376,37.2259,4.7906,0.6262
5476.6000,84.4899,-1.2423,39.0116,4.7906,0.6262
5476.7000,84.5177,-1.2470,40.4535,4.7906,0.6263
5476.8000,84.5485,-1.2516,42.0865,4.7906,0.6264
5476.9000,84.5837,-1.2562,43.2126,4.7906,0.6265
5477.0000,84.6197,-1.2608,43.2960,4.7906,0.6266
5477.1000,84.6554,-1.2653,43.3512,4.7906,0.6266
5477.2000,84.6917,-1.2698,43.4806,4.7906,0.6267
5477.3000,84.7281,-1.2742,43.1099,4.7906,0.6268
5477.4000,84.7628,-1.2786,42.9128,4.7906,0.6269
5477.5000,84.7984,-1.2830,42.7750,4.7906,0.6269
5477.6000,84.8327,-1.2874,42.0238,4.7906,0.6270
5477.7000,84.8650,-1.2917,40.8601,4.7906,0.6271
5477.8000,84.8942,-1.2959,39.8059,4.7906,0.6272
5477.9000,84.9220,-1.3002,38.5738,4.7906,0.6273
5478.0000,84.9458,-1.3044,37.0422,4.7906,0.6274
5478.1000,84.9669,-1.3085,35.9139,4.7906,0.6275
5478.2000,84.9859,-1.3126,34.7645,4.7906,0.6276
5478.3000,85.0021,-1.3167,33.1667,4.7906,0.6277
5478.4000,85.0142,-1.3208,31.5652,4.7906,0.6278
5478.5000,85.0235,-1.3248,30.2895,4.7906,0.6279
5478.6000,85.0301,-1.3287,29.3835,4.7906,0.6280
5478.7000,85.0356,-1.3326,29.3605,4.7906,0.6281
5478.8000,85.0424,-1.3365,29.7356,4.7906,0.6282
5478.9000,85.0498,-1.3404,30.1776,4.7906,0.6283
5479.0000,85.0587,-1.3442,30.9474,4.7906,0.6284
5479.1000,85.0698,-1.3479,31.2148,4.7906,0.6285
5479.2000,85.0801,-1.3517,30.3181,4.7906,0.6286
5479.3000,85.0874,-1.3553,29.4569,4.7906,0.6288
5479.4000,85.0941,-1.3590,29.2032,4.7906,0.6289
5479.5000,85.1005,-1.3626,29.2109,4.7906,0.6290
5479.6000,85.1074,-1.3661,29.4863,4.7906,0.6291
5479.7000,85.1152,-1.3697,30.6311,4.7906,0.6292
5479.8000,85.1275,-1.3731,32.0479,4.7906,0.6293
5479.9000,85.1417,-1.3766,32.4639,4.7906,0.6294
5480.0000,85.1559,-1.3800,31.9846,4.7906,0.6295
5480.1000,85.1682,-1.3833,31.4840,4.7906,0.6296
5480.2000,85.1804,-1.3866,30.6249,4.7906,0.6297
5480.3000,85.1890,-1.3899,28.9929,4.7906,0.6298
5480.4000,85.1942,-1.3931,27.8126,4.7906,0.6300
5480.5000,85.1978,-1.3963,27.3502,4.7906,0.6301
5480.6000,85.2011,-1.3995,27.1672,4.7906,0.6302
5480.7000,85.2040,-1.4026,27.1143,4.7906,0.6303
5480.8000,85.2073,-1.4056,27.2972,4.7906,0.6304
5480.9000,85.2113,-1.4087,27.2903,4.7906,0.6305
5481.0000,85.2147,-1.4116,26.9707,4.7906,0.6307
5481.1000,85.2174,-1.4146,26.2838,4.7906,0.6308
5481.2000,85.2180,-1.4175,25.6460,4.7906,0.6309
5481.3000,85.2181,-1.4203,25.4244,4.7906,0.6310
5481.4000,85.2179,-1.4231,25.3127,4.7906,0.6311
5481.5000,85.2177,-1.4259,25.1282,4.7906,0.6313
5481.6000,85.2168,-1.4286,24.5702,4.7906,0.6314
5481.7000,85.2143,-1.4313,23.6674,4.7906,0.6315
5481.8000,85.2096,-1.4339,22.9309,4.7906,0.6316
5481.9000,85.2041,-1.4365,22.4631,4.7906,0.6318
5482.0000,85.1976,-1.4390,22.0182,4.7906,0.6319
5482.1000,85.1903,-1.4415,22.2238,4.7906,0.6320
5482.2000,85.1848,-1.4440,22.6547,4.7906,0.6322
5482.3000,85.1796,-1.4464,22.5312,4.7906,0.6323
5482.4000,85.1738,-1.4488,22.1780,4.7906,0.6324
5482.5000,85.1672,-1.4511,21.9743,4.7906,0.6326
5482.6000,85.1607,-1.4534,21.7315,4.7906,0.6327
5482.7000,85.1533,-1.4557,21.4648,4.7906,0.6328
5482.8000,85.1458,-1.4578,21.5713,4.7906,0.6330
5482.9000,85.1389,-1.4600,21.5999,4.7906,0.6331
5483.0000,85.1318,-1.4621,20.9037,4.7906,0.6332
5483.1000,85.1220,-1.4642,19.9035,4.7906,0.6334
5483.2000,85.1106,-1.4662,19.5210,4.7906,0.6335
5483.3000,85.0993,-1.4682,19.3722,4.7906,0.6336
5483.4000,85.0874,-1.4701,19.4150,4.7906,0.6338
5483.5000,85.0766,-1.4720,21.0152,4.7906,0.6339
5483.6000,85.0719,-1.4739,23.4725,4.7906,0.6340
5483.7000,85.0721,-1.4757,25.4464,4.7906,0.6341
5483.8000,85.0763,-1.4775,27.4358,4.7906,0.6343
5483.9000,85.0855,-1.4792,29.3036,4.7906,0.6344
5484.0000,85.0981,-1.4809,29.7836,4.7906,0.6345
5484.1000,85.1094,-1.4825,29.0089,4.7906,0.6346
5484.2000,85.1186,-1.4841,28.2151,4.7906,0.6347
5484.3000,85.1264,-1.4856,27.5554,4.7906,0.6348
5484.4000,85.1328,-1.4871,27.1604,4.7906,0.6349
5484.5000,85.1390,-1.4886,27.1760,4.7906,0.6351
5484.6000,85.1455,-1.4900,27.1877,4.7906,0.6352
5484.7000,85.1517,-1.4914,26.6594,4.7906,0.6353
5484.8000,85.1560,-1.4927,25.8439,4.7906,0.6354
5484.9000,85.1587,-1.4940,24.8305,4.7906,0.6355
5485.0000,85.1585,-1.4953,23.4992,4.7906,0.6357
5485.1000,85.1554,-1.4965,21.8172,4.7906,0.6358
5485.2000,85.1478,-1.4977,19.7995,4.7906,0.6359
5485.3000,85.1359,-1.4988,17.6598,4.7906,0.6361
5485.4000,85.1190,-1.4999,15.5639,4.7906,0.6362
5485.5000,85.0979,-1.5009,13.6392,4.7906,0.6364
5485.6000,85.0726,-1.5019,12.8751,4.7906,0.6365
5485.7000,85.0483,-1.5028,13.5088,4.7906,0.6367
5485.8000,85.0260,-1.5038,14.0992,4.7906,0.6368
5485.9000,85.0045,-1.5046,14.6215,4.7906,0.6370
5486.0000,84.9847,-1.5055,15.6024,4.7906,0.6371
5486.1000,84.9676,-1.5062,16.0256,4.7906,0.6373
5486.2000,84.9498,-1.5070,15.2542,4.7906,0.6374
5486.3000,84.9295,-1.5077,14.4642,4.7906,0.6376
5486.4000,84.9083,-1.5083,14.0210,4.7906,0.6377
5486.5000,84.8861,-1.5090,13.6475,4.7906,0.6379
5486.6000,84.8633,-1.5095,13.9639,4.7906,0.6380
5486.7000,84.8427,-1.5101,15.3102,4.7906,0.6382
5486.8000,84.8261,-1.5106,17.1794,4.7906,0.6383
5486.9000,84.8139,-1.5110,19.1040,4.7906,0.6385
5487.0000,84.8059,-1.5114,20.5502,4.7906,0.6386
5487.1000,84.8002,-1.5118,20.9572,4.7906,0.6387
5487.2000,84.7941,-1.5121,20.2220,4.7906,0.6389
5487.3000,84.7852,-1.5124,18.7163,4.7906,0.6390
5487.4000,84.7725,-1.5127,17.3108,4.7906,0.6391
5487.5000,84.7574,-1.5129,16.5187,4.7906,0.6393
5487.6000,84.7412,-1.5131,16.4326,4.7906,0.6394
5487.7000,84.7258,-1.5132,17.7700,4.7906,0.6396
5487.8000,84.7156,-1.5133,19.8584,4.7906,0.6397
5487.9000,84.7095,-1.5133,21.1394,4.7906,0.6398
5488.0000,84.7051,-1.5133,22.3293,4.7906,0.6400
5488.1000,84.7044,-1.5133,24.0226,4.7906,0.6401
5488.2000,84.7075,-1.5133,24.9147,4.7906,0.6402
5488.3000,84.7108,-1.5131,25.0929,4.7906,0.6403
5488.4000,84.7146,-1.5130,25.5380,4.7906,0.6405
5488.5000,84.7199,-1.5128,25.7372,4.7906,0.6406
5488.6000,84.7246,-1.5126,25.2444,4.7906,0.6407
5488.7000,84.7276,-1.5124,24.7590,4.7906,0.6408
5488.8000,84.7301,-1.5121,24.6948,4.7906,0.6410
5488.9000,84.7328,-1.5117,24.9771,4.7906,0.6411
5489.0000,84.7365,-1.5114,25.4404,4.7906,0.6412
5489.1000,84.7412,-1.5109,26.0496,4.7906,0.6413
5489.2000,84.7476,-1.5105,26.6612,4.7906,0.6414
5489.3000,84.7550,-1.5100,27.0189,4.7906,0.6416
5489.4000,84.7629,-1.5095,27.3256,4.7906,0.6417
5489.5000,84.7715,-1.5090,27.7434,4.7906,0.6418
5489.6000,84.7813,-1.5084,28.0945,4.7906,0.6419
5489.7000,84.7914,-1.5077,28.2243,4.7906,0.6420
5489.8000,84.8016,-1.5071,28.2700,4.7906,0.6421
5489.9000,84.8118,-1.5064,28.0880,4.7906,0.6422
5490.0000,84.8211,-1.5056,26.6146,4.7906,0.6424
5490.1000,84.8247,-1.5049,24.1054,4.7906,0.6425
5490.2000,84.8228,-1.5041,22.2204,4.7906,0.6426
5490.3000,84.8179,-1.5032,21.1395,4.7906,0.6428
5490.4000,84.8111,-1.5023,20.4867,4.7906,0.6429
5490.5000,84.8033,-1.5014,20.6272,4.7906,0.6430
5490.6000,84.7971,-1.5005,21.1208,4.7906,0.6432
5490.7000,84.7915,-1.4995,21.0708,4.7906,0.6433
5490.8000,84.7850,-1.4985,20.7630,4.7906,0.6434
5490.9000,84.7780,-1.4974,19.9887,4.7906,0.6436
5491.0000,84.7680,-1.4964,19.3403,4.7906,0.6437
5491.1000,84.7581,-1.4952,19.7047,4.7906,0.6438
5491.2000,84.7497,-1.4941,20.5353,4.7906,0.6440
5491.3000,84.7434,-1.4929,21.2818,4.7906,0.6441
5491.4000,84.7383,-1.4917,21.9163,4.7906,0.6442
5491.5000,84.7348,-1.4905,22.1521,4.7906,0.6444
5491.6000,84.7307,-1.4892,21.6575,4.7906,0.6445
5491.7000,84.7249,-1.4879,20.9638,4.7906,0.6446
5491.8000,84.7177,-1.4865,20.1677,4.7906,0.6448
5491.9000,84.7082,-1.4852,19.7595,4.7906,0.6449
5492.0000,84.6991,-1.4838,20.3808,4.7906,0.6450
5492.1000,84.6924,-1.4823,21.8858,4.7906,0.6452
5492.2000,84.6900,-1.4809,23.3954,4.7906,0.6453
5492.3000,84.6899,-1.4794,25.1659,4.7906,0.6454
5492.4000,84.6952,-1.4778,27.6486,4.7906,0.6455
5492.5000,84.7061,-1.4763,29.7391,4.7906,0.6456
5492.6000,84.7206,-1.4747,31.0811,4.7906,0.6457
5492.7000,84.7373,-1.4731,32.4055,4.7906,0.6459
5492.8000,84.7575,-1.4714,33.5467,4.7906,0.6460
5492.9000,84.7790,-1.4698,34.0042,4.7906,0.6461
5493.0000,84.8010,-1.4681,34.3120,4.7906,0.6462
5493.1000,84.8237,-1.4663,34.2730,4.7906,0.6463
5493.2000,84.8453,-1.4646,33.5455,4.7906,0.6464
5493.3000,84.8645,-1.4628,32.1762,4.7906,0.6465
5493.4000,84.8798,-1.4610,30.1443,4.7906,0.6466
5493.5000,84.8898,-1.4591,27.8804,4.7906,0.6467
5493.6000,84.8948,-1.4573,26.2582,4.7906,0.6468
5493.7000,84.8974,-1.4554,25.3981,4.7906,0.6469
5493.8000,84.8985,-1.4534,25.1532,4.7906,0.6470
5493.9000,84.8999,-1.4515,25.4031,4.7906,0.6472
5494.0000,84.9019,-1.4495,25.7353,4.7906,0.6473
5494.1000,84.9046,-1.4475,25.7810,4.7906,0.6474
5494.2000,84.9067,-1.4455,25.4210,4.7906,0.6475
5494.3000,84.9077,-1.4434,24.5850,4.7906,0.6477
5494.4000,84.9059,-1.4414,23.8772,4.7906,0.6478
5494.5000,84.9036,-1.4393,24.0397,4.7906,0.6479
5494.6000,84.9025,-1.4371,24.6215,4.7906,0.6480
5494.7000,84.9026,-1.4350,25.3787,4.7906,0.6482
5494.8000,84.9046,-1.4328,26.3931,4.7906,0.6483
5494.9000,84.9091,-1.4306,26.9605,4.7906,0.6484
5495.0000,84.9135,-1.4284,26.9672,4.7906,0.6485
5495.1000,84.9179,-1.4262,27.4359,4.7906,0.6486
5495.2000,84.9242,-1.4239,28.4383,4.7906,0.6487
5495.3000,84.9328,-1.4216,29.9105,4.7906,0.6488
5495.4000,84.9455,-1.4193,31.6351,4.7906,0.6490
5495.5000,84.9615,-1.4170,32.9568,4.7906,0.6491
5495.6000,84.9798,-1.4146,33.5307,4.7906,0.6492
5495.7000,84.9982,-1.4122,33.4959,4.7906,0.6493
5495.8000,85.0161,-1.4098,33.1917,4.7906,0.6494
5495.9000,85.0328,-1.4074,32.7599,4.7906,0.6495
5496.0000,85.0485,-1.4050,32.4682,4.7906,0.6496
5496.1000,85.0637,-1.4025,32.4845,4.7906,0.6497
5496.2000,85.0793,-1.4001,32.3453,4.7906,0.6498
5496.3000,85.0936,-1.3976,32.0338,4.7906,0.6499
5496.4000,85.1075,-1.3950,32.0724,4.7906,0.6500
5496.5000,85.1218,-1.3925,32.1095,4.7906,0.6501
5496.6000,85.1356,-1.3900,32.1205,4.7906,0.6502
5496.7000,85.1497,-1.3874,31.9751,4.7906,0.6503
5496.8000,85.1627,-1.3848,31.3858,4.7906,0.6504
5496.9000,85.1739,-1.3822,30.6213,4.7906,0.6505
5497.0000,85.1832,-1.3796,29.3572,4.7906,0.6506
5497.1000,85.1886,-1.3769,27.9287,4.7906,0.6507
5497.2000,85.1914,-1.3743,27.4572,4.7906,0.6509
5497.3000,85.1945,-1.3716,27.6391,4.7906,0.6510
5497.4000,85.1979,-1.3689,28.0369,4.7906,0.6511
5497.5000,85.2025,-1.3662,28.8406,4.7906,0.6512
5497.6000,85.2093,-1.3635,29.2698,4.7906,0.6513
5497.7000,85.2156,-1.3608,28.7560,4.7906,0.6514
5497.8000,85.2199,-1.3580,27.4070,4.7906,0.6515
5497.9000,85.2201,-1.3553,25.3921,4.7906,0.6517
5498.0000,85.2152,-1.3525,22.9640,4.7906,0.6518
5498.1000,85.2044,-1.3497,20.5088,4.7906,0.6519
5498.2000,85.1886,-1.3469,18.0520,4.7906,0.6521
5498.3000,85.1668,-1.3441,15.8207,4.7906,0.6522
5498.4000,85.1409,-1.3413,13.8965,4.7906,0.6524
5498.5000,85.1105,-1.3384,12.3485,4.7906,0.6525
5498.6000,85.0777,-1.3356,11.5769,4.7906,0.6527
5498.7000,85.0439,-1.3327,11.5802,4.7906,0.6528
5498.8000,85.0110,-1.3298,12.3302,4.7906,0.6530
5498.9000,84.9804,-1.3270,13.2398,4.7906,0.6531
5499.0000,84.9516,-1.3241,13.7490,4.7906,0.6533
5499.1000,84.9231,-1.3212,13.7383,4.7906,0.6534
5499.2000,84.8941,-1.3183,13.2308,4.7906,0.6536
5499.3000,84.8634,-1.3154,12.4951,4.7906,0.6538
5499.4000,84.8311,-1.3125,12.3825,4.7906,0.6539
5499.5000,84.7998,-1.3095,13.3651,4.7906,0.6541
5499.6000,84.7717,-1.3066,14.6759,4.7906,0.6542
5499.7000,84.7462,-1.3037,15.7918,4.7906,0.6544
5499.8000,84.7230,-1.3007,16.7337,4.7906,0.6545
5499.9000,84.7016,-1.2978,17.4446,4.7906,0.6546
5500.0000,84.6815,-1.2948,17.4283,4.7906,0.6548
5500.1000,84.6598,-1.2918,16.7716,4.7906,0.6549
5500.2000,84.6367,-1.2889,17.0824,4.7906,0.6551
5500.3000,84.6164,-1.2859,17.7983,4.7906,0.6552
5500.4000,84.5963,-1.2829,18.3854,4.7906,0.6554
5500.5000,84.5785,-1.2799,19.8290,4.7906,0.6555
5500.6000,84.5647,-1.2769,21.7525,4.7906,0.6556
5500.7000,84.5553,-1.2739,22.6694,4.7906,0.6558
5500.8000,84.5455,-1.2709,23.2264,4.7906,0.6559
5500.9000,84.5385,-1.2679,23.8528,4.7906,0.6560
5501.0000,84.5313,-1.2649,24.1180,4.7906,0.6561
5501.1000,84.5253,-1.2619,25.1284,4.7906,0.6563
5501.2000,84.5224,-1.2589,27.0326,4.7906,0.6564
5501.3000,84.5247,-1.2559,29.1693,4.7906,0.6565
5501.4000,84.5312,-1.2529,30.7245,4.7906,0.6566
5501.5000,84.5402,-1.2499,31.5363,4.7906,0.6567
5501.6000,84.5500,-1.2468,31.9278,4.7906,0.6568
5501.7000,84.5605,-1.2438,32.5282,4.7906,0.6569
5501.8000,84.5728,-1.2408,33.3802,4.7906,0.6570
5501.9000,84.5868,-1.2378,34.2707,4.7906,0.6571
5502.0000,84.6028,-1.2347,35.0406,4.7906,0.6572
5502.1000,84.6200,-1.2317,35.1952,4.7906,0.6573
5502.2000,84.6363,-1.2287,34.9475,4.7906,0.6574
5502.3000,84.6521,-1.2256,34.5057,4.7906,0.6575
5502.4000,84.6662,-1.2226,34.0687,4.7906,0.6576
5502.5000,84.6797,-1.2196,33.8571,4.7906,0.6577
5502.6000,84.6927,-1.2166,33.7392,4.7906,0.6578
5502.7000,84.7054,-1.2135,33.0054,4.7906,0.6579
5502.8000,84.7147,-1.2105,32.2991,4.7906,0.6580
5502.9000,84.7241,-1.2075,32.2099,4.7906,0.6581
5503.0000,84.7328,-1.2045,32.0290,4.7906,0.6582
5503.1000,84.7410,-1.2014,32.0241,4.7906,0.6583
5503.2000,84.7495,-1.1984,32.2510,4.7906,0.6584
5503.3000,84.7585,-1.1954,31.8853,4.7906,0.6585
5503.4000,84.7651,-1.1924,31.0912,4.7906,0.6586
5503.5000,84.7703,-1.1894,30.6799,4.7906,0.6587
5503.6000,84.7748,-1.1864,30.0446,4.7906,0.6589
5503.7000,84.7770,-1.1834,29.5639,4.7906,0.6590
5503.8000,84.7792,-1.1804,29.5198,4.7906,0.6591
5503.9000,84.7810,-1.1774,29.6539,4.7906,0.6592
5504.0000,84.7835,-1.1744,30.6686,4.7906,0.6593
5504.1000,84.7896,-1.1715,32.1694,4.7906,0.6594
5504.2000,84.7986,-1.1685,33.0580,4.7906,0.6595
5504.3000,84.8084,-1.1655,33.6076,4.7906,0.6596
5504.4000,84.8195,-1.1626,34.0065,4.7906,0.6597
5504.5000,84.8309,-1.1596,33.6931,4.7906,0.6598
5504.6000,84.8404,-1.1567,33.5255,4.7906,0.6599
5504.7000,84.8507,-1.1537,34.6523,4.7906,0.6600
5504.8000,84.8650,-1.1508,36.5634,4.7906,0.6601
5504.9000,84.8835,-1.1479,38.2207,4.7906,0.6602
5505.0000,84.9049,-1.1450,39.3486,4.7906,0.6603
5505.1000,84.9281,-1.1421,39.9372,4.7906,0.6604
5505.2000,84.9518,-1.1392,39.5509,4.7906,0.6604
5505.3000,84.9730,-1.1363,38.3961,4.7906,0.6605
5505.4000,84.9912,-1.1334,37.4347,4.7906,0.6606
5505.5000,85.0078,-1.1305,36.7489,4.7906,0.6607
5505.6000,85.0227,-1.1277,36.2203,4.7906,0.6608
5505.7000,85.0367,-1.1248,35.7996,4.7906,0.6609
5505.8000,85.0495,-1.1220,35.2675,4.7906,0.6610
5505.9000,85.0609,-1.1191,34.6504,4.7906,0.6611
5506.0000,85.0706,-1.1163,34.2053,4.7906,0.6612
5506.1000,85.0798,-1.1135,33.7285,4.7906,0.6613
5506.2000,85.0872,-1.1107,33.2170,4.7906,0.6614
5506.3000,85.0938,-1.1079,32.4353,4.7906,0.6615
5506.4000,85.0975,-1.1052,30.6926,4.7906,0.6616
5506.5000,85.0963,-1.1024,27.9526,4.7906,0.6617
5506.6000,85.0876,-1.0997,21.1829,4.7906,0.6619
5506.7000,85.0562,-1.0969,10.9736,4.7906,0.6620
5506.8000,85.0022,-1.0942,1.3207,4.7906,0.6622
5506.9000,84.9279,-1.0915,-7.2455,4.7906,0.6624
5507.0000,84.8358,-1.0888,-14.8373,4.7906,0.6626
5507.1000,84.7278,-1.0861,-18.4478,4.7906,0.6629
5507.2000,84.6198,-1.0835,-18.4675,4.7906,0.6631
5507.3000,84.5118,-1.0808,-18.4872,4.7906,0.6633
5507.4000,84.4038,-1.0782,-18.5070,4.7906,0.6635
5507.5000,84.2958,-1.0756,-18.5268,4.7906,0.6638
5507.6000,84.1878,-1.0730,-18.5468,4.7906,0.6640
5507.7000,84.0798,-1.0705,-18.5667,4.7906,0.6642
5507.8000,83.9718,-1.0679,-18.5867,4.7906,0.6645
5507.9000,83.8638,-1.0654,-18.6068,4.7906,0.6647
5508.0000,83.7558,-1.0629,-18.6270,4.7906,0.6649
5508.1000,83.6478,-1.0604,-18.6472,4.7906,0.6652
5508.2000,83.5398,-1.0579,-18.6675,4.7906,0.6654
5508.3000,83.4318,-1.0555,-18.6879,4.7906,0.6656
5508.4000,83.3238,-1.0531,-18.7083,4.7906,0.6658
5508.5000,83.2158,-1.0506,-18.7288,4.7906,0.6661
5508.6000,83.1078,-1.0483,-18.7494,4.7906,0.6663
5508.7000,82.9998,-1.0459,-18.7700,4.7906,0.6665
5508.8000,82.8918,-1.0435,-18.7907,4.7906,0.6668
5508.9000,82.7838,-1.0412,-18.8115,4.7906,0.6670
5509.0000,82.6758,-1.0389,-18.8324,4.7906,0.6672
5509.1000,82.5678,-1.0366,-18.8533,4.7906,0.6675
5509.2000,82.4598,-1.0343,-18.8744,4.7906,0.6677
5509.3000,82.3518,-1.0321,-18.8955,4.7906,0.6679
5509.4000,82.2438,-1.0298,-18.9167,4.7906,0.6681
5509.5000,82.1358,-1.0276,-18.9379,4.7906,0.6684
5509.6000,82.0278,-1.0254,-18.9593,4.7906,0.6686
5509.7000,81.9198,-1.0233,-18.9807,4.7906,0.6688
5509.8000,81.8118,-1.0211,-19.0022,4.7906,0.6691
5509.9000,81.7038,-1.0190,-19.0238,4.7906,0.6693
5510.0000,81.5958,-1.0169,-19.0455,4.7906,0.6695
5510.1000,81.4878,-1.0148,-19.0673,4.7906,0.6698
5510.2000,81.3798,-1.0127,-19.0891,4.7906,0.6700
5510.3000,81.2718,-1.0107,-19.1111,4.7906,0.6702
5510.4000,81.1638,-1.0087,-19.1331,4.7906,0.6705
5510.5000,81.0558,-1.0067,-19.1552,4.7906,0.6707
5510.6000,80.9478,-1.0047,-19.1774,4.7906,0.6709
5510.7000,80.8398,-1.0027,-19.1997,4.7906,0.6712
5510.8000,80.7318,-1.0008,-19.2220,4.7906,0.6714
5510.9000,80.6238,-0.9989,-19.2445,4.7906,0.6716
5511.0000,80.5158,-0.9970,-19.2670,4.7906,0.6718
5511.1000,80.4078,-0.9951,-19.2896,4.7906,0.6721
5511.2000,80.2998,-0.9933,-19.3123,4.7906,0.6723
5511.3000,80.1918,-0.9915,-19.3351,4.7906,0.6725
5511.4000,80.0838,-0.9897,-19.3579,4.7906,0.6728
5511.5000,79.9758,-0.9879,-19.3809,4.7906,0.6730
5511.6000,79.8678,-0.9861,-19.4039,4.7906,0.6732
5511.7000,79.7598,-0.9844,-19.4270,4.7906,0.6735
5511.8000,79.6518,-0.9827,-19.4502,4.7906,0.6737
5511.9000,79.5438,-0.9810,-19.4735,4.7906,0.6739
5512.0000,79.4358,-0.9793,-19.4968,4.7906,0.6742
5512.1000,79.3278,-0.9777,-19.5202,4.7906,0.6744
5512.2000,79.2198,-0.9760,-19.5438,4.7906,0.6746
5512.3000,79.1118,-0.9744,-19.5673,4.7906,0.6749
5512.4000,79.0038,-0.9728,-19.5910,4.7906,0.6751
5512.5000,78.8958,-0.9713,-19.6147,4.7906,0.6753
5512.6000,78.7878,-0.9697,-19.6386,4.7906,0.6756
5512.7000,78.6798,-0.9682,-19.6625,4.7906,0.6758
5512.8000,78.5718,-0.9667,-19.6864,4.7906,0.6760
5512.9000,78.4638,-0.9653,-19.3788,4.7906,0.6763
5513.0000,78.3574,-0.9638,-18.2559,4.7906,0.6765
5513.1000,78.2550,-0.9624,-16.7467,4.7906,0.6767
5513.2000,78.1560,-0.9610,-15.3052,4.7906,0.6769
5513.3000,78.0606,-0.9596,-13.5871,4.7906,0.6772
5513.4000,77.9700,-0.9582,-11.8512,4.7906,0.6774
5513.5000,77.8831,-0.9569,-10.5684,4.7906,0.6776
5513.6000,77.7989,-0.9556,-9.7142,4.7906,0.6778
5513.7000,77.7163,-0.9543,-9.1488,4.7906,0.6780
5513.8000,77.6349,-0.9530,-8.8080,4.7906,0.6782
5513.9000,77.5541,-0.9517,-8.9306,4.7906,0.6784
5514.0000,77.4723,-0.9505,-9.2501,4.7906,0.6786
5514.1000,77.3900,-0.9493,-8.7759,4.7906,0.6788
5514.2000,77.3107,-0.9481,-7.2208,4.7906,0.6790
5514.3000,77.2361,-0.9469,-4.9227,4.7906,0.6792
5514.4000,77.1681,-0.9458,-1.6881,4.7906,0.6794
5514.5000,77.1095,-0.9447,2.0871,4.7906,0.6796
5514.6000,77.0601,-0.9435,5.1310,4.7906,0.6798
5514.7000,77.0165,-0.9425,7.4385,4.7906,0.6800
5514.8000,76.9785,-0.9414,9.2748,4.7906,0.6801
5514.9000,76.9440,-0.9404,10.6404,4.7906,0.6803
5515.0000,76.9127,-0.9393,11.6242,4.7906,0.6804
5515.1000,76.8830,-0.9383,12.5629,4.7906,0.6806
5515.2000,76.8564,-0.9374,13.2257,4.7906,0.6807
5515.3000,76.8301,-0.9364,13.2102,4.7906,0.6809
5515.4000,76.8034,-0.9355,12.9243,4.7906,0.6811
5515.5000,76.7757,-0.9345,12.3774,4.7906,0.6812
5515.6000,76.7464,-0.9336,11.5379,4.7906,0.6814
5515.7000,76.7146,-0.9328,10.6639,4.7906,0.6815
5515.8000,76.6811,-0.9319,9.9653,4.7906,0.6817
5515.9000,76.6460,-0.9311,9.1283,4.7906,0.6818
5516.0000,76.6084,-0.9303,7.8629,4.7906,0.6820
5516.1000,76.5671,-0.9295,7.0558,4.7906,0.6822
5516.2000,76.5256,-0.9287,7.6235,4.7906,0.6824
5516.3000,76.4872,-0.9279,9.1796,4.7906,0.6825
5516.4000,76.4535,-0.9272,10.9737,4.7906,0.6827
5516.5000,76.4240,-0.9265,13.4078,4.7906,0.6828
5516.6000,76.4024,-0.9258,16.2505,4.7906,0.6830
5516.7000,76.3870,-0.9251,18.3191,4.7906,0.6831
5516.8000,76.3757,-0.9245,19.7354,4.7906,0.6833
5516.9000,76.3673,-0.9238,20.5215,4.7906,0.6834
5517.0000,76.3598,-0.9232,20.3795,4.7906,0.6835
5517.1000,76.3507,-0.9226,19.2522,4.7906,0.6837
5517.2000,76.3377,-0.9221,17.7693,4.7906,0.6838
5517.3000,76.3213,-0.9215,16.4129,4.7906,0.6839
5517.4000,76.3015,-0.9210,15.2469,4.7906,0.6841
5517.5000,76.2794,-0.9205,14.5464,4.7906,0.6842
5517.6000,76.2562,-0.9200,14.2738,4.7906,0.6844
5517.7000,76.2328,-0.9195,13.8647,4.7906,0.6846
5517.8000,76.2077,-0.9191,13.0768,4.7906,0.6847
5517.9000,76.1805,-0.9186,12.4658,4.7906,0.6849
5518.0000,76.1524,-0.9182,11.9977,4.7906,0.6850
5518.1000,76.1229,-0.9178,11.8933,4.7906,0.6852
5518.2000,76.0944,-0.9175,12.6425,4.7906,0.6853
5518.3000,76.0688,-0.9171,13.6189,4.7906,0.6855
5518.4000,76.0452,-0.9168,14.4879,4.7906,0.6856
5518.5000,76.0239,-0.9165,15.4263,4.7906,0.6858
5518.6000,76.0050,-0.9162,16.0884,4.7906,0.6859
5518.7000,75.9871,-0.9159,15.8269,4.7906,0.6861
5518.8000,75.9670,-0.9157,15.2439,4.7906,0.6862
5518.9000,75.9462,-0.9154,14.7020,4.7906,0.6864
5519.0000,75.9235,-0.9152,14.0662,4.7906,0.6865
5519.1000,75.8997,-0.9150,13.1558,4.7906,0.6867
5519.2000,75.8725,-0.9149,12.0933,4.7906,0.6868
5519.3000,75.8434,-0.9147,11.4956,4.7906,0.6870
5519.4000,75.8134,-0.9146,11.6213,4.7906,0.6872
5519.5000,75.7851,-0.9145,12.1857,4.7906,0.6873
5519.6000,75.7580,-0.9144,13.3783,4.7906,0.6875
5519.7000,75.7357,-0.9143,15.4481,4.7906,0.6876
5519.8000,75.7190,-0.9142,17.4454,4.7906,0.6878
5519.9000,75.7067,-0.9142,18.7387,4.7906,0.6879
5520.0000,75.6965,-0.9141,19.2051,4.7906,0.6880
5520.1000,75.6866,-0.9141,18.8043,4.7906,0.6882
5520.2000,75.6744,-0.9142,17.9672,4.7906,0.6883
5520.3000,75.6604,-0.9142,16.9779,4.7906,0.6885
5520.4000,75.6434,-0.9142,16.0937,4.7906,0.6886
5520.5000,75.6250,-0.9143,15.6812,4.7906,0.6887
5520.6000,75.6060,-0.9144,16.0905,4.7906,0.6889
5520.7000,75.5898,-0.9145,17.0243,4.7906,0.6890
5520.8000,75.5755,-0.9146,18.1796,4.7906,0.6892
5520.9000,75.5651,-0.9148,19.8302,4.7906,0.6893
5521.0000,75.5591,-0.9149,21.4141,4.7906,0.6894
5521.1000,75.5567,-0.9151,22.2852,4.7906,0.6896
5521.2000,75.5551,-0.9153,22.0839,4.7906,0.6897
5521.3000,75.5517,-0.9155,21.2872,4.7906,0.6898
5521.4000,75.5461,-0.9157,19.9583,4.7906,0.6900
5521.5000,75.5361,-0.9160,18.4786,4.7906,0.6901
5521.6000,75.5232,-0.9162,17.3863,4.7906,0.6903
5521.7000,75.5078,-0.9165,16.8162,4.7906,0.6904
5521.8000,75.4921,-0.9168,16.3721,4.7906,0.6906
5521.9000,75.4746,-0.9171,15.8183,4.7906,0.6907
5522.0000,75.4563,-0.9175,15.2990,4.7906,0.6908
5522.1000,75.4362,-0.9178,14.3576,4.7906,0.6910
5522.2000,75.4133,-0.9182,13.0991,4.7906,0.6912
5522.3000,75.3871,-0.9186,11.7421,4.7906,0.6913
5522.4000,75.3574,-0.9190,10.0200,4.7906,0.6915
5522.5000,75.3227,-0.9194,7.9070,4.7906,0.6916
5522.6000,75.2827,-0.9198,5.5873,4.7906,0.6918
5522.7000,75.2365,-0.9203,3.0341,4.7906,0.6920
5522.8000,75.1838,-0.9207,0.7693,4.7906,0.6922
5522.9000,75.1265,-0.9212,-0.9346,4.7906,0.6924
5523.0000,75.0655,-0.9217,-1.9524,4.7906,0.6926
5523.1000,75.0032,-0.9222,-1.7196,4.7906,0.6928
5523.2000,74.9436,-0.9227,-0.2467,4.7906,0.6929
5523.3000,74.8890,-0.9232,1.7991,4.7906,0.6931
5523.4000,74.8398,-0.9238,4.0384,4.7906,0.6933
5523.5000,74.7967,-0.9244,6.1018,4.7906,0.6935
5523.6000,74.7582,-0.9249,7.4398,4.7906,0.6936
5523.7000,74.7220,-0.9255,8.2491,4.7906,0.6938
5523.8000,74.6877,-0.9261,8.3484,4.7906,0.6940
5523.9000,74.6522,-0.9268,8.3171,4.7906,0.6941
5524.0000,74.6179,-0.9274,8.3811,4.7906,0.6943
5524.1000,74.5829,-0.9281,8.4590,4.7906,0.6945
5524.2000,74.5492,-0.9287,8.9891,4.7906,0.6946
5524.3000,74.5171,-0.9294,10.2508,4.7906,0.6948
5524.4000,74.4899,-0.9301,11.9784,4.7906,0.6950
5524.5000,74.4666,-0.9308,13.8747,4.7906,0.6951
5524.6000,74.4493,-0.9315,15.7468,4.7906,0.6953
5524.7000,74.4356,-0.9323,17.1652,4.7906,0.6954
5524.8000,74.4255,-0.9330,18.4078,4.7906,0.6955
5524.9000,74.4183,-0.9338,19.4755,4.7906,0.6957
5525.0000,74.4137,-0.9345,20.4602,4.7906,0.6958
5525.1000,74.4115,-0.9353,21.7645,4.7906,0.6959
5525.2000,74.4136,-0.9361,23.8934,4.7906,0.6961
5525.3000,74.4223,-0.9369,26.2716,4.7906,0.6962
5525.4000,74.4364,-0.9377,28.4250,4.7906,0.6963
5525.5000,74.4560,-0.9386,31.0912,4.7906,0.6964
5525.6000,74.4837,-0.9394,33.9493,4.7906,0.6965
5525.7000,74.5177,-0.9403,35.4161,4.7906,0.6966
5525.8000,74.5526,-0.9411,35.8362,4.7906,0.6967
5525.9000,74.5886,-0.9420,36.0859,4.7906,0.6968
5526.0000,74.6247,-0.9429,35.9614,4.7906,0.6969
5526.1000,74.6599,-0.9438,35.8413,4.7906,0.6970
5526.2000,74.6953,-0.9447,36.1272,4.7906,0.6971
5526.3000,74.7318,-0.9457,36.4046,4.7906,0.6972
5526.4000,74.7684,-0.9466,36.5842,4.7906,0.6973
5526.5000,74.8057,-0.9476,36.5460,4.7906,0.6974
5526.6000,74.8420,-0.9485,35.7074,4.7906,0.6975
5526.7000,74.8749,-0.9495,34.2785,4.7906,0.6976
5526.8000,74.9039,-0.9505,32.5778,4.7906,0.6977
5526.9000,74.9282,-0.9515,30.8063,4.7906,0.6978
5527.0000,74.9481,-0.9525,29.1163,4.7906,0.6979
5527.1000,74.9638,-0.9535,27.3892,4.7906,0.6980
5527.2000,74.9751,-0.9545,26.1569,4.7906,0.6981
5527.3000,74.9846,-0.9556,25.8323,4.7906,0.6982
5527.4000,74.9943,-0.9566,26.0358,4.7906,0.6984
5527.5000,75.0049,-0.9577,26.3437,4.7906,0.6985
5527.6000,75.0161,-0.9587,26.7080,4.7906,0.6986
5527.7000,75.0285,-0.9598,26.9156,4.7906,0.6987
5527.8000,75.0408,-0.9609,26.4724,4.7906,0.6988
5527.9000,75.0510,-0.9620,25.3159,4.7906,0.6990
5528.0000,75.0575,-0.9631,23.8223,4.7906,0.6991
5528.1000,75.0603,-0.9642,22.3519,4.7906,0.6992
5528.2000,75.0594,-0.9653,20.8506,4.7906,0.6994
5528.3000,75.0547,-0.9665,19.5063,4.7906,0.6995
5528.4000,75.0472,-0.9676,18.0180,4.7906,0.6996
5528.5000,75.0351,-0.9687,16.4689,4.7906,0.6998
5528.6000,75.0199,-0.9699,15.4955,4.7906,0.6999
5528.7000,75.0030,-0.9710,15.0099,4.7906,0.7001
5528.8000,74.9855,-0.9722,14.8463,4.7906,0.7002
5528.9000,74.9680,-0.9734,15.3495,4.7906,0.7004
5529.0000,74.9532,-0.9746,16.3193,4.7906,0.7005
5529.1000,74.9407,-0.9757,17.0196,4.7906,0.7007
5529.2000,74.9296,-0.9769,17.4879,4.7906,0.7008
5529.3000,74.9195,-0.9781,17.8720,4.7906,0.7010
5529.4000,74.9105,-0.9793,17.8675,4.7906,0.7011
5529.5000,74.9005,-0.9805,17.3648,4.7906,0.7012
5529.6000,74.8891,-0.9817,16.9215,4.7906,0.7014
5529.7000,74.8770,-0.9830,16.4984,4.7906,0.7015
5529.8000,74.8636,-0.9842,15.9147,4.7906,0.7017
5529.9000,74.8487,-0.9854,15.4003,4.7906,0.7018
5530.0000,74.8328,-0.9866,14.6658,4.7906,0.7020
5530.1000,74.8144,-0.9879,13.4956,4.7906,0.7021
5530.2000,74.7927,-0.9891,12.2984,4.7906,0.7023
5530.3000,74.7684,-0.9904,11.2807,4.7906,0.7024
5530.4000,74.7418,-0.9916,10.7024,4.7906,0.7026
5530.5000,74.7148,-0.9929,10.9865,4.7906,0.7028
5530.6000,74.6898,-0.9941,11.5942,4.7906,0.7029
5530.7000,74.6660,-0.9954,12.1210,4.7906,0.7031
5530.8000,74.6438,-0.9967,12.5134,4.7906,0.7032
5530.9000,74.6223,-0.9979,12.7118,4.7906,0.7034
5531.0000,74.6012,-0.9992,12.7531,4.7906,0.7035
5531.1000,74.5800,-1.0005,13.1377,4.7906,0.7037
5531.2000,74.5611,-1.0017,13.8994,4.7906,0.7038
5531.3000,74.5439,-1.0030,15.2234,4.7906,0.7040
5531.4000,74.5319,-1.0043,16.5264,4.7906,0.7041
5531.5000,74.5215,-1.0056,16.9784,4.7906,0.7043
5531.6000,74.5119,-1.0069,16.9032,4.7906,0.7044
5531.7000,74.5011,-1.0082,16.8923,4.7906,0.7046
5531.8000,74.4916,-1.0094,16.5396,4.7906,0.7047
5531.9000,74.4792,-1.0107,15.4725,4.7906,0.7049
5532.0000,74.4644,-1.0120,14.3728,4.7906,0.7050
5532.1000,74.4466,-1.0133,12.8245,4.7906,0.7052
5532.2000,74.4241,-1.0146,10.3504,4.7906,0.7053
5532.3000,74.3940,-1.0159,7.9659,4.7906,0.7055
5532.4000,74.3596,-1.0172,6.1997,4.7906,0.7057
5532.5000,74.3206,-1.0185,4.7932,4.7906,0.7058
5532.6000,74.2793,-1.0198,4.5988,4.7906,0.7060
5532.7000,74.2396,-1.0211,6.0984,4.7906,0.7062
5532.8000,74.2061,-1.0224,7.9867,4.7906,0.7064
5532.9000,74.1762,-1.0236,9.4235,4.7906,0.7065
5533.0000,74.1503,-1.0249,10.7933,4.7906,0.7067
5533.1000,74.1276,-1.0262,11.9315,4.7906,0.7068
5533.2000,74.1076,-1.0275,11.9212,4.7906,0.7070
5533.3000,74.0849,-1.0288,11.2999,4.7906,0.7072
5533.4000,74.0620,-1.0301,11.5699,4.7906,0.7073
5533.5000,74.0409,-1.0314,12.3683,4.7906,0.7075
5533.6000,74.0221,-1.0326,13.2904,4.7906,0.7076
5533.7000,74.0059,-1.0339,14.3912,4.7906,0.7078
5533.8000,73.9930,-1.0352,15.2389,4.7906,0.7079
5533.9000,73.9812,-1.0365,15.7252,4.7906,0.7081
5534.0000,73.9709,-1.0377,16.1514,4.7906,0.7082
5534.1000,73.9614,-1.0390,16.2027,4.7906,0.7084
5534.2000,73.9515,-1.0403,16.8451,4.7906,0.7085
5534.3000,73.9454,-1.0415,18.4839,4.7906,0.7087
5534.4000,73.9439,-1.0428,20.3374,4.7906,0.7088
5534.5000,73.9475,-1.0440,22.3516,4.7906,0.7089
5534.6000,73.9563,-1.0453,24.4590,4.7906,0.7090
5534.7000,73.9707,-1.0466,26.0504,4.7906,0.7092
5534.8000,73.9877,-1.0478,26.9992,4.7906,0.7093
5534.9000,74.0068,-1.0490,27.3576,4.7906,0.7094
5535.0000,74.0257,-1.0503,27.0395,4.7906,0.7095
5535.1000,74.0432,-1.0515,26.4569,4.7906,0.7096
5535.2000,74.0591,-1.0528,25.5784,4.7906,0.7098
5535.3000,74.0721,-1.0540,24.5644,4.7906,0.7099
5535.4000,74.0829,-1.0552,23.7572,4.7906,0.7100
5535.5000,74.0918,-1.0564,22.9393,4.7906,0.7101
5535.6000,74.0984,-1.0576,21.9617,4.7906,0.7103
5535.7000,74.1025,-1.0588,20.8772,4.7906,0.7104
5535.8000,74.1036,-1.0600,19.1745,4.7906,0.7105
5535.9000,74.0991,-1.0612,17.5286,4.7906,0.7107
5536.0000,74.0919,-1.0624,16.5073,4.7906,0.7108
5536.1000,74.0823,-1.0636,15.7478,4.7906,0.7110
5536.2000,74.0713,-1.0648,15.2221,4.7906,0.7111
5536.3000,74.0591,-1.0660,15.4731,4.7906,0.7113
5536.4000,74.0496,-1.0671,15.9584,4.7906,0.7114
5536.5000,74.0400,-1.0683,15.9797,4.7906,0.7116
5536.6000,74.0308,-1.0694,16.0809,4.7906,0.7117
5536.7000,74.0218,-1.0706,16.0169,4.7906,0.7119
5536.8000,74.0123,-1.0717,15.7046,4.7906,0.7120
5536.9000,74.0019,-1.0729,15.3020,4.7906,0.7122
5537.0000,73.9904,-1.0740,15.2225,4.7906,0.7123
5537.1000,73.9797,-1.0751,15.3383,4.7906,0.7125
5537.2000,73.9690,-1.0762,15.5876,4.7906,0.7126
5537.3000,73.9596,-1.0773,15.8734,4.7906,0.7128
5537.4000,73.9505,-1.0784,16.3025,4.7906,0.7129
5537.5000,73.9435,-1.0795,16.8300,4.7906,0.7130
5537.6000,73.9371,-1.0805,17.4728,4.7906,0.7132
5537.7000,73.9335,-1.0816,18.2721,4.7906,0.7133
5537.8000,73.9313,-1.0827,19.0493,4.7906,0.7135
5537.9000,73.9317,-1.0837,19.8409,4.7906,0.7136
5538.0000,73.9336,-1.0848,20.4956,4.7906,0.7137
5538.1000,73.9374,-1.0858,20.4197,4.7906,0.7139
5538.2000,73.9390,-1.0868,20.0567,4.7906,0.7140
5538.3000,73.9410,-1.0878,20.0500,4.7906,0.7141
5538.4000,73.9427,-1.0888,20.0427,4.7906,0.7143
5538.5000,73.9447,-1.0898,20.2777,4.7906,0.7144
5538.6000,73.9476,-1.0908,20.9606,4.7906,0.7145
5538.7000,73.9532,-1.0917,21.6697,4.7906,0.7147
5538.8000,73.9597,-1.0927,22.0183,4.7906,0.7148
5538.9000,73.9671,-1.0937,21.8011,4.7906,0.7149
5539.0000,73.9726,-1.0946,21.3290,4.7906,0.7151
5539.1000,73.9776,-1.0955,21.3457,4.7906,0.7152
5539.2000,73.9832,-1.0964,21.6611,4.7906,0.7153
5539.3000,73.9899,-1.0973,22.3756,4.7906,0.7155
5539.4000,73.9991,-1.0982,23.8322,4.7906,0.7156
5539.5000,74.0133,-1.0991,25.5031,4.7906,0.7157
5539.6000,74.0310,-1.1000,26.8442,4.7906,0.7158
5539.7000,74.0520,-1.1008,27.5397,4.7906,0.7160
5539.8000,74.0733,-1.1017,27.6656,4.7906,0.7161
5539.9000,74.0948,-1.1025,27.9904,4.7906,0.7162
5540.0000,74.1177,-1.1033,28.5658,4.7906,0.7163
5540.1000,74.1421,-1.1042,28.9024,4.7906,0.7164
5540.2000,74.1666,-1.1050,29.5053,4.7906,0.7165
5540.3000,74.1941,-1.1057,30.4161,4.7906,0.7166
5540.4000,74.2231,-1.1065,30.5867,4.7906,0.7167
5540.5000,74.2513,-1.1073,30.5388,4.7906,0.7169
5540.6000,74.2801,-1.1080,31.0826,4.7906,0.7170
5540.7000,74.3109,-1.1088,32.0392,4.7906,0.7171
5540.8000,74.3444,-1.1095,33.2368,4.7906,0.7172
5540.9000,74.3813,-1.1102,34.3096,4.7906,0.7173
5541.0000,74.4201,-1.1109,34.4983,4.7906,0.7174
5541.1000,74.4577,-1.1116,33.9884,4.7906,0.7175
5541.2000,74.4937,-1.1122,32.9994,4.7906,0.7176
5541.3000,74.5262,-1.1129,31.2157,4.7906,0.7177
5541.4000,74.5531,-1.1135,29.3256,4.7906,0.7178
5541.5000,74.5758,-1.1142,27.8251,4.7906,0.7179
5541.6000,74.5951,-1.1148,26.7150,4.7906,0.7180
5541.7000,74.6122,-1.1154,26.1544,4.7906,0.7182
5541.8000,74.6285,-1.1159,25.7533,4.7906,0.7183
5541.9000,74.6436,-1.1165,25.6622,4.7906,0.7184
5542.0000,74.6594,-1.1171,25.8885,4.7906,0.7185
5542.1000,74.6756,-1.1176,25.4176,4.7906,0.7186
5542.2000,74.6890,-1.1181,24.4135,4.7906,0.7188
5542.3000,74.7000,-1.1186,23.8222,4.7906,0.7189
5542.4000,74.7104,-1.1191,23.4955,4.7906,0.7190
5542.5000,74.7198,-1.1196,23.7058,4.7906,0.7191
5542.6000,74.7313,-1.1200,24.7207,4.7906,0.7193
5542.7000,74.7458,-1.1205,25.9833,4.7906,0.7194
5542.8000,74.7636,-1.1209,27.0125,4.7906,0.7195
5542.9000,74.7832,-1.1213,27.7271,4.7906,0.7196
5543.0000,74.8045,-1.1217,27.6656,4.7906,0.7197
5543.1000,74.8238,-1.1221,26.9226,4.7906,0.7199
5543.2000,74.8413,-1.1224,26.3160,4.7906,0.7200
5543.3000,74.8574,-1.1228,25.6002,4.7906,0.7201
5543.4000,74.8713,-1.1231,24.4633,4.7906,0.7202
5543.5000,74.8816,-1.1234,23.2587,4.7906,0.7204
5543.6000,74.8894,-1.1237,22.2168,4.7906,0.7205
5543.7000,74.8944,-1.1240,21.6235,4.7906,0.7206
5543.8000,74.8992,-1.1242,22.0073,4.7906,0.7208
5543.9000,74.9062,-1.1245,23.1437,4.7906,0.7209
5544.0000,74.9167,-1.1247,24.8332,4.7906,0.7210
5544.1000,74.9322,-1.1249,26.7271,4.7906,0.7211
5544.2000,74.9521,-1.1251,27.7870,4.7906,0.7212
5544.3000,74.9729,-1.1252,28.0312,4.7906,0.7214
5544.4000,74.9940,-1.1254,27.7335,4.7906,0.7215
5544.5000,75.0131,-1.1255,26.6573,4.7906,0.7216
5544.6000,75.0287,-1.1256,25.7159,4.7906,0.7217
5544.7000,75.0430,-1.1257,25.4906,4.7906,0.7218
5544.8000,75.0575,-1.1258,25.5166,4.7906,0.7220
5544.9000,75.0718,-1.1259,25.6213,4.7906,0.7221
5545.0000,75.0867,-1.1259,25.6007,4.7906,0.7222
5545.1000,75.1009,-1.1259,25.1319,4.7906,0.7223
5545.2000,75.1134,-1.1259,24.3026,4.7906,0.7224
5545.3000,75.1234,-1.1259,23.4400,4.7906,0.7226
5545.4000,75.1314,-1.1259,22.6371,4.7906,0.7227
5545.5000,75.1374,-1.1258,22.0349,4.7906,0.7228
5545.6000,75.1424,-1.1257,21.6198,4.7906,0.7230
5545.7000,75.1462,-1.1256,20.7564,4.7906,0.7231
5545.8000,75.1468,-1.1255,19.4042,4.7906,0.7232
5545.9000,75.1438,-1.1254,18.5908,4.7906,0.7234
5546.0000,75.1404,-1.1252,18.0141,4.7906,0.7235
5546.1000,75.1345,-1.1250,16.9053,4.7906,0.7237
5546.2000,75.1255,-1.1249,15.7383,4.7906,0.7238
5546.3000,75.1138,-1.1246,14.8924,4.7906,0.7240
5546.4000,75.1005,-1.1244,14.2993,4.7906,0.7241
5546.5000,75.0859,-1.1242,14.6030,4.7906,0.7243
5546.6000,75.0742,-1.1239,15.8802,4.7906,0.7244
5546.7000,75.0660,-1.1236,17.3761,4.7906,0.7246
5546.8000,75.0619,-1.1233,18.7751,4.7906,0.7247
5546.9000,75.0607,-1.1229,20.0730,4.7906,0.7248
5547.0000,75.0631,-1.1226,21.0559,4.7906,0.7250
5547.1000,75.0668,-1.1222,21.2620,4.7906,0.7251
5547.2000,75.0702,-1.1218,21.4200,4.7906,0.7252
5547.3000,75.0747,-1.1214,22.0934,4.7906,0.7254
5547.4000,75.0814,-1.1210,22.8292,4.7906,0.7255
5547.5000,75.0895,-1.1205,23.3429,4.7906,0.7256
5547.6000,75.0988,-1.1200,23.9578,4.7906,0.7257
5547.7000,75.1099,-1.1195,24.5605,4.7906,0.7259
5547.8000,75.1221,-1.1190,24.7986,4.7906,0.7260
5547.9000,75.1343,-1.1185,24.5604,4.7906,0.7261
5548.0000,75.1452,-1.1179,23.6207,4.7906,0.7262
5548.1000,75.1527,-1.1174,22.1834,4.7906,0.7264
5548.2000,75.1563,-1.1168,20.7764,4.7906,0.7265
5548.3000,75.1566,-1.1161,19.5925,4.7906,0.7266
5548.4000,75.1542,-1.1155,18.3636,4.7906,0.7268
5548.5000,75.1483,-1.1148,17.1417,4.7906,0.7269
5548.6000,75.1397,-1.1141,16.2045,4.7906,0.7271
5548.7000,75.1291,-1.1134,15.3018,4.7906,0.7272
5548.8000,75.1160,-1.1127,14.1900,4.7906,0.7274
5548.9000,75.0998,-1.1120,13.0936,4.7906,0.7275
5549.0000,75.0812,-1.1112,12.9449,4.7906,0.7277
5549.1000,75.0643,-1.1104,13.6976,4.7906,0.7278
5549.2000,75.0495,-1.1096,14.2525,4.7906,0.7280
5549.3000,75.0353,-1.1088,14.5644,4.7906,0.7281
5549.4000,75.0221,-1.1079,15.2530,4.7906,0.7283
5549.5000,75.0114,-1.1071,15.8536,4.7906,0.7284
5549.6000,75.0012,-1.1062,15.9036,4.7906,0.7286
5549.7000,74.9908,-1.1053,16.2693,4.7906,0.7287
5549.8000,74.9824,-1.1043,16.8598,4.7906,0.7289
5549.9000,74.9749,-1.1034,16.7912,4.7906,0.7290
5550.0000,74.9661,-1.1024,16.4972,4.7906,0.7292
5550.1000,74.9571,-1.1014,16.5487,4.7906,0.7293
5550.2000,74.9486,-1.1004,16.8631,4.7906,0.7295
5550.3000,74.9411,-1.0993,17.1974,4.7906,0.7296
5550.4000,74.9342,-1.0983,17.8796,4.7906,0.7297
5550.5000,74.9301,-1.0972,18.6598,4.7906,0.7299
5550.6000,74.9271,-1.0961,19.1136,4.7906,0.7300
5550.7000,74.9253,-1.0950,19.5978,4.7906,0.7302
5550.8000,74.9246,-1.0938,20.4871,4.7906,0.7303
5550.9000,74.9272,-1.0927,21.3152,4.7906,0.7304
5551.0000,74.9306,-1.0915,21.7557,4.7906,0.7306
5551.1000,74.9353,-1.0903,22.7139,4.7906,0.7307
5551.2000,74.9435,-1.0891,23.8181,4.7906,0.7308
5551.3000,74.9536,-1.0878,24.2159,4.7906,0.7309
5551.4000,74.9637,-1.0865,24.0741,4.7906,0.7311
5551.5000,74.9729,-1.0853,23.7776,4.7906,0.7312
5551.6000,74.9814,-1.0839,22.9641,4.7906,0.7313
5551.7000,74.9864,-1.0826,21.4817,4.7906,0.7314
5551.8000,74.9873,-1.0813,20.3443,4.7906,0.7316
5551.9000,74.9865,-1.0799,19.9857,4.7906,0.7317
5552.0000,74.9854,-1.0785,20.1622,4.7906,0.7319
5552.1000,74.9855,-1.0771,20.7533,4.7906,0.7320
5552.2000,74.9873,-1.0756,21.8907,4.7906,0.7321
5552.3000,74.9929,-1.0742,23.3660,4.7906,0.7323
5552.4000,75.0021,-1.0727,24.8452,4.7906,0.7324
5552.5000,75.0150,-1.0712,26.2465,4.7906,0.7325
5552.6000,75.0310,-1.0697,27.6065,4.7906,0.7326
5552.7000,75.0507,-1.0682,28.6367,4.7906,0.7327
5552.8000,75.0717,-1.0666,28.8474,4.7906,0.7328
5552.9000,75.0921,-1.0650,28.0630,4.7906,0.7330
5553.0000,75.1090,-1.0634,26.5211,4.7906,0.7331
5553.1000,75.1215,-1.0618,24.6204,4.7906,0.7332
5553.2000,75.1286,-1.0602,23.0408,4.7906,0.7333
5553.3000,75.1331,-1.0585,22.3806,4.7906,0.7335
5553.4000,75.1367,-1.0568,22.4870,4.7906,0.7336
5553.5000,75.1416,-1.0551,22.8004,4.7906,0.7337
5553.6000,75.1467,-1.0534,23.2151,4.7906,0.7338
5553.7000,75.1535,-1.0516,23.8734,4.7906,0.7340
5553.8000,75.1617,-1.0499,24.2937,4.7906,0.7341
5553.9000,75.1705,-1.0481,24.4229,4.7906,0.7342
5554.0000,75.1792,-1.0463,24.8601,4.7906,0.7343
5554.1000,75.1900,-1.0445,25.4352,4.7906,0.7345
5554.2000,75.2015,-1.0426,25.8042,4.7906,0.7346
5554.3000,75.2139,-1.0408,26.1095,4.7906,0.7347
5554.4000,75.2267,-1.0389,26.4978,4.7906,0.7348
5554.5000,75.2409,-1.0370,26.9993,4.7906,0.7349
5554.6000,75.2561,-1.0350,27.4774,4.7906,0.7351
5554.7000,75.2725,-1.0331,27.6283,4.7906,0.7352
5554.8000,75.2882,-1.0311,27.7136,4.7906,0.7353
5554.9000,75.3048,-1.0292,27.9346,4.7906,0.7354
5555.0000,75.3213,-1.0272,27.7715,4.7906,0.7355
5555.1000,75.3369,-1.0251,27.4233,4.7906,0.7356
5555.2000,75.3515,-1.0231,27.4581,4.7906,0.7358
5555.3000,75.3671,-1.0210,27.7752,4.7906,0.7359
5555.4000,75.3831,-1.0190,28.0270,4.7906,0.7360
5555.5000,75.3997,-1.0169,28.4115,4.7906,0.7361
5555.6000,75.4173,-1.0147,28.7646,4.7906,0.7362
5555.7000,75.4355,-1.0126,28.1964,4.7906,0.7363
5555.8000,75.4501,-1.0104,26.4354,4.7906,0.7365
5555.9000,75.4592,-1.0083,24.7313,4.7906,0.7366
5556.0000,75.4651,-1.0061,23.8439,4.7906,0.7367
5556.1000,75.4695,-1.0039,23.8649,4.7906,0.7368
5556.2000,75.4754,-1.0016,24.5607,4.7906,0.7370
5556.3000,75.4831,-0.9994,25.7587,4.7906,0.7371
5556.4000,75.4948,-0.9971,26.7316,4.7906,0.7372
5556.5000,75.5072,-0.9948,27.0063,4.7906,0.7373
5556.6000,75.5200,-0.9925,26.5280,4.7906,0.7374
5556.7000,75.5298,-0.9902,25.8108,4.7906,0.7376
5556.8000,75.5388,-0.9879,25.4396,4.7906,0.7377
5556.9000,75.5466,-0.9855,25.3034,4.7906,0.7378
5557.0000,75.5547,-0.9832,24.9256,4.7906,0.7379
5557.1000,75.5603,-0.9808,24.3028,4.7906,0.7381
5557.2000,75.5652,-0.9784,24.2366,4.7906,0.7382
5557.3000,75.5703,-0.9759,24.2841,4.7906,0.7383
5557.4000,75.5752,-0.9735,24.2936,4.7906,0.7384
5557.5000,75.5802,-0.9710,24.4832,4.7906,0.7386
5557.6000,75.5858,-0.9686,24.2012,4.7906,0.7387
5557.7000,75.5892,-0.9661,23.4052,4.7906,0.7388
5557.8000,75.5907,-0.9636,22.9748,4.7906,0.7389
5557.9000,75.5918,-0.9611,22.7396,4.7906,0.7391
5558.0000,75.5919,-0.9585,22.6246,4.7906,0.7392
5558.1000,75.5922,-0.9560,23.1862,4.7906,0.7393
5558.2000,75.5950,-0.9534,24.1732,4.7906,0.7395
5558.3000,75.6001,-0.9508,24.8959,4.7906,0.7396
5558.4000,75.6062,-0.9482,25.2928,4.7906,0.7397
5558.5000,75.6131,-0.9456,25.6377,4.7906,0.7398
5558.6000,75.6207,-0.9430,26.0810,4.7906,0.7399
5558.7000,75.6296,-0.9403,26.1180,4.7906,0.7401
5558.8000,75.6372,-0.9377,25.9545,4.7906,0.7402
5558.9000,75.6450,-0.9350,25.6305,4.7906,0.7403
5559.0000,75.6508,-0.9323,24.6289,4.7906,0.7404
5559.1000,75.6534,-0.9296,23.6567,4.7906,0.7406
5559.2000,75.6542,-0.9269,23.0713,4.7906,0.7407
5559.3000,75.6537,-0.9241,22.2318,4.7906,0.7408
5559.4000,75.6501,-0.9214,21.4387,4.7906,0.7409
5559.5000,75.6454,-0.9186,21.4419,4.7906,0.7411
5559.6000,75.6416,-0.9158,21.6005,4.7906,0.7412
5559.7000,75.6376,-0.9131,21.6137,4.7906,0.7413
5559.8000,75.6337,-0.9103,22.0427,4.7906,0.7415
5559.9000,75.6317,-0.9074,22.9523,4.7906,0.7416
5560.0000,75.6322,-0.9046,23.4967,4.7906,0.7417
5560.1000,75.6327,-0.9018,23.6309,4.7906,0.7419
5560.2000,75.6336,-0.8989,23.7155,4.7906,0.7420
5560.3000,75.6343,-0.8961,23.6139,4.7906,0.7421
5560.4000,75.6346,-0.8932,23.1165,4.7906,0.7422
5560.5000,75.6326,-0.8903,22.3515,4.7906,0.7424
5560.6000,75.6288,-0.8874,21.6502,4.7906,0.7425
5560.7000,75.6232,-0.8845,20.8808,4.7906,0.7426
5560.8000,75.6154,-0.8816,19.9405,4.7906,0.7428
5560.9000,75.6049,-0.8786,18.9283,4.7906,0.7429
5561.0000,75.5919,-0.8757,17.7599,4.7906,0.7431
5561.1000,75.5754,-0.8727,16.0413,4.7906,0.7432
5561.2000,75.5537,-0.8698,14.0943,4.7906,0.7434
5561.3000,75.5274,-0.8668,12.5892,4.7906,0.7435
5561.4000,75.4980,-0.8638,11.2315,4.7906,0.7437
5561.5000,75.4648,-0.8608,9.9471,4.7906,0.7438
5561.6000,75.4290,-0.8578,9.2464,4.7906,0.7440
5561.7000,75.3922,-0.8548,9.1298,4.7906,0.7442
5561.8000,75.3557,-0.8518,8.9763,4.7906,0.7443
5561.9000,75.3181,-0.8487,8.9345,4.7906,0.7445
5562.0000,75.2813,-0.8457,9.6653,4.7906,0.7447
5562.1000,75.2473,-0.8427,10.8615,4.7906,0.7448
5562.2000,75.2165,-0.8396,11.9863,4.7906,0.7450
5562.3000,75.1880,-0.8366,12.9213,4.7906,0.7451
5562.4000,75.1617,-0.8335,14.0147,4.7906,0.7453
5562.5000,75.1387,-0.8304,15.3250,4.7906,0.7454
5562.6000,75.1189,-0.8273,16.5704,4.7906,0.7456
5562.7000,75.1019,-0.8242,17.4708,4.7906,0.7457
5562.8000,75.0865,-0.8212,18.0348,4.7906,0.7459
5562.9000,75.0723,-0.8181,18.2756,4.7906,0.7460
5563.0000,75.0580,-0.8149,17.8618,4.7906,0.7461
5563.1000,75.0415,-0.8118,16.3944,4.7906,0.7463
5563.2000,75.0196,-0.8087,14.9357,4.7906,0.7464
5563.3000,74.9957,-0.8056,13.9647,4.7906,0.7466
5563.4000,74.9688,-0.8024,13.0185,4.7906,0.7467
5563.5000,74.9400,-0.7993,12.3510,4.7906,0.7469
5563.6000,74.9097,-0.7962,12.5374,4.7906,0.7470
5563.7000,74.8817,-0.7930,12.9399,4.7906,0.7472
5563.8000,74.8533,-0.7899,13.1157,4.7906,0.7474
5563.9000,74.8261,-0.7867,13.4844,4.7906,0.7475
5564.0000,74.7994,-0.7836,13.9117,4.7906,0.7477
5564.1000,74.7743,-0.7804,14.0652,4.7906,0.7478
5564.2000,74.7483,-0.7772,13.7228,4.7906,0.7480
5564.3000,74.7213,-0.7740,13.2966,4.7906,0.7481
5564.4000,74.6931,-0.7709,13.4130,4.7906,0.7483
5564.5000,74.6666,-0.7677,14.0819,4.7906,0.7484
5564.6000,74.6416,-0.7645,14.9760,4.7906,0.7486
5564.7000,74.6195,-0.7613,16.0526,4.7906,0.7487
5564.8000,74.5998,-0.7581,17.1983,4.7906,0.7489
5564.9000,74.5834,-0.7549,18.0978,4.7906,0.7490
5565.0000,74.5682,-0.7518,18.7138,4.7906,0.7491
5565.1000,74.5547,-0.7486,19.3006,4.7906,0.7493
5565.2000,74.5423,-0.7454,19.9435,4.7906,0.7494
5565.3000,74.5319,-0.7422,20.5722,4.7906,0.7496
5565.4000,74.5225,-0.7390,21.3111,4.7906,0.7497
5565.5000,74.5157,-0.7358,22.1509,4.7906,0.7498
5565.6000,74.5103,-0.7325,22.8034,4.7906,0.7499
5565.7000,74.5066,-0.7293,23.8223,4.7906,0.7501
5565.8000,74.5063,-0.7261,25.2746,0.0000,0.7500
5565.9000,74.5097,-0.7229,26.5832,0.0000,0.7499
5566.0000,74.5157,-0.7197,27.6853,0.0000,0.7498
5566.1000,74.5245,-0.7165,28.9250,0.0000,0.7497
5566.2000,74.5365,-0.7133,29.7786,0.0000,0.7497
5566.3000,74.5494,-0.7101,30.0723,0.0000,0.7496
5566.4000,74.5626,-0.7068,30.0331,0.0000,0.7495
5566.5000,74.5750,-0.7036,29.6662,0.0000,0.7494
5566.6000,74.5861,-0.7004,28.9536,0.0000,0.7493
5566.7000,74.5945,-0.6972,28.1655,0.0000,0.7492
5566.8000,74.6014,-0.6940,27.4852,0.0000,0.7491
5566.9000,74.6062,-0.6908,26.6050,0.0000,0.7490
5567.0000,74.6083,-0.6875,25.5541,0.0000,0.7490
5567.1000,74.6075,-0.6843,24.5889,0.0000,0.7489
5567.2000,74.6046,-0.6811,23.4943,0.0000,0.7488
5567.3000,74.5981,-0.6779,22.3074,0.0000,0.7487
5567.4000,74.5889,-0.6747,21.4868,0.0000,0.7487
5567.5000,74.5781,-0.6715,21.2792,0.0000,0.7486
5567.6000,74.5677,-0.6683,21.5000,0.0000,0.7485
5567.7000,74.5578,-0.6651,22.0797,0.0000,0.7485
5567.8000,74.5502,-0.6618,23.1557,0.0000,0.7484
5567.9000,74.5456,-0.6586,24.2711,0.0000,0.7483
5568.0000,74.5434,-0.6555,24.9176,0.0000,0.7483
5568.1000,74.5418,-0.6523,25.1009,0.0000,0.7482
5568.2000,74.5404,-0.6491,25.4256,0.0000,0.7481
5568.3000,74.5403,-0.6459,25.8779,0.0000,0.7480
5568.4000,74.5409,-0.6427,26.2953,0.0000,0.7479
5568.5000,74.5427,-0.6395,27.1749,0.0000,0.7479
5568.6000,74.5476,-0.6364,28.5989,0.0000,0.7478
5568.7000,74.5563,-0.6332,29.4420,0.0000,0.7477
5568.8000,74.5652,-0.6300,29.4976,0.0000,0.7476
5568.9000,74.5740,-0.6269,29.3122,0.0000,0.7475
5569.0000,74.5816,-0.6237,28.6606,0.0000,0.7474
5569.1000,74.5869,-0.6205,27.7781,0.0000,0.7473
5569.2000,74.5898,-0.6174,27.9648,0.0000,0.7472
5569.3000,74.5958,-0.6143,29.0266,0.0000,0.7472
5569.4000,74.6039,-0.6111,30.1380,0.0000,0.7471
5569.5000,74.6152,-0.6080,31.1912,0.0000,0.7470
5569.6000,74.6283,-0.6049,31.8577,0.0000,0.7469
5569.7000,74.6427,-0.6018,32.0297,0.0000,0.7468
5569.8000,74.6565,-0.5986,31.9527,0.0000,0.7467
5569.9000,74.6702,-0.5955,32.0850,0.0000,0.7466
5570.0000,74.6843,-0.5924,32.8203,0.0000,0.7465
5570.1000,74.7015,-0.5893,33.8266,0.0000,0.7464
5570.2000,74.7204,-0.5863,34.3186,0.0000,0.7463
5570.3000,74.7398,-0.5832,34.6400,0.0000,0.7462
5570.4000,74.7600,-0.5801,34.5087,0.0000,0.7461
5570.5000,74.7783,-0.5770,33.7950,0.0000,0.7460
5570.6000,74.7947,-0.5740,33.3674,0.0000,0.7459
5570.7000,74.8106,-0.5709,32.9186,0.0000,0.7458
5570.8000,74.8243,-0.5679,32.1173,0.0000,0.7457
5570.9000,74.8359,-0.5649,31.5794,0.0000,0.7456
5571.0000,74.8467,-0.5619,30.8519,0.0000,0.7455
5571.1000,74.8543,-0.5588,29.7745,0.0000,0.7454
5571.2000,74.8595,-0.5558,28.9994,0.0000,0.7453
5571.3000,74.8630,-0.5528,28.6794,0.0000,0.7452
5571.4000,74.8662,-0.5499,28.8812,0.0000,0.7451
5571.5000,74.8705,-0.5469,29.5029,0.0000,0.7450
5571.6000,74.8767,-0.5439,30.0491,0.0000,0.7450
5571.7000,74.8835,-0.5410,30.4370,0.0000,0.7449
5571.8000,74.8914,-0.5380,30.3937,0.0000,0.7448
5571.9000,74.8978,-0.5351,29.8224,0.0000,0.7447
5572.0000,74.9026,-0.5322,29.2254,0.0000,0.7446
5572.1000,74.9057,-0.5293,28.9755,0.0000,0.7445
5572.2000,74.9091,-0.5264,28.9072,0.0000,0.7444
5572.3000,74.9116,-0.5235,28.5317,0.0000,0.7443
5572.4000,74.9129,-0.5206,28.0203,0.0000,0.7442
5572.5000,74.9127,-0.5178,27.2567,0.0000,0.7442
5572.6000,74.9098,-0.5149,25.8703,0.0000,0.7441
5572.7000,74.9025,-0.5121,24.0580,0.0000,0.7440
5572.8000,74.8903,-0.5092,22.0681,0.0000,0.7439
5572.9000,74.8728,-0.5064,19.6817,0.0000,0.7439
5573.0000,74.8485,-0.5036,17.7074,0.0000,0.7438
5573.1000,74.8210,-0.5009,17.0032,0.0000,0.7438
5573.2000,74.7931,-0.4981,16.8365,0.0000,0.7437
5573.3000,74.7646,-0.4954,17.0615,0.0000,0.7437
5573.4000,74.7378,-0.4926,17.9750,0.0000,0.7436
5573.5000,74.7138,-0.4899,18.6272,0.0000,0.7435
5573.6000,74.6902,-0.4872,18.3129,0.0000,0.7435
5573.7000,74.6646,-0.4845,17.9304,0.0000,0.7434
5573.8000,74.6390,-0.4818,17.9298,0.0000,0.7434
5573.9000,74.6132,-0.4792,17.6075,0.0000,0.7433
5574.0000,74.5859,-0.4765,17.0578,0.0000,0.7433
5574.1000,74.5574,-0.4739,17.0544,0.0000,0.7432
5574.2000,74.5300,-0.4713,17.7094,0.0000,0.7431
5574.3000,74.5047,-0.4687,18.4295,0.0000,0.7431
5574.4000,74.4809,-0.4662,19.6666,0.0000,0.7430
5574.5000,74.4618,-0.4636,22.0497,0.0000,0.7430
5574.6000,74.4500,-0.4611,24.4786,0.0000,0.7429
5574.7000,74.4431,-0.4585,26.2651,0.0000,0.7428
5574.8000,74.4402,-0.4560,27.7508,0.0000,0.7427
5574.9000,74.4407,-0.4535,28.6480,0.0000,0.7426
5575.0000,74.4422,-0.4511,28.7257,0.0000,0.7425
5575.1000,74.4429,-0.4486,28.5055,0.0000,0.7425
5575.2000,74.4431,-0.4462,28.5866,0.0000,0.7424
5575.3000,74.4441,-0.4438,29.5035,0.0000,0.7423
5575.4000,74.4487,-0.4414,30.8894,0.0000,0.7422
5575.5000,74.4565,-0.4390,31.9214,0.0000,0.7421
5575.6000,74.4663,-0.4366,32.4947,0.0000,0.7420
5575.7000,74.4767,-0.4343,32.4259,0.0000,0.7419
5575.8000,74.4859,-0.4319,31.5519,0.0000,0.7418
5575.9000,74.4918,-0.4296,30.2227,0.0000,0.7417
5576.0000,74.4940,-0.4273,29.1341,0.0000,0.7416
5576.1000,74.4942,-0.4250,28.1609,0.0000,0.7415
5576.2000,74.4913,-0.4228,26.9784,0.0000,0.7414
5576.3000,74.4853,-0.4206,25.7375,0.0000,0.7414
5576.4000,74.4761,-0.4183,24.6316,0.0000,0.7413
5576.5000,74.4644,-0.4161,22.7206,0.0000,0.7412
5576.6000,74.4453,-0.4140,19.8359,0.0000,0.7412
5576.7000,74.4189,-0.4118,17.1502,0.0000,0.7411
5576.8000,74.3862,-0.4097,14.9102,0.0000,0.7411
5576.9000,74.3485,-0.4076,13.2657,0.0000,0.7410
5577.0000,74.3074,-0.4055,13.0246,0.0000,0.7410
5577.1000,74.2685,-0.4034,14.2810,0.0000,0.7409
5577.2000,74.2338,-0.4014,16.0552,0.0000,0.7409
5577.3000,74.2039,-0.3993,17.6442,0.0000,0.7408
5577.4000,74.1773,-0.3973,18.1955,0.0000,0.7408
5577.5000,74.1501,-0.3953,17.7787,0.0000,0.7407
5577.6000,74.1214,-0.3934,16.9695,0.0000,0.7406
5577.7000,74.0901,-0.3914,15.8794,0.0000,0.7406
5577.8000,74.0558,-0.3895,15.1571,0.0000,0.7405
5577.9000,74.0209,-0.3876,15.0809,0.0000,0.7405
5578.0000,73.9862,-0.3857,14.9190,0.0000,0.7404
5578.1000,73.9505,-0.3839,14.5217,0.0000,0.7404
5578.2000,73.9138,-0.3821,14.1845,0.0000,0.7403
5578.3000,73.8763,-0.3803,13.7256,0.0000,0.7403
5578.4000,73.8373,-0.3785,13.8630,0.0000,0.7402
5578.5000,73.8006,-0.3767,14.7705,0.0000,0.7402
5578.6000,73.7663,-0.3750,15.9880,0.0000,0.7401
5578.7000,73.7358,-0.3733,17.4088,0.0000,0.7401
5578.8000,73.7088,-0.3716,18.4276,0.0000,0.7400
5578.9000,73.6835,-0.3699,18.6216,0.0000,0.7400
5579.0000,73.6575,-0.3683,19.1984,0.0000,0.7399
5579.1000,73.6352,-0.3667,20.6127,0.0000,0.7398
5579.2000,73.6164,-0.3651,21.6595,0.0000,0.7398
5579.3000,73.5994,-0.3635,23.0728,0.0000,0.7397
5579.4000,73.5878,-0.3619,25.3545,0.0000,0.7396
5579.5000,73.5825,-0.3604,27.1260,0.0000,0.7395
5579.6000,73.5800,-0.3589,27.8933,0.0000,0.7395
5579.7000,73.5785,-0.3574,28.6360,0.0000,0.7394
5579.8000,73.5797,-0.3560,29.3694,0.0000,0.7393
5579.9000,73.5819,-0.3546,29.8694,0.0000,0.7392
5580.0000,73.5855,-0.3531,30.4793,0.0000,0.7391
5580.1000,73.5907,-0.3518,31.7812,0.0000,0.7390
5580.2000,73.6009,-0.3504,33.3917,0.0000,0.7389
5580.3000,73.6142,-0.3491,34.7816,0.0000,0.7388
5580.4000,73.6313,-0.3478,35.8351,0.0000,0.7387
5580.5000,73.6499,-0.3465,36.1779,0.0000,0.7386
5580.6000,73.6686,-0.3452,35.6742,0.0000,0.7385
5580.7000,73.6844,-0.3440,34.7208,0.0000,0.7384
5580.8000,73.6980,-0.3428,33.3500,0.0000,0.7383
5580.9000,73.7067,-0.3416,31.5301,0.0000,0.7382
5581.0000,73.7108,-0.3404,30.3388,0.0000,0.7381
5581.1000,73.7133,-0.3393,29.3036,0.0000,0.7380
5581.2000,73.7121,-0.3382,28.5791,0.0000,0.7379
5581.3000,73.7107,-0.3371,28.6717,0.0000,0.7378
5581.4000,73.7099,-0.3360,29.6691,0.0000,0.7377
5581.5000,73.7136,-0.3350,31.4422,0.0000,0.7376
5581.6000,73.7218,-0.3340,33.2923,0.0000,0.7375
5581.7000,73.7348,-0.3330,34.7831,0.0000,0.7374
5581.8000,73.7505,-0.3320,35.9388,0.0000,0.7373
5581.9000,73.7693,-0.3311,36.3779,0.0000,0.7372
5582.0000,73.7871,-0.3302,35.6295,0.0000,0.7371
5582.1000,73.8019,-0.3293,34.8380,0.0000,0.7370
5582.2000,73.8155,-0.3284,34.1567,0.0000,0.7369
5582.3000,73.8267,-0.3276,33.6255,0.0000,0.7368
5582.4000,73.8374,-0.3268,33.7360,0.0000,0.7367
5582.5000,73.8491,-0.3260,34.2383,0.0000,0.7366
5582.6000,73.8623,-0.3253,35.2736,0.0000,0.7365
5582.7000,73.8791,-0.3245,36.7058,0.0000,0.7364
5582.8000,73.8995,-0.3238,37.3916,0.0000,0.7363
5582.9000,73.9197,-0.3232,36.8933,0.0000,0.7362
5583.0000,73.9374,-0.3225,36.0845,0.0000,0.7361
5583.1000,73.9532,-0.3219,35.2490,0.0000,0.7360
5583.2000,73.9665,-0.3213,34.4356,0.0000,0.7359
5583.3000,73.9781,-0.3207,33.8339,0.0000,0.7358
5583.4000,73.9883,-0.3202,33.6713,0.0000,0.7357
5583.5000,73.9990,-0.3197,33.6674,0.0000,0.7356
5583.6000,74.0090,-0.3192,33.1391,0.0000,0.7355
5583.7000,74.0169,-0.3187,32.5301,0.0000,0.7354
5583.8000,74.0237,-0.3183,32.5981,0.0000,0.7353
5583.9000,74.0319,-0.3179,32.8863,0.0000,0.7352
5584.0000,74.0401,-0.3175,33.0634,0.0000,0.7351
5584.1000,74.0492,-0.3172,33.6742,0.0000,0.7350
5584.2000,74.0605,-0.3168,34.3937,0.0000,0.7349
5584.3000,74.0731,-0.3165,34.6678,0.0000,0.7348
5584.4000,74.0857,-0.3163,35.1231,0.0000,0.7347
5584.5000,74.1005,-0.3160,36.4253,0.0000,0.7345
5584.6000,74.1196,-0.3158,37.9723,0.0000,0.7344
5584.7000,74.1422,-0.3156,39.1290,0.0000,0.7343
5584.8000,74.1671,-0.3155,39.9872,0.0000,0.7342
5584.9000,74.1939,-0.3154,40.6574,0.0000,0.7341
5585.0000,74.2221,-0.3153,40.2873,0.0000,0.7340
5585.1000,74.2468,-0.3152,38.8431,0.0000,0.7338
5585.2000,74.2675,-0.3151,37.3625,0.0000,0.7337
5585.3000,74.2846,-0.3151,36.1873,0.0000,0.7336
5585.4000,74.2991,-0.3151,35.5105,0.0000,0.7335
5585.5000,74.3128,-0.3152,35.1316,0.0000,0.7334
5585.6000,74.3253,-0.3152,34.7489,0.0000,0.7333
5585.7000,74.3369,-0.3153,34.3435,0.0000,0.7332
5585.8000,74.3474,-0.3155,33.4513,0.0000,0.7331
5585.9000,74.3544,-0.3156,31.9128,0.0000,0.7330
5586.0000,74.3570,-0.3158,30.6209,0.0000,0.7329
5586.1000,74.3574,-0.3160,30.1909,0.0000,0.7328
5586.2000,74.3579,-0.3162,30.3389,0.0000,0.7327
5586.3000,74.3591,-0.3165,30.8777,0.0000,0.7326
5586.4000,74.3623,-0.3168,31.5154,0.0000,0.7326
5586.5000,74.3667,-0.3171,32.3622,0.0000,0.7325
5586.6000,74.3742,-0.3175,33.0744,0.0000,0.7324
5586.7000,74.3823,-0.3178,33.2740,0.0000,0.7323
5586.8000,74.3908,-0.3183,33.2145,0.0000,0.7322
5586.9000,74.3985,-0.3187,32.8443,0.0000,0.7321
5587.0000,74.4051,-0.3192,32.2626,0.0000,0.7320
5587.1000,74.4099,-0.3196,31.9953,0.0000,0.7319
5587.2000,74.4151,-0.3202,32.4280,0.0000,0.7318
5587.3000,74.4221,-0.3207,33.3463,0.0000,0.7317
5587.4000,74.4320,-0.3213,34.5262,0.0000,0.7316
5587.5000,74.4450,-0.3219,35.3966,0.0000,0.7315
5587.6000,74.4593,-0.3225,35.2158,0.0000,0.7314
5587.7000,74.4713,-0.3232,33.8766,0.0000,0.7313
5587.8000,74.4787,-0.3239,32.2093,0.0000,0.7312
5587.9000,74.4823,-0.3246,30.7480,0.0000,0.7311
5588.0000,74.4824,-0.3253,29.5472,0.0000,0.7310
5588.1000,74.4799,-0.3261,28.5298,0.0000,0.7309
5588.2000,74.4749,-0.3269,27.8106,0.0000,0.7308
5588.3000,74.4689,-0.3277,27.3261,0.0000,0.7307
5588.4000,74.4615,-0.3286,26.4767,0.0000,0.7306
5588.5000,74.4513,-0.3295,24.8607,0.0000,0.7306
5588.6000,74.4358,-0.3304,23.5944,0.0000,0.7305
5588.7000,74.4193,-0.3313,22.9535,0.0000,0.7304
5588.8000,74.4007,-0.3323,21.8760,0.0000,0.7304
5588.9000,74.3789,-0.3333,20.8218,0.0000,0.7303
5589.0000,74.3551,-0.3343,20.4377,0.0000,0.7302
5589.1000,74.3315,-0.3354,19.9198,0.0000,0.7302
5589.2000,74.3053,-0.3365,18.6871,0.0000,0.7301
5589.3000,74.2756,-0.3376,17.3766,0.0000,0.7300
5589.4000,74.2429,-0.3387,16.1259,0.0000,0.7300
5589.5000,74.2070,-0.3398,15.1625,0.0000,0.7299
5589.6000,74.1697,-0.3410,14.6317,0.0000,0.7299
5589.7000,74.1314,-0.3422,14.6722,0.0000,0.7298
5589.8000,74.0945,-0.3435,15.4930,0.0000,0.7298
5589.9000,74.0606,-0.3447,16.6254,0.0000,0.7297
5590.0000,74.0296,-0.3460,17.6318,0.0000,0.7297
5590.1000,74.0011,-0.3474,18.5901,0.0000,0.7296
5590.2000,73.9753,-0.3487,19.7476,0.0000,0.7296
5590.3000,73.9528,-0.3501,21.0725,0.0000,0.7295
5590.4000,73.9340,-0.3515,22.4472,0.0000,0.7294
5590.5000,73.9187,-0.3529,23.4267,0.0000,0.7293
5590.6000,73.9051,-0.3543,23.9616,0.0000,0.7293
5590.7000,73.8927,-0.3558,24.0060,0.0000,0.7292
5590.8000,73.8794,-0.3573,23.4971,0.0000,0.7291
5590.9000,73.8646,-0.3588,22.7466,0.0000,0.7291
5591.0000,73.8477,-0.3604,22.2820,0.0000,0.7290
5591.1000,73.8307,-0.3620,22.3629,0.0000,0.7289
5591.2000,73.8143,-0.3636,23.0081,0.0000,0.7288
5591.3000,73.8008,-0.3652,23.9967,0.0000,0.7288
5591.4000,73.7897,-0.3669,25.2251,0.0000,0.7287
5591.5000,73.7827,-0.3685,27.1406,0.0000,0.7286
5591.6000,73.7815,-0.3702,29.7150,0.0000,0.7285
5591.7000,73.7877,-0.3720,32.3556,0.0000,0.7284
5591.8000,73.8002,-0.3737,34.6601,0.0000,0.7283
5591.9000,73.8183,-0.3755,36.6112,0.0000,0.7282
5592.0000,73.8407,-0.3773,37.5348,0.0000,0.7281
5592.1000,73.8635,-0.3791,37.3702,0.0000,0.7280
5592.2000,73.8851,-0.3810,36.6239,0.0000,0.7279
5592.3000,73.9041,-0.3829,35.9382,0.0000,0.7278
5592.4000,73.9222,-0.3848,35.7625,0.0000,0.7277
5592.5000,73.9403,-0.3867,36.1535,0.0000,0.7276
5592.6000,73.9605,-0.3887,36.6973,0.0000,0.7275
5592.7000,73.9814,-0.3907,36.8974,0.0000,0.7273
5592.8000,74.0026,-0.3927,36.9250,0.0000,0.7272
5592.9000,74.0237,-0.3947,37.1463,0.0000,0.7271
5593.0000,74.0460,-0.3968,37.3695,0.0000,0.7270
5593.1000,74.0683,-0.3989,37.5205,0.0000,0.7269
5593.2000,74.0914,-0.4010,38.0481,0.0000,0.7268
5593.3000,74.1163,-0.4031,38.5763,0.0000,0.7267
5593.4000,74.1421,-0.4053,38.1183,0.0000,0.7266
5593.5000,74.1647,-0.4074,36.9757,0.0000,0.7265
5593.6000,74.1847,-0.4096,35.3071,0.0000,0.7263
5593.7000,74.1989,-0.4119,33.7853,0.0000,0.7262
5593.8000,74.2112,-0.4141,32.9496,0.0000,0.7261
5593.9000,74.2212,-0.4164,32.6200,0.0000,0.7260
5594.0000,74.2320,-0.4187,32.9356,0.0000,0.7259
5594.1000,74.2437,-0.4210,34.1351,0.0000,0.7258
5594.2000,74.2607,-0.4234,35.6061,0.0000,0.7257
5594.3000,74.2799,-0.4257,36.0569,0.0000,0.7256
5594.4000,74.2992,-0.4281,35.5155,0.0000,0.7255
5594.5000,74.3158,-0.4306,34.1324,0.0000,0.7254
5594.6000,74.3281,-0.4330,32.5172,0.0000,0.7253
5594.7000,74.3366,-0.4355,30.7378,0.0000,0.7252
5594.8000,74.3400,-0.4379,29.2562,0.0000,0.7251
5594.9000,74.3411,-0.4404,29.1447,0.0000,0.7251
5595.0000,74.3441,-0.4430,30.0618,0.0000,0.7250
5595.1000,74.3500,-0.4455,30.9308,0.0000,0.7249
5595.2000,74.3576,-0.4481,31.7302,0.0000,0.7248
5595.3000,74.3677,-0.4507,32.1303,0.0000,0.7247
5595.4000,74.3775,-0.4533,31.5970,0.0000,0.7246
5595.5000,74.3850,-0.4559,30.5085,0.0000,0.7245
5595.6000,74.3893,-0.4586,29.4999,0.0000,0.7244
5595.7000,74.3919,-0.4613,28.9215,0.0000,0.7243
5595.8000,74.3935,-0.4640,29.1066,0.0000,0.7242
5595.9000,74.3971,-0.4667,29.8794,0.0000,0.7241
5596.0000,74.4028,-0.4694,30.5782,0.0000,0.7240
5596.1000,74.4102,-0.4722,31.0699,0.0000,0.7240
5596.2000,74.4185,-0.4750,31.4222,0.0000,0.7239
5596.3000,74.4278,-0.4778,31.8988,0.0000,0.7238
5596.4000,74.4387,-0.4806,32.4095,0.0000,0.7237
5596.5000,74.4507,-0.4834,33.3116,0.0000,0.7236
5596.6000,74.4663,-0.4863,34.0469,0.0000,0.7235
5596.7000,74.4821,-0.4892,34.0395,0.0000,0.7234
5596.8000,74.4978,-0.4921,33.9066,0.0000,0.7233
5596.9000,74.5131,-0.4950,33.9986,0.0000,0.7232
5597.0000,74.5294,-0.4979,34.4867,0.0000,0.7231
5597.1000,74.5473,-0.5009,35.7451,0.0000,0.7230
5597.2000,74.5700,-0.5039,37.5772,0.0000,0.7228
5597.3000,74.5972,-0.5069,39.3482,0.0000,0.7227
5597.4000,74.6290,-0.5099,40.7323,0.0000,0.7226
5597.5000,74.6632,-0.5129,41.4626,0.0000,0.7225
5597.6000,74.6987,-0.5160,41.5344,0.0000,0.7224
5597.7000,74.7333,-0.5190,40.8373,0.0000,0.7222
5597.8000,74.7652,-0.5221,39.7848,0.0000,0.7221
5597.9000,74.7946,-0.5252,39.0236,0.0000,0.7220
5598.0000,74.8227,-0.5283,38.7009,0.0000,0.7219
5598.1000,74.8505,-0.5315,38.6663,0.0000,0.7218
5598.2000,74.8785,-0.5347,39.0091,0.0000,0.7217
5598.3000,74.9080,-0.5378,39.3024,0.0000,0.7215
5598.4000,74.9376,-0.5410,38.9301,0.0000,0.7214
5598.5000,74.9653,-0.5442,37.5873,0.0000,0.7213
5598.6000,74.9881,-0.5475,35.5085,0.0000,0.7212
5598.7000,75.0055,-0.5507,33.6613,0.0000,0.7211
5598.8000,75.0191,-0.5540,32.4423,0.0000,0.7210
5598.9000,75.0305,-0.5573,31.5109,0.0000,0.7209
5599.0000,75.0396,-0.5606,30.7667,0.0000,0.7208
5599.1000,75.0474,-0.5639,30.4855,0.0000,0.7207
5599.2000,75.0553,-0.5672,30.0925,0.0000,0.7206
5599.3000,75.0613,-0.5705,29.6094,0.0000,0.7206
5599.4000,75.0670,-0.5739,29.9280,0.0000,0.7205
5599.5000,75.0748,-0.5773,30.9377,0.0000,0.7204
5599.6000,75.0857,-0.5806,32.0457,0.0000,0.7203
5599.7000,75.0993,-0.5840,33.0460,0.0000,0.7202
5599.8000,75.1154,-0.5875,33.6253,0.0000,0.7201
5599.9000,75.1320,-0.5909,33.3982,0.0000,0.7200
5600.0000,75.1471,-0.5943,32.8306,0.0000,0.7199
5600.1000,75.1610,-0.5978,32.2963,0.0000,0.7198
5600.2000,75.1736,-0.6012,31.7400,0.0000,0.7197
5600.3000,75.1849,-0.6047,31.1487,0.0000,0.7196
5600.4000,75.1947,-0.6082,30.5884,0.0000,0.7195
5600.5000,75.2034,-0.6117,30.1216,0.0000,0.7194
5600.6000,75.2111,-0.6152,29.4336,0.0000,0.7193
5600.7000,75.2165,-0.6188,28.8289,0.0000,0.7192
5600.8000,75.2213,-0.6223,28.5565,0.0000,0.7191
5600.9000,75.2256,-0.6259,28.3685,0.0000,0.7191
5601.0000,75.2297,-0.6294,28.4014,0.0000,0.7190
5601.1000,75.2343,-0.6330,28.8984,0.0000,0.7189
5601.2000,75.2411,-0.6366,29.2310,0.0000,0.7188
5601.3000,75.2477,-0.6402,29.4272,0.0000,0.7187
5601.4000,75.2557,-0.6438,29.8678,0.0000,0.7186
5601.5000,75.2646,-0.6474,29.9427,0.0000,0.7185
5601.6000,75.2732,-0.6510,29.8090,0.0000,0.7184
5601.7000,75.2817,-0.6546,29.9361,0.0000,0.7183
5601.8000,75.2911,-0.6583,30.1591,0.0000,0.7183
5601.9000,75.3009,-0.6619,30.2602,0.0000,0.7182
5602.0000,75.3111,-0.6656,30.0935,0.0000,0.7181
5602.1000,75.3202,-0.6693,29.7241,0.0000,0.7180
5602.2000,75.3287,-0.6730,29.7894,0.0000,0.7179
5602.3000,75.3384,-0.6766,29.1702,0.0000,0.7178
5602.4000,75.3440,-0.6803,27.1773,0.0000,0.7177
5602.5000,75.3439,-0.6840,25.0287,0.0000,0.7176
5602.6000,75.3390,-0.6877,22.7627,0.0000,0.7176
5602.7000,75.3278,-0.6915,19.9457,0.0000,0.7175
5602.8000,75.3091,-0.6952,18.0238,0.0000,0.7174
5602.9000,75.2886,-0.6989,17.3720,0.0000,0.7174
5603.0000,75.2669,-0.7027,17.1471,0.0000,0.7173
5603.1000,75.2457,-0.7064,17.6524,0.0000,0.7173
5603.2000,75.2269,-0.7101,18.6958,0.0000,0.7172
5603.3000,75.2112,-0.7139,19.2880,0.0000,0.7172
5603.4000,75.1957,-0.7176,19.8033,0.0000,0.7171
5603.5000,75.1829,-0.7214,20.4142,0.0000,0.7170
5603.6000,75.1708,-0.7252,20.3498,0.0000,0.7170
5603.7000,75.1580,-0.7289,20.1377,0.0000,0.7169
5603.8000,75.1452,-0.7327,20.7929,0.0000,0.7168
5603.9000,75.1360,-0.7365,21.6848,0.0000,0.7168
5604.0000,75.1279,-0.7402,22.0601,0.0000,0.7167
5604.1000,75.1209,-0.7440,22.1514,0.0000,0.7166
5604.2000,75.1136,-0.7478,21.9161,0.0000,0.7166
5604.3000,75.1057,-0.7516,20.9405,0.0000,0.7165
5604.4000,75.0937,-0.7554,19.7841,0.0000,0.7164
5604.5000,75.0803,-0.7592,18.9909,0.0000,0.7164
5604.6000,75.0647,-0.7630,18.2811,0.0000,0.7163
5604.7000,75.0480,-0.7667,17.8763,0.0000,0.7163
5604.8000,75.0307,-0.7705,17.3303,0.0000,0.7162
5604.9000,75.0117,-0.7743,16.5847,0.0000,0.7161
5605.0000,74.9909,-0.7781,15.9305,0.0000,0.7161
5605.1000,74.9689,-0.7819,15.3686,0.0000,0.7160
5605.2000,74.9457,-0.7857,14.6621,0.0000,0.7160
5605.3000,74.9204,-0.7895,14.7208,0.0000,0.7159
5605.4000,74.8979,-0.7933,15.0431,0.0000,0.7159
5605.5000,74.8746,-0.7971,14.7932,0.0000,0.7158
5605.6000,74.8511,-0.8009,14.4397,0.0000,0.7158
5605.7000,74.8265,-0.8047,14.0300,0.0000,0.7158
5605.8000,74.8013,-0.8085,13.3536,0.0000,0.7157
5605.9000,74.7735,-0.8123,12.9750,0.0000,0.7157
5606.0000,74.7468,-0.8160,13.1646,0.0000,0.7156
5606.1000,74.7204,-0.8198,13.5808,0.0000,0.7156
5606.2000,74.6961,-0.8236,13.9254,0.0000,0.7155
5606.3000,74.6718,-0.8274,14.0386,0.0000,0.7155
5606.4000,74.6485,-0.8312,14.3083,0.0000,0.7154
5606.5000,74.6259,-0.8349,15.0764,0.0000,0.7154
5606.6000,74.6067,-0.8387,15.9641,0.0000,0.7153
5606.7000,74.5890,-0.8425,16.8773,0.0000,0.7153
5606.8000,74.5748,-0.8462,18.1283,0.0000,0.7152
5606.9000,74.5637,-0.8500,19.0647,0.0000,0.7152
5607.0000,74.5546,-0.8537,19.5305,0.0000,0.7151
5607.1000,74.5461,-0.8575,19.9925,0.0000,0.7150
5607.2000,74.5396,-0.8612,20.2477,0.0000,0.7150
5607.3000,74.5327,-0.8650,19.7360,0.0000,0.7149
5607.4000,74.5239,-0.8687,18.5732,0.0000,0.7148
5607.5000,74.5114,-0.8724,17.2758,0.0000,0.7148
5607.6000,74.4964,-0.8762,16.2146,0.0000,0.7147
5607.7000,74.4788,-0.8799,15.4546,0.0000,0.7147
5607.8000,74.4602,-0.8836,14.7648,0.0000,0.7146
5607.9000,74.4395,-0.8873,13.8756,0.0000,0.7146
5608.0000,74.4167,-0.8910,13.0970,0.0000,0.7145
5608.1000,74.3924,-0.8947,12.2250,0.0000,0.7145
5608.2000,74.3655,-0.8984,11.5988,0.0000,0.7145
5608.3000,74.3384,-0.9021,11.7165,0.0000,0.7144
5608.4000,74.3125,-0.9057,12.6838,0.0000,0.7144
5608.5000,74.2906,-0.9094,13.9265,0.0000,0.7143
5608.6000,74.2713,-0.9131,15.1663,0.0000,0.7143
5608.7000,74.2561,-0.9167,16.3987,0.0000,0.7142
5608.8000,74.2434,-0.9204,17.4497,0.0000,0.7142
5608.9000,74.2338,-0.9240,18.1870,0.0000,0.7141
5609.0000,74.2252,-0.9276,18.5416,0.0000,0.7141
5609.1000,74.2176,-0.9312,18.8720,0.0000,0.7140
5609.2000,74.2109,-0.9348,19.1898,0.0000,0.7139
5609.3000,74.2053,-0.9384,19.3996,0.0000,0.7139
5609.4000,74.2000,-0.9420,19.4229,0.0000,0.7138
5609.5000,74.1947,-0.9456,19.4862,0.0000,0.7137
5609.6000,74.1900,-0.9492,19.7205,0.0000,0.7137
5609.7000,74.1862,-0.9527,19.5383,0.0000,0.7136
5609.8000,74.1807,-0.9563,19.0309,0.0000,0.7136
5609.9000,74.1746,-0.9598,18.8672,0.0000,0.7135
5610.0000,74.1686,-0.9634,18.7676,0.0000,0.7134
5610.1000,74.1623,-0.9669,18.8360,0.0000,0.7134
5610.2000,74.1569,-0.9704,19.6418,0.0000,0.7133
5610.3000,74.1549,-0.9739,20.7215,0.0000,0.7133
5610.4000,74.1553,-0.9774,21.7456,0.0000,0.7132
5610.5000,74.1588,-0.9809,23.2408,0.0000,0.7131
5610.6000,74.1670,-0.9843,24.5825,0.0000,0.7130
5610.7000,74.1774,-0.9878,25.0311,0.0000,0.7130
5610.8000,74.1881,-0.9913,25.4598,0.0000,0.7129
5610.9000,74.2010,-0.9947,25.8904,0.0000,0.7128
5611.0000,74.2140,-0.9981,25.0333,0.0000,0.7127
5611.1000,74.2227,-1.0015,23.3100,0.0000,0.7127
5611.2000,74.2272,-1.0049,21.4744,0.0000,0.7126
5611.3000,74.2267,-1.0083,19.2083,0.0000,0.7125
5611.4000,74.2199,-1.0117,16.9489,0.0000,0.7125
5611.5000,74.2081,-1.0150,15.5804,0.0000,0.7124
5611.6000,74.1946,-1.0184,14.9885,0.0000,0.7124
5611.7000,74.1802,-1.0217,15.6086,0.0000,0.7123
5611.8000,74.1701,-1.0250,17.4010,0.0000,0.7123
5611.9000,74.1651,-1.0284,19.1875,0.0000,0.7122
5612.0000,74.1643,-1.0316,20.5579,0.0000,0.7121
5612.1000,74.1665,-1.0349,21.4562,0.0000,0.7121
5612.2000,74.1706,-1.0382,21.5531,0.0000,0.7120
5612.3000,74.1734,-1.0414,21.1524,0.0000,0.7119
5612.4000,74.1756,-1.0447,21.3603,0.0000,0.7119
5612.5000,74.1798,-1.0479,22.2851,0.0000,0.7118
5612.6000,74.1869,-1.0511,23.7235,0.0000,0.7117
5612.7000,74.1985,-1.0543,25.1157,0.0000,0.7116
5612.8000,74.2129,-1.0574,26.0341,0.0000,0.7116
5612.9000,74.2294,-1.0606,26.1729,0.0000,0.7115
5613.0000,74.2446,-1.0637,25.6079,0.0000,0.7114
5613.1000,74.2583,-1.0669,24.8485,0.0000,0.7113
5613.2000,74.2698,-1.0700,24.1252,0.0000,0.7113
5613.3000,74.2800,-1.0731,23.2045,0.0000,0.7112
5613.4000,74.2870,-1.0762,22.0750,0.0000,0.7111
5613.5000,74.2916,-1.0792,21.3588,0.0000,0.7110
5613.6000,74.2951,-1.0823,20.8220,0.0000,0.7110
5613.7000,74.2972,-1.0853,19.8345,0.0000,0.7109
5613.8000,74.2960,-1.0883,18.8927,0.0000,0.7109
5613.9000,74.2935,-1.0913,18.6813,0.0000,0.7108
5614.0000,74.2913,-1.0943,18.9516,0.0000,0.7107
5614.1000,74.2904,-1.0972,19.4122,0.0000,0.7107
5614.2000,74.2908,-1.1002,20.3784,0.0000,0.7106
5614.3000,74.2950,-1.1031,22.2526,0.0000,0.7105
5614.4000,74.3051,-1.1060,24.3716,0.0000,0.7105
5614.5000,74.3203,-1.1089,25.6344,0.0000,0.7104
5614.6000,74.3369,-1.1117,26.1444,0.0000,0.7103
5614.7000,74.3547,-1.1146,26.9883,0.0000,0.7102
5614.8000,74.3758,-1.1174,27.7174,0.0000,0.7101
5614.9000,74.3974,-1.1202,27.9410,0.0000,0.7101
5615.0000,74.4197,-1.1230,28.6747,0.0000,0.7100
5615.1000,74.4451,-1.1258,29.5534,0.0000,0.7099
5615.2000,74.4719,-1.1285,29.7142,0.0000,0.7098
5615.3000,74.4982,-1.1313,29.6746,0.0000,0.7097
5615.4000,74.5248,-1.1340,29.4460,0.0000,0.7096
5615.5000,74.5500,-1.1367,28.6871,0.0000,0.7095
5615.6000,74.5728,-1.1394,28.2866,0.0000,0.7094
5615.7000,74.5961,-1.1420,28.4845,0.0000,0.7094
5615.8000,74.6200,-1.1447,28.4677,0.0000,0.7093
5615.9000,74.6432,-1.1473,28.3299,0.0000,0.7092
5616.0000,74.6664,-1.1499,28.4005,0.0000,0.7091
5616.1000,74.6901,-1.1524,28.4481,0.0000,0.7090
5616.2000,74.7136,-1.1550,28.4152,0.0000,0.7089
5616.3000,74.7371,-1.1575,28.4611,0.0000,0.7088
5616.4000,74.7610,-1.1600,28.7501,0.0000,0.7087
5616.5000,74.7860,-1.1625,29.0993,0.0000,0.7087
5616.6000,74.8117,-1.1650,28.7598,0.0000,0.7086
5616.7000,74.8350,-1.1674,27.9046,0.0000,0.7085
5616.8000,74.8564,-1.1699,27.0148,0.0000,0.7084
5616.9000,74.8753,-1.1723,26.0152,0.0000,0.7083
5617.0000,74.8918,-1.1746,24.9257,0.0000,0.7083
5617.1000,74.9053,-1.1770,24.2213,0.0000,0.7082
5617.2000,74.9182,-1.1793,23.7815,0.0000,0.7081
5617.3000,74.9296,-1.1816,22.9268,0.0000,0.7080
5617.4000,74.9384,-1.1839,22.1648,0.0000,0.7080
5617.5000,74.9461,-1.1862,22.4262,0.0000,0.7079
5617.6000,74.9563,-1.1884,23.6356,0.0000,0.7078
5617.7000,74.9701,-1.1906,25.1601,0.0000,0.7077
5617.8000,74.9881,-1.1928,27.2519,0.0000,0.7077
5617.9000,75.0126,-1.1950,29.3984,0.0000,0.7076
5618.0000,75.0414,-1.1972,30.3624,0.0000,0.7075
5618.1000,75.0707,-1.1993,30.7126,0.0000,0.7074
5618.2000,75.1012,-1.2014,30.6187,0.0000,0.7073
5618.3000,75.1301,-1.2035,30.0113,0.0000,0.7072
5618.4000,75.1576,-1.2055,29.1890,0.0000,0.7071
5618.5000,75.1822,-1.2075,28.2191,0.0000,0.7070
5618.6000,75.2049,-1.2095,27.2266,0.0000,0.7069
5618.7000,75.2246,-1.2115,26.6994,0.0000,0.7069
5618.8000,75.2447,-1.2135,26.6261,0.0000,0.7068
5618.9000,75.2641,-1.2154,26.9541,0.0000,0.7067
5619.0000,75.2858,-1.2173,27.6758,0.0000,0.7066
5619.1000,75.3088,-1.2192,27.6865,0.0000,0.7065
5619.2000,75.3306,-1.2210,27.4856,0.0000,0.7064
5619.3000,75.3527,-1.2228,27.8528,0.0000,0.7064
5619.4000,75.3763,-1.2246,27.9810,0.0000,0.7063
5619.5000,75.3990,-1.2264,27.1816,0.0000,0.7062
5619.6000,75.4186,-1.2282,26.5877,0.0000,0.7061
5619.7000,75.4384,-1.2299,25.7864,0.0000,0.7060
5619.8000,75.4541,-1.2316,23.8055,0.0000,0.7060
5619.9000,75.4639,-1.2333,21.8100,0.0000,0.7059
5620.0000,75.4697,-1.2349,20.9336,0.0000,0.7058
5620.1000,75.4752,-1.2365,20.5826,0.0000,0.7058
5620.2000,75.4793,-1.2381,20.2120,0.0000,0.7057
5620.3000,75.4831,-1.2397,19.6903,0.0000,0.7056
5620.4000,75.4847,-1.2412,18.5719,0.0000,0.7056
5620.5000,75.4830,-1.2427,16.6909,0.0000,0.7055
5620.6000,75.4752,-1.2442,14.4397,0.0000,0.7055
5620.7000,75.4624,-1.2456,12.3949,0.0000,0.7054
5620.8000,75.4446,-1.2471,10.6903,0.0000,0.7054
5620.9000,75.4234,-1.2485,9.5280,0.0000,0.7054
5621.0000,75.3999,-1.2498,8.7652,0.0000,0.7053
5621.1000,75.3751,-1.2512,7.9030,0.0000,0.7053
5621.2000,75.3475,-1.2525,7.1708,0.0000,0.7053
5621.3000,75.3192,-1.2538,6.7170,0.0000,0.7052
5621.4000,75.2895,-1.2550,6.2120,0.0000,0.7052
5621.5000,75.2588,-1.2563,5.6592,0.0000,0.7052
5621.6000,75.2266,-1.2575,4.6590,0.0000,0.7052
5621.7000,75.1911,-1.2586,3.1216,0.0000,0.7051
5621.8000,75.1513,-1.2598,1.4362,0.0000,0.7051
5621.9000,75.1075,-1.2609,0.1341,0.0000,0.7051
5622.0000,75.0614,-1.2620,-0.2813,0.0000,0.7051
5622.1000,75.0158,-1.2630,0.5886,0.0000,0.7051
5622.2000,74.9742,-1.2640,1.9931,0.0000,0.7051
5622.3000,74.9359,-1.2650,3.3403,0.0000,0.7051
5622.4000,74.9013,-1.2660,4.4791,0.0000,0.7051
5622.5000,74.8689,-1.2670,5.1820,0.0000,0.7050
5622.6000,74.8380,-1.2679,5.5079,0.0000,0.7050
5622.7000,74.8074,-1.2688,5.5678,0.0000,0.7050
5622.8000,74.7771,-1.2696,5.7988,0.0000,0.7050
5622.9000,74.7478,-1.2704,5.8791,0.0000,0.7049
5623.0000,74.7180,-1.2712,5.7482,0.0000,0.7049
5623.1000,74.6882,-1.2720,5.7707,0.0000,0.7049
5623.2000,74.6586,-1.2728,5.9620,0.0000,0.7049
5623.3000,74.6300,-1.2735,6.3054,0.0000,0.7048
5623.4000,74.6023,-1.2742,6.7320,0.0000,0.7048
5623.5000,74.5759,-1.2748,6.7838,0.0000,0.7048
5623.6000,74.5487,-1.2754,6.5618,0.0000,0.7047
5623.7000,74.5213,-1.2760,6.3805,0.0000,0.7047
5623.8000,74.4933,-1.2766,6.0221,0.0000,0.7047
5623.9000,74.4642,-1.2772,6.1125,0.0000,0.7047
5624.0000,74.4368,-1.2777,6.9483,0.0000,0.7046
5624.1000,74.4121,-1.2782,7.6164,0.0000,0.7046
5624.2000,74.3882,-1.2786,7.9744,0.0000,0.7046
5624.3000,74.3654,-1.2791,8.1625,0.0000,0.7046
5624.4000,74.3426,-1.2795,7.8411,0.0000,0.7045
5624.5000,74.3183,-1.2798,7.4649,0.0000,0.7045
5624.6000,74.2936,-1.2802,7.3600,0.0000,0.7045
5624.7000,74.2690,-1.2805,7.2287,0.0000,0.7044
5624.8000,74.2437,-1.2808,7.1452,0.0000,0.7044
5624.9000,74.2187,-1.2811,7.1634,0.0000,0.7044
5625.0000,74.1937,-1.2813,6.9929,0.0000,0.7043
5625.1000,74.1680,-1.2815,7.0143,0.0000,0.7043
5625.2000,74.1431,-1.2817,7.4105,0.0000,0.7043
5625.3000,74.1195,-1.2818,7.9608,0.0000,0.7043
5625.4000,74.0976,-1.2819,8.7566,0.0000,0.7042
5625.5000,74.0781,-1.2820,9.9692,0.0000,0.7042
5625.6000,74.0624,-1.2821,11.0801,0.0000,0.7042
5625.7000,74.0486,-1.2821,11.8001,0.0000,0.7041
5625.8000,74.0367,-1.2821,12.0962,0.0000,0.7041
5625.9000,74.0245,-1.2821,11.5139,0.0000,0.7040
5626.0000,74.0096,-1.2821,10.5240,0.0000,0.7040
5626.1000,73.9924,-1.2820,9.5451,0.0000,0.7040
5626.2000,73.9726,-1.2819,8.4864,0.0000,0.7039
5626.3000,73.9501,-1.2818,7.7617,0.0000,0.7039
5626.4000,73.9266,-1.2816,7.7255,0.0000,0.7039
5626.5000,73.9040,-1.2814,7.6367,0.0000,0.7038
5626.6000,73.8801,-1.2812,7.5654,0.0000,0.7038
5626.7000,73.8572,-1.2810,8.2553,0.0000,0.7038
5626.8000,73.8370,-1.2807,8.8012,0.0000,0.7037
5626.9000,73.8169,-1.2804,8.6617,0.0000,0.7037
5627.0000,73.7960,-1.2801,8.7676,0.0000,0.7037
5627.1000,73.7765,-1.2798,8.8526,0.0000,0.7036
5627.2000,73.7561,-1.2794,8.5215,0.0000,0.7036
5627.3000,73.7349,-1.2790,8.9392,0.0000,0.7036
5627.4000,73.7167,-1.2786,10.0069,0.0000,0.7035
5627.5000,73.7010,-1.2781,10.7015,0.0000,0.7035
5627.6000,73.6864,-1.2776,11.5708,0.0000,0.7035
5627.7000,73.6752,-1.2771,12.6189,0.0000,0.7034
5627.8000,73.6660,-1.2766,13.2996,0.0000,0.7034
5627.9000,73.6583,-1.2760,14.1929,0.0000,0.7033
5628.0000,73.6536,-1.2754,14.9847,0.0000,0.7033
5628.1000,73.6500,-1.2748,15.2212,0.0000,0.7032
5628.2000,73.6465,-1.2742,15.5427,0.0000,0.7032
5628.3000,73.6445,-1.2735,16.0085,0.0000,0.7031
5628.4000,73.6433,-1.2728,17.0294,0.0000,0.7031
5628.5000,73.6465,-1.2721,18.8724,0.0000,0.7030
5628.6000,73.6547,-1.2713,20.4249,0.0000,0.7029
5628.7000,73.6658,-1.2706,21.6177,0.0000,0.7029
5628.8000,73.6800,-1.2698,22.8482,0.0000,0.7028
5628.9000,73.6972,-1.2689,22.9539,0.0000,0.7027
5629.0000,73.7119,-1.2681,22.1728,0.0000,0.7027
5629.1000,73.7250,-1.2672,22.1611,0.0000,0.7026
5629.2000,73.7395,-1.2663,22.3644,0.0000,0.7025
5629.3000,73.7535,-1.2654,22.2894,0.0000,0.7025
5629.4000,73.7675,-1.2644,22.5939,0.0000,0.7024
5629.5000,73.7829,-1.2634,22.8638,0.0000,0.7023
5629.6000,73.7981,-1.2624,22.8683,0.0000,0.7022
5629.7000,73.8135,-1.2614,22.6032,0.0000,0.7022
5629.8000,73.8272,-1.2603,22.0800,0.0000,0.7021
5629.9000,73.8397,-1.2592,21.6243,0.0000,0.7020
5630.0000,73.8510,-1.2581,21.1878,0.0000,0.7020
5630.1000,73.8611,-1.2570,20.3703,0.0000,0.7019
5630.2000,73.8681,-1.2558,19.3800,0.0000,0.7018
5630.3000,73.8731,-1.2546,18.8315,0.0000,0.7018
5630.4000,73.8771,-1.2534,18.9670,0.0000,0.7017
5630.5000,73.8827,-1.2522,19.6494,0.0000,0.7017
5630.6000,73.8901,-1.2509,20.6653,0.0000,0.7016
5630.7000,73.9008,-1.2496,22.3312,0.0000,0.7015
5630.8000,73.9166,-1.2483,24.1632,0.0000,0.7015
5630.9000,73.9364,-1.2470,25.4218,0.0000,0.7014
5631.0000,73.9585,-1.2456,26.2584,0.0000,0.7013
5631.1000,73.9824,-1.2442,26.7941,0.0000,0.7012
5631.2000,74.0070,-1.2428,26.8340,0.0000,0.7011
5631.3000,74.0309,-1.2414,26.3733,0.0000,0.7010
5631.4000,74.0529,-1.2399,25.9204,0.0000,0.7010
5631.5000,74.0743,-1.2384,25.7091,0.0000,0.7009
5631.6000,74.0951,-1.2369,25.6497,0.0000,0.7008
5631.7000,74.1160,-1.2354,25.2347,0.0000,0.7007
5631.8000,74.1344,-1.2338,24.3199,0.0000,0.7007
5631.9000,74.1504,-1.2322,23.0499,0.0000,0.7006
5632.0000,74.1622,-1.2306,21.8267,0.0000,0.7005
5632.1000,74.1718,-1.2290,20.8584,0.0000,0.7005
5632.2000,74.1785,-1.2274,20.3038,0.0000,0.7004
5632.3000,74.1852,-1.2257,20.5752,0.0000,0.7003
5632.4000,74.1931,-1.2240,20.9688,0.0000,0.7003
5632.5000,74.2016,-1.2222,21.0252,0.0000,0.7002
5632.6000,74.2097,-1.2205,21.0800,0.0000,0.7001
5632.7000,74.2183,-1.2187,21.3328,0.0000,0.7001
5632.8000,74.2275,-1.2169,21.4321,0.0000,0.7000
5632.9000,74.2365,-1.2151,21.9150,0.0000,0.6999
5633.0000,74.2480,-1.2133,22.5200,0.0000,0.6999
5633.1000,74.2599,-1.2114,22.3768,0.0000,0.6998
5633.2000,74.2704,-1.2095,21.7456,0.0000,0.6997
5633.3000,74.2790,-1.2076,21.0248,0.0000,0.6997
5633.4000,74.2857,-1.2057,19.9204,0.0000,0.6996
5633.5000,74.2884,-1.2038,18.5777,0.0000,0.6995
5633.6000,74.2882,-1.2018,17.8953,0.0000,0.6995
5633.7000,74.2873,-1.1998,17.6318,0.0000,0.6994
5633.8000,74.2856,-1.1978,17.0332,0.0000,0.6994
5633.9000,74.2816,-1.1958,15.9159,0.0000,0.6993
5634.0000,74.2741,-1.1937,14.2810,0.0000,0.6993
5634.1000,74.2616,-1.1916,12.4947,0.0000,0.6992
5634.2000,74.2449,-1.1895,11.1575,0.0000,0.6992
5634.3000,74.2256,-1.1874,10.1664,0.0000,0.6991
5634.4000,74.2038,-1.1853,9.6524,0.0000,0.6991
5634.5000,74.1818,-1.1831,10.0084,0.0000,0.6991
5634.6000,74.1617,-1.1810,10.7772,0.0000,0.6990
5634.7000,74.1436,-1.1788,11.4819,0.0000,0.6990
5634.8000,74.1270,-1.1766,12.2796,0.0000,0.6989
5634.9000,74.1128,-1.1743,13.4832,0.0000,0.6989
5635.0000,74.1023,-1.1721,14.8071,0.0000,0.6989
5635.1000,74.0948,-1.1698,15.8754,0.0000,0.6988
5635.2000,74.0896,-1.1675,16.7886,0.0000,0.6987
5635.3000,74.0866,-1.1652,17.5781,0.0000,0.6987
5635.4000,74.0852,-1.1629,18.0450,0.0000,0.6986
5635.5000,74.0844,-1.1606,18.4783,0.0000,0.6986
5635.6000,74.0852,-1.1582,18.7609,0.0000,0.6985
5635.7000,74.0857,-1.1558,18.7589,0.0000,0.6985
5635.8000,74.0862,-1.1534,19.1059,0.0000,0.6984
5635.9000,74.0883,-1.1510,19.5389,0.0000,0.6983
5636.0000,74.0909,-1.1486,19.6476,0.0000,0.6983
5636.1000,74.0933,-1.1461,19.5116,0.0000,0.6982
5636.2000,74.0951,-1.1436,19.2149,0.0000,0.6981
5636.3000,74.0958,-1.1412,18.5493,0.0000,0.6981
5636.4000,74.0940,-1.1387,17.6379,0.0000,0.6980
5636.5000,74.0900,-1.1361,16.7306,0.0000,0.6980
5636.6000,74.0834,-1.1336,16.1693,0.0000,0.6979
5636.7000,74.0763,-1.1310,16.3084,0.0000,0.6979
5636.8000,74.0703,-1.1285,16.7268,0.0000,0.6978
5636.9000,74.0652,-1.1259,16.9818,0.0000,0.6978
5637.0000,74.0603,-1.1233,17.1928,0.0000,0.6977
5637.1000,74.0562,-1.1207,17.4469,0.0000,0.6976
5637.2000,74.0524,-1.1180,17.2789,0.0000,0.6976
5637.3000,74.0472,-1.1154,16.9088,0.0000,0.6975
5637.4000,74.0414,-1.1127,16.7602,0.0000,0.6975
5637.5000,74.0353,-1.1101,17.1582,0.0000,0.6974
5637.6000,74.0314,-1.1074,17.8082,0.0000,0.6974
5637.7000,74.0285,-1.1047,18.0375,0.0000,0.6973
5637.8000,74.0255,-1.1019,17.9067,0.0000,0.6973
5637.9000,74.0218,-1.0992,17.9495,0.0000,0.6972
5638.0000,74.0189,-1.0965,18.1724,0.0000,0.6971
5638.1000,74.0161,-1.0937,18.3567,0.0000,0.6971
5638.2000,74.0139,-1.0909,18.8211,0.0000,0.6970
5638.3000,74.0133,-1.0881,19.5743,0.0000,0.6970
5638.4000,74.0149,-1.0853,20.2324,0.0000,0.6969
5638.5000,74.0174,-1.0825,20.6307,0.0000,0.6968
5638.6000,74.0208,-1.0797,21.1005,0.0000,0.6968
5638.7000,74.0255,-1.0768,22.1019,0.0000,0.6967
5638.8000,74.0338,-1.0740,23.4990,0.0000,0.6966
5638.9000,74.0454,-1.0711,24.4261,0.0000,0.6965
5639.0000,74.0581,-1.0682,24.6860,0.0000,0.6965
5639.1000,74.0708,-1.0653,24.5660,0.0000,0.6964
5639.2000,74.0827,-1.0624,23.8706,0.0000,0.6963
5639.3000,74.0916,-1.0595,22.5645,0.0000,0.6962
5639.4000,74.0965,-1.0565,21.8641,0.0000,0.6962
5639.5000,74.1017,-1.0536,21.8643,0.0000,0.6961
5639.6000,74.1064,-1.0506,22.1541,0.0000,0.6960
5639.7000,74.1128,-1.0477,22.7789,0.0000,0.6960
5639.8000,74.1205,-1.0447,24.0388,0.0000,0.6959
5639.9000,74.1330,-1.0417,25.6393,0.0000,0.6958
5640.0000,74.1486,-1.0387,26.7470,0.0000,0.6957
5640.1000,74.1665,-1.0357,27.5578,0.0000,0.6957
5640.2000,74.1859,-1.0327,28.1075,0.0000,0.6956
5640.3000,74.2063,-1.0296,28.2227,0.0000,0.6955
5640.4000,74.2260,-1.0266,27.7035,0.0000,0.6954
5640.5000,74.2435,-1.0235,26.9980,0.0000,0.6953
5640.6000,74.2593,-1.0205,26.4553,0.0000,0.6952
5640.7000,74.2737,-1.0174,26.2128,0.0000,0.6952
5640.8000,74.2881,-1.0143,26.2823,0.0000,0.6951
5640.9000,74.3025,-1.0112,26.3414,0.0000,0.6950
5641.0000,74.3169,-1.0081,26.4284,0.0000,0.6949
5641.1000,74.3315,-1.0050,26.4839,0.0000,0.6948
5641.2000,74.3459,-1.0019,26.4031,0.0000,0.6948
5641.3000,74.3598,-0.9987,25.9370,0.0000,0.6947
5641.4000,74.3715,-0.9956,25.6198,0.0000,0.6946
5641.5000,74.3836,-0.9925,25.5778,0.0000,0.6945
5641.6000,74.3948,-0.9893,25.0783,0.0000,0.6944
5641.7000,74.4041,-0.9861,24.5465,0.0000,0.6944
5641.8000,74.4123,-0.9830,24.6152,0.0000,0.6943
5641.9000,74.4217,-0.9798,25.4099,0.0000,0.6942
5642.0000,74.4337,-0.9766,26.8051,0.0000,0.6941
5642.1000,74.4499,-0.9734,28.8806,0.0000,0.6940
5642.2000,74.4721,-0.9702,31.3247,0.0000,0.6939
5642.3000,74.5003,-0.9670,33.1455,0.0000,0.6938
5642.4000,74.5315,-0.9638,33.8961,0.0000,0.6937
5642.5000,74.5631,-0.9606,34.0554,0.0000,0.6936
5642.6000,74.5946,-0.9573,33.4734,0.0000,0.6935
5642.7000,74.6230,-0.9541,31.9831,0.0000,0.6934
5642.8000,74.6466,-0.9509,30.7051,0.0000,0.6934
5642.9000,74.6681,-0.9476,30.2224,0.0000,0.6933
5643.0000,74.6889,-0.9444,30.6054,0.0000,0.6932
5643.1000,74.7121,-0.9411,31.7135,0.0000,0.6931
5643.2000,74.7382,-0.9378,33.1662,0.0000,0.6930
5643.3000,74.7683,-0.9346,34.7803,0.0000,0.6929
5643.4000,74.8022,-0.9313,35.8083,0.0000,0.6928
5643.5000,74.8371,-0.9280,35.6928,0.0000,0.6927
5643.6000,74.8699,-0.9247,35.1742,0.0000,0.6926
5643.7000,74.9018,-0.9214,34.7252,0.0000,0.6924
5643.8000,74.9320,-0.9181,33.7124,0.0000,0.6923
5643.9000,74.9584,-0.9148,32.5271,0.0000,0.6922
5644.0000,74.9823,-0.9115,31.9319,0.0000,0.6922
5644.1000,75.0053,-0.9082,31.8826,0.0000,0.6921
5644.2000,75.0286,-0.9049,31.6985,0.0000,0.6920
5644.3000,75.0504,-0.9016,31.5581,0.0000,0.6919
5644.4000,75.0727,-0.8983,31.5824,0.0000,0.6918
5644.5000,75.0942,-0.8950,31.4122,0.0000,0.6917
5644.6000,75.1153,-0.8916,31.1709,0.0000,0.6916
5644.7000,75.1352,-0.8883,31.1310,0.0000,0.6915
5644.8000,75.1558,-0.8850,31.1944,0.0000,0.6914
5644.9000,75.1758,-0.8817,31.1466,0.0000,0.6913
5645.0000,75.1957,-0.8783,31.1242,0.0000,0.6912
5645.1000,75.2153,-0.8750,31.1382,0.0000,0.6911
5645.2000,75.2350,-0.8717,31.2910,0.0000,0.6910
5645.3000,75.2549,-0.8683,31.5032,0.0000,0.6909
5645.4000,75.2754,-0.8650,31.6250,0.0000,0.6908
5645.5000,75.2956,-0.8616,31.4290,0.0000,0.6907
5645.6000,75.3148,-0.8583,30.5507,0.0000,0.6906
5645.7000,75.3303,-0.8550,29.1328,0.0000,0.6906
5645.8000,75.3420,-0.8516,27.6079,0.0000,0.6905
5645.9000,75.3496,-0.8483,26.3741,0.0000,0.6904
5646.0000,75.3549,-0.8449,25.4582,0.0000,0.6903
5646.1000,75.3576,-0.8416,24.6933,0.0000,0.6902
5646.2000,75.3588,-0.8383,24.1639,0.0000,0.6902
5646.3000,75.3587,-0.8349,24.0205,0.0000,0.6901
5646.4000,75.3589,-0.8316,23.9263,0.0000,0.6900
5646.5000,75.3581,-0.8283,23.5657,0.0000,0.6899
5646.6000,75.3563,-0.8250,23.2966,0.0000,0.6899
5646.7000,75.3539,-0.8216,22.8536,0.0000,0.6898
5646.8000,75.3497,-0.8183,22.3135,0.0000,0.6897
5646.9000,75.3444,-0.8150,21.8450,0.0000,0.6897
5647.0000,75.3376,-0.8117,21.1250,0.0000,0.6896
5647.1000,75.3285,-0.8084,20.1110,0.0000,0.6895
5647.2000,75.3165,-0.8050,19.4488,0.0000,0.6895
5647.3000,75.3039,-0.8017,18.7754,0.0000,0.6894
5647.4000,75.2883,-0.7984,18.1234,0.0000,0.6893
5647.5000,75.2723,-0.7951,18.1252,0.0000,0.6893
5647.6000,75.2566,-0.7918,18.1070,0.0000,0.6892
5647.7000,75.2403,-0.7886,17.4975,0.0000,0.6892
5647.8000,75.2213,-0.7853,16.9830,0.0000,0.6891
5647.9000,75.2023,-0.7820,16.7771,0.0000,0.6891
5648.0000,75.1822,-0.7787,16.6985,0.0000,0.6890
5648.1000,75.1627,-0.7755,17.1083,0.0000,0.6890
5648.2000,75.1445,-0.7722,17.7996,0.0000,0.6889
5648.3000,75.1283,-0.7689,18.4156,0.0000,0.6888
5648.4000,75.1130,-0.7657,18.7657,0.0000,0.6888
5648.5000,75.0984,-0.7625,19.1883,0.0000,0.6887
5648.6000,75.0852,-0.7592,19.5970,0.0000,0.6887
5648.7000,75.0724,-0.7560,20.1566,0.0000,0.6886
5648.8000,75.0618,-0.7528,21.2914,0.0000,0.6885
5648.9000,75.0546,-0.7495,22.7338,0.0000,0.6885
5649.0000,75.0511,-0.7463,24.0011,0.0000,0.6884
5649.1000,75.0501,-0.7431,25.5852,0.0000,0.6883
5649.2000,75.0543,-0.7399,27.2089,0.0000,0.6882
5649.3000,75.0612,-0.7367,28.2404,0.0000,0.6881
5649.4000,75.0703,-0.7336,29.2734,0.0000,0.6880
5649.5000,75.0822,-0.7304,30.2107,0.0000,0.6880
5649.6000,75.0958,-0.7272,30.9470,0.0000,0.6879
5649.7000,75.1111,-0.7241,32.3381,0.0000,0.6878
5649.8000,75.1314,-0.7209,34.3489,0.0000,0.6877
5649.9000,75.1564,-0.7178,35.9488,0.0000,0.6876
5650.0000,75.1844,-0.7146,37.0770,0.0000,0.6874
5650.1000,75.2148,-0.7115,37.5375,0.0000,0.6873
5650.2000,75.2447,-0.7083,36.9714,0.0000,0.6872
5650.3000,75.2718,-0.7052,35.5431,0.0000,0.6871
5650.4000,75.2942,-0.7021,33.7789,0.0000,0.6870
5650.5000,75.3122,-0.6990,32.0896,0.0000,0.6869
5650.6000,75.3257,-0.6959,30.8753,0.0000,0.6868
5650.7000,75.3374,-0.6928,30.4551,0.0000,0.6867
5650.8000,75.3486,-0.6897,30.2729,0.0000,0.6866
5650.9000,75.3590,-0.6867,29.9297,0.0000,0.6866
5651.0000,75.3682,-0.6836,29.3986,0.0000,0.6865
5651.1000,75.3757,-0.6806,28.6374,0.0000,0.6864
5651.2000,75.3809,-0.6775,27.0650,0.0000,0.6863
5651.3000,75.3803,-0.6745,25.1567,0.0000,0.6862
5651.4000,75.3757,-0.6715,24.1348,0.0000,0.6861
5651.5000,75.3698,-0.6684,23.6635,0.0000,0.6861
5651.6000,75.3627,-0.6654,23.2533,0.0000,0.6860
5651.7000,75.3546,-0.6625,23.6294,0.0000,0.6859
5651.8000,75.3492,-0.6595,24.4886,0.0000,0.6858
5651.9000,75.3452,-0.6565,24.6622,0.0000,0.6858
5652.0000,75.3404,-0.6535,24.5711,0.0000,0.6857
5652.1000,75.3358,-0.6506,24.5368,0.0000,0.6856
5652.2000,75.3307,-0.6477,23.6253,0.0000,0.6855
5652.3000,75.3214,-0.6447,22.4401,0.0000,0.6855
5652.4000,75.3102,-0.6418,21.7505,0.0000,0.6854
5652.5000,75.2972,-0.6389,21.2498,0.0000,0.6853
5652.6000,75.2834,-0.6360,21.0856,0.0000,0.6853
5652.7000,75.2694,-0.6332,21.5630,0.0000,0.6852
5652.8000,75.2579,-0.6303,22.1021,0.0000,0.6851
5652.9000,75.2465,-0.6275,21.9128,0.0000,0.6851
5653.0000,75.2339,-0.6246,21.3092,0.0000,0.6850
5653.1000,75.2193,-0.6218,20.6103,0.0000,0.6849
5653.2000,75.2030,-0.6190,19.9123,0.0000,0.6849
5653.3000,75.1849,-0.6162,19.1700,0.0000,0.6848
5653.4000,75.1648,-0.6134,18.9418,0.0000,0.6848
5653.5000,75.1453,-0.6106,19.4312,0.0000,0.6847
5653.6000,75.1276,-0.6079,20.0506,0.0000,0.6846
5653.7000,75.1112,-0.6051,21.0039,0.0000,0.6846
5653.8000,75.0981,-0.6024,22.3462,0.0000,0.6845
5653.9000,75.0883,-0.5997,23.2488,0.0000,0.6844
5654.0000,75.0796,-0.5970,23.7003,0.0000,0.6843
5654.1000,75.0719,-0.5943,24.1195,0.0000,0.6843
5654.2000,75.0652,-0.5916,24.1440,0.0000,0.6842
5654.3000,75.0575,-0.5889,23.6342,0.0000,0.6841
5654.4000,75.0481,-0.5863,23.3939,0.0000,0.6841
5654.5000,75.0390,-0.5836,23.6057,0.0000,0.6840
5654.6000,75.0305,-0.5810,23.8808,0.0000,0.6839
5654.7000,75.0228,-0.5784,23.4419,0.0000,0.6838
5654.8000,75.0119,-0.5758,22.5191,0.0000,0.6838
5654.9000,74.9993,-0.5732,21.7626,0.0000,0.6837
5655.0000,74.9845,-0.5707,20.8738,0.0000,0.6836
5655.1000,74.9674,-0.5681,19.8417,0.0000,0.6836
5655.2000,74.9473,-0.5656,19.4594,0.0000,0.6835
5655.3000,74.9282,-0.5631,19.7557,0.0000,0.6834
5655.4000,74.9095,-0.5606,19.7277,0.0000,0.6834
5655.5000,74.8901,-0.5581,19.4819,0.0000,0.6833
5655.6000,74.8701,-0.5556,19.3133,0.0000,0.6833
5655.7000,74.8498,-0.5531,19.0461,0.0000,0.6832
5655.8000,74.8284,-0.5507,18.7945,0.0000,0.6831
5655.9000,74.8067,-0.5482,19.1281,0.0000,0.6831
5656.0000,74.7869,-0.5458,19.5909,0.0000,0.6830
5656.1000,74.7675,-0.5434,19.5634,0.0000,0.6829
5656.2000,74.7475,-0.5410,19.6277,0.0000,0.6829
5656.3000,74.7283,-0.5387,20.3109,0.0000,0.6828
5656.4000,74.7117,-0.5363,20.9009,0.0000,0.6828
5656.5000,74.6954,-0.5340,20.7879,0.0000,0.6827
5656.6000,74.6781,-0.5317,20.5531,0.0000,0.6826
5656.7000,74.6606,-0.5294,20.4638,0.0000,0.6826
5656.8000,74.6428,-0.5271,20.4608,0.0000,0.6825
5656.9000,74.6251,-0.5248,20.6267,0.0000,0.6824
5657.0000,74.6081,-0.5225,21.0802,0.0000,0.6824
5657.1000,74.5927,-0.5203,21.7169,0.0000,0.6823
5657.2000,74.5787,-0.5181,22.4011,0.0000,0.6822
5657.3000,74.5667,-0.5159,22.4334,0.0000,0.6822
5657.4000,74.5528,-0.5137,21.8188,0.0000,0.6821
5657.5000,74.5376,-0.5115,21.4331,0.0000,0.6820
5657.6000,74.5217,-0.5093,21.3092,0.0000,0.6820
5657.7000,74.5058,-0.5072,20.6914,0.0000,0.6819
5657.8000,74.4867,-0.5050,19.4501,0.0000,0.6818
5657.9000,74.4644,-0.5029,18.6230,0.0000,0.6818
5658.0000,74.4411,-0.5008,18.3976,0.0000,0.6817
5658.1000,74.4176,-0.4987,18.4218,0.0000,0.6816
5658.2000,74.3943,-0.4967,19.0046,0.0000,0.6816
5658.3000,74.3738,-0.4946,20.2433,0.0000,0.6815
5658.4000,74.3568,-0.4926,21.1671,0.0000,0.6815
5658.5000,74.3409,-0.4906,21.5334,0.0000,0.6814
5658.6000,74.3256,-0.4886,21.7442,0.0000,0.6813
5658.7000,74.3107,-0.4866,21.7448,0.0000,0.6813
5658.8000,74.2954,-0.4846,22.0241,0.0000,0.6812
5658.9000,74.2819,-0.4826,22.9933,0.0000,0.6811
5659.0000,74.2714,-0.4807,23.9879,0.0000,0.6810
5659.1000,74.2628,-0.4788,24.8817,0.0000,0.6810
5659.2000,74.2568,-0.4769,25.9748,0.0000,0.6809
5659.3000,74.2537,-0.4750,26.7752,0.0000,0.6808
5659.4000,74.2517,-0.4731,27.0184,0.0000,0.6807
5659.5000,74.2497,-0.4712,27.0429,0.0000,0.6806
5659.6000,74.2477,-0.4694,27.0302,0.0000,0.6806
5659.7000,74.2455,-0.4676,26.7589,0.0000,0.6805
5659.8000,74.2420,-0.4658,26.3180,0.0000,0.6804
5659.9000,74.2374,-0.4640,26.0590,0.0000,0.6803
5660.0000,74.2325,-0.4622,26.2811,0.0000,0.6802
5660.1000,74.2290,-0.4604,26.6615,0.0000,0.6802
5660.2000,74.2259,-0.4587,26.6462,0.0000,0.6801
5660.3000,74.2222,-0.4569,26.3968,0.0000,0.6800
5660.4000,74.2177,-0.4552,26.2653,0.0000,0.6799
5660.5000,74.2133,-0.4535,26.2971,0.0000,0.6798
5660.6000,74.2089,-0.4518,26.3880,0.0000,0.6797
5660.7000,74.2048,-0.4502,26.7877,0.0000,0.6797
5660.8000,74.2024,-0.4485,27.2532,0.0000,0.6796
5660.9000,74.2006,-0.4469,27.0669,0.0000,0.6795
5661.0000,74.1970,-0.4453,26.1863,0.0000,0.6794
5661.1000,74.1907,-0.4437,25.1054,0.0000,0.6793
5661.2000,74.1816,-0.4421,24.5495,0.0000,0.6793
5661.3000,74.1723,-0.4405,24.7737,0.0000,0.6792
5661.4000,74.1643,-0.4389,25.2918,0.0000,0.6791
5661.5000,74.1576,-0.4374,26.2408,0.0000,0.6790
5661.6000,74.1543,-0.4359,28.0284,0.0000,0.6789
5661.7000,74.1566,-0.4344,30.1340,0.0000,0.6789
5661.8000,74.1640,-0.4329,32.1271,0.0000,0.6788
5661.9000,74.1763,-0.4314,34.0327,0.0000,0.6787
5662.0000,74.1932,-0.4299,35.7466,0.0000,0.6786
5662.1000,74.2140,-0.4285,37.0078,0.0000,0.6784
5662.2000,74.2371,-0.4270,37.6040,0.0000,0.6783
5662.3000,74.2608,-0.4256,37.4880,0.0000,0.6782
5662.4000,74.2831,-0.4242,37.0898,0.0000,0.6781
5662.5000,74.3045,-0.4228,36.6581,0.0000,0.6780
5662.6000,74.3243,-0.4214,36.0556,0.0000,0.6779
5662.7000,74.3425,-0.4201,35.3286,0.0000,0.6778
5662.8000,74.3585,-0.4187,35.0990,0.0000,0.6777
5662.9000,74.3753,-0.4174,35.7235,0.0000,0.6776
5663.0000,74.3942,-0.4161,36.7647,0.0000,0.6775
5663.1000,74.4161,-0.4148,37.6074,0.0000,0.6774
5663.2000,74.4392,-0.4135,38.5146,0.0000,0.6772
5663.3000,74.4655,-0.4122,39.6289,0.0000,0.6771
5663.4000,74.4939,-0.4110,40.6295,0.0000,0.6770
5663.5000,74.5250,-0.4097,41.3171,0.0000,0.6769
5663.6000,74.5567,-0.4085,41.3186,0.0000,0.6768
5663.7000,74.5875,-0.4073,40.4608,0.0000,0.6766
5663.8000,74.6146,-0.4061,38.5619,0.0000,0.6765
5663.9000,74.6356,-0.4049,36.7405,0.0000,0.6764
5664.0000,74.6532,-0.4037,35.6717,0.0000,0.6763
5664.1000,74.6687,-0.4025,34.8807,0.0000,0.6762
5664.2000,74.6821,-0.4014,34.4608,0.0000,0.6761
5664.3000,74.6953,-0.4003,34.8738,0.0000,0.6760
5664.4000,74.7107,-0.3991,34.6768,0.0000,0.6759
5664.5000,74.7227,-0.3980,33.0179,0.0000,0.6758
5664.6000,74.7296,-0.3970,31.2790,0.0000,0.6757
5664.7000,74.7327,-0.3959,29.7551,0.0000,0.6756
5664.8000,74.7318,-0.3948,27.8319,0.0000,0.6755
5664.9000,74.7251,-0.3938,25.5737,0.0000,0.6755
5665.0000,74.7128,-0.3927,24.0063,0.0000,0.6754
5665.1000,74.6981,-0.3917,23.0720,0.0000,0.6753
5665.2000,74.6811,-0.3907,22.3189,0.0000,0.6752
5665.3000,74.6626,-0.3897,22.0730,0.0000,0.6752
5665.4000,74.6444,-0.3887,22.1603,0.0000,0.6751
5665.5000,74.6264,-0.3878,22.2828,0.0000,0.6750
5665.6000,74.6087,-0.3868,21.9966,0.0000,0.6750
5665.7000,74.5893,-0.3859,21.0646,0.0000,0.6749
5665.8000,74.5670,-0.3850,19.8209,0.0000,0.6748
5665.9000,74.5413,-0.3841,19.0397,0.0000,0.6748
5666.0000,74.5151,-0.3832,18.4065,0.0000,0.6747
5666.1000,74.4863,-0.3823,17.8143,0.0000,0.6747
5666.2000,74.4571,-0.3814,17.7192,0.0000,0.6746
5666.3000,74.4278,-0.3805,17.6978,0.0000,0.6745
5666.4000,74.3986,-0.3797,17.4289,0.0000,0.6745
5666.5000,74.3681,-0.3789,17.0330,0.0000,0.6744
5666.6000,74.3369,-0.3780,16.8996,0.0000,0.6744
5666.7000,74.3058,-0.3772,16.4730,0.0000,0.6743
5666.8000,74.2725,-0.3764,15.8659,0.0000,0.6743
5666.9000,74.2383,-0.3757,15.4237,0.0000,0.6742
5667.0000,74.2029,-0.3749,15.0320,0.0000,0.6742
5667.1000,74.1669,-0.3741,14.7557,0.0000,0.6741
5667.2000,74.1301,-0.3734,14.9689,0.0000,0.6741
5667.3000,74.0953,-0.3726,15.1710,0.0000,0.6740
5667.4000,74.0597,-0.3719,14.8938,0.0000,0.6740
5667.5000,74.0235,-0.3712,14.5894,0.0000,0.6739
5667.6000,73.9864,-0.3705,14.1705,0.0000,0.6739
5667.7000,73.9482,-0.3698,13.6868,0.0000,0.6738
5667.8000,73.9088,-0.3691,13.5343,0.0000,0.6738
5667.9000,73.8699,-0.3685,13.8729,0.0000,0.6737
5668.0000,73.8323,-0.3678,14.5764,0.0000,0.6737
5668.1000,73.7971,-0.3672,15.4494,0.0000,0.6736
5668.2000,73.7641,-0.3665,16.0058,0.0000,0.6736
5668.3000,73.7318,-0.3659,15.9908,0.0000,0.6735
5668.4000,73.6988,-0.3653,15.5756,0.0000,0.6735
5668.5000,73.6645,-0.3647,14.6119,0.0000,0.6734
5668.6000,73.6267,-0.3641,13.7520,0.0000,0.6734
5668.7000,73.5881,-0.3635,13.2986,0.0000,0.6733
5668.8000,73.5480,-0.3629,13.1289,0.0000,0.6733
5668.9000,73.5087,-0.3623,13.7053,0.0000,0.6732
5669.0000,73.4717,-0.3618,14.2323,0.0000,0.6732
5669.1000,73.4352,-0.3612,13.9237,0.0000,0.6732
5669.2000,73.3967,-0.3607,13.5734,0.0000,0.6731
5669.3000,73.3585,-0.3602,13.5300,0.0000,0.6731
5669.4000,73.3200,-0.3596,13.1505,0.0000,0.6730
5669.5000,73.2799,-0.3591,13.3536,0.0000,0.6730
5669.6000,73.2425,-0.3586,14.6769,0.0000,0.6729
5669.7000,73.2094,-0.3581,16.0747,0.0000,0.6729
5669.8000,73.1793,-0.3576,17.1004,0.0000,0.6728
5669.9000,73.1516,-0.3572,18.0383,0.0000,0.6728
5670.0000,73.1264,-0.3567,18.8985,0.0000,0.6727
5670.1000,73.1032,-0.3562,19.3517,0.0000,0.6726
5670.2000,73.0805,-0.3558,19.7905,0.0000,0.6726
5670.3000,73.0596,-0.3553,20.6551,0.0000,0.6725
5670.4000,73.0414,-0.3549,21.3756,0.0000,0.6724
5670.5000,73.0243,-0.3544,21.5998,0.0000,0.6724
5670.6000,73.0072,-0.3540,21.1561,0.0000,0.6723
5670.7000,72.9879,-0.3536,19.9574,0.0000,0.6722
5670.8000,72.9647,-0.3532,18.3883,0.0000,0.6722
5670.9000,72.9373,-0.3527,16.9812,0.0000,0.6721
5671.0000,72.9070,-0.3523,15.9197,0.0000,0.6721
5671.1000,72.8742,-0.3519,15.4519,0.0000,0.6720
5671.2000,72.8415,-0.3515,15.8301,0.0000,0.6720
5671.3000,72.8108,-0.3512,16.6295,0.0000,0.6719
5671.4000,72.7823,-0.3508,17.7169,0.0000,0.6719
5671.5000,72.7574,-0.3504,19.2697,0.0000,0.6718
5671.6000,72.7371,-0.3500,21.2909,0.0000,0.6717
5671.7000,72.7226,-0.3497,23.3770,0.0000,0.6717
5671.8000,72.7132,-0.3493,25.4847,0.0000,0.6716
5671.9000,72.7097,-0.3489,27.6170,0.0000,0.6715
5672.0000,72.7114,-0.3486,29.0565,0.0000,0.6714
5672.1000,72.7154,-0.3483,29.9648,0.0000,0.6713
5672.2000,72.7217,-0.3479,30.6617,0.0000,0.6712
5672.3000,72.7292,-0.3476,30.7609,0.0000,0.6711
5672.4000,72.7360,-0.3472,30.2042,0.0000,0.6710
5672.5000,72.7406,-0.3469,29.8263,0.0000,0.6710
5672.6000,72.7453,-0.3466,29.7868,0.0000,0.6709
5672.7000,72.7497,-0.3463,29.6082,0.0000,0.6708
5672.8000,72.7535,-0.3459,29.5806,0.0000,0.6707
5672.9000,72.7576,-0.3456,29.7581,0.0000,0.6706
5673.0000,72.7623,-0.3453,29.3125,0.0000,0.6705
5673.1000,72.7641,-0.3450,28.5892,0.0000,0.6704
5673.2000,72.7650,-0.3447,28.3593,0.0000,0.6703
5673.3000,72.7656,-0.3444,28.1841,0.0000,0.6703
5673.4000,72.7655,-0.3441,28.3186,0.0000,0.6702
5673.5000,72.7668,-0.3438,28.8050,0.0000,0.6701
5673.6000,72.7692,-0.3435,29.0467,0.0000,0.6700
5673.7000,72.7717,-0.3432,29.2375,0.0000,0.6699
5673.8000,72.7751,-0.3429,29.5941,0.0000,0.6698
5673.9000,72.7794,-0.3426,29.7154,0.0000,0.6697
5674.0000,72.7834,-0.3423,29.6270,0.0000,0.6696
5674.1000,72.7872,-0.3420,29.3050,0.0000,0.6695
5674.2000,72.7895,-0.3417,28.6786,0.0000,0.6695
5674.3000,72.7900,-0.3414,28.2543,0.0000,0.6694
5674.4000,72.7900,-0.3411,27.9767,0.0000,0.6693
5674.5000,72.7891,-0.3408,27.9619,0.0000,0.6692
5674.6000,72.7891,-0.3405,28.1112,0.0000,0.6691
5674.7000,72.7889,-0.3402,27.8996,0.0000,0.6690
5674.8000,72.7877,-0.3400,27.1965,0.0000,0.6689
5674.9000,72.7839,-0.3397,26.7478,0.0000,0.6689
5675.0000,72.7804,-0.3394,27.0322,0.0000,0.6688
5675.1000,72.7780,-0.3391,27.9824,0.0000,0.6687
5675.2000,72.7795,-0.3388,29.6070,0.0000,0.6686
5675.3000,72.7855,-0.3385,31.4051,0.0000,0.6685
5675.4000,72.7962,-0.3382,33.3009,0.0000,0.6684
5675.5000,72.8120,-0.3379,35.3742,0.0000,0.6683
5675.6000,72.8334,-0.3376,37.0615,0.0000,0.6682
5675.7000,72.8578,-0.3373,38.2209,0.0000,0.6681
5675.8000,72.8850,-0.3370,39.3014,0.0000,0.6680
5675.9000,72.9148,-0.3367,39.7266,0.0000,0.6679
5676.0000,72.9440,-0.3364,39.5207,0.0000,0.6677
5676.1000,72.9726,-0.3361,39.2154,0.0000,0.6676
5676.2000,73.0001,-0.3358,38.9471,0.0000,0.6675
5676.3000,73.0271,-0.3355,38.4651,0.0000,0.6674
5676.4000,73.0519,-0.3352,37.9542,0.0000,0.6673
5676.5000,73.0761,-0.3349,36.9427,0.0000,0.6672
5676.6000,73.0955,-0.3345,35.1993,0.0000,0.6671
5676.7000,73.1105,-0.3342,33.8547,0.0000,0.6670
5676.8000,73.1229,-0.3339,33.3263,0.0000,0.6669
5676.9000,73.1351,-0.3335,32.8990,0.0000,0.6668
5677.0000,73.1452,-0.3332,32.8906,0.0000,0.6667
5677.1000,73.1573,-0.3329,34.0712,0.0000,0.6666
5677.2000,73.1734,-0.3325,35.4523,0.0000,0.6665
5677.3000,73.1925,-0.3322,36.2864,0.0000,0.6664
5677.4000,73.2127,-0.3318,36.7981,0.0000,0.6662
5677.5000,73.2344,-0.3315,36.9591,0.0000,0.6661
5677.6000,73.2553,-0.3311,36.4354,0.0000,0.6660
5677.7000,73.2741,-0.3307,35.2010,0.0000,0.6659
5677.8000,73.2886,-0.3303,33.8872,0.0000,0.6658
5677.9000,73.3005,-0.3300,32.7509,0.0000,0.6657
5678.0000,73.3090,-0.3296,31.2804,0.0000,0.6656
5678.1000,73.3133,-0.3292,30.0295,0.0000,0.6655
5678.2000,73.3153,-0.3288,29.3758,0.0000,0.6654
5678.3000,73.3161,-0.3284,28.7887,0.0000,0.6654
5678.4000,73.3151,-0.3280,28.5492,0.0000,0.6653
5678.5000,73.3147,-0.3276,28.9784,0.0000,0.6652
5678.6000,73.3158,-0.3271,29.4766,0.0000,0.6651
5678.7000,73.3180,-0.3267,29.5331,0.0000,0.6650
5678.8000,73.3194,-0.3263,29.4702,0.0000,0.6649
5678.9000,73.3212,-0.3258,29.7167,0.0000,0.6648
5679.0000,73.3238,-0.3254,30.2811,0.0000,0.6647
5679.1000,73.3284,-0.3249,31.0376,0.0000,0.6646
5679.2000,73.3349,-0.3244,32.1719,0.0000,0.6645
5679.3000,73.3453,-0.3239,33.2426,0.0000,0.6644
5679.4000,73.3572,-0.3235,33.8542,0.0000,0.6643
5679.5000,73.3707,-0.3230,34.2179,0.0000,0.6642
5679.6000,73.3843,-0.3225,33.8833,0.0000,0.6641
5679.7000,73.3960,-0.3219,33.1810,0.0000,0.6640
5679.8000,73.4059,-0.3214,33.2721,0.0000,0.6639
5679.9000,73.4179,-0.3209,33.7702,0.0000,0.6638
5680.0000,73.4303,-0.3204,34.3643,0.0000,0.6637
5680.1000,73.4453,-0.3198,35.8640,0.0000,0.6636
5680.2000,73.4653,-0.3192,37.4410,0.0000,0.6635
5680.3000,73.4882,-0.3187,37.8244,0.0000,0.6634
5680.4000,73.5100,-0.3181,21.4268,0.0000,0.6633
5680.5000,73.4486,-0.3175,-11.2784,0.0000,0.6634
5680.6000,73.3024,-0.3169,-44.3827,0.0000,0.6635
5680.7000,73.0707,-0.3163,-77.2507,0.0000,0.6636
5680.8000,72.7547,-0.3157,-109.1852,0.0000,0.6638
5680.9000,72.3564,-0.3151,-124.5630,0.0000,0.6639
5681.0000,71.9581,-0.3144,-124.0926,0.0000,0.6641
5681.1000,71.5598,-0.3138,-123.6184,0.0000,0.6643
5681.2000,71.1615,-0.3131,-123.1406,0.0000,0.6644
5681.3000,70.7632,-0.3125,-122.6591,0.0000,0.6646
5681.4000,70.3649,-0.3118,-122.1739,0.0000,0.6648
5681.5000,69.9666,-0.3112,-121.6852,0.0000,0.6649
5681.6000,69.5683,-0.3105,-121.1928,0.0000,0.6651
5681.7000,69.1700,-0.3098,-120.6969,0.0000,0.6652
5681.8000,68.7717,-0.3091,-120.1975,0.0000,0.6654
5681.9000,68.3734,-0.3084,-119.6945,0.0000,0.6656
5682.0000,67.9751,-0.3077,-119.1880,0.0000,0.6657
5682.1000,67.5768,-0.3070,-118.6781,0.0000,0.6659
5682.2000,67.1785,-0.3063,-118.1647,0.0000,0.6661
5682.3000,66.7802,-0.3056,-117.6478,0.0000,0.6662
5682.4000,66.3819,-0.3048,-117.1276,0.0000,0.6664
5682.5000,65.9836,-0.3041,-116.6039,0.0000,0.6665
5682.6000,65.5853,-0.3033,-116.0769,0.0000,0.6667
5682.7000,65.1870,-0.3026,-115.5466,0.0000,0.6669
5682.8000,64.7887,-0.3018,-115.0129,0.0000,0.6670
5682.9000,64.3904,-0.3011,-114.4760,0.0000,0.6672
5683.0000,63.9921,-0.3003,-113.9358,0.0000,0.6674
5683.1000,63.5938,-0.2995,-113.3923,0.0000,0.6675
5683.2000,63.1955,-0.2987,-112.8456,0.0000,0.6677
5683.3000,62.7972,-0.2980,-112.2957,0.0000,0.6678
5683.4000,62.3989,-0.2972,-111.7426,0.0000,0.6680
5683.5000,62.0006,-0.2964,-111.1863,0.0000,0.6682
5683.6000,61.6023,-0.2956,-110.6270,0.0000,0.6683
5683.7000,61.2040,-0.2947,-110.0645,0.0000,0.6685
5683.8000,60.8057,-0.2939,-109.4989,0.0000,0.6687
5683.9000,60.4074,-0.2931,-108.9302,0.0000,0.6688
5684.0000,60.0092,-0.2923,-108.3586,0.0000,0.6690
5684.1000,59.6109,-0.2915,-107.7838,0.0000,0.6691
5684.2000,59.2126,-0.2906,-107.2061,0.0000,0.6693
5684.3000,58.8143,-0.2898,-106.6255,0.0000,0.6695
5684.4000,58.4160,-0.2889,-106.0418,0.0000,0.6696
5684.5000,58.0177,-0.2881,-105.4553,0.0000,0.6698
5684.6000,57.6194,-0.2872,-104.8658,0.0000,0.6700
5684.7000,57.2211,-0.2864,-104.2734,0.0000,0.6701
5684.8000,56.8228,-0.2855,-103.6782,0.0000,0.6703
5684.9000,56.4245,-0.2846,-103.0802,0.0000,0.6704
5685.0000,56.0262,-0.2838,-102.4793,0.0000,0.6706
5685.1000,55.6279,-0.2829,-101.8757,0.0000,0.6708
5685.2000,55.2296,-0.2820,-101.2692,0.0000,0.6709
5685.3000,54.8313,-0.2811,-100.6601,0.0000,0.6711
5685.4000,54.4330,-0.2803,-100.0482,0.0000,0.6713
5685.5000,54.0347,-0.2794,-99.4336,0.0000,0.6714
5685.6000,53.6364,-0.2785,-98.8163,0.0000,0.6716
5685.7000,53.2381,-0.2776,-98.1964,0.0000,0.6717
5685.8000,52.8398,-0.2767,-97.5738,0.0000,0.6719
5685.9000,52.4415,-0.2758,-96.9486,0.0000,0.6721
5686.0000,52.0432,-0.2749,-96.3209,0.0000,0.6722
5686.1000,51.6449,-0.2740,-95.6905,0.0000,0.6724
5686.2000,51.2466,-0.2731,-95.0576,0.0000,0.6725
5686.3000,50.8483,-0.2722,-94.4222,0.0000,0.6727
5686.4000,50.4500,-0.2713,-93.7843,0.0000,0.6729
5686.5000,50.0517,-0.2704,-93.1440,0.0000,0.6730
5686.6000,49.6534,-0.2695,-92.5011,0.0000,0.6732
5686.7000,49.2551,-0.2686,-91.8559,0.0000,0.6734
5686.8000,48.8568,-0.2677,-91.2082,0.0000,0.6735
5686.9000,48.4585,-0.2667,-90.5581,0.0000,0.6737
5687.0000,48.0602,-0.2658,-89.9057,0.0000,0.6738
5687.1000,47.6619,-0.2649,-89.2509,0.0000,0.6740
5687.2000,47.2636,-0.2640,-88.5939,0.0000,0.6742
5687.3000,46.8653,-0.2631,-87.9345,0.0000,0.6743
5687.4000,46.4670,-0.2622,-87.2728,0.0000,0.6745
5687.5000,46.0687,-0.2613,-86.6089,0.0000,0.6746
5687.6000,45.6704,-0.2603,-85.9427,0.0000,0.6748
5687.7000,45.2721,-0.2594,-85.2743,0.0000,0.6750
5687.8000,44.8738,-0.2585,-84.6037,0.0000,0.6751
5687.9000,44.4755,-0.2576,-83.9310,0.0000,0.6753
5688.0000,44.0773,-0.2567,-83.2561,0.0000,0.6755
5688.1000,43.6790,-0.2558,-82.5791,0.0000,0.6756
5688.2000,43.2807,-0.2549,-81.9000,0.0000,0.6758
5688.3000,42.8824,-0.2540,-81.2188,0.0000,0.6759
5688.4000,42.4841,-0.2531,-80.5355,0.0000,0.6761
5688.5000,42.0858,-0.2522,-79.8502,0.0000,0.6763
5688.6000,41.6875,-0.2513,-79.1629,0.0000,0.6764
5688.7000,41.2892,-0.2504,-78.4736,0.0000,0.6766
5688.8000,40.8909,-0.2495,-77.7822,0.0000,0.6767
5688.9000,40.4926,-0.2486,-77.0890,0.0000,0.6769
5689.0000,40.0943,-0.2477,-76.3938,0.0000,0.6771
5689.1000,39.6960,-0.2468,-75.6967,0.0000,0.6772
5689.2000,39.2977,-0.2459,-74.9977,0.0000,0.6774
5689.3000,38.8994,-0.2450,-74.2968,0.0000,0.6775
5689.4000,38.5011,-0.2441,-73.5941,0.0000,0.6777
5689.5000,38.1028,-0.2433,-72.8896,0.0000,0.6779
5689.6000,37.7045,-0.2424,-72.1832,0.0000,0.6780
5689.7000,37.3062,-0.2415,-71.4750,0.0000,0.6782
5689.8000,36.9079,-0.2407,-70.7651,0.0000,0.6783
5689.9000,36.5096,-0.2398,-70.0535,0.0000,0.6785
5690.0000,36.1113,-0.2389,-69.3401,0.0000,0.6786
5690.1000,35.7130,-0.2381,-68.6250,0.0000,0.6788
5690.2000,35.3147,-0.2372,-67.9082,0.0000,0.6789
5690.3000,34.9164,-0.2364,-67.1898,0.0000,0.6790
5690.4000,34.5181,-0.2356,-66.4697,0.0000,0.6792
5690.5000,34.1198,-0.2347,-65.7480,0.0000,0.6793
5690.6000,33.7215,-0.2339,-65.0246,0.0000,0.6795
5690.7000,33.3232,-0.2331,-64.2997,0.0000,0.6796
5690.8000,32.9249,-0.2323,-63.5733,0.0000,0.6797
5690.9000,32.5266,-0.2314,-62.8453,0.0000,0.6799
5691.0000,32.1283,-0.2306,-62.1158,0.0000,0.6800
5691.1000,31.7300,-0.2298,-61.3847,0.0000,0.6801
5691.2000,31.3317,-0.2290,-60.6522,0.0000,0.6802
5691.3000,30.9334,-0.2283,-59.9182,0.0000,0.6804
5691.4000,30.5351,-0.2275,-59.1828,0.0000,0.6805
5691.5000,30.1368,-0.2267,-58.4460,0.0000,0.6806
5691.6000,29.7385,-0.2259,-57.7077,0.0000,0.6807
5691.7000,29.3402,-0.2252,-56.9681,0.0000,0.6809
5691.8000,28.9419,-0.2244,-56.2271,0.0000,0.6810
5691.9000,28.5437,-0.2237,-55.4848,0.0000,0.6811
5692.0000,28.1454,-0.2229,-54.7411,0.0000,0.6812
5692.1000,27.7471,-0.2222,-53.9961,0.0000,0.6813
5692.2000,27.3488,-0.2215,-53.2499,0.0000,0.6814
5692.3000,26.9505,-0.2207,-52.5024,0.0000,0.6815
5692.4000,26.5522,-0.2200,-51.7536,0.0000,0.6816
5692.5000,26.1539,-0.2193,-51.0036,0.0000,0.6818
5692.6000,25.7556,-0.2186,-50.2524,0.0000,0.6819
5692.7000,25.3573,-0.2179,-49.5000,0.0000,0.6820
5692.8000,24.9590,-0.2173,-48.7465,0.0000,0.6821
5692.9000,24.5607,-0.2166,-47.9918,0.0000,0.6822
5693.0000,24.1624,-0.2159,-47.2359,0.0000,0.6823
5693.1000,23.7641,-0.2153,-46.4790,0.0000,0.6824
5693.2000,23.3658,-0.2146,-45.7210,0.0000,0.6824
5693.3000,22.9675,-0.2140,-44.9618,0.0000,0.6825
5693.4000,22.5692,-0.2134,-44.2017,0.0000,0.6826
5693.5000,22.1709,-0.2127,-43.4405,0.0000,0.6827
5693.6000,21.7726,-0.2121,-42.6783,0.0000,0.6828
5693.7000,21.3743,-0.2115,-41.9151,0.0000,0.6829
5693.8000,20.9760,-0.2109,-41.1509,0.0000,0.6830
5693.9000,20.5777,-0.2103,-40.3857,0.0000,0.6830
5694.0000,20.1794,-0.2098,-39.6196,0.0000,0.6831
5694.1000,19.7811,-0.2092,-38.8526,0.0000,0.6832
5694.2000,19.3828,-0.2087,-38.0847,0.0000,0.6833
5694.3000,18.9845,-0.2081,-37.3159,0.0000,0.6834
5694.4000,18.5862,-0.2076,-36.5463,0.0000,0.6834
5694.5000,18.1879,-0.2071,-35.7758,0.0000,0.6835
5694.6000,17.7896,-0.2065,-35.0044,0.0000,0.6836
5694.7000,17.3913,-0.2060,-34.2323,0.0000,0.6836
5694.8000,16.9930,-0.2055,-33.4594,0.0000,0.6837
5694.9000,16.5947,-0.2051,-32.6857,0.0000,0.6838
5695.0000,16.1964,-0.2046,-31.9112,0.0000,0.6838
5695.1000,15.7981,-0.2041,-31.1360,0.0000,0.6839
5695.2000,15.3998,-0.2037,-30.3601,0.0000,0.6839
5695.3000,15.0015,-0.2032,-29.5835,0.0000,0.6840
5695.4000,14.6032,-0.2028,-28.8062,0.0000,0.6841
5695.5000,14.2049,-0.2024,-28.0282,0.0000,0.6841
5695.6000,13.8066,-0.2020,-27.2496,0.0000,0.6842
5695.7000,13.4083,-0.2016,-26.4704,0.0000,0.6842
5695.8000,13.0100,-0.2012,-25.6906,0.0000,0.6843
5695.9000,12.6118,-0.2008,-24.9102,0.0000,0.6843
5696.0000,12.2135,-0.2004,-24.1292,0.0000,0.6843
5696.1000,11.8152,-0.2001,-23.3477,0.0000,0.6844
5696.2000,11.4169,-0.1997,-22.5656,0.0000,0.6844
5696.3000,11.0186,-0.1994,-21.7830,0.0000,0.6845
5696.4000,10.6203,-0.1991,-20.9999,0.0000,0.6845
5696.5000,10.2220,-0.1988,-20.2164,0.0000,0.6845
5696.6000,9.8237,-0.1985,-19.4324,0.0000,0.6846
5696.7000,9.4254,-0.1982,-18.6479,0.0000,0.6846
5696.8000,9.0271,-0.1979,-17.8630,0.0000,0.6846
5696.9000,8.6288,-0.1976,-17.0777,0.0000,0.6847
5697.0000,8.2305,-0.1974,-16.2920,0.0000,0.6847
5697.1000,7.8322,-0.1971,-15.7125,0.0000,0.6847
5697.2000,7.4239,-0.1969,-15.2871,0.0000,0.6847
5697.3000,7.0057,-0.1967,-14.7974,0.0000,0.6847
5697.4000,6.5776,-0.1965,-14.2417,0.0000,0.6848
5697.5000,6.1394,-0.1963,-13.5762,0.0000,0.6848
5697.6000,5.6940,-0.1961,-12.5553,0.0000,0.6848
5697.7000,5.2583,-0.1960,-11.2302,0.0000,0.6848
5697.8000,4.8391,-0.1958,-9.8366,0.0000,0.6848
5697.9000,4.4424,-0.1957,-8.4358,0.0000,0.6848
5698.0000,4.0738,-0.1955,-7.1035,0.0000,0.6848
5698.1000,3.7357,-0.1954,-5.9344,0.0000,0.6848
5698.2000,3.4257,-0.1953,-4.9546,0.0000,0.6848
5698.3000,3.1415,-0.1952,-4.1335,0.0000,0.6848
5698.4000,2.8808,-0.1951,-3.4457,0.0000,0.6848
5698.5000,2.6418,-0.1950,-2.8699,0.0000,0.6848
5698.6000,2.4226,-0.1950,-2.3879,0.0000,0.6848
5698.7000,2.2215,-0.1949,-1.9847,0.0000,0.6847
5698.8000,2.0372,-0.1948,-1.6476,0.0000,0.6847
5698.9000,1.8682,-0.1948,-1.3659,0.0000,0.6847
5699.0000,1.7131,-0.1947,-1.1306,0.0000,0.6847
5699.1000,1.5710,-0.1947,-0.9342,0.0000,0.6847
5699.2000,1.4406,-0.1946,-0.7704,0.0000,0.6847
5699.3000,1.3211,-0.1946,-0.6340,0.0000,0.6847
5699.4000,1.2115,-0.1945,-0.5204,0.0000,0.6847
5699.5000,1.1110,-0.1945,-0.4259,0.0000,0.6847
5699.6000,1.0188,-0.1945,-0.3474,0.0000,0.6847
5699.7000,0.9342,-0.1944,-0.2823,0.0000,0.6847
5699.8000,0.8567,-0.1944,-0.2284,0.0000,0.6847
5699.9000,0.7856,-0.1944,-0.1838,0.0000,0.6847
