t_s,v_kmh,grade_pct,P_wheel_kW,fuel_g_per_s,SOC
6600.0000,0.0000,0.3402,0.0000,0.0000,0.6262
6600.1000,0.0000,0.3402,0.0000,0.0000,0.6262
6600.2000,0.0000,0.3402,0.0000,0.0000,0.6262
6600.3000,0.0000,0.3402,0.0000,0.0000,0.6262
6600.4000,0.0000,0.3402,0.0000,0.0000,0.6262
6600.5000,0.0000,0.3402,0.0000,0.0000,0.6262
6600.6000,0.0000,0.3402,0.0000,0.0000,0.6262
6600.7000,0.0000,0.3402,0.0000,0.0000,0.6262
6600.8000,0.0000,0.3402,0.0000,0.0000,0.6262
6600.9000,0.0000,0.3402,0.0000,0.0000,0.6262
6601.0000,0.0000,0.3402,0.0000,0.0000,0.6262
6601.1000,0.0000,0.3402,0.0000,0.0000,0.6262
6601.2000,0.0000,0.3402,0.0000,0.0000,0.6262
6601.3000,0.0000,0.3402,0.0000,0.0000,0.6262
6601.4000,0.0000,0.3402,0.0000,0.0000,0.6262
6601.5000,0.0000,0.3402,0.0000,0.0000,0.6262
6601.6000,0.0000,0.3402,0.0000,0.0000,0.6262
6601.7000,0.0000,0.3402,0.0000,0.0000,0.6262
6601.8000,0.0000,0.3402,0.0000,0.0000,0.6262
6601.9000,0.0000,0.3402,0.0000,0.0000,0.6261
6602.0000,0.0000,0.3402,0.0000,0.0000,0.6261
6602.1000,0.0000,0.3402,0.0000,0.0000,0.6261
6602.2000,0.0000,0.3402,0.0000,0.0000,0.6261
6602.3000,0.0000,0.3402,0.0000,0.0000,0.6261
6602.4000,0.0000,0.3402,0.0000,0.0000,0.6261
6602.5000,0.0000,0.3402,0.0000,0.0000,0.6261
6602.6000,0.0000,0.3402,0.0000,0.0000,0.6261
6602.7000,0.0000,0.3402,0.0000,0.0000,0.6261
6602.8000,0.0000,0.3402,0.0000,0.0000,0.6261
6602.9000,0.0000,0.3402,0.0000,0.0000,0.6261
6603.0000,0.0000,0.3402,0.0000,0.0000,0.6261
6603.1000,0.0000,0.3402,0.0000,0.0000,0.6261
6603.2000,0.0000,0.3402,0.0000,0.0000,0.6261
6603.3000,0.0000,0.3402,0.0000,0.0000,0.6261
6603.4000,0.0000,0.3402,0.0000,0.0000,0.6261
6603.5000,0.0000,0.3402,0.0000,0.0000,0.6261
6603.6000,0.0000,0.3402,0.0000,0.0000,0.6261
6603.7000,0.0000,0.3402,0.0000,0.0000,0.6261
6603.8000,0.0000,0.3402,0.0000,0.0000,0.6261
6603.9000,0.0000,0.3402,0.0000,0.0000,0.6260
6604.0000,0.0000,0.3402,0.0000,0.0000,0.6260
6604.1000,0.0000,0.3402,0.0000,0.0000,0.6260
6604.2000,0.0000,0.3402,0.0000,0.0000,0.6260
6604.3000,0.0000,0.3402,0.0000,0.0000,0.6260
6604.4000,0.0000,0.3402,0.0000,0.0000,0.6260
6604.5000,0.0000,0.3402,0.0000,0.0000,0.6260
6604.6000,0.0000,0.3402,0.0000,0.0000,0.6260
6604.7000,0.0000,0.3402,0.0000,0.0000,0.6260
6604.8000,0.0000,0.3402,0.0000,0.0000,0.6260
6604.9000,0.0000,0.3402,0.0000,0.0000,0.6260
6605.0000,0.0000,0.3402,0.0000,0.0000,0.6260
6605.1000,0.0000,0.3402,0.0000,0.0000,0.6260
6605.2000,0.0000,0.3402,0.0000,0.0000,0.6260
6605.3000,0.0000,0.3402,0.0000,0.0000,0.6260
6605.4000,0.0000,0.3402,0.0000,0.0000,0.6260
6605.5000,0.0000,0.3402,0.0000,0.0000,0.6260
6605.6000,0.0000,0.3402,0.0000,0.0000,0.6260
6605.7000,0.0000,0.3402,0.0000,0.0000,0.6260
6605.8000,0.0000,0.3402,0.0000,0.0000,0.6259
6605.9000,0.0000,0.3402,0.0000,0.0000,0.6259
6606.0000,0.0000,0.3402,0.0000,0.0000,0.6259
6606.1000,0.0000,0.3402,0.0000,0.0000,0.6259
6606.2000,0.0000,0.3402,0.0000,0.0000,0.6259
6606.3000,0.0000,0.3402,0.0000,0.0000,0.6259
6606.4000,0.0000,0.3402,0.0000,0.0000,0.6259
6606.5000,0.0000,0.3402,0.0000,0.0000,0.6259
6606.6000,0.0000,0.3402,0.0000,0.0000,0.6259
6606.7000,0.0000,0.3402,0.0000,0.0000,0.6259
6606.8000,0.0000,0.3402,0.0000,0.0000,0.6259
6606.9000,0.0000,0.3402,0.0000,0.0000,0.6259
6607.0000,0.0000,0.3402,0.0000,0.0000,0.6259
6607.1000,0.0000,0.3402,0.0000,0.0000,0.6259
6607.2000,0.0000,0.3402,0.0000,0.0000,0.6259
6607.3000,0.0000,0.3402,0.0000,0.0000,0.6259
6607.4000,0.0000,0.3402,0.0000,0.0000,0.6259
6607.5000,0.0000,0.3402,0.0000,0.0000,0.6259
6607.6000,0.0000,0.3402,0.0000,0.0000,0.6259
6607.7000,0.0000,0.3402,0.0000,0.0000,0.6258
6607.8000,0.0000,0.3402,0.0000,0.0000,0.6258
6607.9000,0.0000,0.3402,0.0000,0.0000,0.6258
6608.0000,0.0000,0.3402,0.0000,0.0000,0.6258
6608.1000,0.0000,0.3402,0.0000,0.0000,0.6258
6608.2000,0.0000,0.3402,0.0000,0.0000,0.6258
6608.3000,0.0000,0.3402,0.0000,0.0000,0.6258
6608.4000,0.0000,0.3402,0.0000,0.0000,0.6258
6608.5000,0.0000,0.3402,0.0000,0.0000,0.6258
6608.6000,0.0000,0.3402,0.0000,0.0000,0.6258
6608.7000,0.0000,0.3402,0.0000,0.0000,0.6258
6608.8000,0.0000,0.3402,0.0000,0.0000,0.6258
6608.9000,0.0000,0.3402,0.0000,0.0000,0.6258
6609.0000,0.0000,0.3402,0.0000,0.0000,0.6258
6609.1000,0.0000,0.3402,0.0000,0.0000,0.6258
6609.2000,0.0000,0.3402,0.0000,0.0000,0.6258
6609.3000,0.0000,0.3402,0.0000,0.0000,0.6258
6609.4000,0.0000,0.3402,0.0000,0.0000,0.6258
6609.5000,0.0000,0.3402,0.0000,0.0000,0.6258
6609.6000,0.0000,0.3402,0.0000,0.0000,0.6258
6609.7000,0.0000,0.3402,0.0000,0.0000,0.6257
6609.8000,0.0000,0.3402,0.0000,0.0000,0.6257
6609.9000,0.0000,0.3402,0.0000,0.0000,0.6257
6610.0000,0.0000,0.3402,0.0000,0.0000,0.6257
6610.1000,0.0000,0.3402,0.0000,0.0000,0.6257
6610.2000,0.0000,0.3402,0.0000,0.0000,0.6257
6610.3000,0.0000,0.3402,0.0000,0.0000,0.6257
6610.4000,0.0000,0.3402,0.0000,0.0000,0.6257
6610.5000,0.0000,0.3402,0.0000,0.0000,0.6257
6610.6000,0.0000,0.3402,0.0000,0.0000,0.6257
6610.7000,0.0000,0.3402,0.0000,0.0000,0.6257
6610.8000,0.0000,0.3402,0.0000,0.0000,0.6257
6610.9000,0.0000,0.3402,0.0000,0.0000,0.6257
6611.0000,0.0000,0.3402,0.0000,0.0000,0.6257
6611.1000,0.0000,0.3402,0.0000,0.0000,0.6257
6611.2000,0.0000,0.3402,0.0000,0.0000,0.6257
6611.3000,0.0000,0.3402,0.0000,0.0000,0.6257
6611.4000,0.0000,0.3402,0.0000,0.0000,0.6257
6611.5000,0.0000,0.3402,0.0000,0.0000,0.6257
6611.6000,0.0000,0.3402,0.0000,0.0000,0.6256
6611.7000,0.0000,0.3402,0.0000,0.0000,0.6256
6611.8000,0.0000,0.3402,0.0000,0.0000,0.6256
6611.9000,0.0000,0.3402,0.0000,0.0000,0.6256
6612.0000,0.0000,0.3402,0.0000,0.0000,0.6256
6612.1000,0.0000,0.3402,0.0000,0.0000,0.6256
6612.2000,0.0000,0.3402,0.0000,0.0000,0.6256
6612.3000,0.0000,0.3402,0.0000,0.0000,0.6256
6612.4000,0.0000,0.3402,0.0000,0.0000,0.6256
6612.5000,0.0000,0.3402,0.0000,0.0000,0.6256
6612.6000,0.0000,0.3402,0.0000,0.0000,0.6256
6612.7000,0.0000,0.3402,0.0000,0.0000,0.6256
6612.8000,0.0000,0.3402,0.0000,0.0000,0.6256
6612.9000,0.0000,0.3402,0.0000,0.0000,0.6256
6613.0000,0.0000,0.3402,0.0000,0.0000,0.6256
6613.1000,0.0000,0.3402,0.0000,0.0000,0.6256
6613.2000,0.0000,0.3402,0.0000,0.0000,0.6256
6613.3000,0.0000,0.3402,0.0000,0.0000,0.6256
6613.4000,0.0000,0.3402,0.0000,0.0000,0.6256
6613.5000,0.0000,0.3402,0.0000,0.0000,0.6256
6613.6000,0.0000,0.3402,0.0000,0.0000,0.6255
6613.7000,0.0000,0.3402,0.0000,0.0000,0.6255
6613.8000,0.0000,0.3402,0.0000,0.0000,0.6255
6613.9000,0.0000,0.3402,0.0000,0.0000,0.6255
6614.0000,0.0000,0.3402,0.0000,0.0000,0.6255
6614.1000,0.0000,0.3402,0.0000,0.0000,0.6255
6614.2000,0.0000,0.3402,0.0000,0.0000,0.6255
6614.3000,0.0000,0.3402,0.0000,0.0000,0.6255
6614.4000,0.0000,0.3402,0.0000,0.0000,0.6255
6614.5000,0.0000,0.3402,0.0000,0.0000,0.6255
6614.6000,0.0000,0.3402,0.0000,0.0000,0.6255
6614.7000,0.0000,0.3402,0.0000,0.0000,0.6255
6614.8000,0.0000,0.3402,0.0000,0.0000,0.6255
6614.9000,0.0000,0.3402,0.0000,0.0000,0.6255
6615.0000,0.0000,0.3402,0.0000,0.0000,0.6255
6615.1000,0.0000,0.3402,0.0000,0.0000,0.6255
6615.2000,0.0000,0.3402,0.0000,0.0000,0.6255
6615.3000,0.0000,0.3402,0.0000,0.0000,0.6255
6615.4000,0.0000,0.3402,0.0000,0.0000,0.6255
6615.5000,0.0000,0.3402,0.0000,0.0000,0.6254
6615.6000,0.0000,0.3402,0.0000,0.0000,0.6254
6615.7000,0.0000,0.3402,0.0000,0.0000,0.6254
6615.8000,0.0000,0.3402,0.0000,0.0000,0.6254
6615.9000,0.0000,0.3402,0.0000,0.0000,0.6254
6616.0000,0.0000,0.3402,0.0000,0.0000,0.6254
6616.1000,0.0000,0.3402,0.0000,0.0000,0.6254
6616.2000,0.0000,0.3402,0.0000,0.0000,0.6254
6616.3000,0.0000,0.3402,0.0000,0.0000,0.6254
6616.4000,0.0000,0.3402,0.0000,0.0000,0.6254
6616.5000,0.0000,0.3402,0.0000,0.0000,0.6254
6616.6000,0.0000,0.3402,0.0000,0.0000,0.6254
6616.7000,0.0000,0.3402,0.0000,0.0000,0.6254
6616.8000,0.0000,0.3402,0.0000,0.0000,0.6254
6616.9000,0.0000,0.3402,0.0000,0.0000,0.6254
6617.0000,0.0000,0.3402,0.0000,0.0000,0.6254
6617.1000,0.0000,0.3402,0.0000,0.0000,0.6254
6617.2000,0.0000,0.3402,0.0000,0.0000,0.6254
6617.3000,0.0000,0.3402,0.0000,0.0000,0.6254
6617.4000,0.0000,0.3402,0.0000,0.0000,0.6253
6617.5000,0.0000,0.3402,0.0000,0.0000,0.6253
6617.6000,0.0000,0.3402,0.0000,0.0000,0.6253
6617.7000,0.0000,0.3402,0.0000,0.0000,0.6253
6617.8000,0.0000,0.3402,0.0000,0.0000,0.6253
6617.9000,0.0000,0.3402,0.0000,0.0000,0.6253
6618.0000,0.0000,0.3402,0.0000,0.0000,0.6253
6618.1000,0.0000,0.3402,0.0000,0.0000,0.6253
6618.2000,0.0000,0.3402,0.0000,0.0000,0.6253
6618.3000,0.0000,0.3402,0.0000,0.0000,0.6253
6618.4000,0.0000,0.3402,0.0000,0.0000,0.6253
6618.5000,0.0000,0.3402,0.0000,0.0000,0.6253
6618.6000,0.0000,0.3402,0.0000,0.0000,0.6253
6618.7000,0.0000,0.3402,0.0000,0.0000,0.6253
6618.8000,0.0000,0.3402,0.0000,0.0000,0.6253
6618.9000,0.0000,0.3402,0.0000,0.0000,0.6253
6619.0000,0.0000,0.3402,0.0000,0.0000,0.6253
6619.1000,0.0000,0.3402,0.0000,0.0000,0.6253
6619.2000,0.0000,0.3402,0.0000,0.0000,0.6253
6619.3000,0.0000,0.3402,0.0000,0.0000,0.6253
6619.4000,0.0000,0.3402,0.0000,0.0000,0.6252
6619.5000,0.0000,0.3402,0.0000,0.0000,0.6252
6619.6000,0.0000,0.3402,0.0000,0.0000,0.6252
6619.7000,0.0000,0.3402,0.0000,0.0000,0.6252
6619.8000,0.0000,0.3402,0.0000,0.0000,0.6252
6619.9000,0.0000,0.3402,0.0000,0.0000,0.6252
6620.0000,0.0000,0.3402,0.0000,0.0000,0.6252
6620.1000,0.0000,0.3402,0.0000,0.0000,0.6252
6620.2000,0.0000,0.3402,0.0000,0.0000,0.6252
6620.3000,0.0000,0.3402,0.0000,0.0000,0.6252
6620.4000,0.0000,0.3402,0.0000,0.0000,0.6252
6620.5000,0.0000,0.3402,0.0000,0.0000,0.6252
6620.6000,0.0000,0.3402,0.0000,0.0000,0.6252
6620.7000,0.0000,0.3402,0.0000,0.0000,0.6252
6620.8000,0.0000,0.3402,0.0000,0.0000,0.6252
6620.9000,0.0000,0.3402,0.0000,0.0000,0.6252
6621.0000,0.0000,0.3402,0.0000,0.0000,0.6252
6621.1000,0.0000,0.3402,0.0000,0.0000,0.6252
6621.2000,0.0000,0.3402,0.0000,0.0000,0.6252
6621.3000,0.0000,0.3402,0.0000,0.0000,0.6251
6621.4000,0.0000,0.3402,0.0000,0.0000,0.6251
6621.5000,0.0000,0.3402,0.0000,0.0000,0.6251
6621.6000,0.0000,0.3402,0.0000,0.0000,0.6251
6621.7000,0.0000,0.3402,0.0000,0.0000,0.6251
6621.8000,0.0000,0.3402,0.0000,0.0000,0.6251
6621.9000,0.0000,0.3402,0.0000,0.0000,0.6251
6622.0000,0.0000,0.3402,0.0000,0.0000,0.6251
6622.1000,0.0000,0.3402,0.0000,0.0000,0.6251
6622.2000,0.0000,0.3402,0.0000,0.0000,0.6251
6622.3000,0.0000,0.3402,0.0000,0.0000,0.6251
6622.4000,0.0000,0.3402,0.0000,0.0000,0.6251
6622.5000,0.0000,0.3402,0.0000,0.0000,0.6251
6622.6000,0.0000,0.3402,0.0000,0.0000,0.6251
6622.7000,0.0000,0.3402,0.0000,0.0000,0.6251
6622.8000,0.0000,0.3402,0.0000,0.0000,0.6251
6622.9000,0.0000,0.3402,0.0000,0.0000,0.6251
6623.0000,0.0000,0.3402,0.0000,0.0000,0.6251
6623.1000,0.0000,0.3402,0.0000,0.0000,0.6251
6623.2000,0.0000,0.3402,0.0000,0.0000,0.6250
6623.3000,0.0000,0.3402,0.0000,0.0000,0.6250
6623.4000,0.0000,0.3402,0.0000,0.0000,0.6250
6623.5000,0.0000,0.3402,0.0000,0.0000,0.6250
6623.6000,0.0000,0.3402,0.0000,0.0000,0.6250
6623.7000,0.0000,0.3402,0.0000,0.0000,0.6250
6623.8000,0.0000,0.3402,0.0000,0.0000,0.6250
6623.9000,0.0000,0.3402,0.0000,0.0000,0.6250
6624.0000,0.0000,0.3402,0.0000,0.0000,0.6250
6624.1000,0.0000,0.3402,0.0000,0.0000,0.6250
6624.2000,0.0000,0.3402,0.0000,0.0000,0.6250
6624.3000,0.0000,0.3402,0.0000,0.0000,0.6250
6624.4000,0.0000,0.3402,0.0000,0.0000,0.6250
6624.5000,0.0000,0.3402,0.0000,0.0000,0.6250
6624.6000,0.0000,0.3402,0.0000,0.0000,0.6250
6624.7000,0.0000,0.3402,0.0000,0.0000,0.6250
6624.8000,0.0000,0.3402,0.0000,0.0000,0.6250
6624.9000,0.0000,0.3402,0.0000,0.0000,0.6250
6625.0000,0.0000,0.3402,0.0000,0.0000,0.6250
6625.1000,0.0000,0.3402,0.0000,0.0000,0.6250
6625.2000,0.0000,0.3402,0.0000,0.0000,0.6249
6625.3000,0.0000,0.3402,0.0000,0.0000,0.6249
6625.4000,0.0000,0.3402,0.0000,0.0000,0.6249
6625.5000,0.0000,0.3402,0.0000,0.0000,0.6249
6625.6000,0.0000,0.3402,0.0000,0.0000,0.6249
6625.7000,0.0000,0.3402,0.0000,0.0000,0.6249
6625.8000,0.0000,0.3402,0.0000,0.0000,0.6249
6625.9000,0.0000,0.3402,0.0000,0.0000,0.6249
6626.0000,0.0000,0.3402,0.0000,0.0000,0.6249
6626.1000,0.0000,0.3402,0.0000,0.0000,0.6249
6626.2000,0.0000,0.3402,0.0000,0.0000,0.6249
6626.3000,0.0000,0.3402,0.0000,0.0000,0.6249
6626.4000,0.0000,0.3402,0.0000,0.0000,0.6249
6626.5000,0.0000,0.3402,0.0000,0.0000,0.6249
6626.6000,0.0000,0.3402,0.0000,0.0000,0.6249
6626.7000,0.0000,0.3402,0.0000,0.0000,0.6249
6626.8000,0.0000,0.3402,0.0000,0.0000,0.6249
6626.9000,0.0000,0.3402,0.0000,0.0000,0.6249
6627.0000,0.0000,0.3402,0.0000,0.0000,0.6249
6627.1000,0.0000,0.3402,0.0000,0.0000,0.6248
6627.2000,0.0000,0.3402,0.0000,0.0000,0.6248
6627.3000,0.0000,0.3402,0.0000,0.0000,0.6248
6627.4000,0.0000,0.3402,0.0000,0.0000,0.6248
6627.5000,0.0000,0.3402,0.0000,0.0000,0.6248
6627.6000,0.0000,0.3402,0.0000,0.0000,0.6248
6627.7000,0.0000,0.3402,0.0000,0.0000,0.6248
6627.8000,0.0000,0.3402,0.0000,0.0000,0.6248
6627.9000,0.2250,0.3402,0.3183,0.0000,0.6248
6628.0000,0.4500,0.3402,0.7260,0.0000,0.6248
6628.1000,0.7500,0.3402,1.5079,0.0000,0.6248
6628.2000,1.1250,0.3402,2.4854,0.0000,0.6247
6628.3000,1.5000,0.3402,3.3138,0.0000,0.6247
6628.4000,1.8750,0.3402,4.1424,0.0000,0.6247
6628.5000,2.2500,0.3402,4.9709,0.0000,0.6247
6628.6000,2.6249,0.3402,5.7993,0.0000,0.6246
6628.7000,2.9999,0.3402,6.6278,0.0000,0.6246
6628.8000,3.3748,0.3401,7.4561,0.0000,0.6246
6628.9000,3.7497,0.3401,8.2844,0.0000,0.6245
6629.0000,4.1246,0.3401,9.1124,0.0000,0.6245
6629.1000,4.4994,0.3401,9.9403,0.0000,0.6245
6629.2000,4.8742,0.3401,10.7678,0.0000,0.6244
6629.3000,5.2490,0.3400,11.5950,0.0000,0.6244
6629.4000,5.6236,0.3400,12.4217,0.0000,0.6243
6629.5000,5.9982,0.3400,13.2479,0.0000,0.6243
6629.6000,6.3727,0.3399,14.0735,0.0000,0.6242
6629.7000,6.7471,0.3399,14.8983,0.0000,0.6242
6629.8000,7.1214,0.3399,15.7223,0.0000,0.6241
6629.9000,7.4956,0.3398,16.5454,0.0000,0.6240
6630.0000,7.8696,0.3398,17.3675,0.0000,0.6240
6630.1000,8.2435,0.3397,18.1883,0.0000,0.6239
6630.2000,8.6172,0.3397,19.0078,0.0000,0.6239
6630.3000,8.9907,0.3396,19.8259,0.0000,0.6238
6630.4000,9.3641,0.3396,20.6423,0.0000,0.6237
6630.5000,9.7372,0.3395,21.4570,0.0000,0.6236
6630.6000,10.1101,0.3395,22.2697,0.0000,0.6236
6630.7000,10.4827,0.3394,23.0804,0.0000,0.6235
6630.8000,10.8551,0.3394,23.8888,0.0000,0.6234
6630.9000,11.2272,0.3393,24.6947,0.0000,0.6233
6631.0000,11.5990,0.3392,25.4981,0.0000,0.6232
6631.1000,11.9704,0.3392,26.2986,0.0000,0.6232
6631.2000,12.3415,0.3391,27.0961,0.0000,0.6231
6631.3000,12.7122,0.3390,27.8903,0.0000,0.6230
6631.4000,13.0826,0.3390,28.6812,0.0000,0.6229
6631.5000,13.4525,0.3389,29.4684,0.0000,0.6228
6631.6000,13.8219,0.3388,30.2518,0.0000,0.6227
6631.7000,14.1909,0.3387,31.0311,0.0000,0.6226
6631.8000,14.5594,0.3387,31.8061,0.0000,0.6225
6631.9000,14.9274,0.3386,32.5765,0.0000,0.6224
6632.0000,15.2949,0.3385,33.3422,0.0000,0.6223
6632.1000,15.6617,0.3384,34.1030,0.0000,0.6222
6632.2000,16.0280,0.3383,34.8584,0.0000,0.6221
6632.3000,16.3937,0.3383,35.6084,0.0000,0.6220
6632.4000,16.7587,0.3382,36.3527,0.0000,0.6218
6632.5000,17.1230,0.3381,37.0910,0.0000,0.6217
6632.6000,17.4866,0.3380,37.8230,0.0000,0.6216
6632.7000,17.8495,0.3379,38.5486,0.0000,0.6215
6632.8000,18.2116,0.3378,39.2675,0.0000,0.6214
6632.9000,18.5728,0.3377,39.9793,0.0000,0.6212
6633.0000,18.9333,0.3376,40.6839,0.0000,0.6211
6633.1000,19.2929,0.3375,41.3810,0.0000,0.6210
6633.2000,19.6516,0.3374,42.0704,0.0000,0.6209
6633.3000,20.0094,0.3373,42.7517,0.0000,0.6207
6633.4000,20.3663,0.3372,43.4247,0.0000,0.6206
6633.5000,20.7221,0.3371,44.0892,0.0000,0.6205
6633.6000,21.0769,0.3370,44.7449,0.0000,0.6203
6633.7000,21.4307,0.3369,45.3916,0.0000,0.6202
6633.8000,21.7834,0.3368,46.0290,0.0000,0.6201
6633.9000,22.1350,0.3367,46.6568,0.0000,0.6199
6634.0000,22.4854,0.3365,47.2748,0.0000,0.6198
6634.1000,22.8346,0.3364,47.8829,0.0000,0.6196
6634.2000,23.1826,0.3363,48.4806,0.0000,0.6195
6634.3000,23.5294,0.3362,49.0678,0.0000,0.6193
6634.4000,23.8749,0.3361,49.6443,0.0000,0.6192
6634.5000,24.2190,0.3360,50.2099,0.0000,0.6190
6634.6000,24.5618,0.3358,50.7642,0.0000,0.6189
6634.7000,24.9032,0.3357,51.3072,0.0000,0.6187
6634.8000,25.2433,0.3356,51.8385,0.0000,0.6186
6634.9000,25.5818,0.3355,52.3580,0.0000,0.6184
6635.0000,25.9189,0.3353,52.8655,0.0000,0.6183
6635.1000,26.2544,0.3352,53.3608,0.0000,0.6181
6635.2000,26.5884,0.3351,53.8437,0.0000,0.6179
6635.3000,26.9208,0.3350,54.3141,0.0000,0.6178
6635.4000,27.2516,0.3348,54.7717,0.0000,0.6176
6635.5000,27.5808,0.3347,55.2164,0.0000,0.6175
6635.6000,27.9083,0.3346,55.6480,0.0000,0.6173
6635.7000,28.2340,0.3344,56.0665,0.0000,0.6171
6635.8000,28.5580,0.3343,56.4716,0.0000,0.6170
6635.9000,28.8803,0.3342,56.8633,0.0000,0.6168
6636.0000,29.2007,0.3340,57.2414,0.0000,0.6166
6636.1000,29.5193,0.3339,57.6059,0.0000,0.6164
6636.2000,29.8361,0.3338,57.9565,0.0000,0.6163
6636.3000,30.1509,0.3336,58.2933,0.0000,0.6161
6636.4000,30.4638,0.3335,58.6162,0.0000,0.6159
6636.5000,30.7748,0.3333,58.9250,0.0000,0.6158
6636.6000,31.0838,0.3332,59.2198,0.0000,0.6156
6636.7000,31.3908,0.3331,59.4786,0.0000,0.6154
6636.8000,31.6955,0.3329,59.6464,0.0000,0.6152
6636.9000,31.9972,0.3328,59.6911,0.0000,0.6151
6637.0000,32.2953,0.3326,59.6143,0.0000,0.6149
6637.1000,32.5893,0.3325,59.4182,0.0000,0.6147
6637.2000,32.8785,0.3323,59.1279,0.0000,0.6145
6637.3000,33.1626,0.3322,58.8028,0.0000,0.6144
6637.4000,33.4419,0.3321,58.4788,0.0000,0.6142
6637.5000,33.7165,0.3319,58.1558,0.0000,0.6140
6637.6000,33.9864,0.3318,57.8341,0.0000,0.6138
6637.7000,34.2519,0.3316,57.5135,0.0000,0.6137
6637.8000,34.5129,0.3315,57.1943,0.0000,0.6135
6637.9000,34.7697,0.3313,56.8763,0.0000,0.6133
6638.0000,35.0224,0.3312,56.5598,0.0000,0.6132
6638.1000,35.2709,0.3310,56.2447,0.0000,0.6130
6638.2000,35.5155,0.3309,55.9310,0.0000,0.6128
6638.3000,35.7563,0.3308,55.6189,0.0000,0.6127
6638.4000,35.9933,0.3306,55.3083,0.0000,0.6125
6638.5000,36.2266,0.3305,54.9994,0.0000,0.6124
6638.6000,36.4562,0.3303,54.6921,0.0000,0.6122
6638.7000,36.6824,0.3302,54.3864,0.0000,0.6120
6638.8000,36.9051,0.3300,54.0825,0.0000,0.6119
6638.9000,37.1245,0.3299,53.7803,0.0000,0.6117
6639.0000,37.3405,0.3297,53.4798,0.0000,0.6116
6639.1000,37.5534,0.3296,53.1812,0.0000,0.6114
6639.2000,37.7630,0.3295,52.8844,0.0000,0.6113
6639.3000,37.9696,0.3293,52.5894,0.0000,0.6111
6639.4000,38.1732,0.3292,52.2963,0.0000,0.6109
6639.5000,38.3737,0.3290,52.0051,0.0000,0.6108
6639.6000,38.5714,0.3289,51.7158,0.0000,0.6106
6639.7000,38.7662,0.3287,51.4285,0.0000,0.6105
6639.8000,38.9583,0.3286,51.1431,0.0000,0.6103
6639.9000,39.1476,0.3285,50.8596,0.0000,0.6102
6640.0000,39.3342,0.3283,50.5781,0.0000,0.6100
6640.1000,39.5182,0.3282,50.2987,0.0000,0.6099
6640.2000,39.6996,0.3280,50.0212,0.0000,0.6097
6640.3000,39.8784,0.3279,49.7457,0.0000,0.6096
6640.4000,40.0548,0.3278,49.4723,0.0000,0.6095
6640.5000,40.2287,0.3276,49.2009,0.0000,0.6093
6640.6000,40.4003,0.3275,48.9315,0.0000,0.6092
6640.7000,40.5694,0.3274,48.6642,0.0000,0.6090
6640.8000,40.7363,0.3272,48.3989,0.0000,0.6089
6640.9000,40.9009,0.3271,48.1357,0.0000,0.6087
6641.0000,41.0633,0.3270,47.8745,0.0000,0.6086
6641.1000,41.2234,0.3268,47.6154,0.0000,0.6085
6641.2000,41.3815,0.3267,47.3583,0.0000,0.6083
6641.3000,41.5374,0.3266,47.1033,0.0000,0.6082
6641.4000,41.6912,0.3264,46.7673,0.0000,0.6080
6641.5000,41.8422,0.3263,46.3914,0.0000,0.6079
6641.6000,41.9909,0.3262,46.1018,0.0000,0.6078
6641.7000,42.1376,0.3261,45.7303,0.0000,0.6076
6641.8000,42.2812,0.3259,45.1233,0.0000,0.6075
6641.9000,42.4208,0.3258,44.3091,0.0000,0.6074
6642.0000,42.5557,0.3257,43.1787,0.0000,0.6073
6642.1000,42.6838,0.3256,41.7446,0.0000,0.6071
6642.2000,42.8046,0.3254,40.2191,0.0000,0.6070
6642.3000,42.9180,0.3253,38.7781,0.0000,0.6069
6642.4000,43.0250,0.3252,37.4659,0.0000,0.6068
6642.5000,43.1259,0.3251,36.2088,0.0000,0.6067
6642.6000,43.2209,0.3250,35.0477,0.0000,0.6066
6642.7000,43.3108,0.3249,33.8224,0.0000,0.6065
6642.8000,43.3944,0.3247,32.4903,0.0000,0.6064
6642.9000,43.4720,0.3246,31.2199,0.0000,0.6063
6643.0000,43.5438,0.3245,30.1534,0.0000,0.6062
6643.1000,43.6116,0.3244,29.1747,0.0000,0.6061
6643.2000,43.6745,0.3243,28.3912,0.0000,0.6060
6643.3000,43.7350,0.3242,27.9411,0.0000,0.6059
6643.4000,43.7936,0.3241,27.7309,0.0000,0.6059
6643.5000,43.8519,0.3240,27.5393,0.0000,0.6058
6643.6000,43.9084,0.3239,27.0176,0.0000,0.6057
6643.7000,43.9618,0.3238,26.2051,0.0000,0.6056
6643.8000,44.0110,0.3237,24.9487,0.0000,0.6055
6643.9000,44.0533,0.3236,23.2667,0.0000,0.6055
6644.0000,44.0877,0.3235,21.5760,0.0000,0.6054
6644.1000,44.1153,0.3234,20.2786,0.0000,0.6053
6644.2000,44.1385,0.3233,19.2862,0.0000,0.6053
6644.3000,44.1575,0.3232,18.6156,0.0000,0.6052
6644.4000,44.1749,0.3231,18.1332,0.0000,0.6052
6644.5000,44.1897,0.3230,17.4208,0.0000,0.6051
6644.6000,44.2009,0.3230,16.4316,0.0000,0.6051
6644.7000,44.2071,0.3229,15.4002,0.0000,0.6050
6644.8000,44.2095,0.3228,14.4371,0.0000,0.6050
6644.9000,44.2075,0.3227,13.6536,0.0000,0.6049
6645.0000,44.2032,0.3226,13.0465,0.0000,0.6049
6645.1000,44.1961,0.3225,12.1809,0.0000,0.6048
6645.2000,44.1844,0.3225,11.0114,0.0000,0.6048
6645.3000,44.1674,0.3224,9.5739,0.0000,0.6048
6645.4000,44.1435,0.3223,8.0079,0.0000,0.6047
6645.5000,44.1131,0.3222,6.7140,0.0000,0.6047
6645.6000,44.0783,0.3222,6.1266,0.0000,0.6047
6645.7000,44.0430,0.3221,6.1497,0.0000,0.6047
6645.8000,44.0084,0.3220,6.4143,0.0000,0.6046
6645.9000,43.9755,0.3220,6.6958,0.0000,0.6046
6646.0000,43.9435,0.3219,6.8688,0.0000,0.6046
6646.1000,43.9122,0.3218,6.7805,0.0000,0.6046
6646.2000,43.8795,0.3218,6.4474,0.0000,0.6045
6646.3000,43.8454,0.3217,6.2997,0.0000,0.6045
6646.4000,43.8116,0.3216,6.2801,0.0000,0.6045
6646.5000,43.7774,0.3216,6.3189,0.0000,0.6045
6646.6000,43.7440,0.3215,6.5415,0.0000,0.6044
6646.7000,43.7119,0.3215,6.9412,0.0000,0.6044
6646.8000,43.6821,0.3214,7.3309,0.0000,0.6044
6646.9000,43.6534,0.3214,7.6562,0.0000,0.6044
6647.0000,43.6265,0.3213,7.8834,0.0000,0.6043
6647.1000,43.5999,0.3213,7.8430,0.0000,0.6043
6647.2000,43.5727,0.3212,7.5673,0.0000,0.6043
6647.3000,43.5438,0.3212,7.0911,0.0000,0.6042
6647.4000,43.5126,0.3211,6.4825,0.0000,0.6042
6647.5000,43.4785,0.3211,5.8065,0.0000,0.6042
6647.6000,43.4415,0.3211,5.3537,0.0000,0.6042
6647.7000,43.4036,0.3210,5.2511,0.0000,0.6042
6647.8000,43.3658,0.3210,5.0513,0.0000,0.6041
6647.9000,43.3263,0.3209,4.6391,0.0000,0.6041
6648.0000,43.2851,0.3209,4.4140,0.0000,0.6041
6648.1000,43.2437,0.3209,4.3216,0.0000,0.6041
6648.2000,43.2018,0.3208,4.0610,0.0000,0.6041
6648.3000,43.1582,0.3208,4.0987,0.0000,0.6040
6648.4000,43.1167,0.3208,4.7101,0.0000,0.6040
6648.5000,43.0786,0.3207,5.3356,0.0000,0.6040
6648.6000,43.0427,0.3207,5.8121,0.0000,0.6040
6648.7000,43.0089,0.3207,6.3508,0.0000,0.6039
6648.8000,42.9779,0.3207,6.8706,0.0000,0.6039
6648.9000,42.9487,0.3206,7.3977,0.0000,0.6039
6649.0000,42.9224,0.3206,8.2799,0.0000,0.6039
6649.1000,42.9011,0.3206,9.7408,0.0000,0.6038
6649.2000,42.8877,0.3206,11.5276,0.0000,0.6038
6649.3000,42.8822,0.3206,13.4500,0.0000,0.6038
6649.4000,42.8857,0.3206,14.9184,0.0000,0.6037
6649.5000,42.8932,0.3205,15.3513,0.0000,0.6037
6649.6000,42.9004,0.3205,14.6791,0.0000,0.6036
6649.7000,42.9019,0.3205,13.4817,0.0000,0.6036
6649.8000,42.8987,0.3205,12.3516,0.0000,0.6035
6649.9000,42.8902,0.3205,11.6365,0.0000,0.6035
6650.0000,42.8807,0.3205,11.8117,0.0000,0.6034
6650.1000,42.8739,0.3205,12.6028,0.0000,0.6034
6650.2000,42.8713,0.3205,13.5499,0.0000,0.6034
6650.3000,42.8728,0.3205,14.4638,0.0000,0.6033
6650.4000,42.8784,0.3205,15.1614,0.0000,0.6033
6650.5000,42.8860,0.3205,15.4648,0.0000,0.6032
6650.6000,42.8941,0.3205,15.4032,0.0000,0.6032
6650.7000,42.9012,0.3205,14.9075,0.0000,0.6031
6650.8000,42.9049,0.3205,14.1853,0.0000,0.6031
6650.9000,42.9056,0.3205,13.5634,0.0000,0.6030
6651.0000,42.9039,0.3205,12.9904,0.0000,0.6030
6651.1000,42.8995,0.3205,12.6052,0.0000,0.6029
6651.2000,42.8944,0.3205,12.6657,0.0000,0.6029
6651.3000,42.8906,0.3205,13.0067,0.0000,0.6029
6651.4000,42.8885,0.3205,13.3781,0.0000,0.6028
6651.5000,42.8879,0.3205,13.6554,0.0000,0.6028
6651.6000,42.8883,0.3205,14.0933,0.0000,0.6027
6651.7000,42.8916,0.3205,14.6638,0.0000,0.6027
6651.8000,42.8970,0.3205,15.1376,0.0000,0.6026
6651.9000,42.9045,0.3206,15.8604,0.0000,0.6026
6652.0000,42.9162,0.3206,17.0232,0.0000,0.6025
6652.1000,42.9338,0.3206,18.0784,0.0000,0.6025
6652.2000,42.9547,0.3206,18.6413,0.0000,0.6024
6652.3000,42.9771,0.3206,18.6387,0.0000,0.6024
6652.4000,42.9979,0.3206,18.3499,0.0000,0.6023
6652.5000,43.0177,0.3207,18.0118,0.0000,0.6022
6652.6000,43.0354,0.3207,17.8385,0.0000,0.6022
6652.7000,43.0535,0.3207,17.9332,0.0000,0.6021
6652.8000,43.0719,0.3207,18.1127,0.0000,0.6021
6652.9000,43.0916,0.3208,18.1395,0.0000,0.6020
6653.0000,43.1101,0.3208,17.9697,0.0000,0.6020
6653.1000,43.1282,0.3208,17.5608,0.0000,0.6019
6653.2000,43.1430,0.3209,17.0075,0.0000,0.6018
6653.3000,43.1562,0.3209,16.7273,0.0000,0.6018
6653.4000,43.1685,0.3209,16.8191,0.0000,0.6017
6653.5000,43.1824,0.3209,16.9274,0.0000,0.6017
6653.6000,43.1956,0.3210,16.6330,0.0000,0.6016
6653.7000,43.2068,0.3210,16.3538,0.0000,0.6016
6653.8000,43.2175,0.3211,16.3616,0.0000,0.6015
6653.9000,43.2287,0.3211,16.0286,0.0000,0.6015
6654.0000,43.2365,0.3211,15.6106,0.0000,0.6014
6654.1000,43.2440,0.3212,15.8657,0.0000,0.6014
6654.2000,43.2539,0.3212,16.2456,0.0000,0.6013
6654.3000,43.2647,0.3212,16.1855,0.0000,0.6013
6654.4000,43.2741,0.3213,16.0846,0.0000,0.6012
6654.5000,43.2840,0.3213,15.9813,0.0000,0.6012
6654.6000,43.2924,0.3214,15.9985,0.0000,0.6011
6654.7000,43.3023,0.3214,16.2925,0.0000,0.6011
6654.8000,43.3132,0.3215,16.8406,0.0000,0.6010
6654.9000,43.3279,0.3215,17.8801,0.0000,0.6010
6655.0000,43.3478,0.3216,19.1614,0.0000,0.6009
6655.1000,43.3736,0.3216,20.1874,0.0000,0.6008
6655.2000,43.4022,0.3217,20.8144,0.0000,0.6008
6655.3000,43.4333,0.3217,21.5542,0.0000,0.6007
6655.4000,43.4682,0.3218,22.3787,0.0000,0.6006
6655.5000,43.5062,0.3218,22.9367,0.0000,0.6006
6655.6000,43.5457,0.3219,23.3706,0.0000,0.6005
6655.7000,43.5872,0.3219,24.1317,0.0000,0.6004
6655.8000,43.6330,0.3220,24.6354,0.0000,0.6004
6655.9000,43.6786,0.3221,24.3671,0.0000,0.6003
6656.0000,43.7218,0.3221,24.1885,0.0000,0.6002
6656.1000,43.7655,0.3222,24.2883,0.0000,0.6001
6656.2000,43.8093,0.3222,24.2806,0.0000,0.6001
6656.3000,43.8526,0.3223,24.2131,0.0000,0.6000
6656.4000,43.8955,0.3224,24.1642,0.0000,0.5999
6656.5000,43.9382,0.3224,23.9287,0.0000,0.5998
6656.6000,43.9788,0.3225,23.5214,0.0000,0.5998
6656.7000,44.0177,0.3226,23.0270,0.0000,0.5997
6656.8000,44.0538,0.3226,22.6442,0.0000,0.5996
6656.9000,44.0892,0.3227,22.6038,0.0000,0.5996
6657.0000,44.1247,0.3228,22.6432,0.0000,0.5995
6657.1000,44.1602,0.3228,22.2760,0.0000,0.5994
6657.2000,44.1924,0.3229,21.5035,0.0000,0.5994
6657.3000,44.2210,0.3230,20.5624,0.0000,0.5993
6657.4000,44.2450,0.3230,19.4665,0.0000,0.5992
6657.5000,44.2642,0.3231,18.4152,0.0000,0.5992
6657.6000,44.2791,0.3232,18.0070,0.0000,0.5991
6657.7000,44.2947,0.3233,18.0661,0.0000,0.5991
6657.8000,44.3100,0.3233,18.0908,0.0000,0.5990
6657.9000,44.3258,0.3234,18.0155,0.0000,0.5989
6658.0000,44.3403,0.3235,17.8719,0.0000,0.5989
6658.1000,44.3548,0.3236,17.7005,0.0000,0.5988
6658.2000,44.3678,0.3236,17.3534,0.0000,0.5988
6658.3000,44.3792,0.3237,16.8752,0.0000,0.5987
6658.4000,44.3881,0.3238,16.5650,0.0000,0.5987
6658.5000,44.3968,0.3239,16.4642,0.0000,0.5986
6658.6000,44.4048,0.3240,16.1986,0.0000,0.5986
6658.7000,44.4112,0.3241,15.8379,0.0000,0.5985
6658.8000,44.4161,0.3241,15.5776,0.0000,0.5985
6658.9000,44.4203,0.3242,15.3405,0.0000,0.5984
6659.0000,44.4231,0.3243,14.6880,0.0000,0.5984
6659.1000,44.4218,0.3244,13.6835,0.0000,0.5983
6659.2000,44.4161,0.3245,13.0920,0.0000,0.5983
6659.3000,44.4097,0.3246,12.8164,0.0000,0.5982
6659.4000,44.4017,0.3246,12.5268,0.0000,0.5982
6659.5000,44.3928,0.3247,12.7218,0.0000,0.5982
6659.6000,44.3865,0.3248,13.3647,0.0000,0.5981
6659.7000,44.3832,0.3249,13.9072,0.0000,0.5981
6659.8000,44.3815,0.3250,14.3402,0.0000,0.5980
6659.9000,44.3818,0.3251,14.7972,0.0000,0.5980
6660.0000,44.3840,0.3252,15.1751,0.0000,0.5979
6660.1000,44.3875,0.3253,15.3962,0.0000,0.5979
6660.2000,44.3916,0.3254,15.3386,0.0000,0.5978
6660.3000,44.3946,0.3255,15.0831,0.0000,0.5978
6660.4000,44.3964,0.3256,14.8833,0.0000,0.5977
6660.5000,44.3977,0.3256,14.8150,0.0000,0.5977
6660.6000,44.3990,0.3257,14.8360,0.0000,0.5976
6660.7000,44.4005,0.3258,15.1270,0.0000,0.5976
6660.8000,44.4042,0.3259,15.9885,0.0000,0.5975
6660.9000,44.4130,0.3260,17.2097,0.0000,0.5975
6661.0000,44.4270,0.3261,18.3407,0.0000,0.5974
6661.1000,44.4453,0.3262,19.4129,0.0000,0.5974
6661.2000,44.4684,0.3263,20.6200,0.0000,0.5973
6661.3000,44.4968,0.3264,21.7124,0.0000,0.5972
6661.4000,44.5290,0.3265,22.4394,0.0000,0.5972
6661.5000,44.5634,0.3266,23.0656,0.0000,0.5971
6661.6000,44.6006,0.3267,23.8702,0.0000,0.5970
6661.7000,44.6416,0.3268,24.5460,0.0000,0.5970
6661.8000,44.6843,0.3269,25.0088,0.0000,0.5969
6661.9000,44.7289,0.3270,25.6622,0.0000,0.5968
6662.0000,44.7768,0.3271,26.4422,0.0000,0.5967
6662.1000,44.8277,0.3272,27.1096,0.0000,0.5966
6662.2000,44.8808,0.3273,27.7747,0.0000,0.5966
6662.3000,44.9369,0.3274,28.4907,0.0000,0.5965
6662.4000,44.9957,0.3275,29.0263,0.0000,0.5964
6662.5000,45.0559,0.3276,29.2319,0.0000,0.5963
6662.6000,45.1159,0.3277,29.1915,0.0000,0.5962
6662.7000,45.1753,0.3278,29.2327,0.0000,0.5961
6662.8000,45.2353,0.3279,29.5077,0.0000,0.5960
6662.9000,45.2965,0.3280,29.9248,0.0000,0.5959
6663.0000,45.3595,0.3282,30.4895,0.0000,0.5959
6663.1000,45.4249,0.3283,30.9664,0.0000,0.5958
6663.2000,45.4914,0.3284,30.7705,0.0000,0.5957
6663.3000,45.5547,0.3285,29.8356,0.0000,0.5956
6663.4000,45.6130,0.3286,28.4350,0.0000,0.5955
6663.5000,45.6643,0.3287,26.8882,0.0000,0.5954
6663.6000,45.7094,0.3288,25.4890,0.0000,0.5953
6663.7000,45.7488,0.3289,24.4283,0.0000,0.5953
6663.8000,45.7848,0.3290,23.8256,0.0000,0.5952
6663.9000,45.8191,0.3291,23.7054,0.0000,0.5951
6664.0000,45.8539,0.3292,23.8674,0.0000,0.5950
6664.1000,45.8892,0.3293,23.9721,0.0000,0.5950
6664.2000,45.9247,0.3294,24.0397,0.0000,0.5949
6664.3000,45.9604,0.3296,23.9960,0.0000,0.5948
6664.4000,45.9953,0.3297,23.4590,0.0000,0.5948
6664.5000,46.0263,0.3298,22.1226,0.0000,0.5947
6664.6000,46.0501,0.3299,20.4520,0.0000,0.5946
6664.7000,46.0673,0.3300,18.9129,0.0000,0.5946
6664.8000,46.0783,0.3301,17.3520,0.0000,0.5945
6664.9000,46.0826,0.3302,15.8850,0.0000,0.5945
6665.0000,46.0816,0.3303,15.2051,0.0000,0.5944
6665.1000,46.0804,0.3304,15.3413,0.0000,0.5944
6665.2000,46.0804,0.3306,15.5575,0.0000,0.5943
6665.3000,46.0810,0.3307,15.7708,0.0000,0.5943
6665.4000,46.0828,0.3308,16.2682,0.0000,0.5942
6665.5000,46.0874,0.3309,16.8596,0.0000,0.5942
6665.6000,46.0940,0.3310,17.3401,0.0000,0.5941
6665.7000,46.1025,0.3311,17.7651,0.0000,0.5940
6665.8000,46.1126,0.3312,18.2809,0.0000,0.5940
6665.9000,46.1252,0.3313,18.8943,0.0000,0.5939
6666.0000,46.1402,0.3314,19.4724,0.0000,0.5939
6666.1000,46.1575,0.3315,19.8640,0.0000,0.5938
6666.2000,46.1757,0.3317,20.3420,0.0000,0.5937
6666.3000,46.1967,0.3318,21.0674,0.0000,0.5937
6666.4000,46.2207,0.3319,21.9206,0.0000,0.5936
6666.5000,46.2486,0.3320,22.8481,0.0000,0.5935
6666.6000,46.2799,0.3321,23.6351,0.0000,0.5935
6666.7000,46.3141,0.3322,23.9762,0.0000,0.5934
6666.8000,46.3480,0.3323,23.9551,0.0000,0.5933
6666.9000,46.3817,0.3324,23.6697,0.0000,0.5933
6667.0000,46.4131,0.3325,23.0821,0.0000,0.5932
6667.1000,46.4419,0.3326,22.7096,0.0000,0.5931
6667.2000,46.4701,0.3327,23.1163,0.0000,0.5930
6667.3000,46.5020,0.3329,23.6873,0.0000,0.5930
6667.4000,46.5346,0.3330,24.0433,0.0000,0.5929
6667.5000,46.5692,0.3331,24.4479,0.0000,0.5928
6667.6000,46.6049,0.3332,24.6779,0.0000,0.5927
6667.7000,46.6411,0.3333,24.3827,0.0000,0.5927
6667.8000,46.6741,0.3334,24.0766,0.0000,0.5926
6667.9000,46.7077,0.3335,24.2832,0.0000,0.5925
6668.0000,46.7422,0.3336,24.8324,0.0000,0.5925
6668.1000,46.7800,0.3337,25.3581,0.0000,0.5924
6668.2000,46.8185,0.3338,25.6513,0.0000,0.5923
6668.3000,46.8584,0.3339,25.8433,0.0000,0.5922
6668.4000,46.8982,0.3340,25.7096,0.0000,0.5921
6668.5000,46.9367,0.3341,25.4272,0.0000,0.5921
6668.6000,46.9740,0.3342,25.6414,0.0000,0.5920
6668.7000,47.0140,0.3343,26.2889,0.0000,0.5919
6668.8000,47.0562,0.3344,26.5287,0.0000,0.5918
6668.9000,47.0979,0.3345,26.3318,0.0000,0.5917
6669.0000,47.1383,0.3346,26.0113,0.0000,0.5917
6669.1000,47.1771,0.3348,25.5131,0.0000,0.5916
6669.2000,47.2132,0.3349,25.2455,0.0000,0.5915
6669.3000,47.2497,0.3350,25.4558,0.0000,0.5914
6669.4000,47.2873,0.3351,25.9712,0.0000,0.5914
6669.5000,47.3276,0.3352,26.2886,0.0000,0.5913
6669.6000,47.3674,0.3353,26.2399,0.0000,0.5912
6669.7000,47.4071,0.3354,25.7669,0.0000,0.5911
6669.8000,47.4429,0.3354,25.0407,0.0000,0.5910
6669.9000,47.4766,0.3355,24.3721,0.0000,0.5910
6670.0000,47.5069,0.3356,23.8900,0.0000,0.5909
6670.1000,47.5366,0.3357,23.8872,0.0000,0.5908
6670.2000,47.5667,0.3358,24.3868,0.0000,0.5908
6670.3000,47.6001,0.3359,24.7705,0.0000,0.5907
6670.4000,47.6330,0.3360,24.7924,0.0000,0.5906
6670.5000,47.6664,0.3361,24.8483,0.0000,0.5905
6670.6000,47.6996,0.3362,24.8755,0.0000,0.5905
6670.7000,47.7330,0.3363,24.7661,0.0000,0.5904
6670.8000,47.7651,0.3364,24.6510,0.0000,0.5903
6670.9000,47.7974,0.3365,24.6591,0.0000,0.5902
6671.0000,47.8293,0.3366,24.6866,0.0000,0.5902
6671.1000,47.8616,0.3367,24.4082,0.0000,0.5901
6671.2000,47.8912,0.3368,23.6750,0.0000,0.5900
6671.3000,47.9175,0.3368,23.1086,0.0000,0.5899
6671.4000,47.9425,0.3369,22.5609,0.0000,0.5899
6671.5000,47.9644,0.3370,21.6524,0.0000,0.5898
6671.6000,47.9820,0.3371,20.6665,0.0000,0.5897
6671.7000,47.9960,0.3372,20.0015,0.0000,0.5897
6671.8000,48.0083,0.3373,19.6794,0.0000,0.5896
6671.9000,48.0198,0.3373,19.4960,0.0000,0.5896
6672.0000,48.0306,0.3374,19.5786,0.0000,0.5895
6672.1000,48.0426,0.3375,19.8872,0.0000,0.5894
6672.2000,48.0558,0.3376,20.2704,0.0000,0.5894
6672.3000,48.0707,0.3377,20.7565,0.0000,0.5893
6672.4000,48.0877,0.3377,21.3929,0.0000,0.5892
6672.5000,48.1075,0.3378,22.0499,0.0000,0.5892
6672.6000,48.1295,0.3379,22.5975,0.0000,0.5891
6672.7000,48.1535,0.3380,22.7945,0.0000,0.5890
6672.8000,48.1769,0.3380,22.5812,0.0000,0.5890
6672.9000,48.1991,0.3381,22.2698,0.0000,0.5889
6673.0000,48.2199,0.3382,21.6365,0.0000,0.5888
6673.1000,48.2370,0.3382,20.7580,0.0000,0.5888
6673.2000,48.2508,0.3383,19.9917,0.0000,0.5887
6673.3000,48.2619,0.3384,19.3028,0.0000,0.5886
6673.4000,48.2702,0.3384,18.5578,0.0000,0.5886
6673.5000,48.2754,0.3385,17.7765,0.0000,0.5885
6673.6000,48.2776,0.3386,16.9601,0.0000,0.5885
6673.7000,48.2764,0.3386,16.0942,0.0000,0.5884
6673.8000,48.2719,0.3387,15.1709,0.0000,0.5884
6673.9000,48.2635,0.3387,14.2669,0.0000,0.5883
6674.0000,48.2519,0.3388,13.7706,0.0000,0.5883
6674.1000,48.2396,0.3388,13.4985,0.0000,0.5882
6674.2000,48.2259,0.3389,13.0608,0.0000,0.5882
6674.3000,48.2103,0.3389,12.4914,0.0000,0.5882
6674.4000,48.1922,0.3390,11.8051,0.0000,0.5881
6674.5000,48.1713,0.3390,11.0373,0.0000,0.5881
6674.6000,48.1473,0.3391,10.5234,0.0000,0.5880
6674.7000,48.1224,0.3391,10.5783,0.0000,0.5880
6674.8000,48.0989,0.3392,10.7724,0.0000,0.5880
6674.9000,48.0756,0.3392,11.1343,0.0000,0.5879
6675.0000,48.0550,0.3393,11.8328,0.0000,0.5879
6675.1000,48.0373,0.3393,12.4985,0.0000,0.5878
6675.2000,48.0221,0.3393,12.9535,0.0000,0.5878
6675.3000,48.0080,0.3394,13.6203,0.0000,0.5878
6675.4000,47.9980,0.3394,14.5324,0.0000,0.5877
6675.5000,47.9912,0.3395,15.4660,0.0000,0.5877
6675.6000,47.9886,0.3395,16.4891,0.0000,0.5876
6675.7000,47.9898,0.3395,17.4347,0.0000,0.5876
6675.8000,47.9946,0.3395,18.0964,0.0000,0.5875
6675.9000,48.0010,0.3396,18.1568,0.0000,0.5874
6676.0000,48.0063,0.3396,17.7905,0.0000,0.5874
6676.1000,48.0097,0.3396,17.1965,0.0000,0.5873
6676.2000,48.0103,0.3396,16.1715,0.0000,0.5873
6676.3000,48.0057,0.3397,14.7642,0.0000,0.5872
6676.4000,47.9953,0.3397,13.3210,0.0000,0.5872
6676.5000,47.9793,0.3397,11.8302,0.0000,0.5872
6676.6000,47.9572,0.3397,10.3961,0.0000,0.5871
6676.7000,47.9301,0.3397,9.5598,0.0000,0.5871
6676.8000,47.9015,0.3397,9.1929,0.0000,0.5871
6676.9000,47.8716,0.3397,9.0351,0.0000,0.5870
6677.0000,47.8418,0.3398,8.8818,0.0000,0.5870
6677.1000,47.8108,0.3398,8.5933,0.0000,0.5870
6677.2000,47.7789,0.3398,8.4815,0.0000,0.5869
6677.3000,47.7471,0.3398,8.6107,0.0000,0.5869
6677.4000,47.7163,0.3398,8.7921,0.0000,0.5869
6677.5000,47.6860,0.3398,9.1368,0.0000,0.5868
6677.6000,47.6580,0.3398,9.6447,0.0000,0.5868
6677.7000,47.6319,0.3398,9.7611,0.0000,0.5868
6677.8000,47.6050,0.3398,9.6098,0.0000,0.5867
6677.9000,47.5777,0.3397,9.7182,0.0000,0.5867
6678.0000,47.5517,0.3397,10.1527,0.0000,0.5867
6678.1000,47.5280,0.3397,10.6327,0.0000,0.5866
6678.2000,47.5059,0.3397,11.0761,0.0000,0.5866
6678.3000,47.4859,0.3397,11.7725,0.0000,0.5866
6678.4000,47.4694,0.3397,12.6557,0.0000,0.5865
6678.5000,47.4564,0.3396,13.2531,0.0000,0.5865
6678.6000,47.4447,0.3396,13.6605,0.0000,0.5864
6678.7000,47.4350,0.3396,14.3501,0.0000,0.5864
6678.8000,47.4289,0.3396,15.0261,0.0000,0.5863
6678.9000,47.4246,0.3395,15.2123,0.0000,0.5863
6679.0000,47.4199,0.3395,15.1100,0.0000,0.5862
6679.1000,47.4149,0.3395,15.0021,0.0000,0.5862
6679.2000,47.4094,0.3394,14.5600,0.0000,0.5861
6679.3000,47.4008,0.3394,13.8854,0.0000,0.5861
6679.4000,47.3900,0.3394,13.4662,0.0000,0.5860
6679.5000,47.3781,0.3393,13.4253,0.0000,0.5860
6679.6000,47.3670,0.3393,13.2190,0.0000,0.5860
6679.7000,47.3536,0.3392,12.7940,0.0000,0.5859
6679.8000,47.3392,0.3392,12.5006,0.0000,0.5859
6679.9000,47.3234,0.3391,11.9240,0.0000,0.5858
6680.0000,47.3045,0.3391,11.0542,0.0000,0.5858
6680.1000,47.2819,0.3390,10.2870,0.0000,0.5858
6680.2000,47.2569,0.3390,9.6697,0.0000,0.5857
6680.3000,47.2295,0.3389,9.0506,0.0000,0.5857
6680.4000,47.1996,0.3389,8.7924,0.0000,0.5857
6680.5000,47.1702,0.3388,8.7228,0.0000,0.5856
6680.6000,47.1399,0.3387,8.6996,0.0000,0.5856
6680.7000,47.1105,0.3387,8.9200,0.0000,0.5856
6680.8000,47.0821,0.3386,9.2124,0.0000,0.5855
6680.9000,47.0550,0.3385,9.3860,0.0000,0.5855
6681.0000,47.0281,0.3384,9.6868,0.0000,0.5855
6681.1000,47.0036,0.3384,9.9840,0.0000,0.5854
6681.2000,46.9791,0.3383,9.9417,0.0000,0.5854
6681.3000,46.9544,0.3382,9.7141,0.0000,0.5854
6681.4000,46.9282,0.3381,9.3077,0.0000,0.5853
6681.5000,46.9003,0.3380,8.7315,0.0000,0.5853
6681.6000,46.8696,0.3380,8.3462,0.0000,0.5853
6681.7000,46.8386,0.3379,8.3847,0.0000,0.5852
6681.8000,46.8083,0.3378,8.6415,0.0000,0.5852
6681.9000,46.7796,0.3377,9.1321,0.0000,0.5852
6682.0000,46.7534,0.3376,9.8536,0.0000,0.5851
6682.1000,46.7306,0.3375,10.8572,0.0000,0.5851
6682.2000,46.7125,0.3374,11.9180,0.0000,0.5851
6682.3000,46.6984,0.3373,12.9045,0.0000,0.5850
6682.4000,46.6884,0.3372,14.1311,0.0000,0.5850
6682.5000,46.6842,0.3371,15.3023,0.0000,0.5849
6682.6000,46.6837,0.3369,16.1231,0.0000,0.5849
6682.7000,46.6861,0.3368,16.9995,0.0000,0.5848
6682.8000,46.6927,0.3367,18.0630,0.0000,0.5848
6682.9000,46.7038,0.3366,19.0765,0.0000,0.5847
6683.0000,46.7185,0.3365,19.9014,0.0000,0.5847
6683.1000,46.7361,0.3364,20.6577,0.0000,0.5846
6683.2000,46.7569,0.3362,21.6271,0.0000,0.5845
6683.3000,46.7822,0.3361,22.8113,0.0000,0.5845
6683.4000,46.8124,0.3360,24.1086,0.0000,0.5844
6683.5000,46.8481,0.3358,25.4259,0.0000,0.5843
6683.6000,46.8887,0.3357,26.2328,0.0000,0.5842
6683.7000,46.9306,0.3356,26.1054,0.0000,0.5841
6683.8000,46.9699,0.3354,25.4015,0.0000,0.5841
6683.9000,47.0059,0.3353,24.3145,0.0000,0.5840
6684.0000,47.0363,0.3351,23.1309,0.0000,0.5839
6684.1000,47.0626,0.3350,22.2163,0.0000,0.5839
6684.2000,47.0855,0.3348,21.6052,0.0000,0.5838
6684.3000,47.1068,0.3347,21.1939,0.0000,0.5837
6684.4000,47.1263,0.3345,20.7749,0.0000,0.5837
6684.5000,47.1441,0.3343,20.1218,0.0000,0.5836
6684.6000,47.1583,0.3342,19.2497,0.0000,0.5835
6684.7000,47.1691,0.3340,18.6641,0.0000,0.5835
6684.8000,47.1785,0.3338,18.2595,0.0000,0.5834
6684.9000,47.1860,0.3337,17.8870,0.0000,0.5834
6685.0000,47.1925,0.3335,17.8436,0.0000,0.5833
6685.1000,47.1996,0.3333,17.8696,0.0000,0.5833
6685.2000,47.2062,0.3331,17.4909,0.0000,0.5832
6685.3000,47.2103,0.3329,17.1512,0.0000,0.5831
6685.4000,47.2142,0.3327,16.9500,0.0000,0.5831
6685.5000,47.2167,0.3326,16.6940,0.0000,0.5830
6685.6000,47.2186,0.3324,16.8538,0.0000,0.5830
6685.7000,47.2223,0.3322,17.2822,0.0000,0.5829
6685.8000,47.2276,0.3320,17.8332,0.0000,0.5829
6685.9000,47.2358,0.3318,18.4095,0.0000,0.5828
6686.0000,47.2456,0.3316,18.7063,0.0000,0.5828
6686.1000,47.2561,0.3314,18.6252,0.0000,0.5827
6686.2000,47.2653,0.3311,18.5739,0.0000,0.5826
6686.3000,47.2753,0.3309,18.4620,0.0000,0.5826
6686.4000,47.2835,0.3307,18.2550,0.0000,0.5825
6686.5000,47.2919,0.3305,18.2511,0.0000,0.5825
6686.6000,47.3001,0.3303,18.5963,0.0000,0.5824
6686.7000,47.3112,0.3300,19.1501,0.0000,0.5824
6686.8000,47.3238,0.3298,19.4080,0.0000,0.5823
6686.9000,47.3369,0.3296,19.5860,0.0000,0.5822
6687.0000,47.3508,0.3294,19.7609,0.0000,0.5822
6687.1000,47.3652,0.3291,19.6117,0.0000,0.5821
6687.2000,47.3779,0.3289,19.1310,0.0000,0.5820
6687.3000,47.3885,0.3286,18.5805,0.0000,0.5820
6687.4000,47.3967,0.3284,18.0272,0.0000,0.5819
6687.5000,47.4029,0.3281,17.5022,0.0000,0.5819
6687.6000,47.4069,0.3279,16.8406,0.0000,0.5818
6687.7000,47.4078,0.3276,16.0071,0.0000,0.5818
6687.8000,47.4052,0.3274,15.1747,0.0000,0.5817
6687.9000,47.3995,0.3271,14.5783,0.0000,0.5817
6688.0000,47.3922,0.3268,14.4538,0.0000,0.5816
6688.1000,47.3855,0.3266,14.7850,0.0000,0.5816
6688.2000,47.3809,0.3263,15.3067,0.0000,0.5815
6688.3000,47.3784,0.3260,15.7456,0.0000,0.5815
6688.4000,47.3774,0.3257,15.7065,0.0000,0.5814
6688.5000,47.3746,0.3255,15.4055,0.0000,0.5814
6688.6000,47.3711,0.3252,15.4083,0.0000,0.5813
6688.7000,47.3684,0.3249,15.6739,0.0000,0.5813
6688.8000,47.3671,0.3246,15.8723,0.0000,0.5812
6688.9000,47.3660,0.3243,16.0105,0.0000,0.5812
6689.0000,47.3659,0.3240,15.9676,0.0000,0.5811
6689.1000,47.3645,0.3237,15.5683,0.0000,0.5811
6689.2000,47.3611,0.3234,14.9800,0.0000,0.5810
6689.3000,47.3551,0.3231,14.6230,0.0000,0.5810
6689.4000,47.3489,0.3228,14.6762,0.0000,0.5809
6689.5000,47.3433,0.3225,14.6498,0.0000,0.5809
6689.6000,47.3370,0.3222,14.7957,0.0000,0.5808
6689.7000,47.3327,0.3218,15.1668,0.0000,0.5808
6689.8000,47.3294,0.3215,15.5644,0.0000,0.5807
6689.9000,47.3282,0.3212,16.0529,0.0000,0.5807
6690.0000,47.3288,0.3209,16.7686,0.0000,0.5806
6690.1000,47.3334,0.3205,17.5142,0.0000,0.5806
6690.2000,47.3400,0.3202,18.2489,0.0000,0.5805
6690.3000,47.3504,0.3199,19.1846,0.0000,0.5805
6690.4000,47.3644,0.3195,20.0669,0.0000,0.5804
6690.5000,47.3818,0.3192,20.6742,0.0000,0.5803
6690.6000,47.4006,0.3188,20.9860,0.0000,0.5803
6690.7000,47.4204,0.3185,21.1008,0.0000,0.5802
6690.8000,47.4400,0.3181,21.0492,0.0000,0.5802
6690.9000,47.4593,0.3178,20.8611,0.0000,0.5801
6691.0000,47.4773,0.3174,7.3307,0.0000,0.5801
6691.1000,47.3889,0.3170,-19.4586,0.0000,0.5801
6691.2000,47.1938,0.3167,-46.0612,0.0000,0.5802
6691.3000,46.8923,0.3163,-72.4118,0.0000,0.5804
6691.4000,46.4832,0.3159,-98.2128,0.0000,0.5805
6691.5000,45.9678,0.3156,-110.1893,0.0000,0.5807
6691.6000,45.4524,0.3152,-109.0725,0.0000,0.5808
6691.7000,44.9369,0.3148,-107.9517,0.0000,0.5810
6691.8000,44.4215,0.3145,-106.8269,0.0000,0.5812
6691.9000,43.9061,0.3141,-105.6982,0.0000,0.5813
6692.0000,43.3907,0.3137,-104.5657,0.0000,0.5815
6692.1000,42.8752,0.3134,-103.4293,0.0000,0.5816
6692.2000,42.3598,0.3130,-102.2892,0.0000,0.5818
6692.3000,41.8444,0.3127,-101.1454,0.0000,0.5820
6692.4000,41.3290,0.3123,-99.9979,0.0000,0.5821
6692.5000,40.8135,0.3119,-98.8467,0.0000,0.5823
6692.6000,40.2981,0.3116,-97.6919,0.0000,0.5824
6692.7000,39.7827,0.3112,-96.5336,0.0000,0.5826
6692.8000,39.2673,0.3109,-95.3718,0.0000,0.5828
6692.9000,38.7518,0.3105,-94.2065,0.0000,0.5829
6693.0000,38.2364,0.3102,-93.0378,0.0000,0.5831
6693.1000,37.7210,0.3099,-91.8658,0.0000,0.5832
6693.2000,37.2056,0.3095,-90.6904,0.0000,0.5834
6693.3000,36.6901,0.3092,-89.5117,0.0000,0.5836
6693.4000,36.1747,0.3088,-88.3298,0.0000,0.5837
6693.5000,35.6593,0.3085,-87.1447,0.0000,0.5839
6693.6000,35.1439,0.3082,-85.9564,0.0000,0.5840
6693.7000,34.6284,0.3079,-84.7651,0.0000,0.5842
6693.8000,34.1130,0.3075,-83.5707,0.0000,0.5844
6693.9000,33.5976,0.3072,-82.3732,0.0000,0.5845
6694.0000,33.0822,0.3069,-81.1728,0.0000,0.5847
6694.1000,32.5667,0.3066,-79.9695,0.0000,0.5848
6694.2000,32.0513,0.3063,-78.7633,0.0000,0.5850
6694.3000,31.5359,0.3060,-77.5542,0.0000,0.5852
6694.4000,31.0204,0.3057,-76.3424,0.0000,0.5853
6694.5000,30.5050,0.3054,-75.1278,0.0000,0.5855
6694.6000,29.9896,0.3051,-73.9105,0.0000,0.5856
6694.7000,29.4742,0.3048,-72.6906,0.0000,0.5858
6694.8000,28.9587,0.3045,-71.4680,0.0000,0.5859
6694.9000,28.4433,0.3042,-70.2429,0.0000,0.5861
6695.0000,27.9279,0.3039,-69.0153,0.0000,0.5862
6695.1000,27.4125,0.3036,-67.7851,0.0000,0.5864
6695.2000,26.8970,0.3034,-66.5526,0.0000,0.5865
6695.3000,26.3816,0.3031,-65.3177,0.0000,0.5866
6695.4000,25.8662,0.3028,-64.0804,0.0000,0.5868
6695.5000,25.3508,0.3026,-62.8408,0.0000,0.5869
6695.6000,24.8353,0.3023,-61.5990,0.0000,0.5870
6695.7000,24.3199,0.3021,-60.3550,0.0000,0.5872
6695.8000,23.8045,0.3018,-59.1088,0.0000,0.5873
6695.9000,23.2891,0.3016,-57.8605,0.0000,0.5874
6696.0000,22.7736,0.3013,-56.6101,0.0000,0.5875
6696.1000,22.2582,0.3011,-55.3577,0.0000,0.5876
6696.2000,21.7428,0.3009,-54.1034,0.0000,0.5877
6696.3000,21.2274,0.3006,-52.8471,0.0000,0.5878
6696.4000,20.7119,0.3004,-51.5889,0.0000,0.5879
6696.5000,20.1965,0.3002,-50.3289,0.0000,0.5880
6696.6000,19.6811,0.3000,-49.0670,0.0000,0.5881
6696.7000,19.1657,0.2998,-47.8035,0.0000,0.5882
6696.8000,18.6502,0.2996,-46.5382,0.0000,0.5883
6696.9000,18.1348,0.2994,-45.2712,0.0000,0.5884
6697.0000,17.6194,0.2992,-44.0027,0.0000,0.5885
6697.1000,17.1040,0.2990,-42.7326,0.0000,0.5886
6697.2000,16.5885,0.2988,-41.4609,0.0000,0.5887
6697.3000,16.0731,0.2987,-40.1878,0.0000,0.5888
6697.4000,15.5577,0.2985,-38.9133,0.0000,0.5888
6697.5000,15.0423,0.2983,-37.6373,0.0000,0.5889
6697.6000,14.5268,0.2982,-36.3601,0.0000,0.5890
6697.7000,14.0114,0.2980,-35.0815,0.0000,0.5890
6697.8000,13.4960,0.2979,-33.8017,0.0000,0.5891
6697.9000,12.9806,0.2977,-32.5207,0.0000,0.5892
6698.0000,12.4651,0.2976,-31.2385,0.0000,0.5892
6698.1000,11.9497,0.2974,-29.9552,0.0000,0.5893
6698.2000,11.4343,0.2973,-28.6709,0.0000,0.5893
6698.3000,10.9188,0.2972,-27.3855,0.0000,0.5894
6698.4000,10.4034,0.2971,-26.0992,0.0000,0.5894
6698.5000,9.8880,0.2970,-24.8119,0.0000,0.5895
6698.6000,9.3726,0.2969,-23.5237,0.0000,0.5895
6698.7000,8.8571,0.2968,-22.2347,0.0000,0.5895
6698.8000,8.3417,0.2967,-20.9450,0.0000,0.5896
6698.9000,7.8263,0.2966,-19.6545,0.0000,0.5896
6699.0000,7.3109,0.2965,-18.3632,0.0000,0.5896
6699.1000,6.7954,0.2964,-17.0714,0.0000,0.5896
6699.2000,6.2800,0.2963,-15.1263,0.0000,0.5897
6699.3000,5.8038,0.2963,-12.7154,0.0000,0.5897
6699.4000,5.3708,0.2962,-10.4895,0.0000,0.5897
6699.5000,4.9845,0.2961,-8.4563,0.0000,0.5897
6699.6000,4.6484,0.2961,-6.6116,0.0000,0.5897
6699.7000,4.3657,0.2960,-5.3940,0.0000,0.5897
6699.8000,4.1002,0.2960,-4.7045,0.0000,0.5897
6699.9000,3.8508,0.2960,-4.0995,0.0000,0.5897
6700.0000,3.6167,0.2959,-3.5690,0.0000,0.5897
6700.1000,3.3967,0.2959,-3.1038,0.0000,0.5897
6700.2000,3.1901,0.2958,-2.6962,0.0000,0.5896
6700.3000,2.9961,0.2958,-2.3392,0.0000,0.5896
6700.4000,2.8139,0.2958,-2.0266,0.0000,0.5896
6700.5000,2.6428,0.2957,-1.7531,0.0000,0.5896
6700.6000,2.4821,0.2957,-1.5140,0.0000,0.5896
6700.7000,2.3311,0.2957,-1.3050,0.0000,0.5896
6700.8000,2.1894,0.2957,-1.1225,0.0000,0.5896
6700.9000,2.0562,0.2956,-0.9633,0.0000,0.5896
6701.0000,1.9312,0.2956,-0.8245,0.0000,0.5896
6701.1000,1.8137,0.2956,-0.7035,0.0000,0.5896
6701.2000,1.7034,0.2956,-0.5983,0.0000,0.5896
6701.3000,1.5998,0.2956,-0.5069,0.0000,0.5896
6701.4000,1.5026,0.2955,-0.4275,0.0000,0.5896
6701.5000,1.4112,0.2955,-0.3586,0.0000,0.5896
6701.6000,1.3254,0.2955,-0.2990,0.0000,0.5896
6701.7000,1.2448,0.2955,-0.2475,0.0000,0.5896
6701.8000,1.1691,0.2955,-0.2030,0.0000,0.5896
6701.9000,1.0980,0.2955,-0.1647,0.0000,0.5896
6702.0000,1.0312,0.2954,-0.1318,0.0000,0.5896
6702.1000,0.9685,0.2954,-0.1036,0.0000,0.5895
6702.2000,0.9096,0.2954,-0.0795,0.0000,0.5895
6702.3000,0.8543,0.2954,-0.0590,0.0000,0.5895
6702.4000,0.8023,0.2954,-0.0415,0.0000,0.5895
6702.5000,0.7535,0.2954,-0.0268,0.0000,0.5895
6702.6000,0.7077,0.2954,-0.0144,0.0000,0.5895
6702.7000,0.6647,0.2954,-0.0040,0.0000,0.5895
6702.8000,0.6242,0.2954,0.0046,0.0000,0.5895
6702.9000,0.5863,0.2954,0.0118,0.0000,0.5895
6703.0000,0.5506,0.2954,0.0176,0.0000,0.5895
6703.1000,0.5171,0.2954,0.0223,0.0000,0.5895
6703.2000,0.4857,0.2954,0.0260,0.0000,0.5895
6703.3000,0.4562,0.2953,0.0289,0.0000,0.5895
6703.4000,0.4284,0.2953,0.0311,0.0000,0.5895
6703.5000,0.4024,0.2953,0.0327,0.0000,0.5895
6703.6000,0.3779,0.2953,0.0338,0.0000,0.5895
6703.7000,0.3549,0.2953,0.0344,0.0000,0.5895
6703.8000,0.3333,0.2953,0.0347,0.0000,0.5895
6703.9000,0.3131,0.2953,0.0347,0.0000,0.5895
6704.0000,0.2940,0.2953,0.0345,0.0000,0.5894
6704.1000,0.2761,0.2953,0.0340,0.0000,0.5894
6704.2000,0.2593,0.2953,0.0334,0.0000,0.5894
6704.3000,0.2436,0.2953,0.0326,0.0000,0.5894
6704.4000,0.2288,0.2953,0.0318,0.0000,0.5894
6704.5000,0.2148,0.2953,0.0308,0.0000,0.5894
6704.6000,0.2018,0.2953,-0.0714,0.0000,0.5894
6704.7000,0.0000,0.2953,-0.0000,0.0000,0.5894
6704.8000,0.0000,0.2953,0.0000,0.0000,0.5894
6704.9000,0.0000,0.2953,0.0000,0.0000,0.5894
6705.0000,0.0000,0.2953,0.0000,0.0000,0.5894
6705.1000,0.0000,0.2953,0.0000,0.0000,0.5894
6705.2000,0.0000,0.2953,0.0000,0.0000,0.5894
6705.3000,0.0000,0.2953,0.0000,0.0000,0.5894
6705.4000,0.0000,0.2953,0.0000,0.0000,0.5894
6705.5000,0.0000,0.2953,0.0000,0.0000,0.5894
6705.6000,0.0000,0.2953,0.0000,0.0000,0.5894
6705.7000,0.0000,0.2953,0.0000,0.0000,0.5894
6705.8000,0.0000,0.2953,0.0000,0.0000,0.5894
6705.9000,0.0000,0.2953,0.0000,0.0000,0.5893
6706.0000,0.0000,0.2953,0.0000,0.0000,0.5893
6706.1000,0.0000,0.2953,0.0000,0.0000,0.5893
6706.2000,0.0000,0.2953,0.0000,0.0000,0.5893
6706.3000,0.0000,0.2953,0.0000,0.0000,0.5893
6706.4000,0.0000,0.2953,0.0000,0.0000,0.5893
6706.5000,0.0000,0.2953,0.0000,0.0000,0.5893
6706.6000,0.0000,0.2953,0.0000,0.0000,0.5893
6706.7000,0.0000,0.2953,0.0000,0.0000,0.5893
6706.8000,0.0000,0.2953,0.0000,0.0000,0.5893
6706.9000,0.0000,0.2953,0.0000,0.0000,0.5893
6707.0000,0.0000,0.2953,0.0000,0.0000,0.5893
6707.1000,0.0000,0.2953,0.0000,0.0000,0.5893
6707.2000,0.0000,0.2953,0.0000,0.0000,0.5893
6707.3000,0.0000,0.2953,0.0000,0.0000,0.5893
6707.4000,0.0000,0.2953,0.0000,0.0000,0.5893
6707.5000,0.0000,0.2953,0.0000,0.0000,0.5893
6707.6000,0.0000,0.2953,0.0000,0.0000,0.5893
6707.7000,0.0000,0.2953,0.0000,0.0000,0.5893
6707.8000,0.0000,0.2953,0.0000,0.0000,0.5892
6707.9000,0.0000,0.2953,0.0000,0.0000,0.5892
6708.0000,0.0000,0.2953,0.0000,0.0000,0.5892
6708.1000,0.0000,0.2953,0.0000,0.0000,0.5892
6708.2000,0.0000,0.2953,0.0000,0.0000,0.5892
6708.3000,0.0000,0.2953,0.0000,0.0000,0.5892
6708.4000,0.0000,0.2953,0.0000,0.0000,0.5892
6708.5000,0.0000,0.2953,0.0000,0.0000,0.5892
6708.6000,0.0000,0.2953,0.0000,0.0000,0.5892
6708.7000,0.0000,0.2953,0.0000,0.0000,0.5892
6708.8000,0.0000,0.2953,0.0000,0.0000,0.5892
6708.9000,0.0000,0.2953,0.0000,0.0000,0.5892
6709.0000,0.0000,0.2953,0.0000,0.0000,0.5892
6709.1000,0.0000,0.2953,0.0000,0.0000,0.5892
6709.2000,0.0000,0.2953,0.0000,0.0000,0.5892
6709.3000,0.0000,0.2953,0.0000,0.0000,0.5892
6709.4000,0.0000,0.2953,0.0000,0.0000,0.5892
6709.5000,0.0000,0.2953,0.0000,0.0000,0.5892
6709.6000,0.0000,0.2953,0.0000,0.0000,0.5892
6709.7000,0.0000,0.2953,0.0000,0.0000,0.5891
6709.8000,0.0000,0.2953,0.0000,0.0000,0.5891
6709.9000,0.0000,0.2953,0.0000,0.0000,0.5891
6710.0000,0.0000,0.2953,0.0000,0.0000,0.5891
6710.1000,0.0000,0.2953,0.0000,0.0000,0.5891
6710.2000,0.0000,0.2953,0.0000,0.0000,0.5891
6710.3000,0.0000,0.2953,0.0000,0.0000,0.5891
6710.4000,0.0000,0.2953,0.0000,0.0000,0.5891
6710.5000,0.0000,0.2953,0.0000,0.0000,0.5891
6710.6000,0.0000,0.2953,0.0000,0.0000,0.5891
6710.7000,0.0000,0.2953,0.0000,0.0000,0.5891
6710.8000,0.0000,0.2953,0.0000,0.0000,0.5891
6710.9000,0.0000,0.2953,0.0000,0.0000,0.5891
6711.0000,0.0000,0.2953,0.0000,0.0000,0.5891
6711.1000,0.0000,0.2953,0.0000,0.0000,0.5891
6711.2000,0.0000,0.2953,0.0000,0.0000,0.5891
6711.3000,0.0000,0.2953,0.0000,0.0000,0.5891
6711.4000,0.0000,0.2953,0.0000,0.0000,0.5891
6711.5000,0.0000,0.2953,0.0000,0.0000,0.5891
6711.6000,0.0000,0.2953,0.0000,0.0000,0.5891
6711.7000,0.0000,0.2953,0.0000,0.0000,0.5890
6711.8000,0.0000,0.2953,0.0000,0.0000,0.5890
6711.9000,0.0000,0.2953,0.0000,0.0000,0.5890
6712.0000,0.0000,0.2953,0.0000,0.0000,0.5890
6712.1000,0.0000,0.2953,0.0000,0.0000,0.5890
6712.2000,0.0000,0.2953,0.0000,0.0000,0.5890
6712.3000,0.0000,0.2953,0.0000,0.0000,0.5890
6712.4000,0.0000,0.2953,0.0000,0.0000,0.5890
6712.5000,0.0000,0.2953,0.0000,0.0000,0.5890
6712.6000,0.0000,0.2953,0.0000,0.0000,0.5890
6712.7000,0.0000,0.2953,0.0000,0.0000,0.5890
6712.8000,0.0000,0.2953,0.0000,0.0000,0.5890
6712.9000,0.0000,0.2953,0.0000,0.0000,0.5890
6713.0000,0.0000,0.2953,0.0000,0.0000,0.5890
6713.1000,0.0000,0.2953,0.0000,0.0000,0.5890
6713.2000,0.0000,0.2953,0.0000,0.0000,0.5890
6713.3000,0.0000,0.2953,0.0000,0.0000,0.5890
6713.4000,0.0000,0.2953,0.0000,0.0000,0.5890
6713.5000,0.0000,0.2953,0.0000,0.0000,0.5890
6713.6000,0.0000,0.2953,0.0000,0.0000,0.5889
6713.7000,0.0000,0.2953,0.0000,0.0000,0.5889
6713.8000,0.0000,0.2953,0.0000,0.0000,0.5889
6713.9000,0.0000,0.2953,0.0000,0.0000,0.5889
6714.0000,0.0000,0.2953,0.0000,0.0000,0.5889
6714.1000,0.0000,0.2953,0.0000,0.0000,0.5889
6714.2000,0.0000,0.2953,0.0000,0.0000,0.5889
6714.3000,0.0000,0.2953,0.0000,0.0000,0.5889
6714.4000,0.0000,0.2953,0.0000,0.0000,0.5889
6714.5000,0.0000,0.2953,0.0000,0.0000,0.5889
6714.6000,0.0000,0.2953,0.0000,0.0000,0.5889
6714.7000,0.0000,0.2953,0.0000,0.0000,0.5889
6714.8000,0.0000,0.2953,0.0000,0.0000,0.5889
6714.9000,0.0000,0.2953,0.0000,0.0000,0.5889
6715.0000,0.0000,0.2953,0.0000,0.0000,0.5889
6715.1000,0.0000,0.2953,0.0000,0.0000,0.5889
6715.2000,0.0000,0.2953,0.0000,0.0000,0.5889
6715.3000,0.0000,0.2953,0.0000,0.0000,0.5889
6715.4000,0.0000,0.2953,0.0000,0.0000,0.5889
6715.5000,0.0000,0.2953,0.0000,0.0000,0.5888
6715.6000,0.0000,0.2953,0.0000,0.0000,0.5888
6715.7000,0.0000,0.2953,0.0000,0.0000,0.5888
6715.8000,0.0000,0.2953,0.0000,0.0000,0.5888
6715.9000,0.0000,0.2953,0.0000,0.0000,0.5888
6716.0000,0.0000,0.2953,0.0000,0.0000,0.5888
6716.1000,0.0000,0.2953,0.0000,0.0000,0.5888
6716.2000,0.0000,0.2953,0.0000,0.0000,0.5888
6716.3000,0.0000,0.2953,0.0000,0.0000,0.5888
6716.4000,0.0000,0.2953,0.0000,0.0000,0.5888
6716.5000,0.0000,0.2953,0.0000,0.0000,0.5888
6716.6000,0.0000,0.2953,0.0000,0.0000,0.5888
6716.7000,0.0000,0.2953,0.0000,0.0000,0.5888
6716.8000,0.0000,0.2953,0.0000,0.0000,0.5888
6716.9000,0.0000,0.2953,0.0000,0.0000,0.5888
6717.0000,0.0000,0.2953,0.0000,0.0000,0.5888
6717.1000,0.0000,0.2953,0.0000,0.0000,0.5888
6717.2000,0.0000,0.2953,0.0000,0.0000,0.5888
6717.3000,0.0000,0.2953,0.0000,0.0000,0.5888
6717.4000,0.0000,0.2953,0.0000,0.0000,0.5888
6717.5000,0.0000,0.2953,0.0000,0.0000,0.5887
6717.6000,0.0000,0.2953,0.0000,0.0000,0.5887
6717.7000,0.0000,0.2953,0.0000,0.0000,0.5887
6717.8000,0.0000,0.2953,0.0000,0.0000,0.5887
6717.9000,0.0000,0.2953,0.0000,0.0000,0.5887
6718.0000,0.0000,0.2953,0.0000,0.0000,0.5887
6718.1000,0.0000,0.2953,0.0000,0.0000,0.5887
6718.2000,0.0000,0.2953,0.0000,0.0000,0.5887
6718.3000,0.0000,0.2953,0.0000,0.0000,0.5887
6718.4000,0.0000,0.2953,0.0000,0.0000,0.5887
6718.5000,0.0000,0.2953,0.0000,0.0000,0.5887
6718.6000,0.0000,0.2953,0.0000,0.0000,0.5887
6718.7000,0.0000,0.2953,0.0000,0.0000,0.5887
6718.8000,0.0000,0.2953,0.0000,0.0000,0.5887
6718.9000,0.0000,0.2953,0.0000,0.0000,0.5887
6719.0000,0.0000,0.2953,0.0000,0.0000,0.5887
6719.1000,0.0000,0.2953,0.0000,0.0000,0.5887
6719.2000,0.0000,0.2953,0.0000,0.0000,0.5887
6719.3000,0.0000,0.2953,0.0000,0.0000,0.5887
6719.4000,0.0000,0.2953,0.0000,0.0000,0.5886
6719.5000,0.0000,0.2953,0.0000,0.0000,0.5886
6719.6000,0.0000,0.2953,0.0000,0.0000,0.5886
6719.7000,0.0000,0.2953,0.0000,0.0000,0.5886
6719.8000,0.0000,0.2953,0.0000,0.0000,0.5886
6719.9000,0.0000,0.2953,0.0000,0.0000,0.5886
6720.0000,0.0000,0.2953,0.0000,0.0000,0.5886
6720.1000,0.0000,0.2953,0.0000,0.0000,0.5886
6720.2000,0.0000,0.2953,0.0000,0.0000,0.5886
6720.3000,0.0000,0.2953,0.0000,0.0000,0.5886
6720.4000,0.0000,0.2953,0.0000,0.0000,0.5886
6720.5000,0.0000,0.2953,0.0000,0.0000,0.5886
6720.6000,0.0000,0.2953,0.0000,0.0000,0.5886
6720.7000,0.0000,0.2953,0.0000,0.0000,0.5886
6720.8000,0.0000,0.2953,0.0000,0.0000,0.5886
6720.9000,0.0000,0.2953,0.0000,0.0000,0.5886
6721.0000,0.0000,0.2953,0.0000,0.0000,0.5886
6721.1000,0.0000,0.2953,0.0000,0.0000,0.5886
6721.2000,0.0000,0.2953,0.0000,0.0000,0.5886
6721.3000,0.0000,0.2953,0.0000,0.0000,0.5885
6721.4000,0.0000,0.2953,0.0000,0.0000,0.5885
6721.5000,0.0000,0.2953,0.0000,0.0000,0.5885
6721.6000,0.0000,0.2953,0.0000,0.0000,0.5885
6721.7000,0.0000,0.2953,0.0000,0.0000,0.5885
6721.8000,0.0000,0.2953,0.0000,0.0000,0.5885
6721.9000,0.0000,0.2953,0.0000,0.0000,0.5885
6722.0000,0.0000,0.2953,0.0000,0.0000,0.5885
6722.1000,0.0000,0.2953,0.0000,0.0000,0.5885
6722.2000,0.0000,0.2953,0.0000,0.0000,0.5885
6722.3000,0.0000,0.2953,0.0000,0.0000,0.5885
6722.4000,0.0000,0.2953,0.0000,0.0000,0.5885
6722.5000,0.0000,0.2953,0.0000,0.0000,0.5885
6722.6000,0.0000,0.2953,0.0000,0.0000,0.5885
6722.7000,0.0000,0.2953,0.0000,0.0000,0.5885
6722.8000,0.0000,0.2953,0.0000,0.0000,0.5885
6722.9000,0.0000,0.2953,0.0000,0.0000,0.5885
6723.0000,0.0000,0.2953,0.0000,0.0000,0.5885
6723.1000,0.0000,0.2953,0.0000,0.0000,0.5885
6723.2000,0.0000,0.2953,0.0000,0.0000,0.5885
6723.3000,0.0000,0.2953,0.0000,0.0000,0.5884
6723.4000,0.0000,0.2953,0.0000,0.0000,0.5884
6723.5000,0.0000,0.2953,0.0000,0.0000,0.5884
6723.6000,0.0000,0.2953,0.0000,0.0000,0.5884
6723.7000,0.0000,0.2953,0.0000,0.0000,0.5884
6723.8000,0.0000,0.2953,0.0000,0.0000,0.5884
6723.9000,0.0000,0.2953,0.0000,0.0000,0.5884
6724.0000,0.0000,0.2953,0.0000,0.0000,0.5884
6724.1000,0.0000,0.2953,0.0000,0.0000,0.5884
6724.2000,0.0000,0.2953,0.0000,0.0000,0.5884
6724.3000,0.0000,0.2953,0.0000,0.0000,0.5884
6724.4000,0.0000,0.2953,0.0000,0.0000,0.5884
6724.5000,0.0000,0.2953,0.0000,0.0000,0.5884
6724.6000,0.0000,0.2953,0.0000,0.0000,0.5884
6724.7000,0.0000,0.2953,0.0000,0.0000,0.5884
6724.8000,0.0000,0.2953,0.0000,0.0000,0.5884
6724.9000,0.0000,0.2953,0.0000,0.0000,0.5884
6725.0000,0.0000,0.2953,0.0000,0.0000,0.5884
6725.1000,0.0000,0.2953,0.0000,0.0000,0.5884
6725.2000,0.0000,0.2953,0.0000,0.0000,0.5883
6725.3000,0.0000,0.2953,0.0000,0.0000,0.5883
6725.4000,0.0000,0.2953,0.0000,0.0000,0.5883
6725.5000,0.0000,0.2953,0.0000,0.0000,0.5883
6725.6000,0.0000,0.2953,0.0000,0.0000,0.5883
6725.7000,0.0000,0.2953,0.0000,0.0000,0.5883
6725.8000,0.0000,0.2953,0.0000,0.0000,0.5883
6725.9000,0.0000,0.2953,0.0000,0.0000,0.5883
6726.0000,0.0000,0.2953,0.0000,0.0000,0.5883
6726.1000,0.0000,0.2953,0.0000,0.0000,0.5883
6726.2000,0.0000,0.2953,0.0000,0.0000,0.5883
6726.3000,0.0000,0.2953,0.0000,0.0000,0.5883
6726.4000,0.0000,0.2953,0.0000,0.0000,0.5883
6726.5000,0.0000,0.2953,0.0000,0.0000,0.5883
6726.6000,0.0000,0.2953,0.0000,0.0000,0.5883
6726.7000,0.0000,0.2953,0.0000,0.0000,0.5883
6726.8000,0.0000,0.2953,0.0000,0.0000,0.5883
6726.9000,0.0000,0.2953,0.0000,0.0000,0.5883
6727.0000,0.0000,0.2953,0.0000,0.0000,0.5883
6727.1000,0.0000,0.2953,0.0000,0.0000,0.5882
6727.2000,0.0000,0.2953,0.0000,0.0000,0.5882
6727.3000,0.0000,0.2953,0.0000,0.0000,0.5882
6727.4000,0.0000,0.2953,0.0000,0.0000,0.5882
6727.5000,0.0000,0.2953,0.0000,0.0000,0.5882
6727.6000,0.0000,0.2953,0.0000,0.0000,0.5882
6727.7000,0.0000,0.2953,0.0000,0.0000,0.5882
6727.8000,0.0000,0.2953,0.0000,0.0000,0.5882
6727.9000,0.0000,0.2953,0.0000,0.0000,0.5882
6728.0000,0.0000,0.2953,0.0000,0.0000,0.5882
6728.1000,0.0000,0.2953,0.0000,0.0000,0.5882
6728.2000,0.0000,0.2953,0.0000,0.0000,0.5882
6728.3000,0.0000,0.2953,0.0000,0.0000,0.5882
6728.4000,0.0000,0.2953,0.0000,0.0000,0.5882
6728.5000,0.0000,0.2953,0.0000,0.0000,0.5882
6728.6000,0.0000,0.2953,0.0000,0.0000,0.5882
6728.7000,0.0000,0.2953,0.0000,0.0000,0.5882
6728.8000,0.0000,0.2953,0.0000,0.0000,0.5882
6728.9000,0.0000,0.2953,0.0000,0.0000,0.5882
6729.0000,0.0000,0.2953,0.0000,0.0000,0.5882
6729.1000,0.0000,0.2953,0.0000,0.0000,0.5881
6729.2000,0.0000,0.2953,0.0000,0.0000,0.5881
6729.3000,0.0000,0.2953,0.0000,0.0000,0.5881
6729.4000,0.0000,0.2953,0.0000,0.0000,0.5881
6729.5000,0.0000,0.2953,0.0000,0.0000,0.5881
6729.6000,0.0000,0.2953,0.0000,0.0000,0.5881
6729.7000,0.0000,0.2953,0.0000,0.0000,0.5881
6729.8000,0.0000,0.2953,0.0000,0.0000,0.5881
6729.9000,0.0000,0.2953,0.0000,0.0000,0.5881
6730.0000,0.0000,0.2953,0.0000,0.0000,0.5881
6730.1000,0.0000,0.2953,0.0000,0.0000,0.5881
6730.2000,0.0000,0.2953,0.0000,0.0000,0.5881
6730.3000,0.0000,0.2953,0.0000,0.0000,0.5881
6730.4000,0.0000,0.2953,0.0000,0.0000,0.5881
6730.5000,0.0000,0.2953,0.0000,0.0000,0.5881
6730.6000,0.0000,0.2953,0.0000,0.0000,0.5881
6730.7000,0.0000,0.2953,0.0000,0.0000,0.5881
6730.8000,0.0000,0.2953,0.0000,0.0000,0.5881
6730.9000,0.0000,0.2953,0.0000,0.0000,0.5881
6731.0000,0.0000,0.2953,0.0000,0.0000,0.5880
6731.1000,0.0000,0.2953,0.0000,0.0000,0.5880
6731.2000,0.0000,0.2953,0.0000,0.0000,0.5880
6731.3000,0.0000,0.2953,0.0000,0.0000,0.5880
6731.4000,0.0000,0.2953,0.0000,0.0000,0.5880
6731.5000,0.0000,0.2953,0.0000,0.0000,0.5880
6731.6000,0.0000,0.2953,0.0000,0.0000,0.5880
6731.7000,0.0000,0.2953,0.0000,0.0000,0.5880
6731.8000,0.0000,0.2953,0.0000,0.0000,0.5880
6731.9000,0.0000,0.2953,0.0000,0.0000,0.5880
6732.0000,0.0000,0.2953,0.0000,0.0000,0.5880
6732.1000,0.0000,0.2953,0.0000,0.0000,0.5880
6732.2000,0.0000,0.2953,0.0000,0.0000,0.5880
6732.3000,0.0000,0.2953,0.0000,0.0000,0.5880
6732.4000,0.0000,0.2953,0.0000,0.0000,0.5880
6732.5000,0.0000,0.2953,0.0000,0.0000,0.5880
6732.6000,0.0000,0.2953,0.0000,0.0000,0.5880
6732.7000,0.0000,0.2953,0.0000,0.0000,0.5880
6732.8000,0.0000,0.2953,0.0000,0.0000,0.5880
6732.9000,0.0000,0.2953,0.0000,0.0000,0.5880
6733.0000,0.0000,0.2953,0.0000,0.0000,0.5879
6733.1000,0.0000,0.2953,0.0000,0.0000,0.5879
6733.2000,0.0000,0.2953,0.0000,0.0000,0.5879
6733.3000,0.0000,0.2953,0.0000,0.0000,0.5879
6733.4000,0.0000,0.2953,0.0000,0.0000,0.5879
6733.5000,0.0000,0.2953,0.0000,0.0000,0.5879
6733.6000,0.0000,0.2953,0.0000,0.0000,0.5879
6733.7000,0.0000,0.2953,0.0000,0.0000,0.5879
6733.8000,0.0000,0.2953,0.0000,0.0000,0.5879
6733.9000,0.0000,0.2953,0.0000,0.0000,0.5879
6734.0000,0.0000,0.2953,0.0000,0.0000,0.5879
6734.1000,0.0000,0.2953,0.0000,0.0000,0.5879
6734.2000,0.0000,0.2953,0.0000,0.0000,0.5879
6734.3000,0.0000,0.2953,0.0000,0.0000,0.5879
6734.4000,0.0000,0.2953,0.0000,0.0000,0.5879
6734.5000,0.0000,0.2953,0.0000,0.0000,0.5879
6734.6000,0.0000,0.2953,0.0000,0.0000,0.5879
6734.7000,0.0000,0.2953,0.0000,0.0000,0.5879
6734.8000,0.0000,0.2953,0.0000,0.0000,0.5879
6734.9000,0.0000,0.2953,0.0000,0.0000,0.5878
6735.0000,0.0000,0.2953,0.0000,0.0000,0.5878
6735.1000,0.0000,0.2953,0.0000,0.0000,0.5878
6735.2000,0.0000,0.2953,0.0000,0.0000,0.5878
6735.3000,0.0000,0.2953,0.0000,0.0000,0.5878
6735.4000,0.0000,0.2953,0.0000,0.0000,0.5878
6735.5000,0.0000,0.2953,0.0000,0.0000,0.5878
6735.6000,0.0000,0.2953,0.0000,0.0000,0.5878
6735.7000,0.0000,0.2953,0.0000,0.0000,0.5878
6735.8000,0.0000,0.2953,0.0000,0.0000,0.5878
6735.9000,0.0000,0.2953,0.0000,0.0000,0.5878
6736.0000,0.0000,0.2953,0.0000,0.0000,0.5878
6736.1000,0.0000,0.2953,0.0000,0.0000,0.5878
6736.2000,0.0000,0.2953,0.0000,0.0000,0.5878
6736.3000,0.0000,0.2953,0.0000,0.0000,0.5878
6736.4000,0.0000,0.2953,0.0000,0.0000,0.5878
6736.5000,0.0000,0.2953,0.0000,0.0000,0.5878
6736.6000,0.0000,0.2953,0.0000,0.0000,0.5878
6736.7000,0.0000,0.2953,0.0000,0.0000,0.5878
6736.8000,0.0000,0.2953,0.0000,0.0000,0.5877
6736.9000,0.0000,0.2953,0.0000,0.0000,0.5877
6737.0000,0.0000,0.2953,0.0000,0.0000,0.5877
6737.1000,0.0000,0.2953,0.0000,0.0000,0.5877
6737.2000,0.0000,0.2953,0.0000,0.0000,0.5877
6737.3000,0.0000,0.2953,0.0000,0.0000,0.5877
6737.4000,0.0000,0.2953,0.0000,0.0000,0.5877
6737.5000,0.0000,0.2953,0.0000,0.0000,0.5877
6737.6000,0.0000,0.2953,0.0000,0.0000,0.5877
6737.7000,0.0000,0.2953,0.0000,0.0000,0.5877
6737.8000,0.0000,0.2953,0.0000,0.0000,0.5877
6737.9000,0.0000,0.2953,0.0000,0.0000,0.5877
6738.0000,0.0000,0.2953,0.0000,0.0000,0.5877
6738.1000,0.0000,0.2953,0.0000,0.0000,0.5877
6738.2000,0.0000,0.2953,0.0000,0.0000,0.5877
6738.3000,0.0000,0.2953,0.0000,0.0000,0.5877
6738.4000,0.0000,0.2953,0.0000,0.0000,0.5877
6738.5000,0.0000,0.2953,0.0000,0.0000,0.5877
6738.6000,0.0000,0.2953,0.0000,0.0000,0.5877
6738.7000,0.0000,0.2953,0.0000,0.0000,0.5877
6738.8000,0.0000,0.2953,0.0000,0.0000,0.5876
6738.9000,0.0000,0.2953,0.0000,0.0000,0.5876
6739.0000,0.0000,0.2953,0.0000,0.0000,0.5876
6739.1000,0.0000,0.2953,0.0000,0.0000,0.5876
6739.2000,0.0000,0.2953,0.0000,0.0000,0.5876
6739.3000,0.0000,0.2953,0.0000,0.0000,0.5876
6739.4000,0.0000,0.2953,0.0000,0.0000,0.5876
6739.5000,0.0000,0.2953,0.0000,0.0000,0.5876
6739.6000,0.0000,0.2953,0.0000,0.0000,0.5876
6739.7000,0.0000,0.2953,0.0000,0.0000,0.5876
6739.8000,0.0000,0.2953,0.0000,0.0000,0.5876
6739.9000,0.0000,0.2953,0.0000,0.0000,0.5876
6740.0000,0.0000,0.2953,0.0000,0.0000,0.5876
6740.1000,0.0000,0.2953,0.0000,0.0000,0.5876
6740.2000,0.0000,0.2953,0.0000,0.0000,0.5876
6740.3000,0.0000,0.2953,0.0000,0.0000,0.5876
6740.4000,0.0000,0.2953,0.0000,0.0000,0.5876
6740.5000,0.0000,0.2953,0.0000,0.0000,0.5876
6740.6000,0.0000,0.2953,0.0000,0.0000,0.5876
6740.7000,0.0000,0.2953,0.0000,0.0000,0.5875
6740.8000,0.0000,0.2953,0.0000,0.0000,0.5875
6740.9000,0.0000,0.2953,0.0000,0.0000,0.5875
6741.0000,0.0000,0.2953,0.0000,0.0000,0.5875
6741.1000,0.0000,0.2953,0.0000,0.0000,0.5875
6741.2000,0.0000,0.2953,0.0000,0.0000,0.5875
6741.3000,0.0000,0.2953,0.0000,0.0000,0.5875
6741.4000,0.0000,0.2953,0.0000,0.0000,0.5875
6741.5000,0.0000,0.2953,0.0000,0.0000,0.5875
6741.6000,0.0000,0.2953,0.0000,0.0000,0.5875
6741.7000,0.0000,0.2953,0.0000,0.0000,0.5875
6741.8000,0.0000,0.2953,0.0000,0.0000,0.5875
6741.9000,0.0000,0.2953,0.0000,0.0000,0.5875
6742.0000,0.0000,0.2953,0.0000,0.0000,0.5875
6742.1000,0.0000,0.2953,0.0000,0.0000,0.5875
6742.2000,0.0000,0.2953,0.0000,0.0000,0.5875
6742.3000,0.0000,0.2953,0.0000,0.0000,0.5875
6742.4000,0.0000,0.2953,0.0000,0.0000,0.5875
6742.5000,0.0000,0.2953,0.0000,0.0000,0.5875
6742.6000,0.0000,0.2953,0.0000,0.0000,0.5874
6742.7000,0.0000,0.2953,0.0000,0.0000,0.5874
6742.8000,0.0000,0.2953,0.0000,0.0000,0.5874
6742.9000,0.0000,0.2953,0.0000,0.0000,0.5874
6743.0000,0.0000,0.2953,0.0000,0.0000,0.5874
6743.1000,0.0000,0.2953,0.0000,0.0000,0.5874
6743.2000,0.0000,0.2953,0.0000,0.0000,0.5874
6743.3000,0.0000,0.2953,0.0000,0.0000,0.5874
6743.4000,0.0000,0.2953,0.0000,0.0000,0.5874
6743.5000,0.0000,0.2953,0.0000,0.0000,0.5874
6743.6000,0.0000,0.2953,0.0000,0.0000,0.5874
6743.7000,0.0000,0.2953,0.0000,0.0000,0.5874
6743.8000,0.0000,0.2953,0.0000,0.0000,0.5874
6743.9000,0.0000,0.2953,0.0000,0.0000,0.5874
6744.0000,0.0000,0.2953,0.0000,0.0000,0.5874
6744.1000,0.0000,0.2953,0.0000,0.0000,0.5874
6744.2000,0.0000,0.2953,0.0000,0.0000,0.5874
6744.3000,0.0000,0.2953,0.0000,0.0000,0.5874
6744.4000,0.0000,0.2953,0.0000,0.0000,0.5874
6744.5000,0.0000,0.2953,0.0000,0.0000,0.5874
6744.6000,0.0000,0.2953,0.0000,0.0000,0.5873
6744.7000,0.0000,0.2953,0.0000,0.0000,0.5873
6744.8000,0.0000,0.2953,0.0000,0.0000,0.5873
6744.9000,0.0000,0.2953,0.0000,0.0000,0.5873
6745.0000,0.0000,0.2953,0.0000,0.0000,0.5873
6745.1000,0.0000,0.2953,0.0000,0.0000,0.5873
6745.2000,0.0000,0.2953,0.0000,0.0000,0.5873
6745.3000,0.0000,0.2953,0.0000,0.0000,0.5873
6745.4000,0.0000,0.2953,0.0000,0.0000,0.5873
6745.5000,0.0000,0.2953,0.0000,0.0000,0.5873
6745.6000,0.0000,0.2953,0.0000,0.0000,0.5873
6745.7000,0.0000,0.2953,0.0000,0.0000,0.5873
6745.8000,0.0000,0.2953,0.0000,0.0000,0.5873
6745.9000,0.0000,0.2953,0.0000,0.0000,0.5873
6746.0000,0.0000,0.2953,0.0000,0.0000,0.5873
6746.1000,0.0000,0.2953,0.0000,0.0000,0.5873
6746.2000,0.0000,0.2953,0.0000,0.0000,0.5873
6746.3000,0.0000,0.2953,0.0000,0.0000,0.5873
6746.4000,0.0000,0.2953,0.0000,0.0000,0.5873
6746.5000,0.0000,0.2953,0.0000,0.0000,0.5872
6746.6000,0.0000,0.2953,0.0000,0.0000,0.5872
6746.7000,0.0000,0.2953,0.0000,0.0000,0.5872
6746.8000,0.0000,0.2953,0.0000,0.0000,0.5872
6746.9000,0.0000,0.2953,0.0000,0.0000,0.5872
6747.0000,0.0000,0.2953,0.0000,0.0000,0.5872
6747.1000,0.0000,0.2953,0.0000,0.0000,0.5872
6747.2000,0.0000,0.2953,0.0000,0.0000,0.5872
6747.3000,0.0000,0.2953,0.0000,0.0000,0.5872
6747.4000,0.0000,0.2953,0.0000,0.0000,0.5872
6747.5000,0.0000,0.2953,0.0000,0.0000,0.5872
6747.6000,0.0000,0.2953,0.0000,0.0000,0.5872
6747.7000,0.0000,0.2953,0.0000,0.0000,0.5872
6747.8000,0.0000,0.2953,0.0000,0.0000,0.5872
6747.9000,0.0000,0.2953,0.0000,0.0000,0.5872
6748.0000,0.0000,0.2953,0.0000,0.0000,0.5872
6748.1000,0.0000,0.2953,0.0000,0.0000,0.5872
6748.2000,0.0000,0.2953,0.0000,0.0000,0.5872
6748.3000,0.0000,0.2953,0.0000,0.0000,0.5872
6748.4000,0.0000,0.2953,0.0000,0.0000,0.5871
6748.5000,0.0000,0.2953,0.0000,0.0000,0.5871
6748.6000,0.0000,0.2953,0.0000,0.0000,0.5871
6748.7000,0.0000,0.2953,0.0000,0.0000,0.5871
6748.8000,0.0000,0.2953,0.0000,0.0000,0.5871
6748.9000,0.0000,0.2953,0.0000,0.0000,0.5871
6749.0000,0.0000,0.2953,0.0000,0.0000,0.5871
6749.1000,0.0000,0.2953,0.0000,0.0000,0.5871
6749.2000,0.0000,0.2953,0.0000,0.0000,0.5871
6749.3000,0.0000,0.2953,0.0000,0.0000,0.5871
6749.4000,0.0000,0.2953,0.0000,0.0000,0.5871
6749.5000,0.0000,0.2953,0.0000,0.0000,0.5871
6749.6000,0.0000,0.2953,0.0000,0.0000,0.5871
6749.7000,0.0000,0.2953,0.0000,0.0000,0.5871
6749.8000,0.0000,0.2953,0.0000,0.0000,0.5871
6749.9000,0.0000,0.2953,0.0000,0.0000,0.5871
6750.0000,0.0000,0.2953,0.0000,0.0000,0.5871
6750.1000,0.0000,0.2953,0.0000,0.0000,0.5871
6750.2000,0.0000,0.2953,0.0000,0.0000,0.5871
6750.3000,0.0000,0.2953,0.0000,0.0000,0.5871
6750.4000,0.0000,0.2953,0.0000,0.0000,0.5870
6750.5000,0.0000,0.2953,0.0000,0.0000,0.5870
6750.6000,0.0000,0.2953,0.0000,0.0000,0.5870
6750.7000,0.0000,0.2953,0.0000,0.0000,0.5870
6750.8000,0.0000,0.2953,0.0000,0.0000,0.5870
6750.9000,0.0000,0.2953,0.0000,0.0000,0.5870
6751.0000,0.0000,0.2953,0.0000,0.0000,0.5870
6751.1000,0.0000,0.2953,0.0000,0.0000,0.5870
6751.2000,0.0000,0.2953,0.0000,0.0000,0.5870
6751.3000,0.0000,0.2953,0.0000,0.0000,0.5870
6751.4000,0.0000,0.2953,0.0000,0.0000,0.5870
6751.5000,0.0000,0.2953,0.0000,0.0000,0.5870
6751.6000,0.0000,0.2953,0.0000,0.0000,0.5870
6751.7000,0.0000,0.2953,0.0000,0.0000,0.5870
6751.8000,0.0000,0.2953,0.0000,0.0000,0.5870
6751.9000,0.0000,0.2953,0.0000,0.0000,0.5870
6752.0000,0.0000,0.2953,0.0000,0.0000,0.5870
6752.1000,0.0000,0.2953,0.0000,0.0000,0.5870
6752.2000,0.0000,0.2953,0.0000,0.0000,0.5870
6752.3000,0.0000,0.2953,0.0000,0.0000,0.5869
6752.4000,0.0000,0.2953,0.0000,0.0000,0.5869
6752.5000,0.0000,0.2953,0.0000,0.0000,0.5869
6752.6000,0.0000,0.2953,0.0000,0.0000,0.5869
6752.7000,0.0000,0.2953,0.0000,0.0000,0.5869
6752.8000,0.0000,0.2953,0.0000,0.0000,0.5869
6752.9000,0.0000,0.2953,0.0000,0.0000,0.5869
6753.0000,0.0000,0.2953,0.0000,0.0000,0.5869
6753.1000,0.0000,0.2953,0.0000,0.0000,0.5869
6753.2000,0.0000,0.2953,0.0000,0.0000,0.5869
6753.3000,0.0000,0.2953,0.0000,0.0000,0.5869
6753.4000,0.0000,0.2953,0.0000,0.0000,0.5869
6753.5000,0.0000,0.2953,0.0000,0.0000,0.5869
6753.6000,0.0000,0.2953,0.0000,0.0000,0.5869
6753.7000,0.0000,0.2953,0.0000,0.0000,0.5869
6753.8000,0.0000,0.2953,0.0000,0.0000,0.5869
6753.9000,0.0000,0.2953,0.0000,0.0000,0.5869
6754.0000,0.0000,0.2953,0.0000,0.0000,0.5869
6754.1000,0.0000,0.2953,0.0000,0.0000,0.5869
6754.2000,0.0000,0.2953,0.0000,0.0000,0.5868
6754.3000,0.0000,0.2953,0.0000,0.0000,0.5868
6754.4000,0.0000,0.2953,0.0000,0.0000,0.5868
6754.5000,0.0000,0.2953,0.0000,0.0000,0.5868
6754.6000,0.0000,0.2953,0.0000,0.0000,0.5868
6754.7000,0.0000,0.2953,0.0000,0.0000,0.5868
6754.8000,0.2013,0.2953,0.2579,0.0000,0.5868
6754.9000,0.4026,0.2953,0.5874,0.0000,0.5868
6755.0000,0.6711,0.2953,1.2176,0.0000,0.5868
6755.1000,1.0066,0.2953,2.0053,0.0000,0.5868
6755.2000,1.3421,0.2953,2.6737,0.0000,0.5867
6755.3000,1.6777,0.2952,3.3422,0.0000,0.5867
6755.4000,2.0132,0.2952,4.0107,0.0000,0.5867
6755.5000,2.3487,0.2952,4.6792,0.0000,0.5867
6755.6000,2.6842,0.2952,5.3478,0.0000,0.5866
6755.7000,3.0197,0.2951,6.0163,0.0000,0.5866
6755.8000,3.3552,0.2951,6.6848,0.0000,0.5866
6755.9000,3.6907,0.2951,7.3533,0.0000,0.5866
6756.0000,4.0262,0.2950,8.0218,0.0000,0.5865
6756.1000,4.3616,0.2950,8.6902,0.0000,0.5865
6756.2000,4.6970,0.2949,9.3585,0.0000,0.5864
6756.3000,5.0324,0.2949,10.0266,0.0000,0.5864
6756.4000,5.3677,0.2948,10.6947,0.0000,0.5864
6756.5000,5.7030,0.2947,11.3625,0.0000,0.5863
6756.6000,6.0383,0.2947,12.0301,0.0000,0.5863
6756.7000,6.3735,0.2946,12.6974,0.0000,0.5862
6756.8000,6.7086,0.2945,13.3645,0.0000,0.5862
6756.9000,7.0437,0.2945,14.0311,0.0000,0.5861
6757.0000,7.3787,0.2944,14.6974,0.0000,0.5861
6757.1000,7.7137,0.2943,15.3632,0.0000,0.5860
6757.2000,8.0485,0.2942,16.0285,0.0000,0.5860
6757.3000,8.3833,0.2941,16.6933,0.0000,0.5859
6757.4000,8.7179,0.2940,17.3574,0.0000,0.5858
6757.5000,9.0525,0.2939,18.0208,0.0000,0.5858
6757.6000,9.3869,0.2938,18.6834,0.0000,0.5857
6757.7000,9.7212,0.2937,19.3452,0.0000,0.5856
6757.8000,10.0554,0.2936,20.0061,0.0000,0.5856
6757.9000,10.3894,0.2935,20.6661,0.0000,0.5855
6758.0000,10.7233,0.2933,21.3250,0.0000,0.5854
6758.1000,11.0570,0.2932,21.9827,0.0000,0.5854
6758.2000,11.3905,0.2931,22.6392,0.0000,0.5853
6758.3000,11.7238,0.2929,23.2944,0.0000,0.5852
6758.4000,12.0570,0.2928,23.9482,0.0000,0.5851
6758.5000,12.3899,0.2927,24.6006,0.0000,0.5851
6758.6000,12.7226,0.2925,25.2513,0.0000,0.5850
6758.7000,13.0551,0.2924,25.9004,0.0000,0.5849
6758.8000,13.3873,0.2922,26.5477,0.0000,0.5848
6758.9000,13.7193,0.2921,27.1931,0.0000,0.5847
6759.0000,14.0510,0.2919,27.8366,0.0000,0.5846
6759.1000,14.3825,0.2917,28.4779,0.0000,0.5845
6759.2000,14.7136,0.2916,29.1171,0.0000,0.5844
6759.3000,15.0444,0.2914,29.7540,0.0000,0.5843
6759.4000,15.3749,0.2912,30.3885,0.0000,0.5843
6759.5000,15.7051,0.2910,31.0204,0.0000,0.5842
6759.6000,16.0349,0.2908,31.6497,0.0000,0.5841
6759.7000,16.3643,0.2906,32.2762,0.0000,0.5840
6759.8000,16.6933,0.2904,32.8999,0.0000,0.5838
6759.9000,17.0220,0.2902,33.5206,0.0000,0.5837
6760.0000,17.3502,0.2900,34.1381,0.0000,0.5836
6760.1000,17.6780,0.2898,34.7524,0.0000,0.5835
6760.2000,18.0054,0.2896,35.3634,0.0000,0.5834
6760.3000,18.3323,0.2894,35.9708,0.0000,0.5833
6760.4000,18.6587,0.2892,36.5747,0.0000,0.5832
6760.5000,18.9846,0.2889,37.1747,0.0000,0.5831
6760.6000,19.3101,0.2887,37.7709,0.0000,0.5830
6760.7000,19.6349,0.2885,38.3631,0.0000,0.5828
6760.8000,19.9593,0.2882,38.9512,0.0000,0.5827
6760.9000,20.2831,0.2880,39.5350,0.0000,0.5826
6761.0000,20.6063,0.2877,40.1144,0.0000,0.5825
6761.1000,20.9289,0.2875,40.6892,0.0000,0.5824
6761.2000,21.2508,0.2872,41.2594,0.0000,0.5822
6761.3000,21.5722,0.2869,41.8248,0.0000,0.5821
6761.4000,21.8929,0.2867,42.3852,0.0000,0.5820
6761.5000,22.2129,0.2864,42.9406,0.0000,0.5819
6761.6000,22.5322,0.2861,43.4908,0.0000,0.5817
6761.7000,22.8509,0.2858,44.0356,0.0000,0.5816
6761.8000,23.1688,0.2856,44.5750,0.0000,0.5815
6761.9000,23.4859,0.2853,45.1088,0.0000,0.5813
6762.0000,23.8023,0.2850,45.6368,0.0000,0.5812
6762.1000,24.1179,0.2847,46.1590,0.0000,0.5810
6762.2000,24.4327,0.2844,46.6752,0.0000,0.5809
6762.3000,24.7467,0.2840,47.1853,0.0000,0.5808
6762.4000,25.0598,0.2837,47.6892,0.0000,0.5806
6762.5000,25.3721,0.2834,48.1866,0.0000,0.5805
6762.6000,25.6835,0.2831,48.6776,0.0000,0.5803
6762.7000,25.9940,0.2827,49.1620,0.0000,0.5802
6762.8000,26.3036,0.2824,49.6396,0.0000,0.5800
6762.9000,26.6122,0.2821,50.1104,0.0000,0.5799
6763.0000,26.9199,0.2817,50.5742,0.0000,0.5797
6763.1000,27.2266,0.2814,51.0309,0.0000,0.5796
6763.2000,27.5324,0.2810,51.4804,0.0000,0.5794
6763.3000,27.8371,0.2806,51.9226,0.0000,0.5793
6763.4000,28.1407,0.2803,52.3573,0.0000,0.5791
6763.5000,28.4433,0.2799,52.7846,0.0000,0.5790
6763.6000,28.7449,0.2795,53.2042,0.0000,0.5788
6763.7000,29.0453,0.2791,53.6160,0.0000,0.5786
6763.8000,29.3447,0.2787,54.0201,0.0000,0.5785
6763.9000,29.6429,0.2783,54.4162,0.0000,0.5783
6764.0000,29.9399,0.2779,54.8043,0.0000,0.5782
6764.1000,30.2358,0.2775,55.1843,0.0000,0.5780
6764.2000,30.5305,0.2771,55.5561,0.0000,0.5778
6764.3000,30.8240,0.2767,55.9196,0.0000,0.5777
6764.4000,31.1163,0.2763,56.2747,0.0000,0.5775
6764.5000,31.4073,0.2758,56.6215,0.0000,0.5773
6764.6000,31.6971,0.2754,56.9597,0.0000,0.5772
6764.7000,31.9856,0.2750,57.2894,0.0000,0.5770
6764.8000,32.2728,0.2745,57.6105,0.0000,0.5768
6764.9000,32.5587,0.2741,57.9228,0.0000,0.5767
6765.0000,32.8432,0.2736,58.2264,0.0000,0.5765
6765.1000,33.1264,0.2732,58.5212,0.0000,0.5763
6765.2000,33.4083,0.2727,58.8072,0.0000,0.5761
6765.3000,33.6887,0.2722,59.0843,0.0000,0.5760
6765.4000,33.9678,0.2717,59.3525,0.0000,0.5758
6765.5000,34.2454,0.2712,59.6117,0.0000,0.5756
6765.6000,34.5217,0.2708,59.8619,0.0000,0.5754
6765.7000,34.7964,0.2703,60.1030,0.0000,0.5753
6765.8000,35.0698,0.2698,60.3352,0.0000,0.5751
6765.9000,35.3416,0.2692,60.5481,0.0000,0.5749
6766.0000,35.6118,0.2687,60.6967,0.0000,0.5747
6766.1000,35.8800,0.2682,60.7464,0.0000,0.5746
6766.2000,36.1456,0.2677,60.6985,0.0000,0.5744
6766.3000,36.4081,0.2672,60.5543,0.0000,0.5742
6766.4000,36.6673,0.2666,60.3256,0.0000,0.5740
6766.5000,36.9228,0.2661,60.0605,0.0000,0.5738
6766.6000,37.1746,0.2655,59.7963,0.0000,0.5737
6766.7000,37.4228,0.2650,59.5330,0.0000,0.5735
6766.8000,37.6676,0.2644,59.2705,0.0000,0.5733
6766.9000,37.9090,0.2638,59.0090,0.0000,0.5732
6767.0000,38.1471,0.2633,58.7485,0.0000,0.5730
6767.1000,38.3819,0.2627,58.4890,0.0000,0.5728
6767.2000,38.6135,0.2621,58.2305,0.0000,0.5726
6767.3000,38.8420,0.2615,57.9730,0.0000,0.5725
6767.4000,39.0675,0.2609,57.7166,0.0000,0.5723
6767.5000,39.2899,0.2603,57.4613,0.0000,0.5721
6767.6000,39.5095,0.2597,57.2071,0.0000,0.5720
6767.7000,39.7261,0.2591,56.9541,0.0000,0.5718
6767.8000,39.9399,0.2585,56.7022,0.0000,0.5716
6767.9000,40.1510,0.2578,56.4515,0.0000,0.5715
6768.0000,40.3593,0.2572,56.2020,0.0000,0.5713
6768.1000,40.5650,0.2566,55.9537,0.0000,0.5711
6768.2000,40.7681,0.2559,55.7067,0.0000,0.5710
6768.3000,40.9686,0.2553,55.4609,0.0000,0.5708
6768.4000,41.1666,0.2546,55.2163,0.0000,0.5707
6768.5000,41.3621,0.2539,54.9731,0.0000,0.5705
6768.6000,41.5552,0.2533,54.7311,0.0000,0.5703
6768.7000,41.7460,0.2526,54.4904,0.0000,0.5702
6768.8000,41.9343,0.2519,54.2510,0.0000,0.5700
6768.9000,42.1204,0.2512,54.0129,0.0000,0.5699
6769.0000,42.3042,0.2506,53.7762,0.0000,0.5697
6769.1000,42.4858,0.2499,53.5408,0.0000,0.5695
6769.2000,42.6652,0.2492,53.3067,0.0000,0.5694
6769.3000,42.8424,0.2485,53.0740,0.0000,0.5692
6769.4000,43.0175,0.2477,52.8427,0.0000,0.5691
6769.5000,43.1906,0.2470,52.6127,0.0000,0.5689
6769.6000,43.3616,0.2463,52.3841,0.0000,0.5688
6769.7000,43.5306,0.2456,52.1568,0.0000,0.5686
6769.8000,43.6976,0.2448,51.9310,0.0000,0.5685
6769.9000,43.8627,0.2441,51.7065,0.0000,0.5683
6770.0000,44.0258,0.2433,51.4834,0.0000,0.5682
6770.1000,44.1871,0.2426,51.2617,0.0000,0.5680
6770.2000,44.3465,0.2418,51.0413,0.0000,0.5679
6770.3000,44.5040,0.2411,50.8224,0.0000,0.5677
6770.4000,44.6598,0.2403,50.6048,0.0000,0.5676
6770.5000,44.8138,0.2395,50.3887,0.0000,0.5674
6770.6000,44.9661,0.2387,50.1739,0.0000,0.5673
6770.7000,45.1166,0.2379,49.9605,0.0000,0.5671
6770.8000,45.2654,0.2372,49.7486,0.0000,0.5670
6770.9000,45.4126,0.2364,49.5380,0.0000,0.5668
6771.0000,45.5581,0.2355,49.3287,0.0000,0.5667
6771.1000,45.7020,0.2347,49.1209,0.0000,0.5666
6771.2000,45.8443,0.2339,48.9145,0.0000,0.5664
6771.3000,45.9850,0.2331,48.7094,0.0000,0.5663
6771.4000,46.1242,0.2323,48.5057,0.0000,0.5661
6771.5000,46.2619,0.2314,48.3034,0.0000,0.5660
6771.6000,46.3980,0.2306,48.1025,0.0000,0.5658
6771.7000,46.5327,0.2298,47.9029,0.0000,0.5657
6771.8000,46.6659,0.2289,47.7047,0.0000,0.5656
6771.9000,46.7976,0.2280,47.5079,0.0000,0.5654
6772.0000,46.9279,0.2272,47.3124,0.0000,0.5653
6772.1000,47.0569,0.2263,47.1183,0.0000,0.5652
6772.2000,47.1844,0.2254,46.9255,0.0000,0.5650
6772.3000,47.3106,0.2246,46.7340,0.0000,0.5649
6772.4000,47.4354,0.2237,46.5439,0.0000,0.5647
6772.5000,47.5589,0.2228,46.3551,0.0000,0.5646
6772.6000,47.6811,0.2219,46.1676,0.0000,0.5645
6772.7000,47.8020,0.2210,46.6627,0.0000,0.5643
6772.8000,47.9269,0.2201,47.1619,0.0000,0.5642
6772.9000,48.0506,0.2192,47.7277,0.0000,0.5641
6773.0000,48.1789,0.2183,49.0922,0.0000,0.5639
6773.1000,48.3121,0.2173,50.5345,0.0000,0.5638
6773.2000,48.4504,0.2164,51.3646,0.0000,0.5636
6773.3000,48.5887,0.2155,52.1737,0.0000,0.5635
6773.4000,48.7320,0.2145,52.6533,0.0000,0.5633
6773.5000,48.8726,0.2136,51.8839,0.0000,0.5632
6773.6000,49.0085,0.2126,50.8478,0.0000,0.5630
6773.7000,49.1399,0.2117,49.6659,0.0000,0.5629
6773.8000,49.2655,0.2107,48.4021,0.0000,0.5627
6773.9000,49.3859,0.2097,47.1368,0.0000,0.5626
6774.0000,49.5008,0.2087,46.0447,0.0000,0.5625
6774.1000,49.6119,0.2078,44.9526,0.0000,0.5623
6774.2000,49.7175,0.2068,43.7725,0.0000,0.5622
6774.3000,49.8188,0.2058,42.9490,0.0000,0.5621
6774.4000,49.9173,0.2048,42.6726,0.0000,0.5619
6774.5000,50.0158,0.2038,42.4988,0.0000,0.5618
6774.6000,50.1122,0.2028,42.4006,0.0000,0.5617
6774.7000,50.2092,0.2017,42.4793,0.0000,0.5616
6774.8000,50.3054,0.2007,42.0814,0.0000,0.5614
6774.9000,50.3987,0.1997,41.1066,0.0000,0.5613
6775.0000,50.4870,0.1987,40.4921,0.0000,0.5612
6775.1000,50.5749,0.1976,40.3829,0.0000,0.5611
6775.2000,50.6618,0.1966,40.1550,0.0000,0.5610
6775.3000,50.7474,0.1955,40.2636,0.0000,0.5609
6775.4000,50.8344,0.1945,40.7196,0.0000,0.5607
6775.5000,50.9229,0.1934,40.6249,0.0000,0.5606
6775.6000,51.0085,0.1924,39.9958,0.0000,0.5605
6775.7000,51.0917,0.1913,39.5819,0.0000,0.5604
6775.8000,51.1737,0.1902,39.0547,0.0000,0.5603
6775.9000,51.2524,0.1891,38.2502,0.0000,0.5601
6776.0000,51.3280,0.1880,37.6779,0.0000,0.5600
6776.1000,51.4020,0.1869,37.0923,0.0000,0.5599
6776.2000,51.4728,0.1859,36.2715,0.0000,0.5598
6776.3000,51.5403,0.1848,35.6637,0.0000,0.5597
6776.4000,51.6063,0.1836,35.2894,0.0000,0.5596
6776.5000,51.6706,0.1825,34.9968,0.0000,0.5595
6776.6000,51.7340,0.1814,34.6999,0.0000,0.5594
6776.7000,51.7959,0.1803,34.2122,0.0000,0.5593
6776.8000,51.8554,0.1792,33.3020,0.0000,0.5592
6776.9000,51.9103,0.1780,32.1937,0.0000,0.5591
6777.0000,51.9614,0.1769,31.0986,0.0000,0.5590
6777.1000,52.0081,0.1758,30.0241,0.0000,0.5589
6777.2000,52.0512,0.1746,29.0088,0.0000,0.5588
6777.3000,52.0903,0.1735,28.0911,0.0000,0.5588
6777.4000,52.1266,0.1723,27.4805,0.0000,0.5587
6777.5000,52.1611,0.1712,27.0886,0.0000,0.5586
6777.6000,52.1944,0.1700,27.1018,0.0000,0.5585
6777.7000,52.2289,0.1688,27.4378,0.0000,0.5584
6777.8000,52.2646,0.1677,27.6276,0.0000,0.5583
6777.9000,52.3003,0.1665,27.3978,0.0000,0.5583
6778.0000,52.3342,0.1653,26.6813,0.0000,0.5582
6778.1000,52.3646,0.1641,25.4631,0.0000,0.5581
6778.2000,52.3896,0.1630,23.9862,0.0000,0.5580
6778.3000,52.4094,0.1618,22.6132,0.0000,0.5580
6778.4000,52.4244,0.1606,21.4361,0.0000,0.5579
6778.5000,52.4357,0.1594,20.6635,0.0000,0.5578
6778.6000,52.4452,0.1582,20.2511,0.0000,0.5578
6778.7000,52.4535,0.1570,20.2512,0.0000,0.5577
6778.8000,52.4631,0.1558,20.7028,0.0000,0.5576
6778.9000,52.4747,0.1546,21.3269,0.0000,0.5576
6779.0000,52.4888,0.1534,21.8438,0.0000,0.5575
6779.1000,52.5041,0.1521,21.8468,0.0000,0.5574
6779.2000,52.5182,0.1509,21.0188,0.0000,0.5574
6779.3000,52.5276,0.1497,19.5299,0.0000,0.5573
6779.4000,52.5310,0.1485,17.6308,0.0000,0.5573
6779.5000,52.5269,0.1472,15.5019,0.0000,0.5572
6779.6000,52.5151,0.1460,13.8610,0.0000,0.5572
6779.7000,52.4993,0.1448,13.0741,0.0000,0.5571
6779.8000,52.4820,0.1435,13.0831,0.0000,0.5571
6779.9000,52.4663,0.1423,13.7620,0.0000,0.5570
6780.0000,52.4541,0.1410,14.4359,0.0000,0.5570
6780.1000,52.4434,0.1398,14.7274,0.0000,0.5569
6780.2000,52.4334,0.1385,14.6333,0.0000,0.5569
6780.3000,52.4222,0.1373,13.8090,0.0000,0.5568
6780.4000,52.4064,0.1360,12.3426,0.0000,0.5568
6780.5000,52.3848,0.1348,11.0756,0.0000,0.5568
6780.6000,52.3600,0.1335,10.4634,0.0000,0.5567
6780.7000,52.3341,0.1323,10.3497,0.0000,0.5567
6780.8000,52.3087,0.1310,10.9729,0.0000,0.5567
6780.9000,52.2875,0.1297,12.0366,0.0000,0.5566
6781.0000,52.2699,0.1285,12.7486,0.0000,0.5566
6781.1000,52.2541,0.1272,12.9069,0.0000,0.5565
6781.2000,52.2377,0.1259,12.8746,0.0000,0.5565
6781.3000,52.2218,0.1246,12.7954,0.0000,0.5564
6781.4000,52.2051,0.1234,12.7825,0.0000,0.5564
6781.5000,52.1892,0.1221,13.6265,0.0000,0.5564
6781.6000,52.1787,0.1208,15.0684,0.0000,0.5563
6781.7000,52.1734,0.1195,16.1567,0.0000,0.5563
6781.8000,52.1709,0.1182,16.6057,0.0000,0.5562
6781.9000,52.1689,0.1169,16.5413,0.0000,0.5562
6782.0000,52.1660,0.1156,15.9232,0.0000,0.5561
6782.1000,52.1597,0.1143,14.9728,0.0000,0.5561
6782.2000,52.1500,0.1130,14.5900,0.0000,0.5560
6782.3000,52.1410,0.1117,14.7184,0.0000,0.5560
6782.4000,52.1325,0.1104,14.9606,0.0000,0.5559
6782.5000,52.1254,0.1091,15.2465,0.0000,0.5559
6782.6000,52.1190,0.1078,15.4760,0.0000,0.5558
6782.7000,52.1136,0.1065,15.7081,0.0000,0.5558
6782.8000,52.1090,0.1052,16.1963,0.0000,0.5557
6782.9000,52.1073,0.1039,17.3567,0.0000,0.5557
6783.0000,52.1113,0.1026,19.2067,0.0000,0.5556
6783.1000,52.1231,0.1013,21.6377,0.0000,0.5555
6783.2000,52.1446,0.0999,24.1845,0.0000,0.5555
6783.3000,52.1748,0.0986,26.2741,0.0000,0.5554
6783.4000,52.2114,0.0973,27.8501,0.0000,0.5553
6783.5000,52.2529,0.0959,29.0324,0.0000,0.5552
6783.6000,52.2979,0.0946,29.5011,0.0000,0.5551
6783.7000,52.3426,0.0933,29.1956,0.0000,0.5550
6783.8000,52.3852,0.0919,28.3750,0.0000,0.5549
6783.9000,52.4238,0.0906,27.1248,0.0000,0.5549
6784.0000,52.4573,0.0892,25.7266,0.0000,0.5548
6784.1000,52.4857,0.0879,24.7048,0.0000,0.5547
6784.2000,52.5117,0.0865,23.6266,0.0000,0.5546
6784.3000,52.5324,0.0852,22.6044,0.0000,0.5546
6784.4000,52.5510,0.0838,22.0400,0.0000,0.5545
6784.5000,52.5676,0.0824,21.4891,0.0000,0.5544
6784.6000,52.5823,0.0811,20.7966,0.0000,0.5544
6784.7000,52.5939,0.0797,20.4421,0.0000,0.5543
6784.8000,52.6061,0.0783,20.7431,0.0000,0.5542
6784.9000,52.6199,0.0770,21.4032,0.0000,0.5542
6785.0000,52.6369,0.0756,21.9716,0.0000,0.5541
6785.1000,52.6548,0.0742,22.3845,0.0000,0.5540
6785.2000,52.6747,0.0728,22.8850,0.0000,0.5540
6785.3000,52.6962,0.0715,23.1778,0.0000,0.5539
6785.4000,52.7182,0.0701,23.1009,0.0000,0.5538
6785.5000,52.7391,0.0687,22.9415,0.0000,0.5538
6785.6000,52.7599,0.0673,22.9477,0.0000,0.5537
6785.7000,52.7809,0.0659,22.7381,0.0000,0.5536
6785.8000,52.8002,0.0645,22.2181,0.0000,0.5535
6785.9000,52.8174,0.0631,21.5962,0.0000,0.5535
6786.0000,52.8323,0.0617,20.9896,0.0000,0.5534
6786.1000,52.8452,0.0603,20.2292,0.0000,0.5534
6786.2000,52.8547,0.0589,19.2114,0.0000,0.5533
6786.3000,52.8603,0.0575,18.0873,0.0000,0.5532
6786.4000,52.8619,0.0561,17.0829,0.0000,0.5532
6786.5000,52.8604,0.0547,16.0849,0.0000,0.5531
6786.6000,52.8549,0.0533,15.2943,0.0000,0.5531
6786.7000,52.8480,0.0519,15.2086,0.0000,0.5530
6786.8000,52.8420,0.0504,15.4614,0.0000,0.5530
6786.9000,52.8370,0.0490,15.8516,0.0000,0.5529
6787.0000,52.8339,0.0476,16.5700,0.0000,0.5529
6787.1000,52.8341,0.0462,16.8069,0.0000,0.5528
6787.2000,52.8328,0.0448,16.0165,0.0000,0.5528
6787.3000,52.8275,0.0434,14.9457,0.0000,0.5527
6787.4000,52.8187,0.0419,13.7679,0.0000,0.5527
6787.5000,52.8051,0.0405,12.1761,0.0000,0.5526
6787.6000,52.7850,0.0391,10.6794,0.0000,0.5526
6787.7000,52.7608,0.0377,9.6398,0.0000,0.5526
6787.8000,52.7335,0.0362,8.9092,0.0000,0.5525
6787.9000,52.7043,0.0348,8.5291,0.0000,0.5525
6788.0000,52.6745,0.0334,8.6876,0.0000,0.5525
6788.1000,52.6466,0.0320,9.3439,0.0000,0.5524
6788.2000,52.6217,0.0305,10.4111,0.0000,0.5524
6788.3000,52.6017,0.0291,11.5746,0.0000,0.5524
6788.4000,52.5853,0.0277,12.3489,0.0000,0.5523
6788.5000,52.5710,0.0262,13.1448,0.0000,0.5523
6788.6000,52.5604,0.0248,14.2372,0.0000,0.5522
6788.7000,52.5541,0.0234,15.2654,0.0000,0.5522
6788.8000,52.5510,0.0219,16.1489,0.0000,0.5521
6788.9000,52.5512,0.0205,16.9367,0.0000,0.5521
6789.0000,52.5539,0.0191,17.0294,0.0000,0.5520
6789.1000,52.5548,0.0176,16.7553,0.0000,0.5520
6789.2000,52.5556,0.0162,16.7224,0.0000,0.5519
6789.3000,52.5564,0.0148,16.9806,0.0000,0.5519
6789.4000,52.5592,0.0133,17.5004,0.0000,0.5518
6789.5000,52.5638,0.0119,18.2348,0.0000,0.5518
6789.6000,52.5719,0.0104,19.1808,0.0000,0.5517
6789.7000,52.5833,0.0090,20.0727,0.0000,0.5516
6789.8000,52.5979,0.0075,20.5369,0.0000,0.5516
6789.9000,52.6127,0.0061,20.5630,0.0000,0.5515
6790.0000,52.6275,0.0047,20.4025,0.0000,0.5514
6790.1000,52.6412,0.0032,19.6072,0.0000,0.5514
6790.2000,52.6503,0.0018,18.6052,0.0000,0.5513
6790.3000,52.6568,0.0003,18.0535,0.0000,0.5513
6790.4000,52.6621,-0.0011,17.8255,0.0000,0.5512
6790.5000,52.6670,-0.0026,17.4925,0.0000,0.5512
6790.6000,52.6700,-0.0040,17.2607,0.0000,0.5511
6790.7000,52.6734,-0.0055,16.8399,0.0000,0.5510
6790.8000,52.6734,-0.0070,16.1703,0.0000,0.5510
6790.9000,52.6720,-0.0084,15.8776,0.0000,0.5509
6791.0000,52.6701,-0.0099,16.2468,0.0000,0.5509
6791.1000,52.6715,-0.0113,16.9706,0.0000,0.5508
6791.2000,52.6748,-0.0128,18.0161,0.0000,0.5508
6791.3000,52.6838,-0.0142,19.3985,0.0000,0.5507
6791.4000,52.6971,-0.0157,20.4764,0.0000,0.5507
6791.5000,52.7138,-0.0171,20.9800,0.0000,0.5506
6791.6000,52.7307,-0.0186,21.0667,0.0000,0.5505
6791.7000,52.7481,-0.0201,20.5920,0.0000,0.5505
6791.8000,52.7616,-0.0215,19.5500,0.0000,0.5504
6791.9000,52.7716,-0.0230,18.7437,0.0000,0.5503
6792.0000,52.7794,-0.0244,18.0023,0.0000,0.5503
6792.1000,52.7841,-0.0259,16.7024,0.0000,0.5502
6792.2000,52.7827,-0.0274,15.3982,0.0000,0.5502
6792.3000,52.7782,-0.0288,14.4952,0.0000,0.5501
6792.4000,52.7704,-0.0303,13.1891,0.0000,0.5501
6792.5000,52.7567,-0.0318,11.8774,0.0000,0.5501
6792.6000,52.7397,-0.0332,11.1401,0.0000,0.5500
6792.7000,52.7209,-0.0347,10.8072,0.0000,0.5500
6792.8000,52.7016,-0.0362,10.4002,0.0000,0.5499
6792.9000,52.6801,-0.0376,10.1608,0.0000,0.5499
6793.0000,52.6593,-0.0391,10.4680,0.0000,0.5499
6793.1000,52.6401,-0.0405,11.2450,0.0000,0.5498
6793.2000,52.6251,-0.0420,12.0347,0.0000,0.5498
6793.3000,52.6117,-0.0435,12.5402,0.0000,0.5498
6793.4000,52.6005,-0.0449,12.9084,0.0000,0.5497
6793.5000,52.5899,-0.0464,12.8579,0.0000,0.5497
6793.6000,52.5784,-0.0478,12.7592,0.0000,0.5496
6793.7000,52.5673,-0.0493,13.0859,0.0000,0.5496
6793.8000,52.5583,-0.0508,13.4357,0.0000,0.5495
6793.9000,52.5498,-0.0522,13.5847,0.0000,0.5495
6794.0000,52.5420,-0.0537,13.6780,0.0000,0.5495
6794.1000,52.5343,-0.0551,13.2170,0.0000,0.5494
6794.2000,52.5233,-0.0566,12.1295,0.0000,0.5494
6794.3000,52.5080,-0.0580,11.2117,0.0000,0.5493
6794.4000,52.4905,-0.0595,10.6031,0.0000,0.5493
6794.5000,52.4710,-0.0609,10.0919,0.0000,0.5493
6794.6000,52.4500,-0.0624,10.0200,0.0000,0.5492
6794.7000,52.4301,-0.0639,10.4257,0.0000,0.5492
6794.8000,52.4123,-0.0653,10.9556,0.0000,0.5491
6794.9000,52.3963,-0.0668,11.4880,0.0000,0.5491
6795.0000,52.3825,-0.0682,12.3135,0.0000,0.5491
6795.1000,52.3726,-0.0697,13.1928,0.0000,0.5490
6795.2000,52.3653,-0.0711,13.9286,0.0000,0.5490
6795.3000,52.3608,-0.0725,14.8456,0.0000,0.5489
6795.4000,52.3602,-0.0740,15.6910,0.0000,0.5489
6795.5000,52.3620,-0.0754,16.0591,0.0000,0.5488
6795.6000,52.3641,-0.0769,16.2645,0.0000,0.5488
6795.7000,52.3675,-0.0783,16.2760,0.0000,0.5487
6795.8000,52.3697,-0.0798,15.4080,0.0000,0.5487
6795.9000,52.3669,-0.0812,14.1420,0.0000,0.5486
6796.0000,52.3602,-0.0827,13.3153,0.0000,0.5486
6796.1000,52.3515,-0.0841,12.3287,0.0000,0.5485
6796.2000,52.3378,-0.0856,11.0342,0.0000,0.5485
6796.3000,52.3199,-0.0870,10.3697,0.0000,0.5485
6796.4000,52.3016,-0.0884,10.1564,0.0000,0.5484
6796.5000,52.2824,-0.0899,10.0214,0.0000,0.5484
6796.6000,52.2632,-0.0913,10.2823,0.0000,0.5484
6796.7000,52.2460,-0.0927,10.7702,0.0000,0.5483
6796.8000,52.2305,-0.0942,11.4105,0.0000,0.5483
6796.9000,52.2182,-0.0956,12.0699,0.0000,0.5483
6797.0000,52.2076,-0.0970,12.2271,0.0000,0.5482
6797.1000,52.1965,-0.0985,12.0896,0.0000,0.5482
6797.2000,52.1850,-0.0999,11.9825,0.0000,0.5481
6797.3000,52.1733,-0.1013,11.6819,0.0000,0.5481
6797.4000,52.1598,-0.1027,11.5257,0.0000,0.5481
6797.5000,52.1471,-0.1042,11.8107,0.0000,0.5480
6797.6000,52.1358,-0.1056,12.2601,0.0000,0.5480
6797.7000,52.1265,-0.1070,12.8812,0.0000,0.5479
6797.8000,52.1199,-0.1084,13.3183,0.0000,0.5479
6797.9000,52.1138,-0.1099,13.3379,0.0000,0.5478
6798.0000,52.1075,-0.1113,13.3508,0.0000,0.5478
6798.1000,52.1016,-0.1127,13.3651,0.0000,0.5478
6798.2000,52.0955,-0.1141,13.5176,0.0000,0.5477
6798.3000,52.0909,-0.1155,14.2269,0.0000,0.5477
6798.4000,52.0900,-0.1169,15.4413,0.0000,0.5476
6798.5000,52.0943,-0.1183,16.7034,0.0000,0.5476
6798.6000,52.1027,-0.1198,18.1453,0.0000,0.5475
6798.7000,52.1175,-0.1212,19.7284,0.0000,0.5474
6798.8000,52.1373,-0.1226,21.0723,0.0000,0.5474
6798.9000,52.1618,-0.1240,22.1723,0.0000,0.5473
6799.0000,52.1896,-0.1254,23.0515,0.0000,0.5472
6799.1000,52.2205,-0.1268,23.5513,0.0000,0.5472
6799.2000,52.2518,-0.1282,23.8276,0.0000,0.5471
6799.3000,52.2846,-0.1296,23.9328,0.0000,0.5470
6799.4000,52.3166,-0.1310,23.8050,0.0000,0.5469
6799.5000,52.3483,-0.1324,23.5148,0.0000,0.5469
6799.6000,52.3782,-0.1338,23.0441,0.0000,0.5468
6799.7000,52.4065,-0.1352,22.1003,0.0000,0.5467
6799.8000,52.4295,-0.1366,20.6762,0.0000,0.5467
6799.9000,52.4475,-0.1380,19.2058,0.0000,0.5466
6800.0000,52.4599,-0.1394,17.8655,0.0000,0.5466
6800.1000,52.4683,-0.1408,16.5436,0.0000,0.5465
6800.2000,52.4712,-0.1422,15.3430,0.0000,0.5465
6800.3000,52.4711,-0.1436,14.8164,0.0000,0.5464
6800.4000,52.4704,-0.1450,14.6400,0.0000,0.5464
6800.5000,52.4690,-0.1464,14.4693,0.0000,0.5463
6800.6000,52.4672,-0.1478,14.5983,0.0000,0.5463
6800.7000,52.4669,-0.1492,15.0155,0.0000,0.5462
6800.8000,52.4681,-0.1505,15.1164,0.0000,0.5462
6800.9000,52.4686,-0.1519,14.6895,0.0000,0.5461
6801.0000,52.4669,-0.1533,14.1032,0.0000,0.5461
6801.1000,52.4633,-0.1547,13.7794,0.0000,0.5460
6801.2000,52.4593,-0.1561,13.6178,0.0000,0.5460
6801.3000,52.4546,-0.1574,13.4482,0.0000,0.5459
6801.4000,52.4495,-0.1588,13.4919,0.0000,0.5459
6801.5000,52.4453,-0.1602,13.6258,0.0000,0.5459
6801.6000,52.4413,-0.1616,13.4780,0.0000,0.5458
6801.7000,52.4361,-0.1629,13.0202,0.0000,0.5458
6801.8000,52.4289,-0.1643,12.7637,0.0000,0.5457
6801.9000,52.4220,-0.1657,13.0983,0.0000,0.5457
6802.0000,52.4174,-0.1670,13.7458,0.0000,0.5456
6802.1000,52.4152,-0.1684,14.1879,0.0000,0.5456
6802.2000,52.4139,-0.1697,14.4725,0.0000,0.5455
6802.3000,52.4139,-0.1711,14.5629,0.0000,0.5455
6802.4000,52.4132,-0.1724,13.9711,0.0000,0.5454
6802.5000,52.4091,-0.1738,12.8183,0.0000,0.5454
6802.6000,52.4003,-0.1751,11.7846,0.0000,0.5454
6802.7000,52.3888,-0.1765,11.0688,0.0000,0.5453
6802.8000,52.3749,-0.1778,10.2974,0.0000,0.5453
6802.9000,52.3580,-0.1791,9.6347,0.0000,0.5453
6803.0000,52.3395,-0.1805,9.5269,0.0000,0.5452
6803.1000,52.3220,-0.1818,9.6706,0.0000,0.5452
6803.2000,52.3047,-0.1831,9.8356,0.0000,0.5452
6803.3000,52.2886,-0.1845,10.4141,0.0000,0.5451
6803.4000,52.2756,-0.1858,11.2870,0.0000,0.5451
6803.5000,52.2658,-0.1871,11.8511,0.0000,0.5450
6803.6000,52.2571,-0.1884,12.0633,0.0000,0.5450
6803.7000,52.2490,-0.1898,11.8733,0.0000,0.5450
6803.8000,52.2390,-0.1911,11.2770,0.0000,0.5449
6803.9000,52.2267,-0.1924,10.6977,0.0000,0.5449
6804.0000,52.2126,-0.1937,10.3323,0.0000,0.5449
6804.1000,52.1979,-0.1950,9.9740,0.0000,0.5448
6804.2000,52.1813,-0.1963,9.6708,0.0000,0.5448
6804.3000,52.1645,-0.1976,9.7403,0.0000,0.5447
6804.4000,52.1486,-0.1989,9.7404,0.0000,0.5447
6804.5000,52.1320,-0.2002,9.2027,0.0000,0.5447
6804.6000,52.1123,-0.2015,8.5550,0.0000,0.5447
6804.7000,52.0911,-0.2028,8.1789,0.0000,0.5446
6804.8000,52.0689,-0.2041,7.9576,0.0000,0.5446
6804.9000,52.0463,-0.2053,7.6624,0.0000,0.5446
6805.0000,52.0221,-0.2066,7.4703,0.0000,0.5445
6805.1000,51.9982,-0.2079,7.6149,0.0000,0.5445
6805.2000,51.9752,-0.2092,7.7394,0.0000,0.5445
6805.3000,51.9524,-0.2104,7.3805,0.0000,0.5445
6805.4000,51.9270,-0.2117,6.9106,0.0000,0.5444
6805.5000,51.9009,-0.2130,6.8870,0.0000,0.5444
6805.6000,51.8755,-0.2142,7.0727,0.0000,0.5444
6805.7000,51.8510,-0.2155,7.6512,0.0000,0.5443
6805.8000,51.8299,-0.2167,8.7544,0.0000,0.5443
6805.9000,51.8135,-0.2180,10.0849,0.0000,0.5443
6806.0000,51.8023,-0.2192,11.0802,0.0000,0.5442
6806.1000,51.7934,-0.2204,11.6543,0.0000,0.5442
6806.2000,51.7864,-0.2217,12.0895,0.0000,0.5442
6806.3000,51.7807,-0.2229,12.2731,0.0000,0.5441
6806.4000,51.7753,-0.2242,12.3325,0.0000,0.5441
6806.5000,51.7701,-0.2254,12.7028,0.0000,0.5440
6806.6000,51.7674,-0.2266,13.3350,0.0000,0.5440
6806.7000,51.7670,-0.2278,13.7810,0.0000,0.5439
6806.8000,51.7677,-0.2290,14.0272,0.0000,0.5439
6806.9000,51.7691,-0.2303,14.0523,0.0000,0.5439
6807.0000,51.7700,-0.2315,13.7729,0.0000,0.5438
6807.1000,51.7695,-0.2327,13.5535,0.0000,0.5438
6807.2000,51.7689,-0.2339,13.2589,0.0000,0.5437
6807.3000,51.7663,-0.2351,12.8224,0.0000,0.5437
6807.4000,51.7626,-0.2363,12.4795,0.0000,0.5436
6807.5000,51.7576,-0.2375,12.2523,0.0000,0.5436
6807.6000,51.7524,-0.2387,11.6984,0.0000,0.5436
6807.7000,51.7434,-0.2399,10.8150,0.0000,0.5435
6807.8000,51.7319,-0.2411,9.9975,0.0000,0.5435
6807.9000,51.7171,-0.2423,9.2634,0.0000,0.5435
6808.0000,51.7003,-0.2434,8.1704,0.0000,0.5434
6808.1000,51.6776,-0.2446,6.6984,0.0000,0.5434
6808.2000,51.6502,-0.2458,5.5338,0.0000,0.5434
6808.3000,51.6193,-0.2470,4.5688,0.0000,0.5434
6808.4000,51.5850,-0.2481,3.4685,0.0000,0.5433
6808.5000,51.5461,-0.2493,2.5975,0.0000,0.5433
6808.6000,51.5056,-0.2504,2.3161,0.0000,0.5433
6808.7000,51.4649,-0.2516,2.3779,0.0000,0.5433
6808.8000,51.4250,-0.2527,2.6181,0.0000,0.5433
6808.9000,51.3862,-0.2539,3.0595,0.0000,0.5433
6809.0000,51.3497,-0.2550,3.9239,0.0000,0.5432
6809.1000,51.3175,-0.2562,4.9083,0.0000,0.5432
6809.2000,51.2884,-0.2573,5.4477,0.0000,0.5432
6809.3000,51.2603,-0.2584,5.8376,0.0000,0.5432
6809.4000,51.2343,-0.2596,6.4088,0.0000,0.5432
6809.5000,51.2105,-0.2607,6.6644,0.0000,0.5431
6809.6000,51.1865,-0.2618,6.3770,0.0000,0.5431
6809.7000,51.1607,-0.2629,5.9874,0.0000,0.5431
6809.8000,51.1340,-0.2640,5.8315,0.0000,0.5431
6809.9000,51.1073,-0.2651,5.7878,0.0000,0.5430
6810.0000,51.0804,-0.2662,5.9036,0.0000,0.5430
6810.1000,51.0547,-0.2673,6.3929,0.0000,0.5430
6810.2000,51.0316,-0.2684,6.9745,0.0000,0.5430
6810.3000,51.0103,-0.2695,6.8555,0.0000,0.5429
6810.4000,50.9864,-0.2706,6.3287,0.0000,0.5429
6810.5000,50.9614,-0.2717,5.8864,0.0000,0.5429
6810.6000,50.9344,-0.2727,5.4147,0.0000,0.5429
6810.7000,50.9060,-0.2738,4.9923,0.0000,0.5428
6810.8000,50.8760,-0.2749,4.8238,0.0000,0.5428
6810.9000,50.8465,-0.2759,4.8548,0.0000,0.5428
6811.0000,50.8170,-0.2770,4.9217,0.0000,0.5428
6811.1000,50.7881,-0.2781,5.2334,0.0000,0.5428
6811.2000,50.7610,-0.2791,6.0228,0.0000,0.5427
6811.3000,50.7382,-0.2802,7.0646,0.0000,0.5427
6811.4000,50.7190,-0.2812,7.8996,0.0000,0.5427
6811.5000,50.7025,-0.2822,8.5883,0.0000,0.5426
6811.6000,50.6886,-0.2833,9.2988,0.0000,0.5426
6811.7000,50.6775,-0.2843,9.9806,0.0000,0.5426
6811.8000,50.6688,-0.2853,10.8091,0.0000,0.5425
6811.9000,50.6640,-0.2864,11.6834,0.0000,0.5425
6812.0000,50.6618,-0.2874,12.3795,0.0000,0.5425
6812.1000,50.6623,-0.2884,12.8916,0.0000,0.5424
6812.2000,50.6640,-0.2894,12.9987,0.0000,0.5424
6812.3000,50.6654,-0.2904,12.7625,0.0000,0.5423
6812.4000,50.6654,-0.2914,12.6667,0.0000,0.5423
6812.5000,50.6661,-0.2924,12.8973,0.0000,0.5422
6812.6000,50.6679,-0.2934,13.3019,0.0000,0.5422
6812.7000,50.6717,-0.2944,14.1794,0.0000,0.5422
6812.8000,50.6801,-0.2954,15.3936,0.0000,0.5421
6812.9000,50.6929,-0.2964,16.3917,0.0000,0.5421
6813.0000,50.7088,-0.2974,16.8407,0.0000,0.5420
6813.1000,50.7250,-0.2984,16.7310,0.0000,0.5420
6813.2000,50.7400,-0.2994,16.0409,0.0000,0.5419
6813.3000,50.7510,-0.3003,14.7441,0.0000,0.5419
6813.4000,50.7564,-0.3013,13.2587,0.0000,0.5418
6813.5000,50.7565,-0.3023,12.0613,0.0000,0.5418
6813.6000,50.7530,-0.3032,11.0419,0.0000,0.5417
6813.7000,50.7456,-0.3042,10.2126,0.0000,0.5417
6813.8000,50.7360,-0.3052,10.0818,0.0000,0.5417
6813.9000,50.7277,-0.3061,10.9382,0.0000,0.5416
6814.0000,50.7246,-0.3071,12.2811,0.0000,0.5416
6814.1000,50.7264,-0.3080,13.9324,0.0000,0.5415
6814.2000,50.7357,-0.3089,15.8202,0.0000,0.5415
6814.3000,50.7515,-0.3099,17.1046,0.0000,0.5414
6814.4000,50.7703,-0.3108,17.4185,0.0000,0.5414
6814.5000,50.7884,-0.3117,17.0978,0.0000,0.5413
6814.6000,50.8049,-0.3127,16.0054,0.0000,0.5413
6814.7000,50.8149,-0.3136,14.2571,0.0000,0.5412
6814.8000,50.8183,-0.3145,12.6317,0.0000,0.5412
6814.9000,50.8163,-0.3154,11.2472,0.0000,0.5411
6815.0000,50.8095,-0.3163,10.1292,0.0000,0.5411
6815.1000,50.7993,-0.3172,9.4377,0.0000,0.5411
6815.2000,50.7875,-0.3181,9.2050,0.0000,0.5410
6815.3000,50.7756,-0.3190,9.1910,0.0000,0.5410
6815.4000,50.7638,-0.3199,8.9237,0.0000,0.5410
6815.5000,50.7500,-0.3208,8.5327,0.0000,0.5409
6815.6000,50.7354,-0.3217,8.4585,0.0000,0.5409
6815.7000,50.7212,-0.3226,8.4157,0.0000,0.5409
6815.8000,50.7064,-0.3235,8.3875,0.0000,0.5409
6815.9000,50.6921,-0.3243,8.8650,0.0000,0.5408
6816.0000,50.6809,-0.3252,9.5117,0.0000,0.5408
6816.1000,50.6715,-0.3261,9.7907,0.0000,0.5408
6816.2000,50.6625,-0.3269,9.7201,0.0000,0.5407
6816.3000,50.6527,-0.3278,9.2351,0.0000,0.5407
6816.4000,50.6402,-0.3286,8.3550,0.0000,0.5407
6816.5000,50.6239,-0.3295,7.2241,0.0000,0.5406
6816.6000,50.6031,-0.3303,5.9830,0.0000,0.5406
6816.7000,50.5776,-0.3312,4.9723,0.0000,0.5406
6816.8000,50.5494,-0.3320,4.4217,0.0000,0.5406
6816.9000,50.5200,-0.3328,4.1468,0.0000,0.5406
6817.0000,50.4898,-0.3337,3.8903,0.0000,0.5405
6817.1000,50.4586,-0.3345,3.8159,0.0000,0.5405
6817.2000,50.4280,-0.3353,3.9647,0.0000,0.5405
6817.3000,50.3981,-0.3361,4.3043,0.0000,0.5405
6817.4000,50.3702,-0.3369,4.7621,0.0000,0.5405
6817.5000,50.3438,-0.3377,5.1848,0.0000,0.5404
6817.6000,50.3192,-0.3385,5.7506,0.0000,0.5404
6817.7000,50.2972,-0.3393,6.1126,0.0000,0.5404
6817.8000,50.2754,-0.3401,5.9073,0.0000,0.5404
6817.9000,50.2520,-0.3409,5.4900,0.0000,0.5403
6818.0000,50.2272,-0.3417,5.3729,0.0000,0.5403
6818.1000,50.2030,-0.3424,5.3725,0.0000,0.5403
6818.2000,50.1783,-0.3432,5.5240,0.0000,0.5403
6818.3000,50.1554,-0.3440,6.0749,0.0000,0.5403
6818.4000,50.1350,-0.3448,6.4755,0.0000,0.5402
6818.5000,50.1152,-0.3455,6.2507,0.0000,0.5402
6818.6000,50.0932,-0.3463,5.8340,0.0000,0.5402
6818.7000,50.0704,-0.3470,5.1697,0.0000,0.5402
6818.8000,50.0435,-0.3478,3.9395,0.0000,0.5401
6818.9000,50.0115,-0.3485,2.9298,0.0000,0.5401
6819.0000,49.9772,-0.3492,2.6856,0.0000,0.5401
6819.1000,49.9435,-0.3500,2.8492,0.0000,0.5401
6819.2000,49.9105,-0.3507,3.2071,0.0000,0.5401
6819.3000,49.8796,-0.3514,3.9560,0.0000,0.5401
6819.4000,49.8524,-0.3521,4.8820,0.0000,0.5400
6819.5000,49.8287,-0.3529,5.6300,0.0000,0.5400
6819.6000,49.8073,-0.3536,6.0209,0.0000,0.5400
6819.7000,49.7866,-0.3543,6.3548,0.0000,0.5400
6819.8000,49.7679,-0.3550,6.9254,0.0000,0.5399
6819.9000,49.7516,-0.3557,7.5662,0.0000,0.5399
6820.0000,49.7378,-0.3564,8.4446,0.0000,0.5399
6820.1000,49.7284,-0.3571,9.6930,0.0000,0.5398
6820.2000,49.7241,-0.3577,11.0878,0.0000,0.5398
6820.3000,49.7253,-0.3584,12.4518,0.0000,0.5398
6820.4000,49.7315,-0.3591,13.7932,0.0000,0.5397
6820.5000,49.7429,-0.3598,14.8379,0.0000,0.5397
6820.6000,49.7570,-0.3604,15.4558,0.0000,0.5396
6820.7000,49.7730,-0.3611,15.7673,0.0000,0.5396
6820.8000,49.7895,-0.3618,15.9774,0.0000,0.5395
6820.9000,49.8071,-0.3624,16.2212,0.0000,0.5395
6821.0000,49.8253,-0.3631,16.4928,0.0000,0.5394
6821.1000,49.8450,-0.3637,16.6752,0.0000,0.5394
6821.2000,49.8646,-0.3644,16.6384,0.0000,0.5393
6821.3000,49.8839,-0.3650,16.4106,0.0000,0.5393
6821.4000,49.9017,-0.3657,15.7801,0.0000,0.5392
6821.5000,49.9162,-0.3663,15.0941,0.0000,0.5392
6821.6000,49.9288,-0.3669,14.5156,0.0000,0.5391
6821.7000,49.9390,-0.3676,14.2271,0.0000,0.5391
6821.8000,49.9494,-0.3682,14.2160,0.0000,0.5390
6821.9000,49.9594,-0.3688,14.6301,0.0000,0.5390
6822.0000,49.9730,-0.3694,15.2126,0.0000,0.5389
6822.1000,49.9874,-0.3700,15.8201,0.0000,0.5389
6822.2000,50.0055,-0.3706,16.3468,0.0000,0.5388
6822.3000,50.0239,-0.3712,16.4148,0.0000,0.5388
6822.4000,50.0425,-0.3718,16.1932,0.0000,0.5387
6822.5000,50.0592,-0.3724,15.9036,0.0000,0.5387
6822.6000,50.0755,-0.3730,15.6634,0.0000,0.5386
6822.7000,50.0903,-0.3736,15.4477,0.0000,0.5386
6822.8000,50.1051,-0.3742,15.4927,0.0000,0.5385
6822.9000,50.1202,-0.3748,15.6736,0.0000,0.5385
6823.0000,50.1362,-0.3754,15.9465,0.0000,0.5384
6823.1000,50.1534,-0.3759,16.4547,0.0000,0.5384
6823.2000,50.1732,-0.3765,17.2899,0.0000,0.5383
6823.3000,50.1966,-0.3771,18.2313,0.0000,0.5383
6823.4000,50.2235,-0.3776,19.1709,0.0000,0.5382
6823.5000,50.2539,-0.3782,19.8160,0.0000,0.5381
6823.6000,50.2854,-0.3787,19.6921,0.0000,0.5381
6823.7000,50.3148,-0.3793,19.0206,0.0000,0.5380
6823.8000,50.3412,-0.3798,18.3533,0.0000,0.5380
6823.9000,50.3654,-0.3804,17.4364,0.0000,0.5379
6824.0000,50.3849,-0.3809,16.3631,0.0000,0.5379
6824.1000,50.4010,-0.3814,15.7198,0.0000,0.5378
6824.2000,50.4156,-0.3820,15.1117,0.0000,0.5378
6824.3000,50.4272,-0.3825,14.2405,0.0000,0.5377
6824.4000,50.4353,-0.3830,13.2373,0.0000,0.5377
6824.5000,50.4393,-0.3835,12.1054,0.0000,0.5376
6824.6000,50.4389,-0.3841,11.0152,0.0000,0.5376
6824.7000,50.4348,-0.3846,10.3212,0.0000,0.5375
6824.8000,50.4293,-0.3851,10.0067,0.0000,0.5375
6824.9000,50.4229,-0.3856,9.9222,0.0000,0.5375
6825.0000,50.4168,-0.3861,10.0847,0.0000,0.5374
6825.1000,50.4117,-0.3866,10.2873,0.0000,0.5374
6825.2000,50.4072,-0.3871,10.5607,0.0000,0.5374
6825.3000,50.4042,-0.3875,11.0978,0.0000,0.5373
6825.4000,50.4037,-0.3880,11.6019,0.0000,0.5373
6825.5000,50.4045,-0.3885,11.8669,0.0000,0.5373
6825.6000,50.4061,-0.3890,12.0548,0.0000,0.5372
6825.7000,50.4083,-0.3894,12.1110,0.0000,0.5372
6825.8000,50.4103,-0.3899,11.8625,0.0000,0.5371
6825.9000,50.4107,-0.3904,11.3778,0.0000,0.5371
6826.0000,50.4091,-0.3908,11.2241,0.0000,0.5371
6826.1000,50.4083,-0.3913,11.3938,0.0000,0.5370
6826.2000,50.4081,-0.3917,11.6682,0.0000,0.5370
6826.3000,50.4094,-0.3922,11.9509,0.0000,0.5369
6826.4000,50.4113,-0.3926,12.6347,0.0000,0.5369
6826.5000,50.4178,-0.3931,13.4217,0.0000,0.5369
6826.6000,50.4255,-0.3935,13.8981,0.0000,0.5368
6826.7000,50.4356,-0.3939,14.2091,0.0000,0.5368
6826.8000,50.4456,-0.3943,13.9606,0.0000,0.5367
6826.9000,50.4538,-0.3948,13.3043,0.0000,0.5367
6827.0000,50.4590,-0.3952,12.4617,0.0000,0.5366
6827.1000,50.4609,-0.3956,11.7517,0.0000,0.5366
6827.2000,50.4607,-0.3960,11.3427,0.0000,0.5366
6827.3000,50.4596,-0.3964,11.4365,0.0000,0.5365
6827.4000,50.4602,-0.3968,11.8658,0.0000,0.5365
6827.5000,50.4623,-0.3972,12.5037,0.0000,0.5364
6827.6000,50.4677,-0.3976,13.0437,0.0000,0.5364
6827.7000,50.4738,-0.3980,13.3739,0.0000,0.5363
6827.8000,50.4817,-0.3984,13.9448,0.0000,0.5363
6827.9000,50.4921,-0.3988,14.5056,0.0000,0.5363
6828.0000,50.5041,-0.3991,14.9301,0.0000,0.5362
6828.1000,50.5177,-0.3995,15.4449,0.0000,0.5362
6828.2000,50.5335,-0.3999,15.6583,0.0000,0.5361
6828.3000,50.5486,-0.4003,15.3880,0.0000,0.5361
6828.4000,50.5624,-0.4006,15.1819,0.0000,0.5360
6828.5000,50.5760,-0.4010,15.3119,0.0000,0.5360
6828.6000,50.5907,-0.4013,15.6964,0.0000,0.5359
6828.7000,50.6071,-0.4017,16.0916,0.0000,0.5359
6828.8000,50.6247,-0.4020,16.4004,0.0000,0.5358
6828.9000,50.6433,-0.4024,16.3983,0.0000,0.5358
6829.0000,50.6609,-0.4027,15.7065,0.0000,0.5357
6829.1000,50.6743,-0.4031,14.5982,0.0000,0.5357
6829.2000,50.6835,-0.4034,13.4972,0.0000,0.5356
6829.3000,50.6887,-0.4037,12.2175,0.0000,0.5356
6829.4000,50.6884,-0.4040,10.9656,0.0000,0.5355
6829.5000,50.6843,-0.4044,10.1121,0.0000,0.5355
6829.6000,50.6777,-0.4047,9.1814,0.0000,0.5355
6829.7000,50.6667,-0.4050,8.4093,0.0000,0.5354
6829.8000,50.6544,-0.4053,8.1997,0.0000,0.5354
6829.9000,50.6419,-0.4056,8.2135,0.0000,0.5354
6830.0000,50.6298,-0.4059,8.1869,0.0000,0.5353
6830.1000,50.6171,-0.4062,8.5758,0.0000,0.5353
6830.2000,50.6079,-0.4065,9.3052,0.0000,0.5353
6830.3000,50.6008,-0.4068,9.6726,0.0000,0.5353
6830.4000,50.5944,-0.4071,10.0567,0.0000,0.5352
6830.5000,50.5902,-0.4074,-0.5735,0.0000,0.5352
6830.6000,50.5045,-0.4076,-22.7143,0.0000,0.5353
6830.7000,50.3349,-0.4079,-45.0459,0.0000,0.5354
6830.8000,50.0814,-0.4082,-66.9464,0.0000,0.5355
6830.9000,49.7455,-0.4085,-88.5479,0.0000,0.5357
6831.0000,49.3254,-0.4087,-98.9143,0.0000,0.5358
6831.1000,48.9053,-0.4090,-98.1830,0.0000,0.5360
6831.2000,48.4852,-0.4092,-97.4489,0.0000,0.5361
6831.3000,48.0650,-0.4095,-96.7119,0.0000,0.5363
6831.4000,47.6449,-0.4097,-95.9721,0.0000,0.5365
6831.5000,47.2248,-0.4099,-95.2294,0.0000,0.5366
6831.6000,46.8047,-0.4102,-94.4840,0.0000,0.5368
6831.7000,46.3845,-0.4104,-93.7358,0.0000,0.5369
6831.8000,45.9644,-0.4106,-92.9849,0.0000,0.5371
6831.9000,45.5443,-0.4108,-92.2313,0.0000,0.5373
6832.0000,45.1241,-0.4110,-91.4751,0.0000,0.5374
6832.1000,44.7040,-0.4112,-90.7161,0.0000,0.5376
6832.2000,44.2839,-0.4114,-89.9546,0.0000,0.5378
6832.3000,43.8638,-0.4116,-89.1904,0.0000,0.5379
6832.4000,43.4436,-0.4118,-88.4237,0.0000,0.5381
6832.5000,43.0235,-0.4120,-87.6545,0.0000,0.5382
6832.6000,42.6034,-0.4122,-86.8827,0.0000,0.5384
6832.7000,42.1833,-0.4123,-86.1084,0.0000,0.5386
6832.8000,41.7631,-0.4125,-85.3316,0.0000,0.5387
6832.9000,41.3430,-0.4127,-84.5524,0.0000,0.5389
6833.0000,40.9229,-0.4128,-83.7708,0.0000,0.5390
6833.1000,40.5028,-0.4130,-82.9868,0.0000,0.5392
6833.2000,40.0826,-0.4131,-82.2004,0.0000,0.5394
6833.3000,39.6625,-0.4133,-81.4117,0.0000,0.5395
6833.4000,39.2424,-0.4134,-80.6206,0.0000,0.5397
6833.5000,38.8223,-0.4136,-79.8273,0.0000,0.5398
6833.6000,38.4021,-0.4137,-79.0317,0.0000,0.5400
6833.7000,37.9820,-0.4139,-78.2338,0.0000,0.5402
6833.8000,37.5619,-0.4140,-77.4338,0.0000,0.5403
6833.9000,37.1418,-0.4141,-76.6315,0.0000,0.5405
6834.0000,36.7216,-0.4143,-75.8271,0.0000,0.5406
6834.1000,36.3015,-0.4144,-75.0205,0.0000,0.5408
6834.2000,35.8814,-0.4145,-74.2118,0.0000,0.5410
6834.3000,35.4613,-0.4146,-73.4011,0.0000,0.5411
6834.4000,35.0411,-0.4147,-72.5882,0.0000,0.5413
6834.5000,34.6210,-0.4148,-71.7734,0.0000,0.5414
6834.6000,34.2009,-0.4150,-70.9565,0.0000,0.5416
6834.7000,33.7808,-0.4151,-70.1376,0.0000,0.5417
6834.8000,33.3606,-0.4152,-69.3167,0.0000,0.5419
6834.9000,32.9405,-0.4153,-68.4940,0.0000,0.5420
6835.0000,32.5204,-0.4154,-67.6693,0.0000,0.5422
6835.1000,32.1003,-0.4155,-66.8427,0.0000,0.5423
6835.2000,31.6801,-0.4156,-66.0142,0.0000,0.5424
6835.3000,31.2600,-0.4156,-65.1839,0.0000,0.5426
6835.4000,30.8399,-0.4157,-64.3518,0.0000,0.5427
6835.5000,30.4198,-0.4158,-63.5179,0.0000,0.5428
6835.6000,29.9996,-0.4159,-62.6823,0.0000,0.5430
6835.7000,29.5795,-0.4160,-61.8448,0.0000,0.5431
6835.8000,29.1594,-0.4161,-61.0057,0.0000,0.5432
6835.9000,28.7392,-0.4161,-60.1649,0.0000,0.5434
6836.0000,28.3191,-0.4162,-59.3224,0.0000,0.5435
6836.1000,27.8990,-0.4163,-58.4783,0.0000,0.5436
6836.2000,27.4789,-0.4163,-57.6326,0.0000,0.5437
6836.3000,27.0587,-0.4164,-56.7852,0.0000,0.5438
6836.4000,26.6386,-0.4165,-55.9364,0.0000,0.5440
6836.5000,26.2185,-0.4165,-55.0859,0.0000,0.5441
6836.6000,25.7984,-0.4166,-54.2340,0.0000,0.5442
6836.7000,25.3782,-0.4167,-53.3805,0.0000,0.5443
6836.8000,24.9581,-0.4167,-52.5256,0.0000,0.5444
6836.9000,24.5380,-0.4168,-51.6692,0.0000,0.5445
6837.0000,24.1179,-0.4168,-50.8114,0.0000,0.5446
6837.1000,23.6977,-0.4169,-49.9523,0.0000,0.5447
6837.2000,23.2776,-0.4169,-49.0917,0.0000,0.5448
6837.3000,22.8575,-0.4170,-48.2298,0.0000,0.5449
6837.4000,22.4374,-0.4170,-47.3666,0.0000,0.5450
6837.5000,22.0172,-0.4171,-46.5021,0.0000,0.5451
6837.6000,21.5971,-0.4171,-45.6363,0.0000,0.5452
6837.7000,21.1770,-0.4172,-44.7693,0.0000,0.5453
6837.8000,20.7569,-0.4172,-43.9010,0.0000,0.5454
6837.9000,20.3367,-0.4173,-43.0316,0.0000,0.5455
6838.0000,19.9166,-0.4173,-42.1609,0.0000,0.5456
6838.1000,19.4965,-0.4173,-41.2891,0.0000,0.5456
6838.2000,19.0764,-0.4174,-40.4162,0.0000,0.5457
6838.3000,18.6562,-0.4174,-39.5422,0.0000,0.5458
6838.4000,18.2361,-0.4175,-38.6672,0.0000,0.5459
6838.5000,17.8160,-0.4175,-37.7910,0.0000,0.5459
6838.6000,17.3959,-0.4175,-36.9139,0.0000,0.5460
6838.7000,16.9757,-0.4176,-36.0357,0.0000,0.5461
6838.8000,16.5556,-0.4176,-35.1565,0.0000,0.5462
6838.9000,16.1355,-0.4176,-34.2764,0.0000,0.5462
6839.0000,15.7154,-0.4176,-33.3954,0.0000,0.5463
6839.1000,15.2952,-0.4177,-32.5135,0.0000,0.5463
6839.2000,14.8751,-0.4177,-31.6307,0.0000,0.5464
6839.3000,14.4550,-0.4177,-30.7470,0.0000,0.5465
6839.4000,14.0349,-0.4177,-29.8625,0.0000,0.5465
6839.5000,13.6147,-0.4178,-28.9772,0.0000,0.5466
6839.6000,13.1946,-0.4178,-28.0911,0.0000,0.5466
6839.7000,12.7745,-0.4178,-27.2042,0.0000,0.5467
6839.8000,12.3543,-0.4178,-26.3166,0.0000,0.5467
6839.9000,11.9342,-0.4178,-25.4283,0.0000,0.5468
6840.0000,11.5141,-0.4179,-24.5393,0.0000,0.5468
6840.1000,11.0940,-0.4179,-23.6496,0.0000,0.5469
6840.2000,10.6738,-0.4179,-22.7593,0.0000,0.5469
6840.3000,10.2537,-0.4179,-21.8684,0.0000,0.5469
6840.4000,9.8336,-0.4179,-20.9769,0.0000,0.5470
6840.5000,9.4135,-0.4180,-20.0848,0.0000,0.5470
6840.6000,8.9933,-0.4180,-19.1922,0.0000,0.5470
6840.7000,8.5732,-0.4180,-18.2991,0.0000,0.5471
6840.8000,8.1531,-0.4180,-17.4055,0.0000,0.5471
6840.9000,7.7330,-0.4180,-16.5114,0.0000,0.5471
6841.0000,7.3128,-0.4180,-15.6168,0.0000,0.5471
6841.1000,6.8927,-0.4180,-14.7219,0.0000,0.5472
6841.2000,6.4726,-0.4180,-13.8265,0.0000,0.5472
6841.3000,6.0525,-0.4180,-12.8840,0.0000,0.5472
6841.4000,5.6353,-0.4181,-11.8160,0.0000,0.5472
6841.5000,5.2273,-0.4181,-10.6257,0.0000,0.5472
6841.6000,4.8344,-0.4181,-9.3739,0.0000,0.5472
6841.7000,4.4619,-0.4181,-8.0594,0.0000,0.5472
6841.8000,4.1191,-0.4181,-6.7808,0.0000,0.5472
6841.9000,3.8072,-0.4181,-5.6746,0.0000,0.5472
6842.0000,3.5233,-0.4181,-4.7510,0.0000,0.5472
6842.1000,3.2650,-0.4181,-3.9796,0.0000,0.5472
6842.2000,3.0300,-0.4181,-3.3704,0.0000,0.5472
6842.3000,2.8120,-0.4181,-2.8853,0.0000,0.5472
6842.4000,2.6097,-0.4181,-2.4689,0.0000,0.5472
6842.5000,2.4219,-0.4181,-2.1113,0.0000,0.5472
6842.6000,2.2476,-0.4181,-1.8044,0.0000,0.5472
6842.7000,2.0859,-0.4181,-1.5411,0.0000,0.5471
6842.8000,1.9358,-0.4181,-1.3153,0.0000,0.5471
6842.9000,1.7965,-0.4181,-1.1216,0.0000,0.5471
6843.0000,1.6673,-0.4181,-0.9557,0.0000,0.5471
6843.1000,1.5473,-0.4181,-0.8135,0.0000,0.5471
6843.2000,1.4360,-0.4181,-0.6917,0.0000,0.5471
6843.3000,1.3326,-0.4181,-0.5874,0.0000,0.5471
6843.4000,1.2367,-0.4181,-0.4982,0.0000,0.5471
6843.5000,1.1478,-0.4181,-0.4219,0.0000,0.5471
6843.6000,1.0652,-0.4181,-0.3568,0.0000,0.5471
6843.7000,0.9885,-0.4181,-0.3011,0.0000,0.5471
6843.8000,0.9174,-0.4181,-0.2536,0.0000,0.5471
6843.9000,0.8514,-0.4181,-0.2131,0.0000,0.5471
6844.0000,0.7901,-0.4181,-0.1786,0.0000,0.5471
6844.1000,0.7333,-0.4181,-0.1493,0.0000,0.5471
6844.2000,0.6805,-0.4181,-0.1243,0.0000,0.5471
6844.3000,0.6315,-0.4181,-0.1031,0.0000,0.5471
6844.4000,0.5861,-0.4181,-0.0852,0.0000,0.5471
6844.5000,0.5439,-0.4181,-0.0700,0.0000,0.5471
6844.6000,0.5048,-0.4182,-0.0571,0.0000,0.5470
6844.7000,0.4685,-0.4182,-0.0463,0.0000,0.5470
6844.8000,0.4348,-0.4182,-0.0371,0.0000,0.5470
6844.9000,0.4035,-0.4182,-0.0295,0.0000,0.5470
6845.0000,0.3744,-0.4182,-0.0231,0.0000,0.5470
6845.1000,0.3475,-0.4182,-0.0177,0.0000,0.5470
6845.2000,0.3225,-0.4182,-0.0132,0.0000,0.5470
6845.3000,0.2993,-0.4182,-0.0095,0.0000,0.5470
6845.4000,0.2778,-0.4182,-0.0065,0.0000,0.5470
6845.5000,0.2578,-0.4182,-0.0040,0.0000,0.5470
6845.6000,0.2392,-0.4182,-0.0019,0.0000,0.5470
6845.7000,0.2220,-0.4182,-0.0003,0.0000,0.5470
6845.8000,0.2060,-0.4182,-0.1033,0.0000,0.5470
6845.9000,0.0000,-0.4182,-0.0000,0.0000,0.5470
6846.0000,0.0000,-0.4182,-0.0000,0.0000,0.5470
6846.1000,0.0000,-0.4182,-0.0000,0.0000,0.5470
6846.2000,0.0000,-0.4182,-0.0000,0.0000,0.5470
6846.3000,0.0000,-0.4182,-0.0000,0.0000,0.5470
6846.4000,0.0000,-0.4182,-0.0000,0.0000,0.5470
6846.5000,0.0000,-0.4182,-0.0000,0.0000,0.5469
6846.6000,0.0000,-0.4182,-0.0000,0.0000,0.5469
6846.7000,0.0000,-0.4182,-0.0000,0.0000,0.5469
6846.8000,0.0000,-0.4182,-0.0000,0.0000,0.5469
6846.9000,0.0000,-0.4182,-0.0000,0.0000,0.5469
6847.0000,0.0000,-0.4182,-0.0000,0.0000,0.5469
6847.1000,0.0000,-0.4182,-0.0000,0.0000,0.5469
6847.2000,0.0000,-0.4182,-0.0000,0.0000,0.5469
6847.3000,0.0000,-0.4182,-0.0000,0.0000,0.5469
6847.4000,0.0000,-0.4182,-0.0000,0.0000,0.5469
6847.5000,0.0000,-0.4182,-0.0000,0.0000,0.5469
6847.6000,0.0000,-0.4182,-0.0000,0.0000,0.5469
6847.7000,0.0000,-0.4182,-0.0000,0.0000,0.5469
6847.8000,0.0000,-0.4182,-0.0000,0.0000,0.5469
6847.9000,0.0000,-0.4182,-0.0000,0.0000,0.5469
6848.0000,0.0000,-0.4182,-0.0000,0.0000,0.5469
6848.1000,0.0000,-0.4182,-0.0000,0.0000,0.5469
6848.2000,0.0000,-0.4182,-0.0000,0.0000,0.5469
6848.3000,0.0000,-0.4182,-0.0000,0.0000,0.5469
6848.4000,0.0000,-0.4182,-0.0000,0.0000,0.5469
6848.5000,0.0000,-0.4182,-0.0000,0.0000,0.5468
6848.6000,0.0000,-0.4182,-0.0000,0.0000,0.5468
6848.7000,0.0000,-0.4182,-0.0000,0.0000,0.5468
6848.8000,0.0000,-0.4182,-0.0000,0.0000,0.5468
6848.9000,0.0000,-0.4182,-0.0000,0.0000,0.5468
6849.0000,0.0000,-0.4182,-0.0000,0.0000,0.5468
6849.1000,0.0000,-0.4182,-0.0000,0.0000,0.5468
6849.2000,0.0000,-0.4182,-0.0000,0.0000,0.5468
6849.3000,0.0000,-0.4182,-0.0000,0.0000,0.5468
6849.4000,0.0000,-0.4182,-0.0000,0.0000,0.5468
6849.5000,0.0000,-0.4182,-0.0000,0.0000,0.5468
6849.6000,0.0000,-0.4182,-0.0000,0.0000,0.5468
6849.7000,0.0000,-0.4182,-0.0000,0.0000,0.5468
6849.8000,0.0000,-0.4182,-0.0000,0.0000,0.5468
6849.9000,0.0000,-0.4182,-0.0000,0.0000,0.5468
6850.0000,0.0000,-0.4182,-0.0000,0.0000,0.5468
6850.1000,0.0000,-0.4182,-0.0000,0.0000,0.5468
6850.2000,0.0000,-0.4182,-0.0000,0.0000,0.5468
6850.3000,0.0000,-0.4182,-0.0000,0.0000,0.5468
6850.4000,0.0000,-0.4182,-0.0000,0.0000,0.5467
6850.5000,0.0000,-0.4182,-0.0000,0.0000,0.5467
6850.6000,0.0000,-0.4182,-0.0000,0.0000,0.5467
6850.7000,0.0000,-0.4182,-0.0000,0.0000,0.5467
6850.8000,0.0000,-0.4182,-0.0000,0.0000,0.5467
6850.9000,0.0000,-0.4182,-0.0000,0.0000,0.5467
6851.0000,0.0000,-0.4182,-0.0000,0.0000,0.5467
6851.1000,0.0000,-0.4182,-0.0000,0.0000,0.5467
6851.2000,0.0000,-0.4182,-0.0000,0.0000,0.5467
6851.3000,0.0000,-0.4182,-0.0000,0.0000,0.5467
6851.4000,0.0000,-0.4182,-0.0000,0.0000,0.5467
6851.5000,0.0000,-0.4182,-0.0000,0.0000,0.5467
6851.6000,0.0000,-0.4182,-0.0000,0.0000,0.5467
6851.7000,0.0000,-0.4182,-0.0000,0.0000,0.5467
6851.8000,0.0000,-0.4182,-0.0000,0.0000,0.5467
6851.9000,0.0000,-0.4182,-0.0000,0.0000,0.5467
6852.0000,0.0000,-0.4182,-0.0000,0.0000,0.5467
6852.1000,0.0000,-0.4182,-0.0000,0.0000,0.5467
6852.2000,0.0000,-0.4182,-0.0000,0.0000,0.5467
6852.3000,0.0000,-0.4182,-0.0000,0.0000,0.5466
6852.4000,0.0000,-0.4182,-0.0000,0.0000,0.5466
6852.5000,0.0000,-0.4182,-0.0000,0.0000,0.5466
6852.6000,0.0000,-0.4182,-0.0000,0.0000,0.5466
6852.7000,0.0000,-0.4182,-0.0000,0.0000,0.5466
6852.8000,0.0000,-0.4182,-0.0000,0.0000,0.5466
6852.9000,0.0000,-0.4182,-0.0000,0.0000,0.5466
6853.0000,0.0000,-0.4182,-0.0000,0.0000,0.5466
6853.1000,0.0000,-0.4182,-0.0000,0.0000,0.5466
6853.2000,0.0000,-0.4182,-0.0000,0.0000,0.5466
6853.3000,0.0000,-0.4182,-0.0000,0.0000,0.5466
6853.4000,0.0000,-0.4182,-0.0000,0.0000,0.5466
6853.5000,0.0000,-0.4182,-0.0000,0.0000,0.5466
6853.6000,0.0000,-0.4182,-0.0000,0.0000,0.5466
6853.7000,0.0000,-0.4182,-0.0000,0.0000,0.5466
6853.8000,0.0000,-0.4182,-0.0000,0.0000,0.5466
6853.9000,0.0000,-0.4182,-0.0000,0.0000,0.5466
6854.0000,0.0000,-0.4182,-0.0000,0.0000,0.5466
6854.1000,0.0000,-0.4182,-0.0000,0.0000,0.5466
6854.2000,0.0000,-0.4182,-0.0000,0.0000,0.5466
6854.3000,0.0000,-0.4182,-0.0000,0.0000,0.5465
6854.4000,0.0000,-0.4182,-0.0000,0.0000,0.5465
6854.5000,0.0000,-0.4182,-0.0000,0.0000,0.5465
6854.6000,0.0000,-0.4182,-0.0000,0.0000,0.5465
6854.7000,0.0000,-0.4182,-0.0000,0.0000,0.5465
6854.8000,0.0000,-0.4182,-0.0000,0.0000,0.5465
6854.9000,0.0000,-0.4182,-0.0000,0.0000,0.5465
6855.0000,0.0000,-0.4182,-0.0000,0.0000,0.5465
6855.1000,0.0000,-0.4182,-0.0000,0.0000,0.5465
6855.2000,0.0000,-0.4182,-0.0000,0.0000,0.5465
6855.3000,0.0000,-0.4182,-0.0000,0.0000,0.5465
6855.4000,0.0000,-0.4182,-0.0000,0.0000,0.5465
6855.5000,0.0000,-0.4182,-0.0000,0.0000,0.5465
6855.6000,0.0000,-0.4182,-0.0000,0.0000,0.5465
6855.7000,0.0000,-0.4182,-0.0000,0.0000,0.5465
6855.8000,0.0000,-0.4182,-0.0000,0.0000,0.5465
6855.9000,0.0000,-0.4182,-0.0000,0.0000,0.5465
6856.0000,0.0000,-0.4182,-0.0000,0.0000,0.5465
6856.1000,0.0000,-0.4182,-0.0000,0.0000,0.5465
6856.2000,0.0000,-0.4182,-0.0000,0.0000,0.5464
6856.3000,0.0000,-0.4182,-0.0000,0.0000,0.5464
6856.4000,0.0000,-0.4182,-0.0000,0.0000,0.5464
6856.5000,0.0000,-0.4182,-0.0000,0.0000,0.5464
6856.6000,0.0000,-0.4182,-0.0000,0.0000,0.5464
6856.7000,0.0000,-0.4182,-0.0000,0.0000,0.5464
6856.8000,0.0000,-0.4182,-0.0000,0.0000,0.5464
6856.9000,0.0000,-0.4182,-0.0000,0.0000,0.5464
6857.0000,0.0000,-0.4182,-0.0000,0.0000,0.5464
6857.1000,0.0000,-0.4182,-0.0000,0.0000,0.5464
6857.2000,0.0000,-0.4182,-0.0000,0.0000,0.5464
6857.3000,0.0000,-0.4182,-0.0000,0.0000,0.5464
6857.4000,0.0000,-0.4182,-0.0000,0.0000,0.5464
6857.5000,0.0000,-0.4182,-0.0000,0.0000,0.5464
6857.6000,0.0000,-0.4182,-0.0000,0.0000,0.5464
6857.7000,0.0000,-0.4182,-0.0000,0.0000,0.5464
6857.8000,0.0000,-0.4182,-0.0000,0.0000,0.5464
6857.9000,0.0000,-0.4182,-0.0000,0.0000,0.5464
6858.0000,0.0000,-0.4182,-0.0000,0.0000,0.5464
6858.1000,0.0000,-0.4182,-0.0000,0.0000,0.5463
6858.2000,0.0000,-0.4182,-0.0000,0.0000,0.5463
6858.3000,0.0000,-0.4182,-0.0000,0.0000,0.5463
6858.4000,0.0000,-0.4182,-0.0000,0.0000,0.5463
6858.5000,0.0000,-0.4182,-0.0000,0.0000,0.5463
6858.6000,0.0000,-0.4182,-0.0000,0.0000,0.5463
6858.7000,0.0000,-0.4182,-0.0000,0.0000,0.5463
6858.8000,0.0000,-0.4182,-0.0000,0.0000,0.5463
6858.9000,0.0000,-0.4182,-0.0000,0.0000,0.5463
6859.0000,0.0000,-0.4182,-0.0000,0.0000,0.5463
6859.1000,0.0000,-0.4182,-0.0000,0.0000,0.5463
6859.2000,0.0000,-0.4182,-0.0000,0.0000,0.5463
6859.3000,0.0000,-0.4182,-0.0000,0.0000,0.5463
6859.4000,0.0000,-0.4182,-0.0000,0.0000,0.5463
6859.5000,0.0000,-0.4182,-0.0000,0.0000,0.5463
6859.6000,0.0000,-0.4182,-0.0000,0.0000,0.5463
6859.7000,0.0000,-0.4182,-0.0000,0.0000,0.5463
6859.8000,0.0000,-0.4182,-0.0000,0.0000,0.5463
6859.9000,0.0000,-0.4182,-0.0000,0.0000,0.5463
6860.0000,0.0000,-0.4182,-0.0000,0.0000,0.5463
6860.1000,0.0000,-0.4182,-0.0000,0.0000,0.5462
6860.2000,0.0000,-0.4182,-0.0000,0.0000,0.5462
6860.3000,0.0000,-0.4182,-0.0000,0.0000,0.5462
6860.4000,0.0000,-0.4182,-0.0000,0.0000,0.5462
6860.5000,0.0000,-0.4182,-0.0000,0.0000,0.5462
6860.6000,0.0000,-0.4182,-0.0000,0.0000,0.5462
6860.7000,0.0000,-0.4182,-0.0000,0.0000,0.5462
6860.8000,0.0000,-0.4182,-0.0000,0.0000,0.5462
6860.9000,0.0000,-0.4182,-0.0000,0.0000,0.5462
6861.0000,0.0000,-0.4182,-0.0000,0.0000,0.5462
6861.1000,0.0000,-0.4182,-0.0000,0.0000,0.5462
6861.2000,0.0000,-0.4182,-0.0000,0.0000,0.5462
6861.3000,0.0000,-0.4182,-0.0000,0.0000,0.5462
6861.4000,0.0000,-0.4182,-0.0000,0.0000,0.5462
6861.5000,0.0000,-0.4182,-0.0000,0.0000,0.5462
6861.6000,0.0000,-0.4182,-0.0000,0.0000,0.5462
6861.7000,0.0000,-0.4182,-0.0000,0.0000,0.5462
6861.8000,0.0000,-0.4182,-0.0000,0.0000,0.5462
6861.9000,0.0000,-0.4182,-0.0000,0.0000,0.5462
6862.0000,0.0000,-0.4182,-0.0000,0.0000,0.5461
6862.1000,0.0000,-0.4182,-0.0000,0.0000,0.5461
6862.2000,0.0000,-0.4182,-0.0000,0.0000,0.5461
6862.3000,0.0000,-0.4182,-0.0000,0.0000,0.5461
6862.4000,0.0000,-0.4182,-0.0000,0.0000,0.5461
6862.5000,0.0000,-0.4182,-0.0000,0.0000,0.5461
6862.6000,0.0000,-0.4182,-0.0000,0.0000,0.5461
6862.7000,0.0000,-0.4182,-0.0000,0.0000,0.5461
6862.8000,0.0000,-0.4182,-0.0000,0.0000,0.5461
6862.9000,0.0000,-0.4182,-0.0000,0.0000,0.5461
6863.0000,0.0000,-0.4182,-0.0000,0.0000,0.5461
6863.1000,0.0000,-0.4182,-0.0000,0.0000,0.5461
6863.2000,0.0000,-0.4182,-0.0000,0.0000,0.5461
6863.3000,0.0000,-0.4182,-0.0000,0.0000,0.5461
6863.4000,0.0000,-0.4182,-0.0000,0.0000,0.5461
6863.5000,0.0000,-0.4182,-0.0000,0.0000,0.5461
6863.6000,0.0000,-0.4182,-0.0000,0.0000,0.5461
6863.7000,0.0000,-0.4182,-0.0000,0.0000,0.5461
6863.8000,0.0000,-0.4182,-0.0000,0.0000,0.5461
6863.9000,0.0000,-0.4182,-0.0000,0.0000,0.5460
6864.0000,0.0000,-0.4182,-0.0000,0.0000,0.5460
6864.1000,0.0000,-0.4182,-0.0000,0.0000,0.5460
6864.2000,0.0000,-0.4182,-0.0000,0.0000,0.5460
6864.3000,0.0000,-0.4182,-0.0000,0.0000,0.5460
6864.4000,0.0000,-0.4182,-0.0000,0.0000,0.5460
6864.5000,0.0000,-0.4182,-0.0000,0.0000,0.5460
6864.6000,0.0000,-0.4182,-0.0000,0.0000,0.5460
6864.7000,0.0000,-0.4182,-0.0000,0.0000,0.5460
6864.8000,0.0000,-0.4182,-0.0000,0.0000,0.5460
6864.9000,0.0000,-0.4182,-0.0000,0.0000,0.5460
6865.0000,0.0000,-0.4182,-0.0000,0.0000,0.5460
6865.1000,0.0000,-0.4182,-0.0000,0.0000,0.5460
6865.2000,0.0000,-0.4182,-0.0000,0.0000,0.5460
6865.3000,0.0000,-0.4182,-0.0000,0.0000,0.5460
6865.4000,0.0000,-0.4182,-0.0000,0.0000,0.5460
6865.5000,0.0000,-0.4182,-0.0000,0.0000,0.5460
6865.6000,0.0000,-0.4182,-0.0000,0.0000,0.5460
6865.7000,0.0000,-0.4182,-0.0000,0.0000,0.5460
6865.8000,0.0000,-0.4182,-0.0000,0.0000,0.5460
6865.9000,0.0000,-0.4182,-0.0000,0.0000,0.5459
6866.0000,0.0000,-0.4182,-0.0000,0.0000,0.5459
6866.1000,0.0000,-0.4182,-0.0000,0.0000,0.5459
6866.2000,0.0000,-0.4182,-0.0000,0.0000,0.5459
6866.3000,0.0000,-0.4182,-0.0000,0.0000,0.5459
6866.4000,0.0000,-0.4182,-0.0000,0.0000,0.5459
6866.5000,0.0000,-0.4182,-0.0000,0.0000,0.5459
6866.6000,0.0000,-0.4182,-0.0000,0.0000,0.5459
6866.7000,0.0000,-0.4182,-0.0000,0.0000,0.5459
6866.8000,0.0000,-0.4182,-0.0000,0.0000,0.5459
6866.9000,0.0000,-0.4182,-0.0000,0.0000,0.5459
6867.0000,0.0000,-0.4182,-0.0000,0.0000,0.5459
6867.1000,0.0000,-0.4182,-0.0000,0.0000,0.5459
6867.2000,0.0000,-0.4182,-0.0000,0.0000,0.5459
6867.3000,0.0000,-0.4182,-0.0000,0.0000,0.5459
6867.4000,0.0000,-0.4182,-0.0000,0.0000,0.5459
6867.5000,0.0000,-0.4182,-0.0000,0.0000,0.5459
6867.6000,0.0000,-0.4182,-0.0000,0.0000,0.5459
6867.7000,0.0000,-0.4182,-0.0000,0.0000,0.5459
6867.8000,0.0000,-0.4182,-0.0000,0.0000,0.5458
6867.9000,0.0000,-0.4182,-0.0000,0.0000,0.5458
6868.0000,0.0000,-0.4182,-0.0000,0.0000,0.5458
6868.1000,0.0000,-0.4182,-0.0000,0.0000,0.5458
6868.2000,0.0000,-0.4182,-0.0000,0.0000,0.5458
6868.3000,0.0000,-0.4182,-0.0000,0.0000,0.5458
6868.4000,0.0000,-0.4182,-0.0000,0.0000,0.5458
6868.5000,0.0000,-0.4182,-0.0000,0.0000,0.5458
6868.6000,0.0000,-0.4182,-0.0000,0.0000,0.5458
6868.7000,0.0000,-0.4182,-0.0000,0.0000,0.5458
6868.8000,0.0000,-0.4182,-0.0000,0.0000,0.5458
6868.9000,0.0000,-0.4182,-0.0000,0.0000,0.5458
6869.0000,0.0000,-0.4182,-0.0000,0.0000,0.5458
6869.1000,0.0000,-0.4182,-0.0000,0.0000,0.5458
6869.2000,0.0000,-0.4182,-0.0000,0.0000,0.5458
6869.3000,0.0000,-0.4182,-0.0000,0.0000,0.5458
6869.4000,0.0000,-0.4182,-0.0000,0.0000,0.5458
6869.5000,0.0000,-0.4182,-0.0000,0.0000,0.5458
6869.6000,0.0000,-0.4182,-0.0000,0.0000,0.5458
6869.7000,0.0000,-0.4182,-0.0000,0.0000,0.5457
6869.8000,0.0000,-0.4182,-0.0000,0.0000,0.5457
6869.9000,0.0000,-0.4182,-0.0000,0.0000,0.5457
6870.0000,0.0000,-0.4182,-0.0000,0.0000,0.5457
6870.1000,0.0000,-0.4182,-0.0000,0.0000,0.5457
6870.2000,0.0000,-0.4182,-0.0000,0.0000,0.5457
6870.3000,0.0000,-0.4182,-0.0000,0.0000,0.5457
6870.4000,0.0000,-0.4182,-0.0000,0.0000,0.5457
6870.5000,0.0000,-0.4182,-0.0000,0.0000,0.5457
6870.6000,0.0000,-0.4182,-0.0000,0.0000,0.5457
6870.7000,0.0000,-0.4182,-0.0000,0.0000,0.5457
6870.8000,0.0000,-0.4182,-0.0000,0.0000,0.5457
6870.9000,0.0000,-0.4182,-0.0000,0.0000,0.5457
6871.0000,0.0000,-0.4182,-0.0000,0.0000,0.5457
6871.1000,0.0000,-0.4182,-0.0000,0.0000,0.5457
6871.2000,0.0000,-0.4182,-0.0000,0.0000,0.5457
6871.3000,0.0000,-0.4182,-0.0000,0.0000,0.5457
6871.4000,0.0000,-0.4182,-0.0000,0.0000,0.5457
6871.5000,0.0000,-0.4182,-0.0000,0.0000,0.5457
6871.6000,0.0000,-0.4182,-0.0000,0.0000,0.5457
6871.7000,0.0000,-0.4182,-0.0000,0.0000,0.5456
6871.8000,0.0000,-0.4182,-0.0000,0.0000,0.5456
6871.9000,0.0000,-0.4182,-0.0000,0.0000,0.5456
6872.0000,0.0000,-0.4182,-0.0000,0.0000,0.5456
6872.1000,0.0000,-0.4182,-0.0000,0.0000,0.5456
6872.2000,0.0000,-0.4182,-0.0000,0.0000,0.5456
6872.3000,0.0000,-0.4182,-0.0000,0.0000,0.5456
6872.4000,0.0000,-0.4182,-0.0000,0.0000,0.5456
6872.5000,0.0000,-0.4182,-0.0000,0.0000,0.5456
6872.6000,0.0000,-0.4182,-0.0000,0.0000,0.5456
6872.7000,0.0000,-0.4182,-0.0000,0.0000,0.5456
6872.8000,0.0000,-0.4182,-0.0000,0.0000,0.5456
6872.9000,0.0000,-0.4182,-0.0000,0.0000,0.5456
6873.0000,0.0000,-0.4182,-0.0000,0.0000,0.5456
6873.1000,0.0000,-0.4182,-0.0000,0.0000,0.5456
6873.2000,0.0000,-0.4182,-0.0000,0.0000,0.5456
6873.3000,0.0000,-0.4182,-0.0000,0.0000,0.5456
6873.4000,0.0000,-0.4182,-0.0000,0.0000,0.5456
6873.5000,0.0000,-0.4182,-0.0000,0.0000,0.5456
6873.6000,0.0000,-0.4182,-0.0000,0.0000,0.5455
6873.7000,0.0000,-0.4182,-0.0000,0.0000,0.5455
6873.8000,0.0000,-0.4182,-0.0000,0.0000,0.5455
6873.9000,0.0000,-0.4182,-0.0000,0.0000,0.5455
6874.0000,0.0000,-0.4182,-0.0000,0.0000,0.5455
6874.1000,0.0000,-0.4182,-0.0000,0.0000,0.5455
6874.2000,0.0000,-0.4182,-0.0000,0.0000,0.5455
6874.3000,0.0000,-0.4182,-0.0000,0.0000,0.5455
6874.4000,0.0000,-0.4182,-0.0000,0.0000,0.5455
6874.5000,0.0000,-0.4182,-0.0000,0.0000,0.5455
6874.6000,0.0000,-0.4182,-0.0000,0.0000,0.5455
6874.7000,0.0000,-0.4182,-0.0000,0.0000,0.5455
6874.8000,0.0000,-0.4182,-0.0000,0.0000,0.5455
6874.9000,0.0000,-0.4182,-0.0000,0.0000,0.5455
6875.0000,0.0000,-0.4182,-0.0000,0.0000,0.5455
6875.1000,0.0000,-0.4182,-0.0000,0.0000,0.5455
6875.2000,0.0000,-0.4182,-0.0000,0.0000,0.5455
6875.3000,0.0000,-0.4182,-0.0000,0.0000,0.5455
6875.4000,0.0000,-0.4182,-0.0000,0.0000,0.5455
6875.5000,0.0000,-0.4182,-0.0000,0.0000,0.5455
6875.6000,0.0000,-0.4182,-0.0000,0.0000,0.5454
6875.7000,0.0000,-0.4182,-0.0000,0.0000,0.5454
6875.8000,0.0000,-0.4182,-0.0000,0.0000,0.5454
6875.9000,0.0000,-0.4182,-0.0000,0.0000,0.5454
6876.0000,0.0000,-0.4182,-0.0000,0.0000,0.5454
6876.1000,0.0000,-0.4182,-0.0000,0.0000,0.5454
6876.2000,0.0000,-0.4182,-0.0000,0.0000,0.5454
6876.3000,0.0000,-0.4182,-0.0000,0.0000,0.5454
6876.4000,0.0000,-0.4182,-0.0000,0.0000,0.5454
6876.5000,0.0000,-0.4182,-0.0000,0.0000,0.5454
6876.6000,0.0000,-0.4182,-0.0000,0.0000,0.5454
6876.7000,0.0000,-0.4182,-0.0000,0.0000,0.5454
6876.8000,0.0000,-0.4182,-0.0000,0.0000,0.5454
6876.9000,0.0000,-0.4182,-0.0000,0.0000,0.5454
6877.0000,0.0000,-0.4182,-0.0000,0.0000,0.5454
6877.1000,0.0000,-0.4182,-0.0000,0.0000,0.5454
6877.2000,0.0000,-0.4182,-0.0000,0.0000,0.5454
6877.3000,0.0000,-0.4182,-0.0000,0.0000,0.5454
6877.4000,0.0000,-0.4182,-0.0000,0.0000,0.5454
6877.5000,0.0000,-0.4182,-0.0000,0.0000,0.5453
6877.6000,0.0000,-0.4182,-0.0000,0.0000,0.5453
6877.7000,0.0000,-0.4182,-0.0000,0.0000,0.5453
6877.8000,0.0000,-0.4182,-0.0000,0.0000,0.5453
6877.9000,0.0000,-0.4182,-0.0000,0.0000,0.5453
6878.0000,0.0000,-0.4182,-0.0000,0.0000,0.5453
6878.1000,0.0000,-0.4182,-0.0000,0.0000,0.5453
6878.2000,0.0000,-0.4182,-0.0000,0.0000,0.5453
6878.3000,0.0000,-0.4182,-0.0000,0.0000,0.5453
6878.4000,0.0000,-0.4182,-0.0000,0.0000,0.5453
6878.5000,0.0000,-0.4182,-0.0000,0.0000,0.5453
6878.6000,0.0000,-0.4182,-0.0000,0.0000,0.5453
6878.7000,0.0000,-0.4182,-0.0000,0.0000,0.5453
6878.8000,0.0000,-0.4182,-0.0000,0.0000,0.5453
6878.9000,0.0000,-0.4182,-0.0000,0.0000,0.5453
6879.0000,0.0000,-0.4182,-0.0000,0.0000,0.5453
6879.1000,0.0000,-0.4182,-0.0000,0.0000,0.5453
6879.2000,0.0000,-0.4182,-0.0000,0.0000,0.5453
6879.3000,0.0000,-0.4182,-0.0000,0.0000,0.5453
6879.4000,0.0000,-0.4182,-0.0000,0.0000,0.5452
6879.5000,0.0000,-0.4182,-0.0000,0.0000,0.5452
6879.6000,0.0000,-0.4182,-0.0000,0.0000,0.5452
6879.7000,0.0000,-0.4182,-0.0000,0.0000,0.5452
6879.8000,0.0000,-0.4182,-0.0000,0.0000,0.5452
6879.9000,0.0000,-0.4182,-0.0000,0.0000,0.5452
6880.0000,0.0000,-0.4182,-0.0000,0.0000,0.5452
6880.1000,0.0000,-0.4182,-0.0000,0.0000,0.5452
6880.2000,0.0000,-0.4182,-0.0000,0.0000,0.5452
6880.3000,0.0000,-0.4182,-0.0000,0.0000,0.5452
6880.4000,0.0000,-0.4182,-0.0000,0.0000,0.5452
6880.5000,0.0000,-0.4182,-0.0000,0.0000,0.5452
6880.6000,0.0000,-0.4182,-0.0000,0.0000,0.5452
6880.7000,0.0000,-0.4182,-0.0000,0.0000,0.5452
6880.8000,0.0000,-0.4182,-0.0000,0.0000,0.5452
6880.9000,0.0000,-0.4182,0.0000,0.0000,0.5452
6881.0000,0.2522,-0.4182,0.3588,0.0000,0.5452
6881.1000,0.5044,-0.4182,0.8298,0.0000,0.5451
6881.2000,0.8407,-0.4182,1.7573,0.0000,0.5451
6881.3000,1.2610,-0.4182,2.9168,0.0000,0.5451
6881.4000,1.6814,-0.4182,3.8890,0.0000,0.5451
6881.5000,2.1017,-0.4182,4.8613,0.0000,0.5451
6881.6000,2.5220,-0.4182,5.8334,0.0000,0.5450
6881.7000,2.9423,-0.4182,6.8054,0.0000,0.5450
6881.8000,3.3625,-0.4182,7.7772,0.0000,0.5450
6881.9000,3.7827,-0.4182,8.7486,0.0000,0.5449
6882.0000,4.2029,-0.4182,9.7196,0.0000,0.5449
6882.1000,4.6229,-0.4182,10.6899,0.0000,0.5448
6882.2000,5.0429,-0.4182,11.6595,0.0000,0.5448
6882.3000,5.4628,-0.4182,12.6281,0.0000,0.5447
6882.4000,5.8825,-0.4182,13.5957,0.0000,0.5447
6882.5000,6.3021,-0.4182,14.5618,0.0000,0.5446
6882.6000,6.7215,-0.4182,15.5264,0.0000,0.5446
6882.7000,7.1408,-0.4182,16.4892,0.0000,0.5445
6882.8000,7.5598,-0.4182,17.4499,0.0000,0.5444
6882.9000,7.9785,-0.4183,18.4083,0.0000,0.5444
6883.0000,8.3970,-0.4183,19.3640,0.0000,0.5443
6883.1000,8.8152,-0.4183,20.3167,0.0000,0.5442
6883.2000,9.2330,-0.4183,21.2662,0.0000,0.5442
6883.3000,9.6505,-0.4183,22.2120,0.0000,0.5441
6883.4000,10.0676,-0.4183,23.1539,0.0000,0.5440
6883.5000,10.4842,-0.4183,24.0913,0.0000,0.5439
6883.6000,10.9004,-0.4183,25.0241,0.0000,0.5439
6883.7000,11.3160,-0.4184,25.9517,0.0000,0.5438
6883.8000,11.7311,-0.4184,26.8737,0.0000,0.5437
6883.9000,12.1455,-0.4184,27.7897,0.0000,0.5436
6884.0000,12.5594,-0.4184,28.6994,0.0000,0.5435
6884.1000,12.9725,-0.4184,29.6021,0.0000,0.5434
6884.2000,13.3849,-0.4184,30.4976,0.0000,0.5433
6884.3000,13.7966,-0.4184,31.3852,0.0000,0.5432
6884.4000,14.2074,-0.4185,32.2646,0.0000,0.5431
6884.5000,14.6173,-0.4185,33.1352,0.0000,0.5430
6884.6000,15.0263,-0.4185,33.9966,0.0000,0.5429
6884.7000,15.4344,-0.4185,34.8483,0.0000,0.5428
6884.8000,15.8414,-0.4185,35.6897,0.0000,0.5427
6884.9000,16.2473,-0.4185,36.5204,0.0000,0.5425
6885.0000,16.6521,-0.4186,37.3399,0.0000,0.5424
6885.1000,17.0557,-0.4186,38.1476,0.0000,0.5423
6885.2000,17.4581,-0.4186,38.9430,0.0000,0.5422
6885.3000,17.8592,-0.4186,39.7256,0.0000,0.5421
6885.4000,18.2589,-0.4186,40.4950,0.0000,0.5419
6885.5000,18.6572,-0.4186,41.2505,0.0000,0.5418
6885.6000,19.0540,-0.4187,41.9918,0.0000,0.5417
6885.7000,19.4493,-0.4187,42.7183,0.0000,0.5416
6885.8000,19.8430,-0.4187,43.4295,0.0000,0.5414
6885.9000,20.2350,-0.4187,44.1249,0.0000,0.5413
6886.0000,20.6254,-0.4187,44.8041,0.0000,0.5412
6886.1000,21.0140,-0.4187,45.4666,0.0000,0.5410
6886.2000,21.4007,-0.4188,46.1120,0.0000,0.5409
6886.3000,21.7856,-0.4188,46.7397,0.0000,0.5407
6886.4000,22.1685,-0.4188,47.3495,0.0000,0.5406
6886.5000,22.5495,-0.4188,47.9408,0.0000,0.5404
6886.6000,22.9283,-0.4188,48.5132,0.0000,0.5403
6886.7000,23.3051,-0.4188,49.0665,0.0000,0.5402
6886.8000,23.6796,-0.4189,49.6002,0.0000,0.5400
6886.9000,24.0519,-0.4189,50.1140,0.0000,0.5399
6887.0000,24.4220,-0.4189,50.6075,0.0000,0.5397
6887.1000,24.7896,-0.4189,51.0806,0.0000,0.5395
6887.2000,25.1549,-0.4189,51.5328,0.0000,0.5394
6887.3000,25.5176,-0.4189,51.9639,0.0000,0.5392
6887.4000,25.8779,-0.4189,52.3737,0.0000,0.5391
6887.5000,26.2356,-0.4189,52.7620,0.0000,0.5389
6887.6000,26.5906,-0.4190,53.1285,0.0000,0.5388
6887.7000,26.9430,-0.4190,53.4733,0.0000,0.5386
6887.8000,27.2926,-0.4190,53.7960,0.0000,0.5384
6887.9000,27.6394,-0.4190,54.0966,0.0000,0.5383
6888.0000,27.9834,-0.4190,54.3750,0.0000,0.5381
6888.1000,28.3246,-0.4190,54.6311,0.0000,0.5380
6888.2000,28.6628,-0.4190,54.8650,0.0000,0.5378
6888.3000,28.9980,-0.4190,55.0766,0.0000,0.5376
6888.4000,29.3302,-0.4190,55.2659,0.0000,0.5375
6888.5000,29.6593,-0.4190,55.4330,0.0000,0.5373
6888.6000,29.9853,-0.4190,55.5780,0.0000,0.5371
6888.7000,30.3082,-0.4190,55.7010,0.0000,0.5370
6888.8000,30.6279,-0.4190,55.8020,0.0000,0.5368
6888.9000,30.9444,-0.4190,55.8814,0.0000,0.5366
6889.0000,31.2577,-0.4190,55.9392,0.0000,0.5365
6889.1000,31.5676,-0.4190,55.9756,0.0000,0.5363
6889.2000,31.8743,-0.4190,55.9910,0.0000,0.5362
6889.3000,32.1776,-0.4190,55.9855,0.0000,0.5360
6889.4000,32.4775,-0.4190,55.9594,0.0000,0.5358
6889.5000,32.7741,-0.4190,55.9131,0.0000,0.5357
6889.6000,33.0672,-0.4190,55.8468,0.0000,0.5355
6889.7000,33.3568,-0.4190,55.7609,0.0000,0.5353
6889.8000,33.6431,-0.4190,55.6558,0.0000,0.5352
6889.9000,33.9258,-0.4190,55.5318,0.0000,0.5350
6890.0000,34.2050,-0.4190,55.3894,0.0000,0.5348
6890.1000,34.4808,-0.4190,55.2290,0.0000,0.5347
6890.2000,34.7530,-0.4190,55.0509,0.0000,0.5345
6890.3000,35.0216,-0.4189,52.7407,0.0000,0.5344
6890.4000,35.2640,-0.4189,48.2831,0.0000,0.5342
6890.5000,35.4806,-0.4189,43.8569,0.0000,0.5341
6890.6000,35.6724,-0.4189,39.4461,0.0000,0.5340
6890.7000,35.8396,-0.4189,34.8131,0.0000,0.5339
6890.8000,35.9803,-0.4189,32.0610,0.0000,0.5338
6890.9000,36.1170,-0.4188,31.2967,0.0000,0.5337
6891.0000,36.2483,-0.4188,30.3134,0.0000,0.5336
6891.1000,36.3733,-0.4188,29.3943,0.0000,0.5335
6891.2000,36.4938,-0.4188,28.7905,0.0000,0.5334
6891.3000,36.6114,-0.4187,28.4613,0.0000,0.5333
6891.4000,36.7273,-0.4187,28.1540,0.0000,0.5332
6891.5000,36.8406,-0.4187,27.4801,0.0000,0.5332
6891.6000,36.9486,-0.4186,26.4854,0.0000,0.5331
6891.7000,37.0508,-0.4186,25.4385,0.0000,0.5330
6891.8000,37.1472,-0.4186,24.1615,0.0000,0.5329
6891.9000,37.2356,-0.4185,22.7998,0.0000,0.5329
6892.0000,37.3174,-0.4185,21.7155,0.0000,0.5328
6892.1000,37.3942,-0.4185,20.7436,0.0000,0.5327
6892.2000,37.4657,-0.4184,19.7133,0.0000,0.5327
6892.3000,37.5316,-0.4184,18.7280,0.0000,0.5326
6892.4000,37.5927,-0.4184,17.7038,0.0000,0.5326
6892.5000,37.6479,-0.4183,16.7622,0.0000,0.5325
6892.6000,37.6992,-0.4183,16.0577,0.0000,0.5325
6892.7000,37.7470,-0.4182,15.5524,0.0000,0.5324
6892.8000,37.7930,-0.4182,15.2921,0.0000,0.5324
6892.9000,37.8380,-0.4181,15.2704,0.0000,0.5323
6893.0000,37.8835,-0.4181,15.3069,0.0000,0.5323
6893.1000,37.9285,-0.4180,14.9700,0.0000,0.5322
6893.2000,37.9704,-0.4180,14.1581,0.0000,0.5322
6893.3000,38.0072,-0.4179,13.1104,0.0000,0.5321
6893.4000,38.0385,-0.4179,12.0597,0.0000,0.5321
6893.5000,38.0647,-0.4178,10.9944,0.0000,0.5320
6893.6000,38.0852,-0.4178,9.8421,0.0000,0.5320
6893.7000,38.0999,-0.4177,8.6097,0.0000,0.5320
6893.8000,38.1082,-0.4177,7.5013,0.0000,0.5320
6893.9000,38.1119,-0.4176,6.5064,0.0000,0.5319
6894.0000,38.1103,-0.4175,5.4391,0.0000,0.5319
6894.1000,38.1034,-0.4175,4.4064,0.0000,0.5319
6894.2000,38.0916,-0.4174,3.4714,0.0000,0.5319
6894.3000,38.0754,-0.4174,2.5852,0.0000,0.5319
6894.4000,38.0549,-0.4173,1.8005,0.0000,0.5318
6894.5000,38.0310,-0.4172,1.3020,0.0000,0.5318
6894.6000,38.0055,-0.4172,1.1045,0.0000,0.5318
6894.7000,37.9797,-0.4171,1.1735,0.0000,0.5318
6894.8000,37.9550,-0.4170,1.6668,0.0000,0.5318
6894.9000,37.9341,-0.4170,2.2822,0.0000,0.5318
6895.0000,37.9155,-0.4169,2.4368,0.0000,0.5318
6895.1000,37.8962,-0.4168,2.3551,0.0000,0.5318
6895.2000,37.8769,-0.4168,2.6139,0.0000,0.5317
6895.3000,37.8602,-0.4167,2.7289,0.0000,0.5317
6895.4000,37.8421,-0.4166,2.1836,0.0000,0.5317
6895.5000,37.8200,-0.4165,1.7820,0.0000,0.5317
6895.6000,37.7978,-0.4165,1.8741,0.0000,0.5317
6895.7000,37.7767,-0.4164,1.7426,0.0000,0.5317
6895.8000,37.7533,-0.4163,1.2718,0.0000,0.5317
6895.9000,37.7275,-0.4162,1.2198,0.0000,0.5317
6896.0000,37.7036,-0.4161,1.6631,0.0000,0.5317
6896.1000,37.6823,-0.4161,2.3054,0.0000,0.5316
6896.2000,37.6649,-0.4160,3.0420,0.0000,0.5316
6896.3000,37.6510,-0.4159,3.7871,0.0000,0.5316
6896.4000,37.6411,-0.4158,4.4959,0.0000,0.5316
6896.5000,37.6343,-0.4157,5.0256,0.0000,0.5316
6896.6000,37.6297,-0.4157,5.2310,0.0000,0.5315
6896.7000,37.6250,-0.4156,5.3220,0.0000,0.5315
6896.8000,37.6214,-0.4155,5.7010,0.0000,0.5315
6896.9000,37.6205,-0.4154,6.3153,0.0000,0.5315
6897.0000,37.6230,-0.4153,6.9424,0.0000,0.5315
6897.1000,37.6284,-0.4152,7.4378,0.0000,0.5314
6897.2000,37.6358,-0.4151,7.7882,0.0000,0.5314
6897.3000,37.6447,-0.4150,8.1838,0.0000,0.5314
6897.4000,37.6561,-0.4150,8.6551,0.0000,0.5313
6897.5000,37.6696,-0.4149,9.0613,0.0000,0.5313
6897.6000,37.6850,-0.4148,9.4941,0.0000,0.5313
6897.7000,37.7028,-0.4147,9.9934,0.0000,0.5312
6897.8000,37.7232,-0.4146,10.0885,0.0000,0.5312
6897.9000,37.7418,-0.4145,9.9213,0.0000,0.5312
6898.0000,37.7604,-0.4144,10.0860,0.0000,0.5311
6898.1000,37.7806,-0.4143,10.4172,0.0000,0.5311
6898.2000,37.8024,-0.4142,10.6907,0.0000,0.5311
6898.3000,37.8253,-0.4141,11.0723,0.0000,0.5310
6898.4000,37.8508,-0.4140,11.3402,0.0000,0.5310
6898.5000,37.8762,-0.4139,11.2942,0.0000,0.5310
6898.6000,37.9011,-0.4138,11.2234,0.0000,0.5309
6898.7000,37.9257,-0.4137,11.3477,0.0000,0.5309
6898.8000,37.9518,-0.4136,11.8122,0.0000,0.5308
6898.9000,37.9808,-0.4135,12.4559,0.0000,0.5308
6899.0000,38.0131,-0.4134,12.8950,0.0000,0.5308
6899.1000,38.0464,-0.4133,12.8735,0.0000,0.5307
6899.2000,38.0783,-0.4132,12.5876,0.0000,0.5307
6899.3000,38.1086,-0.4131,12.0504,0.0000,0.5306
6899.4000,38.1350,-0.4130,11.4383,0.0000,0.5306
6899.5000,38.1591,-0.4129,11.1560,0.0000,0.5306
6899.6000,38.1827,-0.4128,11.1283,0.0000,0.5305
6899.7000,38.2064,-0.4127,11.1683,0.0000,0.5305
6899.8000,38.2302,-0.4125,10.9682,0.0000,0.5304
6899.9000,38.2518,-0.4124,10.3401,0.0000,0.5304
