t_s,v_kmh,grade_pct,P_wheel_kW,fuel_g_per_s,SOC
1200.0000,77.9701,-1.4346,31.3766,0.0000,0.4646
1200.1000,78.0014,-1.4374,30.5225,0.0000,0.4645
1200.2000,78.0302,-1.4402,29.7072,0.0000,0.4644
1200.3000,78.0576,-1.4430,29.3674,0.0000,0.4644
1200.4000,78.0849,-1.4458,29.6220,0.0000,0.4643
1200.5000,78.1136,-1.4486,29.6372,0.0000,0.4642
1200.6000,78.1410,-1.4514,29.0840,0.0000,0.4641
1200.7000,78.1670,-1.4542,28.9266,0.0000,0.4640
1200.8000,78.1938,-1.4570,28.7723,0.0000,0.4639
1200.9000,78.2191,-1.4599,28.0525,0.0000,0.4638
1201.0000,78.2424,-1.4627,26.8804,0.0000,0.4637
1201.1000,78.2622,-1.4655,25.6330,0.0000,0.4637
1201.2000,78.2796,-1.4684,24.2056,0.0000,0.4636
1201.3000,78.2926,-1.4712,22.4073,0.0000,0.4635
1201.4000,78.3014,-1.4740,20.3181,0.0000,0.4635
1201.5000,78.3045,-1.4769,18.5151,0.0000,0.4634
1201.6000,78.3048,-1.4797,17.1144,0.0000,0.4633
1201.7000,78.3013,-1.4825,15.8939,0.0000,0.4633
1201.8000,78.2960,-1.4854,15.4124,0.0000,0.4632
1201.9000,78.2904,-1.4882,15.4846,0.0000,0.4632
1202.0000,78.2856,-1.4910,16.0546,0.0000,0.4631
1202.1000,78.2829,-1.4939,17.2435,0.0000,0.4631
1202.2000,78.2841,-1.4967,19.0600,0.0000,0.4630
1202.3000,78.2904,-1.4995,21.3833,0.0000,0.4629
1202.4000,78.3029,-1.5024,23.4623,0.0000,0.4629
1202.5000,78.3194,-1.5052,24.7762,0.0000,0.4628
1202.6000,78.3384,-1.5080,25.7973,0.0000,0.4627
1202.7000,78.3599,-1.5109,26.5527,0.0000,0.4626
1202.8000,78.3826,-1.5137,27.0712,0.0000,0.4626
1202.9000,78.4067,-1.5165,28.0388,0.0000,0.4625
1203.0000,78.4341,-1.5193,29.3586,0.0000,0.4624
1203.1000,78.4646,-1.5222,30.8668,0.0000,0.4623
1203.2000,78.4993,-1.5250,32.0319,0.0000,0.4622
1203.3000,78.5354,-1.5278,32.3598,0.0000,0.4621
1203.4000,78.5718,-1.5306,32.8738,0.0000,0.4620
1203.5000,78.6103,-1.5334,33.6601,0.0000,0.4619
1203.6000,78.6504,-1.5362,33.6309,0.0000,0.4618
1203.7000,78.6888,-1.5390,33.8717,0.0000,0.4617
1203.8000,78.7301,-1.5418,34.9484,0.0000,0.4616
1203.9000,78.7736,-1.5446,35.0423,0.0000,0.4615
1204.0000,78.8153,-1.5474,35.0148,0.0000,0.4614
1204.1000,78.8587,-1.5502,35.7304,0.0000,0.4613
1204.2000,78.9037,-1.5530,35.7928,0.0000,0.4612
1204.3000,78.9473,-1.5558,35.4441,0.0000,0.4611
1204.4000,78.9906,-1.5586,35.5641,0.0000,0.4610
1204.5000,79.0348,-1.5614,35.3486,0.0000,0.4608
1204.6000,79.0770,-1.5641,34.6352,0.0000,0.4607
1204.7000,79.1178,-1.5669,34.3765,0.0000,0.4606
1204.8000,79.1587,-1.5697,34.2059,0.0000,0.4605
1204.9000,79.1986,-1.5724,34.1265,0.0000,0.4604
1205.0000,79.2392,-1.5751,34.3616,0.0000,0.4603
1205.1000,79.2801,-1.5779,34.4087,0.0000,0.4602
1205.2000,79.3209,-1.5806,33.4920,0.0000,0.4601
1205.3000,79.3575,-1.5833,31.5057,0.0000,0.4600
1205.4000,79.3888,-1.5861,29.0715,0.0000,0.4599
1205.5000,79.4138,-1.5888,26.8172,0.0000,0.4599
1205.6000,79.4344,-1.5915,25.3366,0.0000,0.4598
1205.7000,79.4525,-1.5942,24.1400,0.0000,0.4597
1205.8000,79.4675,-1.5968,23.0037,0.0000,0.4596
1205.9000,79.4803,-1.5995,22.4936,0.0000,0.4596
1206.0000,79.4931,-1.6022,22.0435,0.0000,0.4595
1206.1000,79.5038,-1.6048,21.3646,0.0000,0.4594
1206.2000,79.5135,-1.6075,21.2239,0.0000,0.4594
1206.3000,79.5237,-1.6101,21.3439,0.0000,0.4593
1206.4000,79.5341,-1.6127,20.8476,0.0000,0.4592
1206.5000,79.5421,-1.6153,20.0989,0.0000,0.4592
1206.6000,79.5490,-1.6179,19.4135,0.0000,0.4591
1206.7000,79.5539,-1.6205,18.7712,0.0000,0.4590
1206.8000,79.5580,-1.6230,18.4998,0.0000,0.4590
1206.9000,79.5617,-1.6256,18.5625,0.0000,0.4589
1207.0000,79.5662,-1.6281,18.8963,0.0000,0.4589
1207.1000,79.5717,-1.6307,18.8850,0.0000,0.4588
1207.2000,79.5763,-1.6332,18.2928,0.0000,0.4587
1207.3000,79.5792,-1.6357,17.9347,0.0000,0.4587
1207.4000,79.5822,-1.6382,17.9249,0.0000,0.4586
1207.5000,79.5852,-1.6406,17.6922,0.0000,0.4586
1207.6000,79.5873,-1.6431,17.6140,0.0000,0.4585
1207.7000,79.5900,-1.6455,17.8895,0.0000,0.4585
1207.8000,79.5936,-1.6480,18.0486,0.0000,0.4584
1207.9000,79.5972,-1.6504,17.7214,0.0000,0.4583
1208.0000,79.5994,-1.6528,16.2840,0.0000,0.4583
1208.1000,79.5964,-1.6552,13.7628,0.0000,0.4582
1208.2000,79.5867,-1.6575,11.2044,0.0000,0.4582
1208.3000,79.5718,-1.6599,8.7179,0.0000,0.4582
1208.4000,79.5506,-1.6622,6.4241,0.0000,0.4581
1208.5000,79.5250,-1.6645,5.0774,0.0000,0.4581
1208.6000,79.4976,-1.6668,5.3666,0.0000,0.4581
1208.7000,79.4736,-1.6691,6.7287,0.0000,0.4581
1208.8000,79.4530,-1.6713,8.1589,0.0000,0.4580
1208.9000,79.4360,-1.6736,9.2072,0.0000,0.4580
1209.0000,79.4206,-1.6758,10.4227,0.0000,0.4580
1209.1000,79.4096,-1.6780,11.2938,0.0000,0.4579
1209.2000,79.3985,-1.6802,11.2295,0.0000,0.4579
1209.3000,79.3874,-1.6823,10.9158,0.0000,0.4578
1209.4000,79.3750,-1.6845,10.4834,0.0000,0.4578
1209.5000,79.3620,-1.6866,9.7124,0.0000,0.4578
1209.6000,79.3462,-1.6887,8.7595,0.0000,0.4577
1209.7000,79.3289,-1.6908,8.1216,0.0000,0.4577
1209.8000,79.3102,-1.6928,8.2297,0.0000,0.4577
1209.9000,79.2936,-1.6949,9.8108,0.0000,0.4576
1210.0000,79.2826,-1.6969,11.5551,0.0000,0.4576
1210.1000,79.2746,-1.6989,12.3890,0.0000,0.4576
1210.2000,79.2677,-1.7009,12.9883,0.0000,0.4575
1210.3000,79.2627,-1.7028,13.4026,0.0000,0.4575
1210.4000,79.2579,-1.7047,13.3589,0.0000,0.4574
1210.5000,79.2528,-1.7067,13.3953,0.0000,0.4574
1210.6000,79.2484,-1.7085,13.7878,0.0000,0.4573
1210.7000,79.2453,-1.7104,14.3163,0.0000,0.4573
1210.8000,79.2436,-1.7123,14.7230,0.0000,0.4572
1210.9000,79.2426,-1.7141,14.5133,0.0000,0.4572
1211.0000,79.2400,-1.7159,14.1214,0.0000,0.4571
1211.1000,79.2372,-1.7176,14.1938,0.0000,0.4571
1211.2000,79.2351,-1.7194,14.3390,0.0000,0.4570
1211.3000,79.2331,-1.7211,14.4941,0.0000,0.4570
1211.4000,79.2319,-1.7228,14.7519,0.0000,0.4569
1211.5000,79.2313,-1.7245,14.7814,0.0000,0.4569
1211.6000,79.2302,-1.7261,14.5252,0.0000,0.4568
1211.7000,79.2286,-1.7278,14.1747,0.0000,0.4568
1211.8000,79.2260,-1.7294,13.7750,0.0000,0.4567
1211.9000,79.2225,-1.7310,13.2480,0.0000,0.4567
1212.0000,79.2176,-1.7325,13.1024,0.0000,0.4567
1212.1000,79.2135,-1.7340,13.4019,0.0000,0.4566
1212.2000,79.2101,-1.7355,13.6007,0.0000,0.4566
1212.3000,79.2071,-1.7370,13.4645,0.0000,0.4565
1212.4000,79.2032,-1.7385,13.3037,0.0000,0.4565
1212.5000,79.1995,-1.7399,12.9840,0.0000,0.4564
1212.6000,79.1942,-1.7413,12.1979,0.0000,0.4564
1212.7000,79.1869,-1.7426,11.3371,0.0000,0.4563
1212.8000,79.1776,-1.7440,10.8894,0.0000,0.4563
1212.9000,79.1683,-1.7453,10.7528,0.0000,0.4563
1213.0000,79.1584,-1.7466,10.1816,0.0000,0.4562
1213.1000,79.1465,-1.7479,9.4113,0.0000,0.4562
1213.2000,79.1331,-1.7491,8.7441,0.0000,0.4562
1213.3000,79.1182,-1.7503,8.0159,0.0000,0.4561
1213.4000,79.1014,-1.7515,7.1147,0.0000,0.4561
1213.5000,79.0824,-1.7526,6.5909,0.0000,0.4561
1213.6000,79.0632,-1.7537,6.7551,0.0000,0.4560
1213.7000,79.0451,-1.7548,6.9622,0.0000,0.4560
1213.8000,79.0271,-1.7559,6.7589,0.0000,0.4560
1213.9000,79.0081,-1.7569,6.7535,0.0000,0.4560
1214.0000,78.9903,-1.7579,7.3821,0.0000,0.4559
1214.1000,78.9744,-1.7589,7.9161,0.0000,0.4559
1214.2000,78.9592,-1.7598,8.5749,0.0000,0.4559
1214.3000,78.9466,-1.7607,9.6834,0.0000,0.4558
1214.4000,78.9369,-1.7616,10.2862,0.0000,0.4558
1214.5000,78.9273,-1.7625,10.3201,0.0000,0.4558
1214.6000,78.9178,-1.7633,10.0746,0.0000,0.4557
1214.7000,78.9071,-1.7641,10.0580,0.0000,0.4557
1214.8000,78.8976,-1.7648,10.9652,0.0000,0.4556
1214.9000,78.8913,-1.7656,12.3758,0.0000,0.4556
1215.0000,78.8886,-1.7663,14.0010,0.0000,0.4556
1215.1000,78.8902,-1.7669,16.1047,0.0000,0.4555
1215.2000,78.8977,-1.7676,17.6791,0.0000,0.4554
1215.3000,78.9068,-1.7682,18.1618,0.0000,0.4554
1215.4000,78.9165,-1.7687,18.1605,0.0000,0.4553
1215.5000,78.9257,-1.7693,17.3336,0.0000,0.4553
1215.6000,78.9314,-1.7698,15.8800,0.0000,0.4552
1215.7000,78.9336,-1.7703,14.1764,0.0000,0.4552
1215.8000,78.9313,-1.7707,11.6347,0.0000,0.4551
1215.9000,78.9213,-1.7711,9.1353,0.0000,0.4551
1216.0000,78.9071,-1.7715,7.9868,0.0000,0.4551
1216.1000,78.8917,-1.7719,7.5124,0.0000,0.4550
1216.2000,78.8753,-1.7722,7.3863,0.0000,0.4550
1216.3000,78.8594,-1.7725,7.9869,0.0000,0.4550
1216.4000,78.8460,-1.7727,9.1219,0.0000,0.4549
1216.5000,78.8356,-1.7729,10.3301,0.0000,0.4549
1216.6000,78.8280,-1.7731,11.1601,0.0000,0.4549
1216.7000,78.8216,-1.7732,11.8128,0.0000,0.4548
1216.8000,78.8171,-1.7734,12.4930,0.0000,0.4548
1216.9000,78.8141,-1.7734,12.6780,0.0000,0.4547
1217.0000,78.8105,-1.7735,12.0712,0.0000,0.4547
1217.1000,78.8045,-1.7735,11.1846,0.0000,0.4547
1217.2000,78.7967,-1.7735,10.6479,0.0000,0.4546
1217.3000,78.7882,-1.7734,10.6479,0.0000,0.4546
1217.4000,78.7805,-1.7733,10.4767,0.0000,0.4545
1217.5000,78.7712,-1.7732,9.5227,0.0000,0.4545
1217.6000,78.7589,-1.7731,8.6488,0.0000,0.4545
1217.7000,78.7454,-1.7729,7.7563,0.0000,0.4544
1217.8000,78.7289,-1.7726,6.4823,0.0000,0.4544
1217.9000,78.7093,-1.7724,5.7975,0.0000,0.4544
1218.0000,78.6895,-1.7721,6.1006,0.0000,0.4544
1218.1000,78.6715,-1.7718,6.9051,0.0000,0.4543
1218.2000,78.6557,-1.7714,7.9787,0.0000,0.4543
1218.3000,78.6428,-1.7710,9.2516,0.0000,0.4543
1218.4000,78.6331,-1.7706,10.2833,0.0000,0.4542
1218.5000,78.6252,-1.7701,11.1347,0.0000,0.4542
1218.6000,78.6195,-1.7696,12.1576,0.0000,0.4542
1218.7000,78.6166,-1.7690,13.0343,0.0000,0.4541
1218.8000,78.6151,-1.7685,13.5559,0.0000,0.4541
1218.9000,78.6146,-1.7678,14.3042,0.0000,0.4540
1219.0000,78.6167,-1.7672,15.1431,0.0000,0.4540
1219.1000,78.6202,-1.7665,15.2442,0.0000,0.4539
1219.2000,78.6227,-1.7658,15.3027,0.0000,0.4539
1219.3000,78.6264,-1.7650,15.9139,0.0000,0.4538
1219.4000,78.6318,-1.7642,16.5443,0.0000,0.4538
1219.5000,78.6384,-1.7634,17.3368,0.0000,0.4537
1219.6000,78.6475,-1.7625,18.5569,0.0000,0.4536
1219.7000,78.6599,-1.7616,19.5964,0.0000,0.4536
1219.8000,78.6739,-1.7607,20.0555,0.0000,0.4535
1219.9000,78.6884,-1.7597,20.4511,0.0000,0.4534
1220.0000,78.7041,-1.7587,20.3456,0.0000,0.4534
1220.1000,78.7180,-1.7577,19.7403,0.0000,0.4533
1220.2000,78.7307,-1.7566,19.5845,0.0000,0.4533
1220.3000,78.7437,-1.7555,19.7220,0.0000,0.4532
1220.4000,78.7569,-1.7543,19.5161,0.0000,0.4531
1220.5000,78.7687,-1.7531,19.2783,0.0000,0.4531
1220.6000,78.7807,-1.7519,19.3970,0.0000,0.4530
1220.7000,78.7930,-1.7506,19.6750,0.0000,0.4529
1220.8000,78.8061,-1.7493,20.0774,0.0000,0.4529
1220.9000,78.8202,-1.7480,20.3536,0.0000,0.4528
1221.0000,78.8345,-1.7466,20.7628,0.0000,0.4528
1221.1000,78.8504,-1.7451,21.2743,0.0000,0.4527
1221.2000,78.8670,-1.7437,20.9864,0.0000,0.4526
1221.3000,78.8813,-1.7422,20.0265,0.0000,0.4526
1221.4000,78.8931,-1.7407,19.4938,0.0000,0.4525
1221.5000,78.9047,-1.7391,19.1832,0.0000,0.4524
1221.6000,78.9149,-1.7375,18.2232,0.0000,0.4524
1221.7000,78.9218,-1.7358,17.4837,0.0000,0.4523
1221.8000,78.9283,-1.7342,17.2150,0.0000,0.4523
1221.9000,78.9337,-1.7324,16.4539,0.0000,0.4522
1222.0000,78.9364,-1.7307,14.9173,0.0000,0.4522
1222.1000,78.9344,-1.7289,13.4586,0.0000,0.4521
1222.2000,78.9300,-1.7270,11.9300,0.0000,0.4521
1222.3000,78.9206,-1.7252,10.1628,0.0000,0.4520
1222.4000,78.9077,-1.7233,8.7456,0.0000,0.4520
1222.5000,78.8913,-1.7213,7.9228,0.0000,0.4520
1222.6000,78.8744,-1.7193,7.9725,0.0000,0.4519
1222.7000,78.8582,-1.7173,9.0339,0.0000,0.4519
1222.8000,78.8463,-1.7153,10.3852,0.0000,0.4519
1222.9000,78.8365,-1.7132,11.2009,0.0000,0.4518
1223.0000,78.8284,-1.7110,12.2373,0.0000,0.4518
1223.1000,78.8235,-1.7089,12.9833,0.0000,0.4517
1223.2000,78.8188,-1.7066,12.5176,0.0000,0.4517
1223.3000,78.8115,-1.7044,11.7565,0.0000,0.4517
1223.4000,78.8031,-1.7021,11.5112,0.0000,0.4516
1223.5000,78.7945,-1.6998,11.2377,0.0000,0.4516
1223.6000,78.7846,-1.6975,11.0607,0.0000,0.4515
1223.7000,78.7751,-1.6951,11.3464,0.0000,0.4515
1223.8000,78.7664,-1.6926,11.6983,0.0000,0.4515
1223.9000,78.7584,-1.6902,12.3635,0.0000,0.4514
1224.0000,78.7529,-1.6877,13.6671,0.0000,0.4514
1224.1000,78.7510,-1.6851,15.0559,0.0000,0.4513
1224.2000,78.7519,-1.6825,16.2669,0.0000,0.4513
1224.3000,78.7556,-1.6799,17.7706,0.0000,0.4512
1224.4000,78.7635,-1.6773,19.1086,0.0000,0.4511
1224.5000,78.7735,-1.6746,19.7860,0.0000,0.4511
1224.6000,78.7844,-1.6719,19.9822,0.0000,0.4510
1224.7000,78.7951,-1.6691,20.1595,0.0000,0.4510
1224.8000,78.8066,-1.6663,20.5413,0.0000,0.4509
1224.9000,78.8188,-1.6634,21.1287,0.0000,0.4508
1225.0000,78.8330,-1.6606,22.0097,0.0000,0.4508
1225.1000,78.8492,-1.6577,23.6610,0.0000,0.4507
1225.2000,78.8710,-1.6547,25.6158,0.0000,0.4506
1225.3000,78.8962,-1.6517,26.7512,0.0000,0.4505
1225.4000,78.9231,-1.6487,27.2581,0.0000,0.4504
1225.5000,78.9504,-1.6456,27.0855,0.0000,0.4503
1225.6000,78.9761,-1.6425,26.1836,0.0000,0.4503
1225.7000,78.9988,-1.6394,25.2832,0.0000,0.4502
1225.8000,79.0199,-1.6362,24.8031,0.0000,0.4501
1225.9000,79.0400,-1.6330,25.0424,0.0000,0.4500
1226.0000,79.0619,-1.6297,26.5255,0.0000,0.4500
1226.1000,79.0887,-1.6265,28.0132,0.0000,0.4499
1226.2000,79.1174,-1.6231,28.5045,0.0000,0.4498
1226.3000,79.1462,-1.6198,28.6143,0.0000,0.4497
1226.4000,79.1750,-1.6164,27.9604,0.0000,0.4496
1226.5000,79.2004,-1.6129,26.1923,0.0000,0.4495
1226.6000,79.2204,-1.6095,24.8549,0.0000,0.4495
1226.7000,79.2390,-1.6059,24.5494,0.0000,0.4494
1226.8000,79.2573,-1.6024,24.5373,0.0000,0.4493
1226.9000,79.2755,-1.5988,24.8330,0.0000,0.4492
1227.0000,79.2948,-1.5952,25.2824,0.0000,0.4491
1227.1000,79.3148,-1.5915,25.4935,0.0000,0.4491
1227.2000,79.3349,-1.5878,25.0227,0.0000,0.4490
1227.3000,79.3523,-1.5841,24.2972,0.0000,0.4489
1227.4000,79.3685,-1.5803,23.6642,0.0000,0.4488
1227.5000,79.3826,-1.5765,22.7236,0.0000,0.4488
1227.6000,79.3940,-1.5727,21.8332,0.0000,0.4487
1227.7000,79.4036,-1.5688,21.9046,0.0000,0.4486
1227.8000,79.4150,-1.5649,22.5482,0.0000,0.4486
1227.9000,79.4273,-1.5610,23.1183,0.0000,0.4485
1228.0000,79.4411,-1.5570,23.9431,0.0000,0.4484
1228.1000,79.4570,-1.5530,24.5537,0.0000,0.4483
1228.2000,79.4734,-1.5489,24.3874,0.0000,0.4483
1228.3000,79.4881,-1.5448,23.6557,0.0000,0.4482
1228.4000,79.5007,-1.5407,23.1203,0.0000,0.4481
1228.5000,79.5125,-1.5366,23.2969,0.0000,0.4480
1228.6000,79.5256,-1.5324,23.5135,0.0000,0.4480
1228.7000,79.5381,-1.5282,23.5435,0.0000,0.4479
1228.8000,79.5510,-1.5239,24.1215,0.0000,0.4478
1228.9000,79.5659,-1.5196,25.1505,0.0000,0.4477
1229.0000,79.5833,-1.5153,25.9920,0.0000,0.4477
1229.1000,79.6019,-1.5109,26.6682,0.0000,0.4476
1229.2000,79.6221,-1.5065,27.2407,0.0000,0.4475
1229.3000,79.6429,-1.5021,27.2650,0.0000,0.4474
1229.4000,79.6629,-1.4976,26.2789,0.0000,0.4473
1229.5000,79.6787,-1.4931,24.6326,0.0000,0.4473
1229.6000,79.6904,-1.4886,23.2872,0.0000,0.4472
1229.7000,79.6995,-1.4840,22.5999,0.0000,0.4471
1229.8000,79.7076,-1.4794,22.5091,0.0000,0.4470
1229.9000,79.7159,-1.4748,22.7540,0.0000,0.4470
1230.0000,79.7248,-1.4702,23.0358,0.0000,0.4469
1230.1000,79.7340,-1.4655,23.2265,0.0000,0.4468
1230.2000,79.7435,-1.4607,23.2151,0.0000,0.4468
1230.3000,79.7524,-1.4560,22.4673,0.0000,0.4467
1230.4000,79.7579,-1.4512,21.5280,0.0000,0.4466
1230.5000,79.7620,-1.4464,20.4196,0.0000,0.4466
1230.6000,79.7620,-1.4415,18.5610,0.0000,0.4465
1230.7000,79.7569,-1.4366,16.7094,0.0000,0.4464
1230.8000,79.7478,-1.4317,15.8729,0.0000,0.4464
1230.9000,79.7384,-1.4268,15.7185,0.0000,0.4463
1231.0000,79.7283,-1.4218,15.8073,0.0000,0.4463
1231.1000,79.7191,-1.4168,16.3916,0.0000,0.4462
1231.2000,79.7114,-1.4118,16.9445,0.0000,0.4462
1231.3000,79.7045,-1.4067,16.8552,0.0000,0.4461
1231.4000,79.6961,-1.4016,16.6624,0.0000,0.4461
1231.5000,79.6880,-1.3965,17.1273,0.0000,0.4460
1231.6000,79.6815,-1.3914,17.9513,0.0000,0.4460
1231.7000,79.6769,-1.3862,19.2084,0.0000,0.4459
1231.8000,79.6761,-1.3810,20.5928,0.0000,0.4458
1231.9000,79.6777,-1.3758,21.0888,0.0000,0.4458
1232.0000,79.6788,-1.3705,20.6499,0.0000,0.4457
1232.1000,79.6780,-1.3652,19.8062,0.0000,0.4456
1232.2000,79.6748,-1.3599,18.5564,0.0000,0.4456
1232.3000,79.6677,-1.3546,17.5877,0.0000,0.4455
1232.4000,79.6596,-1.3492,17.9113,0.0000,0.4455
1232.5000,79.6537,-1.3438,19.3925,0.0000,0.4454
1232.6000,79.6523,-1.3384,21.5041,0.0000,0.4453
1232.7000,79.6560,-1.3330,23.1838,0.0000,0.4453
1232.8000,79.6621,-1.3275,24.1329,0.0000,0.4452
1232.9000,79.6700,-1.3220,23.9179,0.0000,0.4451
1233.0000,79.6747,-1.3165,22.4104,0.0000,0.4450
1233.1000,79.6751,-1.3109,20.4101,0.0000,0.4450
1233.2000,79.6699,-1.3054,18.8145,0.0000,0.4449
1233.3000,79.6623,-1.2998,17.9720,0.0000,0.4449
1233.4000,79.6528,-1.2941,17.7200,0.0000,0.4448
1233.5000,79.6437,-1.2885,18.1202,0.0000,0.4447
1233.6000,79.6357,-1.2828,18.9679,0.0000,0.4447
1233.7000,79.6303,-1.2771,19.9662,0.0000,0.4446
1233.8000,79.6267,-1.2714,20.3841,0.0000,0.4445
1233.9000,79.6228,-1.2657,20.3377,0.0000,0.4445
1234.0000,79.6186,-1.2599,19.9079,0.0000,0.4444
1234.1000,79.6124,-1.2541,18.8906,0.0000,0.4444
1234.2000,79.6030,-1.2483,17.4773,0.0000,0.4443
1234.3000,79.5897,-1.2425,15.9813,0.0000,0.4442
1234.4000,79.5729,-1.2366,14.6501,0.0000,0.4442
1234.5000,79.5530,-1.2307,13.7903,0.0000,0.4442
1234.6000,79.5317,-1.2248,13.0239,0.0000,0.4441
1234.7000,79.5078,-1.2189,11.9257,0.0000,0.4441
1234.8000,79.4811,-1.2130,11.0506,0.0000,0.4440
1234.9000,79.4527,-1.2070,10.6931,0.0000,0.4440
1235.0000,79.4240,-1.2011,10.6770,0.0000,0.4440
1235.1000,79.3953,-1.1951,11.1749,0.0000,0.4439
1235.2000,79.3686,-1.1891,12.4321,0.0000,0.4439
1235.3000,79.3456,-1.1830,14.1311,0.0000,0.4438
1235.4000,79.3267,-1.1770,15.7742,0.0000,0.4438
1235.5000,79.3111,-1.1709,16.8932,0.0000,0.4437
1235.6000,79.2972,-1.1648,17.6729,0.0000,0.4437
1235.7000,79.2850,-1.1587,18.2267,0.0000,0.4436
1235.8000,79.2734,-1.1526,18.5570,0.0000,0.4435
1235.9000,79.2624,-1.1465,19.0154,0.0000,0.4435
1236.0000,79.2526,-1.1403,19.6767,0.0000,0.4434
1236.1000,79.2444,-1.1342,20.2075,0.0000,0.4433
1236.2000,79.2367,-1.1280,20.8636,0.0000,0.4433
1236.3000,79.2312,-1.1218,21.7034,0.0000,0.4432
1236.4000,79.2272,-1.1155,21.8883,0.0000,0.4431
1236.5000,79.2222,-1.1093,21.7822,0.0000,0.4431
1236.6000,79.2172,-1.1031,22.6936,0.0000,0.4430
1236.7000,79.2161,-1.0968,24.3924,0.0000,0.4429
1236.8000,79.2189,-1.0905,26.4267,0.0000,0.4429
1236.9000,79.2271,-1.0842,29.1761,0.0000,0.4428
1237.0000,79.2424,-1.0779,32.3547,0.0000,0.4427
1237.1000,79.2652,-1.0715,34.5266,0.0000,0.4426
1237.2000,79.2904,-1.0652,35.6669,0.0000,0.4425
1237.3000,79.3181,-1.0588,36.6471,0.0000,0.4423
1237.4000,79.3473,-1.0524,37.3002,0.0000,0.4422
1237.5000,79.3775,-1.0460,37.3710,0.0000,0.4421
1237.6000,79.4065,-1.0396,37.4751,0.0000,0.4420
1237.7000,79.4366,-1.0332,37.8511,0.0000,0.4419
1237.8000,79.4668,-1.0267,37.4701,0.0000,0.4418
1237.9000,79.4945,-1.0202,36.7569,0.0000,0.4417
1238.0000,79.5207,-1.0138,36.6546,0.0000,0.4416
1238.1000,79.5473,-1.0073,36.5380,0.0000,0.4415
1238.2000,79.5723,-1.0008,35.9566,0.0000,0.4414
1238.3000,79.5956,-0.9942,35.7132,0.0000,0.4412
1238.4000,79.6189,-0.9877,35.9626,0.0000,0.4411
1238.5000,79.6429,-0.9811,35.8657,0.0000,0.4410
1238.6000,79.6651,-0.9746,35.4749,0.0000,0.4409
1238.7000,79.6866,-0.9680,35.6964,0.0000,0.4408
1238.8000,79.7094,-0.9614,36.3425,0.0000,0.4407
1238.9000,79.7334,-0.9548,36.7619,0.0000,0.4406
1239.0000,79.7576,-0.9482,37.2451,0.0000,0.4405
1239.1000,79.7833,-0.9415,38.2526,0.0000,0.4404
1239.2000,79.8116,-0.9349,39.0026,0.0000,0.4403
1239.3000,79.8402,-0.9283,38.8865,0.0000,0.4401
1239.4000,79.8674,-0.9216,38.1159,0.0000,0.4400
1239.5000,79.8918,-0.9149,37.0056,0.0000,0.4399
1239.6000,79.9132,-0.9082,35.4578,0.0000,0.4398
1239.7000,79.9297,-0.9015,33.6963,0.0000,0.4397
1239.8000,79.9422,-0.8948,32.2714,0.0000,0.4396
1239.9000,79.9514,-0.8881,31.2914,0.0000,0.4395
1240.0000,79.9588,-0.8814,30.8622,0.0000,0.4394
1240.1000,79.9655,-0.8747,31.2740,0.0000,0.4393
1240.2000,79.9743,-0.8679,31.5706,0.0000,0.4392
1240.3000,79.9820,-0.8612,31.2736,0.0000,0.4391
1240.4000,79.9889,-0.8544,31.0368,0.0000,0.4391
1240.5000,79.9949,-0.8477,30.6123,0.0000,0.4390
1240.6000,79.9993,-0.8409,29.8592,0.0000,0.4389
1240.7000,80.0013,-0.8342,29.5449,0.0000,0.4388
1240.8000,80.0037,-0.8274,29.5655,0.0000,0.4387
1240.9000,80.0054,-0.8206,29.3523,0.0000,0.4386
1241.0000,80.0063,-0.8138,29.1283,0.0000,0.4385
1241.1000,80.0064,-0.8070,28.8488,0.0000,0.4384
1241.2000,80.0056,-0.8002,28.3330,0.0000,0.4383
1241.3000,80.0028,-0.7934,28.2993,0.0000,0.4383
1241.4000,80.0014,-0.7867,28.6975,0.0000,0.4382
1241.5000,80.0000,-0.7799,28.9096,0.0000,0.4381
1241.6000,79.9992,-0.7730,28.7338,0.0000,0.4380
1241.7000,79.9965,-0.7662,28.2290,0.0000,0.4379
1241.8000,79.9928,-0.7594,27.4560,0.0000,0.4378
1241.9000,79.9861,-0.7526,26.4587,0.0000,0.4377
1242.0000,79.9772,-0.7458,25.6240,0.0000,0.4377
1242.1000,79.9661,-0.7390,25.4169,0.0000,0.4376
1242.2000,79.9559,-0.7322,26.0639,0.0000,0.4375
1242.3000,79.9474,-0.7254,27.2279,0.0000,0.4374
1242.4000,79.9423,-0.7186,28.9671,0.0000,0.4373
1242.5000,79.9416,-0.7118,30.7986,0.0000,0.4372
1242.6000,79.9447,-0.7050,32.0295,0.0000,0.4371
1242.7000,79.9493,-0.6982,32.7631,0.0000,0.4370
1242.8000,79.9553,-0.6913,32.6977,0.0000,0.4369
1242.9000,79.9592,-0.6845,31.8563,0.0000,0.4368
1243.0000,79.9607,-0.6777,31.4262,0.0000,0.4367
1243.1000,79.9621,-0.6709,31.9901,0.0000,0.4367
1243.2000,79.9658,-0.6641,33.0127,0.0000,0.4366
1243.3000,79.9715,-0.6573,34.1469,0.0000,0.4365
1243.4000,79.9802,-0.6505,35.1704,0.0000,0.4363
1243.5000,79.9902,-0.6437,35.5684,0.0000,0.4362
1243.6000,80.0002,-0.6369,34.9640,0.0000,0.4361
1243.7000,80.0068,-0.6301,33.7960,0.0000,0.4360
1243.8000,80.0108,-0.6233,32.8483,0.0000,0.4359
1243.9000,80.0125,-0.6166,32.1952,0.0000,0.4358
1244.0000,80.0129,-0.6098,31.7330,0.0000,0.4357
1244.1000,80.0119,-0.6030,31.7463,0.0000,0.4356
1244.2000,80.0120,-0.5962,32.0283,0.0000,0.4356
1244.3000,80.0119,-0.5895,31.6599,0.0000,0.4355
1244.4000,80.0097,-0.5827,30.7725,0.0000,0.4354
1244.5000,80.0050,-0.5759,29.5541,0.0000,0.4353
1244.6000,79.9967,-0.5692,27.9473,0.0000,0.4352
1244.7000,79.9840,-0.5624,26.1330,0.0000,0.4351
1244.8000,79.9667,-0.5557,25.3027,0.0000,0.4350
1244.9000,79.9496,-0.5490,26.0837,0.0000,0.4349
1245.0000,79.9356,-0.5422,27.6163,0.0000,0.4349
1245.1000,79.9255,-0.5355,29.5657,0.0000,0.4348
1245.2000,79.9203,-0.5288,31.5196,0.0000,0.4347
1245.3000,79.9189,-0.5221,32.9030,0.0000,0.4346
1245.4000,79.9198,-0.5154,33.2551,0.0000,0.4345
1245.5000,79.9197,-0.5088,32.8106,0.0000,0.4344
1245.6000,79.9180,-0.5021,31.9427,0.0000,0.4343
1245.7000,79.9133,-0.4954,31.0399,0.0000,0.4342
1245.8000,79.9070,-0.4888,30.5337,0.0000,0.4341
1245.9000,79.8994,-0.4821,30.2400,0.0000,0.4340
1246.0000,79.8913,-0.4755,29.9392,0.0000,0.4339
1246.1000,79.8819,-0.4689,29.8094,0.0000,0.4338
1246.2000,79.8728,-0.4623,30.5060,0.0000,0.4337
1246.3000,79.8663,-0.4557,31.4894,0.0000,0.4336
1246.4000,79.8614,-0.4491,32.3945,0.0000,0.4335
1246.5000,79.8588,-0.4425,33.4165,0.0000,0.4334
1246.6000,79.8582,-0.4359,34.1221,0.0000,0.4333
1246.7000,79.8585,-0.4294,34.2711,0.0000,0.4332
1246.8000,79.8583,-0.4228,34.3825,0.0000,0.4331
1246.9000,79.8586,-0.4163,34.7531,0.0000,0.4330
1247.0000,79.8597,-0.4098,35.5679,0.0000,0.4329
1247.1000,79.8634,-0.4032,37.6284,0.0000,0.4328
1247.2000,79.8738,-0.3967,40.3314,0.0000,0.4327
1247.3000,79.8898,-0.3903,42.1176,0.0000,0.4326
1247.4000,79.9080,-0.3838,42.9489,0.0000,0.4324
1247.5000,79.9275,-0.3773,43.4902,0.0000,0.4323
1247.6000,79.9477,-0.3709,43.2299,0.0000,0.4322
1247.7000,79.9654,-0.3644,42.5648,0.0000,0.4321
1247.8000,79.9819,-0.3580,42.4798,0.0000,0.4319
1247.9000,79.9987,-0.3516,42.2437,0.0000,0.4318
1248.0000,80.0136,-0.3452,41.3517,0.0000,0.4317
1248.1000,80.0256,-0.3388,40.2031,0.0000,0.4316
1248.2000,80.0345,-0.3324,39.7647,0.0000,0.4315
1248.3000,80.0440,-0.3261,39.8155,0.0000,0.4313
1248.4000,80.0527,-0.3197,40.5113,0.0000,0.4312
1248.5000,80.0650,-0.3134,42.4770,0.0000,0.4311
1248.6000,80.0825,-0.3071,44.7472,0.0000,0.4310
1248.7000,80.1049,-0.3008,46.3354,0.0000,0.4308
1248.8000,80.1293,-0.2945,48.0754,0.0000,0.4307
1248.9000,80.1594,-0.2882,50.0795,0.0000,0.4305
1249.0000,80.1926,-0.2819,51.3419,0.0000,0.4304
1249.1000,80.2280,-0.2757,52.0432,0.0000,0.4302
1249.2000,80.2639,-0.2695,52.0175,0.0000,0.4301
1249.3000,80.2985,-0.2633,51.1924,0.0000,0.4299
1249.4000,80.3299,-0.2570,49.9019,0.0000,0.4298
1249.5000,80.3578,-0.2509,48.3638,0.0000,0.4296
1249.6000,80.3814,-0.2447,47.6614,0.0000,0.4295
1249.7000,80.4054,-0.2385,48.0551,0.0000,0.4294
1249.8000,80.4303,-0.2324,48.7823,0.0000,0.4292
1249.9000,80.4572,-0.2263,50.5413,0.0000,0.4291
1250.0000,80.4897,-0.2202,52.9939,0.0000,0.4289
1250.1000,80.5275,-0.2141,54.8589,0.0000,0.4288
1250.2000,80.5681,-0.2080,55.9675,0.0000,0.4286
1250.3000,80.6104,-0.2020,56.3816,0.0000,0.4284
1250.4000,80.6523,-0.1959,55.7497,0.0000,0.4283
1250.5000,80.6909,-0.1899,55.0524,0.0000,0.4281
1250.6000,80.7289,-0.1839,54.4860,0.0000,0.4280
1250.7000,80.7643,-0.1779,53.6101,0.0000,0.4278
1250.8000,80.7975,-0.1720,53.2099,0.0000,0.4276
1250.9000,80.8303,-0.1660,53.2291,0.0000,0.4275
1251.0000,80.8630,-0.1601,52.9190,0.0000,0.4273
1251.1000,80.8938,-0.1542,52.1415,0.0000,0.4272
1251.2000,80.9223,-0.1483,51.2089,0.0000,0.4270
1251.3000,80.9482,-0.1424,50.3695,0.0000,0.4269
1251.4000,80.9722,-0.1365,49.3458,0.0000,0.4267
1251.5000,80.9927,-0.1307,48.5279,0.0000,0.4266
1251.6000,81.0124,-0.1249,48.2893,0.0000,0.4265
1251.7000,81.0313,-0.1191,48.4040,0.0000,0.4263
1251.8000,81.0510,-0.1133,48.6040,0.0000,0.4262
1251.9000,81.0704,-0.1076,48.9260,0.0000,0.4260
1252.0000,81.0911,-0.1018,49.3660,0.0000,0.4259
1252.1000,81.1119,-0.0961,49.8329,0.0000,0.4257
1252.2000,81.1343,-0.0905,50.5561,0.0000,0.4256
1252.3000,81.1580,-0.0848,51.6251,0.0000,0.4254
1252.4000,81.1848,-0.0791,53.0632,0.0000,0.4253
1252.5000,81.2146,-0.0735,54.0625,0.0000,0.4251
1252.6000,81.2455,-0.0679,55.0702,0.0000,0.4250
1252.7000,81.2794,-0.0624,56.8317,0.0000,0.4248
1252.8000,81.3179,-0.0568,58.7076,0.0000,0.4246
1252.9000,81.3599,-0.0513,59.8778,0.0000,0.4245
1253.0000,81.4031,-0.0458,61.1142,0.0000,0.4243
1253.1000,81.4503,-0.0403,62.1828,0.0000,0.4241
1253.2000,81.4977,-0.0348,61.7583,0.0000,0.4239
1253.3000,81.5422,-0.0293,60.0679,0.0000,0.4237
1253.4000,81.5812,-0.0239,58.1900,0.0000,0.4236
1253.5000,81.6163,-0.0185,56.3614,0.0000,0.4234
1253.6000,81.6462,-0.0131,54.6525,0.0000,0.4233
1253.7000,81.6729,-0.0078,53.6988,0.0000,0.4231
1253.8000,81.6978,-0.0025,53.4378,0.0000,0.4229
1253.9000,81.7228,0.0029,53.6222,0.0000,0.4228
1254.0000,81.7481,0.0081,53.9414,0.0000,0.4226
1254.1000,81.7740,0.0134,54.2590,0.0000,0.4225
1254.2000,81.8002,0.0186,54.2564,0.0000,0.4223
1254.3000,81.8256,0.0238,54.0090,0.0000,0.4222
1254.4000,81.8502,0.0290,53.7352,0.0000,0.4220
1254.5000,81.8737,0.0342,53.1562,0.0000,0.4218
1254.6000,81.8952,0.0393,52.0826,0.0000,0.4217
1254.7000,81.9133,0.0444,51.3201,0.0000,0.4215
1254.8000,81.9308,0.0495,51.3872,0.0000,0.4214
1254.9000,81.9488,0.0546,51.5512,0.0000,0.4212
1255.0000,81.9665,0.0596,51.7864,0.0000,0.4211
1255.1000,81.9851,0.0646,52.7328,0.0000,0.4209
1255.2000,82.0068,0.0696,54.1341,0.0000,0.4208
1255.3000,82.0314,0.0745,55.4524,0.0000,0.4206
1255.4000,82.0586,0.0795,56.6994,0.0000,0.4205
1255.5000,82.0885,0.0844,57.6919,0.0000,0.4203
1255.6000,82.1197,0.0892,57.5604,0.0000,0.4201
1255.7000,82.1484,0.0941,55.7562,0.0000,0.4200
1255.8000,82.1709,0.0989,53.2084,0.0000,0.4198
1255.9000,82.1874,0.1037,51.1634,0.0000,0.4197
1256.0000,82.2000,0.1085,50.1777,0.0000,0.4195
1256.1000,82.2116,0.1132,50.5168,0.0000,0.4194
1256.2000,82.2254,0.1179,51.8081,0.0000,0.4192
1256.3000,82.2425,0.1226,52.8019,0.0000,0.4191
1256.4000,82.2604,0.1273,53.0442,0.0000,0.4189
1256.5000,82.2782,0.1319,52.5750,0.0000,0.4187
1256.6000,82.2936,0.1365,51.7860,0.0000,0.4186
1256.7000,82.3073,0.1411,51.3144,0.0000,0.4184
1256.8000,82.3201,0.1456,51.2083,0.0000,0.4183
1256.9000,82.3330,0.1501,51.1304,0.0000,0.4181
1257.0000,82.3450,0.1546,50.6516,0.0000,0.4180
1257.1000,82.3553,0.1591,49.9765,0.0000,0.4179
1257.2000,82.3639,0.1635,49.2031,0.0000,0.4177
1257.3000,82.3703,0.1679,48.6821,0.0000,0.4176
1257.4000,82.3762,0.1723,48.6073,0.0000,0.4174
1257.5000,82.3819,0.1767,48.5466,0.0000,0.4173
1257.6000,82.3872,0.1810,48.5685,0.0000,0.4171
1257.7000,82.3927,0.1853,48.9779,0.0000,0.4170
1257.8000,82.3995,0.1895,49.1334,0.0000,0.4169
1257.9000,82.4054,0.1938,49.2698,0.0000,0.4167
1258.0000,82.4125,0.1980,50.0448,0.0000,0.4166
1258.1000,82.4216,0.2022,50.3461,0.0000,0.4164
1258.2000,82.4297,0.2063,50.1586,0.0000,0.4163
1258.3000,82.4377,0.2104,49.8271,0.0000,0.4161
1258.4000,82.4439,0.2145,49.1321,0.0000,0.4160
1258.5000,82.4484,0.2186,48.4860,0.0000,0.4158
1258.6000,82.4514,0.2226,47.9224,0.0000,0.4157
1258.7000,82.4529,0.2266,47.4540,0.0000,0.4156
1258.8000,82.4536,0.2306,47.1174,0.0000,0.4154
1258.9000,82.4533,0.2345,46.2982,0.0000,0.4153
1259.0000,82.4499,0.2384,44.9616,0.0000,0.4151
1259.1000,82.4432,0.2423,44.0574,0.0000,0.4150
1259.2000,82.4355,0.2462,43.1404,0.0000,0.4149
1259.3000,82.4244,0.2500,42.6657,0.0000,0.4148
1259.4000,82.4143,0.2538,43.3012,0.0000,0.4146
1259.5000,82.4059,0.2576,44.5101,0.0000,0.4145
1259.6000,82.4011,0.2613,45.9449,0.0000,0.4144
1259.7000,82.3991,0.2650,47.4275,0.0000,0.4142
1259.8000,82.4008,0.2687,48.7091,0.0000,0.4141
1259.9000,82.4045,0.2724,49.3057,0.0000,0.4139
1260.0000,82.4087,0.2760,48.6751,0.0000,0.4138
1260.1000,82.4091,0.2796,47.5870,0.0000,0.4137
1260.2000,82.4081,0.2832,46.7898,0.0000,0.4135
1260.3000,82.4047,0.2867,45.9908,0.0000,0.4134
1260.4000,82.3998,0.2902,45.3536,0.0000,0.4133
1260.5000,82.3932,0.2937,44.9949,0.0000,0.4131
1260.6000,82.3864,0.2972,44.6492,0.0000,0.4130
1260.7000,82.3781,0.3006,44.4270,0.0000,0.4129
1260.8000,82.3701,0.3040,44.2988,0.0000,0.4127
1260.9000,82.3610,0.3073,43.7679,0.0000,0.4126
1261.0000,82.3505,0.3107,43.4608,0.0000,0.4125
1261.1000,82.3398,0.3140,43.3896,0.0000,0.4123
1261.2000,82.3287,0.3173,42.5393,0.0000,0.4122
1261.3000,82.3140,0.3205,40.7232,0.0000,0.4121
1261.4000,82.2945,0.3237,39.1630,0.0000,0.4120
1261.5000,82.2725,0.3269,38.4097,0.0000,0.4119
1261.6000,82.2494,0.3301,37.7087,0.0000,0.4118
1261.7000,82.2241,0.3332,37.9271,0.0000,0.4116
1261.8000,82.2019,0.3364,39.8800,0.0000,0.4115
1261.9000,82.1855,0.3394,42.1938,0.0000,0.4114
1262.0000,82.1738,0.3425,44.2310,0.0000,0.4113
1262.1000,82.1666,0.3455,46.5086,0.0000,0.4111
1262.2000,82.1653,0.3485,48.1786,0.0000,0.4110
1262.3000,82.1656,0.3515,48.9308,0.0000,0.4109
1262.4000,82.1675,0.3544,49.8471,0.0000,0.4107
1262.5000,82.1717,0.3574,50.4902,0.0000,0.4106
1262.6000,82.1764,0.3602,50.5458,0.0000,0.4104
1262.7000,82.1807,0.3631,50.7882,0.0000,0.4103
1262.8000,82.1862,0.3660,51.2438,0.0000,0.4101
1262.9000,82.1924,0.3688,51.9849,0.0000,0.4100
1263.0000,82.2011,0.3716,53.7666,0.0000,0.4098
1263.1000,82.2152,0.3743,56.1659,0.0000,0.4096
1263.2000,82.2347,0.3770,57.8233,0.0000,0.4095
1263.3000,82.2561,0.3798,58.1666,0.0000,0.4093
1263.4000,82.2768,0.3824,57.1984,0.0000,0.4091
1263.5000,82.2934,0.3851,54.6395,0.0000,0.4090
1263.6000,82.3021,0.3877,51.1053,0.0000,0.4088
1263.7000,82.3023,0.3903,48.4420,0.0000,0.4087
1263.8000,82.2986,0.3929,47.5373,0.0000,0.4085
1263.9000,82.2945,0.3955,48.2182,0.0000,0.4084
1264.0000,82.2937,0.3980,50.2518,0.0000,0.4083
1264.1000,82.2988,0.4005,52.9929,0.0000,0.4081
1264.2000,82.3104,0.4030,55.4032,0.0000,0.4079
1264.3000,82.3263,0.4055,57.4927,0.0000,0.4078
1264.4000,82.3472,0.4079,59.0817,0.0000,0.4076
1264.5000,82.3701,0.4103,59.5299,0.0000,0.4074
1264.6000,82.3928,0.4127,59.1074,0.0000,0.4073
1264.7000,82.4134,0.4151,58.2939,0.0000,0.4071
1264.8000,82.4320,0.4174,56.7639,0.0000,0.4069
1264.9000,82.4453,0.4197,54.4771,0.0000,0.4068
1265.0000,82.4533,0.4220,52.4435,0.0000,0.4066
1265.1000,82.4571,0.4243,51.2700,0.0000,0.4065
1265.2000,82.4595,0.4265,50.6848,0.0000,0.4063
1265.3000,82.4604,0.4288,50.1204,0.0000,0.4062
1265.4000,82.4600,0.4310,49.5790,0.0000,0.4060
1265.5000,82.4584,0.4332,49.5133,0.0000,0.4059
1265.6000,82.4576,0.4353,49.4098,0.0000,0.4057
1265.7000,82.4553,0.4374,49.3140,0.0000,0.4056
1265.8000,82.4539,0.4396,49.8638,0.0000,0.4054
1265.9000,82.4540,0.4416,50.3724,0.0000,0.4053
1266.0000,82.4548,0.4437,49.9521,0.0000,0.4052
1266.1000,82.4528,0.4457,49.0047,0.0000,0.4050
1266.2000,82.4492,0.4478,47.7819,0.0000,0.4049
1266.3000,82.4415,0.4498,45.7762,0.0000,0.4047
1266.4000,82.4286,0.4518,43.9204,0.0000,0.4046
1266.5000,82.4123,0.4537,43.1651,0.0000,0.4045
1266.6000,82.3959,0.4556,42.4615,0.0000,0.4044
1266.7000,82.3764,0.4576,40.8095,0.0000,0.4042
1266.8000,82.3524,0.4595,39.2968,0.0000,0.4041
1266.9000,82.3259,0.4613,37.9606,0.0000,0.4040
1267.0000,82.2958,0.4632,36.0224,0.0000,0.4039
1267.1000,82.2605,0.4650,34.3999,0.0000,0.4038
1267.2000,82.2230,0.4668,33.9708,0.0000,0.4037
1267.3000,82.1858,0.4686,34.0093,0.0000,0.4036
1267.4000,82.1485,0.4704,34.0081,0.0000,0.4035
1267.5000,82.1114,0.4721,34.4265,0.0000,0.4034
1267.6000,82.0762,0.4739,35.1406,0.0000,0.4033
1267.7000,82.0424,0.4756,36.0318,0.0000,0.4032
1267.8000,82.0113,0.4773,36.7977,0.0000,0.4031
1267.9000,81.9811,0.4789,37.4013,0.0000,0.4029
1268.0000,81.9529,0.4806,38.2371,0.0000,0.4028
1268.1000,81.9265,0.4822,39.2229,0.0000,0.4027
1268.2000,81.9029,0.4838,40.1399,0.0000,0.4026
1268.3000,81.8808,0.4854,40.8086,0.0000,0.4025
1268.4000,81.8602,0.4870,41.4384,0.0000,0.4024
1268.5000,81.8411,0.4886,41.9899,0.0000,0.4022
1268.6000,81.8231,0.4901,42.5542,0.0000,0.4021
1268.7000,81.8065,0.4917,42.7561,0.0000,0.4020
1268.8000,81.7894,0.4932,42.7830,0.0000,0.4019
1268.9000,81.7730,0.4947,43.0066,0.0000,0.4017
1269.0000,81.7569,0.4962,43.0023,0.0000,0.4016
1269.1000,81.7405,0.4976,42.6254,0.0000,0.4015
1269.2000,81.7226,0.4991,42.4268,0.0000,0.4014
1269.3000,81.7053,0.5005,42.6802,0.0000,0.4012
1269.4000,81.6886,0.5020,42.8889,0.0000,0.4011
1269.5000,81.6722,0.5034,42.9082,0.0000,0.4010
1269.6000,81.6556,0.5047,43.0653,0.0000,0.4008
1269.7000,81.6400,0.5061,43.2121,0.0000,0.4007
1269.8000,81.6241,0.5075,43.5701,0.0000,0.4006
1269.9000,81.6101,0.5088,44.0924,0.0000,0.4005
1270.0000,81.5966,0.5102,44.3789,0.0000,0.4003
1270.1000,81.5839,0.5115,44.4314,0.0000,0.4002
1270.2000,81.5706,0.5128,44.5176,0.0000,0.4001
1270.3000,81.5583,0.5141,44.8577,0.0000,0.3999
1270.4000,81.5466,0.5154,45.2505,0.0000,0.3998
1270.5000,81.5361,0.5166,45.7442,0.0000,0.3997
1270.6000,81.5267,0.5179,46.4078,0.0000,0.3995
1270.7000,81.5192,0.5191,46.5330,0.0000,0.3994
1270.8000,81.5103,0.5204,45.8651,0.0000,0.3993
1270.9000,81.4997,0.5216,45.0641,0.0000,0.3991
1271.0000,81.4871,0.5228,43.7791,0.0000,0.3990
1271.1000,81.4705,0.5240,42.1114,0.0000,0.3989
1271.2000,81.4502,0.5252,40.5278,0.0000,0.3988
1271.3000,81.4263,0.5264,38.7457,0.0000,0.3986
1271.4000,81.3978,0.5275,37.0214,0.0000,0.3985
1271.5000,81.3660,0.5287,35.5148,0.0000,0.3984
1271.6000,81.3305,0.5298,34.0059,0.0000,0.3983
1271.7000,81.2918,0.5310,33.1811,0.0000,0.3982
1271.8000,81.2527,0.5321,33.4311,0.0000,0.3981
1271.9000,81.2153,0.5332,34.1845,0.0000,0.3980
1272.0000,81.1798,0.5343,35.4706,0.0000,0.3979
1272.1000,81.1485,0.5354,37.6387,0.0000,0.3978
1272.2000,81.1231,0.5365,40.2480,0.0000,0.3977
1272.3000,81.1040,0.5376,42.5186,0.0000,0.3976
1272.4000,81.0893,0.5386,44.6178,0.0000,0.3974
1272.5000,81.0800,0.5397,47.0802,0.0000,0.3973
1272.6000,81.0767,0.5408,49.5092,0.0000,0.3971
1272.7000,81.0787,0.5418,51.6104,0.0000,0.3970
1272.8000,81.0851,0.5428,53.4318,0.0000,0.3968
1272.9000,81.0954,0.5439,54.9714,0.0000,0.3967
1273.0000,81.1089,0.5449,56.0887,0.0000,0.3965
1273.1000,81.1242,0.5459,56.5577,0.0000,0.3963
1273.2000,81.1397,0.5469,56.4553,0.0000,0.3962
1273.3000,81.1544,0.5480,56.0201,0.0000,0.3960
1273.4000,81.1677,0.5490,55.3322,0.0000,0.3959
1273.5000,81.1791,0.5500,54.5851,0.0000,0.3957
1273.6000,81.1887,0.5510,53.9842,0.0000,0.3955
1273.7000,81.1972,0.5520,53.5590,0.0000,0.3954
1273.8000,81.2047,0.5529,53.6132,0.0000,0.3952
1273.9000,81.2133,0.5539,53.9408,0.0000,0.3951
1274.0000,81.2223,0.5549,54.4424,0.0000,0.3949
1274.1000,81.2331,0.5559,34.8313,0.0000,0.3948
1274.2000,81.1507,0.5568,-5.2577,0.0000,0.3948
1274.3000,80.9753,0.5578,-45.4176,0.0000,0.3949
1274.4000,80.7062,0.5588,-85.4013,0.0000,0.3951
1274.5000,80.3438,0.5597,-125.1866,0.0000,0.3952
1274.6000,79.8870,0.5607,-144.7677,0.0000,0.3954
1274.7000,79.4302,0.5616,-144.2387,0.0000,0.3956
1274.8000,78.9733,0.5625,-143.7046,0.0000,0.3957
1274.9000,78.5165,0.5634,-143.1654,0.0000,0.3959
1275.0000,78.0596,0.5644,-142.6211,0.0000,0.3960
1275.1000,77.6028,0.5653,-142.0718,0.0000,0.3962
1275.2000,77.1460,0.5662,-141.5176,0.0000,0.3964
1275.3000,76.6891,0.5671,-140.9583,0.0000,0.3965
1275.4000,76.2323,0.5680,-140.3940,0.0000,0.3967
1275.5000,75.7754,0.5688,-139.8249,0.0000,0.3969
1275.6000,75.3186,0.5697,-139.2508,0.0000,0.3970
1275.7000,74.8618,0.5706,-138.6719,0.0000,0.3972
1275.8000,74.4049,0.5715,-138.0881,0.0000,0.3973
1275.9000,73.9481,0.5723,-137.4995,0.0000,0.3975
1276.0000,73.4913,0.5732,-136.9061,0.0000,0.3977
1276.1000,73.0344,0.5740,-136.3079,0.0000,0.3978
1276.2000,72.5776,0.5749,-135.7050,0.0000,0.3980
1276.3000,72.1207,0.5757,-135.0974,0.0000,0.3982
1276.4000,71.6639,0.5766,-134.4851,0.0000,0.3983
1276.5000,71.2071,0.5774,-133.8682,0.0000,0.3985
1276.6000,70.7502,0.5782,-133.2466,0.0000,0.3986
1276.7000,70.2934,0.5790,-132.6204,0.0000,0.3988
1276.8000,69.8365,0.5799,-131.9897,0.0000,0.3990
1276.9000,69.3797,0.5807,-131.3544,0.0000,0.3991
1277.0000,68.9229,0.5815,-130.7146,0.0000,0.3993
1277.1000,68.4660,0.5823,-130.0703,0.0000,0.3995
1277.2000,68.0092,0.5831,-129.4216,0.0000,0.3996
1277.3000,67.5523,0.5839,-128.7684,0.0000,0.3998
1277.4000,67.0955,0.5847,-128.1108,0.0000,0.3999
1277.5000,66.6387,0.5855,-127.4489,0.0000,0.4001
1277.6000,66.1818,0.5863,-126.7826,0.0000,0.4003
1277.7000,65.7250,0.5871,-126.1120,0.0000,0.4004
1277.8000,65.2682,0.5879,-125.4372,0.0000,0.4006
1277.9000,64.8113,0.5887,-124.7581,0.0000,0.4008
1278.0000,64.3545,0.5895,-124.0747,0.0000,0.4009
1278.1000,63.8976,0.5902,-123.3872,0.0000,0.4011
1278.2000,63.4408,0.5910,-122.6955,0.0000,0.4012
1278.3000,62.9840,0.5918,-121.9997,0.0000,0.4014
1278.4000,62.5271,0.5926,-121.2998,0.0000,0.4016
1278.5000,62.0703,0.5933,-120.5958,0.0000,0.4017
1278.6000,61.6134,0.5941,-119.8877,0.0000,0.4019
1278.7000,61.1566,0.5949,-119.1757,0.0000,0.4021
1278.8000,60.6998,0.5956,-118.4596,0.0000,0.4022
1278.9000,60.2429,0.5964,-117.7397,0.0000,0.4024
1279.0000,59.7861,0.5971,-117.0157,0.0000,0.4025
1279.1000,59.3292,0.5979,-116.2879,0.0000,0.4027
1279.2000,58.8724,0.5986,-115.5563,0.0000,0.4029
1279.3000,58.4156,0.5994,-114.8208,0.0000,0.4030
1279.4000,57.9587,0.6001,-114.0815,0.0000,0.4032
1279.5000,57.5019,0.6009,-113.3384,0.0000,0.4034
1279.6000,57.0450,0.6016,-112.5916,0.0000,0.4035
1279.7000,56.5882,0.6023,-111.8411,0.0000,0.4037
1279.8000,56.1314,0.6031,-111.0869,0.0000,0.4038
1279.9000,55.6745,0.6038,-110.3290,0.0000,0.4040
1280.0000,55.2177,0.6045,-109.5675,0.0000,0.4042
1280.1000,54.7609,0.6053,-108.8025,0.0000,0.4043
1280.2000,54.3040,0.6060,-108.0339,0.0000,0.4045
1280.3000,53.8472,0.6067,-107.2617,0.0000,0.4047
1280.4000,53.3903,0.6074,-106.4861,0.0000,0.4048
1280.5000,52.9335,0.6082,-105.7069,0.0000,0.4050
1280.6000,52.4767,0.6089,-104.9244,0.0000,0.4051
1280.7000,52.0198,0.6096,-104.1384,0.0000,0.4053
1280.8000,51.5630,0.6103,-103.3491,0.0000,0.4055
1280.9000,51.1061,0.6110,-102.5564,0.0000,0.4056
1281.0000,50.6493,0.6117,-101.7604,0.0000,0.4058
1281.1000,50.1925,0.6124,-100.9612,0.0000,0.4060
1281.2000,49.7356,0.6131,-100.1586,0.0000,0.4061
1281.3000,49.2788,0.6138,-99.3529,0.0000,0.4063
1281.4000,48.8219,0.6145,-98.5439,0.0000,0.4064
1281.5000,48.3651,0.6152,-97.7318,0.0000,0.4066
1281.6000,47.9083,0.6159,-96.9166,0.0000,0.4068
1281.7000,47.4514,0.6165,-96.0983,0.0000,0.4069
1281.8000,46.9946,0.6172,-95.2769,0.0000,0.4071
1281.9000,46.5378,0.6179,-94.4524,0.0000,0.4072
1282.0000,46.0809,0.6186,-93.6250,0.0000,0.4074
1282.1000,45.6241,0.6192,-92.7946,0.0000,0.4076
1282.2000,45.1672,0.6199,-91.9612,0.0000,0.4077
1282.3000,44.7104,0.6206,-91.1249,0.0000,0.4079
1282.4000,44.2536,0.6212,-90.2857,0.0000,0.4081
1282.5000,43.7967,0.6219,-89.4437,0.0000,0.4082
1282.6000,43.3399,0.6225,-88.5988,0.0000,0.4084
1282.7000,42.8830,0.6232,-87.7512,0.0000,0.4085
1282.8000,42.4262,0.6238,-86.9007,0.0000,0.4087
1282.9000,41.9694,0.6245,-86.0476,0.0000,0.4089
1283.0000,41.5125,0.6251,-85.1917,0.0000,0.4090
1283.1000,41.0557,0.6257,-84.3332,0.0000,0.4092
1283.2000,40.5988,0.6263,-83.4720,0.0000,0.4093
1283.3000,40.1420,0.6270,-82.6082,0.0000,0.4095
1283.4000,39.6852,0.6276,-81.7419,0.0000,0.4097
1283.5000,39.2283,0.6282,-80.8730,0.0000,0.4098
1283.6000,38.7715,0.6288,-80.0015,0.0000,0.4100
1283.7000,38.3147,0.6294,-79.1276,0.0000,0.4101
1283.8000,37.8578,0.6300,-78.2512,0.0000,0.4103
1283.9000,37.4010,0.6306,-77.3724,0.0000,0.4105
1284.0000,36.9441,0.6312,-76.4912,0.0000,0.4106
1284.1000,36.4873,0.6318,-75.6076,0.0000,0.4108
1284.2000,36.0305,0.6324,-74.7216,0.0000,0.4109
1284.3000,35.5736,0.6329,-73.8334,0.0000,0.4111
1284.4000,35.1168,0.6335,-72.9429,0.0000,0.4113
1284.5000,34.6599,0.6341,-72.0501,0.0000,0.4114
1284.6000,34.2031,0.6346,-71.1551,0.0000,0.4116
1284.7000,33.7463,0.6352,-70.2579,0.0000,0.4117
1284.8000,33.2894,0.6357,-69.3586,0.0000,0.4118
1284.9000,32.8326,0.6363,-68.4571,0.0000,0.4120
1285.0000,32.3757,0.6368,-67.5536,0.0000,0.4121
1285.1000,31.9189,0.6373,-66.6479,0.0000,0.4123
1285.2000,31.4621,0.6379,-65.7403,0.0000,0.4124
1285.3000,31.0052,0.6384,-64.8306,0.0000,0.4126
1285.4000,30.5484,0.6389,-63.9189,0.0000,0.4127
1285.5000,30.0916,0.6394,-63.0053,0.0000,0.4128
1285.6000,29.6347,0.6399,-62.0898,0.0000,0.4129
1285.7000,29.1779,0.6404,-61.1724,0.0000,0.4131
1285.8000,28.7210,0.6409,-60.2531,0.0000,0.4132
1285.9000,28.2642,0.6414,-59.3320,0.0000,0.4133
1286.0000,27.8074,0.6419,-58.4090,0.0000,0.4134
1286.1000,27.3505,0.6423,-57.4844,0.0000,0.4136
1286.2000,26.8937,0.6428,-56.5579,0.0000,0.4137
1286.3000,26.4368,0.6433,-55.6298,0.0000,0.4138
1286.4000,25.9800,0.6437,-54.7000,0.0000,0.4139
1286.5000,25.5232,0.6442,-53.7685,0.0000,0.4140
1286.6000,25.0663,0.6446,-52.8354,0.0000,0.4141
1286.7000,24.6095,0.6450,-51.9007,0.0000,0.4142
1286.8000,24.1526,0.6455,-50.9645,0.0000,0.4143
1286.9000,23.6958,0.6459,-50.0267,0.0000,0.4145
1287.0000,23.2390,0.6463,-49.0874,0.0000,0.4146
1287.1000,22.7821,0.6467,-48.1466,0.0000,0.4146
1287.2000,22.3253,0.6471,-47.2044,0.0000,0.4147
1287.3000,21.8685,0.6475,-46.2608,0.0000,0.4148
1287.4000,21.4116,0.6479,-45.3158,0.0000,0.4149
1287.5000,20.9548,0.6483,-44.3694,0.0000,0.4150
1287.6000,20.4979,0.6486,-43.4217,0.0000,0.4151
1287.7000,20.0411,0.6490,-42.4727,0.0000,0.4152
1287.8000,19.5843,0.6494,-41.5224,0.0000,0.4153
1287.9000,19.1274,0.6497,-40.5709,0.0000,0.4154
1288.0000,18.6706,0.6500,-39.6182,0.0000,0.4154
1288.1000,18.2137,0.6504,-38.6643,0.0000,0.4155
1288.2000,17.7569,0.6507,-37.7092,0.0000,0.4156
1288.3000,17.3001,0.6510,-36.7530,0.0000,0.4157
1288.4000,16.8432,0.6513,-35.7957,0.0000,0.4157
1288.5000,16.3864,0.6516,-34.8374,0.0000,0.4158
1288.6000,15.9295,0.6519,-33.8780,0.0000,0.4159
1288.7000,15.4727,0.6522,-32.9176,0.0000,0.4159
1288.8000,15.0159,0.6525,-31.9563,0.0000,0.4160
1288.9000,14.5590,0.6528,-30.9939,0.0000,0.4160
1289.0000,14.1022,0.6530,-30.0307,0.0000,0.4161
1289.1000,13.6454,0.6533,-29.0666,0.0000,0.4162
1289.2000,13.1885,0.6535,-28.1016,0.0000,0.4162
1289.3000,12.7317,0.6538,-27.1358,0.0000,0.4163
1289.4000,12.2748,0.6540,-26.1691,0.0000,0.4163
1289.5000,11.8180,0.6542,-25.2017,0.0000,0.4164
1289.6000,11.3612,0.6544,-24.2336,0.0000,0.4164
1289.7000,10.9043,0.6546,-23.2647,0.0000,0.4164
1289.8000,10.4475,0.6548,-22.2952,0.0000,0.4165
1289.9000,9.9906,0.6550,-21.3250,0.0000,0.4165
1290.0000,9.5338,0.6552,-20.3541,0.0000,0.4165
1290.1000,9.0770,0.6554,-19.3827,0.0000,0.4166
1290.2000,8.6201,0.6556,-18.2996,0.0000,0.4166
1290.3000,8.1681,0.6557,-17.1327,0.0000,0.4166
1290.4000,7.7210,0.6559,-15.9986,0.0000,0.4167
1290.5000,7.2788,0.6560,-14.8971,0.0000,0.4167
1290.6000,6.8414,0.6561,-13.8277,0.0000,0.4167
1290.7000,6.4089,0.6563,-12.8728,0.0000,0.4167
1290.8000,5.9764,0.6564,-11.9325,0.0000,0.4167
1290.9000,5.5485,0.6565,-10.8474,0.0000,0.4167
1291.0000,5.1318,0.6566,-9.6480,0.0000,0.4167
1291.1000,4.7323,0.6567,-8.3969,0.0000,0.4167
1291.2000,4.3556,0.6568,-7.1452,0.0000,0.4167
1291.3000,4.0068,0.6568,-5.9813,0.0000,0.4167
1291.4000,3.6858,0.6569,-4.9791,0.0000,0.4167
1291.5000,3.3906,0.6570,-4.1375,0.0000,0.4167
1291.6000,3.1191,0.6570,-3.4314,0.0000,0.4167
1291.7000,2.8692,0.6571,-2.8395,0.0000,0.4167
1291.8000,2.6394,0.6572,-2.3437,0.0000,0.4167
1291.9000,2.4280,0.6572,-1.9289,0.0000,0.4167
1292.0000,2.2336,0.6572,-1.5822,0.0000,0.4167
1292.1000,2.0547,0.6573,-1.2929,0.0000,0.4167
1292.2000,1.8901,0.6573,-1.0517,0.0000,0.4167
1292.3000,1.7387,0.6574,-0.8510,0.0000,0.4167
1292.4000,1.5995,0.6574,-0.6842,0.0000,0.4167
1292.5000,1.4713,0.6574,-0.5460,0.0000,0.4167
1292.6000,1.3535,0.6574,-0.4317,0.0000,0.4166
1292.7000,1.2451,0.6575,-0.3374,0.0000,0.4166
1292.8000,1.1454,0.6575,-0.2598,0.0000,0.4166
1292.9000,1.0536,0.6575,-0.1962,0.0000,0.4166
1293.0000,0.9692,0.6575,-0.1443,0.0000,0.4166
1293.1000,0.8916,0.6575,-0.1021,0.0000,0.4166
1293.2000,0.8202,0.6576,-0.0680,0.0000,0.4166
1293.3000,0.7545,0.6576,-0.0406,0.0000,0.4166
1293.4000,0.6941,0.6576,-0.0188,0.0000,0.4166
1293.5000,0.6385,0.6576,-0.0016,0.0000,0.4166
1293.6000,0.5873,0.6576,0.0118,0.0000,0.4166
1293.7000,0.5403,0.6576,0.0221,0.0000,0.4166
1293.8000,0.4970,0.6576,0.0299,0.0000,0.4166
1293.9000,0.4572,0.6576,0.0355,0.0000,0.4166
1294.0000,0.4206,0.6577,0.0395,0.0000,0.4166
1294.1000,0.3869,0.6577,0.0421,0.0000,0.4166
1294.2000,0.3559,0.6577,0.0436,0.0000,0.4166
1294.3000,0.3274,0.6577,0.0443,0.0000,0.4166
1294.4000,0.3012,0.6577,0.0442,0.0000,0.4166
1294.5000,0.2771,0.6577,0.0436,0.0000,0.4165
1294.6000,0.2549,0.6577,0.0426,0.0000,0.4165
1294.7000,0.2345,0.6577,0.0413,0.0000,0.4165
1294.8000,0.2157,0.6577,0.0398,0.0000,0.4165
1294.9000,0.1984,0.6577,-0.0577,0.0000,0.4165
1295.0000,0.0000,0.6577,-0.0000,0.0000,0.4165
1295.1000,0.0000,0.6577,0.0000,0.0000,0.4165
1295.2000,0.0000,0.6577,0.0000,0.0000,0.4165
1295.3000,0.0000,0.6577,0.0000,0.0000,0.4165
1295.4000,0.0000,0.6577,0.0000,0.0000,0.4165
1295.5000,0.0000,0.6577,0.0000,0.0000,0.4165
1295.6000,0.0000,0.6577,0.0000,0.0000,0.4165
1295.7000,0.0000,0.6577,0.0000,0.0000,0.4165
1295.8000,0.0000,0.6577,0.0000,0.0000,0.4165
1295.9000,0.0000,0.6577,0.0000,0.0000,0.4165
1296.0000,0.0000,0.6577,0.0000,0.0000,0.4165
1296.1000,0.0000,0.6577,0.0000,0.0000,0.4165
1296.2000,0.0000,0.6577,0.0000,0.0000,0.4165
1296.3000,0.0000,0.6577,0.0000,0.0000,0.4165
1296.4000,0.0000,0.6577,0.0000,0.0000,0.4164
1296.5000,0.0000,0.6577,0.0000,0.0000,0.4164
1296.6000,0.0000,0.6577,0.0000,0.0000,0.4164
1296.7000,0.0000,0.6577,0.0000,0.0000,0.4164
1296.8000,0.0000,0.6577,0.0000,0.0000,0.4164
1296.9000,0.0000,0.6577,0.0000,0.0000,0.4164
1297.0000,0.0000,0.6577,0.0000,0.0000,0.4164
1297.1000,0.0000,0.6577,0.0000,0.0000,0.4164
1297.2000,0.0000,0.6577,0.0000,0.0000,0.4164
1297.3000,0.0000,0.6577,0.0000,0.0000,0.4164
1297.4000,0.0000,0.6577,0.0000,0.0000,0.4164
1297.5000,0.0000,0.6577,0.0000,0.0000,0.4164
1297.6000,0.0000,0.6577,0.0000,0.0000,0.4164
1297.7000,0.0000,0.6577,0.0000,0.0000,0.4164
1297.8000,0.0000,0.6577,0.0000,0.0000,0.4164
1297.9000,0.0000,0.6577,0.0000,0.0000,0.4164
1298.0000,0.0000,0.6577,0.0000,0.0000,0.4164
1298.1000,0.0000,0.6577,0.0000,0.0000,0.4164
1298.2000,0.0000,0.6577,0.0000,0.0000,0.4164
1298.3000,0.0000,0.6577,0.0000,0.0000,0.4163
1298.4000,0.0000,0.6577,0.0000,0.0000,0.4163
1298.5000,0.0000,0.6577,0.0000,0.0000,0.4163
1298.6000,0.0000,0.6577,0.0000,0.0000,0.4163
1298.7000,0.0000,0.6577,0.0000,0.0000,0.4163
1298.8000,0.0000,0.6577,0.0000,0.0000,0.4163
1298.9000,0.0000,0.6577,0.0000,0.0000,0.4163
1299.0000,0.0000,0.6577,0.0000,0.0000,0.4163
1299.1000,0.0000,0.6577,0.0000,0.0000,0.4163
1299.2000,0.0000,0.6577,0.0000,0.0000,0.4163
1299.3000,0.0000,0.6577,0.0000,0.0000,0.4163
1299.4000,0.0000,0.6577,0.0000,0.0000,0.4163
1299.5000,0.0000,0.6577,0.0000,0.0000,0.4163
1299.6000,0.0000,0.6577,0.0000,0.0000,0.4163
1299.7000,0.0000,0.6577,0.0000,0.0000,0.4163
1299.8000,0.0000,0.6577,0.0000,0.0000,0.4163
1299.9000,0.0000,0.6577,0.0000,0.0000,0.4163
1300.0000,0.0000,0.6577,0.0000,0.0000,0.4163
1300.1000,0.0000,0.6577,0.0000,0.0000,0.4163
1300.2000,0.0000,0.6577,0.0000,0.0000,0.4163
1300.3000,0.0000,0.6577,0.0000,0.0000,0.4162
1300.4000,0.0000,0.6577,0.0000,0.0000,0.4162
1300.5000,0.0000,0.6577,0.0000,0.0000,0.4162
1300.6000,0.0000,0.6577,0.0000,0.0000,0.4162
1300.7000,0.0000,0.6577,0.0000,0.0000,0.4162
1300.8000,0.0000,0.6577,0.0000,0.0000,0.4162
1300.9000,0.0000,0.6577,0.0000,0.0000,0.4162
1301.0000,0.0000,0.6577,0.0000,0.0000,0.4162
1301.1000,0.0000,0.6577,0.0000,0.0000,0.4162
1301.2000,0.0000,0.6577,0.0000,0.0000,0.4162
1301.3000,0.0000,0.6577,0.0000,0.0000,0.4162
1301.4000,0.0000,0.6577,0.0000,0.0000,0.4162
1301.5000,0.0000,0.6577,0.0000,0.0000,0.4162
1301.6000,0.0000,0.6577,0.0000,0.0000,0.4162
1301.7000,0.0000,0.6577,0.0000,0.0000,0.4162
1301.8000,0.0000,0.6577,0.0000,0.0000,0.4162
1301.9000,0.0000,0.6577,0.0000,0.0000,0.4162
1302.0000,0.0000,0.6577,0.0000,0.0000,0.4162
1302.1000,0.0000,0.6577,0.0000,0.0000,0.4162
1302.2000,0.0000,0.6577,0.0000,0.0000,0.4161
1302.3000,0.0000,0.6577,0.0000,0.0000,0.4161
1302.4000,0.0000,0.6577,0.0000,0.0000,0.4161
1302.5000,0.0000,0.6577,0.0000,0.0000,0.4161
1302.6000,0.0000,0.6577,0.0000,0.0000,0.4161
1302.7000,0.0000,0.6577,0.0000,0.0000,0.4161
1302.8000,0.0000,0.6577,0.0000,0.0000,0.4161
1302.9000,0.0000,0.6577,0.0000,0.0000,0.4161
1303.0000,0.0000,0.6577,0.0000,0.0000,0.4161
1303.1000,0.0000,0.6577,0.0000,0.0000,0.4161
1303.2000,0.0000,0.6577,0.0000,0.0000,0.4161
1303.3000,0.0000,0.6577,0.0000,0.0000,0.4161
1303.4000,0.0000,0.6577,0.0000,0.0000,0.4161
1303.5000,0.0000,0.6577,0.0000,0.0000,0.4161
1303.6000,0.0000,0.6577,0.0000,0.0000,0.4161
1303.7000,0.0000,0.6577,0.0000,0.0000,0.4161
1303.8000,0.0000,0.6577,0.0000,0.0000,0.4161
1303.9000,0.0000,0.6577,0.0000,0.0000,0.4161
1304.0000,0.0000,0.6577,0.0000,0.0000,0.4161
1304.1000,0.0000,0.6577,0.0000,0.0000,0.4161
1304.2000,0.0000,0.6577,0.0000,0.0000,0.4160
1304.3000,0.0000,0.6577,0.0000,0.0000,0.4160
1304.4000,0.0000,0.6577,0.0000,0.0000,0.4160
1304.5000,0.0000,0.6577,0.0000,0.0000,0.4160
1304.6000,0.0000,0.6577,0.0000,0.0000,0.4160
1304.7000,0.0000,0.6577,0.0000,0.0000,0.4160
1304.8000,0.0000,0.6577,0.0000,0.0000,0.4160
1304.9000,0.0000,0.6577,0.0000,0.0000,0.4160
1305.0000,0.0000,0.6577,0.0000,0.0000,0.4160
1305.1000,0.0000,0.6577,0.0000,0.0000,0.4160
1305.2000,0.0000,0.6577,0.0000,0.0000,0.4160
1305.3000,0.0000,0.6577,0.0000,0.0000,0.4160
1305.4000,0.0000,0.6577,0.0000,0.0000,0.4160
1305.5000,0.0000,0.6577,0.0000,0.0000,0.4160
1305.6000,0.0000,0.6577,0.0000,0.0000,0.4160
1305.7000,0.0000,0.6577,0.0000,0.0000,0.4160
1305.8000,0.0000,0.6577,0.0000,0.0000,0.4160
1305.9000,0.0000,0.6577,0.0000,0.0000,0.4160
1306.0000,0.0000,0.6577,0.0000,0.0000,0.4160
1306.1000,0.0000,0.6577,0.0000,0.0000,0.4159
1306.2000,0.0000,0.6577,0.0000,0.0000,0.4159
1306.3000,0.0000,0.6577,0.0000,0.0000,0.4159
1306.4000,0.0000,0.6577,0.0000,0.0000,0.4159
1306.5000,0.0000,0.6577,0.0000,0.0000,0.4159
1306.6000,0.0000,0.6577,0.0000,0.0000,0.4159
1306.7000,0.0000,0.6577,0.0000,0.0000,0.4159
1306.8000,0.0000,0.6577,0.0000,0.0000,0.4159
1306.9000,0.0000,0.6577,0.0000,0.0000,0.4159
1307.0000,0.0000,0.6577,0.0000,0.0000,0.4159
1307.1000,0.0000,0.6577,0.0000,0.0000,0.4159
1307.2000,0.0000,0.6577,0.0000,0.0000,0.4159
1307.3000,0.0000,0.6577,0.0000,0.0000,0.4159
1307.4000,0.0000,0.6577,0.0000,0.0000,0.4159
1307.5000,0.0000,0.6577,0.0000,0.0000,0.4159
1307.6000,0.0000,0.6577,0.0000,0.0000,0.4159
1307.7000,0.0000,0.6577,0.0000,0.0000,0.4159
1307.8000,0.0000,0.6577,0.0000,0.0000,0.4159
1307.9000,0.0000,0.6577,0.0000,0.0000,0.4159
1308.0000,0.0000,0.6577,0.0000,0.0000,0.4158
1308.1000,0.0000,0.6577,0.0000,0.0000,0.4158
1308.2000,0.0000,0.6577,0.0000,0.0000,0.4158
1308.3000,0.0000,0.6577,0.0000,0.0000,0.4158
1308.4000,0.0000,0.6577,0.0000,0.0000,0.4158
1308.5000,0.0000,0.6577,0.0000,0.0000,0.4158
1308.6000,0.0000,0.6577,0.0000,0.0000,0.4158
1308.7000,0.0000,0.6577,0.0000,0.0000,0.4158
1308.8000,0.0000,0.6577,0.0000,0.0000,0.4158
1308.9000,0.0000,0.6577,0.0000,0.0000,0.4158
1309.0000,0.0000,0.6577,0.0000,0.0000,0.4158
1309.1000,0.0000,0.6577,0.0000,0.0000,0.4158
1309.2000,0.0000,0.6577,0.0000,0.0000,0.4158
1309.3000,0.0000,0.6577,0.0000,0.0000,0.4158
1309.4000,0.0000,0.6577,0.0000,0.0000,0.4158
1309.5000,0.0000,0.6577,0.0000,0.0000,0.4158
1309.6000,0.0000,0.6577,0.0000,0.0000,0.4158
1309.7000,0.0000,0.6577,0.0000,0.0000,0.4158
1309.8000,0.0000,0.6577,0.0000,0.0000,0.4158
1309.9000,0.0000,0.6577,0.0000,0.0000,0.4158
1310.0000,0.0000,0.6577,0.0000,0.0000,0.4157
1310.1000,0.2319,0.6577,0.3499,0.0000,0.4157
1310.2000,0.4639,0.6577,0.7948,0.0000,0.4157
1310.3000,0.7731,0.6577,1.6412,0.0000,0.4157
1310.4000,1.1597,0.6577,2.6993,0.0000,0.4157
1310.5000,1.5463,0.6578,3.5992,0.0000,0.4157
1310.6000,1.9328,0.6578,4.4991,0.0000,0.4156
1310.7000,2.3194,0.6578,5.3991,0.0000,0.4156
1310.8000,2.7059,0.6579,6.2991,0.0000,0.4156
1310.9000,3.0925,0.6579,7.1993,0.0000,0.4155
1311.0000,3.4790,0.6580,8.0996,0.0000,0.4155
1311.1000,3.8656,0.6581,8.9999,0.0000,0.4155
1311.2000,4.2521,0.6582,9.9004,0.0000,0.4154
1311.3000,4.6386,0.6582,10.8009,0.0000,0.4154
1311.4000,5.0251,0.6583,11.7016,0.0000,0.4153
1311.5000,5.4116,0.6584,12.6023,0.0000,0.4153
1311.6000,5.7981,0.6585,13.5031,0.0000,0.4152
1311.7000,6.1845,0.6587,14.4039,0.0000,0.4152
1311.8000,6.5709,0.6588,15.3048,0.0000,0.4151
1311.9000,6.9573,0.6589,16.2058,0.0000,0.4150
1312.0000,7.3437,0.6590,17.1067,0.0000,0.4150
1312.1000,7.7300,0.6592,18.0077,0.0000,0.4149
1312.2000,8.1163,0.6593,18.9086,0.0000,0.4149
1312.3000,8.5025,0.6595,19.8094,0.0000,0.4148
1312.4000,8.8887,0.6597,20.7102,0.0000,0.4147
1312.5000,9.2748,0.6598,21.6109,0.0000,0.4146
1312.6000,9.6609,0.6600,22.5114,0.0000,0.4146
1312.7000,10.0469,0.6602,23.4117,0.0000,0.4145
1312.8000,10.4328,0.6604,24.3118,0.0000,0.4144
1312.9000,10.8187,0.6606,25.2117,0.0000,0.4143
1313.0000,11.2044,0.6608,26.1113,0.0000,0.4142
1313.1000,11.5901,0.6610,27.0105,0.0000,0.4141
1313.2000,11.9757,0.6613,27.9094,0.0000,0.4141
1313.3000,12.3612,0.6615,28.8078,0.0000,0.4140
1313.4000,12.7466,0.6617,29.7058,0.0000,0.4139
1313.5000,13.1319,0.6620,30.6032,0.0000,0.4138
1313.6000,13.5170,0.6623,31.5001,0.0000,0.4137
1313.7000,13.9021,0.6625,32.3963,0.0000,0.4136
1313.8000,14.2870,0.6628,33.2918,0.0000,0.4135
1313.9000,14.6717,0.6631,34.1866,0.0000,0.4133
1314.0000,15.0563,0.6634,35.0805,0.0000,0.4132
1314.1000,15.4408,0.6637,35.9736,0.0000,0.4131
1314.2000,15.8250,0.6640,36.8657,0.0000,0.4130
1314.3000,16.2091,0.6643,37.7568,0.0000,0.4129
1314.4000,16.5931,0.6646,38.6468,0.0000,0.4128
1314.5000,16.9768,0.6650,39.5357,0.0000,0.4126
1314.6000,17.3603,0.6653,40.4233,0.0000,0.4125
1314.7000,17.7436,0.6656,41.3097,0.0000,0.4124
1314.8000,18.1267,0.6660,42.1946,0.0000,0.4123
1314.9000,18.5096,0.6664,43.0781,0.0000,0.4121
1315.0000,18.8922,0.6667,43.9601,0.0000,0.4120
1315.1000,19.2746,0.6671,44.8404,0.0000,0.4119
1315.2000,19.6567,0.6675,45.7190,0.0000,0.4117
1315.3000,20.0385,0.6679,46.5958,0.0000,0.4116
1315.4000,20.4201,0.6683,47.4708,0.0000,0.4114
1315.5000,20.8014,0.6687,48.3437,0.0000,0.4113
1315.6000,21.1824,0.6692,49.2146,0.0000,0.4111
1315.7000,21.5630,0.6696,50.0834,0.0000,0.4110
1315.8000,21.9434,0.6700,50.9499,0.0000,0.4108
1315.9000,22.3234,0.6705,51.8140,0.0000,0.4107
1316.0000,22.7030,0.6709,52.6757,0.0000,0.4105
1316.1000,23.0823,0.6714,53.5349,0.0000,0.4104
1316.2000,23.4613,0.6719,54.3914,0.0000,0.4102
1316.3000,23.8398,0.6724,55.2452,0.0000,0.4100
1316.4000,24.2180,0.6729,56.0961,0.0000,0.4099
1316.5000,24.5957,0.6734,56.9441,0.0000,0.4097
1316.6000,24.9731,0.6739,57.7891,0.0000,0.4095
1316.7000,25.3500,0.6744,58.6308,0.0000,0.4093
1316.8000,25.7264,0.6750,59.4694,0.0000,0.4092
1316.9000,26.1024,0.6755,60.3045,0.0000,0.4090
1317.0000,26.4779,0.6761,61.1362,0.0000,0.4088
1317.1000,26.8530,0.6766,61.9643,0.0000,0.4086
1317.2000,27.2275,0.6772,62.7886,0.0000,0.4084
1317.3000,27.6016,0.6778,63.6092,0.0000,0.4082
1317.4000,27.9751,0.6784,64.4258,0.0000,0.4080
1317.5000,28.3481,0.6790,65.2385,0.0000,0.4079
1317.6000,28.7205,0.6796,66.0469,0.0000,0.4077
1317.7000,29.0924,0.6802,66.8511,0.0000,0.4075
1317.8000,29.4637,0.6808,67.6510,0.0000,0.4073
1317.9000,29.8344,0.6815,68.4463,0.0000,0.4071
1318.0000,30.2044,0.6821,69.2371,0.0000,0.4069
1318.1000,30.5739,0.6828,70.0232,0.0000,0.4066
1318.2000,30.9428,0.6835,70.8044,0.0000,0.4064
1318.3000,31.3109,0.6841,71.5806,0.0000,0.4062
1318.4000,31.6785,0.6848,72.3103,0.0000,0.4060
1318.5000,32.0448,0.6855,72.9115,0.0000,0.4058
1318.6000,32.4090,0.6863,73.3435,0.0000,0.4056
1318.7000,32.7702,0.6870,73.6054,0.0000,0.4054
1318.8000,33.1275,0.6877,73.6962,0.0000,0.4052
1318.9000,33.4801,0.6885,73.6592,0.0000,0.4049
1319.0000,33.8276,0.6892,73.5800,0.0000,0.4047
1319.1000,34.1702,0.6900,73.5005,0.0000,0.4045
1319.2000,34.5081,0.6908,73.4207,0.0000,0.4043
1319.3000,34.8413,0.6916,73.3406,0.0000,0.4041
1319.4000,35.1701,0.6924,73.2602,0.0000,0.4039
1319.5000,35.4946,0.6932,73.1796,0.0000,0.4037
1319.6000,35.8148,0.6940,73.0987,0.0000,0.4034
1319.7000,36.1309,0.6948,73.0176,0.0000,0.4032
1319.8000,36.4430,0.6957,72.9363,0.0000,0.4030
1319.9000,36.7512,0.6965,72.8548,0.0000,0.4028
1320.0000,37.0556,0.6974,72.7732,0.0000,0.4026
1320.1000,37.3563,0.6983,72.6914,0.0000,0.4024
1320.2000,37.6534,0.6991,72.6095,0.0000,0.4022
1320.3000,37.9470,0.7000,72.5275,0.0000,0.4020
1320.4000,38.2371,0.7009,72.4454,0.0000,0.4017
1320.5000,38.5239,0.7019,72.3632,0.0000,0.4015
1320.6000,38.8074,0.7028,72.2810,0.0000,0.4013
1320.7000,39.0877,0.7037,72.1987,0.0000,0.4011
1320.8000,39.3648,0.7047,72.1165,0.0000,0.4009
1320.9000,39.6389,0.7056,72.0342,0.0000,0.4007
1321.0000,39.9100,0.7066,71.9520,0.0000,0.4005
1321.1000,40.1781,0.7076,71.8698,0.0000,0.4003
1321.2000,40.4433,0.7086,71.7876,0.0000,0.4001
1321.3000,40.7058,0.7096,71.7055,0.0000,0.3999
1321.4000,40.9654,0.7106,71.6235,0.0000,0.3996
1321.5000,41.2224,0.7116,71.5417,0.0000,0.3994
1321.6000,41.4767,0.7127,71.4599,0.0000,0.3992
1321.7000,41.7284,0.7137,71.3783,0.0000,0.3990
1321.8000,41.9775,0.7148,71.2968,0.0000,0.3988
1321.9000,42.2242,0.7158,71.2155,0.0000,0.3986
1322.0000,42.4683,0.7169,71.1344,0.0000,0.3984
1322.1000,42.7101,0.7180,71.0534,0.0000,0.3982
1322.2000,42.9494,0.7191,70.9727,0.0000,0.3980
1322.3000,43.1865,0.7202,70.8922,0.0000,0.3978
1322.4000,43.4213,0.7214,70.8119,0.0000,0.3976
1322.5000,43.6538,0.7225,70.7319,0.0000,0.3974
1322.6000,43.8841,0.7236,70.6521,0.0000,0.3972
1322.7000,44.1122,0.7248,70.5726,0.0000,0.3970
1322.8000,44.3382,0.7260,70.4933,0.0000,0.3968
1322.9000,44.5620,0.7271,70.4144,0.0000,0.3966
1323.0000,44.7838,0.7283,70.3358,0.0000,0.3964
1323.1000,45.0036,0.7295,70.2575,0.0000,0.3961
1323.2000,45.2214,0.7308,70.1795,0.0000,0.3959
1323.3000,45.4372,0.7320,70.1018,0.0000,0.3957
1323.4000,45.6511,0.7332,70.0245,0.0000,0.3955
1323.5000,45.8630,0.7345,69.9476,0.0000,0.3953
1323.6000,46.0731,0.7357,69.8710,0.0000,0.3951
1323.7000,46.2813,0.7370,69.7948,0.0000,0.3949
1323.8000,46.4877,0.7383,69.7189,0.0000,0.3947
1323.9000,46.6923,0.7396,69.6435,0.0000,0.3945
1324.0000,46.8951,0.7409,69.5685,0.0000,0.3943
1324.1000,47.0962,0.7422,69.4939,0.0000,0.3941
1324.2000,47.2956,0.7436,69.4197,0.0000,0.3939
1324.3000,47.4932,0.7449,69.3459,0.0000,0.3937
1324.4000,47.6892,0.7463,69.2725,0.0000,0.3935
1324.5000,47.8836,0.7476,69.1996,0.0000,0.3933
1324.6000,48.0763,0.7490,69.1272,0.0000,0.3931
1324.7000,48.2674,0.7504,69.0551,0.0000,0.3929
1324.8000,48.4569,0.7518,68.9836,0.0000,0.3927
1324.9000,48.6449,0.7532,68.9125,0.0000,0.3925
1325.0000,48.8314,0.7546,68.8419,0.0000,0.3923
1325.1000,49.0163,0.7561,68.7718,0.0000,0.3921
1325.2000,49.1997,0.7575,68.7022,0.0000,0.3919
1325.3000,49.3816,0.7590,68.6330,0.0000,0.3917
1325.4000,49.5621,0.7605,68.5644,0.0000,0.3915
1325.5000,49.7412,0.7620,68.4962,0.0000,0.3913
1325.6000,49.9188,0.7635,68.4286,0.0000,0.3911
1325.7000,50.0950,0.7650,68.3615,0.0000,0.3909
1325.8000,50.2699,0.7665,68.2948,0.0000,0.3907
1325.9000,50.4433,0.7680,68.2288,0.0000,0.3905
1326.0000,50.6154,0.7696,68.1632,0.0000,0.3903
1326.1000,50.7862,0.7712,68.0982,0.0000,0.3901
1326.2000,50.9557,0.7727,68.0337,0.0000,0.3899
1326.3000,51.1239,0.7743,67.9697,0.0000,0.3898
1326.4000,51.2907,0.7759,67.9063,0.0000,0.3896
1326.5000,51.4563,0.7775,67.8435,0.0000,0.3894
1326.6000,51.6207,0.7792,67.7811,0.0000,0.3892
1326.7000,51.7838,0.7808,67.7194,0.0000,0.3890
1326.8000,51.9457,0.7825,67.6582,0.0000,0.3888
1326.9000,52.1063,0.7841,67.5975,0.0000,0.3886
1327.0000,52.2658,0.7858,67.5375,0.0000,0.3884
1327.1000,52.4241,0.7875,67.4780,0.0000,0.3882
1327.2000,52.5812,0.7892,67.4190,0.0000,0.3880
1327.3000,52.7372,0.7909,67.3607,0.0000,0.3878
1327.4000,52.8920,0.7926,67.3029,0.0000,0.3876
1327.5000,53.0457,0.7944,67.2456,0.0000,0.3874
1327.6000,53.1982,0.7961,67.1890,0.0000,0.3872
1327.7000,53.3497,0.7979,67.1330,0.0000,0.3870
1327.8000,53.5000,0.7997,67.0775,0.0000,0.3868
1327.9000,53.6493,0.8015,67.0226,0.0000,0.3866
1328.0000,53.7975,0.8033,66.9683,0.0000,0.3864
1328.1000,53.9447,0.8051,66.9146,0.0000,0.3862
1328.2000,54.0908,0.8069,66.8615,0.0000,0.3861
1328.3000,54.2359,0.8088,66.8090,0.0000,0.3859
1328.4000,54.3799,0.8106,66.7571,0.0000,0.3857
1328.5000,54.5230,0.8125,66.7057,0.0000,0.3855
1328.6000,54.6650,0.8144,66.6550,0.0000,0.3853
1328.7000,54.8060,0.8163,66.6049,0.0000,0.3851
1328.8000,54.9461,0.8182,66.5553,0.0000,0.3849
1328.9000,55.0852,0.8201,66.5064,0.0000,0.3847
1329.0000,55.2233,0.8221,66.4581,0.0000,0.3845
1329.1000,55.3605,0.8240,66.4103,0.0000,0.3843
1329.2000,55.4967,0.8260,66.3632,0.0000,0.3841
1329.3000,55.6320,0.8280,66.3167,0.0000,0.3839
1329.4000,55.7664,0.8300,66.2708,0.0000,0.3837
1329.5000,55.8998,0.8320,66.2254,0.0000,0.3836
1329.6000,56.0324,0.8340,66.1807,0.0000,0.3834
1329.7000,56.1640,0.8360,66.1366,0.0000,0.3832
1329.8000,56.2948,0.8381,66.0931,0.0000,0.3830
1329.9000,56.4247,0.8401,66.0503,0.0000,0.3828
1330.0000,56.5537,0.8422,66.0080,0.0000,0.3826
1330.1000,56.6819,0.8443,65.9663,0.0000,0.3824
1330.2000,56.8092,0.8464,65.9252,0.0000,0.3822
1330.3000,56.9357,0.8485,65.8848,0.0000,0.3820
1330.4000,57.0613,0.8506,65.8449,0.0000,0.3818
1330.5000,57.1862,0.8528,65.8057,0.0000,0.3817
1330.6000,57.3101,0.8549,65.7670,0.0000,0.3815
1330.7000,57.4333,0.8571,65.7290,0.0000,0.3813
1330.8000,57.5557,0.8593,65.6916,0.0000,0.3811
1330.9000,57.6773,0.8615,65.6547,0.0000,0.3809
1331.0000,57.7981,0.8637,65.6185,0.0000,0.3807
1331.1000,57.9181,0.8659,65.5829,0.0000,0.3805
1331.2000,58.0373,0.8681,65.5479,0.0000,0.3803
1331.3000,58.1558,0.8704,65.5135,0.0000,0.3801
1331.4000,58.2735,0.8726,65.4797,0.0000,0.3799
1331.5000,58.3905,0.8749,65.4465,0.0000,0.3798
1331.6000,58.5067,0.8772,65.4139,0.0000,0.3796
1331.7000,58.6222,0.8795,65.3819,0.0000,0.3794
1331.8000,58.7369,0.8818,65.3505,0.0000,0.3792
1331.9000,58.8509,0.8842,65.3197,0.0000,0.3790
1332.0000,58.9642,0.8865,65.2895,0.0000,0.3788
1332.1000,59.0768,0.8889,65.2599,0.0000,0.3786
1332.2000,59.1887,0.8912,65.2309,0.0000,0.3784
1332.3000,59.2999,0.8936,65.2025,0.0000,0.3782
1332.4000,59.4104,0.8960,65.1746,0.0000,0.3781
1332.5000,59.5202,0.8984,65.1474,0.0000,0.3779
1332.6000,59.6293,0.9008,65.1208,0.0000,0.3777
1332.7000,59.7378,0.9033,65.0947,0.0000,0.3775
1332.8000,59.8455,0.9057,65.0693,0.0000,0.3773
1332.9000,59.9527,0.9082,65.0444,0.0000,0.3771
1333.0000,60.0591,0.9107,65.0201,0.0000,0.3769
1333.1000,60.1649,0.9132,64.9964,0.0000,0.3767
1333.2000,60.2701,0.9157,64.9733,0.0000,0.3766
1333.3000,60.3746,0.9182,64.9507,0.0000,0.3764
1333.4000,60.4785,0.9207,64.9288,0.0000,0.3762
1333.5000,60.5818,0.9233,64.9074,0.0000,0.3760
1333.6000,60.6844,0.9258,64.8866,0.0000,0.3758
1333.7000,60.7865,0.9284,64.8664,0.0000,0.3756
1333.8000,60.8879,0.9310,64.8467,0.0000,0.3754
1333.9000,60.9887,0.9336,64.8276,0.0000,0.3752
1334.0000,61.0889,0.9362,64.8091,0.0000,0.3751
1334.1000,61.1885,0.9388,64.7912,0.0000,0.3749
1334.2000,61.2875,0.9414,64.7738,0.0000,0.3747
1334.3000,61.3859,0.9441,64.7570,0.0000,0.3745
1334.4000,61.4838,0.9467,64.7407,0.0000,0.3743
1334.5000,61.5810,0.9494,64.7250,0.0000,0.3741
1334.6000,61.6777,0.9521,64.7099,0.0000,0.3739
1334.7000,61.7738,0.9548,64.6953,0.0000,0.3737
1334.8000,61.8694,0.9575,64.6813,0.0000,0.3736
1334.9000,61.9644,0.9602,64.6678,0.0000,0.3734
1335.0000,62.0589,0.9630,64.6549,0.0000,0.3732
1335.1000,62.1528,0.9657,64.6426,0.0000,0.3730
1335.2000,62.2461,0.9685,64.6307,0.0000,0.3728
1335.3000,62.3389,0.9712,64.6195,0.0000,0.3726
1335.4000,62.4312,0.9740,64.6087,0.0000,0.3724
1335.5000,62.5230,0.9768,64.5985,0.0000,0.3723
1335.6000,62.6142,0.9796,64.5889,0.0000,0.3721
1335.7000,62.7049,0.9825,64.5798,0.0000,0.3719
1335.8000,62.7950,0.9853,64.5712,0.0000,0.3717
1335.9000,62.8847,0.9881,64.5631,0.0000,0.3715
1336.0000,62.9739,0.9910,64.5556,0.0000,0.3713
1336.1000,63.0625,0.9939,64.5486,0.0000,0.3711
1336.2000,63.1507,0.9968,64.5421,0.0000,0.3710
1336.3000,63.2383,0.9996,64.5362,0.0000,0.3708
1336.4000,63.3255,1.0026,64.5307,0.0000,0.3706
1336.5000,63.4121,1.0055,64.5258,0.0000,0.3704
1336.6000,63.4983,1.0084,64.5214,0.0000,0.3702
1336.7000,63.5840,1.0113,64.5175,0.0000,0.3700
1336.8000,63.6692,1.0143,64.5141,0.0000,0.3698
1336.9000,63.7539,1.0173,64.5112,0.0000,0.3696
1337.0000,63.8382,1.0202,64.5089,0.0000,0.3695
1337.1000,63.9220,1.0232,64.5070,0.0000,0.3693
1337.2000,64.0053,1.0262,64.5056,0.0000,0.3691
1337.3000,64.0882,1.0292,66.5526,0.0000,0.3689
1337.4000,64.1827,1.0323,70.6672,0.0000,0.3687
1337.5000,64.2887,1.0353,74.7992,0.0000,0.3685
1337.6000,64.4063,1.0383,78.9510,0.0000,0.3683
1337.7000,64.5354,1.0414,83.1245,0.0000,0.3680
1337.8000,64.6759,1.0445,85.2553,0.0000,0.3678
1337.9000,64.8158,1.0476,85.2056,0.0000,0.3675
1338.0000,64.9544,1.0507,84.3540,0.0000,0.3673
1338.1000,65.0877,1.0538,82.3568,0.0000,0.3670
1338.2000,65.2131,1.0569,79.6674,0.0000,0.3668
1338.3000,65.3294,1.0600,76.3432,0.0000,0.3666
1338.4000,65.4342,1.0632,72.7078,0.0000,0.3664
1338.5000,65.5283,1.0663,69.9828,0.0000,0.3662
1338.6000,65.6164,1.0695,68.5001,0.0000,0.3660
1338.7000,65.7009,1.0727,67.7131,0.0000,0.3658
1338.8000,65.7836,1.0759,67.3567,0.0000,0.3656
1338.9000,65.8651,1.0791,66.7608,0.0000,0.3654
1339.0000,65.9434,1.0823,65.4740,0.0000,0.3652
1339.1000,66.0168,1.0855,63.9684,0.0000,0.3650
1339.2000,66.0856,1.0888,62.0692,0.0000,0.3649
1339.3000,66.1473,1.0920,59.9997,0.0000,0.3647
1339.4000,66.2036,1.0953,58.4455,0.0000,0.3645
1339.5000,66.2558,1.0985,57.2963,0.0000,0.3643
1339.6000,66.3049,1.1018,56.2996,0.0000,0.3642
1339.7000,66.3508,1.1051,55.5227,0.0000,0.3640
1339.8000,66.3950,1.1083,54.7983,0.0000,0.3639
1339.9000,66.4362,1.1116,54.0367,0.0000,0.3637
1340.0000,66.4755,1.1149,53.3336,0.0000,0.3635
1340.1000,66.5122,1.1182,52.2393,0.0000,0.3634
1340.2000,66.5448,1.1215,50.8227,0.0000,0.3632
1340.3000,66.5730,1.1248,49.7532,0.0000,0.3631
1340.4000,66.5991,1.1282,48.7129,0.0000,0.3630
1340.5000,66.6210,1.1315,47.1219,0.0000,0.3628
1340.6000,66.6377,1.1348,45.6596,0.0000,0.3627
1340.7000,66.6510,1.1382,44.5818,0.0000,0.3626
1340.8000,66.6612,1.1415,43.4223,0.0000,0.3624
1340.9000,66.6677,1.1448,42.5755,0.0000,0.3623
1341.0000,66.6729,1.1482,42.2949,0.0000,0.3622
1341.1000,66.6775,1.1515,41.8901,0.0000,0.3621
1341.2000,66.6801,1.1549,41.4022,0.0000,0.3619
1341.3000,66.6817,1.1583,41.1039,0.0000,0.3618
1341.4000,66.6824,1.1616,40.7053,0.0000,0.3617
1341.5000,66.6815,1.1650,40.4977,0.0000,0.3616
1341.6000,66.6808,1.1684,40.7490,0.0000,0.3615
1341.7000,66.6811,1.1717,40.8685,0.0000,0.3613
1341.8000,66.6809,1.1751,40.8873,0.0000,0.3612
1341.9000,66.6811,1.1785,41.1600,0.0000,0.3611
1342.0000,66.6822,1.1819,41.4884,0.0000,0.3610
1342.1000,66.6839,1.1853,41.5386,0.0000,0.3609
1342.2000,66.6851,1.1887,41.4392,0.0000,0.3607
1342.3000,66.6860,1.1920,41.2899,0.0000,0.3606
1342.4000,66.6861,1.1954,41.2225,0.0000,0.3605
1342.5000,66.6865,1.1988,41.2520,0.0000,0.3604
1342.6000,66.6865,1.2022,41.2180,0.0000,0.3602
1342.7000,66.6864,1.2056,41.4556,0.0000,0.3601
1342.8000,66.6875,1.2090,41.6442,0.0000,0.3600
1342.9000,66.6883,1.2124,41.4361,0.0000,0.3599
1343.0000,66.6880,1.2158,41.0490,0.0000,0.3598
1343.1000,66.6863,1.2192,41.1548,0.0000,0.3596
1343.2000,66.6864,1.2226,41.7387,0.0000,0.3595
1343.3000,66.6878,1.2260,42.6324,0.0000,0.3594
1343.4000,66.6927,1.2294,43.8357,0.0000,0.3593
1343.5000,66.7007,1.2328,45.0470,0.0000,0.3591
1343.6000,66.7122,1.2363,46.0963,0.0000,0.3590
1343.7000,66.7258,1.2397,47.0795,0.0000,0.3589
1343.8000,66.7425,1.2431,47.7664,0.0000,0.3587
1343.9000,66.7597,1.2465,47.5893,0.0000,0.3586
1344.0000,66.7750,1.2499,46.8960,0.0000,0.3584
1344.1000,66.7879,1.2533,46.1022,0.0000,0.3583
1344.2000,66.7985,1.2567,45.1159,0.0000,0.3582
1344.3000,66.8055,1.2601,44.0173,0.0000,0.3580
1344.4000,66.8096,1.2635,43.3778,0.0000,0.3579
1344.5000,66.8127,1.2670,43.0617,0.0000,0.3578
1344.6000,66.8147,1.2704,42.6034,0.0000,0.3577
1344.7000,66.8150,1.2738,42.1941,0.0000,0.3575
1344.8000,66.8145,1.2772,42.0819,0.0000,0.3574
1344.9000,66.8140,1.2806,41.8879,0.0000,0.3573
1345.0000,66.8121,1.2840,41.5918,0.0000,0.3572
1345.1000,66.8097,1.2874,41.7609,0.0000,0.3571
1345.2000,66.8086,1.2908,42.1994,0.0000,0.3569
1345.3000,66.8084,1.2942,42.4387,0.0000,0.3568
1345.4000,66.8084,1.2976,42.8283,0.0000,0.3567
1345.5000,66.8102,1.3010,43.5867,0.0000,0.3565
1345.6000,66.8143,1.3044,44.1821,0.0000,0.3564
1345.7000,66.8192,1.3078,44.5068,0.0000,0.3563
1345.8000,66.8248,1.3112,44.9581,0.0000,0.3562
1345.9000,66.8320,1.3145,45.4406,0.0000,0.3560
1346.0000,66.8401,1.3179,45.1603,0.0000,0.3559
1346.1000,66.8454,1.3213,44.2339,0.0000,0.3558
1346.2000,66.8480,1.3247,43.2507,0.0000,0.3556
1346.3000,66.8475,1.3281,42.4328,0.0000,0.3555
1346.4000,66.8452,1.3314,41.8189,0.0000,0.3554
1346.5000,66.8411,1.3348,41.8093,0.0000,0.3553
1346.6000,66.8386,1.3382,42.5724,0.0000,0.3551
1346.7000,66.8385,1.3415,43.3392,0.0000,0.3550
1346.8000,66.8401,1.3449,43.5494,0.0000,0.3549
1346.9000,66.8409,1.3482,43.5289,0.0000,0.3548
1347.0000,66.8422,1.3516,43.5861,0.0000,0.3546
1347.1000,66.8431,1.3549,43.3131,0.0000,0.3545
1347.2000,66.8426,1.3583,43.4549,0.0000,0.3544
1347.3000,66.8442,1.3616,44.9229,0.0000,0.3542
1347.4000,66.8517,1.3649,46.4680,0.0000,0.3541
1347.5000,66.8617,1.3682,47.1849,0.0000,0.3540
1347.6000,66.8730,1.3716,47.7756,0.0000,0.3538
1347.7000,66.8860,1.3749,47.9829,0.0000,0.3537
1347.8000,66.8981,1.3782,46.8691,0.0000,0.3536
1347.9000,66.9046,1.3815,45.3486,0.0000,0.3534
1348.0000,66.9079,1.3848,44.3647,0.0000,0.3533
1348.1000,66.9085,1.3881,43.3705,0.0000,0.3532
1348.2000,66.9059,1.3914,42.4194,0.0000,0.3530
1348.3000,66.9010,1.3947,42.0855,0.0000,0.3529
1348.4000,66.8964,1.3979,42.0682,0.0000,0.3528
1348.5000,66.8911,1.4012,41.9249,0.0000,0.3527
1348.6000,66.8855,1.4044,41.7683,0.0000,0.3525
1348.7000,66.8792,1.4077,41.9389,0.0000,0.3524
1348.8000,66.8744,1.4109,42.4153,0.0000,0.3523
1348.9000,66.8706,1.4142,43.2427,0.0000,0.3522
1349.0000,66.8702,1.4174,44.9227,0.0000,0.3520
1349.1000,66.8757,1.4206,47.0444,0.0000,0.3519
1349.2000,66.8871,1.4239,48.4235,0.0000,0.3518
1349.3000,66.9000,1.4271,48.9346,0.0000,0.3516
1349.4000,66.9140,1.4303,49.3911,0.0000,0.3515
1349.5000,66.9292,1.4335,49.6950,0.0000,0.3513
1349.6000,66.9445,1.4366,49.4040,0.0000,0.3512
1349.7000,66.9578,1.4398,48.9404,0.0000,0.3510
1349.8000,66.9702,1.4430,49.0788,0.0000,0.3509
1349.9000,66.9839,1.4461,49.1659,0.0000,0.3508
1350.0000,66.9965,1.4493,48.7146,0.0000,0.3506
1350.1000,67.0074,1.4524,48.7193,0.0000,0.3505
1350.2000,67.0198,1.4556,48.7498,0.0000,0.3503
1350.3000,67.0305,1.4587,48.0854,0.0000,0.3502
1350.4000,67.0388,1.4618,47.4485,0.0000,0.3500
1350.5000,67.0457,1.4649,47.0689,0.0000,0.3499
1350.6000,67.0517,1.4680,46.6084,4.7906,0.3500
1350.7000,67.0557,1.4711,46.6681,4.7906,0.3500
1350.8000,67.0617,1.4742,47.2806,4.7906,0.3501
1350.9000,67.0690,1.4773,47.7922,4.7906,0.3502
1351.0000,67.0776,1.4803,48.0778,4.7906,0.3502
1351.1000,67.0862,1.4834,48.1803,4.7906,0.3503
1351.2000,67.0952,1.4864,48.1917,4.7906,0.3504
1351.3000,67.1036,1.4895,48.0323,4.7906,0.3504
1351.4000,67.1114,1.4925,47.5274,4.7906,0.3505
1351.5000,67.1167,1.4955,46.7878,4.7906,0.3506
1351.6000,67.1201,1.4985,46.2861,4.7906,0.3506
1351.7000,67.1223,1.5015,45.8123,4.7906,0.3507
1351.8000,67.1228,1.5045,45.3432,4.7906,0.3508
1351.9000,67.1222,1.5074,45.1597,4.7906,0.3508
1352.0000,67.1215,1.5104,44.9394,4.7906,0.3509
1352.1000,67.1195,1.5133,44.1762,4.7906,0.3510
1352.2000,67.1143,1.5162,43.1384,4.7906,0.3511
1352.3000,67.1063,1.5192,42.0161,4.7906,0.3512
1352.4000,67.0946,1.5221,40.8569,4.7906,0.3512
1352.5000,67.0799,1.5249,39.8754,4.7906,0.3513
1352.6000,67.0626,1.5278,39.2914,4.7906,0.3514
1352.7000,67.0446,1.5307,39.2279,4.7906,0.3515
1352.8000,67.0268,1.5335,39.0277,4.7906,0.3516
1352.9000,67.0076,1.5364,38.6930,4.7906,0.3517
1353.0000,66.9879,1.5392,38.8647,4.7906,0.3518
1353.1000,66.9695,1.5420,39.1924,4.7906,0.3518
1353.2000,66.9516,1.5448,39.1890,4.7906,0.3519
1353.3000,66.9331,1.5476,39.0687,4.7906,0.3520
1353.4000,66.9144,1.5503,39.3808,4.7906,0.3521
1353.5000,66.8976,1.5531,39.8977,4.7906,0.3522
1353.6000,66.8817,1.5558,40.2385,4.7906,0.3523
1353.7000,66.8668,1.5585,40.8866,4.7906,0.3524
1353.8000,66.8545,1.5612,42.0186,4.7906,0.3524
1353.9000,66.8458,1.5639,42.9409,4.7906,0.3525
1354.0000,66.8386,1.5666,43.3179,4.7906,0.3526
1354.1000,66.8319,1.5693,43.3295,4.7906,0.3527
1354.2000,66.8247,1.5719,43.0438,4.7906,0.3527
1354.3000,66.8162,1.5745,42.4418,4.7906,0.3528
1354.4000,66.8054,1.5772,41.3594,4.7906,0.3529
1354.5000,66.7908,1.5798,40.0031,4.7906,0.3530
1354.6000,66.7722,1.5823,38.6149,4.7906,0.3531
1354.7000,66.7497,1.5849,37.1716,4.7906,0.3532
1354.8000,66.7229,1.5875,36.3901,4.7906,0.3533
1354.9000,66.6959,1.5900,36.4890,4.7906,0.3534
1355.0000,66.6697,1.5925,36.7608,4.7906,0.3535
1355.1000,66.6442,1.5950,37.3877,4.7906,0.3535
1355.2000,66.6215,1.5975,38.3000,4.7906,0.3536
1355.3000,66.6012,1.6000,38.8553,4.7906,0.3537
1355.4000,66.5816,1.6024,38.9343,4.7906,0.3538
1355.5000,66.5616,1.6048,38.7350,4.7906,0.3539
1355.6000,66.5409,1.6073,38.7071,4.7906,0.3540
1355.7000,66.5207,1.6097,38.8594,4.7906,0.3541
1355.8000,66.5008,1.6120,38.9367,4.7906,0.3542
1355.9000,66.4810,1.6144,39.1133,4.7906,0.3543
1356.0000,66.4621,1.6168,39.6724,4.7906,0.3543
1356.1000,66.4455,1.6191,40.0969,4.7906,0.3544
1356.2000,66.4288,1.6214,40.3349,4.7906,0.3545
1356.3000,66.4135,1.6237,40.7564,4.7906,0.3546
1356.4000,66.3992,1.6260,41.2106,4.7906,0.3547
1356.5000,66.3864,1.6282,41.8291,4.7906,0.3548
1356.6000,66.3756,1.6305,42.7340,4.7906,0.3548
1356.7000,66.3679,1.6327,43.1750,4.7906,0.3549
1356.8000,66.3594,1.6349,42.7778,4.7906,0.3550
1356.9000,66.3493,1.6371,42.1211,4.7906,0.3551
1357.0000,66.3371,1.6392,41.2482,4.7906,0.3551
1357.1000,66.3220,1.6414,39.7621,4.7906,0.3552
1357.2000,66.3012,1.6435,38.2970,4.7906,0.3553
1357.3000,66.2777,1.6456,37.3550,4.7906,0.3554
1357.4000,66.2516,1.6477,36.6459,4.7906,0.3555
1357.5000,66.2240,1.6498,36.2864,4.7906,0.3556
1357.6000,66.1959,1.6518,36.5045,4.7906,0.3557
1357.7000,66.1696,1.6539,37.4930,4.7906,0.3558
1357.8000,66.1471,1.6559,38.6695,4.7906,0.3559
1357.9000,66.1276,1.6579,39.2972,4.7906,0.3560
1358.0000,66.1087,1.6599,39.6440,4.7906,0.3560
1358.1000,66.0911,1.6618,39.8863,4.7906,0.3561
1358.2000,66.0735,1.6638,39.6775,4.7906,0.3562
1358.3000,66.0547,1.6657,39.5751,4.7906,0.3563
1358.4000,66.0365,1.6676,40.1392,4.7906,0.3564
1358.5000,66.0209,1.6694,40.9053,4.7906,0.3565
1358.6000,66.0071,1.6713,41.3570,4.7906,0.3566
1358.7000,65.9941,1.6731,41.7229,4.7906,0.3566
1358.8000,65.9823,1.6750,42.1213,4.7906,0.3567
1358.9000,65.9715,1.6768,42.3151,4.7906,0.3568
1359.0000,65.9608,1.6785,42.3651,4.7906,0.3569
1359.1000,65.9502,1.6803,42.8676,4.7906,0.3569
1359.2000,65.9423,1.6820,43.6377,4.7906,0.3570
1359.3000,65.9360,1.6837,44.2323,4.7906,0.3571
1359.4000,65.9315,1.6854,45.3623,4.7906,0.3572
1359.5000,65.9316,1.6871,46.6580,4.7906,0.3572
1359.6000,65.9344,1.6888,47.3438,4.7906,0.3573
1359.7000,65.9383,1.6904,47.6116,4.7906,0.3574
1359.8000,65.9424,1.6920,47.4137,4.7906,0.3574
1359.9000,65.9451,1.6936,46.4642,4.7906,0.3575
1360.0000,65.9437,1.6952,45.6848,4.7906,0.3576
1360.1000,65.9418,1.6967,45.5780,4.7906,0.3576
1360.2000,65.9397,1.6983,45.8466,4.7906,0.3577
1360.3000,65.9392,1.6998,46.6382,4.7906,0.3578
1360.4000,65.9415,1.7013,47.5029,4.7906,0.3578
1360.5000,65.9459,1.7027,47.9447,4.7906,0.3579
1360.6000,65.9506,1.7042,48.5203,4.7906,0.3580
1360.7000,65.9582,1.7056,49.2953,4.7906,0.3580
1360.8000,65.9672,1.7070,49.5344,4.7906,0.3581
1360.9000,65.9760,1.7084,49.4515,4.7906,0.3582
1361.0000,65.9843,1.7098,49.4474,4.7906,0.3582
1361.1000,65.9929,1.7111,49.3158,4.7906,0.3583
1361.2000,66.0004,1.7124,48.8758,4.7906,0.3583
1361.3000,66.0063,1.7137,48.7146,4.7906,0.3584
1361.4000,66.0127,1.7150,48.7294,4.7906,0.3585
1361.5000,66.0186,1.7163,48.3774,4.7906,0.3585
1361.6000,66.0229,1.7175,47.8534,4.7906,0.3586
1361.7000,66.0257,1.7187,47.8888,4.7906,0.3587
1361.8000,66.0301,1.7199,48.2450,4.7906,0.3587
1361.9000,66.0348,1.7211,48.7487,4.7906,0.3588
1362.0000,66.0419,1.7222,49.3170,4.7906,0.3588
1362.1000,66.0497,1.7233,49.2495,4.7906,0.3589
1362.2000,66.0564,1.7244,48.1570,4.7906,0.3590
1362.3000,66.0578,1.7255,46.4035,4.7906,0.3590
1362.4000,66.0543,1.7266,44.7567,4.7906,0.3591
1362.5000,66.0463,1.7276,43.2984,4.7906,0.3592
1362.6000,66.0345,1.7286,42.3698,4.7906,0.3593
1362.7000,66.0212,1.7296,42.3496,4.7906,0.3593
1362.8000,66.0093,1.7306,43.3193,4.7906,0.3594
1362.9000,66.0015,1.7315,44.7062,4.7906,0.3595
1363.0000,65.9975,1.7324,46.2013,4.7906,0.3596
1363.1000,65.9983,1.7333,47.6347,4.7906,0.3596
1363.2000,66.0024,1.7342,48.4854,4.7906,0.3597
1363.3000,66.0079,1.7350,48.6901,4.7906,0.3597
1363.4000,66.0131,1.7358,48.7600,4.7906,0.3598
1363.5000,66.0190,1.7366,49.1661,4.7906,0.3599
1363.6000,66.0264,1.7374,49.8527,4.7906,0.3599
1363.7000,66.0361,1.7382,51.0618,4.7906,0.3600
1363.8000,66.0503,1.7389,52.5382,4.7906,0.3600
1363.9000,66.0683,1.7396,53.8852,4.7906,0.3601
1364.0000,66.0900,1.7403,55.4105,4.7906,0.3601
1364.1000,66.1165,1.7410,56.8961,4.7906,0.3602
1364.2000,66.1465,1.7416,57.9775,4.7906,0.3602
1364.3000,66.1789,1.7422,59.0219,4.7906,0.3602
1364.4000,66.2145,1.7428,59.8649,4.7906,0.3603
1364.5000,66.2514,1.7434,60.1138,4.7906,0.3603
1364.6000,66.2882,1.7439,59.8930,4.7906,0.3603
1364.7000,66.3235,1.7445,59.1742,4.7906,0.3604
1364.8000,66.3558,1.7449,58.1149,4.7906,0.3604
1364.9000,66.3848,1.7454,56.7818,4.7906,0.3605
1365.0000,66.4093,1.7459,55.2921,4.7906,0.3605
1365.1000,66.4296,1.7463,54.3723,4.7906,0.3606
1365.2000,66.4486,1.7467,53.8852,4.7906,0.3606
1365.3000,66.4660,1.7471,53.5049,4.7906,0.3606
1365.4000,66.4828,1.7474,53.2427,4.7906,0.3607
1365.5000,66.4985,1.7478,52.9769,4.7906,0.3608
1365.6000,66.5136,1.7481,52.2913,4.7906,0.3608
1365.7000,66.5253,1.7483,51.4402,4.7906,0.3609
1365.8000,66.5355,1.7486,50.6974,4.7906,0.3609
1365.9000,66.5429,1.7488,50.3106,4.7906,0.3610
1366.0000,66.5508,1.7490,50.5646,4.7906,0.3610
1366.1000,66.5596,1.7492,51.1943,4.7906,0.3611
1366.2000,66.5710,1.7494,51.8947,4.7906,0.3611
1366.3000,66.5837,1.7495,52.0937,4.7906,0.3612
1366.4000,66.5961,1.7496,51.9640,4.7906,0.3612
1366.5000,66.6079,1.7497,51.6838,4.7906,0.3613
1366.6000,66.6187,1.7498,51.4754,4.7906,0.3614
1366.7000,66.6293,1.7498,51.8619,4.7906,0.3614
1366.8000,66.6422,1.7498,52.7766,4.7906,0.3615
1366.9000,66.6578,1.7498,53.8987,4.7906,0.3615
1367.0000,66.6770,1.7497,55.3890,4.7906,0.3616
1367.1000,66.7009,1.7497,56.8298,4.7906,0.3616
1367.2000,66.7280,1.7496,57.6957,4.7906,0.3616
1367.3000,66.7567,1.7495,58.7203,4.7906,0.3617
1367.4000,66.7894,1.7493,59.7412,4.7906,0.3617
1367.5000,66.8236,1.7492,59.7114,4.7906,0.3617
1367.6000,66.8558,1.7490,59.1642,4.7906,0.3618
1367.7000,66.8867,1.7488,58.6705,4.7906,0.3618
1367.8000,66.9160,1.7485,57.7012,4.7906,0.3618
1367.9000,66.9411,1.7482,56.3587,4.7906,0.3619
1368.0000,66.9627,1.7480,55.1480,4.7906,0.3619
1368.1000,66.9809,1.7476,53.9297,4.7906,0.3620
1368.2000,66.9954,1.7473,53.2126,4.7906,0.3620
1368.3000,67.0095,1.7469,53.2405,4.7906,0.3621
1368.4000,67.0241,1.7465,53.7616,4.7906,0.3621
1368.5000,67.0410,1.7461,54.8271,4.7906,0.3622
1368.6000,67.0616,1.7457,56.2394,4.7906,0.3622
1368.7000,67.0863,1.7452,57.6371,4.7906,0.3623
1368.8000,67.1146,1.7447,58.7085,4.7906,0.3623
1368.9000,67.1452,1.7442,58.9674,4.7906,0.3623
1369.0000,67.1747,1.7436,58.4813,4.7906,0.3624
1369.1000,67.2024,1.7431,57.3407,4.7906,0.3624
1369.2000,67.2253,1.7425,55.2583,4.7906,0.3625
1369.3000,67.2412,1.7419,52.9102,4.7906,0.3625
1369.4000,67.2509,1.7412,50.8087,4.7906,0.3626
1369.5000,67.2549,1.7405,49.0749,4.7906,0.3626
1369.6000,67.2548,1.7398,48.3292,4.7906,0.3627
1369.7000,67.2547,1.7391,48.3351,4.7906,0.3628
1369.8000,67.2548,1.7384,48.5769,4.7906,0.3628
1369.9000,67.2561,1.7376,49.5757,4.7906,0.3629
1370.0000,67.2618,1.7368,51.3750,4.7906,0.3629
1370.1000,67.2732,1.7360,53.2597,4.7906,0.3630
1370.2000,67.2894,1.7351,54.4889,4.7906,0.3630
1370.3000,67.3077,1.7342,55.4258,4.7906,0.3631
1370.4000,67.3291,1.7333,56.0210,4.7906,0.3631
1370.5000,67.3506,1.7324,55.2662,4.7906,0.3632
1370.6000,67.3677,1.7315,53.5495,4.7906,0.3632
1370.7000,67.3795,1.7305,52.4668,4.7906,0.3633
1370.8000,67.3905,1.7295,51.9489,4.7906,0.3633
1370.9000,67.3994,1.7285,51.1413,4.7906,0.3634
1371.0000,67.4059,1.7274,50.4922,4.7906,0.3634
1371.1000,67.4112,1.7263,50.4281,4.7906,0.3635
1371.2000,67.4174,1.7252,50.6592,4.7906,0.3635
1371.3000,67.4240,1.7241,50.8016,4.7906,0.3636
1371.4000,67.4310,1.7230,51.1048,4.7906,0.3637
1371.5000,67.4393,1.7218,51.5134,4.7906,0.3637
1371.6000,67.4486,1.7206,51.9243,4.7906,0.3638
1371.7000,67.4593,1.7193,52.2241,4.7906,0.3638
1371.8000,67.4703,1.7181,52.4533,4.7906,0.3639
1371.9000,67.4822,1.7168,52.9397,4.7906,0.3639
1372.0000,67.4959,1.7155,53.7681,4.7906,0.3640
1372.1000,67.5125,1.7142,53.9968,4.7906,0.3640
1372.2000,67.5275,1.7128,53.4585,4.7906,0.3641
1372.3000,67.5410,1.7115,52.9363,4.7906,0.3641
1372.4000,67.5531,1.7101,52.3892,4.7906,0.3642
1372.5000,67.5636,1.7086,51.7341,4.7906,0.3642
1372.6000,67.5720,1.7072,51.2984,4.7906,0.3643
1372.7000,67.5801,1.7057,51.1527,4.7906,0.3643
1372.8000,67.5877,1.7042,50.8104,4.7906,0.3644
1372.9000,67.5940,1.7027,50.2561,4.7906,0.3645
1373.0000,67.5986,1.7011,49.6787,4.7906,0.3645
1373.1000,67.6016,1.6996,49.1927,4.7906,0.3646
1373.2000,67.6036,1.6980,48.8902,4.7906,0.3646
1373.3000,67.6051,1.6963,48.6753,4.7906,0.3647
1373.4000,67.6060,1.6947,48.3552,4.7906,0.3648
1373.5000,67.6058,1.6930,48.2299,4.7906,0.3648
1373.6000,67.6061,1.6913,48.2739,4.7906,0.3649
1373.7000,67.6062,1.6896,48.2257,4.7906,0.3650
1373.8000,67.6064,1.6879,48.2126,4.7906,0.3650
1373.9000,67.6066,1.6861,48.5315,4.7906,0.3651
1374.0000,67.6086,1.6843,48.8204,4.7906,0.3651
1374.1000,67.6105,1.6825,49.1030,4.7906,0.3652
1374.2000,67.6142,1.6807,49.7817,4.7906,0.3653
1374.3000,67.6201,1.6788,50.5408,4.7906,0.3653
1374.4000,67.6281,1.6770,51.0644,4.7906,0.3654
1374.5000,67.6369,1.6750,51.1051,4.7906,0.3654
1374.6000,67.6453,1.6731,50.6730,4.7906,0.3655
1374.7000,67.6517,1.6712,49.6458,4.7906,0.3655
1374.8000,67.6544,1.6692,48.4104,4.7906,0.3656
1374.9000,67.6541,1.6672,47.5027,4.7906,0.3657
1375.0000,67.6519,1.6652,47.1417,4.7906,0.3657
1375.1000,67.6497,1.6631,47.1984,4.7906,0.3658
1375.2000,67.6480,1.6611,47.3588,4.7906,0.3659
1375.3000,67.6469,1.6590,47.5643,4.7906,0.3659
1375.4000,67.6464,1.6569,47.6462,4.7906,0.3660
1375.5000,67.6459,1.6547,47.3683,4.7906,0.3661
1375.6000,67.6440,1.6526,46.9143,4.7906,0.3661
1375.7000,67.6411,1.6504,46.4326,4.7906,0.3662
1375.8000,67.6367,1.6482,45.6124,4.7906,0.3663
1375.9000,67.6294,1.6460,45.1479,4.7906,0.3663
1376.0000,67.6226,1.6438,45.5611,4.7906,0.3664
1376.1000,67.6178,1.6415,46.3119,4.7906,0.3665
1376.2000,67.6154,1.6392,47.2617,4.7906,0.3666
1376.3000,67.6161,1.6369,48.5639,4.7906,0.3666
1376.4000,67.6211,1.6346,49.4384,4.7906,0.3667
1376.5000,67.6268,1.6322,50.0432,4.7906,0.3667
1376.6000,67.6353,1.6298,51.0229,4.7906,0.3668
1376.7000,67.6466,1.6275,52.3343,4.7906,0.3668
1376.8000,67.6625,1.6250,53.7696,4.7906,0.3669
1376.9000,67.6818,1.6226,55.1732,4.7906,0.3669
1377.0000,67.7056,1.6201,56.4057,4.7906,0.3670
1377.1000,67.7318,1.6177,56.7922,4.7906,0.3670
1377.2000,67.7577,1.6152,56.5533,4.7906,0.3671
1377.3000,67.7825,1.6126,56.0542,4.7906,0.3671
1377.4000,67.8056,1.6101,55.3187,4.7906,0.3672
1377.5000,67.8264,1.6075,54.4573,4.7906,0.3672
1377.6000,67.8447,1.6049,53.9616,4.7906,0.3672
1377.7000,67.8628,1.6023,53.7167,4.7906,0.3673
1377.8000,67.8798,1.5997,53.6894,4.7906,0.3673
1377.9000,67.8977,1.5971,54.2502,4.7906,0.3674
1378.0000,67.9179,1.5944,55.0419,4.7906,0.3674
1378.1000,67.9403,1.5917,55.7825,4.7906,0.3675
1378.2000,67.9646,1.5890,56.2543,4.7906,0.3675
1378.3000,67.9896,1.5863,56.2226,4.7906,0.3676
1378.4000,68.0137,1.5835,55.8582,4.7906,0.3676
1378.5000,68.0367,1.5807,55.6030,4.7906,0.3677
1378.6000,68.0595,1.5779,55.2145,4.7906,0.3677
1378.7000,68.0803,1.5751,54.6545,4.7906,0.3677
1378.8000,68.1000,1.5723,54.2854,4.7906,0.3678
1378.9000,68.1189,1.5694,54.0349,4.7906,0.3678
1379.0000,68.1372,1.5666,53.5191,4.7906,0.3679
1379.1000,68.1533,1.5637,52.8226,4.7906,0.3679
1379.2000,68.1679,1.5608,52.4804,4.7906,0.3680
1379.3000,68.1821,1.5578,52.3569,4.7906,0.3680
1379.4000,68.1961,1.5549,51.8401,4.7906,0.3681
1379.5000,68.2076,1.5519,51.0363,4.7906,0.3682
1379.6000,68.2173,1.5489,50.7158,4.7906,0.3682
1379.7000,68.2271,1.5459,50.5167,4.7906,0.3683
1379.8000,68.2358,1.5429,49.8370,4.7906,0.3683
1379.9000,68.2421,1.5399,49.1342,4.7906,0.3684
1380.0000,68.2471,1.5368,48.3516,4.7906,0.3685
1380.1000,68.2492,1.5337,47.2520,4.7906,0.3685
1380.2000,68.2482,1.5307,46.1653,4.7906,0.3686
1380.3000,68.2445,1.5275,45.2063,4.7906,0.3687
1380.4000,68.2385,1.5244,44.1805,4.7906,0.3687
1380.5000,68.2294,1.5213,43.3857,4.7906,0.3688
1380.6000,68.2193,1.5181,43.1398,4.7906,0.3689
1380.7000,68.2091,1.5149,42.7905,4.7906,0.3690
1380.8000,68.1973,1.5117,42.5766,4.7906,0.3690
1380.9000,68.1862,1.5085,43.0621,4.7906,0.3691
1381.0000,68.1774,1.5053,43.7445,4.7906,0.3692
1381.1000,68.1703,1.5021,44.3240,4.7906,0.3693
1381.2000,68.1650,1.4988,45.5030,4.7906,0.3693
1381.3000,68.1647,1.4956,47.0633,4.7906,0.3694
1381.4000,68.1683,1.4923,48.2012,4.7906,0.3695
1381.5000,68.1745,1.4890,49.3271,4.7906,0.3695
1381.6000,68.1845,1.4857,50.3593,4.7906,0.3696
1381.7000,68.1966,1.4823,51.1711,4.7906,0.3696
1381.8000,68.2112,1.4790,51.8390,4.7906,0.3697
1381.9000,68.2271,1.4756,52.3587,4.7906,0.3698
1382.0000,68.2447,1.4722,53.0468,4.7906,0.3698
1382.1000,68.2646,1.4688,53.5893,4.7906,0.3699
1382.2000,68.2853,1.4654,53.6313,4.7906,0.3699
1382.3000,68.3054,1.4620,53.4712,4.7906,0.3700
1382.4000,68.3253,1.4586,53.4110,4.7906,0.3700
1382.5000,68.3452,1.4551,53.2905,4.7906,0.3701
1382.6000,68.3645,1.4517,53.1890,4.7906,0.3701
1382.7000,68.3840,1.4482,53.3647,4.7906,0.3702
1382.8000,68.4044,1.4447,53.9122,4.7906,0.3702
1382.9000,68.4270,1.4412,54.7860,4.7906,0.3703
1383.0000,68.4522,1.4376,55.6593,4.7906,0.3703
1383.1000,68.4797,1.4341,56.2672,4.7906,0.3703
1383.2000,68.5084,1.4305,56.3005,4.7906,0.3704
1383.3000,68.5360,1.4270,55.9841,4.7906,0.3704
1383.4000,68.5630,1.4234,55.5145,4.7906,0.3705
1383.5000,68.5881,1.4198,54.7813,4.7906,0.3705
1383.6000,68.6111,1.4162,54.1926,4.7906,0.3706
1383.7000,68.6331,1.4126,54.4860,4.7906,0.3706
1383.8000,68.6578,1.4089,54.9171,4.7906,0.3707
1383.9000,68.6822,1.4053,54.8362,4.7906,0.3707
1384.0000,68.7065,1.4016,54.2957,4.7906,0.3707
1384.1000,68.7280,1.3979,52.9088,4.7906,0.3708
1384.2000,68.7448,1.3943,50.6987,4.7906,0.3709
1384.3000,68.7543,1.3906,48.4926,4.7906,0.3709
1384.4000,68.7592,1.3868,46.7562,4.7906,0.3710
1384.5000,68.7594,1.3831,45.5710,4.7906,0.3711
1384.6000,68.7580,1.3794,45.3771,4.7906,0.3711
1384.7000,68.7574,1.3757,45.4607,4.7906,0.3712
1384.8000,68.7567,1.3719,45.5171,4.7906,0.3713
1384.9000,68.7567,1.3681,45.3085,4.7906,0.3713
1385.0000,68.7551,1.3644,44.9589,4.7906,0.3714
1385.1000,68.7534,1.3606,44.9895,4.7906,0.3715
1385.2000,68.7523,1.3568,45.0659,4.7906,0.3716
1385.3000,68.7513,1.3530,44.8298,4.7906,0.3716
1385.4000,68.7491,1.3492,45.0572,4.7906,0.3717
1385.5000,68.7496,1.3454,45.4080,4.7906,0.3718
1385.6000,68.7496,1.3416,44.7402,4.7906,0.3718
1385.7000,68.7467,1.3377,43.9130,4.7906,0.3719
1385.8000,68.7425,1.3339,43.5409,4.7906,0.3720
1385.9000,68.7378,1.3300,42.9714,4.7906,0.3721
1386.0000,68.7308,1.3262,42.5476,4.7906,0.3721
1386.1000,68.7241,1.3223,42.9877,4.7906,0.3722
1386.2000,68.7197,1.3184,43.4335,4.7906,0.3723
1386.3000,68.7158,1.3146,43.6639,4.7906,0.3724
1386.4000,68.7130,1.3107,44.2461,4.7906,0.3725
1386.5000,68.7125,1.3068,44.3764,4.7906,0.3725
1386.6000,68.7107,1.3029,43.8108,4.7906,0.3726
1386.7000,68.7074,1.2990,43.6513,4.7906,0.3727
1386.8000,68.7050,1.2950,43.1959,4.7906,0.3728
1386.9000,68.6995,1.2911,41.5495,4.7906,0.3728
1387.0000,68.6883,1.2872,40.0918,4.7906,0.3729
1387.1000,68.6751,1.2833,39.0696,4.7906,0.3730
1387.2000,68.6587,1.2793,37.5076,4.7906,0.3731
1387.3000,68.6373,1.2754,36.1177,4.7906,0.3732
1387.4000,68.6136,1.2715,35.4521,4.7906,0.3733
1387.5000,68.5889,1.2675,34.7868,4.7906,0.3734
1387.6000,68.5619,1.2635,34.2562,4.7906,0.3735
1387.7000,68.5348,1.2596,34.4323,4.7906,0.3736
1387.8000,68.5092,1.2556,35.2973,4.7906,0.3737
1387.9000,68.4872,1.2517,36.5970,4.7906,0.3738
1388.0000,68.4692,1.2477,38.3756,4.7906,0.3739
1388.1000,68.4574,1.2437,39.8090,4.7906,0.3740
1388.2000,68.4476,1.2398,40.1703,4.7906,0.3740
1388.3000,68.4381,1.2358,39.9081,4.7906,0.3741
1388.4000,68.4273,1.2318,39.1077,4.7906,0.3742
1388.5000,68.4137,1.2278,37.5825,4.7906,0.3743
1388.6000,68.3947,1.2239,35.9608,4.7906,0.3744
1388.7000,68.3726,1.2199,35.0651,4.7906,0.3745
1388.8000,68.3491,1.2159,34.5805,4.7906,0.3746
1388.9000,68.3247,1.2119,34.3772,4.7906,0.3747
1389.0000,68.3005,1.2079,34.3263,4.7906,0.3748
1389.1000,68.2761,1.2039,34.2360,4.7906,0.3749
1389.2000,68.2518,1.1999,33.7209,4.7906,0.3750
1389.3000,68.2251,1.1959,32.9944,4.7906,0.3751
1389.4000,68.1972,1.1919,32.4696,4.7906,0.3752
1389.5000,68.1680,1.1880,32.2131,4.7906,0.3753
1389.6000,68.1391,1.1840,32.6561,4.7906,0.3754
1389.7000,68.1127,1.1800,33.6118,4.7906,0.3755
1389.8000,68.0895,1.1760,34.0409,4.7906,0.3756
1389.9000,68.0660,1.1720,33.8843,4.7906,0.3757
1390.0000,68.0423,1.1680,33.5493,4.7906,0.3758
1390.1000,68.0173,1.1640,32.5138,4.7906,0.3759
1390.2000,67.9883,1.1600,31.6786,4.7906,0.3760
1390.3000,67.9591,1.1560,31.6124,4.7906,0.3761
1390.4000,67.9301,1.1521,31.9022,4.7906,0.3762
1390.5000,67.9029,1.1481,32.7280,4.7906,0.3763
1390.6000,67.8790,1.1441,34.4421,4.7906,0.3764
1390.7000,67.8617,1.1401,36.1629,4.7906,0.3765
1390.8000,67.8478,1.1361,37.2963,4.7906,0.3766
1390.9000,67.8372,1.1322,38.3439,4.7906,0.3767
1391.0000,67.8293,1.1282,38.9468,4.7906,0.3768
1391.1000,67.8224,1.1242,38.8463,4.7906,0.3769
1391.2000,67.8143,1.1203,38.5477,4.7906,0.3770
1391.3000,67.8061,1.1163,38.4519,4.7906,0.3771
1391.4000,67.7978,1.1123,38.3919,4.7906,0.3772
1391.5000,67.7895,1.1084,38.2411,4.7906,0.3773
1391.6000,67.7807,1.1044,37.8342,4.7906,0.3773
1391.7000,67.7704,1.1004,37.7238,4.7906,0.3774
1391.8000,67.7614,1.0965,38.4319,4.7906,0.3775
1391.9000,67.7554,1.0925,38.9777,4.7906,0.3776
1392.0000,67.7496,1.0886,39.1335,4.7906,0.3777
1392.1000,67.7448,1.0847,39.2533,4.7906,0.3778
1392.2000,67.7401,1.0807,38.2309,4.7906,0.3779
1392.3000,67.7299,1.0768,36.1453,4.7906,0.3780
1392.4000,67.7138,1.0728,34.4793,4.7906,0.3781
1392.5000,67.6946,1.0689,33.1464,4.7906,0.3782
1392.6000,67.6715,1.0650,31.4559,4.7906,0.3783
1392.7000,67.6433,1.0611,29.1681,4.7906,0.3784
1392.8000,67.6078,1.0572,26.4931,4.7906,0.3785
1392.9000,67.5652,1.0533,23.7795,4.7906,0.3786
1393.0000,67.5150,1.0494,21.8842,4.7906,0.3788
1393.1000,67.4622,1.0455,21.0468,4.7906,0.3789
1393.2000,67.4078,1.0416,21.2749,4.7906,0.3790
1393.3000,67.3569,1.0377,22.1921,4.7906,0.3792
1393.4000,67.3081,1.0339,22.8290,4.7906,0.3793
1393.5000,67.2612,1.0300,22.8994,4.7906,0.3794
1393.6000,67.2133,1.0261,22.7480,4.7906,0.3796
1393.7000,67.1660,1.0223,22.8259,4.7906,0.3797
1393.8000,67.1191,1.0185,22.9020,4.7906,0.3798
1393.9000,67.0727,1.0146,23.0582,4.7906,0.3799
1394.0000,67.0271,1.0108,23.2247,4.7906,0.3801
1394.1000,66.9822,1.0070,23.5486,4.7906,0.3802
1394.2000,66.9389,1.0032,23.9050,4.7906,0.3803
1394.3000,66.8964,0.9994,24.1339,4.7906,0.3805
1394.4000,66.8548,0.9957,24.0458,4.7906,0.3806
1394.5000,66.8123,0.9919,23.5102,4.7906,0.3807
1394.6000,66.7682,0.9881,22.6418,4.7906,0.3808
1394.7000,66.7212,0.9844,21.7145,4.7906,0.3810
1394.8000,66.6723,0.9806,20.9760,4.7906,0.3811
1394.9000,66.6216,0.9769,20.7886,4.7906,0.3812
1395.0000,66.5722,0.9732,21.4822,4.7906,0.3814
1395.1000,66.5259,0.9695,22.4036,4.7906,0.3815
1395.2000,66.4821,0.9658,23.2005,4.7906,0.3816
1395.3000,66.4408,0.9621,24.2607,4.7906,0.3818
1395.4000,66.4035,0.9584,25.5555,4.7906,0.3819
1395.5000,66.3700,0.9547,26.2284,4.7906,0.3820
1395.6000,66.3369,0.9511,26.6596,4.7906,0.3821
1395.7000,66.3063,0.9474,27.4952,4.7906,0.3822
1395.8000,66.2784,0.9438,28.1984,4.7906,0.3824
1395.9000,66.2521,0.9402,28.2483,4.7906,0.3825
1396.0000,66.2249,0.9366,27.7479,4.7906,0.3826
1396.1000,66.1962,0.9330,27.4044,4.7906,0.3827
1396.2000,66.1674,0.9294,27.3196,4.7906,0.3828
1396.3000,66.1385,0.9258,27.6049,4.7906,0.3829
1396.4000,66.1118,0.9222,28.4528,4.7906,0.3831
1396.5000,66.0882,0.9186,29.7828,4.7906,0.3832
1396.6000,66.0693,0.9151,31.1302,4.7906,0.3833
1396.7000,66.0538,0.9115,31.9968,4.7906,0.3834
1396.8000,66.0403,0.9080,32.0317,4.7906,0.3835
1396.9000,66.0252,0.9045,31.6251,4.7906,0.3836
1397.0000,66.0097,0.9010,31.5612,4.7906,0.3837
1397.1000,65.9946,0.8975,31.6296,4.7906,0.3838
1397.2000,65.9797,0.8940,31.7869,4.7906,0.3839
1397.3000,65.9659,0.8905,32.3152,4.7906,0.3840
1397.4000,65.9544,0.8871,33.3856,4.7906,0.3841
1397.5000,65.9469,0.8836,34.8338,4.7906,0.3842
1397.6000,65.9440,0.8802,36.1585,4.7906,0.3843
1397.7000,65.9444,0.8768,36.9798,4.7906,0.3844
1397.8000,65.9464,0.8733,37.1646,4.7906,0.3845
1397.9000,65.9481,0.8699,36.8250,4.7906,0.3846
1398.0000,65.9484,0.8665,36.1906,4.7906,0.3847
1398.1000,65.9466,0.8632,35.5814,4.7906,0.3848
1398.2000,65.9437,0.8598,35.4119,4.7906,0.3849
1398.3000,65.9412,0.8564,35.9688,4.7906,0.3850
1398.4000,65.9417,0.8531,36.6738,4.7906,0.3851
1398.5000,65.9435,0.8498,37.0342,4.7906,0.3852
1398.6000,65.9462,0.8464,37.5268,4.7906,0.3853
1398.7000,65.9511,0.8431,38.1709,4.7906,0.3853
1398.8000,65.9577,0.8398,38.5923,4.7906,0.3854
1398.9000,65.9651,0.8366,38.6959,4.7906,0.3855
1399.0000,65.9725,0.8333,38.6785,4.7906,0.3856
1399.1000,65.9800,0.8300,38.6161,4.7906,0.3857
1399.2000,65.9872,0.8268,38.3787,4.7906,0.3858
1399.3000,65.9936,0.8236,38.0173,4.7906,0.3859
1399.4000,65.9989,0.8203,37.6646,4.7906,0.3860
1399.5000,66.0034,0.8171,37.2209,4.7906,0.3861
1399.6000,66.0064,0.8139,36.5002,4.7906,0.3862
1399.7000,66.0070,0.8108,35.8698,4.7906,0.3863
1399.8000,66.0065,0.8076,35.5290,4.7906,0.3864
1399.9000,66.0054,0.8045,35.6298,4.7906,0.3864
1400.0000,66.0058,0.8013,36.4068,4.7906,0.3865
1400.1000,66.0093,0.7982,37.8076,4.7906,0.3866
1400.2000,66.0179,0.7951,39.3627,4.7906,0.3867
1400.3000,66.0304,0.7920,40.5245,4.7906,0.3868
1400.4000,66.0458,0.7889,40.9161,4.7906,0.3869
1400.5000,66.0607,0.7858,40.5329,4.7906,0.3870
1400.6000,66.0740,0.7828,39.1875,4.7906,0.3871
1400.7000,66.0813,0.7798,37.5124,4.7906,0.3872
1400.8000,66.0852,0.7767,36.3369,4.7906,0.3872
1400.9000,66.0860,0.7737,35.3350,4.7906,0.3873
1401.0000,66.0844,0.7707,34.7384,4.7906,0.3874
1401.1000,66.0820,0.7678,35.1054,4.7906,0.3875
1401.2000,66.0826,0.7648,35.8083,4.7906,0.3876
1401.3000,66.0845,0.7619,36.4477,4.7906,0.3877
1401.4000,66.0890,0.7589,37.9965,4.7906,0.3878
1401.5000,66.0998,0.7560,39.9935,4.7906,0.3879
1401.6000,66.1159,0.7531,41.4674,4.7906,0.3880
1401.7000,66.1352,0.7502,42.2828,4.7906,0.3881
1401.8000,66.1560,0.7474,42.8220,4.7906,0.3881
1401.9000,66.1785,0.7445,42.7564,4.7906,0.3882
1402.0000,66.1990,0.7417,42.0157,4.7906,0.3883
1402.1000,66.2173,0.7388,41.3640,4.7906,0.3884
1402.2000,66.2341,0.7360,41.3608,4.7906,0.3885
1402.3000,66.2525,0.7333,41.7722,4.7906,0.3885
1402.4000,66.2718,0.7305,42.1850,4.7906,0.3886
1402.5000,66.2926,0.7277,42.7442,4.7906,0.3887
1402.6000,66.3151,0.7250,43.1968,4.7906,0.3888
1402.7000,66.3385,0.7223,43.2325,4.7906,0.3889
1402.8000,66.3612,0.7195,43.1325,4.7906,0.3889
1402.9000,66.3842,0.7168,42.9584,4.7906,0.3890
1403.0000,66.4059,0.7142,42.2992,4.7906,0.3891
1403.1000,66.4251,0.7115,41.4514,4.7906,0.3892
1403.2000,66.4421,0.7089,40.8367,4.7906,0.3893
1403.3000,66.4579,0.7062,39.9635,4.7906,0.3893
1403.4000,66.4700,0.7036,39.2851,4.7906,0.3894
1403.5000,66.4821,0.7010,39.5690,4.7906,0.3895
1403.6000,66.4959,0.6985,40.1299,4.7906,0.3896
1403.7000,66.5112,0.6959,40.2226,4.7906,0.3897
1403.8000,66.5257,0.6934,40.2143,4.7906,0.3898
1403.9000,66.5410,0.6909,39.8691,4.7906,0.3898
1404.0000,66.5536,0.6883,38.7611,4.7906,0.3899
1404.1000,66.5627,0.6859,37.6750,4.7906,0.3900
1404.2000,66.5692,0.6834,37.0677,4.7906,0.3901
1404.3000,66.5751,0.6809,36.3698,4.7906,0.3902
1404.4000,66.5778,0.6785,35.2167,4.7906,0.3903
1404.5000,66.5772,0.6761,34.3121,4.7906,0.3904
1404.6000,66.5749,0.6737,33.9038,4.7906,0.3905
1404.7000,66.5722,0.6713,33.7456,4.7906,0.3906
1404.8000,66.5692,0.6690,33.7876,4.7906,0.3907
1404.9000,66.5670,0.6666,34.4076,4.7906,0.3908
1405.0000,66.5676,0.6643,35.0140,4.7906,0.3909
1405.1000,66.5690,0.6620,35.1392,4.7906,0.3910
1405.2000,66.5705,0.6597,35.3193,4.7906,0.3911
1405.3000,66.5730,0.6575,35.6447,4.7906,0.3912
1405.4000,66.5765,0.6552,35.9917,4.7906,0.3913
1405.5000,66.5811,0.6530,36.4623,4.7906,0.3914
1405.6000,66.5874,0.6508,36.9025,4.7906,0.3915
1405.7000,66.5946,0.6486,36.7830,4.7906,0.3916
1405.8000,66.6004,0.6465,36.5070,4.7906,0.3917
1405.9000,66.6061,0.6443,36.6320,4.7906,0.3918
1406.0000,66.6127,0.6422,37.1653,4.7906,0.3919
1406.1000,66.6216,0.6401,38.0102,4.7906,0.3920
1406.2000,66.6330,0.6380,39.4489,4.7906,0.3920
1406.3000,66.6501,0.6360,41.1352,4.7906,0.3921
1406.4000,66.6712,0.6339,42.2511,4.7906,0.3922
1406.5000,66.6946,0.6319,42.8421,4.7906,0.3923
1406.6000,66.7190,0.6299,43.3792,4.7906,0.3924
1406.7000,66.7454,0.6279,44.0626,4.7906,0.3924
1406.8000,66.7736,0.6259,44.9253,4.7906,0.3925
1406.9000,66.8049,0.6240,46.3546,4.7906,0.3926
1407.0000,66.8411,0.6220,48.1859,4.7906,0.3926
1407.1000,66.8827,0.6201,49.9717,4.7906,0.3927
1407.2000,66.9288,0.6182,51.1370,4.7906,0.3927
1407.3000,66.9767,0.6164,51.3897,4.7906,0.3928
1407.4000,67.0241,0.6145,51.0624,4.7906,0.3929
1407.5000,67.0699,0.6127,50.5619,4.7906,0.3929
1407.6000,67.1143,0.6109,49.7975,4.7906,0.3930
1407.7000,67.1556,0.6091,48.9007,4.7906,0.3930
1407.8000,67.1948,0.6073,48.4987,4.7906,0.3931
1407.9000,67.2337,0.6055,48.2030,4.7906,0.3932
1408.0000,67.2711,0.6038,47.1010,4.7906,0.3932
1408.1000,67.3037,0.6021,45.5307,4.7906,0.3933
1408.2000,67.3321,0.6004,44.0402,4.7906,0.3934
1408.3000,67.3563,0.5987,42.5021,4.7906,0.3935
1408.4000,67.3761,0.5971,41.1915,4.7906,0.3935
1408.5000,67.3929,0.5954,40.9965,4.7906,0.3936
1408.6000,67.4116,0.5938,41.7535,4.7906,0.3937
1408.7000,67.4327,0.5922,42.5135,4.7906,0.3938
1408.8000,67.4556,0.5907,43.1053,4.7906,0.3939
1408.9000,67.4799,0.5891,43.7702,4.7906,0.3939
1409.0000,67.5065,0.5876,44.0505,4.7906,0.3940
1409.1000,67.5324,0.5861,43.6724,4.7906,0.3941
1409.2000,67.5568,0.5846,43.3139,4.7906,0.3942
1409.3000,67.5806,0.5831,42.9277,4.7906,0.3942
1409.4000,67.6028,0.5817,42.2818,4.7906,0.3943
1409.5000,67.6229,0.5803,42.0966,4.7906,0.3944
1409.6000,67.6440,0.5789,42.6216,4.7906,0.3945
1409.7000,67.6671,0.5775,43.1566,4.7906,0.3945
1409.8000,67.6912,0.5761,43.6479,4.7906,0.3946
1409.9000,67.7169,0.5748,44.1583,4.7906,0.3947
1410.0000,67.7437,0.5735,44.2354,4.7906,0.3948
1410.1000,67.7698,0.5722,43.7985,4.7906,0.3948
1410.2000,67.7941,0.5709,43.2771,4.7906,0.3949
1410.3000,67.8172,0.5696,42.6832,4.7906,0.3950
1410.4000,67.8382,0.5684,42.1013,4.7906,0.3951
1410.5000,67.8580,0.5672,41.5111,4.7906,0.3952
1410.6000,67.8756,0.5660,41.0250,4.7906,0.3952
1410.7000,67.8927,0.5648,40.8885,4.7906,0.3953
1410.8000,67.9095,0.5637,41.1490,4.7906,0.3954
1410.9000,67.9280,0.5626,41.6843,4.7906,0.3955
1411.0000,67.9478,0.5615,42.3684,4.7906,0.3956
1411.1000,67.9701,0.5604,43.2497,4.7906,0.3956
1411.2000,67.9947,0.5593,44.1906,4.7906,0.3957
1411.3000,68.0221,0.5583,45.1732,4.7906,0.3958
1411.4000,68.0521,0.5573,46.2837,4.7906,0.3959
1411.5000,68.0855,0.5563,47.6900,4.7906,0.3959
1411.6000,68.1231,0.5553,48.7635,4.7906,0.3960
1411.7000,68.1623,0.5543,48.8763,4.7906,0.3960
1411.8000,68.2004,0.5534,48.5293,4.7906,0.3961
1411.9000,68.2374,0.5525,47.9018,4.7906,0.3962
1412.0000,68.2718,0.5516,46.7933,4.7906,0.3962
1412.1000,68.3026,0.5507,45.6985,4.7906,0.3963
1412.2000,68.3308,0.5499,45.1554,4.7906,0.3964
1412.3000,68.3585,0.5491,44.4127,4.7906,0.3965
1412.4000,68.3824,0.5483,42.8956,4.7906,0.3965
1412.5000,68.4016,0.5475,40.9480,4.7906,0.3966
1412.6000,68.4147,0.5467,39.0866,4.7906,0.3967
1412.7000,68.4236,0.5460,37.6688,4.7906,0.3968
1412.8000,68.4289,0.5453,37.1278,4.7906,0.3969
1412.9000,68.4348,0.5446,37.8534,4.7906,0.3970
1413.0000,68.4442,0.5439,38.9798,4.7906,0.3971
1413.1000,68.4563,0.5433,39.4847,4.7906,0.3972
1413.2000,68.4684,0.5427,39.3450,4.7906,0.3972
1413.3000,68.4797,0.5421,39.2314,4.7906,0.3973
1413.4000,68.4911,0.5415,39.2745,4.7906,0.3974
1413.5000,68.5027,0.5409,39.4699,4.7906,0.3975
1413.6000,68.5151,0.5404,40.0446,4.7906,0.3976
1413.7000,68.5298,0.5398,41.0954,4.7906,0.3977
1413.8000,68.5480,0.5394,42.2874,4.7906,0.3977
1413.9000,68.5692,0.5389,43.2176,4.7906,0.3978
1414.0000,68.5924,0.5384,43.8872,4.7906,0.3979
1414.1000,68.6171,0.5380,44.4994,4.7906,0.3980
1414.2000,68.6436,0.5376,45.5331,4.7906,0.3980
1414.3000,68.6739,0.5372,46.8938,4.7906,0.3981
1414.4000,68.7077,0.5368,47.9106,4.7906,0.3982
1414.5000,68.7433,0.5365,48.7702,4.7906,0.3982
1414.6000,68.7816,0.5361,49.2805,4.7906,0.3983
1414.7000,68.8199,0.5358,48.7102,4.7906,0.3984
1414.8000,68.8548,0.5356,47.6871,4.7906,0.3984
1414.9000,68.8872,0.5353,46.8866,4.7906,0.3985
1415.0000,68.9175,0.5351,46.3920,4.7906,0.3986
1415.1000,68.9471,0.5348,46.7880,4.7906,0.3986
1415.2000,68.9794,0.5346,48.2458,4.7906,0.3987
1415.3000,69.0167,0.5345,49.8336,4.7906,0.3987
1415.4000,69.0575,0.5343,51.2444,4.7906,0.3988
1415.5000,69.1022,0.5342,52.3819,4.7906,0.3989
1415.6000,69.1489,0.5341,52.8378,4.7906,0.3989
1415.7000,69.1959,0.5340,52.4977,4.7906,0.3990
1415.8000,69.2404,0.5339,51.2174,4.7906,0.3990
1415.9000,69.2800,0.5338,49.2053,4.7906,0.3991
1416.0000,69.3133,0.5338,46.9601,4.7906,0.3991
1416.1000,69.3405,0.5338,44.7110,4.7906,0.3992
1416.2000,69.3614,0.5338,42.4672,4.7906,0.3993
1416.3000,69.3762,0.5338,40.7677,4.7906,0.3994
1416.4000,69.3877,0.5339,39.7575,4.7906,0.3995
1416.5000,69.3970,0.5340,38.7840,4.7906,0.3996
1416.6000,69.4032,0.5341,37.8171,4.7906,0.3996
1416.7000,69.4071,0.5342,37.5729,4.7906,0.3997
1416.8000,69.4119,0.5343,37.8672,4.7906,0.3998
1416.9000,69.4174,0.5345,38.1521,4.7906,0.3999
1417.0000,69.4238,0.5346,38.8886,4.7906,0.4000
1417.1000,69.4332,0.5348,39.9810,4.7906,0.4001
1417.2000,69.4454,0.5351,40.4919,4.7906,0.4002
1417.3000,69.4576,0.5353,40.0759,4.7906,0.4003
1417.4000,69.4674,0.5356,39.4382,4.7906,0.4003
1417.5000,69.4760,0.5358,38.7995,4.7906,0.4004
1417.6000,69.4824,0.5361,38.0223,4.7906,0.4005
1417.7000,69.4867,0.5364,37.4651,4.7906,0.4006
1417.8000,69.4899,0.5368,37.3811,4.7906,0.4007
1417.9000,69.4938,0.5371,37.4028,4.7906,0.4008
1418.0000,69.4971,0.5375,37.5359,4.7906,0.4009
1418.1000,69.5016,0.5379,38.0589,4.7906,0.4010
1418.2000,69.5077,0.5383,38.6698,4.7906,0.4011
1418.3000,69.5154,0.5387,39.5110,4.7906,0.4011
1418.4000,69.5260,0.5392,40.7260,4.7906,0.4012
1418.5000,69.5403,0.5397,41.8044,4.7906,0.4013
1418.6000,69.5566,0.5402,42.4838,4.7906,0.4014
1418.7000,69.5745,0.5407,43.0406,4.7906,0.4015
1418.8000,69.5937,0.5412,43.3974,4.7906,0.4015
1418.9000,69.6133,0.5417,43.1500,4.7906,0.4016
1419.0000,69.6310,0.5423,42.6985,4.7906,0.4017
1419.1000,69.6480,0.5429,42.4584,4.7906,0.4018
1419.2000,69.6642,0.5435,41.8871,4.7906,0.4019
1419.3000,69.6780,0.5441,40.6447,4.7906,0.4019
1419.4000,69.6874,0.5447,39.8357,4.7906,0.4020
1419.5000,69.6967,0.5454,39.2986,4.7906,0.4021
1419.6000,69.7031,0.5461,38.5939,4.7906,0.4022
1419.7000,69.7085,0.5468,38.8086,4.7906,0.4023
1419.8000,69.7160,0.5475,39.9989,4.7906,0.4024
1419.9000,69.7277,0.5482,41.0076,4.7906,0.4025
1420.0000,69.7405,0.5489,41.5500,4.7906,0.4025
1420.1000,69.7551,0.5497,42.1585,4.7906,0.4026
1420.2000,69.7711,0.5505,42.4762,4.7906,0.4027
1420.3000,69.7872,0.5513,42.6482,4.7906,0.4028
1420.4000,69.8039,0.5521,42.9329,4.7906,0.4029
1420.5000,69.8214,0.5529,43.2676,4.7906,0.4029
1420.6000,69.8398,0.5538,43.4650,4.7906,0.4030
1420.7000,69.8582,0.5546,43.3182,4.7906,0.4031
1420.8000,69.8757,0.5555,42.9303,4.7906,0.4032
1420.9000,69.8918,0.5564,42.5263,4.7906,0.4032
1421.0000,69.9069,0.5573,42.1667,4.7906,0.4033
1421.1000,69.9209,0.5583,41.4128,4.7906,0.4034
1421.2000,69.9318,0.5592,40.3310,4.7906,0.4035
1421.3000,69.9399,0.5602,39.2310,4.7906,0.4036
1421.4000,69.9447,0.5612,37.9322,4.7906,0.4037
1421.5000,69.9456,0.5622,36.8751,4.7906,0.4038
1421.6000,69.9447,0.5632,36.5785,4.7906,0.4038
1421.7000,69.9440,0.5642,36.6094,4.7906,0.4039
1421.8000,69.9431,0.5652,36.3444,4.7906,0.4040
1421.9000,69.9409,0.5663,35.7414,4.7906,0.4041
1422.0000,69.9367,0.5674,35.1894,4.7906,0.4042
1422.1000,69.9315,0.5685,34.4382,4.7906,0.4043
1422.2000,69.9232,0.5696,33.4873,4.7906,0.4044
1422.3000,69.9128,0.5707,33.1738,4.7906,0.4045
1422.4000,69.9028,0.5718,33.9413,4.7906,0.4046
1422.5000,69.8966,0.5729,35.1228,4.7906,0.4047
1422.6000,69.8929,0.5741,36.4633,4.7906,0.4048
1422.7000,69.8938,0.5753,37.7127,4.7906,0.4049
1422.8000,69.8968,0.5765,38.3541,4.7906,0.4050
1422.9000,69.9011,0.5777,38.4021,4.7906,0.4051
1423.0000,69.9043,0.5789,37.5482,4.7906,0.4052
1423.1000,69.9038,0.5801,36.0633,4.7906,0.4053
1423.2000,69.8989,0.5814,34.6572,4.7906,0.4054
1423.3000,69.8908,0.5826,33.3016,4.7906,0.4055
1423.4000,69.8785,0.5839,31.9176,4.7906,0.4056
1423.5000,69.8629,0.5852,31.3541,4.7906,0.4057
1423.6000,69.8476,0.5864,31.3026,4.7906,0.4058
1423.7000,69.8317,0.5877,30.9951,4.7906,0.4059
1423.8000,69.8147,0.5891,30.7574,4.7906,0.4060
1423.9000,69.7975,0.5904,30.6658,4.7906,0.4061
1424.0000,69.7800,0.5917,30.8006,4.7906,0.4062
1424.1000,69.7636,0.5931,31.0047,4.7906,0.4063
1424.2000,69.7471,0.5945,30.9720,4.7906,0.4065
1424.3000,69.7305,0.5958,30.6408,4.7906,0.4066
1424.4000,69.7123,0.5972,30.2025,4.7906,0.4067
1424.5000,69.6933,0.5986,29.2487,4.7906,0.4068
1424.6000,69.6699,0.6000,28.4784,4.7906,0.4069
1424.7000,69.6468,0.6014,29.0581,4.7906,0.4070
1424.8000,69.6266,0.6029,30.1974,4.7906,0.4071
1424.9000,69.6097,0.6043,31.5009,4.7906,0.4072
1425.0000,69.5965,0.6058,32.9443,4.7906,0.4073
1425.1000,69.5874,0.6072,34.2752,4.7906,0.4074
1425.2000,69.5814,0.6087,35.2385,4.7906,0.4075
1425.3000,69.5774,0.6102,36.3172,4.7906,0.4076
1425.4000,69.5772,0.6117,37.9141,4.7906,0.4077
1425.5000,69.5818,0.6132,39.9056,4.7906,0.4078
1425.6000,69.5922,0.6147,41.5365,4.7906,0.4079
1425.7000,69.6055,0.6162,42.2771,4.7906,0.4080
1425.8000,69.6198,0.6177,42.1921,4.7906,0.4080
1425.9000,69.6324,0.6193,40.5474,4.7906,0.4081
1426.0000,69.6376,0.6208,38.0873,4.7906,0.4082
1426.1000,69.6368,0.6224,36.2839,4.7906,0.4083
1426.2000,69.6321,0.6239,35.1868,4.7906,0.4084
1426.3000,69.6252,0.6255,34.5752,4.7906,0.4085
1426.4000,69.6171,0.6271,34.5347,4.7906,0.4086
1426.5000,69.6100,0.6287,34.5176,4.7906,0.4087
1426.6000,69.6017,0.6303,34.4957,4.7906,0.4088
1426.7000,69.5944,0.6319,34.8072,4.7906,0.4089
1426.8000,69.5878,0.6335,35.1838,4.7906,0.4090
1426.9000,69.5824,0.6351,35.9807,4.7906,0.4091
1427.0000,69.5800,0.6367,37.4901,4.7906,0.4092
1427.1000,69.5827,0.6384,38.7461,4.7906,0.4093
1427.2000,69.5871,0.6400,39.5705,4.7906,0.4094
1427.3000,69.5941,0.6417,40.6724,4.7906,0.4094
1427.4000,69.6043,0.6433,41.3158,4.7906,0.4095
1427.5000,69.6146,0.6450,40.9699,4.7906,0.4096
1427.6000,69.6227,0.6467,40.6204,4.7906,0.4097
1427.7000,69.6310,0.6483,40.5241,4.7906,0.4098
1427.8000,69.6385,0.6500,40.1971,4.7906,0.4099
1427.9000,69.6448,0.6517,40.5161,4.7906,0.4099
1428.0000,69.6538,0.6534,41.5296,4.7906,0.4100
1428.1000,69.6655,0.6551,42.2011,4.7906,0.4101
1428.2000,69.6780,0.6568,42.6242,4.7906,0.4102
1428.3000,69.6918,0.6585,43.2277,4.7906,0.4103
1428.4000,69.7073,0.6603,43.6021,4.7906,0.4103
1428.5000,69.7229,0.6620,43.4697,4.7906,0.4104
1428.6000,69.7375,0.6637,43.2346,4.7906,0.4105
1428.7000,69.7516,0.6654,42.9371,4.7906,0.4106
1428.8000,69.7644,0.6672,41.9769,4.7906,0.4106
1428.9000,69.7732,0.6689,40.6288,4.7906,0.4107
1429.0000,69.7784,0.6707,39.5139,4.7906,0.4108
1429.1000,69.7810,0.6724,38.3426,4.7906,0.4109
1429.2000,69.7798,0.6742,37.3412,4.7906,0.4110
1429.3000,69.7769,0.6759,36.8582,4.7906,0.4111
1429.4000,69.7730,0.6777,36.7972,4.7906,0.4112
1429.5000,69.7696,0.6795,36.9104,4.7906,0.4113
1429.6000,69.7662,0.6812,37.4489,4.7906,0.4114
1429.7000,69.7656,0.6830,37.9087,4.7906,0.4115
1429.8000,69.7646,0.6848,37.9282,4.7906,0.4115
1429.9000,69.7640,0.6866,38.0031,4.7906,0.4116
1430.0000,69.7633,0.6884,38.3372,4.7906,0.4117
1430.1000,69.7644,0.6901,39.0207,4.7906,0.4118
1430.2000,69.7672,0.6919,39.8163,4.7906,0.4119
1430.3000,69.7725,0.6937,40.5287,4.7906,0.4120
1430.4000,69.7791,0.6955,41.0600,4.7906,0.4121
1430.5000,69.7870,0.6973,41.6676,4.7906,0.4121
1430.6000,69.7967,0.6991,42.2668,4.7906,0.4122
1430.7000,69.8078,0.7009,42.9629,4.7906,0.4123
1430.8000,69.8210,0.7027,43.6923,4.7906,0.4124
1430.9000,69.8358,0.7045,43.9266,4.7906,0.4124
1431.0000,69.8501,0.7063,43.3850,4.7906,0.4125
1431.1000,69.8617,0.7081,42.0517,4.7906,0.4126
1431.2000,69.8686,0.7099,40.4446,4.7906,0.4127
1431.3000,69.8714,0.7117,39.4812,4.7906,0.4128
1431.4000,69.8730,0.7135,39.2737,4.7906,0.4129
1431.5000,69.8745,0.7153,39.3163,4.7906,0.4129
1431.6000,69.8762,0.7171,39.2985,4.7906,0.4130
1431.7000,69.8775,0.7189,39.1593,4.7906,0.4131
1431.8000,69.8782,0.7207,38.6124,4.7906,0.4132
1431.9000,69.8765,0.7225,37.2912,4.7906,0.4133
1432.0000,69.8700,0.7243,35.9636,4.7906,0.4134
1432.1000,69.8610,0.7261,35.2773,4.7906,0.4135
1432.2000,69.8507,0.7279,34.5397,4.7906,0.4136
1432.3000,69.8376,0.7297,33.8703,4.7906,0.4137
1432.4000,69.8237,0.7315,33.9802,4.7906,0.4138
1432.5000,69.8112,0.7333,34.2585,4.7906,0.4139
1432.6000,69.7987,0.7351,34.3862,4.7906,0.4140
1432.7000,69.7868,0.7369,34.9785,4.7906,0.4141
1432.8000,69.7774,0.7387,36.2036,4.7906,0.4142
1432.9000,69.7721,0.7404,37.5675,4.7906,0.4143
1433.0000,69.7701,0.7422,38.7120,4.7906,0.4144
1433.1000,69.7708,0.7440,39.2473,4.7906,0.4145
1433.2000,69.7715,0.7458,38.9757,4.7906,0.4145
1433.3000,69.7707,0.7476,37.8786,4.7906,0.4146
1433.4000,69.7654,0.7493,36.2309,4.7906,0.4147
1433.5000,69.7555,0.7511,34.6043,4.7906,0.4148
1433.6000,69.7413,0.7529,33.8388,4.7906,0.4149
1433.7000,69.7273,0.7546,34.5855,4.7906,0.4150
1433.8000,69.7171,0.7564,36.0267,4.7906,0.4151
1433.9000,69.7108,0.7581,37.8390,4.7906,0.4152
1434.0000,69.7104,0.7599,40.3251,4.7906,0.4153
1434.1000,69.7174,0.7616,42.4407,4.7906,0.4154
1434.2000,69.7282,0.7634,43.4320,4.7906,0.4155
1434.3000,69.7405,0.7651,43.8677,4.7906,0.4155
1434.4000,69.7535,0.7668,44.2198,4.7906,0.4156
1434.5000,69.7674,0.7686,44.2836,4.7906,0.4157
1434.6000,69.7806,0.7703,43.9049,4.7906,0.4157
1434.7000,69.7923,0.7720,43.5422,4.7906,0.4158
1434.8000,69.8033,0.7737,43.4897,4.7906,0.4159
1434.9000,69.8145,0.7754,42.8305,4.7906,0.4160
1435.0000,69.8217,0.7771,41.3632,4.7906,0.4161
1435.1000,69.8249,0.7788,40.0218,4.7906,0.4161
1435.2000,69.8247,0.7805,38.8837,4.7906,0.4162
1435.3000,69.8216,0.7822,37.4807,4.7906,0.4163
1435.4000,69.8138,0.7839,36.0148,4.7906,0.4164
1435.5000,69.8026,0.7856,34.7704,4.7906,0.4165
1435.6000,69.7880,0.7872,33.5992,4.7906,0.4166
1435.7000,69.7705,0.7889,32.8925,4.7906,0.4167
1435.8000,69.7521,0.7906,32.9435,4.7906,0.4168
1435.9000,69.7348,0.7922,33.9045,4.7906,0.4169
1436.0000,69.7215,0.7938,36.3513,4.7906,0.4170
1436.1000,69.7175,0.7955,39.8263,4.7906,0.4171
1436.2000,69.7230,0.7971,42.8577,4.7906,0.4172
1436.3000,69.7352,0.7987,45.0867,4.7906,0.4173
1436.4000,69.7526,0.8003,46.3469,4.7906,0.4173
1436.5000,69.7714,0.8019,46.1966,4.7906,0.4174
1436.6000,69.7877,0.8035,45.4789,4.7906,0.4175
1436.7000,69.8025,0.8051,44.4064,4.7906,0.4175
1436.8000,69.8128,0.8067,43.2265,4.7906,0.4176
1436.9000,69.8210,0.8083,42.7343,4.7906,0.4177
1437.0000,69.8285,0.8099,42.4981,4.7906,0.4178
1437.1000,69.8352,0.8114,42.4464,4.7906,0.4178
1437.2000,69.8423,0.8130,43.2722,4.7906,0.4179
1437.3000,69.8534,0.8145,44.4649,4.7906,0.4180
1437.4000,69.8667,0.8160,45.3912,4.7906,0.4181
1437.5000,69.8826,0.8176,46.4115,4.7906,0.4181
1437.6000,69.9012,0.8191,47.4087,4.7906,0.4182
1437.7000,69.9223,0.8206,47.8344,4.7906,0.4183
1437.8000,69.9430,0.8221,48.1042,4.7906,0.4183
1437.9000,69.9653,0.8236,48.4968,4.7906,0.4184
1438.0000,69.9879,0.8251,48.6520,4.7906,0.4185
1438.1000,70.0107,0.8265,48.7645,4.7906,0.4185
1438.2000,70.0336,0.8280,49.0537,4.7906,0.4186
1438.3000,70.0578,0.8294,49.3382,4.7906,0.4186
1438.4000,70.0820,0.8309,49.7965,4.7906,0.4187
1438.5000,70.1084,0.8323,50.3822,4.7906,0.4188
1438.6000,70.1355,0.8337,49.8403,4.7906,0.4188
1438.7000,70.1587,0.8352,48.6057,4.7906,0.4189
1438.8000,70.1789,0.8366,47.9187,4.7906,0.4189
1438.9000,70.1982,0.8379,47.5908,4.7906,0.4190
1439.0000,70.2164,0.8393,47.3722,4.7906,0.4191
1439.1000,70.2342,0.8407,48.1682,4.7906,0.4191
1439.2000,70.2565,0.8421,49.4559,4.7906,0.4192
1439.3000,70.2811,0.8434,49.8011,4.7906,0.4193
1439.4000,70.3049,0.8447,49.1239,4.7906,0.4193
1439.5000,70.3256,0.8461,48.1038,4.7906,0.4194
1439.6000,70.3438,0.8474,46.8643,4.7906,0.4194
1439.7000,70.3576,0.8487,45.6013,4.7906,0.4195
1439.8000,70.3688,0.8500,44.6982,4.7906,0.4196
1439.9000,70.3776,0.8513,43.8637,4.7906,0.4197
1440.0000,70.3842,0.8525,43.2541,4.7906,0.4197
1440.1000,70.3896,0.8538,42.3910,4.7906,0.4198
1440.2000,70.3915,0.8550,41.0144,4.7906,0.4199
1440.3000,70.3894,0.8563,39.9252,4.7906,0.4200
1440.4000,70.3853,0.8575,39.4164,4.7906,0.4201
1440.5000,70.3805,0.8587,39.0842,4.7906,0.4202
1440.6000,70.3746,0.8599,38.8058,4.7906,0.4203
1440.7000,70.3682,0.8611,39.0214,4.7906,0.4203
1440.8000,70.3634,0.8622,39.3321,4.7906,0.4204
1440.9000,70.3586,0.8634,39.5194,4.7906,0.4205
1441.0000,70.3548,0.8645,39.5674,4.7906,0.4206
1441.1000,70.3502,0.8657,39.9138,4.7906,0.4207
1441.2000,70.3481,0.8668,40.9073,4.7906,0.4208
1441.3000,70.3488,0.8679,41.8064,4.7906,0.4208
1441.4000,70.3516,0.8690,42.6593,4.7906,0.4209
1441.5000,70.3567,0.8701,43.6408,4.7906,0.4210
1441.6000,70.3646,0.8711,44.3429,4.7906,0.4211
1441.7000,70.3734,0.8722,44.3469,4.7906,0.4211
1441.8000,70.3812,0.8732,44.1912,4.7906,0.4212
1441.9000,70.3891,0.8742,44.2091,4.7906,0.4213
1442.0000,70.3968,0.8752,44.0916,4.7906,0.4214
1442.1000,70.4040,0.8762,44.2738,4.7906,0.4214
1442.2000,70.4126,0.8772,44.4327,4.7906,0.4215
1442.3000,70.4204,0.8781,44.3484,4.7906,0.4216
1442.4000,70.4285,0.8791,44.2135,4.7906,0.4217
1442.5000,70.4355,0.8800,43.6221,4.7906,0.4217
1442.6000,70.4403,0.8810,42.2707,4.7906,0.4218
1442.7000,70.4400,0.8819,40.7134,4.7906,0.4219
1442.8000,70.4363,0.8827,39.0095,4.7906,0.4220
1442.9000,70.4268,0.8836,37.1708,4.7906,0.4221
1443.0000,70.4133,0.8845,36.3165,4.7906,0.4222
1443.1000,70.3993,0.8853,36.6385,4.7906,0.4223
1443.2000,70.3875,0.8862,37.7118,4.7906,0.4224
1443.3000,70.3793,0.8870,39.7176,4.7906,0.4224
1443.4000,70.3783,0.8878,42.2264,4.7906,0.4225
1443.5000,70.3834,0.8886,44.2501,4.7906,0.4226
1443.6000,70.3932,0.8893,46.1261,4.7906,0.4227
1443.7000,70.4083,0.8901,47.8010,4.7906,0.4227
1443.8000,70.4269,0.8908,48.4803,4.7906,0.4228
1443.9000,70.4454,0.8915,48.1469,4.7906,0.4229
1444.0000,70.4621,0.8922,47.5273,4.7906,0.4229
1444.1000,70.4771,0.8929,46.7106,4.7906,0.4230
1444.2000,70.4893,0.8936,45.7712,4.7906,0.4231
1444.3000,70.4992,0.8943,45.4964,4.7906,0.4231
1444.4000,70.5097,0.8949,46.0636,4.7906,0.4232
1444.5000,70.5226,0.8955,46.7316,4.7906,0.4233
1444.6000,70.5366,0.8962,47.2691,4.7906,0.4233
1444.7000,70.5522,0.8968,47.8525,4.7906,0.4234
1444.8000,70.5692,0.8973,48.2344,4.7906,0.4235
1444.9000,70.5867,0.8979,48.3481,4.7906,0.4235
1445.0000,70.6041,0.8984,48.6464,4.7906,0.4236
1445.1000,70.6230,0.8990,49.3589,4.7906,0.4236
1445.2000,70.6441,0.8995,50.0609,4.7906,0.4237
1445.3000,70.6666,0.9000,50.6944,4.7906,0.4238
1445.4000,70.6909,0.9005,51.6578,4.7906,0.4238
1445.5000,70.7184,0.9009,52.6998,4.7906,0.4239
1445.6000,70.7480,0.9014,52.9699,4.7906,0.4239
1445.7000,70.7767,0.9018,52.8668,4.7906,0.4240
1445.8000,70.8055,0.9022,52.8299,4.7906,0.4240
1445.9000,70.8338,0.9027,52.7245,4.7906,0.4241
1446.0000,70.8619,0.9030,52.9931,4.7906,0.4241
1446.1000,70.8913,0.9034,53.7228,4.7906,0.4242
1446.2000,70.9231,0.9038,54.3378,4.7906,0.4242
1446.3000,70.9555,0.9041,54.7280,4.7906,0.4243
1446.4000,70.9891,0.9044,54.5004,4.7906,0.4243
1446.5000,71.0201,0.9047,53.4940,4.7906,0.4244
1446.6000,71.0481,0.9050,52.3901,4.7906,0.4244
1446.7000,71.0730,0.9053,51.2834,4.7906,0.4245
1446.8000,71.0949,0.9055,50.4430,4.7906,0.4245
1446.9000,71.1153,0.9057,50.7926,4.7906,0.4246
1447.0000,71.1389,0.9059,51.6712,4.7906,0.4246
1447.1000,71.1637,0.9061,51.6241,4.7906,0.4247
1447.2000,71.1869,0.9063,51.5016,4.7906,0.4248
1447.3000,71.2108,0.9065,50.9874,4.7906,0.4248
1447.4000,71.2311,0.9066,49.3632,4.7906,0.4249
1447.5000,71.2464,0.9068,47.4753,4.7906,0.4249
1447.6000,71.2565,0.9069,46.2182,4.7906,0.4250
1447.7000,71.2650,0.9070,45.2637,4.7906,0.4251
1447.8000,71.2701,0.9070,44.3116,4.7906,0.4251
1447.9000,71.2735,0.9071,43.3983,4.7906,0.4252
1448.0000,71.2737,0.9071,42.4428,4.7906,0.4253
1448.1000,71.2720,0.9072,42.0575,4.7906,0.4254
1448.2000,71.2702,0.9072,42.3002,4.7906,0.4255
1448.3000,71.2698,0.9072,42.9077,4.7906,0.4255
1448.4000,71.2712,0.9071,43.5135,4.7906,0.4256
1448.5000,71.2740,0.9071,44.3203,4.7906,0.4257
1448.6000,71.2797,0.9070,45.1296,4.7906,0.4258
1448.7000,71.2868,0.9069,45.7389,4.7906,0.4258
1448.8000,71.2956,0.9068,46.4945,4.7906,0.4259
1448.9000,71.3066,0.9067,47.3986,4.7906,0.4260
1449.0000,71.3202,0.9066,48.4179,4.7906,0.4260
1449.1000,71.3366,0.9064,49.4082,4.7906,0.4261
1449.2000,71.3553,0.9063,50.0655,4.7906,0.4261
1449.3000,71.3750,0.9061,50.4112,4.7906,0.4262
1449.4000,71.3954,0.9059,50.7144,4.7906,0.4263
1449.5000,71.4166,0.9056,50.6313,4.7906,0.4263
1449.6000,71.4365,0.9054,50.0584,4.7906,0.4264
1449.7000,71.4546,0.9051,49.1623,4.7906,0.4264
1449.8000,71.4696,0.9049,48.2187,4.7906,0.4265
1449.9000,71.4826,0.9046,47.4036,4.7906,0.4266
1450.0000,71.4932,0.9043,46.3714,4.7906,0.4266
1450.1000,71.5007,0.9039,45.2149,4.7906,0.4267
1450.2000,71.5052,0.9036,44.4141,4.7906,0.4268
1450.3000,71.5085,0.9032,43.5833,4.7906,0.4269
1450.4000,71.5086,0.9028,42.3988,4.7906,0.4269
1450.5000,71.5057,0.9025,41.5085,4.7906,0.4270
1450.6000,71.5011,0.9020,40.9241,4.7906,0.4271
1450.7000,71.4951,0.9016,40.3539,4.7906,0.4272
1450.8000,71.4877,0.9012,39.4618,4.7906,0.4273
1450.9000,71.4770,0.9007,38.3773,4.7906,0.4274
1451.0000,71.4639,0.9002,37.4982,4.7906,0.4274
1451.1000,71.4488,0.8997,36.6860,4.7906,0.4275
1451.2000,71.4315,0.8992,36.0287,4.7906,0.4276
1451.3000,71.4130,0.8986,35.9607,4.7906,0.4277
1451.4000,71.3954,0.8981,36.0185,4.7906,0.4278
1451.5000,71.3774,0.8975,35.8596,4.7906,0.4279
1451.6000,71.3592,0.8969,35.7709,4.7906,0.4280
1451.7000,71.3408,0.8963,35.4315,4.7906,0.4281
1451.8000,71.3209,0.8957,35.4212,4.7906,0.4282
1451.9000,71.3026,0.8951,36.2372,4.7906,0.4283
1452.0000,71.2872,0.8944,36.7500,4.7906,0.4284
1452.1000,71.2718,0.8938,36.6751,4.7906,0.4285
1452.2000,71.2561,0.8931,36.4999,4.7906,0.4286
1452.3000,71.2399,0.8924,36.0196,4.7906,0.4287
1452.4000,71.2218,0.8917,35.4246,4.7906,0.4288
1452.5000,71.2026,0.8909,35.5381,4.7906,0.4289
1452.6000,71.1853,0.8902,35.9291,4.7906,0.4290
1452.7000,71.1682,0.8894,35.9885,4.7906,0.4291
1452.8000,71.1514,0.8886,35.6625,4.7906,0.4292
1452.9000,71.1328,0.8878,34.9507,4.7906,0.4293
1453.0000,71.1123,0.8870,34.1496,4.7906,0.4294
1453.1000,71.0896,0.8862,33.5233,4.7906,0.4295
1453.2000,71.0660,0.8853,33.6970,4.7906,0.4296
1453.3000,71.0444,0.8845,34.4755,4.7906,0.4297
1453.4000,71.0251,0.8836,35.4597,4.7906,0.4298
1453.5000,71.0089,0.8827,36.6377,4.7906,0.4299
1453.6000,70.9960,0.8818,38.2788,4.7906,0.4299
1453.7000,70.9887,0.8809,39.8178,4.7906,0.4300
1453.8000,70.9841,0.8799,40.7639,4.7906,0.4301
1453.9000,70.9819,0.8790,41.7180,4.7906,0.4302
1454.0000,70.9825,0.8780,42.7367,4.7906,0.4303
1454.1000,70.9858,0.8770,43.4628,4.7906,0.4303
1454.2000,70.9902,0.8760,43.9601,4.7906,0.4304
1454.3000,70.9962,0.8750,44.3596,4.7906,0.4305
1454.4000,71.0028,0.8740,44.0470,4.7906,0.4306
1454.5000,71.0072,0.8729,43.2208,4.7906,0.4306
1454.6000,71.0094,0.8719,42.1059,4.7906,0.4307
1454.7000,71.0079,0.8708,40.3134,4.7906,0.4308
1454.8000,71.0007,0.8697,38.4586,4.7906,0.4309
1454.9000,70.9895,0.8686,37.1467,4.7906,0.4310
1455.0000,70.9754,0.8675,36.0758,4.7906,0.4311
1455.1000,70.9586,0.8663,35.0659,4.7906,0.4312
1455.2000,70.9394,0.8652,34.4255,4.7906,0.4313
1455.3000,70.9193,0.8640,34.4022,4.7906,0.4314
1455.4000,70.9002,0.8628,34.6560,4.7906,0.4315
1455.5000,70.8817,0.8617,34.5684,4.7906,0.4316
1455.6000,70.8622,0.8605,34.5644,4.7906,0.4317
1455.7000,70.8439,0.8592,34.8647,4.7906,0.4318
1455.8000,70.8262,0.8580,34.6010,4.7906,0.4319
1455.9000,70.8067,0.8568,33.8200,4.7906,0.4320
1456.0000,70.7850,0.8555,33.5103,4.7906,0.4321
1456.1000,70.7640,0.8542,33.5879,4.7906,0.4322
1456.2000,70.7430,0.8529,33.7311,4.7906,0.4323
1456.3000,70.7230,0.8517,34.2262,4.7906,0.4324
1456.4000,70.7048,0.8503,35.0177,4.7906,0.4325
1456.5000,70.6891,0.8490,35.5739,4.7906,0.4326
1456.6000,70.6741,0.8477,35.9384,4.7906,0.4327
1456.7000,70.6606,0.8463,36.7302,4.7906,0.4328
1456.8000,70.6500,0.8450,37.7696,4.7906,0.4329
1456.9000,70.6422,0.8436,38.5623,4.7906,0.4329
1457.0000,70.6359,0.8422,39.4564,4.7906,0.4330
1457.1000,70.6330,0.8408,40.4840,4.7906,0.4331
1457.2000,70.6324,0.8394,41.2120,4.7906,0.4332
1457.3000,70.6335,0.8380,41.6927,4.7906,0.4333
1457.4000,70.6355,0.8366,42.2382,4.7906,0.4334
1457.5000,70.6396,0.8351,42.5030,4.7906,0.4334
1457.6000,70.6431,0.8337,42.4520,4.7906,0.4335
1457.7000,70.6470,0.8322,42.1209,4.7906,0.4336
1457.8000,70.6488,0.8307,41.1713,4.7906,0.4337
1457.9000,70.6477,0.8292,39.9325,4.7906,0.4338
1458.0000,70.6430,0.8277,38.8668,4.7906,0.4338
1458.1000,70.6363,0.8262,37.9439,4.7906,0.4339
1458.2000,70.6268,0.8247,37.3030,4.7906,0.4340
1458.3000,70.6169,0.8231,37.5640,4.7906,0.4341
1458.4000,70.6090,0.8216,38.1787,4.7906,0.4342
1458.5000,70.6025,0.8200,38.1739,4.7906,0.4343
1458.6000,70.5947,0.8185,37.6624,4.7906,0.4344
1458.7000,70.5856,0.8169,36.7662,4.7906,0.4345
1458.8000,70.5731,0.8153,35.6862,4.7906,0.4346
1458.9000,70.5585,0.8137,35.0223,4.7906,0.4347
1459.0000,70.5426,0.8121,35.0059,4.7906,0.4348
1459.1000,70.5281,0.8105,34.9238,4.7906,0.4349
1459.2000,70.5120,0.8089,34.3804,4.7906,0.4350
1459.3000,70.4948,0.8072,33.6625,4.7906,0.4351
1459.4000,70.4750,0.8056,32.4994,4.7906,0.4352
1459.5000,70.4518,0.8039,31.0613,4.7906,0.4353
1459.6000,70.4246,0.8022,30.1022,4.7906,0.4354
1459.7000,70.3964,0.8006,29.7534,4.7906,0.4355
1459.8000,70.3676,0.7989,29.4524,4.7906,0.4356
1459.9000,70.3381,0.7972,29.3574,4.7906,0.4357
1460.0000,70.3090,0.7955,30.0158,4.7906,0.4358
1460.1000,70.2833,0.7938,31.7163,4.7906,0.4359
1460.2000,70.2637,0.7921,33.7994,4.7906,0.4361
1460.3000,70.2494,0.7904,35.9572,4.7906,0.4361
1460.4000,70.2415,0.7886,38.0468,4.7906,0.4362
1460.5000,70.2386,0.7869,39.3629,4.7906,0.4363
1460.6000,70.2379,0.7852,39.5620,4.7906,0.4364
1460.7000,70.2362,0.7834,39.6743,4.7906,0.4365
1460.8000,70.2363,0.7816,40.2053,4.7906,0.4366
1460.9000,70.2376,0.7799,40.9772,4.7906,0.4367
1461.0000,70.2419,0.7781,41.8947,4.7906,0.4367
1461.1000,70.2482,0.7763,42.8035,4.7906,0.4368
1461.2000,70.2575,0.7745,43.5580,4.7906,0.4369
1461.3000,70.2679,0.7727,43.8289,4.7906,0.4370
1461.4000,70.2787,0.7709,44.0541,4.7906,0.4370
1461.5000,70.2904,0.7691,44.5571,4.7906,0.4371
1461.6000,70.3040,0.7673,44.9072,4.7906,0.4372
1461.7000,70.3176,0.7655,45.1107,4.7906,0.4373
1461.8000,70.3323,0.7636,45.5697,4.7906,0.4373
1461.9000,70.3484,0.7618,46.0820,4.7906,0.4374
1462.0000,70.3658,0.7599,46.4204,4.7906,0.4375
1462.1000,70.3838,0.7581,46.7467,4.7906,0.4375
1462.2000,70.4030,0.7562,46.7585,4.7906,0.4376
1462.3000,70.4210,0.7544,46.3122,4.7906,0.4377
1462.4000,70.4378,0.7525,45.6074,4.7906,0.4377
1462.5000,70.4521,0.7506,45.0318,4.7906,0.4378
1462.6000,70.4659,0.7487,44.9477,4.7906,0.4379
1462.7000,70.4797,0.7469,45.1659,4.7906,0.4380
1462.8000,70.4947,0.7450,45.3950,4.7906,0.4380
1462.9000,70.5098,0.7431,45.3536,4.7906,0.4381
1463.0000,70.5246,0.7412,44.8554,4.7906,0.4382
1463.1000,70.5371,0.7393,43.7564,4.7906,0.4382
1463.2000,70.5461,0.7374,42.3839,4.7906,0.4383
1463.3000,70.5512,0.7354,41.3494,4.7906,0.4384
1463.4000,70.5548,0.7335,40.6060,4.7906,0.4385
1463.5000,70.5561,0.7316,39.7207,4.7906,0.4386
1463.6000,70.5550,0.7297,39.0457,4.7906,0.4387
1463.7000,70.5529,0.7277,38.7868,4.7906,0.4388
1463.8000,70.5506,0.7258,38.2797,4.7906,0.4388
1463.9000,70.5458,0.7239,37.4718,4.7906,0.4389
1464.0000,70.5394,0.7219,36.6143,4.7906,0.4390
1464.1000,70.5302,0.7200,35.7334,4.7906,0.4391
1464.2000,70.5192,0.7180,34.9813,4.7906,0.4392
1464.3000,70.5062,0.7161,33.9792,4.7906,0.4393
1464.4000,70.4900,0.7141,32.8679,4.7906,0.4394
1464.5000,70.4713,0.7122,32.6100,4.7906,0.4395
1464.6000,70.4540,0.7102,32.6133,4.7906,0.4396
1464.7000,70.4355,0.7083,32.1279,4.7906,0.4397
1464.8000,70.4158,0.7063,32.0055,4.7906,0.4398
1464.9000,70.3969,0.7044,31.8393,4.7906,0.4399
1465.0000,70.3766,0.7024,30.9135,4.7906,0.4401
1465.1000,70.3529,0.7005,29.7973,4.7906,0.4402
1465.2000,70.3269,0.6985,29.1086,4.7906,0.4403
1465.3000,70.2998,0.6965,28.8430,4.7906,0.4404
1465.4000,70.2726,0.6946,28.7468,4.7906,0.4405
1465.5000,70.2453,0.6926,28.7995,4.7906,0.4406
1465.6000,70.2186,0.6907,29.2716,4.7906,0.4407
1465.7000,70.1941,0.6887,29.8003,4.7906,0.4408
1465.8000,70.1705,0.6867,30.1589,4.7906,0.4410
1465.9000,70.1482,0.6848,30.5925,4.7906,0.4411
1466.0000,70.1272,0.6828,30.8124,4.7906,0.4412
1466.1000,70.1063,0.6809,30.4818,4.7906,0.4413
1466.2000,70.0838,0.6789,30.0353,4.7906,0.4414
1466.3000,70.0607,0.6770,29.6955,4.7906,0.4415
1466.4000,70.0366,0.6750,29.5451,4.7906,0.4416
1466.5000,70.0130,0.6731,29.7821,4.7906,0.4417
1466.6000,69.9905,0.6711,30.6123,4.7906,0.4418
1466.7000,69.9716,0.6692,32.0284,4.7906,0.4419
1466.8000,69.9569,0.6672,33.6762,4.7906,0.4420
1466.9000,69.9471,0.6653,35.6741,4.7906,0.4421
1467.0000,69.9434,0.6633,37.8581,4.7906,0.4422
1467.1000,69.9455,0.6614,39.8619,4.7906,0.4423
1467.2000,69.9528,0.6595,41.2878,4.7906,0.4424
1467.3000,69.9627,0.6575,41.7775,4.7906,0.4425
1467.4000,69.9726,0.6556,41.7918,4.7906,0.4426
1467.5000,69.9827,0.6537,42.1783,4.7906,0.4426
1467.6000,69.9948,0.6517,42.4944,4.7906,0.4427
1467.7000,70.0067,0.6498,42.5694,4.7906,0.4428
1467.8000,70.0192,0.6479,43.2213,4.7906,0.4429
1467.9000,70.0347,0.6460,44.2394,4.7906,0.4429
1468.0000,70.0527,0.6440,44.8576,4.7906,0.4430
1468.1000,70.0715,0.6421,45.3103,4.7906,0.4431
1468.2000,70.0920,0.6402,45.7730,4.7906,0.4432
1468.3000,70.1133,0.6383,45.5854,4.7906,0.4432
1468.4000,70.1328,0.6364,44.8653,4.7906,0.4433
1468.5000,70.1502,0.6345,43.9775,4.7906,0.4434
1468.6000,70.1650,0.6326,42.8801,4.7906,0.4435
1468.7000,70.1765,0.6307,41.7364,4.7906,0.4435
1468.8000,70.1851,0.6288,41.1754,4.7906,0.4436
1468.9000,70.1937,0.6269,40.6630,4.7906,0.4437
1469.0000,70.1997,0.6250,39.5735,4.7906,0.4438
1469.1000,70.2025,0.6232,38.4214,4.7906,0.4439
1469.2000,70.2024,0.6213,37.4210,4.7906,0.4440
1469.3000,70.2000,0.6194,36.1656,4.7906,0.4441
1469.4000,70.1932,0.6176,34.7793,4.7906,0.4442
1469.5000,70.1835,0.6157,33.7855,4.7906,0.4443
1469.6000,70.1716,0.6139,33.2474,4.7906,0.4444
1469.7000,70.1592,0.6120,32.8820,4.7906,0.4445
1469.8000,70.1455,0.6102,32.8814,4.7906,0.4446
1469.9000,70.1333,0.6084,33.6835,4.7906,0.4447
1470.0000,70.1241,0.6065,34.7522,4.7906,0.4448
1470.1000,70.1178,0.6047,35.6581,4.7906,0.4449
1470.2000,70.1137,0.6029,36.3690,4.7906,0.4450
1470.3000,70.1114,0.6011,36.7485,4.7906,0.4451
1470.4000,70.1094,0.5993,37.0690,4.7906,0.4452
1470.5000,70.1090,0.5975,37.5535,4.7906,0.4452
1470.6000,70.1097,0.5957,37.5424,4.7906,0.4453
1470.7000,70.1093,0.5940,37.5400,4.7906,0.4454
1470.8000,70.1102,0.5922,37.8471,4.7906,0.4455
1470.9000,70.1116,0.5904,37.8329,4.7906,0.4456
1471.0000,70.1125,0.5887,37.8069,4.7906,0.4457
1471.1000,70.1138,0.5869,38.4996,4.7906,0.4458
1471.2000,70.1186,0.5852,39.2442,4.7906,0.4459
1471.3000,70.1240,0.5835,39.5317,4.7906,0.4460
1471.4000,70.1304,0.5818,39.9794,4.7906,0.4460
1471.5000,70.1384,0.5801,40.4498,4.7906,0.4461
1471.6000,70.1474,0.5784,40.3583,4.7906,0.4462
1471.7000,70.1549,0.5767,40.2664,4.7906,0.4463
1471.8000,70.1634,0.5750,40.5165,4.7906,0.4464
1471.9000,70.1723,0.5733,40.6739,4.7906,0.4465
1472.0000,70.1818,0.5716,41.5228,4.7906,0.4465
1472.1000,70.1953,0.5700,43.3187,4.7906,0.4466
1472.2000,70.2145,0.5683,44.9071,4.7906,0.4467
1472.3000,70.2366,0.5667,46.0495,4.7906,0.4468
1472.4000,70.2619,0.5651,46.6814,4.7906,0.4468
1472.5000,70.2873,0.5635,45.7483,4.7906,0.4469
1472.6000,70.3075,0.5618,43.8868,4.7906,0.4470
1472.7000,70.3229,0.5602,42.4174,4.7906,0.4471
1472.8000,70.3352,0.5587,41.4430,4.7906,0.4471
1472.9000,70.3454,0.5571,40.7993,4.7906,0.4472
1473.0000,70.3544,0.5555,40.8707,4.7906,0.4473
1473.1000,70.3650,0.5539,41.2473,4.7906,0.4474
1473.2000,70.3760,0.5524,40.8923,4.7906,0.4475
1473.3000,70.3848,0.5509,40.1964,4.7906,0.4475
1473.4000,70.3921,0.5493,40.1047,4.7906,0.4476
1473.5000,70.4004,0.5478,40.5794,4.7906,0.4477
1473.6000,70.4103,0.5463,41.0382,4.7906,0.4478
1473.7000,70.4212,0.5448,41.5098,4.7906,0.4479
1473.8000,70.4336,0.5434,42.3879,4.7906,0.4480
1473.9000,70.4492,0.5419,42.9616,4.7906,0.4480
1474.0000,70.4648,0.5404,42.4766,4.7906,0.4481
1474.1000,70.4778,0.5390,41.7068,4.7906,0.4482
1474.2000,70.4892,0.5376,41.0195,4.7906,0.4483
1474.3000,70.4985,0.5361,39.8553,4.7906,0.4484
1474.4000,70.5038,0.5347,38.4975,4.7906,0.4484
1474.5000,70.5059,0.5333,37.7418,4.7906,0.4485
1474.6000,70.5072,0.5320,37.6828,4.7906,0.4486
1474.7000,70.5091,0.5306,38.0120,4.7906,0.4487
1474.8000,70.5122,0.5292,38.2920,4.7906,0.4488
1474.9000,70.5157,0.5279,38.5500,4.7906,0.4489
1475.0000,70.5203,0.5266,38.9151,4.7906,0.4490
1475.1000,70.5257,0.5253,39.2580,4.7906,0.4491
1475.2000,70.5322,0.5240,39.7523,4.7906,0.4492
1475.3000,70.5404,0.5227,40.3184,4.7906,0.4492
1475.4000,70.5499,0.5214,40.9768,4.7906,0.4493
1475.5000,70.5617,0.5201,41.4549,4.7906,0.4494
1475.6000,70.5738,0.5189,41.4173,4.7906,0.4495
1475.7000,70.5853,0.5177,41.1010,4.7906,0.4496
1475.8000,70.5958,0.5164,40.7869,4.7906,0.4497
1475.9000,70.6057,0.5152,40.1606,4.7906,0.4497
1476.0000,70.6128,0.5141,39.2187,4.7906,0.4498
1476.1000,70.6177,0.5129,38.4436,4.7906,0.4499
1476.2000,70.6207,0.5117,37.4905,4.7906,0.4500
1476.3000,70.6205,0.5106,36.3947,4.7906,0.4501
1476.4000,70.6178,0.5095,35.3983,4.7906,0.4502
1476.5000,70.6124,0.5083,34.6020,4.7906,0.4503
1476.6000,70.6055,0.5072,33.7565,4.7906,0.4504
1476.7000,70.5957,0.5062,32.9992,4.7906,0.4505
1476.8000,70.5848,0.5051,32.1360,4.7906,0.4506
1476.9000,70.5705,0.5040,31.2929,4.7906,0.4507
1477.0000,70.5554,0.5030,30.6200,4.7906,0.4508
1477.1000,70.5376,0.5020,29.7865,4.7906,0.4509
1477.2000,70.5181,0.5010,29.4137,4.7906,0.4510
1477.3000,70.4985,0.5000,29.8764,4.7906,0.4512
1477.4000,70.4817,0.4990,30.7226,4.7906,0.4513
1477.5000,70.4668,0.4981,31.4524,4.7906,0.4514
1477.6000,70.4540,0.4971,31.9537,4.7906,0.4515
1477.7000,70.4420,0.4962,32.2911,4.7906,0.4516
1477.8000,70.4311,0.4953,32.6059,4.7906,0.4517
1477.9000,70.4208,0.4944,32.6081,4.7906,0.4518
1478.0000,70.4101,0.4936,32.5290,4.7906,0.4519
1478.1000,70.3995,0.4927,33.1125,4.7906,0.4520
1478.2000,70.3920,0.4919,33.8855,4.7906,0.4521
1478.3000,70.3857,0.4911,34.3006,4.7906,0.4522
1478.4000,70.3805,0.4903,34.5847,4.7906,0.4523
1478.5000,70.3758,0.4895,34.7936,4.7906,0.4524
1478.6000,70.3719,0.4887,34.8825,4.7906,0.4525
1478.7000,70.3677,0.4880,34.8664,4.7906,0.4526
1478.8000,70.3637,0.4872,34.3872,4.7906,0.4527
1478.9000,70.3570,0.4865,33.7450,4.7906,0.4528
1479.0000,70.3497,0.4858,33.2435,4.7906,0.4529
1479.1000,70.3404,0.4851,32.6053,4.7906,0.4530
1479.2000,70.3298,0.4845,32.1407,4.7906,0.4531
1479.3000,70.3181,0.4838,32.5711,4.7906,0.4532
1479.4000,70.3098,0.4832,33.7182,4.7906,0.4533
1479.5000,70.3044,0.4826,34.9530,4.7906,0.4534
1479.6000,70.3029,0.4820,35.8400,4.7906,0.4535
1479.7000,70.3023,0.4814,35.5964,4.7906,0.4536
1479.8000,70.2994,0.4809,34.1659,4.7906,0.4537
1479.9000,70.2912,0.4803,32.1210,4.7906,0.4538
1480.0000,70.2775,0.4798,29.7602,4.7906,0.4539
1480.1000,70.2567,0.4793,27.6984,4.7906,0.4540
1480.2000,70.2320,0.4788,26.8941,4.7906,0.4542
1480.3000,70.2070,0.4784,26.9841,4.7906,0.4543
1480.4000,70.1830,0.4779,27.4844,4.7906,0.4544
1480.5000,70.1609,0.4775,28.4145,4.7906,0.4545
1480.6000,70.1420,0.4771,29.5798,4.7906,0.4546
1480.7000,70.1262,0.4767,30.6055,4.7906,0.4547
1480.8000,70.1130,0.4763,31.4942,4.7906,0.4548
1480.9000,70.1021,0.4760,32.4038,4.7906,0.4549
1481.0000,70.0938,0.4757,32.9726,4.7906,0.4550
1481.1000,70.0861,0.4754,33.1580,4.7906,0.4551
1481.2000,70.0789,0.4751,33.5455,4.7906,0.4552
1481.3000,70.0733,0.4748,34.1019,4.7906,0.4553
1481.4000,70.0692,0.4745,34.2143,4.7906,0.4554
1481.5000,70.0642,0.4743,34.7508,4.7906,0.4555
1481.6000,70.0630,0.4741,35.2510,4.7906,0.4556
1481.7000,70.0608,0.4739,34.8535,4.7906,0.4557
1481.8000,70.0574,0.4737,34.0546,4.7906,0.4558
1481.9000,70.0509,0.4735,32.6296,4.7906,0.4559
1482.0000,70.0400,0.4734,30.6953,4.7906,0.4561
1482.1000,70.0231,0.4733,29.5282,4.7906,0.4562
1482.2000,70.0059,0.4732,29.3657,4.7906,0.4563
1482.3000,69.9883,0.4731,29.6591,4.7906,0.4564
1482.4000,69.9728,0.4730,30.9209,4.7906,0.4565
1482.5000,69.9621,0.4730,32.2544,4.7906,0.4566
1482.6000,69.9538,0.4729,32.7379,4.7906,0.4567
1482.7000,69.9457,0.4729,32.7228,4.7906,0.4568
1482.8000,69.9374,0.4730,32.8882,4.7906,0.4569
1482.9000,69.9303,0.4730,33.5650,4.7906,0.4570
1483.0000,69.9257,0.4730,34.9377,4.7906,0.4571
1483.1000,69.9260,0.4731,36.6437,4.7906,0.4572
1483.2000,69.9306,0.4732,38.0066,4.7906,0.4573
1483.3000,69.9382,0.4733,38.9064,4.7906,0.4574
1483.4000,69.9476,0.4734,39.1899,4.7906,0.4575
1483.5000,69.9567,0.4736,38.9595,4.7906,0.4576
1483.6000,69.9648,0.4738,38.9307,4.7906,0.4576
1483.7000,69.9737,0.4739,39.6170,4.7906,0.4577
1483.8000,69.9855,0.4742,40.9392,4.7906,0.4578
1483.9000,70.0014,0.4744,42.1642,4.7906,0.4579
1484.0000,70.0196,0.4746,43.1090,4.7906,0.4580
1484.1000,70.0405,0.4749,44.0880,4.7906,0.4580
1484.2000,70.0639,0.4752,44.6184,4.7906,0.4581
1484.3000,70.0875,0.4755,44.4382,4.7906,0.4582
1484.4000,70.1097,0.4758,44.3439,4.7906,0.4583
1484.5000,70.1326,0.4762,44.3052,4.7906,0.4583
1484.6000,70.1545,0.4765,43.8395,4.7906,0.4584
1484.7000,70.1747,0.4769,43.5328,4.7906,0.4585
1484.8000,70.1948,0.4773,43.4773,4.7906,0.4586
1484.9000,70.2146,0.4778,43.4437,4.7906,0.4586
1485.0000,70.2343,0.4782,43.6955,4.7906,0.4587
1485.1000,70.2553,0.4787,44.4012,4.7906,0.4588
1485.2000,70.2787,0.4792,44.9227,4.7906,0.4589
1485.3000,70.3023,0.4797,45.2130,4.7906,0.4589
1485.4000,70.3270,0.4802,45.2267,4.7906,0.4590
1485.5000,70.3505,0.4808,44.4540,4.7906,0.4591
1485.6000,70.3709,0.4813,43.0154,4.7906,0.4592
1485.7000,70.3865,0.4819,41.6726,4.7906,0.4592
1485.8000,70.3996,0.4825,40.7706,4.7906,0.4593
1485.9000,70.4102,0.4831,39.9367,4.7906,0.4594
1486.0000,70.4187,0.4838,39.1642,4.7906,0.4595
1486.1000,70.4251,0.4845,38.5572,4.7906,0.4596
1486.2000,70.4303,0.4851,38.1051,4.7906,0.4597
1486.3000,70.4342,0.4859,37.2579,4.7906,0.4598
1486.4000,70.4347,0.4866,36.5458,4.7906,0.4599
1486.5000,70.4348,0.4873,36.5014,4.7906,0.4600
1486.6000,70.4350,0.4881,36.9043,4.7906,0.4600
1486.7000,70.4372,0.4889,37.5762,4.7906,0.4601
1486.8000,70.4409,0.4897,38.3076,4.7906,0.4602
1486.9000,70.4469,0.4905,39.6526,4.7906,0.4603
1487.0000,70.4578,0.4914,41.3580,4.7906,0.4604
1487.1000,70.4729,0.4922,42.1548,4.7906,0.4605
1487.2000,70.4879,0.4931,41.8898,4.7906,0.4606
1487.3000,70.5013,0.4940,40.8734,4.7906,0.4606
1487.4000,70.5108,0.4950,38.6448,4.7906,0.4607
1487.5000,70.5121,0.4959,36.1474,4.7906,0.4608
1487.6000,70.5081,0.4969,34.6507,4.7906,0.4609
1487.7000,70.5014,0.4979,33.7427,4.7906,0.4610
1487.8000,70.4925,0.4989,33.6488,4.7906,0.4611
1487.9000,70.4853,0.4999,34.3315,4.7906,0.4612
1488.0000,70.4801,0.5009,34.7195,4.7906,0.4613
1488.1000,70.4749,0.5020,34.5105,4.7906,0.4614
1488.2000,70.4685,0.5031,34.3710,4.7906,0.4615
1488.3000,70.4625,0.5042,34.3511,4.7906,0.4616
1488.4000,70.4559,0.5053,33.9004,4.7906,0.4617
1488.5000,70.4475,0.5064,33.4148,4.7906,0.4618
1488.6000,70.4383,0.5076,33.3265,4.7906,0.4619
1488.7000,70.4294,0.5088,33.5519,4.7906,0.4620
1488.8000,70.4213,0.5100,38.3491,4.7906,0.4621
1488.9000,70.4381,0.5112,47.8681,4.7906,0.4622
1489.0000,70.4809,0.5124,57.5488,4.7906,0.4622
1489.1000,70.5492,0.5137,67.0849,4.7906,0.4622
1489.2000,70.6425,0.5149,76.2542,4.7906,0.4622
1489.3000,70.7590,0.5162,80.6903,4.7906,0.4622
1489.4000,70.8748,0.5176,80.6695,4.7906,0.4622
1489.5000,70.9900,0.5189,80.6494,4.7906,0.4621
1489.6000,71.1047,0.5203,80.6299,4.7906,0.4621
1489.7000,71.2187,0.5216,80.6111,4.7906,0.4621
1489.8000,71.3321,0.5230,80.5929,4.7906,0.4621
1489.9000,71.4449,0.5245,80.5754,4.7906,0.4621
1490.0000,71.5571,0.5259,80.5585,4.7906,0.4620
1490.1000,71.6687,0.5274,80.5422,4.7906,0.4620
1490.2000,71.7798,0.5288,80.5266,4.7906,0.4620
1490.3000,71.8903,0.5304,80.5117,4.7906,0.4620
1490.4000,72.0001,0.5319,80.4974,4.7906,0.4619
1490.5000,72.1095,0.5334,80.4837,4.7906,0.4619
1490.6000,72.2182,0.5350,80.4707,4.7906,0.4619
1490.7000,72.3264,0.5366,80.4583,4.7906,0.4619
1490.8000,72.4340,0.5382,80.4466,4.7906,0.4619
1490.9000,72.5411,0.5398,80.4355,4.7906,0.4618
1491.0000,72.6476,0.5415,80.4251,4.7906,0.4618
1491.1000,72.7536,0.5432,80.4153,4.7906,0.4618
1491.2000,72.8591,0.5448,80.4061,4.7906,0.4618
1491.3000,72.9640,0.5466,80.3976,4.7906,0.4617
1491.4000,73.0683,0.5483,80.3897,4.7906,0.4617
1491.5000,73.1722,0.5501,80.3824,4.7906,0.4617
1491.6000,73.2755,0.5518,80.3758,4.7906,0.4617
1491.7000,73.3783,0.5536,80.3698,4.7906,0.4617
1491.8000,73.4805,0.5554,80.3644,4.7906,0.4616
1491.9000,73.5823,0.5573,80.3597,4.7906,0.4616
1492.0000,73.6835,0.5591,80.3556,4.7906,0.4616
1492.1000,73.7843,0.5610,80.3521,4.7906,0.4616
1492.2000,73.8845,0.5629,80.3493,4.7906,0.4615
1492.3000,73.9842,0.5648,80.3471,4.7906,0.4615
1492.4000,74.0835,0.5668,80.3455,4.7906,0.4615
1492.5000,74.1822,0.5687,80.3445,4.7906,0.4615
1492.6000,74.2805,0.5707,80.3441,4.7906,0.4615
1492.7000,74.3782,0.5727,80.3444,4.7906,0.4614
1492.8000,74.4755,0.5748,80.3453,4.7906,0.4614
1492.9000,74.5723,0.5768,80.3468,4.7906,0.4614
1493.0000,74.6687,0.5789,80.3489,4.7906,0.4614
1493.1000,74.7645,0.5809,80.3516,4.7906,0.4613
1493.2000,74.8599,0.5830,80.3549,4.7906,0.4613
1493.3000,74.9549,0.5852,80.3588,4.7906,0.4613
1493.4000,75.0493,0.5873,80.3633,4.7906,0.4613
1493.5000,75.1433,0.5895,80.3685,4.7906,0.4613
1493.6000,75.2369,0.5916,80.3742,4.7906,0.4612
1493.7000,75.3300,0.5938,80.3805,4.7906,0.4612
1493.8000,75.4226,0.5961,80.3874,4.7906,0.4612
1493.9000,75.5148,0.5983,80.3950,4.7906,0.4612
1494.0000,75.6066,0.6005,80.4031,4.7906,0.4611
1494.1000,75.6979,0.6028,80.4117,4.7906,0.4611
1494.2000,75.7888,0.6051,80.4210,4.7906,0.4611
1494.3000,75.8792,0.6074,80.4309,4.7906,0.4611
1494.4000,75.9693,0.6098,80.4413,4.7906,0.4611
1494.5000,76.0588,0.6121,80.4523,4.7906,0.4610
1494.6000,76.1480,0.6145,80.4639,4.7906,0.4610
1494.7000,76.2367,0.6169,80.4761,4.7906,0.4610
1494.8000,76.3251,0.6193,80.4888,4.7906,0.4610
1494.9000,76.4130,0.6217,80.5021,4.7906,0.4609
1495.0000,76.5005,0.6241,80.5159,4.7906,0.4609
1495.1000,76.5875,0.6266,80.5303,4.7906,0.4609
1495.2000,76.6742,0.6291,80.5453,4.7906,0.4609
1495.3000,76.7605,0.6315,80.5608,4.7906,0.4608
1495.4000,76.8463,0.6341,80.5769,4.7906,0.4608
1495.5000,76.9318,0.6366,80.5935,4.7906,0.4608
1495.6000,77.0169,0.6391,80.6107,4.7906,0.4608
1495.7000,77.1015,0.6417,80.6284,4.7906,0.4608
1495.8000,77.1858,0.6443,80.6466,4.7906,0.4607
1495.9000,77.2697,0.6468,80.6654,4.7906,0.4607
1496.0000,77.3532,0.6495,80.6847,4.7906,0.4607
1496.1000,77.4363,0.6521,80.7045,4.7906,0.4607
1496.2000,77.5190,0.6547,80.7249,4.7906,0.4606
1496.3000,77.6014,0.6574,80.7458,4.7906,0.4606
1496.4000,77.6834,0.6600,80.7672,4.7906,0.4606
1496.5000,77.7650,0.6627,80.7891,4.7906,0.4606
1496.6000,77.8462,0.6654,80.8115,4.7906,0.4606
1496.7000,77.9271,0.6682,80.8344,4.7906,0.4605
1496.8000,78.0076,0.6709,80.8578,4.7906,0.4605
1496.9000,78.0877,0.6736,80.8818,4.7906,0.4605
1497.0000,78.1674,0.6764,80.9062,4.7906,0.4605
1497.1000,78.2469,0.6792,80.9311,4.7906,0.4604
1497.2000,78.3259,0.6820,80.9565,4.7906,0.4604
1497.3000,78.4046,0.6848,80.9823,4.7906,0.4604
1497.4000,78.4829,0.6876,81.0087,4.7906,0.4604
1497.5000,78.5609,0.6904,81.0355,4.7906,0.4603
1497.6000,78.6386,0.6933,81.0628,4.7906,0.4603
1497.7000,78.7158,0.6961,81.0906,4.7906,0.4603
1497.8000,78.7928,0.6990,81.1188,4.7906,0.4603
1497.9000,78.8694,0.7019,81.1474,4.7906,0.4602
1498.0000,78.9457,0.7048,81.1766,4.7906,0.4602
1498.1000,79.0216,0.7077,81.2061,4.7906,0.4602
1498.2000,79.0972,0.7106,81.2362,4.7906,0.4602
1498.3000,79.1724,0.7135,81.2666,4.7906,0.4601
1498.4000,79.2474,0.7165,81.2975,4.7906,0.4601
1498.5000,79.3220,0.7194,81.3288,4.7906,0.4601
1498.6000,79.3962,0.7224,81.3606,4.7906,0.4601
1498.7000,79.4702,0.7254,81.3927,4.7906,0.4600
1498.8000,79.5438,0.7283,81.4253,4.7906,0.4600
1498.9000,79.6171,0.7313,81.4583,4.7906,0.4600
1499.0000,79.6901,0.7343,81.4917,4.7906,0.4600
1499.1000,79.7627,0.7374,81.5255,4.7906,0.4599
1499.2000,79.8351,0.7404,81.5597,4.7906,0.4599
1499.3000,79.9071,0.7434,81.5943,4.7906,0.4599
1499.4000,79.9788,0.7465,81.6293,4.7906,0.4599
1499.5000,80.0502,0.7495,81.6646,4.7906,0.4598
1499.6000,80.1213,0.7526,81.7004,4.7906,0.4598
1499.7000,80.1921,0.7556,81.7365,4.7906,0.4598
1499.8000,80.2626,0.7587,81.7730,4.7906,0.4598
1499.9000,80.3328,0.7618,81.8098,4.7906,0.4597
