t_s,v_kmh,grade_pct,P_wheel_kW,fuel_g_per_s,SOC
0.0000,0.2280,0.2524,0.3226,0.0000,0.5500
0.1000,0.4560,0.2524,0.7369,0.0000,0.5500
0.2000,0.7600,0.2524,1.5341,0.0000,0.5500
0.3000,1.1400,0.2524,2.5306,0.0000,0.5499
0.4000,1.5200,0.2524,3.3741,0.0000,0.5499
0.5000,1.8999,0.2524,4.2177,0.0000,0.5499
0.6000,2.2799,0.2524,5.0613,0.0000,0.5499
0.7000,2.6599,0.2525,5.9048,0.0000,0.5498
0.8000,3.0398,0.2525,6.7484,0.0000,0.5498
0.9000,3.4197,0.2525,7.5918,0.0000,0.5498
1.0000,3.7996,0.2525,8.4351,0.0000,0.5497
1.1000,4.1795,0.2525,9.2782,0.0000,0.5497
1.2000,4.5593,0.2525,10.1211,0.0000,0.5496
1.3000,4.9391,0.2525,10.9637,0.0000,0.5496
1.4000,5.3188,0.2526,11.8058,0.0000,0.5496
1.5000,5.6984,0.2526,12.6476,0.0000,0.5495
1.6000,6.0780,0.2526,13.4887,0.0000,0.5495
1.7000,6.4574,0.2526,14.3292,0.0000,0.5494
1.8000,6.8368,0.2527,15.1690,0.0000,0.5493
1.9000,7.2160,0.2527,16.0078,0.0000,0.5493
2.0000,7.5951,0.2527,16.8457,0.0000,0.5492
2.1000,7.9741,0.2528,17.6824,0.0000,0.5492
2.2000,8.3529,0.2528,18.5179,0.0000,0.5491
2.3000,8.7316,0.2528,19.3520,0.0000,0.5490
2.4000,9.1100,0.2529,20.1845,0.0000,0.5490
2.5000,9.4882,0.2529,21.0153,0.0000,0.5489
2.6000,9.8663,0.2529,21.8442,0.0000,0.5488
2.7000,10.2440,0.2530,22.6711,0.0000,0.5487
2.8000,10.6215,0.2530,23.4958,0.0000,0.5487
2.9000,10.9987,0.2531,24.3181,0.0000,0.5486
3.0000,11.3757,0.2531,25.1377,0.0000,0.5485
3.1000,11.7523,0.2531,25.9546,0.0000,0.5484
3.2000,12.1285,0.2532,26.7685,0.0000,0.5483
3.3000,12.5044,0.2532,27.5792,0.0000,0.5482
3.4000,12.8799,0.2533,28.3864,0.0000,0.5481
3.5000,13.2549,0.2533,29.1901,0.0000,0.5480
3.6000,13.6296,0.2534,29.9899,0.0000,0.5480
3.7000,14.0037,0.2534,30.7855,0.0000,0.5479
3.8000,14.3774,0.2535,31.5769,0.0000,0.5478
3.9000,14.7505,0.2536,32.3637,0.0000,0.5477
4.0000,15.1231,0.2536,33.1457,0.0000,0.5475
4.1000,15.4952,0.2537,33.9226,0.0000,0.5474
4.2000,15.8666,0.2537,34.6942,0.0000,0.5473
4.3000,16.2374,0.2538,35.4603,0.0000,0.5472
4.4000,16.6075,0.2538,36.2206,0.0000,0.5471
4.5000,16.9770,0.2539,36.9747,0.0000,0.5470
4.6000,17.3457,0.2540,37.7226,0.0000,0.5469
4.7000,17.7137,0.2540,38.4638,0.0000,0.5468
4.8000,18.0809,0.2541,39.1982,0.0000,0.5466
4.9000,18.4473,0.2542,39.9254,0.0000,0.5465
5.0000,18.8129,0.2542,40.6452,0.0000,0.5464
5.1000,19.1776,0.2543,41.3573,0.0000,0.5463
5.2000,19.5413,0.2544,42.0614,0.0000,0.5461
5.3000,19.9042,0.2544,42.7574,0.0000,0.5460
5.4000,20.2660,0.2545,43.4448,0.0000,0.5459
5.5000,20.6269,0.2546,44.1235,0.0000,0.5457
5.6000,20.9867,0.2546,44.7931,0.0000,0.5456
5.7000,21.3455,0.2547,45.4535,0.0000,0.5455
5.8000,21.7031,0.2548,46.1042,0.0000,0.5453
5.9000,22.0596,0.2548,46.7452,0.0000,0.5452
6.0000,22.4150,0.2549,47.3761,0.0000,0.5450
6.1000,22.7691,0.2550,47.9966,0.0000,0.5449
6.2000,23.1220,0.2551,48.6065,0.0000,0.5447
6.3000,23.4736,0.2551,49.2056,0.0000,0.5446
6.4000,23.8239,0.2552,49.7936,0.0000,0.5444
6.5000,24.1728,0.2553,50.3702,0.0000,0.5443
6.6000,24.5204,0.2554,50.9353,0.0000,0.5441
6.7000,24.8665,0.2554,51.4886,0.0000,0.5440
6.8000,25.2112,0.2555,52.0299,0.0000,0.5438
6.9000,25.5544,0.2556,52.5590,0.0000,0.5437
7.0000,25.8961,0.2557,53.0756,0.0000,0.5435
7.1000,26.2362,0.2557,53.5796,0.0000,0.5434
7.2000,26.5747,0.2558,54.0708,0.0000,0.5432
7.3000,26.9116,0.2559,54.5489,0.0000,0.5430
7.4000,27.2469,0.2560,55.0139,0.0000,0.5429
7.5000,27.5804,0.2560,55.4655,0.0000,0.5427
7.6000,27.9122,0.2561,55.9035,0.0000,0.5425
7.7000,28.2423,0.2562,56.3279,0.0000,0.5424
7.8000,28.5706,0.2563,56.7384,0.0000,0.5422
7.9000,28.8971,0.2563,57.1350,0.0000,0.5420
8.0000,29.2217,0.2564,57.5175,0.0000,0.5419
8.1000,29.5444,0.2565,57.8859,0.0000,0.5417
8.2000,29.8652,0.2566,58.2399,0.0000,0.5415
8.3000,30.1841,0.2566,58.5796,0.0000,0.5413
8.4000,30.5009,0.2567,58.9048,0.0000,0.5412
8.5000,30.8158,0.2568,59.2154,0.0000,0.5410
8.6000,31.1286,0.2569,59.5115,0.0000,0.5408
8.7000,31.4394,0.2569,59.7930,0.0000,0.5406
8.8000,31.7481,0.2570,60.0597,0.0000,0.5405
8.9000,32.0546,0.2571,60.3118,0.0000,0.5403
9.0000,32.3590,0.2572,60.5492,0.0000,0.5401
9.1000,32.6613,0.2572,60.7718,0.0000,0.5399
9.2000,32.9613,0.2573,60.9797,0.0000,0.5398
9.3000,33.2591,0.2574,61.1730,0.0000,0.5396
9.4000,33.5547,0.2574,61.3516,0.0000,0.5394
9.5000,33.8480,0.2575,61.5156,0.0000,0.5392
9.6000,34.1390,0.2576,61.6650,0.0000,0.5390
9.7000,34.4277,0.2576,61.8000,0.0000,0.5388
9.8000,34.7141,0.2577,61.9205,0.0000,0.5387
9.9000,34.9981,0.2578,62.0267,0.0000,0.5385
10.0000,35.2797,0.2578,62.1187,0.0000,0.5383
10.1000,35.5590,0.2579,62.1965,0.0000,0.5381
10.2000,35.8358,0.2580,62.2604,0.0000,0.5379
10.3000,36.1102,0.2580,62.3104,0.0000,0.5378
10.4000,36.3822,0.2581,62.3466,0.0000,0.5376
10.5000,36.6517,0.2581,62.3693,0.0000,0.5374
10.6000,36.9187,0.2582,62.3785,0.0000,0.5372
10.7000,37.1833,0.2582,62.3745,0.0000,0.5370
10.8000,37.4453,0.2583,62.3573,0.0000,0.5368
10.9000,37.7048,0.2584,62.3273,0.0000,0.5367
11.0000,37.9619,0.2584,62.2846,0.0000,0.5365
11.1000,38.2163,0.2585,62.2293,0.0000,0.5363
11.2000,38.4683,0.2585,62.1618,0.0000,0.5361
11.3000,38.7177,0.2586,62.0821,0.0000,0.5359
11.4000,38.9645,0.2586,61.9906,0.0000,0.5358
11.5000,39.2088,0.2587,61.8874,0.0000,0.5356
11.6000,39.4505,0.2587,61.7729,0.0000,0.5354
11.7000,39.6897,0.2587,59.8097,0.0000,0.5352
11.8000,39.9088,0.2588,55.8908,0.0000,0.5351
11.9000,40.1073,0.2588,51.9430,0.0000,0.5349
12.0000,40.2863,0.2589,47.8815,0.0000,0.5348
12.1000,40.4443,0.2589,43.6637,0.0000,0.5346
12.2000,40.5819,0.2589,41.1332,0.0000,0.5345
12.3000,40.7148,0.2590,40.3520,0.0000,0.5344
12.4000,40.8437,0.2590,39.6758,0.0000,0.5343
12.5000,40.9689,0.2590,39.2247,0.0000,0.5342
12.6000,41.0922,0.2591,38.8799,0.0000,0.5340
12.7000,41.2130,0.2591,38.5974,0.0000,0.5339
12.8000,41.3325,0.2591,38.3715,0.0000,0.5338
12.9000,41.4500,0.2591,37.8598,0.0000,0.5337
13.0000,41.5637,0.2592,37.2101,0.0000,0.5336
13.1000,41.6741,0.2592,36.7511,0.0000,0.5335
13.2000,41.7826,0.2592,36.4663,0.0000,0.5334
13.3000,41.8894,0.2592,36.0741,0.0000,0.5333
13.4000,41.9932,0.2592,35.4762,0.0000,0.5332
13.5000,42.0937,0.2592,34.7196,0.0000,0.5331
13.6000,42.1898,0.2593,33.7295,0.0000,0.5330
13.7000,42.2805,0.2593,32.3977,0.0000,0.5329
13.8000,42.3640,0.2593,31.1406,0.0000,0.5328
13.9000,42.4428,0.2593,30.6095,0.0000,0.5327
14.0000,42.5209,0.2593,30.3156,0.0000,0.5326
14.1000,42.5964,0.2593,29.8306,0.0000,0.5325
14.2000,42.6696,0.2593,29.7666,0.0000,0.5324
14.3000,42.7440,0.2593,29.9616,0.0000,0.5323
14.4000,42.8183,0.2593,29.5974,0.0000,0.5322
14.5000,42.8889,0.2593,29.0294,0.0000,0.5322
14.6000,42.9576,0.2593,28.7426,0.0000,0.5321
14.7000,43.0252,0.2593,28.2614,0.0000,0.5320
14.8000,43.0892,0.2593,27.7133,0.0000,0.5319
14.9000,43.1514,0.2593,27.1753,0.0000,0.5318
15.0000,43.2103,0.2592,26.5218,0.0000,0.5317
15.1000,43.2664,0.2592,25.9353,0.0000,0.5317
15.2000,43.3197,0.2592,25.3809,0.0000,0.5316
15.3000,43.3706,0.2592,24.8038,0.0000,0.5315
15.4000,43.4186,0.2592,24.4370,0.0000,0.5314
15.5000,43.4660,0.2591,24.4462,0.0000,0.5314
15.6000,43.5137,0.2591,24.4338,0.0000,0.5313
15.7000,43.5607,0.2591,24.3237,0.0000,0.5312
15.8000,43.6072,0.2591,23.9909,0.0000,0.5311
15.9000,43.6510,0.2590,23.2666,0.0000,0.5311
16.0000,43.6908,0.2590,22.1957,0.0000,0.5310
16.1000,43.7251,0.2590,20.8041,0.0000,0.5309
16.2000,43.7528,0.2589,19.2113,0.0000,0.5309
16.3000,43.7732,0.2589,17.5865,0.0000,0.5308
16.4000,43.7867,0.2589,16.1300,0.0000,0.5308
16.5000,43.7945,0.2588,14.8760,0.0000,0.5307
16.6000,43.7972,0.2588,14.0733,0.0000,0.5307
16.7000,43.7980,0.2588,13.5021,0.0000,0.5306
16.8000,43.7958,0.2587,12.9613,0.0000,0.5306
16.9000,43.7920,0.2587,12.7884,0.0000,0.5305
17.0000,43.7882,0.2586,12.9852,0.0000,0.5305
17.1000,43.7861,0.2586,13.4111,0.0000,0.5305
17.2000,43.7861,0.2585,13.9509,0.0000,0.5304
17.3000,43.7887,0.2585,14.4928,0.0000,0.5304
17.4000,43.7933,0.2584,14.9249,0.0000,0.5303
17.5000,43.7996,0.2584,15.2347,0.0000,0.5303
17.6000,43.8069,0.2583,15.3144,0.0000,0.5302
17.7000,43.8138,0.2583,15.4693,0.0000,0.5302
17.8000,43.8224,0.2582,15.9561,0.0000,0.5301
17.9000,43.8334,0.2581,16.3413,0.0000,0.5301
18.0000,43.8453,0.2581,16.4175,0.0000,0.5300
18.1000,43.8570,0.2580,16.4556,0.0000,0.5300
18.2000,43.8691,0.2580,16.4819,0.0000,0.5299
18.3000,43.8810,0.2579,16.5517,0.0000,0.5299
18.4000,43.8936,0.2578,16.4607,0.0000,0.5298
18.5000,43.9046,0.2578,16.0189,0.0000,0.5298
18.6000,43.9135,0.2577,15.6521,0.0000,0.5297
18.7000,43.9213,0.2576,15.5926,0.0000,0.5297
18.8000,43.9296,0.2575,15.7413,0.0000,0.5296
18.9000,43.9386,0.2575,16.3339,0.0000,0.5296
19.0000,43.9520,0.2574,17.1956,0.0000,0.5295
19.1000,43.9684,0.2573,17.5938,0.0000,0.5294
19.2000,43.9850,0.2572,17.7569,0.0000,0.5294
19.3000,44.0028,0.2572,17.5482,0.0000,0.5293
19.4000,44.0176,0.2571,16.7407,0.0000,0.5293
19.5000,44.0283,0.2570,15.7430,0.0000,0.5292
19.6000,44.0345,0.2569,14.7135,0.0000,0.5292
19.7000,44.0363,0.2568,13.4584,0.0000,0.5291
19.8000,44.0318,0.2567,12.3262,0.0000,0.5291
19.9000,44.0239,0.2567,11.6001,0.0000,0.5291
20.0000,44.0132,0.2566,11.4008,0.0000,0.5290
20.1000,44.0037,0.2565,11.8500,0.0000,0.5290
20.2000,43.9968,0.2564,12.4355,0.0000,0.5289
20.3000,43.9924,0.2563,12.7694,0.0000,0.5289
20.4000,43.9884,0.2562,12.7766,0.0000,0.5289
20.5000,43.9841,0.2561,12.4698,0.0000,0.5288
20.6000,43.9775,0.2560,12.1416,0.0000,0.5288
20.7000,43.9704,0.2559,12.0570,0.0000,0.5287
20.8000,43.9631,0.2558,12.0146,0.0000,0.5287
20.9000,43.9557,0.2557,12.1687,0.0000,0.5287
21.0000,43.9498,0.2556,12.4275,0.0000,0.5286
21.1000,43.9446,0.2555,12.1870,0.0000,0.5286
21.2000,43.9366,0.2554,11.3182,0.0000,0.5285
21.3000,43.9240,0.2553,10.3845,0.0000,0.5285
21.4000,43.9081,0.2552,9.8430,0.0000,0.5285
21.5000,43.8909,0.2551,9.7820,0.0000,0.5284
21.6000,43.8745,0.2550,10.2265,0.0000,0.5284
21.7000,43.8612,0.2549,11.2025,0.0000,0.5284
21.8000,43.8533,0.2548,12.4979,0.0000,0.5283
21.9000,43.8512,0.2547,13.7415,0.0000,0.5283
22.0000,43.8540,0.2546,14.6860,0.0000,0.5282
22.1000,43.8600,0.2545,15.3139,0.0000,0.5282
22.2000,43.8682,0.2544,15.7326,0.0000,0.5281
22.3000,43.8778,0.2542,16.1399,0.0000,0.5281
22.4000,43.8894,0.2541,16.3530,0.0000,0.5280
22.5000,43.9008,0.2540,16.3903,0.0000,0.5280
22.6000,43.9127,0.2539,16.6074,0.0000,0.5279
22.7000,43.9259,0.2538,17.0655,0.0000,0.5279
22.8000,43.9417,0.2537,17.6164,0.0000,0.5278
22.9000,43.9596,0.2536,18.1483,0.0000,0.5278
23.0000,43.9799,0.2534,18.5485,0.0000,0.5277
23.1000,44.0010,0.2533,18.5825,0.0000,0.5276
23.2000,44.0215,0.2532,18.2712,0.0000,0.5276
23.3000,44.0399,0.2531,17.5509,0.0000,0.5275
23.4000,44.0541,0.2530,16.6103,0.0000,0.5275
23.5000,44.0644,0.2528,15.7049,0.0000,0.5274
23.6000,44.0708,0.2527,14.7564,0.0000,0.5274
23.7000,44.0729,0.2526,13.8793,0.0000,0.5273
23.8000,44.0719,0.2525,13.1969,0.0000,0.5273
23.9000,44.0681,0.2523,12.6941,0.0000,0.5272
24.0000,44.0628,0.2522,12.6044,0.0000,0.5272
24.1000,44.0583,0.2521,13.1784,0.0000,0.5272
24.2000,44.0579,0.2520,14.0453,0.0000,0.5271
24.3000,44.0609,0.2518,15.0720,0.0000,0.5271
24.4000,44.0692,0.2517,16.3000,0.0000,0.5270
24.5000,44.0827,0.2516,17.6011,0.0000,0.5270
24.6000,44.1022,0.2514,18.9668,0.0000,0.5269
24.7000,44.1272,0.2513,20.4195,0.0000,0.5268
24.8000,44.1590,0.2512,21.7979,0.0000,0.5268
24.9000,44.1957,0.2510,22.8821,0.0000,0.5267
25.0000,44.2365,0.2509,23.5925,0.0000,0.5266
25.1000,44.2790,0.2508,23.7801,0.0000,0.5266
25.2000,44.3211,0.2506,23.5338,0.0000,0.5265
25.3000,44.3613,0.2505,23.2261,0.0000,0.5264
25.4000,44.4006,0.2504,22.9114,0.0000,0.5263
25.5000,44.4378,0.2502,22.1123,0.0000,0.5263
25.6000,44.4701,0.2501,20.8509,0.0000,0.5262
25.7000,44.4964,0.2500,19.3777,0.0000,0.5262
25.8000,44.5161,0.2498,17.7315,0.0000,0.5261
25.9000,44.5283,0.2497,16.1015,0.0000,0.5260
26.0000,44.5341,0.2495,14.8513,0.0000,0.5260
26.1000,44.5358,0.2494,13.7699,0.0000,0.5260
26.2000,44.5323,0.2493,12.9652,0.0000,0.5259
26.3000,44.5272,0.2491,12.6348,0.0000,0.5259
26.4000,44.5210,0.2490,12.3875,0.0000,0.5258
26.5000,44.5138,0.2488,12.2240,0.0000,0.5258
26.6000,44.5063,0.2487,12.5976,0.0000,0.5258
26.7000,44.5023,0.2486,13.3237,0.0000,0.5257
26.8000,44.5009,0.2484,13.8589,0.0000,0.5257
26.9000,44.5015,0.2483,14.5088,0.0000,0.5256
27.0000,44.5057,0.2481,15.4174,0.0000,0.5256
27.1000,44.5139,0.2480,16.0213,0.0000,0.5255
27.2000,44.5232,0.2478,15.9320,0.0000,0.5255
27.3000,44.5307,0.2477,15.4533,0.0000,0.5254
27.4000,44.5358,0.2475,14.9771,0.0000,0.5254
27.5000,44.5393,0.2474,14.6581,0.0000,0.5253
27.6000,44.5417,0.2473,14.6264,0.0000,0.5253
27.7000,44.5449,0.2471,15.2007,0.0000,0.5252
27.8000,44.5522,0.2470,16.3895,0.0000,0.5252
27.9000,44.5654,0.2468,17.6007,0.0000,0.5251
28.0000,44.5830,0.2467,18.2944,0.0000,0.5251
28.1000,44.6020,0.2465,18.5329,0.0000,0.5250
28.2000,44.6214,0.2464,18.4494,0.0000,0.5249
28.3000,44.6396,0.2462,18.2253,0.0000,0.5249
28.4000,44.6571,0.2461,18.1977,0.0000,0.5248
28.5000,44.6750,0.2459,18.2213,0.0000,0.5248
28.6000,44.6926,0.2458,18.0814,0.0000,0.5247
28.7000,44.7092,0.2456,17.9683,0.0000,0.5247
28.8000,44.7258,0.2455,17.7931,0.0000,0.5246
28.9000,44.7408,0.2453,17.2010,0.0000,0.5246
29.0000,44.7523,0.2452,16.6628,0.0000,0.5245
29.1000,44.7628,0.2451,16.7986,0.0000,0.5244
29.2000,44.7754,0.2449,17.2951,0.0000,0.5244
29.3000,44.7900,0.2448,17.7547,0.0000,0.5243
29.4000,44.8065,0.2446,18.5052,0.0000,0.5243
29.5000,44.8273,0.2445,19.3966,0.0000,0.5242
29.6000,44.8511,0.2443,19.8188,0.0000,0.5242
29.7000,44.8754,0.2442,19.6988,0.0000,0.5241
29.8000,44.8981,0.2440,19.5931,0.0000,0.5240
29.9000,44.9214,0.2439,19.8591,0.0000,0.5240
30.0000,44.9462,0.2437,20.2749,0.0000,0.5239
30.1000,44.9729,0.2436,20.8907,0.0000,0.5238
30.2000,45.0027,0.2434,21.8451,0.0000,0.5238
30.3000,45.0372,0.2433,22.8184,0.0000,0.5237
30.4000,45.0750,0.2431,23.4797,0.0000,0.5236
30.5000,45.1148,0.2430,24.0827,0.0000,0.5236
30.6000,45.1575,0.2428,24.6659,0.0000,0.5235
30.7000,45.2019,0.2427,24.9871,0.0000,0.5234
30.8000,45.2469,0.2425,24.8752,0.0000,0.5233
30.9000,45.2902,0.2424,23.9411,0.0000,0.5233
31.0000,45.3271,0.2422,22.3881,0.0000,0.5232
31.1000,45.3572,0.2421,20.6848,0.0000,0.5231
31.2000,45.3798,0.2419,19.0290,0.0000,0.5231
31.3000,45.3960,0.2418,17.6578,0.0000,0.5230
31.4000,45.4071,0.2416,16.7084,0.0000,0.5230
31.5000,45.4154,0.2415,15.9725,0.0000,0.5229
31.6000,45.4203,0.2413,15.3909,0.0000,0.5229
31.7000,45.4237,0.2412,15.0352,0.0000,0.5228
31.8000,45.4257,0.2410,14.6039,0.0000,0.5228
31.9000,45.4255,0.2409,14.1196,0.0000,0.5227
32.0000,45.4235,0.2407,13.8507,0.0000,0.5227
32.1000,45.4211,0.2406,13.7230,0.0000,0.5226
32.2000,45.4181,0.2404,13.5956,0.0000,0.5226
32.3000,45.4146,0.2403,13.5973,0.0000,0.5225
32.4000,45.4116,0.2401,13.9167,0.0000,0.5225
32.5000,45.4109,0.2400,14.3679,0.0000,0.5225
32.6000,45.4116,0.2399,15.0582,0.0000,0.5224
32.7000,45.4166,0.2397,15.9340,0.0000,0.5224
32.8000,45.4247,0.2396,16.5799,0.0000,0.5223
32.9000,45.4350,0.2394,17.2492,0.0000,0.5222
33.0000,45.4485,0.2393,17.9950,0.0000,0.5222
33.1000,45.4650,0.2391,18.2077,0.0000,0.5221
33.2000,45.4802,0.2390,18.0638,0.0000,0.5221
33.3000,45.4954,0.2388,17.8246,0.0000,0.5220
33.4000,45.5086,0.2387,17.1901,0.0000,0.5220
33.5000,45.5185,0.2386,16.4230,0.0000,0.5219
33.6000,45.5253,0.2384,15.8540,0.0000,0.5219
33.7000,45.5304,0.2383,15.2834,0.0000,0.5218
33.8000,45.5325,0.2381,15.0820,0.0000,0.5218
33.9000,45.5359,0.2380,15.3935,0.0000,0.5217
34.0000,45.5405,0.2379,15.6656,0.0000,0.5217
34.1000,45.5462,0.2377,15.9328,0.0000,0.5216
34.2000,45.5530,0.2376,16.1965,0.0000,0.5216
34.3000,45.5609,0.2374,16.2356,0.0000,0.5215
34.4000,45.5680,0.2373,15.8031,0.0000,0.5215
34.5000,45.5723,0.2372,14.9721,0.0000,0.5214
34.6000,45.5725,0.2370,14.0124,0.0000,0.5214
34.7000,45.5688,0.2369,13.2231,0.0000,0.5213
34.8000,45.5625,0.2368,12.7319,0.0000,0.5213
34.9000,45.5548,0.2366,12.5086,0.0000,0.5212
35.0000,45.5467,0.2365,12.5580,0.0000,0.5212
35.1000,45.5394,0.2364,12.6063,0.0000,0.5212
35.2000,45.5317,0.2362,12.5300,0.0000,0.5211
35.3000,45.5239,0.2361,12.4817,0.0000,0.5211
35.4000,45.5158,0.2360,12.6887,0.0000,0.5210
35.5000,45.5097,0.2358,13.2316,0.0000,0.5210
35.6000,45.5062,0.2357,13.8309,0.0000,0.5209
35.7000,45.5051,0.2356,14.3794,0.0000,0.5209
35.8000,45.5062,0.2355,14.6337,0.0000,0.5209
35.9000,45.5072,0.2353,14.1848,0.0000,0.5208
36.0000,45.5046,0.2352,13.2685,0.0000,0.5208
36.1000,45.4980,0.2351,12.4617,0.0000,0.5207
36.2000,45.4887,0.2350,11.8932,0.0000,0.5207
36.3000,45.4774,0.2348,11.6930,0.0000,0.5206
36.4000,45.4665,0.2347,11.8663,0.0000,0.5206
36.5000,45.4568,0.2346,11.9738,0.0000,0.5206
36.6000,45.4468,0.2345,11.9069,0.0000,0.5205
36.7000,45.4365,0.2343,11.7326,0.0000,0.5205
36.8000,45.4252,0.2342,11.4093,0.0000,0.5205
36.9000,45.4123,0.2341,11.0295,0.0000,0.5204
37.0000,45.3978,0.2340,10.7494,0.0000,0.5204
37.1000,45.3826,0.2339,10.6675,0.0000,0.5203
37.2000,45.3675,0.2338,10.9412,0.0000,0.5203
37.3000,45.3547,0.2336,11.2243,0.0000,0.5203
37.4000,45.3420,0.2335,11.6730,0.0000,0.5202
37.5000,45.3330,0.2334,12.5131,0.0000,0.5202
37.6000,45.3274,0.2333,13.0108,0.0000,0.5201
37.7000,45.3225,0.2332,13.1055,0.0000,0.5201
37.8000,45.3177,0.2331,13.1405,0.0000,0.5201
37.9000,45.3132,0.2330,12.8018,0.0000,0.5200
38.0000,45.3056,0.2329,12.2225,0.0000,0.5200
38.1000,45.2963,0.2328,12.1660,0.0000,0.5199
38.2000,45.2882,0.2327,12.2850,0.0000,0.5199
38.3000,45.2799,0.2325,12.2663,0.0000,0.5199
38.4000,45.2718,0.2324,12.2506,0.0000,0.5198
38.5000,45.2634,0.2323,12.1013,0.0000,0.5198
38.6000,45.2541,0.2322,11.3899,0.0000,0.5197
38.7000,45.2398,0.2321,10.0124,0.0000,0.5197
38.8000,45.2190,0.2320,8.7349,0.0000,0.5197
38.9000,45.1941,0.2319,8.0707,0.0000,0.5196
39.0000,45.1679,0.2318,7.8956,0.0000,0.5196
39.1000,45.1417,0.2317,8.2761,0.0000,0.5196
39.2000,45.1187,0.2316,9.0722,0.0000,0.5195
39.3000,45.0992,0.2316,9.7903,0.0000,0.5195
39.4000,45.0823,0.2315,10.0448,0.0000,0.5195
39.5000,45.0651,0.2314,9.8661,0.0000,0.5194
39.6000,45.0468,0.2313,9.7553,0.0000,0.5194
39.7000,45.0286,0.2312,9.8039,0.0000,0.5194
39.8000,45.0108,0.2311,9.9474,0.0000,0.5193
39.9000,44.9939,0.2310,10.4232,0.0000,0.5193
40.0000,44.9802,0.2309,11.0161,0.0000,0.5193
40.1000,44.9683,0.2308,10.9859,0.0000,0.5192
40.2000,44.9544,0.2308,10.6022,0.0000,0.5192
40.3000,44.9394,0.2307,10.3328,0.0000,0.5192
40.4000,44.9232,0.2306,9.8046,0.0000,0.5191
40.5000,44.9039,0.2305,9.0071,0.0000,0.5191
40.6000,44.8811,0.2304,8.3806,0.0000,0.5191
40.7000,44.8565,0.2304,7.7553,0.0000,0.5190
40.8000,44.8285,0.2303,6.9765,0.0000,0.5190
40.9000,44.7975,0.2302,6.5045,0.0000,0.5190
41.0000,44.7657,0.2301,6.3739,0.0000,0.5190
41.1000,44.7337,0.2301,6.5616,0.0000,0.5189
41.2000,44.7035,0.2300,7.1018,0.0000,0.5189
41.3000,44.6762,0.2299,8.0509,0.0000,0.5189
41.4000,44.6541,0.2298,9.1993,0.0000,0.5189
41.5000,44.6366,0.2298,10.0575,0.0000,0.5188
41.6000,44.6218,0.2297,10.6577,0.0000,0.5188
41.7000,44.6094,0.2296,11.3412,0.0000,0.5187
41.8000,44.6005,0.2296,11.5628,0.0000,0.5187
41.9000,44.5900,0.2295,11.1223,0.0000,0.5187
42.0000,44.5775,0.2295,10.9240,0.0000,0.5186
42.1000,44.5653,0.2294,10.9722,0.0000,0.5186
42.2000,44.5532,0.2293,10.9798,0.0000,0.5186
42.3000,44.5412,0.2293,11.2531,0.0000,0.5185
42.4000,44.5315,0.2292,11.8171,0.0000,0.5185
42.5000,44.5243,0.2292,12.4614,0.0000,0.5184
42.6000,44.5200,0.2291,13.1032,0.0000,0.5184
42.7000,44.5183,0.2291,13.7251,0.0000,0.5183
42.8000,44.5193,0.2290,14.1148,0.0000,0.5183
42.9000,44.5209,0.2290,14.4292,0.0000,0.5183
43.0000,44.5246,0.2289,14.7854,0.0000,0.5182
43.1000,44.5292,0.2289,15.3337,0.0000,0.5182
43.2000,44.5376,0.2288,16.0817,0.0000,0.5181
43.3000,44.5484,0.2288,17.0191,0.0000,0.5181
43.4000,44.5647,0.2287,18.2449,0.0000,0.5180
43.5000,44.5859,0.2287,19.5833,0.0000,0.5179
43.6000,44.6133,0.2287,20.7323,0.0000,0.5179
43.7000,44.6441,0.2286,21.6071,0.0000,0.5178
43.8000,44.6788,0.2286,22.0091,0.0000,0.5177
43.9000,44.7128,0.2286,21.5983,0.0000,0.5177
44.0000,44.7438,0.2285,20.8636,0.0000,0.5176
44.1000,44.7714,0.2285,20.1152,0.0000,0.5175
44.2000,44.7959,0.2285,19.4682,0.0000,0.5175
44.3000,44.8179,0.2284,19.1678,0.0000,0.5174
44.4000,44.8398,0.2284,19.4488,0.0000,0.5174
44.5000,44.8641,0.2284,19.8119,0.0000,0.5173
44.6000,44.8889,0.2283,19.8930,0.0000,0.5172
44.7000,44.9137,0.2283,19.9652,0.0000,0.5172
44.8000,44.9390,0.2283,20.2863,0.0000,0.5171
44.9000,44.9663,0.2283,20.6105,0.0000,0.5171
45.0000,44.9942,0.2283,20.8049,0.0000,0.5170
45.1000,45.0230,0.2282,21.0899,0.0000,0.5169
45.2000,45.0531,0.2282,21.2118,0.0000,0.5169
45.3000,45.0828,0.2282,20.9682,0.0000,0.5168
45.4000,45.1107,0.2282,20.4958,0.0000,0.5167
45.5000,45.1362,0.2282,20.0454,0.0000,0.5167
45.6000,45.1602,0.2282,19.5063,0.0000,0.5166
45.7000,45.1811,0.2282,18.6918,0.0000,0.5166
45.8000,45.1982,0.2282,17.9909,0.0000,0.5165
45.9000,45.2131,0.2282,17.9100,0.0000,0.5164
46.0000,45.2294,0.2281,18.4088,0.0000,0.5164
46.1000,45.2485,0.2281,19.2660,0.0000,0.5163
46.2000,45.2718,0.2281,20.3450,0.0000,0.5163
46.3000,45.2998,0.2281,21.3616,0.0000,0.5162
46.4000,45.3314,0.2281,22.2182,0.0000,0.5161
46.5000,45.3663,0.2282,22.7508,0.0000,0.5161
46.6000,45.4022,0.2282,22.9045,0.0000,0.5160
46.7000,45.4382,0.2282,22.7816,0.0000,0.5159
46.8000,45.4728,0.2282,22.1548,0.0000,0.5158
46.9000,45.5034,0.2282,21.2309,0.0000,0.5158
47.0000,45.5302,0.2282,20.1446,0.0000,0.5157
47.1000,45.5515,0.2282,18.8408,0.0000,0.5157
47.2000,45.5674,0.2282,17.7522,0.0000,0.5156
47.3000,45.5797,0.2282,17.1845,0.0000,0.5156
47.4000,45.5908,0.2283,16.4870,0.0000,0.5155
47.5000,45.5972,0.2283,15.6791,0.0000,0.5154
47.6000,45.6016,0.2283,15.3773,0.0000,0.5154
47.7000,45.6055,0.2283,15.3198,0.0000,0.5154
47.8000,45.6094,0.2284,15.1926,0.0000,0.5153
47.9000,45.6122,0.2284,15.0778,0.0000,0.5153
48.0000,45.6152,0.2284,14.7420,0.0000,0.5152
48.1000,45.6152,0.2284,14.0685,0.0000,0.5152
48.2000,45.6125,0.2285,13.3463,0.0000,0.5151
48.3000,45.6066,0.2285,12.4635,0.0000,0.5151
48.4000,45.5967,0.2285,11.5603,0.0000,0.5150
48.5000,45.5833,0.2286,11.0922,0.0000,0.5150
48.6000,45.5695,0.2286,10.9531,0.0000,0.5150
48.7000,45.5551,0.2287,10.9440,0.0000,0.5149
48.8000,45.5413,0.2287,11.4605,0.0000,0.5149
48.9000,45.5311,0.2288,12.2444,0.0000,0.5148
49.0000,45.5239,0.2288,12.8760,0.0000,0.5148
49.1000,45.5190,0.2288,13.4176,0.0000,0.5148
49.2000,45.5163,0.2289,13.6203,0.0000,0.5147
49.3000,45.5131,0.2289,13.5023,0.0000,0.5147
49.4000,45.5094,0.2290,13.4043,0.0000,0.5146
49.5000,45.5054,0.2291,13.3449,0.0000,0.5146
49.6000,45.5012,0.2291,13.3002,0.0000,0.5145
49.7000,45.4969,0.2292,13.3530,0.0000,0.5145
49.8000,45.4931,0.2292,13.4543,0.0000,0.5145
49.9000,45.4896,0.2293,13.6963,0.0000,0.5144
50.0000,45.4879,0.2294,14.1008,0.0000,0.5144
50.1000,45.4878,0.2294,14.0184,0.0000,0.5143
50.2000,45.4854,0.2295,13.7928,0.0000,0.5143
50.3000,45.4834,0.2296,13.7502,0.0000,0.5142
50.4000,45.4806,0.2296,13.3393,0.0000,0.5142
50.5000,45.4752,0.2297,12.6073,0.0000,0.5141
50.6000,45.4664,0.2298,12.0596,0.0000,0.5141
50.7000,45.4565,0.2298,11.5491,0.0000,0.5141
50.8000,45.4435,0.2299,10.9240,0.0000,0.5140
50.9000,45.4284,0.2300,10.3719,0.0000,0.5140
51.0000,45.4109,0.2301,9.8934,0.0000,0.5140
51.1000,45.3919,0.2302,9.6204,0.0000,0.5139
51.2000,45.3721,0.2303,9.4457,0.0000,0.5139
51.3000,45.3518,0.2303,9.1546,0.0000,0.5139
51.4000,45.3296,0.2304,8.9378,0.0000,0.5138
51.5000,45.3075,0.2305,9.0469,0.0000,0.5138
51.6000,45.2864,0.2306,9.3482,0.0000,0.5138
51.7000,45.2669,0.2307,9.8830,0.0000,0.5137
51.8000,45.2502,0.2308,10.8212,0.0000,0.5137
51.9000,45.2386,0.2309,11.7306,0.0000,0.5137
52.0000,45.2296,0.2310,12.3160,0.0000,0.5136
52.1000,45.2229,0.2311,12.8015,0.0000,0.5136
52.2000,45.2180,0.2312,13.0705,0.0000,0.5135
52.3000,45.2135,0.2313,13.1010,0.0000,0.5135
52.4000,45.2089,0.2314,13.2306,0.0000,0.5134
52.5000,45.2055,0.2315,13.3277,0.0000,0.5134
52.6000,45.2017,0.2316,13.4427,0.0000,0.5134
52.7000,45.1993,0.2317,13.9519,0.0000,0.5133
52.8000,45.1997,0.2319,14.5364,0.0000,0.5133
52.9000,45.2022,0.2320,15.4518,0.0000,0.5132
53.0000,45.2102,0.2321,16.7134,0.0000,0.5132
53.1000,45.2232,0.2322,17.4604,0.0000,0.5131
53.2000,45.2374,0.2323,17.5864,0.0000,0.5131
53.3000,45.2514,0.2324,17.3093,0.0000,0.5130
53.4000,45.2632,0.2326,16.4776,0.0000,0.5129
53.5000,45.2701,0.2327,15.3924,0.0000,0.5129
53.6000,45.2729,0.2328,14.5607,0.0000,0.5128
53.7000,45.2728,0.2329,13.9466,0.0000,0.5128
53.8000,45.2705,0.2331,13.4355,0.0000,0.5128
53.9000,45.2662,0.2332,12.6653,0.0000,0.5127
54.0000,45.2574,0.2333,11.5858,0.0000,0.5127
54.1000,45.2441,0.2335,10.7227,0.0000,0.5126
54.2000,45.2281,0.2336,10.1182,0.0000,0.5126
54.3000,45.2099,0.2338,9.8268,0.0000,0.5126
54.4000,45.1915,0.2339,10.3131,0.0000,0.5125
54.5000,45.1774,0.2340,11.5168,0.0000,0.5125
54.6000,45.1691,0.2342,12.7847,0.0000,0.5125
54.7000,45.1656,0.2343,13.7460,0.0000,0.5124
54.8000,45.1654,0.2345,14.4564,0.0000,0.5124
54.9000,45.1678,0.2346,15.0565,0.0000,0.5123
55.0000,45.1726,0.2348,15.6956,0.0000,0.5123
55.1000,45.1803,0.2349,16.5241,0.0000,0.5122
55.2000,45.1920,0.2351,17.4490,0.0000,0.5122
55.3000,45.2074,0.2353,18.3417,0.0000,0.5121
55.4000,45.2264,0.2354,19.0840,0.0000,0.5120
55.5000,45.2479,0.2356,11.0578,0.0000,0.5120
55.6000,45.1998,0.2357,-5.7177,0.0000,0.5120
55.7000,45.0813,0.2359,-22.4045,0.0000,0.5121
55.8000,44.8936,0.2361,-38.8769,0.0000,0.5121
55.9000,44.6361,0.2362,-55.2737,0.0000,0.5123
56.0000,44.3082,0.2364,-63.1950,0.0000,0.5124
56.1000,43.9802,0.2366,-62.7948,0.0000,0.5125
56.2000,43.6523,0.2367,-62.3930,0.0000,0.5127
56.3000,43.3244,0.2369,-61.9898,0.0000,0.5128
56.4000,42.9965,0.2371,-61.5850,0.0000,0.5129
56.5000,42.6686,0.2372,-61.1788,0.0000,0.5131
56.6000,42.3407,0.2374,-60.7711,0.0000,0.5132
56.7000,42.0128,0.2376,-60.3620,0.0000,0.5133
56.8000,41.6849,0.2378,-59.9514,0.0000,0.5134
56.9000,41.3570,0.2379,-59.5393,0.0000,0.5136
57.0000,41.0291,0.2381,-59.1259,0.0000,0.5137
57.1000,40.7012,0.2383,-58.7110,0.0000,0.5138
57.2000,40.3733,0.2384,-58.2947,0.0000,0.5139
57.3000,40.0454,0.2386,-57.8771,0.0000,0.5141
57.4000,39.7175,0.2388,-57.4581,0.0000,0.5142
57.5000,39.3896,0.2389,-57.0377,0.0000,0.5143
57.6000,39.0617,0.2391,-56.6159,0.0000,0.5144
57.7000,38.7338,0.2393,-56.1929,0.0000,0.5146
57.8000,38.4059,0.2395,-55.7684,0.0000,0.5147
57.9000,38.0780,0.2396,-55.3427,0.0000,0.5148
58.0000,37.7501,0.2398,-54.9157,0.0000,0.5149
58.1000,37.4221,0.2400,-54.4874,0.0000,0.5150
58.2000,37.0942,0.2401,-54.0578,0.0000,0.5151
58.3000,36.7663,0.2403,-53.6269,0.0000,0.5152
58.4000,36.4384,0.2405,-53.1947,0.0000,0.5154
58.5000,36.1105,0.2406,-52.7614,0.0000,0.5155
58.6000,35.7826,0.2408,-52.3267,0.0000,0.5156
58.7000,35.4547,0.2410,-51.8909,0.0000,0.5157
58.8000,35.1268,0.2411,-51.4538,0.0000,0.5158
58.9000,34.7989,0.2413,-51.0156,0.0000,0.5159
59.0000,34.4710,0.2415,-50.5761,0.0000,0.5160
59.1000,34.1431,0.2416,-50.1355,0.0000,0.5161
59.2000,33.8152,0.2418,-49.6937,0.0000,0.5162
59.3000,33.4873,0.2420,-49.2508,0.0000,0.5163
59.4000,33.1594,0.2421,-48.8067,0.0000,0.5164
59.5000,32.8315,0.2423,-48.3615,0.0000,0.5165
59.6000,32.5036,0.2425,-47.9151,0.0000,0.5166
59.7000,32.1757,0.2426,-47.4677,0.0000,0.5167
59.8000,31.8478,0.2428,-47.0191,0.0000,0.5168
59.9000,31.5199,0.2429,-46.5695,0.0000,0.5169
60.0000,31.1920,0.2431,-46.1188,0.0000,0.5170
60.1000,30.8641,0.2432,-45.6670,0.0000,0.5171
60.2000,30.5361,0.2434,-45.2142,0.0000,0.5172
60.3000,30.2082,0.2436,-44.7603,0.0000,0.5173
60.4000,29.8803,0.2437,-44.3054,0.0000,0.5174
60.5000,29.5524,0.2439,-43.8495,0.0000,0.5175
60.6000,29.2245,0.2440,-43.3926,0.0000,0.5176
60.7000,28.8966,0.2442,-42.9346,0.0000,0.5177
60.8000,28.5687,0.2443,-42.4757,0.0000,0.5178
60.9000,28.2408,0.2445,-42.0159,0.0000,0.5178
61.0000,27.9129,0.2446,-41.5550,0.0000,0.5179
61.1000,27.5850,0.2448,-41.0933,0.0000,0.5180
61.2000,27.2571,0.2449,-40.6305,0.0000,0.5181
61.3000,26.9292,0.2451,-40.1669,0.0000,0.5182
61.4000,26.6013,0.2452,-39.7023,0.0000,0.5183
61.5000,26.2734,0.2453,-39.2369,0.0000,0.5183
61.6000,25.9455,0.2455,-38.7705,0.0000,0.5184
61.7000,25.6176,0.2456,-38.3033,0.0000,0.5185
61.8000,25.2897,0.2458,-37.8351,0.0000,0.5186
61.9000,24.9618,0.2459,-37.3662,0.0000,0.5187
62.0000,24.6339,0.2460,-36.8964,0.0000,0.5187
62.1000,24.3060,0.2462,-36.4257,0.0000,0.5188
62.2000,23.9780,0.2463,-35.9542,0.0000,0.5189
62.3000,23.6501,0.2464,-35.4819,0.0000,0.5189
62.4000,23.3222,0.2466,-35.0088,0.0000,0.5190
62.5000,22.9943,0.2467,-34.5349,0.0000,0.5191
62.6000,22.6664,0.2468,-34.0603,0.0000,0.5192
62.7000,22.3385,0.2470,-33.5848,0.0000,0.5192
62.8000,22.0106,0.2471,-33.1086,0.0000,0.5193
62.9000,21.6827,0.2472,-32.6317,0.0000,0.5194
63.0000,21.3548,0.2473,-32.1540,0.0000,0.5194
63.1000,21.0269,0.2474,-31.6756,0.0000,0.5195
63.2000,20.6990,0.2476,-31.1965,0.0000,0.5195
63.3000,20.3711,0.2477,-30.7167,0.0000,0.5196
63.4000,20.0432,0.2478,-30.2362,0.0000,0.5197
63.5000,19.7153,0.2479,-29.7550,0.0000,0.5197
63.6000,19.3874,0.2480,-29.2731,0.0000,0.5198
63.7000,19.0595,0.2481,-28.7906,0.0000,0.5198
63.8000,18.7316,0.2483,-28.3075,0.0000,0.5199
63.9000,18.4037,0.2484,-27.8237,0.0000,0.5199
64.0000,18.0758,0.2485,-27.3393,0.0000,0.5200
64.1000,17.7479,0.2486,-26.8543,0.0000,0.5201
64.2000,17.4200,0.2487,-26.3686,0.0000,0.5201
64.3000,17.0920,0.2488,-25.8824,0.0000,0.5202
64.4000,16.7641,0.2489,-25.3956,0.0000,0.5202
64.5000,16.4362,0.2490,-24.9083,0.0000,0.5203
64.6000,16.1083,0.2491,-24.4203,0.0000,0.5203
64.7000,15.7804,0.2492,-23.9319,0.0000,0.5203
64.8000,15.4525,0.2493,-23.4429,0.0000,0.5204
64.9000,15.1246,0.2493,-22.9534,0.0000,0.5204
65.0000,14.7967,0.2494,-22.4633,0.0000,0.5205
65.1000,14.4688,0.2495,-21.9728,0.0000,0.5205
65.2000,14.1409,0.2496,-21.4818,0.0000,0.5206
65.3000,13.8130,0.2497,-20.9903,0.0000,0.5206
65.4000,13.4851,0.2498,-20.4983,0.0000,0.5206
65.5000,13.1572,0.2499,-20.0059,0.0000,0.5207
65.6000,12.8293,0.2499,-19.5130,0.0000,0.5207
65.7000,12.5014,0.2500,-19.0197,0.0000,0.5207
65.8000,12.1735,0.2501,-18.5260,0.0000,0.5208
65.9000,11.8456,0.2502,-18.0319,0.0000,0.5208
66.0000,11.5177,0.2502,-17.5374,0.0000,0.5208
66.1000,11.1898,0.2503,-17.0424,0.0000,0.5209
66.2000,10.8619,0.2504,-16.5471,0.0000,0.5209
66.3000,10.5339,0.2504,-16.0515,0.0000,0.5209
66.4000,10.2060,0.2505,-15.5554,0.0000,0.5209
66.5000,9.8781,0.2506,-15.0591,0.0000,0.5210
66.6000,9.5502,0.2506,-14.5624,0.0000,0.5210
66.7000,9.2223,0.2507,-14.0653,0.0000,0.5210
66.8000,8.8944,0.2507,-13.5680,0.0000,0.5210
66.9000,8.5665,0.2508,-13.0704,0.0000,0.5211
67.0000,8.2386,0.2508,-12.5724,0.0000,0.5211
67.1000,7.9107,0.2509,-12.0742,0.0000,0.5211
67.2000,7.5828,0.2509,-11.5758,0.0000,0.5211
67.3000,7.2549,0.2510,-11.0770,0.0000,0.5211
67.4000,6.9270,0.2510,-10.5781,0.0000,0.5211
67.5000,6.5991,0.2511,-10.0789,0.0000,0.5211
67.6000,6.2712,0.2511,-9.5794,0.0000,0.5211
67.7000,5.9433,0.2511,-9.0583,0.0000,0.5212
67.8000,5.6167,0.2512,-8.4631,0.0000,0.5212
67.9000,5.2955,0.2512,-7.7809,0.0000,0.5212
68.0000,4.9831,0.2512,-7.0067,0.0000,0.5212
68.1000,4.6858,0.2513,-6.1802,0.0000,0.5212
68.2000,4.4064,0.2513,-5.3775,0.0000,0.5212
68.3000,4.1464,0.2513,-4.6506,0.0000,0.5212
68.4000,3.9043,0.2513,-4.0196,0.0000,0.5211
68.5000,3.6791,0.2514,-3.4979,0.0000,0.5211
68.6000,3.4669,0.2514,-3.0646,0.0000,0.5211
68.7000,3.2669,0.2514,-2.6823,0.0000,0.5211
68.8000,3.0784,0.2514,-2.3451,0.0000,0.5211
68.9000,2.9008,0.2515,-2.0477,0.0000,0.5211
69.0000,2.7334,0.2515,-1.7857,0.0000,0.5211
69.1000,2.5758,0.2515,-1.5548,0.0000,0.5211
69.2000,2.4272,0.2515,-1.3517,0.0000,0.5211
69.3000,2.2871,0.2515,-1.1729,0.0000,0.5211
69.4000,2.1552,0.2515,-1.0158,0.0000,0.5211
69.5000,2.0309,0.2515,-0.8777,0.0000,0.5211
69.6000,1.9137,0.2516,-0.7565,0.0000,0.5211
69.7000,1.8033,0.2516,-0.6502,0.0000,0.5211
69.8000,1.6993,0.2516,-0.5571,0.0000,0.5211
69.9000,1.6012,0.2516,-0.4755,0.0000,0.5211
70.0000,1.5089,0.2516,-0.4042,0.0000,0.5211
70.1000,1.4218,0.2516,-0.3419,0.0000,0.5211
70.2000,1.3398,0.2516,-0.2876,0.0000,0.5211
70.3000,1.2625,0.2516,-0.2403,0.0000,0.5211
70.4000,1.1897,0.2516,-0.1992,0.0000,0.5210
70.5000,1.1210,0.2516,-0.1635,0.0000,0.5210
70.6000,1.0564,0.2516,-0.1325,0.0000,0.5210
70.7000,0.9954,0.2517,-0.1058,0.0000,0.5210
70.8000,0.9380,0.2517,-0.0827,0.0000,0.5210
70.9000,0.8839,0.2517,-0.0629,0.0000,0.5210
71.0000,0.8329,0.2517,-0.0459,0.0000,0.5210
71.1000,0.7848,0.2517,-0.0314,0.0000,0.5210
71.2000,0.7396,0.2517,-0.0190,0.0000,0.5210
71.3000,0.6969,0.2517,-0.0086,0.0000,0.5210
71.4000,0.6567,0.2517,0.0002,0.0000,0.5210
71.5000,0.6188,0.2517,0.0076,0.0000,0.5210
71.6000,0.5831,0.2517,0.0137,0.0000,0.5210
71.7000,0.5495,0.2517,0.0187,0.0000,0.5210
71.8000,0.5178,0.2517,0.0228,0.0000,0.5210
71.9000,0.4879,0.2517,0.0261,0.0000,0.5210
72.0000,0.4597,0.2517,0.0287,0.0000,0.5210
72.1000,0.4332,0.2517,0.0306,0.0000,0.5210
72.2000,0.4082,0.2517,0.0321,0.0000,0.5210
72.3000,0.3847,0.2517,0.0331,0.0000,0.5209
72.4000,0.3625,0.2517,0.0337,0.0000,0.5209
72.5000,0.3416,0.2517,0.0340,0.0000,0.5209
72.6000,0.3219,0.2517,0.0340,0.0000,0.5209
72.7000,0.3033,0.2517,0.0339,0.0000,0.5209
72.8000,0.2858,0.2517,0.0335,0.0000,0.5209
72.9000,0.2693,0.2517,0.0329,0.0000,0.5209
73.0000,0.2538,0.2517,0.0323,0.0000,0.5209
73.1000,0.2391,0.2517,0.0315,0.0000,0.5209
73.2000,0.2253,0.2517,0.0307,0.0000,0.5209
73.3000,0.2123,0.2517,0.0298,0.0000,0.5209
73.4000,0.2001,0.2517,-0.0711,0.0000,0.5209
73.5000,0.0000,0.2517,-0.0000,0.0000,0.5209
73.6000,0.0000,0.2517,0.0000,0.0000,0.5209
73.7000,0.0000,0.2517,0.0000,0.0000,0.5209
73.8000,0.0000,0.2517,0.0000,0.0000,0.5209
73.9000,0.0000,0.2517,0.0000,0.0000,0.5209
74.0000,0.0000,0.2517,0.0000,0.0000,0.5209
74.1000,0.0000,0.2517,0.0000,0.0000,0.5208
74.2000,0.0000,0.2517,0.0000,0.0000,0.5208
74.3000,0.0000,0.2517,0.0000,0.0000,0.5208
74.4000,0.0000,0.2517,0.0000,0.0000,0.5208
74.5000,0.0000,0.2517,0.0000,0.0000,0.5208
74.6000,0.0000,0.2517,0.0000,0.0000,0.5208
74.7000,0.0000,0.2517,0.0000,0.0000,0.5208
74.8000,0.0000,0.2517,0.0000,0.0000,0.5208
74.9000,0.0000,0.2517,0.0000,0.0000,0.5208
75.0000,0.0000,0.2517,0.0000,0.0000,0.5208
75.1000,0.0000,0.2517,0.0000,0.0000,0.5208
75.2000,0.0000,0.2517,0.0000,0.0000,0.5208
75.3000,0.0000,0.2517,0.0000,0.0000,0.5208
75.4000,0.0000,0.2517,0.0000,0.0000,0.5208
75.5000,0.0000,0.2517,0.0000,0.0000,0.5208
75.6000,0.0000,0.2517,0.0000,0.0000,0.5208
75.7000,0.0000,0.2517,0.0000,0.0000,0.5208
75.8000,0.0000,0.2517,0.0000,0.0000,0.5208
75.9000,0.0000,0.2517,0.0000,0.0000,0.5208
76.0000,0.0000,0.2517,0.0000,0.0000,0.5208
76.1000,0.0000,0.2517,0.0000,0.0000,0.5207
76.2000,0.0000,0.2517,0.0000,0.0000,0.5207
76.3000,0.0000,0.2517,0.0000,0.0000,0.5207
76.4000,0.0000,0.2517,0.0000,0.0000,0.5207
76.5000,0.0000,0.2517,0.0000,0.0000,0.5207
76.6000,0.0000,0.2517,0.0000,0.0000,0.5207
76.7000,0.0000,0.2517,0.0000,0.0000,0.5207
76.8000,0.0000,0.2517,0.0000,0.0000,0.5207
76.9000,0.0000,0.2517,0.0000,0.0000,0.5207
77.0000,0.0000,0.2517,0.0000,0.0000,0.5207
77.1000,0.0000,0.2517,0.0000,0.0000,0.5207
77.2000,0.0000,0.2517,0.0000,0.0000,0.5207
77.3000,0.0000,0.2517,0.0000,0.0000,0.5207
77.4000,0.0000,0.2517,0.0000,0.0000,0.5207
77.5000,0.0000,0.2517,0.0000,0.0000,0.5207
77.6000,0.0000,0.2517,0.0000,0.0000,0.5207
77.7000,0.0000,0.2517,0.0000,0.0000,0.5207
77.8000,0.0000,0.2517,0.0000,0.0000,0.5207
77.9000,0.0000,0.2517,0.0000,0.0000,0.5207
78.0000,0.0000,0.2517,0.0000,0.0000,0.5206
78.1000,0.0000,0.2517,0.0000,0.0000,0.5206
78.2000,0.0000,0.2517,0.0000,0.0000,0.5206
78.3000,0.0000,0.2517,0.0000,0.0000,0.5206
78.4000,0.0000,0.2517,0.0000,0.0000,0.5206
78.5000,0.0000,0.2517,0.0000,0.0000,0.5206
78.6000,0.0000,0.2517,0.0000,0.0000,0.5206
78.7000,0.0000,0.2517,0.0000,0.0000,0.5206
78.8000,0.0000,0.2517,0.0000,0.0000,0.5206
78.9000,0.0000,0.2517,0.0000,0.0000,0.5206
79.0000,0.0000,0.2517,0.0000,0.0000,0.5206
79.1000,0.0000,0.2517,0.0000,0.0000,0.5206
79.2000,0.0000,0.2517,0.0000,0.0000,0.5206
79.3000,0.0000,0.2517,0.0000,0.0000,0.5206
79.4000,0.0000,0.2517,0.0000,0.0000,0.5206
79.5000,0.0000,0.2517,0.0000,0.0000,0.5206
79.6000,0.0000,0.2517,0.0000,0.0000,0.5206
79.7000,0.0000,0.2517,0.0000,0.0000,0.5206
79.8000,0.0000,0.2517,0.0000,0.0000,0.5206
79.9000,0.0000,0.2517,0.0000,0.0000,0.5205
80.0000,0.0000,0.2517,0.0000,0.0000,0.5205
80.1000,0.0000,0.2517,0.0000,0.0000,0.5205
80.2000,0.0000,0.2517,0.0000,0.0000,0.5205
80.3000,0.0000,0.2517,0.0000,0.0000,0.5205
80.4000,0.0000,0.2517,0.0000,0.0000,0.5205
80.5000,0.0000,0.2517,0.0000,0.0000,0.5205
80.6000,0.0000,0.2517,0.0000,0.0000,0.5205
80.7000,0.0000,0.2517,0.0000,0.0000,0.5205
80.8000,0.0000,0.2517,0.0000,0.0000,0.5205
80.9000,0.0000,0.2517,0.0000,0.0000,0.5205
81.0000,0.0000,0.2517,0.0000,0.0000,0.5205
81.1000,0.0000,0.2517,0.0000,0.0000,0.5205
81.2000,0.0000,0.2517,0.0000,0.0000,0.5205
81.3000,0.0000,0.2517,0.0000,0.0000,0.5205
81.4000,0.0000,0.2517,0.0000,0.0000,0.5205
81.5000,0.0000,0.2517,0.0000,0.0000,0.5205
81.6000,0.0000,0.2517,0.0000,0.0000,0.5205
81.7000,0.0000,0.2517,0.0000,0.0000,0.5205
81.8000,0.0000,0.2517,0.0000,0.0000,0.5205
81.9000,0.0000,0.2517,0.0000,0.0000,0.5204
82.0000,0.0000,0.2517,0.0000,0.0000,0.5204
82.1000,0.0000,0.2517,0.0000,0.0000,0.5204
82.2000,0.0000,0.2517,0.0000,0.0000,0.5204
82.3000,0.0000,0.2517,0.0000,0.0000,0.5204
82.4000,0.0000,0.2517,0.0000,0.0000,0.5204
82.5000,0.0000,0.2517,0.0000,0.0000,0.5204
82.6000,0.0000,0.2517,0.0000,0.0000,0.5204
82.7000,0.0000,0.2517,0.0000,0.0000,0.5204
82.8000,0.0000,0.2517,0.0000,0.0000,0.5204
82.9000,0.0000,0.2517,0.0000,0.0000,0.5204
83.0000,0.0000,0.2517,0.0000,0.0000,0.5204
83.1000,0.0000,0.2517,0.0000,0.0000,0.5204
83.2000,0.0000,0.2517,0.0000,0.0000,0.5204
83.3000,0.0000,0.2517,0.0000,0.0000,0.5204
83.4000,0.0000,0.2517,0.0000,0.0000,0.5204
83.5000,0.0000,0.2517,0.0000,0.0000,0.5204
83.6000,0.0000,0.2517,0.0000,0.0000,0.5204
83.7000,0.0000,0.2517,0.0000,0.0000,0.5204
83.8000,0.0000,0.2517,0.0000,0.0000,0.5203
83.9000,0.0000,0.2517,0.0000,0.0000,0.5203
84.0000,0.0000,0.2517,0.0000,0.0000,0.5203
84.1000,0.0000,0.2517,0.0000,0.0000,0.5203
84.2000,0.0000,0.2517,0.0000,0.0000,0.5203
84.3000,0.0000,0.2517,0.0000,0.0000,0.5203
84.4000,0.0000,0.2517,0.0000,0.0000,0.5203
84.5000,0.0000,0.2517,0.0000,0.0000,0.5203
84.6000,0.0000,0.2517,0.0000,0.0000,0.5203
84.7000,0.0000,0.2517,0.0000,0.0000,0.5203
84.8000,0.0000,0.2517,0.0000,0.0000,0.5203
84.9000,0.0000,0.2517,0.0000,0.0000,0.5203
85.0000,0.0000,0.2517,0.0000,0.0000,0.5203
85.1000,0.0000,0.2517,0.0000,0.0000,0.5203
85.2000,0.0000,0.2517,0.0000,0.0000,0.5203
85.3000,0.0000,0.2517,0.0000,0.0000,0.5203
85.4000,0.0000,0.2517,0.0000,0.0000,0.5203
85.5000,0.0000,0.2517,0.0000,0.0000,0.5203
85.6000,0.0000,0.2517,0.0000,0.0000,0.5203
85.7000,0.0000,0.2517,0.0000,0.0000,0.5202
85.8000,0.0000,0.2517,0.0000,0.0000,0.5202
85.9000,0.0000,0.2517,0.0000,0.0000,0.5202
86.0000,0.0000,0.2517,0.0000,0.0000,0.5202
86.1000,0.0000,0.2517,0.0000,0.0000,0.5202
86.2000,0.0000,0.2517,0.0000,0.0000,0.5202
86.3000,0.0000,0.2517,0.0000,0.0000,0.5202
86.4000,0.0000,0.2517,0.0000,0.0000,0.5202
86.5000,0.0000,0.2517,0.0000,0.0000,0.5202
86.6000,0.0000,0.2517,0.0000,0.0000,0.5202
86.7000,0.0000,0.2517,0.0000,0.0000,0.5202
86.8000,0.0000,0.2517,0.0000,0.0000,0.5202
86.9000,0.0000,0.2517,0.0000,0.0000,0.5202
87.0000,0.0000,0.2517,0.0000,0.0000,0.5202
87.1000,0.0000,0.2517,0.0000,0.0000,0.5202
87.2000,0.0000,0.2517,0.0000,0.0000,0.5202
87.3000,0.0000,0.2517,0.0000,0.0000,0.5202
87.4000,0.0000,0.2517,0.0000,0.0000,0.5202
87.5000,0.0000,0.2517,0.0000,0.0000,0.5202
87.6000,0.0000,0.2517,0.0000,0.0000,0.5202
87.7000,0.0000,0.2517,0.0000,0.0000,0.5201
87.8000,0.0000,0.2517,0.0000,0.0000,0.5201
87.9000,0.0000,0.2517,0.0000,0.0000,0.5201
88.0000,0.0000,0.2517,0.0000,0.0000,0.5201
88.1000,0.0000,0.2517,0.0000,0.0000,0.5201
88.2000,0.0000,0.2517,0.0000,0.0000,0.5201
88.3000,0.0000,0.2517,0.0000,0.0000,0.5201
88.4000,0.0000,0.2517,0.0000,0.0000,0.5201
88.5000,0.0000,0.2517,0.0000,0.0000,0.5201
88.6000,0.0000,0.2517,0.0000,0.0000,0.5201
88.7000,0.0000,0.2517,0.0000,0.0000,0.5201
88.8000,0.0000,0.2517,0.0000,0.0000,0.5201
88.9000,0.0000,0.2517,0.0000,0.0000,0.5201
89.0000,0.0000,0.2517,0.0000,0.0000,0.5201
89.1000,0.0000,0.2517,0.0000,0.0000,0.5201
89.2000,0.0000,0.2517,0.0000,0.0000,0.5201
89.3000,0.0000,0.2517,0.0000,0.0000,0.5201
89.4000,0.0000,0.2517,0.0000,0.0000,0.5201
89.5000,0.0000,0.2517,0.0000,0.0000,0.5201
89.6000,0.0000,0.2517,0.0000,0.0000,0.5200
89.7000,0.0000,0.2517,0.0000,0.0000,0.5200
89.8000,0.0000,0.2517,0.0000,0.0000,0.5200
89.9000,0.0000,0.2517,0.0000,0.0000,0.5200
90.0000,0.0000,0.2517,0.0000,0.0000,0.5200
90.1000,0.0000,0.2517,0.0000,0.0000,0.5200
90.2000,0.0000,0.2517,0.0000,0.0000,0.5200
90.3000,0.0000,0.2517,0.0000,0.0000,0.5200
90.4000,0.0000,0.2517,0.0000,0.0000,0.5200
90.5000,0.0000,0.2517,0.0000,0.0000,0.5200
90.6000,0.0000,0.2517,0.0000,0.0000,0.5200
90.7000,0.0000,0.2517,0.0000,0.0000,0.5200
90.8000,0.0000,0.2517,0.0000,0.0000,0.5200
90.9000,0.0000,0.2517,0.0000,0.0000,0.5200
91.0000,0.0000,0.2517,0.0000,0.0000,0.5200
91.1000,0.0000,0.2517,0.0000,0.0000,0.5200
91.2000,0.0000,0.2517,0.0000,0.0000,0.5200
91.3000,0.0000,0.2517,0.0000,0.0000,0.5200
91.4000,0.0000,0.2517,0.0000,0.0000,0.5200
91.5000,0.0000,0.2517,0.0000,0.0000,0.5199
91.6000,0.0000,0.2517,0.0000,0.0000,0.5199
91.7000,0.0000,0.2517,0.0000,0.0000,0.5199
91.8000,0.0000,0.2517,0.0000,0.0000,0.5199
91.9000,0.0000,0.2517,0.0000,0.0000,0.5199
92.0000,0.0000,0.2517,0.0000,0.0000,0.5199
92.1000,0.0000,0.2517,0.0000,0.0000,0.5199
92.2000,0.0000,0.2517,0.0000,0.0000,0.5199
92.3000,0.0000,0.2517,0.0000,0.0000,0.5199
92.4000,0.0000,0.2517,0.0000,0.0000,0.5199
92.5000,0.0000,0.2517,0.0000,0.0000,0.5199
92.6000,0.0000,0.2517,0.0000,0.0000,0.5199
92.7000,0.0000,0.2517,0.0000,0.0000,0.5199
92.8000,0.0000,0.2517,0.0000,0.0000,0.5199
92.9000,0.0000,0.2517,0.0000,0.0000,0.5199
93.0000,0.0000,0.2517,0.0000,0.0000,0.5199
93.1000,0.0000,0.2517,0.0000,0.0000,0.5199
93.2000,0.0000,0.2517,0.0000,0.0000,0.5199
93.3000,0.0000,0.2517,0.0000,0.0000,0.5199
93.4000,0.0000,0.2517,0.0000,0.0000,0.5199
93.5000,0.0000,0.2517,0.0000,0.0000,0.5198
93.6000,0.2025,0.2517,0.2590,0.0000,0.5198
93.7000,0.4049,0.2517,0.5905,0.0000,0.5198
93.8000,0.6749,0.2517,1.2253,0.0000,0.5198
93.9000,1.0123,0.2517,2.0189,0.0000,0.5198
94.0000,1.3497,0.2518,2.6919,0.0000,0.5198
94.1000,1.6872,0.2518,3.3649,0.0000,0.5197
94.2000,2.0246,0.2518,4.0379,0.0000,0.5197
94.3000,2.3620,0.2518,4.7109,0.0000,0.5197
94.4000,2.6994,0.2518,5.3838,0.0000,0.5197
94.5000,3.0368,0.2518,6.0567,0.0000,0.5196
94.6000,3.3741,0.2518,6.7294,0.0000,0.5196
94.7000,3.7115,0.2519,7.4020,0.0000,0.5196
94.8000,4.0487,0.2519,8.0744,0.0000,0.5195
94.9000,4.3860,0.2519,8.7465,0.0000,0.5195
95.0000,4.7232,0.2519,9.4183,0.0000,0.5195
95.1000,5.0603,0.2520,10.0897,0.0000,0.5194
95.2000,5.3973,0.2520,10.7606,0.0000,0.5194
95.3000,5.7343,0.2520,11.4310,0.0000,0.5193
95.4000,6.0712,0.2521,12.1008,0.0000,0.5193
95.5000,6.4080,0.2521,12.7698,0.0000,0.5192
95.6000,6.7446,0.2522,13.4381,0.0000,0.5192
95.7000,7.0812,0.2522,14.1054,0.0000,0.5191
95.8000,7.4176,0.2523,14.7717,0.0000,0.5191
95.9000,7.7538,0.2523,15.4369,0.0000,0.5190
96.0000,8.0899,0.2524,16.1008,0.0000,0.5190
96.1000,8.4258,0.2524,16.7633,0.0000,0.5189
96.2000,8.7615,0.2525,17.4243,0.0000,0.5189
96.3000,9.0969,0.2525,18.0837,0.0000,0.5188
96.4000,9.4322,0.2526,18.7413,0.0000,0.5187
96.5000,9.7672,0.2526,19.3969,0.0000,0.5187
96.6000,10.1019,0.2527,20.0505,0.0000,0.5186
96.7000,10.4363,0.2528,20.7018,0.0000,0.5185
96.8000,10.7704,0.2528,21.3507,0.0000,0.5185
96.9000,11.1042,0.2529,21.9971,0.0000,0.5184
97.0000,11.4377,0.2530,22.6407,0.0000,0.5183
97.1000,11.7708,0.2530,23.2814,0.0000,0.5182
97.2000,12.1034,0.2531,23.9190,0.0000,0.5182
97.3000,12.4357,0.2532,24.5534,0.0000,0.5181
97.4000,12.7676,0.2533,25.1843,0.0000,0.5180
97.5000,13.0989,0.2534,25.8115,0.0000,0.5179
97.6000,13.4298,0.2535,26.4349,0.0000,0.5178
97.7000,13.7602,0.2535,27.0543,0.0000,0.5177
97.8000,14.0901,0.2536,27.6694,0.0000,0.5176
97.9000,14.4194,0.2537,28.2801,0.0000,0.5176
98.0000,14.7481,0.2538,28.8862,0.0000,0.5175
98.1000,15.0762,0.2539,29.4874,0.0000,0.5174
98.2000,15.4037,0.2540,30.0835,0.0000,0.5173
98.3000,15.7305,0.2541,30.6744,0.0000,0.5172
98.4000,16.0566,0.2542,31.2598,0.0000,0.5171
98.5000,16.3820,0.2543,31.8396,0.0000,0.5170
98.6000,16.7067,0.2544,32.4134,0.0000,0.5169
98.7000,17.0306,0.2545,32.9811,0.0000,0.5168
98.8000,17.3536,0.2547,33.5425,0.0000,0.5167
98.9000,17.6759,0.2548,34.0973,0.0000,0.5166
99.0000,17.9973,0.2549,34.6454,0.0000,0.5165
99.1000,18.3178,0.2550,35.1865,0.0000,0.5163
99.2000,18.6374,0.2551,35.7204,0.0000,0.5162
99.3000,18.9560,0.2553,36.2470,0.0000,0.5161
99.4000,19.2737,0.2554,36.7659,0.0000,0.5160
99.5000,19.5903,0.2555,37.2770,0.0000,0.5159
99.6000,19.9059,0.2556,37.7801,0.0000,0.5158
99.7000,20.2204,0.2558,38.2750,0.0000,0.5157
99.8000,20.5339,0.2559,38.7615,0.0000,0.5155
99.9000,20.8462,0.2561,39.2393,0.0000,0.5154
100.0000,21.1573,0.2562,39.7084,0.0000,0.5153
100.1000,21.4672,0.2563,40.1684,0.0000,0.5152
100.2000,21.7760,0.2565,40.6193,0.0000,0.5151
100.3000,22.0834,0.2566,41.0608,0.0000,0.5149
100.4000,22.3896,0.2568,41.4928,0.0000,0.5148
100.5000,22.6944,0.2569,41.9150,0.0000,0.5147
100.6000,22.9980,0.2571,42.3274,0.0000,0.5146
100.7000,23.3001,0.2573,42.7298,0.0000,0.5144
100.8000,23.6008,0.2574,43.1220,0.0000,0.5143
100.9000,23.9001,0.2576,43.5038,0.0000,0.5142
101.0000,24.1979,0.2577,43.8752,0.0000,0.5140
101.1000,24.4942,0.2579,44.2360,0.0000,0.5139
101.2000,24.7890,0.2581,44.5861,0.0000,0.5138
101.3000,25.0822,0.2583,44.9253,0.0000,0.5136
101.4000,25.3739,0.2584,45.2535,0.0000,0.5135
101.5000,25.6639,0.2586,45.5707,0.0000,0.5134
101.6000,25.9523,0.2588,45.8767,0.0000,0.5132
101.7000,26.2390,0.2590,46.1715,0.0000,0.5131
101.8000,26.5240,0.2592,46.4549,0.0000,0.5129
101.9000,26.8073,0.2593,46.7270,0.0000,0.5128
102.0000,27.0888,0.2595,46.9875,0.0000,0.5127
102.1000,27.3686,0.2597,47.2366,0.0000,0.5125
102.2000,27.6466,0.2599,47.4741,0.0000,0.5124
102.3000,27.9227,0.2601,47.7000,0.0000,0.5122
102.4000,28.1970,0.2603,47.9142,0.0000,0.5121
102.5000,28.4693,0.2605,48.1168,0.0000,0.5120
102.6000,28.7398,0.2607,48.3078,0.0000,0.5118
102.7000,29.0084,0.2609,48.4871,0.0000,0.5117
102.8000,29.2750,0.2611,48.6547,0.0000,0.5115
102.9000,29.5397,0.2614,48.8107,0.0000,0.5114
103.0000,29.8023,0.2616,48.9551,0.0000,0.5112
103.1000,30.0630,0.2618,49.0879,0.0000,0.5111
103.2000,30.3216,0.2620,49.2092,0.0000,0.5109
103.3000,30.5781,0.2622,49.3189,0.0000,0.5108
103.4000,30.8326,0.2625,49.4173,0.0000,0.5106
103.5000,31.0850,0.2627,49.5043,0.0000,0.5105
103.6000,31.3353,0.2629,49.5801,0.0000,0.5104
103.7000,31.5835,0.2631,49.6447,0.0000,0.5102
103.8000,31.8296,0.2634,49.6981,0.0000,0.5101
103.9000,32.0735,0.2636,49.7406,0.0000,0.5099
104.0000,32.3152,0.2639,49.7722,0.0000,0.5098
104.1000,32.5547,0.2641,49.7931,0.0000,0.5096
104.2000,32.7921,0.2643,49.8033,0.0000,0.5095
104.3000,33.0272,0.2646,49.8030,0.0000,0.5093
104.4000,33.2602,0.2648,49.7923,0.0000,0.5092
104.5000,33.4909,0.2651,49.7714,0.0000,0.5090
104.6000,33.7194,0.2653,49.7404,0.0000,0.5089
104.7000,33.9456,0.2656,49.6996,0.0000,0.5087
104.8000,34.1696,0.2659,49.6490,0.0000,0.5086
104.9000,34.3913,0.2661,49.5888,0.0000,0.5084
105.0000,34.6108,0.2664,49.5192,0.0000,0.5083
105.1000,34.8279,0.2666,49.4404,0.0000,0.5082
105.2000,35.0428,0.2669,49.3525,0.0000,0.5080
105.3000,35.2555,0.2672,49.2558,0.0000,0.5079
105.4000,35.4658,0.2675,48.0334,0.0000,0.5077
105.5000,35.6620,0.2677,45.6923,0.0000,0.5076
105.6000,35.8444,0.2680,43.2399,0.0000,0.5075
105.7000,36.0120,0.2683,40.5432,0.0000,0.5073
105.8000,36.1637,0.2686,37.6186,0.0000,0.5072
105.9000,36.2987,0.2688,35.6849,0.0000,0.5071
106.0000,36.4287,0.2691,34.7694,0.0000,0.5070
106.1000,36.5527,0.2694,33.8656,0.0000,0.5069
106.2000,36.6719,0.2697,33.1281,0.0000,0.5068
106.3000,36.7869,0.2700,32.3175,0.0000,0.5067
106.4000,36.8966,0.2703,31.1822,0.0000,0.5066
106.5000,36.9988,0.2706,29.9131,0.0000,0.5065
106.6000,37.0945,0.2709,28.7069,0.0000,0.5065
106.7000,37.1835,0.2712,27.4956,0.0000,0.5064
106.8000,37.2660,0.2715,26.3151,0.0000,0.5063
106.9000,37.3423,0.2718,25.2754,0.0000,0.5062
107.0000,37.4135,0.2721,24.2118,0.0000,0.5061
107.1000,37.4785,0.2724,23.0747,0.0000,0.5061
107.2000,37.5378,0.2727,21.9238,0.0000,0.5060
107.3000,37.5907,0.2730,20.7222,0.0000,0.5059
107.4000,37.6374,0.2733,19.5563,0.0000,0.5059
107.5000,37.6783,0.2736,18.5620,0.0000,0.5058
107.6000,37.7148,0.2739,17.8511,0.0000,0.5058
107.7000,37.7483,0.2742,17.3168,0.0000,0.5057
107.8000,37.7792,0.2745,17.1356,0.0000,0.5057
107.9000,37.8107,0.2748,17.2976,0.0000,0.5056
108.0000,37.8430,0.2751,17.4080,0.0000,0.5056
108.1000,37.8754,0.2754,17.1403,0.0000,0.5055
108.2000,37.9048,0.2757,16.7495,0.0000,0.5054
108.3000,37.9331,0.2761,16.3403,0.0000,0.5054
108.4000,37.9583,0.2764,15.9253,0.0000,0.5053
108.5000,37.9822,0.2767,15.6996,0.0000,0.5053
108.6000,38.0050,0.2770,15.7966,0.0000,0.5052
108.7000,38.0298,0.2773,16.1326,0.0000,0.5052
108.8000,38.0558,0.2776,16.4528,0.0000,0.5051
108.9000,38.0835,0.2779,16.5729,0.0000,0.5051
109.0000,38.1105,0.2783,16.6381,0.0000,0.5050
109.1000,38.1388,0.2786,16.7351,0.0000,0.5050
109.2000,38.1665,0.2789,16.6430,0.0000,0.5049
109.3000,38.1936,0.2792,16.5380,0.0000,0.5049
109.4000,38.2202,0.2795,16.5203,0.0000,0.5048
109.5000,38.2470,0.2799,16.3744,0.0000,0.5048
109.6000,38.2719,0.2802,16.0270,0.0000,0.5047
109.7000,38.2951,0.2805,15.5984,0.0000,0.5047
109.8000,38.3156,0.2808,15.0668,0.0000,0.5046
109.9000,38.3334,0.2812,14.8711,0.0000,0.5046
110.0000,38.3519,0.2815,15.0636,0.0000,0.5045
110.1000,38.3715,0.2818,15.2216,0.0000,0.5045
110.2000,38.3914,0.2822,15.5025,0.0000,0.5044
110.3000,38.4136,0.2825,15.8766,0.0000,0.5044
110.4000,38.4371,0.2828,16.0319,0.0000,0.5043
110.5000,38.4607,0.2831,16.0937,0.0000,0.5043
110.6000,38.4846,0.2835,16.0639,0.0000,0.5042
110.7000,38.5077,0.2838,15.8049,0.0000,0.5042
110.8000,38.5289,0.2841,15.4667,0.0000,0.5041
110.9000,38.5486,0.2845,15.0933,0.0000,0.5041
111.0000,38.5660,0.2848,14.5954,0.0000,0.5040
111.1000,38.5807,0.2851,14.2904,0.0000,0.5040
111.2000,38.5950,0.2855,14.0126,0.0000,0.5039
111.3000,38.6069,0.2858,13.5633,0.0000,0.5039
111.4000,38.6168,0.2861,13.1504,0.0000,0.5039
111.5000,38.6246,0.2865,12.8577,0.0000,0.5038
111.6000,38.6315,0.2868,12.6156,0.0000,0.5038
111.7000,38.6368,0.2872,12.6270,0.0000,0.5037
111.8000,38.6438,0.2875,13.1071,0.0000,0.5037
111.9000,38.6538,0.2878,13.6438,0.0000,0.5036
112.0000,38.6660,0.2882,14.0520,0.0000,0.5036
112.1000,38.6798,0.2885,14.5073,0.0000,0.5036
112.2000,38.6964,0.2888,14.9731,0.0000,0.5035
112.3000,38.7147,0.2892,14.9444,0.0000,0.5035
112.4000,38.7308,0.2895,14.3223,0.0000,0.5034
112.5000,38.7429,0.2899,13.4328,0.0000,0.5034
112.6000,38.7503,0.2902,12.4525,0.0000,0.5033
112.7000,38.7528,0.2906,11.4785,0.0000,0.5033
112.8000,38.7507,0.2909,10.9247,0.0000,0.5033
112.9000,38.7478,0.2912,11.0968,0.0000,0.5032
113.0000,38.7473,0.2916,11.7181,0.0000,0.5032
113.1000,38.7504,0.2919,12.2589,0.0000,0.5031
113.2000,38.7552,0.2923,12.6708,0.0000,0.5031
113.3000,38.7623,0.2926,12.9151,0.0000,0.5031
113.4000,38.7693,0.2930,12.6276,0.0000,0.5030
113.5000,38.7736,0.2933,11.9539,0.0000,0.5030
113.6000,38.7741,0.2937,11.0274,0.0000,0.5029
113.7000,38.7693,0.2940,10.0787,0.0000,0.5029
113.8000,38.7605,0.2943,9.7186,0.0000,0.5029
113.9000,38.7522,0.2947,9.9542,0.0000,0.5028
114.0000,38.7457,0.2950,10.3150,0.0000,0.5028
114.1000,38.7410,0.2954,10.6820,0.0000,0.5028
114.2000,38.7380,0.2957,10.9098,0.0000,0.5027
114.3000,38.7355,0.2961,10.6123,0.0000,0.5027
114.4000,38.7297,0.2964,9.8261,0.0000,0.5027
114.5000,38.7194,0.2968,8.8235,0.0000,0.5026
114.6000,38.7038,0.2971,7.9786,0.0000,0.5026
114.7000,38.6854,0.2975,7.3164,0.0000,0.5026
114.8000,38.6634,0.2978,6.6592,0.0000,0.5025
114.9000,38.6386,0.2982,6.1694,0.0000,0.5025
115.0000,38.6119,0.2985,5.7296,0.0000,0.5025
115.1000,38.5829,0.2989,5.4542,0.0000,0.5025
115.2000,38.5535,0.2992,5.5014,0.0000,0.5025
115.3000,38.5250,0.2996,5.6137,0.0000,0.5024
115.4000,38.4968,0.2999,5.5752,0.0000,0.5024
115.5000,38.4680,0.3003,5.5348,0.0000,0.5024
115.6000,38.4394,0.3006,5.4927,0.0000,0.5024
115.7000,38.4102,0.3010,5.3263,0.0000,0.5023
115.8000,38.3801,0.3013,5.2357,0.0000,0.5023
115.9000,38.3501,0.3017,5.5597,0.0000,0.5023
116.0000,38.3232,0.3020,6.2290,0.0000,0.5023
116.1000,38.2999,0.3024,7.0106,0.0000,0.5023
116.2000,38.2808,0.3027,7.8043,0.0000,0.5022
116.3000,38.2653,0.3030,8.3972,0.0000,0.5022
116.4000,38.2521,0.3034,8.7580,0.0000,0.5022
116.5000,38.2402,0.3037,9.1257,0.0000,0.5021
116.6000,38.2306,0.3041,9.3274,0.0000,0.5021
116.7000,38.2208,0.3044,9.4600,0.0000,0.5021
116.8000,38.2125,0.3048,9.6755,0.0000,0.5020
116.9000,38.2048,0.3051,9.7453,0.0000,0.5020
117.0000,38.1972,0.3055,9.7931,0.0000,0.5020
117.1000,38.1899,0.3058,9.8490,0.0000,0.5019
117.2000,38.1830,0.3062,9.6946,0.0000,0.5019
117.3000,38.1742,0.3065,9.6936,0.0000,0.5019
117.4000,38.1672,0.3069,9.8835,0.0000,0.5018
117.5000,38.1603,0.3072,9.7243,0.0000,0.5018
117.6000,38.1517,0.3076,9.4409,0.0000,0.5018
117.7000,38.1420,0.3079,9.2718,0.0000,0.5017
117.8000,38.1318,0.3083,9.1444,0.0000,0.5017
117.9000,38.1209,0.3086,9.2046,0.0000,0.5017
118.0000,38.1113,0.3090,9.4624,0.0000,0.5016
118.1000,38.1029,0.3093,9.8783,0.0000,0.5016
118.2000,38.0974,0.3096,10.4741,0.0000,0.5016
118.3000,38.0950,0.3100,11.0568,0.0000,0.5015
118.4000,38.0952,0.3103,11.3353,0.0000,0.5015
118.5000,38.0955,0.3107,11.2642,0.0000,0.5015
118.6000,38.0951,0.3110,10.9117,0.0000,0.5014
118.7000,38.0918,0.3114,10.2178,0.0000,0.5014
118.8000,38.0845,0.3117,9.2865,0.0000,0.5014
118.9000,38.0720,0.3121,8.3341,0.0000,0.5013
119.0000,38.0553,0.3124,7.5605,0.0000,0.5013
119.1000,38.0352,0.3128,7.0230,0.0000,0.5013
119.2000,38.0131,0.3131,6.4390,0.0000,0.5012
119.3000,37.9873,0.3135,5.5412,0.0000,0.5012
119.4000,37.9564,0.3138,4.6775,0.0000,0.5012
119.5000,37.9220,0.3141,4.2024,0.0000,0.5012
119.6000,37.8864,0.3145,3.9468,0.0000,0.5012
119.7000,37.8496,0.3148,4.1252,0.0000,0.5011
119.8000,37.8159,0.3152,4.9109,0.0000,0.5011
119.9000,37.7869,0.3155,5.9155,0.0000,0.5011
120.0000,37.7633,0.3159,6.9606,0.0000,0.5011
120.1000,37.7449,0.3162,7.9362,0.0000,0.5011
120.2000,37.7311,0.3165,8.4943,0.0000,0.5010
120.3000,37.7182,0.3169,8.6120,0.0000,0.5010
120.4000,37.7056,0.3172,8.5453,0.0000,0.5010
120.5000,37.6921,0.3176,8.1729,0.0000,0.5009
120.6000,37.6758,0.3179,7.6898,0.0000,0.5009
120.7000,37.6575,0.3182,7.3923,0.0000,0.5009
120.8000,37.6383,0.3186,7.0561,0.0000,0.5009
120.9000,37.6167,0.3189,6.6131,0.0000,0.5008
121.0000,37.5930,0.3193,6.1943,0.0000,0.5008
121.1000,37.5673,0.3196,5.7600,0.0000,0.5008
121.2000,37.5393,0.3199,5.0824,0.0000,0.5008
121.3000,37.5068,0.3203,4.1655,0.0000,0.5007
121.4000,37.4697,0.3206,3.2692,0.0000,0.5007
121.5000,37.4282,0.3209,2.5654,0.0000,0.5007
121.6000,37.3841,0.3213,1.9908,0.0000,0.5007
121.7000,37.3369,0.3216,1.8748,0.0000,0.5007
121.8000,37.2916,0.3219,2.4168,0.0000,0.5007
121.9000,37.2500,0.3223,3.0414,0.0000,0.5007
122.0000,37.2112,0.3226,3.6429,0.0000,0.5006
122.1000,37.1757,0.3229,4.2365,0.0000,0.5006
122.2000,37.1430,0.3233,4.6249,0.0000,0.5006
122.3000,37.1115,0.3236,5.0406,0.0000,0.5006
122.4000,37.0831,0.3239,5.6538,0.0000,0.5006
122.5000,37.0579,0.3243,6.1715,0.0000,0.5005
122.6000,37.0348,0.3246,6.5250,0.0000,0.5005
122.7000,37.0133,0.3249,6.8310,0.0000,0.5005
122.8000,36.9933,0.3253,7.0508,0.0000,0.5005
122.9000,36.9741,0.3256,7.3274,0.0000,0.5004
123.0000,36.9571,0.3259,7.8226,0.0000,0.5004
123.1000,36.9430,0.3262,8.6887,0.0000,0.5004
123.2000,36.9348,0.3266,9.7930,0.0000,0.5003
123.3000,36.9319,0.3269,10.7677,0.0000,0.5003
123.4000,36.9337,0.3272,11.4945,0.0000,0.5003
123.5000,36.9383,0.3275,12.1115,0.0000,0.5002
123.6000,36.9463,0.3279,12.5554,0.0000,0.5002
123.7000,36.9554,0.3282,12.7121,0.0000,0.5001
123.8000,36.9650,0.3285,12.6503,0.0000,0.5001
123.9000,36.9733,0.3288,12.4478,0.0000,0.5001
124.0000,36.9808,0.3292,12.2285,0.0000,0.5000
124.1000,36.9868,0.3295,11.6677,0.0000,0.5000
124.2000,36.9885,0.3298,10.7330,0.0000,0.4999
124.3000,36.9850,0.3301,9.7935,0.0000,0.4999
124.4000,36.9770,0.3304,8.8655,0.0000,0.4999
124.5000,36.9641,0.3308,7.8100,0.0000,0.4999
124.6000,36.9454,0.3311,6.9658,0.0000,0.4998
124.7000,36.9238,0.3314,6.5609,0.0000,0.4998
124.8000,36.9010,0.3317,6.4595,0.0000,0.4998
124.9000,36.8785,0.3320,6.7529,0.0000,0.4998
125.0000,36.8587,0.3324,7.2504,0.0000,0.4997
125.1000,36.8414,0.3327,7.7762,0.0000,0.4997
125.2000,36.8271,0.3330,8.3225,0.0000,0.4997
125.3000,36.8153,0.3333,8.7900,0.0000,0.4996
125.4000,36.8058,0.3336,9.0298,0.0000,0.4996
125.5000,36.7965,0.3339,8.9637,0.0000,0.4996
125.6000,36.7864,0.3343,8.8056,0.0000,0.4995
125.7000,36.7755,0.3346,8.8125,0.0000,0.4995
125.8000,36.7654,0.3349,8.8453,0.0000,0.4995
125.9000,36.7549,0.3352,8.7881,0.0000,0.4995
126.0000,36.7443,0.3355,8.8985,0.0000,0.4994
126.1000,36.7349,0.3358,8.8456,0.0000,0.4994
126.2000,36.7238,0.3361,8.6056,0.0000,0.4994
126.3000,36.7119,0.3364,8.7489,0.0000,0.4993
126.4000,36.7023,0.3368,9.2981,0.0000,0.4993
126.5000,36.6961,0.3371,10.0776,0.0000,0.4993
126.6000,36.6945,0.3374,11.0831,0.0000,0.4992
126.7000,36.6987,0.3377,11.6877,0.0000,0.4992
126.8000,36.7032,0.3380,11.5898,0.0000,0.4992
126.9000,36.7064,0.3383,11.1973,0.0000,0.4991
127.0000,36.7069,0.3386,10.5532,0.0000,0.4991
127.1000,36.7033,0.3389,9.8412,0.0000,0.4990
127.2000,36.6965,0.3392,9.6007,0.0000,0.4990
127.3000,36.6905,0.3395,9.8592,0.0000,0.4990
127.4000,36.6863,0.3398,10.1896,0.0000,0.4989
127.5000,36.6837,0.3401,10.4661,0.0000,0.4989
127.6000,36.6824,0.3404,11.0125,0.0000,0.4989
127.7000,36.6854,0.3407,11.8256,0.0000,0.4988
127.8000,36.6924,0.3410,12.5065,0.0000,0.4988
127.9000,36.7024,0.3413,12.9331,0.0000,0.4987
128.0000,36.7137,0.3416,13.0745,0.0000,0.4987
128.1000,36.7251,0.3419,12.5149,0.0000,0.4987
128.2000,36.7305,0.3422,11.2804,0.0000,0.4986
128.3000,36.7291,0.3425,10.0002,0.0000,0.4986
128.4000,36.7214,0.3428,8.9290,0.0000,0.4986
128.5000,36.7091,0.3431,8.2129,0.0000,0.4985
128.6000,36.6940,0.3434,8.0502,0.0000,0.4985
128.7000,36.6800,0.3437,8.3632,0.0000,0.4985
128.8000,36.6682,0.3440,8.5508,0.0000,0.4984
128.9000,36.6561,0.3443,8.3723,0.0000,0.4984
129.0000,36.6426,0.3446,8.1821,0.0000,0.4984
129.1000,36.6286,0.3448,8.1070,0.0000,0.4984
129.2000,36.6142,0.3451,8.0022,0.0000,0.4983
129.3000,36.5992,0.3454,7.9527,0.0000,0.4983
129.4000,36.5844,0.3457,8.3074,0.0000,0.4983
129.5000,36.5730,0.3460,8.8729,0.0000,0.4982
129.6000,36.5641,0.3463,9.2675,0.0000,0.4982
129.7000,36.5568,0.3466,9.4294,0.0000,0.4982
129.8000,36.5496,0.3469,9.5635,0.0000,0.4981
129.9000,36.5437,0.3471,9.6768,0.0000,0.4981
130.0000,36.5376,0.3474,9.6076,0.0000,0.4981
130.1000,36.5311,0.3477,9.7276,0.0000,0.4980
130.2000,36.5262,0.3480,10.2913,0.0000,0.4980
130.3000,36.5255,0.3483,11.0451,0.0000,0.4980
130.4000,36.5284,0.3485,11.6593,0.0000,0.4979
130.5000,36.5340,0.3488,12.1264,0.0000,0.4979
130.6000,36.5417,0.3491,12.3928,0.0000,0.4979
130.7000,36.5500,0.3494,12.0522,0.0000,0.4978
130.8000,36.5542,0.3497,11.3129,0.0000,0.4978
130.9000,36.5548,0.3499,10.6873,0.0000,0.4977
131.0000,36.5524,0.3502,10.4269,0.0000,0.4977
131.1000,36.5503,0.3505,10.4860,0.0000,0.4977
131.2000,36.5486,0.3507,10.8543,0.0000,0.4976
131.3000,36.5503,0.3510,11.4776,0.0000,0.4976
131.4000,36.5549,0.3513,11.9997,0.0000,0.4976
131.5000,36.5620,0.3516,12.1325,0.0000,0.4975
131.6000,36.5680,0.3518,11.8820,0.0000,0.4975
131.7000,36.5724,0.3521,11.3786,0.0000,0.4974
131.8000,36.5732,0.3524,10.6854,0.0000,0.4974
131.9000,36.5704,0.3526,9.9013,0.0000,0.4974
132.0000,36.5631,0.3529,9.0330,0.0000,0.4973
132.1000,36.5513,0.3532,8.1280,0.0000,0.4973
132.2000,36.5347,0.3534,7.4985,0.0000,0.4973
132.3000,36.5165,0.3537,7.3855,0.0000,0.4973
132.4000,36.4987,0.3539,7.8099,0.0000,0.4972
132.5000,36.4850,0.3542,8.5955,0.0000,0.4972
132.6000,36.4753,0.3545,9.4290,0.0000,0.4972
132.7000,36.4702,0.3547,10.2066,0.0000,0.4971
132.8000,36.4687,0.3550,10.7139,0.0000,0.4971
132.9000,36.4688,0.3552,11.0040,0.0000,0.4971
133.0000,36.4702,0.3555,11.3791,0.0000,0.4970
133.1000,36.4742,0.3558,11.8958,0.0000,0.4970
133.2000,36.4810,0.3560,12.6306,0.0000,0.4969
133.3000,36.4925,0.3563,13.6340,0.0000,0.4969
133.4000,36.5096,0.3565,14.7609,0.0000,0.4968
133.5000,36.5327,0.3568,15.8380,0.0000,0.4968
133.6000,36.5607,0.3570,16.8524,0.0000,0.4967
133.7000,36.5941,0.3573,17.7097,0.0000,0.4967
133.8000,36.6308,0.3575,18.2671,0.0000,0.4966
133.9000,36.6697,0.3578,18.3896,0.0000,0.4966
134.0000,36.7073,0.3580,18.2131,0.0000,0.4965
134.1000,36.7441,0.3582,17.8486,0.0000,0.4965
134.2000,36.7777,0.3585,17.2732,0.0000,0.4964
134.3000,36.8084,0.3587,16.9082,0.0000,0.4964
134.4000,36.8381,0.3590,16.9902,0.0000,0.4963
134.5000,36.8694,0.3592,17.3275,0.0000,0.4962
134.6000,36.9023,0.3595,17.7914,0.0000,0.4962
134.7000,36.9381,0.3597,18.4154,0.0000,0.4961
134.8000,36.9772,0.3599,18.7381,0.0000,0.4961
134.9000,37.0160,0.3602,18.4554,0.0000,0.4960
135.0000,37.0519,0.3604,17.7270,0.0000,0.4960
135.1000,37.0831,0.3607,16.9225,0.0000,0.4959
135.2000,37.1106,0.3609,15.9899,0.0000,0.4959
135.3000,37.1321,0.3611,15.0444,0.0000,0.4958
135.4000,37.1498,0.3614,14.5881,0.0000,0.4958
135.5000,37.1666,0.3616,14.6407,0.0000,0.4957
135.6000,37.1847,0.3618,14.8639,0.0000,0.4957
135.7000,37.2036,0.3621,15.2210,0.0000,0.4956
135.8000,37.2253,0.3623,15.5563,0.0000,0.4956
135.9000,37.2474,0.3625,15.5721,0.0000,0.4955
136.0000,37.2691,0.3627,15.6064,0.0000,0.4955
136.1000,37.2915,0.3630,15.9366,0.0000,0.4954
136.2000,37.3163,0.3632,16.2006,0.0000,0.4954
136.3000,37.3412,0.3634,16.3490,0.0000,0.4953
136.4000,37.3674,0.3636,16.5590,0.0000,0.4953
136.5000,37.3943,0.3639,16.6064,0.0000,0.4952
136.6000,37.4208,0.3641,16.4219,0.0000,0.4952
136.7000,37.4456,0.3643,16.2783,0.0000,0.4951
136.8000,37.4705,0.3645,16.2474,0.0000,0.4951
136.9000,37.4948,0.3647,16.2074,0.0000,0.4950
137.0000,37.5191,0.3650,16.1018,0.0000,0.4950
137.1000,37.5422,0.3652,15.8510,0.0000,0.4949
137.2000,37.5639,0.3654,15.5794,0.0000,0.4949
137.3000,37.5841,0.3656,15.2432,0.0000,0.4948
137.4000,37.6023,0.3658,14.8816,0.0000,0.4948
137.5000,37.6188,0.3660,14.6354,0.0000,0.4947
137.6000,37.6343,0.3662,14.4882,0.0000,0.4947
137.7000,37.6493,0.3664,14.4139,0.0000,0.4946
137.8000,37.6640,0.3666,14.6790,0.0000,0.4946
137.9000,37.6815,0.3669,15.3007,0.0000,0.4945
138.0000,37.7023,0.3671,16.1164,0.0000,0.4945
138.1000,37.7278,0.3673,17.0947,0.0000,0.4944
138.2000,37.7583,0.3675,18.1561,0.0000,0.4944
138.3000,37.7943,0.3677,19.1043,0.0000,0.4943
138.4000,37.8340,0.3679,19.6233,0.0000,0.4942
138.5000,37.8748,0.3681,19.5345,0.0000,0.4942
138.6000,37.9134,0.3683,19.0936,0.0000,0.4941
138.7000,37.9496,0.3685,18.5658,0.0000,0.4941
138.8000,37.9826,0.3686,18.0338,0.0000,0.4940
138.9000,38.0133,0.3688,17.4327,0.0000,0.4940
139.0000,38.0401,0.3690,16.8182,0.0000,0.4939
139.1000,38.0645,0.3692,16.2917,0.0000,0.4938
139.2000,38.0860,0.3694,15.6743,0.0000,0.4938
139.3000,38.1041,0.3696,14.9202,0.0000,0.4938
139.4000,38.1180,0.3698,14.1544,0.0000,0.4937
139.5000,38.1285,0.3700,13.4869,0.0000,0.4937
139.6000,38.1357,0.3702,12.9904,0.0000,0.4936
139.7000,38.1412,0.3703,12.5546,0.0000,0.4936
139.8000,38.1441,0.3705,12.1372,0.0000,0.4935
139.9000,38.1454,0.3707,11.9585,0.0000,0.4935
140.0000,38.1465,0.3709,11.9467,0.0000,0.4935
140.1000,38.1476,0.3711,11.9871,0.0000,0.4934
140.2000,38.1491,0.3712,12.1864,0.0000,0.4934
140.3000,38.1523,0.3714,12.4980,0.0000,0.4933
140.4000,38.1568,0.3716,12.9379,0.0000,0.4933
140.5000,38.1642,0.3717,13.4974,0.0000,0.4933
140.6000,38.1743,0.3719,13.9882,0.0000,0.4932
140.7000,38.1865,0.3721,14.1932,0.0000,0.4932
140.8000,38.1985,0.3723,14.0622,0.0000,0.4931
140.9000,38.2094,0.3724,13.5512,0.0000,0.4931
141.0000,38.2162,0.3726,12.5811,0.0000,0.4930
141.1000,38.2175,0.3727,11.3263,0.0000,0.4930
141.2000,38.2119,0.3729,10.0726,0.0000,0.4930
141.3000,38.2008,0.3731,8.9618,0.0000,0.4929
141.4000,38.1843,0.3732,8.2821,0.0000,0.4929
141.5000,38.1665,0.3734,8.2707,0.0000,0.4929
141.6000,38.1499,0.3735,8.9560,0.0000,0.4928
141.7000,38.1389,0.3737,10.1919,0.0000,0.4928
141.8000,38.1346,0.3738,11.5605,0.0000,0.4928
141.9000,38.1372,0.3740,12.4689,0.0000,0.4927
142.0000,38.1419,0.3741,12.8131,0.0000,0.4927
142.1000,38.1479,0.3743,12.5732,0.0000,0.4926
142.2000,38.1501,0.3744,11.9110,0.0000,0.4926
142.3000,38.1496,0.3746,11.3456,0.0000,0.4926
142.4000,38.1462,0.3747,11.0208,0.0000,0.4925
142.5000,38.1424,0.3748,10.6982,0.0000,0.4925
142.6000,38.1359,0.3750,10.3052,0.0000,0.4925
142.7000,38.1282,0.3751,9.9353,0.0000,0.4924
142.8000,38.1180,0.3752,9.2293,0.0000,0.4924
142.9000,38.1034,0.3754,8.4669,0.0000,0.4924
143.0000,38.0857,0.3755,7.8556,0.0000,0.4923
143.1000,38.0651,0.3756,7.0988,0.0000,0.4923
143.2000,38.0399,0.3758,6.0450,0.0000,0.4923
143.3000,38.0089,0.3759,5.0442,0.0000,0.4923
143.4000,37.9739,0.3760,4.0090,0.0000,0.4922
143.5000,37.9327,0.3761,3.3557,0.0000,0.4922
143.6000,37.8913,0.3763,3.5217,0.0000,0.4922
143.7000,37.8518,0.3764,4.1846,0.0000,0.4922
143.8000,37.8172,0.3765,5.1899,0.0000,0.4922
143.9000,37.7878,0.3766,6.4986,0.0000,0.4921
144.0000,37.7663,0.3767,7.7774,0.0000,0.4921
144.1000,37.7498,0.3768,8.6488,0.0000,0.4921
144.2000,37.7370,0.3769,9.1917,0.0000,0.4921
144.3000,37.7260,0.3771,9.5008,0.0000,0.4920
144.4000,37.7163,0.3772,9.5096,0.0000,0.4920
144.5000,37.7054,0.3773,9.1097,0.0000,0.4920
144.6000,37.6918,0.3774,8.5996,0.0000,0.4919
144.7000,37.6759,0.3775,8.1290,0.0000,0.4919
144.8000,37.6576,0.3776,7.7136,0.0000,0.4919
144.9000,37.6375,0.3777,7.4790,0.0000,0.4918
145.0000,37.6170,0.3778,-1.1861,0.0000,0.4918
145.1000,37.5100,0.3779,-18.4407,0.0000,0.4919
145.2000,37.3158,0.3780,-35.4778,0.0000,0.4920
145.3000,37.0358,0.3780,-52.1858,0.0000,0.4921
145.4000,36.6690,0.3781,-68.5180,0.0000,0.4922
145.5000,36.2159,0.3782,-76.0101,0.0000,0.4924
145.6000,35.7629,0.3783,-75.1216,0.0000,0.4925
145.7000,35.3098,0.3784,-74.2309,0.0000,0.4927
145.8000,34.8567,0.3785,-73.3378,0.0000,0.4928
145.9000,34.4037,0.3785,-72.4424,0.0000,0.4930
146.0000,33.9506,0.3786,-71.5448,0.0000,0.4931
146.1000,33.4976,0.3787,-70.6449,0.0000,0.4933
146.2000,33.0445,0.3787,-69.7428,0.0000,0.4934
146.3000,32.5915,0.3788,-68.8386,0.0000,0.4936
146.4000,32.1384,0.3789,-67.9322,0.0000,0.4937
146.5000,31.6853,0.3789,-67.0236,0.0000,0.4939
146.6000,31.2323,0.3790,-66.1131,0.0000,0.4940
146.7000,30.7792,0.3791,-65.2004,0.0000,0.4941
146.8000,30.3262,0.3791,-64.2857,0.0000,0.4943
146.9000,29.8731,0.3792,-63.3690,0.0000,0.4944
147.0000,29.4200,0.3792,-62.4504,0.0000,0.4945
147.1000,28.9670,0.3793,-61.5298,0.0000,0.4947
147.2000,28.5139,0.3793,-60.6073,0.0000,0.4948
147.3000,28.0609,0.3794,-59.6829,0.0000,0.4949
147.4000,27.6078,0.3794,-58.7567,0.0000,0.4951
147.5000,27.1548,0.3794,-57.8287,0.0000,0.4952
147.6000,26.7017,0.3795,-56.8988,0.0000,0.4953
147.7000,26.2486,0.3795,-55.9672,0.0000,0.4954
147.8000,25.7956,0.3796,-55.0339,0.0000,0.4955
147.9000,25.3425,0.3796,-54.0989,0.0000,0.4956
148.0000,24.8895,0.3796,-53.1621,0.0000,0.4957
148.1000,24.4364,0.3797,-52.2238,0.0000,0.4958
148.2000,23.9833,0.3797,-51.2838,0.0000,0.4960
148.3000,23.5303,0.3797,-50.3423,0.0000,0.4961
148.4000,23.0772,0.3798,-49.3992,0.0000,0.4962
148.5000,22.6242,0.3798,-48.4545,0.0000,0.4963
148.6000,22.1711,0.3798,-47.5084,0.0000,0.4964
148.7000,21.7181,0.3798,-46.5608,0.0000,0.4964
148.8000,21.2650,0.3799,-45.6118,0.0000,0.4965
148.9000,20.8119,0.3799,-44.6613,0.0000,0.4966
149.0000,20.3589,0.3799,-43.7095,0.0000,0.4967
149.1000,19.9058,0.3799,-42.7564,0.0000,0.4968
149.2000,19.4528,0.3800,-41.8019,0.0000,0.4969
149.3000,18.9997,0.3800,-40.8461,0.0000,0.4970
149.4000,18.5466,0.3800,-39.8891,0.0000,0.4970
149.5000,18.0936,0.3800,-38.9309,0.0000,0.4971
149.6000,17.6405,0.3800,-37.9714,0.0000,0.4972
149.7000,17.1875,0.3801,-37.0108,0.0000,0.4973
149.8000,16.7344,0.3801,-36.0491,0.0000,0.4973
149.9000,16.2814,0.3801,-35.0862,0.0000,0.4974
150.0000,15.8283,0.3801,-34.1222,0.0000,0.4975
150.1000,15.3752,0.3801,-33.1573,0.0000,0.4975
150.2000,14.9222,0.3801,-32.1913,0.0000,0.4976
150.3000,14.4691,0.3801,-31.2243,0.0000,0.4977
150.4000,14.0161,0.3801,-30.2563,0.0000,0.4977
150.5000,13.5630,0.3802,-29.2874,0.0000,0.4978
150.6000,13.1099,0.3802,-28.3176,0.0000,0.4978
150.7000,12.6569,0.3802,-27.3470,0.0000,0.4979
150.8000,12.2038,0.3802,-26.3755,0.0000,0.4979
150.9000,11.7508,0.3802,-25.4032,0.0000,0.4980
151.0000,11.2977,0.3802,-24.4301,0.0000,0.4980
151.1000,10.8447,0.3802,-23.4563,0.0000,0.4981
151.2000,10.3916,0.3802,-22.4817,0.0000,0.4981
151.3000,9.9385,0.3802,-21.5065,0.0000,0.4981
151.4000,9.4855,0.3802,-20.5306,0.0000,0.4982
151.5000,9.0324,0.3802,-19.5541,0.0000,0.4982
151.6000,8.5794,0.3802,-18.5769,0.0000,0.4982
151.7000,8.1263,0.3802,-17.5993,0.0000,0.4983
151.8000,7.6733,0.3803,-16.6210,0.0000,0.4983
151.9000,7.2202,0.3803,-15.6423,0.0000,0.4983
152.0000,6.7671,0.3803,-14.6631,0.0000,0.4983
152.1000,6.3141,0.3803,-13.6834,0.0000,0.4983
152.2000,5.8610,0.3803,-12.3874,0.0000,0.4983
152.3000,5.4283,0.3803,-10.8175,0.0000,0.4983
152.4000,5.0209,0.3803,-9.2716,0.0000,0.4983
152.5000,4.6435,0.3803,-7.7858,0.0000,0.4983
152.6000,4.3004,0.3803,-6.3853,0.0000,0.4983
152.7000,3.9955,0.3803,-5.2996,0.0000,0.4983
152.8000,3.7122,0.3803,-4.5144,0.0000,0.4983
152.9000,3.4491,0.3803,-3.8409,0.0000,0.4983
153.0000,3.2045,0.3803,-3.2634,0.0000,0.4983
153.1000,2.9773,0.3803,-2.7686,0.0000,0.4983
153.2000,2.7663,0.3803,-2.3448,0.0000,0.4983
153.3000,2.5701,0.3803,-1.9823,0.0000,0.4983
153.4000,2.3879,0.3803,-1.6722,0.0000,0.4983
153.5000,2.2186,0.3803,-1.4073,0.0000,0.4983
153.6000,2.0613,0.3803,-1.1813,0.0000,0.4983
153.7000,1.9152,0.3803,-0.9885,0.0000,0.4983
153.8000,1.7794,0.3803,-0.8242,0.0000,0.4983
153.9000,1.6533,0.3803,-0.6845,0.0000,0.4983
154.0000,1.5360,0.3803,-0.5659,0.0000,0.4983
154.1000,1.4271,0.3803,-0.4652,0.0000,0.4983
154.2000,1.3260,0.3803,-0.3799,0.0000,0.4983
154.3000,1.2320,0.3803,-0.3079,0.0000,0.4983
154.4000,1.1446,0.3803,-0.2471,0.0000,0.4982
154.5000,1.0635,0.3803,-0.1959,0.0000,0.4982
154.6000,0.9881,0.3803,-0.1530,0.0000,0.4982
154.7000,0.9180,0.3803,-0.1171,0.0000,0.4982
154.8000,0.8529,0.3803,-0.0872,0.0000,0.4982
154.9000,0.7925,0.3803,-0.0623,0.0000,0.4982
155.0000,0.7363,0.3803,-0.0418,0.0000,0.4982
155.1000,0.6841,0.3803,-0.0249,0.0000,0.4982
155.2000,0.6356,0.3803,-0.0111,0.0000,0.4982
155.3000,0.5905,0.3803,0.0001,0.0000,0.4982
155.4000,0.5487,0.3803,0.0090,0.0000,0.4982
155.5000,0.5098,0.3803,0.0161,0.0000,0.4982
155.6000,0.4736,0.3803,0.0216,0.0000,0.4982
155.7000,0.4400,0.3803,0.0258,0.0000,0.4982
155.8000,0.4088,0.3803,0.0290,0.0000,0.4982
155.9000,0.3799,0.3803,0.0312,0.0000,0.4982
156.0000,0.3529,0.3803,0.0327,0.0000,0.4982
156.1000,0.3279,0.3803,0.0336,0.0000,0.4982
156.2000,0.3047,0.3803,0.0340,0.0000,0.4982
156.3000,0.2831,0.3803,0.0339,0.0000,0.4981
156.4000,0.2630,0.3803,0.0336,0.0000,0.4981
156.5000,0.2443,0.3803,0.0330,0.0000,0.4981
156.6000,0.2270,0.3803,0.0322,0.0000,0.4981
156.7000,0.2109,0.3803,0.0312,0.0000,0.4981
156.8000,0.1960,0.3803,-0.0643,0.0000,0.4981
156.9000,0.0000,0.3803,-0.0000,0.0000,0.4981
157.0000,0.0000,0.3803,0.0000,0.0000,0.4981
157.1000,0.0000,0.3803,0.0000,0.0000,0.4981
157.2000,0.0000,0.3803,0.0000,0.0000,0.4981
157.3000,0.0000,0.3803,0.0000,0.0000,0.4981
157.4000,0.0000,0.3803,0.0000,0.0000,0.4981
157.5000,0.0000,0.3803,0.0000,0.0000,0.4981
157.6000,0.0000,0.3803,0.0000,0.0000,0.4981
157.7000,0.0000,0.3803,0.0000,0.0000,0.4981
157.8000,0.0000,0.3803,0.0000,0.0000,0.4981
157.9000,0.0000,0.3803,0.0000,0.0000,0.4981
158.0000,0.0000,0.3803,0.0000,0.0000,0.4981
158.1000,0.0000,0.3803,0.0000,0.0000,0.4981
158.2000,0.0000,0.3803,0.0000,0.0000,0.4980
158.3000,0.0000,0.3803,0.0000,0.0000,0.4980
158.4000,0.0000,0.3803,0.0000,0.0000,0.4980
158.5000,0.0000,0.3803,0.0000,0.0000,0.4980
158.6000,0.0000,0.3803,0.0000,0.0000,0.4980
158.7000,0.0000,0.3803,0.0000,0.0000,0.4980
158.8000,0.0000,0.3803,0.0000,0.0000,0.4980
158.9000,0.0000,0.3803,0.0000,0.0000,0.4980
159.0000,0.0000,0.3803,0.0000,0.0000,0.4980
159.1000,0.0000,0.3803,0.0000,0.0000,0.4980
159.2000,0.0000,0.3803,0.0000,0.0000,0.4980
159.3000,0.0000,0.3803,0.0000,0.0000,0.4980
159.4000,0.0000,0.3803,0.0000,0.0000,0.4980
159.5000,0.0000,0.3803,0.0000,0.0000,0.4980
159.6000,0.0000,0.3803,0.0000,0.0000,0.4980
159.7000,0.0000,0.3803,0.0000,0.0000,0.4980
159.8000,0.0000,0.3803,0.0000,0.0000,0.4980
159.9000,0.0000,0.3803,0.0000,0.0000,0.4980
160.0000,0.0000,0.3803,0.0000,0.0000,0.4980
160.1000,0.0000,0.3803,0.0000,0.0000,0.4980
160.2000,0.0000,0.3803,0.0000,0.0000,0.4979
160.3000,0.0000,0.3803,0.0000,0.0000,0.4979
160.4000,0.0000,0.3803,0.0000,0.0000,0.4979
160.5000,0.0000,0.3803,0.0000,0.0000,0.4979
160.6000,0.0000,0.3803,0.0000,0.0000,0.4979
160.7000,0.0000,0.3803,0.0000,0.0000,0.4979
160.8000,0.0000,0.3803,0.0000,0.0000,0.4979
160.9000,0.0000,0.3803,0.0000,0.0000,0.4979
161.0000,0.0000,0.3803,0.0000,0.0000,0.4979
161.1000,0.0000,0.3803,0.0000,0.0000,0.4979
161.2000,0.0000,0.3803,0.0000,0.0000,0.4979
161.3000,0.0000,0.3803,0.0000,0.0000,0.4979
161.4000,0.0000,0.3803,0.0000,0.0000,0.4979
161.5000,0.0000,0.3803,0.0000,0.0000,0.4979
161.6000,0.0000,0.3803,0.0000,0.0000,0.4979
161.7000,0.0000,0.3803,0.0000,0.0000,0.4979
161.8000,0.0000,0.3803,0.0000,0.0000,0.4979
161.9000,0.0000,0.3803,0.0000,0.0000,0.4979
162.0000,0.0000,0.3803,0.0000,0.0000,0.4979
162.1000,0.0000,0.3803,0.0000,0.0000,0.4978
162.2000,0.0000,0.3803,0.0000,0.0000,0.4978
162.3000,0.0000,0.3803,0.0000,0.0000,0.4978
162.4000,0.0000,0.3803,0.0000,0.0000,0.4978
162.5000,0.0000,0.3803,0.0000,0.0000,0.4978
162.6000,0.0000,0.3803,0.0000,0.0000,0.4978
162.7000,0.0000,0.3803,0.0000,0.0000,0.4978
162.8000,0.0000,0.3803,0.0000,0.0000,0.4978
162.9000,0.0000,0.3803,0.0000,0.0000,0.4978
163.0000,0.0000,0.3803,0.0000,0.0000,0.4978
163.1000,0.0000,0.3803,0.0000,0.0000,0.4978
163.2000,0.0000,0.3803,0.0000,0.0000,0.4978
163.3000,0.0000,0.3803,0.0000,0.0000,0.4978
163.4000,0.0000,0.3803,0.0000,0.0000,0.4978
163.5000,0.0000,0.3803,0.0000,0.0000,0.4978
163.6000,0.0000,0.3803,0.0000,0.0000,0.4978
163.7000,0.0000,0.3803,0.0000,0.0000,0.4978
163.8000,0.0000,0.3803,0.0000,0.0000,0.4978
163.9000,0.0000,0.3803,0.0000,0.0000,0.4978
164.0000,0.0000,0.3803,0.0000,0.0000,0.4977
164.1000,0.0000,0.3803,0.0000,0.0000,0.4977
164.2000,0.0000,0.3803,0.0000,0.0000,0.4977
164.3000,0.0000,0.3803,0.0000,0.0000,0.4977
164.4000,0.0000,0.3803,0.0000,0.0000,0.4977
164.5000,0.0000,0.3803,0.0000,0.0000,0.4977
164.6000,0.0000,0.3803,0.0000,0.0000,0.4977
164.7000,0.0000,0.3803,0.0000,0.0000,0.4977
164.8000,0.0000,0.3803,0.0000,0.0000,0.4977
164.9000,0.0000,0.3803,0.0000,0.0000,0.4977
165.0000,0.0000,0.3803,0.0000,0.0000,0.4977
165.1000,0.0000,0.3803,0.0000,0.0000,0.4977
165.2000,0.0000,0.3803,0.0000,0.0000,0.4977
165.3000,0.0000,0.3803,0.0000,0.0000,0.4977
165.4000,0.0000,0.3803,0.0000,0.0000,0.4977
165.5000,0.0000,0.3803,0.0000,0.0000,0.4977
165.6000,0.0000,0.3803,0.0000,0.0000,0.4977
165.7000,0.0000,0.3803,0.0000,0.0000,0.4977
165.8000,0.0000,0.3803,0.0000,0.0000,0.4977
165.9000,0.0000,0.3803,0.0000,0.0000,0.4977
166.0000,0.0000,0.3803,0.0000,0.0000,0.4976
166.1000,0.0000,0.3803,0.0000,0.0000,0.4976
166.2000,0.0000,0.3803,0.0000,0.0000,0.4976
166.3000,0.0000,0.3803,0.0000,0.0000,0.4976
166.4000,0.0000,0.3803,0.0000,0.0000,0.4976
166.5000,0.0000,0.3803,0.0000,0.0000,0.4976
166.6000,0.0000,0.3803,0.0000,0.0000,0.4976
166.7000,0.0000,0.3803,0.0000,0.0000,0.4976
166.8000,0.0000,0.3803,0.0000,0.0000,0.4976
166.9000,0.0000,0.3803,0.0000,0.0000,0.4976
167.0000,0.0000,0.3803,0.0000,0.0000,0.4976
167.1000,0.0000,0.3803,0.0000,0.0000,0.4976
167.2000,0.0000,0.3803,0.0000,0.0000,0.4976
167.3000,0.0000,0.3803,0.0000,0.0000,0.4976
167.4000,0.0000,0.3803,0.0000,0.0000,0.4976
167.5000,0.0000,0.3803,0.0000,0.0000,0.4976
167.6000,0.0000,0.3803,0.0000,0.0000,0.4976
167.7000,0.0000,0.3803,0.0000,0.0000,0.4976
167.8000,0.0000,0.3803,0.0000,0.0000,0.4976
167.9000,0.0000,0.3803,0.0000,0.0000,0.4975
168.0000,0.0000,0.3803,0.0000,0.0000,0.4975
168.1000,0.0000,0.3803,0.0000,0.0000,0.4975
168.2000,0.0000,0.3803,0.0000,0.0000,0.4975
168.3000,0.0000,0.3803,0.0000,0.0000,0.4975
168.4000,0.0000,0.3803,0.0000,0.0000,0.4975
168.5000,0.0000,0.3803,0.0000,0.0000,0.4975
168.6000,0.0000,0.3803,0.0000,0.0000,0.4975
168.7000,0.0000,0.3803,0.0000,0.0000,0.4975
168.8000,0.0000,0.3803,0.0000,0.0000,0.4975
168.9000,0.0000,0.3803,0.0000,0.0000,0.4975
169.0000,0.0000,0.3803,0.0000,0.0000,0.4975
169.1000,0.0000,0.3803,0.0000,0.0000,0.4975
169.2000,0.0000,0.3803,0.0000,0.0000,0.4975
169.3000,0.0000,0.3803,0.0000,0.0000,0.4975
169.4000,0.0000,0.3803,0.0000,0.0000,0.4975
169.5000,0.0000,0.3803,0.0000,0.0000,0.4975
169.6000,0.0000,0.3803,0.0000,0.0000,0.4975
169.7000,0.0000,0.3803,0.0000,0.0000,0.4975
169.8000,0.0000,0.3803,0.0000,0.0000,0.4974
169.9000,0.0000,0.3803,0.0000,0.0000,0.4974
170.0000,0.0000,0.3803,0.0000,0.0000,0.4974
170.1000,0.0000,0.3803,0.0000,0.0000,0.4974
170.2000,0.0000,0.3803,0.0000,0.0000,0.4974
170.3000,0.0000,0.3803,0.0000,0.0000,0.4974
170.4000,0.0000,0.3803,0.0000,0.0000,0.4974
170.5000,0.0000,0.3803,0.0000,0.0000,0.4974
170.6000,0.0000,0.3803,0.0000,0.0000,0.4974
170.7000,0.0000,0.3803,0.0000,0.0000,0.4974
170.8000,0.0000,0.3803,0.0000,0.0000,0.4974
170.9000,0.0000,0.3803,0.0000,0.0000,0.4974
171.0000,0.0000,0.3803,0.0000,0.0000,0.4974
171.1000,0.0000,0.3803,0.0000,0.0000,0.4974
171.2000,0.0000,0.3803,0.0000,0.0000,0.4974
171.3000,0.0000,0.3803,0.0000,0.0000,0.4974
171.4000,0.0000,0.3803,0.0000,0.0000,0.4974
171.5000,0.0000,0.3803,0.0000,0.0000,0.4974
171.6000,0.0000,0.3803,0.0000,0.0000,0.4974
171.7000,0.0000,0.3803,0.0000,0.0000,0.4974
171.8000,0.0000,0.3803,0.0000,0.0000,0.4973
171.9000,0.0000,0.3803,0.0000,0.0000,0.4973
172.0000,0.0000,0.3803,0.0000,0.0000,0.4973
172.1000,0.0000,0.3803,0.0000,0.0000,0.4973
172.2000,0.0000,0.3803,0.0000,0.0000,0.4973
172.3000,0.0000,0.3803,0.0000,0.0000,0.4973
172.4000,0.0000,0.3803,0.0000,0.0000,0.4973
172.5000,0.0000,0.3803,0.0000,0.0000,0.4973
172.6000,0.0000,0.3803,0.0000,0.0000,0.4973
172.7000,0.0000,0.3803,0.0000,0.0000,0.4973
172.8000,0.0000,0.3803,0.0000,0.0000,0.4973
172.9000,0.0000,0.3803,0.0000,0.0000,0.4973
173.0000,0.0000,0.3803,0.0000,0.0000,0.4973
173.1000,0.0000,0.3803,0.0000,0.0000,0.4973
173.2000,0.0000,0.3803,0.0000,0.0000,0.4973
173.3000,0.0000,0.3803,0.0000,0.0000,0.4973
173.4000,0.0000,0.3803,0.0000,0.0000,0.4973
173.5000,0.0000,0.3803,0.0000,0.0000,0.4973
173.6000,0.0000,0.3803,0.0000,0.0000,0.4973
173.7000,0.0000,0.3803,0.0000,0.0000,0.4972
173.8000,0.0000,0.3803,0.0000,0.0000,0.4972
173.9000,0.0000,0.3803,0.0000,0.0000,0.4972
174.0000,0.0000,0.3803,0.0000,0.0000,0.4972
174.1000,0.0000,0.3803,0.0000,0.0000,0.4972
174.2000,0.0000,0.3803,0.0000,0.0000,0.4972
174.3000,0.0000,0.3803,0.0000,0.0000,0.4972
174.4000,0.0000,0.3803,0.0000,0.0000,0.4972
174.5000,0.0000,0.3803,0.0000,0.0000,0.4972
174.6000,0.0000,0.3803,0.0000,0.0000,0.4972
174.7000,0.0000,0.3803,0.0000,0.0000,0.4972
174.8000,0.0000,0.3803,0.0000,0.0000,0.4972
174.9000,0.0000,0.3803,0.0000,0.0000,0.4972
175.0000,0.0000,0.3803,0.0000,0.0000,0.4972
175.1000,0.0000,0.3803,0.0000,0.0000,0.4972
175.2000,0.0000,0.3803,0.0000,0.0000,0.4972
175.3000,0.0000,0.3803,0.0000,0.0000,0.4972
175.4000,0.0000,0.3803,0.0000,0.0000,0.4972
175.5000,0.0000,0.3803,0.0000,0.0000,0.4972
175.6000,0.0000,0.3803,0.0000,0.0000,0.4971
175.7000,0.0000,0.3803,0.0000,0.0000,0.4971
175.8000,0.0000,0.3803,0.0000,0.0000,0.4971
175.9000,0.0000,0.3803,0.0000,0.0000,0.4971
176.0000,0.0000,0.3803,0.0000,0.0000,0.4971
176.1000,0.0000,0.3803,0.0000,0.0000,0.4971
176.2000,0.0000,0.3803,0.0000,0.0000,0.4971
176.3000,0.0000,0.3803,0.0000,0.0000,0.4971
176.4000,0.0000,0.3803,0.0000,0.0000,0.4971
176.5000,0.0000,0.3803,0.0000,0.0000,0.4971
176.6000,0.0000,0.3803,0.0000,0.0000,0.4971
176.7000,0.0000,0.3803,0.0000,0.0000,0.4971
176.8000,0.0000,0.3803,0.0000,0.0000,0.4971
176.9000,0.0000,0.3803,0.0000,0.0000,0.4971
177.0000,0.0000,0.3803,0.0000,0.0000,0.4971
177.1000,0.0000,0.3803,0.0000,0.0000,0.4971
177.2000,0.0000,0.3803,0.0000,0.0000,0.4971
177.3000,0.0000,0.3803,0.0000,0.0000,0.4971
177.4000,0.0000,0.3803,0.0000,0.0000,0.4971
177.5000,0.0000,0.3803,0.0000,0.0000,0.4971
177.6000,0.0000,0.3803,0.0000,0.0000,0.4970
177.7000,0.0000,0.3803,0.0000,0.0000,0.4970
177.8000,0.0000,0.3803,0.0000,0.0000,0.4970
177.9000,0.0000,0.3803,0.0000,0.0000,0.4970
178.0000,0.0000,0.3803,0.0000,0.0000,0.4970
178.1000,0.0000,0.3803,0.0000,0.0000,0.4970
178.2000,0.0000,0.3803,0.0000,0.0000,0.4970
178.3000,0.0000,0.3803,0.0000,0.0000,0.4970
178.4000,0.0000,0.3803,0.0000,0.0000,0.4970
178.5000,0.0000,0.3803,0.0000,0.0000,0.4970
178.6000,0.0000,0.3803,0.0000,0.0000,0.4970
178.7000,0.0000,0.3803,0.0000,0.0000,0.4970
178.8000,0.0000,0.3803,0.0000,0.0000,0.4970
178.9000,0.0000,0.3803,0.0000,0.0000,0.4970
179.0000,0.0000,0.3803,0.0000,0.0000,0.4970
179.1000,0.0000,0.3803,0.0000,0.0000,0.4970
179.2000,0.0000,0.3803,0.0000,0.0000,0.4970
179.3000,0.0000,0.3803,0.0000,0.0000,0.4970
179.4000,0.0000,0.3803,0.0000,0.0000,0.4970
179.5000,0.0000,0.3803,0.0000,0.0000,0.4969
179.6000,0.0000,0.3803,0.0000,0.0000,0.4969
179.7000,0.0000,0.3803,0.0000,0.0000,0.4969
179.8000,0.0000,0.3803,0.0000,0.0000,0.4969
179.9000,0.0000,0.3803,0.0000,0.0000,0.4969
180.0000,0.0000,0.3803,0.0000,0.0000,0.4969
180.1000,0.0000,0.3803,0.0000,0.0000,0.4969
180.2000,0.0000,0.3803,0.0000,0.0000,0.4969
180.3000,0.0000,0.3803,0.0000,0.0000,0.4969
180.4000,0.0000,0.3803,0.0000,0.0000,0.4969
180.5000,0.0000,0.3803,0.0000,0.0000,0.4969
180.6000,0.0000,0.3803,0.0000,0.0000,0.4969
180.7000,0.0000,0.3803,0.0000,0.0000,0.4969
180.8000,0.0000,0.3803,0.0000,0.0000,0.4969
180.9000,0.0000,0.3803,0.0000,0.0000,0.4969
181.0000,0.0000,0.3803,0.0000,0.0000,0.4969
181.1000,0.0000,0.3803,0.0000,0.0000,0.4969
181.2000,0.0000,0.3803,0.0000,0.0000,0.4969
181.3000,0.0000,0.3803,0.0000,0.0000,0.4969
181.4000,0.0000,0.3803,0.0000,0.0000,0.4968
181.5000,0.0000,0.3803,0.0000,0.0000,0.4968
181.6000,0.0000,0.3803,0.0000,0.0000,0.4968
181.7000,0.0000,0.3803,0.0000,0.0000,0.4968
181.8000,0.0000,0.3803,0.0000,0.0000,0.4968
181.9000,0.0000,0.3803,0.0000,0.0000,0.4968
182.0000,0.2377,0.3803,0.3539,0.0000,0.4968
182.1000,0.4753,0.3803,0.8075,0.0000,0.4968
182.2000,0.7922,0.3803,1.6782,0.0000,0.4968
182.3000,1.1883,0.3803,2.7667,0.0000,0.4968
182.4000,1.5844,0.3803,3.6890,0.0000,0.4967
182.5000,1.9805,0.3803,4.6113,0.0000,0.4967
182.6000,2.3766,0.3803,5.5336,0.0000,0.4967
182.7000,2.7727,0.3803,6.4560,0.0000,0.4966
182.8000,3.1688,0.3803,7.3783,0.0000,0.4966
182.9000,3.5648,0.3803,8.3006,0.0000,0.4966
183.0000,3.9608,0.3803,9.2228,0.0000,0.4965
183.1000,4.3568,0.3803,10.1449,0.0000,0.4965
183.2000,4.7528,0.3803,11.0668,0.0000,0.4964
183.3000,5.1487,0.3803,11.9884,0.0000,0.4964
183.4000,5.5446,0.3803,12.9098,0.0000,0.4963
183.5000,5.9404,0.3803,13.8308,0.0000,0.4963
183.6000,6.3361,0.3803,14.7514,0.0000,0.4962
183.7000,6.7318,0.3803,15.6714,0.0000,0.4962
183.8000,7.1273,0.3803,16.5908,0.0000,0.4961
183.9000,7.5228,0.3803,17.5095,0.0000,0.4961
184.0000,7.9181,0.3803,18.4274,0.0000,0.4960
184.1000,8.3134,0.3803,19.3444,0.0000,0.4959
184.2000,8.7085,0.3803,20.2603,0.0000,0.4959
184.3000,9.1034,0.3804,21.1750,0.0000,0.4958
184.4000,9.4982,0.3804,22.0884,0.0000,0.4957
184.5000,9.8928,0.3804,23.0003,0.0000,0.4956
184.6000,10.2872,0.3804,23.9107,0.0000,0.4955
184.7000,10.6814,0.3804,24.8193,0.0000,0.4955
184.8000,11.0754,0.3804,25.7260,0.0000,0.4954
184.9000,11.4691,0.3804,26.6307,0.0000,0.4953
185.0000,11.8625,0.3804,27.5331,0.0000,0.4952
185.1000,12.2557,0.3804,28.4332,0.0000,0.4951
185.2000,12.6486,0.3804,29.3306,0.0000,0.4950
185.3000,13.0412,0.3804,30.2253,0.0000,0.4949
185.4000,13.4334,0.3804,31.1170,0.0000,0.4948
185.5000,13.8252,0.3804,32.0056,0.0000,0.4947
185.6000,14.2167,0.3804,32.8907,0.0000,0.4946
185.7000,14.6078,0.3804,33.7724,0.0000,0.4945
185.8000,14.9985,0.3804,34.6502,0.0000,0.4944
185.9000,15.3887,0.3804,35.5241,0.0000,0.4943
186.0000,15.7784,0.3804,36.3937,0.0000,0.4942
186.1000,16.1676,0.3804,37.2589,0.0000,0.4941
186.2000,16.5564,0.3804,38.1194,0.0000,0.4939
186.3000,16.9445,0.3804,38.9750,0.0000,0.4938
186.4000,17.3321,0.3804,39.8255,0.0000,0.4937
186.5000,17.7191,0.3804,40.6706,0.0000,0.4936
186.6000,18.1055,0.3804,41.5100,0.0000,0.4934
186.7000,18.4913,0.3804,42.3436,0.0000,0.4933
186.8000,18.8763,0.3804,43.1711,0.0000,0.4932
186.9000,19.2607,0.3804,43.9922,0.0000,0.4930
187.0000,19.6443,0.3804,44.8067,0.0000,0.4929
187.1000,20.0272,0.3804,45.6144,0.0000,0.4928
187.2000,20.4092,0.3804,46.4148,0.0000,0.4926
187.3000,20.7905,0.3804,47.2079,0.0000,0.4925
187.4000,21.1709,0.3804,47.9934,0.0000,0.4923
187.5000,21.5505,0.3804,48.7710,0.0000,0.4922
187.6000,21.9291,0.3804,49.5403,0.0000,0.4920
187.7000,22.3068,0.3803,50.3013,0.0000,0.4919
187.8000,22.6835,0.3803,51.0536,0.0000,0.4917
187.9000,23.0592,0.3803,51.7970,0.0000,0.4916
188.0000,23.4340,0.3803,52.5311,0.0000,0.4914
188.1000,23.8076,0.3803,53.2559,0.0000,0.4912
188.2000,24.1802,0.3803,53.9709,0.0000,0.4911
188.3000,24.5516,0.3803,54.6759,0.0000,0.4909
188.4000,24.9219,0.3803,55.3708,0.0000,0.4908
188.5000,25.2910,0.3803,56.0553,0.0000,0.4906
188.6000,25.6588,0.3802,56.7290,0.0000,0.4904
188.7000,26.0255,0.3802,57.3919,0.0000,0.4902
188.8000,26.3908,0.3802,58.0435,0.0000,0.4901
188.9000,26.7549,0.3802,58.6838,0.0000,0.4899
189.0000,27.1175,0.3802,59.3125,0.0000,0.4897
189.1000,27.4789,0.3801,59.9294,0.0000,0.4895
189.2000,27.8388,0.3801,60.5342,0.0000,0.4894
189.3000,28.1972,0.3801,61.1267,0.0000,0.4892
189.4000,28.5542,0.3801,61.7068,0.0000,0.4890
189.5000,28.9097,0.3800,62.2742,0.0000,0.4888
189.6000,29.2637,0.3800,62.8288,0.0000,0.4886
189.7000,29.6161,0.3800,63.3704,0.0000,0.4884
189.8000,29.9669,0.3799,63.8987,0.0000,0.4883
189.9000,30.3161,0.3799,64.4137,0.0000,0.4881
190.0000,30.6636,0.3799,64.9151,0.0000,0.4879
190.1000,31.0094,0.3798,65.4028,0.0000,0.4877
190.2000,31.3535,0.3798,65.8767,0.0000,0.4875
190.3000,31.6958,0.3798,66.3365,0.0000,0.4873
190.4000,32.0364,0.3797,66.7823,0.0000,0.4871
190.5000,32.3752,0.3797,67.2139,0.0000,0.4869
190.6000,32.7121,0.3796,67.6311,0.0000,0.4867
190.7000,33.0472,0.3796,68.0338,0.0000,0.4865
190.8000,33.3803,0.3795,68.4220,0.0000,0.4863
190.9000,33.7116,0.3795,68.7956,0.0000,0.4861
191.0000,34.0409,0.3794,69.1545,0.0000,0.4859
191.1000,34.3682,0.3794,69.4986,0.0000,0.4857
191.2000,34.6935,0.3793,69.8280,0.0000,0.4855
191.3000,35.0168,0.3793,70.1424,0.0000,0.4853
191.4000,35.3380,0.3792,70.4420,0.0000,0.4851
191.5000,35.6572,0.3791,70.7266,0.0000,0.4849
191.6000,35.9743,0.3791,70.9963,0.0000,0.4847
191.7000,36.2892,0.3790,71.2511,0.0000,0.4845
191.8000,36.6020,0.3789,71.4909,0.0000,0.4842
191.9000,36.9126,0.3789,71.7159,0.0000,0.4840
192.0000,37.2210,0.3788,71.9259,0.0000,0.4838
192.1000,37.5272,0.3787,72.1211,0.0000,0.4836
192.2000,37.8311,0.3786,72.3015,0.0000,0.4834
192.3000,38.1329,0.3785,72.4671,0.0000,0.4832
192.4000,38.4323,0.3785,72.6180,0.0000,0.4830
192.5000,38.7294,0.3784,72.7544,0.0000,0.4828
192.6000,39.0242,0.3783,72.8762,0.0000,0.4826
192.7000,39.3167,0.3782,72.9836,0.0000,0.4823
192.8000,39.6069,0.3781,73.0766,0.0000,0.4821
192.9000,39.8947,0.3780,73.1555,0.0000,0.4819
193.0000,40.1801,0.3779,73.2202,0.0000,0.4817
193.1000,40.4631,0.3778,73.2710,0.0000,0.4815
193.2000,40.7437,0.3777,73.3080,0.0000,0.4813
193.3000,41.0219,0.3776,73.3313,0.0000,0.4811
193.4000,41.2977,0.3774,73.3411,0.0000,0.4809
193.5000,41.5710,0.3773,73.3376,0.0000,0.4806
193.6000,41.8419,0.3772,73.3209,0.0000,0.4804
193.7000,42.1103,0.3771,73.2911,0.0000,0.4802
193.8000,42.3762,0.3770,73.2486,0.0000,0.4800
193.9000,42.6396,0.3768,73.1934,0.0000,0.4798
194.0000,42.9006,0.3767,73.1258,0.0000,0.4796
194.1000,43.1591,0.3766,73.0460,0.0000,0.4794
194.2000,43.4150,0.3764,72.9542,0.0000,0.4792
194.3000,43.6685,0.3763,72.8506,0.0000,0.4789
194.4000,43.9194,0.3761,72.7354,0.0000,0.4787
194.5000,44.1679,0.3760,72.6089,0.0000,0.4785
194.6000,44.4138,0.3758,72.4713,0.0000,0.4783
194.7000,44.6572,0.3757,72.3091,0.0000,0.4781
194.8000,44.8979,0.3755,72.0871,0.0000,0.4779
194.9000,45.1357,0.3753,69.7930,0.0000,0.4777
195.0000,45.3537,0.3752,65.4628,0.0000,0.4775
195.1000,45.5522,0.3750,60.9905,0.0000,0.4773
195.2000,45.7303,0.3748,56.3462,0.0000,0.4772
195.3000,45.8883,0.3746,51.5688,0.0000,0.4770
195.4000,46.0252,0.3745,48.6041,0.0000,0.4769
195.5000,46.1573,0.3743,47.4605,0.0000,0.4767
195.6000,46.2835,0.3741,46.5067,0.0000,0.4766
195.7000,46.4065,0.3739,45.8521,0.0000,0.4765
195.8000,46.5262,0.3737,45.3770,0.0000,0.4763
195.9000,46.6442,0.3735,45.2305,0.0000,0.4762
196.0000,46.7615,0.3733,45.3951,0.0000,0.4761
196.1000,46.8797,0.3731,45.4987,0.0000,0.4759
196.2000,46.9967,0.3729,45.2953,0.0000,0.4758
196.3000,47.1121,0.3727,45.1015,0.0000,0.4757
196.4000,47.2265,0.3725,44.9187,0.0000,0.4755
196.5000,47.3394,0.3722,44.2725,0.0000,0.4754
196.6000,47.4475,0.3720,43.0357,0.0000,0.4753
196.7000,47.5496,0.3718,41.5954,0.0000,0.4752
196.8000,47.6454,0.3716,40.0388,0.0000,0.4750
196.9000,47.7343,0.3713,38.2853,0.0000,0.4749
197.0000,47.8154,0.3711,36.9264,0.0000,0.4748
197.1000,47.8929,0.3709,36.3442,0.0000,0.4747
197.2000,47.9689,0.3706,36.0670,0.0000,0.4746
197.3000,48.0436,0.3704,35.5682,0.0000,0.4745
197.4000,48.1151,0.3701,35.0526,0.0000,0.4744
197.5000,48.1852,0.3699,34.6489,0.0000,0.4743
197.6000,48.2531,0.3696,33.8875,0.0000,0.4742
197.7000,48.3167,0.3693,33.1559,0.0000,0.4741
197.8000,48.3784,0.3691,33.0661,0.0000,0.4740
197.9000,48.4409,0.3688,33.4686,0.0000,0.4739
198.0000,48.5052,0.3685,33.8711,0.0000,0.4738
198.1000,48.5705,0.3683,34.4744,0.0000,0.4737
198.2000,48.6390,0.3680,34.8557,0.0000,0.4736
198.3000,48.7067,0.3677,34.5772,0.0000,0.4735
198.4000,48.7726,0.3674,33.8932,0.0000,0.4734
198.5000,48.8345,0.3671,32.9326,0.0000,0.4733
198.6000,48.8926,0.3668,31.9238,0.0000,0.4732
198.7000,48.9463,0.3665,31.0857,0.0000,0.4731
198.8000,48.9975,0.3663,30.3934,0.0000,0.4730
198.9000,49.0456,0.3659,29.5439,0.0000,0.4729
199.0000,49.0899,0.3656,28.5299,0.0000,0.4728
199.1000,49.1299,0.3653,27.2044,0.0000,0.4727
199.2000,49.1639,0.3650,25.8499,0.0000,0.4727
199.3000,49.1933,0.3647,24.9361,0.0000,0.4726
199.4000,49.2200,0.3644,24.2861,0.0000,0.4725
199.5000,49.2443,0.3641,23.5408,0.0000,0.4724
199.6000,49.2652,0.3637,22.8411,0.0000,0.4724
199.7000,49.2841,0.3634,22.3180,0.0000,0.4723
199.8000,49.3009,0.3631,21.6673,0.0000,0.4722
199.9000,49.3147,0.3627,20.8552,0.0000,0.4722
200.0000,49.3252,0.3624,20.2915,0.0000,0.4721
200.1000,49.3347,0.3621,19.8995,0.0000,0.4721
200.2000,49.3422,0.3617,19.2968,0.0000,0.4720
200.3000,49.3470,0.3614,18.5305,0.0000,0.4719
200.4000,49.3487,0.3610,17.8497,0.0000,0.4719
200.5000,49.3483,0.3607,17.3817,0.0000,0.4718
200.6000,49.3464,0.3603,17.0553,0.0000,0.4718
200.7000,49.3435,0.3600,17.0928,0.0000,0.4717
200.8000,49.3420,0.3596,17.4647,0.0000,0.4717
200.9000,49.3420,0.3592,17.7493,0.0000,0.4716
201.0000,49.3426,0.3589,17.9930,0.0000,0.4716
201.1000,49.3445,0.3585,18.5170,0.0000,0.4715
201.2000,49.3492,0.3581,19.0355,0.0000,0.4714
201.3000,49.3551,0.3577,19.3189,0.0000,0.4714
201.4000,49.3619,0.3574,19.7977,0.0000,0.4713
201.5000,49.3714,0.3570,20.4628,0.0000,0.4712
201.6000,49.3833,0.3566,20.9266,0.0000,0.4712
201.7000,49.3964,0.3562,21.3039,0.0000,0.4711
201.8000,49.4111,0.3558,21.6635,0.0000,0.4711
201.9000,49.4268,0.3554,21.9435,0.0000,0.4710
202.0000,49.4437,0.3550,21.9495,0.0000,0.4709
202.1000,49.4594,0.3546,21.7417,0.0000,0.4709
202.2000,49.4746,0.3542,21.5770,0.0000,0.4708
202.3000,49.4890,0.3538,21.3850,0.0000,0.4707
202.4000,49.5027,0.3534,21.1857,0.0000,0.4707
202.5000,49.5155,0.3530,20.8413,0.0000,0.4706
202.6000,49.5265,0.3525,20.3099,0.0000,0.4705
202.7000,49.5352,0.3521,19.6047,0.0000,0.4705
202.8000,49.5409,0.3517,18.9823,0.0000,0.4704
202.9000,49.5449,0.3513,18.5062,0.0000,0.4703
203.0000,49.5469,0.3508,18.4340,0.0000,0.4703
203.1000,49.5503,0.3504,19.1199,0.0000,0.4702
203.2000,49.5576,0.3500,20.1406,0.0000,0.4702
203.3000,49.5688,0.3495,21.2111,0.0000,0.4701
203.4000,49.5842,0.3491,22.5382,0.0000,0.4700
203.5000,49.6055,0.3487,24.0629,0.0000,0.4700
203.6000,49.6324,0.3482,25.3870,0.0000,0.4699
203.7000,49.6636,0.3478,26.4827,0.0000,0.4698
203.8000,49.6987,0.3473,27.4115,0.0000,0.4697
203.9000,49.7368,0.3468,27.8153,0.0000,0.4696
204.0000,49.7747,0.3464,27.7788,0.0000,0.4696
204.1000,49.8124,0.3459,27.6339,0.0000,0.4695
204.2000,49.8490,0.3455,27.4970,0.0000,0.4694
204.3000,49.8854,0.3450,27.1233,0.0000,0.4693
204.4000,49.9190,0.3445,26.7369,0.0000,0.4692
204.5000,49.9523,0.3440,26.7904,0.0000,0.4691
204.6000,49.9862,0.3436,27.0994,0.0000,0.4691
204.7000,50.0216,0.3431,27.5562,0.0000,0.4690
204.8000,50.0587,0.3426,28.4994,0.0000,0.4689
204.9000,50.1011,0.3421,29.7528,0.0000,0.4688
205.0000,50.1474,0.3416,30.4676,0.0000,0.4687
205.1000,50.1949,0.3411,30.5940,0.0000,0.4686
205.2000,50.2419,0.3406,30.3120,0.0000,0.4685
205.3000,50.2870,0.3401,29.9275,0.0000,0.4684
205.4000,50.3308,0.3396,29.2387,0.0000,0.4684
205.5000,50.3705,0.3391,28.3296,0.0000,0.4683
205.6000,50.4073,0.3386,27.4733,0.0000,0.4682
205.7000,50.4404,0.3381,26.5525,0.0000,0.4681
205.8000,50.4701,0.3376,25.5324,0.0000,0.4680
205.9000,50.4954,0.3371,24.7626,0.0000,0.4680
206.0000,50.5193,0.3365,24.5282,0.0000,0.4679
206.1000,50.5427,0.3360,24.5430,0.0000,0.4678
206.2000,50.5666,0.3355,24.7297,0.0000,0.4677
206.3000,50.5914,0.3350,24.8734,0.0000,0.4677
206.4000,50.6162,0.3344,25.1135,0.0000,0.4676
206.5000,50.6426,0.3339,25.2653,0.0000,0.4675
206.6000,50.6685,0.3333,25.0990,0.0000,0.4674
206.7000,50.6936,0.3328,24.8403,0.0000,0.4673
206.8000,50.7174,0.3323,24.4326,0.0000,0.4673
206.9000,50.7393,0.3317,23.5625,0.0000,0.4672
207.0000,50.7566,0.3312,22.3955,0.0000,0.4671
207.1000,50.7698,0.3306,21.4512,0.0000,0.4671
207.2000,50.7800,0.3300,20.9682,0.0000,0.4670
207.3000,50.7896,0.3295,20.9541,0.0000,0.4669
207.4000,50.7997,0.3289,21.1826,0.0000,0.4669
207.5000,50.8109,0.3284,21.7721,0.0000,0.4668
207.6000,50.8254,0.3278,22.2684,0.0000,0.4667
207.7000,50.8403,0.3272,22.2566,0.0000,0.4667
207.8000,50.8546,0.3267,21.8360,0.0000,0.4666
207.9000,50.8664,0.3261,21.2397,0.0000,0.4665
208.0000,50.8763,0.3255,20.3034,0.0000,0.4665
208.1000,50.8811,0.3249,19.0021,0.0000,0.4664
208.2000,50.8813,0.3243,17.6271,0.0000,0.4664
208.3000,50.8759,0.3238,16.6172,0.0000,0.4663
208.4000,50.8687,0.3232,16.1958,0.0000,0.4663
208.5000,50.8603,0.3226,16.2190,0.0000,0.4662
208.6000,50.8534,0.3220,16.7773,0.0000,0.4662
208.7000,50.8492,0.3214,17.5857,0.0000,0.4661
208.8000,50.8483,0.3208,18.0507,0.0000,0.4660
208.9000,50.8476,0.3202,17.9512,0.0000,0.4660
209.0000,50.8460,0.3196,17.5191,0.0000,0.4659
209.1000,50.8421,0.3190,17.1164,0.0000,0.4659
209.2000,50.8376,0.3184,16.9811,0.0000,0.4658
209.3000,50.8328,0.3178,16.9053,0.0000,0.4658
209.4000,50.8278,0.3172,16.9030,0.0000,0.4657
209.5000,50.8230,0.3166,16.8816,0.0000,0.4657
209.6000,50.8179,0.3160,16.7126,0.0000,0.4656
209.7000,50.8120,0.3153,16.4779,0.0000,0.4656
209.8000,50.8052,0.3147,16.3991,0.0000,0.4655
209.9000,50.7987,0.3141,16.6165,0.0000,0.4654
210.0000,50.7936,0.3135,17.1860,0.0000,0.4654
210.1000,50.7914,0.3129,18.0995,0.0000,0.4653
210.2000,50.7932,0.3122,18.9618,0.0000,0.4653
210.3000,50.7975,0.3116,19.7072,0.0000,0.4652
210.4000,50.8048,0.3110,20.3618,0.0000,0.4652
210.5000,50.8139,0.3104,20.9103,0.0000,0.4651
210.6000,50.8253,0.3097,21.1895,0.0000,0.4650
210.7000,50.8365,0.3091,21.0129,0.0000,0.4650
210.8000,50.8465,0.3084,20.5256,0.0000,0.4649
210.9000,50.8541,0.3078,19.8108,0.0000,0.4648
211.0000,50.8589,0.3072,18.7463,0.0000,0.4648
211.1000,50.8586,0.3065,17.4375,0.0000,0.4647
211.2000,50.8536,0.3059,16.6448,0.0000,0.4647
211.3000,50.8475,0.3052,16.3392,0.0000,0.4646
211.4000,50.8404,0.3046,16.2653,0.0000,0.4646
211.5000,50.8338,0.3039,16.7811,0.0000,0.4645
211.6000,50.8306,0.3033,17.8743,0.0000,0.4645
211.7000,50.8322,0.3026,19.0303,0.0000,0.4644
211.8000,50.8376,0.3020,20.2230,0.0000,0.4643
211.9000,50.8481,0.3013,21.3856,0.0000,0.4643
212.0000,50.8621,0.3006,21.9078,0.0000,0.4642
212.1000,50.8764,0.3000,21.5949,0.0000,0.4641
212.2000,50.8881,0.2993,20.9718,0.0000,0.4641
212.3000,50.8978,0.2986,20.5164,0.0000,0.4640
212.4000,50.9061,0.2980,20.1689,0.0000,0.4639
212.5000,50.9132,0.2973,20.0624,0.0000,0.4639
212.6000,50.9207,0.2966,20.0419,0.0000,0.4638
212.7000,50.9276,0.2960,19.8639,0.0000,0.4638
212.8000,50.9338,0.2953,19.4316,0.0000,0.4637
212.9000,50.9376,0.2946,18.5456,0.0000,0.4636
213.0000,50.9373,0.2939,17.5281,0.0000,0.4636
213.1000,50.9336,0.2932,17.0825,0.0000,0.4635
213.2000,50.9300,0.2926,17.1284,0.0000,0.4635
213.3000,50.9267,0.2919,17.1891,0.0000,0.4634
213.4000,50.9236,0.2912,17.5758,0.0000,0.4634
213.5000,50.9232,0.2905,18.0623,0.0000,0.4633
213.6000,50.9238,0.2898,18.4395,0.0000,0.4632
213.7000,50.9262,0.2891,18.7439,0.0000,0.4632
213.8000,50.9291,0.2884,19.0671,0.0000,0.4631
213.9000,50.9340,0.2877,19.6366,0.0000,0.4631
214.0000,50.9411,0.2871,20.3279,0.0000,0.4630
214.1000,50.9511,0.2864,21.0777,0.0000,0.4629
214.2000,50.9638,0.2857,21.7332,0.0000,0.4629
214.3000,50.9787,0.2850,22.1745,0.0000,0.4628
214.4000,50.9946,0.2843,22.3995,0.0000,0.4627
214.5000,51.0111,0.2836,22.5723,0.0000,0.4627
214.6000,51.0282,0.2829,22.5814,0.0000,0.4626
214.7000,51.0447,0.2822,22.6312,0.0000,0.4625
214.8000,51.0622,0.2814,22.7787,0.0000,0.4625
214.9000,51.0798,0.2807,22.7047,0.0000,0.4624
215.0000,51.0967,0.2800,22.5243,0.0000,0.4623
215.1000,51.1128,0.2793,22.2258,0.0000,0.4623
215.2000,51.1275,0.2786,21.5584,0.0000,0.4622
215.3000,51.1387,0.2779,20.7544,0.0000,0.4621
215.4000,51.1474,0.2772,19.8906,0.0000,0.4621
215.5000,51.1523,0.2765,18.8813,0.0000,0.4620
215.6000,51.1535,0.2757,17.9360,0.0000,0.4619
215.7000,51.1514,0.2750,17.2108,0.0000,0.4619
215.8000,51.1474,0.2743,16.7119,0.0000,0.4618
215.9000,51.1417,0.2736,16.5603,0.0000,0.4618
216.0000,51.1366,0.2729,16.7255,0.0000,0.4617
216.1000,51.1322,0.2721,17.1654,0.0000,0.4617
216.2000,51.1305,0.2714,17.7529,0.0000,0.4616
216.3000,51.1305,0.2707,17.9433,0.0000,0.4616
216.4000,51.1302,0.2700,17.7859,0.0000,0.4615
216.5000,51.1290,0.2693,17.6685,0.0000,0.4615
216.6000,51.1279,0.2685,17.7429,0.0000,0.4614
216.7000,51.1274,0.2678,18.2988,0.0000,0.4613
216.8000,51.1305,0.2671,19.4871,0.0000,0.4613
216.9000,51.1388,0.2663,21.0920,0.0000,0.4612
217.0000,51.1537,0.2656,22.9965,0.0000,0.4611
217.1000,51.1760,0.2649,24.6135,0.0000,0.4611
217.2000,51.2028,0.2641,25.7177,0.0000,0.4610
217.3000,51.2331,0.2634,26.7006,0.0000,0.4609
217.4000,51.2670,0.2627,27.4593,0.0000,0.4608
217.5000,51.3028,0.2619,27.8221,0.0000,0.4607
217.6000,51.3392,0.2612,28.1833,0.0000,0.4607
217.7000,51.3775,0.2605,28.1617,0.0000,0.4606
217.8000,51.4135,0.2597,27.5337,0.0000,0.4605
217.9000,51.4470,0.2590,26.9279,0.0000,0.4604
218.0000,51.4785,0.2582,26.2029,0.0000,0.4603
218.1000,51.5065,0.2575,25.2338,0.0000,0.4603
218.2000,51.5308,0.2568,24.4813,0.0000,0.4602
218.3000,51.5532,0.2560,23.8722,0.0000,0.4601
218.4000,51.5729,0.2553,23.0917,0.0000,0.4600
218.5000,51.5896,0.2545,22.0835,0.0000,0.4600
218.6000,51.6019,0.2538,20.9493,0.0000,0.4599
218.7000,51.6102,0.2530,20.0458,0.0000,0.4598
218.8000,51.6159,0.2523,19.5013,0.0000,0.4598
218.9000,51.6203,0.2515,19.2599,0.0000,0.4597
219.0000,51.6242,0.2508,19.3775,0.0000,0.4597
219.1000,51.6295,0.2500,19.5761,0.0000,0.4596
219.2000,51.6349,0.2493,19.2435,0.0000,0.4595
219.3000,51.6378,0.2485,18.2359,0.0000,0.4595
219.4000,51.6359,0.2478,16.7405,0.0000,0.4594
219.5000,51.6279,0.2470,15.3163,0.0000,0.4594
219.6000,51.6157,0.2463,14.2527,0.0000,0.4593
219.7000,51.6000,0.2455,13.8089,0.0000,0.4593
219.8000,51.5846,0.2448,14.2669,0.0000,0.4592
219.9000,51.5724,0.2440,15.0546,0.0000,0.4592
220.0000,51.5629,0.2433,15.5240,0.0000,0.4591
220.1000,51.5542,0.2425,15.5637,0.0000,0.4591
220.2000,51.5451,0.2418,14.9917,0.0000,0.4590
220.3000,51.5323,0.2410,13.9223,0.0000,0.4590
220.4000,51.5155,0.2403,13.0850,0.0000,0.4590
220.5000,51.4967,0.2395,12.5030,0.0000,0.4589
220.6000,51.4757,0.2388,12.2372,0.0000,0.4589
220.7000,51.4551,0.2380,12.6906,0.0000,0.4588
220.8000,51.4375,0.2373,13.3636,0.0000,0.4588
220.9000,51.4220,0.2365,13.8275,0.0000,0.4587
221.0000,51.4079,0.2358,14.2119,0.0000,0.4587
221.1000,51.3953,0.2350,14.4088,0.0000,0.4587
221.2000,51.3828,0.2343,14.3804,0.0000,0.4586
221.3000,51.3701,0.2335,14.0984,0.0000,0.4586
221.4000,51.3557,0.2328,13.8066,0.0000,0.4585
221.5000,51.3409,0.2320,13.5921,0.0000,0.4585
221.6000,51.3250,0.2313,13.2854,0.0000,0.4584
221.7000,51.3081,0.2306,12.8482,0.0000,0.4584
221.8000,51.2891,0.2298,12.7048,0.0000,0.4583
221.9000,51.2712,0.2291,12.6334,0.0000,0.4583
222.0000,51.2518,0.2283,12.3904,0.0000,0.4583
222.1000,51.2323,0.2276,12.8299,0.0000,0.4582
222.2000,51.2163,0.2268,14.0747,0.0000,0.4582
222.3000,51.2061,0.2261,15.6090,0.0000,0.4581
222.4000,51.2014,0.2253,17.1012,0.0000,0.4581
222.5000,51.2023,0.2246,18.6865,0.0000,0.4580
222.6000,51.2094,0.2239,19.5828,0.0000,0.4579
222.7000,51.2169,0.2231,19.2938,0.0000,0.4579
222.8000,51.2219,0.2224,18.5556,0.0000,0.4578
222.9000,51.2240,0.2216,18.0170,0.0000,0.4578
223.0000,51.2250,0.2209,17.6281,0.0000,0.4577
223.1000,51.2243,0.2202,17.5214,0.0000,0.4577
223.2000,51.2246,0.2194,18.0514,0.0000,0.4576
223.3000,51.2278,0.2187,18.5893,0.0000,0.4575
223.4000,51.2321,0.2179,18.7910,0.0000,0.4575
223.5000,51.2368,0.2172,18.9422,0.0000,0.4574
223.6000,51.2423,0.2165,19.2418,0.0000,0.4574
223.7000,51.2492,0.2157,19.3075,0.0000,0.4573
223.8000,51.2552,0.2150,19.2647,0.0000,0.4572
223.9000,51.2619,0.2143,19.3849,0.0000,0.4572
224.0000,51.2687,0.2135,19.7634,0.0000,0.4571
224.1000,51.2782,0.2128,19.8637,0.0000,0.4571
224.2000,51.2858,0.2121,19.8328,0.0000,0.4570
224.3000,51.2951,0.2113,20.1680,0.0000,0.4569
224.4000,51.3051,0.2106,20.4941,0.0000,0.4569
224.5000,51.3168,0.2099,20.3535,0.0000,0.4568
224.6000,51.3258,0.2091,19.8105,0.0000,0.4567
224.7000,51.3335,0.2084,19.1344,0.0000,0.4567
224.8000,51.3376,0.2077,18.2167,0.0000,0.4566
224.9000,51.3385,0.2069,16.9051,0.0000,0.4566
225.0000,51.3330,0.2062,15.3069,0.0000,0.4565
225.1000,51.3222,0.2055,14.0468,0.0000,0.4565
225.2000,51.3075,0.2048,12.9914,0.0000,0.4564
225.3000,51.2891,0.2040,12.0917,0.0000,0.4564
225.4000,51.2679,0.2033,11.7648,0.0000,0.4564
225.5000,51.2472,0.2026,11.9524,0.0000,0.4563
225.6000,51.2275,0.2019,12.0697,0.0000,0.4563
225.7000,51.2079,0.2012,11.8257,0.0000,0.4562
225.8000,51.1865,0.2004,11.2684,0.0000,0.4562
225.9000,51.1628,0.1997,10.8275,0.0000,0.4562
226.0000,51.1383,0.1990,10.6337,0.0000,0.4561
226.1000,51.1133,0.1983,10.8342,0.0000,0.4561
226.2000,51.0905,0.1976,11.4444,0.0000,0.4561
226.3000,51.0702,0.1969,12.2343,0.0000,0.4560
226.4000,51.0532,0.1962,12.8555,0.0000,0.4560
226.5000,51.0376,0.1955,13.1999,0.0000,0.4559
226.6000,51.0234,0.1948,13.5044,0.0000,0.4559
226.7000,51.0101,0.1941,14.0561,0.0000,0.4558
226.8000,51.0001,0.1934,14.7812,0.0000,0.4558
226.9000,50.9923,0.1927,15.4642,0.0000,0.4557
227.0000,50.9873,0.1920,16.2468,0.0000,0.4557
227.1000,50.9854,0.1913,16.8122,0.0000,0.4556
227.2000,50.9847,0.1906,16.9652,0.0000,0.4556
227.3000,50.9840,0.1899,16.9021,0.0000,0.4555
227.4000,50.9829,0.1892,16.9992,0.0000,0.4555
227.5000,50.9829,0.1885,17.0499,0.0000,0.4554
227.6000,50.9822,0.1878,16.9858,0.0000,0.4554
227.7000,50.9818,0.1871,17.2590,0.0000,0.4553
227.8000,50.9832,0.1864,17.8333,0.0000,0.4553
227.9000,50.9871,0.1857,18.0831,0.0000,0.4552
228.0000,50.9904,0.1850,17.9037,0.0000,0.4551
228.1000,50.9930,0.1844,17.6201,0.0000,0.4551
228.2000,50.9942,0.1837,17.1376,0.0000,0.4550
228.3000,50.9933,0.1830,16.5853,0.0000,0.4550
228.4000,50.9904,0.1823,16.1906,0.0000,0.4549
228.5000,50.9866,0.1816,16.1444,0.0000,0.4549
228.6000,50.9835,0.1810,16.3406,0.0000,0.4548
228.7000,50.9812,0.1803,16.3709,0.0000,0.4548
228.8000,50.9784,0.1796,16.2837,0.0000,0.4547
228.9000,50.9755,0.1790,16.5737,0.0000,0.4547
229.0000,50.9749,0.1783,17.1181,0.0000,0.4546
229.1000,50.9761,0.1776,17.5282,0.0000,0.4546
229.2000,50.9785,0.1770,18.0870,0.0000,0.4545
229.3000,50.9839,0.1763,18.4312,0.0000,0.4544
229.4000,50.9889,0.1756,17.8469,0.0000,0.4544
229.5000,50.9900,0.1750,16.8471,0.0000,0.4543
229.6000,50.9877,0.1743,16.3565,0.0000,0.4543
229.7000,50.9852,0.1737,16.1418,0.0000,0.4542
229.8000,50.9813,0.1730,16.0141,0.0000,0.4542
229.9000,50.9779,0.1724,16.5890,0.0000,0.4541
230.0000,50.9783,0.1717,17.3840,0.0000,0.4541
230.1000,50.9809,0.1711,17.3991,0.0000,0.4540
230.2000,50.9815,0.1704,17.2814,0.0000,0.4540
230.3000,50.9832,0.1698,17.7236,0.0000,0.4539
230.4000,50.9871,0.1691,17.9901,0.0000,0.4539
230.5000,50.9908,0.1685,18.2056,0.0000,0.4538
230.6000,50.9963,0.1679,19.0704,0.0000,0.4537
230.7000,51.0064,0.1672,19.9030,0.0000,0.4537
230.8000,51.0181,0.1666,20.5521,0.0000,0.4536
230.9000,51.0330,0.1660,21.2145,0.0000,0.4535
231.0000,51.0496,0.1653,21.8224,0.0000,0.4535
231.1000,51.0689,0.1647,22.4953,0.0000,0.4534
231.2000,51.0904,0.1641,23.1276,0.0000,0.4533
231.3000,51.1144,0.1635,23.4452,0.0000,0.4533
231.4000,51.1381,0.1628,23.5482,0.0000,0.4532
231.5000,51.1627,0.1622,23.5194,0.0000,0.4531
231.6000,51.1862,0.1616,23.0629,0.0000,0.4531
231.7000,51.2074,0.1610,22.2259,0.0000,0.4530
231.8000,51.2245,0.1604,21.2190,0.0000,0.4529
231.9000,51.2382,0.1598,20.1991,0.0000,0.4529
232.0000,51.2479,0.1592,18.9902,0.0000,0.4528
232.1000,51.2527,0.1585,18.0997,0.0000,0.4527
232.2000,51.2558,0.1579,17.7847,0.0000,0.4527
232.3000,51.2583,0.1573,17.7797,0.0000,0.4526
232.4000,51.2613,0.1567,18.3465,0.0000,0.4526
232.5000,51.2681,0.1561,19.4977,0.0000,0.4525
232.6000,51.2796,0.1556,20.7224,0.0000,0.4524
232.7000,51.2953,0.1550,21.8205,0.0000,0.4524
232.8000,51.3149,0.1544,22.4721,0.0000,0.4523
232.9000,51.3354,0.1538,22.4179,0.0000,0.4522
233.0000,51.3545,0.1532,21.9845,0.0000,0.4522
233.1000,51.3717,0.1526,21.3054,0.0000,0.4521
233.2000,51.3858,0.1520,20.8881,0.0000,0.4520
233.3000,51.3999,0.1515,20.8999,0.0000,0.4520
233.4000,51.4141,0.1509,20.9459,0.0000,0.4519
233.5000,51.4285,0.1503,21.0711,0.0000,0.4518
233.6000,51.4435,0.1497,21.2048,0.0000,0.4518
233.7000,51.4589,0.1492,20.9261,0.0000,0.4517
233.8000,51.4718,0.1486,20.6448,0.0000,0.4517
233.9000,51.4851,0.1480,20.7117,0.0000,0.4516
234.0000,51.4985,0.1475,20.6086,0.0000,0.4515
234.1000,51.5109,0.1469,20.5901,0.0000,0.4515
234.2000,51.5242,0.1464,21.0797,0.0000,0.4514
234.3000,51.5402,0.1458,21.6049,0.0000,0.4513
234.4000,51.5573,0.1453,21.8048,0.0000,0.4513
234.5000,51.5747,0.1447,22.0948,0.0000,0.4512
234.6000,51.5938,0.1442,22.3974,0.0000,0.4511
234.7000,51.6134,0.1436,22.5601,0.0000,0.4511
234.8000,51.6337,0.1431,23.0136,0.0000,0.4510
234.9000,51.6565,0.1426,23.8186,0.0000,0.4509
235.0000,51.6826,0.1420,24.6779,0.0000,0.4508
235.1000,51.7116,0.1415,25.3441,0.0000,0.4508
235.2000,51.7424,0.1410,25.5948,0.0000,0.4507
235.3000,51.7731,0.1405,25.2545,0.0000,0.4506
235.4000,51.8012,0.1399,24.5786,0.0000,0.4505
235.5000,51.8269,0.1394,23.8839,0.0000,0.4505
235.6000,51.8499,0.1389,23.2325,0.0000,0.4504
235.7000,51.8707,0.1384,22.3571,0.0000,0.4503
235.8000,51.8873,0.1379,21.2251,0.0000,0.4503
235.9000,51.8998,0.1374,20.3314,0.0000,0.4502
236.0000,51.9098,0.1369,19.7560,0.0000,0.4501
236.1000,51.9181,0.1364,19.4007,0.0000,0.4501
236.2000,51.9255,0.1359,19.5725,0.0000,0.4500
236.3000,51.9351,0.1354,20.3059,0.0000,0.4499
236.4000,51.9479,0.1349,21.2100,0.0000,0.4499
236.5000,51.9640,0.1344,22.0563,0.0000,0.4498
236.6000,51.9828,0.1339,22.4855,0.0000,0.4497
236.7000,52.0020,0.1334,22.6661,0.0000,0.4497
236.8000,52.0221,0.1329,22.8913,0.0000,0.4496
236.9000,52.0428,0.1325,22.6273,0.0000,0.4495
237.0000,52.0609,0.1320,22.0578,0.0000,0.4495
237.1000,52.0774,0.1315,21.9736,0.0000,0.4494
237.2000,52.0948,0.1311,21.8036,0.0000,0.4493
237.3000,52.1101,0.1306,21.2353,0.0000,0.4493
237.4000,52.1234,0.1301,20.9757,0.0000,0.4492
237.5000,52.1367,0.1297,20.9199,0.0000,0.4491
237.6000,52.1495,0.1292,20.5641,0.0000,0.4491
237.7000,52.1602,0.1288,20.4868,0.0000,0.4490
237.8000,52.1725,0.1283,20.6743,0.0000,0.4489
237.9000,52.1845,0.1279,20.4615,0.0000,0.4489
238.0000,52.1952,0.1274,19.9597,0.0000,0.4488
238.1000,52.2036,0.1270,19.4304,0.0000,0.4488
238.2000,52.2104,0.1266,18.6377,0.0000,0.4487
238.3000,52.2130,0.1261,17.9028,0.0000,0.4486
238.4000,52.2146,0.1257,17.5994,0.0000,0.4486
238.5000,52.2151,0.1253,17.7605,0.0000,0.4485
238.6000,52.2178,0.1249,18.1366,0.0000,0.4485
238.7000,52.2210,0.1244,18.4355,0.0000,0.4484
238.8000,52.2259,0.1240,18.9303,0.0000,0.4484
238.9000,52.2327,0.1236,19.9911,0.0000,0.4483
239.0000,52.2453,0.1232,21.1394,0.0000,0.4482
239.1000,52.2603,0.1228,21.8156,0.0000,0.4482
239.2000,52.2777,0.1224,22.2666,0.0000,0.4481
239.3000,52.2960,0.1220,22.1430,0.0000,0.4480
239.4000,52.3124,0.1216,21.3891,0.0000,0.4480
239.5000,52.3252,0.1212,20.2809,0.0000,0.4479
239.6000,52.3336,0.1209,19.5028,0.0000,0.4478
239.7000,52.3407,0.1205,19.1268,0.0000,0.4478
239.8000,52.3464,0.1201,18.9523,0.0000,0.4477
239.9000,52.3523,0.1197,19.3133,0.0000,0.4477
240.0000,52.3605,0.1194,20.2512,0.0000,0.4476
240.1000,52.3732,0.1190,21.4738,0.0000,0.4475
240.2000,52.3902,0.1186,22.8733,0.0000,0.4475
240.3000,52.4129,0.1183,24.2239,0.0000,0.4474
240.4000,52.4396,0.1179,25.0135,0.0000,0.4473
240.5000,52.4678,0.1176,25.4234,0.0000,0.4472
240.6000,52.4973,0.1172,25.1372,0.0000,0.4472
240.7000,52.5233,0.1169,24.0428,0.0000,0.4471
240.8000,52.5448,0.1165,23.2323,0.0000,0.4470
240.9000,52.5649,0.1162,22.8668,0.0000,0.4469
241.0000,52.5837,0.1159,22.4638,0.0000,0.4469
241.1000,52.6008,0.1156,22.4193,0.0000,0.4468
241.2000,52.6193,0.1152,22.8536,0.0000,0.4467
241.3000,52.6394,0.1149,22.9684,0.0000,0.4467
241.4000,52.6586,0.1146,22.0768,0.0000,0.4466
241.5000,52.6723,0.1143,20.8405,0.0000,0.4465
241.6000,52.6825,0.1140,20.0344,0.0000,0.4465
241.7000,52.6904,0.1137,19.3196,0.0000,0.4464
241.8000,52.6955,0.1134,18.8053,0.0000,0.4464
241.9000,52.6997,0.1131,19.0634,0.0000,0.4463
242.0000,52.7067,0.1128,19.7663,0.0000,0.4462
242.1000,52.7159,0.1125,20.2148,0.0000,0.4462
242.2000,52.7260,0.1122,20.7395,0.0000,0.4461
242.3000,52.7390,0.1119,21.0137,0.0000,0.4460
242.4000,52.7510,0.1116,20.9441,0.0000,0.4460
242.5000,52.7634,0.1114,20.5596,0.0000,0.4459
242.6000,52.7727,0.1111,19.8138,0.0000,0.4458
242.7000,52.7797,0.1108,19.1369,0.0000,0.4458
242.8000,52.7842,0.1106,18.4262,0.0000,0.4457
242.9000,52.7861,0.1103,17.6322,0.0000,0.4457
243.0000,52.7848,0.1101,16.9271,0.0000,0.4456
243.1000,52.7818,0.1098,16.4461,0.0000,0.4456
243.2000,52.7771,0.1096,16.1002,0.0000,0.4455
243.3000,52.7716,0.1093,16.1354,0.0000,0.4455
243.4000,52.7672,0.1091,16.6262,0.0000,0.4454
243.5000,52.7653,0.1089,17.2208,0.0000,0.4454
243.6000,52.7652,0.1087,17.5495,0.0000,0.4453
243.7000,52.7656,0.1084,17.6803,0.0000,0.4452
243.8000,52.7664,0.1082,17.6264,0.0000,0.4452
243.9000,52.7664,0.1080,6.3415,0.0000,0.4452
244.0000,52.6865,0.1078,-15.8504,0.0000,0.4452
244.1000,52.5278,0.1076,-37.6349,0.0000,0.4453
244.2000,52.2913,0.1074,-59.2223,0.0000,0.4454
244.3000,51.9759,0.1072,-80.4989,0.0000,0.4456
244.4000,51.5829,0.1070,-90.6076,0.0000,0.4457
244.5000,51.1899,0.1068,-90.0307,0.0000,0.4459
244.6000,50.7970,0.1066,-89.4511,0.0000,0.4460
244.7000,50.4040,0.1065,-88.8689,0.0000,0.4462
244.8000,50.0110,0.1063,-88.2841,0.0000,0.4464
244.9000,49.6180,0.1061,-87.6968,0.0000,0.4465
245.0000,49.2250,0.1060,-87.1069,0.0000,0.4467
245.1000,48.8320,0.1058,-86.5144,0.0000,0.4469
245.2000,48.4390,0.1057,-85.9195,0.0000,0.4470
245.3000,48.0461,0.1055,-85.3221,0.0000,0.4472
245.4000,47.6531,0.1054,-84.7222,0.0000,0.4473
245.5000,47.2601,0.1053,-84.1198,0.0000,0.4475
245.6000,46.8671,0.1051,-83.5150,0.0000,0.4477
245.7000,46.4741,0.1050,-82.9079,0.0000,0.4478
245.8000,46.0811,0.1049,-82.2983,0.0000,0.4480
245.9000,45.6881,0.1048,-81.6864,0.0000,0.4482
246.0000,45.2952,0.1047,-81.0722,0.0000,0.4483
246.1000,44.9022,0.1046,-80.4556,0.0000,0.4485
246.2000,44.5092,0.1045,-79.8368,0.0000,0.4486
246.3000,44.1162,0.1044,-79.2156,0.0000,0.4488
246.4000,43.7232,0.1043,-78.5923,0.0000,0.4490
246.5000,43.3302,0.1042,-77.9667,0.0000,0.4491
246.6000,42.9372,0.1041,-77.3388,0.0000,0.4493
246.7000,42.5443,0.1040,-76.7088,0.0000,0.4494
246.8000,42.1513,0.1039,-76.0766,0.0000,0.4496
246.9000,41.7583,0.1038,-75.4423,0.0000,0.4498
247.0000,41.3653,0.1038,-74.8059,0.0000,0.4499
247.1000,40.9723,0.1037,-74.1673,0.0000,0.4501
247.2000,40.5793,0.1036,-73.5266,0.0000,0.4502
247.3000,40.1863,0.1036,-72.8839,0.0000,0.4504
247.4000,39.7934,0.1035,-72.2392,0.0000,0.4505
247.5000,39.4004,0.1035,-71.5924,0.0000,0.4507
247.6000,39.0074,0.1034,-70.9436,0.0000,0.4509
247.7000,38.6144,0.1033,-70.2929,0.0000,0.4510
247.8000,38.2214,0.1033,-69.6402,0.0000,0.4512
247.9000,37.8284,0.1033,-68.9855,0.0000,0.4513
248.0000,37.4354,0.1032,-68.3289,0.0000,0.4514
248.1000,37.0425,0.1032,-67.6705,0.0000,0.4516
248.2000,36.6495,0.1031,-67.0101,0.0000,0.4517
248.3000,36.2565,0.1031,-66.3479,0.0000,0.4519
248.4000,35.8635,0.1031,-65.6839,0.0000,0.4520
248.5000,35.4705,0.1030,-65.0180,0.0000,0.4521
248.6000,35.0775,0.1030,-64.3504,0.0000,0.4523
248.7000,34.6845,0.1030,-63.6810,0.0000,0.4524
248.8000,34.2916,0.1030,-63.0098,0.0000,0.4526
248.9000,33.8986,0.1029,-62.3369,0.0000,0.4527
249.0000,33.5056,0.1029,-61.6623,0.0000,0.4528
249.1000,33.1126,0.1029,-60.9860,0.0000,0.4529
249.2000,32.7196,0.1029,-60.3080,0.0000,0.4531
249.3000,32.3266,0.1029,-59.6284,0.0000,0.4532
249.4000,31.9336,0.1029,-58.9471,0.0000,0.4533
249.5000,31.5407,0.1028,-58.2642,0.0000,0.4534
249.6000,31.1477,0.1028,-57.5798,0.0000,0.4536
249.7000,30.7547,0.1028,-56.8937,0.0000,0.4537
249.8000,30.3617,0.1028,-56.2062,0.0000,0.4538
249.9000,29.9687,0.1028,-55.5171,0.0000,0.4539
250.0000,29.5757,0.1028,-54.8264,0.0000,0.4540
250.1000,29.1827,0.1028,-54.1343,0.0000,0.4541
250.2000,28.7898,0.1028,-53.4408,0.0000,0.4543
250.3000,28.3968,0.1028,-52.7458,0.0000,0.4544
250.4000,28.0038,0.1028,-52.0493,0.0000,0.4545
250.5000,27.6108,0.1028,-51.3515,0.0000,0.4546
250.6000,27.2178,0.1028,-50.6522,0.0000,0.4547
250.7000,26.8248,0.1028,-49.9516,0.0000,0.4548
250.8000,26.4319,0.1029,-49.2497,0.0000,0.4549
250.9000,26.0389,0.1029,-48.5464,0.0000,0.4550
251.0000,25.6459,0.1029,-47.8418,0.0000,0.4551
251.1000,25.2529,0.1029,-47.1359,0.0000,0.4552
251.2000,24.8599,0.1029,-46.4288,0.0000,0.4553
251.3000,24.4669,0.1029,-45.7204,0.0000,0.4554
251.4000,24.0739,0.1029,-45.0108,0.0000,0.4555
251.5000,23.6810,0.1029,-44.3000,0.0000,0.4556
251.6000,23.2880,0.1029,-43.5880,0.0000,0.4556
251.7000,22.8950,0.1030,-42.8748,0.0000,0.4557
251.8000,22.5020,0.1030,-42.1605,0.0000,0.4558
251.9000,22.1090,0.1030,-41.4451,0.0000,0.4559
252.0000,21.7160,0.1030,-40.7285,0.0000,0.4560
252.1000,21.3230,0.1030,-40.0109,0.0000,0.4561
252.2000,20.9301,0.1030,-39.2922,0.0000,0.4561
252.3000,20.5371,0.1031,-38.5724,0.0000,0.4562
252.4000,20.1441,0.1031,-37.8517,0.0000,0.4563
252.5000,19.7511,0.1031,-37.1299,0.0000,0.4564
252.6000,19.3581,0.1031,-36.4071,0.0000,0.4564
252.7000,18.9651,0.1031,-35.6834,0.0000,0.4565
252.8000,18.5721,0.1032,-34.9587,0.0000,0.4566
252.9000,18.1792,0.1032,-34.2331,0.0000,0.4567
253.0000,17.7862,0.1032,-33.5066,0.0000,0.4567
253.1000,17.3932,0.1032,-32.7792,0.0000,0.4568
253.2000,17.0002,0.1032,-32.0509,0.0000,0.4568
253.3000,16.6072,0.1033,-31.3218,0.0000,0.4569
253.4000,16.2142,0.1033,-30.5919,0.0000,0.4570
253.5000,15.8212,0.1033,-29.8611,0.0000,0.4570
253.6000,15.4283,0.1033,-29.1296,0.0000,0.4571
253.7000,15.0353,0.1033,-28.3973,0.0000,0.4571
253.8000,14.6423,0.1033,-27.6642,0.0000,0.4572
253.9000,14.2493,0.1034,-26.9304,0.0000,0.4572
254.0000,13.8563,0.1034,-26.1959,0.0000,0.4573
254.1000,13.4633,0.1034,-25.4607,0.0000,0.4573
254.2000,13.0703,0.1034,-24.7248,0.0000,0.4574
254.3000,12.6774,0.1034,-23.9883,0.0000,0.4574
254.4000,12.2844,0.1035,-23.2512,0.0000,0.4575
254.5000,11.8914,0.1035,-22.5134,0.0000,0.4575
254.6000,11.4984,0.1035,-21.7751,0.0000,0.4575
254.7000,11.1054,0.1035,-21.0362,0.0000,0.4576
254.8000,10.7124,0.1035,-20.2967,0.0000,0.4576
254.9000,10.3194,0.1035,-19.5567,0.0000,0.4577
255.0000,9.9265,0.1036,-18.8162,0.0000,0.4577
255.1000,9.5335,0.1036,-18.0751,0.0000,0.4577
255.2000,9.1405,0.1036,-17.3337,0.0000,0.4577
255.3000,8.7475,0.1036,-16.5917,0.0000,0.4578
255.4000,8.3545,0.1036,-15.8493,0.0000,0.4578
255.5000,7.9615,0.1036,-15.1065,0.0000,0.4578
255.6000,7.5685,0.1036,-14.3634,0.0000,0.4578
255.7000,7.1756,0.1036,-13.6198,0.0000,0.4579
255.8000,6.7826,0.1037,-12.8759,0.0000,0.4579
255.9000,6.3896,0.1037,-12.1316,0.0000,0.4579
256.0000,5.9966,0.1037,-11.3433,0.0000,0.4579
256.1000,5.6064,0.1037,-10.4427,0.0000,0.4579
256.2000,5.2244,0.1037,-9.4326,0.0000,0.4579
256.3000,4.8559,0.1037,-8.3627,0.0000,0.4579
256.4000,4.5054,0.1037,-7.2747,0.0000,0.4579
256.5000,4.1776,0.1037,-6.2326,0.0000,0.4579
256.6000,3.8735,0.1037,-5.3078,0.0000,0.4579
256.7000,3.5916,0.1037,-4.4511,0.0000,0.4579
256.8000,3.3371,0.1037,-3.6736,0.0000,0.4579
256.9000,3.1075,0.1037,-3.0285,0.0000,0.4579
257.0000,2.9007,0.1038,-2.4933,0.0000,0.4579
257.1000,2.7146,0.1038,-2.0490,0.0000,0.4579
257.2000,2.5474,0.1038,-1.7261,0.0000,0.4579
257.3000,2.3904,0.1038,-1.4934,0.0000,0.4579
257.4000,2.2432,0.1038,-1.2902,0.0000,0.4578
257.5000,2.1050,0.1038,-1.1127,0.0000,0.4578
257.6000,1.9753,0.1038,-0.9579,0.0000,0.4578
257.7000,1.8536,0.1038,-0.8229,0.0000,0.4578
257.8000,1.7394,0.1038,-0.7053,0.0000,0.4578
257.9000,1.6322,0.1038,-0.6029,0.0000,0.4578
258.0000,1.5317,0.1038,-0.5139,0.0000,0.4578
258.1000,1.4373,0.1038,-0.4366,0.0000,0.4578
258.2000,1.3488,0.1038,-0.3694,0.0000,0.4578
258.3000,1.2657,0.1038,-0.3113,0.0000,0.4578
258.4000,1.1877,0.1038,-0.2609,0.0000,0.4578
258.5000,1.1145,0.1038,-0.2173,0.0000,0.4578
258.6000,1.0459,0.1038,-0.1797,0.0000,0.4578
258.7000,0.9814,0.1038,-0.1474,0.0000,0.4578
258.8000,0.9210,0.1038,-0.1195,0.0000,0.4578
258.9000,0.8642,0.1038,-0.0956,0.0000,0.4578
259.0000,0.8110,0.1038,-0.0752,0.0000,0.4578
259.1000,0.7610,0.1038,-0.0578,0.0000,0.4578
259.2000,0.7141,0.1038,-0.0429,0.0000,0.4578
259.3000,0.6701,0.1038,-0.0303,0.0000,0.4577
259.4000,0.6288,0.1038,-0.0197,0.0000,0.4577
259.5000,0.5901,0.1038,-0.0108,0.0000,0.4577
259.6000,0.5538,0.1038,-0.0034,0.0000,0.4577
259.7000,0.5196,0.1038,0.0028,0.0000,0.4577
259.8000,0.4876,0.1038,0.0079,0.0000,0.4577
259.9000,0.4576,0.1038,0.0121,0.0000,0.4577
260.0000,0.4294,0.1038,0.0154,0.0000,0.4577
260.1000,0.4029,0.1038,0.0180,0.0000,0.4577
260.2000,0.3781,0.1038,0.0201,0.0000,0.4577
260.3000,0.3548,0.1038,0.0216,0.0000,0.4577
260.4000,0.3330,0.1038,0.0228,0.0000,0.4577
260.5000,0.3124,0.1038,0.0235,0.0000,0.4577
260.6000,0.2932,0.1038,0.0240,0.0000,0.4577
260.7000,0.2751,0.1038,0.0242,0.0000,0.4577
260.8000,0.2582,0.1038,0.0241,0.0000,0.4577
260.9000,0.2423,0.1038,0.0240,0.0000,0.4577
261.0000,0.2273,0.1038,0.0236,0.0000,0.4577
261.1000,0.2133,0.1038,0.0232,0.0000,0.4577
261.2000,0.2002,0.1038,-0.0770,0.0000,0.4576
261.3000,0.0000,0.1038,-0.0000,0.0000,0.4576
261.4000,0.0000,0.1038,0.0000,0.0000,0.4576
261.5000,0.0000,0.1038,0.0000,0.0000,0.4576
261.6000,0.0000,0.1038,0.0000,0.0000,0.4576
261.7000,0.0000,0.1038,0.0000,0.0000,0.4576
261.8000,0.0000,0.1038,0.0000,0.0000,0.4576
261.9000,0.0000,0.1038,0.0000,0.0000,0.4576
262.0000,0.0000,0.1038,0.0000,0.0000,0.4576
262.1000,0.0000,0.1038,0.0000,0.0000,0.4576
262.2000,0.0000,0.1038,0.0000,0.0000,0.4576
262.3000,0.0000,0.1038,0.0000,0.0000,0.4576
262.4000,0.0000,0.1038,0.0000,0.0000,0.4576
262.5000,0.0000,0.1038,0.0000,0.0000,0.4576
262.6000,0.0000,0.1038,0.0000,0.0000,0.4576
262.7000,0.0000,0.1038,0.0000,0.0000,0.4576
262.8000,0.0000,0.1038,0.0000,0.0000,0.4576
262.9000,0.0000,0.1038,0.0000,0.0000,0.4576
263.0000,0.0000,0.1038,0.0000,0.0000,0.4576
263.1000,0.0000,0.1038,0.0000,0.0000,0.4575
263.2000,0.0000,0.1038,0.0000,0.0000,0.4575
263.3000,0.0000,0.1038,0.0000,0.0000,0.4575
263.4000,0.0000,0.1038,0.0000,0.0000,0.4575
263.5000,0.0000,0.1038,0.0000,0.0000,0.4575
263.6000,0.0000,0.1038,0.0000,0.0000,0.4575
263.7000,0.0000,0.1038,0.0000,0.0000,0.4575
263.8000,0.0000,0.1038,0.0000,0.0000,0.4575
263.9000,0.0000,0.1038,0.0000,0.0000,0.4575
264.0000,0.0000,0.1038,0.0000,0.0000,0.4575
264.1000,0.0000,0.1038,0.0000,0.0000,0.4575
264.2000,0.0000,0.1038,0.0000,0.0000,0.4575
264.3000,0.0000,0.1038,0.0000,0.0000,0.4575
264.4000,0.0000,0.1038,0.0000,0.0000,0.4575
264.5000,0.0000,0.1038,0.0000,0.0000,0.4575
264.6000,0.0000,0.1038,0.0000,0.0000,0.4575
264.7000,0.0000,0.1038,0.0000,0.0000,0.4575
264.8000,0.0000,0.1038,0.0000,0.0000,0.4575
264.9000,0.0000,0.1038,0.0000,0.0000,0.4575
265.0000,0.0000,0.1038,0.0000,0.0000,0.4575
265.1000,0.0000,0.1038,0.0000,0.0000,0.4574
265.2000,0.0000,0.1038,0.0000,0.0000,0.4574
265.3000,0.0000,0.1038,0.0000,0.0000,0.4574
265.4000,0.0000,0.1038,0.0000,0.0000,0.4574
265.5000,0.0000,0.1038,0.0000,0.0000,0.4574
265.6000,0.0000,0.1038,0.0000,0.0000,0.4574
265.7000,0.0000,0.1038,0.0000,0.0000,0.4574
265.8000,0.0000,0.1038,0.0000,0.0000,0.4574
265.9000,0.0000,0.1038,0.0000,0.0000,0.4574
266.0000,0.0000,0.1038,0.0000,0.0000,0.4574
266.1000,0.0000,0.1038,0.0000,0.0000,0.4574
266.2000,0.0000,0.1038,0.0000,0.0000,0.4574
266.3000,0.0000,0.1038,0.0000,0.0000,0.4574
266.4000,0.0000,0.1038,0.0000,0.0000,0.4574
266.5000,0.0000,0.1038,0.0000,0.0000,0.4574
266.6000,0.0000,0.1038,0.0000,0.0000,0.4574
266.7000,0.0000,0.1038,0.0000,0.0000,0.4574
266.8000,0.0000,0.1038,0.0000,0.0000,0.4574
266.9000,0.0000,0.1038,0.0000,0.0000,0.4574
267.0000,0.0000,0.1038,0.0000,0.0000,0.4573
267.1000,0.0000,0.1038,0.0000,0.0000,0.4573
267.2000,0.0000,0.1038,0.0000,0.0000,0.4573
267.3000,0.0000,0.1038,0.0000,0.0000,0.4573
267.4000,0.0000,0.1038,0.0000,0.0000,0.4573
267.5000,0.0000,0.1038,0.0000,0.0000,0.4573
267.6000,0.0000,0.1038,0.0000,0.0000,0.4573
267.7000,0.0000,0.1038,0.0000,0.0000,0.4573
267.8000,0.0000,0.1038,0.0000,0.0000,0.4573
267.9000,0.0000,0.1038,0.0000,0.0000,0.4573
268.0000,0.0000,0.1038,0.0000,0.0000,0.4573
268.1000,0.0000,0.1038,0.0000,0.0000,0.4573
268.2000,0.0000,0.1038,0.0000,0.0000,0.4573
268.3000,0.0000,0.1038,0.0000,0.0000,0.4573
268.4000,0.0000,0.1038,0.0000,0.0000,0.4573
268.5000,0.0000,0.1038,0.0000,0.0000,0.4573
268.6000,0.0000,0.1038,0.0000,0.0000,0.4573
268.7000,0.0000,0.1038,0.0000,0.0000,0.4573
268.8000,0.0000,0.1038,0.0000,0.0000,0.4573
268.9000,0.0000,0.1038,0.0000,0.0000,0.4572
269.0000,0.0000,0.1038,0.0000,0.0000,0.4572
269.1000,0.0000,0.1038,0.0000,0.0000,0.4572
269.2000,0.0000,0.1038,0.0000,0.0000,0.4572
269.3000,0.0000,0.1038,0.0000,0.0000,0.4572
269.4000,0.0000,0.1038,0.0000,0.0000,0.4572
269.5000,0.0000,0.1038,0.0000,0.0000,0.4572
269.6000,0.0000,0.1038,0.0000,0.0000,0.4572
269.7000,0.0000,0.1038,0.0000,0.0000,0.4572
269.8000,0.0000,0.1038,0.0000,0.0000,0.4572
269.9000,0.0000,0.1038,0.0000,0.0000,0.4572
270.0000,0.0000,0.1038,0.0000,0.0000,0.4572
270.1000,0.0000,0.1038,0.0000,0.0000,0.4572
270.2000,0.0000,0.1038,0.0000,0.0000,0.4572
270.3000,0.0000,0.1038,0.0000,0.0000,0.4572
270.4000,0.0000,0.1038,0.0000,0.0000,0.4572
270.5000,0.0000,0.1038,0.0000,0.0000,0.4572
270.6000,0.0000,0.1038,0.0000,0.0000,0.4572
270.7000,0.0000,0.1038,0.0000,0.0000,0.4572
270.8000,0.0000,0.1038,0.0000,0.0000,0.4572
270.9000,0.0000,0.1038,0.0000,0.0000,0.4571
271.0000,0.0000,0.1038,0.0000,0.0000,0.4571
271.1000,0.0000,0.1038,0.0000,0.0000,0.4571
271.2000,0.0000,0.1038,0.0000,0.0000,0.4571
271.3000,0.0000,0.1038,0.0000,0.0000,0.4571
271.4000,0.0000,0.1038,0.0000,0.0000,0.4571
271.5000,0.0000,0.1038,0.0000,0.0000,0.4571
271.6000,0.0000,0.1038,0.0000,0.0000,0.4571
271.7000,0.0000,0.1038,0.0000,0.0000,0.4571
271.8000,0.0000,0.1038,0.0000,0.0000,0.4571
271.9000,0.0000,0.1038,0.0000,0.0000,0.4571
272.0000,0.0000,0.1038,0.0000,0.0000,0.4571
272.1000,0.0000,0.1038,0.0000,0.0000,0.4571
272.2000,0.0000,0.1038,0.0000,0.0000,0.4571
272.3000,0.0000,0.1038,0.0000,0.0000,0.4571
272.4000,0.0000,0.1038,0.0000,0.0000,0.4571
272.5000,0.0000,0.1038,0.0000,0.0000,0.4571
272.6000,0.0000,0.1038,0.0000,0.0000,0.4571
272.7000,0.0000,0.1038,0.0000,0.0000,0.4571
272.8000,0.0000,0.1038,0.0000,0.0000,0.4570
272.9000,0.0000,0.1038,0.0000,0.0000,0.4570
273.0000,0.0000,0.1038,0.0000,0.0000,0.4570
273.1000,0.0000,0.1038,0.0000,0.0000,0.4570
273.2000,0.0000,0.1038,0.0000,0.0000,0.4570
273.3000,0.0000,0.1038,0.0000,0.0000,0.4570
273.4000,0.0000,0.1038,0.0000,0.0000,0.4570
273.5000,0.0000,0.1038,0.0000,0.0000,0.4570
273.6000,0.0000,0.1038,0.0000,0.0000,0.4570
273.7000,0.0000,0.1038,0.0000,0.0000,0.4570
273.8000,0.0000,0.1038,0.0000,0.0000,0.4570
273.9000,0.0000,0.1038,0.0000,0.0000,0.4570
274.0000,0.0000,0.1038,0.0000,0.0000,0.4570
274.1000,0.0000,0.1038,0.0000,0.0000,0.4570
274.2000,0.0000,0.1038,0.0000,0.0000,0.4570
274.3000,0.0000,0.1038,0.0000,0.0000,0.4570
274.4000,0.0000,0.1038,0.0000,0.0000,0.4570
274.5000,0.0000,0.1038,0.0000,0.0000,0.4570
274.6000,0.0000,0.1038,0.0000,0.0000,0.4570
274.7000,0.0000,0.1038,0.0000,0.0000,0.4569
274.8000,0.0000,0.1038,0.0000,0.0000,0.4569
274.9000,0.0000,0.1038,0.0000,0.0000,0.4569
275.0000,0.0000,0.1038,0.0000,0.0000,0.4569
275.1000,0.0000,0.1038,0.0000,0.0000,0.4569
275.2000,0.0000,0.1038,0.0000,0.0000,0.4569
275.3000,0.0000,0.1038,0.0000,0.0000,0.4569
275.4000,0.0000,0.1038,0.0000,0.0000,0.4569
275.5000,0.0000,0.1038,0.0000,0.0000,0.4569
275.6000,0.0000,0.1038,0.0000,0.0000,0.4569
275.7000,0.0000,0.1038,0.0000,0.0000,0.4569
275.8000,0.0000,0.1038,0.0000,0.0000,0.4569
275.9000,0.0000,0.1038,0.0000,0.0000,0.4569
276.0000,0.0000,0.1038,0.0000,0.0000,0.4569
276.1000,0.0000,0.1038,0.0000,0.0000,0.4569
276.2000,0.0000,0.1038,0.0000,0.0000,0.4569
276.3000,0.0000,0.1038,0.0000,0.0000,0.4569
276.4000,0.0000,0.1038,0.0000,0.0000,0.4569
276.5000,0.0000,0.1038,0.0000,0.0000,0.4569
276.6000,0.0000,0.1038,0.0000,0.0000,0.4569
276.7000,0.0000,0.1038,0.0000,0.0000,0.4568
276.8000,0.0000,0.1038,0.0000,0.0000,0.4568
276.9000,0.0000,0.1038,0.0000,0.0000,0.4568
277.0000,0.0000,0.1038,0.0000,0.0000,0.4568
277.1000,0.0000,0.1038,0.0000,0.0000,0.4568
277.2000,0.0000,0.1038,0.0000,0.0000,0.4568
277.3000,0.0000,0.1038,0.0000,0.0000,0.4568
277.4000,0.0000,0.1038,0.0000,0.0000,0.4568
277.5000,0.0000,0.1038,0.0000,0.0000,0.4568
277.6000,0.0000,0.1038,0.0000,0.0000,0.4568
277.7000,0.0000,0.1038,0.0000,0.0000,0.4568
277.8000,0.0000,0.1038,0.0000,0.0000,0.4568
277.9000,0.0000,0.1038,0.0000,0.0000,0.4568
278.0000,0.0000,0.1038,0.0000,0.0000,0.4568
278.1000,0.0000,0.1038,0.0000,0.0000,0.4568
278.2000,0.0000,0.1038,0.0000,0.0000,0.4568
278.3000,0.0000,0.1038,0.0000,0.0000,0.4568
278.4000,0.0000,0.1038,0.0000,0.0000,0.4568
278.5000,0.0000,0.1038,0.0000,0.0000,0.4568
278.6000,0.0000,0.1038,0.0000,0.0000,0.4567
278.7000,0.0000,0.1038,0.0000,0.0000,0.4567
278.8000,0.0000,0.1038,0.0000,0.0000,0.4567
278.9000,0.0000,0.1038,0.0000,0.0000,0.4567
279.0000,0.0000,0.1038,0.0000,0.0000,0.4567
279.1000,0.0000,0.1038,0.0000,0.0000,0.4567
279.2000,0.0000,0.1038,0.0000,0.0000,0.4567
279.3000,0.0000,0.1038,0.0000,0.0000,0.4567
279.4000,0.2420,0.1038,0.3539,0.0000,0.4567
279.5000,0.4840,0.1038,0.8111,0.0000,0.4567
279.6000,0.8067,0.1038,1.6966,0.0000,0.4567
279.7000,1.2100,0.1038,2.8034,0.0000,0.4566
279.8000,1.6133,0.1038,3.7378,0.0000,0.4566
279.9000,2.0167,0.1038,4.6723,0.0000,0.4566
280.0000,2.4200,0.1038,5.6066,0.0000,0.4566
280.1000,2.8233,0.1038,6.5409,0.0000,0.4565
280.2000,3.2265,0.1039,7.4750,0.0000,0.4565
280.3000,3.6297,0.1039,8.4088,0.0000,0.4565
280.4000,4.0329,0.1039,9.3423,0.0000,0.4564
280.5000,4.4360,0.1039,10.2753,0.0000,0.4564
280.6000,4.8390,0.1039,11.2076,0.0000,0.4563
280.7000,5.2419,0.1039,12.1392,0.0000,0.4563
280.8000,5.6448,0.1039,13.0700,0.0000,0.4562
280.9000,6.0475,0.1039,13.9996,0.0000,0.4562
281.0000,6.4500,0.1039,14.9280,0.0000,0.4561
281.1000,6.8524,0.1039,15.8549,0.0000,0.4561
281.2000,7.2546,0.1039,16.7801,0.0000,0.4560
281.3000,7.6566,0.1040,17.7035,0.0000,0.4559
281.4000,8.0584,0.1040,18.6246,0.0000,0.4559
281.5000,8.4599,0.1040,19.5434,0.0000,0.4558
281.6000,8.8611,0.1040,20.4596,0.0000,0.4557
281.7000,9.2620,0.1040,21.3727,0.0000,0.4557
281.8000,9.6625,0.1040,22.2827,0.0000,0.4556
281.9000,10.0627,0.1041,23.1890,0.0000,0.4555
282.0000,10.4625,0.1041,24.0916,0.0000,0.4554
282.1000,10.8618,0.1041,24.9899,0.0000,0.4553
282.2000,11.2607,0.1041,25.8837,0.0000,0.4553
282.3000,11.6590,0.1042,26.7726,0.0000,0.4552
282.4000,12.0568,0.1042,27.6563,0.0000,0.4551
282.5000,12.4541,0.1042,28.5343,0.0000,0.4550
282.6000,12.8507,0.1042,29.4064,0.0000,0.4549
282.7000,13.2466,0.1043,30.2720,0.0000,0.4548
282.8000,13.6419,0.1043,31.1309,0.0000,0.4547
282.9000,14.0364,0.1043,31.9826,0.0000,0.4546
283.0000,14.4301,0.1043,32.8267,0.0000,0.4545
283.1000,14.8229,0.1044,33.6628,0.0000,0.4544
283.2000,15.2149,0.1044,34.4904,0.0000,0.4543
283.3000,15.6060,0.1044,35.3092,0.0000,0.4542
283.4000,15.9961,0.1045,36.1187,0.0000,0.4540
283.5000,16.3852,0.1045,36.9185,0.0000,0.4539
283.6000,16.7733,0.1046,37.7082,0.0000,0.4538
283.7000,17.1602,0.1046,38.4872,0.0000,0.4537
283.8000,17.5460,0.1046,39.2552,0.0000,0.4536
283.9000,17.9306,0.1047,40.0117,0.0000,0.4535
284.0000,18.3139,0.1047,40.7564,0.0000,0.4533
284.1000,18.6959,0.1048,41.4887,0.0000,0.4532
284.2000,19.0765,0.1048,42.2082,0.0000,0.4531
284.3000,19.4557,0.1049,42.9145,0.0000,0.4529
284.4000,19.8335,0.1049,43.6073,0.0000,0.4528
284.5000,20.2097,0.1050,44.2860,0.0000,0.4527
284.6000,20.5844,0.1050,44.9503,0.0000,0.4525
284.7000,20.9574,0.1051,45.5998,0.0000,0.4524
284.8000,21.3288,0.1051,46.2340,0.0000,0.4523
284.9000,21.6984,0.1052,46.8527,0.0000,0.4521
285.0000,22.0663,0.1053,47.4554,0.0000,0.4520
285.1000,22.4323,0.1053,48.0418,0.0000,0.4518
285.2000,22.7965,0.1054,48.6115,0.0000,0.4517
285.3000,23.1587,0.1054,49.1642,0.0000,0.4515
285.4000,23.5189,0.1055,49.6996,0.0000,0.4514
285.5000,23.8771,0.1056,50.2174,0.0000,0.4512
285.6000,24.2332,0.1057,50.7173,0.0000,0.4511
285.7000,24.5872,0.1057,51.1990,0.0000,0.4509
285.8000,24.9389,0.1058,51.6623,0.0000,0.4508
285.9000,25.2884,0.1059,52.1069,0.0000,0.4506
286.0000,25.6357,0.1060,52.5327,0.0000,0.4505
286.1000,25.9805,0.1060,52.9394,0.0000,0.4503
286.2000,26.3230,0.1061,53.3269,0.0000,0.4501
286.3000,26.6631,0.1062,53.6949,0.0000,0.4500
286.4000,27.0007,0.1063,54.0434,0.0000,0.4498
286.5000,27.3357,0.1064,54.3723,0.0000,0.4497
286.6000,27.6682,0.1065,54.6814,0.0000,0.4495
286.7000,27.9980,0.1066,54.9707,0.0000,0.4493
286.8000,28.3252,0.1067,55.2401,0.0000,0.4492
286.9000,28.6497,0.1068,55.4897,0.0000,0.4490
287.0000,28.9715,0.1069,55.7193,0.0000,0.4488
287.1000,29.2905,0.1070,55.9290,0.0000,0.4487
287.2000,29.6067,0.1071,56.1189,0.0000,0.4485
287.3000,29.9200,0.1072,56.2890,0.0000,0.4483
287.4000,30.2304,0.1073,56.4394,0.0000,0.4482
287.5000,30.5380,0.1074,56.5702,0.0000,0.4480
287.6000,30.8425,0.1075,56.6815,0.0000,0.4478
287.7000,31.1441,0.1077,56.7735,0.0000,0.4477
287.8000,31.4427,0.1078,56.8463,0.0000,0.4475
287.9000,31.7382,0.1079,56.9002,0.0000,0.4473
288.0000,32.0307,0.1080,56.9352,0.0000,0.4472
288.1000,32.3201,0.1082,56.9517,0.0000,0.4470
288.2000,32.6063,0.1083,56.9499,0.0000,0.4468
288.3000,32.8895,0.1084,56.9301,0.0000,0.4467
288.4000,33.1694,0.1086,56.8925,0.0000,0.4465
288.5000,33.4462,0.1087,56.8374,0.0000,0.4463
288.6000,33.7198,0.1089,56.7652,0.0000,0.4462
288.7000,33.9902,0.1090,56.6761,0.0000,0.4460
288.8000,34.2574,0.1092,56.5706,0.0000,0.4458
288.9000,34.5213,0.1093,56.4489,0.0000,0.4457
289.0000,34.7820,0.1095,56.3115,0.0000,0.4455
289.1000,35.0395,0.1096,56.1587,0.0000,0.4453
289.2000,35.2936,0.1098,55.9909,0.0000,0.4452
289.3000,35.5445,0.1100,55.8086,0.0000,0.4450
289.4000,35.7922,0.1101,55.6120,0.0000,0.4448
289.5000,36.0365,0.1103,55.4017,0.0000,0.4447
289.6000,36.2776,0.1105,55.1781,0.0000,0.4445
289.7000,36.5154,0.1107,54.9416,0.0000,0.4444
289.8000,36.7500,0.1108,54.6927,0.0000,0.4442
289.9000,36.9812,0.1110,54.4317,0.0000,0.4440
290.0000,37.2092,0.1112,54.1592,0.0000,0.4439
290.1000,37.4339,0.1114,52.4683,0.0000,0.4437
290.2000,37.6412,0.1116,50.7500,0.0000,0.4436
290.3000,37.8455,0.1118,49.1364,0.0000,0.4434
290.4000,38.0336,0.1120,46.1373,0.0000,0.4433
290.5000,38.2053,0.1122,42.9446,0.0000,0.4432
290.6000,38.3595,0.1124,41.1979,0.0000,0.4430
290.7000,38.5121,0.1126,39.3553,0.0000,0.4429
290.8000,38.6464,0.1128,37.0259,0.0000,0.4428
290.9000,38.7747,0.1131,35.8874,0.0000,0.4427
291.0000,38.8964,0.1133,35.0631,0.0000,0.4426
291.1000,39.0154,0.1135,34.5594,0.0000,0.4425
291.2000,39.1310,0.1137,34.0830,0.0000,0.4424
291.3000,39.2442,0.1139,33.7018,0.0000,0.4423
291.4000,39.3551,0.1142,33.3922,0.0000,0.4422
291.5000,39.4642,0.1144,32.7552,0.0000,0.4421
291.6000,39.5678,0.1146,31.7561,0.0000,0.4420
291.7000,39.6664,0.1149,30.9495,0.0000,0.4419
291.8000,39.7614,0.1151,30.1477,0.0000,0.4418
291.9000,39.8515,0.1154,29.1922,0.0000,0.4417
292.0000,39.9367,0.1156,28.3579,0.0000,0.4417
292.1000,40.0181,0.1159,27.4082,0.0000,0.4416
292.2000,40.0937,0.1161,26.2465,0.0000,0.4415
292.3000,40.1635,0.1164,25.4249,0.0000,0.4414
292.4000,40.2308,0.1166,24.8979,0.0000,0.4413
292.5000,40.2952,0.1169,24.2785,0.0000,0.4413
292.6000,40.3562,0.1172,23.7186,0.0000,0.4412
292.7000,40.4148,0.1174,23.0367,0.0000,0.4411
292.8000,40.4690,0.1177,22.1661,0.0000,0.4411
292.9000,40.5191,0.1180,21.2316,0.0000,0.4410
293.0000,40.5642,0.1183,20.2968,0.0000,0.4409
293.1000,40.6054,0.1185,19.4304,0.0000,0.4409
293.2000,40.6421,0.1188,18.8204,0.0000,0.4408
293.3000,40.6774,0.1191,18.3264,0.0000,0.4408
293.4000,40.7093,0.1194,17.8740,0.0000,0.4407
293.5000,40.7401,0.1197,17.4340,0.0000,0.4406
293.6000,40.7678,0.1200,16.9838,0.0000,0.4406
293.7000,40.7943,0.1203,16.7571,0.0000,0.4405
293.8000,40.8197,0.1206,16.7376,0.0000,0.4405
293.9000,40.8458,0.1208,16.7951,0.0000,0.4404
294.0000,40.8716,0.1212,16.9722,0.0000,0.4404
294.1000,40.8992,0.1215,17.1524,0.0000,0.4403
294.2000,40.9265,0.1218,17.0173,0.0000,0.4403
294.3000,40.9527,0.1221,16.5512,0.0000,0.4402
294.4000,40.9755,0.1224,15.9004,0.0000,0.4402
294.5000,40.9955,0.1227,14.9685,0.0000,0.4401
294.6000,41.0096,0.1230,13.9042,0.0000,0.4401
294.7000,41.0198,0.1233,12.9265,0.0000,0.4400
294.8000,41.0248,0.1236,12.0890,0.0000,0.4400
294.9000,41.0272,0.1240,11.7301,0.0000,0.4400
295.0000,41.0289,0.1243,12.0020,0.0000,0.4399
295.1000,41.0338,0.1246,12.4002,0.0000,0.4399
295.2000,41.0391,0.1250,12.6924,0.0000,0.4398
295.3000,41.0466,0.1253,13.1537,0.0000,0.4398
295.4000,41.0561,0.1256,13.4983,0.0000,0.4397
295.5000,41.0667,0.1260,13.7164,0.0000,0.4397
295.6000,41.0781,0.1263,14.0488,0.0000,0.4397
295.7000,41.0917,0.1266,14.4438,0.0000,0.4396
295.8000,41.1067,0.1270,14.6129,0.0000,0.4396
295.9000,41.1218,0.1273,14.5691,0.0000,0.4395
296.0000,41.1362,0.1277,14.3840,0.0000,0.4395
296.1000,41.1495,0.1280,14.0930,0.0000,0.4394
296.2000,41.1612,0.1284,13.7593,0.0000,0.4394
296.3000,41.1713,0.1287,13.4757,0.0000,0.4393
296.4000,41.1804,0.1291,13.1487,0.0000,0.4393
296.5000,41.1874,0.1295,12.8692,0.0000,0.4392
296.6000,41.1938,0.1298,12.7801,0.0000,0.4392
296.7000,41.2000,0.1302,12.9415,0.0000,0.4392
296.8000,41.2079,0.1306,13.1959,0.0000,0.4391
296.9000,41.2163,0.1309,13.2997,0.0000,0.4391
297.0000,41.2250,0.1313,13.1688,0.0000,0.4390
297.1000,41.2323,0.1317,12.8301,0.0000,0.4390
297.2000,41.2378,0.1320,12.3312,0.0000,0.4390
297.3000,41.2404,0.1324,11.9219,0.0000,0.4389
297.4000,41.2422,0.1328,11.5991,0.0000,0.4389
297.5000,41.2418,0.1332,11.2403,0.0000,0.4388
297.6000,41.2402,0.1336,10.8039,0.0000,0.4388
297.7000,41.2358,0.1340,10.0700,0.0000,0.4388
297.8000,41.2275,0.1343,9.0978,0.0000,0.4387
297.9000,41.2142,0.1347,8.2925,0.0000,0.4387
298.0000,41.1986,0.1351,7.9376,0.0000,0.4387
298.1000,41.1821,0.1355,7.9203,0.0000,0.4386
298.2000,41.1663,0.1359,8.3651,0.0000,0.4386
298.3000,41.1539,0.1363,9.1737,0.0000,0.4386
298.4000,41.1456,0.1367,10.0201,0.0000,0.4385
298.5000,41.1409,0.1371,10.7471,0.0000,0.4385
298.6000,41.1392,0.1375,11.3633,0.0000,0.4385
298.7000,41.1402,0.1379,11.8396,0.0000,0.4384
298.8000,41.1429,0.1383,12.3746,0.0000,0.4384
298.9000,41.1487,0.1388,13.1676,0.0000,0.4384
299.0000,41.1587,0.1392,13.9165,0.0000,0.4383
299.1000,41.1713,0.1396,14.4782,0.0000,0.4383
299.2000,41.1863,0.1400,14.8791,0.0000,0.4382
299.3000,41.2025,0.1404,14.8279,0.0000,0.4382
299.4000,41.2169,0.1408,14.5925,0.0000,0.4381
299.5000,41.2308,0.1413,14.6253,0.0000,0.4381
299.6000,41.2455,0.1417,14.8821,0.0000,0.4380
299.7000,41.2617,0.1421,15.3332,0.0000,0.4380
299.8000,41.2803,0.1425,16.2007,0.0000,0.4379
299.9000,41.3043,0.1430,17.1116,0.0000,0.4379
