t_s,v_kmh,grade_pct,P_wheel_kW,fuel_g_per_s,SOC
3300.0000,99.1023,-0.2627,75.9129,4.7906,0.4367
3300.1000,99.1256,-0.2646,76.1786,4.7906,0.4367
3300.2000,99.1489,-0.2665,76.1745,4.7906,0.4367
3300.3000,99.1722,-0.2683,76.1407,4.7906,0.4367
3300.4000,99.1954,-0.2701,76.1073,4.7906,0.4367
3300.5000,99.2184,-0.2719,76.0745,4.7906,0.4367
3300.6000,99.2414,-0.2736,76.0422,4.7906,0.4367
3300.7000,99.2644,-0.2754,76.0104,4.7906,0.4366
3300.8000,99.2872,-0.2770,75.9792,4.7906,0.4366
3300.9000,99.3100,-0.2787,75.9485,4.7906,0.4366
3301.0000,99.3326,-0.2803,75.9183,4.7906,0.4366
3301.1000,99.3552,-0.2819,75.8887,4.7906,0.4366
3301.2000,99.3778,-0.2835,75.8596,4.7906,0.4366
3301.3000,99.4002,-0.2850,75.8311,4.7906,0.4366
3301.4000,99.4225,-0.2865,75.8032,4.7906,0.4366
3301.5000,99.4448,-0.2879,75.7758,4.7906,0.4366
3301.6000,99.4670,-0.2894,75.7489,4.7906,0.4366
3301.7000,99.4891,-0.2908,75.6766,4.7906,0.4366
3301.8000,99.5110,-0.2921,75.5127,4.7906,0.4365
3301.9000,99.5324,-0.2935,75.2595,4.7906,0.4365
3302.0000,99.5533,-0.2948,74.9209,4.7906,0.4365
3302.1000,99.5734,-0.2960,74.5009,4.7906,0.4365
3302.2000,99.5926,-0.2973,74.0492,4.7906,0.4365
3302.3000,99.6109,-0.2985,73.6154,4.7906,0.4365
3302.4000,99.6284,-0.2997,73.2006,4.7906,0.4365
3302.5000,99.6451,-0.3008,72.8040,4.7906,0.4365
3302.6000,99.6611,-0.3019,72.4247,4.7906,0.4365
3302.7000,99.6764,-0.3030,72.0622,4.7906,0.4365
3302.8000,99.6909,-0.3040,71.7156,4.7906,0.4365
3302.9000,99.7048,-0.3050,71.3842,4.7906,0.4365
3303.0000,99.7181,-0.3060,71.0675,4.7906,0.4365
3303.1000,99.7308,-0.3069,70.7647,4.7906,0.4365
3303.2000,99.7429,-0.3078,70.4754,4.7906,0.4365
3303.3000,99.7545,-0.3087,70.1989,4.7906,0.4365
3303.4000,99.7655,-0.3095,69.9347,4.7906,0.4366
3303.5000,99.7761,-0.3103,69.6823,4.7906,0.4366
3303.6000,99.7862,-0.3111,69.4411,4.7906,0.4366
3303.7000,99.7958,-0.3118,69.2107,4.7906,0.4366
3303.8000,99.8050,-0.3125,68.9907,4.7906,0.4366
3303.9000,99.8137,-0.3132,68.7806,4.7906,0.4366
3304.0000,99.8221,-0.3138,68.5800,4.7906,0.4366
3304.1000,99.8301,-0.3144,68.3885,4.7906,0.4366
3304.2000,99.8378,-0.3150,68.2057,4.7906,0.4366
3304.3000,99.8451,-0.3155,68.0313,4.7906,0.4366
3304.4000,99.8520,-0.3160,67.8649,4.7906,0.4367
3304.5000,99.8587,-0.3164,67.7062,4.7906,0.4367
3304.6000,99.8651,-0.3169,67.5548,4.7906,0.4367
3304.7000,99.8711,-0.3173,67.4106,4.7906,0.4367
3304.8000,99.8769,-0.3176,67.2731,4.7906,0.4367
3304.9000,99.8825,-0.3179,67.1420,4.7906,0.4367
3305.0000,99.8878,-0.3182,67.0173,4.7906,0.4367
3305.1000,99.8928,-0.3185,66.8985,4.7906,0.4368
3305.2000,99.8976,-0.3187,66.7854,4.7906,0.4368
3305.3000,99.9022,-0.3189,66.6779,4.7906,0.4368
3305.4000,99.9066,-0.3190,66.5756,4.7906,0.4368
3305.5000,99.9108,-0.3191,66.4785,4.7906,0.4368
3305.6000,99.9149,-0.3192,66.3862,4.7906,0.4368
3305.7000,99.9187,-0.3193,66.2986,4.7906,0.4368
3305.8000,99.9223,-0.3193,66.2155,4.7906,0.4369
3305.9000,99.9258,-0.3193,66.1367,4.7906,0.4369
3306.0000,99.9292,-0.3192,66.0620,4.7906,0.4369
3306.1000,99.9324,-0.3191,65.9914,4.7906,0.4369
3306.2000,99.9354,-0.3190,65.9246,4.7906,0.4369
3306.3000,99.9383,-0.3189,65.8615,4.7906,0.4370
3306.4000,99.9411,-0.3187,65.8020,4.7906,0.4370
3306.5000,99.9437,-0.3185,65.7458,4.7906,0.4370
3306.6000,99.9463,-0.3182,65.6930,4.7906,0.4370
3306.7000,99.9487,-0.3179,65.6433,4.7906,0.4370
3306.8000,99.9510,-0.3176,65.5967,4.7906,0.4370
3306.9000,99.9532,-0.3173,65.5529,4.7906,0.4371
3307.0000,99.9553,-0.3169,65.5121,4.7906,0.4371
3307.1000,99.9573,-0.3165,65.4739,4.7906,0.4371
3307.2000,99.9592,-0.3160,65.4383,4.7906,0.4371
3307.3000,99.9611,-0.3156,65.4053,4.7906,0.4371
3307.4000,99.9628,-0.3151,65.3747,4.7906,0.4372
3307.5000,99.9645,-0.3145,65.3465,4.7906,0.4372
3307.6000,99.9661,-0.3140,65.3205,4.7906,0.4372
3307.7000,99.9676,-0.3134,65.2967,4.7906,0.4372
3307.8000,99.9691,-0.3127,65.2750,4.7906,0.4372
3307.9000,99.9705,-0.3121,65.2554,4.7906,0.4372
3308.0000,99.9718,-0.3114,65.2377,4.7906,0.4373
3308.1000,99.9731,-0.3107,65.2219,4.7906,0.4373
3308.2000,99.9743,-0.3099,65.2080,4.7906,0.4373
3308.3000,99.9754,-0.3091,65.1958,4.7906,0.4373
3308.4000,99.9765,-0.3083,65.1853,4.7906,0.4373
3308.5000,99.9776,-0.3075,65.1764,4.7906,0.4374
3308.6000,99.9786,-0.3066,65.1692,4.7906,0.4374
3308.7000,99.9796,-0.3057,65.1635,4.7906,0.4374
3308.8000,99.9805,-0.3048,65.1593,4.7906,0.4374
3308.9000,99.9814,-0.3038,65.1566,4.7906,0.4374
3309.0000,99.9822,-0.3029,65.1552,4.7906,0.4375
3309.1000,99.9830,-0.3018,65.1552,4.7906,0.4375
3309.2000,99.9838,-0.3008,65.1565,4.7906,0.4375
3309.3000,99.9845,-0.2997,65.1591,4.7906,0.4375
3309.4000,99.9852,-0.2987,65.1629,4.7906,0.4375
3309.5000,99.9859,-0.2975,65.1679,4.7906,0.4376
3309.6000,99.9865,-0.2964,65.1740,4.7906,0.4376
3309.7000,99.9871,-0.2952,65.1813,4.7906,0.4376
3309.8000,99.9877,-0.2940,65.1896,4.7906,0.4376
3309.9000,99.9882,-0.2928,65.1990,4.7906,0.4376
3310.0000,99.9888,-0.2916,65.2094,4.7906,0.4377
3310.1000,99.9893,-0.2903,65.2208,4.7906,0.4377
3310.2000,99.9898,-0.2890,65.2331,4.7906,0.4377
3310.3000,99.9902,-0.2877,65.2464,4.7906,0.4377
3310.4000,99.9907,-0.2863,65.2605,4.7906,0.4377
3310.5000,99.9911,-0.2850,65.2756,4.7906,0.4377
3310.6000,99.9915,-0.2836,65.2915,4.7906,0.4378
3310.7000,99.9919,-0.2822,65.3082,4.7906,0.4378
3310.8000,99.9922,-0.2807,65.3257,4.7906,0.4378
3310.9000,99.9926,-0.2793,65.3439,4.7906,0.4378
3311.0000,99.9929,-0.2778,65.3630,4.7906,0.4378
3311.1000,99.9932,-0.2763,65.3827,4.7906,0.4379
3311.2000,99.9935,-0.2748,65.4031,4.7906,0.4379
3311.3000,99.9938,-0.2732,65.4243,4.7906,0.4379
3311.4000,99.9941,-0.2717,65.4461,4.7906,0.4379
3311.5000,99.9944,-0.2701,65.4685,4.7906,0.4379
3311.6000,99.9946,-0.2685,65.4915,4.7906,0.4380
3311.7000,99.9949,-0.2669,65.5152,4.7906,0.4380
3311.8000,99.9951,-0.2652,65.5394,4.7906,0.4380
3311.9000,99.9953,-0.2636,65.5643,4.7906,0.4380
3312.0000,99.9955,-0.2619,65.5896,4.7906,0.4380
3312.1000,99.9957,-0.2602,65.6155,4.7906,0.4380
3312.2000,99.9959,-0.2585,65.6419,4.7906,0.4381
3312.3000,99.9961,-0.2568,65.6688,4.7906,0.4381
3312.4000,99.9963,-0.2550,65.6962,4.7906,0.4381
3312.5000,99.9964,-0.2533,65.7241,4.7906,0.4381
3312.6000,99.9966,-0.2515,65.7524,4.7906,0.4381
3312.7000,99.9968,-0.2497,65.7811,4.7906,0.4382
3312.8000,99.9969,-0.2479,65.8103,4.7906,0.4382
3312.9000,99.9970,-0.2461,65.8398,4.7906,0.4382
3313.0000,99.9972,-0.2443,65.8698,4.7906,0.4382
3313.1000,99.9973,-0.2424,65.9002,4.7906,0.4382
3313.2000,99.9974,-0.2405,65.9309,4.7906,0.4382
3313.3000,99.9975,-0.2387,65.9619,4.7906,0.4383
3313.4000,99.9977,-0.2368,65.9933,4.7906,0.4383
3313.5000,99.9978,-0.2349,66.0250,4.7906,0.4383
3313.6000,99.9979,-0.2330,66.0571,4.7906,0.4383
3313.7000,99.9980,-0.2311,66.0894,4.7906,0.4383
3313.8000,99.9980,-0.2291,66.1220,4.7906,0.4383
3313.9000,99.9981,-0.2272,66.1549,4.7906,0.4384
3314.0000,99.9982,-0.2252,66.1880,4.7906,0.4384
3314.1000,99.9983,-0.2233,66.2214,4.7906,0.4384
3314.2000,99.9984,-0.2213,66.2551,4.7906,0.4384
3314.3000,99.9984,-0.2193,66.2889,4.7906,0.4384
3314.4000,99.9985,-0.2174,66.3230,4.7906,0.4384
3314.5000,99.9986,-0.2154,66.3573,4.7906,0.4385
3314.6000,99.9986,-0.2134,66.3917,4.7906,0.4385
3314.7000,99.9987,-0.2114,66.4264,4.7906,0.4385
3314.8000,99.9988,-0.2094,66.4612,4.7906,0.4385
3314.9000,99.9988,-0.2074,66.4962,4.7906,0.4385
3315.0000,99.9989,-0.2053,66.5313,4.7906,0.4385
3315.1000,99.9989,-0.2033,66.5665,4.7906,0.4386
3315.2000,99.9990,-0.2013,66.6019,4.7906,0.4386
3315.3000,99.9990,-0.1993,66.6373,4.7906,0.4386
3315.4000,99.9991,-0.1972,66.6729,4.7906,0.4386
3315.5000,99.9991,-0.1952,66.7086,4.7906,0.4386
3315.6000,99.9991,-0.1932,66.7443,4.7906,0.4386
3315.7000,99.9992,-0.1911,66.7801,4.7906,0.4386
3315.8000,99.9992,-0.1891,66.8160,4.7906,0.4387
3315.9000,99.9993,-0.1870,66.8519,4.7906,0.4387
3316.0000,99.9993,-0.1850,66.8879,4.7906,0.4387
3316.1000,99.9993,-0.1829,66.9238,4.7906,0.4387
3316.2000,99.9994,-0.1809,66.9598,4.7906,0.4387
3316.3000,99.9994,-0.1789,66.9958,4.7906,0.4387
3316.4000,99.9994,-0.1768,67.0318,4.7906,0.4387
3316.5000,99.9994,-0.1748,67.0678,4.7906,0.4388
3316.6000,99.9995,-0.1728,67.1037,4.7906,0.4388
3316.7000,99.9995,-0.1707,67.1396,4.7906,0.4388
3316.8000,99.9995,-0.1687,67.1755,4.7906,0.4388
3316.9000,99.9995,-0.1667,67.2113,4.7906,0.4388
3317.0000,99.9996,-0.1647,67.2470,4.7906,0.4388
3317.1000,99.9996,-0.1627,67.2827,4.7906,0.4388
3317.2000,99.9996,-0.1607,67.3183,4.7906,0.4389
3317.3000,99.9996,-0.1587,67.3538,4.7906,0.4389
3317.4000,99.9996,-0.1567,67.3892,4.7906,0.4389
3317.5000,99.9996,-0.1547,67.4244,4.7906,0.4389
3317.6000,99.9997,-0.1527,67.4595,4.7906,0.4389
3317.7000,99.9997,-0.1508,67.4945,4.7906,0.4389
3317.8000,99.9997,-0.1488,67.5294,4.7906,0.4389
3317.9000,99.9997,-0.1469,67.5641,4.7906,0.4390
3318.0000,99.9997,-0.1449,67.5986,4.7906,0.4390
3318.1000,99.9997,-0.1430,67.6330,4.7906,0.4390
3318.2000,99.9997,-0.1411,67.6672,4.7906,0.4390
3318.3000,99.9998,-0.1392,67.7011,4.7906,0.4390
3318.4000,99.9998,-0.1373,67.7349,4.7906,0.4390
3318.5000,99.9998,-0.1354,67.7685,4.7906,0.4390
3318.6000,99.9998,-0.1335,67.8018,4.7906,0.4390
3318.7000,99.9998,-0.1317,67.8349,4.7906,0.4391
3318.8000,99.9998,-0.1299,67.8678,4.7906,0.4391
3318.9000,99.9998,-0.1280,67.9004,4.7906,0.4391
3319.0000,99.9998,-0.1262,67.9328,4.7906,0.4391
3319.1000,99.9998,-0.1244,67.9648,4.7906,0.4391
3319.2000,99.9998,-0.1226,67.9967,4.7906,0.4391
3319.3000,99.9998,-0.1209,68.0282,4.7906,0.4391
3319.4000,99.9999,-0.1191,68.0594,4.7906,0.4391
3319.5000,99.9999,-0.1174,68.0903,4.7906,0.4392
3319.6000,99.9999,-0.1157,68.1209,4.7906,0.4392
3319.7000,99.9999,-0.1140,68.1512,4.7906,0.4392
3319.8000,99.9999,-0.1123,68.1811,4.7906,0.4392
3319.9000,99.9999,-0.1107,68.2107,4.7906,0.4392
3320.0000,99.9999,-0.1091,68.2399,4.7906,0.4392
3320.1000,99.9999,-0.1074,68.2688,4.7906,0.4392
3320.2000,99.9999,-0.1059,68.2973,4.7906,0.4392
3320.3000,99.9999,-0.1043,68.3255,4.7906,0.4392
3320.4000,99.9999,-0.1027,68.3532,4.7906,0.4393
3320.5000,99.9999,-0.1012,68.3806,4.7906,0.4393
3320.6000,99.9999,-0.0997,68.4075,4.7906,0.4393
3320.7000,99.9999,-0.0982,68.4340,4.7906,0.4393
3320.8000,99.9999,-0.0968,68.4601,4.7906,0.4393
3320.9000,99.9999,-0.0953,68.4858,4.7906,0.4393
3321.0000,99.9999,-0.0939,68.5110,4.7906,0.4393
3321.1000,99.9999,-0.0926,68.5358,4.7906,0.4393
3321.2000,99.9999,-0.0912,68.5601,4.7906,0.4393
3321.3000,99.9999,-0.0899,68.5840,4.7906,0.4394
3321.4000,99.9999,-0.0886,68.6074,4.7906,0.4394
3321.5000,99.9999,-0.0873,68.6303,4.7906,0.4394
3321.6000,99.9999,-0.0860,68.6527,4.7906,0.4394
3321.7000,99.9999,-0.0848,68.6746,4.7906,0.4394
3321.8000,100.0000,-0.0836,68.6960,4.7906,0.4394
3321.9000,100.0000,-0.0825,68.7168,4.7906,0.4394
3322.0000,100.0000,-0.0813,68.7372,4.7906,0.4394
3322.1000,100.0000,-0.0802,68.7570,4.7906,0.4394
3322.2000,100.0000,-0.0791,68.7763,4.7906,0.4394
3322.3000,100.0000,-0.0781,68.7951,4.7906,0.4395
3322.4000,100.0000,-0.0771,68.8132,4.7906,0.4395
3322.5000,100.0000,-0.0761,68.8309,4.7906,0.4395
3322.6000,100.0000,-0.0752,68.8479,4.7906,0.4395
3322.7000,100.0000,-0.0742,68.8644,4.7906,0.4395
3322.8000,100.0000,-0.0734,68.8803,4.7906,0.4395
3322.9000,100.0000,-0.0725,68.8956,4.7906,0.4395
3323.0000,100.0000,-0.0717,68.9102,4.7906,0.4395
3323.1000,100.0000,-0.0709,68.9243,4.7906,0.4395
3323.2000,100.0000,-0.0701,68.9378,4.7906,0.4395
3323.3000,100.0000,-0.0694,68.9506,4.7906,0.4396
3323.4000,100.0000,-0.0688,68.9628,4.7906,0.4396
3323.5000,100.0000,-0.0681,68.9744,4.7906,0.4396
3323.6000,100.0000,-0.0675,68.9853,4.7906,0.4396
3323.7000,100.0000,-0.0669,68.9956,4.7906,0.4396
3323.8000,100.0000,-0.0664,69.0052,4.7906,0.4396
3323.9000,100.0000,-0.0659,69.0141,4.7906,0.4396
3324.0000,100.0000,-0.0654,69.0224,4.7906,0.4396
3324.1000,100.0000,-0.0650,69.0300,4.7906,0.4396
3324.2000,100.0000,-0.0646,69.0369,4.7906,0.4396
3324.3000,100.0000,-0.0643,69.0431,4.7906,0.4396
3324.4000,100.0000,-0.0640,69.0486,4.7906,0.4397
3324.5000,100.0000,-0.0637,69.0534,4.7906,0.4397
3324.6000,100.0000,-0.0635,69.0575,4.7906,0.4397
3324.7000,100.0000,-0.0633,69.0608,4.7906,0.4397
3324.8000,100.0000,-0.0631,69.0635,4.7906,0.4397
3324.9000,100.0000,-0.0630,69.0654,4.7906,0.4397
3325.0000,100.0000,-0.0630,69.0665,4.7906,0.4397
3325.1000,100.0000,-0.0629,69.0090,4.7906,0.4397
3325.2000,99.9998,-0.0630,68.7365,4.7906,0.4397
3325.3000,99.9987,-0.0630,68.4995,4.7906,0.4397
3325.4000,99.9976,-0.0631,68.4609,4.7906,0.4398
3325.5000,99.9965,-0.0633,68.4557,4.7906,0.4398
3325.6000,99.9954,-0.0635,68.5353,4.7906,0.4398
3325.7000,99.9945,-0.0637,68.8272,4.7906,0.4398
3325.8000,99.9946,-0.0640,69.0810,4.7906,0.4398
3325.9000,99.9947,-0.0643,69.1338,4.7906,0.4398
3326.0000,99.9949,-0.0646,69.1507,4.7906,0.4398
3326.1000,99.9952,-0.0651,69.1382,4.7906,0.4398
3326.2000,99.9954,-0.0655,69.1251,4.7906,0.4398
3326.3000,99.9956,-0.0660,69.1115,4.7906,0.4398
3326.4000,99.9958,-0.0665,69.0973,4.7906,0.4398
3326.5000,99.9960,-0.0671,69.0824,4.7906,0.4399
3326.6000,99.9962,-0.0678,69.0670,4.7906,0.4399
3326.7000,99.9963,-0.0684,69.0508,4.7906,0.4399
3326.8000,99.9965,-0.0692,69.0341,4.7906,0.4399
3326.9000,99.9967,-0.0699,69.0166,4.7906,0.4399
3327.0000,99.9968,-0.0708,68.9985,4.7906,0.4399
3327.1000,99.9970,-0.0716,68.9797,4.7906,0.4399
3327.2000,99.9971,-0.0725,68.9601,4.7906,0.4399
3327.3000,99.9972,-0.0735,68.9399,4.7906,0.4399
3327.4000,99.9973,-0.0745,68.9189,4.7906,0.4399
3327.5000,99.9975,-0.0756,68.8972,4.7906,0.4399
3327.6000,99.9976,-0.0767,68.8748,4.7906,0.4400
3327.7000,99.9977,-0.0778,68.8516,4.7906,0.4400
3327.8000,99.9978,-0.0790,68.8276,4.7906,0.4400
3327.9000,99.9979,-0.0803,68.8029,4.7906,0.4400
3328.0000,99.9980,-0.0816,68.7774,4.7906,0.4400
3328.1000,99.9981,-0.0829,68.7511,4.7906,0.4400
3328.2000,99.9982,-0.0843,68.7240,4.7906,0.4400
3328.3000,99.9982,-0.0858,68.6961,4.7906,0.4400
3328.4000,99.9983,-0.0873,68.6674,4.7906,0.4400
3328.5000,99.9984,-0.0888,68.6379,4.7906,0.4400
3328.6000,99.9985,-0.0904,68.6076,4.7906,0.4401
3328.7000,99.9985,-0.0920,68.5764,4.7906,0.4401
3328.8000,99.9986,-0.0937,68.5445,4.7906,0.4401
3328.9000,99.9987,-0.0955,68.5116,4.7906,0.4401
3329.0000,99.9987,-0.0973,68.4780,4.7906,0.4401
3329.1000,99.9988,-0.0991,68.4434,4.7906,0.4401
3329.2000,99.9988,-0.1010,68.4081,4.7906,0.4401
3329.3000,99.9989,-0.1030,68.3718,4.7906,0.4401
3329.4000,99.9989,-0.1050,68.3348,4.7906,0.4401
3329.5000,99.9990,-0.1070,68.2968,4.7906,0.4402
3329.6000,99.9990,-0.1091,68.2580,4.7906,0.4402
3329.7000,99.9991,-0.1113,68.2183,4.7906,0.4402
3329.8000,99.9991,-0.1135,68.1777,4.7906,0.4402
3329.9000,99.9992,-0.1157,68.1363,4.7906,0.4402
3330.0000,99.9992,-0.1180,68.0939,4.7906,0.4402
3330.1000,99.9992,-0.1204,68.0507,4.7906,0.4402
3330.2000,99.9993,-0.1228,68.0066,4.7906,0.4402
3330.3000,99.9993,-0.1253,67.9616,4.7906,0.4403
3330.4000,99.9993,-0.1278,67.9157,4.7906,0.4403
3330.5000,99.9994,-0.1304,67.8689,4.7906,0.4403
3330.6000,99.9994,-0.1330,67.8212,4.7906,0.4403
3330.7000,99.9994,-0.1356,67.7726,4.7906,0.4403
3330.8000,99.9994,-0.1384,67.7231,4.7906,0.4403
3330.9000,99.9995,-0.1411,67.6727,4.7906,0.4403
3331.0000,99.9995,-0.1439,67.6214,4.7906,0.4403
3331.1000,99.9995,-0.1468,67.5692,4.7906,0.4404
3331.2000,99.9995,-0.1497,67.5160,4.7906,0.4404
3331.3000,99.9996,-0.1527,67.4620,4.7906,0.4404
3331.4000,99.9996,-0.1558,67.4071,4.7906,0.4404
3331.5000,99.9996,-0.1588,67.3512,4.7906,0.4404
3331.6000,99.9996,-0.1620,67.2945,4.7906,0.4404
3331.7000,99.9996,-0.1652,67.2368,4.7906,0.4404
3331.8000,99.9996,-0.1684,67.1782,4.7906,0.4404
3331.9000,99.9997,-0.1717,67.1188,4.7906,0.4405
3332.0000,99.9997,-0.1750,67.0584,4.7906,0.4405
3332.1000,99.9997,-0.1784,66.9971,4.7906,0.4405
3332.2000,99.9997,-0.1818,66.9349,4.7906,0.4405
3332.3000,99.9997,-0.1853,66.8717,4.7906,0.4405
3332.4000,99.9997,-0.1889,66.8077,4.7906,0.4405
3332.5000,99.9997,-0.1925,66.7428,4.7906,0.4406
3332.6000,99.9998,-0.1961,66.6770,4.7906,0.4406
3332.7000,99.9998,-0.1998,66.6102,4.7906,0.4406
3332.8000,99.9998,-0.2036,66.5426,4.7906,0.4406
3332.9000,99.9998,-0.2074,66.4740,4.7906,0.4406
3333.0000,99.9998,-0.2112,66.4046,4.7906,0.4406
3333.1000,99.9998,-0.2151,66.3343,4.7906,0.4406
3333.2000,99.9998,-0.2191,66.2630,4.7906,0.4407
3333.3000,99.9998,-0.2231,66.1909,4.7906,0.4407
3333.4000,99.9998,-0.2271,66.1179,4.7906,0.4407
3333.5000,99.9998,-0.2312,66.0440,4.7906,0.4407
3333.6000,99.9998,-0.2354,65.9692,4.7906,0.4407
3333.7000,99.9999,-0.2396,65.8935,4.7906,0.4407
3333.8000,99.9999,-0.2438,65.8169,4.7906,0.4408
3333.9000,99.9999,-0.2481,65.7395,4.7906,0.4408
3334.0000,99.9999,-0.2525,65.6612,4.7906,0.4408
3334.1000,99.9999,-0.2569,65.5820,4.7906,0.4408
3334.2000,99.9999,-0.2613,65.5019,4.7906,0.4408
3334.3000,99.9999,-0.2658,65.4210,4.7906,0.4409
3334.4000,99.9999,-0.2703,65.3392,4.7906,0.4409
3334.5000,99.9999,-0.2749,65.2566,4.7906,0.4409
3334.6000,99.9999,-0.2796,65.1730,4.7906,0.4409
3334.7000,99.9999,-0.2842,65.0887,4.7906,0.4409
3334.8000,99.9999,-0.2890,65.0035,4.7906,0.4410
3334.9000,99.9999,-0.2938,64.9174,4.7906,0.4410
3335.0000,99.9999,-0.2986,64.8305,4.7906,0.4410
3335.1000,99.9999,-0.3035,64.7428,4.7906,0.4410
3335.2000,99.9999,-0.3084,64.6542,4.7906,0.4410
3335.3000,99.9999,-0.3133,64.5648,4.7906,0.4411
3335.4000,99.9999,-0.3184,64.4746,4.7906,0.4411
3335.5000,99.9999,-0.3234,64.3836,4.7906,0.4411
3335.6000,99.9999,-0.3285,64.2917,4.7906,0.4411
3335.7000,99.9999,-0.3337,64.1991,4.7906,0.4411
3335.8000,99.9999,-0.3389,64.1056,4.7906,0.4412
3335.9000,99.9999,-0.3441,64.0113,4.7906,0.4412
3336.0000,99.9999,-0.3494,63.9162,4.7906,0.4412
3336.1000,100.0000,-0.3547,63.8204,4.7906,0.4412
3336.2000,100.0000,-0.3601,63.7238,4.7906,0.4413
3336.3000,100.0000,-0.3655,63.6263,4.7906,0.4413
3336.4000,100.0000,-0.3710,63.5281,4.7906,0.4413
3336.5000,100.0000,-0.3765,63.4292,4.7906,0.4413
3336.6000,100.0000,-0.3820,63.3295,4.7906,0.4413
3336.7000,100.0000,-0.3876,63.2290,4.7906,0.4414
3336.8000,100.0000,-0.3932,63.1278,4.7906,0.4414
3336.9000,100.0000,-0.3989,63.0258,4.7906,0.4414
3337.0000,100.0000,-0.4046,62.9231,4.7906,0.4414
3337.1000,100.0000,-0.4103,62.8196,4.7906,0.4415
3337.2000,100.0000,-0.4161,62.7155,4.7906,0.4415
3337.3000,100.0000,-0.4220,62.6106,4.7906,0.4415
3337.4000,100.0000,-0.4278,62.5050,4.7906,0.4415
3337.5000,100.0000,-0.4337,62.3987,4.7906,0.4416
3337.6000,100.0000,-0.4397,62.2916,4.7906,0.4416
3337.7000,100.0000,-0.4457,62.1839,4.7906,0.4416
3337.8000,100.0000,-0.4517,62.0756,4.7906,0.4417
3337.9000,100.0000,-0.4578,61.9665,4.7906,0.4417
3338.0000,100.0000,-0.4639,61.8567,4.7906,0.4417
3338.1000,100.0000,-0.4700,61.7463,4.7906,0.4417
3338.2000,100.0000,-0.4762,61.6353,4.7906,0.4418
3338.3000,100.0000,-0.4824,61.5235,4.7906,0.4418
3338.4000,100.0000,-0.4886,61.4112,4.7906,0.4418
3338.5000,100.0000,-0.4949,61.2982,4.7906,0.4419
3338.6000,100.0000,-0.5012,61.1846,4.7906,0.4419
3338.7000,100.0000,-0.5076,61.0703,4.7906,0.4419
3338.8000,100.0000,-0.5140,60.9554,4.7906,0.4419
3338.9000,100.0000,-0.5204,60.8400,4.7906,0.4420
3339.0000,100.0000,-0.5268,60.7239,4.7906,0.4420
3339.1000,100.0000,-0.5333,60.6072,4.7906,0.4420
3339.2000,100.0000,-0.5398,60.4900,4.7906,0.4421
3339.3000,100.0000,-0.5464,60.3722,4.7906,0.4421
3339.4000,100.0000,-0.5530,60.2538,4.7906,0.4421
3339.5000,100.0000,-0.5596,60.1349,4.7906,0.4422
3339.6000,100.0000,-0.5662,60.0154,4.7906,0.4422
3339.7000,100.0000,-0.5729,59.8953,4.7906,0.4422
3339.8000,100.0000,-0.5796,59.7748,4.7906,0.4423
3339.9000,100.0000,-0.5863,59.6537,4.7906,0.4423
3340.0000,100.0000,-0.5931,59.5321,4.7906,0.4423
3340.1000,100.0000,-0.5999,59.4100,4.7906,0.4424
3340.2000,100.0000,-0.6067,59.2873,4.7906,0.4424
3340.3000,100.0000,-0.6135,59.1642,4.7906,0.4424
3340.4000,100.0000,-0.6204,59.0406,4.7906,0.4425
3340.5000,100.0000,-0.6273,58.9166,4.7906,0.4425
3340.6000,100.0000,-0.6342,58.7921,4.7906,0.4425
3340.7000,100.0000,-0.6412,58.6671,4.7906,0.4426
3340.8000,100.0000,-0.6482,58.5416,4.7906,0.4426
3340.9000,100.0000,-0.6552,58.4158,4.7906,0.4426
3341.0000,100.0000,-0.6622,58.2895,4.7906,0.4427
3341.1000,100.0000,-0.6692,58.1628,4.7906,0.4427
3341.2000,100.0000,-0.6763,58.0357,4.7906,0.4428
3341.3000,100.0000,-0.6834,57.9081,4.7906,0.4428
3341.4000,100.0000,-0.6905,57.7802,4.7906,0.4428
3341.5000,100.0000,-0.6976,57.6519,4.7906,0.4429
3341.6000,100.0000,-0.7048,57.5233,4.7906,0.4429
3341.7000,100.0000,-0.7120,57.3942,4.7906,0.4430
3341.8000,100.0000,-0.7192,57.2648,4.7906,0.4430
3341.9000,100.0000,-0.7264,57.1351,4.7906,0.4430
3342.0000,100.0000,-0.7336,57.0050,4.7906,0.4431
3342.1000,100.0000,-0.7409,56.8746,4.7906,0.4431
3342.2000,100.0000,-0.7481,56.7439,4.7906,0.4432
3342.3000,100.0000,-0.7554,56.6129,4.7906,0.4432
3342.4000,100.0000,-0.7627,56.4816,4.7906,0.4432
3342.5000,100.0000,-0.7700,56.3500,4.7906,0.4433
3342.6000,100.0000,-0.7774,56.2182,4.7906,0.4433
3342.7000,100.0000,-0.7847,56.0860,4.7906,0.4434
3342.8000,100.0000,-0.7921,55.9536,4.7906,0.4434
3342.9000,100.0000,-0.7994,55.8210,4.7906,0.4434
3343.0000,100.0000,-0.8068,55.6881,4.7906,0.4435
3343.1000,100.0000,-0.8142,55.5550,4.7906,0.4435
3343.2000,100.0000,-0.8216,55.4217,4.7906,0.4436
3343.3000,100.0000,-0.8291,55.2882,4.7906,0.4436
3343.4000,100.0000,-0.8365,55.1545,4.7906,0.4437
3343.5000,100.0000,-0.8439,55.0206,4.7906,0.4437
3343.6000,100.0000,-0.8514,54.8865,4.7906,0.4438
3343.7000,100.0000,-0.8589,54.7522,4.7906,0.4438
3343.8000,100.0000,-0.8663,54.6178,4.7906,0.4439
3343.9000,100.0000,-0.8738,54.4833,4.7906,0.4439
3344.0000,100.0000,-0.8813,54.3486,4.7906,0.4439
3344.1000,100.0000,-0.8888,54.2138,4.7906,0.4440
3344.2000,100.0000,-0.8963,54.0788,4.7906,0.4440
3344.3000,100.0000,-0.9038,53.9438,4.7906,0.4441
3344.4000,100.0000,-0.9113,53.8087,4.7906,0.4441
3344.5000,100.0000,-0.9188,53.6734,4.7906,0.4442
3344.6000,100.0000,-0.9264,53.5382,4.7906,0.4442
3344.7000,100.0000,-0.9339,53.4028,4.7906,0.4443
3344.8000,100.0000,-0.9414,53.2674,4.7906,0.4443
3344.9000,100.0000,-0.9490,53.1319,4.7906,0.4444
3345.0000,100.0000,-0.9565,52.9965,4.7906,0.4444
3345.1000,100.0000,-0.9640,52.8610,4.7906,0.4445
3345.2000,100.0000,-0.9716,52.7254,4.7906,0.4445
3345.3000,100.0000,-0.9791,52.5899,4.7906,0.4446
3345.4000,100.0000,-0.9866,52.4544,4.7906,0.4446
3345.5000,100.0000,-0.9942,52.3189,4.7906,0.4447
3345.6000,100.0000,-1.0017,52.1834,4.7906,0.4447
3345.7000,100.0000,-1.0092,52.0480,4.7906,0.4448
3345.8000,100.0000,-1.0168,51.9126,4.7906,0.4449
3345.9000,100.0000,-1.0243,51.7773,4.7906,0.4449
3346.0000,100.0000,-1.0318,51.6421,4.7906,0.4450
3346.1000,100.0000,-1.0393,51.5069,4.7906,0.4450
3346.2000,100.0000,-1.0468,51.3718,4.7906,0.4451
3346.3000,100.0000,-1.0543,51.2369,4.7906,0.4451
3346.4000,100.0000,-1.0618,51.1020,4.7906,0.4452
3346.5000,100.0000,-1.0693,50.9673,4.7906,0.4452
3346.6000,100.0000,-1.0768,50.8326,4.7906,0.4453
3346.7000,100.0000,-1.0843,50.6982,4.7906,0.4453
3346.8000,100.0000,-1.0918,50.5639,4.7906,0.4454
3346.9000,100.0000,-1.0992,50.4297,4.7906,0.4455
3347.0000,100.0000,-1.1067,50.2957,4.7906,0.4455
3347.1000,100.0000,-1.1141,50.1619,4.7906,0.4456
3347.2000,100.0000,-1.1215,50.0283,4.7906,0.4456
3347.3000,100.0000,-1.1290,49.8949,4.7906,0.4457
3347.4000,100.0000,-1.1364,49.7617,4.7906,0.4457
3347.5000,100.0000,-1.1438,49.6288,4.7906,0.4458
3347.6000,100.0000,-1.1511,49.4960,4.7906,0.4459
3347.7000,100.0000,-1.1585,49.3636,4.7906,0.4459
3347.8000,100.0000,-1.1658,49.2321,4.7906,0.4460
3347.9000,100.0000,-1.1730,49.1021,4.7906,0.4460
3348.0000,100.0000,-1.1802,48.9734,4.7906,0.4461
3348.1000,100.0000,-1.1873,48.8461,4.7906,0.4462
3348.2000,100.0000,-1.1943,48.7202,4.7906,0.4462
3348.3000,100.0000,-1.2012,48.5957,4.7906,0.4463
3348.4000,100.0000,-1.2080,48.4726,4.7906,0.4464
3348.5000,100.0000,-1.2148,48.3510,4.7906,0.4464
3348.6000,100.0000,-1.2215,48.2308,4.7906,0.4465
3348.7000,100.0000,-1.2281,48.1120,4.7906,0.4465
3348.8000,100.0000,-1.2346,47.9947,4.7906,0.4466
3348.9000,100.0000,-1.2411,47.8789,4.7906,0.4467
3349.0000,100.0000,-1.2474,47.7645,4.7906,0.4467
3349.1000,100.0000,-1.2537,47.6516,4.7906,0.4468
3349.2000,100.0000,-1.2599,47.5402,4.7906,0.4469
3349.3000,100.0000,-1.2660,47.4303,4.7906,0.4469
3349.4000,100.0000,-1.2720,47.3219,4.7906,0.4470
3349.5000,100.0000,-1.2780,47.2150,4.7906,0.4471
3349.6000,100.0000,-1.2838,47.1097,4.7906,0.4471
3349.7000,100.0000,-1.2896,47.0058,4.7906,0.4472
3349.8000,100.0000,-1.2953,46.9035,4.7906,0.4473
3349.9000,100.0000,-1.3009,46.8028,4.7906,0.4473
3350.0000,100.0000,-1.3064,46.7036,4.7906,0.4474
3350.1000,100.0000,-1.3118,46.6060,4.7906,0.4475
3350.2000,100.0000,-1.3172,46.5099,4.7906,0.4475
3350.3000,100.0000,-1.3224,46.4154,4.7906,0.4476
3350.4000,100.0000,-1.3276,46.3225,4.7906,0.4477
3350.5000,100.0000,-1.3327,46.2312,4.7906,0.4477
3350.6000,100.0000,-1.3377,46.1414,4.7906,0.4478
3350.7000,100.0000,-1.3426,46.0533,4.7906,0.4479
3350.8000,100.0000,-1.3474,45.9668,4.7906,0.4479
3350.9000,100.0000,-1.3521,45.8819,4.7906,0.4480
3351.0000,100.0000,-1.3567,45.7986,4.7906,0.4481
3351.1000,100.0000,-1.3613,45.7170,4.7906,0.4481
3351.2000,100.0000,-1.3657,45.6370,4.7906,0.4482
3351.3000,100.0000,-1.3701,45.5586,4.7906,0.4483
3351.4000,100.0000,-1.3744,45.4819,4.7906,0.4483
3351.5000,100.0000,-1.3785,45.4068,4.7906,0.4484
3351.6000,100.0000,-1.3826,45.3334,4.7906,0.4485
3351.7000,100.0000,-1.3866,45.2617,4.7906,0.4486
3351.8000,100.0000,-1.3905,45.1916,4.7906,0.4486
3351.9000,100.0000,-1.3943,45.1232,4.7906,0.4487
3352.0000,100.0000,-1.3980,45.0565,4.7906,0.4488
3352.1000,100.0000,-1.4016,44.9914,4.7906,0.4488
3352.2000,100.0000,-1.4052,44.9281,4.7906,0.4489
3352.3000,100.0000,-1.4086,44.8664,4.7906,0.4490
3352.4000,100.0000,-1.4119,44.8065,4.7906,0.4490
3352.5000,100.0000,-1.4152,44.7482,4.7906,0.4491
3352.6000,100.0000,-1.4183,44.6917,4.7906,0.4492
3352.7000,100.0000,-1.4213,44.6368,4.7906,0.4493
3352.8000,100.0000,-1.4243,44.5837,4.7906,0.4493
3352.9000,100.0000,-1.4272,44.5323,4.7906,0.4494
3353.0000,100.0000,-1.4299,44.4826,4.7906,0.4495
3353.1000,100.0000,-1.4326,44.4347,4.7906,0.4496
3353.2000,100.0000,-1.4352,44.3885,4.7906,0.4496
3353.3000,100.0000,-1.4376,44.3440,4.7906,0.4497
3353.4000,100.0000,-1.4400,44.3012,4.7906,0.4498
3353.5000,100.0000,-1.4423,44.2602,4.7906,0.4498
3353.6000,100.0000,-1.4445,44.2209,4.7906,0.4499
3353.7000,100.0000,-1.4466,44.1834,4.7906,0.4500
3353.8000,100.0000,-1.4486,44.1476,4.7906,0.4501
3353.9000,100.0000,-1.4504,44.1136,4.7906,0.4501
3354.0000,100.0000,-1.4522,44.0813,4.7906,0.4502
3354.1000,100.0000,-1.4539,44.0508,4.7906,0.4503
3354.2000,100.0000,-1.4555,44.0220,4.7906,0.4504
3354.3000,100.0000,-1.4570,43.9950,4.7906,0.4504
3354.4000,100.0000,-1.4584,43.9697,4.7906,0.4505
3354.5000,100.0000,-1.4598,43.9462,4.7906,0.4506
3354.6000,100.0000,-1.4610,43.9245,4.7906,0.4506
3354.7000,100.0000,-1.4621,43.9045,4.7906,0.4507
3354.8000,100.0000,-1.4631,43.8863,4.7906,0.4508
3354.9000,100.0000,-1.4640,43.8699,4.7906,0.4509
3355.0000,100.0000,-1.4648,43.8552,4.7906,0.4509
3355.1000,100.0000,-1.4655,43.8423,4.7906,0.4510
3355.2000,100.0000,-1.4662,43.8311,4.7906,0.4511
3355.3000,100.0000,-1.4667,43.8217,4.7906,0.4512
3355.4000,100.0000,-1.4671,43.8141,4.7906,0.4512
3355.5000,100.0000,-1.4674,43.8083,4.7906,0.4513
3355.6000,100.0000,-1.4677,43.8042,4.7906,0.4514
3355.7000,100.0000,-1.4678,43.8019,4.7906,0.4515
3355.8000,100.0000,-1.4678,43.8013,4.7906,0.4515
3355.9000,100.0000,-1.4677,43.8026,4.7906,0.4516
3356.0000,100.0000,-1.4676,43.8055,4.7906,0.4517
3356.1000,100.0000,-1.4673,43.8103,4.7906,0.4518
3356.2000,100.0000,-1.4670,43.8168,4.7906,0.4518
3356.3000,100.0000,-1.4665,43.8251,4.7906,0.4519
3356.4000,100.0000,-1.4659,43.8351,4.7906,0.4520
3356.5000,100.0000,-1.4653,43.8469,4.7906,0.4521
3356.6000,100.0000,-1.4645,43.8604,4.7906,0.4521
3356.7000,100.0000,-1.4637,43.8757,4.7906,0.4522
3356.8000,100.0000,-1.4627,43.8927,4.7906,0.4523
3356.9000,100.0000,-1.4617,43.9115,4.7906,0.4523
3357.0000,100.0000,-1.4605,43.9321,4.7906,0.4524
3357.1000,100.0000,-1.4593,43.9544,4.7906,0.4525
3357.2000,100.0000,-1.4580,43.9784,4.7906,0.4526
3357.3000,100.0000,-1.4565,44.0042,4.7906,0.4526
3357.4000,100.0000,-1.4550,44.0317,4.7906,0.4527
3357.5000,100.0000,-1.4534,44.0609,4.7906,0.4528
3357.6000,100.0000,-1.4517,44.0919,4.7906,0.4529
3357.7000,100.0000,-1.4498,44.1246,4.7906,0.4529
3357.8000,100.0000,-1.4479,44.1590,4.7906,0.4530
3357.9000,100.0000,-1.4459,44.1951,4.7906,0.4531
3358.0000,100.0000,-1.4438,44.2330,4.7906,0.4532
3358.1000,100.0000,-1.4416,44.2725,4.7906,0.4532
3358.2000,100.0000,-1.4393,44.3138,4.7906,0.4533
3358.3000,100.0000,-1.4369,44.3568,4.7906,0.4534
3358.4000,100.0000,-1.4344,44.4015,4.7906,0.4534
3358.5000,100.0000,-1.4319,44.4478,4.7906,0.4535
3358.6000,100.0000,-1.4292,44.4959,4.7906,0.4536
3358.7000,100.0000,-1.4264,44.5456,4.7906,0.4537
3358.8000,100.0000,-1.4236,44.5970,4.7906,0.4537
3358.9000,100.0000,-1.4206,44.6501,4.7906,0.4538
3359.0000,100.0000,-1.4176,44.7049,4.7906,0.4539
3359.1000,100.0000,-1.4144,44.7613,4.7906,0.4539
3359.2000,100.0000,-1.4112,44.8194,4.7906,0.4540
3359.3000,100.0000,-1.4079,44.8791,4.7906,0.4541
3359.4000,100.0000,-1.4045,44.9405,4.7906,0.4542
3359.5000,100.0000,-1.4010,45.0035,4.7906,0.4542
3359.6000,100.0000,-1.3974,45.0681,4.7906,0.4543
3359.7000,100.0000,-1.3937,45.1344,4.7906,0.4544
3359.8000,100.0000,-1.3899,45.2023,4.7906,0.4544
3359.9000,100.0000,-1.3860,45.2718,4.7906,0.4545
3360.0000,100.0000,-1.3821,45.3429,4.7906,0.4546
3360.1000,100.0000,-1.3780,45.4156,4.7906,0.4547
3360.2000,100.0000,-1.3739,45.4899,4.7906,0.4547
3360.3000,100.0000,-1.3697,45.5658,4.7906,0.4548
3360.4000,100.0000,-1.3654,45.6432,4.7906,0.4549
3360.5000,100.0000,-1.3610,45.7223,4.7906,0.4549
3360.6000,100.0000,-1.3565,45.8028,4.7906,0.4550
3360.7000,100.0000,-1.3519,45.8850,4.7906,0.4551
3360.8000,100.0000,-1.3473,45.9687,4.7906,0.4551
3360.9000,100.0000,-1.3425,46.0539,4.7906,0.4552
3361.0000,100.0000,-1.3377,46.1406,4.7906,0.4553
3361.1000,100.0000,-1.3328,46.2289,4.7906,0.4553
3361.2000,100.0000,-1.3278,46.3187,4.7906,0.4554
3361.3000,100.0000,-1.3227,46.4100,4.7906,0.4555
3361.4000,100.0000,-1.3176,46.5027,4.7906,0.4555
3361.5000,100.0000,-1.3123,46.5970,4.7906,0.4556
3361.6000,100.0000,-1.3070,46.6927,4.7906,0.4557
3361.7000,100.0000,-1.3016,46.7899,4.7906,0.4557
3361.8000,100.0000,-1.2961,46.8886,4.7906,0.4558
3361.9000,100.0000,-1.2906,46.9887,4.7906,0.4559
3362.0000,100.0000,-1.2849,47.0902,4.7906,0.4559
3362.1000,100.0000,-1.2792,47.1932,4.7906,0.4560
3362.2000,100.0000,-1.2734,47.2976,4.7906,0.4561
3362.3000,100.0000,-1.2675,47.4034,4.7906,0.4561
3362.4000,100.0000,-1.2615,47.5106,4.7906,0.4562
3362.5000,100.0000,-1.2555,47.6192,4.7906,0.4563
3362.6000,100.0000,-1.2494,47.7291,4.7906,0.4563
3362.7000,100.0000,-1.2432,47.8404,4.7906,0.4564
3362.8000,100.0000,-1.2369,47.9531,4.7906,0.4565
3362.9000,100.0000,-1.2306,48.0671,4.7906,0.4565
3363.0000,100.0000,-1.2242,48.1825,4.7906,0.4566
3363.1000,100.0000,-1.2177,48.2992,4.7906,0.4566
3363.2000,100.0000,-1.2111,48.4172,4.7906,0.4567
3363.3000,100.0000,-1.2045,48.5365,4.7906,0.4568
3363.4000,100.0000,-1.1978,48.6570,4.7906,0.4568
3363.5000,100.0000,-1.1910,48.7789,4.7906,0.4569
3363.6000,100.0000,-1.1842,48.9020,4.7906,0.4569
3363.7000,100.0000,-1.1772,49.0264,4.7906,0.4570
3363.8000,100.0000,-1.1703,49.1520,4.7906,0.4571
3363.9000,100.0000,-1.1632,49.2788,4.7906,0.4571
3364.0000,100.0000,-1.1561,49.4069,4.7906,0.4572
3364.1000,100.0000,-1.1489,49.5362,4.7906,0.4572
3364.2000,100.0000,-1.1416,49.6666,4.7906,0.4573
3364.3000,100.0000,-1.1343,49.7983,4.7906,0.4574
3364.4000,100.0000,-1.1269,49.9311,4.7906,0.4574
3364.5000,100.0000,-1.1195,50.0650,4.7906,0.4575
3364.6000,100.0000,-1.1120,50.2001,4.7906,0.4575
3364.7000,100.0000,-1.1044,50.3363,4.7906,0.4576
3364.8000,100.0000,-1.0968,50.4737,4.7906,0.4577
3364.9000,100.0000,-1.0891,50.6121,4.7906,0.4577
3365.0000,100.0000,-1.0813,50.7517,4.7906,0.4578
3365.1000,100.0000,-1.0735,50.8923,4.7906,0.4578
3365.2000,100.0000,-1.0656,51.0340,4.7906,0.4579
3365.3000,100.0000,-1.0577,51.1767,4.7906,0.4579
3365.4000,100.0000,-1.0497,51.3205,4.7906,0.4580
3365.5000,100.0000,-1.0416,51.4652,4.7906,0.4580
3365.6000,100.0000,-1.0335,51.6110,4.7906,0.4581
3365.7000,100.0000,-1.0254,51.7578,4.7906,0.4581
3365.8000,100.0000,-1.0171,51.9056,4.7906,0.4582
3365.9000,100.0000,-1.0089,52.0543,4.7906,0.4583
3366.0000,100.0000,-1.0006,52.2040,4.7906,0.4583
3366.1000,100.0000,-0.9922,52.3547,4.7906,0.4584
3366.2000,100.0000,-0.9837,52.5062,4.7906,0.4584
3366.3000,100.0000,-0.9753,52.6587,4.7906,0.4585
3366.4000,100.0000,-0.9667,52.8120,4.7906,0.4585
3366.5000,100.0000,-0.9582,52.9663,4.7906,0.4586
3366.6000,100.0000,-0.9495,53.1214,4.7906,0.4586
3366.7000,100.0000,-0.9409,53.2773,4.7906,0.4587
3366.8000,100.0000,-0.9322,53.4341,4.7906,0.4587
3366.9000,100.0000,-0.9234,53.5917,4.7906,0.4588
3367.0000,100.0000,-0.9146,53.7501,4.7906,0.4588
3367.1000,100.0000,-0.9057,53.9093,4.7906,0.4589
3367.2000,100.0000,-0.8968,54.0693,4.7906,0.4589
3367.3000,100.0000,-0.8879,54.2301,4.7906,0.4590
3367.4000,100.0000,-0.8789,54.3915,4.7906,0.4590
3367.5000,100.0000,-0.8699,54.5538,4.7906,0.4590
3367.6000,100.0000,-0.8608,54.7167,4.7906,0.4591
3367.7000,100.0000,-0.8517,54.8803,4.7906,0.4591
3367.8000,100.0000,-0.8426,55.0447,4.7906,0.4592
3367.9000,100.0000,-0.8334,55.2097,4.7906,0.4592
3368.0000,100.0000,-0.8242,55.3753,4.7906,0.4593
3368.1000,100.0000,-0.8150,55.5416,4.7906,0.4593
3368.2000,100.0000,-0.8057,55.7085,4.7906,0.4594
3368.3000,100.0000,-0.7964,55.8760,4.7906,0.4594
3368.4000,100.0000,-0.7870,56.0441,4.7906,0.4594
3368.5000,100.0000,-0.7776,56.2128,4.7906,0.4595
3368.6000,100.0000,-0.7682,56.3820,4.7906,0.4595
3368.7000,100.0000,-0.7588,56.5518,4.7906,0.4596
3368.8000,100.0000,-0.7493,56.7221,4.7906,0.4596
3368.9000,100.0000,-0.7398,56.8929,4.7906,0.4597
3369.0000,100.0000,-0.7303,57.0642,4.7906,0.4597
3369.1000,100.0000,-0.7208,57.2360,4.7906,0.4597
3369.2000,100.0000,-0.7112,57.4083,4.7906,0.4598
3369.3000,100.0000,-0.7016,57.5810,4.7906,0.4598
3369.4000,100.0000,-0.6919,57.7541,4.7906,0.4599
3369.5000,100.0000,-0.6823,57.9277,4.7906,0.4599
3369.6000,100.0000,-0.6726,58.1016,4.7906,0.4599
3369.7000,100.0000,-0.6629,58.2759,4.7906,0.4600
3369.8000,100.0000,-0.6532,58.4506,4.7906,0.4600
3369.9000,100.0000,-0.6435,58.6257,4.7906,0.4600
3370.0000,100.0000,-0.6337,58.8010,4.7906,0.4601
3370.1000,100.0000,-0.6240,58.9767,4.7906,0.4601
3370.2000,100.0000,-0.6142,59.1527,4.7906,0.4601
3370.3000,100.0000,-0.6044,59.3290,4.7906,0.4602
3370.4000,100.0000,-0.5946,59.5055,4.7906,0.4602
3370.5000,100.0000,-0.5847,59.6823,4.7906,0.4602
3370.6000,100.0000,-0.5749,59.8593,4.7906,0.4603
3370.7000,100.0000,-0.5650,60.0365,4.7906,0.4603
3370.8000,100.0000,-0.5552,60.2140,4.7906,0.4603
3370.9000,100.0000,-0.5453,60.3916,4.7906,0.4604
3371.0000,100.0000,-0.5354,60.5694,4.7906,0.4604
3371.1000,100.0000,-0.5255,60.7473,4.7906,0.4604
3371.2000,100.0000,-0.5156,60.9254,4.7906,0.4605
3371.3000,100.0000,-0.5057,61.1036,4.7906,0.4605
3371.4000,100.0000,-0.4958,61.2819,4.7906,0.4605
3371.5000,100.0000,-0.4859,61.4602,4.7906,0.4606
3371.6000,100.0000,-0.4760,61.6387,4.7906,0.4606
3371.7000,100.0000,-0.4660,61.8172,4.7906,0.4606
3371.8000,100.0000,-0.4561,61.9957,4.7906,0.4606
3371.9000,100.0000,-0.4462,62.1743,4.7906,0.4607
3372.0000,100.0000,-0.4363,62.3528,4.7906,0.4607
3372.1000,100.0000,-0.4263,62.5313,4.7906,0.4607
3372.2000,100.0000,-0.4164,62.7098,4.7906,0.4607
3372.3000,100.0000,-0.4065,62.8883,4.7906,0.4608
3372.4000,100.0000,-0.3966,63.0667,4.7906,0.4608
3372.5000,100.0000,-0.3866,63.2450,4.7906,0.4608
3372.6000,100.0000,-0.3767,63.4232,4.7906,0.4608
3372.7000,100.0000,-0.3668,63.6013,4.7906,0.4609
3372.8000,100.0000,-0.3569,63.7793,4.7906,0.4609
3372.9000,100.0000,-0.3470,63.9571,4.7906,0.4609
3373.0000,100.0000,-0.3372,64.1348,4.7906,0.4609
3373.1000,100.0000,-0.3273,64.3122,4.7906,0.4609
3373.2000,100.0000,-0.3174,64.4895,4.7906,0.4610
3373.3000,100.0000,-0.3076,64.6666,4.7906,0.4610
3373.4000,100.0000,-0.2978,64.8434,4.7906,0.4610
3373.5000,100.0000,-0.2879,65.0200,4.7906,0.4610
3373.6000,100.0000,-0.2781,65.1964,4.7906,0.4610
3373.7000,100.0000,-0.2684,65.3724,4.7906,0.4611
3373.8000,100.0000,-0.2586,65.5482,4.7906,0.4611
3373.9000,100.0000,-0.2488,65.7237,4.7906,0.4611
3374.0000,100.0000,-0.2391,65.8988,4.7906,0.4611
3374.1000,100.0000,-0.2294,66.0736,4.7906,0.4611
3374.2000,100.0000,-0.2197,66.2480,4.7906,0.4612
3374.3000,100.0000,-0.2100,66.4221,4.7906,0.4612
3374.4000,100.0000,-0.2003,66.5958,4.7906,0.4612
3374.5000,100.0000,-0.1907,66.7690,4.7906,0.4612
3374.6000,100.0000,-0.1811,66.9419,4.7906,0.4612
3374.7000,100.0000,-0.1715,67.1143,4.7906,0.4612
3374.8000,100.0000,-0.1619,67.2863,4.7906,0.4612
3374.9000,100.0000,-0.1524,67.4578,4.7906,0.4613
3375.0000,100.0000,-0.1429,67.6288,4.7906,0.4613
3375.1000,100.0000,-0.1334,67.7993,4.7906,0.4613
3375.2000,100.0000,-0.1240,67.9693,4.7906,0.4613
3375.3000,100.0000,-0.1145,68.1388,4.7906,0.4613
3375.4000,100.0000,-0.1051,68.3077,4.7906,0.4613
3375.5000,100.0000,-0.0958,68.4761,4.7906,0.4613
3375.6000,100.0000,-0.0865,68.6439,4.7906,0.4613
3375.7000,100.0000,-0.0772,68.8111,4.7906,0.4613
3375.8000,100.0000,-0.0679,68.9777,4.7906,0.4614
3375.9000,100.0000,-0.0587,69.1437,4.7906,0.4614
3376.0000,100.0000,-0.0495,69.3091,4.7906,0.4614
3376.1000,100.0000,-0.0403,69.4738,4.7906,0.4614
3376.2000,100.0000,-0.0312,69.6378,4.7906,0.4614
3376.3000,100.0000,-0.0221,69.8012,4.7906,0.4614
3376.4000,100.0000,-0.0131,69.9638,4.7906,0.4614
3376.5000,100.0000,-0.0041,70.1258,4.7906,0.4614
3376.6000,100.0000,0.0049,70.2870,4.7906,0.4614
3376.7000,100.0000,0.0138,70.4476,4.7906,0.4614
3376.8000,100.0000,0.0227,70.6073,4.7906,0.4614
3376.9000,100.0000,0.0316,70.7663,4.7906,0.4614
3377.0000,100.0000,0.0403,70.9245,4.7906,0.4614
3377.1000,100.0000,0.0491,71.0819,4.7906,0.4614
3377.2000,100.0000,0.0578,71.2386,4.7906,0.4614
3377.3000,100.0000,0.0665,71.3944,4.7906,0.4615
3377.4000,100.0000,0.0751,71.5493,4.7906,0.4615
3377.5000,100.0000,0.0837,71.7034,4.7906,0.4615
3377.6000,100.0000,0.0922,71.8567,4.7906,0.4615
3377.7000,100.0000,0.1007,72.0091,4.7906,0.4615
3377.8000,100.0000,0.1091,72.1606,4.7906,0.4615
3377.9000,100.0000,0.1175,72.3112,4.7906,0.4615
3378.0000,100.0000,0.1258,72.4609,4.7906,0.4615
3378.1000,100.0000,0.1340,72.6096,4.7906,0.4615
3378.2000,100.0000,0.1423,72.7575,4.7906,0.4615
3378.3000,100.0000,0.1504,72.9043,4.7906,0.4615
3378.4000,100.0000,0.1585,73.0502,4.7906,0.4615
3378.5000,100.0000,0.1666,67.4752,4.7906,0.4615
3378.6000,99.9784,0.1746,56.1436,4.7906,0.4615
3378.7000,99.9352,0.1826,44.7830,4.7906,0.4616
3378.8000,99.8704,0.1904,33.4005,4.7906,0.4617
3378.9000,99.7840,0.1983,22.0037,4.7906,0.4618
3379.0000,99.6760,0.2060,16.3015,4.7906,0.4620
3379.1000,99.5680,0.2137,16.3058,4.7906,0.4621
3379.2000,99.4600,0.2213,16.3090,4.7906,0.4623
3379.3000,99.3520,0.2289,16.3111,4.7906,0.4624
3379.4000,99.2440,0.2364,16.3121,4.7906,0.4625
3379.5000,99.1360,0.2438,16.3119,4.7906,0.4627
3379.6000,99.0280,0.2511,16.3106,4.7906,0.4628
3379.7000,98.9200,0.2584,16.3081,4.7906,0.4630
3379.8000,98.8120,0.2656,16.3045,4.7906,0.4631
3379.9000,98.7040,0.2728,16.2998,4.7906,0.4633
3380.0000,98.5960,0.2799,16.2939,4.7906,0.4634
3380.1000,98.4880,0.2869,16.2869,4.7906,0.4635
3380.2000,98.3800,0.2938,16.2787,4.7906,0.4637
3380.3000,98.2720,0.3007,16.2694,4.7906,0.4638
3380.4000,98.1640,0.3074,16.2589,4.7906,0.4640
3380.5000,98.0560,0.3142,16.2473,4.7906,0.4641
3380.6000,97.9480,0.3208,16.2345,4.7906,0.4643
3380.7000,97.8400,0.3274,16.2205,4.7906,0.4644
3380.8000,97.7320,0.3339,16.2054,4.7906,0.4646
3380.9000,97.6240,0.3403,16.1891,4.7906,0.4647
3381.0000,97.5160,0.3467,16.1716,4.7906,0.4648
3381.1000,97.4080,0.3530,16.1530,4.7906,0.4650
3381.2000,97.3000,0.3592,16.1332,4.7906,0.4651
3381.3000,97.1920,0.3653,16.1123,4.7906,0.4653
3381.4000,97.0840,0.3714,16.0902,4.7906,0.4654
3381.5000,96.9760,0.3773,16.0669,4.7906,0.4656
3381.6000,96.8680,0.3833,16.0425,4.7906,0.4657
3381.7000,96.7600,0.3891,16.0168,4.7906,0.4659
3381.8000,96.6520,0.3949,15.9901,4.7906,0.4660
3381.9000,96.5440,0.4005,15.9621,4.7906,0.4662
3382.0000,96.4360,0.4062,15.9330,4.7906,0.4663
3382.1000,96.3280,0.4117,15.9028,4.7906,0.4664
3382.2000,96.2200,0.4171,15.8714,4.7906,0.4666
3382.3000,96.1120,0.4225,15.8388,4.7906,0.4667
3382.4000,96.0040,0.4278,15.8050,4.7906,0.4669
3382.5000,95.8960,0.4331,15.7701,4.7906,0.4670
3382.6000,95.7880,0.4382,15.7477,4.7906,0.4672
3382.7000,95.6801,0.4433,16.3591,4.7906,0.4673
3382.8000,95.5746,0.4483,17.5356,4.7906,0.4675
3382.9000,95.4715,0.4532,18.7995,4.7906,0.4676
3383.0000,95.3712,0.4581,20.0704,4.7906,0.4677
3383.1000,95.2732,0.4629,21.3775,4.7906,0.4679
3383.2000,95.1782,0.4676,22.6160,4.7906,0.4680
3383.3000,95.0853,0.4722,24.0313,4.7906,0.4681
3383.4000,94.9960,0.4767,25.6353,4.7906,0.4682
3383.5000,94.9096,0.4812,27.3965,4.7906,0.4683
3383.6000,94.8275,0.4856,29.8109,4.7906,0.4685
3383.7000,94.7508,0.4899,31.9661,4.7906,0.4686
3383.8000,94.6774,0.4942,33.2470,4.7906,0.4687
3383.9000,94.6059,0.4983,34.4946,4.7906,0.4688
3384.0000,94.5376,0.5024,36.3718,4.7906,0.4689
3384.1000,94.4736,0.5064,38.1537,4.7906,0.4689
3384.2000,94.4125,0.5104,39.7243,4.7906,0.4690
3384.3000,94.3549,0.5142,41.8448,4.7906,0.4691
3384.4000,94.3023,0.5180,43.5526,4.7906,0.4692
3384.5000,94.2517,0.5218,44.0479,4.7906,0.4693
3384.6000,94.2011,0.5254,44.4312,4.7906,0.4693
3384.7000,94.1520,0.5290,45.0879,4.7906,0.4694
3384.8000,94.1041,0.5324,45.4495,4.7906,0.4695
3384.9000,94.0564,0.5359,46.2970,4.7906,0.4695
3385.0000,94.0120,0.5392,48.1695,4.7906,0.4696
3385.1000,93.9719,0.5425,50.4470,4.7906,0.4697
3385.2000,93.9366,0.5457,52.7956,4.7906,0.4697
3385.3000,93.9060,0.5488,55.3120,4.7906,0.4697
3385.4000,93.8808,0.5518,58.1926,4.7906,0.4698
3385.5000,93.8617,0.5548,60.6467,4.7906,0.4698
3385.6000,93.8463,0.5577,61.8452,4.7906,0.4698
3385.7000,93.8319,0.5605,62.2319,4.7906,0.4699
3385.8000,93.8180,0.5632,62.0060,4.7906,0.4699
3385.9000,93.8026,0.5659,61.3013,4.7906,0.4699
3386.0000,93.7858,0.5685,60.9053,4.7906,0.4700
3386.1000,93.7687,0.5710,60.7465,4.7906,0.4700
3386.2000,93.7512,0.5734,60.5621,4.7906,0.4700
3386.3000,93.7333,0.5758,60.7142,4.7906,0.4701
3386.4000,93.7163,0.5781,60.5769,4.7906,0.4701
3386.5000,93.6979,0.5803,59.4905,4.7906,0.4701
3386.6000,93.6765,0.5824,58.3362,4.7906,0.4702
3386.7000,93.6534,0.5845,57.6997,4.7906,0.4702
3386.8000,93.6294,0.5865,56.7654,4.7906,0.4702
3386.9000,93.6026,0.5884,55.5844,4.7906,0.4703
3387.0000,93.5739,0.5902,55.4649,4.7906,0.4703
3387.1000,93.5466,0.5920,56.3530,4.7906,0.4704
3387.2000,93.5215,0.5937,57.2737,4.7906,0.4704
3387.3000,93.4980,0.5953,58.6466,4.7906,0.4704
3387.4000,93.4786,0.5968,60.7751,4.7906,0.4705
3387.5000,93.4637,0.5983,62.4830,4.7906,0.4705
3387.6000,93.4511,0.5997,63.0970,4.7906,0.4705
3387.7000,93.4387,0.6010,63.9894,4.7906,0.4705
3387.8000,93.4297,0.6022,64.7409,4.7906,0.4706
3387.9000,93.4203,0.6034,64.3291,4.7906,0.4706
3388.0000,93.4096,0.6045,63.5562,4.7906,0.4706
3388.1000,93.3971,0.6055,62.8892,4.7906,0.4706
3388.2000,93.3837,0.6065,61.6193,4.7906,0.4707
3388.3000,93.3660,0.6073,59.6965,4.7906,0.4707
3388.4000,93.3450,0.6081,58.1721,4.7906,0.4707
3388.5000,93.3212,0.6088,57.3210,4.7906,0.4708
3388.6000,93.2968,0.6095,56.9110,4.7906,0.4708
3388.7000,93.2715,0.6100,56.7888,4.7906,0.4708
3388.8000,93.2468,0.6105,57.7312,4.7906,0.4709
3388.9000,93.2254,0.6110,59.3028,4.7906,0.4709
3389.0000,93.2071,0.6113,60.3622,4.7906,0.4710
3389.1000,93.1901,0.6116,60.4136,4.7906,0.4710
3389.2000,93.1721,0.6118,59.6300,4.7906,0.4710
3389.3000,93.1521,0.6120,58.3450,4.7906,0.4711
3389.4000,93.1290,0.6122,56.6976,4.7906,0.4711
3389.5000,93.1024,0.6124,55.2577,4.7906,0.4711
3389.6000,93.0736,0.6125,54.9052,4.7906,0.4712
3389.7000,93.0457,0.6127,55.6934,4.7906,0.4712
3389.8000,93.0203,0.6128,56.8048,4.7906,0.4713
3389.9000,92.9971,0.6129,57.9517,4.7906,0.4713
3390.0000,92.9765,0.6130,59.0749,4.7906,0.4713
3390.1000,92.9580,0.6130,59.8286,4.7906,0.4714
3390.2000,92.9405,0.6131,60.3120,4.7906,0.4714
3390.3000,92.9241,0.6131,60.5638,4.7906,0.4714
3390.4000,92.9077,0.6131,60.5723,4.7906,0.4715
3390.5000,92.8914,0.6131,60.5426,4.7906,0.4715
3390.6000,92.8751,0.6131,61.0505,4.7906,0.4715
3390.7000,92.8610,0.6130,61.9450,4.7906,0.4716
3390.8000,92.8484,0.6130,63.1965,4.7906,0.4716
3390.9000,92.8394,0.6129,64.5821,4.7906,0.4716
3391.0000,92.8325,0.6128,65.4808,4.7906,0.4716
3391.1000,92.8273,0.6127,65.8123,4.7906,0.4716
3391.2000,92.8217,0.6126,66.3891,4.7906,0.4717
3391.3000,92.8189,0.6124,67.6093,4.7906,0.4717
3391.4000,92.8184,0.6123,69.0583,4.7906,0.4717
3391.5000,92.8214,0.6121,70.6456,4.7906,0.4717
3391.6000,92.8273,0.6119,72.4459,4.7906,0.4717
3391.7000,92.8377,0.6117,74.4424,4.7906,0.4717
3391.8000,92.8517,0.6115,75.7339,4.7906,0.4717
3391.9000,92.8672,0.6113,76.6200,4.7906,0.4717
3392.0000,92.8847,0.6110,77.6685,4.7906,0.4716
3392.1000,92.9044,0.6108,78.2146,4.7906,0.4716
3392.2000,92.9240,0.6105,77.1256,4.7906,0.4716
3392.3000,92.9391,0.6102,75.6262,4.7906,0.4716
3392.4000,92.9525,0.6099,75.3178,4.7906,0.4716
3392.5000,92.9663,0.6096,75.3285,4.7906,0.4716
3392.6000,92.9797,0.6092,75.5510,4.7906,0.4716
3392.7000,92.9943,0.6089,76.4721,4.7906,0.4716
3392.8000,93.0114,0.6085,77.7715,4.7906,0.4716
3392.9000,93.0312,0.6082,78.1840,4.7906,0.4715
3393.0000,93.0498,0.6078,78.5445,4.7906,0.4715
3393.1000,93.0709,0.6074,79.8630,4.7906,0.4715
3393.2000,93.0947,0.6070,80.8463,4.7906,0.4715
3393.3000,93.1198,0.6066,80.8049,4.7906,0.4715
3393.4000,93.1432,0.6062,80.2127,4.7906,0.4714
3393.5000,93.1657,0.6057,79.0304,4.7906,0.4714
3393.6000,93.1843,0.6053,77.3823,4.7906,0.4714
3393.7000,93.2000,0.6048,76.5232,4.7906,0.4714
3393.8000,93.2150,0.6044,76.6628,4.7906,0.4714
3393.9000,93.2311,0.6039,77.7797,4.7906,0.4714
3394.0000,93.2506,0.6034,79.3295,4.7906,0.4714
3394.1000,93.2729,0.6029,80.5683,4.7906,0.4713
3394.2000,93.2973,0.6024,81.6655,4.7906,0.4713
3394.3000,93.3239,0.6019,82.5468,4.7906,0.4713
3394.4000,93.3516,0.6014,82.7605,4.7906,0.4713
3394.5000,93.3790,0.6009,82.6243,4.7906,0.4712
3394.6000,93.4060,0.6003,82.0718,4.7906,0.4712
3394.7000,93.4309,0.5998,80.8420,4.7906,0.4712
3394.8000,93.4528,0.5992,79.2222,4.7906,0.4712
3394.9000,93.4711,0.5987,77.2312,4.7906,0.4711
3395.0000,93.4849,0.5981,75.0212,4.7906,0.4711
3395.1000,93.4941,0.5975,73.5498,4.7906,0.4711
3395.2000,93.5019,0.5970,72.7514,4.7906,0.4711
3395.3000,93.5080,0.5964,72.1004,4.7906,0.4711
3395.4000,93.5131,0.5958,72.0644,4.7906,0.4711
3395.5000,93.5190,0.5952,72.1796,4.7906,0.4711
3395.6000,93.5247,0.5946,71.4574,4.7906,0.4711
3395.7000,93.5277,0.5940,70.6403,4.7906,0.4712
3395.8000,93.5300,0.5934,70.2126,4.7906,0.4712
3395.9000,93.5313,0.5928,69.8298,4.7906,0.4712
3396.0000,93.5321,0.5922,69.8583,4.7906,0.4712
3396.1000,93.5336,0.5916,70.3417,4.7906,0.4712
3396.2000,93.5364,0.5910,70.6700,4.7906,0.4712
3396.3000,93.5392,0.5904,70.4473,4.7906,0.4712
3396.4000,93.5411,0.5897,69.9289,4.7906,0.4712
3396.5000,93.5418,0.5891,69.0858,4.7906,0.4712
3396.6000,93.5404,0.5885,67.6394,4.7906,0.4712
3396.7000,93.5353,0.5879,66.2822,4.7906,0.4712
3396.8000,93.5285,0.5873,65.4108,4.7906,0.4713
3396.9000,93.5200,0.5866,64.6184,4.7906,0.4713
3397.0000,93.5101,0.5860,64.5344,4.7906,0.4713
3397.1000,93.5013,0.5854,65.2470,4.7906,0.4713
3397.2000,93.4944,0.5848,65.4764,4.7906,0.4713
3397.3000,93.4867,0.5842,65.4422,4.7906,0.4713
3397.4000,93.4797,0.5836,65.3001,4.7906,0.4714
3397.5000,93.4715,0.5829,64.3211,4.7906,0.4714
3397.6000,93.4606,0.5823,62.9927,4.7906,0.4714
3397.7000,93.4472,0.5817,62.4660,4.7906,0.4714
3397.8000,93.4343,0.5811,62.3402,4.7906,0.4715
3397.9000,93.4205,0.5805,61.9168,4.7906,0.4715
3398.0000,93.4060,0.5799,61.6145,4.7906,0.4715
3398.1000,93.3911,0.5793,61.1333,4.7906,0.4716
3398.2000,93.3748,0.5788,59.7700,4.7906,0.4716
3398.3000,93.3546,0.5782,58.3419,4.7906,0.4716
3398.4000,93.3327,0.5776,57.5583,4.7906,0.4717
3398.5000,93.3094,0.5770,56.8580,4.7906,0.4717
3398.6000,93.2849,0.5765,56.9959,4.7906,0.4717
3398.7000,93.2624,0.5759,58.0019,4.7906,0.4718
3398.8000,93.2421,0.5754,58.7607,4.7906,0.4718
3398.9000,93.2228,0.5748,59.1055,4.7906,0.4718
3399.0000,93.2041,0.5743,59.7035,4.7906,0.4719
3399.1000,93.1874,0.5738,60.4470,4.7906,0.4719
3399.2000,93.1719,0.5732,61.3652,4.7906,0.4719
3399.3000,93.1590,0.5727,62.5122,4.7906,0.4720
3399.4000,93.1482,0.5722,64.0355,4.7906,0.4720
3399.5000,93.1416,0.5717,66.1688,4.7906,0.4720
3399.6000,93.1396,0.5713,67.6209,4.7906,0.4720
3399.7000,93.1390,0.5708,68.0397,4.7906,0.4720
3399.8000,93.1386,0.5703,68.2286,4.7906,0.4720
3399.9000,93.1388,0.5699,67.9930,4.7906,0.4721
3400.0000,93.1375,0.5695,67.1051,4.7906,0.4721
3400.1000,93.1341,0.5690,65.9463,4.7906,0.4721
3400.2000,93.1282,0.5686,64.2943,4.7906,0.4721
3400.3000,93.1182,0.5682,62.5605,4.7906,0.4721
3400.4000,93.1054,0.5678,61.5886,4.7906,0.4722
3400.5000,93.0915,0.5675,60.9561,4.7906,0.4722
3400.6000,93.0762,0.5671,60.7605,4.7906,0.4722
3400.7000,93.0617,0.5668,61.8239,4.7906,0.4722
3400.8000,93.0508,0.5664,63.0902,4.7906,0.4723
3400.9000,93.0415,0.5661,63.9061,4.7906,0.4723
3401.0000,93.0341,0.5658,64.5618,4.7906,0.4723
3401.1000,93.0275,0.5655,65.1881,4.7906,0.4723
3401.2000,93.0227,0.5653,65.5920,4.7906,0.4724
3401.3000,93.0178,0.5650,65.8276,4.7906,0.4724
3401.4000,93.0139,0.5648,66.2582,4.7906,0.4724
3401.5000,93.0108,0.5646,66.2551,4.7906,0.4724
3401.6000,93.0070,0.5644,65.7333,4.7906,0.4724
3401.7000,93.0018,0.5642,65.4034,4.7906,0.4724
3401.8000,92.9967,0.5640,65.6578,4.7906,0.4725
3401.9000,92.9926,0.5639,65.9767,4.7906,0.4725
3402.0000,92.9888,0.5637,66.6933,4.7906,0.4725
3402.1000,92.9877,0.5636,68.4185,4.7906,0.4725
3402.2000,92.9909,0.5635,69.9425,4.7906,0.4725
3402.3000,92.9959,0.5634,70.0462,4.7906,0.4725
3402.4000,92.9996,0.5634,69.2079,4.7906,0.4725
3402.5000,93.0012,0.5634,68.0634,4.7906,0.4725
3402.6000,93.0001,0.5634,66.4369,4.7906,0.4726
3402.7000,92.9951,0.5634,65.0407,4.7906,0.4726
3402.8000,92.9885,0.5634,64.9168,4.7906,0.4726
3402.9000,92.9830,0.5635,65.8163,4.7906,0.4726
3403.0000,92.9800,0.5635,66.9714,4.7906,0.4726
3403.1000,92.9793,0.5636,67.6131,4.7906,0.4726
3403.2000,92.9789,0.5638,67.5640,4.7906,0.4726
3403.3000,92.9779,0.5639,67.6630,4.7906,0.4727
3403.4000,92.9780,0.5641,67.5403,4.7906,0.4727
3403.5000,92.9765,0.5643,67.2015,4.7906,0.4727
3403.6000,92.9751,0.5645,67.3170,4.7906,0.4727
3403.7000,92.9741,0.5647,67.0643,4.7906,0.4727
3403.8000,92.9717,0.5650,66.1060,4.7906,0.4727
3403.9000,92.9668,0.5653,64.7164,4.7906,0.4728
3404.0000,92.9588,0.5656,62.5913,4.7906,0.4728
3404.1000,92.9453,0.5660,60.1872,4.7906,0.4728
3404.2000,92.9276,0.5663,58.3630,4.7906,0.4728
3404.3000,92.9068,0.5667,56.2808,4.7906,0.4729
3404.4000,92.8807,0.5672,54.5018,4.7906,0.4729
3404.5000,92.8527,0.5676,53.9562,4.7906,0.4730
3404.6000,92.8246,0.5681,54.1466,4.7906,0.4730
3404.7000,92.7976,0.5686,54.8969,4.7906,0.4731
3404.8000,92.7726,0.5691,56.5413,4.7906,0.4731
3404.9000,92.7524,0.5697,58.6561,4.7906,0.4732
3405.0000,92.7361,0.5703,60.5406,4.7906,0.4732
3405.1000,92.7237,0.5709,62.2665,4.7906,0.4732
3405.2000,92.7145,0.5716,64.0128,4.7906,0.4732
3405.3000,92.7091,0.5723,65.1467,4.7906,0.4733
3405.4000,92.7045,0.5730,65.1142,4.7906,0.4733
3405.5000,92.6990,0.5737,64.2965,4.7906,0.4733
3405.6000,92.6911,0.5745,62.3371,4.7906,0.4733
3405.7000,92.6776,0.5753,59.2381,4.7906,0.4734
3405.8000,92.6571,0.5761,56.5430,4.7906,0.4734
3405.9000,92.6327,0.5770,55.6731,4.7906,0.4734
3406.0000,92.6087,0.5779,56.3547,4.7906,0.4735
3406.1000,92.5872,0.5788,58.2759,4.7906,0.4735
3406.2000,92.5711,0.5798,60.9651,4.7906,0.4735
3406.3000,92.5606,0.5808,63.4180,4.7906,0.4736
3406.4000,92.5545,0.5818,65.0541,4.7906,0.4736
3406.5000,92.5507,0.5829,65.9566,4.7906,0.4736
3406.6000,92.5482,0.5839,66.4364,4.7906,0.4736
3406.7000,92.5463,0.5851,66.4554,4.7906,0.4736
3406.8000,92.5438,0.5862,66.4090,4.7906,0.4737
3406.9000,92.5416,0.5874,66.4114,4.7906,0.4737
3407.0000,92.5392,0.5887,66.3218,4.7906,0.4737
3407.1000,92.5365,0.5899,66.4636,4.7906,0.4737
3407.2000,92.5345,0.5912,67.0303,4.7906,0.4737
3407.3000,92.5341,0.5926,67.5538,4.7906,0.4737
3407.4000,92.5342,0.5939,67.5928,4.7906,0.4737
3407.5000,92.5339,0.5953,67.5348,4.7906,0.4738
3407.6000,92.5336,0.5968,67.5953,4.7906,0.4738
3407.7000,92.5334,0.5982,67.6813,4.7906,0.4738
3407.8000,92.5334,0.5998,68.3230,4.7906,0.4738
3407.9000,92.5357,0.6013,70.3041,4.7906,0.4738
3408.0000,92.5437,0.6029,72.9221,4.7906,0.4738
3408.1000,92.5566,0.6045,74.9832,4.7906,0.4738
3408.2000,92.5727,0.6062,76.1867,4.7906,0.4738
3408.3000,92.5903,0.6079,77.2522,4.7906,0.4738
3408.4000,92.6105,0.6096,77.9973,4.7906,0.4738
3408.5000,92.6308,0.6114,77.7992,4.7906,0.4737
3408.6000,92.6500,0.6132,77.4744,4.7906,0.4737
3408.7000,92.6687,0.6151,77.9559,4.7906,0.4737
3408.8000,92.6897,0.6170,78.1664,4.7906,0.4737
3408.9000,92.7089,0.6189,77.4107,4.7906,0.4737
3409.0000,92.7265,0.6209,76.8149,4.7906,0.4737
3409.1000,92.7431,0.6229,76.6266,4.7906,0.4737
3409.2000,92.7597,0.6249,76.5003,4.7906,0.4737
3409.3000,92.7755,0.6270,76.2848,4.7906,0.4736
3409.4000,92.7909,0.6292,76.2899,4.7906,0.4736
3409.5000,92.8065,0.6313,76.0813,4.7906,0.4736
3409.6000,92.8208,0.6335,75.8103,4.7906,0.4736
3409.7000,92.8350,0.6358,76.5338,4.7906,0.4736
3409.8000,92.8520,0.6381,77.5580,4.7906,0.4736
3409.9000,92.8701,0.6404,77.8682,4.7906,0.4736
3410.0000,92.8881,0.6428,78.4685,4.7906,0.4736
3410.1000,92.9084,0.6452,78.7220,4.7906,0.4735
3410.2000,92.9271,0.6477,77.4862,4.7906,0.4735
3410.3000,92.9420,0.6502,76.0800,4.7906,0.4735
3410.4000,92.9547,0.6527,74.6008,4.7906,0.4735
3410.5000,92.9634,0.6553,72.8424,4.7906,0.4735
3410.6000,92.9687,0.6580,71.5077,4.7906,0.4735
3410.7000,92.9718,0.6606,70.2489,4.7906,0.4735
3410.8000,92.9717,0.6633,69.3182,4.7906,0.4735
3410.9000,92.9708,0.6661,69.3290,4.7906,0.4735
3411.0000,92.9707,0.6689,69.6054,4.7906,0.4735
3411.1000,92.9707,0.6717,70.4247,4.7906,0.4736
3411.2000,92.9737,0.6746,71.8610,4.7906,0.4736
3411.3000,92.9793,0.6776,72.4511,4.7906,0.4736
3411.4000,92.9845,0.6805,72.5609,4.7906,0.4736
3411.5000,92.9903,0.6835,72.6927,4.7906,0.4736
3411.6000,92.9958,0.6866,71.8675,4.7906,0.4736
3411.7000,92.9980,0.6897,70.6135,4.7906,0.4736
3411.8000,92.9981,0.6928,69.6036,4.7906,0.4736
3411.9000,92.9961,0.6960,68.2242,4.7906,0.4736
3412.0000,92.9904,0.6993,66.0783,4.7906,0.4736
3412.1000,92.9794,0.7025,64.2753,4.7906,0.4736
3412.2000,92.9663,0.7059,62.5380,4.7906,0.4736
3412.3000,92.9481,0.7092,60.3108,4.7906,0.4737
3412.4000,92.9258,0.7126,58.4206,4.7906,0.4737
3412.5000,92.8999,0.7161,57.2811,4.7906,0.4738
3412.6000,92.8728,0.7196,55.9327,4.7906,0.4738
3412.7000,92.8414,0.7231,54.2823,4.7906,0.4738
3412.8000,92.8076,0.7267,53.5633,4.7906,0.4739
3412.9000,92.7732,0.7303,53.4624,4.7906,0.4739
3413.0000,92.7389,0.7339,53.9639,4.7906,0.4740
3413.1000,92.7065,0.7376,55.3893,4.7906,0.4740
3413.2000,92.6780,0.7414,56.9655,4.7906,0.4741
3413.3000,92.6519,0.7452,57.7228,4.7906,0.4741
3413.4000,92.6265,0.7490,58.2154,4.7906,0.4741
3413.5000,92.6023,0.7529,58.2681,4.7906,0.4742
3413.6000,92.5769,0.7568,57.3052,4.7906,0.4742
3413.7000,92.5487,0.7608,56.3998,4.7906,0.4743
3413.8000,92.5196,0.7648,56.2883,4.7906,0.4743
3413.9000,92.4908,0.7688,56.8406,4.7906,0.4743
3414.0000,92.4638,0.7729,58.2996,4.7906,0.4744
3414.1000,92.4409,0.7770,60.8164,4.7906,0.4744
3414.2000,92.4241,0.7812,63.3556,4.7906,0.4744
3414.3000,92.4114,0.7854,65.3307,4.7906,0.4745
3414.4000,92.4024,0.7897,66.8344,4.7906,0.4745
3414.5000,92.3956,0.7940,67.8256,4.7906,0.4745
3414.6000,92.3904,0.7983,68.4911,4.7906,0.4745
3414.7000,92.3861,0.8027,69.3534,4.7906,0.4745
3414.8000,92.3842,0.8071,70.5935,4.7906,0.4745
3414.9000,92.3846,0.8116,71.6656,4.7906,0.4745
3415.0000,92.3868,0.8161,72.3963,4.7906,0.4745
3415.1000,92.3899,0.8207,73.0949,4.7906,0.4745
3415.2000,92.3946,0.8253,73.8883,4.7906,0.4745
3415.3000,92.4006,0.8299,74.1685,4.7906,0.4745
3415.4000,92.4061,0.8346,74.0243,4.7906,0.4745
3415.5000,92.4112,0.8394,73.7070,4.7906,0.4745
3415.6000,92.4150,0.8441,73.0158,4.7906,0.4745
3415.7000,92.4169,0.8490,72.0780,4.7906,0.4745
3415.8000,92.4165,0.8538,71.5306,4.7906,0.4745
3415.9000,92.4158,0.8587,71.3747,4.7906,0.4745
3416.0000,92.4145,0.8637,71.3270,4.7906,0.4745
3416.1000,92.4133,0.8687,71.7479,4.7906,0.4745
3416.2000,92.4134,0.8737,72.2144,4.7906,0.4745
3416.3000,92.4138,0.8788,72.0718,4.7906,0.4745
3416.4000,92.4129,0.8839,71.6599,4.7906,0.4745
3416.5000,92.4112,0.8891,70.7254,4.7906,0.4745
3416.6000,92.4062,0.8943,68.4922,4.7906,0.4745
3416.7000,92.3951,0.8995,66.1302,4.7906,0.4745
3416.8000,92.3802,0.9048,64.6825,4.7906,0.4746
3416.9000,92.3629,0.9101,63.4680,4.7906,0.4746
3417.0000,92.3427,0.9155,62.6385,4.7906,0.4746
3417.1000,92.3218,0.9209,62.7539,4.7906,0.4746
3417.2000,92.3019,0.9263,63.3253,4.7906,0.4747
3417.3000,92.2831,0.9318,64.4072,4.7906,0.4747
3417.4000,92.2674,0.9373,66.0098,4.7906,0.4747
3417.5000,92.2549,0.9429,67.0036,4.7906,0.4747
3417.6000,92.2429,0.9485,67.2334,4.7906,0.4747
3417.7000,92.2310,0.9541,67.8726,4.7906,0.4747
3417.8000,92.2214,0.9598,68.6178,4.7906,0.4748
3417.9000,92.2122,0.9655,68.7461,4.7906,0.4748
3418.0000,92.2028,0.9713,69.5603,4.7906,0.4748
3418.1000,92.1966,0.9771,71.2964,4.7906,0.4748
3418.2000,92.1939,0.9829,72.6648,4.7906,0.4748
3418.3000,92.1930,0.9888,73.2570,4.7906,0.4748
3418.4000,92.1924,0.9947,73.8469,4.7906,0.4748
3418.5000,92.1935,1.0007,74.2097,4.7906,0.4748
3418.6000,92.1939,1.0067,73.8259,4.7906,0.4748
3418.7000,92.1930,1.0127,72.5763,4.7906,0.4748
3418.8000,92.1879,1.0188,71.0558,4.7906,0.4748
3418.9000,92.1804,1.0249,70.5146,4.7906,0.4748
3419.0000,92.1727,1.0310,71.2411,4.7906,0.4748
3419.1000,92.1679,1.0372,72.6518,4.7906,0.4748
3419.2000,92.1656,1.0434,74.1978,4.7906,0.4748
3419.3000,92.1666,1.0497,75.4029,4.7906,0.4748
3419.4000,92.1688,1.0559,75.7033,4.7906,0.4748
3419.5000,92.1707,1.0623,75.1744,4.7906,0.4747
3419.6000,92.1703,1.0686,74.4432,4.7906,0.4747
3419.7000,92.1687,1.0750,73.7783,4.7906,0.4747
3419.8000,92.1652,1.0815,73.3687,4.7906,0.4747
3419.9000,92.1615,1.0879,72.9481,4.7906,0.4747
3420.0000,92.1558,1.0944,72.1155,4.7906,0.4747
3420.1000,92.1484,1.1010,71.2268,4.7906,0.4747
3420.2000,92.1386,1.1075,70.9238,4.7906,0.4747
3420.3000,92.1295,1.1141,71.1150,4.7906,0.4747
3420.4000,92.1202,1.1208,71.6167,4.7906,0.4747
3420.5000,92.1128,1.1275,72.5817,4.7906,0.4747
3420.6000,92.1070,1.1342,73.2667,4.7906,0.4747
3420.7000,92.1020,1.1409,72.9723,4.7906,0.4747
3420.8000,92.0946,1.1477,71.9842,4.7906,0.4747
3420.9000,92.0851,1.1545,70.6052,4.7906,0.4748
3421.0000,92.0717,1.1613,69.2385,4.7906,0.4748
3421.1000,92.0562,1.1682,68.4441,4.7906,0.4748
3421.2000,92.0391,1.1751,68.1835,4.7906,0.4748
3421.3000,92.0222,1.1820,68.6853,4.7906,0.4748
3421.4000,92.0069,1.1889,69.7165,4.7906,0.4748
3421.5000,91.9939,1.1959,70.2136,4.7906,0.4748
3421.6000,91.9802,1.2029,70.0806,4.7906,0.4748
3421.7000,91.9662,1.2100,69.9145,4.7906,0.4748
3421.8000,91.9514,1.2170,69.0948,4.7906,0.4748
3421.9000,91.9337,1.2241,67.9842,4.7906,0.4748
3422.0000,91.9140,1.2313,67.2395,4.7906,0.4749
3422.1000,91.8929,1.2384,66.4784,4.7906,0.4749
3422.2000,91.8698,1.2456,66.0191,4.7906,0.4749
3422.3000,91.8464,1.2528,66.2806,4.7906,0.4749
3422.4000,91.8240,1.2600,66.5609,4.7906,0.4749
3422.5000,91.8015,1.2673,66.9204,4.7906,0.4749
3422.6000,91.7802,1.2746,67.8817,4.7906,0.4749
3422.7000,91.7613,1.2819,68.3851,4.7906,0.4750
3422.8000,91.7417,1.2892,68.4674,4.7906,0.4750
3422.9000,91.7228,1.2966,69.0432,4.7906,0.4750
3423.0000,91.7052,1.3040,69.5520,4.7906,0.4750
3423.1000,91.6880,1.3114,69.8285,4.7906,0.4750
3423.2000,91.6712,1.3188,71.0374,4.7906,0.4750
3423.3000,91.6586,1.3263,73.4551,4.7906,0.4750
3423.4000,91.6513,1.3337,75.9435,4.7906,0.4750
3423.5000,91.6484,1.3412,78.3127,4.7906,0.4750
3423.6000,91.6504,1.3487,80.6466,4.7906,0.4749
3423.7000,91.6567,1.3563,82.0979,4.7906,0.4749
3423.8000,91.6641,1.3639,82.1720,4.7906,0.4749
3423.9000,91.6701,1.3714,81.8190,4.7906,0.4749
3424.0000,91.6755,1.3791,81.8936,4.7906,0.4748
3424.1000,91.6812,1.3867,82.4688,4.7906,0.4748
3424.2000,91.6884,1.3944,83.4962,4.7906,0.4748
3424.3000,91.6978,1.4020,84.4893,4.7906,0.4748
3424.4000,91.7085,1.4097,85.0642,4.7906,0.4747
3424.5000,91.7197,1.4175,85.0128,4.7906,0.4747
3424.6000,91.7296,1.4252,84.4559,4.7906,0.4747
3424.7000,91.7379,1.4330,84.4252,4.7906,0.4746
3424.8000,91.7470,1.4407,85.0669,4.7906,0.4746
3424.9000,91.7574,1.4485,86.4403,4.7906,0.4746
3425.0000,91.7716,1.4564,87.8624,4.7906,0.4745
3425.1000,91.7871,1.4642,88.3425,4.7906,0.4745
3425.2000,91.8026,1.4720,88.0790,4.7906,0.4744
3425.3000,91.8164,1.4799,87.2659,4.7906,0.4744
3425.4000,91.8280,1.4878,85.8553,4.7906,0.4743
3425.5000,91.8354,1.4957,84.8062,4.7906,0.4743
3425.6000,91.8420,1.5036,85.1736,4.7906,0.4743
3425.7000,91.8503,1.5116,86.0714,4.7906,0.4742
3425.8000,91.8600,1.5195,87.1040,4.7906,0.4742
3425.9000,91.8719,1.5275,88.1009,4.7906,0.4742
3426.0000,91.8851,1.5355,89.3721,4.7906,0.4741
3426.1000,91.9016,1.5435,91.0207,4.7906,0.4741
3426.2000,91.9210,1.5515,92.6176,4.7906,0.4740
3426.3000,91.9433,1.5595,94.0657,4.7906,0.4739
3426.4000,91.9679,1.5676,95.7728,4.7906,0.4739
3426.5000,91.9965,1.5756,97.1482,4.7906,0.4738
3426.6000,92.0259,1.5837,97.3744,4.7906,0.4738
3426.7000,92.0547,1.5918,97.5480,4.7906,0.4737
3426.8000,92.0840,1.5999,98.3065,4.7906,0.4736
3426.9000,92.1151,1.6080,99.4369,4.7906,0.4735
3427.0000,92.1483,1.6161,100.6364,4.7906,0.4735
3427.1000,92.1834,1.6243,101.6854,4.7906,0.4734
3427.2000,92.2201,1.6324,102.4129,4.7906,0.4733
3427.3000,92.2574,1.6406,102.4351,4.7906,0.4732
3427.4000,92.2932,1.6488,101.9466,4.7906,0.4731
3427.5000,92.3277,1.6569,101.8815,4.7906,0.4731
3427.6000,92.3624,1.6651,102.3132,4.7906,0.4730
3427.7000,92.3978,1.6733,102.5132,4.7906,0.4729
3427.8000,92.4325,1.6815,102.7773,4.7906,0.4728
3427.9000,92.4681,1.6898,102.8442,4.7906,0.4727
3428.0000,92.5022,1.6980,102.1146,4.7906,0.4726
3428.1000,92.5340,1.7062,101.8870,4.7906,0.4726
3428.2000,92.5664,1.7145,102.4752,4.7906,0.4725
3428.3000,92.5998,1.7227,102.8808,4.7906,0.4724
3428.4000,92.6330,1.7310,102.6924,4.7906,0.4723
3428.5000,92.6647,1.7393,102.0386,4.7906,0.4722
3428.6000,92.6944,1.7475,100.4261,4.7906,0.4722
3428.7000,92.7188,1.7558,97.6214,4.7906,0.4721
3428.8000,92.7363,1.7641,95.1752,4.7906,0.4720
3428.9000,92.7501,1.7723,93.9055,4.7906,0.4720
3429.0000,92.7617,1.7806,93.0921,4.7906,0.4719
3429.1000,92.7715,1.7889,92.5948,4.7906,0.4719
3429.2000,92.7805,1.7972,92.4158,4.7906,0.4718
3429.3000,92.7889,1.8055,91.8073,4.7906,0.4718
3429.4000,92.7948,1.8138,90.7011,4.7906,0.4717
3429.5000,92.7981,1.8220,89.8140,4.7906,0.4717
3429.6000,92.7998,1.8303,89.1336,4.7906,0.4716
3429.7000,92.7998,1.8386,88.5041,4.7906,0.4716
3429.8000,92.7984,1.8469,88.1497,4.7906,0.4715
3429.9000,92.7963,1.8551,88.1694,4.7906,0.4715
3430.0000,92.7944,1.8634,88.4208,4.7906,0.4714
3430.1000,92.7929,1.8717,88.7405,4.7906,0.4714
3430.2000,92.7917,1.8799,89.0999,4.7906,0.4713
3430.3000,92.7911,1.8882,88.9937,4.7906,0.4713
3430.4000,92.7890,1.8964,87.9292,4.7906,0.4713
3430.5000,92.7834,1.9047,86.4220,4.7906,0.4712
3430.6000,92.7747,1.9129,85.2994,4.7906,0.4712
3430.7000,92.7641,1.9211,84.8251,4.7906,0.4712
3430.8000,92.7529,1.9293,84.7625,4.7906,0.4711
3430.9000,92.7416,1.9376,85.3228,4.7906,0.4711
3431.0000,92.7322,1.9458,86.5449,4.7906,0.4710
3431.1000,92.7254,1.9539,87.6774,4.7906,0.4710
3431.2000,92.7201,1.9621,88.6745,4.7906,0.4710
3431.3000,92.7168,1.9703,90.0747,4.7906,0.4709
3431.4000,92.7167,1.9784,91.7863,4.7906,0.4709
3431.5000,92.7199,1.9866,93.2961,4.7906,0.4708
3431.6000,92.7254,1.9947,94.1487,4.7906,0.4707
3431.7000,92.7314,2.0029,94.3774,4.7906,0.4707
3431.8000,92.7372,2.0110,94.7314,4.7906,0.4706
3431.9000,92.7440,2.0191,94.7136,4.7906,0.4706
3432.0000,92.7492,2.0272,93.8593,4.7906,0.4705
3432.1000,92.7520,2.0352,92.9594,4.7906,0.4705
3432.2000,92.7529,2.0433,92.1785,4.7906,0.4704
3432.3000,92.7519,2.0513,90.4800,4.7906,0.4703
3432.4000,92.7454,2.0594,87.7360,4.7906,0.4703
3432.5000,92.7328,2.0674,84.9822,4.7906,0.4703
3432.6000,92.7145,2.0754,82.6434,4.7906,0.4702
3432.7000,92.6920,2.0834,80.9298,4.7906,0.4702
3432.8000,92.6664,2.0913,79.7727,4.7906,0.4702
3432.9000,92.6388,2.0993,79.2313,4.7906,0.4702
3433.0000,92.6107,2.1072,78.8097,4.7906,0.4702
3433.1000,92.5810,2.1151,77.9799,4.7906,0.4702
3433.2000,92.5492,2.1230,77.1008,4.7906,0.4701
3433.3000,92.5157,2.1309,76.8898,4.7906,0.4701
3433.4000,92.4827,2.1387,77.1621,4.7906,0.4701
3433.5000,92.4500,2.1465,78.0597,4.7906,0.4701
3433.6000,92.4204,2.1543,79.5663,4.7906,0.4701
3433.7000,92.3935,2.1621,80.6490,4.7906,0.4701
3433.8000,92.3680,2.1698,81.3613,4.7906,0.4700
3433.9000,92.3436,2.1776,82.4835,4.7906,0.4700
3434.0000,92.3224,2.1853,83.6317,4.7906,0.4700
3434.1000,92.3024,2.1929,84.2475,4.7906,0.4699
3434.2000,92.2833,2.2006,84.7569,4.7906,0.4699
3434.3000,92.2650,2.2082,85.3832,4.7906,0.4699
3434.4000,92.2480,2.2158,85.5468,4.7906,0.4698
3434.5000,92.2300,2.2234,85.1347,4.7906,0.4698
3434.6000,92.2110,2.2310,84.3276,4.7906,0.4698
3434.7000,92.1894,2.2385,83.2851,4.7906,0.4697
3434.8000,92.1657,2.2460,82.1721,4.7906,0.4697
3434.9000,92.1392,2.2535,80.9597,4.7906,0.4697
3435.0000,92.1103,2.2609,79.6331,4.7906,0.4697
3435.1000,92.0780,2.2684,79.0805,4.7906,0.4697
3435.2000,92.0465,2.2758,79.2955,4.7906,0.4696
3435.3000,92.0148,2.2831,79.2769,4.7906,0.4696
3435.4000,91.9831,2.2905,79.2173,4.7906,0.4696
3435.5000,91.9509,2.2978,79.8912,4.7906,0.4696
3435.6000,91.9216,2.3050,81.1206,4.7906,0.4696
3435.7000,91.8942,2.3123,82.1769,4.7906,0.4695
3435.8000,91.8689,2.3195,82.9494,4.7906,0.4695
3435.9000,91.8444,2.3267,83.8694,4.7906,0.4695
3436.0000,91.8226,2.3338,85.0768,4.7906,0.4694
3436.1000,91.8027,2.3410,85.7758,4.7906,0.4694
3436.2000,91.7835,2.3481,85.8786,4.7906,0.4694
3436.3000,91.7637,2.3551,85.8420,4.7906,0.4693
3436.4000,91.7440,2.3621,85.8092,4.7906,0.4693
3436.5000,91.7237,2.3691,84.8658,4.7906,0.4693
3436.6000,91.6999,2.3761,82.9030,4.7906,0.4692
3436.7000,91.6712,2.3830,81.4109,4.7906,0.4692
3436.8000,91.6409,2.3899,80.6858,4.7906,0.4692
3436.9000,91.6090,2.3967,79.7587,4.7906,0.4692
3437.0000,91.5747,2.4034,79.2944,4.7906,0.4692
3437.1000,91.5406,2.4100,79.7788,4.7906,0.4691
3437.2000,91.5081,2.4166,80.7568,4.7906,0.4691
3437.3000,91.4779,2.4230,82.0565,4.7906,0.4691
3437.4000,91.4506,2.4293,83.6847,4.7906,0.4691
3437.5000,91.4269,2.4356,84.7399,4.7906,0.4690
3437.6000,91.4036,2.4418,85.3992,4.7906,0.4690
3437.7000,91.3824,2.4479,85.5884,4.7906,0.4690
3437.8000,91.3597,2.4539,84.8148,4.7906,0.4689
3437.9000,91.3350,2.4598,84.3147,4.7906,0.4689
3438.0000,91.3100,2.4657,84.5816,4.7906,0.4689
3438.1000,91.2862,2.4714,85.0925,4.7906,0.4688
3438.2000,91.2631,2.4771,85.1659,4.7906,0.4688
3438.3000,91.2395,2.4826,84.9295,4.7906,0.4688
3438.4000,91.2152,2.4881,84.2061,4.7906,0.4687
3438.5000,91.1883,2.4935,83.5921,4.7906,0.4687
3438.6000,91.1613,2.4988,83.5886,4.7906,0.4687
3438.7000,91.1343,2.5040,84.9196,4.7906,0.4686
3438.8000,91.1127,2.5091,87.7188,4.7906,0.4686
3438.9000,91.0971,2.5142,91.5613,4.7906,0.4685
3439.0000,91.0912,2.5191,95.6139,4.7906,0.4685
3439.1000,91.0921,2.5240,98.0583,4.7906,0.4684
3439.2000,91.0960,2.5288,98.6619,4.7906,0.4683
3439.3000,91.0990,2.5334,98.3011,4.7906,0.4683
3439.4000,91.1011,2.5380,97.4783,4.7906,0.4682
3439.5000,91.1004,2.5425,96.5605,4.7906,0.4681
3439.6000,91.0983,2.5470,96.8329,4.7906,0.4681
3439.7000,91.0985,2.5513,98.3482,4.7906,0.4680
3439.8000,91.1024,2.5555,100.4936,4.7906,0.4679
3439.9000,91.1112,2.5597,102.4820,4.7906,0.4678
3440.0000,91.1230,2.5637,104.0688,4.7906,0.4677
3440.1000,91.1379,2.5677,104.7991,4.7906,0.4676
3440.2000,91.1523,2.5716,104.0115,4.7906,0.4676
3440.3000,91.1636,2.5754,102.0562,4.7906,0.4675
3440.4000,91.1696,2.5791,99.4900,4.7906,0.4674
3440.5000,91.1700,2.5827,96.8597,4.7906,0.4673
3440.6000,91.1648,2.5862,94.7876,4.7906,0.4673
3440.7000,91.1564,2.5896,93.4660,4.7906,0.4672
3440.8000,91.1456,2.5930,92.3543,4.7906,0.4672
3440.9000,91.1325,2.5962,91.4167,4.7906,0.4671
3441.0000,91.1176,2.5994,90.4942,4.7906,0.4671
3441.1000,91.1006,2.6024,89.7654,4.7906,0.4670
3441.2000,91.0827,2.6054,89.8189,4.7906,0.4670
3441.3000,91.0658,2.6083,90.8524,4.7906,0.4669
3441.4000,91.0521,2.6111,92.5523,4.7906,0.4669
3441.5000,91.0421,2.6138,93.8100,4.7906,0.4668
3441.6000,91.0336,2.6164,94.0261,4.7906,0.4668
3441.7000,91.0244,2.6189,93.4480,4.7906,0.4667
3441.8000,91.0133,2.6213,92.3024,4.7906,0.4666
3441.9000,90.9993,2.6237,91.2056,4.7906,0.4666
3442.0000,90.9837,2.6259,91.2396,4.7906,0.4665
3442.1000,90.9698,2.6281,92.1090,4.7906,0.4665
3442.2000,90.9577,2.6301,93.4467,4.7906,0.4664
3442.3000,90.9494,2.6321,94.5202,4.7906,0.4664
3442.4000,90.9417,2.6340,94.2376,4.7906,0.4663
3442.5000,90.9320,2.6358,92.4737,4.7906,0.4663
3442.6000,90.9170,2.6375,90.7337,4.7906,0.4662
3442.7000,90.9002,2.6391,89.9251,4.7906,0.4662
3442.8000,90.8818,2.6406,89.6359,4.7906,0.4661
3442.9000,90.8638,2.6420,89.8532,4.7906,0.4661
3443.0000,90.8463,2.6433,90.6936,4.7906,0.4660
3443.1000,90.8319,2.6446,91.6110,4.7906,0.4660
3443.2000,90.8182,2.6457,91.2069,4.7906,0.4659
3443.3000,90.8021,2.6468,90.1149,4.7906,0.4659
3443.4000,90.7840,2.6478,88.7654,4.7906,0.4658
3443.5000,90.7624,2.6487,86.9548,4.7906,0.4658
3443.6000,90.7369,2.6495,84.9317,4.7906,0.4657
3443.7000,90.7070,2.6502,83.3776,4.7906,0.4657
3443.8000,90.6751,2.6508,83.0172,4.7906,0.4657
3443.9000,90.6439,2.6513,83.4329,4.7906,0.4657
3444.0000,90.6140,2.6517,84.7225,4.7906,0.4656
3444.1000,90.5884,2.6521,86.6427,4.7906,0.4656
3444.2000,90.5667,2.6523,88.6773,4.7906,0.4655
3444.3000,90.5497,2.6525,90.1801,4.7906,0.4655
3444.4000,90.5343,2.6526,91.3746,4.7906,0.4654
3444.5000,90.5224,2.6526,92.4936,4.7906,0.4654
3444.6000,90.5119,2.6525,93.1317,4.7906,0.4653
3444.7000,90.5027,2.6523,92.6743,4.7906,0.4653
3444.8000,90.4903,2.6520,91.6932,4.7906,0.4652
3444.9000,90.4772,2.6516,90.9154,4.7906,0.4652
3445.0000,90.4617,2.6512,89.6156,4.7906,0.4651
3445.1000,90.4433,2.6507,87.8543,4.7906,0.4651
3445.2000,90.4206,2.6500,87.0629,4.7906,0.4650
3445.3000,90.3991,2.6493,87.2508,4.7906,0.4650
3445.4000,90.3774,2.6485,86.9093,4.7906,0.4650
3445.5000,90.3547,2.6476,86.6035,4.7906,0.4649
3445.6000,90.3320,2.6467,87.3994,4.7906,0.4649
3445.7000,90.3128,2.6456,88.6256,4.7906,0.4648
3445.8000,90.2955,2.6445,89.6991,4.7906,0.4648
3445.9000,90.2810,2.6433,91.4343,4.7906,0.4647
3446.0000,90.2711,2.6420,93.3927,4.7906,0.4647
3446.1000,90.2650,2.6406,94.3179,4.7906,0.4646
3446.2000,90.2591,2.6391,94.0865,4.7906,0.4646
3446.3000,90.2522,2.6375,93.7019,4.7906,0.4645
3446.4000,90.2449,2.6359,93.6781,4.7906,0.4645
3446.5000,90.2381,2.6342,93.9891,4.7906,0.4644
3446.6000,90.2322,2.6324,94.3032,4.7906,0.4643
3446.7000,90.2268,2.6305,94.8127,4.7906,0.4643
3446.8000,90.2233,2.6285,95.5597,4.7906,0.4642
3446.9000,90.2212,2.6264,95.8857,4.7906,0.4641
3447.0000,90.2192,2.6243,95.6030,4.7906,0.4641
3447.1000,90.2161,2.6221,95.4270,4.7906,0.4640
3447.2000,90.2135,2.6198,95.5192,4.7906,0.4640
3447.3000,90.2109,2.6174,94.7461,4.7906,0.4639
3447.4000,90.2053,2.6149,93.9177,4.7906,0.4638
3447.5000,90.1995,2.6124,93.8869,4.7906,0.4638
3447.6000,90.1939,2.6098,94.1320,4.7906,0.4637
3447.7000,90.1894,2.6070,94.3277,4.7906,0.4637
3447.8000,90.1849,2.6043,94.5085,4.7906,0.4636
3447.9000,90.1813,2.6014,94.3442,4.7906,0.4635
3448.0000,90.1763,2.5985,93.4389,4.7906,0.4635
3448.1000,90.1692,2.5954,92.1813,4.7906,0.4634
3448.2000,90.1592,2.5923,90.9560,4.7906,0.4634
3448.3000,90.1473,2.5892,90.0218,4.7906,0.4633
3448.4000,90.1337,2.5859,89.2812,4.7906,0.4633
3448.5000,90.1190,2.5826,89.1542,4.7906,0.4632
3448.6000,90.1052,2.5792,90.4385,4.7906,0.4632
3448.7000,90.0962,2.5757,92.1615,4.7906,0.4631
3448.8000,90.0899,2.5721,93.5287,4.7906,0.4631
3448.9000,90.0870,2.5685,94.8640,4.7906,0.4630
3449.0000,90.0866,2.5648,95.4253,4.7906,0.4630
3449.1000,90.0862,2.5610,94.1203,4.7906,0.4629
3449.2000,90.0806,2.5572,91.6817,4.7906,0.4628
3449.3000,90.0703,2.5532,89.8272,4.7906,0.4628
3449.4000,90.0573,2.5492,88.5499,4.7906,0.4628
3449.5000,90.0420,2.5452,87.3201,4.7906,0.4627
3449.6000,90.0242,2.5410,86.7438,4.7906,0.4627
3449.7000,90.0070,2.5368,87.5728,4.7906,0.4626
3449.8000,89.9930,2.5325,88.6071,4.7906,0.4626
3449.9000,89.9805,2.5282,88.7770,4.7906,0.4625
3450.0000,89.9677,2.5238,89.0169,4.7906,0.4625
3450.1000,89.9566,2.5193,89.6472,4.7906,0.4625
3450.2000,89.9469,2.5147,89.5618,4.7906,0.4624
3450.3000,89.9358,2.5101,89.0790,4.7906,0.4624
3450.4000,89.9244,2.5054,89.8391,4.7906,0.4623
3450.5000,89.9169,2.5006,91.4070,4.7906,0.4623
3450.6000,89.9125,2.4958,93.0241,4.7906,0.4622
3450.7000,89.9121,2.4909,94.3561,4.7906,0.4621
3450.8000,89.9137,2.4859,94.6794,4.7906,0.4621
3450.9000,89.9150,2.4809,93.9192,4.7906,0.4620
3451.0000,89.9137,2.4758,92.9532,4.7906,0.4620
3451.1000,89.9113,2.4706,91.6620,4.7906,0.4619
3451.2000,89.9049,2.4654,90.3389,4.7906,0.4619
3451.3000,89.8974,2.4601,90.1284,4.7906,0.4618
3451.4000,89.8905,2.4547,90.5618,4.7906,0.4618
3451.5000,89.8853,2.4493,90.8023,4.7906,0.4617
3451.6000,89.8798,2.4438,90.9813,4.7906,0.4617
3451.7000,89.8757,2.4383,92.0360,4.7906,0.4616
3451.8000,89.8751,2.4327,93.1546,4.7906,0.4616
3451.9000,89.8761,2.4270,93.5314,4.7906,0.4615
3452.0000,89.8774,2.4213,93.5667,4.7906,0.4614
3452.1000,89.8790,2.4155,94.1132,4.7906,0.4614
3452.2000,89.8830,2.4097,94.3516,4.7906,0.4613
3452.3000,89.8859,2.4038,93.7039,4.7906,0.4613
3452.4000,89.8875,2.3978,93.3169,4.7906,0.4612
3452.5000,89.8892,2.3918,93.4525,4.7906,0.4612
3452.6000,89.8918,2.3857,93.7573,4.7906,0.4611
3452.7000,89.8951,2.3796,94.5872,4.7906,0.4610
3452.8000,89.9017,2.3734,96.5194,4.7906,0.4610
3452.9000,89.9135,2.3672,98.6048,4.7906,0.4609
3453.0000,89.9291,2.3609,100.0725,4.7906,0.4608
3453.1000,89.9473,2.3545,100.7981,4.7906,0.4607
3453.2000,89.9663,2.3481,101.1916,4.7906,0.4607
3453.3000,89.9865,2.3416,101.2376,4.7906,0.4606
3453.4000,90.0058,2.3351,101.1193,4.7906,0.4605
3453.5000,90.0258,2.3285,101.1789,4.7906,0.4604
3453.6000,90.0457,2.3219,101.2740,4.7906,0.4604
3453.7000,90.0664,2.3152,100.9384,4.7906,0.4603
3453.8000,90.0852,2.3085,100.1166,4.7906,0.4602
3453.9000,90.1027,2.3017,98.7390,4.7906,0.4601
3454.0000,90.1160,2.2949,97.1557,4.7906,0.4601
3454.1000,90.1273,2.2880,96.3012,4.7906,0.4600
3454.2000,90.1374,2.2811,96.1213,4.7906,0.4599
3454.3000,90.1482,2.2741,96.8838,4.7906,0.4599
3454.4000,90.1619,2.2671,98.4247,4.7906,0.4598
3454.5000,90.1796,2.2600,99.6606,4.7906,0.4597
3454.6000,90.1988,2.2529,99.6272,4.7906,0.4596
3454.7000,90.2167,2.2458,98.7987,4.7906,0.4596
3454.8000,90.2328,2.2385,97.9427,4.7906,0.4595
3454.9000,90.2474,2.2313,97.3971,4.7906,0.4594
3455.0000,90.2616,2.2240,97.5663,4.7906,0.4594
3455.1000,90.2773,2.2167,98.6200,4.7906,0.4593
3455.2000,90.2963,2.2093,99.5614,4.7906,0.4592
3455.3000,90.3163,2.2019,99.4425,4.7906,0.4591
3455.4000,90.3351,2.1944,98.8343,4.7906,0.4591
3455.5000,90.3529,2.1869,98.6486,4.7906,0.4590
3455.6000,90.3712,2.1793,98.2541,4.7906,0.4589
3455.7000,90.3878,2.1717,97.3780,4.7906,0.4589
3455.8000,90.4029,2.1641,96.5219,4.7906,0.4588
3455.9000,90.4162,2.1565,95.2200,4.7906,0.4587
3456.0000,90.4263,2.1488,92.9089,4.7906,0.4587
3456.1000,90.4304,2.1410,90.4115,4.7906,0.4586
3456.2000,90.4305,2.1332,89.1848,4.7906,0.4586
3456.3000,90.4301,2.1254,88.7732,4.7906,0.4585
3456.4000,90.4290,2.1176,89.1267,4.7906,0.4585
3456.5000,90.4306,2.1097,90.7445,4.7906,0.4584
3456.6000,90.4368,2.1018,93.1665,4.7906,0.4584
3456.7000,90.4490,2.0939,95.6785,4.7906,0.4583
3456.8000,90.4661,2.0859,98.1026,4.7906,0.4583
3456.9000,90.4888,2.0779,100.2703,4.7906,0.4582
3457.0000,90.5153,2.0699,101.5237,4.7906,0.4581
3457.1000,90.5436,2.0618,101.5823,4.7906,0.4580
3457.2000,90.5707,2.0537,100.7432,4.7906,0.4579
3457.3000,90.5957,2.0456,99.2723,4.7906,0.4579
3457.4000,90.6171,2.0374,97.1000,4.7906,0.4578
3457.5000,90.6334,2.0292,95.0629,4.7906,0.4577
3457.6000,90.6467,2.0210,94.3647,4.7906,0.4577
3457.7000,90.6606,2.0128,94.7858,4.7906,0.4576
3457.8000,90.6761,2.0045,95.8054,4.7906,0.4576
3457.9000,90.6947,1.9963,97.3270,4.7906,0.4575
3458.0000,90.7169,1.9879,98.7420,4.7906,0.4574
3458.1000,90.7418,1.9796,99.7612,4.7906,0.4573
3458.2000,90.7686,1.9713,100.2468,4.7906,0.4573
3458.3000,90.7958,1.9629,99.7936,4.7906,0.4572
3458.4000,90.8211,1.9545,99.0056,4.7906,0.4571
3458.5000,90.8454,1.9461,98.6134,4.7906,0.4570
3458.6000,90.8694,1.9376,98.1417,4.7906,0.4570
3458.7000,90.8921,1.9292,97.3303,4.7906,0.4569
3458.8000,90.9132,1.9207,97.0598,4.7906,0.4568
3458.9000,90.9352,1.9122,97.3206,4.7906,0.4568
3459.0000,90.9577,1.9037,96.9799,4.7906,0.4567
3459.1000,90.9787,1.8951,95.9097,4.7906,0.4566
3459.2000,90.9971,1.8866,94.6452,4.7906,0.4566
3459.3000,91.0133,1.8780,93.2866,4.7906,0.4565
3459.4000,91.0266,1.8694,91.3569,4.7906,0.4565
3459.5000,91.0353,1.8608,89.8117,4.7906,0.4564
3459.6000,91.0427,1.8522,89.5640,4.7906,0.4564
3459.7000,91.0508,1.8436,90.0950,4.7906,0.4563
3459.8000,91.0609,1.8350,90.6942,4.7906,0.4563
3459.9000,91.0721,1.8264,91.4707,4.7906,0.4562
3460.0000,91.0859,1.8177,92.3321,4.7906,0.4562
3460.1000,91.1011,1.8091,92.6841,4.7906,0.4561
3460.2000,91.1168,1.8004,92.7989,4.7906,0.4561
3460.3000,91.1330,1.7918,93.2500,4.7906,0.4560
3460.4000,91.1511,1.7831,94.0805,4.7906,0.4559
3460.5000,91.1711,1.7744,94.9800,4.7906,0.4559
3460.6000,91.1933,1.7657,95.2784,4.7906,0.4558
3460.7000,91.2150,1.7570,94.8530,4.7906,0.4558
3460.8000,91.2359,1.7483,94.1691,4.7906,0.4557
3460.9000,91.2551,1.7396,93.2193,4.7906,0.4556
3461.0000,91.2725,1.7309,91.8840,4.7906,0.4556
3461.1000,91.2867,1.7222,90.5647,4.7906,0.4555
3461.2000,91.2991,1.7135,89.6352,4.7906,0.4555
3461.3000,91.3100,1.7048,89.5897,4.7906,0.4555
3461.4000,91.3227,1.6961,90.4591,4.7906,0.4554
3461.5000,91.3376,1.6874,91.5140,4.7906,0.4553
3461.6000,91.3552,1.6787,93.2209,4.7906,0.4553
3461.7000,91.3776,1.6700,95.4790,4.7906,0.4552
3461.8000,91.4049,1.6614,97.1078,4.7906,0.4552
3461.9000,91.4345,1.6527,97.6457,4.7906,0.4551
3462.0000,91.4644,1.6440,97.8428,4.7906,0.4550
3462.1000,91.4950,1.6353,97.6536,4.7906,0.4550
3462.2000,91.5245,1.6266,97.0467,4.7906,0.4549
3462.3000,91.5530,1.6180,96.6706,4.7906,0.4548
3462.4000,91.5813,1.6093,96.2924,4.7906,0.4548
3462.5000,91.6086,1.6006,95.5042,4.7906,0.4547
3462.6000,91.6340,1.5920,93.8889,4.7906,0.4546
3462.7000,91.6550,1.5834,91.3950,4.7906,0.4546
3462.8000,91.6705,1.5747,88.2785,4.7906,0.4545
3462.9000,91.6792,1.5661,85.2123,4.7906,0.4545
3463.0000,91.6826,1.5575,82.7121,4.7906,0.4545
3463.1000,91.6816,1.5489,81.2477,4.7906,0.4545
3463.2000,91.6795,1.5404,80.6162,4.7906,0.4544
3463.3000,91.6765,1.5318,80.4296,4.7906,0.4544
3463.4000,91.6743,1.5233,80.9953,4.7906,0.4544
3463.5000,91.6741,1.5148,81.7778,4.7906,0.4544
3463.6000,91.6757,1.5063,82.0968,4.7906,0.4543
3463.7000,91.6775,1.4978,82.2246,4.7906,0.4543
3463.8000,91.6802,1.4893,82.2559,4.7906,0.4543
3463.9000,91.6826,1.4809,81.9839,4.7906,0.4543
3464.0000,91.6847,1.4725,81.5111,4.7906,0.4542
3464.1000,91.6858,1.4641,80.5334,4.7906,0.4542
3464.2000,91.6844,1.4557,79.4968,4.7906,0.4542
3464.3000,91.6818,1.4473,78.7853,4.7906,0.4542
3464.4000,91.6781,1.4390,78.0440,4.7906,0.4542
3464.5000,91.6730,1.4307,77.5438,4.7906,0.4541
3464.6000,91.6678,1.4224,77.6270,4.7906,0.4541
3464.7000,91.6636,1.4142,77.8945,4.7906,0.4541
3464.8000,91.6602,1.4059,77.8753,4.7906,0.4541
3464.9000,91.6565,1.3977,77.6672,4.7906,0.4541
3465.0000,91.6528,1.3896,77.2246,4.7906,0.4541
3465.1000,91.6479,1.3814,77.1168,4.7906,0.4541
3465.2000,91.6443,1.3733,77.1732,4.7906,0.4541
3465.3000,91.6402,1.3652,76.7055,4.7906,0.4540
3465.4000,91.6353,1.3572,75.6121,4.7906,0.4540
3465.5000,91.6272,1.3491,73.9232,4.7906,0.4540
3465.6000,91.6159,1.3412,72.4086,4.7906,0.4540
3465.7000,91.6023,1.3332,71.4616,4.7906,0.4540
3465.8000,91.5877,1.3253,70.8030,4.7906,0.4540
3465.9000,91.5720,1.3174,70.7683,4.7906,0.4540
3466.0000,91.5580,1.3095,71.7314,4.7906,0.4540
3466.1000,91.5468,1.3017,72.6344,4.7906,0.4540
3466.2000,91.5371,1.2940,73.1363,4.7906,0.4540
3466.3000,91.5287,1.2862,73.2142,4.7906,0.4540
3466.4000,91.5198,1.2785,72.6204,4.7906,0.4540
3466.5000,91.5095,1.2708,71.3802,4.7906,0.4540
3466.6000,91.4962,1.2632,69.5308,4.7906,0.4541
3466.7000,91.4788,1.2556,66.9835,4.7906,0.4541
3466.8000,91.4556,1.2481,64.5476,4.7906,0.4541
3466.9000,91.4289,1.2406,62.7568,4.7906,0.4541
3467.0000,91.3989,1.2331,61.8307,4.7906,0.4541
3467.1000,91.3691,1.2257,61.4223,4.7906,0.4542
3467.2000,91.3382,1.2183,61.2993,4.7906,0.4542
3467.3000,91.3085,1.2110,61.5738,4.7906,0.4542
3467.4000,91.2794,1.2037,61.6954,4.7906,0.4543
3467.5000,91.2509,1.1965,61.3432,4.7906,0.4543
3467.6000,91.2211,1.1893,61.2454,4.7906,0.4543
3467.7000,91.1929,1.1821,61.8383,4.7906,0.4543
3467.8000,91.1661,1.1750,62.7610,4.7906,0.4544
3467.9000,91.1424,1.1680,64.4089,4.7906,0.4544
3468.0000,91.1231,1.1610,66.0618,4.7906,0.4544
3468.1000,91.1068,1.1540,66.9704,4.7906,0.4544
3468.2000,91.0919,1.1471,67.7938,4.7906,0.4544
3468.3000,91.0796,1.1402,68.6992,4.7906,0.4544
3468.4000,91.0690,1.1334,68.8830,4.7906,0.4545
3468.5000,91.0580,1.1266,69.5785,4.7906,0.4545
3468.6000,91.0508,1.1199,70.8744,4.7906,0.4545
3468.7000,91.0457,1.1133,71.4771,4.7906,0.4545
3468.8000,91.0414,1.1066,71.8652,4.7906,0.4545
3468.9000,91.0384,1.1001,72.4875,4.7906,0.4545
3469.0000,91.0372,1.0936,72.8872,4.7906,0.4545
3469.1000,91.0363,1.0871,73.5073,4.7906,0.4545
3469.2000,91.0382,1.0807,74.2649,4.7906,0.4545
3469.3000,91.0408,1.0743,74.6218,4.7906,0.4545
3469.4000,91.0446,1.0680,74.9509,4.7906,0.4545
3469.5000,91.0490,1.0617,74.9834,4.7906,0.4544
3469.6000,91.0532,1.0555,74.4753,4.7906,0.4544
3469.7000,91.0560,1.0494,73.9161,4.7906,0.4544
3469.8000,91.0583,1.0433,73.5335,4.7906,0.4544
3469.9000,91.0598,1.0373,73.2014,4.7906,0.4544
3470.0000,91.0612,1.0313,72.6820,4.7906,0.4544
3470.1000,91.0609,1.0253,72.1389,4.7906,0.4544
3470.2000,91.0604,1.0195,71.5343,4.7906,0.4544
3470.3000,91.0581,1.0137,70.9349,4.7906,0.4544
3470.4000,91.0555,1.0079,70.7637,4.7906,0.4544
3470.5000,91.0529,1.0022,70.8086,4.7906,0.4544
3470.6000,91.0509,0.9965,71.1030,4.7906,0.4545
3470.7000,91.0499,0.9910,71.5688,4.7906,0.4545
3470.8000,91.0502,0.9854,72.1827,4.7906,0.4545
3470.9000,91.0521,0.9800,72.9924,4.7906,0.4545
3471.0000,91.0562,0.9746,73.7357,4.7906,0.4545
3471.1000,91.0615,0.9692,73.4866,4.7906,0.4544
3471.2000,91.0649,0.9639,72.8062,4.7906,0.4544
3471.3000,91.0677,0.9587,72.2356,4.7906,0.4545
3471.4000,91.0690,0.9535,71.3726,4.7906,0.4545
3471.5000,91.0686,0.9484,70.8941,4.7906,0.4545
3471.6000,91.0683,0.9434,71.4384,4.7906,0.4545
3471.7000,91.0705,0.9384,72.4128,4.7906,0.4545
3471.8000,91.0745,0.9335,72.6591,4.7906,0.4545
3471.9000,91.0781,0.9286,72.0260,4.7906,0.4545
3472.0000,91.0798,0.9238,71.2386,4.7906,0.4545
3472.1000,91.0804,0.9191,70.6586,4.7906,0.4545
3472.2000,91.0800,0.9144,69.8922,4.7906,0.4545
3472.3000,91.0777,0.9098,69.2539,4.7906,0.4545
3472.4000,91.0750,0.9053,68.9924,4.7906,0.4545
3472.5000,91.0720,0.9008,67.7087,4.7906,0.4545
3472.6000,91.0643,0.8964,65.9575,4.7906,0.4545
3472.7000,91.0544,0.8921,65.3278,4.7906,0.4545
3472.8000,91.0444,0.8878,65.6842,4.7906,0.4546
3472.9000,91.0363,0.8836,66.7061,4.7906,0.4546
3473.0000,91.0310,0.8795,68.5060,4.7906,0.4546
3473.1000,91.0306,0.8754,70.1771,4.7906,0.4546
3473.2000,91.0325,0.8714,71.2164,4.7906,0.4546
3473.3000,91.0367,0.8674,71.9706,4.7906,0.4546
3473.4000,91.0420,0.8636,72.5187,4.7906,0.4546
3473.5000,91.0487,0.8598,73.1197,4.7906,0.4546
3473.6000,91.0566,0.8560,73.8426,4.7906,0.4546
3473.7000,91.0666,0.8524,74.8866,4.7906,0.4546
3473.8000,91.0790,0.8487,76.0633,4.7906,0.4546
3473.9000,91.0940,0.8452,77.0027,4.7906,0.4546
3474.0000,91.1104,0.8417,77.3951,4.7906,0.4546
3474.1000,91.1272,0.8383,77.3505,4.7906,0.4545
3474.2000,91.1435,0.8350,77.1733,4.7906,0.4545
3474.3000,91.1596,0.8318,76.8488,4.7906,0.4545
3474.4000,91.1748,0.8286,76.4502,4.7906,0.4545
3474.5000,91.1893,0.8254,76.2743,4.7906,0.4545
3474.6000,91.2039,0.8224,75.9993,4.7906,0.4545
3474.7000,91.2174,0.8194,75.7186,4.7906,0.4545
3474.8000,91.2308,0.8165,75.7339,4.7906,0.4545
3474.9000,91.2445,0.8136,75.5152,4.7906,0.4545
3475.0000,91.2572,0.8109,74.8284,4.7906,0.4545
3475.1000,91.2681,0.8082,73.9309,4.7906,0.4545
3475.2000,91.2772,0.8055,72.1398,4.7906,0.4545
3475.3000,91.2808,0.8030,69.2446,4.7906,0.4545
3475.4000,91.2780,0.8005,66.6905,4.7906,0.4545
3475.5000,91.2713,0.7981,65.4904,4.7906,0.4545
3475.6000,91.2637,0.7957,65.0580,4.7906,0.4545
3475.7000,91.2554,0.7935,64.5563,4.7906,0.4545
3475.8000,91.2460,0.7913,64.5708,4.7906,0.4546
3475.9000,91.2380,0.7891,65.1113,4.7906,0.4546
3476.0000,91.2310,0.7871,65.6257,4.7906,0.4546
3476.1000,91.2253,0.7851,66.3036,4.7906,0.4546
3476.2000,91.2213,0.7832,67.0153,4.7906,0.4546
3476.3000,91.2186,0.7814,67.6583,4.7906,0.4546
3476.4000,91.2175,0.7796,68.3965,4.7906,0.4546
3476.5000,91.2180,0.7779,69.5229,4.7906,0.4547
3476.6000,91.2216,0.7763,71.2199,4.7906,0.4547
3476.7000,91.2293,0.7747,73.8227,4.7906,0.4547
3476.8000,91.2437,0.7733,77.0059,4.7906,0.4546
3476.9000,91.2645,0.7719,79.1009,4.7906,0.4546
3477.0000,91.2876,0.7705,79.4727,4.7906,0.4546
3477.1000,91.3099,0.7693,78.5142,4.7906,0.4546
3477.2000,91.3289,0.7681,76.9010,4.7906,0.4546
3477.3000,91.3444,0.7670,74.8859,4.7906,0.4546
3477.4000,91.3550,0.7659,73.2511,4.7906,0.4546
3477.5000,91.3638,0.7650,72.6958,4.7906,0.4546
3477.6000,91.3722,0.7641,72.6998,4.7906,0.4546
3477.7000,91.3810,0.7633,72.6270,4.7906,0.4546
3477.8000,91.3890,0.7625,72.0951,4.7906,0.4546
3477.9000,91.3956,0.7618,71.4088,4.7906,0.4546
3478.0000,91.4008,0.7612,70.3526,4.7906,0.4546
3478.1000,91.4031,0.7607,69.0620,4.7906,0.4546
3478.2000,91.4030,0.7603,67.7124,4.7906,0.4546
3478.3000,91.3997,0.7599,66.3980,4.7906,0.4546
3478.4000,91.3942,0.7596,65.1422,4.7906,0.4546
3478.5000,91.3858,0.7593,63.5234,4.7906,0.4547
3478.6000,91.3736,0.7592,61.7493,4.7906,0.4547
3478.7000,91.3580,0.7591,60.9554,4.7906,0.4547
3478.8000,91.3427,0.7591,61.7558,4.7906,0.4547
3478.9000,91.3304,0.7591,63.5233,4.7906,0.4548
3479.0000,91.3225,0.7593,66.0332,4.7906,0.4548
3479.1000,91.3207,0.7595,68.7052,4.7906,0.4548
3479.2000,91.3238,0.7597,70.3676,4.7906,0.4548
3479.3000,91.3288,0.7601,70.8578,4.7906,0.4548
3479.4000,91.3340,0.7605,70.5330,4.7906,0.4548
3479.5000,91.3376,0.7610,70.4794,4.7906,0.4548
3479.6000,91.3424,0.7615,71.1616,4.7906,0.4548
3479.7000,91.3487,0.7622,72.2291,4.7906,0.4548
3479.8000,91.3579,0.7629,73.3509,4.7906,0.4548
3479.9000,91.3688,0.7637,74.3782,4.7906,0.4548
3480.0000,91.3820,0.7645,75.2298,4.7906,0.4548
3480.1000,91.3963,0.7654,75.4357,4.7906,0.4548
3480.2000,91.4102,0.7664,75.5270,4.7906,0.4548
3480.3000,91.4247,0.7675,75.9211,4.7906,0.4548
3480.4000,91.4401,0.7686,76.2956,4.7906,0.4548
3480.5000,91.4559,0.7698,75.6464,4.7906,0.4548
3480.6000,91.4684,0.7711,75.0128,4.7906,0.4548
3480.7000,91.4814,0.7724,75.1400,4.7906,0.4548
3480.8000,91.4943,0.7739,75.0240,4.7906,0.4547
3480.9000,91.5067,0.7754,74.9515,4.7906,0.4547
3481.0000,91.5191,0.7769,75.1616,4.7906,0.4547
3481.1000,91.5321,0.7785,75.0868,4.7906,0.4547
3481.2000,91.5440,0.7802,73.7254,4.7906,0.4547
3481.3000,91.5512,0.7820,71.6282,4.7906,0.4547
3481.4000,91.5542,0.7838,69.5095,4.7906,0.4547
3481.5000,91.5525,0.7857,67.5389,4.7906,0.4547
3481.6000,91.5474,0.7877,65.7863,4.7906,0.4548
3481.7000,91.5383,0.7898,64.7322,4.7906,0.4548
3481.8000,91.5287,0.7919,64.9384,4.7906,0.4548
3481.9000,91.5205,0.7940,65.2561,4.7906,0.4548
3482.0000,91.5121,0.7961,65.1230,4.7906,0.4548
3482.1000,91.5032,0.7983,65.0261,4.7906,0.4549
3482.2000,91.4943,0.8004,64.6972,4.7906,0.4549
3482.3000,91.4840,0.8026,63.4901,4.7906,0.4549
3482.4000,91.4701,0.8048,62.0683,4.7906,0.4549
3482.5000,91.4538,0.8070,61.0115,4.7906,0.4550
3482.6000,91.4355,0.8093,60.1651,4.7906,0.4550
3482.7000,91.4157,0.8115,59.9917,4.7906,0.4550
3482.8000,91.3966,0.8138,60.0419,4.7906,0.4551
3482.9000,91.3770,0.8160,59.9727,4.7906,0.4551
3483.0000,91.3576,0.8183,60.3724,4.7906,0.4551
3483.1000,91.3396,0.8206,60.8641,4.7906,0.4552
3483.2000,91.3222,0.8229,60.7253,4.7906,0.4552
3483.3000,91.3036,0.8253,60.3534,4.7906,0.4552
3483.4000,91.2846,0.8276,60.2612,4.7906,0.4552
3483.5000,91.2656,0.8299,60.0517,4.7906,0.4553
3483.6000,91.2457,0.8323,59.5223,4.7906,0.4553
3483.7000,91.2245,0.8347,58.1700,4.7906,0.4553
3483.8000,91.1990,0.8370,56.7580,4.7906,0.4554
3483.9000,91.1719,0.8394,55.8623,4.7906,0.4554
3484.0000,91.1427,0.8418,55.9108,4.7906,0.4555
3484.1000,91.1158,0.8442,57.2557,4.7906,0.4555
3484.2000,91.0922,0.8466,59.3484,4.7906,0.4555
3484.3000,91.0740,0.8491,61.5907,4.7906,0.4556
3484.4000,91.0596,0.8515,63.4401,4.7906,0.4556
3484.5000,91.0490,0.8539,64.4396,4.7906,0.4556
3484.6000,91.0387,0.8564,64.6724,4.7906,0.4556
3484.7000,91.0289,0.8588,65.9351,4.7906,0.4557
3484.8000,91.0237,0.8613,68.0409,4.7906,0.4557
3484.9000,91.0226,0.8638,69.8494,4.7906,0.4557
3485.0000,91.0248,0.8663,71.6863,4.7906,0.4557
3485.1000,91.0311,0.8688,74.0357,4.7906,0.4557
3485.2000,91.0427,0.8713,76.4232,4.7906,0.4557
3485.3000,91.0587,0.8738,78.6983,4.7906,0.4556
3485.4000,91.0795,0.8763,80.8893,4.7906,0.4556
3485.5000,91.1042,0.8788,82.3959,4.7906,0.4556
3485.6000,91.1310,0.8813,83.2015,4.7906,0.4556
3485.7000,91.1586,0.8838,83.1087,4.7906,0.4555
3485.8000,91.1846,0.8864,81.9903,4.7906,0.4555
3485.9000,91.2073,0.8889,80.6644,4.7906,0.4555
3486.0000,91.2274,0.8915,79.6286,4.7906,0.4555
3486.1000,91.2455,0.8940,78.1914,4.7906,0.4555
3486.2000,91.2594,0.8966,76.4471,4.7906,0.4554
3486.3000,91.2699,0.8991,74.9346,4.7906,0.4554
3486.4000,91.2773,0.9017,73.9210,4.7906,0.4554
3486.5000,91.2835,0.9043,73.4863,4.7906,0.4554
3486.6000,91.2888,0.9068,73.4079,4.7906,0.4554
3486.7000,91.2944,0.9094,73.3594,4.7906,0.4554
3486.8000,91.2994,0.9120,73.2106,4.7906,0.4554
3486.9000,91.3042,0.9146,73.0223,4.7906,0.4554
3487.0000,91.3081,0.9171,72.7321,4.7906,0.4554
3487.1000,91.3115,0.9197,73.2221,4.7906,0.4554
3487.2000,91.3173,0.9223,74.2137,4.7906,0.4554
3487.3000,91.3246,0.9249,75.4129,4.7906,0.4554
3487.4000,91.3351,0.9274,77.0876,4.7906,0.4554
3487.5000,91.3490,0.9300,78.9598,4.7906,0.4554
3487.6000,91.3670,0.9326,80.4136,4.7906,0.4554
3487.7000,91.3867,0.9352,81.0352,4.7906,0.4553
3487.8000,91.4069,0.9377,80.8834,4.7906,0.4553
3487.9000,91.4256,0.9403,80.0034,4.7906,0.4553
3488.0000,91.4419,0.9429,78.6568,4.7906,0.4553
3488.1000,91.4547,0.9455,77.3943,4.7906,0.4553
3488.2000,91.4655,0.9480,77.5404,4.7906,0.4553
3488.3000,91.4787,0.9506,78.9533,4.7906,0.4552
3488.4000,91.4951,0.9531,80.8852,4.7906,0.4552
3488.5000,91.5160,0.9557,83.1203,4.7906,0.4552
3488.6000,91.5412,0.9583,84.8187,4.7906,0.4552
3488.7000,91.5687,0.9608,85.4354,4.7906,0.4551
3488.8000,91.5961,0.9633,85.8435,4.7906,0.4551
3488.9000,91.6250,0.9659,86.3538,4.7906,0.4550
3489.0000,91.6541,0.9684,86.2534,4.7906,0.4550
3489.1000,91.6821,0.9710,86.2000,4.7906,0.4550
3489.2000,91.7106,0.9735,86.7911,4.7906,0.4549
3489.3000,91.7407,0.9760,86.7789,4.7906,0.4549
3489.4000,91.7688,0.9785,85.2258,4.7906,0.4549
3489.5000,91.7921,0.9810,83.4638,4.7906,0.4548
3489.6000,91.8125,0.9835,81.8993,4.7906,0.4548
3489.7000,91.8291,0.9860,79.7685,4.7906,0.4548
3489.8000,91.8405,0.9885,77.4981,4.7906,0.4548
3489.9000,91.8474,0.9910,75.8465,4.7906,0.4548
3490.0000,91.8518,0.9934,74.6589,4.7906,0.4548
3490.1000,91.8537,0.9959,73.1561,4.7906,0.4548
3490.2000,91.8517,0.9983,71.5917,4.7906,0.4548
3490.3000,91.8470,1.0008,70.5724,4.7906,0.4548
3490.4000,91.8408,1.0032,69.7996,4.7906,0.4548
3490.5000,91.8327,1.0056,69.1507,4.7906,0.4548
3490.6000,91.8237,1.0080,69.6637,4.7906,0.4548
3490.7000,91.8177,1.0104,71.1884,4.7906,0.4548
3490.8000,91.8148,1.0128,73.1632,4.7906,0.4548
3490.9000,91.8167,1.0151,76.2011,4.7906,0.4548
3491.0000,91.8262,1.0175,79.5096,4.7906,0.4548
3491.1000,91.8415,1.0198,81.7887,4.7906,0.4547
3491.2000,91.8600,1.0222,83.8036,4.7906,0.4547
3491.3000,91.8834,1.0245,86.0391,4.7906,0.4547
3491.4000,91.9107,1.0268,88.0053,4.7906,0.4546
3491.5000,91.9418,1.0291,89.7984,4.7906,0.4546
3491.6000,91.9761,1.0314,91.6792,4.7906,0.4545
3491.7000,92.0145,1.0336,93.4187,4.7906,0.4545
3491.8000,92.0555,1.0359,94.4729,4.7906,0.4544
3491.9000,92.0977,1.0381,94.8954,4.7906,0.4543
3492.0000,92.1400,1.0403,95.1408,4.7906,0.4543
3492.1000,92.1827,1.0425,95.3381,4.7906,0.4542
3492.2000,92.2253,1.0447,94.9559,4.7906,0.4542
3492.3000,92.2660,1.0469,94.4923,4.7906,0.4541
3492.4000,92.3062,1.0490,93.9447,4.7906,0.4540
3492.5000,92.3441,1.0512,92.6093,4.7906,0.4540
3492.6000,92.3785,1.0533,91.0459,4.7906,0.4539
3492.7000,92.4096,1.0554,89.3977,4.7906,0.4539
3492.8000,92.4368,1.0575,86.9666,4.7906,0.4538
3492.9000,92.4577,1.0595,84.4258,4.7906,0.4538
3493.0000,92.4742,1.0616,83.1282,4.7906,0.4538
3493.1000,92.4895,1.0636,82.7016,4.7906,0.4538
3493.2000,92.5040,1.0656,82.4410,4.7906,0.4537
3493.3000,92.5180,1.0676,82.3740,4.7906,0.4537
3493.4000,92.5320,1.0696,81.9881,4.7906,0.4537
3493.5000,92.5442,1.0715,80.5687,4.7906,0.4537
3493.6000,92.5522,1.0734,78.0671,4.7906,0.4536
3493.7000,92.5540,1.0753,75.5578,4.7906,0.4536
3493.8000,92.5516,1.0772,73.7834,4.7906,0.4536
3493.9000,92.5461,1.0791,73.4768,4.7906,0.4536
3494.0000,92.5424,1.0809,74.7197,4.7906,0.4536
3494.1000,92.5418,1.0827,76.1840,4.7906,0.4536
3494.2000,92.5439,1.0845,77.4882,4.7906,0.4536
3494.3000,92.5485,1.0863,78.5250,4.7906,0.4536
3494.4000,92.5547,1.0880,78.9409,4.7906,0.4536
3494.5000,92.5609,1.0897,78.8269,4.7906,0.4536
3494.6000,92.5664,1.0914,78.6793,4.7906,0.4535
3494.7000,92.5718,1.0931,78.2482,4.7906,0.4535
3494.8000,92.5755,1.0948,78.2614,4.7906,0.4535
3494.9000,92.5808,1.0964,78.7084,4.7906,0.4535
3495.0000,92.5861,1.0980,77.9795,4.7906,0.4535
3495.1000,92.5883,1.0995,76.4087,4.7906,0.4535
3495.2000,92.5871,1.1011,75.4094,4.7906,0.4535
3495.3000,92.5851,1.1026,74.2762,4.7906,0.4534
3495.4000,92.5792,1.1041,71.8849,4.7906,0.4535
3495.5000,92.5674,1.1056,69.9588,4.7906,0.4535
3495.6000,92.5537,1.1070,68.8735,4.7906,0.4535
3495.7000,92.5374,1.1084,67.7342,4.7906,0.4535
3495.8000,92.5190,1.1098,66.9258,4.7906,0.4535
3495.9000,92.4995,1.1111,67.3030,4.7906,0.4535
3496.0000,92.4827,1.1125,68.5646,4.7906,0.4535
3496.1000,92.4683,1.1138,69.9519,4.7906,0.4535
3496.2000,92.4572,1.1150,71.2186,4.7906,0.4535
3496.3000,92.4480,1.1163,72.0956,4.7906,0.4535
3496.4000,92.4404,1.1175,72.9363,4.7906,0.4535
3496.5000,92.4347,1.1187,73.6346,4.7906,0.4535
3496.6000,92.4299,1.1198,74.5632,4.7906,0.4535
3496.7000,92.4279,1.1210,75.7134,4.7906,0.4535
3496.8000,92.4277,1.1221,76.7333,4.7906,0.4535
3496.9000,92.4298,1.1231,77.6687,4.7906,0.4535
3497.0000,92.4334,1.1242,78.2180,4.7906,0.4535
3497.1000,92.4376,1.1252,78.2994,4.7906,0.4535
3497.2000,92.4415,1.1261,78.3985,4.7906,0.4534
3497.3000,92.4460,1.1271,77.9836,4.7906,0.4534
3497.4000,92.4480,1.1280,75.9756,4.7906,0.4534
3497.5000,92.4443,1.1289,73.6178,4.7906,0.4534
3497.6000,92.4367,1.1297,71.6238,4.7906,0.4534
3497.7000,92.4248,1.1305,69.5070,4.7906,0.4534
3497.8000,92.4085,1.1313,68.2018,4.7906,0.4534
3497.9000,92.3914,1.1321,68.1032,4.7906,0.4534
3498.0000,92.3748,1.1328,68.5153,4.7906,0.4535
3498.1000,92.3594,1.1335,68.5025,4.7906,0.4535
3498.2000,92.3428,1.1342,67.8633,4.7906,0.4535
3498.3000,92.3248,1.1348,67.0717,4.7906,0.4535
3498.4000,92.3051,1.1354,66.8776,4.7906,0.4535
3498.5000,92.2864,1.1359,66.9546,4.7906,0.4535
3498.6000,92.2671,1.1365,67.6300,4.7906,0.4535
3498.7000,92.2513,1.1369,69.0808,4.7906,0.4535
3498.8000,92.2379,1.1374,69.9184,4.7906,0.4536
3498.9000,92.2256,1.1378,69.6653,4.7906,0.4536
3499.0000,92.2113,1.1382,68.3273,4.7906,0.4536
3499.1000,92.1936,1.1386,66.0773,4.7906,0.4536
3499.2000,92.1702,1.1389,63.5275,4.7906,0.4536
3499.3000,92.1421,1.1392,61.3369,4.7906,0.4536
3499.4000,92.1099,1.1395,59.3544,4.7906,0.4537
3499.5000,92.0739,1.1397,58.0442,4.7906,0.4537
3499.6000,92.0365,1.1399,57.3107,4.7906,0.4538
3499.7000,91.9977,1.1400,56.6775,4.7906,0.4538
3499.8000,91.9580,1.1401,56.3829,4.7906,0.4538
3499.9000,91.9183,1.1402,56.4151,4.7906,0.4539
3500.0000,91.8789,1.1403,56.9880,4.7906,0.4539
3500.1000,91.8417,1.1403,58.1191,4.7906,0.4540
3500.2000,91.8072,1.1403,59.4710,4.7906,0.4540
3500.3000,91.7759,1.1402,61.0073,4.7906,0.4540
3500.4000,91.7479,1.1401,62.1517,4.7906,0.4540
3500.5000,91.7215,1.1400,61.9800,4.7906,0.4541
3500.6000,91.6930,1.1398,60.7355,4.7906,0.4541
3500.7000,91.6616,1.1397,58.8521,4.7906,0.4541
3500.8000,91.6255,1.1394,56.4326,4.7906,0.4542
3500.9000,91.5844,1.1392,54.2092,4.7906,0.4542
3501.0000,91.5395,1.1389,52.7645,4.7906,0.4543
3501.1000,91.4927,1.1385,52.2712,4.7906,0.4543
3501.2000,91.4461,1.1382,52.3126,4.7906,0.4544
3501.3000,91.3998,1.1378,52.5636,4.7906,0.4544
3501.4000,91.3545,1.1373,52.6414,4.7906,0.4545
3501.5000,91.3088,1.1369,52.7934,4.7906,0.4545
3501.6000,91.2644,1.1363,53.4895,4.7906,0.4546
3501.7000,91.2219,1.1358,54.4143,4.7906,0.4546
3501.8000,91.1817,1.1352,54.9298,4.7906,0.4547
3501.9000,91.1416,1.1346,55.3930,4.7906,0.4547
3502.0000,91.1036,1.1340,55.8953,4.7906,0.4548
3502.1000,91.0659,1.1333,55.4462,4.7906,0.4548
3502.2000,91.0263,1.1326,54.5954,4.7906,0.4549
3502.3000,90.9854,1.1318,54.5125,4.7906,0.4549
3502.4000,90.9457,1.1310,55.5244,4.7906,0.4549
3502.5000,90.9093,1.1302,56.5512,4.7906,0.4550
3502.6000,90.8742,1.1294,58.0225,4.7906,0.4550
3502.7000,90.8441,1.1285,60.2860,4.7906,0.4551
3502.8000,90.8187,1.1275,62.3891,4.7906,0.4551
3502.9000,90.7976,1.1266,64.0879,4.7906,0.4551
3503.0000,90.7795,1.1256,65.2050,4.7906,0.4551
3503.1000,90.7632,1.1246,65.2214,4.7906,0.4551
3503.2000,90.7453,1.1235,64.2489,4.7906,0.4552
3503.3000,90.7252,1.1224,62.9789,4.7906,0.4552
3503.4000,90.7022,1.1213,61.3139,4.7906,0.4552
3503.5000,90.6754,1.1201,60.1679,4.7906,0.4552
3503.6000,90.6479,1.1189,60.1647,4.7906,0.4553
3503.7000,90.6214,1.1177,61.2936,4.7906,0.4553
3503.8000,90.5988,1.1164,63.2187,4.7906,0.4553
3503.9000,90.5805,1.1151,64.9170,4.7906,0.4554
3504.0000,90.5652,1.1137,66.2066,4.7906,0.4554
3504.1000,90.5525,1.1124,66.9122,4.7906,0.4554
3504.2000,90.5404,1.1110,66.7259,4.7906,0.4554
3504.3000,90.5270,1.1095,66.1380,4.7906,0.4554
3504.4000,90.5126,1.1080,65.8550,4.7906,0.4554
3504.5000,90.4983,1.1065,65.6869,4.7906,0.4554
3504.6000,90.4834,1.1050,65.6002,4.7906,0.4555
3504.7000,90.4689,1.1034,65.2146,4.7906,0.4555
3504.8000,90.4526,1.1018,63.8441,4.7906,0.4555
3504.9000,90.4327,1.1002,62.4953,4.7906,0.4555
3505.0000,90.4109,1.0985,61.6726,4.7906,0.4556
3505.1000,90.3878,1.0968,61.3301,4.7906,0.4556
3505.2000,90.3649,1.0950,61.7875,4.7906,0.4556
3505.3000,90.3440,1.0933,62.8649,4.7906,0.4556
3505.4000,90.3259,1.0915,63.1447,4.7906,0.4557
3505.5000,90.3063,1.0896,62.2851,4.7906,0.4557
3505.6000,90.2848,1.0878,60.9938,4.7906,0.4557
3505.7000,90.2602,1.0859,59.3342,4.7906,0.4558
3505.8000,90.2321,1.0839,57.8387,4.7906,0.4558
3505.9000,90.2014,1.0820,57.5800,4.7906,0.4558
3506.0000,90.1726,1.0800,58.0002,4.7906,0.4559
3506.1000,90.1440,1.0779,58.0349,4.7906,0.4559
3506.2000,90.1156,1.0759,58.0646,4.7906,0.4559
3506.3000,90.0875,1.0738,57.6160,4.7906,0.4560
3506.4000,90.0576,1.0717,56.0341,4.7906,0.4560
3506.5000,90.0232,1.0695,54.3063,4.7906,0.4561
3506.6000,89.9863,1.0673,53.7391,4.7906,0.4561
3506.7000,89.9499,1.0651,54.2245,4.7906,0.4562
3506.8000,89.9155,1.0629,56.0391,4.7906,0.4562
3506.9000,89.8871,1.0606,59.1710,4.7906,0.4562
3507.0000,89.8661,1.0583,62.1628,4.7906,0.4563
3507.1000,89.8506,1.0559,63.8661,4.7906,0.4563
3507.2000,89.8370,1.0536,64.5474,4.7906,0.4563
3507.3000,89.8246,1.0512,64.4521,4.7906,0.4563
3507.4000,89.8109,1.0488,64.1920,4.7906,0.4564
3507.5000,89.7976,1.0463,64.9899,4.7906,0.4564
3507.6000,89.7876,1.0438,66.9068,4.7906,0.4564
3507.7000,89.7826,1.0413,69.1124,4.7906,0.4564
3507.8000,89.7820,1.0388,70.8283,4.7906,0.4564
3507.9000,89.7844,1.0362,71.6278,4.7906,0.4564
3508.0000,89.7873,1.0336,71.6376,4.7906,0.4564
3508.1000,89.7900,1.0310,71.6913,4.7906,0.4564
3508.2000,89.7933,1.0283,72.6283,4.7906,0.4564
3508.3000,89.8000,1.0257,74.6486,4.7906,0.4564
3508.4000,89.8119,1.0230,77.3364,4.7906,0.4564
3508.5000,89.8300,1.0202,79.9471,4.7906,0.4564
3508.6000,89.8530,1.0175,81.6554,4.7906,0.4564
3508.7000,89.8783,1.0147,82.5676,4.7906,0.4563
3508.8000,89.9051,1.0118,82.9858,4.7906,0.4563
3508.9000,89.9322,1.0090,82.6062,4.7906,0.4563
3509.0000,89.9574,1.0061,81.6248,4.7906,0.4562
3509.1000,89.9803,1.0032,80.3305,4.7906,0.4562
3509.2000,90.0001,1.0003,78.2743,4.7906,0.4562
3509.3000,90.0145,0.9973,75.7450,4.7906,0.4562
3509.4000,90.0238,0.9944,73.6607,4.7906,0.4562
3509.5000,90.0295,0.9913,72.2698,4.7906,0.4562
3509.6000,90.0331,0.9883,71.4964,4.7906,0.4562
3509.7000,90.0358,0.9853,70.8681,4.7906,0.4562
3509.8000,90.0370,0.9822,69.9231,4.7906,0.4562
3509.9000,90.0359,0.9791,68.7952,4.7906,0.4562
3510.0000,90.0326,0.9759,67.8513,4.7906,0.4562
3510.1000,90.0278,0.9728,67.0804,4.7906,0.4562
3510.2000,90.0214,0.9696,66.6082,4.7906,0.4563
3510.3000,90.0149,0.9664,66.3317,4.7906,0.4563
3510.4000,90.0077,0.9632,65.8730,4.7906,0.4563
3510.5000,89.9995,0.9599,65.0838,4.7906,0.4563
3510.6000,89.9893,0.9567,64.1865,4.7906,0.4563
3510.7000,89.9776,0.9534,63.4946,4.7906,0.4564
3510.8000,89.9647,0.9501,62.9505,4.7906,0.4564
3510.9000,89.9511,0.9467,62.3792,4.7906,0.4564
3511.0000,89.9362,0.9434,61.4457,4.7906,0.4564
3511.1000,89.9190,0.9400,60.5623,4.7906,0.4565
3511.2000,89.9006,0.9366,59.9559,4.7906,0.4565
3511.3000,89.8812,0.9332,60.4456,4.7906,0.4565
3511.4000,89.8653,0.9298,62.3751,4.7906,0.4566
3511.5000,89.8543,0.9263,64.5157,4.7906,0.4566
3511.6000,89.8477,0.9229,65.9191,4.7906,0.4566
3511.7000,89.8430,0.9194,66.6100,4.7906,0.4566
3511.8000,89.8395,0.9159,66.4516,4.7906,0.4566
3511.9000,89.8343,0.9123,65.3067,4.7906,0.4566
3512.0000,89.8264,0.9088,64.7359,4.7906,0.4567
3512.1000,89.8191,0.9052,65.2865,4.7906,0.4567
3512.2000,89.8137,0.9017,65.9198,4.7906,0.4567
3512.3000,89.8093,0.8981,66.6970,4.7906,0.4567
3512.4000,89.8075,0.8945,68.2337,4.7906,0.4567
3512.5000,89.8099,0.8908,69.6773,4.7906,0.4567
3512.6000,89.8143,0.8872,70.6808,4.7906,0.4567
3512.7000,89.8211,0.8835,72.1455,4.7906,0.4567
3512.8000,89.8320,0.8798,73.5435,4.7906,0.4567
3512.9000,89.8448,0.8761,73.8598,4.7906,0.4567
3513.0000,89.8572,0.8724,73.8335,4.7906,0.4567
3513.1000,89.8701,0.8687,74.1340,4.7906,0.4567
3513.2000,89.8838,0.8650,73.9384,4.7906,0.4567
3513.3000,89.8960,0.8612,73.3747,4.7906,0.4567
3513.4000,89.9076,0.8575,73.6965,4.7906,0.4567
3513.5000,89.9214,0.8537,74.2302,4.7906,0.4567
3513.6000,89.9353,0.8499,74.3519,4.7906,0.4567
3513.7000,89.9497,0.8461,75.1261,4.7906,0.4567
3513.8000,89.9671,0.8423,76.1387,4.7906,0.4567
3513.9000,89.9859,0.8384,76.1682,4.7906,0.4567
3514.0000,90.0035,0.8346,75.6102,4.7906,0.4567
3514.1000,90.0201,0.8307,74.9403,4.7906,0.4567
3514.2000,90.0350,0.8269,74.1246,4.7906,0.4567
3514.3000,90.0484,0.8230,73.5113,4.7906,0.4567
3514.4000,90.0609,0.8191,73.3999,4.7906,0.4567
3514.5000,90.0740,0.8152,73.6347,4.7906,0.4567
3514.6000,90.0877,0.8113,73.8510,4.7906,0.4567
3514.7000,90.1018,0.8074,73.9753,4.7906,0.4566
3514.8000,90.1162,0.8034,73.8169,4.7906,0.4566
3514.9000,90.1298,0.7995,72.7586,4.7906,0.4566
3515.0000,90.1399,0.7956,71.1591,4.7906,0.4566
3515.1000,90.1470,0.7916,68.9679,4.7906,0.4567
3515.2000,90.1482,0.7876,65.5063,4.7906,0.4567
3515.3000,90.1410,0.7837,61.4849,4.7906,0.4567
3515.4000,90.1257,0.7797,58.2888,4.7906,0.4567
3515.5000,90.1055,0.7757,56.2660,4.7906,0.4568
3515.6000,90.0821,0.7717,55.0451,4.7906,0.4568
3515.7000,90.0572,0.7678,54.7664,4.7906,0.4569
3515.8000,90.0330,0.7638,55.8901,4.7906,0.4569
3515.9000,90.0133,0.7598,57.4623,4.7906,0.4570
3516.0000,89.9961,0.7558,58.5186,4.7906,0.4570
3516.1000,89.9812,0.7518,59.7622,4.7906,0.4570
3516.2000,89.9696,0.7478,61.3631,4.7906,0.4571
3516.3000,89.9618,0.7438,62.1063,4.7906,0.4571
3516.4000,89.9536,0.7398,62.5321,4.7906,0.4571
3516.5000,89.9479,0.7358,63.5675,4.7906,0.4571
3516.6000,89.9443,0.7317,64.2933,4.7906,0.4572
3516.7000,89.9420,0.7277,64.6682,4.7906,0.4572
3516.8000,89.9403,0.7237,65.1045,4.7906,0.4572
3516.9000,89.9401,0.7197,65.3977,4.7906,0.4572
3517.0000,89.9399,0.7157,65.3488,4.7906,0.4572
3517.1000,89.9397,0.7117,65.1338,4.7906,0.4572
3517.2000,89.9389,0.7077,64.4741,4.7906,0.4573
3517.3000,89.9363,0.7037,63.5990,4.7906,0.4573
3517.4000,89.9321,0.6997,62.9014,4.7906,0.4573
3517.5000,89.9268,0.6957,61.6944,4.7906,0.4573
3517.6000,89.9178,0.6916,60.2432,4.7906,0.4574
3517.7000,89.9068,0.6876,59.1637,4.7906,0.4574
3517.8000,89.8936,0.6836,58.2568,4.7906,0.4574
3517.9000,89.8791,0.6797,57.5696,4.7906,0.4575
3518.0000,89.8635,0.6757,57.3211,4.7906,0.4575
3518.1000,89.8483,0.6717,57.2877,4.7906,0.4576
3518.2000,89.8329,0.6677,57.4604,4.7906,0.4576
3518.3000,89.8188,0.6637,57.8250,4.7906,0.4576
3518.4000,89.8052,0.6598,57.6850,4.7906,0.4577
3518.5000,89.7909,0.6558,57.3704,4.7906,0.4577
3518.6000,89.7764,0.6518,57.3498,4.7906,0.4578
3518.7000,89.7623,0.6479,57.0012,4.7906,0.4578
3518.8000,89.7467,0.6440,56.2507,4.7906,0.4578
3518.9000,89.7299,0.6400,55.8322,4.7906,0.4579
3519.0000,89.7129,0.6361,55.8048,4.7906,0.4579
3519.1000,89.6963,0.6322,55.7233,4.7906,0.4580
3519.2000,89.6793,0.6283,55.7729,4.7906,0.4580
3519.3000,89.6633,0.6244,55.8220,4.7906,0.4581
3519.4000,89.6469,0.6205,55.0364,4.7906,0.4581
3519.5000,89.6280,0.6166,53.6289,4.7906,0.4581
3519.6000,89.6060,0.6127,51.8676,4.7906,0.4582
3519.7000,89.5801,0.6089,50.0175,4.7906,0.4583
3519.8000,89.5507,0.6050,48.4761,4.7906,0.4583
3519.9000,89.5187,0.6012,48.0227,4.7906,0.4584
3520.0000,89.4879,0.5974,48.1484,4.7906,0.4584
3520.1000,89.4568,0.5936,48.8976,4.7906,0.4585
3520.2000,89.4297,0.5898,50.3196,4.7906,0.4586
3520.3000,89.4050,0.5860,52.0113,4.7906,0.4586
3520.4000,89.3854,0.5823,53.5732,4.7906,0.4587
3520.5000,89.3677,0.5785,55.0826,4.7906,0.4587
3520.6000,89.3548,0.5748,56.5372,4.7906,0.4588
3520.7000,89.3436,0.5711,56.7995,4.7906,0.4588
3520.8000,89.3322,0.5674,56.6938,4.7906,0.4588
3520.9000,89.3209,0.5637,56.8957,4.7906,0.4589
3521.0000,89.3106,0.5600,56.8177,4.7906,0.4589
3521.1000,89.2993,0.5563,56.2749,4.7906,0.4590
3521.2000,89.2870,0.5527,56.0840,4.7906,0.4590
3521.3000,89.2752,0.5491,55.3671,4.7906,0.4590
3521.4000,89.2602,0.5455,54.4411,4.7906,0.4591
3521.5000,89.2448,0.5419,54.6706,4.7906,0.4591
3521.6000,89.2312,0.5383,55.8061,4.7906,0.4592
3521.7000,89.2209,0.5347,57.4804,4.7906,0.4592
3521.8000,89.2147,0.5312,59.6520,4.7906,0.4593
3521.9000,89.2139,0.5277,61.3600,4.7906,0.4593
3522.0000,89.2151,0.5242,62.2985,4.7906,0.4593
3522.1000,89.2185,0.5207,63.7860,4.7906,0.4593
3522.2000,89.2262,0.5172,66.0209,4.7906,0.4593
3522.3000,89.2393,0.5138,68.4653,4.7906,0.4594
3522.4000,89.2575,0.5104,70.2992,4.7906,0.4594
3522.5000,89.2784,0.5070,70.9621,4.7906,0.4594
3522.6000,89.2995,0.5036,70.3411,4.7906,0.4594
3522.7000,89.3179,0.5002,68.8179,4.7906,0.4594
3522.8000,89.3327,0.4969,67.1518,4.7906,0.4594
3522.9000,89.3441,0.4936,66.0063,4.7906,0.4594
3523.0000,89.3542,0.4903,65.2104,4.7906,0.4594
3523.1000,89.3625,0.4870,64.2377,4.7906,0.4595
3523.2000,89.3686,0.4837,63.5510,4.7906,0.4595
3523.3000,89.3741,0.4805,63.1823,4.7906,0.4595
3523.4000,89.3789,0.4773,62.6838,4.7906,0.4595
3523.5000,89.3825,0.4741,62.0538,4.7906,0.4596
3523.6000,89.3848,0.4710,61.5281,4.7906,0.4596
3523.7000,89.3863,0.4678,61.1130,4.7906,0.4596
3523.8000,89.3871,0.4647,61.2258,4.7906,0.4596
3523.9000,89.3893,0.4616,61.9965,4.7906,0.4597
3524.0000,89.3935,0.4586,63.2326,4.7906,0.4597
3524.1000,89.4012,0.4555,64.4975,4.7906,0.4597
3524.2000,89.4109,0.4525,65.4053,4.7906,0.4597
3524.3000,89.4225,0.4496,66.0669,4.7906,0.4597
3524.4000,89.4351,0.4466,66.9018,4.7906,0.4598
3524.5000,89.4504,0.4437,68.3205,4.7906,0.4598
3524.6000,89.4691,0.4408,70.0588,4.7906,0.4598
3524.7000,89.4918,0.4379,72.1549,4.7906,0.4598
3524.8000,89.5193,0.4351,74.0371,4.7906,0.4598
3524.9000,89.5500,0.4322,75.1966,4.7906,0.4598
3525.0000,89.5824,0.4294,75.7334,4.7906,0.4598
3525.1000,89.6152,0.4267,76.0989,4.7906,0.4598
3525.2000,89.6492,0.4239,76.4223,4.7906,0.4597
3525.3000,89.6833,0.4212,76.1670,4.7906,0.4597
3525.4000,89.7161,0.4186,75.3376,4.7906,0.4597
3525.5000,89.7467,0.4159,74.0593,4.7906,0.4597
3525.6000,89.7741,0.4133,71.9917,4.7906,0.4597
3525.7000,89.7959,0.4107,68.8098,4.7906,0.4597
3525.8000,89.8099,0.4082,65.4878,4.7906,0.4597
3525.9000,89.8179,0.4056,62.6492,4.7906,0.4598
3526.0000,89.8201,0.4031,60.1964,4.7906,0.4598
3526.1000,89.8180,0.4007,58.6981,4.7906,0.4598
3526.2000,89.8140,0.3983,57.8241,4.7906,0.4599
3526.3000,89.8084,0.3959,56.9291,4.7906,0.4599
3526.4000,89.8009,0.3935,56.5340,4.7906,0.4600
3526.5000,89.7938,0.3912,56.5976,4.7906,0.4600
3526.6000,89.7868,0.3889,56.8840,4.7906,0.4600
3526.7000,89.7811,0.3866,57.9431,4.7906,0.4601
3526.8000,89.7787,0.3844,59.0204,4.7906,0.4601
3526.9000,89.7777,0.3822,59.3095,4.7906,0.4601
3527.0000,89.7767,0.3800,59.4372,4.7906,0.4602
3527.1000,89.7764,0.3779,58.7187,4.7906,0.4602
3527.2000,89.7725,0.3758,56.8120,4.7906,0.4603
3527.3000,89.7643,0.3738,54.9650,4.7906,0.4603
3527.4000,89.7529,0.3717,53.1421,4.7906,0.4604
3527.5000,89.7373,0.3697,51.1372,4.7906,0.4604
3527.6000,89.7176,0.3678,49.7256,4.7906,0.4605
3527.7000,89.6963,0.3659,48.7894,4.7906,0.4605
3527.8000,89.6729,0.3640,48.2786,4.7906,0.4606
3527.9000,89.6497,0.3622,48.4797,4.7906,0.4607
3528.0000,89.6275,0.3604,48.7200,4.7906,0.4607
3528.1000,89.6055,0.3586,48.0935,4.7906,0.4608
3528.2000,89.5809,0.3569,47.2403,4.7906,0.4608
3528.3000,89.5556,0.3552,46.7940,4.7906,0.4609
3528.4000,89.5294,0.3535,46.3400,4.7906,0.4610
3528.5000,89.5025,0.3519,45.9974,4.7906,0.4610
3528.6000,89.4750,0.3504,46.4649,4.7906,0.4611
3528.7000,89.4504,0.3488,47.6153,4.7906,0.4612
3528.8000,89.4280,0.3473,48.6042,4.7906,0.4612
3528.9000,89.4078,0.3459,49.8038,4.7906,0.4613
3529.0000,89.3907,0.3444,51.8359,4.7906,0.4614
3529.1000,89.3793,0.3431,54.6120,4.7906,0.4614
3529.2000,89.3741,0.3417,57.3685,4.7906,0.4614
3529.3000,89.3744,0.3404,59.9045,4.7906,0.4615
3529.4000,89.3801,0.3392,62.3310,4.7906,0.4615
3529.5000,89.3906,0.3379,64.5382,4.7906,0.4615
3529.6000,89.4056,0.3367,65.8671,4.7906,0.4615
3529.7000,89.4218,0.3356,66.9614,4.7906,0.4615
3529.8000,89.4414,0.3345,68.0759,4.7906,0.4616
3529.9000,89.4622,0.3334,68.2003,4.7906,0.4616
3530.0000,89.4823,0.3324,67.6279,4.7906,0.4616
3530.1000,89.5006,0.3314,67.2095,4.7906,0.4616
3530.2000,89.5188,0.3304,66.6697,4.7906,0.4616
3530.3000,89.5348,0.3295,65.8923,4.7906,0.4616
3530.4000,89.5497,0.3287,65.7289,4.7906,0.4616
3530.5000,89.5650,0.3278,65.7206,4.7906,0.4617
3530.6000,89.5798,0.3270,65.2322,4.7906,0.4617
3530.7000,89.5930,0.3263,64.5197,4.7906,0.4617
3530.8000,89.6047,0.3256,63.4517,4.7906,0.4617
3530.9000,89.6134,0.3249,61.9782,4.7906,0.4618
3531.0000,89.6189,0.3243,60.1937,4.7906,0.4618
3531.1000,89.6201,0.3237,58.4079,4.7906,0.4618
3531.2000,89.6181,0.3232,56.8048,4.7906,0.4619
3531.3000,89.6125,0.3227,55.5490,4.7906,0.4619
3531.4000,89.6054,0.3222,55.0268,4.7906,0.4620
3531.5000,89.5977,0.3218,54.7632,4.7906,0.4620
3531.6000,89.5895,0.3214,54.3516,4.7906,0.4620
3531.7000,89.5801,0.3211,53.4418,4.7906,0.4621
3531.8000,89.5681,0.3208,52.4805,4.7906,0.4621
3531.9000,89.5548,0.3206,52.1396,4.7906,0.4622
3532.0000,89.5415,0.3204,52.4478,4.7906,0.4623
3532.1000,89.5296,0.3202,53.2455,4.7906,0.4623
3532.2000,89.5197,0.3201,54.3487,4.7906,0.4623
3532.3000,89.5125,0.3200,55.1495,4.7906,0.4624
3532.4000,89.5061,0.3199,54.7883,4.7906,0.4624
3532.5000,89.4974,0.3199,53.5504,4.7906,0.4625
3532.6000,89.4858,0.3200,52.4843,4.7906,0.4625
3532.7000,89.4727,0.3201,52.2751,4.7906,0.4626
3532.8000,89.4603,0.3202,52.7470,4.7906,0.4626
3532.9000,89.4493,0.3204,53.4629,4.7906,0.4627
3533.0000,89.4400,0.3206,54.6728,4.7906,0.4627
3533.1000,89.4341,0.3209,56.5416,4.7906,0.4628
3533.2000,89.4326,0.3212,58.6568,4.7906,0.4628
3533.3000,89.4357,0.3215,60.3526,4.7906,0.4628
3533.4000,89.4414,0.3219,61.3247,4.7906,0.4629
3533.5000,89.4484,0.3223,61.8227,4.7906,0.4629
3533.6000,89.4562,0.3228,61.7010,4.7906,0.4629
3533.7000,89.4626,0.3233,60.1034,4.7906,0.4630
3533.8000,89.4635,0.3239,58.5547,4.7906,0.4630
3533.9000,89.4634,0.3245,58.5338,4.7906,0.4630
3534.0000,89.4642,0.3251,59.3650,4.7906,0.4631
3534.1000,89.4675,0.3258,60.1201,4.7906,0.4631
3534.2000,89.4714,0.3265,61.5517,4.7906,0.4631
3534.3000,89.4808,0.3273,64.0712,4.7906,0.4631
3534.4000,89.4952,0.3281,66.2304,4.7906,0.4632
3534.5000,89.5134,0.3289,67.6334,4.7906,0.4632
3534.6000,89.5336,0.3298,68.8871,4.7906,0.4632
3534.7000,89.5570,0.3308,70.1128,4.7906,0.4632
3534.8000,89.5821,0.3317,70.0469,4.7906,0.4632
3534.9000,89.6049,0.3328,69.1324,4.7906,0.4632
3535.0000,89.6259,0.3338,68.4728,4.7906,0.4632
3535.1000,89.6458,0.3349,68.3241,4.7906,0.4632
3535.2000,89.6659,0.3361,68.6483,4.7906,0.4632
3535.3000,89.6869,0.3373,69.2505,4.7906,0.4633
3535.4000,89.7094,0.3385,70.2455,4.7906,0.4633
3535.5000,89.7344,0.3398,71.0676,4.7906,0.4633
3535.6000,89.7601,0.3411,71.6024,4.7906,0.4633
3535.7000,89.7870,0.3425,72.1781,4.7906,0.4633
3535.8000,89.8148,0.3439,73.5895,4.7906,0.4633
3535.9000,89.8474,0.3453,75.4871,4.7906,0.4633
3536.0000,89.8829,0.3468,77.4454,4.7906,0.4632
3536.1000,89.9233,0.3483,79.2998,4.7906,0.4632
3536.2000,89.9662,0.3499,80.3521,4.7906,0.4632
3536.3000,90.0106,0.3515,79.9988,4.7906,0.4632
3536.4000,90.0515,0.3532,79.0243,4.7906,0.4632
3536.5000,90.0915,0.3549,78.1666,4.7906,0.4631
3536.6000,90.1284,0.3566,76.7621,4.7906,0.4631
3536.7000,90.1621,0.3584,75.5819,4.7906,0.4631
3536.8000,90.1937,0.3602,75.2287,4.7906,0.4631
3536.9000,90.2255,0.3621,74.8646,4.7906,0.4631
3537.0000,90.2553,0.3640,74.3827,4.7906,0.4631
3537.1000,90.2847,0.3659,74.4572,4.7906,0.4631
3537.2000,90.3145,0.3679,74.3395,4.7906,0.4631
3537.3000,90.3431,0.3699,73.6621,4.7906,0.4631
3537.4000,90.3696,0.3720,72.7190,4.7906,0.4631
3537.5000,90.3940,0.3741,71.2223,4.7906,0.4631
3537.6000,90.4140,0.3763,69.3891,4.7906,0.4631
3537.7000,90.4304,0.3785,68.1169,4.7906,0.4631
3537.8000,90.4448,0.3807,68.1078,4.7906,0.4631
3537.9000,90.4609,0.3830,69.3440,4.7906,0.4631
3538.0000,90.4802,0.3853,70.9628,4.7906,0.4631
3538.1000,90.5028,0.3876,72.6642,4.7906,0.4631
3538.2000,90.5289,0.3900,73.9728,4.7906,0.4631
3538.3000,90.5566,0.3925,74.3372,4.7906,0.4631
3538.4000,90.5839,0.3949,74.3428,4.7906,0.4631
3538.5000,90.6112,0.3974,74.5528,4.7906,0.4631
3538.6000,90.6390,0.4000,75.0105,4.7906,0.4631
3538.7000,90.6679,0.4026,75.6037,4.7906,0.4631
3538.8000,90.6977,0.4052,75.5696,4.7906,0.4631
3538.9000,90.7261,0.4079,75.0871,4.7906,0.4631
3539.0000,90.7536,0.4106,75.0260,4.7906,0.4631
3539.1000,90.7813,0.4133,74.6897,4.7906,0.4631
3539.2000,90.8070,0.4161,73.2923,4.7906,0.4631
3539.3000,90.8285,0.4189,71.8536,4.7906,0.4631
3539.4000,90.8479,0.4218,70.9980,4.7906,0.4631
3539.5000,90.8655,0.4247,70.0633,4.7906,0.4631
3539.6000,90.8807,0.4276,68.9052,4.7906,0.4631
3539.7000,90.8932,0.4306,68.3538,4.7906,0.4631
3539.8000,90.9058,0.4336,68.4277,4.7906,0.4631
3539.9000,90.9183,0.4366,67.2970,4.7906,0.4631
3540.0000,90.9259,0.4397,64.8462,4.7906,0.4632
3540.1000,90.9280,0.4428,62.8284,4.7906,0.4632
3540.2000,90.9270,0.4460,61.6588,4.7906,0.4632
3540.3000,90.9241,0.4491,60.3008,4.7906,0.4632
3540.4000,90.9172,0.4524,58.8151,4.7906,0.4633
3540.5000,90.9079,0.4556,58.0710,4.7906,0.4633
3540.6000,90.8978,0.4589,57.7042,4.7906,0.4634
3540.7000,90.8868,0.4622,56.7762,4.7906,0.4634
3540.8000,90.8727,0.4656,55.9871,4.7906,0.4634
3540.9000,90.8583,0.4689,56.2849,4.7906,0.4635
3541.0000,90.8453,0.4724,56.4162,4.7906,0.4635
3541.1000,90.8313,0.4758,56.0206,4.7906,0.4636
3541.2000,90.8165,0.4793,55.9565,4.7906,0.4636
3541.3000,90.8021,0.4828,56.0836,4.7906,0.4636
3541.4000,90.7876,0.4863,56.4092,4.7906,0.4637
3541.5000,90.7744,0.4899,57.2855,4.7906,0.4637
3541.6000,90.7635,0.4935,58.1354,4.7906,0.4638
3541.7000,90.7536,0.4971,58.6191,4.7906,0.4638
3541.8000,90.7445,0.5008,59.3082,4.7906,0.4638
3541.9000,90.7374,0.5045,59.5096,4.7906,0.4639
3542.0000,90.7288,0.5082,59.3770,4.7906,0.4639
3542.1000,90.7210,0.5120,59.0449,4.7906,0.4639
3542.2000,90.7109,0.5158,58.3369,4.7906,0.4640
3542.3000,90.6998,0.5196,57.1962,4.7906,0.4640
3542.4000,90.6848,0.5234,56.3337,4.7906,0.4641
3542.5000,90.6700,0.5273,56.1800,4.7906,0.4641
3542.6000,90.6542,0.5312,56.8442,4.7906,0.4641
3542.7000,90.6420,0.5351,58.7225,4.7906,0.4642
3542.8000,90.6338,0.5390,60.9679,4.7906,0.4642
3542.9000,90.6307,0.5430,62.5546,4.7906,0.4642
3543.0000,90.6289,0.5470,63.5420,4.7906,0.4643
3543.1000,90.6297,0.5510,64.2713,4.7906,0.4643
3543.2000,90.6306,0.5551,63.8879,4.7906,0.4643
3543.3000,90.6295,0.5591,63.1504,4.7906,0.4643
3543.4000,90.6271,0.5632,62.9360,4.7906,0.4643
3543.5000,90.6249,0.5674,62.8256,4.7906,0.4644
3543.6000,90.6217,0.5715,63.2133,4.7906,0.4644
3543.7000,90.6208,0.5757,64.4774,4.7906,0.4644
3543.8000,90.6227,0.5799,65.6408,4.7906,0.4644
3543.9000,90.6264,0.5841,67.2344,4.7906,0.4644
3544.0000,90.6345,0.5884,70.2217,4.7906,0.4645
3544.1000,90.6503,0.5926,73.1652,4.7906,0.4645
3544.2000,90.6703,0.5969,75.8544,4.7906,0.4644
3544.3000,90.6969,0.6012,79.0714,4.7906,0.4644
3544.4000,90.7298,0.6056,81.9188,4.7906,0.4644
3544.5000,90.7677,0.6099,83.8654,4.7906,0.4644
3544.6000,90.8081,0.6143,85.1570,4.7906,0.4643
3544.7000,90.8508,0.6187,85.7988,4.7906,0.4643
3544.8000,90.8933,0.6231,85.9678,4.7906,0.4643
3544.9000,90.9360,0.6276,85.7608,4.7906,0.4642
3545.0000,90.9770,0.6321,85.0719,4.7906,0.4642
3545.1000,91.0162,0.6365,84.5741,4.7906,0.4642
3545.2000,91.0546,0.6411,84.6171,4.7906,0.4641
3545.3000,91.0934,0.6456,84.7302,4.7906,0.4641
3545.4000,91.1316,0.6501,84.2992,4.7906,0.4641
3545.5000,91.1680,0.6547,83.3423,4.7906,0.4640
3545.6000,91.2017,0.6593,82.2037,4.7906,0.4640
3545.7000,91.2329,0.6639,81.1470,4.7906,0.4640
3545.8000,91.2616,0.6685,80.2127,4.7906,0.4640
3545.9000,91.2884,0.6732,79.9427,4.7906,0.4639
3546.0000,91.3155,0.6778,80.5585,4.7906,0.4639
3546.1000,91.3443,0.6825,81.5433,4.7906,0.4639
3546.2000,91.3749,0.6872,81.9747,4.7906,0.4639
3546.3000,91.4049,0.6919,81.8612,4.7906,0.4638
3546.4000,91.4346,0.6967,81.8253,4.7906,0.4638
3546.5000,91.4639,0.7014,81.4797,4.7906,0.4638
3546.6000,91.4916,0.7062,81.1663,4.7906,0.4638
3546.7000,91.5191,0.7109,81.6476,4.7906,0.4637
3546.8000,91.5483,0.7157,82.7862,4.7906,0.4637
3546.9000,91.5799,0.7205,84.2162,4.7906,0.4637
3547.0000,91.6144,0.7253,85.8740,4.7906,0.4636
3547.1000,91.6523,0.7302,86.6479,4.7906,0.4636
3547.2000,91.6894,0.7350,86.2455,4.7906,0.4636
3547.3000,91.7250,0.7398,85.4247,4.7906,0.4635
3547.4000,91.7581,0.7447,83.6611,4.7906,0.4635
3547.5000,91.7859,0.7496,80.9406,4.7906,0.4635
3547.6000,91.8072,0.7545,78.4944,4.7906,0.4635
3547.7000,91.8245,0.7594,76.7806,4.7906,0.4635
3547.8000,91.8383,0.7643,75.3385,4.7906,0.4634
3547.9000,91.8492,0.7692,74.5438,4.7906,0.4634
3548.0000,91.8594,0.7741,75.1345,4.7906,0.4634
3548.1000,91.8723,0.7790,76.8801,4.7906,0.4634
3548.2000,91.8892,0.7840,79.1229,4.7906,0.4634
3548.3000,91.9109,0.7889,81.6300,4.7906,0.4634
3548.4000,91.9376,0.7939,83.8584,4.7906,0.4634
3548.5000,91.9679,0.7988,85.3206,4.7906,0.4633
3548.6000,92.0000,0.8038,85.8204,4.7906,0.4633
3548.7000,92.0318,0.8087,85.1636,4.7906,0.4632
3548.8000,92.0606,0.8137,83.7673,4.7906,0.4632
3548.9000,92.0861,0.8187,82.6303,4.7906,0.4632
3549.0000,92.1098,0.8237,81.5893,4.7906,0.4632
3549.1000,92.1305,0.8287,80.5063,4.7906,0.4631
3549.2000,92.1493,0.8337,79.7697,4.7906,0.4631
3549.3000,92.1665,0.8387,80.0108,4.7906,0.4631
3549.4000,92.1857,0.8437,81.0196,4.7906,0.4631
3549.5000,92.2066,0.8487,81.3367,4.7906,0.4631
3549.6000,92.2267,0.8537,80.9508,4.7906,0.4630
3549.7000,92.2455,0.8587,80.5718,4.7906,0.4630
3549.8000,92.2635,0.8637,79.6485,4.7906,0.4630
3549.9000,92.2781,0.8687,78.1102,4.7906,0.4630
3550.0000,92.2894,0.8737,77.3784,4.7906,0.4630
3550.1000,92.3005,0.8787,77.1207,4.7906,0.4630
3550.2000,92.3103,0.8837,76.6035,4.7906,0.4629
3550.3000,92.3189,0.8887,76.0605,4.7906,0.4629
3550.4000,92.3261,0.8937,76.0445,4.7906,0.4629
3550.5000,92.3343,0.8987,76.4275,4.7906,0.4629
3550.6000,92.3427,0.9037,77.3492,4.7906,0.4629
3550.7000,92.3542,0.9087,79.2020,4.7906,0.4629
3550.8000,92.3697,0.9137,80.7258,4.7906,0.4629
3550.9000,92.3870,0.9187,81.0448,4.7906,0.4628
3551.0000,92.4034,0.9236,80.7519,4.7906,0.4628
3551.1000,92.4190,0.9286,80.2788,4.7906,0.4628
3551.2000,92.4330,0.9336,79.3230,4.7906,0.4628
3551.3000,92.4443,0.9386,78.2112,4.7906,0.4628
3551.4000,92.4533,0.9435,76.7876,4.7906,0.4627
3551.5000,92.4584,0.9485,74.9608,4.7906,0.4627
3551.6000,92.4596,0.9534,73.2977,4.7906,0.4627
3551.7000,92.4575,0.9583,71.7427,4.7906,0.4627
3551.8000,92.4520,0.9633,71.0248,4.7906,0.4627
3551.9000,92.4467,0.9682,71.0363,4.7906,0.4627
3552.0000,92.4410,0.9731,71.3159,4.7906,0.4628
3552.1000,92.4366,0.9780,71.5237,4.7906,0.4628
3552.2000,92.4314,0.9829,71.6262,4.7906,0.4628
3552.3000,92.4271,0.9877,71.5465,4.7906,0.4628
3552.4000,92.4213,0.9926,71.0757,4.7906,0.4628
3552.5000,92.4147,0.9975,70.5700,4.7906,0.4628
3552.6000,92.4066,1.0023,69.9735,4.7906,0.4628
3552.7000,92.3973,1.0071,69.6049,4.7906,0.4628
3552.8000,92.3874,1.0119,69.6238,4.7906,0.4628
3552.9000,92.3780,1.0167,69.9753,4.7906,0.4628
3553.0000,92.3692,1.0215,70.1068,4.7906,0.4628
3553.1000,92.3601,1.0263,70.1724,4.7906,0.4628
3553.2000,92.3513,1.0310,70.5684,4.7906,0.4628
3553.3000,92.3435,1.0358,71.0483,4.7906,0.4628
3553.4000,92.3365,1.0405,71.3462,4.7906,0.4628
3553.5000,92.3296,1.0452,71.4731,4.7906,0.4628
3553.6000,92.3228,1.0499,71.5757,4.7906,0.4628
3553.7000,92.3161,1.0546,71.1965,4.7906,0.4628
3553.8000,92.3075,1.0593,70.5137,4.7906,0.4628
3553.9000,92.2977,1.0639,70.9095,4.7906,0.4628
3554.0000,92.2905,1.0685,72.7236,4.7906,0.4628
3554.1000,92.2879,1.0731,74.8440,4.7906,0.4628
3554.2000,92.2890,1.0777,77.1121,4.7906,0.4628
3554.3000,92.2954,1.0823,79.8404,4.7906,0.4628
3554.4000,92.3073,1.0868,81.9507,4.7906,0.4628
3554.5000,92.3219,1.0914,83.3792,4.7906,0.4628
3554.6000,92.3393,1.0959,84.9152,4.7906,0.4627
3554.7000,92.3597,1.1004,86.5315,4.7906,0.4627
3554.8000,92.3832,1.1049,87.6605,4.7906,0.4626
3554.9000,92.4078,1.1093,87.9661,4.7906,0.4626
3555.0000,92.4321,1.1138,87.9305,4.7906,0.4626
3555.1000,92.4560,1.1182,87.8301,4.7906,0.4625
3555.2000,92.4794,1.1226,87.6956,4.7906,0.4625
3555.3000,92.5023,1.1270,87.9893,4.7906,0.4624
3555.4000,92.5264,1.1313,89.2132,4.7906,0.4624
3555.5000,92.5538,1.1356,90.7605,4.7906,0.4623
3555.6000,92.5838,1.1400,92.3076,4.7906,0.4623
3555.7000,92.6170,1.1442,93.2180,4.7906,0.4622
3555.8000,92.6500,1.1485,92.5612,4.7906,0.4622
3555.9000,92.6800,1.1528,91.3399,4.7906,0.4621
3556.0000,92.7076,1.1570,90.0935,4.7906,0.4621
3556.1000,92.7320,1.1612,88.4619,4.7906,0.4620
3556.2000,92.7525,1.1654,87.6380,4.7906,0.4620
3556.3000,92.7731,1.1695,88.4156,4.7906,0.4619
3556.4000,92.7963,1.1736,90.0249,4.7906,0.4619
3556.5000,92.8230,1.1777,91.8060,4.7906,0.4618
3556.6000,92.8529,1.1818,93.3587,4.7906,0.4618
3556.7000,92.8854,1.1858,94.0169,4.7906,0.4617
3556.8000,92.9175,1.1899,93.4250,4.7906,0.4617
3556.9000,92.9471,1.1939,91.8093,4.7906,0.4616
3557.0000,92.9721,1.1978,89.8734,4.7906,0.4616
3557.1000,92.9934,1.2018,88.3260,4.7906,0.4615
3557.2000,93.0117,1.2057,86.9798,4.7906,0.4615
3557.3000,93.0271,1.2096,85.4982,4.7906,0.4614
3557.4000,93.0390,1.2134,84.1910,4.7906,0.4614
3557.5000,93.0487,1.2173,83.0229,4.7906,0.4614
3557.6000,93.0555,1.2211,81.5172,4.7906,0.4614
3557.7000,93.0588,1.2248,80.0870,4.7906,0.4613
3557.8000,93.0596,1.2286,79.8164,4.7906,0.4613
3557.9000,93.0615,1.2323,80.2271,4.7906,0.4613
3558.0000,93.0637,1.2360,79.6474,4.7906,0.4613
3558.1000,93.0630,1.2396,78.3613,4.7906,0.4613
3558.2000,93.0597,1.2432,77.5445,4.7906,0.4613
3558.3000,93.0555,1.2468,76.7771,4.7906,0.4612
3558.4000,93.0488,1.2504,75.6795,4.7906,0.4612
3558.5000,93.0400,1.2539,75.3895,4.7906,0.4612
3558.6000,93.0320,1.2574,75.9631,4.7906,0.4612
3558.7000,93.0253,1.2608,75.9844,4.7906,0.4612
3558.8000,93.0172,1.2643,74.8511,4.7906,0.4612
3558.9000,93.0057,1.2677,74.0357,4.7906,0.4612
3559.0000,92.9942,1.2710,73.5682,4.7906,0.4612
3559.1000,92.9806,1.2743,72.5435,4.7906,0.4612
3559.2000,92.9648,1.2776,72.2052,4.7906,0.4612
3559.3000,92.9498,1.2809,73.4632,4.7906,0.4612
3559.4000,92.9389,1.2841,74.5217,4.7906,0.4612
3559.5000,92.9281,1.2873,75.0761,4.7906,0.4612
3559.6000,92.9193,1.2904,76.1253,4.7906,0.4612
3559.7000,92.9126,1.2936,76.9193,4.7906,0.4612
3559.8000,92.9069,1.2966,77.2522,4.7906,0.4611
3559.9000,92.9014,1.2997,77.8138,4.7906,0.4611
3560.0000,92.8978,1.3027,78.3074,4.7906,0.4611
3560.1000,92.8941,1.3057,78.5162,4.7906,0.4611
3560.2000,92.8912,1.3086,79.1695,4.7906,0.4611
3560.3000,92.8899,1.3115,79.7876,4.7906,0.4611
3560.4000,92.8894,1.3144,79.8606,4.7906,0.4610
3560.5000,92.8882,1.3172,79.9593,4.7906,0.4610
3560.6000,92.8879,1.3200,79.9270,4.7906,0.4610
3560.7000,92.8864,1.3228,78.7996,4.7906,0.4610
3560.8000,92.8813,1.3255,76.7712,4.7906,0.4610
3560.9000,92.8714,1.3282,74.8323,4.7906,0.4610
3561.0000,92.8583,1.3309,73.4990,4.7906,0.4610
3561.1000,92.8430,1.3335,72.6732,4.7906,0.4610
3561.2000,92.8264,1.3360,72.1173,4.7906,0.4610
3561.3000,92.8087,1.3386,71.9144,4.7906,0.4610
3561.4000,92.7913,1.3411,72.1425,4.7906,0.4610
3561.5000,92.7745,1.3435,72.2004,4.7906,0.4610
3561.6000,92.7573,1.3460,71.8494,4.7906,0.4610
3561.7000,92.7390,1.3484,71.7033,4.7906,0.4610
3561.8000,92.7212,1.3507,71.8160,4.7906,0.4610
3561.9000,92.7033,1.3530,71.2292,4.7906,0.4610
3562.0000,92.6830,1.3553,69.9681,4.7906,0.4610
3562.1000,92.6600,1.3575,68.8591,4.7906,0.4610
3562.2000,92.6352,1.3597,67.6817,4.7906,0.4610
3562.3000,92.6074,1.3619,66.8078,4.7906,0.4610
3562.4000,92.5791,1.3640,67.0516,4.7906,0.4610
3562.5000,92.5524,1.3661,67.9558,4.7906,0.4611
3562.6000,92.5278,1.3681,69.0127,4.7906,0.4611
3562.7000,92.5054,1.3701,70.5474,4.7906,0.4611
3562.8000,92.4871,1.3721,72.1490,4.7906,0.4611
3562.9000,92.4712,1.3740,73.1971,4.7906,0.4611
3563.0000,92.4572,1.3759,74.2508,4.7906,0.4611
3563.1000,92.4456,1.3778,76.2316,4.7906,0.4611
3563.2000,92.4396,1.3796,78.8513,4.7906,0.4610
3563.3000,92.4386,1.3813,80.9620,4.7906,0.4610
3563.4000,92.4411,1.3831,82.4152,4.7906,0.4610
3563.5000,92.4459,1.3848,83.0309,4.7906,0.4610
3563.6000,92.4508,1.3864,82.6431,4.7906,0.4609
3563.7000,92.4539,1.3880,81.5114,4.7906,0.4609
3563.8000,92.4540,1.3896,80.5443,4.7906,0.4609
3563.9000,92.4530,1.3912,80.8005,4.7906,0.4609
3564.0000,92.4541,1.3927,82.4649,4.7906,0.4608
3564.1000,92.4598,1.3941,84.5298,4.7906,0.4608
3564.2000,92.4692,1.3955,85.9492,4.7906,0.4608
3564.3000,92.4805,1.3969,86.2846,4.7906,0.4607
3564.4000,92.4911,1.3983,85.7457,4.7906,0.4607
3564.5000,92.5000,1.3996,84.8985,4.7906,0.4607
3564.6000,92.5070,1.4009,83.6050,4.7906,0.4606
3564.7000,92.5105,1.4021,82.9278,4.7906,0.4606
3564.8000,92.5146,1.4033,83.5133,4.7906,0.4606
3564.9000,92.5204,1.4044,83.9066,4.7906,0.4605
3565.0000,92.5260,1.4055,83.7423,4.7906,0.4605
3565.1000,92.5310,1.4066,83.9730,4.7906,0.4605
3565.2000,92.5374,1.4077,83.8715,4.7906,0.4604
3565.3000,92.5419,1.4087,82.7657,4.7906,0.4604
3565.4000,92.5437,1.4096,81.1172,4.7906,0.4604
3565.5000,92.5414,1.4105,79.2165,4.7906,0.4604
3565.6000,92.5354,1.4114,77.3020,4.7906,0.4604
3565.7000,92.5252,1.4123,75.3295,4.7906,0.4604
3565.8000,92.5112,1.4131,73.4420,4.7906,0.4604
3565.9000,92.4934,1.4138,72.0672,4.7906,0.4604
3566.0000,92.4738,1.4146,71.3566,4.7906,0.4604
3566.1000,92.4532,1.4153,70.6202,4.7906,0.4604
3566.2000,92.4307,1.4159,69.9485,4.7906,0.4604
3566.3000,92.4074,1.4165,69.8069,4.7906,0.4604
3566.4000,92.3844,1.4171,69.8378,4.7906,0.4604
3566.5000,92.3615,1.4177,69.2808,4.7906,0.4604
3566.6000,92.3363,1.4182,68.1628,4.7906,0.4604
3566.7000,92.3089,1.4186,66.6726,4.7906,0.4604
3566.8000,92.2778,1.4191,65.1515,4.7906,0.4604
3566.9000,92.2444,1.4194,64.2931,4.7906,0.4605
3567.0000,92.2099,1.4198,64.3499,4.7906,0.4605
3567.1000,92.1769,1.4201,65.2533,4.7906,0.4605
3567.2000,92.1464,1.4204,66.2941,4.7906,0.4605
3567.3000,92.1178,1.4206,67.2794,4.7906,0.4605
3567.4000,92.0916,1.4208,67.9308,4.7906,0.4605
3567.5000,92.0658,1.4210,68.3033,4.7906,0.4606
3567.6000,92.0412,1.4211,69.0097,4.7906,0.4606
3567.7000,92.0185,1.4212,70.1225,4.7906,0.4606
3567.8000,91.9986,1.4213,71.5317,4.7906,0.4606
3567.9000,91.9819,1.4213,73.0945,4.7906,0.4606
3568.0000,91.9685,1.4213,74.1284,4.7906,0.4606
3568.1000,91.9561,1.4213,74.3473,4.7906,0.4606
3568.2000,91.9437,1.4212,74.9663,4.7906,0.4606
3568.3000,91.9339,1.4211,75.8979,4.7906,0.4605
3568.4000,91.9255,1.4209,76.9263,4.7906,0.4605
3568.5000,91.9200,1.4207,78.6024,4.7906,0.4605
3568.6000,91.9185,1.4205,80.5046,4.7906,0.4605
3568.7000,91.9208,1.4203,82.0445,4.7906,0.4605
3568.8000,91.9256,1.4200,82.8423,4.7906,0.4604
3568.9000,91.9312,1.4197,82.9446,4.7906,0.4604
3569.0000,91.9364,1.4193,82.1185,4.7906,0.4604
3569.1000,91.9386,1.4189,81.1145,4.7906,0.4604
3569.2000,91.9397,1.4185,80.6466,4.7906,0.4603
3569.3000,91.9400,1.4180,80.2384,4.7906,0.4603
3569.4000,91.9394,1.4175,79.5451,4.7906,0.4603
3569.5000,91.9369,1.4170,78.8194,4.7906,0.4603
3569.6000,91.9334,1.4165,77.2013,4.7906,0.4603
3569.7000,91.9243,1.4159,74.9213,4.7906,0.4603
3569.8000,91.9116,1.4152,73.7481,4.7906,0.4603
3569.9000,91.8978,1.4146,73.5096,4.7906,0.4603
3570.0000,91.8842,1.4139,74.1089,4.7906,0.4603
3570.1000,91.8730,1.4132,76.1508,4.7906,0.4603
3570.2000,91.8680,1.4124,78.7689,4.7906,0.4602
3570.3000,91.8676,1.4117,81.1476,4.7906,0.4602
3570.4000,91.8724,1.4109,83.2224,4.7906,0.4602
3570.5000,91.8806,1.4100,84.3334,4.7906,0.4602
3570.6000,91.8900,1.4091,84.5982,4.7906,0.4601
3570.7000,91.8993,1.4082,84.2008,4.7906,0.4601
3570.8000,91.9069,1.4073,82.9051,4.7906,0.4601
3570.9000,91.9109,1.4064,81.8354,4.7906,0.4600
3571.0000,91.9143,1.4054,81.2868,4.7906,0.4600
3571.1000,91.9160,1.4043,80.3859,4.7906,0.4600
3571.2000,91.9157,1.4033,79.3687,4.7906,0.4600
3571.3000,91.9134,1.4022,78.6831,4.7906,0.4600
3571.4000,91.9103,1.4011,77.7101,4.7906,0.4599
3571.5000,91.9041,1.4000,77.1738,4.7906,0.4599
3571.6000,91.8990,1.3988,78.1140,4.7906,0.4599
3571.7000,91.8967,1.3976,79.7219,4.7906,0.4599
3571.8000,91.8983,1.3964,81.6410,4.7906,0.4599
3571.9000,91.9040,1.3952,83.4048,4.7906,0.4598
3572.0000,91.9128,1.3939,84.5079,4.7906,0.4598
3572.1000,91.9231,1.3926,85.1052,4.7906,0.4598
3572.2000,91.9344,1.3913,85.5731,4.7906,0.4597
3572.3000,91.9466,1.3899,85.5126,4.7906,0.4597
3572.4000,91.9577,1.3885,85.2586,4.7906,0.4597
3572.5000,91.9688,1.3871,85.3819,4.7906,0.4596
3572.6000,91.9804,1.3857,85.0763,4.7906,0.4596
3572.7000,91.9903,1.3842,84.3305,4.7906,0.4596
3572.8000,91.9989,1.3827,83.8527,4.7906,0.4595
3572.9000,92.0069,1.3812,84.1264,4.7906,0.4595
3573.0000,92.0166,1.3797,84.5312,4.7906,0.4595
3573.1000,92.0263,1.3782,85.2625,4.7906,0.4594
3573.2000,92.0390,1.3766,86.3373,4.7906,0.4594
3573.3000,92.0531,1.3750,86.9535,4.7906,0.4594
3573.4000,92.0684,1.3734,87.1167,4.7906,0.4593
3573.5000,92.0831,1.3717,87.0650,4.7906,0.4593
3573.6000,92.0982,1.3700,86.9423,4.7906,0.4592
3573.7000,92.1125,1.3683,86.9034,4.7906,0.4592
3573.8000,92.1274,1.3666,87.6238,4.7906,0.4592
3573.9000,92.1446,1.3649,88.2447,4.7906,0.4591
3574.0000,92.1620,1.3631,88.7925,4.7906,0.4591
3574.1000,92.1815,1.3614,89.5389,4.7906,0.4590
3574.2000,92.2020,1.3596,89.9445,4.7906,0.4590
3574.3000,92.2230,1.3577,89.9696,4.7906,0.4589
3574.4000,92.2436,1.3559,89.8584,4.7906,0.4589
3574.5000,92.2641,1.3540,89.4555,4.7906,0.4588
3574.6000,92.2830,1.3522,88.8051,4.7906,0.4588
3574.7000,92.3009,1.3503,88.1538,4.7906,0.4587
3574.8000,92.3171,1.3483,87.4877,4.7906,0.4587
3574.9000,92.3322,1.3464,87.2125,4.7906,0.4587
3575.0000,92.3473,1.3444,87.2335,4.7906,0.4586
3575.1000,92.3626,1.3425,87.4755,4.7906,0.4586
3575.2000,92.3787,1.3405,87.9767,4.7906,0.4585
3575.3000,92.3960,1.3385,88.0574,4.7906,0.4585
3575.4000,92.4124,1.3364,87.5328,4.7906,0.4585
3575.5000,92.4276,1.3344,86.8286,4.7906,0.4584
3575.6000,92.4412,1.3323,85.7838,4.7906,0.4584
3575.7000,92.4522,1.3303,83.9906,4.7906,0.4584
3575.8000,92.4585,1.3282,81.7321,4.7906,0.4583
3575.9000,92.4603,1.3261,79.6179,4.7906,0.4583
3576.0000,92.4581,1.3239,77.9510,4.7906,0.4583
3576.1000,92.4533,1.3218,76.2142,4.7906,0.4583
3576.2000,92.4442,1.3197,74.9861,4.7906,0.4583
3576.3000,92.4346,1.3175,75.0846,4.7906,0.4583
3576.4000,92.4261,1.3153,75.4653,4.7906,0.4583
3576.5000,92.4182,1.3131,75.4967,4.7906,0.4583
3576.6000,92.4101,1.3109,76.1625,4.7906,0.4582
3576.7000,92.4051,1.3087,77.7478,4.7906,0.4582
3576.8000,92.4036,1.3065,79.5469,4.7906,0.4582
3576.9000,92.4062,1.3042,81.8891,4.7906,0.4582
3577.0000,92.4144,1.3020,85.0585,4.7906,0.4582
3577.1000,92.4300,1.2997,88.3018,4.7906,0.4581
3577.2000,92.4515,1.2975,90.5452,4.7906,0.4581
3577.3000,92.4763,1.2952,91.5927,4.7906,0.4580
3577.4000,92.5021,1.2929,91.5505,4.7906,0.4580
3577.5000,92.5266,1.2906,90.4790,4.7906,0.4579
3577.6000,92.5479,1.2883,89.1239,4.7906,0.4579
3577.7000,92.5670,1.2860,88.2662,4.7906,0.4578
3577.8000,92.5848,1.2836,88.4776,4.7906,0.4578
3577.9000,92.6047,1.2813,89.7293,4.7906,0.4577
3578.0000,92.6277,1.2790,91.4618,4.7906,0.4577
3578.1000,92.6546,1.2766,92.8536,4.7906,0.4576
3578.2000,92.6832,1.2742,93.9037,4.7906,0.4576
3578.3000,92.7143,1.2719,94.1600,4.7906,0.4575
3578.4000,92.7439,1.2695,93.6447,4.7906,0.4574
3578.5000,92.7729,1.2671,93.3528,4.7906,0.4574
3578.6000,92.8011,1.2647,92.9300,4.7906,0.4573
3578.7000,92.8283,1.2623,91.7441,4.7906,0.4573
3578.8000,92.8517,1.2599,90.4576,4.7906,0.4572
3578.9000,92.8737,1.2575,89.7612,4.7906,0.4572
3579.0000,92.8943,1.2551,88.3924,4.7906,0.4571
3579.1000,92.9107,1.2527,86.6882,4.7906,0.4571
3579.2000,92.9243,1.2503,86.0155,4.7906,0.4571
3579.3000,92.9381,1.2479,85.8163,4.7906,0.4570
3579.4000,92.9510,1.2455,85.2322,4.7906,0.4570
3579.5000,92.9624,1.2430,85.2695,4.7906,0.4570
3579.6000,92.9756,1.2406,86.1199,4.7906,0.4569
3579.7000,92.9905,1.2382,86.6310,4.7906,0.4569
3579.8000,93.0058,1.2357,86.5831,4.7906,0.4568
3579.9000,93.0206,1.2333,86.7085,4.7906,0.4568
3580.0000,93.0364,1.2309,86.7474,4.7906,0.4568
3580.1000,93.0514,1.2284,86.0583,4.7906,0.4567
3580.2000,93.0645,1.2260,85.2565,4.7906,0.4567
3580.3000,93.0763,1.2236,84.8036,4.7906,0.4567
3580.4000,93.0877,1.2211,84.0771,4.7906,0.4566
3580.5000,93.0966,1.2187,83.3861,4.7906,0.4566
3580.6000,93.1052,1.2163,83.9251,4.7906,0.4566
3580.7000,93.1165,1.2138,85.2274,4.7906,0.4565
3580.8000,93.1305,1.2114,85.9050,4.7906,0.4565
3580.9000,93.1445,1.2090,85.8600,4.7906,0.4565
3581.0000,93.1584,1.2066,85.8023,4.7906,0.4564
3581.1000,93.1723,1.2041,85.1198,4.7906,0.4564
3581.2000,93.1834,1.2017,83.4640,4.7906,0.4564
3581.3000,93.1907,1.1993,82.3499,4.7906,0.4563
3581.4000,93.1974,1.1969,82.0056,4.7906,0.4563
3581.5000,93.2034,1.1945,81.0557,4.7906,0.4563
3581.6000,93.2064,1.1921,79.4847,4.7906,0.4563
3581.7000,93.2061,1.1897,77.6868,4.7906,0.4563
3581.8000,93.2020,1.1873,75.6104,4.7906,0.4563
3581.9000,93.1936,1.1849,73.9872,4.7906,0.4562
3582.0000,93.1831,1.1826,73.1153,4.7906,0.4562
3582.1000,93.1713,1.1802,73.1052,4.7906,0.4562
3582.2000,93.1611,1.1778,73.9686,4.7906,0.4562
3582.3000,93.1530,1.1755,74.7311,4.7906,0.4562
3582.4000,93.1461,1.1731,74.8632,4.7906,0.4562
3582.5000,93.1388,1.1708,74.3050,4.7906,0.4562
3582.6000,93.1298,1.1685,73.2163,4.7906,0.4562
3582.7000,93.1183,1.1661,72.3222,4.7906,0.4562
3582.8000,93.1059,1.1638,72.2867,4.7906,0.4562
3582.9000,93.0945,1.1615,72.4914,4.7906,0.4562
3583.0000,93.0832,1.1592,73.0110,4.7906,0.4562
3583.1000,93.0741,1.1570,73.5321,4.7906,0.4562
3583.2000,93.0652,1.1547,73.0961,4.7906,0.4562
3583.3000,93.0545,1.1524,72.1203,4.7906,0.4562
3583.4000,93.0418,1.1502,71.5248,4.7906,0.4562
3583.5000,93.0290,1.1479,70.9764,4.7906,0.4562
3583.6000,93.0143,1.1457,70.5213,4.7906,0.4562
3583.7000,92.9999,1.1435,71.0445,4.7906,0.4562
3583.8000,92.9876,1.1413,71.6226,4.7906,0.4562
3583.9000,92.9758,1.1391,71.2975,4.7906,0.4562
3584.0000,92.9624,1.1369,71.1812,4.7906,0.4562
3584.1000,92.9504,1.1348,72.0951,4.7906,0.4562
3584.2000,92.9409,1.1326,73.3160,4.7906,0.4562
3584.3000,92.9340,1.1305,74.5096,4.7906,0.4562
3584.4000,92.9296,1.1283,75.6046,4.7906,0.4562
3584.5000,92.9274,1.1262,75.8328,4.7906,0.4562
3584.6000,92.9240,1.1241,74.4632,4.7906,0.4562
3584.7000,92.9164,1.1221,71.5444,4.7906,0.4562
3584.8000,92.9014,1.1200,67.9476,4.7906,0.4562
3584.9000,92.8794,1.1179,65.0072,4.7906,0.4563
3585.0000,92.8527,1.1159,62.7407,4.7906,0.4563
3585.1000,92.8218,1.1139,61.2497,4.7906,0.4563
3585.2000,92.7894,1.1119,61.2415,4.7906,0.4563
3585.3000,92.7588,1.1099,62.2650,4.7906,0.4564
3585.4000,92.7309,1.1079,63.6790,4.7906,0.4564
3585.5000,92.7063,1.1060,65.1869,4.7906,0.4564
3585.6000,92.6849,1.1040,66.3468,4.7906,0.4564
3585.7000,92.6653,1.1021,66.9821,4.7906,0.4564
3585.8000,92.6467,1.1002,67.5961,4.7906,0.4565
3585.9000,92.6300,1.0983,67.8858,4.7906,0.4565
3586.0000,92.6128,1.0965,67.9749,4.7906,0.4565
3586.1000,92.5966,1.0946,68.1978,4.7906,0.4565
3586.2000,92.5805,1.0928,68.3915,4.7906,0.4565
3586.3000,92.5654,1.0910,69.2831,4.7906,0.4565
3586.4000,92.5532,1.0892,71.0948,4.7906,0.4565
3586.5000,92.5457,1.0874,73.6411,4.7906,0.4565
3586.6000,92.5440,1.0857,76.4692,4.7906,0.4565
3586.7000,92.5482,1.0839,79.1310,4.7906,0.4565
3586.8000,92.5575,1.0822,81.5412,4.7906,0.4565
3586.9000,92.5715,1.0805,83.0789,4.7906,0.4564
3587.0000,92.5871,1.0788,83.2093,4.7906,0.4564
3587.1000,92.6016,1.0772,82.4075,4.7906,0.4564
3587.2000,92.6140,1.0755,81.1279,4.7906,0.4563
3587.3000,92.6233,1.0739,78.8147,4.7906,0.4563
3587.4000,92.6263,1.0723,76.0325,4.7906,0.4563
3587.5000,92.6244,1.0707,73.7347,4.7906,0.4563
3587.6000,92.6181,1.0692,71.9525,4.7906,0.4563
3587.7000,92.6090,1.0676,70.5328,4.7906,0.4563
3587.8000,92.5971,1.0661,69.2099,4.7906,0.4563
3587.9000,92.5829,1.0646,68.1693,4.7906,0.4563
3588.0000,92.5669,1.0631,66.9741,4.7906,0.4564
3588.1000,92.5480,1.0617,65.7622,4.7906,0.4564
3588.2000,92.5273,1.0602,64.8599,4.7906,0.4564
3588.3000,92.5050,1.0588,64.3157,4.7906,0.4564
3588.4000,92.4823,1.0574,64.0713,4.7906,0.4564
3588.5000,92.4592,1.0561,64.4340,4.7906,0.4565
3588.6000,92.4383,1.0547,65.1736,4.7906,0.4565
3588.7000,92.4184,1.0534,65.5444,4.7906,0.4565
3588.8000,92.3992,1.0521,65.4672,4.7906,0.4565
3588.9000,92.3793,1.0508,64.9979,4.7906,0.4565
3589.0000,92.3584,1.0496,64.2563,4.7906,0.4566
3589.1000,92.3356,1.0484,62.8459,4.7906,0.4566
3589.2000,92.3092,1.0471,61.6145,4.7906,0.4566
3589.3000,92.2816,1.0460,60.9260,4.7906,0.4566
3589.4000,92.2527,1.0448,60.3737,4.7906,0.4567
3589.5000,92.2231,1.0437,60.4171,4.7906,0.4567
3589.6000,92.1946,1.0425,61.4402,4.7906,0.4567
3589.7000,92.1695,1.0415,62.4530,4.7906,0.4568
3589.8000,92.1453,1.0404,63.7945,4.7906,0.4568
3589.9000,92.1260,1.0393,66.0006,4.7906,0.4568
3590.0000,92.1110,1.0383,67.7090,4.7906,0.4568
3590.1000,92.0989,1.0373,69.2314,4.7906,0.4568
3590.2000,92.0903,1.0363,71.3572,4.7906,0.4568
3590.3000,92.0870,1.0354,73.0562,4.7906,0.4568
3590.4000,92.0855,1.0345,73.4039,4.7906,0.4568
3590.5000,92.0837,1.0336,73.4041,4.7906,0.4568
3590.6000,92.0823,1.0327,73.0017,4.7906,0.4568
3590.7000,92.0788,1.0318,71.7931,4.7906,0.4568
3590.8000,92.0726,1.0310,70.5163,4.7906,0.4568
3590.9000,92.0640,1.0302,70.2279,4.7906,0.4568
3591.0000,92.0567,1.0294,71.2263,4.7906,0.4568
3591.1000,92.0523,1.0286,72.5968,4.7906,0.4568
3591.2000,92.0507,1.0279,73.8538,4.7906,0.4568
3591.3000,92.0515,1.0272,75.2288,4.7906,0.4568
3591.4000,92.0556,1.0265,76.9078,4.7906,0.4568
3591.5000,92.0633,1.0258,78.1178,4.7906,0.4568
3591.6000,92.0724,1.0252,78.8146,4.7906,0.4568
3591.7000,92.0829,1.0246,79.8643,4.7906,0.4568
3591.8000,92.0962,1.0240,80.5524,4.7906,0.4567
3591.9000,92.1096,1.0234,80.3771,4.7906,0.4567
3592.0000,92.1221,1.0229,79.8655,4.7906,0.4567
3592.1000,92.1333,1.0223,79.5639,4.7906,0.4567
3592.2000,92.1445,1.0218,79.1830,4.7906,0.4567
3592.3000,92.1541,1.0214,78.1561,4.7906,0.4566
3592.4000,92.1611,1.0209,76.5169,4.7906,0.4566
3592.5000,92.1639,1.0205,74.3552,4.7906,0.4566
3592.6000,92.1621,1.0201,71.7855,4.7906,0.4566
3592.7000,92.1544,1.0197,69.3585,4.7906,0.4566
3592.8000,92.1427,1.0193,68.2546,4.7906,0.4566
3592.9000,92.1306,1.0190,67.9221,4.7906,0.4567
3593.0000,92.1176,1.0187,67.9994,4.7906,0.4567
3593.1000,92.1060,1.0184,68.5469,4.7906,0.4567
3593.2000,92.0953,1.0182,68.5553,4.7906,0.4567
3593.3000,92.0838,1.0179,67.3113,4.7906,0.4567
3593.4000,92.0682,1.0177,65.2514,4.7906,0.4567
3593.5000,92.0484,1.0175,62.9823,4.7906,0.4568
3593.6000,92.0235,1.0173,61.1500,4.7906,0.4568
3593.7000,91.9964,1.0172,60.2548,4.7906,0.4568
3593.8000,91.9680,1.0171,60.5146,4.7906,0.4568
3593.9000,91.9421,1.0170,62.1139,4.7906,0.4569
3594.0000,91.9205,1.0169,64.1577,4.7906,0.4569
3594.1000,91.9032,1.0169,65.8636,4.7906,0.4569
3594.2000,91.8887,1.0168,67.0344,4.7906,0.4569
3594.3000,91.8763,1.0168,67.9662,4.7906,0.4569
3594.4000,91.8657,1.0168,69.0851,4.7906,0.4569
3594.5000,91.8579,1.0169,70.1622,4.7906,0.4570
3594.6000,91.8519,1.0169,71.0096,4.7906,0.4570
3594.7000,91.8476,1.0170,72.1084,4.7906,0.4570
3594.8000,91.8461,1.0171,73.1166,4.7906,0.4570
3594.9000,91.8460,1.0172,73.5668,4.7906,0.4570
3595.0000,91.8463,1.0174,73.7995,4.7906,0.4569
3595.1000,91.8471,1.0176,74.1876,4.7906,0.4569
3595.2000,91.8490,1.0178,74.5423,4.7906,0.4569
3595.3000,91.8513,1.0180,74.9788,4.7906,0.4569
3595.4000,91.8550,1.0182,75.6732,4.7906,0.4569
3595.5000,91.8600,1.0185,76.8125,4.7906,0.4569
3595.6000,91.8683,1.0187,77.8326,4.7906,0.4569
3595.7000,91.8775,1.0190,78.2184,4.7906,0.4569
3595.8000,91.8873,1.0194,79.0891,4.7906,0.4569
3595.9000,91.9000,1.0197,80.3727,4.7906,0.4568
3596.0000,91.9149,1.0201,80.9700,4.7906,0.4568
3596.1000,91.9299,1.0204,81.4963,4.7906,0.4568
3596.2000,91.9469,1.0208,82.6388,4.7906,0.4568
3596.3000,91.9664,1.0213,83.2942,4.7906,0.4567
3596.4000,91.9859,1.0217,83.9086,4.7906,0.4567
3596.5000,92.0078,1.0222,85.2825,4.7906,0.4567
3596.6000,92.0328,1.0226,86.7572,4.7906,0.4566
3596.7000,92.0605,1.0231,87.8037,4.7906,0.4566
3596.8000,92.0895,1.0237,88.1923,4.7906,0.4566
3596.9000,92.1185,1.0242,87.6567,4.7906,0.4565
3597.0000,92.1450,1.0248,86.2102,4.7906,0.4565
3597.1000,92.1679,1.0253,84.1964,4.7906,0.4564
3597.2000,92.1860,1.0259,82.8051,4.7906,0.4564
3597.3000,92.2030,1.0265,82.2663,4.7906,0.4564
3597.4000,92.2187,1.0272,81.1834,4.7906,0.4564
3597.5000,92.2311,1.0278,80.0303,4.7906,0.4563
3597.6000,92.2419,1.0285,79.6340,4.7906,0.4563
3597.7000,92.2526,1.0292,78.4906,4.7906,0.4563
3597.8000,92.2586,1.0299,76.7068,4.7906,0.4563
3597.9000,92.2619,1.0306,75.7574,4.7906,0.4563
3598.0000,92.2640,1.0313,74.7176,4.7906,0.4563
3598.1000,92.2629,1.0321,73.2531,4.7906,0.4563
3598.2000,92.2589,1.0328,72.5175,4.7906,0.4563
3598.3000,92.2548,1.0336,72.1626,4.7906,0.4563
3598.4000,92.2494,1.0344,71.3702,4.7906,0.4563
3598.5000,92.2420,1.0352,71.3352,4.7906,0.4563
3598.6000,92.2365,1.0361,72.4403,4.7906,0.4563
3598.7000,92.2336,1.0369,73.8815,4.7906,0.4563
3598.8000,92.2339,1.0378,75.9311,4.7906,0.4563
3598.9000,92.2394,1.0387,78.4449,4.7906,0.4563
3599.0000,92.2499,1.0395,80.3942,4.7906,0.4562
3599.1000,92.2632,1.0404,81.3661,4.7906,0.4562
3599.2000,92.2775,1.0414,81.2670,4.7906,0.4562
3599.3000,92.2902,1.0423,80.6367,4.7906,0.4562
3599.4000,92.3018,1.0432,80.4352,4.7906,0.4561
3599.5000,92.3136,1.0442,80.4159,4.7906,0.4561
3599.6000,92.3249,1.0452,80.2325,4.7906,0.4561
3599.7000,92.3358,1.0461,80.0512,4.7906,0.4561
3599.8000,92.3462,1.0471,79.2790,4.7906,0.4561
3599.9000,92.3538,1.0481,77.9207,4.7906,0.4561
