t_s,v_kmh,grade_pct,P_wheel_kW,fuel_g_per_s,SOC
3600.0000,92.3586,1.0491,76.4757,4.7906,0.4560
3600.1000,92.3601,1.0502,74.9104,4.7906,0.4560
3600.2000,92.3584,1.0512,73.9403,4.7906,0.4560
3600.3000,92.3560,1.0523,74.4183,4.7906,0.4560
3600.4000,92.3561,1.0533,75.7806,4.7906,0.4560
3600.5000,92.3592,1.0544,77.5134,4.7906,0.4560
3600.6000,92.3664,1.0555,79.3756,4.7906,0.4560
3600.7000,92.3769,1.0566,80.5199,4.7906,0.4560
3600.8000,92.3886,1.0577,80.5358,4.7906,0.4559
3600.9000,92.3990,1.0588,79.2863,4.7906,0.4559
3601.0000,92.4055,1.0599,77.5674,4.7906,0.4559
3601.1000,92.4087,1.0610,76.8365,4.7906,0.4559
3601.2000,92.4121,1.0621,77.4149,4.7906,0.4559
3601.3000,92.4176,1.0633,78.1592,4.7906,0.4559
3601.4000,92.4239,1.0644,79.6332,4.7906,0.4559
3601.5000,92.4354,1.0656,81.6782,4.7906,0.4558
3601.6000,92.4498,1.0667,82.6080,4.7906,0.4558
3601.7000,92.4649,1.0679,82.3927,4.7906,0.4558
3601.8000,92.4783,1.0691,81.1495,4.7906,0.4558
3601.9000,92.4881,1.0702,79.1299,4.7906,0.4557
3602.0000,92.4931,1.0714,77.4891,4.7906,0.4557
3602.1000,92.4961,1.0726,76.7005,4.7906,0.4557
3602.2000,92.4978,1.0738,76.5067,4.7906,0.4557
3602.3000,92.4999,1.0750,77.1710,4.7906,0.4557
3602.4000,92.5042,1.0762,78.2806,4.7906,0.4557
3602.5000,92.5107,1.0774,78.7874,4.7906,0.4557
3602.6000,92.5170,1.0786,78.8225,4.7906,0.4556
3602.7000,92.5235,1.0798,79.0101,4.7906,0.4556
3602.8000,92.5304,1.0810,79.8033,4.7906,0.4556
3602.9000,92.5400,1.0822,80.6314,4.7906,0.4556
3603.0000,92.5501,1.0834,80.9773,4.7906,0.4556
3603.1000,92.5610,1.0846,81.0995,4.7906,0.4555
3603.2000,92.5715,1.0858,81.3907,4.7906,0.4555
3603.3000,92.5834,1.0871,82.1652,4.7906,0.4555
3603.4000,92.5968,1.0883,82.9611,4.7906,0.4555
3603.5000,92.6118,1.0895,83.9620,4.7906,0.4554
3603.6000,92.6291,1.0907,84.9765,4.7906,0.4554
3603.7000,92.6480,1.0919,85.2370,4.7906,0.4554
3603.8000,92.6662,1.0931,84.4075,4.7906,0.4553
3603.9000,92.6815,1.0944,83.3749,4.7906,0.4553
3604.0000,92.6953,1.0956,82.4600,4.7906,0.4553
3604.1000,92.7067,1.0968,81.9460,4.7906,0.4552
3604.2000,92.7181,1.0980,82.3263,4.7906,0.4552
3604.3000,92.7309,1.0992,83.2325,4.7906,0.4552
3604.4000,92.7459,1.1004,84.5171,4.7906,0.4552
3604.5000,92.7637,1.1016,86.5047,4.7906,0.4551
3604.6000,92.7866,1.1028,88.6219,4.7906,0.4551
3604.7000,92.8128,1.1039,89.7067,4.7906,0.4550
3604.8000,92.8398,1.1051,89.7859,4.7906,0.4550
3604.9000,92.8660,1.1063,89.2115,4.7906,0.4549
3605.0000,92.8904,1.1075,87.9877,4.7906,0.4549
3605.1000,92.9114,1.1086,86.3090,4.7906,0.4548
3605.2000,92.9287,1.1098,84.7893,4.7906,0.4548
3605.3000,92.9433,1.1109,84.1908,4.7906,0.4548
3605.4000,92.9581,1.1121,84.4823,4.7906,0.4548
3605.5000,92.9736,1.1132,84.7921,4.7906,0.4547
3605.6000,92.9894,1.1143,84.8759,4.7906,0.4547
3605.7000,93.0051,1.1155,85.5667,4.7906,0.4546
3605.8000,93.0235,1.1166,86.8578,4.7906,0.4546
3605.9000,93.0443,1.1177,88.2056,4.7906,0.4546
3606.0000,93.0679,1.1188,90.0407,4.7906,0.4545
3606.1000,93.0959,1.1198,92.4805,4.7906,0.4545
3606.2000,93.1291,1.1209,94.2837,4.7906,0.4544
3606.3000,93.1640,1.1220,94.7157,4.7906,0.4543
3606.4000,93.1987,1.1230,93.8473,4.7906,0.4543
3606.5000,93.2297,1.1241,92.2065,4.7906,0.4542
3606.6000,93.2574,1.1251,90.1337,4.7906,0.4542
3606.7000,93.2798,1.1261,87.8866,4.7906,0.4541
3606.8000,93.2981,1.1271,85.9206,4.7906,0.4541
3606.9000,93.3124,1.1281,84.4071,4.7906,0.4541
3607.0000,93.3244,1.1291,83.2451,4.7906,0.4540
3607.1000,93.3338,1.1300,82.3237,4.7906,0.4540
3607.2000,93.3419,1.1310,81.9025,4.7906,0.4540
3607.3000,93.3495,1.1319,82.1592,4.7906,0.4540
3607.4000,93.3586,1.1328,82.5145,4.7906,0.4539
3607.5000,93.3674,1.1337,82.5500,4.7906,0.4539
3607.6000,93.3765,1.1346,82.3805,4.7906,0.4539
3607.7000,93.3846,1.1354,81.8440,4.7906,0.4539
3607.8000,93.3914,1.1363,81.2764,4.7906,0.4538
3607.9000,93.3970,1.1371,80.9522,4.7906,0.4538
3608.0000,93.4024,1.1379,80.8944,4.7906,0.4538
3608.1000,93.4077,1.1387,81.1832,4.7906,0.4538
3608.2000,93.4142,1.1395,81.9596,4.7906,0.4537
3608.3000,93.4226,1.1403,82.5665,4.7906,0.4537
3608.4000,93.4314,1.1410,82.9635,4.7906,0.4537
3608.5000,93.4412,1.1417,83.2964,4.7906,0.4537
3608.6000,93.4513,1.1424,83.2137,4.7906,0.4536
3608.7000,93.4606,1.1431,82.8833,4.7906,0.4536
3608.8000,93.4693,1.1437,82.6211,4.7906,0.4536
3608.9000,93.4775,1.1444,82.9737,4.7906,0.4535
3609.0000,93.4874,1.1450,83.5653,4.7906,0.4535
3609.1000,93.4979,1.1456,83.7729,4.7906,0.4535
3609.2000,93.5085,1.1461,83.7752,4.7906,0.4535
3609.3000,93.5189,1.1467,83.2132,4.7906,0.4534
3609.4000,93.5272,1.1472,81.7610,4.7906,0.4534
3609.5000,93.5316,1.1477,80.0115,4.7906,0.4534
3609.6000,93.5327,1.1482,79.3821,4.7906,0.4534
3609.7000,93.5345,1.1486,79.4785,4.7906,0.4533
3609.8000,93.5360,1.1490,79.7958,4.7906,0.4533
3609.9000,93.5391,1.1494,80.2795,4.7906,0.4533
3610.0000,93.5425,1.1498,80.9554,4.7906,0.4533
3610.1000,93.5482,1.1501,81.0978,4.7906,0.4533
3610.2000,93.5521,1.1505,80.3684,4.7906,0.4532
3610.3000,93.5549,1.1508,79.7314,4.7906,0.4532
3610.4000,93.5562,1.1510,79.7982,4.7906,0.4532
3610.5000,93.5591,1.1513,79.7600,4.7906,0.4532
3610.6000,93.5602,1.1515,79.2304,4.7906,0.4532
3610.7000,93.5611,1.1516,79.1265,4.7906,0.4531
3610.8000,93.5617,1.1518,78.9578,4.7906,0.4531
3610.9000,93.5619,1.1519,78.2247,4.7906,0.4531
3611.0000,93.5596,1.1520,77.4148,4.7906,0.4531
3611.1000,93.5564,1.1521,76.9851,4.7906,0.4531
3611.2000,93.5524,1.1521,76.3505,4.7906,0.4531
3611.3000,93.5468,1.1521,75.7034,4.7906,0.4531
3611.4000,93.5402,1.1521,74.4362,4.7906,0.4531
3611.5000,93.5294,1.1520,72.2064,4.7906,0.4531
3611.6000,93.5139,1.1519,70.0935,4.7906,0.4531
3611.7000,93.4948,1.1518,68.4415,4.7906,0.4531
3611.8000,93.4727,1.1517,67.1218,4.7906,0.4531
3611.9000,93.4484,1.1515,66.8772,4.7906,0.4531
3612.0000,93.4255,1.1513,67.5567,4.7906,0.4531
3612.1000,93.4041,1.1510,68.2849,4.7906,0.4531
3612.2000,93.3844,1.1507,69.1076,4.7906,0.4531
3612.3000,93.3665,1.1504,70.2832,4.7906,0.4531
3612.4000,93.3516,1.1501,71.6704,4.7906,0.4531
3612.5000,93.3394,1.1497,73.4768,4.7906,0.4531
3612.6000,93.3320,1.1493,75.6083,4.7906,0.4531
3612.7000,93.3285,1.1488,77.7908,4.7906,0.4531
3612.8000,93.3299,1.1483,79.5936,4.7906,0.4531
3612.9000,93.3338,1.1478,80.7811,4.7906,0.4531
3613.0000,93.3400,1.1472,81.5372,4.7906,0.4531
3613.1000,93.3469,1.1466,81.9553,4.7906,0.4530
3613.2000,93.3548,1.1460,82.0959,4.7906,0.4530
3613.3000,93.3623,1.1453,82.3989,4.7906,0.4530
3613.4000,93.3714,1.1446,83.3987,4.7906,0.4529
3613.5000,93.3829,1.1439,84.4292,4.7906,0.4529
3613.6000,93.3962,1.1431,84.9006,4.7906,0.4529
3613.7000,93.4095,1.1423,84.9787,4.7906,0.4528
3613.8000,93.4231,1.1414,84.7268,4.7906,0.4528
3613.9000,93.4353,1.1405,83.9433,4.7906,0.4528
3614.0000,93.4457,1.1396,83.4816,4.7906,0.4528
3614.1000,93.4561,1.1386,84.0460,4.7906,0.4527
3614.2000,93.4687,1.1376,84.8138,4.7906,0.4527
3614.3000,93.4822,1.1365,84.7755,4.7906,0.4527
3614.4000,93.4946,1.1354,83.7847,4.7906,0.4526
3614.5000,93.5041,1.1343,82.3882,4.7906,0.4526
3614.6000,93.5109,1.1331,80.5709,4.7906,0.4526
3614.7000,93.5130,1.1319,78.8492,4.7906,0.4526
3614.8000,93.5129,1.1307,78.0762,4.7906,0.4525
3614.9000,93.5120,1.1294,77.7759,4.7906,0.4525
3615.0000,93.5108,1.1280,77.3633,4.7906,0.4525
3615.1000,93.5084,1.1266,76.9714,4.7906,0.4525
3615.2000,93.5057,1.1252,76.4968,4.7906,0.4525
3615.3000,93.5014,1.1238,75.3661,4.7906,0.4525
3615.4000,93.4943,1.1223,74.2191,4.7906,0.4525
3615.5000,93.4856,1.1207,73.2274,4.7906,0.4525
3615.6000,93.4746,1.1191,72.1911,4.7906,0.4525
3615.7000,93.4619,1.1175,71.0080,4.7906,0.4525
3615.8000,93.4464,1.1158,70.1196,4.7906,0.4525
3615.9000,93.4302,1.1141,69.5111,4.7906,0.4525
3616.0000,93.4125,1.1123,68.6317,4.7906,0.4525
3616.1000,93.3931,1.1105,67.7814,4.7906,0.4525
3616.2000,93.3721,1.1087,67.5579,4.7906,0.4525
3616.3000,93.3520,1.1068,67.1655,4.7906,0.4526
3616.4000,93.3298,1.1049,67.1906,4.7906,0.4526
3616.5000,93.3101,1.1029,68.7840,4.7906,0.4526
3616.6000,93.2945,1.1009,70.2227,4.7906,0.4526
3616.7000,93.2809,1.0988,70.6143,4.7906,0.4526
3616.8000,93.2672,1.0967,71.2900,4.7906,0.4526
3616.9000,93.2565,1.0945,71.4120,4.7906,0.4526
3617.0000,93.2435,1.0923,69.7470,4.7906,0.4526
3617.1000,93.2264,1.0901,68.0862,4.7906,0.4526
3617.2000,93.2069,1.0878,67.4705,4.7906,0.4526
3617.3000,93.1875,1.0855,67.3282,4.7906,0.4526
3617.4000,93.1678,1.0831,67.9584,4.7906,0.4527
3617.5000,93.1513,1.0807,69.8120,4.7906,0.4527
3617.6000,93.1393,1.0782,71.5191,4.7906,0.4527
3617.7000,93.1299,1.0757,72.5171,4.7906,0.4527
3617.8000,93.1223,1.0731,72.8230,4.7906,0.4527
3617.9000,93.1144,1.0705,72.2362,4.7906,0.4527
3618.0000,93.1045,1.0679,70.8028,4.7906,0.4527
3618.1000,93.0911,1.0652,68.9777,4.7906,0.4527
3618.2000,93.0741,1.0624,67.2091,4.7906,0.4527
3618.3000,93.0538,1.0597,65.8376,4.7906,0.4527
3618.4000,93.0316,1.0568,64.9294,4.7906,0.4527
3618.5000,93.0080,1.0539,64.5945,4.7906,0.4527
3618.6000,92.9847,1.0510,64.5244,4.7906,0.4528
3618.7000,92.9612,1.0480,64.1223,4.7906,0.4528
3618.8000,92.9367,1.0450,64.0330,4.7906,0.4528
3618.9000,92.9131,1.0420,64.5832,4.7906,0.4528
3619.0000,92.8912,1.0389,65.3770,4.7906,0.4529
3619.1000,92.8712,1.0357,66.3016,4.7906,0.4529
3619.2000,92.8534,1.0325,67.3965,4.7906,0.4529
3619.3000,92.8382,1.0292,68.2056,4.7906,0.4529
3619.4000,92.8240,1.0260,68.8064,4.7906,0.4529
3619.5000,92.8116,1.0226,69.0653,4.7906,0.4529
3619.6000,92.7988,1.0192,69.2529,4.7906,0.4529
3619.7000,92.7874,1.0158,69.7084,4.7906,0.4529
3619.8000,92.7767,1.0123,70.1654,4.7906,0.4529
3619.9000,92.7675,1.0088,70.1720,4.7906,0.4529
3620.0000,92.7572,1.0052,69.8578,4.7906,0.4529
3620.1000,92.7471,1.0016,70.2647,4.7906,0.4530
3620.2000,92.7387,0.9979,71.6241,4.7906,0.4530
3620.3000,92.7344,0.9942,72.8644,4.7906,0.4530
3620.4000,92.7314,0.9904,73.5538,4.7906,0.4530
3620.5000,92.7302,0.9866,74.9401,4.7906,0.4529
3620.6000,92.7331,0.9828,76.5468,4.7906,0.4529
3620.7000,92.7386,0.9789,77.3909,4.7906,0.4529
3620.8000,92.7452,0.9749,77.8906,4.7906,0.4529
3620.9000,92.7530,0.9709,78.5480,4.7906,0.4529
3621.0000,92.7624,0.9669,78.8354,4.7906,0.4529
3621.1000,92.7716,0.9628,78.8285,4.7906,0.4529
3621.2000,92.7813,0.9587,79.1887,4.7906,0.4528
3621.3000,92.7921,0.9545,80.2527,4.7906,0.4528
3621.4000,92.8063,0.9502,81.7999,4.7906,0.4528
3621.5000,92.8236,0.9460,83.5459,4.7906,0.4528
3621.6000,92.8451,0.9416,85.1644,4.7906,0.4527
3621.7000,92.8691,0.9372,86.1978,4.7906,0.4527
3621.8000,92.8949,0.9328,86.5371,4.7906,0.4527
3621.9000,92.9204,0.9283,86.2717,4.7906,0.4526
3622.0000,92.9452,0.9238,85.8788,4.7906,0.4526
3622.1000,92.9693,0.9193,85.3289,4.7906,0.4525
3622.2000,92.9920,0.9146,84.5228,4.7906,0.4525
3622.3000,93.0129,0.9100,84.4339,4.7906,0.4525
3622.4000,93.0354,0.9053,85.3279,4.7906,0.4524
3622.5000,93.0601,0.9005,85.8280,4.7906,0.4524
3622.6000,93.0847,0.8957,86.2895,4.7906,0.4524
3622.7000,93.1115,0.8908,87.0538,4.7906,0.4523
3622.8000,93.1393,0.8859,87.5433,4.7906,0.4523
3622.9000,93.1682,0.8810,88.5207,4.7906,0.4522
3623.0000,93.2001,0.8760,90.1916,4.7906,0.4522
3623.1000,93.2358,0.8709,92.0764,4.7906,0.4521
3623.2000,93.2755,0.8658,93.7104,4.7906,0.4521
3623.3000,93.3178,0.8607,94.8098,4.7906,0.4520
3623.4000,93.3620,0.8555,95.5035,4.7906,0.4520
3623.5000,93.4071,0.8503,95.8010,4.7906,0.4519
3623.6000,93.4524,0.8450,95.1055,4.7906,0.4518
3623.7000,93.4948,0.8396,94.0050,4.7906,0.4518
3623.8000,93.5357,0.8343,93.5845,4.7906,0.4517
3623.9000,93.5764,0.8288,93.3138,4.7906,0.4517
3624.0000,93.6162,0.8234,93.3308,4.7906,0.4516
3624.1000,93.6570,0.8178,94.0552,4.7906,0.4516
3624.2000,93.6999,0.8123,95.2467,4.7906,0.4515
3624.3000,93.7455,0.8066,95.7501,4.7906,0.4514
3624.4000,93.7904,0.8010,94.9911,4.7906,0.4514
3624.5000,93.8331,0.7953,93.8130,4.7906,0.4513
3624.6000,93.8733,0.7895,92.8276,4.7906,0.4513
3624.7000,93.9120,0.7837,92.3398,4.7906,0.4512
3624.8000,93.9503,0.7778,92.1910,4.7906,0.4511
3624.9000,93.9886,0.7719,92.0091,4.7906,0.4511
3625.0000,94.0263,0.7660,91.3062,4.7906,0.4510
3625.1000,94.0618,0.7600,90.4719,4.7906,0.4510
3625.2000,94.0963,0.7540,89.8299,4.7906,0.4509
3625.3000,94.1294,0.7479,88.9368,4.7906,0.4509
3625.4000,94.1605,0.7418,88.0165,4.7906,0.4509
3625.5000,94.1900,0.7356,88.1552,4.7906,0.4508
3625.6000,94.2219,0.7294,88.7535,4.7906,0.4508
3625.7000,94.2540,0.7231,88.8364,4.7906,0.4507
3625.8000,94.2863,0.7168,89.1573,4.7906,0.4507
3625.9000,94.3200,0.7104,89.8984,4.7906,0.4506
3626.0000,94.3554,0.7041,89.6110,4.7906,0.4506
3626.1000,94.3881,0.6976,88.8660,4.7906,0.4505
3626.2000,94.4208,0.6911,88.4204,4.7906,0.4505
3626.3000,94.4518,0.6846,87.6378,4.7906,0.4505
3626.4000,94.4816,0.6781,86.9661,4.7906,0.4504
3626.5000,94.5102,0.6714,86.7120,4.7906,0.4504
3626.6000,94.5391,0.6648,85.4272,4.7906,0.4503
3626.7000,94.5628,0.6581,82.9224,4.7906,0.4503
3626.8000,94.5821,0.6514,80.5254,4.7906,0.4503
3626.9000,94.5965,0.6446,78.2394,4.7906,0.4503
3627.0000,94.6070,0.6378,76.0236,4.7906,0.4503
3627.1000,94.6130,0.6309,74.1779,4.7906,0.4503
3627.2000,94.6165,0.6240,72.8840,4.7906,0.4503
3627.3000,94.6177,0.6171,71.1589,4.7906,0.4503
3627.4000,94.6148,0.6101,68.9807,4.7906,0.4503
3627.5000,94.6079,0.6031,66.9622,4.7906,0.4503
3627.6000,94.5975,0.5961,65.5392,4.7906,0.4503
3627.7000,94.5854,0.5890,64.7635,4.7906,0.4503
3627.8000,94.5724,0.5819,64.9045,4.7906,0.4504
3627.9000,94.5615,0.5748,65.2041,4.7906,0.4504
3628.0000,94.5503,0.5676,65.1990,4.7906,0.4504
3628.1000,94.5399,0.5604,64.9230,4.7906,0.4504
3628.2000,94.5281,0.5531,64.2196,4.7906,0.4504
3628.3000,94.5155,0.5458,63.3685,4.7906,0.4505
3628.4000,94.5009,0.5385,62.9128,4.7906,0.4505
3628.5000,94.4871,0.5311,62.9767,4.7906,0.4505
3628.6000,94.4733,0.5238,63.7552,4.7906,0.4505
3628.7000,94.4632,0.5163,65.3446,4.7906,0.4505
3628.8000,94.4564,0.5089,66.7305,4.7906,0.4506
3628.9000,94.4523,0.5014,67.6735,4.7906,0.4506
3629.0000,94.4498,0.4939,68.0057,4.7906,0.4506
3629.1000,94.4476,0.4863,67.1797,4.7906,0.4506
3629.2000,94.4423,0.4788,65.3895,4.7906,0.4506
3629.3000,94.4335,0.4712,63.8939,4.7906,0.4506
3629.4000,94.4228,0.4635,62.9032,4.7906,0.4507
3629.5000,94.4106,0.4559,62.2258,4.7906,0.4507
3629.6000,94.3978,0.4482,62.1512,4.7906,0.4507
3629.7000,94.3859,0.4404,62.4189,4.7906,0.4507
3629.8000,94.3748,0.4327,62.1729,4.7906,0.4508
3629.9000,94.3625,0.4249,61.6462,4.7906,0.4508
3630.0000,94.3499,0.4171,61.3541,4.7906,0.4508
3630.1000,94.3370,0.4093,60.8748,4.7906,0.4509
3630.2000,94.3231,0.4014,59.9333,4.7906,0.4509
3630.3000,94.3071,0.3935,59.1588,4.7906,0.4509
3630.4000,94.2907,0.3856,58.6688,4.7906,0.4510
3630.5000,94.2734,0.3777,57.8603,4.7906,0.4510
3630.6000,94.2545,0.3697,57.0667,4.7906,0.4510
3630.7000,94.2346,0.3617,56.3958,4.7906,0.4511
3630.8000,94.2136,0.3537,55.7585,4.7906,0.4511
3630.9000,94.1919,0.3457,55.7621,4.7906,0.4512
3631.0000,94.1716,0.3377,56.4537,4.7906,0.4512
3631.1000,94.1534,0.3296,57.5685,4.7906,0.4512
3631.2000,94.1382,0.3215,59.3942,4.7906,0.4513
3631.3000,94.1279,0.3134,61.3206,4.7906,0.4513
3631.4000,94.1211,0.3052,62.5158,4.7906,0.4513
3631.5000,94.1162,0.2971,63.7616,4.7906,0.4514
3631.6000,94.1150,0.2889,64.8824,4.7906,0.4514
3631.7000,94.1151,0.2807,65.5077,4.7906,0.4514
3631.8000,94.1170,0.2725,66.7871,4.7906,0.4514
3631.9000,94.1228,0.2642,68.5843,4.7906,0.4514
3632.0000,94.1324,0.2560,69.7763,4.7906,0.4514
3632.1000,94.1435,0.2477,71.0731,4.7906,0.4514
3632.2000,94.1587,0.2394,72.4042,4.7906,0.4514
3632.3000,94.1756,0.2310,72.5597,4.7906,0.4514
3632.4000,94.1920,0.2227,72.3353,4.7906,0.4514
3632.5000,94.2084,0.2143,72.0663,4.7906,0.4514
3632.6000,94.2241,0.2060,70.9624,4.7906,0.4514
3632.7000,94.2366,0.1976,69.1220,4.7906,0.4515
3632.8000,94.2454,0.1892,67.6599,4.7906,0.4515
3632.9000,94.2526,0.1807,60.7344,4.7906,0.4515
3633.0000,94.2342,0.1723,48.1879,4.7906,0.4516
3633.1000,94.1918,0.1638,36.3245,4.7906,0.4517
3633.2000,94.1266,0.1554,25.2582,4.7906,0.4518
3633.3000,94.0407,0.1469,14.3398,4.7906,0.4519
3633.4000,93.9327,0.1384,8.5786,4.7906,0.4521
3633.5000,93.8247,0.1299,8.3229,4.7906,0.4523
3633.6000,93.7167,0.1214,8.0678,4.7906,0.4524
3633.7000,93.6087,0.1130,7.8133,4.7906,0.4526
3633.8000,93.5007,0.1045,7.5596,4.7906,0.4527
3633.9000,93.3927,0.0960,7.3065,4.7906,0.4529
3634.0000,93.2847,0.0875,7.0540,4.7906,0.4531
3634.1000,93.1767,0.0790,6.8023,4.7906,0.4533
3634.2000,93.0687,0.0705,6.5512,4.7906,0.4534
3634.3000,92.9607,0.0620,6.3009,4.7906,0.4536
3634.4000,92.8527,0.0536,6.0513,4.7906,0.4538
3634.5000,92.7447,0.0451,5.8023,4.7906,0.4539
3634.6000,92.6367,0.0366,5.5541,4.7906,0.4541
3634.7000,92.5287,0.0281,5.3066,4.7906,0.4543
3634.8000,92.4207,0.0196,5.0599,4.7906,0.4545
3634.9000,92.3127,0.0112,4.8139,4.7906,0.4546
3635.0000,92.2047,0.0027,4.5687,4.7906,0.4548
3635.1000,92.0967,-0.0058,4.3242,4.7906,0.4550
3635.2000,91.9887,-0.0142,4.0805,4.7906,0.4552
3635.3000,91.8807,-0.0227,3.8375,4.7906,0.4553
3635.4000,91.7727,-0.0311,3.5954,4.7906,0.4555
3635.5000,91.6647,-0.0395,3.3540,4.7906,0.4557
3635.6000,91.5567,-0.0480,3.1134,4.7906,0.4559
3635.7000,91.4487,-0.0564,2.8736,4.7906,0.4560
3635.8000,91.3407,-0.0648,2.6346,4.7906,0.4562
3635.9000,91.2327,-0.0732,2.3965,4.7906,0.4564
3636.0000,91.1247,-0.0816,2.1591,4.7906,0.4566
3636.1000,91.0167,-0.0900,1.9226,4.7906,0.4568
3636.2000,90.9087,-0.0983,1.6870,4.7906,0.4569
3636.3000,90.8007,-0.1067,1.4521,4.7906,0.4571
3636.4000,90.6927,-0.1151,1.2181,4.7906,0.4573
3636.5000,90.5847,-0.1234,0.9850,4.7906,0.4575
3636.6000,90.4767,-0.1317,0.7847,4.7906,0.4577
3636.7000,90.3688,-0.1401,0.5852,4.7906,0.4579
3636.8000,90.2610,-0.1484,0.3562,4.7906,0.4580
3636.9000,90.1531,-0.1567,0.3347,4.7906,0.4582
3637.0000,90.0461,-0.1649,0.9064,4.7906,0.4584
3637.1000,89.9416,-0.1732,1.7510,4.7906,0.4586
3637.2000,89.8391,-0.1814,2.4042,4.7906,0.4588
3637.3000,89.7383,-0.1897,3.1451,4.7906,0.4590
3637.4000,89.6399,-0.1979,4.1142,4.7906,0.4591
3637.5000,89.5441,-0.2061,4.7913,4.7906,0.4593
3637.6000,89.4494,-0.2143,5.7101,4.7906,0.4595
3637.7000,89.3584,-0.2225,7.4225,4.7906,0.4596
3637.8000,89.2719,-0.2307,9.0528,4.7906,0.4598
3637.9000,89.1887,-0.2388,10.2787,4.7906,0.4600
3638.0000,89.1083,-0.2469,11.7461,4.7906,0.4601
3638.1000,89.0322,-0.2551,12.9172,4.7906,0.4603
3638.2000,88.9576,-0.2632,13.1375,4.7906,0.4604
3638.3000,88.8833,-0.2713,13.6467,4.7906,0.4606
3638.4000,88.8117,-0.2793,15.3189,4.7906,0.4607
3638.5000,88.7454,-0.2874,17.3510,4.7906,0.4609
3638.6000,88.6833,-0.2954,19.4364,4.7906,0.4610
3638.7000,88.6267,-0.3035,22.5204,4.7906,0.4611
3638.8000,88.5785,-0.3115,25.6269,4.7906,0.4613
3638.9000,88.5359,-0.3195,27.9412,4.7906,0.4614
3639.0000,88.4984,-0.3275,30.1329,4.7906,0.4615
3639.1000,88.4659,-0.3354,31.8959,4.7906,0.4616
3639.2000,88.4366,-0.3434,32.8892,4.7906,0.4617
3639.3000,88.4090,-0.3513,34.3688,4.7906,0.4618
3639.4000,88.3867,-0.3592,36.2916,4.7906,0.4619
3639.5000,88.3680,-0.3671,37.4084,4.7906,0.4620
3639.6000,88.3511,-0.3750,38.5843,4.7906,0.4621
3639.7000,88.3380,-0.3829,39.9792,4.7906,0.4621
3639.8000,88.3277,-0.3908,40.3997,4.7906,0.4622
3639.9000,88.3170,-0.3986,39.6909,4.7906,0.4623
3640.0000,88.3043,-0.4064,39.0724,4.7906,0.4624
3640.1000,88.2916,-0.4143,38.5595,4.7906,0.4625
3640.2000,88.2772,-0.4221,37.7353,4.7906,0.4626
3640.3000,88.2616,-0.4298,37.6915,4.7906,0.4627
3640.4000,88.2477,-0.4376,38.8209,4.7906,0.4628
3640.5000,88.2374,-0.4453,40.0970,4.7906,0.4628
3640.6000,88.2296,-0.4531,41.3230,4.7906,0.4629
3640.7000,88.2252,-0.4608,42.7487,4.7906,0.4630
3640.8000,88.2240,-0.4685,43.0397,4.7906,0.4631
3640.9000,88.2213,-0.4761,42.0283,4.7906,0.4631
3641.0000,88.2163,-0.4838,40.9731,4.7906,0.4632
3641.1000,88.2097,-0.4914,39.8334,4.7906,0.4633
3641.2000,88.2004,-0.4990,38.4213,4.7906,0.4634
3641.3000,88.1883,-0.5066,38.0700,4.7906,0.4635
3641.4000,88.1781,-0.5142,38.8348,4.7906,0.4636
3641.5000,88.1698,-0.5217,39.6552,4.7906,0.4637
3641.6000,88.1637,-0.5293,40.7335,4.7906,0.4637
3641.7000,88.1606,-0.5368,42.5415,4.7906,0.4638
3641.8000,88.1627,-0.5443,44.2422,4.7906,0.4639
3641.9000,88.1674,-0.5517,45.0869,4.7906,0.4640
3642.0000,88.1736,-0.5592,45.6771,4.7906,0.4640
3642.1000,88.1813,-0.5666,46.3877,4.7906,0.4641
3642.2000,88.1910,-0.5740,46.6624,4.7906,0.4642
3642.3000,88.2003,-0.5814,47.0123,4.7906,0.4642
3642.4000,88.2120,-0.5887,48.5519,4.7906,0.4643
3642.5000,88.2283,-0.5961,50.4961,4.7906,0.4644
3642.6000,88.2487,-0.6034,52.2627,4.7906,0.4644
3642.7000,88.2730,-0.6106,53.8905,4.7906,0.4645
3642.8000,88.3006,-0.6179,54.6376,4.7906,0.4645
3642.9000,88.3285,-0.6252,54.0678,4.7906,0.4645
3643.0000,88.3540,-0.6324,53.0238,4.7906,0.4646
3643.1000,88.3777,-0.6396,52.1095,4.7906,0.4647
3643.2000,88.3997,-0.6467,51.4175,4.7906,0.4647
3643.3000,88.4207,-0.6539,51.0580,4.7906,0.4648
3643.4000,88.4415,-0.6610,50.8994,4.7906,0.4648
3643.5000,88.4623,-0.6681,50.9328,4.7906,0.4649
3643.6000,88.4836,-0.6752,50.8232,4.7906,0.4649
3643.7000,88.5042,-0.6822,50.1414,4.7906,0.4650
3643.8000,88.5230,-0.6892,48.6548,4.7906,0.4650
3643.9000,88.5376,-0.6962,47.2165,4.7906,0.4651
3644.0000,88.5506,-0.7032,46.2594,4.7906,0.4652
3644.1000,88.5616,-0.7101,44.8340,4.7906,0.4653
3644.2000,88.5689,-0.7170,43.4210,4.7906,0.4653
3644.3000,88.5743,-0.7239,43.1527,4.7906,0.4654
3644.4000,88.5809,-0.7308,42.8534,4.7906,0.4655
3644.5000,88.5855,-0.7376,41.4141,4.7906,0.4656
3644.6000,88.5864,-0.7444,39.9603,4.7906,0.4656
3644.7000,88.5852,-0.7512,38.6134,4.7906,0.4657
3644.8000,88.5808,-0.7579,37.3493,4.7906,0.4658
3644.9000,88.5747,-0.7646,37.1725,4.7906,0.4659
3645.0000,88.5701,-0.7712,37.7509,4.7906,0.4660
3645.1000,88.5669,-0.7779,38.2550,4.7906,0.4661
3645.2000,88.5649,-0.7845,38.4240,4.7906,0.4662
3645.3000,88.5629,-0.7911,37.6649,4.7906,0.4663
3645.4000,88.5581,-0.7976,35.7412,4.7906,0.4664
3645.5000,88.5484,-0.8041,33.3722,4.7906,0.4665
3645.6000,88.5340,-0.8106,31.3049,4.7906,0.4666
3645.7000,88.5160,-0.8170,29.8490,4.7906,0.4667
3645.8000,88.4959,-0.8234,28.7679,4.7906,0.4668
3645.9000,88.4738,-0.8298,28.0712,4.7906,0.4669
3646.0000,88.4513,-0.8361,27.9388,4.7906,0.4670
3646.1000,88.4292,-0.8424,27.9730,4.7906,0.4671
3646.2000,88.4074,-0.8487,28.0147,4.7906,0.4673
3646.3000,88.3859,-0.8549,28.0801,4.7906,0.4674
3646.4000,88.3649,-0.8611,27.7430,4.7906,0.4675
3646.5000,88.3426,-0.8673,26.7922,4.7906,0.4676
3646.6000,88.3181,-0.8734,25.3218,4.7906,0.4677
3646.7000,88.2900,-0.8795,24.1681,4.7906,0.4679
3646.8000,88.2610,-0.8855,23.1377,4.7906,0.4680
3646.9000,88.2291,-0.8915,21.6751,4.7906,0.4681
3647.0000,88.1945,-0.8975,20.5647,4.7906,0.4682
3647.1000,88.1583,-0.9034,20.1746,4.7906,0.4684
3647.2000,88.1226,-0.9093,20.0848,4.7906,0.4685
3647.3000,88.0866,-0.9152,20.6015,4.7906,0.4687
3647.4000,88.0537,-0.9210,21.9426,4.7906,0.4688
3647.5000,88.0240,-0.9268,23.4343,4.7906,0.4689
3647.6000,87.9980,-0.9325,24.8524,4.7906,0.4690
3647.7000,87.9749,-0.9382,25.4292,4.7906,0.4692
3647.8000,87.9519,-0.9439,24.9533,4.7906,0.4693
3647.9000,87.9273,-0.9495,24.2696,4.7906,0.4694
3648.0000,87.9018,-0.9551,23.0744,4.7906,0.4695
3648.1000,87.8726,-0.9607,21.7724,4.7906,0.4697
3648.2000,87.8420,-0.9662,21.4369,4.7906,0.4698
3648.3000,87.8118,-0.9716,21.7957,4.7906,0.4699
3648.4000,87.7833,-0.9771,22.1413,4.7906,0.4701
3648.5000,87.7551,-0.9825,22.6644,4.7906,0.4702
3648.6000,87.7294,-0.9878,23.4730,4.7906,0.4703
3648.7000,87.7052,-0.9931,24.2896,4.7906,0.4704
3648.8000,87.6834,-0.9984,25.2984,4.7906,0.4706
3648.9000,87.6640,-1.0037,26.8962,4.7906,0.4707
3649.0000,87.6495,-1.0088,28.7613,4.7906,0.4708
3649.1000,87.6386,-1.0140,30.2448,4.7906,0.4709
3649.2000,87.6309,-1.0191,31.4521,4.7906,0.4710
3649.3000,87.6256,-1.0242,32.5448,4.7906,0.4711
3649.4000,87.6230,-1.0293,32.8355,4.7906,0.4712
3649.5000,87.6193,-1.0343,32.7101,4.7906,0.4713
3649.6000,87.6165,-1.0392,32.9590,4.7906,0.4714
3649.7000,87.6142,-1.0441,32.1419,4.7906,0.4715
3649.8000,87.6083,-1.0490,30.4527,4.7906,0.4716
3649.9000,87.5990,-1.0539,29.2549,4.7906,0.4717
3650.0000,87.5883,-1.0587,28.1557,4.7906,0.4719
3650.1000,87.5747,-1.0635,26.6735,4.7906,0.4720
3650.2000,87.5580,-1.0682,25.8629,4.7906,0.4721
3650.3000,87.5413,-1.0729,25.7933,4.7906,0.4722
3650.4000,87.5247,-1.0775,25.8831,4.7906,0.4723
3650.5000,87.5088,-1.0821,26.6549,4.7906,0.4724
3650.6000,87.4959,-1.0867,28.0308,4.7906,0.4726
3650.7000,87.4863,-1.0912,29.4577,4.7906,0.4727
3650.8000,87.4799,-1.0957,31.0835,4.7906,0.4728
3650.9000,87.4777,-1.1001,32.8054,4.7906,0.4729
3651.0000,87.4791,-1.1046,34.2154,4.7906,0.4730
3651.1000,87.4832,-1.1089,35.4019,4.7906,0.4731
3651.2000,87.4900,-1.1133,36.8286,4.7906,0.4732
3651.3000,87.5005,-1.1175,37.8363,4.7906,0.4733
3651.4000,87.5119,-1.1218,37.9349,4.7906,0.4734
3651.5000,87.5231,-1.1260,37.8568,4.7906,0.4734
3651.6000,87.5343,-1.1302,37.7612,4.7906,0.4735
3651.7000,87.5453,-1.1343,37.4000,4.7906,0.4736
3651.8000,87.5552,-1.1384,37.0328,4.7906,0.4737
3651.9000,87.5649,-1.1424,36.9919,4.7906,0.4738
3652.0000,87.5748,-1.1465,37.1448,4.7906,0.4739
3652.1000,87.5854,-1.1504,36.8013,4.7906,0.4740
3652.2000,87.5940,-1.1544,36.0137,4.7906,0.4741
3652.3000,87.6014,-1.1583,35.3612,4.7906,0.4742
3652.4000,87.6075,-1.1621,35.1931,4.7906,0.4743
3652.5000,87.6144,-1.1659,35.3064,4.7906,0.4744
3652.6000,87.6212,-1.1697,35.3540,4.7906,0.4745
3652.7000,87.6284,-1.1734,35.5315,4.7906,0.4746
3652.8000,87.6362,-1.1771,35.5571,4.7906,0.4747
3652.9000,87.6438,-1.1808,34.3267,4.7906,0.4748
3653.0000,87.6465,-1.1844,32.0332,4.7906,0.4749
3653.1000,87.6445,-1.1880,30.0471,4.7906,0.4750
3653.2000,87.6389,-1.1915,28.1754,4.7906,0.4751
3653.3000,87.6290,-1.1950,25.9861,4.7906,0.4752
3653.4000,87.6143,-1.1985,24.4060,4.7906,0.4753
3653.5000,87.5979,-1.2019,23.4510,4.7906,0.4755
3653.6000,87.5793,-1.2052,22.2430,4.7906,0.4756
3653.7000,87.5581,-1.2086,20.7971,4.7906,0.4757
3653.8000,87.5336,-1.2119,19.5595,4.7906,0.4759
3653.9000,87.5074,-1.2151,18.3757,4.7906,0.4760
3654.0000,87.4781,-1.2183,16.8104,4.7906,0.4761
3654.1000,87.4455,-1.2215,15.6872,4.7906,0.4763
3654.2000,87.4118,-1.2246,15.1749,4.7906,0.4764
3654.3000,87.3773,-1.2277,14.7819,4.7906,0.4766
3654.4000,87.3422,-1.2308,14.8863,4.7906,0.4767
3654.5000,87.3085,-1.2338,15.2357,4.7906,0.4769
3654.6000,87.2753,-1.2367,14.5678,4.7906,0.4770
3654.7000,87.2390,-1.2397,13.1595,4.7906,0.4772
3654.8000,87.2001,-1.2426,11.2920,4.7906,0.4773
3654.9000,87.1561,-1.2454,8.7598,4.7906,0.4775
3655.0000,87.1065,-1.2482,6.5493,4.7906,0.4777
3655.1000,87.0534,-1.2510,4.9087,4.7906,0.4779
3655.2000,86.9971,-1.2537,3.3900,4.7906,0.4780
3655.3000,86.9377,-1.2564,2.3913,4.7906,0.4782
3655.4000,86.8775,-1.2591,1.7829,4.7906,0.4784
3655.5000,86.8159,-1.2617,0.6764,4.7906,0.4786
3655.6000,86.7513,-1.2642,-0.4695,4.7906,0.4788
3655.7000,86.6851,-1.2668,-1.3120,4.7906,0.4790
3655.8000,86.6172,-1.2693,-1.7107,4.7906,0.4791
3655.9000,86.5497,-1.2717,-1.1426,4.7906,0.4793
3656.0000,86.4847,-1.2741,0.8590,4.7906,0.4795
3656.1000,86.4263,-1.2765,4.3788,4.7906,0.4797
3656.2000,86.3771,-1.2788,8.4289,4.7906,0.4799
3656.3000,86.3367,-1.2811,12.3658,4.7906,0.4800
3656.4000,86.3050,-1.2834,15.9895,4.7906,0.4802
3656.5000,86.2808,-1.2856,18.9188,4.7906,0.4803
3656.6000,86.2621,-1.2878,20.8365,4.7906,0.4804
3656.7000,86.2466,-1.2899,22.9569,4.7906,0.4806
3656.8000,86.2374,-1.2921,25.5346,4.7906,0.4807
3656.9000,86.2333,-1.2941,27.9165,4.7906,0.4808
3657.0000,86.2348,-1.2962,30.0934,4.7906,0.4809
3657.1000,86.2403,-1.2982,31.9953,4.7906,0.4810
3657.2000,86.2502,-1.3002,33.1531,4.7906,0.4811
3657.3000,86.2609,-1.3021,33.2606,4.7906,0.4812
3657.4000,86.2713,-1.3040,32.7889,4.7906,0.4813
3657.5000,86.2801,-1.3059,32.2157,4.7906,0.4814
3657.6000,86.2881,-1.3077,31.7647,4.7906,0.4815
3657.7000,86.2949,-1.3095,30.9462,4.7906,0.4816
3657.8000,86.2994,-1.3113,30.0801,4.7906,0.4817
3657.9000,86.3026,-1.3130,29.1293,4.7906,0.4819
3658.0000,86.3030,-1.3147,27.7423,4.7906,0.4820
3658.1000,86.3002,-1.3164,26.1737,4.7906,0.4821
3658.2000,86.2939,-1.3180,24.5881,4.7906,0.4822
3658.3000,86.2843,-1.3196,22.8056,4.7906,0.4823
3658.4000,86.2704,-1.3212,20.5434,4.7906,0.4825
3658.5000,86.2510,-1.3227,18.2554,4.7906,0.4826
3658.6000,86.2273,-1.3242,16.4161,4.7906,0.4828
3658.7000,86.2001,-1.3257,15.5483,4.7906,0.4829
3658.8000,86.1727,-1.3271,15.1821,4.7906,0.4831
3658.9000,86.1442,-1.3285,15.2591,4.7906,0.4832
3659.0000,86.1174,-1.3299,15.8692,4.7906,0.4834
3659.1000,86.0917,-1.3312,15.8542,4.7906,0.4835
3659.2000,86.0650,-1.3325,14.6916,4.7906,0.4837
3659.3000,86.0344,-1.3338,13.6754,4.7906,0.4838
3659.4000,86.0035,-1.3350,13.4011,4.7906,0.4840
3659.5000,85.9719,-1.3362,13.0321,4.7906,0.4841
3659.6000,85.9396,-1.3374,13.0524,4.7906,0.4843
3659.7000,85.9084,-1.3386,13.5882,4.7906,0.4844
3659.8000,85.8786,-1.3397,13.7787,4.7906,0.4846
3659.9000,85.8484,-1.3408,13.1662,4.7906,0.4847
3660.0000,85.8161,-1.3418,12.2566,4.7906,0.4849
3660.1000,85.7821,-1.3428,11.6031,4.7906,0.4850
3660.2000,85.7472,-1.3438,11.6184,4.7906,0.4852
3660.3000,85.7135,-1.3448,12.0336,4.7906,0.4853
3660.4000,85.6806,-1.3457,12.6638,4.7906,0.4855
3660.5000,85.6498,-1.3467,13.3697,4.7906,0.4857
3660.6000,85.6202,-1.3475,13.5102,4.7906,0.4858
3660.7000,85.5903,-1.3484,12.6734,4.7906,0.4860
3660.8000,85.5572,-1.3492,11.7397,4.7906,0.4861
3660.9000,85.5233,-1.3500,11.3024,4.7906,0.4863
3661.0000,85.4885,-1.3508,10.8198,4.7906,0.4864
3661.1000,85.4526,-1.3515,10.3096,4.7906,0.4866
3661.2000,85.4157,-1.3522,10.3961,4.7906,0.4868
3661.3000,85.3805,-1.3529,10.5709,4.7906,0.4869
3661.4000,85.3446,-1.3536,10.2979,4.7906,0.4871
3661.5000,85.3083,-1.3542,10.8397,4.7906,0.4872
3661.6000,85.2750,-1.3548,11.9124,4.7906,0.4874
3661.7000,85.2436,-1.3554,12.9910,4.7906,0.4875
3661.8000,85.2152,-1.3560,14.7272,4.7906,0.4877
3661.9000,85.1917,-1.3565,16.7838,4.7906,0.4878
3662.0000,85.1726,-1.3570,18.5852,4.7906,0.4880
3662.1000,85.1572,-1.3575,20.8114,4.7906,0.4881
3662.2000,85.1481,-1.3580,22.7472,4.7906,0.4882
3662.3000,85.1413,-1.3584,23.7088,4.7906,0.4884
3662.4000,85.1365,-1.3588,24.7790,4.7906,0.4885
3662.5000,85.1345,-1.3592,25.5965,4.7906,0.4886
3662.6000,85.1334,-1.3596,26.1526,4.7906,0.4887
3662.7000,85.1339,-1.3599,27.3327,4.7906,0.4888
3662.8000,85.1380,-1.3603,28.7364,4.7906,0.4890
3662.9000,85.1448,-1.3606,29.7765,4.7906,0.4891
3663.0000,85.1535,-1.3608,30.5831,4.7906,0.4892
3663.1000,85.1638,-1.3611,30.8168,4.7906,0.4893
3663.2000,85.1735,-1.3613,30.1771,4.7906,0.4894
3663.3000,85.1810,-1.3615,29.0512,4.7906,0.4895
3663.4000,85.1857,-1.3617,28.2893,4.7906,0.4896
3663.5000,85.1897,-1.3619,27.9787,4.7906,0.4897
3663.6000,85.1930,-1.3621,27.5300,4.7906,0.4899
3663.7000,85.1951,-1.3622,27.0753,4.7906,0.4900
3663.8000,85.1964,-1.3623,27.2461,4.7906,0.4901
3663.9000,85.1992,-1.3624,27.7126,4.7906,0.4902
3664.0000,85.2026,-1.3625,27.8522,4.7906,0.4903
3664.1000,85.2060,-1.3625,28.3899,4.7906,0.4904
3664.2000,85.2117,-1.3626,29.6829,4.7906,0.4905
3664.3000,85.2209,-1.3626,30.9875,4.7906,0.4907
3664.4000,85.2323,-1.3626,31.5172,4.7906,0.4908
3664.5000,85.2437,-1.3626,31.6647,4.7906,0.4909
3664.6000,85.2558,-1.3625,31.8541,4.7906,0.4910
3664.7000,85.2680,-1.3625,31.8049,4.7906,0.4911
3664.8000,85.2797,-1.3624,31.4000,4.7906,0.4912
3664.9000,85.2901,-1.3623,31.2736,4.7906,0.4913
3665.0000,85.3012,-1.3622,31.6549,4.7906,0.4914
3665.1000,85.3132,-1.3621,32.0892,4.7906,0.4915
3665.2000,85.3262,-1.3619,32.5745,4.7906,0.4916
3665.3000,85.3403,-1.3618,32.6355,4.7906,0.4917
3665.4000,85.3534,-1.3616,32.2907,4.7906,0.4918
3665.5000,85.3659,-1.3614,32.2475,4.7906,0.4919
3665.6000,85.3788,-1.3612,32.4189,4.7906,0.4920
3665.7000,85.3919,-1.3610,32.9922,4.7906,0.4921
3665.8000,85.4073,-1.3608,34.4176,4.7906,0.4922
3665.9000,85.4266,-1.3606,36.1333,4.7906,0.4923
3666.0000,85.4494,-1.3603,37.7358,4.7906,0.4924
3666.1000,85.4757,-1.3600,38.5387,4.7906,0.4925
3666.2000,85.5019,-1.3598,37.9169,4.7906,0.4926
3666.3000,85.5253,-1.3595,36.6608,4.7906,0.4927
3666.4000,85.5458,-1.3592,35.3543,4.7906,0.4928
3666.5000,85.5632,-1.3588,33.7983,4.7906,0.4929
3666.6000,85.5768,-1.3585,32.5124,4.7906,0.4930
3666.7000,85.5885,-1.3582,31.5009,4.7906,0.4931
3666.8000,85.5975,-1.3578,30.5434,4.7906,0.4932
3666.9000,85.6049,-1.3574,29.7910,4.7906,0.4933
3667.0000,85.6105,-1.3571,28.7558,4.7906,0.4934
3667.1000,85.6133,-1.3567,27.5156,4.7906,0.4935
3667.2000,85.6134,-1.3563,26.6472,4.7906,0.4936
3667.3000,85.6123,-1.3559,25.8122,4.7906,0.4938
3667.4000,85.6087,-1.3554,24.8967,4.7906,0.4939
3667.5000,85.6036,-1.3550,24.6582,4.7906,0.4940
3667.6000,85.5989,-1.3546,24.9279,4.7906,0.4941
3667.7000,85.5949,-1.3541,25.8113,4.7906,0.4943
3667.8000,85.5942,-1.3537,27.1086,4.7906,0.4944
3667.9000,85.5959,-1.3532,27.4300,4.7906,0.4945
3668.0000,85.5965,-1.3527,26.9594,4.7906,0.4946
3668.1000,85.5962,-1.3523,26.7169,4.7906,0.4947
3668.2000,85.5957,-1.3518,26.2750,4.7906,0.4949
3668.3000,85.5933,-1.3513,25.3824,4.7906,0.4950
3668.4000,85.5889,-1.3508,25.4639,4.7906,0.4951
3668.5000,85.5869,-1.3503,26.6331,4.7906,0.4952
3668.6000,85.5875,-1.3498,27.7271,4.7906,0.4953
3668.7000,85.5903,-1.3493,28.8667,4.7906,0.4954
3668.8000,85.5960,-1.3487,30.4678,4.7906,0.4956
3668.9000,85.6058,-1.3482,32.2902,4.7906,0.4957
3669.0000,85.6194,-1.3477,33.8130,4.7906,0.4958
3669.1000,85.6358,-1.3471,34.8195,4.7906,0.4959
3669.2000,85.6537,-1.3466,35.2671,4.7906,0.4959
3669.3000,85.6720,-1.3460,34.7877,4.7906,0.4960
3669.4000,85.6877,-1.3455,33.0430,4.7906,0.4961
3669.5000,85.6981,-1.3449,30.4413,4.7906,0.4963
3669.6000,85.7022,-1.3444,27.9969,4.7906,0.4964
3669.7000,85.7018,-1.3438,26.0310,4.7906,0.4965
3669.8000,85.6972,-1.3433,25.0533,4.7906,0.4966
3669.9000,85.6925,-1.3427,25.2094,4.7906,0.4967
3670.0000,85.6886,-1.3421,25.8107,4.7906,0.4969
3670.1000,85.6865,-1.3416,26.2905,4.7906,0.4970
3670.2000,85.6847,-1.3410,26.6247,4.7906,0.4971
3670.3000,85.6841,-1.3404,26.8171,4.7906,0.4972
3670.4000,85.6831,-1.3398,26.3181,4.7906,0.4973
3670.5000,85.6802,-1.3393,25.7448,4.7906,0.4975
3670.6000,85.6766,-1.3387,25.7668,4.7906,0.4976
3670.7000,85.6738,-1.3381,25.9922,4.7906,0.4977
3670.8000,85.6712,-1.3375,26.7914,4.7906,0.4978
3670.9000,85.6719,-1.3370,28.2261,4.7906,0.4979
3671.0000,85.6756,-1.3364,28.7704,4.7906,0.4980
3671.1000,85.6787,-1.3358,28.6126,4.7906,0.4982
3671.2000,85.6816,-1.3352,28.9432,4.7906,0.4983
3671.3000,85.6861,-1.3347,29.0215,4.7906,0.4984
3671.4000,85.6893,-1.3341,28.4210,4.7906,0.4985
3671.5000,85.6910,-1.3335,28.0954,4.7906,0.4986
3671.6000,85.6928,-1.3330,28.0155,4.7906,0.4987
3671.7000,85.6941,-1.3324,27.4528,4.7906,0.4988
3671.8000,85.6933,-1.3318,26.5897,4.7906,0.4990
3671.9000,85.6908,-1.3313,25.9430,4.7906,0.4991
3672.0000,85.6872,-1.3307,25.2128,4.7906,0.4992
3672.1000,85.6814,-1.3302,23.9306,4.7906,0.4993
3672.2000,85.6721,-1.3296,22.3264,4.7906,0.4995
3672.3000,85.6593,-1.3291,20.5511,4.7906,0.4996
3672.4000,85.6422,-1.3286,18.6791,4.7906,0.4997
3672.5000,85.6212,-1.3280,17.3746,4.7906,0.4999
3672.6000,85.5984,-1.3275,16.8707,4.7906,0.5000
3672.7000,85.5752,-1.3270,16.6164,4.7906,0.5002
3672.8000,85.5513,-1.3265,16.2975,4.7906,0.5003
3672.9000,85.5268,-1.3260,16.4966,4.7906,0.5005
3673.0000,85.5039,-1.3255,16.8174,4.7906,0.5006
3673.1000,85.4809,-1.3250,16.2159,4.7906,0.5007
3673.2000,85.4553,-1.3245,15.1493,4.7906,0.5009
3673.3000,85.4277,-1.3240,14.3744,4.7906,0.5010
3673.4000,85.3988,-1.3235,13.8508,4.7906,0.5012
3673.5000,85.3689,-1.3230,13.2916,4.7906,0.5013
3673.6000,85.3377,-1.3226,13.2874,4.7906,0.5015
3673.7000,85.3079,-1.3221,14.2168,4.7906,0.5016
3673.8000,85.2809,-1.3217,15.2934,4.7906,0.5018
3673.9000,85.2559,-1.3212,16.2455,4.7906,0.5019
3674.0000,85.2332,-1.3208,17.2167,4.7906,0.5021
3674.1000,85.2126,-1.3204,18.2993,4.7906,0.5022
3674.2000,85.1947,-1.3199,19.4005,4.7906,0.5024
3674.3000,85.1791,-1.3195,20.1395,4.7906,0.5025
3674.4000,85.1645,-1.3191,20.1748,4.7906,0.5026
3674.5000,85.1491,-1.3188,20.0564,4.7906,0.5028
3674.6000,85.1340,-1.3184,20.0770,4.7906,0.5029
3674.7000,85.1187,-1.3180,19.9813,4.7906,0.5030
3674.8000,85.1033,-1.3177,20.0264,4.7906,0.5032
3674.9000,85.0882,-1.3173,19.9197,4.7906,0.5033
3675.0000,85.0723,-1.3170,19.6438,4.7906,0.5034
3675.1000,85.0561,-1.3166,18.8674,4.7906,0.5036
3675.2000,85.0368,-1.3163,17.3930,4.7906,0.5037
3675.3000,85.0141,-1.3160,16.0223,4.7906,0.5039
3675.4000,84.9888,-1.3157,15.0045,4.7906,0.5040
3675.5000,84.9617,-1.3154,14.2723,4.7906,0.5042
3675.6000,84.9333,-1.3152,13.7550,4.7906,0.5043
3675.7000,84.9039,-1.3149,13.1414,4.7906,0.5045
3675.8000,84.8729,-1.3147,12.8165,4.7906,0.5046
3675.9000,84.8422,-1.3144,13.2553,4.7906,0.5048
3676.0000,84.8132,-1.3142,14.0607,4.7906,0.5049
3676.1000,84.7862,-1.3140,15.7091,4.7906,0.5051
3676.2000,84.7646,-1.3138,18.4416,4.7906,0.5052
3676.3000,84.7499,-1.3136,20.8991,4.7906,0.5054
3676.4000,84.7393,-1.3134,22.3113,4.7906,0.5055
3676.5000,84.7309,-1.3133,23.5220,4.7906,0.5056
3676.6000,84.7258,-1.3131,24.6568,4.7906,0.5057
3676.7000,84.7225,-1.3130,25.1584,4.7906,0.5059
3676.8000,84.7196,-1.3129,25.4649,4.7906,0.5060
3676.9000,84.7176,-1.3127,25.9427,4.7906,0.5061
3677.0000,84.7169,-1.3127,25.6634,4.7906,0.5062
3677.1000,84.7136,-1.3126,24.2118,4.7906,0.5063
3677.2000,84.7064,-1.3125,22.7952,4.7906,0.5065
3677.3000,84.6969,-1.3125,21.3862,4.7906,0.5066
3677.4000,84.6835,-1.3124,19.9782,4.7906,0.5067
3677.5000,84.6678,-1.3124,19.5065,4.7906,0.5069
3677.6000,84.6523,-1.3124,19.9316,4.7906,0.5070
3677.7000,84.6385,-1.3124,19.9308,4.7906,0.5072
3677.8000,84.6231,-1.3124,19.6085,4.7906,0.5073
3677.9000,84.6080,-1.3125,19.7714,4.7906,0.5074
3678.0000,84.5933,-1.3125,19.8530,4.7906,0.5076
3678.1000,84.5786,-1.3126,19.4995,4.7906,0.5077
3678.2000,84.5625,-1.3127,19.0552,4.7906,0.5078
3678.3000,84.5459,-1.3128,19.3247,4.7906,0.5080
3678.4000,84.5311,-1.3129,19.9357,4.7906,0.5081
3678.5000,84.5173,-1.3130,20.9467,4.7906,0.5082
3678.6000,84.5070,-1.3131,22.9368,4.7906,0.5084
3678.7000,84.5022,-1.3133,25.5069,4.7906,0.5085
3678.8000,84.5034,-1.3135,27.7814,4.7906,0.5086
3678.9000,84.5087,-1.3137,29.8623,4.7906,0.5087
3679.0000,84.5193,-1.3139,31.2397,4.7906,0.5088
3679.1000,84.5307,-1.3141,31.3395,4.7906,0.5089
3679.2000,84.5417,-1.3143,31.0204,4.7906,0.5090
3679.3000,84.5516,-1.3146,30.4815,4.7906,0.5091
3679.4000,84.5601,-1.3149,29.5606,4.7906,0.5093
3679.5000,84.5660,-1.3152,28.6074,4.7906,0.5094
3679.6000,84.5702,-1.3155,27.7136,4.7906,0.5095
3679.7000,84.5721,-1.3158,27.5710,4.7906,0.5096
3679.8000,84.5757,-1.3162,27.7691,4.7906,0.5097
3679.9000,84.5784,-1.3165,27.5514,4.7906,0.5098
3680.0000,84.5811,-1.3169,27.8801,4.7906,0.5100
3680.1000,84.5853,-1.3173,29.0281,4.7906,0.5101
3680.2000,84.5931,-1.3177,30.1287,4.7906,0.5102
3680.3000,84.6022,-1.3181,31.1803,4.7906,0.5103
3680.4000,84.6147,-1.3186,32.6938,4.7906,0.5104
3680.5000,84.6305,-1.3190,34.1987,4.7906,0.5105
3680.6000,84.6496,-1.3195,35.3980,4.7906,0.5106
3680.7000,84.6707,-1.3200,35.7163,4.7906,0.5107
3680.8000,84.6912,-1.3205,35.5515,4.7906,0.5108
3680.9000,84.7115,-1.3211,34.8526,4.7906,0.5109
3681.0000,84.7288,-1.3216,33.5182,4.7906,0.5110
3681.1000,84.7431,-1.3222,31.9891,4.7906,0.5111
3681.2000,84.7536,-1.3228,30.7190,4.7906,0.5112
3681.3000,84.7622,-1.3234,29.7756,4.7906,0.5113
3681.4000,84.7684,-1.3240,29.0832,4.7906,0.5114
3681.5000,84.7740,-1.3247,28.8521,4.7906,0.5115
3681.6000,84.7792,-1.3253,29.1398,4.7906,0.5116
3681.7000,84.7861,-1.3260,29.9547,4.7906,0.5117
3681.8000,84.7949,-1.3267,30.9569,4.7906,0.5119
3681.9000,84.8063,-1.3274,32.4503,4.7906,0.5120
3682.0000,84.8218,-1.3282,33.8343,4.7906,0.5121
3682.1000,84.8392,-1.3289,34.4678,4.7906,0.5122
3682.2000,84.8575,-1.3297,34.7063,4.7906,0.5123
3682.3000,84.8760,-1.3305,34.8348,4.7906,0.5124
3682.4000,84.8948,-1.3313,34.7443,4.7906,0.5124
3682.5000,84.9128,-1.3321,34.0712,4.7906,0.5125
3682.6000,84.9286,-1.3330,33.2568,4.7906,0.5126
3682.7000,84.9430,-1.3339,32.6071,4.7906,0.5128
3682.8000,84.9558,-1.3347,31.7657,4.7906,0.5129
3682.9000,84.9665,-1.3356,30.9211,4.7906,0.5130
3683.0000,84.9756,-1.3366,30.2270,4.7906,0.5131
3683.1000,84.9832,-1.3375,29.5922,4.7906,0.5132
3683.2000,84.9895,-1.3385,29.0321,4.7906,0.5133
3683.3000,84.9946,-1.3394,28.6660,4.7906,0.5134
3683.4000,84.9994,-1.3404,28.2244,4.7906,0.5135
3683.5000,85.0026,-1.3415,28.0513,4.7906,0.5136
3683.6000,85.0066,-1.3425,27.9703,4.7906,0.5138
3683.7000,85.0095,-1.3435,27.7842,4.7906,0.5139
3683.8000,85.0127,-1.3446,27.4950,4.7906,0.5140
3683.9000,85.0144,-1.3457,27.2002,4.7906,0.5141
3684.0000,85.0164,-1.3468,27.4022,4.7906,0.5142
3684.1000,85.0190,-1.3479,27.9872,4.7906,0.5143
3684.2000,85.0237,-1.3491,28.5580,4.7906,0.5145
3684.3000,85.0289,-1.3502,28.7541,4.7906,0.5146
3684.4000,85.0345,-1.3514,29.0114,4.7906,0.5147
3684.5000,85.0409,-1.3526,29.2370,4.7906,0.5148
3684.6000,85.0476,-1.3538,29.2620,4.7906,0.5149
3684.7000,85.0541,-1.3551,28.9233,4.7906,0.5150
3684.8000,85.0593,-1.3563,29.1052,4.7906,0.5151
3684.9000,85.0668,-1.3576,29.9110,4.7906,0.5152
3685.0000,85.0756,-1.3589,30.6064,4.7906,0.5153
3685.1000,85.0862,-1.3602,31.1680,4.7906,0.5155
3685.2000,85.0975,-1.3615,31.5949,4.7906,0.5156
3685.3000,85.1100,-1.3629,31.9879,4.7906,0.5157
3685.4000,85.1231,-1.3642,31.9261,4.7906,0.5158
3685.5000,85.1354,-1.3656,31.2679,4.7906,0.5159
3685.6000,85.1456,-1.3670,30.4523,4.7906,0.5160
3685.7000,85.1543,-1.3684,30.0990,4.7906,0.5161
3685.8000,85.1630,-1.3698,29.7451,4.7906,0.5162
3685.9000,85.1701,-1.3713,29.2313,4.7906,0.5163
3686.0000,85.1766,-1.3727,29.5496,4.7906,0.5164
3686.1000,85.1853,-1.3742,30.4240,4.7906,0.5165
3686.2000,85.1957,-1.3757,30.7073,4.7906,0.5166
3686.3000,85.2056,-1.3772,30.5119,4.7906,0.5168
3686.4000,85.2153,-1.3788,30.1914,4.7906,0.5169
3686.5000,85.2238,-1.3803,29.3922,4.7906,0.5170
3686.6000,85.2300,-1.3819,28.5656,4.7906,0.5171
3686.7000,85.2350,-1.3834,28.7401,4.7906,0.5172
3686.8000,85.2420,-1.3850,29.2543,4.7906,0.5173
3686.9000,85.2493,-1.3867,29.8032,4.7906,0.5174
3687.0000,85.2588,-1.3883,30.4115,4.7906,0.5175
3687.1000,85.2689,-1.3899,30.1903,4.7906,0.5176
3687.2000,85.2775,-1.3916,29.0457,4.7906,0.5178
3687.3000,85.2826,-1.3933,27.7613,4.7906,0.5179
3687.4000,85.2855,-1.3950,26.2383,4.7906,0.5180
3687.5000,85.2840,-1.3967,24.6105,4.7906,0.5181
3687.6000,85.2799,-1.3984,23.8091,4.7906,0.5182
3687.7000,85.2749,-1.4001,23.5465,4.7906,0.5184
3687.8000,85.2698,-1.4019,23.6523,4.7906,0.5185
3687.9000,85.2655,-1.4037,24.4358,4.7906,0.5186
3688.0000,85.2639,-1.4054,25.3659,4.7906,0.5187
3688.1000,85.2638,-1.4072,25.8746,4.7906,0.5189
3688.2000,85.2647,-1.4090,26.2437,4.7906,0.5190
3688.3000,85.2664,-1.4109,26.1470,4.7906,0.5191
3688.4000,85.2669,-1.4127,25.6357,4.7906,0.5192
3688.5000,85.2664,-1.4146,25.4810,4.7906,0.5193
3688.6000,85.2664,-1.4164,25.9028,4.7906,0.5195
3688.7000,85.2679,-1.4183,26.2838,4.7906,0.5196
3688.8000,85.2697,-1.4202,27.0577,4.7906,0.5197
3688.9000,85.2748,-1.4221,27.8922,4.7906,0.5198
3689.0000,85.2804,-1.4240,27.6101,4.7906,0.5199
3689.1000,85.2843,-1.4260,26.2539,4.7906,0.5201
3689.2000,85.2840,-1.4279,24.6200,4.7906,0.5202
3689.3000,85.2808,-1.4299,22.8429,4.7906,0.5203
3689.4000,85.2728,-1.4318,21.1533,4.7906,0.5204
3689.5000,85.2623,-1.4338,20.5920,4.7906,0.5206
3689.6000,85.2520,-1.4358,21.0178,4.7906,0.5207
3689.7000,85.2435,-1.4378,21.7778,4.7906,0.5208
3689.8000,85.2367,-1.4398,22.6627,4.7906,0.5210
3689.9000,85.2324,-1.4419,23.9153,4.7906,0.5211
3690.0000,85.2313,-1.4439,25.2534,4.7906,0.5212
3690.1000,85.2331,-1.4460,26.2389,4.7906,0.5213
3690.2000,85.2365,-1.4480,26.7145,4.7906,0.5215
3690.3000,85.2404,-1.4501,26.7573,4.7906,0.5216
3690.4000,85.2442,-1.4522,26.1325,4.7906,0.5217
3690.5000,85.2455,-1.4543,24.9225,4.7906,0.5218
3690.6000,85.2440,-1.4564,24.2469,4.7906,0.5219
3690.7000,85.2425,-1.4585,24.2975,4.7906,0.5221
3690.8000,85.2414,-1.4606,24.4887,4.7906,0.5222
3690.9000,85.2408,-1.4627,24.5515,4.7906,0.5223
3691.0000,85.2401,-1.4649,24.4479,4.7906,0.5224
3691.1000,85.2393,-1.4670,24.3523,4.7906,0.5226
3691.2000,85.2383,-1.4692,24.7016,4.7906,0.5227
3691.3000,85.2392,-1.4714,25.0380,4.7906,0.5228
3691.4000,85.2399,-1.4735,25.4360,4.7906,0.5229
3691.5000,85.2426,-1.4757,26.2653,4.7906,0.5230
3691.6000,85.2471,-1.4779,26.9841,4.7906,0.5232
3691.7000,85.2532,-1.4801,27.1277,4.7906,0.5233
3691.8000,85.2584,-1.4823,27.3814,4.7906,0.5234
3691.9000,85.2657,-1.4845,28.1088,4.7906,0.5235
3692.0000,85.2743,-1.4868,28.9314,4.7906,0.5236
3692.1000,85.2854,-1.4890,29.8644,4.7906,0.5237
3692.2000,85.2982,-1.4912,30.9988,4.7906,0.5238
3692.3000,85.3144,-1.4935,32.3132,4.7906,0.5240
3692.4000,85.3331,-1.4957,33.3886,4.7906,0.5241
3692.5000,85.3541,-1.4980,34.0897,4.7906,0.5242
3692.6000,85.3759,-1.5002,34.5821,4.7906,0.5243
3692.7000,85.3991,-1.5025,34.8779,4.7906,0.5243
3692.8000,85.4223,-1.5048,34.9366,4.7906,0.5244
3692.9000,85.4458,-1.5071,34.6366,4.7906,0.5245
3693.0000,85.4677,-1.5093,34.2559,4.7906,0.5246
3693.1000,85.4895,-1.5116,34.0202,4.7906,0.5247
3693.2000,85.5104,-1.5139,33.1489,4.7906,0.5248
3693.3000,85.5285,-1.5162,31.7929,4.7906,0.5249
3693.4000,85.5434,-1.5185,30.7414,4.7906,0.5251
3693.5000,85.5569,-1.5208,30.1782,4.7906,0.5252
3693.6000,85.5695,-1.5231,29.6017,4.7906,0.5253
3693.7000,85.5805,-1.5254,29.6854,4.7906,0.5254
3693.8000,85.5936,-1.5278,30.7437,4.7906,0.5255
3693.9000,85.6094,-1.5301,31.6937,4.7906,0.5256
3694.0000,85.6267,-1.5324,31.9160,4.7906,0.5257
3694.1000,85.6435,-1.5347,31.7278,4.7906,0.5258
3694.2000,85.6601,-1.5370,31.2166,4.7906,0.5259
3694.3000,85.6747,-1.5394,30.7739,4.7906,0.5260
3694.4000,85.6894,-1.5417,30.8387,4.7906,0.5261
3694.5000,85.7045,-1.5440,31.0249,4.7906,0.5262
3694.6000,85.7200,-1.5463,31.0635,4.7906,0.5264
3694.7000,85.7353,-1.5487,31.1917,4.7906,0.5265
3694.8000,85.7515,-1.5510,31.2304,4.7906,0.5266
3694.9000,85.7671,-1.5533,31.3483,4.7906,0.5267
3695.0000,85.7839,-1.5557,31.4639,4.7906,0.5268
3695.1000,85.8000,-1.5580,30.6404,4.7906,0.5269
3695.2000,85.8133,-1.5603,29.6262,4.7906,0.5270
3695.3000,85.8250,-1.5626,28.6628,4.7906,0.5271
3695.4000,85.8342,-1.5650,27.3726,4.7906,0.5272
3695.5000,85.8403,-1.5673,26.6870,4.7906,0.5273
3695.6000,85.8466,-1.5696,27.3753,4.7906,0.5275
3695.7000,85.8559,-1.5719,28.0094,4.7906,0.5276
3695.8000,85.8651,-1.5742,28.5743,4.7906,0.5277
3695.9000,85.8770,-1.5766,29.6574,4.7906,0.5278
3696.0000,85.8910,-1.5789,30.2900,4.7906,0.5279
3696.1000,85.9058,-1.5812,30.3355,4.7906,0.5280
3696.2000,85.9201,-1.5835,30.4997,4.7906,0.5281
3696.3000,85.9357,-1.5858,30.3173,4.7906,0.5282
3696.4000,85.9492,-1.5881,29.4989,4.7906,0.5284
3696.5000,85.9613,-1.5904,28.8033,4.7906,0.5285
3696.6000,85.9719,-1.5926,28.3956,4.7906,0.5286
3696.7000,85.9823,-1.5949,27.6607,4.7906,0.5287
3696.8000,85.9898,-1.5972,26.3498,4.7906,0.5288
3696.9000,85.9946,-1.5995,25.1013,4.7906,0.5289
3697.0000,85.9967,-1.6017,23.6719,4.7906,0.5291
3697.1000,85.9953,-1.6040,21.5915,4.7906,0.5292
3697.2000,85.9885,-1.6062,19.2895,4.7906,0.5293
3697.3000,85.9772,-1.6085,17.4150,4.7906,0.5295
3697.4000,85.9623,-1.6107,15.3153,4.7906,0.5296
3697.5000,85.9420,-1.6129,13.1354,4.7906,0.5298
3697.6000,85.9178,-1.6151,11.8946,4.7906,0.5299
3697.7000,85.8923,-1.6173,11.8319,4.7906,0.5301
3697.8000,85.8681,-1.6195,12.6359,4.7906,0.5302
3697.9000,85.8463,-1.6217,14.1203,4.7906,0.5304
3698.0000,85.8289,-1.6239,15.7146,4.7906,0.5305
3698.1000,85.8144,-1.6261,16.6594,4.7906,0.5307
3698.2000,85.8013,-1.6282,16.8279,4.7906,0.5308
3698.3000,85.7877,-1.6304,16.0318,4.7906,0.5310
3698.4000,85.7713,-1.6325,14.7968,4.7906,0.5311
3698.5000,85.7526,-1.6346,14.0962,4.7906,0.5313
3698.6000,85.7333,-1.6367,13.9529,4.7906,0.5314
3698.7000,85.7142,-1.6388,14.0314,4.7906,0.5316
3698.8000,85.6955,-1.6409,14.2647,4.7906,0.5317
3698.9000,85.6775,-1.6430,14.4137,4.7906,0.5319
3699.0000,85.6597,-1.6451,14.1433,4.7906,0.5320
3699.1000,85.6408,-1.6471,12.9185,4.7906,0.5322
3699.2000,85.6178,-1.6491,11.3961,4.7906,0.5323
3699.3000,85.5924,-1.6512,10.4011,4.7906,0.5325
3699.4000,85.5653,-1.6532,9.8279,4.7906,0.5327
3699.5000,85.5376,-1.6552,9.4940,4.7906,0.5328
3699.6000,85.5092,-1.6571,9.8602,4.7906,0.5330
3699.7000,85.4835,-1.6591,10.7857,4.7906,0.5331
3699.8000,85.4594,-1.6611,11.6659,4.7906,0.5333
3699.9000,85.4377,-1.6630,12.2630,4.7906,0.5335
3700.0000,85.4165,-1.6649,12.4082,4.7906,0.5336
3700.1000,85.3957,-1.6668,12.3320,4.7906,0.5338
3700.2000,85.3744,-1.6687,11.9318,4.7906,0.5339
3700.3000,85.3520,-1.6706,11.4259,4.7906,0.5341
3700.4000,85.3287,-1.6724,10.7683,4.7906,0.5342
3700.5000,85.3036,-1.6743,10.3809,4.7906,0.5344
3700.6000,85.2788,-1.6761,10.9153,4.7906,0.5346
3700.7000,85.2563,-1.6779,11.7707,4.7906,0.5347
3700.8000,85.2355,-1.6797,12.6061,4.7906,0.5349
3700.9000,85.2169,-1.6815,13.8906,4.7906,0.5350
3701.0000,85.2020,-1.6832,15.2985,4.7906,0.5352
3701.1000,85.1899,-1.6849,16.3455,4.7906,0.5353
3701.2000,85.1797,-1.6866,17.2178,4.7906,0.5355
3701.3000,85.1716,-1.6883,17.5354,4.7906,0.5356
3701.4000,85.1631,-1.6900,17.3270,4.7906,0.5357
3701.5000,85.1542,-1.6917,17.0852,4.7906,0.5359
3701.6000,85.1447,-1.6933,16.7132,4.7906,0.5360
3701.7000,85.1343,-1.6949,16.1448,4.7906,0.5362
3701.8000,85.1225,-1.6965,16.0399,4.7906,0.5363
3701.9000,85.1118,-1.6981,16.2179,4.7906,0.5365
3702.0000,85.1009,-1.6997,15.8421,4.7906,0.5366
3702.1000,85.0887,-1.7012,14.9444,4.7906,0.5368
3702.2000,85.0739,-1.7027,13.8343,4.7906,0.5369
3702.3000,85.0569,-1.7042,12.7746,4.7906,0.5371
3702.4000,85.0377,-1.7057,12.0592,4.7906,0.5372
3702.5000,85.0177,-1.7071,11.8463,4.7906,0.5374
3702.6000,84.9977,-1.7086,11.7034,4.7906,0.5375
3702.7000,84.9773,-1.7100,11.8874,4.7906,0.5377
3702.8000,84.9582,-1.7113,11.8551,4.7906,0.5378
3702.9000,84.9378,-1.7127,10.6697,4.7906,0.5380
3703.0000,84.9137,-1.7140,9.1142,4.7906,0.5382
3703.1000,84.8866,-1.7154,8.1337,4.7906,0.5383
3703.2000,84.8583,-1.7166,7.0927,4.7906,0.5385
3703.3000,84.8267,-1.7179,5.8288,4.7906,0.5387
3703.4000,84.7930,-1.7191,5.4566,4.7906,0.5388
3703.5000,84.7600,-1.7204,5.5432,4.7906,0.5390
3703.6000,84.7269,-1.7216,5.8063,4.7906,0.5392
3703.7000,84.6952,-1.7227,6.7884,4.7906,0.5394
3703.8000,84.6667,-1.7239,8.2488,4.7906,0.5395
3703.9000,84.6418,-1.7250,9.6067,4.7906,0.5397
3704.0000,84.6195,-1.7261,10.9599,4.7906,0.5398
3704.1000,84.6007,-1.7271,11.9717,4.7906,0.5400
3704.2000,84.5831,-1.7282,12.2364,4.7906,0.5402
3704.3000,84.5657,-1.7292,11.9015,4.7906,0.5403
3704.4000,84.5467,-1.7302,11.0743,4.7906,0.5405
3704.5000,84.5257,-1.7312,10.3505,4.7906,0.5406
3704.6000,84.5036,-1.7321,10.4785,4.7906,0.5408
3704.7000,84.4834,-1.7330,11.5096,4.7906,0.5410
3704.8000,84.4661,-1.7339,13.2671,4.7906,0.5411
3704.9000,84.4538,-1.7347,15.5983,4.7906,0.5413
3705.0000,84.4470,-1.7356,17.4459,4.7906,0.5414
3705.1000,84.4431,-1.7364,18.5398,4.7906,0.5415
3705.2000,84.4413,-1.7372,19.3308,4.7906,0.5417
3705.3000,84.4410,-1.7379,19.9211,4.7906,0.5418
3705.4000,84.4418,-1.7386,20.3314,4.7906,0.5419
3705.5000,84.4434,-1.7393,20.7022,4.7906,0.5421
3705.6000,84.4460,-1.7400,21.1439,4.7906,0.5422
3705.7000,84.4496,-1.7406,21.5801,4.7906,0.5423
3705.8000,84.4541,-1.7412,21.5193,4.7906,0.5425
3705.9000,84.4574,-1.7418,20.9510,4.7906,0.5426
3706.0000,84.4594,-1.7423,20.4611,4.7906,0.5427
3706.1000,84.4606,-1.7429,20.1364,4.7906,0.5429
3706.2000,84.4612,-1.7433,19.9583,4.7906,0.5430
3706.3000,84.4616,-1.7438,20.3347,4.7906,0.5431
3706.4000,84.4639,-1.7442,21.3188,4.7906,0.5433
3706.5000,84.4687,-1.7446,22.2450,4.7906,0.5434
3706.6000,84.4752,-1.7450,22.7444,4.7906,0.5435
3706.7000,84.4822,-1.7453,22.8924,4.7906,0.5437
3706.8000,84.4893,-1.7456,23.0309,4.7906,0.5438
3706.9000,84.4970,-1.7459,23.3151,4.7906,0.5439
3707.0000,84.5054,-1.7462,23.9551,4.7906,0.5440
3707.1000,84.5159,-1.7464,25.1883,4.7906,0.5442
3707.2000,84.5297,-1.7466,26.5790,4.7906,0.5443
3707.3000,84.5463,-1.7467,27.6943,4.7906,0.5444
3707.4000,84.5651,-1.7469,28.7090,4.7906,0.5445
3707.5000,84.5862,-1.7469,29.5786,4.7906,0.5446
3707.6000,84.6087,-1.7470,29.3498,4.7906,0.5447
3707.7000,84.6287,-1.7470,28.6906,4.7906,0.5449
3707.8000,84.6482,-1.7470,28.9500,4.7906,0.5450
3707.9000,84.6692,-1.7470,29.4903,4.7906,0.5451
3708.0000,84.6910,-1.7469,29.8638,4.7906,0.5452
3708.1000,84.7136,-1.7468,30.5227,4.7906,0.5453
3708.2000,84.7382,-1.7467,30.6086,4.7906,0.5454
3708.3000,84.7610,-1.7465,29.3892,4.7906,0.5455
3708.4000,84.7801,-1.7463,26.9699,4.7906,0.5456
3708.5000,84.7920,-1.7461,24.0332,4.7906,0.5458
3708.6000,84.7979,-1.7458,21.3445,4.7906,0.5459
3708.7000,84.7978,-1.7455,19.0671,4.7906,0.5460
3708.8000,84.7936,-1.7452,16.8569,4.7906,0.5462
3708.9000,84.7837,-1.7448,15.1431,4.7906,0.5463
3709.0000,84.7718,-1.7444,13.7867,4.7906,0.5465
3709.1000,84.7558,-1.7440,12.1458,4.7906,0.5466
3709.2000,84.7367,-1.7435,10.8729,4.7906,0.5468
3709.3000,84.7151,-1.7430,10.2049,4.7906,0.5470
3709.4000,84.6930,-1.7424,9.8610,4.7906,0.5471
3709.5000,84.6700,-1.7419,9.8806,4.7906,0.5473
3709.6000,84.6480,-1.7413,10.0063,4.7906,0.5474
3709.7000,84.6256,-1.7406,10.0022,4.7906,0.5476
3709.8000,84.6037,-1.7399,10.4621,4.7906,0.5478
3709.9000,84.5834,-1.7392,11.6330,4.7906,0.5479
3710.0000,84.5667,-1.7385,13.0684,4.7906,0.5481
3710.1000,84.5528,-1.7377,15.0460,4.7906,0.5482
3710.2000,84.5449,-1.7369,17.6686,4.7906,0.5484
3710.3000,84.5427,-1.7360,19.6612,4.7906,0.5485
3710.4000,84.5438,-1.7351,20.9144,4.7906,0.5486
3710.5000,84.5471,-1.7342,22.0407,4.7906,0.5488
3710.6000,84.5530,-1.7333,22.7333,4.7906,0.5489
3710.7000,84.5594,-1.7323,22.6704,4.7906,0.5490
3710.8000,84.5650,-1.7312,22.6687,4.7906,0.5491
3710.9000,84.5712,-1.7302,22.6815,4.7906,0.5493
3711.0000,84.5767,-1.7291,21.7653,4.7906,0.5494
3711.1000,84.5788,-1.7279,20.1354,4.7906,0.5495
3711.2000,84.5770,-1.7268,18.6984,4.7906,0.5497
3711.3000,84.5725,-1.7256,17.3453,4.7906,0.5498
3711.4000,84.5646,-1.7243,15.8645,4.7906,0.5500
3711.5000,84.5535,-1.7231,15.2303,4.7906,0.5501
3711.6000,84.5427,-1.7217,14.9593,4.7906,0.5503
3711.7000,84.5303,-1.7204,13.9408,4.7906,0.5504
3711.8000,84.5149,-1.7190,12.7469,4.7906,0.5506
3711.9000,84.4972,-1.7176,11.7113,4.7906,0.5507
3712.0000,84.4771,-1.7161,10.7641,4.7906,0.5509
3712.1000,84.4552,-1.7146,10.7981,4.7906,0.5510
3712.2000,84.4353,-1.7131,11.7309,4.7906,0.5512
3712.3000,84.4174,-1.7116,12.6588,4.7906,0.5514
3712.4000,84.4017,-1.7100,13.6785,4.7906,0.5515
3712.5000,84.3883,-1.7083,14.5495,4.7906,0.5517
3712.6000,84.3764,-1.7067,15.1432,4.7906,0.5518
3712.7000,84.3657,-1.7049,16.4245,4.7906,0.5520
3712.8000,84.3594,-1.7032,18.4977,4.7906,0.5521
3712.9000,84.3579,-1.7014,20.2927,4.7906,0.5522
3713.0000,84.3595,-1.6996,21.2722,4.7906,0.5524
3713.1000,84.3622,-1.6978,21.8374,4.7906,0.5525
3713.2000,84.3663,-1.6959,21.4434,4.7906,0.5526
3713.3000,84.3671,-1.6940,20.0455,4.7906,0.5528
3713.4000,84.3647,-1.6920,19.0961,4.7906,0.5529
3713.5000,84.3612,-1.6900,18.5595,4.7906,0.5530
3713.6000,84.3563,-1.6880,17.7992,4.7906,0.5532
3713.7000,84.3492,-1.6859,17.0614,4.7906,0.5533
3713.8000,84.3409,-1.6838,16.5408,4.7906,0.5535
3713.9000,84.3314,-1.6817,16.1687,4.7906,0.5536
3714.0000,84.3214,-1.6795,16.9900,4.7906,0.5538
3714.1000,84.3154,-1.6773,18.4983,4.7906,0.5539
3714.2000,84.3120,-1.6751,19.5935,4.7906,0.5540
3714.3000,84.3108,-1.6728,20.6292,4.7906,0.5542
3714.4000,84.3119,-1.6705,21.5404,4.7906,0.5543
3714.5000,84.3146,-1.6681,21.9187,4.7906,0.5544
3714.6000,84.3172,-1.6657,22.0055,4.7906,0.5546
3714.7000,84.3202,-1.6633,22.3691,4.7906,0.5547
3714.8000,84.3242,-1.6609,22.4309,4.7906,0.5548
3714.9000,84.3273,-1.6584,22.2401,4.7906,0.5549
3715.0000,84.3303,-1.6558,22.4773,4.7906,0.5551
3715.1000,84.3342,-1.6533,22.9652,4.7906,0.5552
3715.2000,84.3392,-1.6507,23.4833,4.7906,0.5553
3715.3000,84.3452,-1.6480,24.4342,4.7906,0.5555
3715.4000,84.3543,-1.6454,25.5033,4.7906,0.5556
3715.5000,84.3649,-1.6427,25.5881,4.7906,0.5557
3715.6000,84.3741,-1.6399,24.7989,4.7906,0.5558
3715.7000,84.3809,-1.6372,23.6466,4.7906,0.5559
3715.8000,84.3847,-1.6344,22.0103,4.7906,0.5561
3715.9000,84.3840,-1.6315,20.1159,4.7906,0.5562
3716.0000,84.3792,-1.6286,18.7070,4.7906,0.5564
3716.1000,84.3720,-1.6257,18.2387,4.7906,0.5565
3716.2000,84.3649,-1.6228,18.1405,4.7906,0.5566
3716.3000,84.3571,-1.6198,17.8078,4.7906,0.5568
3716.4000,84.3484,-1.6168,17.4374,4.7906,0.5569
3716.5000,84.3388,-1.6137,16.9175,4.7906,0.5571
3716.6000,84.3275,-1.6106,15.8382,4.7906,0.5572
3716.7000,84.3129,-1.6075,14.9537,4.7906,0.5574
3716.8000,84.2975,-1.6044,15.0979,4.7906,0.5575
3716.9000,84.2834,-1.6012,15.7632,4.7906,0.5577
3717.0000,84.2709,-1.5980,16.5321,4.7906,0.5578
3717.1000,84.2601,-1.5947,17.7576,4.7906,0.5579
3717.2000,84.2528,-1.5914,19.2310,4.7906,0.5581
3717.3000,84.2484,-1.5881,20.0466,4.7906,0.5582
3717.4000,84.2446,-1.5848,20.3824,4.7906,0.5583
3717.5000,84.2415,-1.5814,20.6804,4.7906,0.5585
3717.6000,84.2389,-1.5780,20.6395,4.7906,0.5586
3717.7000,84.2354,-1.5745,20.7233,4.7906,0.5587
3717.8000,84.2329,-1.5710,21.3192,4.7906,0.5589
3717.9000,84.2318,-1.5675,21.8100,4.7906,0.5590
3718.0000,84.2313,-1.5640,22.0767,4.7906,0.5591
3718.1000,84.2311,-1.5604,22.1588,4.7906,0.5593
3718.2000,84.2307,-1.5568,21.5247,4.7906,0.5594
3718.3000,84.2275,-1.5532,20.5223,4.7906,0.5595
3718.4000,84.2224,-1.5495,19.6421,4.7906,0.5597
3718.5000,84.2150,-1.5458,18.9893,4.7906,0.5598
3718.6000,84.2067,-1.5421,18.6363,4.7906,0.5600
3718.7000,84.1976,-1.5383,18.3434,4.7906,0.5601
3718.8000,84.1878,-1.5345,18.1669,4.7906,0.5602
3718.9000,84.1776,-1.5307,17.9969,4.7906,0.5604
3719.0000,84.1668,-1.5268,17.6863,4.7906,0.5605
3719.1000,84.1550,-1.5229,17.5073,4.7906,0.5607
3719.2000,84.1432,-1.5190,18.0229,4.7906,0.5608
3719.3000,84.1335,-1.5151,18.8549,4.7906,0.5609
3719.4000,84.1252,-1.5111,19.4804,4.7906,0.5611
3719.5000,84.1181,-1.5071,20.2499,4.7906,0.5612
3719.6000,84.1131,-1.5031,21.6137,4.7906,0.5613
3719.7000,84.1118,-1.4990,22.9767,4.7906,0.5615
3719.8000,84.1126,-1.4949,24.2012,4.7906,0.5616
3719.9000,84.1166,-1.4908,25.9175,4.7906,0.5617
3720.0000,84.1247,-1.4867,28.0909,4.7906,0.5618
3720.1000,84.1382,-1.4825,29.8071,4.7906,0.5619
3720.2000,84.1537,-1.4783,30.6092,4.7906,0.5621
3720.3000,84.1703,-1.4740,31.0215,4.7906,0.5622
3720.4000,84.1873,-1.4698,31.0528,4.7906,0.5623
3720.5000,84.2038,-1.4655,30.5208,4.7906,0.5624
3720.6000,84.2180,-1.4612,29.8402,4.7906,0.5625
3720.7000,84.2310,-1.4568,29.6734,4.7906,0.5626
3720.8000,84.2441,-1.4524,30.1307,4.7906,0.5627
3720.9000,84.2588,-1.4480,31.1842,4.7906,0.5628
3721.0000,84.2763,-1.4436,32.6507,4.7906,0.5629
3721.1000,84.2972,-1.4392,34.4486,4.7906,0.5630
3721.2000,84.3223,-1.4347,36.2308,4.7906,0.5631
3721.3000,84.3507,-1.4302,37.3193,4.7906,0.5632
3721.4000,84.3803,-1.4256,37.5909,4.7906,0.5633
3721.5000,84.4094,-1.4210,37.1656,4.7906,0.5634
3721.6000,84.4366,-1.4165,35.9229,4.7906,0.5635
3721.7000,84.4597,-1.4118,34.0639,4.7906,0.5636
3721.8000,84.4781,-1.4072,31.9597,4.7906,0.5637
3721.9000,84.4915,-1.4025,29.9040,4.7906,0.5638
3722.0000,84.5003,-1.3978,28.2556,4.7906,0.5639
3722.1000,84.5059,-1.3931,27.1671,4.7906,0.5640
3722.2000,84.5095,-1.3883,26.5686,4.7906,0.5641
3722.3000,84.5121,-1.3836,26.4202,4.7906,0.5643
3722.4000,84.5148,-1.3788,26.6981,4.7906,0.5644
3722.5000,84.5182,-1.3740,26.9123,4.7906,0.5645
3722.6000,84.5215,-1.3691,26.6144,4.7906,0.5646
3722.7000,84.5233,-1.3643,25.9477,4.7906,0.5647
3722.8000,84.5232,-1.3594,25.2025,4.7906,0.5649
3722.9000,84.5214,-1.3545,24.4856,4.7906,0.5650
3723.0000,84.5178,-1.3495,23.4794,4.7906,0.5651
3723.1000,84.5111,-1.3446,22.8153,4.7906,0.5652
3723.2000,84.5042,-1.3396,22.8969,4.7906,0.5654
3723.3000,84.4976,-1.3346,22.9492,4.7906,0.5655
3723.4000,84.4907,-1.3296,22.6327,4.7906,0.5656
3723.5000,84.4824,-1.3246,22.3846,4.7906,0.5658
3723.6000,84.4740,-1.3195,22.3047,4.7906,0.5659
3723.7000,84.4650,-1.3144,22.3116,4.7906,0.5660
3723.8000,84.4564,-1.3093,22.6657,4.7906,0.5661
3723.9000,84.4487,-1.3042,23.6836,4.7906,0.5663
3724.0000,84.4443,-1.2991,25.5579,4.7906,0.5664
3724.1000,84.4446,-1.2940,27.8338,4.7906,0.5665
3724.2000,84.4501,-1.2888,29.8362,4.7906,0.5666
3724.3000,84.4590,-1.2836,31.5553,4.7906,0.5667
3724.4000,84.4717,-1.2784,33.4041,4.7906,0.5668
3724.5000,84.4885,-1.2732,35.1707,4.7906,0.5669
3724.6000,84.5087,-1.2679,36.2632,4.7906,0.5670
3724.7000,84.5298,-1.2627,36.9047,4.7906,0.5671
3724.8000,84.5524,-1.2574,37.5649,4.7906,0.5672
3724.9000,84.5761,-1.2521,37.4217,4.7906,0.5673
3725.0000,84.5975,-1.2468,36.1666,4.7906,0.5674
3725.1000,84.6151,-1.2415,34.7864,4.7906,0.5675
3725.2000,84.6299,-1.2361,33.8341,4.7906,0.5676
3725.3000,84.6428,-1.2308,33.1072,4.7906,0.5677
3725.4000,84.6540,-1.2254,32.5122,4.7906,0.5678
3725.5000,84.6638,-1.2200,32.4098,4.7906,0.5679
3725.6000,84.6740,-1.2146,33.3525,4.7906,0.5680
3725.7000,84.6876,-1.2092,34.9727,4.7906,0.5681
3725.8000,84.7047,-1.2037,36.4043,4.7906,0.5682
3725.9000,84.7242,-1.1983,37.9265,4.7906,0.5683
3726.0000,84.7476,-1.1928,39.4811,4.7906,0.5684
3726.1000,84.7735,-1.1873,40.2648,4.7906,0.5684
3726.2000,84.7999,-1.1818,40.3942,4.7906,0.5685
3726.3000,84.8259,-1.1763,40.1441,4.7906,0.5686
3726.4000,84.8506,-1.1708,39.4678,4.7906,0.5687
3726.5000,84.8731,-1.1653,38.4280,4.7906,0.5688
3726.6000,84.8927,-1.1597,37.2378,4.7906,0.5689
3726.7000,84.9094,-1.1541,36.4365,4.7906,0.5690
3726.8000,84.9249,-1.1486,36.4866,4.7906,0.5691
3726.9000,84.9414,-1.1430,37.4392,4.7906,0.5692
3727.0000,84.9607,-1.1374,38.9189,4.7906,0.5692
3727.1000,84.9832,-1.1318,39.9287,4.7906,0.5693
3727.2000,85.0066,-1.1262,39.9218,4.7906,0.5694
3727.3000,85.0286,-1.1205,39.3487,4.7906,0.5695
3727.4000,85.0488,-1.1149,38.6761,4.7906,0.5696
3727.5000,85.0674,-1.1093,37.7744,4.7906,0.5697
3727.6000,85.0831,-1.1036,37.1372,4.7906,0.5698
3727.7000,85.0984,-1.0979,37.1176,4.7906,0.5699
3727.8000,85.1136,-1.0923,37.5781,4.7906,0.5699
3727.9000,85.1304,-1.0866,38.0056,4.7906,0.5700
3728.0000,85.1470,-1.0809,38.3699,4.7906,0.5701
3728.1000,85.1650,-1.0752,39.0376,4.7906,0.5702
3728.2000,85.1841,-1.0695,39.5019,4.7906,0.5703
3728.3000,85.2036,-1.0638,39.3534,4.7906,0.5704
3728.4000,85.2215,-1.0581,38.8302,4.7906,0.5705
3728.5000,85.2382,-1.0524,38.5702,4.7906,0.5706
3728.6000,85.2546,-1.0466,38.3215,4.7906,0.5706
3728.7000,85.2697,-1.0409,38.2601,4.7906,0.5707
3728.8000,85.2853,-1.0352,39.2183,4.7906,0.5708
3728.9000,85.3042,-1.0294,40.7615,4.7906,0.5709
3729.0000,85.3261,-1.0237,41.9934,4.7906,0.5710
3729.1000,85.3499,-1.0179,43.2635,4.7906,0.5711
3729.2000,85.3769,-1.0122,45.4446,4.7906,0.5711
3729.3000,85.4099,-1.0064,47.4398,4.7906,0.5712
3729.4000,85.4451,-1.0007,48.2501,4.7906,0.5713
3729.5000,85.4810,-0.9949,48.4641,4.7906,0.5713
3729.6000,85.5166,-0.9891,47.9507,4.7906,0.5714
3729.7000,85.5497,-0.9834,46.5979,4.7906,0.5714
3729.8000,85.5787,-0.9776,44.8031,4.7906,0.5715
3729.9000,85.6033,-0.9718,43.2847,4.7906,0.5716
3730.0000,85.6251,-0.9660,42.2477,4.7906,0.5717
3730.1000,85.6445,-0.9602,41.1295,4.7906,0.5718
3730.2000,85.6609,-0.9545,39.3860,4.7906,0.5718
3730.3000,85.6722,-0.9487,37.5971,4.7906,0.5719
3730.4000,85.6802,-0.9429,35.6719,4.7906,0.5720
3730.5000,85.6826,-0.9371,33.3195,4.7906,0.5721
3730.6000,85.6798,-0.9314,31.2753,4.7906,0.5722
3730.7000,85.6728,-0.9256,29.4962,4.7906,0.5723
3730.8000,85.6619,-0.9198,27.8612,4.7906,0.5725
3730.9000,85.6473,-0.9141,26.3798,4.7906,0.5726
3731.0000,85.6295,-0.9083,25.4858,4.7906,0.5727
3731.1000,85.6107,-0.9026,25.1783,4.7906,0.5728
3731.2000,85.5913,-0.8968,25.0938,4.7906,0.5729
3731.3000,85.5718,-0.8911,25.2804,4.7906,0.5731
3731.4000,85.5529,-0.8854,25.5637,4.7906,0.5732
3731.5000,85.5344,-0.8796,24.6982,4.7906,0.5733
3731.6000,85.5113,-0.8739,22.9130,4.7906,0.5734
3731.7000,85.4846,-0.8682,20.9049,4.7906,0.5736
3731.8000,85.4525,-0.8625,18.3132,4.7906,0.5737
3731.9000,85.4141,-0.8568,16.2474,4.7906,0.5739
3732.0000,85.3726,-0.8511,15.7396,4.7906,0.5740
3732.1000,85.3317,-0.8455,16.0859,4.7906,0.5742
3732.2000,85.2915,-0.8398,16.4577,4.7906,0.5743
3732.3000,85.2521,-0.8342,16.9230,4.7906,0.5744
3732.4000,85.2138,-0.8285,17.0415,4.7906,0.5746
3732.5000,85.1747,-0.8229,16.3530,4.7906,0.5747
3732.6000,85.1331,-0.8173,15.7594,4.7906,0.5749
3732.7000,85.0911,-0.8117,15.9314,4.7906,0.5750
3732.8000,85.0501,-0.8061,16.4162,4.7906,0.5752
3732.9000,85.0101,-0.8005,16.7805,4.7906,0.5753
3733.0000,84.9705,-0.7950,17.5044,4.7906,0.5755
3733.1000,84.9335,-0.7894,18.7962,4.7906,0.5756
3733.2000,84.8994,-0.7839,19.7773,4.7906,0.5757
3733.3000,84.8666,-0.7784,20.2239,4.7906,0.5759
3733.4000,84.8342,-0.7729,21.0258,4.7906,0.5760
3733.5000,84.8048,-0.7674,22.4387,4.7906,0.5761
3733.6000,84.7785,-0.7619,23.2068,4.7906,0.5763
3733.7000,84.7522,-0.7565,23.6145,4.7906,0.5764
3733.8000,84.7274,-0.7510,24.5661,4.7906,0.5765
3733.9000,84.7051,-0.7456,25.7657,4.7906,0.5766
3734.0000,84.6855,-0.7402,26.6936,4.7906,0.5767
3734.1000,84.6670,-0.7348,27.7266,4.7906,0.5769
3734.2000,84.6517,-0.7294,29.1084,4.7906,0.5770
3734.3000,84.6391,-0.7240,30.0994,4.7906,0.5771
3734.4000,84.6279,-0.7187,30.3231,4.7906,0.5772
3734.5000,84.6160,-0.7133,30.0595,4.7906,0.5773
3734.6000,84.6034,-0.7080,29.4377,4.7906,0.5774
3734.7000,84.5884,-0.7027,28.5710,4.7906,0.5775
3734.8000,84.5716,-0.6974,28.2904,4.7906,0.5776
3734.9000,84.5551,-0.6922,29.1800,4.7906,0.5778
3735.0000,84.5419,-0.6869,30.3873,4.7906,0.5779
3735.1000,84.5306,-0.6817,31.2938,4.7906,0.5780
3735.2000,84.5212,-0.6765,31.8616,4.7906,0.5781
3735.3000,84.5120,-0.6713,31.8541,4.7906,0.5782
3735.4000,84.5023,-0.6661,31.1343,4.7906,0.5783
3735.5000,84.4896,-0.6609,30.1562,4.7906,0.5784
3735.6000,84.4752,-0.6558,29.7410,4.7906,0.5785
3735.7000,84.4604,-0.6507,30.2516,4.7906,0.5786
3735.8000,84.4481,-0.6456,31.5142,4.7906,0.5787
3735.9000,84.4386,-0.6405,32.1542,4.7906,0.5788
3736.0000,84.4288,-0.6355,32.5812,4.7906,0.5789
3736.1000,84.4210,-0.6304,33.6314,4.7906,0.5790
3736.2000,84.4156,-0.6254,34.5165,4.7906,0.5791
3736.3000,84.4114,-0.6204,34.7124,4.7906,0.5792
3736.4000,84.4066,-0.6155,35.4951,4.7906,0.5793
3736.5000,84.4056,-0.6105,37.2963,4.7906,0.5794
3736.6000,84.4085,-0.6056,38.7061,4.7906,0.5795
3736.7000,84.4134,-0.6007,40.1037,4.7906,0.5796
3736.8000,84.4222,-0.5958,42.0910,4.7906,0.5797
3736.9000,84.4357,-0.5909,43.9900,4.7906,0.5797
3737.0000,84.4525,-0.5861,44.7575,4.7906,0.5798
3737.1000,84.4690,-0.5813,44.7957,4.7906,0.5799
3737.2000,84.4856,-0.5765,44.1530,4.7906,0.5800
3737.3000,84.4988,-0.5717,42.5277,4.7906,0.5800
3737.4000,84.5078,-0.5670,40.8579,4.7906,0.5801
3737.5000,84.5131,-0.5623,39.9608,4.7906,0.5802
3737.6000,84.5177,-0.5576,39.4991,4.7906,0.5803
3737.7000,84.5206,-0.5529,38.2284,4.7906,0.5804
3737.8000,84.5192,-0.5482,36.7932,4.7906,0.5805
3737.9000,84.5154,-0.5436,35.7854,4.7906,0.5806
3738.0000,84.5092,-0.5390,34.5298,4.7906,0.5807
3738.1000,84.4995,-0.5344,33.2826,4.7906,0.5808
3738.2000,84.4875,-0.5299,33.4150,4.7906,0.5809
3738.3000,84.4782,-0.5254,34.6828,4.7906,0.5810
3738.4000,84.4715,-0.5209,36.5192,4.7906,0.5811
3738.5000,84.4701,-0.5164,39.0781,4.7906,0.5811
3738.6000,84.4746,-0.5120,41.6758,4.7906,0.5812
3738.7000,84.4845,-0.5076,43.9497,4.7906,0.5813
3738.8000,84.4988,-0.5032,46.1496,4.7906,0.5814
3738.9000,84.5182,-0.4988,47.8619,4.7906,0.5814
3739.0000,84.5397,-0.4945,48.7515,4.7906,0.5815
3739.1000,84.5626,-0.4902,49.0578,4.7906,0.5816
3739.2000,84.5851,-0.4859,48.7870,4.7906,0.5816
3739.3000,84.6064,-0.4816,47.7434,4.7906,0.5817
3739.4000,84.6238,-0.4774,46.5880,4.7906,0.5817
3739.5000,84.6395,-0.4732,45.3614,4.7906,0.5818
3739.6000,84.6511,-0.4691,43.8725,4.7906,0.5819
3739.7000,84.6598,-0.4649,42.6638,4.7906,0.5820
3739.8000,84.6657,-0.4608,41.6702,4.7906,0.5820
3739.9000,84.6696,-0.4567,40.6883,4.7906,0.5821
3740.0000,84.6708,-0.4527,39.8977,4.7906,0.5822
3740.1000,84.6710,-0.4487,40.1145,4.7906,0.5823
3740.2000,84.6728,-0.4447,40.8409,4.7906,0.5824
3740.3000,84.6760,-0.4407,41.3965,4.7906,0.5825
3740.4000,84.6800,-0.4368,41.6124,4.7906,0.5825
3740.5000,84.6838,-0.4329,42.0381,4.7906,0.5826
3740.6000,84.6895,-0.4291,42.8772,4.7906,0.5827
3740.7000,84.6967,-0.4252,43.9949,4.7906,0.5828
3740.8000,84.7071,-0.4214,45.3552,4.7906,0.5828
3740.9000,84.7201,-0.4177,46.3401,4.7906,0.5829
3741.0000,84.7345,-0.4139,46.9358,4.7906,0.5830
3741.1000,84.7498,-0.4102,46.6868,4.7906,0.5830
3741.2000,84.7627,-0.4065,45.9440,4.7906,0.5831
3741.3000,84.7744,-0.4029,45.2019,4.7906,0.5832
3741.4000,84.7837,-0.3993,44.4033,4.7906,0.5833
3741.5000,84.7916,-0.3957,43.7382,4.7906,0.5833
3741.6000,84.7976,-0.3922,43.6846,4.7906,0.5834
3741.7000,84.8049,-0.3887,44.2327,4.7906,0.5835
3741.8000,84.8132,-0.3852,45.6387,4.7906,0.5835
3741.9000,84.8265,-0.3817,48.0846,4.7906,0.5836
3742.0000,84.8453,-0.3783,49.6193,4.7906,0.5837
3742.1000,84.8651,-0.3749,50.1272,4.7906,0.5837
3742.2000,84.8858,-0.3716,50.1794,4.7906,0.5838
3742.3000,84.9054,-0.3683,48.9129,4.7906,0.5838
3742.4000,84.9202,-0.3650,46.5866,4.7906,0.5839
3742.5000,84.9292,-0.3618,45.0257,4.7906,0.5840
3742.6000,84.9367,-0.3586,44.2660,4.7906,0.5841
3742.7000,84.9421,-0.3554,43.4838,4.7906,0.5841
3742.8000,84.9459,-0.3523,42.7965,4.7906,0.5842
3742.9000,84.9479,-0.3492,42.6053,4.7906,0.5843
3743.0000,84.9507,-0.3461,42.8956,4.7906,0.5844
3743.1000,84.9538,-0.3431,42.4496,4.7906,0.5844
3743.2000,84.9543,-0.3401,41.0407,4.7906,0.5845
3743.3000,84.9510,-0.3371,40.0513,4.7906,0.5846
3743.4000,84.9469,-0.3342,38.9744,4.7906,0.5847
3743.5000,84.9386,-0.3313,37.3506,4.7906,0.5848
3743.6000,84.9272,-0.3284,36.3597,4.7906,0.5849
3743.7000,84.9144,-0.3256,36.2246,4.7906,0.5850
3743.8000,84.9022,-0.3228,36.3849,4.7906,0.5851
3743.9000,84.8900,-0.3201,37.0161,4.7906,0.5852
3744.0000,84.8805,-0.3174,38.7057,4.7906,0.5852
3744.1000,84.8757,-0.3147,40.9290,4.7906,0.5853
3744.2000,84.8759,-0.3121,43.3257,4.7906,0.5854
3744.3000,84.8816,-0.3095,45.7336,4.7906,0.5855
3744.4000,84.8923,-0.3069,47.9194,4.7906,0.5855
3744.5000,84.9075,-0.3044,49.4393,4.7906,0.5856
3744.6000,84.9247,-0.3019,50.6448,4.7906,0.5857
3744.7000,84.9449,-0.2995,51.7913,4.7906,0.5857
3744.8000,84.9670,-0.2970,52.3905,4.7906,0.5858
3744.9000,84.9896,-0.2947,52.3847,4.7906,0.5858
3745.0000,85.0113,-0.2923,51.8562,4.7906,0.5859
3745.1000,85.0312,-0.2900,50.9933,4.7906,0.5859
3745.2000,85.0489,-0.2877,50.2530,4.7906,0.5860
3745.3000,85.0653,-0.2855,49.6899,4.7906,0.5860
3745.4000,85.0802,-0.2833,49.3583,4.7906,0.5861
3745.5000,85.0948,-0.2812,49.4905,4.7906,0.5862
3745.6000,85.1101,-0.2790,49.3303,4.7906,0.5862
3745.7000,85.1238,-0.2770,48.0623,4.7906,0.5863
3745.8000,85.1332,-0.2749,46.4005,4.7906,0.5864
3745.9000,85.1393,-0.2729,45.3248,4.7906,0.5864
3746.0000,85.1438,-0.2709,44.0505,4.7906,0.5865
3746.1000,85.1441,-0.2690,42.7394,4.7906,0.5866
3746.2000,85.1426,-0.2671,42.3470,4.7906,0.5866
3746.3000,85.1411,-0.2652,42.6776,4.7906,0.5867
3746.4000,85.1409,-0.2634,42.8008,4.7906,0.5868
3746.5000,85.1398,-0.2616,43.1163,4.7906,0.5869
3746.6000,85.1409,-0.2599,43.6966,4.7906,0.5870
3746.7000,85.1423,-0.2582,43.5356,4.7906,0.5870
3746.8000,85.1426,-0.2565,43.0437,4.7906,0.5871
3746.9000,85.1416,-0.2549,42.7121,4.7906,0.5872
3747.0000,85.1404,-0.2533,42.3217,4.7906,0.5873
3747.1000,85.1376,-0.2518,41.6590,4.7906,0.5873
3747.2000,85.1333,-0.2502,41.5572,4.7906,0.5874
3747.3000,85.1300,-0.2488,41.5636,4.7906,0.5875
3747.4000,85.1256,-0.2473,41.3174,4.7906,0.5876
3747.5000,85.1211,-0.2459,41.2128,4.7906,0.5877
3747.6000,85.1162,-0.2445,40.9628,4.7906,0.5877
3747.7000,85.1106,-0.2432,40.4512,4.7906,0.5878
3747.8000,85.1033,-0.2419,40.0493,4.7906,0.5879
3747.9000,85.0959,-0.2407,39.4242,4.7906,0.5880
3748.0000,85.0858,-0.2395,38.4607,4.7906,0.5881
3748.1000,85.0740,-0.2383,38.3172,4.7906,0.5882
3748.2000,85.0633,-0.2372,38.9429,4.7906,0.5883
3748.3000,85.0543,-0.2360,39.4895,4.7906,0.5883
3748.4000,85.0460,-0.2350,39.7439,4.7906,0.5884
3748.5000,85.0381,-0.2340,39.7203,4.7906,0.5885
3748.6000,85.0297,-0.2330,38.9957,4.7906,0.5886
3748.7000,85.0185,-0.2320,37.6768,4.7906,0.5887
3748.8000,85.0042,-0.2311,36.4195,4.7906,0.5888
3748.9000,84.9875,-0.2302,35.1882,4.7906,0.5889
3749.0000,84.9678,-0.2294,33.8750,4.7906,0.5890
3749.1000,84.9453,-0.2286,32.8920,4.7906,0.5891
3749.2000,84.9212,-0.2278,32.1915,4.7906,0.5892
3749.3000,84.8957,-0.2271,31.7212,4.7906,0.5893
3749.4000,84.8696,-0.2264,32.4672,4.7906,0.5894
3749.5000,84.8475,-0.2257,34.1846,4.7906,0.5895
3749.6000,84.8291,-0.2251,36.1873,4.7906,0.5896
3749.7000,84.8159,-0.2245,38.3343,4.7906,0.5897
3749.8000,84.8072,-0.2240,40.1624,4.7906,0.5898
3749.9000,84.8022,-0.2235,41.0926,4.7906,0.5898
3750.0000,84.7976,-0.2230,41.3411,4.7906,0.5899
3750.1000,84.7936,-0.2226,42.0011,4.7906,0.5900
3750.2000,84.7920,-0.2222,42.9314,4.7906,0.5901
3750.3000,84.7921,-0.2218,44.0931,4.7906,0.5902
3750.4000,84.7956,-0.2215,45.6055,4.7906,0.5902
3750.5000,84.8025,-0.2212,46.7351,4.7906,0.5903
3750.6000,84.8110,-0.2209,46.6000,4.7906,0.5904
3750.7000,84.8172,-0.2207,45.7421,4.7906,0.5904
3750.8000,84.8217,-0.2205,44.7483,4.7906,0.5905
3750.9000,84.8235,-0.2203,43.3570,4.7906,0.5906
3751.0000,84.8219,-0.2202,41.9881,4.7906,0.5907
3751.1000,84.8175,-0.2201,41.0256,4.7906,0.5907
3751.2000,84.8116,-0.2201,40.7579,4.7906,0.5908
3751.3000,84.8061,-0.2201,40.3200,4.7906,0.5909
3751.4000,84.7983,-0.2201,39.6936,4.7906,0.5910
3751.5000,84.7900,-0.2201,40.3553,4.7906,0.5911
3751.6000,84.7852,-0.2202,41.7367,4.7906,0.5912
3751.7000,84.7831,-0.2203,43.0884,4.7906,0.5912
3751.8000,84.7843,-0.2205,45.0803,4.7906,0.5913
3751.9000,84.7911,-0.2207,47.6044,4.7906,0.5914
3752.0000,84.8036,-0.2209,48.8918,4.7906,0.5914
3752.1000,84.8160,-0.2212,49.5990,4.7906,0.5915
3752.2000,84.8316,-0.2214,50.0875,4.7906,0.5915
3752.3000,84.8461,-0.2218,49.8296,4.7906,0.5916
3752.4000,84.8604,-0.2221,49.8487,4.7906,0.5917
3752.5000,84.8750,-0.2225,50.4914,4.7906,0.5917
3752.6000,84.8921,-0.2229,51.3966,4.7906,0.5918
3752.7000,84.9107,-0.2234,52.3267,4.7906,0.5918
3752.8000,84.9318,-0.2238,52.9445,4.7906,0.5919
3752.9000,84.9530,-0.2244,52.5224,4.7906,0.5919
3753.0000,84.9722,-0.2249,51.3045,4.7906,0.5920
3753.1000,84.9879,-0.2255,49.5275,4.7906,0.5920
3753.2000,84.9992,-0.2261,47.6782,4.7906,0.5921
3753.3000,85.0066,-0.2267,46.5423,4.7906,0.5922
3753.4000,85.0128,-0.2274,45.9674,4.7906,0.5922
3753.5000,85.0177,-0.2281,45.6858,4.7906,0.5923
3753.6000,85.0227,-0.2288,45.8880,4.7906,0.5924
3753.7000,85.0285,-0.2296,46.1526,4.7906,0.5924
3753.8000,85.0346,-0.2304,46.1717,4.7906,0.5925
3753.9000,85.0406,-0.2312,45.9782,4.7906,0.5926
3754.0000,85.0459,-0.2321,45.7679,4.7906,0.5927
3754.1000,85.0509,-0.2330,45.0490,4.7906,0.5927
3754.2000,85.0531,-0.2339,43.4851,4.7906,0.5928
3754.3000,85.0512,-0.2348,41.6685,4.7906,0.5929
3754.4000,85.0454,-0.2358,40.2710,4.7906,0.5930
3754.5000,85.0374,-0.2368,39.3014,4.7906,0.5931
3754.6000,85.0273,-0.2378,38.1573,4.7906,0.5931
3754.7000,85.0144,-0.2389,37.1746,4.7906,0.5932
3754.8000,85.0002,-0.2400,36.8414,4.7906,0.5933
3754.9000,84.9859,-0.2411,36.6106,4.7906,0.5934
3755.0000,84.9708,-0.2422,36.5876,4.7906,0.5935
3755.1000,84.9566,-0.2434,37.4730,4.7906,0.5936
3755.2000,84.9455,-0.2446,38.3680,4.7906,0.5937
3755.3000,84.9354,-0.2458,38.4785,4.7906,0.5938
3755.4000,84.9250,-0.2471,38.2900,4.7906,0.5939
3755.5000,84.9143,-0.2483,37.9395,4.7906,0.5940
3755.6000,84.9024,-0.2496,37.3129,4.7906,0.5940
3755.7000,84.8890,-0.2510,37.0426,4.7906,0.5941
3755.8000,84.8761,-0.2523,36.6330,4.7906,0.5942
3755.9000,84.8611,-0.2537,36.1658,4.7906,0.5943
3756.0000,84.8463,-0.2551,36.0156,4.7906,0.5944
3756.1000,84.8307,-0.2565,35.2003,4.7906,0.5945
3756.2000,84.8125,-0.2580,33.5719,4.7906,0.5946
3756.3000,84.7899,-0.2595,31.8029,4.7906,0.5947
3756.4000,84.7640,-0.2610,29.7786,4.7906,0.5948
3756.5000,84.7326,-0.2625,27.2793,4.7906,0.5950
3756.6000,84.6959,-0.2640,25.4785,4.7906,0.5951
3756.7000,84.6567,-0.2656,24.6677,4.7906,0.5952
3756.8000,84.6166,-0.2672,24.3089,4.7906,0.5953
3756.9000,84.5762,-0.2688,24.4636,4.7906,0.5954
3757.0000,84.5371,-0.2704,25.3654,4.7906,0.5956
3757.1000,84.5010,-0.2721,26.1951,4.7906,0.5957
3757.2000,84.4659,-0.2738,26.5564,4.7906,0.5958
3757.3000,84.4317,-0.2755,27.1088,4.7906,0.5959
3757.4000,84.3993,-0.2772,27.8296,4.7906,0.5960
3757.5000,84.3686,-0.2789,28.0488,4.7906,0.5962
3757.6000,84.3375,-0.2807,28.0974,4.7906,0.5963
3757.7000,84.3073,-0.2825,28.8675,4.7906,0.5964
3757.8000,84.2799,-0.2843,29.5505,4.7906,0.5965
3757.9000,84.2530,-0.2861,29.1951,4.7906,0.5966
3758.0000,84.2243,-0.2879,27.7429,4.7906,0.5967
3758.1000,84.1911,-0.2898,25.8080,4.7906,0.5968
3758.2000,84.1540,-0.2916,23.6491,4.7906,0.5970
3758.3000,84.1115,-0.2935,21.8156,4.7906,0.5971
3758.4000,84.0664,-0.2954,20.8117,4.7906,0.5972
3758.5000,84.0197,-0.2974,20.8442,4.7906,0.5974
3758.6000,83.9752,-0.2993,21.8160,4.7906,0.5975
3758.7000,83.9332,-0.3013,22.5846,4.7906,0.5976
3758.8000,83.8925,-0.3033,22.9761,4.7906,0.5978
3758.9000,83.8526,-0.3052,23.3713,4.7906,0.5979
3759.0000,83.8139,-0.3073,23.7011,4.7906,0.5980
3759.1000,83.7758,-0.3093,23.6420,4.7906,0.5981
3759.2000,83.7372,-0.3113,23.5632,4.7906,0.5983
3759.3000,83.6991,-0.3134,23.4568,4.7906,0.5984
3759.4000,83.6603,-0.3154,23.0734,4.7906,0.5985
3759.5000,83.6208,-0.3175,23.3703,4.7906,0.5986
3759.6000,83.5837,-0.3196,24.6869,4.7906,0.5988
3759.7000,83.5504,-0.3217,26.4958,4.7906,0.5989
3759.8000,83.5218,-0.3238,28.6723,4.7906,0.5990
3759.9000,83.4986,-0.3260,31.6063,4.7906,0.5991
3760.0000,83.4835,-0.3281,34.4846,4.7906,0.5992
3760.1000,83.4736,-0.3303,35.8782,4.7906,0.5993
3760.2000,83.4650,-0.3325,36.3766,4.7906,0.5994
3760.3000,83.4575,-0.3346,36.5427,4.7906,0.5995
3760.4000,83.4499,-0.3368,35.7365,4.7906,0.5996
3760.5000,83.4390,-0.3391,34.0296,4.7906,0.5997
3760.6000,83.4238,-0.3413,32.5577,4.7906,0.5998
3760.7000,83.4065,-0.3435,31.5428,4.7906,0.5999
3760.8000,83.3870,-0.3458,30.3973,4.7906,0.6000
3760.9000,83.3646,-0.3480,29.4111,4.7906,0.6001
3761.0000,83.3410,-0.3503,29.2896,4.7906,0.6002
3761.1000,83.3184,-0.3526,29.9239,4.7906,0.6003
3761.2000,83.2978,-0.3548,30.4764,4.7906,0.6004
3761.3000,83.2780,-0.3571,30.5701,4.7906,0.6006
3761.4000,83.2581,-0.3594,29.9387,4.7906,0.6007
3761.5000,83.2357,-0.3617,28.8894,4.7906,0.6008
3761.6000,83.2113,-0.3641,28.0237,4.7906,0.6009
3761.7000,83.1852,-0.3664,27.1772,4.7906,0.6010
3761.8000,83.1573,-0.3687,26.4305,4.7906,0.6011
3761.9000,83.1281,-0.3711,26.0540,4.7906,0.6013
3762.0000,83.0988,-0.3734,25.3847,4.7906,0.6014
3762.1000,83.0669,-0.3758,24.4940,4.7906,0.6015
3762.2000,83.0338,-0.3781,23.6702,4.7906,0.6016
3762.3000,82.9984,-0.3805,22.6082,4.7906,0.6018
3762.4000,82.9609,-0.3829,21.9168,4.7906,0.6019
3762.5000,82.9227,-0.3852,21.1232,4.7906,0.6020
3762.6000,82.8819,-0.3876,19.4884,4.7906,0.6022
3762.7000,82.8366,-0.3900,17.8399,4.7906,0.6023
3762.8000,82.7886,-0.3924,17.0181,4.7906,0.6024
3762.9000,82.7399,-0.3948,16.7000,4.7906,0.6026
3763.0000,82.6909,-0.3972,17.1424,4.7906,0.6027
3763.1000,82.6446,-0.3996,18.3442,4.7906,0.6029
3763.2000,82.6014,-0.4020,20.1517,4.7906,0.6030
3763.3000,82.5638,-0.4044,22.5525,4.7906,0.6031
3763.4000,82.5318,-0.4068,24.6860,4.7906,0.6033
3763.5000,82.5043,-0.4092,26.6154,4.7906,0.6034
3763.6000,82.4815,-0.4116,28.5585,4.7906,0.6035
3763.7000,82.4631,-0.4140,30.1711,4.7906,0.6036
3763.8000,82.4479,-0.4164,31.0082,4.7906,0.6037
3763.9000,82.4336,-0.4189,31.2201,4.7906,0.6038
3764.0000,82.4197,-0.4213,30.7304,4.7906,0.6039
3764.1000,82.4034,-0.4237,29.2437,4.7906,0.6040
3764.2000,82.3829,-0.4261,27.2135,4.7906,0.6042
3764.3000,82.3575,-0.4285,25.7748,4.7906,0.6043
3764.4000,82.3307,-0.4310,25.3997,4.7906,0.6044
3764.5000,82.3039,-0.4334,25.7827,4.7906,0.6045
3764.6000,82.2791,-0.4358,26.6692,4.7906,0.6046
3764.7000,82.2567,-0.4382,27.7169,4.7906,0.6048
3764.8000,82.2370,-0.4406,28.5696,4.7906,0.6049
3764.9000,82.2187,-0.4430,29.0544,4.7906,0.6050
3765.0000,82.2015,-0.4455,29.0664,4.7906,0.6051
3765.1000,82.1836,-0.4479,29.2343,4.7906,0.6052
3765.2000,82.1674,-0.4503,30.2153,4.7906,0.6053
3765.3000,82.1542,-0.4527,31.2109,4.7906,0.6054
3765.4000,82.1428,-0.4551,32.1402,4.7906,0.6055
3765.5000,82.1341,-0.4575,33.6308,4.7906,0.6056
3765.6000,82.1298,-0.4599,35.1039,4.7906,0.6057
3765.7000,82.1280,-0.4623,35.5548,4.7906,0.6058
3765.8000,82.1260,-0.4647,35.7015,4.7906,0.6059
3765.9000,82.1251,-0.4671,35.8731,4.7906,0.6060
3766.0000,82.1240,-0.4695,35.8994,4.7906,0.6061
3766.1000,82.1233,-0.4718,36.0916,4.7906,0.6062
3766.2000,82.1233,-0.4742,36.6165,4.7906,0.6063
3766.3000,82.1252,-0.4766,37.3625,4.7906,0.6064
3766.4000,82.1288,-0.4789,37.8450,4.7906,0.6065
3766.5000,82.1331,-0.4813,37.3548,4.7906,0.6066
3766.6000,82.1345,-0.4837,36.3137,4.7906,0.6067
3766.7000,82.1342,-0.4860,35.3567,4.7906,0.6068
3766.8000,82.1313,-0.4884,34.7909,4.7906,0.6069
3766.9000,82.1286,-0.4907,34.6529,4.7906,0.6070
3767.0000,82.1253,-0.4930,34.9459,4.7906,0.6070
3767.1000,82.1241,-0.4954,35.4580,4.7906,0.6071
3767.2000,82.1233,-0.4977,35.9449,4.7906,0.6072
3767.3000,82.1245,-0.5000,35.9217,4.7906,0.6073
3767.4000,82.1237,-0.5023,35.5059,4.7906,0.6074
3767.5000,82.1232,-0.5046,35.9941,4.7906,0.6075
3767.6000,82.1248,-0.5069,36.8195,4.7906,0.6076
3767.7000,82.1282,-0.5091,37.2277,4.7906,0.6077
3767.8000,82.1319,-0.5114,37.7348,4.7906,0.6078
3767.9000,82.1377,-0.5137,38.2665,4.7906,0.6079
3768.0000,82.1440,-0.5159,38.1157,4.7906,0.6080
3768.1000,82.1492,-0.5182,38.0115,4.7906,0.6081
3768.2000,82.1551,-0.5204,38.2089,4.7906,0.6082
3768.3000,82.1614,-0.5226,38.1127,4.7906,0.6082
3768.4000,82.1670,-0.5248,37.5506,4.7906,0.6083
3768.5000,82.1708,-0.5270,36.4394,4.7906,0.6084
3768.6000,82.1714,-0.5292,35.2284,4.7906,0.6085
3768.7000,82.1698,-0.5314,34.5741,4.7906,0.6086
3768.8000,82.1675,-0.5336,34.6507,4.7906,0.6087
3768.9000,82.1664,-0.5357,35.5120,4.7906,0.6088
3769.0000,82.1683,-0.5379,36.6419,4.7906,0.6089
3769.1000,82.1725,-0.5400,37.1679,4.7906,0.6090
3769.2000,82.1769,-0.5421,37.0348,4.7906,0.6091
3769.3000,82.1807,-0.5443,36.7761,4.7906,0.6092
3769.4000,82.1840,-0.5464,36.6940,4.7906,0.6093
3769.5000,82.1875,-0.5484,36.7506,4.7906,0.6094
3769.6000,82.1912,-0.5505,36.7260,4.7906,0.6095
3769.7000,82.1947,-0.5526,36.3260,4.7906,0.6096
3769.8000,82.1967,-0.5546,35.3958,4.7906,0.6097
3769.9000,82.1961,-0.5567,34.1217,4.7906,0.6098
3770.0000,82.1924,-0.5587,32.8305,4.7906,0.6099
3770.1000,82.1859,-0.5607,31.7945,4.7906,0.6100
3770.2000,82.1776,-0.5627,31.5501,4.7906,0.6101
3770.3000,82.1703,-0.5647,32.1702,4.7906,0.6102
3770.4000,82.1650,-0.5666,33.0969,4.7906,0.6103
3770.5000,82.1621,-0.5686,33.8965,4.7906,0.6104
3770.6000,82.1606,-0.5705,34.8300,4.7906,0.6105
3770.7000,82.1621,-0.5724,35.6748,4.7906,0.6106
3770.8000,82.1646,-0.5743,35.3034,4.7906,0.6107
3770.9000,82.1645,-0.5762,33.8159,4.7906,0.6108
3771.0000,82.1603,-0.5781,32.2831,4.7906,0.6109
3771.1000,82.1533,-0.5799,31.1604,4.7906,0.6110
3771.2000,82.1442,-0.5818,29.9120,4.7906,0.6111
3771.3000,82.1316,-0.5836,28.5111,4.7906,0.6112
3771.4000,82.1162,-0.5854,27.3485,4.7906,0.6113
3771.5000,82.0985,-0.5872,26.2782,4.7906,0.6114
3771.6000,82.0783,-0.5889,24.7108,4.7906,0.6116
3771.7000,82.0536,-0.5907,23.6122,4.7906,0.6117
3771.8000,82.0287,-0.5924,23.4583,4.7906,0.6118
3771.9000,82.0035,-0.5941,23.2971,4.7906,0.6119
3772.0000,81.9780,-0.5958,22.9997,4.7906,0.6121
3772.1000,81.9517,-0.5975,22.6651,4.7906,0.6122
3772.2000,81.9249,-0.5992,21.9346,4.7906,0.6123
3772.3000,81.8955,-0.6008,21.2674,4.7906,0.6125
3772.4000,81.8659,-0.6024,21.3216,4.7906,0.6126
3772.5000,81.8369,-0.6040,21.6185,4.7906,0.6127
3772.6000,81.8089,-0.6056,22.3522,4.7906,0.6129
3772.7000,81.7836,-0.6072,23.0282,4.7906,0.6130
3772.8000,81.7590,-0.6087,22.9622,4.7906,0.6131
3772.9000,81.7335,-0.6102,22.9250,4.7906,0.6132
3773.0000,81.7089,-0.6117,23.4545,4.7906,0.6134
3773.1000,81.6862,-0.6132,24.0720,4.7906,0.6135
3773.2000,81.6646,-0.6147,25.1346,4.7906,0.6136
3773.3000,81.6470,-0.6161,27.1538,4.7906,0.6137
3773.4000,81.6350,-0.6175,29.4901,4.7906,0.6139
3773.5000,81.6283,-0.6189,31.3914,4.7906,0.6140
3773.6000,81.6252,-0.6203,32.7207,4.7906,0.6141
3773.7000,81.6248,-0.6217,33.0826,4.7906,0.6142
3773.8000,81.6235,-0.6230,32.7082,4.7906,0.6143
3773.9000,81.6214,-0.6243,31.8813,4.7906,0.6144
3774.0000,81.6164,-0.6256,31.4895,4.7906,0.6145
3774.1000,81.6126,-0.6269,31.8865,4.7906,0.6146
3774.2000,81.6095,-0.6282,32.5808,4.7906,0.6147
3774.3000,81.6091,-0.6294,33.4356,4.7906,0.6148
3774.4000,81.6100,-0.6306,34.4511,4.7906,0.6149
3774.5000,81.6143,-0.6318,35.4540,4.7906,0.6150
3774.6000,81.6200,-0.6330,36.3988,4.7906,0.6151
3774.7000,81.6287,-0.6341,37.5579,4.7906,0.6152
3774.8000,81.6398,-0.6353,38.3421,4.7906,0.6153
3774.9000,81.6522,-0.6364,38.4326,4.7906,0.6153
3775.0000,81.6636,-0.6374,37.8861,4.7906,0.6154
3775.1000,81.6735,-0.6385,37.4128,4.7906,0.6155
3775.2000,81.6828,-0.6395,37.2072,4.7906,0.6156
3775.3000,81.6917,-0.6406,37.6205,4.7906,0.6157
3775.4000,81.7029,-0.6415,38.7413,4.7906,0.6158
3775.5000,81.7171,-0.6425,40.1855,4.7906,0.6159
3775.6000,81.7350,-0.6435,41.5273,4.7906,0.6160
3775.7000,81.7553,-0.6444,42.7084,4.7906,0.6160
3775.8000,81.7785,-0.6453,43.6032,4.7906,0.6161
3775.9000,81.8029,-0.6462,44.2301,4.7906,0.6162
3776.0000,81.8290,-0.6470,44.4965,4.7906,0.6163
3776.1000,81.8545,-0.6479,43.9111,4.7906,0.6163
3776.2000,81.8778,-0.6487,42.6416,4.7906,0.6164
3776.3000,81.8974,-0.6495,41.0702,4.7906,0.6165
3776.4000,81.9133,-0.6502,39.0975,4.7906,0.6166
3776.5000,81.9238,-0.6510,36.5804,4.7906,0.6167
3776.6000,81.9282,-0.6517,34.5589,4.7906,0.6168
3776.7000,81.9293,-0.6524,33.6361,4.7906,0.6169
3776.8000,81.9295,-0.6531,33.1807,4.7906,0.6170
3776.9000,81.9286,-0.6537,33.0038,4.7906,0.6171
3777.0000,81.9280,-0.6543,33.3845,4.7906,0.6172
3777.1000,81.9288,-0.6549,33.8564,4.7906,0.6173
3777.2000,81.9305,-0.6555,34.3175,4.7906,0.6174
3777.3000,81.9335,-0.6560,35.2014,4.7906,0.6175
3777.4000,81.9392,-0.6566,36.0303,4.7906,0.6176
3777.5000,81.9461,-0.6571,36.3734,4.7906,0.6177
3777.6000,81.9534,-0.6575,36.1055,4.7906,0.6178
3777.7000,81.9590,-0.6580,34.6505,4.7906,0.6179
3777.8000,81.9596,-0.6584,32.5051,4.7906,0.6180
3777.9000,81.9553,-0.6588,30.8684,4.7906,0.6181
3778.0000,81.9484,-0.6592,29.7539,4.7906,0.6182
3778.1000,81.9391,-0.6596,28.9902,4.7906,0.6183
3778.2000,81.9287,-0.6599,28.4374,4.7906,0.6184
3778.3000,81.9170,-0.6602,27.6280,4.7906,0.6185
3778.4000,81.9030,-0.6605,26.8979,4.7906,0.6186
3778.5000,81.8879,-0.6607,26.7151,4.7906,0.6188
3778.6000,81.8731,-0.6609,26.9761,4.7906,0.6189
3778.7000,81.8594,-0.6612,28.1405,4.7906,0.6190
3778.8000,81.8500,-0.6613,30.0172,4.7906,0.6191
3778.9000,81.8450,-0.6615,31.6348,4.7906,0.6192
3779.0000,81.8432,-0.6616,32.5837,4.7906,0.6193
3779.1000,81.8425,-0.6617,32.4833,4.7906,0.6194
3779.2000,81.8403,-0.6618,31.8993,4.7906,0.6195
3779.3000,81.8369,-0.6619,31.2025,4.7906,0.6196
3779.4000,81.8315,-0.6619,30.1839,4.7906,0.6197
3779.5000,81.8235,-0.6619,29.0080,4.7906,0.6199
3779.6000,81.8126,-0.6619,28.4458,4.7906,0.6200
3779.7000,81.8021,-0.6618,28.2955,4.7906,0.6201
3779.8000,81.7906,-0.6618,28.1836,4.7906,0.6202
3779.9000,81.7796,-0.6617,28.5611,4.7906,0.6203
3780.0000,81.7699,-0.6615,29.6319,4.7906,0.6204
3780.1000,81.7638,-0.6614,31.2378,4.7906,0.6205
3780.2000,81.7616,-0.6612,32.7601,4.7906,0.6206
3780.3000,81.7626,-0.6610,33.8344,4.7906,0.6207
3780.4000,81.7653,-0.6608,34.6326,4.7906,0.6208
3780.5000,81.7699,-0.6606,34.9977,4.7906,0.6209
3780.6000,81.7742,-0.6603,34.4717,4.7906,0.6210
3780.7000,81.7764,-0.6600,33.8027,4.7906,0.6211
3780.8000,81.7776,-0.6597,33.5580,4.7906,0.6212
3780.9000,81.7787,-0.6594,33.4255,4.7906,0.6213
3781.0000,81.7792,-0.6590,33.2357,4.7906,0.6214
3781.1000,81.7794,-0.6586,32.8788,4.7906,0.6215
3781.2000,81.7783,-0.6582,32.0891,4.7906,0.6216
3781.3000,81.7747,-0.6577,30.8599,4.7906,0.6217
3781.4000,81.7679,-0.6573,29.3387,4.7906,0.6219
3781.5000,81.7574,-0.6568,28.2116,4.7906,0.6220
3781.6000,81.7454,-0.6563,27.8113,4.7906,0.6221
3781.7000,81.7330,-0.6557,27.4747,4.7906,0.6222
3781.8000,81.7195,-0.6552,27.1837,4.7906,0.6223
3781.9000,81.7058,-0.6546,27.1011,4.7906,0.6224
3782.0000,81.6919,-0.6540,26.9242,4.7906,0.6226
3782.1000,81.6774,-0.6534,27.0630,4.7906,0.6227
3782.2000,81.6642,-0.6527,27.9164,4.7906,0.6228
3782.3000,81.6537,-0.6520,29.4770,4.7906,0.6229
3782.4000,81.6477,-0.6513,31.0985,4.7906,0.6230
3782.5000,81.6447,-0.6506,32.8537,4.7906,0.6231
3782.6000,81.6468,-0.6498,34.5908,4.7906,0.6232
3782.7000,81.6517,-0.6491,35.4685,4.7906,0.6233
3782.8000,81.6578,-0.6483,35.2330,4.7906,0.6234
3782.9000,81.6615,-0.6474,34.9545,4.7906,0.6235
3783.0000,81.6662,-0.6466,34.6402,4.7906,0.6236
3783.1000,81.6685,-0.6457,33.8613,4.7906,0.6237
3783.2000,81.6695,-0.6448,33.7051,4.7906,0.6238
3783.3000,81.6709,-0.6439,34.2843,4.7906,0.6239
3783.4000,81.6746,-0.6430,35.1389,4.7906,0.6240
3783.5000,81.6799,-0.6420,36.0882,4.7906,0.6241
3783.6000,81.6878,-0.6410,37.0839,4.7906,0.6242
3783.7000,81.6976,-0.6400,37.9757,4.7906,0.6243
3783.8000,81.7096,-0.6390,39.3790,4.7906,0.6244
3783.9000,81.7257,-0.6380,40.4062,4.7906,0.6244
3784.0000,81.7422,-0.6369,40.8255,4.7906,0.6245
3784.1000,81.7602,-0.6358,41.3048,4.7906,0.6246
3784.2000,81.7787,-0.6347,41.4116,4.7906,0.6247
3784.3000,81.7970,-0.6335,40.9998,4.7906,0.6248
3784.4000,81.8135,-0.6324,40.9112,4.7906,0.6249
3784.5000,81.8311,-0.6312,41.9107,4.7906,0.6249
3784.6000,81.8520,-0.6300,43.2831,4.7906,0.6250
3784.7000,81.8758,-0.6287,44.5853,4.7906,0.6251
3784.8000,81.9025,-0.6275,45.8923,4.7906,0.6252
3784.9000,81.9321,-0.6262,47.1094,4.7906,0.6252
3785.0000,81.9641,-0.6249,47.6387,4.7906,0.6253
3785.1000,81.9958,-0.6236,48.1675,4.7906,0.6253
3785.2000,82.0300,-0.6223,49.0614,4.7906,0.6254
3785.3000,82.0656,-0.6209,49.1715,4.7906,0.6255
3785.4000,82.1000,-0.6195,48.4406,4.7906,0.6255
3785.5000,82.1319,-0.6181,47.6940,4.7906,0.6256
3785.6000,82.1625,-0.6167,46.3673,4.7906,0.6257
3785.7000,82.1880,-0.6153,44.4507,4.7906,0.6257
3785.8000,82.2097,-0.6138,43.2760,4.7906,0.6258
3785.9000,82.2295,-0.6123,43.0048,4.7906,0.6259
3786.0000,82.2497,-0.6108,43.0747,4.7906,0.6260
3786.1000,82.2697,-0.6093,43.6045,4.7906,0.6260
3786.2000,82.2921,-0.6077,44.8017,4.7906,0.6261
3786.3000,82.3173,-0.6062,46.1263,4.7906,0.6262
3786.4000,82.3455,-0.6046,47.6554,4.7906,0.6262
3786.5000,82.3775,-0.6030,49.0416,4.7906,0.6263
3786.6000,82.4117,-0.6013,49.5205,4.7906,0.6264
3786.7000,82.4456,-0.5997,49.3800,4.7906,0.6264
3786.8000,82.4789,-0.5980,49.5852,4.7906,0.6265
3786.9000,82.5133,-0.5963,49.3457,4.7906,0.6265
3787.0000,82.5452,-0.5946,48.4105,4.7906,0.6266
3787.1000,82.5751,-0.5929,47.9922,4.7906,0.6267
3787.2000,82.6047,-0.5912,47.5093,4.7906,0.6267
3787.3000,82.6321,-0.5894,45.7443,4.7906,0.6268
3787.4000,82.6534,-0.5876,43.7095,4.7906,0.6269
3787.5000,82.6713,-0.5858,41.9795,4.7906,0.6270
3787.6000,82.6844,-0.5840,40.0372,4.7906,0.6270
3787.7000,82.6932,-0.5822,39.1425,4.7906,0.6271
3787.8000,82.7021,-0.5803,39.5452,4.7906,0.6272
3787.9000,82.7126,-0.5785,40.3165,4.7906,0.6273
3788.0000,82.7248,-0.5766,41.3492,4.7906,0.6274
3788.1000,82.7398,-0.5747,42.7596,4.7906,0.6275
3788.2000,82.7582,-0.5728,43.4262,4.7906,0.6275
3788.3000,82.7760,-0.5708,43.2433,4.7906,0.6276
3788.4000,82.7934,-0.5689,42.9455,4.7906,0.6277
3788.5000,82.8096,-0.5669,42.6840,4.7906,0.6278
3788.6000,82.8256,-0.5649,42.1420,4.7906,0.6278
3788.7000,82.8390,-0.5629,41.3980,4.7906,0.6279
3788.8000,82.8514,-0.5609,41.0767,4.7906,0.6280
3788.9000,82.8632,-0.5589,41.4902,4.7906,0.6281
3789.0000,82.8773,-0.5568,42.5476,4.7906,0.6282
3789.1000,82.8937,-0.5548,44.4260,4.7906,0.6282
3789.2000,82.9161,-0.5527,46.9163,4.7906,0.6283
3789.3000,82.9435,-0.5506,48.8823,4.7906,0.6284
3789.4000,82.9746,-0.5485,49.5934,4.7906,0.6284
3789.5000,83.0049,-0.5464,48.9340,4.7906,0.6285
3789.6000,83.0326,-0.5442,32.7107,4.7906,0.6286
3789.7000,82.9889,-0.5421,1.5170,4.7906,0.6288
3789.8000,82.8748,-0.5399,-29.3259,4.7906,0.6290
3789.9000,82.6907,-0.5378,-59.6146,4.7906,0.6293
3790.0000,82.4385,-0.5356,-89.1515,4.7906,0.6297
3790.1000,82.1190,-0.5334,-103.6141,4.7906,0.6301
3790.2000,81.7996,-0.5312,-103.4103,4.7906,0.6304
3790.3000,81.4801,-0.5290,-103.2039,4.7906,0.6308
3790.4000,81.1606,-0.5268,-102.9951,4.7906,0.6311
3790.5000,80.8412,-0.5246,-102.7838,4.7906,0.6315
3790.6000,80.5217,-0.5224,-102.5700,4.7906,0.6319
3790.7000,80.2023,-0.5203,-102.3539,4.7906,0.6322
3790.8000,79.8828,-0.5181,-102.1353,4.7906,0.6326
3790.9000,79.5634,-0.5159,-101.9142,4.7906,0.6329
3791.0000,79.2439,-0.5137,-101.6908,4.7906,0.6333
3791.1000,78.9245,-0.5115,-101.4651,4.7906,0.6336
3791.2000,78.6050,-0.5093,-101.2369,4.7906,0.6340
3791.3000,78.2856,-0.5071,-101.0064,4.7906,0.6344
3791.4000,77.9661,-0.5049,-100.7736,4.7906,0.6347
3791.5000,77.6467,-0.5027,-100.5385,4.7906,0.6351
3791.6000,77.3272,-0.5005,-100.3011,4.7906,0.6354
3791.7000,77.0077,-0.4983,-100.0613,4.7906,0.6358
3791.8000,76.6883,-0.4961,-99.8193,4.7906,0.6362
3791.9000,76.3688,-0.4939,-99.5751,4.7906,0.6365
3792.0000,76.0494,-0.4917,-99.3286,4.7906,0.6369
3792.1000,75.7299,-0.4895,-99.0799,4.7906,0.6372
3792.2000,75.4105,-0.4873,-98.8289,4.7906,0.6376
3792.3000,75.0910,-0.4851,-98.5758,4.7906,0.6380
3792.4000,74.7716,-0.4829,-98.3205,4.7906,0.6383
3792.5000,74.4521,-0.4808,-98.0630,4.7906,0.6387
3792.6000,74.1327,-0.4786,-97.8033,4.7906,0.6390
3792.7000,73.8132,-0.4764,-97.5415,4.7906,0.6394
3792.8000,73.4938,-0.4743,-97.2775,4.7906,0.6397
3792.9000,73.1743,-0.4721,-97.0115,4.7906,0.6401
3793.0000,72.8548,-0.4700,-96.7433,4.7906,0.6405
3793.1000,72.5354,-0.4678,-96.4730,4.7906,0.6408
3793.2000,72.2159,-0.4657,-96.2006,4.7906,0.6412
3793.3000,71.8965,-0.4635,-95.9262,4.7906,0.6415
3793.4000,71.5770,-0.4614,-95.6497,4.7906,0.6419
3793.5000,71.2576,-0.4593,-95.3712,4.7906,0.6423
3793.6000,70.9381,-0.4571,-95.0906,4.7906,0.6426
3793.7000,70.6187,-0.4550,-94.8080,4.7906,0.6430
3793.8000,70.2992,-0.4529,-94.5234,4.7906,0.6433
3793.9000,69.9798,-0.4508,-94.2368,4.7906,0.6437
3794.0000,69.6603,-0.4487,-93.9482,4.7906,0.6440
3794.1000,69.3409,-0.4466,-93.6576,4.7906,0.6444
3794.2000,69.0214,-0.4445,-93.3651,4.7906,0.6448
3794.3000,68.7019,-0.4425,-93.0706,4.7906,0.6451
3794.4000,68.3825,-0.4404,-92.7741,4.7906,0.6455
3794.5000,68.0630,-0.4383,-92.4758,4.7906,0.6458
3794.6000,67.7436,-0.4363,-92.1755,4.7906,0.6462
3794.7000,67.4241,-0.4343,-91.8733,4.7906,0.6466
3794.8000,67.1047,-0.4322,-91.5692,4.7906,0.6469
3794.9000,66.7852,-0.4302,-91.2633,4.7906,0.6473
3795.0000,66.4658,-0.4282,-90.9554,4.7906,0.6476
3795.1000,66.1463,-0.4262,-90.6457,4.7906,0.6480
3795.2000,65.8269,-0.4242,-90.3342,4.7906,0.6483
3795.3000,65.5074,-0.4222,-90.0208,4.7906,0.6487
3795.4000,65.1880,-0.4202,-89.7056,4.7906,0.6491
3795.5000,64.8685,-0.4182,-89.3885,4.7906,0.6494
3795.6000,64.5490,-0.4163,-89.0697,4.7906,0.6498
3795.7000,64.2296,-0.4143,-88.7490,4.7906,0.6501
3795.8000,63.9101,-0.4124,-88.4266,4.7906,0.6505
3795.9000,63.5907,-0.4104,-88.1023,4.7906,0.6509
3796.0000,63.2712,-0.4085,-87.7763,4.7906,0.6512
3796.1000,62.9518,-0.4066,-87.4486,4.7906,0.6516
3796.2000,62.6323,-0.4047,-87.1191,4.7906,0.6519
3796.3000,62.3129,-0.4028,-86.7878,4.7906,0.6523
3796.4000,61.9934,-0.4009,-86.4549,4.7906,0.6526
3796.5000,61.6740,-0.3990,-86.1202,4.7906,0.6530
3796.6000,61.3545,-0.3972,-85.7838,4.7906,0.6534
3796.7000,61.0351,-0.3953,-85.4457,4.7906,0.6537
3796.8000,60.7156,-0.3935,-85.1059,4.7906,0.6541
3796.9000,60.3961,-0.3916,-84.7645,4.7906,0.6544
3797.0000,60.0767,-0.3898,-84.4213,4.7906,0.6548
3797.1000,59.7572,-0.3880,-84.0765,4.7906,0.6552
3797.2000,59.4378,-0.3862,-83.7301,4.7906,0.6555
3797.3000,59.1183,-0.3844,-83.3820,4.7906,0.6559
3797.4000,58.7989,-0.3826,-83.0323,4.7906,0.6562
3797.5000,58.4794,-0.3809,-82.6809,4.7906,0.6566
3797.6000,58.1600,-0.3791,-82.3280,4.7906,0.6569
3797.7000,57.8405,-0.3774,-81.9734,4.7906,0.6573
3797.8000,57.5211,-0.3757,-81.6173,4.7906,0.6577
3797.9000,57.2016,-0.3739,-81.2595,4.7906,0.6580
3798.0000,56.8822,-0.3722,-80.9002,4.7906,0.6584
3798.1000,56.5627,-0.3705,-80.5393,4.7906,0.6587
3798.2000,56.2432,-0.3688,-80.1769,4.7906,0.6591
3798.3000,55.9238,-0.3672,-79.8129,4.7906,0.6595
3798.4000,55.6043,-0.3655,-79.4473,4.7906,0.6598
3798.5000,55.2849,-0.3639,-79.0803,4.7906,0.6602
3798.6000,54.9654,-0.3622,-78.7117,4.7906,0.6605
3798.7000,54.6460,-0.3606,-78.3416,4.7906,0.6609
3798.8000,54.3265,-0.3590,-77.9700,4.7906,0.6612
3798.9000,54.0071,-0.3574,-77.5968,4.7906,0.6616
3799.0000,53.6876,-0.3558,-77.2223,4.7906,0.6620
3799.1000,53.3682,-0.3542,-76.8462,4.7906,0.6623
3799.2000,53.0487,-0.3526,-76.4686,4.7906,0.6627
3799.3000,52.7293,-0.3511,-76.0896,4.7906,0.6630
3799.4000,52.4098,-0.3495,-75.7092,4.7906,0.6634
3799.5000,52.0903,-0.3480,-75.3273,4.7906,0.6638
3799.6000,51.7709,-0.3465,-74.9439,4.7906,0.6641
3799.7000,51.4514,-0.3450,-74.5592,4.7906,0.6645
3799.8000,51.1320,-0.3435,-74.1730,4.7906,0.6648
3799.9000,50.8125,-0.3420,-73.7854,4.7906,0.6652
3800.0000,50.4931,-0.3405,-73.3964,4.7906,0.6655
3800.1000,50.1736,-0.3391,-73.0060,4.7906,0.6659
3800.2000,49.8542,-0.3376,-72.6143,4.7906,0.6662
3800.3000,49.5347,-0.3362,-72.2211,4.7906,0.6666
3800.4000,49.2153,-0.3348,-71.8266,4.7906,0.6669
3800.5000,48.8958,-0.3333,-71.4307,4.7906,0.6673
3800.6000,48.5764,-0.3319,-71.0335,4.7906,0.6676
3800.7000,48.2569,-0.3306,-70.6350,4.7906,0.6680
3800.8000,47.9374,-0.3292,-70.2351,4.7906,0.6683
3800.9000,47.6180,-0.3278,-69.8338,4.7906,0.6687
3801.0000,47.2985,-0.3265,-69.4313,4.7906,0.6690
3801.1000,46.9791,-0.3251,-69.0275,4.7906,0.6694
3801.2000,46.6596,-0.3238,-68.6223,4.7906,0.6697
3801.3000,46.3402,-0.3225,-68.2159,4.7906,0.6701
3801.4000,46.0207,-0.3212,-67.8082,4.7906,0.6704
3801.5000,45.7013,-0.3199,-67.3992,4.7906,0.6707
3801.6000,45.3818,-0.3186,-66.9889,4.7906,0.6711
3801.7000,45.0624,-0.3173,-66.5774,4.7906,0.6714
3801.8000,44.7429,-0.3161,-66.1646,4.7906,0.6718
3801.9000,44.4235,-0.3148,-65.7506,4.7906,0.6721
3802.0000,44.1040,-0.3136,-65.3354,4.7906,0.6724
3802.1000,43.7845,-0.3124,-64.9189,4.7906,0.6728
3802.2000,43.4651,-0.3112,-64.5013,4.7906,0.6731
3802.3000,43.1456,-0.3100,-64.0824,4.7906,0.6734
3802.4000,42.8262,-0.3088,-63.6623,4.7906,0.6738
3802.5000,42.5067,-0.3076,-63.2410,4.7906,0.6741
3802.6000,42.1873,-0.3064,-62.8186,4.7906,0.6744
3802.7000,41.8678,-0.3053,-62.3949,4.7906,0.6748
3802.8000,41.5484,-0.3041,-61.9701,4.7906,0.6751
3802.9000,41.2289,-0.3030,-61.5442,4.7906,0.6754
3803.0000,40.9095,-0.3019,-61.1171,4.7906,0.6757
3803.1000,40.5900,-0.3008,-60.6888,4.7906,0.6761
3803.2000,40.2705,-0.2997,-60.2594,4.7906,0.6764
3803.3000,39.9511,-0.2986,-59.8289,4.7906,0.6767
3803.4000,39.6316,-0.2975,-59.3973,4.7906,0.6770
3803.5000,39.3122,-0.2965,-58.9646,4.7906,0.6774
3803.6000,38.9927,-0.2954,-58.5307,4.7906,0.6777
3803.7000,38.6733,-0.2944,-58.0958,4.7906,0.6780
3803.8000,38.3538,-0.2934,-57.6598,4.7906,0.6783
3803.9000,38.0344,-0.2923,-57.2227,4.7906,0.6786
3804.0000,37.7149,-0.2913,-56.7846,4.7906,0.6789
3804.1000,37.3955,-0.2903,-56.3454,4.7906,0.6793
3804.2000,37.0760,-0.2894,-55.9051,4.7906,0.6796
3804.3000,36.7566,-0.2884,-55.4638,4.7906,0.6799
3804.4000,36.4371,-0.2874,-55.0215,4.7906,0.6802
3804.5000,36.1176,-0.2865,-54.5782,4.7906,0.6805
3804.6000,35.7982,-0.2855,-54.1338,4.7906,0.6808
3804.7000,35.4787,-0.2846,-53.6884,4.7906,0.6811
3804.8000,35.1593,-0.2837,-53.2421,4.7906,0.6814
3804.9000,34.8398,-0.2828,-52.7947,4.7906,0.6817
3805.0000,34.5204,-0.2819,-52.3464,4.7906,0.6821
3805.1000,34.2009,-0.2810,-51.8970,4.7906,0.6824
3805.2000,33.8815,-0.2801,-51.4468,4.7906,0.6827
3805.3000,33.5620,-0.2793,-50.9955,4.7906,0.6830
3805.4000,33.2426,-0.2784,-50.5433,4.7906,0.6833
3805.5000,32.9231,-0.2776,-50.0902,4.7906,0.6836
3805.6000,32.6037,-0.2767,-49.6361,4.7906,0.6839
3805.7000,32.2842,-0.2759,-49.1812,4.7906,0.6842
3805.8000,31.9647,-0.2751,-48.7253,4.7906,0.6845
3805.9000,31.6453,-0.2743,-48.2685,4.7906,0.6848
3806.0000,31.3258,-0.2735,-47.8108,4.7906,0.6851
3806.1000,31.0064,-0.2727,-47.3522,4.7906,0.6854
3806.2000,30.6869,-0.2719,-46.8927,4.7906,0.6856
3806.3000,30.3675,-0.2712,-46.4324,4.7906,0.6859
3806.4000,30.0480,-0.2704,-45.9712,4.7906,0.6862
3806.5000,29.7286,-0.2697,-45.5091,4.7906,0.6865
3806.6000,29.4091,-0.2689,-45.0462,4.7906,0.6868
3806.7000,29.0897,-0.2682,-44.5825,4.7906,0.6871
3806.8000,28.7702,-0.2675,-44.1179,4.7906,0.6874
3806.9000,28.4508,-0.2668,-43.6525,4.7906,0.6877
3807.0000,28.1313,-0.2661,-43.1863,4.7906,0.6880
3807.1000,27.8118,-0.2654,-42.7193,4.7906,0.6882
3807.2000,27.4924,-0.2647,-42.2515,4.7906,0.6885
3807.3000,27.1729,-0.2641,-41.7829,4.7906,0.6888
3807.4000,26.8535,-0.2634,-41.3136,4.7906,0.6891
3807.5000,26.5340,-0.2627,-40.8434,4.7906,0.6894
3807.6000,26.2146,-0.2621,-40.3726,4.7906,0.6897
3807.7000,25.8951,-0.2615,-39.9009,4.7906,0.6899
3807.8000,25.5757,-0.2609,-39.4285,4.7906,0.6902
3807.9000,25.2562,-0.2602,-38.9554,4.7906,0.6905
3808.0000,24.9368,-0.2596,-38.4816,4.7906,0.6908
3808.1000,24.6173,-0.2590,-38.0071,4.7906,0.6910
3808.2000,24.2979,-0.2585,-37.5318,4.7906,0.6913
3808.3000,23.9784,-0.2579,-37.0558,4.7906,0.6916
3808.4000,23.6589,-0.2573,-36.5792,4.7906,0.6918
3808.5000,23.3395,-0.2568,-36.1019,4.7906,0.6921
3808.6000,23.0200,-0.2562,-35.6239,4.7906,0.6924
3808.7000,22.7006,-0.2557,-35.1452,4.7906,0.6926
3808.8000,22.3811,-0.2551,-34.6659,4.7906,0.6929
3808.9000,22.0617,-0.2546,-34.1860,4.7906,0.6932
3809.0000,21.7422,-0.2541,-33.7054,4.7906,0.6934
3809.1000,21.4228,-0.2536,-33.2241,4.7906,0.6937
3809.2000,21.1033,-0.2531,-32.7423,4.7906,0.6940
3809.3000,20.7839,-0.2526,-32.2599,4.7906,0.6942
3809.4000,20.4644,-0.2521,-31.7768,4.7906,0.6945
3809.5000,20.1450,-0.2517,-31.2932,4.7906,0.6947
3809.6000,19.8255,-0.2512,-30.8090,4.7906,0.6950
3809.7000,19.5060,-0.2507,-30.3242,4.7906,0.6953
3809.8000,19.1866,-0.2503,-29.8388,4.7906,0.6955
3809.9000,18.8671,-0.2499,-29.3529,4.7906,0.6958
3810.0000,18.5477,-0.2494,-28.8665,4.7906,0.6960
3810.1000,18.2282,-0.2490,-28.3795,4.7906,0.6963
3810.2000,17.9088,-0.2486,-27.8919,4.7906,0.6965
3810.3000,17.5893,-0.2482,-27.4039,4.7906,0.6968
3810.4000,17.2699,-0.2478,-26.9153,4.7906,0.6970
3810.5000,16.9504,-0.2474,-26.4263,4.7906,0.6973
3810.6000,16.6310,-0.2470,-25.9367,4.7906,0.6975
3810.7000,16.3115,-0.2466,-25.4467,4.7906,0.6978
3810.8000,15.9921,-0.2463,-24.9562,4.7906,0.6980
3810.9000,15.6726,-0.2459,-24.4652,4.7906,0.6982
3811.0000,15.3531,-0.2456,-23.9738,4.7906,0.6985
3811.1000,15.0337,-0.2452,-23.4820,4.7906,0.6987
3811.2000,14.7142,-0.2449,-22.9896,4.7906,0.6990
3811.3000,14.3948,-0.2446,-22.4969,4.7906,0.6992
3811.4000,14.0753,-0.2442,-22.0038,4.7906,0.6994
3811.5000,13.7559,-0.2439,-21.5102,4.7906,0.6997
3811.6000,13.4364,-0.2436,-21.0162,4.7906,0.6999
3811.7000,13.1170,-0.2433,-20.5219,4.7906,0.7001
3811.8000,12.7975,-0.2430,-20.0271,4.7906,0.7004
3811.9000,12.4781,-0.2428,-19.5320,4.7906,0.7006
3812.0000,12.1586,-0.2425,-19.0366,4.7906,0.7008
3812.1000,11.8392,-0.2422,-18.5407,4.7906,0.7011
3812.2000,11.5197,-0.2420,-18.0446,4.7906,0.7013
3812.3000,11.2002,-0.2417,-17.5480,4.7906,0.7015
3812.4000,10.8808,-0.2415,-17.0512,4.7906,0.7017
3812.5000,10.5613,-0.2412,-16.5540,4.7906,0.7020
3812.6000,10.2419,-0.2410,-16.0566,4.7906,0.7022
3812.7000,9.9224,-0.2408,-15.5588,4.7906,0.7024
3812.8000,9.6030,-0.2406,-15.0608,4.7906,0.7026
3812.9000,9.2835,-0.2404,-14.5624,4.7906,0.7028
3813.0000,8.9641,-0.2402,-14.0638,4.7906,0.7031
3813.1000,8.6446,-0.2400,-13.5650,4.7906,0.7033
3813.2000,8.3252,-0.2398,-13.0658,4.7906,0.7035
3813.3000,8.0057,-0.2396,-12.5665,4.7906,0.7037
3813.4000,7.6863,-0.2394,-12.0669,4.7906,0.7039
3813.5000,7.3668,-0.2393,-11.5670,4.7906,0.7041
3813.6000,7.0473,-0.2391,-11.0670,4.7906,0.7043
3813.7000,6.7279,-0.2390,-10.5668,4.7906,0.7046
3813.8000,6.4084,-0.2388,-10.0663,4.7906,0.7048
3813.9000,6.0890,-0.2387,-9.5657,4.7906,0.7050
3814.0000,5.7695,-0.2386,-9.0162,4.7906,0.7052
3814.1000,5.4533,-0.2384,-8.3790,4.7906,0.7054
3814.2000,5.1438,-0.2383,-7.6735,4.7906,0.7056
3814.3000,4.8444,-0.2382,-6.9263,4.7906,0.7058
3814.4000,4.5584,-0.2381,-6.1599,4.7906,0.7059
3814.5000,4.2888,-0.2380,-5.4294,4.7906,0.7061
3814.6000,4.0351,-0.2379,-4.7777,4.7906,0.7063
3814.7000,3.7964,-0.2378,-4.2026,4.7906,0.7065
3814.8000,3.5718,-0.2378,-3.6950,4.7906,0.7067
3814.9000,3.3605,-0.2377,-3.3565,4.7906,0.7069
3815.0000,3.1494,-0.2376,-3.1342,4.7906,0.7071
3815.1000,2.9395,-0.2375,-2.9006,4.7906,0.7073
3815.2000,2.7316,-0.2375,-2.6613,4.7906,0.7075
3815.3000,2.5264,-0.2374,-2.4210,4.7906,0.7077
3815.4000,2.3246,-0.2374,-2.1079,4.7906,0.7079
3815.5000,2.1389,-0.2373,-1.7643,4.7906,0.7081
3815.6000,1.9680,-0.2373,-1.4749,4.7906,0.7082
3815.7000,1.8108,-0.2372,-1.2314,4.7906,0.7084
3815.8000,1.6661,-0.2372,-1.0267,4.7906,0.7086
3815.9000,1.5330,-0.2372,-0.8546,4.7906,0.7088
3816.0000,1.4106,-0.2371,-0.7101,4.7906,0.7090
3816.1000,1.2979,-0.2371,-0.5888,4.7906,0.7092
3816.2000,1.1942,-0.2371,-0.4871,4.7906,0.7094
3816.3000,1.0988,-0.2371,-0.4019,4.7906,0.7096
3816.4000,1.0110,-0.2370,-0.3306,4.7906,0.7098
3816.5000,0.9302,-0.2370,-0.2711,4.7906,0.7100
3816.6000,0.8559,-0.2370,-0.2213,4.7906,0.7102
3816.7000,0.7875,-0.2370,-0.1799,4.7906,0.7103
3816.8000,0.7246,-0.2370,-0.1454,4.7906,0.7105
3816.9000,0.6667,-0.2369,-0.1167,4.7906,0.7107
3817.0000,0.6135,-0.2369,-0.0930,4.7906,0.7109
3817.1000,0.5645,-0.2369,-0.0733,4.7906,0.7111
3817.2000,0.5194,-0.2369,-0.0571,4.7906,0.7113
3817.3000,0.4779,-0.2369,-0.0438,4.7906,0.7115
3817.4000,0.4397,-0.2369,-0.0329,4.7906,0.7117
3817.5000,0.4046,-0.2369,-0.0240,4.7906,0.7119
3817.6000,0.3723,-0.2369,-0.0168,4.7906,0.7121
3817.7000,0.3425,-0.2369,-0.0109,4.7906,0.7123
3817.8000,0.3152,-0.2368,-0.0063,4.7906,0.7125
3817.9000,0.2900,-0.2368,-0.0025,4.7906,0.7126
3818.0000,0.2668,-0.2368,0.0004,4.7906,0.7128
3818.1000,0.2455,-0.2368,0.0027,4.7906,0.7130
3818.2000,0.2259,-0.2368,0.0044,4.7906,0.7132
3818.3000,0.2078,-0.2368,-0.0995,4.7906,0.7134
3818.4000,0.0000,-0.2368,-0.0000,4.7906,0.7136
3818.5000,0.0000,-0.2368,-0.0000,4.7906,0.7138
3818.6000,0.0000,-0.2368,-0.0000,4.7906,0.7140
3818.7000,0.0000,-0.2368,-0.0000,4.7906,0.7142
3818.8000,0.0000,-0.2368,-0.0000,4.7906,0.7144
3818.9000,0.0000,-0.2368,-0.0000,4.7906,0.7146
3819.0000,0.0000,-0.2368,-0.0000,4.7906,0.7147
3819.1000,0.0000,-0.2368,-0.0000,4.7906,0.7149
3819.2000,0.0000,-0.2368,-0.0000,4.7906,0.7151
3819.3000,0.0000,-0.2368,-0.0000,4.7906,0.7153
3819.4000,0.0000,-0.2368,-0.0000,4.7906,0.7155
3819.5000,0.0000,-0.2368,-0.0000,4.7906,0.7157
3819.6000,0.0000,-0.2368,-0.0000,4.7906,0.7159
3819.7000,0.0000,-0.2368,-0.0000,4.7906,0.7161
3819.8000,0.0000,-0.2368,-0.0000,4.7906,0.7163
3819.9000,0.0000,-0.2368,-0.0000,4.7906,0.7165
3820.0000,0.0000,-0.2368,-0.0000,4.7906,0.7167
3820.1000,0.0000,-0.2368,-0.0000,4.7906,0.7168
3820.2000,0.0000,-0.2368,-0.0000,4.7906,0.7170
3820.3000,0.0000,-0.2368,-0.0000,4.7906,0.7172
3820.4000,0.0000,-0.2368,-0.0000,4.7906,0.7174
3820.5000,0.0000,-0.2368,-0.0000,4.7906,0.7176
3820.6000,0.0000,-0.2368,-0.0000,4.7906,0.7178
3820.7000,0.0000,-0.2368,-0.0000,4.7906,0.7180
3820.8000,0.0000,-0.2368,-0.0000,4.7906,0.7182
3820.9000,0.0000,-0.2368,-0.0000,4.7906,0.7184
3821.0000,0.0000,-0.2368,-0.0000,4.7906,0.7186
3821.1000,0.0000,-0.2368,-0.0000,4.7906,0.7188
3821.2000,0.0000,-0.2368,-0.0000,4.7906,0.7189
3821.3000,0.0000,-0.2368,-0.0000,4.7906,0.7191
3821.4000,0.0000,-0.2368,-0.0000,4.7906,0.7193
3821.5000,0.0000,-0.2368,-0.0000,4.7906,0.7195
3821.6000,0.0000,-0.2368,-0.0000,4.7906,0.7197
3821.7000,0.0000,-0.2368,-0.0000,4.7906,0.7199
3821.8000,0.0000,-0.2368,-0.0000,4.7906,0.7201
3821.9000,0.0000,-0.2368,-0.0000,4.7906,0.7203
3822.0000,0.0000,-0.2368,-0.0000,4.7906,0.7205
3822.1000,0.0000,-0.2368,-0.0000,4.7906,0.7207
3822.2000,0.0000,-0.2368,-0.0000,4.7906,0.7209
3822.3000,0.0000,-0.2368,-0.0000,4.7906,0.7210
3822.4000,0.0000,-0.2368,-0.0000,4.7906,0.7212
3822.5000,0.0000,-0.2368,-0.0000,4.7906,0.7214
3822.6000,0.0000,-0.2368,-0.0000,4.7906,0.7216
3822.7000,0.0000,-0.2368,-0.0000,4.7906,0.7218
3822.8000,0.0000,-0.2368,-0.0000,4.7906,0.7220
3822.9000,0.0000,-0.2368,-0.0000,4.7906,0.7222
3823.0000,0.0000,-0.2368,-0.0000,4.7906,0.7224
3823.1000,0.0000,-0.2368,-0.0000,4.7906,0.7226
3823.2000,0.0000,-0.2368,-0.0000,4.7906,0.7228
3823.3000,0.0000,-0.2368,-0.0000,4.7906,0.7230
3823.4000,0.0000,-0.2368,-0.0000,4.7906,0.7232
3823.5000,0.0000,-0.2368,-0.0000,4.7906,0.7233
3823.6000,0.0000,-0.2368,-0.0000,4.7906,0.7235
3823.7000,0.0000,-0.2368,-0.0000,4.7906,0.7237
3823.8000,0.0000,-0.2368,-0.0000,4.7906,0.7239
3823.9000,0.0000,-0.2368,-0.0000,4.7906,0.7241
3824.0000,0.0000,-0.2368,-0.0000,4.7906,0.7243
3824.1000,0.0000,-0.2368,-0.0000,4.7906,0.7245
3824.2000,0.0000,-0.2368,-0.0000,4.7906,0.7247
3824.3000,0.0000,-0.2368,-0.0000,4.7906,0.7249
3824.4000,0.0000,-0.2368,-0.0000,4.7906,0.7251
3824.5000,0.0000,-0.2368,-0.0000,4.7906,0.7253
3824.6000,0.0000,-0.2368,-0.0000,4.7906,0.7254
3824.7000,0.0000,-0.2368,-0.0000,4.7906,0.7256
3824.8000,0.0000,-0.2368,-0.0000,4.7906,0.7258
3824.9000,0.0000,-0.2368,-0.0000,4.7906,0.7260
3825.0000,0.0000,-0.2368,-0.0000,4.7906,0.7262
3825.1000,0.0000,-0.2368,-0.0000,4.7906,0.7264
3825.2000,0.0000,-0.2368,-0.0000,4.7906,0.7266
3825.3000,0.0000,-0.2368,-0.0000,4.7906,0.7268
3825.4000,0.0000,-0.2368,-0.0000,4.7906,0.7270
3825.5000,0.0000,-0.2368,-0.0000,4.7906,0.7272
3825.6000,0.0000,-0.2368,-0.0000,4.7906,0.7274
3825.7000,0.0000,-0.2368,-0.0000,4.7906,0.7275
3825.8000,0.0000,-0.2368,-0.0000,4.7906,0.7277
3825.9000,0.0000,-0.2368,-0.0000,4.7906,0.7279
3826.0000,0.0000,-0.2368,-0.0000,4.7906,0.7281
3826.1000,0.0000,-0.2368,-0.0000,4.7906,0.7283
3826.2000,0.0000,-0.2368,-0.0000,4.7906,0.7285
3826.3000,0.0000,-0.2368,-0.0000,4.7906,0.7287
3826.4000,0.0000,-0.2368,-0.0000,4.7906,0.7289
3826.5000,0.0000,-0.2368,-0.0000,4.7906,0.7291
3826.6000,0.0000,-0.2368,-0.0000,4.7906,0.7293
3826.7000,0.0000,-0.2368,-0.0000,4.7906,0.7295
3826.8000,0.0000,-0.2368,-0.0000,4.7906,0.7296
3826.9000,0.0000,-0.2368,-0.0000,4.7906,0.7298
3827.0000,0.0000,-0.2368,-0.0000,4.7906,0.7300
3827.1000,0.0000,-0.2368,-0.0000,4.7906,0.7302
3827.2000,0.0000,-0.2368,-0.0000,4.7906,0.7304
3827.3000,0.0000,-0.2368,-0.0000,4.7906,0.7306
3827.4000,0.0000,-0.2368,-0.0000,4.7906,0.7308
3827.5000,0.0000,-0.2368,-0.0000,4.7906,0.7310
3827.6000,0.0000,-0.2368,-0.0000,4.7906,0.7312
3827.7000,0.0000,-0.2368,-0.0000,4.7906,0.7314
3827.8000,0.0000,-0.2368,-0.0000,4.7906,0.7316
3827.9000,0.0000,-0.2368,-0.0000,4.7906,0.7318
3828.0000,0.0000,-0.2368,-0.0000,4.7906,0.7319
3828.1000,0.0000,-0.2368,-0.0000,4.7906,0.7321
3828.2000,0.0000,-0.2368,-0.0000,4.7906,0.7323
3828.3000,0.0000,-0.2368,-0.0000,4.7906,0.7325
3828.4000,0.0000,-0.2368,-0.0000,4.7906,0.7327
3828.5000,0.0000,-0.2368,-0.0000,4.7906,0.7329
3828.6000,0.0000,-0.2368,-0.0000,4.7906,0.7331
3828.7000,0.0000,-0.2368,-0.0000,4.7906,0.7333
3828.8000,0.0000,-0.2368,-0.0000,4.7906,0.7335
3828.9000,0.0000,-0.2368,-0.0000,4.7906,0.7337
3829.0000,0.0000,-0.2368,-0.0000,4.7906,0.7339
3829.1000,0.0000,-0.2368,-0.0000,4.7906,0.7340
3829.2000,0.0000,-0.2368,-0.0000,4.7906,0.7342
3829.3000,0.0000,-0.2368,-0.0000,4.7906,0.7344
3829.4000,0.0000,-0.2368,-0.0000,4.7906,0.7346
3829.5000,0.0000,-0.2368,-0.0000,4.7906,0.7348
3829.6000,0.0000,-0.2368,-0.0000,4.7906,0.7350
3829.7000,0.0000,-0.2368,-0.0000,4.7906,0.7352
3829.8000,0.0000,-0.2368,-0.0000,4.7906,0.7354
3829.9000,0.0000,-0.2368,-0.0000,4.7906,0.7356
3830.0000,0.0000,-0.2368,-0.0000,4.7906,0.7358
3830.1000,0.0000,-0.2368,-0.0000,4.7906,0.7360
3830.2000,0.0000,-0.2368,-0.0000,4.7906,0.7361
3830.3000,0.0000,-0.2368,-0.0000,4.7906,0.7363
3830.4000,0.0000,-0.2368,-0.0000,4.7906,0.7365
3830.5000,0.0000,-0.2368,-0.0000,4.7906,0.7367
3830.6000,0.0000,-0.2368,-0.0000,4.7906,0.7369
3830.7000,0.0000,-0.2368,-0.0000,4.7906,0.7371
3830.8000,0.0000,-0.2368,-0.0000,4.7906,0.7373
3830.9000,0.0000,-0.2368,-0.0000,4.7906,0.7375
3831.0000,0.0000,-0.2368,-0.0000,4.7906,0.7377
3831.1000,0.0000,-0.2368,-0.0000,4.7906,0.7379
3831.2000,0.0000,-0.2368,-0.0000,4.7906,0.7381
3831.3000,0.0000,-0.2368,-0.0000,4.7906,0.7382
3831.4000,0.0000,-0.2368,-0.0000,4.7906,0.7384
3831.5000,0.0000,-0.2368,-0.0000,4.7906,0.7386
3831.6000,0.0000,-0.2368,-0.0000,4.7906,0.7388
3831.7000,0.0000,-0.2368,-0.0000,4.7906,0.7390
3831.8000,0.0000,-0.2368,-0.0000,4.7906,0.7392
3831.9000,0.0000,-0.2368,-0.0000,4.7906,0.7394
3832.0000,0.0000,-0.2368,-0.0000,4.7906,0.7396
3832.1000,0.0000,-0.2368,-0.0000,4.7906,0.7398
3832.2000,0.0000,-0.2368,-0.0000,4.7906,0.7400
3832.3000,0.0000,-0.2368,-0.0000,4.7906,0.7402
3832.4000,0.0000,-0.2368,-0.0000,4.7906,0.7404
3832.5000,0.0000,-0.2368,-0.0000,4.7906,0.7405
3832.6000,0.0000,-0.2368,-0.0000,4.7906,0.7407
3832.7000,0.0000,-0.2368,-0.0000,4.7906,0.7409
3832.8000,0.0000,-0.2368,-0.0000,4.7906,0.7411
3832.9000,0.0000,-0.2368,-0.0000,4.7906,0.7413
3833.0000,0.0000,-0.2368,-0.0000,4.7906,0.7415
3833.1000,0.0000,-0.2368,-0.0000,4.7906,0.7417
3833.2000,0.0000,-0.2368,-0.0000,4.7906,0.7419
3833.3000,0.0000,-0.2368,-0.0000,4.7906,0.7421
3833.4000,0.0000,-0.2368,-0.0000,4.7906,0.7423
3833.5000,0.0000,-0.2368,-0.0000,4.7906,0.7425
3833.6000,0.0000,-0.2368,-0.0000,4.7906,0.7426
3833.7000,0.0000,-0.2368,-0.0000,4.7906,0.7428
3833.8000,0.0000,-0.2368,-0.0000,4.7906,0.7430
3833.9000,0.0000,-0.2368,-0.0000,4.7906,0.7432
3834.0000,0.0000,-0.2368,-0.0000,4.7906,0.7434
3834.1000,0.0000,-0.2368,-0.0000,4.7906,0.7436
3834.2000,0.0000,-0.2368,-0.0000,4.7906,0.7438
3834.3000,0.0000,-0.2368,-0.0000,4.7906,0.7440
3834.4000,0.0000,-0.2368,-0.0000,4.7906,0.7442
3834.5000,0.0000,-0.2368,-0.0000,4.7906,0.7444
3834.6000,0.0000,-0.2368,-0.0000,4.7906,0.7446
3834.7000,0.0000,-0.2368,-0.0000,4.7906,0.7447
3834.8000,0.0000,-0.2368,-0.0000,4.7906,0.7449
3834.9000,0.0000,-0.2368,-0.0000,4.7906,0.7451
3835.0000,0.0000,-0.2368,-0.0000,4.7906,0.7453
3835.1000,0.0000,-0.2368,-0.0000,4.7906,0.7455
3835.2000,0.0000,-0.2368,-0.0000,4.7906,0.7457
3835.3000,0.0000,-0.2368,-0.0000,4.7906,0.7459
3835.4000,0.0000,-0.2368,-0.0000,4.7906,0.7461
3835.5000,0.0000,-0.2368,-0.0000,4.7906,0.7463
3835.6000,0.0000,-0.2368,-0.0000,4.7906,0.7465
3835.7000,0.0000,-0.2368,-0.0000,4.7906,0.7467
3835.8000,0.0000,-0.2368,-0.0000,4.7906,0.7468
3835.9000,0.0000,-0.2368,-0.0000,4.7906,0.7470
3836.0000,0.0000,-0.2368,-0.0000,4.7906,0.7472
3836.1000,0.0000,-0.2368,-0.0000,4.7906,0.7474
3836.2000,0.0000,-0.2368,-0.0000,4.7906,0.7476
3836.3000,0.0000,-0.2368,-0.0000,4.7906,0.7478
3836.4000,0.0000,-0.2368,-0.0000,4.7906,0.7480
3836.5000,0.0000,-0.2368,-0.0000,4.7906,0.7482
3836.6000,0.0000,-0.2368,-0.0000,4.7906,0.7484
3836.7000,0.0000,-0.2368,-0.0000,4.7906,0.7486
3836.8000,0.0000,-0.2368,-0.0000,4.7906,0.7488
3836.9000,0.0000,-0.2368,-0.0000,4.7906,0.7490
3837.0000,0.0000,-0.2368,-0.0000,4.7906,0.7491
3837.1000,0.0000,-0.2368,-0.0000,4.7906,0.7493
3837.2000,0.0000,-0.2368,-0.0000,4.7906,0.7495
3837.3000,0.0000,-0.2368,-0.0000,4.7906,0.7497
3837.4000,0.0000,-0.2368,-0.0000,4.7906,0.7499
3837.5000,0.0000,-0.2368,-0.0000,4.7906,0.7501
3837.6000,0.0000,-0.2368,-0.0000,0.0000,0.7501
3837.7000,0.0000,-0.2368,-0.0000,0.0000,0.7501
3837.8000,0.0000,-0.2368,-0.0000,0.0000,0.7501
3837.9000,0.0000,-0.2368,-0.0000,0.0000,0.7501
3838.0000,0.0000,-0.2368,-0.0000,0.0000,0.7501
3838.1000,0.0000,-0.2368,-0.0000,0.0000,0.7501
3838.2000,0.0000,-0.2368,-0.0000,0.0000,0.7501
3838.3000,0.0000,-0.2368,-0.0000,0.0000,0.7501
3838.4000,0.0000,-0.2368,-0.0000,0.0000,0.7501
3838.5000,0.0000,-0.2368,-0.0000,0.0000,0.7500
3838.6000,0.0000,-0.2368,-0.0000,0.0000,0.7500
3838.7000,0.0000,-0.2368,-0.0000,0.0000,0.7500
3838.8000,0.0000,-0.2368,-0.0000,0.0000,0.7500
3838.9000,0.0000,-0.2368,-0.0000,0.0000,0.7500
3839.0000,0.0000,-0.2368,-0.0000,0.0000,0.7500
3839.1000,0.0000,-0.2368,-0.0000,0.0000,0.7500
3839.2000,0.0000,-0.2368,-0.0000,0.0000,0.7500
3839.3000,0.0000,-0.2368,-0.0000,0.0000,0.7500
3839.4000,0.0000,-0.2368,-0.0000,0.0000,0.7500
3839.5000,0.0000,-0.2368,-0.0000,0.0000,0.7500
3839.6000,0.0000,-0.2368,-0.0000,0.0000,0.7500
3839.7000,0.0000,-0.2368,-0.0000,0.0000,0.7500
3839.8000,0.0000,-0.2368,-0.0000,0.0000,0.7500
3839.9000,0.0000,-0.2368,-0.0000,0.0000,0.7500
3840.0000,0.0000,-0.2368,-0.0000,0.0000,0.7500
3840.1000,0.0000,-0.2368,-0.0000,0.0000,0.7500
3840.2000,0.0000,-0.2368,-0.0000,0.0000,0.7500
3840.3000,0.0000,-0.2368,-0.0000,0.0000,0.7500
3840.4000,0.0000,-0.2368,-0.0000,0.0000,0.7499
3840.5000,0.0000,-0.2368,-0.0000,0.0000,0.7499
3840.6000,0.0000,-0.2368,-0.0000,0.0000,0.7499
3840.7000,0.0000,-0.2368,-0.0000,0.0000,0.7499
3840.8000,0.0000,-0.2368,-0.0000,0.0000,0.7499
3840.9000,0.0000,-0.2368,-0.0000,0.0000,0.7499
3841.0000,0.0000,-0.2368,-0.0000,0.0000,0.7499
3841.1000,0.0000,-0.2368,-0.0000,0.0000,0.7499
3841.2000,0.0000,-0.2368,-0.0000,0.0000,0.7499
3841.3000,0.0000,-0.2368,-0.0000,0.0000,0.7499
3841.4000,0.0000,-0.2368,-0.0000,0.0000,0.7499
3841.5000,0.0000,-0.2368,-0.0000,0.0000,0.7499
3841.6000,0.0000,-0.2368,-0.0000,0.0000,0.7499
3841.7000,0.0000,-0.2368,-0.0000,0.0000,0.7499
3841.8000,0.0000,-0.2368,-0.0000,0.0000,0.7499
3841.9000,0.0000,-0.2368,-0.0000,0.0000,0.7499
3842.0000,0.0000,-0.2368,-0.0000,0.0000,0.7499
3842.1000,0.0000,-0.2368,-0.0000,0.0000,0.7499
3842.2000,0.0000,-0.2368,-0.0000,0.0000,0.7499
3842.3000,0.0000,-0.2368,-0.0000,0.0000,0.7499
3842.4000,0.0000,-0.2368,-0.0000,0.0000,0.7498
3842.5000,0.0000,-0.2368,-0.0000,0.0000,0.7498
3842.6000,0.0000,-0.2368,-0.0000,0.0000,0.7498
3842.7000,0.0000,-0.2368,-0.0000,0.0000,0.7498
3842.8000,0.0000,-0.2368,-0.0000,0.0000,0.7498
3842.9000,0.0000,-0.2368,-0.0000,0.0000,0.7498
3843.0000,0.0000,-0.2368,-0.0000,0.0000,0.7498
3843.1000,0.0000,-0.2368,-0.0000,0.0000,0.7498
3843.2000,0.0000,-0.2368,-0.0000,0.0000,0.7498
3843.3000,0.0000,-0.2368,-0.0000,0.0000,0.7498
3843.4000,0.0000,-0.2368,-0.0000,0.0000,0.7498
3843.5000,0.0000,-0.2368,-0.0000,0.0000,0.7498
3843.6000,0.0000,-0.2368,-0.0000,0.0000,0.7498
3843.7000,0.0000,-0.2368,-0.0000,0.0000,0.7498
3843.8000,0.0000,-0.2368,-0.0000,0.0000,0.7498
3843.9000,0.0000,-0.2368,-0.0000,0.0000,0.7498
3844.0000,0.0000,-0.2368,-0.0000,0.0000,0.7498
3844.1000,0.0000,-0.2368,-0.0000,0.0000,0.7498
3844.2000,0.0000,-0.2368,-0.0000,0.0000,0.7498
3844.3000,0.0000,-0.2368,-0.0000,0.0000,0.7497
3844.4000,0.0000,-0.2368,-0.0000,0.0000,0.7497
3844.5000,0.0000,-0.2368,-0.0000,0.0000,0.7497
3844.6000,0.0000,-0.2368,-0.0000,0.0000,0.7497
3844.7000,0.0000,-0.2368,-0.0000,0.0000,0.7497
3844.8000,0.0000,-0.2368,-0.0000,0.0000,0.7497
3844.9000,0.0000,-0.2368,-0.0000,0.0000,0.7497
3845.0000,0.0000,-0.2368,-0.0000,0.0000,0.7497
3845.1000,0.0000,-0.2368,-0.0000,0.0000,0.7497
3845.2000,0.0000,-0.2368,-0.0000,0.0000,0.7497
3845.3000,0.0000,-0.2368,-0.0000,0.0000,0.7497
3845.4000,0.0000,-0.2368,-0.0000,0.0000,0.7497
3845.5000,0.0000,-0.2368,-0.0000,0.0000,0.7497
3845.6000,0.0000,-0.2368,-0.0000,0.0000,0.7497
3845.7000,0.0000,-0.2368,-0.0000,0.0000,0.7497
3845.8000,0.0000,-0.2368,-0.0000,0.0000,0.7497
3845.9000,0.0000,-0.2368,-0.0000,0.0000,0.7497
3846.0000,0.0000,-0.2368,-0.0000,0.0000,0.7497
3846.1000,0.0000,-0.2368,-0.0000,0.0000,0.7497
3846.2000,0.0000,-0.2368,-0.0000,0.0000,0.7496
3846.3000,0.0000,-0.2368,-0.0000,0.0000,0.7496
3846.4000,0.0000,-0.2368,-0.0000,0.0000,0.7496
3846.5000,0.0000,-0.2368,-0.0000,0.0000,0.7496
3846.6000,0.0000,-0.2368,-0.0000,0.0000,0.7496
3846.7000,0.0000,-0.2368,-0.0000,0.0000,0.7496
3846.8000,0.0000,-0.2368,-0.0000,0.0000,0.7496
3846.9000,0.0000,-0.2368,-0.0000,0.0000,0.7496
3847.0000,0.0000,-0.2368,-0.0000,0.0000,0.7496
3847.1000,0.0000,-0.2368,-0.0000,0.0000,0.7496
3847.2000,0.0000,-0.2368,-0.0000,0.0000,0.7496
3847.3000,0.0000,-0.2368,-0.0000,0.0000,0.7496
3847.4000,0.0000,-0.2368,-0.0000,0.0000,0.7496
3847.5000,0.0000,-0.2368,-0.0000,0.0000,0.7496
3847.6000,0.0000,-0.2368,-0.0000,0.0000,0.7496
3847.7000,0.0000,-0.2368,-0.0000,0.0000,0.7496
3847.8000,0.0000,-0.2368,-0.0000,0.0000,0.7496
3847.9000,0.0000,-0.2368,-0.0000,0.0000,0.7496
3848.0000,0.0000,-0.2368,-0.0000,0.0000,0.7496
3848.1000,0.0000,-0.2368,-0.0000,0.0000,0.7496
3848.2000,0.0000,-0.2368,-0.0000,0.0000,0.7495
3848.3000,0.0000,-0.2368,-0.0000,0.0000,0.7495
3848.4000,0.0000,-0.2368,-0.0000,0.0000,0.7495
3848.5000,0.0000,-0.2368,-0.0000,0.0000,0.7495
3848.6000,0.0000,-0.2368,-0.0000,0.0000,0.7495
3848.7000,0.0000,-0.2368,-0.0000,0.0000,0.7495
3848.8000,0.0000,-0.2368,-0.0000,0.0000,0.7495
3848.9000,0.0000,-0.2368,-0.0000,0.0000,0.7495
3849.0000,0.0000,-0.2368,-0.0000,0.0000,0.7495
3849.1000,0.0000,-0.2368,-0.0000,0.0000,0.7495
3849.2000,0.0000,-0.2368,-0.0000,0.0000,0.7495
3849.3000,0.0000,-0.2368,-0.0000,0.0000,0.7495
3849.4000,0.0000,-0.2368,-0.0000,0.0000,0.7495
3849.5000,0.0000,-0.2368,-0.0000,0.0000,0.7495
3849.6000,0.0000,-0.2368,-0.0000,0.0000,0.7495
3849.7000,0.0000,-0.2368,-0.0000,0.0000,0.7495
3849.8000,0.0000,-0.2368,-0.0000,0.0000,0.7495
3849.9000,0.0000,-0.2368,-0.0000,0.0000,0.7495
3850.0000,0.0000,-0.2368,-0.0000,0.0000,0.7495
3850.1000,0.0000,-0.2368,-0.0000,0.0000,0.7494
3850.2000,0.0000,-0.2368,-0.0000,0.0000,0.7494
3850.3000,0.0000,-0.2368,-0.0000,0.0000,0.7494
3850.4000,0.0000,-0.2368,-0.0000,0.0000,0.7494
3850.5000,0.0000,-0.2368,-0.0000,0.0000,0.7494
3850.6000,0.0000,-0.2368,-0.0000,0.0000,0.7494
3850.7000,0.0000,-0.2368,-0.0000,0.0000,0.7494
3850.8000,0.0000,-0.2368,-0.0000,0.0000,0.7494
3850.9000,0.0000,-0.2368,-0.0000,0.0000,0.7494
3851.0000,0.0000,-0.2368,-0.0000,0.0000,0.7494
3851.1000,0.0000,-0.2368,-0.0000,0.0000,0.7494
3851.2000,0.0000,-0.2368,-0.0000,0.0000,0.7494
3851.3000,0.0000,-0.2368,-0.0000,0.0000,0.7494
3851.4000,0.0000,-0.2368,-0.0000,0.0000,0.7494
3851.5000,0.0000,-0.2368,-0.0000,0.0000,0.7494
3851.6000,0.0000,-0.2368,-0.0000,0.0000,0.7494
3851.7000,0.0000,-0.2368,-0.0000,0.0000,0.7494
3851.8000,0.0000,-0.2368,-0.0000,0.0000,0.7494
3851.9000,0.0000,-0.2368,-0.0000,0.0000,0.7494
3852.0000,0.0000,-0.2368,-0.0000,0.0000,0.7493
3852.1000,0.0000,-0.2368,-0.0000,0.0000,0.7493
3852.2000,0.0000,-0.2368,-0.0000,0.0000,0.7493
3852.3000,0.0000,-0.2368,-0.0000,0.0000,0.7493
3852.4000,0.0000,-0.2368,-0.0000,0.0000,0.7493
3852.5000,0.0000,-0.2368,-0.0000,0.0000,0.7493
3852.6000,0.0000,-0.2368,-0.0000,0.0000,0.7493
3852.7000,0.0000,-0.2368,-0.0000,0.0000,0.7493
3852.8000,0.0000,-0.2368,-0.0000,0.0000,0.7493
3852.9000,0.0000,-0.2368,-0.0000,0.0000,0.7493
3853.0000,0.0000,-0.2368,-0.0000,0.0000,0.7493
3853.1000,0.0000,-0.2368,-0.0000,0.0000,0.7493
3853.2000,0.0000,-0.2368,-0.0000,0.0000,0.7493
3853.3000,0.0000,-0.2368,-0.0000,0.0000,0.7493
3853.4000,0.0000,-0.2368,0.0000,0.0000,0.7493
3853.5000,0.1877,-0.2368,0.2090,0.0000,0.7493
3853.6000,0.3754,-0.2368,0.4801,0.0000,0.7493
3853.7000,0.6256,-0.2368,1.0075,0.0000,0.7492
3853.8000,0.9384,-0.2368,1.6667,0.0000,0.7492
3853.9000,1.2512,-0.2368,2.2223,0.0000,0.7492
3854.0000,1.5640,-0.2367,2.7780,0.0000,0.7492
3854.1000,1.8768,-0.2367,3.3337,0.0000,0.7492
3854.2000,2.1897,-0.2366,3.8894,0.0000,0.7491
3854.3000,2.5025,-0.2366,4.4453,0.0000,0.7491
3854.4000,2.8153,-0.2365,5.0012,0.0000,0.7491
3854.5000,3.1281,-0.2365,5.5572,0.0000,0.7491
3854.6000,3.4409,-0.2364,6.1133,0.0000,0.7490
3854.7000,3.7537,-0.2363,6.6695,0.0000,0.7490
3854.8000,4.0665,-0.2362,7.2258,0.0000,0.7490
3854.9000,4.3793,-0.2362,7.7823,0.0000,0.7489
3855.0000,4.6921,-0.2361,8.3388,0.0000,0.7489
3855.1000,5.0048,-0.2360,8.8955,0.0000,0.7489
3855.2000,5.3176,-0.2358,9.4524,0.0000,0.7488
3855.3000,5.6304,-0.2357,10.0093,0.0000,0.7488
3855.4000,5.9432,-0.2356,10.5665,0.0000,0.7488
3855.5000,6.2559,-0.2355,11.1238,0.0000,0.7487
3855.6000,6.5687,-0.2353,11.6812,0.0000,0.7487
3855.7000,6.8815,-0.2352,12.2388,0.0000,0.7486
3855.8000,7.1942,-0.2350,12.7966,0.0000,0.7486
3855.9000,7.5069,-0.2349,13.3546,0.0000,0.7485
3856.0000,7.8196,-0.2347,13.9127,0.0000,0.7485
3856.1000,8.1324,-0.2345,14.4710,0.0000,0.7484
3856.2000,8.4451,-0.2344,15.0295,0.0000,0.7484
3856.3000,8.7577,-0.2342,15.5882,0.0000,0.7483
3856.4000,9.0704,-0.2340,16.1471,0.0000,0.7483
3856.5000,9.3831,-0.2338,16.7062,0.0000,0.7482
3856.6000,9.6957,-0.2336,17.2654,0.0000,0.7481
3856.7000,10.0083,-0.2334,17.8249,0.0000,0.7481
3856.8000,10.3210,-0.2332,18.3845,0.0000,0.7480
3856.9000,10.6335,-0.2330,18.9444,0.0000,0.7480
3857.0000,10.9461,-0.2327,19.5045,0.0000,0.7479
3857.1000,11.2586,-0.2325,20.0647,0.0000,0.7478
3857.2000,11.5712,-0.2323,20.6252,0.0000,0.7478
3857.3000,11.8837,-0.2320,21.1858,0.0000,0.7477
3857.4000,12.1961,-0.2318,21.7467,0.0000,0.7476
3857.5000,12.5086,-0.2315,22.3077,0.0000,0.7475
3857.6000,12.8210,-0.2312,22.8690,0.0000,0.7475
3857.7000,13.1334,-0.2310,23.4304,0.0000,0.7474
3857.8000,13.4457,-0.2307,23.9921,0.0000,0.7473
3857.9000,13.7580,-0.2304,24.5539,0.0000,0.7472
3858.0000,14.0703,-0.2301,25.1159,0.0000,0.7472
3858.1000,14.3826,-0.2298,25.6781,0.0000,0.7471
3858.2000,14.6948,-0.2295,26.2405,0.0000,0.7470
3858.3000,15.0070,-0.2292,26.8030,0.0000,0.7469
3858.4000,15.3191,-0.2289,27.3658,0.0000,0.7468
3858.5000,15.6312,-0.2286,27.9287,0.0000,0.7467
3858.6000,15.9432,-0.2283,28.4917,0.0000,0.7466
3858.7000,16.2552,-0.2279,29.0549,0.0000,0.7466
3858.8000,16.5672,-0.2276,29.6183,0.0000,0.7465
3858.9000,16.8790,-0.2273,30.1819,0.0000,0.7464
3859.0000,17.1909,-0.2269,30.7455,0.0000,0.7463
3859.1000,17.5027,-0.2266,31.3093,0.0000,0.7462
3859.2000,17.8144,-0.2262,31.8733,0.0000,0.7461
3859.3000,18.1261,-0.2258,32.4374,0.0000,0.7460
3859.4000,18.4377,-0.2255,33.0015,0.0000,0.7459
3859.5000,18.7492,-0.2251,33.5658,0.0000,0.7458
3859.6000,19.0607,-0.2247,34.1302,0.0000,0.7457
3859.7000,19.3721,-0.2243,34.6947,0.0000,0.7456
3859.8000,19.6835,-0.2239,35.2593,0.0000,0.7454
3859.9000,19.9948,-0.2235,35.8240,0.0000,0.7453
3860.0000,20.3060,-0.2231,36.3887,0.0000,0.7452
3860.1000,20.6171,-0.2227,36.9535,0.0000,0.7451
3860.2000,20.9281,-0.2223,37.5183,0.0000,0.7450
3860.3000,21.2391,-0.2219,38.0832,0.0000,0.7449
3860.4000,21.5500,-0.2215,38.6481,0.0000,0.7448
3860.5000,21.8608,-0.2211,39.2130,0.0000,0.7446
3860.6000,22.1715,-0.2206,39.7779,0.0000,0.7445
3860.7000,22.4821,-0.2202,40.3429,0.0000,0.7444
3860.8000,22.7926,-0.2198,40.9078,0.0000,0.7443
3860.9000,23.1031,-0.2193,41.4727,0.0000,0.7442
3861.0000,23.4134,-0.2189,42.0375,0.0000,0.7440
3861.1000,23.7236,-0.2184,42.6023,0.0000,0.7439
3861.2000,24.0338,-0.2180,43.1670,0.0000,0.7438
3861.3000,24.3438,-0.2175,43.7317,0.0000,0.7436
3861.4000,24.6537,-0.2171,44.2962,0.0000,0.7435
3861.5000,24.9635,-0.2166,44.8607,0.0000,0.7434
3861.6000,25.2732,-0.2161,45.4250,0.0000,0.7432
3861.7000,25.5827,-0.2156,45.9893,0.0000,0.7431
3861.8000,25.8922,-0.2152,46.5533,0.0000,0.7430
3861.9000,26.2015,-0.2147,47.1172,0.0000,0.7428
3862.0000,26.5107,-0.2142,47.6810,0.0000,0.7427
3862.1000,26.8198,-0.2137,48.2445,0.0000,0.7425
3862.2000,27.1287,-0.2132,48.8078,0.0000,0.7424
3862.3000,27.4375,-0.2127,49.3709,0.0000,0.7422
3862.4000,27.7462,-0.2122,49.9338,0.0000,0.7421
3862.5000,28.0547,-0.2117,50.4964,0.0000,0.7419
3862.6000,28.3631,-0.2112,51.0588,0.0000,0.7418
3862.7000,28.6713,-0.2107,51.6208,0.0000,0.7416
3862.8000,28.9794,-0.2102,52.1825,0.0000,0.7415
3862.9000,29.2873,-0.2096,52.7440,0.0000,0.7413
3863.0000,29.5950,-0.2091,53.3050,0.0000,0.7412
3863.1000,29.9026,-0.2086,53.8658,0.0000,0.7410
3863.2000,30.2101,-0.2081,54.4261,0.0000,0.7408
3863.3000,30.5174,-0.2075,54.9860,0.0000,0.7407
3863.4000,30.8245,-0.2070,55.5456,0.0000,0.7405
3863.5000,31.1314,-0.2065,56.1046,0.0000,0.7403
3863.6000,31.4381,-0.2059,56.6633,0.0000,0.7402
3863.7000,31.7447,-0.2054,57.2214,0.0000,0.7400
3863.8000,32.0511,-0.2049,57.7791,0.0000,0.7398
3863.9000,32.3573,-0.2043,58.3362,0.0000,0.7397
3864.0000,32.6633,-0.2038,58.8929,0.0000,0.7395
3864.1000,32.9691,-0.2032,59.4489,0.0000,0.7393
3864.2000,33.2747,-0.2027,60.0044,0.0000,0.7391
3864.3000,33.5801,-0.2021,60.5593,0.0000,0.7390
3864.4000,33.8853,-0.2016,61.1136,0.0000,0.7388
3864.5000,34.1903,-0.2010,61.6672,0.0000,0.7386
3864.6000,34.4951,-0.2005,62.2201,0.0000,0.7384
3864.7000,34.7997,-0.1999,62.7724,0.0000,0.7382
3864.8000,35.1040,-0.1994,63.3240,0.0000,0.7381
3864.9000,35.4082,-0.1988,63.8748,0.0000,0.7379
3865.0000,35.7121,-0.1982,64.4249,0.0000,0.7377
3865.1000,36.0157,-0.1977,64.9742,0.0000,0.7375
3865.2000,36.3192,-0.1971,65.5227,0.0000,0.7373
3865.3000,36.6224,-0.1966,66.0704,0.0000,0.7371
3865.4000,36.9253,-0.1960,66.6173,0.0000,0.7369
3865.5000,37.2280,-0.1954,67.1633,0.0000,0.7367
3865.6000,37.5305,-0.1949,67.7084,0.0000,0.7365
3865.7000,37.8326,-0.1943,68.2526,0.0000,0.7363
3865.8000,38.1346,-0.1938,68.7958,0.0000,0.7361
3865.9000,38.4363,-0.1932,69.3381,0.0000,0.7359
3866.0000,38.7377,-0.1926,69.8588,0.0000,0.7357
3866.1000,39.0386,-0.1921,70.2986,0.0000,0.7355
3866.2000,39.3385,-0.1915,70.6180,0.0000,0.7353
3866.3000,39.6368,-0.1909,70.8163,0.0000,0.7351
3866.4000,39.9330,-0.1904,70.8929,0.0000,0.7349
3866.5000,40.2265,-0.1898,70.8684,0.0000,0.7347
3866.6000,40.5170,-0.1893,70.8041,0.0000,0.7345
3866.7000,40.8046,-0.1887,70.7400,0.0000,0.7343
3866.8000,41.0894,-0.1882,70.6762,0.0000,0.7341
3866.9000,41.3714,-0.1876,70.6126,0.0000,0.7339
3867.0000,41.6506,-0.1871,70.5493,0.0000,0.7337
3867.1000,41.9272,-0.1865,70.4863,0.0000,0.7334
3867.2000,42.2012,-0.1860,70.4235,0.0000,0.7332
3867.3000,42.4726,-0.1854,70.3610,0.0000,0.7330
3867.4000,42.7414,-0.1849,70.2987,0.0000,0.7328
3867.5000,43.0078,-0.1844,70.2367,0.0000,0.7326
3867.6000,43.2718,-0.1838,70.1749,0.0000,0.7324
3867.7000,43.5334,-0.1833,70.1134,0.0000,0.7322
3867.8000,43.7927,-0.1828,70.0521,0.0000,0.7320
3867.9000,44.0496,-0.1822,69.9910,0.0000,0.7318
3868.0000,44.3043,-0.1817,69.9302,0.0000,0.7316
3868.1000,44.5568,-0.1812,69.8696,0.0000,0.7314
3868.2000,44.8072,-0.1807,69.8092,0.0000,0.7312
3868.3000,45.0554,-0.1802,69.7491,0.0000,0.7310
3868.4000,45.3015,-0.1797,69.6892,0.0000,0.7308
3868.5000,45.5455,-0.1791,69.6296,0.0000,0.7306
3868.6000,45.7875,-0.1787,69.5701,0.0000,0.7304
3868.7000,46.0275,-0.1782,69.5109,0.0000,0.7302
3868.8000,46.2656,-0.1777,69.4520,0.0000,0.7300
3868.9000,46.5017,-0.1772,69.3932,0.0000,0.7298
3869.0000,46.7359,-0.1767,69.3347,0.0000,0.7296
3869.1000,46.9682,-0.1762,69.2764,0.0000,0.7294
3869.2000,47.1987,-0.1758,69.2183,0.0000,0.7292
3869.3000,47.4274,-0.1753,69.1604,0.0000,0.7290
3869.4000,47.6543,-0.1748,69.1028,0.0000,0.7288
3869.5000,47.8794,-0.1744,69.0453,0.0000,0.7286
3869.6000,48.1028,-0.1739,68.9881,0.0000,0.7284
3869.7000,48.3245,-0.1735,68.9311,0.0000,0.7282
3869.8000,48.5445,-0.1731,68.8744,0.0000,0.7280
3869.9000,48.7628,-0.1726,68.8178,0.0000,0.7278
3870.0000,48.9795,-0.1722,68.7614,0.0000,0.7276
3870.1000,49.1946,-0.1718,68.7053,0.0000,0.7274
3870.2000,49.4081,-0.1714,68.6494,0.0000,0.7272
3870.3000,49.6200,-0.1710,68.5936,0.0000,0.7270
3870.4000,49.8304,-0.1706,68.5381,0.0000,0.7268
3870.5000,50.0392,-0.1702,68.4828,0.0000,0.7266
3870.6000,50.2465,-0.1698,68.4277,0.0000,0.7264
3870.7000,50.4524,-0.1694,68.3728,0.0000,0.7262
3870.8000,50.6568,-0.1691,68.3181,0.0000,0.7260
3870.9000,50.8597,-0.1687,68.2636,0.0000,0.7258
3871.0000,51.0612,-0.1684,68.2093,0.0000,0.7256
3871.1000,51.2613,-0.1680,68.1552,0.0000,0.7254
3871.2000,51.4599,-0.1677,68.1013,0.0000,0.7252
3871.3000,51.6572,-0.1673,68.0477,0.0000,0.7250
3871.4000,51.8532,-0.1670,67.9942,0.0000,0.7248
3871.5000,52.0478,-0.1667,67.9408,0.0000,0.7246
3871.6000,52.2411,-0.1664,67.8877,0.0000,0.7244
3871.7000,52.4330,-0.1661,67.8348,0.0000,0.7242
3871.8000,52.6237,-0.1658,67.7821,0.0000,0.7240
3871.9000,52.8131,-0.1656,67.7295,0.0000,0.7239
3872.0000,53.0012,-0.1653,67.6772,0.0000,0.7237
3872.1000,53.1881,-0.1650,67.6250,0.0000,0.7235
3872.2000,53.3737,-0.1648,67.5731,0.0000,0.7233
3872.3000,53.5581,-0.1645,67.5213,0.0000,0.7231
3872.4000,53.7413,-0.1643,67.4696,0.0000,0.7229
3872.5000,53.9233,-0.1641,67.4182,0.0000,0.7227
3872.6000,54.1042,-0.1639,67.3669,0.0000,0.7225
3872.7000,54.2838,-0.1637,67.3159,0.0000,0.7223
3872.8000,54.4623,-0.1635,67.2650,0.0000,0.7221
3872.9000,54.6397,-0.1633,67.2142,0.0000,0.7219
3873.0000,54.8159,-0.1631,67.1637,0.0000,0.7217
3873.1000,54.9910,-0.1629,67.1133,0.0000,0.7215
3873.2000,55.1651,-0.1628,67.0631,0.0000,0.7213
3873.3000,55.3380,-0.1627,67.0130,0.0000,0.7211
3873.4000,55.5098,-0.1625,66.9631,0.0000,0.7209
3873.5000,55.6806,-0.1624,66.9134,0.0000,0.7207
3873.6000,55.8503,-0.1623,66.8639,0.0000,0.7206
3873.7000,56.0189,-0.1622,66.8145,0.0000,0.7204
3873.8000,56.1866,-0.1621,66.7652,0.0000,0.7202
3873.9000,56.3532,-0.1620,66.7162,0.0000,0.7200
3874.0000,56.5187,-0.1620,66.6672,0.0000,0.7198
3874.1000,56.6833,-0.1619,66.6185,0.0000,0.7196
3874.2000,56.8469,-0.1619,66.5698,0.0000,0.7194
3874.3000,57.0095,-0.1618,66.5214,0.0000,0.7192
3874.4000,57.1711,-0.1618,66.4731,0.0000,0.7190
3874.5000,57.3317,-0.1618,66.4249,0.0000,0.7188
3874.6000,57.4914,-0.1618,66.3768,0.0000,0.7186
3874.7000,57.6502,-0.1618,66.3290,0.0000,0.7184
3874.8000,57.8080,-0.1618,66.2812,0.0000,0.7182
3874.9000,57.9649,-0.1619,66.2336,0.0000,0.7181
3875.0000,58.1208,-0.1619,66.1861,0.0000,0.7179
3875.1000,58.2759,-0.1620,66.1388,0.0000,0.7177
3875.2000,58.4300,-0.1621,66.0916,0.0000,0.7175
3875.3000,58.5832,-0.1622,66.0445,0.0000,0.7173
3875.4000,58.7356,-0.1623,65.9976,0.0000,0.7171
3875.5000,58.8871,-0.1624,65.9508,0.0000,0.7169
3875.6000,59.0377,-0.1625,65.9041,0.0000,0.7167
3875.7000,59.1875,-0.1626,65.8575,0.0000,0.7165
3875.8000,59.3363,-0.1628,65.8111,0.0000,0.7163
3875.9000,59.4844,-0.1629,65.7648,0.0000,0.7161
3876.0000,59.6316,-0.1631,65.7185,0.0000,0.7160
3876.1000,59.7780,-0.1633,65.6725,0.0000,0.7158
3876.2000,59.9236,-0.1635,65.6265,0.0000,0.7156
3876.3000,60.0683,-0.1637,65.5806,0.0000,0.7154
3876.4000,60.2122,-0.1639,65.5349,0.0000,0.7152
3876.5000,60.3554,-0.1642,65.4892,0.0000,0.7150
3876.6000,60.4977,-0.1644,65.4437,0.0000,0.7148
3876.7000,60.6393,-0.1647,65.3983,0.0000,0.7146
3876.8000,60.7800,-0.1650,65.3529,0.0000,0.7144
3876.9000,60.9200,-0.1653,65.3077,0.0000,0.7143
3877.0000,61.0592,-0.1656,65.2626,0.0000,0.7141
3877.1000,61.1977,-0.1659,65.2175,0.0000,0.7139
3877.2000,61.3354,-0.1662,65.1726,0.0000,0.7137
3877.3000,61.4724,-0.1666,65.1277,0.0000,0.7135
3877.4000,61.6086,-0.1670,65.0830,0.0000,0.7133
3877.5000,61.7441,-0.1673,65.0383,0.0000,0.7131
3877.6000,61.8789,-0.1677,64.9937,0.0000,0.7129
3877.7000,62.0129,-0.1681,64.9492,0.0000,0.7128
3877.8000,62.1462,-0.1685,64.9048,0.0000,0.7126
3877.9000,62.2788,-0.1690,64.8605,0.0000,0.7124
3878.0000,62.4108,-0.1694,64.8162,0.0000,0.7122
3878.1000,62.5420,-0.1699,64.7721,0.0000,0.7120
3878.2000,62.6725,-0.1704,64.7280,0.0000,0.7118
3878.3000,62.8023,-0.1708,64.6840,0.0000,0.7116
3878.4000,62.9314,-0.1713,64.6400,0.0000,0.7114
3878.5000,63.0599,-0.1719,64.5961,0.0000,0.7113
3878.6000,63.1877,-0.1724,64.5523,0.0000,0.7111
3878.7000,63.3148,-0.1729,64.5086,0.0000,0.7109
3878.8000,63.4413,-0.1735,64.4649,0.0000,0.7107
3878.9000,63.5671,-0.1741,64.4213,0.0000,0.7105
3879.0000,63.6923,-0.1747,64.3777,0.0000,0.7103
3879.1000,63.8168,-0.1753,64.3342,0.0000,0.7101
3879.2000,63.9407,-0.1759,64.2908,0.0000,0.7100
3879.3000,64.0639,-0.1765,64.2474,0.0000,0.7098
3879.4000,64.1865,-0.1772,64.2041,0.0000,0.7096
3879.5000,64.3085,-0.1778,64.1609,0.0000,0.7094
3879.6000,64.4299,-0.1785,64.1176,0.0000,0.7092
3879.7000,64.5507,-0.1792,64.0745,0.0000,0.7090
3879.8000,64.6708,-0.1799,64.0314,0.0000,0.7088
3879.9000,64.7903,-0.1806,63.9883,0.0000,0.7087
3880.0000,64.9093,-0.1813,63.9453,0.0000,0.7085
3880.1000,65.0276,-0.1821,63.9023,0.0000,0.7083
3880.2000,65.1453,-0.1829,63.8594,0.0000,0.7081
3880.3000,65.2625,-0.1836,63.8165,0.0000,0.7079
3880.4000,65.3791,-0.1844,63.7736,0.0000,0.7077
3880.5000,65.4951,-0.1852,63.7308,0.0000,0.7076
3880.6000,65.6105,-0.1860,63.6880,0.0000,0.7074
3880.7000,65.7253,-0.1869,63.6453,0.0000,0.7072
3880.8000,65.8396,-0.1877,63.6026,0.0000,0.7070
3880.9000,65.9533,-0.1886,63.5599,0.0000,0.7068
3881.0000,66.0665,-0.1895,63.5173,0.0000,0.7066
3881.1000,66.1791,-0.1904,63.4746,0.0000,0.7065
3881.2000,66.2912,-0.1913,63.4321,0.0000,0.7063
3881.3000,66.4027,-0.1922,63.3895,0.0000,0.7061
3881.4000,66.5137,-0.1931,63.3470,0.0000,0.7059
3881.5000,66.6241,-0.1941,63.3045,0.0000,0.7057
3881.6000,66.7340,-0.1951,63.2620,0.0000,0.7055
3881.7000,66.8434,-0.1960,63.2195,0.0000,0.7054
3881.8000,66.9522,-0.1970,63.1771,0.0000,0.7052
3881.9000,67.0605,-0.1980,63.1347,0.0000,0.7050
3882.0000,67.1683,-0.1991,63.0923,0.0000,0.7048
3882.1000,67.2756,-0.2001,63.0499,0.0000,0.7046
3882.2000,67.3824,-0.2012,63.0076,0.0000,0.7044
3882.3000,67.4886,-0.2022,62.9652,0.0000,0.7043
3882.4000,67.5944,-0.2033,62.9229,0.0000,0.7041
3882.5000,67.6997,-0.2044,62.8806,0.0000,0.7039
3882.6000,67.8044,-0.2055,62.8383,0.0000,0.7037
3882.7000,67.9087,-0.2066,62.7960,0.0000,0.7035
3882.8000,68.0125,-0.2078,62.7537,0.0000,0.7034
3882.9000,68.1157,-0.2089,62.7115,0.0000,0.7032
3883.0000,68.2186,-0.2101,62.6692,0.0000,0.7030
3883.1000,68.3209,-0.2113,62.6270,0.0000,0.7028
3883.2000,68.4227,-0.2125,62.5847,0.0000,0.7026
3883.3000,68.5241,-0.2137,62.5425,0.0000,0.7024
3883.4000,68.6250,-0.2149,62.5003,0.0000,0.7023
3883.5000,68.7254,-0.2161,62.4581,0.0000,0.7021
3883.6000,68.8254,-0.2174,62.4159,0.0000,0.7019
3883.7000,68.9249,-0.2186,62.3737,0.0000,0.7017
3883.8000,69.0240,-0.2199,62.3315,0.0000,0.7015
3883.9000,69.1226,-0.2212,62.2894,0.0000,0.7014
3884.0000,69.2207,-0.2225,62.2472,0.0000,0.7012
3884.1000,69.3184,-0.2238,62.2050,0.0000,0.7010
3884.2000,69.4156,-0.2251,62.1629,0.0000,0.7008
3884.3000,69.5125,-0.2265,62.1207,0.0000,0.7006
3884.4000,69.6088,-0.2278,62.0785,0.0000,0.7005
3884.5000,69.7047,-0.2292,62.0364,0.0000,0.7003
3884.6000,69.8002,-0.2306,61.9942,0.0000,0.7001
3884.7000,69.8953,-0.2320,61.9521,0.0000,0.6999
3884.8000,69.9899,-0.2334,61.9099,0.0000,0.6998
3884.9000,70.0841,-0.2348,61.8678,0.0000,0.6996
3885.0000,70.1779,-0.2362,61.8257,0.0000,0.6994
3885.1000,70.2713,-0.2377,61.7835,0.0000,0.6992
3885.2000,70.3642,-0.2391,61.7414,0.0000,0.6990
3885.3000,70.4568,-0.2406,61.6993,0.0000,0.6989
3885.4000,70.5489,-0.2421,61.6571,0.0000,0.6987
3885.5000,70.6406,-0.2436,61.6150,0.0000,0.6985
3885.6000,70.7319,-0.2451,61.5729,0.0000,0.6983
3885.7000,70.8228,-0.2466,61.5308,0.0000,0.6981
3885.8000,70.9133,-0.2481,61.4887,0.0000,0.6980
3885.9000,71.0034,-0.2496,61.4466,0.0000,0.6978
3886.0000,71.0931,-0.2512,61.4044,0.0000,0.6976
3886.1000,71.1824,-0.2527,61.3623,0.0000,0.6974
3886.2000,71.2713,-0.2543,61.3202,0.0000,0.6973
3886.3000,71.3598,-0.2559,61.2782,0.0000,0.6971
3886.4000,71.4480,-0.2575,61.2361,0.0000,0.6969
3886.5000,71.5357,-0.2591,61.1940,0.0000,0.6967
3886.6000,71.6231,-0.2607,61.1519,0.0000,0.6966
3886.7000,71.7101,-0.2623,61.1099,0.0000,0.6964
3886.8000,71.7967,-0.2640,61.0678,0.0000,0.6962
3886.9000,71.8830,-0.2656,61.0258,0.0000,0.6960
3887.0000,71.9688,-0.2673,60.9837,0.0000,0.6958
3887.1000,72.0543,-0.2689,60.9417,0.0000,0.6957
3887.2000,72.1395,-0.2706,60.8997,0.0000,0.6955
3887.3000,72.2242,-0.2723,60.8577,0.0000,0.6953
3887.4000,72.3086,-0.2740,60.8157,0.0000,0.6951
3887.5000,72.3927,-0.2757,60.7737,0.0000,0.6950
3887.6000,72.4764,-0.2774,60.7317,0.0000,0.6948
3887.7000,72.5597,-0.2791,60.6898,0.0000,0.6946
3887.8000,72.6427,-0.2809,60.6478,0.0000,0.6944
3887.9000,72.7253,-0.2826,60.6059,0.0000,0.6943
3888.0000,72.8075,-0.2843,60.5640,0.0000,0.6941
3888.1000,72.8895,-0.2861,60.5221,0.0000,0.6939
3888.2000,72.9710,-0.2879,60.4803,0.0000,0.6937
3888.3000,73.0523,-0.2896,60.4384,0.0000,0.6936
3888.4000,73.1332,-0.2914,60.3966,0.0000,0.6934
3888.5000,73.2137,-0.2932,60.3548,0.0000,0.6932
3888.6000,73.2939,-0.2950,60.3131,0.0000,0.6930
3888.7000,73.3738,-0.2968,60.2713,0.0000,0.6929
3888.8000,73.4533,-0.2986,60.2296,0.0000,0.6927
3888.9000,73.5325,-0.3004,60.1879,0.0000,0.6925
3889.0000,73.6114,-0.3023,60.1463,0.0000,0.6923
3889.1000,73.6900,-0.3041,60.1047,0.0000,0.6922
3889.2000,73.7682,-0.3059,60.0631,0.0000,0.6920
3889.3000,73.8461,-0.3078,60.0216,0.0000,0.6918
3889.4000,73.9237,-0.3096,59.9800,0.0000,0.6916
3889.5000,74.0009,-0.3115,59.9386,0.0000,0.6915
3889.6000,74.0779,-0.3133,59.8971,0.0000,0.6913
3889.7000,74.1545,-0.3152,59.8558,0.0000,0.6911
3889.8000,74.2308,-0.3171,59.8144,0.0000,0.6910
3889.9000,74.3068,-0.3190,59.7731,0.0000,0.6908
3890.0000,74.3825,-0.3208,59.7319,0.0000,0.6906
3890.1000,74.4579,-0.3227,59.6907,0.0000,0.6904
3890.2000,74.5329,-0.3246,59.6495,0.0000,0.6903
3890.3000,74.6077,-0.3265,59.6084,0.0000,0.6901
3890.4000,74.6822,-0.3284,59.5674,0.0000,0.6899
3890.5000,74.7563,-0.3303,59.5264,0.0000,0.6897
3890.6000,74.8302,-0.3322,59.4855,0.0000,0.6896
3890.7000,74.9037,-0.3342,59.4447,0.0000,0.6894
3890.8000,74.9770,-0.3361,59.4039,0.0000,0.6892
3890.9000,75.0500,-0.3380,59.3631,0.0000,0.6891
3891.0000,75.1226,-0.3399,59.3225,0.0000,0.6889
3891.1000,75.1950,-0.3418,59.2819,0.0000,0.6887
3891.2000,75.2671,-0.3438,59.2414,0.0000,0.6885
3891.3000,75.3389,-0.3457,59.2009,0.0000,0.6884
3891.4000,75.4104,-0.3476,59.1606,0.0000,0.6882
3891.5000,75.4817,-0.3496,59.1203,0.0000,0.6880
3891.6000,75.5526,-0.3515,59.0801,0.0000,0.6879
3891.7000,75.6233,-0.3534,59.0400,0.0000,0.6877
3891.8000,75.6937,-0.3554,59.0000,0.0000,0.6875
3891.9000,75.7638,-0.3573,58.9600,0.0000,0.6873
3892.0000,75.8336,-0.3592,58.9202,0.0000,0.6872
3892.1000,75.9032,-0.3612,58.8804,0.0000,0.6870
3892.2000,75.9724,-0.3631,58.8408,0.0000,0.6868
3892.3000,76.0414,-0.3651,58.8012,0.0000,0.6867
3892.4000,76.1102,-0.3670,58.7618,0.0000,0.6865
3892.5000,76.1786,-0.3689,58.7225,0.0000,0.6863
3892.6000,76.2468,-0.3709,58.6832,0.0000,0.6861
3892.7000,76.3148,-0.3728,58.6441,0.0000,0.6860
3892.8000,76.3824,-0.3747,58.6051,0.0000,0.6858
3892.9000,76.4498,-0.3767,58.5662,0.0000,0.6856
3893.0000,76.5170,-0.3786,58.5275,0.0000,0.6855
3893.1000,76.5838,-0.3805,58.4888,0.0000,0.6853
3893.2000,76.6505,-0.3825,58.4503,0.0000,0.6851
3893.3000,76.7168,-0.3844,58.4119,0.0000,0.6850
3893.4000,76.7829,-0.3863,58.3737,0.0000,0.6848
3893.5000,76.8488,-0.3882,58.3355,0.0000,0.6846
3893.6000,76.9144,-0.3901,58.2976,0.0000,0.6845
3893.7000,76.9797,-0.3921,58.2597,0.0000,0.6843
3893.8000,77.0448,-0.3940,58.2220,0.0000,0.6841
3893.9000,77.1096,-0.3959,58.1845,0.0000,0.6839
3894.0000,77.1742,-0.3978,58.1471,0.0000,0.6838
3894.1000,77.2386,-0.3997,58.1098,0.0000,0.6836
3894.2000,77.3027,-0.4016,58.0728,0.0000,0.6834
3894.3000,77.3665,-0.4034,58.0358,0.0000,0.6833
3894.4000,77.4301,-0.4053,57.9991,0.0000,0.6831
3894.5000,77.4935,-0.4072,57.9625,0.0000,0.6829
3894.6000,77.5566,-0.4091,57.9261,0.0000,0.6828
3894.7000,77.6195,-0.4109,57.8898,0.0000,0.6826
3894.8000,77.6822,-0.4128,57.8537,0.0000,0.6824
3894.9000,77.7446,-0.4146,57.8179,0.0000,0.6823
3895.0000,77.8067,-0.4165,57.7822,0.0000,0.6821
3895.1000,77.8687,-0.4183,57.7466,0.0000,0.6819
3895.2000,77.9304,-0.4201,57.7113,0.0000,0.6818
3895.3000,77.9919,-0.4219,57.6762,0.0000,0.6816
3895.4000,78.0531,-0.4238,57.6413,0.0000,0.6814
3895.5000,78.1141,-0.4256,57.6065,0.0000,0.6813
3895.6000,78.1749,-0.4274,57.5720,0.0000,0.6811
3895.7000,78.2355,-0.4291,57.5377,0.0000,0.6809
3895.8000,78.2958,-0.4309,57.5036,0.0000,0.6808
3895.9000,78.3559,-0.4327,57.4697,0.0000,0.6806
3896.0000,78.4158,-0.4344,57.4361,0.0000,0.6804
3896.1000,78.4755,-0.4362,57.4026,0.0000,0.6803
3896.2000,78.5349,-0.4379,57.3694,0.0000,0.6801
3896.3000,78.5942,-0.4397,57.3364,0.0000,0.6799
3896.4000,78.6532,-0.4414,57.3037,0.0000,0.6798
3896.5000,78.7120,-0.4431,57.2712,0.0000,0.6796
3896.6000,78.7705,-0.4448,57.2389,0.0000,0.6794
3896.7000,78.8289,-0.4464,57.2069,0.0000,0.6793
3896.8000,78.8870,-0.4481,57.1752,0.0000,0.6791
3896.9000,78.9450,-0.4498,57.1437,0.0000,0.6789
3897.0000,79.0027,-0.4514,57.1124,0.0000,0.6788
3897.1000,79.0602,-0.4530,57.0814,0.0000,0.6786
3897.2000,79.1175,-0.4547,57.0507,0.0000,0.6784
3897.3000,79.1746,-0.4563,57.0203,0.0000,0.6783
3897.4000,79.2314,-0.4579,56.9901,0.0000,0.6781
3897.5000,79.2881,-0.4594,56.9602,0.0000,0.6779
3897.6000,79.3446,-0.4610,56.9306,0.0000,0.6778
3897.7000,79.4008,-0.4625,56.9013,0.0000,0.6776
3897.8000,79.4569,-0.4641,56.8722,0.0000,0.6774
3897.9000,79.5128,-0.4656,56.8435,0.0000,0.6773
3898.0000,79.5684,-0.4671,56.8150,0.0000,0.6771
3898.1000,79.6239,-0.4686,56.7869,0.0000,0.6769
3898.2000,79.6791,-0.4701,56.7591,0.0000,0.6768
3898.3000,79.7342,-0.4715,56.7315,0.0000,0.6766
3898.4000,79.7890,-0.4730,56.7043,0.0000,0.6765
3898.5000,79.8437,-0.4744,56.6774,0.0000,0.6763
3898.6000,79.8982,-0.4758,56.6509,0.0000,0.6761
3898.7000,79.9524,-0.4772,56.6246,0.0000,0.6760
3898.8000,80.0065,-0.4785,56.5987,0.0000,0.6758
3898.9000,80.0604,-0.4799,56.5731,0.0000,0.6756
3899.0000,80.1141,-0.4812,56.5479,0.0000,0.6755
3899.1000,80.1676,-0.4825,56.5230,0.0000,0.6753
3899.2000,80.2209,-0.4838,56.4984,0.0000,0.6751
3899.3000,80.2740,-0.4851,56.4743,0.0000,0.6750
3899.4000,80.3269,-0.4864,56.4504,0.0000,0.6748
3899.5000,80.3797,-0.4876,56.4269,0.0000,0.6746
3899.6000,80.4322,-0.4888,56.4038,0.0000,0.6745
3899.7000,80.4846,-0.4900,56.3811,0.0000,0.6743
3899.8000,80.5368,-0.4912,56.3587,0.0000,0.6742
3899.9000,80.5888,-0.4924,56.3367,0.0000,0.6740
