t_s,v_kmh,grade_pct,P_wheel_kW,fuel_g_per_s
2700.0000,0.0000,0.0000,0.0000,0.2778
2700.1000,0.0000,0.0000,0.0000,0.2778
2700.2000,0.0000,0.0000,0.0000,0.2778
2700.3000,0.0000,0.0000,0.0000,0.2778
2700.4000,0.0000,0.0000,0.0000,0.2778
2700.5000,0.0000,0.0000,0.0000,0.2778
2700.6000,0.0000,0.0000,0.0000,0.2778
2700.7000,0.0000,0.0000,0.0000,0.2778
2700.8000,0.0000,0.0000,0.0000,0.2778
2700.9000,0.0000,0.0000,0.0000,0.2778
2701.0000,0.0000,0.0000,0.0000,0.2778
2701.1000,0.0000,0.0000,0.0000,0.2778
2701.2000,0.0000,0.0000,0.0000,0.2778
2701.3000,0.0000,0.0000,0.0000,0.2778
2701.4000,0.0000,0.0000,0.0000,0.2778
2701.5000,0.0000,0.0000,0.0000,0.2778
2701.6000,0.0000,0.0000,0.0000,0.2778
2701.7000,0.0000,0.0000,0.0000,0.2778
2701.8000,0.0000,0.0000,0.0000,0.2778
2701.9000,0.0000,0.0000,0.0000,0.2778
2702.0000,0.0000,0.0000,0.0000,0.2778
2702.1000,0.0000,0.0000,0.0000,0.2778
2702.2000,0.0000,0.0000,0.0000,0.2778
2702.3000,0.0000,0.0000,0.0000,0.2778
2702.4000,0.0000,0.0000,0.0000,0.2778
2702.5000,0.0000,0.0000,0.0000,0.2778
2702.6000,0.0000,0.0000,0.0000,0.2778
2702.7000,0.0000,0.0000,0.0000,0.2778
2702.8000,0.0000,0.0000,0.0000,0.2778
2702.9000,0.0000,0.0000,0.0000,0.2778
2703.0000,0.0000,0.0000,0.0000,0.2778
2703.1000,0.0000,0.0000,0.0000,0.2778
2703.2000,0.0000,0.0000,0.0000,0.2778
2703.3000,0.0000,0.0000,0.0000,0.2778
2703.4000,0.0000,0.0000,0.0000,0.2778
2703.5000,0.0000,0.0000,0.0000,0.2778
2703.6000,0.0000,0.0000,0.0000,0.2778
2703.7000,0.0000,0.0000,0.0000,0.2778
2703.8000,0.0000,0.0000,0.0000,0.2778
2703.9000,0.0000,0.0000,0.0000,0.2778
2704.0000,0.0000,0.0000,0.0000,0.2778
2704.1000,0.0000,0.0000,0.0000,0.2778
2704.2000,0.0000,0.0000,0.0000,0.2778
2704.3000,0.0000,0.0000,0.0000,0.2778
2704.4000,0.0000,0.0000,0.0000,0.2778
2704.5000,0.0000,0.0000,0.0000,0.2778
2704.6000,0.0000,0.0000,0.0000,0.2778
2704.7000,0.0000,0.0000,0.0000,0.2778
2704.8000,0.0000,0.0000,0.0000,0.2778
2704.9000,0.0000,0.0000,0.0000,0.2778
2705.0000,0.0000,0.0000,0.0000,0.2778
2705.1000,0.0000,0.0000,0.0000,0.2778
2705.2000,0.0000,0.0000,0.0000,0.2778
2705.3000,0.0000,0.0000,0.0000,0.2778
2705.4000,0.0000,0.0000,0.0000,0.2778
2705.5000,0.0000,0.0000,0.0000,0.2778
2705.6000,0.0000,0.0000,0.0000,0.2778
2705.7000,0.0000,0.0000,0.0000,0.2778
2705.8000,0.0000,0.0000,0.0000,0.2778
2705.9000,0.0000,0.0000,0.0000,0.2778
2706.0000,0.0000,0.0000,0.0000,0.2778
2706.1000,0.0000,0.0000,0.0000,0.2778
2706.2000,0.0000,0.0000,0.0000,0.2778
2706.3000,0.0000,0.0000,0.0000,0.2778
2706.4000,0.0000,0.0000,0.0000,0.2778
2706.5000,0.0000,0.0000,0.0000,0.2778
2706.6000,0.0000,0.0000,0.0000,0.2778
2706.7000,0.0000,0.0000,0.0000,0.2778
2706.8000,0.0000,0.0000,0.0000,0.2778
2706.9000,0.0000,0.0000,0.0000,0.2778
2707.0000,0.0000,0.0000,0.0000,0.2778
2707.1000,0.0000,0.0000,0.0000,0.2778
2707.2000,0.0000,0.0000,0.0000,0.2778
2707.3000,0.0000,0.0000,0.0000,0.2778
2707.4000,0.0000,0.0000,0.0000,0.2778
2707.5000,0.0000,0.0000,0.0000,0.2778
2707.6000,0.0000,0.0000,0.0000,0.2778
2707.7000,0.0000,0.0000,0.0000,0.2778
2707.8000,0.0000,0.0000,0.0000,0.2778
2707.9000,0.0000,0.0000,0.0000,0.2778
2708.0000,0.0000,0.0000,0.0000,0.2778
2708.1000,0.0000,0.0000,0.0000,0.2778
2708.2000,0.0000,0.0000,0.0000,0.2778
2708.3000,0.0000,0.0000,0.0000,0.2778
2708.4000,0.0000,0.0000,0.0000,0.2778
2708.5000,0.0000,0.0000,0.0000,0.2778
2708.6000,0.0000,0.0000,0.0000,0.2778
2708.7000,0.0000,0.0000,0.0000,0.2778
2708.8000,0.0000,0.0000,0.0000,0.2778
2708.9000,0.0000,0.0000,0.0000,0.2778
2709.0000,0.0000,0.0000,0.0000,0.2778
2709.1000,0.0000,0.0000,0.0000,0.2778
2709.2000,0.0000,0.0000,0.0000,0.2778
2709.3000,0.0000,0.0000,0.0000,0.2778
2709.4000,0.0000,0.0000,0.0000,0.2778
2709.5000,0.0000,0.0000,0.0000,0.2778
2709.6000,0.0000,0.0000,0.0000,0.2778
2709.7000,0.0000,0.0000,0.0000,0.2778
2709.8000,0.0000,0.0000,0.0000,0.2778
2709.9000,0.0000,0.0000,0.0000,0.2778
2710.0000,0.0000,0.0000,0.0000,0.2778
2710.1000,0.0000,0.0000,0.0000,0.2778
2710.2000,0.0000,0.0000,0.0000,0.2778
2710.3000,0.0000,0.0000,0.0000,0.2778
2710.4000,0.0000,0.0000,0.0000,0.2778
2710.5000,0.0000,0.0000,0.0000,0.2778
2710.6000,0.0000,0.0000,0.0000,0.2778
2710.7000,0.0000,0.0000,0.0000,0.2778
2710.8000,0.0000,0.0000,0.0000,0.2778
2710.9000,0.0000,0.0000,0.0000,0.2778
2711.0000,0.0000,0.0000,0.0000,0.2778
2711.1000,0.0000,0.0000,0.0000,0.2778
2711.2000,0.0000,0.0000,0.0000,0.2778
2711.3000,0.0000,0.0000,0.0000,0.2778
2711.4000,0.0000,0.0000,0.0000,0.2778
2711.5000,0.0000,0.0000,0.0000,0.2778
2711.6000,0.0000,0.0000,0.0000,0.2778
2711.7000,0.0000,0.0000,0.0000,0.2778
2711.8000,0.0000,0.0000,0.0000,0.2778
2711.9000,0.0000,0.0000,0.0000,0.2778
2712.0000,0.0000,0.0000,0.0000,0.2778
2712.1000,0.0000,0.0000,0.0000,0.2778
2712.2000,0.0000,0.0000,0.0000,0.2778
2712.3000,0.0000,0.0000,0.0000,0.2778
2712.4000,0.0000,0.0000,0.0000,0.2778
2712.5000,0.0000,0.0000,0.0000,0.2778
2712.6000,0.0000,0.0000,0.0000,0.2778
2712.7000,0.0000,0.0000,0.0000,0.2778
2712.8000,0.0000,0.0000,0.0000,0.2778
2712.9000,0.0000,0.0000,0.0000,0.2778
2713.0000,0.0000,0.0000,0.0000,0.2778
2713.1000,0.0000,0.0000,0.0000,0.2778
2713.2000,0.0000,0.0000,0.0000,0.2778
2713.3000,0.0000,0.0000,0.0000,0.2778
2713.4000,0.0000,0.0000,0.0000,0.2778
2713.5000,0.0000,0.0000,0.0000,0.2778
2713.6000,0.0000,0.0000,0.0000,0.2778
2713.7000,0.0000,0.0000,0.0000,0.2778
2713.8000,0.0000,0.0000,0.0000,0.2778
2713.9000,0.0000,0.0000,0.0000,0.2778
2714.0000,0.0000,0.0000,0.0000,0.2778
2714.1000,0.0000,0.0000,0.0000,0.2778
2714.2000,0.0000,0.0000,0.0000,0.2778
2714.3000,0.0000,0.0000,0.0000,0.2778
2714.4000,0.0000,0.0000,0.0000,0.2778
2714.5000,0.0000,0.0000,0.0000,0.2778
2714.6000,0.0000,0.0000,0.0000,0.2778
2714.7000,0.0000,0.0000,0.0000,0.2778
2714.8000,0.0000,0.0000,0.0000,0.2778
2714.9000,0.0000,0.0000,0.0000,0.2778
2715.0000,0.0000,0.0000,0.0000,0.2778
2715.1000,0.0000,0.0000,0.0000,0.2778
2715.2000,0.0000,0.0000,0.0000,0.2778
2715.3000,0.0000,0.0000,0.0000,0.2778
2715.4000,0.0000,0.0000,0.0000,0.2778
2715.5000,0.0000,0.0000,0.0000,0.2778
2715.6000,0.0000,0.0000,0.0000,0.2778
2715.7000,0.0000,0.0000,0.0000,0.2778
2715.8000,0.0000,0.0000,0.0000,0.2778
2715.9000,0.0000,0.0000,0.0000,0.2778
2716.0000,0.0000,0.0000,0.0000,0.2778
2716.1000,0.0000,0.0000,0.0000,0.2778
2716.2000,0.0000,0.0000,0.0000,0.2778
2716.3000,0.0000,0.0000,0.0000,0.2778
2716.4000,0.0000,0.0000,0.0000,0.2778
2716.5000,0.0000,0.0000,0.0000,0.2778
2716.6000,0.0000,0.0000,0.0000,0.2778
2716.7000,0.0000,0.0000,0.0000,0.2778
2716.8000,0.0000,0.0000,0.0000,0.2778
2716.9000,0.0000,0.0000,0.0000,0.2778
2717.0000,0.0000,0.0000,0.0000,0.2778
2717.1000,0.0000,0.0000,0.0000,0.2778
2717.2000,0.0000,0.0000,0.0000,0.2778
2717.3000,0.0000,0.0000,0.0000,0.2778
2717.4000,0.0000,0.0000,0.0000,0.2778
2717.5000,0.0000,0.0000,0.0000,0.2778
2717.6000,0.0000,0.0000,0.0000,0.2778
2717.7000,0.0000,0.0000,0.0000,0.2778
2717.8000,0.0000,0.0000,0.0000,0.2778
2717.9000,0.0000,0.0000,0.0000,0.2778
2718.0000,0.0000,0.0000,0.0000,0.2778
2718.1000,0.0000,0.0000,0.0000,0.2778
2718.2000,0.0000,0.0000,0.0000,0.2778
2718.3000,0.0000,0.0000,0.0000,0.2778
2718.4000,0.0000,0.0000,0.0000,0.2778
2718.5000,0.0000,0.0000,0.0000,0.2778
2718.6000,0.0000,0.0000,0.0000,0.2778
2718.7000,0.0000,0.0000,0.0000,0.2778
2718.8000,0.0000,0.0000,0.0000,0.2778
2718.9000,0.0000,0.0000,0.0000,0.2778
2719.0000,0.0000,0.0000,0.0000,0.2778
2719.1000,0.0000,0.0000,0.0000,0.2778
2719.2000,0.0000,0.0000,0.0000,0.2778
2719.3000,0.0000,0.0000,0.0000,0.2778
2719.4000,0.0000,0.0000,0.0000,0.2778
2719.5000,0.0000,0.0000,0.0000,0.2778
2719.6000,0.0000,0.0000,0.0000,0.2778
2719.7000,0.0000,0.0000,0.0000,0.2778
2719.8000,0.0000,0.0000,0.0000,0.2778
2719.9000,0.0000,0.0000,0.0000,0.2778
2720.0000,0.0000,0.0000,0.0000,0.2778
2720.1000,0.0000,0.0000,0.0000,0.2778
2720.2000,0.0000,0.0000,0.0000,0.2778
2720.3000,0.0000,0.0000,0.0000,0.2778
2720.4000,0.0000,0.0000,0.0000,0.2778
2720.5000,0.0000,0.0000,0.0000,0.2778
2720.6000,0.0000,0.0000,0.0000,0.2778
2720.7000,0.0000,0.0000,0.0000,0.2778
2720.8000,0.0000,0.0000,0.0000,0.2778
2720.9000,0.0000,0.0000,0.0000,0.2778
2721.0000,0.0000,0.0000,0.0000,0.2778
2721.1000,0.0000,0.0000,0.0000,0.2778
2721.2000,0.0000,0.0000,0.0000,0.2778
2721.3000,0.0000,0.0000,0.0000,0.2778
2721.4000,0.0000,0.0000,0.0000,0.2778
2721.5000,0.0000,0.0000,0.0000,0.2778
2721.6000,0.0000,0.0000,0.0000,0.2778
2721.7000,0.0000,0.0000,0.0000,0.2778
2721.8000,0.0000,0.0000,0.0000,0.2778
2721.9000,0.0000,0.0000,0.0000,0.2778
2722.0000,0.0000,0.0000,0.0000,0.2778
2722.1000,0.0000,0.0000,0.0000,0.2778
2722.2000,0.0000,0.0000,0.0000,0.2778
2722.3000,0.0000,0.0000,0.0000,0.2778
2722.4000,0.0000,0.0000,0.0000,0.2778
2722.5000,0.0000,0.0000,0.0000,0.2778
2722.6000,0.0000,0.0000,0.0000,0.2778
2722.7000,0.0000,0.0000,0.0000,0.2778
2722.8000,0.0000,0.0000,0.0000,0.2778
2722.9000,0.0000,0.0000,0.0000,0.2778
2723.0000,0.0000,0.0000,0.0000,0.2778
2723.1000,0.0000,0.0000,0.0000,0.2778
2723.2000,0.0000,0.0000,0.0000,0.2778
2723.3000,0.0000,0.0000,0.0000,0.2778
2723.4000,0.0000,0.0000,0.0000,0.2778
2723.5000,0.0000,0.0000,0.0000,0.2778
2723.6000,0.0000,0.0000,0.0000,0.2778
2723.7000,0.0000,0.0000,0.0000,0.2778
2723.8000,0.0000,0.0000,0.0000,0.2778
2723.9000,0.0000,0.0000,0.0000,0.2778
2724.0000,0.0000,0.0000,0.0000,0.2778
2724.1000,0.0000,0.0000,0.0000,0.2778
2724.2000,0.0000,0.0000,0.0000,0.2778
2724.3000,0.0000,0.0000,0.0000,0.2778
2724.4000,0.0000,0.0000,0.0000,0.2778
2724.5000,0.0000,0.0000,0.0000,0.2778
2724.6000,0.0000,0.0000,0.0000,0.2778
2724.7000,0.0000,0.0000,0.0000,0.2778
2724.8000,0.0000,0.0000,0.0000,0.2778
2724.9000,0.0000,0.0000,0.0000,0.2778
2725.0000,0.0000,0.0000,0.0000,0.2778
2725.1000,0.0000,0.0000,0.0000,0.2778
2725.2000,0.0000,0.0000,0.0000,0.2778
2725.3000,0.0000,0.0000,0.0000,0.2778
2725.4000,0.0000,0.0000,0.0000,0.2778
2725.5000,0.0000,0.0000,0.0000,0.2778
2725.6000,0.0000,0.0000,0.0000,0.2778
2725.7000,0.0000,0.0000,0.0000,0.2778
2725.8000,0.0000,0.0000,0.0000,0.2778
2725.9000,0.0000,0.0000,0.0000,0.2778
2726.0000,0.0000,0.0000,0.0000,0.2778
2726.1000,0.0000,0.0000,0.0000,0.2778
2726.2000,0.0000,0.0000,0.0000,0.2778
2726.3000,0.0000,0.0000,0.0000,0.2778
2726.4000,0.0000,0.0000,0.0000,0.2778
2726.5000,0.0000,0.0000,0.0000,0.2778
2726.6000,0.0000,0.0000,0.0000,0.2778
2726.7000,0.0000,0.0000,0.0000,0.2778
2726.8000,0.0000,0.0000,0.0000,0.2778
2726.9000,0.0000,0.0000,0.0000,0.2778
2727.0000,0.0000,0.0000,0.0000,0.2778
2727.1000,0.0000,0.0000,0.0000,0.2778
2727.2000,0.0000,0.0000,0.0000,0.2778
2727.3000,0.0000,0.0000,0.0000,0.2778
2727.4000,0.0000,0.0000,0.0000,0.2778
2727.5000,0.0000,0.0000,0.0000,0.2778
2727.6000,0.0000,0.0000,0.0000,0.2778
2727.7000,0.0000,0.0000,0.0000,0.2778
2727.8000,0.0000,0.0000,0.0000,0.2778
2727.9000,0.0000,0.0000,0.0000,0.2778
2728.0000,0.0000,0.0000,0.0000,0.2778
2728.1000,0.0000,0.0000,0.0000,0.2778
2728.2000,0.0000,0.0000,0.0000,0.2778
2728.3000,0.0000,0.0000,0.0000,0.2778
2728.4000,0.0000,0.0000,0.0000,0.2778
2728.5000,0.0000,0.0000,0.0000,0.2778
2728.6000,0.0000,0.0000,0.0000,0.2778
2728.7000,0.0000,0.0000,0.0000,0.2778
2728.8000,0.0000,0.0000,0.0000,0.2778
2728.9000,0.0000,0.0000,0.0000,0.2778
2729.0000,0.0000,0.0000,0.0000,0.2778
2729.1000,0.0000,0.0000,0.0000,0.2778
2729.2000,0.0000,0.0000,0.0000,0.2778
2729.3000,0.0000,0.0000,0.0000,0.2778
2729.4000,0.0000,0.0000,0.0000,0.2778
2729.5000,0.0000,0.0000,0.0000,0.2778
2729.6000,0.0000,0.0000,0.0000,0.2778
2729.7000,0.0000,0.0000,0.0000,0.2778
2729.8000,0.0000,0.0000,0.0000,0.2778
2729.9000,0.0000,0.0000,0.0000,0.2778
2730.0000,0.0000,0.0000,0.0000,0.2778
2730.1000,0.0000,0.0000,0.0000,0.2778
2730.2000,0.0000,0.0000,0.0000,0.2778
2730.3000,0.0000,0.0000,0.0000,0.2778
2730.4000,0.0000,0.0000,0.0000,0.2778
2730.5000,0.0000,0.0000,0.0000,0.2778
2730.6000,0.0000,0.0000,0.0000,0.2778
2730.7000,0.0000,0.0000,0.0000,0.2778
2730.8000,0.0000,0.0000,0.0000,0.2778
2730.9000,0.0000,0.0000,0.0000,0.2778
2731.0000,0.0000,0.0000,0.0000,0.2778
2731.1000,0.0000,0.0000,0.0000,0.2778
2731.2000,0.0000,0.0000,0.0000,0.2778
2731.3000,0.0000,0.0000,0.0000,0.2778
2731.4000,0.0000,0.0000,0.0000,0.2778
2731.5000,0.0000,0.0000,0.0000,0.2778
2731.6000,0.0000,0.0000,0.0000,0.2778
2731.7000,0.0000,0.0000,0.0000,0.2778
2731.8000,0.0000,0.0000,0.0000,0.2778
2731.9000,0.0000,0.0000,0.0000,0.2778
2732.0000,0.0000,0.0000,0.0000,0.2778
2732.1000,0.0000,0.0000,0.0000,0.2778
2732.2000,0.0000,0.0000,0.0000,0.2778
2732.3000,0.0000,0.0000,0.0000,0.2778
2732.4000,0.0000,0.0000,0.0000,0.2778
2732.5000,0.0000,0.0000,0.0000,0.2778
2732.6000,0.0000,0.0000,0.0000,0.2778
2732.7000,0.0000,0.0000,0.0000,0.2778
2732.8000,0.0000,0.0000,0.0000,0.2778
2732.9000,0.0000,0.0000,0.0000,0.2778
2733.0000,0.0000,0.0000,0.0000,0.2778
2733.1000,0.0000,0.0000,0.0000,0.2778
2733.2000,0.0000,0.0000,0.0000,0.2778
2733.3000,0.0000,0.0000,0.0000,0.2778
2733.4000,0.0000,0.0000,0.0000,0.2778
2733.5000,0.0000,0.0000,0.0000,0.2778
2733.6000,0.0000,0.0000,0.0000,0.2778
2733.7000,0.0000,0.0000,0.0000,0.2778
2733.8000,0.0000,0.0000,0.0000,0.2778
2733.9000,0.0000,0.0000,0.0000,0.2778
2734.0000,0.0000,0.0000,0.0000,0.2778
2734.1000,0.0000,0.0000,0.0000,0.2778
2734.2000,0.0000,0.0000,0.0000,0.2778
2734.3000,0.0000,0.0000,0.0000,0.2778
2734.4000,0.0000,0.0000,0.0000,0.2778
2734.5000,0.0000,0.0000,0.0000,0.2778
2734.6000,0.0000,0.0000,0.0000,0.2778
2734.7000,0.0000,0.0000,0.0000,0.2778
2734.8000,0.0000,0.0000,0.0000,0.2778
2734.9000,0.0000,0.0000,0.0000,0.2778
2735.0000,0.0000,0.0000,0.0000,0.2778
2735.1000,0.0000,0.0000,0.0000,0.2778
2735.2000,0.0000,0.0000,0.0000,0.2778
2735.3000,0.0000,0.0000,0.0000,0.2778
2735.4000,0.0000,0.0000,0.0000,0.2778
2735.5000,0.0000,0.0000,0.0000,0.2778
2735.6000,0.0000,0.0000,0.0000,0.2778
2735.7000,0.0000,0.0000,0.0000,0.2778
2735.8000,0.0000,0.0000,0.0000,0.2778
2735.9000,0.0000,0.0000,0.0000,0.2778
2736.0000,0.0000,0.0000,0.0000,0.2778
2736.1000,0.0000,0.0000,0.0000,0.2778
2736.2000,0.0000,0.0000,0.0000,0.2778
2736.3000,0.0000,0.0000,0.0000,0.2778
2736.4000,0.0000,0.0000,0.0000,0.2778
2736.5000,0.0000,0.0000,0.0000,0.2778
2736.6000,0.0000,0.0000,0.0000,0.2778
2736.7000,0.0000,0.0000,0.0000,0.2778
2736.8000,0.0000,0.0000,0.0000,0.2778
2736.9000,0.0000,0.0000,0.0000,0.2778
2737.0000,0.0000,0.0000,0.0000,0.2778
2737.1000,0.0000,0.0000,0.0000,0.2778
2737.2000,0.0000,0.0000,0.0000,0.2778
2737.3000,0.0000,0.0000,0.0000,0.2778
2737.4000,0.0000,0.0000,0.0000,0.2778
2737.5000,0.0000,0.0000,0.0000,0.2778
2737.6000,0.0000,0.0000,0.0000,0.2778
2737.7000,0.0000,0.0000,0.0000,0.2778
2737.8000,0.0000,0.0000,0.0000,0.2778
2737.9000,0.0000,0.0000,0.0000,0.2778
2738.0000,0.0000,0.0000,0.0000,0.2778
2738.1000,0.0000,0.0000,0.0000,0.2778
2738.2000,0.0000,0.0000,0.0000,0.2778
2738.3000,0.0000,0.0000,0.0000,0.2778
2738.4000,0.0000,0.0000,0.0000,0.2778
2738.5000,0.0000,0.0000,0.0000,0.2778
2738.6000,0.0000,0.0000,0.0000,0.2778
2738.7000,0.0000,0.0000,0.0000,0.2778
2738.8000,0.0000,0.0000,0.0000,0.2778
2738.9000,0.0000,0.0000,0.0000,0.2778
2739.0000,0.0000,0.0000,0.0000,0.2778
2739.1000,0.0000,0.0000,0.0000,0.2778
2739.2000,0.0000,0.0000,0.0000,0.2778
2739.3000,0.0000,0.0000,0.0000,0.2778
2739.4000,0.0000,0.0000,0.0000,0.2778
2739.5000,0.0000,0.0000,0.0000,0.2778
2739.6000,0.0000,0.0000,0.0000,0.2778
2739.7000,0.0000,0.0000,0.0000,0.2778
2739.8000,0.0000,0.0000,0.0000,0.2778
2739.9000,0.0000,0.0000,0.0000,0.2778
2740.0000,0.0000,0.0000,0.0000,0.2778
2740.1000,0.0000,0.0000,0.0000,0.2778
2740.2000,0.0000,0.0000,0.0000,0.2778
2740.3000,0.0000,0.0000,0.0000,0.2778
2740.4000,0.0000,0.0000,0.0000,0.2778
2740.5000,0.0000,0.0000,0.0000,0.2778
2740.6000,0.0000,0.0000,0.0000,0.2778
2740.7000,0.0000,0.0000,0.0000,0.2778
2740.8000,0.0000,0.0000,0.0000,0.2778
2740.9000,0.0000,0.0000,0.0000,0.2778
2741.0000,0.0000,0.0000,0.0000,0.2778
2741.1000,0.0000,0.0000,0.0000,0.2778
2741.2000,0.0000,0.0000,0.0000,0.2778
2741.3000,0.0000,0.0000,0.0000,0.2778
2741.4000,0.0000,0.0000,0.0000,0.2778
2741.5000,0.0000,0.0000,0.0000,0.2778
2741.6000,0.0000,0.0000,0.0000,0.2778
2741.7000,0.0000,0.0000,0.0000,0.2778
2741.8000,0.0000,0.0000,0.0000,0.2778
2741.9000,0.0000,0.0000,0.0000,0.2778
2742.0000,0.0000,0.0000,0.0000,0.2778
2742.1000,0.0000,0.0000,0.0000,0.2778
2742.2000,0.0000,0.0000,0.0000,0.2778
2742.3000,0.0000,0.0000,0.0000,0.2778
2742.4000,0.0000,0.0000,0.0000,0.2778
2742.5000,0.0000,0.0000,0.0000,0.2778
2742.6000,0.0000,0.0000,0.0000,0.2778
2742.7000,0.0000,0.0000,0.0000,0.2778
2742.8000,0.0000,0.0000,0.0000,0.2778
2742.9000,0.0000,0.0000,0.0000,0.2778
2743.0000,0.0000,0.0000,0.0000,0.2778
2743.1000,0.0000,0.0000,0.0000,0.2778
2743.2000,0.0000,0.0000,0.0000,0.2778
2743.3000,0.0000,0.0000,0.0000,0.2778
2743.4000,0.0000,0.0000,0.0000,0.2778
2743.5000,0.0000,0.0000,0.0000,0.2778
2743.6000,0.0000,0.0000,0.0000,0.2778
2743.7000,0.0000,0.0000,0.0000,0.2778
2743.8000,0.0000,0.0000,0.0000,0.2778
2743.9000,0.0000,0.0000,0.0000,0.2778
2744.0000,0.0000,0.0000,0.0000,0.2778
2744.1000,0.0000,0.0000,0.0000,0.2778
2744.2000,0.0000,0.0000,0.0000,0.2778
2744.3000,0.0000,0.0000,0.0000,0.2778
2744.4000,0.0000,0.0000,0.0000,0.2778
2744.5000,0.0000,0.0000,0.0000,0.2778
2744.6000,0.0000,0.0000,0.0000,0.2778
2744.7000,0.0000,0.0000,0.0000,0.2778
2744.8000,0.0000,0.0000,0.0000,0.2778
2744.9000,0.0000,0.0000,0.0000,0.2778
2745.0000,0.0000,0.0000,0.0000,0.2778
2745.1000,0.0000,0.0000,0.0000,0.2778
2745.2000,0.0000,0.0000,0.0000,0.2778
2745.3000,0.0000,0.0000,0.0000,0.2778
2745.4000,0.0000,0.0000,0.0000,0.2778
2745.5000,0.0000,0.0000,0.0000,0.2778
2745.6000,0.0000,0.0000,0.0000,0.2778
2745.7000,0.0000,0.0000,0.0000,0.2778
2745.8000,0.0000,0.0000,0.0000,0.2778
2745.9000,0.0000,0.0000,0.0000,0.2778
2746.0000,0.0000,0.0000,0.0000,0.2778
2746.1000,0.0000,0.0000,0.0000,0.2778
2746.2000,0.0000,0.0000,0.0000,0.2778
2746.3000,0.0000,0.0000,0.0000,0.2778
2746.4000,0.0000,0.0000,0.0000,0.2778
2746.5000,0.0000,0.0000,0.0000,0.2778
2746.6000,0.0000,0.0000,0.0000,0.2778
2746.7000,0.0000,0.0000,0.0000,0.2778
2746.8000,0.0000,0.0000,0.0000,0.2778
2746.9000,0.0000,0.0000,0.0000,0.2778
2747.0000,0.0000,0.0000,0.0000,0.2778
2747.1000,0.0000,0.0000,0.0000,0.2778
2747.2000,0.0000,0.0000,0.0000,0.2778
2747.3000,0.0000,0.0000,0.0000,0.2778
2747.4000,0.0000,0.0000,0.0000,0.2778
2747.5000,0.0000,0.0000,0.0000,0.2778
2747.6000,0.0000,0.0000,0.0000,0.2778
2747.7000,0.0000,0.0000,0.0000,0.2778
2747.8000,0.0000,0.0000,0.0000,0.2778
2747.9000,0.0000,0.0000,0.0000,0.2778
2748.0000,0.0000,0.0000,0.0000,0.2778
2748.1000,0.0000,0.0000,0.0000,0.2778
2748.2000,0.0000,0.0000,0.0000,0.2778
2748.3000,0.0000,0.0000,0.0000,0.2778
2748.4000,0.0000,0.0000,0.0000,0.2778
2748.5000,0.0000,0.0000,0.0000,0.2778
2748.6000,0.0000,0.0000,0.0000,0.2778
2748.7000,0.0000,0.0000,0.0000,0.2778
2748.8000,0.0000,0.0000,0.0000,0.2778
2748.9000,0.0000,0.0000,0.0000,0.2778
2749.0000,0.0000,0.0000,0.0000,0.2778
2749.1000,0.0000,0.0000,0.0000,0.2778
2749.2000,0.0000,0.0000,0.0000,0.2778
2749.3000,0.0000,0.0000,0.0000,0.2778
2749.4000,0.0000,0.0000,0.0000,0.2778
2749.5000,0.0000,0.0000,0.0000,0.2778
2749.6000,0.0000,0.0000,0.0000,0.2778
2749.7000,0.0000,0.0000,0.0000,0.2778
2749.8000,0.0000,0.0000,0.0000,0.2778
2749.9000,0.0000,0.0000,0.0000,0.2778
2750.0000,0.0000,0.0000,0.0000,0.2778
2750.1000,0.0000,0.0000,0.0000,0.2778
2750.2000,0.0000,0.0000,0.0000,0.2778
2750.3000,0.0000,0.0000,0.0000,0.2778
2750.4000,0.0000,0.0000,0.0000,0.2778
2750.5000,0.0000,0.0000,0.0000,0.2778
2750.6000,0.0000,0.0000,0.0000,0.2778
2750.7000,0.0000,0.0000,0.0000,0.2778
2750.8000,0.0000,0.0000,0.0000,0.2778
2750.9000,0.0000,0.0000,0.0000,0.2778
2751.0000,0.0000,0.0000,0.0000,0.2778
2751.1000,0.0000,0.0000,0.0000,0.2778
2751.2000,0.0000,0.0000,0.0000,0.2778
2751.3000,0.0000,0.0000,0.0000,0.2778
2751.4000,0.0000,0.0000,0.0000,0.2778
2751.5000,0.0000,0.0000,0.0000,0.2778
2751.6000,0.0000,0.0000,0.0000,0.2778
2751.7000,0.0000,0.0000,0.0000,0.2778
2751.8000,0.0000,0.0000,0.0000,0.2778
2751.9000,0.0000,0.0000,0.0000,0.2778
2752.0000,0.0000,0.0000,0.0000,0.2778
2752.1000,0.0000,0.0000,0.0000,0.2778
2752.2000,0.0000,0.0000,0.0000,0.2778
2752.3000,0.0000,0.0000,0.0000,0.2778
2752.4000,0.0000,0.0000,0.0000,0.2778
2752.5000,0.0000,0.0000,0.0000,0.2778
2752.6000,0.0000,0.0000,0.0000,0.2778
2752.7000,0.0000,0.0000,0.0000,0.2778
2752.8000,0.0000,0.0000,0.0000,0.2778
2752.9000,0.0000,0.0000,0.0000,0.2778
2753.0000,0.0000,0.0000,0.0000,0.2778
2753.1000,0.0000,0.0000,0.0000,0.2778
2753.2000,0.0000,0.0000,0.0000,0.2778
2753.3000,0.0000,0.0000,0.0000,0.2778
2753.4000,0.0000,0.0000,0.0000,0.2778
2753.5000,0.0000,0.0000,0.0000,0.2778
2753.6000,0.0000,0.0000,0.0000,0.2778
2753.7000,0.0000,0.0000,0.0000,0.2778
2753.8000,0.0000,0.0000,0.0000,0.2778
2753.9000,0.0000,0.0000,0.0000,0.2778
2754.0000,0.0000,0.0000,0.0000,0.2778
2754.1000,0.0000,0.0000,0.0000,0.2778
2754.2000,0.0000,0.0000,0.0000,0.2778
2754.3000,0.0000,0.0000,0.0000,0.2778
2754.4000,0.0000,0.0000,0.0000,0.2778
2754.5000,0.0000,0.0000,0.0000,0.2778
2754.6000,0.0000,0.0000,0.0000,0.2778
2754.7000,0.0000,0.0000,0.0000,0.2778
2754.8000,0.0000,0.0000,0.0000,0.2778
2754.9000,0.0000,0.0000,0.0000,0.2778
2755.0000,0.0000,0.0000,0.0000,0.2778
2755.1000,0.0000,0.0000,0.0000,0.2778
2755.2000,0.0000,0.0000,0.0000,0.2778
2755.3000,0.0000,0.0000,0.0000,0.2778
2755.4000,0.0000,0.0000,0.0000,0.2778
2755.5000,0.0000,0.0000,0.0000,0.2778
2755.6000,0.0000,0.0000,0.0000,0.2778
2755.7000,0.0000,0.0000,0.0000,0.2778
2755.8000,0.0000,0.0000,0.0000,0.2778
2755.9000,0.0000,0.0000,0.0000,0.2778
2756.0000,0.0000,0.0000,0.0000,0.2778
2756.1000,0.0000,0.0000,0.0000,0.2778
2756.2000,0.0000,0.0000,0.0000,0.2778
2756.3000,0.0000,0.0000,0.0000,0.2778
2756.4000,0.0000,0.0000,0.0000,0.2778
2756.5000,0.0000,0.0000,0.0000,0.2778
2756.6000,0.0000,0.0000,0.0000,0.2778
2756.7000,0.0000,0.0000,0.0000,0.2778
2756.8000,0.0000,0.0000,0.0000,0.2778
2756.9000,0.0000,0.0000,0.0000,0.2778
2757.0000,0.0000,0.0000,0.0000,0.2778
2757.1000,0.0000,0.0000,0.0000,0.2778
2757.2000,0.0000,0.0000,0.0000,0.2778
2757.3000,0.0000,0.0000,0.0000,0.2778
2757.4000,0.0000,0.0000,0.0000,0.2778
2757.5000,0.0000,0.0000,0.0000,0.2778
2757.6000,0.0000,0.0000,0.0000,0.2778
2757.7000,0.0000,0.0000,0.0000,0.2778
2757.8000,0.0000,0.0000,0.0000,0.2778
2757.9000,0.0000,0.0000,0.0000,0.2778
2758.0000,0.0000,0.0000,0.0000,0.2778
2758.1000,0.0000,0.0000,0.0000,0.2778
2758.2000,0.0000,0.0000,0.0000,0.2778
2758.3000,0.0000,0.0000,0.0000,0.2778
2758.4000,0.0000,0.0000,0.0000,0.2778
2758.5000,0.0000,0.0000,0.0000,0.2778
2758.6000,0.0000,0.0000,0.0000,0.2778
2758.7000,0.0000,0.0000,0.0000,0.2778
2758.8000,0.0000,0.0000,0.0000,0.2778
2758.9000,0.0000,0.0000,0.0000,0.2778
2759.0000,0.0000,0.0000,0.0000,0.2778
2759.1000,0.0000,0.0000,0.0000,0.2778
2759.2000,0.0000,0.0000,0.0000,0.2778
2759.3000,0.0000,0.0000,0.0000,0.2778
2759.4000,0.0000,0.0000,0.0000,0.2778
2759.5000,0.0000,0.0000,0.0000,0.2778
2759.6000,0.0000,0.0000,0.0000,0.2778
2759.7000,0.0000,0.0000,0.0000,0.2778
2759.8000,0.0000,0.0000,0.0000,0.2778
2759.9000,0.0000,0.0000,0.0000,0.2778
2760.0000,0.0000,0.0000,0.0000,0.2778
2760.1000,0.0000,0.0000,0.0000,0.2778
2760.2000,0.0000,0.0000,0.0000,0.2778
2760.3000,0.0000,0.0000,0.0000,0.2778
2760.4000,0.0000,0.0000,0.0000,0.2778
2760.5000,0.0000,0.0000,0.0000,0.2778
2760.6000,0.0000,0.0000,0.0000,0.2778
2760.7000,0.0000,0.0000,0.0000,0.2778
2760.8000,0.0000,0.0000,0.0000,0.2778
2760.9000,0.0000,0.0000,0.0000,0.2778
2761.0000,0.0000,0.0000,0.0000,0.2778
2761.1000,0.0000,0.0000,0.0000,0.2778
2761.2000,0.0000,0.0000,0.0000,0.2778
2761.3000,0.0000,0.0000,0.0000,0.2778
2761.4000,0.0000,0.0000,0.0000,0.2778
2761.5000,0.0000,0.0000,0.0000,0.2778
2761.6000,0.0000,0.0000,0.0000,0.2778
2761.7000,0.0000,0.0000,0.0000,0.2778
2761.8000,0.0000,0.0000,0.0000,0.2778
2761.9000,0.0000,0.0000,0.0000,0.2778
2762.0000,0.0000,0.0000,0.0000,0.2778
2762.1000,0.0000,0.0000,0.0000,0.2778
2762.2000,0.0000,0.0000,0.0000,0.2778
2762.3000,0.0000,0.0000,0.0000,0.2778
2762.4000,0.0000,0.0000,0.0000,0.2778
2762.5000,0.0000,0.0000,0.0000,0.2778
2762.6000,0.0000,0.0000,0.0000,0.2778
2762.7000,0.0000,0.0000,0.0000,0.2778
2762.8000,0.0000,0.0000,0.0000,0.2778
2762.9000,0.0000,0.0000,0.0000,0.2778
2763.0000,0.0000,0.0000,0.0000,0.2778
2763.1000,0.0000,0.0000,0.0000,0.2778
2763.2000,0.0000,0.0000,0.0000,0.2778
2763.3000,0.0000,0.0000,0.0000,0.2778
2763.4000,0.0000,0.0000,0.0000,0.2778
2763.5000,0.0000,0.0000,0.0000,0.2778
2763.6000,0.0000,0.0000,0.0000,0.2778
2763.7000,0.0000,0.0000,0.0000,0.2778
2763.8000,0.0000,0.0000,0.0000,0.2778
2763.9000,0.0000,0.0000,0.0000,0.2778
2764.0000,0.0000,0.0000,0.0000,0.2778
2764.1000,0.0000,0.0000,0.0000,0.2778
2764.2000,0.0000,0.0000,0.0000,0.2778
2764.3000,0.0000,0.0000,0.0000,0.2778
2764.4000,0.0000,0.0000,0.0000,0.2778
2764.5000,0.0000,0.0000,0.0000,0.2778
2764.6000,0.0000,0.0000,0.0000,0.2778
2764.7000,0.0000,0.0000,0.0000,0.2778
2764.8000,0.0000,0.0000,0.0000,0.2778
2764.9000,0.0000,0.0000,0.0000,0.2778
2765.0000,0.0000,0.0000,0.0000,0.2778
2765.1000,0.0000,0.0000,0.0000,0.2778
2765.2000,0.0000,0.0000,0.0000,0.2778
2765.3000,0.0000,0.0000,0.0000,0.2778
2765.4000,0.0000,0.0000,0.0000,0.2778
2765.5000,0.0000,0.0000,0.0000,0.2778
2765.6000,0.0000,0.0000,0.0000,0.2778
2765.7000,0.0000,0.0000,0.0000,0.2778
2765.8000,0.0000,0.0000,0.0000,0.2778
2765.9000,0.0000,0.0000,0.0000,0.2778
2766.0000,0.0000,0.0000,0.0000,0.2778
2766.1000,0.0000,0.0000,0.0000,0.2778
2766.2000,0.0000,0.0000,0.0000,0.2778
2766.3000,0.0000,0.0000,0.0000,0.2778
2766.4000,0.0000,0.0000,0.0000,0.2778
2766.5000,0.0000,0.0000,0.0000,0.2778
2766.6000,0.0000,0.0000,0.0000,0.2778
2766.7000,0.0000,0.0000,0.0000,0.2778
2766.8000,0.0000,0.0000,0.0000,0.2778
2766.9000,0.0000,0.0000,0.0000,0.2778
2767.0000,0.0000,0.0000,0.0000,0.2778
2767.1000,0.0000,0.0000,0.0000,0.2778
2767.2000,0.0000,0.0000,0.0000,0.2778
2767.3000,0.0000,0.0000,0.0000,0.2778
2767.4000,0.0000,0.0000,0.0000,0.2778
2767.5000,0.0000,0.0000,0.0000,0.2778
2767.6000,0.0000,0.0000,0.0000,0.2778
2767.7000,0.0000,0.0000,0.0000,0.2778
2767.8000,0.0000,0.0000,0.0000,0.2778
2767.9000,0.0000,0.0000,0.0000,0.2778
2768.0000,0.0000,0.0000,0.0000,0.2778
2768.1000,0.0000,0.0000,0.0000,0.2778
2768.2000,0.2672,0.0000,0.4213,0.2778
2768.3000,0.5344,0.0000,0.9687,0.6544
2768.4000,0.8906,0.0000,2.0346,0.8025
2768.5000,1.3359,0.0000,3.3671,0.9291
2768.6000,1.7812,0.0000,4.4895,0.9751
2768.7000,2.2265,0.0000,5.6119,1.0237
2768.8000,2.6718,0.0000,6.7344,1.0735
2768.9000,3.1171,0.0000,7.8568,1.1260
2769.0000,3.5623,0.0000,8.9791,1.1808
2769.1000,4.0075,0.0000,10.1013,1.2382
2769.2000,4.4527,0.0000,11.2233,1.2963
2769.3000,4.8978,0.0000,12.3450,1.3582
2769.4000,5.3429,0.0000,13.4663,1.4241
2769.5000,5.7879,0.0000,14.5871,1.4928
2769.6000,6.2328,0.0000,15.7073,1.5641
2769.7000,6.6776,0.0000,16.8267,1.6368
2769.8000,7.1223,0.0000,17.9452,1.7108
2769.9000,7.5669,0.0000,19.0627,1.7859
2770.0000,8.0113,0.0000,20.1790,1.8616
2770.1000,8.4556,0.0000,21.2938,1.9373
2770.2000,8.8997,0.0000,22.4070,2.0140
2770.3000,9.3436,0.0000,23.5185,2.0918
2770.4000,9.7873,0.0000,24.6279,2.1707
2770.5000,10.2308,0.0000,25.7350,2.2500
2770.6000,10.6739,0.0000,26.8397,2.3299
2770.7000,11.1168,0.0000,27.9416,2.4107
2770.8000,11.5594,0.0000,29.0406,2.4927
2770.9000,12.0017,0.0000,30.1362,2.5759
2771.0000,12.4436,0.0000,31.2284,2.6600
2771.1000,12.8851,0.0000,32.3166,2.7455
2771.2000,13.3262,0.0000,33.4007,2.8322
2771.3000,13.7668,0.0000,34.4804,2.9203
2771.4000,14.2070,0.0000,35.5553,3.0092
2771.5000,14.6466,0.0000,36.6251,3.0994
2771.6000,15.0858,0.0000,37.6894,3.1910
2771.7000,15.5243,0.0000,38.7480,3.2839
2771.8000,15.9622,0.0000,39.8004,3.3782
2771.9000,16.3995,0.0000,40.8462,3.4751
2772.0000,16.8362,0.0000,41.8853,3.5735
2772.1000,17.2721,0.0000,42.9170,3.6732
2772.2000,17.7073,0.0000,43.9412,3.7736
2772.3000,18.1417,0.0000,44.9573,3.7443
2772.4000,18.5752,0.0000,45.9650,3.8052
2772.5000,19.0079,0.0000,46.9639,3.8661
2772.6000,19.4397,0.0000,47.9537,3.9269
2772.7000,19.8706,0.0000,48.9338,3.9875
2772.8000,20.3005,0.0000,49.9039,3.3460
2772.9000,20.7294,0.0000,50.8636,3.4114
2773.0000,21.1572,0.0000,51.8124,3.4765
2773.1000,21.5839,0.0000,52.7501,3.5411
2773.2000,22.0095,0.0000,53.6761,3.6054
2773.3000,22.4338,0.0000,54.5750,3.6685
2773.4000,22.8567,0.0000,55.3459,3.7246
2773.5000,23.2764,0.0000,55.8994,3.7687
2773.6000,23.6914,0.0000,56.2339,3.8005
2773.7000,24.1002,0.0000,56.3482,3.8200
2773.8000,24.5014,0.0000,56.2580,3.8281
2773.9000,24.8939,0.0000,56.0725,3.8308
2774.0000,25.2782,0.0000,55.8874,3.8336
2774.1000,25.6546,0.0000,55.7025,3.6595
2774.2000,26.0235,0.0000,55.5178,3.6204
2774.3000,26.3853,0.0000,55.3333,3.5865
2774.4000,26.7401,0.0000,55.1488,3.5811
2774.5000,27.0884,0.0000,54.9645,3.5758
2774.6000,27.4303,0.0000,54.7803,3.5704
2774.7000,27.7661,0.0000,54.5962,3.5651
2774.8000,28.0959,0.0000,54.4122,3.5598
2774.9000,28.4202,0.0000,54.2283,3.5545
2775.0000,28.7389,0.0000,54.0445,3.5493
2775.1000,29.0523,0.0000,53.8608,3.5440
2775.2000,29.3606,0.0000,53.6773,3.5388
2775.3000,29.6640,0.0000,53.4939,3.5336
2775.4000,29.9625,0.0000,53.3107,3.5283
2775.5000,30.2564,0.0000,53.1277,3.5231
2775.6000,30.5458,0.0000,52.9449,3.5180
2775.7000,30.8308,0.0000,52.7623,3.5128
2775.8000,31.1115,0.0000,52.5800,3.5076
2775.9000,31.3881,0.0000,52.3980,3.5025
2776.0000,31.6607,0.0000,52.2162,3.4973
2776.1000,31.9294,0.0000,52.0348,3.4922
2776.2000,32.1942,0.0000,51.8537,3.4871
2776.3000,32.4553,0.0000,51.6730,3.4820
2776.4000,32.7128,0.0000,51.4926,3.4769
2776.5000,32.9668,0.0000,51.3127,3.4719
2776.6000,33.2173,0.0000,51.1331,3.4668
2776.7000,33.4644,0.0000,50.9540,3.4618
2776.8000,33.7083,0.0000,50.7754,3.2675
2776.9000,33.9490,0.0000,50.5972,3.2600
2777.0000,34.1865,0.0000,50.4195,3.2525
2777.1000,34.4209,0.0000,50.2424,3.2450
2777.2000,34.6524,0.0000,50.0657,3.2375
2777.3000,34.8809,0.0000,49.8896,3.2301
2777.4000,35.1066,0.0000,49.7141,3.2227
2777.5000,35.3294,0.0000,49.5391,3.2154
2777.6000,35.5495,0.0000,49.3648,3.2081
2777.7000,35.7669,0.0000,49.1910,3.2008
2777.8000,35.9816,0.0000,49.0179,3.1935
2777.9000,36.1938,0.0000,48.8454,3.1863
2778.0000,36.4034,0.0000,48.6735,3.1790
2778.1000,36.6105,0.0000,48.5023,3.1719
2778.2000,36.8152,0.0000,48.3318,3.1647
2778.3000,37.0175,0.0000,48.1620,3.1576
2778.4000,37.2174,0.0000,47.9929,3.1505
2778.5000,37.4151,0.0000,47.8244,3.1435
2778.6000,37.6105,0.0000,47.6567,3.1365
2778.7000,37.8036,0.0000,47.4897,3.1295
2778.8000,37.9946,0.0000,47.3235,3.1226
2778.9000,38.1834,0.0000,47.1580,3.1157
2779.0000,38.3701,0.0000,46.9932,3.1088
2779.1000,38.5547,0.0000,46.8292,3.1019
2779.2000,38.7373,0.0000,46.6660,3.0951
2779.3000,38.9179,0.0000,46.5036,3.0884
2779.4000,39.0965,0.0000,46.3419,3.0816
2779.5000,39.2732,0.0000,46.1811,3.0749
2779.6000,39.4480,0.0000,46.0210,3.0683
2779.7000,39.6209,0.0000,45.8618,3.0617
2779.8000,39.7919,0.0000,45.7033,3.0551
2779.9000,39.9612,0.0000,45.5457,3.0485
2780.0000,40.1286,0.0000,45.3889,3.0420
2780.1000,40.2943,0.0000,45.2329,3.0355
2780.2000,40.4583,0.0000,45.0777,3.0291
2780.3000,40.6206,0.0000,44.9234,3.0227
2780.4000,40.7811,0.0000,44.7699,3.0163
2780.5000,40.9401,0.0000,44.6173,3.0100
2780.6000,41.0974,0.0000,44.4655,3.0037
2780.7000,41.2531,0.0000,44.3145,2.9975
2780.8000,41.4072,0.0000,44.1644,2.9913
2780.9000,41.5597,0.0000,44.0151,2.9851
2781.0000,41.7108,0.0000,43.8667,2.9789
2781.1000,41.8603,0.0000,43.7191,2.9728
2781.2000,42.0083,0.0000,43.5724,2.9668
2781.3000,42.1548,0.0000,43.4266,2.9608
2781.4000,42.2999,0.0000,43.2816,2.9548
2781.5000,42.4436,0.0000,43.1374,2.9488
2781.6000,42.5859,0.0000,42.9942,2.9429
2781.7000,42.7267,0.0000,42.8518,2.9370
2781.8000,42.8662,0.0000,42.7102,2.9312
2781.9000,43.0044,0.0000,42.5695,2.9254
2782.0000,43.1412,0.0000,42.4297,2.9197
2782.1000,43.2767,0.0000,42.2907,2.9139
2782.2000,43.4109,0.0000,42.1526,2.9083
2782.3000,43.5438,0.0000,42.0153,2.9026
2782.4000,43.6755,0.0000,41.8789,2.8970
2782.5000,43.8059,0.0000,41.7433,2.8914
2782.6000,43.9350,0.0000,41.6086,2.8859
2782.7000,44.0630,0.0000,41.4748,2.8804
2782.8000,44.1898,0.0000,41.3418,2.8750
2782.9000,44.3153,0.0000,41.2097,2.8701
2783.0000,44.4397,0.0000,41.0784,2.7788
2783.1000,44.5630,0.0000,40.9479,2.7724
2783.2000,44.6851,0.0000,40.8183,2.7660
2783.3000,44.8061,0.0000,40.6896,2.7597
2783.4000,44.9260,0.0000,40.5617,2.7534
2783.5000,45.0447,0.0000,40.4346,2.7472
2783.6000,45.1624,0.0000,40.3083,2.7410
2783.7000,45.2790,0.0000,40.1829,2.7348
2783.8000,45.3946,0.0000,40.0583,2.7287
2783.9000,45.5091,0.0000,39.9346,2.7227
2784.0000,45.6226,0.0000,39.8117,2.7167
2784.1000,45.7351,0.0000,39.6896,2.7107
2784.2000,45.8465,0.0000,39.5683,2.7047
2784.3000,45.9570,0.0000,39.4478,2.6988
2784.4000,46.0665,0.0000,39.3282,2.6930
2784.5000,46.1750,0.0000,39.2093,2.6872
2784.6000,46.2825,0.0000,40.0543,2.7362
2784.7000,46.3970,0.0000,41.9011,2.8423
2784.8000,46.5185,0.0000,43.8126,2.9521
2784.9000,46.6473,0.0000,45.6477,3.0577
2785.0000,46.7825,0.0000,47.2506,3.1500
2785.1000,46.9230,0.0000,47.6366,3.1732
2785.2000,47.0599,0.0000,46.7741,3.1253
2785.3000,47.1920,0.0000,45.6229,3.0610
2785.4000,47.3184,0.0000,44.3363,2.9889
2785.5000,47.4391,0.0000,43.0821,2.9187
2785.6000,47.5543,0.0000,41.8780,2.8513
2785.7000,47.6644,0.0000,40.7222,2.7865
2785.8000,47.7695,0.0000,39.6131,2.7244
2785.9000,47.8698,0.0000,38.5490,2.6649
2786.0000,47.9657,0.0000,37.5283,2.6077
2786.1000,48.0572,0.0000,36.5495,2.5529
2786.2000,48.1447,0.0000,35.6111,2.5004
2786.3000,48.2281,0.0000,34.7116,2.4501
2786.4000,48.3079,0.0000,33.8494,2.4018
2786.5000,48.3840,0.0000,33.0232,2.3556
2786.6000,48.4567,0.0000,32.2317,2.3113
2786.7000,48.5262,0.0000,31.4734,2.2689
2786.8000,48.5925,0.0000,30.7472,2.2296
2786.9000,48.6558,0.0000,30.0517,2.1931
2787.0000,48.7163,0.0000,29.3857,2.1581
2787.1000,48.7741,0.0000,28.7480,2.1245
2787.2000,48.8293,0.0000,28.1376,2.0923
2787.3000,48.8819,0.0000,27.5534,2.0614
2787.4000,48.9323,0.0000,26.9941,2.0318
2787.5000,48.9803,0.0000,26.4590,2.0033
2787.6000,49.0262,0.0000,25.9469,1.9761
2787.7000,49.0700,0.0000,25.4569,1.9500
2787.8000,49.1119,0.0000,24.9881,1.9250
2787.9000,49.1518,0.0000,24.5397,1.9010
2788.0000,49.1900,0.0000,24.1107,1.8780
2788.1000,49.2264,0.0000,23.7004,1.8560
2788.2000,49.2613,0.0000,23.3080,1.8349
2788.3000,49.2945,0.0000,22.9327,1.8147
2788.4000,49.3263,0.0000,22.5737,1.7954
2788.5000,49.3566,0.0000,22.2305,1.7769
2788.6000,49.3855,0.0000,21.9024,1.7592
2788.7000,49.4132,0.0000,21.4959,1.7372
2788.8000,49.4389,0.0000,21.0354,1.7121
2788.9000,49.4629,0.0000,20.4496,1.6800
2789.0000,49.4840,0.0000,19.3978,1.6220
2789.1000,49.4998,0.0000,18.2186,1.5566
2789.2000,49.5119,0.0000,17.2001,1.5000
2789.3000,49.5199,0.0000,16.0906,1.4380
2789.4000,49.5234,0.0000,15.1471,1.3851
2789.5000,49.5242,0.0000,14.8844,1.3704
2789.6000,49.5258,0.0000,14.9250,1.3727
2789.7000,49.5269,0.0000,14.9105,1.3719
2789.8000,49.5283,0.0000,15.2832,1.3928
2789.9000,49.5323,0.0000,15.8577,1.4251
2790.0000,49.5380,0.0000,16.1075,1.4392
2790.1000,49.5439,0.0000,16.1418,1.4412
2790.2000,49.5499,0.0000,16.1561,1.4421
2790.3000,49.5558,0.0000,15.9436,1.4302
2790.4000,49.5601,0.0000,15.4699,1.4037
2790.5000,49.5624,0.0000,15.1018,1.3831
2790.6000,49.5640,0.0000,14.6811,1.3594
2790.7000,49.5631,0.0000,14.1492,1.3295
2790.8000,49.5606,0.0000,13.7864,1.3090
2790.9000,49.5569,0.0000,13.6209,1.2996
2791.0000,49.5531,0.0000,13.5430,1.2952
2791.1000,49.5489,0.0000,13.8869,1.3145
2791.2000,49.5478,0.0000,14.6748,1.3589
2791.3000,49.5495,0.0000,15.2354,1.3904
2791.4000,49.5527,0.0000,15.5756,1.4095
2791.5000,49.5570,0.0000,16.0486,1.4361
2791.6000,49.5638,0.0000,16.3352,1.4522
2791.7000,49.5703,0.0000,16.0658,1.4372
2791.8000,49.5749,0.0000,15.6527,1.4141
2791.9000,49.5782,0.0000,15.1570,1.3863
2792.0000,49.5791,0.0000,14.3315,1.3399
2792.1000,49.5761,0.0000,13.2121,1.2767
2792.2000,49.5685,0.0000,12.3944,1.2304
2792.3000,49.5593,0.0000,12.0325,1.2098
2792.4000,49.5489,0.0000,11.9452,1.2047
2792.5000,49.5392,0.0000,12.1239,1.2147
2792.6000,49.5302,0.0000,12.6173,1.2426
2792.7000,49.5242,0.0000,13.1600,1.2732
2792.8000,49.5194,0.0000,13.4135,1.2875
2792.9000,49.5153,0.0000,13.4199,1.2878
2793.0000,49.5106,0.0000,13.1604,1.2731
2793.1000,49.5046,0.0000,12.8413,1.2549
2793.2000,49.4974,0.0000,12.6963,1.2467
2793.3000,49.4904,0.0000,12.6995,1.2468
2793.4000,49.4833,0.0000,12.6125,1.2418
2793.5000,49.4755,0.0000,12.6332,1.2428
2793.6000,49.4686,0.0000,12.6234,1.2422
2793.7000,49.4609,0.0000,12.1950,1.2179
2793.8000,49.4507,0.0000,11.6102,1.1846
2793.9000,49.4385,0.0000,11.3900,1.1719
2794.0000,49.4267,0.0000,11.4231,1.1737
2794.1000,49.4148,0.0000,11.4675,1.1760
2794.2000,49.4034,0.0000,11.4935,1.1774
2794.3000,49.3918,0.0000,11.4639,1.1756
2794.4000,49.3802,0.0000,11.4965,1.1773
2794.5000,49.3689,0.0000,11.5271,1.1789
2794.6000,49.3575,0.0000,11.6508,1.1858
2794.7000,49.3472,0.0000,12.0797,1.2100
2794.8000,49.3392,0.0000,12.6523,1.2423
2794.9000,49.3332,0.0000,13.0525,1.2649
2795.0000,49.3283,0.0000,13.3015,1.2789
2795.1000,49.3243,0.0000,13.7335,1.3033
2795.2000,49.3227,0.0000,14.3747,1.3394
2795.3000,49.3236,0.0000,15.0268,1.3760
2795.4000,49.3270,0.0000,15.6553,1.4114
2795.5000,49.3327,0.0000,16.2709,1.4459
2795.6000,49.3408,0.0000,16.6351,1.4664
2795.7000,49.3493,0.0000,16.8030,1.4759
2795.8000,49.3586,0.0000,17.1470,1.4952
2795.9000,49.3696,0.0000,17.6136,1.5214
2796.0000,49.3825,0.0000,17.8197,1.5330
2796.1000,49.3950,0.0000,17.8118,1.5327
2796.2000,49.4078,0.0000,17.8030,1.5324
2796.3000,49.4202,0.0000,17.8013,1.5324
2796.4000,49.4328,0.0000,17.5578,1.5190
2796.5000,49.4433,0.0000,17.3438,1.5072
2796.6000,49.4543,0.0000,17.1020,1.4938
2796.7000,49.4629,0.0000,16.4686,1.4585
2796.8000,49.4690,0.0000,15.6247,1.4113
2796.9000,49.4712,0.0000,14.9984,1.3762
2797.0000,49.4725,0.0000,14.4471,1.3452
2797.1000,49.4704,0.0000,13.9389,1.3165
2797.2000,49.4678,0.0000,13.6119,1.2981
2797.3000,49.4633,0.0000,13.0737,1.2676
2797.4000,49.4566,0.0000,12.3560,1.2269
2797.5000,49.4466,0.0000,11.8014,1.1954
2797.6000,49.4358,0.0000,11.4439,1.1749
2797.7000,49.4230,0.0000,11.1693,1.1592
2797.8000,49.4101,0.0000,11.0878,1.1544
2797.9000,49.3969,0.0000,10.9963,1.1491
2798.0000,49.3833,0.0000,10.7630,1.1356
2798.1000,49.3683,0.0000,10.4778,1.1192
2798.2000,49.3526,0.0000,10.2154,1.1041
2798.3000,49.3357,0.0000,9.8398,1.0825
2798.4000,49.3172,0.0000,9.5885,1.0679
2798.5000,49.2983,0.0000,9.6357,1.0704
2798.6000,49.2803,0.0000,9.9708,1.0893
2798.7000,49.2641,0.0000,10.5032,1.1195
2798.8000,49.2502,0.0000,11.2951,1.1644
2798.9000,49.2401,0.0000,12.1099,1.2105
2799.0000,49.2325,0.0000,12.8009,1.2495
2799.1000,49.2277,0.0000,13.5171,1.2899
2799.2000,49.2256,0.0000,14.3715,1.3381
2799.3000,49.2274,0.0000,15.0645,1.3770
2799.4000,49.2306,0.0000,15.3509,1.3932
2799.5000,49.2346,0.0000,15.1986,1.3847
2799.6000,49.2366,0.0000,14.6433,1.3535
2799.7000,49.2364,0.0000,14.0364,1.3193
2799.8000,49.2337,0.0000,13.6006,1.2947
2799.9000,49.2301,0.0000,13.3905,1.2828
2800.0000,49.2259,0.0000,13.3887,1.2827
2800.1000,49.2223,0.0000,13.3112,1.2782
2800.2000,49.2174,0.0000,12.7762,1.2479
2800.3000,49.2098,0.0000,11.9917,1.2034
2800.4000,49.1990,0.0000,11.3880,1.1691
2800.5000,49.1867,0.0000,11.3303,1.1656
2800.6000,49.1755,0.0000,11.6924,1.1861
2800.7000,49.1660,0.0000,12.3046,1.2207
2800.8000,49.1595,0.0000,13.3433,1.2793
2800.9000,49.1581,0.0000,14.6995,1.3557
2801.0000,49.1621,0.0000,15.8061,1.4179
2801.1000,49.1691,0.0000,16.6723,1.4665
2801.2000,49.1797,0.0000,17.6430,1.5208
2801.3000,49.1941,0.0000,18.5831,1.5733
2801.4000,49.2118,0.0000,19.4300,1.6205
2801.5000,49.2327,0.0000,20.1840,1.6625
2801.6000,49.2561,0.0000,20.7892,1.6963
2801.7000,49.2814,0.0000,21.2524,1.7221
2801.8000,49.3083,0.0000,21.4817,1.7351
2801.9000,49.3352,0.0000,21.4474,1.7335
2802.0000,49.3617,0.0000,21.4006,1.7313
2802.1000,49.3881,0.0000,21.4341,1.7334
2802.2000,49.4147,0.0000,21.3568,1.7295
2802.3000,49.4404,0.0000,21.1982,1.7211
2802.4000,49.4656,0.0000,20.9927,1.7100
2802.5000,49.4897,0.0000,20.7189,1.6952
2802.6000,49.5126,0.0000,20.4572,1.6810
2802.7000,49.5346,0.0000,20.2071,1.6674
2802.8000,49.5555,0.0000,19.9680,1.6545
2802.9000,49.5755,0.0000,19.7394,1.6420
2803.0000,49.5946,0.0000,19.5210,1.6301
2803.1000,49.6128,0.0000,19.3122,1.6188
2803.2000,49.6303,0.0000,19.1127,1.6079
2803.3000,49.6469,0.0000,18.9221,1.5975
2803.4000,49.6628,0.0000,18.7398,1.5876
2803.5000,49.6780,0.0000,18.5657,1.5781
2803.6000,49.6925,0.0000,18.3993,1.5690
2803.7000,49.7063,0.0000,18.2403,1.5603
2803.8000,49.7195,0.0000,18.0884,1.5520
2803.9000,49.7321,0.0000,17.9432,1.5441
2804.0000,49.7442,0.0000,17.6731,1.5292
2804.1000,49.7547,0.0000,17.1430,1.4997
2804.2000,49.7627,0.0000,16.5618,1.4673
2804.3000,49.7688,0.0000,16.0432,1.4383
2804.4000,49.7728,0.0000,15.5465,1.4105
2804.5000,49.7750,0.0000,15.2215,1.3923
2804.6000,49.7766,0.0000,15.3829,1.4014
2804.7000,49.7801,0.0000,15.7652,1.4229
2804.8000,49.7845,0.0000,16.0188,1.4371
2804.9000,49.7899,0.0000,16.3237,1.4543
2805.0000,49.7966,0.0000,16.6763,1.4741
2805.1000,49.8047,0.0000,16.8136,1.4819
2805.2000,49.8124,0.0000,16.7911,1.4807
2805.3000,49.8202,0.0000,16.8446,1.4838
2805.4000,49.8283,0.0000,16.6905,1.4753
2805.5000,49.8350,0.0000,16.2405,1.4502
2805.6000,49.8396,0.0000,15.8426,1.4279
2805.7000,49.8432,0.0000,15.6848,1.4191
2805.8000,49.8466,0.0000,15.6450,1.4169
2805.9000,49.8499,0.0000,15.7510,1.4229
2806.0000,49.8542,0.0000,15.9271,1.4328
2806.1000,49.8588,0.0000,15.8941,1.4310
2806.2000,49.8627,0.0000,15.6600,1.4179
2806.3000,49.8655,0.0000,15.3767,1.4021
2806.4000,49.8673,0.0000,14.9587,1.3786
2806.5000,49.8669,0.0000,14.5017,1.3529
2806.6000,49.8653,0.0000,14.3843,1.3462
2806.7000,49.8640,0.0000,14.4661,1.3508
2806.8000,49.8630,0.0000,14.4258,1.3486
2806.9000,49.8614,0.0000,14.4723,1.3512
2807.0000,49.8608,0.0000,14.6439,1.3608
2807.1000,49.8605,0.0000,14.5016,1.3528
2807.2000,49.8588,0.0000,14.0583,1.3278
2807.3000,49.8552,0.0000,13.6561,1.3051
2807.4000,49.8504,0.0000,13.2822,1.2839
2807.5000,49.8440,0.0000,13.0259,1.2693
2807.6000,49.8373,0.0000,12.8304,1.2582
2807.7000,49.8294,0.0000,12.4225,1.2350
2807.8000,49.8196,0.0000,12.0476,1.2137
2807.9000,49.8090,0.0000,11.7958,1.1992
2808.0000,49.7974,0.0000,11.4558,1.1798
2808.1000,49.7841,0.0000,11.1556,1.1626
2808.2000,49.7703,0.0000,11.0610,1.1571
2808.3000,49.7564,0.0000,10.8019,1.1422
2808.4000,49.7407,0.0000,10.3708,1.1174
2808.5000,49.7236,0.0000,10.0392,1.0983
2808.6000,49.7053,0.0000,9.6835,1.0778
2808.7000,49.6856,0.0000,9.3570,1.0589
2808.8000,49.6650,0.0000,9.3812,1.0601
2808.9000,49.6455,0.0000,9.4295,1.0626
2809.0000,49.6253,0.0000,9.3534,1.0580
2809.1000,49.6053,0.0000,9.4425,1.0629
2809.2000,49.5859,0.0000,9.5124,1.0667
2809.3000,49.5665,0.0000,9.4267,1.0615
2809.4000,49.5465,0.0000,9.5764,1.0699
2809.5000,49.5283,0.0000,9.9526,1.0911
2809.6000,49.5112,0.0000,10.3561,1.1139
2809.7000,49.4962,0.0000,10.7704,1.1374
2809.8000,49.4823,0.0000,10.8644,1.1425
2809.9000,49.4680,0.0000,10.5430,1.1241
2810.0000,49.4517,0.0000,9.9513,1.0902
2810.1000,49.4330,0.0000,9.1347,1.0433
2810.2000,49.4105,0.0000,8.1930,0.9891
2810.3000,49.3847,0.0000,7.5661,0.9192
2810.4000,49.3575,0.0000,7.3184,0.9017
2810.5000,49.3299,0.0000,7.0727,0.8844
2810.6000,49.3009,0.0000,6.9974,0.8790
2810.7000,49.2728,0.0000,7.4849,0.9129
2810.8000,49.2476,0.0000,8.2872,0.9693
2810.9000,49.2257,0.0000,8.8471,1.0089
2811.0000,49.2049,0.0000,9.1295,1.0289
2811.1000,49.1853,0.0000,9.1184,1.0280
2811.2000,49.1645,0.0000,8.6906,0.9975
2811.3000,49.1416,0.0000,8.0795,0.9541
2811.4000,49.1162,0.0000,7.7629,0.9316
2811.5000,49.0910,0.0000,7.8731,0.9393
2811.6000,49.0665,0.0000,8.3154,0.9704
2811.7000,49.0447,0.0000,9.2324,1.0356
2811.8000,49.0274,0.0000,10.2842,1.1112
2811.9000,49.0138,0.0000,11.3084,1.1856
2812.0000,49.0044,0.0000,12.4545,1.2273
2812.1000,48.9997,0.0000,13.2039,1.2696
2812.2000,48.9960,0.0000,13.1536,1.2667
2812.3000,48.9910,0.0000,12.7226,1.2423
2812.4000,48.9840,0.0000,12.1893,1.2120
2812.5000,48.9749,0.0000,11.7017,1.1843
2812.6000,48.9642,0.0000,11.5629,1.1763
2812.7000,48.9540,0.0000,11.6232,1.1796
2812.8000,48.9439,0.0000,11.5681,1.1764
2812.9000,48.9333,0.0000,11.3632,1.1646
2813.0000,48.9216,0.0000,10.9435,1.1406
2813.1000,48.9078,0.0000,10.4866,1.1145
2813.2000,48.8927,0.0000,10.3760,1.1080
2813.3000,48.8781,0.0000,10.4894,1.1143
2813.4000,48.8638,0.0000,10.8186,1.1329
2813.5000,48.8519,0.0000,11.3714,1.1641
2813.6000,48.8419,0.0000,12.0335,1.2016
2813.7000,48.8351,0.0000,12.6925,1.2388
2813.8000,48.8303,0.0000,13.4100,1.2793
2813.9000,48.8291,0.0000,13.9864,1.3118
2814.0000,48.8287,0.0000,14.3736,1.3336
2814.1000,48.8305,0.0000,14.7357,1.3540
2814.2000,48.8329,0.0000,14.7470,1.3546
2814.3000,48.8347,0.0000,14.4762,1.3394
2814.4000,48.8351,0.0000,14.0909,1.3177
2814.5000,48.8339,0.0000,13.6718,1.2941
2814.6000,48.8311,0.0000,13.1785,1.2662
2814.7000,48.8261,0.0000,12.9163,1.2514
2814.8000,48.8212,0.0000,13.0610,1.2595
2814.9000,48.8174,0.0000,13.4997,1.2842
2815.0000,48.8159,0.0000,13.9537,1.3098
2815.1000,48.8156,0.0000,14.4476,1.3376
2815.2000,48.8179,0.0000,15.0096,1.3692
2815.3000,48.8220,0.0000,15.3248,1.3869
2815.4000,48.8267,0.0000,15.5723,1.4009
2815.5000,48.8326,0.0000,15.8757,1.4179
2815.6000,48.8397,0.0000,16.1889,1.4356
2815.7000,48.8480,0.0000,16.6123,1.4593
2815.8000,48.8584,0.0000,17.2266,1.4938
2815.9000,48.8714,0.0000,17.7743,1.5244
2816.0000,48.8859,0.0000,18.1479,1.5454
2816.1000,48.9017,0.0000,18.3976,1.5595
2816.2000,48.9180,0.0000,18.3031,1.5544
2816.3000,48.9330,0.0000,17.9324,1.5340
2816.4000,48.9465,0.0000,17.4378,1.5066
2816.5000,48.9576,0.0000,17.0763,1.4865
2816.6000,48.9682,0.0000,16.9024,1.4770
2816.7000,48.9779,0.0000,16.9585,1.4802
2816.8000,48.9889,0.0000,17.1175,1.4892
2816.9000,48.9998,0.0000,17.2207,1.4951
2817.0000,49.0115,0.0000,17.2086,1.4946
2817.1000,49.0222,0.0000,16.9425,1.4798
2817.2000,49.0319,0.0000,16.3911,1.4491
2817.3000,49.0383,0.0000,15.8364,1.4181
2817.4000,49.0436,0.0000,15.4437,1.3962
2817.5000,49.0471,0.0000,15.1027,1.3771
2817.6000,49.0497,0.0000,14.9979,1.3712
2817.7000,49.0523,0.0000,15.2916,1.3878
2817.8000,49.0572,0.0000,15.8397,1.4185
2817.9000,49.0640,0.0000,16.2227,1.4401
2818.0000,49.0719,0.0000,16.3374,1.4466
2818.1000,49.0795,0.0000,16.0831,1.4324
2818.2000,49.0854,0.0000,15.3063,1.3890
2818.3000,49.0870,0.0000,14.0434,1.3180
2818.4000,49.0831,0.0000,12.9253,1.2548
2818.5000,49.0762,0.0000,12.3223,1.2206
2818.6000,49.0677,0.0000,12.1068,1.2083
2818.7000,49.0591,0.0000,12.1092,1.2084
2818.8000,49.0507,0.0000,12.1986,1.2133
2818.9000,49.0429,0.0000,12.3351,1.2210
2819.0000,49.0355,0.0000,12.4057,1.2249
2819.1000,49.0282,0.0000,12.2517,1.2161
2819.2000,49.0197,0.0000,12.0770,1.2061
2819.3000,49.0111,0.0000,12.1292,1.2089
2819.4000,49.0030,0.0000,12.3640,1.2221
2819.5000,48.9963,0.0000,12.6346,1.2374
2819.6000,48.9903,0.0000,12.6463,1.2380
2819.7000,48.9837,0.0000,12.5043,1.2299
2819.8000,48.9767,0.0000,12.5228,1.2308
2819.9000,48.9702,0.0000,12.2902,1.2176
2820.0000,48.9614,0.0000,11.8341,1.1916
2820.1000,48.9515,0.0000,12.0037,1.2011
2820.2000,48.9440,0.0000,12.6111,1.2355
2820.3000,48.9388,0.0000,12.9767,1.2561
2820.4000,48.9342,0.0000,13.3268,1.2758
2820.5000,48.9317,0.0000,13.7181,1.2978
2820.6000,48.9301,0.0000,13.8429,1.3049
2820.7000,48.9285,0.0000,13.9825,1.3127
2820.8000,48.9280,0.0000,14.3344,1.3325
2820.9000,48.9292,0.0000,14.7004,1.3531
2821.0000,48.9315,0.0000,15.1109,1.3762
2821.1000,48.9359,0.0000,15.5585,1.4014
2821.2000,48.9416,0.0000,15.5800,1.4026
2821.3000,48.9461,0.0000,15.2721,1.3854
2821.4000,48.9495,0.0000,15.2736,1.3855
2821.5000,48.9539,0.0000,15.4284,1.3943
2821.6000,48.9585,0.0000,15.5036,1.3986
2821.7000,48.9635,0.0000,15.6557,1.4071
2821.8000,48.9692,0.0000,15.7714,1.4137
2821.9000,48.9751,0.0000,15.5663,1.4023
2822.0000,48.9792,0.0000,15.1769,1.3805
2822.1000,48.9821,0.0000,14.8574,1.3626
2822.2000,48.9836,0.0000,14.6786,1.3525
2822.3000,48.9852,0.0000,14.7690,1.3576
2822.4000,48.9874,0.0000,14.9293,1.3667
2822.5000,48.9902,0.0000,14.8914,1.3646
2822.6000,48.9921,0.0000,14.8321,1.3612
2822.7000,48.9944,0.0000,14.9989,1.3706
2822.8000,48.9977,0.0000,15.0423,1.3731
2822.9000,49.0002,0.0000,14.8061,1.3599
2823.0000,49.0017,0.0000,14.5008,1.3427
2823.1000,49.0019,0.0000,14.3357,1.3334
2823.2000,49.0020,0.0000,14.3322,1.3332
2823.3000,49.0022,0.0000,14.4889,1.3421
2823.4000,49.0036,0.0000,15.0161,1.3717
2823.5000,49.0079,0.0000,15.9598,1.4247
2823.6000,49.0165,0.0000,17.0917,1.4881
2823.7000,49.0294,0.0000,18.1821,1.5490
2823.8000,49.0463,0.0000,19.2385,1.6079
2823.9000,49.0673,0.0000,20.1569,1.6590
2824.0000,49.0912,0.0000,20.9575,1.7036
2824.1000,49.1183,0.0000,21.5176,1.7348
2824.2000,49.1463,0.0000,21.7548,1.7482
2824.3000,49.1750,0.0000,21.5442,1.7369
2824.4000,49.2013,0.0000,20.9629,1.7052
2824.5000,49.2254,0.0000,20.1951,1.6630
2824.6000,49.2457,0.0000,19.2791,1.6125
2824.7000,49.2627,0.0000,18.1762,1.5515
2824.8000,49.2744,0.0000,17.1071,1.4920
2824.9000,49.2831,0.0000,16.2271,1.4429
2825.0000,49.2881,0.0000,15.3851,1.3958
2825.1000,49.2903,0.0000,14.6264,1.3532
2825.2000,49.2895,0.0000,14.1310,1.3253
2825.3000,49.2879,0.0000,13.9567,1.3154
2825.4000,49.2857,0.0000,13.8895,1.3116
2825.5000,49.2837,0.0000,13.7679,1.3047
2825.6000,49.2806,0.0000,13.4997,1.2896
2825.7000,49.2765,0.0000,13.1145,1.2677
2825.8000,49.2704,0.0000,12.8305,1.2516
2825.9000,49.2642,0.0000,13.0715,1.2652
2826.0000,49.2600,0.0000,13.5609,1.2928
2826.1000,49.2575,0.0000,13.9578,1.3151
2826.2000,49.2564,0.0000,14.2321,1.3306
2826.3000,49.2560,0.0000,14.1328,1.3250
2826.4000,49.2541,0.0000,13.5116,1.2899
2826.5000,49.2490,0.0000,12.9267,1.2568
2826.6000,49.2426,0.0000,12.5891,1.2377
2826.7000,49.2349,0.0000,12.4945,1.2322
2826.8000,49.2279,0.0000,12.8068,1.2498
2826.9000,49.2226,0.0000,13.1656,1.2700
2827.0000,49.2184,0.0000,13.5687,1.2927
2827.1000,49.2162,0.0000,14.2069,1.3287
2827.2000,49.2168,0.0000,14.8222,1.3633
2827.3000,49.2194,0.0000,15.4019,1.3959
2827.4000,49.2245,0.0000,16.2204,1.4418
2827.5000,49.2333,0.0000,16.9511,1.4828
2827.6000,49.2439,0.0000,17.4833,1.5126
2827.7000,49.2568,0.0000,17.8556,1.5335
2827.8000,49.2702,0.0000,17.7698,1.5289
2827.9000,49.2823,0.0000,17.3561,1.5060
2828.0000,49.2925,0.0000,16.7348,1.4714
2828.1000,49.2999,0.0000,16.0610,1.4338
2828.2000,49.3049,0.0000,15.6632,1.4116
2828.3000,49.3091,0.0000,15.7375,1.4158
2828.4000,49.3147,0.0000,16.0669,1.4343
2828.5000,49.3214,0.0000,16.4727,1.4571
2828.6000,49.3301,0.0000,16.7445,1.4724
2828.7000,49.3388,0.0000,16.8989,1.4811
2828.8000,49.3486,0.0000,17.0044,1.4871
2828.9000,49.3582,0.0000,16.6995,1.4702
2829.0000,49.3656,0.0000,16.3834,1.4526
2829.1000,49.3727,0.0000,16.2927,1.4476
2829.2000,49.3793,0.0000,16.0503,1.4341
2829.3000,49.3845,0.0000,15.6887,1.4139
2829.4000,49.3884,0.0000,15.4747,1.4020
2829.5000,49.3920,0.0000,14.9003,1.3697
2829.6000,49.3915,0.0000,13.8333,1.3097
2829.7000,49.3869,0.0000,12.7406,1.2479
2829.8000,49.3780,0.0000,11.6945,1.1885
2829.9000,49.3655,0.0000,10.8771,1.1419
2830.0000,49.3504,0.0000,10.4997,1.1203
2830.1000,49.3350,0.0000,10.3792,1.1132
2830.2000,49.3191,0.0000,10.5185,1.1210
2830.3000,49.3048,0.0000,10.9641,1.1462
2830.4000,49.2923,0.0000,11.3984,1.1707
2830.5000,49.2814,0.0000,11.6719,1.1861
2830.6000,49.2711,0.0000,11.8353,1.1953
2830.7000,49.2615,0.0000,11.8130,1.1939
2830.8000,49.2511,0.0000,11.4058,1.1707
2830.9000,49.2384,0.0000,10.7383,1.1326
2831.0000,49.2228,0.0000,10.0553,1.0935
2831.1000,49.2050,0.0000,9.4916,1.0611
2831.2000,49.1852,0.0000,9.0302,1.0345
2831.3000,49.1638,0.0000,8.7357,1.0174
2831.4000,49.1418,0.0000,8.6258,1.0109
2831.5000,49.1197,0.0000,8.7482,1.0176
2831.6000,49.0988,0.0000,9.1619,1.0411
2831.7000,49.0799,0.0000,9.2992,1.0487
2831.8000,49.0601,0.0000,8.9401,1.0279
2831.9000,49.0385,0.0000,8.4929,1.0021
2832.0000,49.0153,0.0000,8.0586,0.9769
2832.1000,48.9905,0.0000,7.2681,0.8962
2832.2000,48.9612,0.0000,6.4390,0.8383
2832.3000,48.9301,0.0000,6.2174,0.8228
2832.4000,48.8993,0.0000,6.3096,0.8290
2832.5000,48.8689,0.0000,6.4057,0.8354
2832.6000,48.8389,0.0000,6.8554,0.8666
2832.7000,48.8122,0.0000,7.7950,0.9324
2832.8000,48.7895,0.0000,8.5857,0.9883
2832.9000,48.7689,0.0000,9.1317,1.0272
2833.0000,48.7506,0.0000,9.5739,1.0589
2833.1000,48.7335,0.0000,9.8398,1.0780
2833.2000,48.7173,0.0000,10.0499,1.0931
2833.3000,48.7019,0.0000,10.4603,1.1228
2833.4000,48.6889,0.0000,11.0805,1.1680
2833.5000,48.6783,0.0000,11.4771,1.1971
2833.6000,48.6684,0.0000,11.5652,1.2036
2833.7000,48.6586,0.0000,11.3960,1.1911
2833.8000,48.6475,0.0000,11.0226,1.1636
2833.9000,48.6348,0.0000,10.7253,1.1419
2834.0000,48.6214,0.0000,10.8765,1.1529
2834.1000,48.6099,0.0000,11.3213,1.1855
2834.2000,48.6000,0.0000,11.8534,1.2247
2834.3000,48.5927,0.0000,12.5272,1.2267
2834.4000,48.5881,0.0000,13.1863,1.2639
2834.5000,48.5859,0.0000,13.9083,1.3046
2834.6000,48.5869,0.0000,14.7162,1.3500
2834.7000,48.5910,0.0000,15.4870,1.3934
2834.8000,48.5980,0.0000,16.0978,1.4277
2834.9000,48.6068,0.0000,16.5936,1.4555
2835.0000,48.6176,0.0000,16.7739,1.4657
2835.1000,48.6278,0.0000,16.4903,1.4499
2835.2000,48.6363,0.0000,16.1716,1.4322
2835.3000,48.6440,0.0000,16.1016,1.4284
2835.4000,48.6519,0.0000,16.0988,1.4283
2835.5000,48.6595,0.0000,16.1938,1.4337
2835.6000,48.6681,0.0000,16.7447,1.4646
2835.7000,48.6800,0.0000,17.4315,1.5031
2835.8000,48.6939,0.0000,17.7397,1.5204
2835.9000,48.7081,0.0000,17.8214,1.5252
2836.0000,48.7226,0.0000,17.7765,1.5228
2836.1000,48.7363,0.0000,17.5386,1.5097
2836.2000,48.7489,0.0000,17.2135,1.4918
2836.3000,48.7601,0.0000,16.9707,1.4783
2836.4000,48.7707,0.0000,16.9652,1.4781
2836.5000,48.7818,0.0000,17.0661,1.4839
2836.6000,48.7931,0.0000,17.1302,1.4876
2836.7000,48.8047,0.0000,17.3627,1.5007
2836.8000,48.8178,0.0000,17.8502,1.5280
2836.9000,48.8330,0.0000,18.2417,1.5500
2837.0000,48.8491,0.0000,18.5073,1.5650
2837.1000,48.8663,0.0000,18.9438,1.5894
2837.2000,48.8856,0.0000,19.2921,1.6090
2837.3000,48.9055,0.0000,19.5616,1.6241
2837.4000,48.9268,0.0000,19.8999,1.6431
2837.5000,48.9491,0.0000,20.4007,1.6711
2837.6000,48.9742,0.0000,21.0515,1.7073
2837.7000,49.0014,0.0000,21.6069,1.7383
2837.8000,49.0306,0.0000,21.8821,1.7538
2837.9000,49.0598,0.0000,22.0381,1.7627
2838.0000,49.0900,0.0000,22.1553,1.7695
2838.1000,49.1199,0.0000,22.0868,1.7661
2838.2000,49.1495,0.0000,22.0421,1.7640
2838.3000,49.1789,0.0000,22.1149,1.7684
2838.4000,49.2088,0.0000,22.1533,1.7709
2838.5000,49.2384,0.0000,22.1524,1.7712
2838.6000,49.2681,0.0000,22.1853,1.7734
2838.7000,49.2978,0.0000,22.1993,1.7745
2838.8000,49.3275,0.0000,22.0501,1.7666
2838.9000,49.3558,0.0000,21.4695,1.7350
2839.0000,49.3810,0.0000,20.9738,1.7080
2839.1000,49.4054,0.0000,20.7331,1.6950
2839.2000,49.4285,0.0000,20.4493,1.6796
2839.3000,49.4506,0.0000,20.3119,1.6722
2839.4000,49.4726,0.0000,20.5190,1.6839
2839.5000,49.4962,0.0000,20.5280,1.6847
2839.6000,49.5181,0.0000,20.2175,1.6678
2839.7000,49.5392,0.0000,19.9972,1.6559
2839.8000,49.5594,0.0000,19.7242,1.6410
2839.9000,49.5783,0.0000,19.4631,1.6267
2840.0000,49.5964,0.0000,19.3329,1.6197
2840.1000,49.6142,0.0000,19.2088,1.6131
2840.2000,49.6313,0.0000,19.0137,1.6024
2840.3000,49.6475,0.0000,18.8701,1.5946
2840.4000,49.6634,0.0000,18.7331,1.5872
2840.5000,49.6785,0.0000,18.5592,1.5777
2840.6000,49.6930,0.0000,18.3931,1.5687
2840.7000,49.7068,0.0000,18.2344,1.5600
2840.8000,49.7200,0.0000,18.0828,1.5517
2840.9000,49.7326,0.0000,17.9378,1.5438
2841.0000,49.7446,0.0000,17.7994,1.5362
2841.1000,49.7561,0.0000,17.6671,1.5290
2841.2000,49.7671,0.0000,17.5407,1.5220
2841.3000,49.7776,0.0000,17.4199,1.5154
2841.4000,49.7876,0.0000,17.3045,1.5091
2841.5000,49.7972,0.0000,17.1943,1.5031
2841.6000,49.8063,0.0000,16.9227,1.4880
2841.7000,49.8137,0.0000,16.5777,1.4688
2841.8000,49.8202,0.0000,16.2539,1.4507
2841.9000,49.8252,0.0000,15.9818,1.4355
2842.0000,49.8296,0.0000,15.7881,1.4247
2842.1000,49.8331,0.0000,15.8158,1.4263
2842.2000,49.8377,0.0000,16.0218,1.4379
2842.3000,49.8427,0.0000,16.2127,1.4487
2842.4000,49.8487,0.0000,16.3181,1.4547
2842.5000,49.8545,0.0000,16.2611,1.4515
2842.6000,49.8600,0.0000,15.9310,1.4331
2842.7000,49.8633,0.0000,15.3630,1.4013
2842.8000,49.8646,0.0000,14.6259,1.3598
2842.9000,49.8622,0.0000,13.7335,1.3095
2843.0000,49.8567,0.0000,12.8953,1.2621
2843.1000,49.8481,0.0000,12.2150,1.2235
2843.2000,49.8375,0.0000,11.5752,1.1871
2843.3000,49.8240,0.0000,11.0162,1.1551
2843.4000,49.8092,0.0000,10.6545,1.1344
2843.5000,49.7931,0.0000,10.3897,1.1191
2843.6000,49.7763,0.0000,10.4409,1.1218
2843.7000,49.7606,0.0000,10.7714,1.1405
2843.8000,49.7464,0.0000,11.2753,1.1690
2843.9000,49.7346,0.0000,12.0054,1.2103
2844.0000,49.7260,0.0000,12.9014,1.2609
2844.1000,49.7210,0.0000,13.6332,1.3022
2844.2000,49.7180,0.0000,14.4157,1.3463
2844.3000,49.7190,0.0000,15.1828,1.3894
2844.4000,49.7218,0.0000,15.4727,1.4058
2844.5000,49.7249,0.0000,15.5127,1.4080
2844.6000,49.7280,0.0000,15.4346,1.4037
2844.7000,49.7306,0.0000,15.0780,1.3837
2844.8000,49.7309,0.0000,14.7656,1.3661
2844.9000,49.7311,0.0000,14.7867,1.3673
2845.0000,49.7316,0.0000,14.7949,1.3678
2845.1000,49.7319,0.0000,14.8662,1.3718
2845.2000,49.7330,0.0000,15.0129,1.3801
2845.3000,49.7343,0.0000,14.9443,1.3762
2845.4000,49.7349,0.0000,14.5270,1.3528
2845.5000,49.7330,0.0000,14.0404,1.3253
2845.6000,49.7299,0.0000,13.8396,1.3140
2845.7000,49.7266,0.0000,13.7165,1.3070
2845.8000,49.7225,0.0000,13.5127,1.2954
2845.9000,49.7176,0.0000,13.6793,1.3048
2846.0000,49.7149,0.0000,13.9781,1.3216
2846.1000,49.7123,0.0000,13.7068,1.3063
2846.2000,49.7074,0.0000,13.3024,1.2834
2846.3000,49.7018,0.0000,13.1779,1.2763
2846.4000,49.6961,0.0000,13.0579,1.2694
2846.5000,49.6895,0.0000,12.8402,1.2570
2846.6000,49.6822,0.0000,12.8225,1.2559
2846.7000,49.6755,0.0000,12.8765,1.2589
2846.8000,49.6686,0.0000,12.9201,1.2613
2846.9000,49.6623,0.0000,13.1175,1.2724
2847.0000,49.6569,0.0000,13.4361,1.2903
2847.1000,49.6531,0.0000,13.8920,1.3160
2847.2000,49.6511,0.0000,14.4256,1.3461
2847.3000,49.6514,0.0000,14.7312,1.3633
2847.4000,49.6518,0.0000,14.6127,1.3566
2847.5000,49.6511,0.0000,14.2481,1.3361
2847.6000,49.6487,0.0000,13.6364,1.3015
2847.7000,49.6434,0.0000,12.7992,1.2542
2847.8000,49.6347,0.0000,12.1732,1.2186
2847.9000,49.6247,0.0000,11.7664,1.1954
2848.0000,49.6129,0.0000,11.6210,1.1870
2848.1000,49.6018,0.0000,11.9183,1.2038
2848.2000,49.5923,0.0000,12.2400,1.2219
2848.3000,49.5837,0.0000,12.3090,1.2257
2848.4000,49.5748,0.0000,12.3119,1.2258
2848.5000,49.5663,0.0000,12.1858,1.2185
2848.6000,49.5564,0.0000,11.7291,1.1925
2848.7000,49.5444,0.0000,11.6239,1.1864
2848.8000,49.5338,0.0000,11.9640,1.2056
2848.9000,49.5245,0.0000,12.1715,1.2173
2849.0000,49.5155,0.0000,12.2186,1.2198
2849.1000,49.5065,0.0000,12.1870,1.2179
2849.2000,49.4973,0.0000,12.1464,1.2155
2849.3000,49.4881,0.0000,12.0960,1.2126
2849.4000,49.4785,0.0000,12.3264,1.2255
2849.5000,49.4711,0.0000,12.8001,1.2522
2849.6000,49.4652,0.0000,13.1898,1.2742
2849.7000,49.4608,0.0000,13.2442,1.2772
2849.8000,49.4553,0.0000,12.9810,1.2623
2849.9000,49.4489,0.0000,12.5952,1.2404
2850.0000,49.4405,0.0000,12.3108,1.2242
2850.1000,49.4319,0.0000,12.3029,1.2236
2850.2000,49.4235,0.0000,12.2187,1.2188
2850.3000,49.4143,0.0000,12.0994,1.2119
2850.4000,49.4050,0.0000,12.0233,1.2075
2850.5000,49.3953,0.0000,11.9427,1.2028
2850.6000,49.3854,0.0000,11.8062,1.1949
2850.7000,49.3747,0.0000,11.9021,1.2002
2850.8000,49.3656,0.0000,12.3254,1.2241
2850.9000,49.3582,0.0000,12.6013,1.2397
2851.0000,49.3512,0.0000,12.7389,1.2474
2851.1000,49.3449,0.0000,12.8775,1.2551
2851.2000,49.3390,0.0000,12.7596,1.2484
2851.3000,49.3317,0.0000,12.3346,1.2243
2851.4000,49.3226,0.0000,12.0389,1.2074
2851.5000,49.3132,0.0000,12.1206,1.2119
2851.6000,49.3047,0.0000,12.4716,1.2317
2851.7000,49.2980,0.0000,13.0473,1.2642
2851.8000,49.2940,0.0000,13.8359,1.3087
2851.9000,49.2933,0.0000,14.6135,1.3525
2852.0000,49.2953,0.0000,14.8284,1.3646
2852.1000,49.2962,0.0000,14.6037,1.3519
2852.2000,49.2964,0.0000,14.1141,1.3244
2852.3000,49.2936,0.0000,13.3282,1.2800
2852.4000,49.2878,0.0000,12.4256,1.2289
2852.5000,49.2782,0.0000,11.6419,1.1844
2852.6000,49.2664,0.0000,11.2369,1.1612
2852.7000,49.2537,0.0000,11.1299,1.1550
2852.8000,49.2411,0.0000,11.2128,1.1596
2852.9000,49.2291,0.0000,11.6333,1.1833
2853.0000,49.2198,0.0000,12.1830,1.2144
2853.1000,49.2120,0.0000,12.1622,1.2131
2853.2000,49.2026,0.0000,11.7763,1.1911
2853.3000,49.1919,0.0000,11.3835,1.1687
2853.4000,49.1795,0.0000,10.7079,1.1302
2853.5000,49.1636,0.0000,9.9299,1.0857
2853.6000,49.1454,0.0000,9.5977,1.0665
2853.7000,49.1270,0.0000,9.7229,1.0734
2853.8000,49.1098,0.0000,10.1108,1.0954
2853.9000,49.0944,0.0000,10.7587,1.1321
2854.0000,49.0822,0.0000,11.4487,1.1712
2854.1000,49.0723,0.0000,11.9448,1.1992
2854.2000,49.0639,0.0000,12.0763,1.2066
2854.3000,49.0550,0.0000,11.8628,1.1943
2854.4000,49.0450,0.0000,11.8004,1.1907
2854.5000,49.0357,0.0000,11.8808,1.1951
2854.6000,49.0264,0.0000,11.9955,1.2015
2854.7000,49.0179,0.0000,12.4847,1.2292
2854.8000,49.0124,0.0000,13.5118,1.2871
2854.9000,49.0119,0.0000,14.7697,1.3580
2855.0000,49.0161,0.0000,16.0830,1.4317
2855.1000,49.0257,0.0000,17.5110,1.5116
2855.2000,49.0408,0.0000,18.9403,1.5913
2855.3000,49.0613,0.0000,19.7421,1.6360
2855.4000,49.0825,0.0000,19.7099,1.6345
2855.5000,49.1027,0.0000,19.4689,1.6214
2855.6000,49.1220,0.0000,19.3352,1.6142
2855.7000,49.1410,0.0000,19.1663,1.6050
2855.8000,49.1589,0.0000,19.1530,1.6045
2855.9000,49.1777,0.0000,19.5703,1.6279
2856.0000,49.1987,0.0000,20.2826,1.6676
2856.1000,49.2229,0.0000,20.7652,1.6945
2856.2000,49.2475,0.0000,20.8987,1.7022
2856.3000,49.2726,0.0000,21.0382,1.7102
2856.4000,49.2981,0.0000,21.0426,1.7108
2856.5000,49.3231,0.0000,20.7786,1.6965
2856.6000,49.3464,0.0000,20.6416,1.6892
2856.7000,49.3702,0.0000,20.6942,1.6924
2856.8000,49.3938,0.0000,20.5623,1.6854
2856.9000,49.4165,0.0000,20.4456,1.6792
2857.0000,49.4392,0.0000,20.4441,1.6794
2857.1000,49.4617,0.0000,20.1597,1.6639
2857.2000,49.4820,0.0000,19.8616,1.6477
2857.3000,49.5022,0.0000,19.7334,1.6408
2857.4000,49.5215,0.0000,19.2515,1.6143
2857.5000,49.5379,0.0000,18.5934,1.5779
2857.6000,49.5520,0.0000,18.2896,1.5612
2857.7000,49.5661,0.0000,18.1888,1.5558
2857.8000,49.5794,0.0000,18.2002,1.5566
2857.9000,49.5934,0.0000,18.4814,1.5724
2858.0000,49.6088,0.0000,18.8016,1.5904
2858.1000,49.6252,0.0000,18.9761,1.6003
2858.2000,49.6418,0.0000,18.9481,1.5989
2858.3000,49.6580,0.0000,18.7952,1.5906
2858.4000,49.6734,0.0000,18.6186,1.5810
2858.5000,49.6881,0.0000,18.4499,1.5718
2858.6000,49.7021,0.0000,18.2886,1.5630
2858.7000,49.7155,0.0000,18.1346,1.5545
2858.8000,49.7283,0.0000,17.9874,1.5465
2858.9000,49.7405,0.0000,17.8467,1.5388
2859.0000,49.7522,0.0000,17.7123,1.5314
2859.1000,49.7634,0.0000,17.5839,1.5244
2859.2000,49.7740,0.0000,17.4612,1.5177
2859.3000,49.7842,0.0000,17.3440,1.5113
2859.4000,49.7939,0.0000,17.2320,1.5051
2859.5000,49.8032,0.0000,17.1250,1.4993
2859.6000,49.8120,0.0000,17.0228,1.4937
2859.7000,49.8205,0.0000,16.9251,1.4883
2859.8000,49.8286,0.0000,16.8318,1.4832
2859.9000,49.8363,0.0000,16.7427,1.4783
2860.0000,49.8436,0.0000,16.6576,1.4736
2860.1000,49.8507,0.0000,16.5762,1.4691
2860.2000,49.8574,0.0000,16.4986,1.4649
2860.3000,49.8638,0.0000,16.4243,1.4608
2860.4000,49.8699,0.0000,16.3534,1.4569
2860.5000,49.8758,0.0000,16.2857,1.4532
2860.6000,49.8814,0.0000,16.2210,1.4496
2860.7000,49.8867,0.0000,16.1593,1.4462
2860.8000,49.8918,0.0000,16.1002,1.4430
2860.9000,49.8967,0.0000,16.0439,1.4399
2861.0000,49.9013,0.0000,15.9900,1.4369
2861.1000,49.9058,0.0000,15.9386,1.4341
2861.2000,49.9100,0.0000,15.8894,1.4314
2861.3000,49.9141,0.0000,15.8425,1.4288
2861.4000,49.9179,0.0000,15.7977,1.4263
2861.5000,49.9216,0.0000,15.7549,1.4240
2861.6000,49.9252,0.0000,15.7140,1.4217
2861.7000,49.9285,0.0000,15.6749,1.4196
2861.8000,49.9317,0.0000,15.6376,1.4175
2861.9000,49.9348,0.0000,15.6020,1.4155
2862.0000,49.9377,0.0000,15.5680,1.4137
2862.1000,49.9405,0.0000,15.5355,1.4119
2862.2000,49.9432,0.0000,15.5044,1.4102
2862.3000,49.9458,0.0000,15.4748,1.4085
2862.4000,49.9482,0.0000,15.4464,1.4070
2862.5000,49.9505,0.0000,15.4194,1.4055
2862.6000,49.9528,0.0000,15.3936,1.4040
2862.7000,49.9549,0.0000,15.3689,1.4027
2862.8000,49.9569,0.0000,15.3453,1.4014
2862.9000,49.9589,0.0000,15.3228,1.4001
2863.0000,49.9607,0.0000,15.3013,1.3990
2863.1000,49.9625,0.0000,15.2808,1.3978
2863.2000,49.9642,0.0000,15.2612,1.3967
2863.3000,49.9658,0.0000,15.2425,1.3957
2863.4000,49.9673,0.0000,15.2246,1.3947
2863.5000,49.9688,0.0000,15.2075,1.3938
2863.6000,49.9702,0.0000,15.1912,1.3929
2863.7000,49.9715,0.0000,15.1756,1.3920
2863.8000,49.9728,0.0000,15.1607,1.3912
2863.9000,49.9740,0.0000,15.1465,1.3904
2864.0000,49.9752,0.0000,15.1330,1.3897
2864.1000,49.9763,0.0000,15.1200,1.3889
2864.2000,49.9774,0.0000,15.1076,1.3883
2864.3000,49.9784,0.0000,15.0430,1.3846
2864.4000,49.9790,0.0000,14.9320,1.3784
2864.5000,49.9792,0.0000,14.8361,1.3730
2864.6000,49.9790,0.0000,14.6863,1.3646
2864.7000,49.9781,0.0000,14.5012,1.3542
2864.8000,49.9765,0.0000,14.4839,1.3532
2864.9000,49.9754,0.0000,14.5004,1.3541
2865.0000,49.9740,0.0000,14.4538,1.3514
2865.1000,49.9726,0.0000,14.4377,1.3505
2865.2000,49.9710,0.0000,14.3679,1.3466
2865.3000,49.9691,0.0000,14.1532,1.3344
2865.4000,49.9660,0.0000,13.9108,1.3207
2865.5000,49.9622,0.0000,13.8858,1.3193
2865.6000,49.9589,0.0000,14.0635,1.3293
2865.7000,49.9565,0.0000,14.2861,1.3418
2865.8000,49.9548,0.0000,14.3778,1.3469
2865.9000,49.9531,0.0000,14.5771,1.3581
2866.0000,49.9530,0.0000,14.8041,1.3709
2866.1000,49.9530,0.0000,14.8491,1.3734
2866.2000,49.9532,0.0000,14.9043,1.3765
2866.3000,49.9537,0.0000,15.0476,1.3846
2866.4000,49.9550,0.0000,15.1574,1.3908
2866.5000,49.9562,0.0000,15.1429,1.3900
2866.6000,49.9574,0.0000,15.0349,1.3839
2866.7000,49.9578,0.0000,14.9625,1.3799
2866.8000,49.9585,0.0000,15.0154,1.3829
2866.9000,49.9593,0.0000,4.5944,0.7199
2867.0000,49.8812,0.0000,-16.2895,0.0000
2867.1000,49.7241,0.0000,-36.9718,0.0000
2867.2000,49.4889,0.0000,-57.4528,0.0000
2867.3000,49.1746,0.0000,-77.6825,0.0000
2867.4000,48.7819,0.0000,-87.3149,0.0000
2867.5000,48.3891,0.0000,-86.7116,0.0000
2867.6000,47.9963,0.0000,-86.1059,0.0000
2867.7000,47.6035,0.0000,-85.4978,0.0000
2867.8000,47.2107,0.0000,-84.8873,0.0000
2867.9000,46.8179,0.0000,-84.2745,0.0000
2868.0000,46.4252,0.0000,-83.6593,0.0000
2868.1000,46.0324,0.0000,-83.0418,0.0000
2868.2000,45.6396,0.0000,-82.4220,0.0000
2868.3000,45.2468,0.0000,-81.7999,0.0000
2868.4000,44.8540,0.0000,-81.1755,0.0000
2868.5000,44.4612,0.0000,-80.5489,0.0000
2868.6000,44.0685,0.0000,-79.9201,0.0000
2868.7000,43.6757,0.0000,-79.2890,0.0000
2868.8000,43.2829,0.0000,-78.6558,0.0000
2868.9000,42.8901,0.0000,-78.0205,0.0000
2869.0000,42.4973,0.0000,-77.3829,0.0000
2869.1000,42.1045,0.0000,-76.7433,0.0000
2869.2000,41.7117,0.0000,-76.1015,0.0000
2869.3000,41.3190,0.0000,-75.4577,0.0000
2869.4000,40.9262,0.0000,-74.8118,0.0000
2869.5000,40.5334,0.0000,-74.1638,0.0000
2869.6000,40.1406,0.0000,-73.5139,0.0000
2869.7000,39.7478,0.0000,-72.8619,0.0000
2869.8000,39.3550,0.0000,-72.2079,0.0000
2869.9000,38.9623,0.0000,-71.5520,0.0000
2870.0000,38.5695,0.0000,-70.8941,0.0000
2870.1000,38.1767,0.0000,-70.2343,0.0000
2870.2000,37.7839,0.0000,-69.5726,0.0000
2870.3000,37.3911,0.0000,-68.9090,0.0000
2870.4000,36.9983,0.0000,-68.2435,0.0000
2870.5000,36.6056,0.0000,-67.5761,0.0000
2870.6000,36.2128,0.0000,-66.9070,0.0000
2870.7000,35.8200,0.0000,-66.2360,0.0000
2870.8000,35.4272,0.0000,-65.5632,0.0000
2870.9000,35.0344,0.0000,-64.8887,0.0000
2871.0000,34.6416,0.0000,-64.2124,0.0000
2871.1000,34.2488,0.0000,-63.5344,0.0000
2871.2000,33.8561,0.0000,-62.8547,0.0000
2871.3000,33.4633,0.0000,-62.1733,0.0000
2871.4000,33.0705,0.0000,-61.4902,0.0000
2871.5000,32.6777,0.0000,-60.8054,0.0000
2871.6000,32.2849,0.0000,-60.1190,0.0000
2871.7000,31.8921,0.0000,-59.4310,0.0000
2871.8000,31.4994,0.0000,-58.7414,0.0000
2871.9000,31.1066,0.0000,-58.0503,0.0000
2872.0000,30.7138,0.0000,-57.3575,0.0000
2872.1000,30.3210,0.0000,-56.6633,0.0000
2872.2000,29.9282,0.0000,-55.9675,0.0000
2872.3000,29.5354,0.0000,-55.2702,0.0000
2872.4000,29.1426,0.0000,-54.5715,0.0000
2872.5000,28.7499,0.0000,-53.8713,0.0000
2872.6000,28.3571,0.0000,-53.1697,0.0000
2872.7000,27.9643,0.0000,-52.4666,0.0000
2872.8000,27.5715,0.0000,-51.7621,0.0000
2872.9000,27.1787,0.0000,-51.0563,0.0000
2873.0000,26.7859,0.0000,-50.3491,0.0000
2873.1000,26.3932,0.0000,-49.6406,0.0000
2873.2000,26.0004,0.0000,-48.9307,0.0000
2873.3000,25.6076,0.0000,-48.2196,0.0000
2873.4000,25.2148,0.0000,-47.5071,0.0000
2873.5000,24.8220,0.0000,-46.7934,0.0000
2873.6000,24.4292,0.0000,-46.0785,0.0000
2873.7000,24.0365,0.0000,-45.3624,0.0000
2873.8000,23.6437,0.0000,-44.6450,0.0000
2873.9000,23.2509,0.0000,-43.9265,0.0000
2874.0000,22.8581,0.0000,-43.2067,0.0000
2874.1000,22.4653,0.0000,-42.4859,0.0000
2874.2000,22.0725,0.0000,-41.7639,0.0000
2874.3000,21.6797,0.0000,-41.0409,0.0000
2874.4000,21.2870,0.0000,-40.3167,0.0000
2874.5000,20.8942,0.0000,-39.5915,0.0000
2874.6000,20.5014,0.0000,-38.8652,0.0000
2874.7000,20.1086,0.0000,-38.1379,0.0000
2874.8000,19.7158,0.0000,-37.4096,0.2778
2874.9000,19.3230,0.0000,-36.6803,0.2778
2875.0000,18.9303,0.0000,-35.9501,0.2778
2875.1000,18.5375,0.0000,-35.2189,0.2778
2875.2000,18.1447,0.0000,-34.4868,0.2778
2875.3000,17.7519,0.0000,-33.7538,0.2778
2875.4000,17.3591,0.0000,-33.0198,0.2778
2875.5000,16.9663,0.0000,-32.2851,0.2778
2875.6000,16.5735,0.0000,-31.5494,0.2778
2875.7000,16.1808,0.0000,-30.8130,0.2778
2875.8000,15.7880,0.0000,-30.0757,0.2778
2875.9000,15.3952,0.0000,-29.3376,0.2778
2876.0000,15.0024,0.0000,-28.5988,0.2778
2876.1000,14.6096,0.0000,-27.8592,0.2778
2876.2000,14.2168,0.0000,-27.1189,0.2778
2876.3000,13.8241,0.0000,-26.3779,0.2778
2876.4000,13.4313,0.0000,-25.6362,0.2778
2876.5000,13.0385,0.0000,-24.8938,0.2778
2876.6000,12.6457,0.0000,-24.1508,0.2778
2876.7000,12.2529,0.0000,-23.4071,0.2778
2876.8000,11.8601,0.0000,-22.6628,0.2778
2876.9000,11.4674,0.0000,-21.9179,0.2778
2877.0000,11.0746,0.0000,-21.1725,0.2778
2877.1000,10.6818,0.0000,-20.4265,0.2778
2877.2000,10.2890,0.0000,-19.6800,0.2778
2877.3000,9.8962,0.0000,-18.9329,0.2778
2877.4000,9.5034,0.0000,-18.1854,0.2778
2877.5000,9.1106,0.0000,-17.4374,0.2778
2877.6000,8.7179,0.0000,-16.6889,0.2778
2877.7000,8.3251,0.0000,-15.9400,0.2778
2877.8000,7.9323,0.0000,-15.1906,0.2778
2877.9000,7.5395,0.0000,-14.4409,0.2778
2878.0000,7.1467,0.0000,-13.6908,0.2778
2878.1000,6.7539,0.0000,-12.9404,0.2778
2878.2000,6.3612,0.0000,-12.1896,0.2778
2878.3000,5.9684,0.0000,-11.3885,0.2778
2878.4000,5.5787,0.0000,-10.7895,0.2778
2878.5000,5.1763,0.0000,-10.2452,0.2778
2878.6000,4.7697,0.0000,-9.4470,0.2778
2878.7000,4.3668,0.0000,-8.4817,0.2778
2878.8000,3.9747,0.0000,-7.4583,0.2778
2878.9000,3.5967,0.0000,-6.2729,0.2778
2879.0000,3.2547,0.0000,-5.0867,0.2778
2879.1000,2.9452,0.0000,-4.1201,0.2778
2879.2000,2.6651,0.0000,-3.3329,0.2778
2879.3000,2.4117,0.0000,-2.6921,0.2778
2879.4000,2.1824,0.0000,-2.1709,0.2778
2879.5000,1.9748,0.0000,-1.7473,0.2778
2879.6000,1.7870,0.0000,-1.4033,0.2778
2879.7000,1.6171,0.0000,-1.1243,0.2778
2879.8000,1.4633,0.0000,-0.8981,0.2778
2879.9000,1.3242,0.0000,-0.7150,0.2778
2880.0000,1.1983,0.0000,-0.5671,0.2778
2880.1000,1.0843,0.0000,-0.4477,0.2778
2880.2000,0.9812,0.0000,-0.3515,0.2778
2880.3000,0.8879,0.0000,-0.2742,0.2778
2880.4000,0.8035,0.0000,-0.2121,0.2778
2880.5000,0.7271,0.0000,-0.1625,0.2778
2880.6000,0.6579,0.0000,-0.1230,0.2778
2880.7000,0.5954,0.0000,-0.0915,0.2778
2880.8000,0.5387,0.0000,-0.0666,0.2778
2880.9000,0.4875,0.0000,-0.0471,0.2778
2881.0000,0.4412,0.0000,-0.0318,0.2778
2881.1000,0.3992,0.0000,-0.0199,0.2778
2881.2000,0.3612,0.0000,-0.0107,0.2778
2881.3000,0.3269,0.0000,-0.0037,0.2778
2881.4000,0.2958,0.0000,0.0015,0.2778
2881.5000,0.2677,0.0000,0.0053,0.2778
2881.6000,0.2422,0.0000,0.0081,0.2778
2881.7000,0.2192,0.0000,-0.1051,0.2778
2881.8000,0.0000,0.0000,-0.0000,0.2778
2881.9000,0.0000,0.0000,0.0000,0.2778
2882.0000,0.0000,0.0000,0.0000,0.2778
2882.1000,0.0000,0.0000,0.0000,0.2778
2882.2000,0.0000,0.0000,0.0000,0.2778
2882.3000,0.0000,0.0000,0.0000,0.2778
2882.4000,0.0000,0.0000,0.0000,0.2778
2882.5000,0.0000,0.0000,0.0000,0.2778
2882.6000,0.0000,0.0000,0.0000,0.2778
2882.7000,0.0000,0.0000,0.0000,0.2778
2882.8000,0.0000,0.0000,0.0000,0.2778
2882.9000,0.0000,0.0000,0.0000,0.2778
2883.0000,0.0000,0.0000,0.0000,0.2778
2883.1000,0.0000,0.0000,0.0000,0.2778
2883.2000,0.0000,0.0000,0.0000,0.2778
2883.3000,0.0000,0.0000,0.0000,0.2778
2883.4000,0.0000,0.0000,0.0000,0.2778
2883.5000,0.0000,0.0000,0.0000,0.2778
2883.6000,0.0000,0.0000,0.0000,0.2778
2883.7000,0.0000,0.0000,0.0000,0.2778
2883.8000,0.0000,0.0000,0.0000,0.2778
2883.9000,0.0000,0.0000,0.0000,0.2778
2884.0000,0.0000,0.0000,0.0000,0.2778
2884.1000,0.0000,0.0000,0.0000,0.2778
2884.2000,0.0000,0.0000,0.0000,0.2778
2884.3000,0.0000,0.0000,0.0000,0.2778
2884.4000,0.0000,0.0000,0.0000,0.2778
2884.5000,0.0000,0.0000,0.0000,0.2778
2884.6000,0.0000,0.0000,0.0000,0.2778
2884.7000,0.0000,0.0000,0.0000,0.2778
2884.8000,0.0000,0.0000,0.0000,0.2778
2884.9000,0.0000,0.0000,0.0000,0.2778
2885.0000,0.0000,0.0000,0.0000,0.2778
2885.1000,0.0000,0.0000,0.0000,0.2778
2885.2000,0.0000,0.0000,0.0000,0.2778
2885.3000,0.0000,0.0000,0.0000,0.2778
2885.4000,0.0000,0.0000,0.0000,0.2778
2885.5000,0.0000,0.0000,0.0000,0.2778
2885.6000,0.0000,0.0000,0.0000,0.2778
2885.7000,0.0000,0.0000,0.0000,0.2778
2885.8000,0.0000,0.0000,0.0000,0.2778
2885.9000,0.0000,0.0000,0.0000,0.2778
2886.0000,0.0000,0.0000,0.0000,0.2778
2886.1000,0.0000,0.0000,0.0000,0.2778
2886.2000,0.0000,0.0000,0.0000,0.2778
2886.3000,0.0000,0.0000,0.0000,0.2778
2886.4000,0.0000,0.0000,0.0000,0.2778
2886.5000,0.0000,0.0000,0.0000,0.2778
2886.6000,0.0000,0.0000,0.0000,0.2778
2886.7000,0.0000,0.0000,0.0000,0.2778
2886.8000,0.0000,0.0000,0.0000,0.2778
2886.9000,0.0000,0.0000,0.0000,0.2778
2887.0000,0.0000,0.0000,0.0000,0.2778
2887.1000,0.0000,0.0000,0.0000,0.2778
2887.2000,0.0000,0.0000,0.0000,0.2778
2887.3000,0.0000,0.0000,0.0000,0.2778
2887.4000,0.0000,0.0000,0.0000,0.2778
2887.5000,0.0000,0.0000,0.0000,0.2778
2887.6000,0.0000,0.0000,0.0000,0.2778
2887.7000,0.0000,0.0000,0.0000,0.2778
2887.8000,0.0000,0.0000,0.0000,0.2778
2887.9000,0.0000,0.0000,0.0000,0.2778
2888.0000,0.0000,0.0000,0.0000,0.2778
2888.1000,0.0000,0.0000,0.0000,0.2778
2888.2000,0.0000,0.0000,0.0000,0.2778
2888.3000,0.0000,0.0000,0.0000,0.2778
2888.4000,0.0000,0.0000,0.0000,0.2778
2888.5000,0.0000,0.0000,0.0000,0.2778
2888.6000,0.0000,0.0000,0.0000,0.2778
2888.7000,0.0000,0.0000,0.0000,0.2778
2888.8000,0.0000,0.0000,0.0000,0.2778
2888.9000,0.0000,0.0000,0.0000,0.2778
2889.0000,0.0000,0.0000,0.0000,0.2778
2889.1000,0.0000,0.0000,0.0000,0.2778
2889.2000,0.0000,0.0000,0.0000,0.2778
2889.3000,0.0000,0.0000,0.0000,0.2778
2889.4000,0.0000,0.0000,0.0000,0.2778
2889.5000,0.0000,0.0000,0.0000,0.2778
2889.6000,0.0000,0.0000,0.0000,0.2778
2889.7000,0.0000,0.0000,0.0000,0.2778
2889.8000,0.0000,0.0000,0.0000,0.2778
2889.9000,0.0000,0.0000,0.0000,0.2778
2890.0000,0.0000,0.0000,0.0000,0.2778
2890.1000,0.0000,0.0000,0.0000,0.2778
2890.2000,0.0000,0.0000,0.0000,0.2778
2890.3000,0.0000,0.0000,0.0000,0.2778
2890.4000,0.0000,0.0000,0.0000,0.2778
2890.5000,0.0000,0.0000,0.0000,0.2778
2890.6000,0.0000,0.0000,0.0000,0.2778
2890.7000,0.0000,0.0000,0.0000,0.2778
2890.8000,0.0000,0.0000,0.0000,0.2778
2890.9000,0.0000,0.0000,0.0000,0.2778
2891.0000,0.0000,0.0000,0.0000,0.2778
2891.1000,0.0000,0.0000,0.0000,0.2778
2891.2000,0.0000,0.0000,0.0000,0.2778
2891.3000,0.0000,0.0000,0.0000,0.2778
2891.4000,0.0000,0.0000,0.0000,0.2778
2891.5000,0.0000,0.0000,0.0000,0.2778
2891.6000,0.0000,0.0000,0.0000,0.2778
2891.7000,0.0000,0.0000,0.0000,0.2778
2891.8000,0.0000,0.0000,0.0000,0.2778
2891.9000,0.0000,0.0000,0.0000,0.2778
2892.0000,0.0000,0.0000,0.0000,0.2778
2892.1000,0.0000,0.0000,0.0000,0.2778
2892.2000,0.0000,0.0000,0.0000,0.2778
2892.3000,0.0000,0.0000,0.0000,0.2778
2892.4000,0.0000,0.0000,0.0000,0.2778
2892.5000,0.0000,0.0000,0.0000,0.2778
2892.6000,0.0000,0.0000,0.0000,0.2778
2892.7000,0.0000,0.0000,0.0000,0.2778
2892.8000,0.0000,0.0000,0.0000,0.2778
2892.9000,0.0000,0.0000,0.0000,0.2778
2893.0000,0.0000,0.0000,0.0000,0.2778
2893.1000,0.0000,0.0000,0.0000,0.2778
2893.2000,0.0000,0.0000,0.0000,0.2778
2893.3000,0.0000,0.0000,0.0000,0.2778
2893.4000,0.0000,0.0000,0.0000,0.2778
2893.5000,0.0000,0.0000,0.0000,0.2778
2893.6000,0.0000,0.0000,0.0000,0.2778
2893.7000,0.0000,0.0000,0.0000,0.2778
2893.8000,0.0000,0.0000,0.0000,0.2778
2893.9000,0.0000,0.0000,0.0000,0.2778
2894.0000,0.0000,0.0000,0.0000,0.2778
2894.1000,0.0000,0.0000,0.0000,0.2778
2894.2000,0.0000,0.0000,0.0000,0.2778
2894.3000,0.0000,0.0000,0.0000,0.2778
2894.4000,0.0000,0.0000,0.0000,0.2778
2894.5000,0.0000,0.0000,0.0000,0.2778
2894.6000,0.0000,0.0000,0.0000,0.2778
2894.7000,0.0000,0.0000,0.0000,0.2778
2894.8000,0.0000,0.0000,0.0000,0.2778
2894.9000,0.0000,0.0000,0.0000,0.2778
2895.0000,0.0000,0.0000,0.0000,0.2778
2895.1000,0.0000,0.0000,0.0000,0.2778
2895.2000,0.0000,0.0000,0.0000,0.2778
2895.3000,0.0000,0.0000,0.0000,0.2778
2895.4000,0.0000,0.0000,0.0000,0.2778
2895.5000,0.0000,0.0000,0.0000,0.2778
2895.6000,0.0000,0.0000,0.0000,0.2778
2895.7000,0.0000,0.0000,0.0000,0.2778
2895.8000,0.0000,0.0000,0.0000,0.2778
2895.9000,0.0000,0.0000,0.0000,0.2778
2896.0000,0.0000,0.0000,0.0000,0.2778
2896.1000,0.0000,0.0000,0.0000,0.2778
2896.2000,0.0000,0.0000,0.0000,0.2778
2896.3000,0.0000,0.0000,0.0000,0.2778
2896.4000,0.0000,0.0000,0.0000,0.2778
2896.5000,0.0000,0.0000,0.0000,0.2778
2896.6000,0.0000,0.0000,0.0000,0.2778
2896.7000,0.0000,0.0000,0.0000,0.2778
2896.8000,0.0000,0.0000,0.0000,0.2778
2896.9000,0.0000,0.0000,0.0000,0.2778
2897.0000,0.0000,0.0000,0.0000,0.2778
2897.1000,0.0000,0.0000,0.0000,0.2778
2897.2000,0.0000,0.0000,0.0000,0.2778
2897.3000,0.0000,0.0000,0.0000,0.2778
2897.4000,0.0000,0.0000,0.0000,0.2778
2897.5000,0.0000,0.0000,0.0000,0.2778
2897.6000,0.0000,0.0000,0.0000,0.2778
2897.7000,0.0000,0.0000,0.0000,0.2778
2897.8000,0.0000,0.0000,0.0000,0.2778
2897.9000,0.0000,0.0000,0.0000,0.2778
2898.0000,0.0000,0.0000,0.0000,0.2778
2898.1000,0.0000,0.0000,0.0000,0.2778
2898.2000,0.0000,0.0000,0.0000,0.2778
2898.3000,0.0000,0.0000,0.0000,0.2778
2898.4000,0.0000,0.0000,0.0000,0.2778
2898.5000,0.0000,0.0000,0.0000,0.2778
2898.6000,0.0000,0.0000,0.0000,0.2778
2898.7000,0.0000,0.0000,0.0000,0.2778
2898.8000,0.0000,0.0000,0.0000,0.2778
2898.9000,0.0000,0.0000,0.0000,0.2778
2899.0000,0.0000,0.0000,0.0000,0.2778
2899.1000,0.0000,0.0000,0.0000,0.2778
2899.2000,0.0000,0.0000,0.0000,0.2778
2899.3000,0.0000,0.0000,0.0000,0.2778
2899.4000,0.0000,0.0000,0.0000,0.2778
2899.5000,0.0000,0.0000,0.0000,0.2778
2899.6000,0.0000,0.0000,0.0000,0.2778
2899.7000,0.0000,0.0000,0.0000,0.2778
2899.8000,0.0000,0.0000,0.0000,0.2778
2899.9000,0.0000,0.0000,0.0000,0.2778
2900.0000,0.0000,0.0000,0.0000,0.2778
2900.1000,0.0000,0.0000,0.0000,0.2778
2900.2000,0.0000,0.0000,0.0000,0.2778
2900.3000,0.0000,0.0000,0.0000,0.2778
2900.4000,0.0000,0.0000,0.0000,0.2778
2900.5000,0.0000,0.0000,0.0000,0.2778
2900.6000,0.0000,0.0000,0.0000,0.2778
2900.7000,0.0000,0.0000,0.0000,0.2778
2900.8000,0.0000,0.0000,0.0000,0.2778
2900.9000,0.0000,0.0000,0.0000,0.2778
2901.0000,0.0000,0.0000,0.0000,0.2778
2901.1000,0.0000,0.0000,0.0000,0.2778
2901.2000,0.0000,0.0000,0.0000,0.2778
2901.3000,0.0000,0.0000,0.0000,0.2778
2901.4000,0.0000,0.0000,0.0000,0.2778
2901.5000,0.0000,0.0000,0.0000,0.2778
2901.6000,0.0000,0.0000,0.0000,0.2778
2901.7000,0.0000,0.0000,0.0000,0.2778
2901.8000,0.0000,0.0000,0.0000,0.2778
2901.9000,0.0000,0.0000,0.0000,0.2778
2902.0000,0.0000,0.0000,0.0000,0.2778
2902.1000,0.0000,0.0000,0.0000,0.2778
2902.2000,0.0000,0.0000,0.0000,0.2778
2902.3000,0.0000,0.0000,0.0000,0.2778
2902.4000,0.0000,0.0000,0.0000,0.2778
2902.5000,0.0000,0.0000,0.0000,0.2778
2902.6000,0.0000,0.0000,0.0000,0.2778
2902.7000,0.0000,0.0000,0.0000,0.2778
2902.8000,0.0000,0.0000,0.0000,0.2778
2902.9000,0.0000,0.0000,0.0000,0.2778
2903.0000,0.0000,0.0000,0.0000,0.2778
2903.1000,0.0000,0.0000,0.0000,0.2778
2903.2000,0.0000,0.0000,0.0000,0.2778
2903.3000,0.0000,0.0000,0.0000,0.2778
2903.4000,0.0000,0.0000,0.0000,0.2778
2903.5000,0.0000,0.0000,0.0000,0.2778
2903.6000,0.0000,0.0000,0.0000,0.2778
2903.7000,0.0000,0.0000,0.0000,0.2778
2903.8000,0.0000,0.0000,0.0000,0.2778
2903.9000,0.2243,0.0000,0.3027,0.2778
2904.0000,0.4485,0.0000,0.6942,0.2778
2904.1000,0.7476,0.0000,1.4530,0.6759
2904.2000,1.1214,0.0000,2.4015,0.7728
2904.3000,1.4951,0.0000,3.2021,0.8059
2904.4000,1.8689,0.0000,4.0026,0.8407
2904.5000,2.2427,0.0000,4.8032,0.8764
2904.6000,2.6165,0.0000,5.6038,0.9136
2904.7000,2.9902,0.0000,6.4043,0.9522
2904.8000,3.3639,0.0000,7.2047,0.9927
2904.9000,3.7376,0.0000,8.0050,1.0344
2905.0000,4.1113,0.0000,8.8052,1.0768
2905.1000,4.4849,0.0000,9.6051,1.1216
2905.2000,4.8585,0.0000,10.4048,1.1695
2905.3000,5.2320,0.0000,11.2041,1.2191
2905.4000,5.6055,0.0000,12.0030,1.2708
2905.5000,5.9788,0.0000,12.8013,1.3239
2905.6000,6.3521,0.0000,13.5991,1.3775
2905.7000,6.7253,0.0000,14.3962,1.4320
2905.8000,7.0984,0.0000,15.1925,1.4871
2905.9000,7.4714,0.0000,15.9879,1.5427
2906.0000,7.8442,0.0000,16.7822,1.5989
2906.1000,8.2169,0.0000,17.5754,1.6558
2906.2000,8.5894,0.0000,18.3674,1.7129
2906.3000,8.9618,0.0000,19.1579,1.7705
2906.4000,9.3339,0.0000,19.9468,1.8287
2906.5000,9.7059,0.0000,20.7340,1.8876
2906.6000,10.0776,0.0000,21.5194,1.9471
2906.7000,10.4490,0.0000,22.3027,2.0071
2906.8000,10.8202,0.0000,23.0839,2.0674
2906.9000,11.1911,0.0000,23.8626,2.1285
2907.0000,11.5618,0.0000,24.6388,2.1905
2907.1000,11.9320,0.0000,25.4123,2.2532
2907.2000,12.3020,0.0000,26.1829,2.3166
2907.3000,12.6715,0.0000,26.9503,2.3806
2907.4000,13.0407,0.0000,27.7144,2.4455
2907.5000,13.4095,0.0000,28.4749,2.5111
2907.6000,13.7778,0.0000,29.2317,2.5776
2907.7000,14.1457,0.0000,29.9845,2.6446
2907.8000,14.5130,0.0000,30.7332,2.7124
2907.9000,14.8799,0.0000,31.4775,2.7820
2908.0000,15.2462,0.0000,32.2171,2.8528
2908.1000,15.6120,0.0000,32.9518,2.9244
2908.2000,15.9772,0.0000,33.6815,2.9965
2908.3000,16.3417,0.0000,34.4058,2.9612
2908.4000,16.7056,0.0000,35.1245,3.0046
2908.5000,17.0689,0.0000,35.8374,3.0480
2908.6000,17.4314,0.0000,36.5443,3.0914
2908.7000,17.7932,0.0000,37.2448,3.1345
2908.8000,18.1543,0.0000,37.9387,3.1776
2908.9000,18.5145,0.0000,38.6259,3.2197
2909.0000,18.8740,0.0000,39.3059,3.2606
2909.1000,19.2326,0.0000,39.9787,3.3013
2909.2000,19.5903,0.0000,40.6438,3.3417
2909.3000,19.9471,0.0000,41.3012,3.3820
2909.4000,20.3029,0.0000,41.9505,2.8948
2909.5000,20.6578,0.0000,42.5914,2.9404
2909.6000,21.0117,0.0000,43.2238,2.9857
2909.7000,21.3645,0.0000,43.8473,3.0306
2909.8000,21.7162,0.0000,44.4618,3.0752
2909.9000,22.0669,0.0000,45.0670,3.1194
2910.0000,22.4164,0.0000,45.6626,3.1633
2910.1000,22.7647,0.0000,46.2484,3.2068
2910.2000,23.1119,0.0000,46.8241,3.2499
2910.3000,23.4578,0.0000,47.3896,3.2926
2910.4000,23.8024,0.0000,47.9447,3.3349
2910.5000,24.1457,0.0000,48.4890,3.3768
2910.6000,24.4877,0.0000,49.0224,3.4183
2910.7000,24.8283,0.0000,49.5446,3.4593
2910.8000,25.1676,0.0000,50.0555,3.2707
2910.9000,25.5053,0.0000,50.5548,3.3036
2911.0000,25.8417,0.0000,51.0424,3.3358
2911.1000,26.1765,0.0000,51.5181,3.3675
2911.2000,26.5098,0.0000,51.9816,3.3985
2911.3000,26.8415,0.0000,52.4329,3.4289
2911.4000,27.1716,0.0000,52.8717,3.4586
2911.5000,27.5001,0.0000,53.2979,3.4876
2911.6000,27.8269,0.0000,53.7113,3.5160
2911.7000,28.1521,0.0000,54.1118,3.5437
2911.8000,28.4755,0.0000,54.4993,3.5707
2911.9000,28.7971,0.0000,54.8736,3.5971
2912.0000,29.1170,0.0000,55.2346,3.6227
2912.1000,29.4351,0.0000,55.5823,3.6476
2912.2000,29.7513,0.0000,55.9164,3.6718
2912.3000,30.0656,0.0000,56.2370,3.6953
2912.4000,30.3780,0.0000,56.5439,3.7180
2912.5000,30.6886,0.0000,56.8372,3.7400
2912.6000,30.9971,0.0000,57.1166,3.7613
2912.7000,31.3037,0.0000,57.3822,3.7819
2912.8000,31.6082,0.0000,57.6339,3.8017
2912.9000,31.9107,0.0000,57.8718,3.8208
2913.0000,32.2111,0.0000,58.0958,3.8392
2913.1000,32.5095,0.0000,58.3058,3.8568
2913.2000,32.8057,0.0000,58.5020,3.8736
2913.3000,33.0998,0.0000,58.6842,3.8898
2913.4000,33.3918,0.0000,58.8526,3.9051
2913.5000,33.6815,0.0000,59.0072,3.9198
2913.6000,33.9691,0.0000,59.1479,3.9337
2913.7000,34.2544,0.0000,59.2750,3.9468
2913.8000,34.5375,0.0000,59.3884,3.9592
2913.9000,34.8183,0.0000,59.4882,3.9709
2914.0000,35.0968,0.0000,59.5745,3.9818
2914.1000,35.3730,0.0000,59.6474,3.8428
2914.2000,35.6469,0.0000,59.7070,3.8330
2914.3000,35.9185,0.0000,59.7534,3.8227
2914.4000,36.1877,0.0000,59.7868,3.8120
2914.5000,36.4545,0.0000,59.8073,3.8010
2914.6000,36.7190,0.0000,59.8149,3.8033
2914.7000,36.9810,0.0000,59.8100,3.8059
2914.8000,37.2407,0.0000,59.7925,3.8078
2914.9000,37.4979,0.0000,59.7628,3.8091
2915.0000,37.7527,0.0000,59.7202,3.8096
2915.1000,38.0051,0.0000,59.6268,3.8074
2915.2000,38.2546,0.0000,59.4460,3.8002
2915.3000,38.5009,0.0000,59.1805,3.7884
2915.4000,38.7437,0.0000,58.8329,3.7720
2915.5000,38.9826,0.0000,58.4067,3.7511
2915.6000,39.2174,0.0000,57.9437,3.7283
2915.7000,39.4481,0.0000,57.4846,3.7056
2915.8000,39.6748,0.0000,57.0293,3.6831
2915.9000,39.8976,0.0000,56.5779,3.6609
2916.0000,40.1167,0.0000,56.1304,3.6388
2916.1000,40.3320,0.0000,55.6868,3.6169
2916.2000,40.5438,0.0000,55.2471,3.5953
2916.3000,40.7520,0.0000,54.8114,3.5738
2916.4000,40.9567,0.0000,54.3797,3.5525
2916.5000,41.1580,0.0000,53.9519,3.5314
2916.6000,41.3560,0.0000,53.5281,3.5106
2916.7000,41.5508,0.0000,53.1083,3.4899
2916.8000,41.7423,0.0000,52.6925,3.4694
2916.9000,41.9308,0.0000,51.4943,3.4055
2917.0000,42.1091,0.0000,49.5169,3.2982
2917.1000,42.2775,0.0000,47.4728,3.1871
2917.2000,42.4355,0.0000,45.1588,3.0609
2917.3000,42.5815,0.0000,42.7065,2.9269
2917.4000,42.7162,0.0000,41.2597,2.8485
2917.5000,42.8480,0.0000,40.7353,2.8213
2917.6000,42.9766,0.0000,40.0813,2.7869
2917.7000,43.1013,0.0000,39.4507,2.7556
2917.8000,43.2232,0.0000,38.8131,2.7244
2917.9000,43.3412,0.0000,37.7381,2.6702
2918.0000,43.4526,0.0000,36.2825,2.5956
2918.1000,43.5569,0.0000,35.0219,2.5309
2918.2000,43.6564,0.0000,33.9578,2.4763
2918.3000,43.7506,0.0000,32.9481,2.3096
2918.4000,43.8406,0.0000,32.1462,2.2647
2918.5000,43.9272,0.0000,31.3699,2.2212
2918.6000,44.0098,0.0000,30.3773,2.1653
2918.7000,44.0872,0.0000,29.4372,2.1124
2918.8000,44.1612,0.0000,28.6120,2.0660
2918.9000,44.2310,0.0000,27.6734,2.0131
2919.0000,44.2964,0.0000,26.8184,1.9649
2919.1000,44.3584,0.0000,26.0035,1.9195
2919.2000,44.4165,0.0000,25.0680,1.8700
2919.3000,44.4702,0.0000,24.2081,1.8243
2919.4000,44.5206,0.0000,23.6741,1.7960
2919.5000,44.5695,0.0000,23.5650,1.7908
2919.6000,44.6186,0.0000,23.8691,1.8078
2919.7000,44.6697,0.0000,24.0773,1.8197
2919.8000,44.7204,0.0000,23.9486,1.8134
2919.9000,44.7700,0.0000,23.4995,1.7897
2920.0000,44.8166,0.0000,22.5555,1.7390
2920.1000,44.8580,0.0000,21.2512,1.6684
2920.2000,44.8933,0.0000,20.1515,1.6087
2920.3000,44.9253,0.0000,19.3534,1.5652
2920.4000,44.9537,0.0000,18.6424,1.5264
2920.5000,44.9795,0.0000,18.1185,1.4978
2920.6000,45.0034,0.0000,17.5775,1.4681
2920.7000,45.0246,0.0000,16.8015,1.4254
2920.8000,45.0419,0.0000,15.9687,1.3793
2920.9000,45.0560,0.0000,15.5010,1.3534
2921.0000,45.0692,0.0000,15.2351,1.3387
2921.1000,45.0811,0.0000,15.2238,1.3382
2921.2000,45.0942,0.0000,15.6131,1.3601
2921.3000,45.1092,0.0000,16.1296,1.3890
2921.4000,45.1266,0.0000,16.3479,1.4013
2921.5000,45.1434,0.0000,16.3101,1.3994
2921.6000,45.1603,0.0000,16.3529,1.4020
2921.7000,45.1774,0.0000,16.2732,1.3978
2921.8000,45.1936,0.0000,15.9588,1.3805
2921.9000,45.2079,0.0000,15.5552,1.3581
2922.0000,45.2207,0.0000,15.1354,1.3349
2922.1000,45.2315,0.0000,14.5806,1.3040
2922.2000,45.2396,0.0000,14.0552,1.2746
2922.3000,45.2460,0.0000,13.5755,1.2478
2922.4000,45.2500,0.0000,13.1679,1.2250
2922.5000,45.2530,0.0000,12.8545,1.2074
2922.6000,45.2544,0.0000,12.4253,1.1832
2922.7000,45.2537,0.0000,11.8868,1.1528
2922.8000,45.2507,0.0000,11.4218,1.1265
2922.9000,45.2462,0.0000,10.9662,1.1007
2923.0000,45.2393,0.0000,10.4007,1.0685
2923.1000,45.2301,0.0000,9.7731,1.0328
2923.2000,45.2181,0.0000,9.0599,0.9920
2923.3000,45.2030,0.0000,8.3517,0.9514
2923.4000,45.1851,0.0000,7.8923,0.9249
2923.5000,45.1661,0.0000,7.7378,0.9159
2923.6000,45.1470,0.0000,7.6515,0.9107
2923.7000,45.1275,0.0000,7.4977,0.9017
2923.8000,45.1071,0.0000,7.2112,0.8851
2923.9000,45.0852,0.0000,6.6909,0.8549
2924.0000,45.0606,0.0000,6.0616,0.7908
2924.1000,45.0335,0.0000,5.6065,0.7583
2924.2000,45.0051,0.0000,5.5342,0.7530
2924.3000,44.9775,0.0000,5.6629,0.7620
2924.4000,44.9502,0.0000,6.0072,0.7863
2924.5000,44.9256,0.0000,6.4815,0.8201
2924.6000,44.9024,0.0000,6.7919,0.8424
2924.7000,44.8805,0.0000,6.9816,0.8560
2924.8000,44.8590,0.0000,7.0864,0.8634
2924.9000,44.8379,0.0000,6.7417,0.8384
2925.0000,44.8136,0.0000,6.1963,0.7992
2925.1000,44.7881,0.0000,6.3227,0.8081
2925.2000,44.7649,0.0000,7.0015,0.8569
2925.3000,44.7451,0.0000,7.6813,0.9063
2925.4000,44.7278,0.0000,8.4560,0.9631
2925.5000,44.7146,0.0000,9.2886,1.0252
2925.6000,44.7043,0.0000,9.6930,1.0225
2925.7000,44.6946,0.0000,9.7250,1.0242
2925.8000,44.6846,0.0000,9.8242,1.0297
2925.9000,44.6758,0.0000,10.0072,1.0400
2926.0000,44.6673,0.0000,10.1665,1.0490
2926.1000,44.6599,0.0000,10.2222,1.0521
2926.2000,44.6520,0.0000,10.1221,1.0463
2926.3000,44.6437,0.0000,10.1086,1.0455
2926.4000,44.6357,0.0000,10.2517,1.0535
2926.5000,44.6287,0.0000,10.4289,1.0635
2926.6000,44.6222,0.0000,10.5504,1.0703
2926.7000,44.6162,0.0000,10.6311,1.0748
2926.8000,44.6105,0.0000,10.4785,1.0661
2926.9000,44.6032,0.0000,9.9001,1.0332
2927.0000,44.5926,0.0000,9.0882,0.9869
2927.1000,44.5785,0.0000,8.4056,0.9478
2927.2000,44.5621,0.0000,7.8246,0.9144
2927.3000,44.5432,0.0000,7.2917,0.8836
2927.4000,44.5223,0.0000,7.0873,0.8717
2927.5000,44.5017,0.0000,7.0443,0.8690
2927.6000,44.4806,0.0000,6.7277,0.8506
2927.7000,44.4574,0.0000,6.2410,0.8224
2927.8000,44.4322,0.0000,5.8730,0.7742
2927.9000,44.4059,0.0000,5.6086,0.7552
2928.0000,44.3785,0.0000,5.5986,0.7543
2928.1000,44.3522,0.0000,5.9144,0.7767
2928.2000,44.3276,0.0000,6.1754,0.7953
2928.3000,44.3036,0.0000,6.1877,0.7961
2928.4000,44.2792,0.0000,6.0096,0.7832
2928.5000,44.2538,0.0000,5.6108,0.7545
2928.6000,44.2260,0.0000,4.9721,0.7091
2928.7000,44.1952,0.0000,4.4841,0.6746
2928.8000,44.1634,0.0000,4.4043,0.6688
2928.9000,44.1320,0.0000,4.4792,0.6739
2929.0000,44.1009,0.0000,4.6837,0.6881
2929.1000,44.0713,0.0000,5.1461,0.7206
2929.2000,44.0442,0.0000,5.5463,0.7489
2929.3000,44.0182,0.0000,5.6568,0.7566
2929.4000,43.9921,0.0000,5.6621,0.7569
2929.5000,43.9662,0.0000,5.6638,0.7569
2929.6000,43.9402,0.0000,5.5998,0.7522
2929.7000,43.9138,0.0000,5.7226,0.7608
2929.8000,43.8889,0.0000,6.1751,0.7932
2929.9000,43.8665,0.0000,6.7791,0.8369
2930.0000,43.8469,0.0000,7.3728,0.8803
2930.1000,43.8297,0.0000,7.9290,0.9213
2930.2000,43.8149,0.0000,8.3285,0.9510
2930.3000,43.8012,0.0000,8.3577,0.9531
2930.4000,43.7867,0.0000,8.3161,0.9500
2930.5000,43.7726,0.0000,8.5967,0.9710
2930.6000,43.7607,0.0000,8.9933,1.0009
2930.7000,43.7501,0.0000,9.3362,0.9919
2930.8000,43.7411,0.0000,10.0434,1.1100
2930.9000,43.7366,0.0000,11.1585,1.1876
2931.0000,43.7373,0.0000,12.2424,1.2637
2931.1000,43.7422,0.0000,13.2909,1.3380
2931.2000,43.7519,0.0000,14.5415,1.2852
2931.3000,43.7675,0.0000,15.6986,1.3498
2931.4000,43.7872,0.0000,16.3046,1.3837
2931.5000,43.8079,0.0000,16.4298,1.3909
2931.6000,43.8285,0.0000,16.4678,1.3932
2931.7000,43.8495,0.0000,16.5751,1.3994
2931.8000,43.8709,0.0000,16.6238,1.4023
2931.9000,43.8922,0.0000,16.6170,1.4022
2932.0000,43.9135,0.0000,16.6292,1.4031
2932.1000,43.9347,0.0000,16.6608,1.4051
2932.2000,43.9562,0.0000,16.7290,1.4091
2932.3000,43.9779,0.0000,16.9154,1.4197
2932.4000,44.0008,0.0000,17.2344,1.4376
2932.5000,44.0252,0.0000,17.5453,1.4551
2932.6000,44.0507,0.0000,18.0552,1.4835
2932.7000,44.0793,0.0000,18.4009,1.5029
2932.8000,44.1076,0.0000,4.7685,0.6941
2932.9000,44.0193,0.0000,-22.3451,0.0000
2933.0000,43.8152,0.0000,-49.1444,0.0000
2933.1000,43.4955,0.0000,-75.7831,0.0000
2933.2000,43.0576,0.0000,-101.8144,0.0000
2933.3000,42.5036,0.0000,-113.6771,0.0000
2933.4000,41.9497,0.0000,-112.3015,0.0000
2933.5000,41.3957,0.0000,-110.9217,0.0000
2933.6000,40.8417,0.0000,-109.5379,0.0000
2933.7000,40.2878,0.0000,-108.1499,0.0000
2933.8000,39.7338,0.0000,-106.7580,0.0000
2933.9000,39.1798,0.0000,-105.3621,0.0000
2934.0000,38.6259,0.0000,-103.9623,0.0000
2934.1000,38.0719,0.0000,-102.5586,0.0000
2934.2000,37.5179,0.0000,-101.1512,0.0000
2934.3000,36.9640,0.0000,-99.7400,0.0000
2934.4000,36.4100,0.0000,-98.3252,0.0000
2934.5000,35.8560,0.0000,-96.9067,0.0000
2934.6000,35.3021,0.0000,-95.4847,0.0000
2934.7000,34.7481,0.0000,-94.0592,0.0000
2934.8000,34.1941,0.0000,-92.6302,0.0000
2934.9000,33.6402,0.0000,-91.1978,0.0000
2935.0000,33.0862,0.0000,-89.7621,0.0000
2935.1000,32.5322,0.0000,-88.3231,0.0000
2935.2000,31.9783,0.0000,-86.8808,0.0000
2935.3000,31.4243,0.0000,-85.4354,0.0000
2935.4000,30.8703,0.0000,-83.9868,0.0000
2935.5000,30.3164,0.0000,-82.5352,0.0000
2935.6000,29.7624,0.0000,-81.0805,0.0000
2935.7000,29.2084,0.0000,-79.6229,0.0000
2935.8000,28.6545,0.0000,-78.1624,0.0000
2935.9000,28.1005,0.0000,-76.6990,0.0000
2936.0000,27.5465,0.0000,-75.2329,0.0000
2936.1000,26.9926,0.0000,-73.7640,0.0000
2936.2000,26.4386,0.0000,-72.2924,0.0000
2936.3000,25.8846,0.0000,-70.8182,0.0000
2936.4000,25.3307,0.0000,-69.3414,0.0000
2936.5000,24.7767,0.0000,-67.8621,0.0000
2936.6000,24.2227,0.0000,-66.3803,0.0000
2936.7000,23.6688,0.0000,-64.8961,0.0000
2936.8000,23.1148,0.0000,-63.4096,0.0000
2936.9000,22.5608,0.0000,-61.9207,0.0000
2937.0000,22.0069,0.0000,-60.4297,0.0000
2937.1000,21.4529,0.0000,-58.9364,0.0000
2937.2000,20.8989,0.0000,-57.4410,0.0000
2937.3000,20.3450,0.0000,-55.9435,0.0000
2937.4000,19.7910,0.0000,-54.4440,0.2778
2937.5000,19.2370,0.0000,-52.9426,0.2778
2937.6000,18.6831,0.0000,-51.4392,0.2778
2937.7000,18.1291,0.0000,-49.9339,0.2778
2937.8000,17.5751,0.0000,-48.4269,0.2778
2937.9000,17.0212,0.0000,-46.9181,0.2778
2938.0000,16.4672,0.0000,-45.4076,0.2778
2938.1000,15.9132,0.0000,-43.8955,0.2778
2938.2000,15.3593,0.0000,-42.3818,0.2778
2938.3000,14.8053,0.0000,-40.8666,0.2778
2938.4000,14.2513,0.0000,-39.3499,0.2778
2938.5000,13.6974,0.0000,-37.8317,0.2778
2938.6000,13.1434,0.0000,-36.3123,0.2778
2938.7000,12.5894,0.0000,-34.7915,0.2778
2938.8000,12.0355,0.0000,-33.2694,0.2778
2938.9000,11.4815,0.0000,-31.7462,0.2778
2939.0000,10.9275,0.0000,-30.2218,0.2778
2939.1000,10.3736,0.0000,-28.6963,0.2778
2939.2000,9.8196,0.0000,-27.1698,0.2778
2939.3000,9.2656,0.0000,-25.6424,0.2778
2939.4000,8.7117,0.0000,-24.1140,0.2778
2939.5000,8.1577,0.0000,-22.5847,0.2778
2939.6000,7.6037,0.0000,-21.0546,0.2778
2939.7000,7.0498,0.0000,-19.5238,0.2778
2939.8000,6.4958,0.0000,-17.9880,0.2778
2939.9000,5.9421,0.0000,-16.2706,0.2778
2940.0000,5.4000,0.0000,-14.3110,0.2778
2940.1000,4.8796,0.0000,-12.2528,0.2778
2940.2000,4.3901,0.0000,-10.2111,0.2778
2940.3000,3.9398,0.0000,-8.2745,0.2778
2940.4000,3.5356,0.0000,-6.6054,0.2778
2940.5000,3.1729,0.0000,-5.1527,0.2778
2940.6000,2.8610,0.0000,-3.9237,0.2778
2940.7000,2.5937,0.0000,-2.9828,0.2778
2940.8000,2.3655,0.0000,-2.2617,0.2778
2940.9000,2.1714,0.0000,-1.7081,0.2778
2941.0000,2.0072,0.0000,-1.3543,0.2778
2941.1000,1.8554,0.0000,-1.1346,0.2778
2941.2000,1.7151,0.0000,-0.9485,0.2778
2941.3000,1.5854,0.0000,-0.7911,0.2778
2941.4000,1.4655,0.0000,-0.6580,0.2778
2941.5000,1.3547,0.0000,-0.5457,0.2778
2941.6000,1.2523,0.0000,-0.4510,0.2778
2941.7000,1.1576,0.0000,-0.3712,0.2778
2941.8000,1.0700,0.0000,-0.3041,0.2778
2941.9000,0.9891,0.0000,-0.2477,0.2778
2942.0000,0.9143,0.0000,-0.2005,0.2778
2942.1000,0.8452,0.0000,-0.1610,0.2778
2942.2000,0.7813,0.0000,-0.1280,0.2778
2942.3000,0.7222,0.0000,-0.1005,0.2778
2942.4000,0.6676,0.0000,-0.0777,0.2778
2942.5000,0.6171,0.0000,-0.0589,0.2778
2942.6000,0.5704,0.0000,-0.0433,0.2778
2942.7000,0.5273,0.0000,-0.0306,0.2778
2942.8000,0.4874,0.0000,-0.0201,0.2778
2942.9000,0.4505,0.0000,-0.0117,0.2778
2943.0000,0.4165,0.0000,-0.0049,0.2778
2943.1000,0.3850,0.0000,0.0005,0.2778
2943.2000,0.3559,0.0000,0.0048,0.2778
2943.3000,0.3290,0.0000,0.0081,0.2778
2943.4000,0.3041,0.0000,0.0107,0.2778
2943.5000,0.2811,0.0000,0.0126,0.2778
2943.6000,0.2598,0.0000,0.0139,0.2778
2943.7000,0.2402,0.0000,0.0148,0.2778
2943.8000,0.2220,0.0000,0.0154,0.2778
2943.9000,0.2052,0.0000,-0.0874,0.2778
2944.0000,0.0000,0.0000,-0.0000,0.2778
2944.1000,0.0000,0.0000,0.0000,0.2778
2944.2000,0.0000,0.0000,0.0000,0.2778
2944.3000,0.0000,0.0000,0.0000,0.2778
2944.4000,0.0000,0.0000,0.0000,0.2778
2944.5000,0.0000,0.0000,0.0000,0.2778
2944.6000,0.0000,0.0000,0.0000,0.2778
2944.7000,0.0000,0.0000,0.0000,0.2778
2944.8000,0.0000,0.0000,0.0000,0.2778
2944.9000,0.0000,0.0000,0.0000,0.2778
2945.0000,0.0000,0.0000,0.0000,0.2778
2945.1000,0.0000,0.0000,0.0000,0.2778
2945.2000,0.0000,0.0000,0.0000,0.2778
2945.3000,0.0000,0.0000,0.0000,0.2778
2945.4000,0.0000,0.0000,0.0000,0.2778
2945.5000,0.0000,0.0000,0.0000,0.2778
2945.6000,0.0000,0.0000,0.0000,0.2778
2945.7000,0.0000,0.0000,0.0000,0.2778
2945.8000,0.0000,0.0000,0.0000,0.2778
2945.9000,0.0000,0.0000,0.0000,0.2778
2946.0000,0.0000,0.0000,0.0000,0.2778
2946.1000,0.0000,0.0000,0.0000,0.2778
2946.2000,0.0000,0.0000,0.0000,0.2778
2946.3000,0.0000,0.0000,0.0000,0.2778
2946.4000,0.0000,0.0000,0.0000,0.2778
2946.5000,0.0000,0.0000,0.0000,0.2778
2946.6000,0.0000,0.0000,0.0000,0.2778
2946.7000,0.0000,0.0000,0.0000,0.2778
2946.8000,0.0000,0.0000,0.0000,0.2778
2946.9000,0.0000,0.0000,0.0000,0.2778
2947.0000,0.0000,0.0000,0.0000,0.2778
2947.1000,0.0000,0.0000,0.0000,0.2778
2947.2000,0.0000,0.0000,0.0000,0.2778
2947.3000,0.0000,0.0000,0.0000,0.2778
2947.4000,0.0000,0.0000,0.0000,0.2778
2947.5000,0.0000,0.0000,0.0000,0.2778
2947.6000,0.0000,0.0000,0.0000,0.2778
2947.7000,0.0000,0.0000,0.0000,0.2778
2947.8000,0.0000,0.0000,0.0000,0.2778
2947.9000,0.0000,0.0000,0.0000,0.2778
2948.0000,0.0000,0.0000,0.0000,0.2778
2948.1000,0.0000,0.0000,0.0000,0.2778
2948.2000,0.0000,0.0000,0.0000,0.2778
2948.3000,0.0000,0.0000,0.0000,0.2778
2948.4000,0.0000,0.0000,0.0000,0.2778
2948.5000,0.0000,0.0000,0.0000,0.2778
2948.6000,0.0000,0.0000,0.0000,0.2778
2948.7000,0.0000,0.0000,0.0000,0.2778
2948.8000,0.0000,0.0000,0.0000,0.2778
2948.9000,0.0000,0.0000,0.0000,0.2778
2949.0000,0.0000,0.0000,0.0000,0.2778
2949.1000,0.0000,0.0000,0.0000,0.2778
2949.2000,0.0000,0.0000,0.0000,0.2778
2949.3000,0.0000,0.0000,0.0000,0.2778
2949.4000,0.0000,0.0000,0.0000,0.2778
2949.5000,0.0000,0.0000,0.0000,0.2778
2949.6000,0.0000,0.0000,0.0000,0.2778
2949.7000,0.0000,0.0000,0.0000,0.2778
2949.8000,0.0000,0.0000,0.0000,0.2778
2949.9000,0.0000,0.0000,0.0000,0.2778
2950.0000,0.0000,0.0000,0.0000,0.2778
2950.1000,0.0000,0.0000,0.0000,0.2778
2950.2000,0.0000,0.0000,0.0000,0.2778
2950.3000,0.0000,0.0000,0.0000,0.2778
2950.4000,0.0000,0.0000,0.0000,0.2778
2950.5000,0.0000,0.0000,0.0000,0.2778
2950.6000,0.0000,0.0000,0.0000,0.2778
2950.7000,0.0000,0.0000,0.0000,0.2778
2950.8000,0.0000,0.0000,0.0000,0.2778
2950.9000,0.0000,0.0000,0.0000,0.2778
2951.0000,0.0000,0.0000,0.0000,0.2778
2951.1000,0.0000,0.0000,0.0000,0.2778
2951.2000,0.0000,0.0000,0.0000,0.2778
2951.3000,0.0000,0.0000,0.0000,0.2778
2951.4000,0.0000,0.0000,0.0000,0.2778
2951.5000,0.0000,0.0000,0.0000,0.2778
2951.6000,0.0000,0.0000,0.0000,0.2778
2951.7000,0.0000,0.0000,0.0000,0.2778
2951.8000,0.0000,0.0000,0.0000,0.2778
2951.9000,0.0000,0.0000,0.0000,0.2778
2952.0000,0.0000,0.0000,0.0000,0.2778
2952.1000,0.0000,0.0000,0.0000,0.2778
2952.2000,0.0000,0.0000,0.0000,0.2778
2952.3000,0.0000,0.0000,0.0000,0.2778
2952.4000,0.0000,0.0000,0.0000,0.2778
2952.5000,0.0000,0.0000,0.0000,0.2778
2952.6000,0.0000,0.0000,0.0000,0.2778
2952.7000,0.0000,0.0000,0.0000,0.2778
2952.8000,0.0000,0.0000,0.0000,0.2778
2952.9000,0.0000,0.0000,0.0000,0.2778
2953.0000,0.0000,0.0000,0.0000,0.2778
2953.1000,0.0000,0.0000,0.0000,0.2778
2953.2000,0.0000,0.0000,0.0000,0.2778
2953.3000,0.0000,0.0000,0.0000,0.2778
2953.4000,0.0000,0.0000,0.0000,0.2778
2953.5000,0.0000,0.0000,0.0000,0.2778
2953.6000,0.0000,0.0000,0.0000,0.2778
2953.7000,0.0000,0.0000,0.0000,0.2778
2953.8000,0.0000,0.0000,0.0000,0.2778
2953.9000,0.0000,0.0000,0.0000,0.2778
2954.0000,0.0000,0.0000,0.0000,0.2778
2954.1000,0.0000,0.0000,0.0000,0.2778
2954.2000,0.0000,0.0000,0.0000,0.2778
2954.3000,0.0000,0.0000,0.0000,0.2778
2954.4000,0.0000,0.0000,0.0000,0.2778
2954.5000,0.0000,0.0000,0.0000,0.2778
2954.6000,0.0000,0.0000,0.0000,0.2778
2954.7000,0.0000,0.0000,0.0000,0.2778
2954.8000,0.0000,0.0000,0.0000,0.2778
2954.9000,0.0000,0.0000,0.0000,0.2778
2955.0000,0.0000,0.0000,0.0000,0.2778
2955.1000,0.0000,0.0000,0.0000,0.2778
2955.2000,0.0000,0.0000,0.0000,0.2778
2955.3000,0.0000,0.0000,0.0000,0.2778
2955.4000,0.0000,0.0000,0.0000,0.2778
2955.5000,0.0000,0.0000,0.0000,0.2778
2955.6000,0.0000,0.0000,0.0000,0.2778
2955.7000,0.0000,0.0000,0.0000,0.2778
2955.8000,0.0000,0.0000,0.0000,0.2778
2955.9000,0.0000,0.0000,0.0000,0.2778
2956.0000,0.0000,0.0000,0.0000,0.2778
2956.1000,0.0000,0.0000,0.0000,0.2778
2956.2000,0.0000,0.0000,0.0000,0.2778
2956.3000,0.0000,0.0000,0.0000,0.2778
2956.4000,0.0000,0.0000,0.0000,0.2778
2956.5000,0.0000,0.0000,0.0000,0.2778
2956.6000,0.0000,0.0000,0.0000,0.2778
2956.7000,0.0000,0.0000,0.0000,0.2778
2956.8000,0.0000,0.0000,0.0000,0.2778
2956.9000,0.0000,0.0000,0.0000,0.2778
2957.0000,0.0000,0.0000,0.0000,0.2778
2957.1000,0.0000,0.0000,0.0000,0.2778
2957.2000,0.0000,0.0000,0.0000,0.2778
2957.3000,0.0000,0.0000,0.0000,0.2778
2957.4000,0.0000,0.0000,0.0000,0.2778
2957.5000,0.0000,0.0000,0.0000,0.2778
2957.6000,0.0000,0.0000,0.0000,0.2778
2957.7000,0.0000,0.0000,0.0000,0.2778
2957.8000,0.0000,0.0000,0.0000,0.2778
2957.9000,0.0000,0.0000,0.0000,0.2778
2958.0000,0.0000,0.0000,0.0000,0.2778
2958.1000,0.0000,0.0000,0.0000,0.2778
2958.2000,0.0000,0.0000,0.0000,0.2778
2958.3000,0.0000,0.0000,0.0000,0.2778
2958.4000,0.0000,0.0000,0.0000,0.2778
2958.5000,0.0000,0.0000,0.0000,0.2778
2958.6000,0.0000,0.0000,0.0000,0.2778
2958.7000,0.0000,0.0000,0.0000,0.2778
2958.8000,0.0000,0.0000,0.0000,0.2778
2958.9000,0.0000,0.0000,0.0000,0.2778
2959.0000,0.0000,0.0000,0.0000,0.2778
2959.1000,0.0000,0.0000,0.0000,0.2778
2959.2000,0.0000,0.0000,0.0000,0.2778
2959.3000,0.0000,0.0000,0.0000,0.2778
2959.4000,0.0000,0.0000,0.0000,0.2778
2959.5000,0.0000,0.0000,0.0000,0.2778
2959.6000,0.0000,0.0000,0.0000,0.2778
2959.7000,0.0000,0.0000,0.0000,0.2778
2959.8000,0.0000,0.0000,0.0000,0.2778
2959.9000,0.0000,0.0000,0.0000,0.2778
2960.0000,0.0000,0.0000,0.0000,0.2778
2960.1000,0.0000,0.0000,0.0000,0.2778
2960.2000,0.0000,0.0000,0.0000,0.2778
2960.3000,0.0000,0.0000,0.0000,0.2778
2960.4000,0.0000,0.0000,0.0000,0.2778
2960.5000,0.0000,0.0000,0.0000,0.2778
2960.6000,0.0000,0.0000,0.0000,0.2778
2960.7000,0.0000,0.0000,0.0000,0.2778
2960.8000,0.0000,0.0000,0.0000,0.2778
2960.9000,0.0000,0.0000,0.0000,0.2778
2961.0000,0.0000,0.0000,0.0000,0.2778
2961.1000,0.0000,0.0000,0.0000,0.2778
2961.2000,0.0000,0.0000,0.0000,0.2778
2961.3000,0.0000,0.0000,0.0000,0.2778
2961.4000,0.0000,0.0000,0.0000,0.2778
2961.5000,0.0000,0.0000,0.0000,0.2778
2961.6000,0.0000,0.0000,0.0000,0.2778
2961.7000,0.0000,0.0000,0.0000,0.2778
2961.8000,0.0000,0.0000,0.0000,0.2778
2961.9000,0.0000,0.0000,0.0000,0.2778
2962.0000,0.0000,0.0000,0.0000,0.2778
2962.1000,0.2354,0.0000,0.3317,0.2778
2962.2000,0.4708,0.0000,0.7612,0.2778
2962.3000,0.7847,0.0000,1.5948,0.7079
2962.4000,1.1771,0.0000,2.6368,0.8122
2962.5000,1.5695,0.0000,3.5157,0.8484
2962.6000,1.9618,0.0000,4.3947,0.8867
2962.7000,2.3542,0.0000,5.2735,0.9257
2962.8000,2.7465,0.0000,6.1523,0.9667
2962.9000,3.1388,0.0000,7.0310,1.0090
2963.0000,3.5311,0.0000,7.9094,1.0538
2963.1000,3.9233,0.0000,8.7875,1.0992
2963.2000,4.3154,0.0000,9.6652,1.1461
2963.3000,4.7075,0.0000,10.5423,1.1961
2963.4000,5.0995,0.0000,11.4189,1.2488
2963.5000,5.4914,0.0000,12.2946,1.3037
2963.6000,5.8832,0.0000,13.1695,1.3606
2963.7000,6.2749,0.0000,14.0432,1.4183
2963.8000,6.6664,0.0000,14.9157,1.4770
2963.9000,7.0578,0.0000,15.7868,1.5364
2964.0000,7.4490,0.0000,16.6562,1.5964
2964.1000,7.8399,0.0000,17.5237,1.6569
2964.2000,8.2306,0.0000,18.3892,1.7181
2964.3000,8.6211,0.0000,19.2524,1.7793
2964.4000,9.0113,0.0000,20.1130,1.8412
2964.5000,9.4012,0.0000,20.9709,1.9038
2964.6000,9.7907,0.0000,21.8256,1.9670
2964.7000,10.1799,0.0000,22.6770,2.0308
2964.8000,10.5687,0.0000,23.5248,2.0947
2964.9000,10.9570,0.0000,24.3687,2.1591
2965.0000,11.3449,0.0000,25.2083,2.2244
2965.1000,11.7324,0.0000,26.0433,2.2905
2965.2000,12.1193,0.0000,26.8735,2.3574
2965.3000,12.5056,0.0000,27.6985,2.4247
2965.4000,12.8913,0.0000,28.5179,2.4928
2965.5000,13.2764,0.0000,29.3314,2.5616
2965.6000,13.6609,0.0000,30.1387,2.6312
2965.7000,14.0446,0.0000,30.9393,2.7015
2965.8000,14.4276,0.0000,31.7330,2.7722
2965.9000,14.8098,0.0000,32.5193,2.8436
2966.0000,15.1912,0.0000,33.2978,2.9172
2966.1000,15.5717,0.0000,34.0683,2.9916
2966.2000,15.9513,0.0000,34.8303,3.0664
2966.3000,16.3299,0.0000,35.5833,3.1418
2966.4000,16.7076,0.0000,36.3271,3.1036
2966.5000,17.0842,0.0000,37.0613,3.1473
2966.6000,17.4597,0.0000,37.7854,3.1907
2966.7000,17.8341,0.0000,38.4990,3.2337
2966.8000,18.2073,0.0000,39.2018,3.2764
2966.9000,18.5792,0.0000,39.8934,3.3186
2967.0000,18.9499,0.0000,40.5734,3.3586
2967.1000,19.3193,0.0000,41.2414,3.3979
2967.2000,19.6873,0.0000,41.8970,3.4368
2967.3000,20.0539,0.0000,42.5399,2.9219
2967.4000,20.4190,0.0000,43.1697,2.9670
2967.5000,20.7827,0.0000,43.7861,3.0115
2967.6000,21.1447,0.0000,44.3886,3.0553
2967.7000,21.5051,0.0000,44.9770,3.0985
2967.8000,21.8639,0.0000,45.5509,3.1411
2967.9000,22.2210,0.0000,46.1099,3.1830
2968.0000,22.5763,0.0000,46.6539,3.2242
2968.1000,22.9298,0.0000,47.1824,3.2647
2968.2000,23.2815,0.0000,47.6951,3.3044
2968.3000,23.6313,0.0000,48.1919,3.3435
2968.4000,23.9791,0.0000,48.6724,3.3818
2968.5000,24.3249,0.0000,49.1364,3.4193
2968.6000,24.6687,0.0000,49.5836,3.4561
2968.7000,25.0104,0.0000,50.0139,3.4920
2968.8000,25.3499,0.0000,50.4269,3.2942
2968.9000,25.6873,0.0000,50.8226,3.3212
2969.0000,26.0225,0.0000,51.2007,3.3473
2969.1000,26.3554,0.0000,51.5612,3.3725
2969.2000,26.6860,0.0000,51.9038,3.3967
2969.3000,27.0142,0.0000,52.2284,3.4199
2969.4000,27.3400,0.0000,52.5350,3.4421
2969.5000,27.6635,0.0000,52.8234,3.4633
2969.6000,27.9844,0.0000,53.0936,3.4835
2969.7000,28.3028,0.0000,53.3456,3.5028
2969.8000,28.6187,0.0000,53.5792,3.5210
2969.9000,28.9320,0.0000,53.7946,3.5383
2970.0000,29.2426,0.0000,53.9917,3.5546
2970.1000,29.5506,0.0000,54.1706,3.5698
2970.2000,29.8559,0.0000,54.3313,3.5841
2970.3000,30.1585,0.0000,54.4738,3.5974
2970.4000,30.4583,0.0000,54.5983,3.6097
2970.5000,30.7554,0.0000,54.7049,3.6210
2970.6000,31.0496,0.0000,54.7937,3.6313
2970.7000,31.3410,0.0000,54.8648,3.6407
2970.8000,31.6295,0.0000,54.9184,3.6491
2970.9000,31.9151,0.0000,54.9546,3.6565
2971.0000,32.1978,0.0000,54.9738,3.6630
2971.1000,32.4776,0.0000,54.9760,3.6685
2971.2000,32.7544,0.0000,54.9615,3.6732
2971.3000,33.0282,0.0000,54.8926,3.6748
2971.4000,33.2986,0.0000,54.7271,3.6709
2971.5000,33.5651,0.0000,54.4632,3.6615
2971.6000,33.8273,0.0000,54.1044,3.5000
2971.7000,34.0846,0.0000,53.6540,3.4536
2971.8000,34.3369,0.0000,53.1551,3.4067
2971.9000,34.5840,0.0000,52.6551,3.3813
2972.0000,34.8263,0.0000,52.1594,3.3562
2972.1000,35.0637,0.0000,51.6681,3.3313
2972.2000,35.2965,0.0000,51.1812,3.3066
2972.3000,35.5248,0.0000,50.6988,3.2822
2972.4000,35.7486,0.0000,50.2210,3.2580
2972.5000,35.9681,0.0000,49.7477,3.2340
2972.6000,36.1834,0.0000,49.2790,3.2103
2972.7000,36.3945,0.0000,47.7478,3.1274
2972.8000,36.5906,0.0000,45.1930,2.9873
2972.9000,36.7725,0.0000,42.6299,2.8466
2973.0000,36.9397,0.0000,39.8473,2.6936
2973.1000,37.0909,0.0000,36.6400,2.5168
2973.2000,37.2236,0.0000,34.2870,2.3874
2973.3000,37.3494,0.0000,33.0193,2.3184
2973.4000,37.4678,0.0000,31.6990,2.2470
2973.5000,37.5791,0.0000,30.3868,2.1799
2973.6000,37.6833,0.0000,29.3177,2.1253
2973.7000,37.7828,0.0000,28.3992,2.0783
2973.8000,37.8769,0.0000,27.3826,2.0259
2973.9000,37.9654,0.0000,26.2931,1.9694
2974.0000,38.0479,0.0000,25.3814,1.9220
2974.1000,38.1266,0.0000,24.6295,1.8831
2974.2000,38.2010,0.0000,23.7844,1.8389
2974.3000,38.2709,0.0000,22.8957,1.7922
2974.4000,38.3359,0.0000,22.1828,1.7548
2974.5000,38.3983,0.0000,21.5715,1.7227
2974.6000,38.4569,0.0000,21.1311,1.6998
2974.7000,38.5145,0.0000,21.1406,1.7012
2974.8000,38.5728,0.0000,21.2904,1.7103
2974.9000,38.6314,0.0000,21.4173,1.7181
2975.0000,38.6906,0.0000,21.4527,1.7209
2975.1000,38.7492,0.0000,21.0994,1.7027
2975.2000,38.8044,0.0000,20.5198,1.6721
2975.3000,38.8570,0.0000,20.1260,1.6516
2975.4000,38.9081,0.0000,19.9300,1.6417
2975.5000,38.9585,0.0000,19.9062,1.6412
2975.6000,39.0090,0.0000,20.0569,1.6502
2975.7000,39.0604,0.0000,20.0381,1.6500
2975.8000,39.1105,0.0000,19.8822,1.6423
2975.9000,39.1601,0.0000,19.7378,1.6352
2976.0000,39.2084,0.0000,19.3516,1.6150
2976.1000,39.2540,0.0000,18.7908,1.5851
2976.2000,39.2966,0.0000,18.2047,1.5537
2976.3000,39.3363,0.0000,17.3462,1.5073
2976.4000,39.3704,0.0000,16.2686,1.4487
2976.5000,39.3996,0.0000,15.4179,1.4023
2976.6000,39.4254,0.0000,14.9051,1.3744
2976.7000,39.4496,0.0000,14.6695,1.3618
2976.8000,39.4730,0.0000,14.5047,1.3530
2976.9000,39.4954,0.0000,14.1483,1.3337
2977.0000,39.5153,0.0000,13.5591,1.3013
2977.1000,39.5320,0.0000,12.9372,1.2671
2977.2000,39.5459,0.0000,12.3919,1.2370
2977.3000,39.5573,0.0000,11.9994,1.2153
2977.4000,39.5674,0.0000,11.9299,1.2116
2977.5000,39.5781,0.0000,12.4098,1.2385
2977.6000,39.5927,0.0000,13.0275,1.2730
2977.7000,39.6093,0.0000,13.2044,1.2831
2977.8000,39.6255,0.0000,13.2321,1.2849
2977.9000,39.6422,0.0000,13.2475,1.2860
2978.0000,39.6585,0.0000,12.7418,1.2582
2978.1000,39.6703,0.0000,11.8037,1.2062
2978.2000,39.6777,0.0000,10.9759,1.1601
2978.3000,39.6816,0.0000,10.3202,1.1236
2978.4000,39.6826,0.0000,9.7127,1.0524
2978.5000,39.6808,0.0000,9.1615,1.0087
2978.6000,39.6766,0.0000,8.7131,0.9733
2978.7000,39.6705,0.0000,8.2879,0.9400
2978.8000,39.6622,0.0000,7.7949,0.9015
2978.9000,39.6515,0.0000,7.4455,0.8743
2979.0000,39.6400,0.0000,7.5719,0.8841
2979.1000,39.6304,0.0000,8.1533,0.9294
2979.2000,39.6245,0.0000,8.8909,0.9873
2979.3000,39.6220,0.0000,9.7010,1.0515
2979.4000,39.6238,0.0000,10.2990,1.0992
2979.5000,39.6270,0.0000,10.3637,1.1044
2979.6000,39.6294,0.0000,10.2237,1.0932
2979.7000,39.6313,0.0000,10.2073,1.0919
2979.8000,39.6335,0.0000,10.2558,1.0957
2979.9000,39.6358,0.0000,10.4033,1.1075
2980.0000,39.6395,0.0000,10.6928,1.1308
2980.1000,39.6445,0.0000,10.8954,1.1471
2980.2000,39.6501,0.0000,11.0776,1.1618
2980.3000,39.6568,0.0000,11.2473,1.1755
2980.4000,39.6640,0.0000,11.1488,1.1675
2980.5000,39.6698,0.0000,11.0669,1.1609
2980.6000,39.6761,0.0000,11.1038,1.1638
2980.7000,39.6822,0.0000,10.9283,1.1497
2980.8000,39.6868,0.0000,10.5769,1.1214
2980.9000,39.6896,0.0000,10.4054,1.1077
2981.0000,39.6926,0.0000,10.3493,1.1032
2981.1000,39.6948,0.0000,10.4266,1.1094
2981.2000,39.6985,0.0000,10.6656,1.1285
2981.3000,39.7030,0.0000,10.8332,1.1420
2981.4000,39.7083,0.0000,10.9227,1.1492
2981.5000,39.7136,0.0000,10.8781,1.1456
2981.6000,39.7184,0.0000,10.4619,1.1122
2981.7000,39.7197,0.0000,9.7868,1.0583
2981.8000,39.7182,0.0000,9.1779,1.0100
2981.9000,39.7137,0.0000,8.5230,0.9584
2982.0000,39.7059,0.0000,7.8437,0.9054
2982.1000,39.6950,0.0000,7.3180,0.8646
2982.2000,39.6823,0.0000,6.9266,0.8343
2982.3000,39.6677,0.0000,6.4348,0.7965
2982.4000,39.6503,0.0000,6.0331,0.7658
2982.5000,39.6320,0.0000,5.9983,0.7631
2982.6000,39.6143,0.0000,6.1649,0.7757
2982.7000,39.5976,0.0000,6.5668,0.8065
2982.8000,39.5838,0.0000,7.4211,0.8723
2982.9000,39.5753,0.0000,8.4544,0.9529
2983.0000,39.5714,0.0000,9.1865,1.0106
2983.1000,39.5699,0.0000,9.6832,1.0501
2983.2000,39.5708,0.0000,10.0145,1.0765
2983.3000,39.5724,0.0000,9.9281,1.0696
2983.4000,39.5724,0.0000,9.3779,1.0258
2983.5000,39.5688,0.0000,8.7212,0.9739
2983.6000,39.5626,0.0000,8.1693,0.9306
2983.7000,39.5538,0.0000,7.7255,0.8959
2983.8000,39.5433,0.0000,7.5626,0.8832
2983.9000,39.5330,0.0000,7.7189,0.8954
2984.0000,39.5241,0.0000,8.0217,0.9190
2984.1000,39.5166,0.0000,8.2130,0.9339
2984.2000,39.5096,0.0000,8.1702,0.9306
2984.3000,39.5018,0.0000,8.2277,0.9351
2984.4000,39.4953,0.0000,8.5228,0.9582
2984.5000,39.4903,0.0000,8.9198,0.9895
2984.6000,39.4876,0.0000,9.4482,1.0314
2984.7000,39.4877,0.0000,10.0899,1.0826
2984.8000,39.4912,0.0000,10.6956,1.1312
2984.9000,39.4971,0.0000,11.1790,1.1702
2985.0000,39.5051,0.0000,11.5662,1.2016
2985.1000,39.5147,0.0000,12.0065,1.2374
2985.2000,39.5269,0.0000,12.5568,1.2823
2985.3000,39.5416,0.0000,12.8137,1.2604
2985.4000,39.5563,0.0000,12.6377,1.2508
2985.5000,39.5693,0.0000,12.1228,1.2224
2985.6000,39.5789,0.0000,11.2156,1.1720
2985.7000,39.5832,0.0000,9.9128,1.0993
2985.8000,39.5804,0.0000,8.4695,1.0182
2985.9000,39.5709,0.0000,7.1604,0.9444
2986.0000,39.5557,0.0000,6.2693,0.8938
2986.1000,39.5377,0.0000,5.7744,0.8655
2986.2000,39.5178,0.0000,5.5794,0.8542
2986.3000,39.4981,0.0000,5.7107,0.7410
2986.4000,39.4795,0.0000,5.9903,0.7620
2986.5000,39.4625,0.0000,6.0271,0.7648
2986.6000,39.4442,0.0000,5.9099,0.7558
2986.7000,39.4262,0.0000,5.8687,0.7527
2986.8000,39.4076,0.0000,5.8954,0.7546
2986.9000,39.3899,0.0000,6.0902,0.7694
2987.0000,39.3732,0.0000,6.3038,0.7857
2987.1000,39.3576,0.0000,6.5297,0.8030
2987.2000,39.3432,0.0000,6.7107,0.8169
2987.3000,39.3293,0.0000,6.5335,0.8032
2987.4000,39.3132,0.0000,6.2607,0.7822
2987.5000,39.2968,0.0000,6.3715,0.7907
2987.6000,39.2818,0.0000,6.6911,0.8153
2987.7000,39.2685,0.0000,7.1033,0.8471
2987.8000,39.2576,0.0000,7.7148,0.8947
2987.9000,39.2502,0.0000,8.1360,0.9276
2988.0000,39.2433,0.0000,8.1322,0.9273
2988.1000,39.2359,0.0000,7.8535,0.9055
2988.2000,39.2264,0.0000,7.3071,0.8628
2988.3000,39.2137,0.0000,6.8373,0.8264
2988.4000,39.1997,0.0000,6.5524,0.8044
2988.5000,39.1844,0.0000,6.4136,0.7936
2988.6000,39.1691,0.0000,6.3653,0.7899
2988.7000,39.1533,0.0000,6.4280,0.7947
2988.8000,39.1387,0.0000,6.4288,0.7947
2988.9000,39.1230,0.0000,6.2546,0.7813
2989.0000,39.1067,0.0000,6.0332,0.7642
2989.1000,39.0889,0.0000,5.7765,0.7446
2989.2000,39.0702,0.0000,5.5658,0.7286
2989.3000,39.0505,0.0000,5.4036,0.7164
2989.4000,39.0303,0.0000,5.2694,0.7062
2989.5000,39.0093,0.0000,5.1121,0.6944
2989.6000,38.9876,0.0000,5.0337,0.6885
2989.7000,38.9659,0.0000,5.1105,0.6941
2989.8000,38.9450,0.0000,5.2819,0.7068
2989.9000,38.9250,0.0000,5.4220,0.7173
2990.0000,38.9056,0.0000,5.4656,0.7205
2990.1000,38.8861,0.0000,5.4347,0.7181
2990.2000,38.8664,0.0000,5.2912,0.7073
2990.3000,38.8456,0.0000,5.1473,0.6964
2990.4000,38.8245,0.0000,5.3742,0.7133
2990.5000,38.8060,0.0000,5.9658,0.7582
2990.6000,38.7908,0.0000,6.6890,0.8140
2990.7000,38.7793,0.0000,7.5178,0.8786
2990.8000,38.7722,0.0000,8.3009,0.9402
2990.9000,38.7683,0.0000,8.8154,0.9811
2991.0000,38.7663,0.0000,9.2105,1.0126
2991.1000,38.7663,0.0000,9.6536,1.0481
2991.2000,38.7685,0.0000,9.8857,1.0668
2991.3000,38.7708,0.0000,9.9031,1.0682
2991.4000,38.7732,0.0000,9.8995,1.0679
2991.5000,38.7754,0.0000,9.8071,1.0604
2991.6000,38.7769,0.0000,9.7433,1.0553
2991.7000,38.7785,0.0000,10.0623,1.0810
2991.8000,38.7831,0.0000,10.6056,1.1250
2991.9000,38.7900,0.0000,11.2384,1.1766
2992.0000,38.8007,0.0000,11.9495,1.2349
2992.1000,38.8144,0.0000,12.5093,1.2323
2992.2000,38.8305,0.0000,12.8858,1.2535
2992.3000,38.8479,0.0000,13.2213,1.2723
2992.4000,38.8671,0.0000,13.4041,1.2828
2992.5000,38.8862,0.0000,13.4995,1.2883
2992.6000,38.9063,0.0000,13.7060,1.3001
2992.7000,38.9272,0.0000,13.6980,1.3000
2992.8000,38.9471,0.0000,13.6380,1.2969
2992.9000,38.9674,0.0000,13.7682,1.3045
2993.0000,38.9885,0.0000,13.9118,1.3127
2993.1000,39.0100,0.0000,13.8662,1.3105
2993.2000,39.0305,0.0000,13.8185,1.3082
2993.3000,39.0515,0.0000,13.7685,1.3058
2993.4000,39.0714,0.0000,13.3060,1.2804
2993.5000,39.0878,0.0000,12.6799,1.2460
2993.6000,39.1016,0.0000,12.2979,1.2249
2993.7000,39.1143,0.0000,12.0514,1.2114
2993.8000,39.1257,0.0000,11.9935,1.2084
2993.9000,39.1377,0.0000,12.5517,1.2396
2994.0000,39.1544,0.0000,13.4909,1.2920
2994.1000,39.1754,0.0000,14.2048,1.3318
2994.2000,39.1989,0.0000,14.9348,1.3725
2994.3000,39.2268,0.0000,15.7086,1.4156
2994.4000,39.2576,0.0000,16.3264,1.4501
2994.5000,39.2913,0.0000,16.7224,1.4724
2994.6000,39.3257,0.0000,16.9904,1.4876
2994.7000,39.3618,0.0000,17.0688,1.4925
2994.8000,39.3967,0.0000,16.7690,1.4766
2994.9000,39.4297,0.0000,16.1392,1.4425
2995.0000,39.4585,0.0000,15.2819,1.3957
2995.1000,39.4831,0.0000,14.5510,1.3557
2995.2000,39.5047,0.0000,14.0124,1.3263
2995.3000,39.5241,0.0000,13.5852,1.3029
2995.4000,39.5415,0.0000,13.0959,1.2760
2995.5000,39.5561,0.0000,12.6237,1.2500
2995.6000,39.5690,0.0000,12.0671,1.2193
2995.7000,39.5782,0.0000,11.4348,1.1842
2995.8000,39.5850,0.0000,10.9272,1.1560
2995.9000,39.5894,0.0000,10.6659,1.1415
2996.0000,39.5937,0.0000,10.6052,1.1381
2996.1000,39.5975,0.0000,10.5309,1.1340
2996.2000,39.6010,0.0000,10.2693,1.1195
2996.3000,39.6023,0.0000,9.9228,1.1001
2996.4000,39.6025,0.0000,9.6766,1.0495
2996.5000,39.6014,0.0000,9.3208,1.0213
2996.6000,39.5983,0.0000,9.0026,0.9961
2996.7000,39.5942,0.0000,9.0246,0.9978
2996.8000,39.5913,0.0000,9.1874,1.0107
2996.9000,39.5887,0.0000,9.3284,1.0219
2997.0000,39.5871,0.0000,9.6011,1.0435
2997.1000,39.5872,0.0000,9.7229,1.0532
2997.2000,39.5868,0.0000,9.3992,1.0275
2997.3000,39.5838,0.0000,8.8185,0.9816
2997.4000,39.5778,0.0000,8.1684,0.9305
2997.5000,39.5686,0.0000,7.6212,0.8878
2997.6000,39.5575,0.0000,7.6065,0.8867
2997.7000,39.5482,0.0000,8.1037,0.9254
2997.8000,39.5419,0.0000,8.7494,0.9761
2997.9000,39.5388,0.0000,9.4660,1.0328
2998.0000,39.5393,0.0000,10.1449,1.0869
2998.1000,39.5426,0.0000,10.5055,1.1158
2998.2000,39.5466,0.0000,10.6369,1.1264
2998.3000,39.5512,0.0000,10.9181,1.1490
2998.4000,39.5578,0.0000,11.2446,1.1754
2998.5000,39.5655,0.0000,11.2815,1.1784
2998.6000,39.5724,0.0000,11.3136,1.1810
2998.7000,39.5804,0.0000,11.5060,1.1966
2998.8000,39.5891,0.0000,11.6369,1.2072
2998.9000,39.5983,0.0000,11.6817,1.2108
2999.0000,39.6074,0.0000,11.6385,1.2072
2999.1000,39.6161,0.0000,11.3480,1.1837
2999.2000,39.6224,0.0000,10.7245,1.1334
2999.3000,39.6252,0.0000,9.8889,1.0664
2999.4000,39.6235,0.0000,9.0573,1.0004
2999.5000,39.6184,0.0000,8.4976,0.9564
2999.6000,39.6114,0.0000,8.3524,0.9450
2999.7000,39.6049,0.0000,8.4779,0.9548
2999.8000,39.5991,0.0000,8.4864,0.9555
2999.9000,39.5927,0.0000,8.3444,0.9443
