t_s,v_kmh,grade_pct,P_wheel_kW,fuel_g_per_s,SOC
1800.0000,40.0208,0.0000,12.2200,0.0000,0.4303
1800.1000,40.0290,0.0000,11.7946,0.0000,0.4302
1800.2000,40.0344,0.0000,11.1584,0.0000,0.4302
1800.3000,40.0365,0.0000,10.6914,0.0000,0.4302
1800.4000,40.0375,0.0000,10.4330,0.0000,0.4301
1800.5000,40.0373,0.0000,10.2177,0.0000,0.4301
1800.6000,40.0362,0.0000,10.2098,0.0000,0.4301
1800.7000,40.0359,0.0000,10.4293,0.0000,0.4300
1800.8000,40.0369,0.0000,10.7244,0.0000,0.4300
1800.9000,40.0394,0.0000,11.0751,0.0000,0.4300
1801.0000,40.0437,0.0000,11.5697,0.0000,0.4299
1801.1000,40.0508,0.0000,12.2084,0.0000,0.4299
1801.2000,40.0611,0.0000,12.8002,0.0000,0.4298
1801.3000,40.0737,0.0000,13.2095,0.0000,0.4298
1801.4000,40.0878,0.0000,13.4430,0.0000,0.4298
1801.5000,40.1026,0.0000,13.4999,0.0000,0.4297
1801.6000,40.1172,0.0000,13.2037,0.0000,0.4297
1801.7000,40.1290,0.0000,12.7483,0.0000,0.4296
1801.8000,40.1393,0.0000,12.2485,0.0000,0.4296
1801.9000,40.1464,0.0000,11.5087,0.0000,0.4295
1802.0000,40.1497,0.0000,10.7637,0.0000,0.4295
1802.1000,40.1498,0.0000,10.1863,0.0000,0.4295
1802.2000,40.1476,0.0000,9.8223,0.0000,0.4294
1802.3000,40.1443,0.0000,9.7210,0.0000,0.4294
1802.4000,40.1412,0.0000,9.9703,0.0000,0.4294
1802.5000,40.1402,0.0000,10.2825,0.0000,0.4293
1802.6000,40.1400,0.0000,10.2997,0.0000,0.4293
1802.7000,40.1392,0.0000,10.0628,0.0000,0.4293
1802.8000,40.1368,0.0000,9.5947,0.0000,0.4292
1802.9000,40.1316,0.0000,9.1405,0.0000,0.4292
1803.0000,40.1250,0.0000,9.0507,0.0000,0.4292
1803.1000,40.1190,0.0000,9.3685,0.0000,0.4291
1803.2000,40.1153,0.0000,9.9591,0.0000,0.4291
1803.3000,40.1149,0.0000,10.7304,0.0000,0.4291
1803.4000,40.1185,0.0000,11.3856,0.0000,0.4290
1803.5000,40.1243,0.0000,11.9207,0.0000,0.4290
1803.6000,40.1329,0.0000,12.4514,0.0000,0.4289
1803.7000,40.1436,0.0000,12.8878,0.0000,0.4289
1803.8000,40.1562,0.0000,13.2399,0.0000,0.4289
1803.9000,40.1702,0.0000,13.5962,0.0000,0.4288
1804.0000,40.1861,0.0000,13.8765,0.0000,0.4288
1804.1000,40.2026,0.0000,13.8553,0.0000,0.4287
1804.2000,40.2183,0.0000,13.4274,0.0000,0.4287
1804.3000,40.2307,0.0000,12.7585,0.0000,0.4286
1804.4000,40.2400,0.0000,12.0558,0.0000,0.4286
1804.5000,40.2458,0.0000,11.2344,0.0000,0.4286
1804.6000,40.2474,0.0000,10.4619,0.0000,0.4285
1804.7000,40.2459,0.0000,9.8879,0.0000,0.4285
1804.8000,40.2421,0.0000,9.3826,0.0000,0.4285
1804.9000,40.2359,0.0000,8.8034,0.0000,0.4284
1805.0000,40.2267,0.0000,8.2160,0.0000,0.4284
1805.1000,40.2150,0.0000,7.7093,0.0000,0.4284
1805.2000,40.2011,0.0000,7.2159,0.0000,0.4284
1805.3000,40.1848,0.0000,6.6991,0.0000,0.4283
1805.4000,40.1661,0.0000,6.2162,0.0000,0.4283
1805.5000,40.1453,0.0000,5.5883,0.0000,0.4283
1805.6000,40.1208,0.0000,4.8693,0.0000,0.4283
1805.7000,40.0933,0.0000,4.3986,0.0000,0.4282
1805.8000,40.0644,0.0000,4.0799,0.0000,0.4282
1805.9000,40.0340,0.0000,3.7866,0.0000,0.4282
1806.0000,40.0025,0.0000,3.6525,0.0000,0.4282
1806.1000,39.9709,0.0000,3.7030,0.0000,0.4282
1806.2000,39.9399,0.0000,3.6991,0.0000,0.4282
1806.3000,39.9084,0.0000,3.6811,0.0000,0.4281
1806.4000,39.8773,0.0000,3.7132,0.0000,0.4281
1806.5000,39.8461,0.0000,3.6397,0.0000,0.4281
1806.6000,39.8144,0.0000,3.3724,0.0000,0.4281
1806.7000,39.7809,0.0000,3.3647,0.0000,0.4281
1806.8000,39.7492,0.0000,3.8849,0.0000,0.4281
1806.9000,39.7206,0.0000,4.6536,0.0000,0.4280
1807.0000,39.6963,0.0000,5.6372,0.0000,0.4280
1807.1000,39.6772,0.0000,6.6103,0.0000,0.4280
1807.2000,39.6622,0.0000,7.0472,0.0000,0.4280
1807.3000,39.6473,0.0000,7.0207,0.0000,0.4279
1807.4000,39.6321,0.0000,6.9293,0.0000,0.4279
1807.5000,39.6164,0.0000,6.8907,0.0000,0.4279
1807.6000,39.6009,0.0000,7.0814,0.0000,0.4279
1807.7000,39.5870,0.0000,7.5576,0.0000,0.4278
1807.8000,39.5761,0.0000,8.0975,0.0000,0.4278
1807.9000,39.5674,0.0000,8.6009,0.0000,0.4278
1808.0000,39.5614,0.0000,9.0610,0.0000,0.4277
1808.1000,39.5571,0.0000,9.5340,0.0000,0.4277
1808.2000,39.5556,0.0000,9.9867,0.0000,0.4277
1808.3000,39.5556,0.0000,10.2837,0.0000,0.4276
1808.4000,39.5569,0.0000,10.4179,0.0000,0.4276
1808.5000,39.5583,0.0000,10.3927,0.0000,0.4276
1808.6000,39.5593,0.0000,10.2716,0.0000,0.4275
1808.7000,39.5595,0.0000,10.1524,0.0000,0.4275
1808.8000,39.5594,0.0000,9.9316,0.0000,0.4275
1808.9000,39.5575,0.0000,9.5553,0.0000,0.4274
1809.0000,39.5538,0.0000,9.1451,0.0000,0.4274
1809.1000,39.5480,0.0000,8.6288,0.0000,0.4274
1809.2000,39.5394,0.0000,7.9936,0.0000,0.4273
1809.3000,39.5276,0.0000,7.4711,0.0000,0.4273
1809.4000,39.5141,0.0000,7.2784,0.0000,0.4273
1809.5000,39.5004,0.0000,7.3572,0.0000,0.4273
1809.6000,39.4877,0.0000,7.7078,0.0000,0.4272
1809.7000,39.4775,0.0000,8.1146,0.0000,0.4272
1809.8000,39.4687,0.0000,8.3431,0.0000,0.4272
1809.9000,39.4606,0.0000,8.2885,0.0000,0.4271
1810.0000,39.4513,0.0000,8.0682,0.0000,0.4271
1810.1000,39.4412,0.0000,7.8298,0.0000,0.4271
1810.2000,39.4297,0.0000,7.6345,0.0000,0.4271
1810.3000,39.4178,0.0000,7.5972,0.0000,0.4270
1810.4000,39.4059,0.0000,7.7568,0.0000,0.4270
1810.5000,39.3956,0.0000,8.0849,0.0000,0.4270
1810.6000,39.3869,0.0000,8.5074,0.0000,0.4269
1810.7000,39.3806,0.0000,8.9845,0.0000,0.4269
1810.8000,39.3766,0.0000,9.5700,0.0000,0.4269
1810.9000,39.3759,0.0000,10.2211,0.0000,0.4268
1811.0000,39.3781,0.0000,10.8249,0.0000,0.4268
1811.1000,39.3833,0.0000,11.5286,0.0000,0.4268
1811.2000,39.3922,0.0000,12.4145,0.0000,0.4267
1811.3000,39.4058,0.0000,13.3466,0.0000,0.4267
1811.4000,39.4235,0.0000,13.9815,0.0000,0.4266
1811.5000,39.4431,0.0000,14.2610,0.0000,0.4266
1811.6000,39.4635,0.0000,14.0170,0.0000,0.4265
1811.7000,39.4806,0.0000,13.2612,0.0000,0.4265
1811.8000,39.4936,0.0000,12.4547,0.0000,0.4265
1811.9000,39.5030,0.0000,11.8039,0.0000,0.4264
1812.0000,39.5098,0.0000,11.4490,0.0000,0.4264
1812.1000,39.5157,0.0000,11.3941,0.0000,0.4263
1812.2000,39.5219,0.0000,11.5856,0.0000,0.4263
1812.3000,39.5297,0.0000,11.7651,0.0000,0.4263
1812.4000,39.5376,0.0000,12.0192,0.0000,0.4262
1812.5000,39.5477,0.0000,12.1986,0.0000,0.4262
1812.6000,39.5573,0.0000,12.1333,0.0000,0.4261
1812.7000,39.5667,0.0000,11.8186,0.0000,0.4261
1812.8000,39.5732,0.0000,11.3629,0.0000,0.4261
1812.9000,39.5783,0.0000,11.0728,0.0000,0.4260
1813.0000,39.5820,0.0000,10.8178,0.0000,0.4260
1813.1000,39.5847,0.0000,10.5727,0.0000,0.4260
1813.2000,39.5860,0.0000,10.4330,0.0000,0.4259
1813.3000,39.5873,0.0000,10.2552,0.0000,0.4259
1813.4000,39.5870,0.0000,9.8783,0.0000,0.4259
1813.5000,39.5847,0.0000,9.5380,0.0000,0.4258
1813.6000,39.5811,0.0000,9.3769,0.0000,0.4258
1813.7000,39.5773,0.0000,9.5406,0.0000,0.4258
1813.8000,39.5753,0.0000,10.0802,0.0000,0.4257
1813.9000,39.5767,0.0000,10.7780,0.0000,0.4257
1814.0000,39.5813,0.0000,11.4635,0.0000,0.4257
1814.1000,39.5892,0.0000,12.0313,0.0000,0.4256
1814.2000,39.5992,0.0000,12.4901,0.0000,0.4256
1814.3000,39.6114,0.0000,12.7693,0.0000,0.4255
1814.4000,39.6240,0.0000,12.7534,0.0000,0.4255
1814.5000,39.6360,0.0000,12.6222,0.0000,0.4254
1814.6000,39.6473,0.0000,12.3782,0.0000,0.4254
1814.7000,39.6569,0.0000,11.8765,0.0000,0.4254
1814.8000,39.6634,0.0000,11.1722,0.0000,0.4253
1814.9000,39.6663,0.0000,10.4185,0.0000,0.4253
1815.0000,39.6656,0.0000,9.9986,0.0000,0.4253
1815.1000,39.6645,0.0000,9.8835,0.0000,0.4252
1815.2000,39.6627,0.0000,9.8794,0.0000,0.4252
1815.3000,39.6616,0.0000,10.0903,0.0000,0.4252
1815.4000,39.6618,0.0000,10.3521,0.0000,0.4251
1815.5000,39.6631,0.0000,10.0920,0.0000,0.4251
1815.6000,39.6609,0.0000,9.5784,0.0000,0.4251
1815.7000,39.6573,0.0000,9.1741,0.0000,0.4250
1815.8000,39.6513,0.0000,8.7147,0.0000,0.4250
1815.9000,39.6433,0.0000,8.6052,0.0000,0.4250
1816.0000,39.6363,0.0000,8.7828,0.0000,0.4249
1816.1000,39.6301,0.0000,8.6994,0.0000,0.4249
1816.2000,39.6222,0.0000,8.4042,0.0000,0.4249
1816.3000,39.6132,0.0000,8.3036,0.0000,0.4248
1816.4000,39.6045,0.0000,8.1960,0.0000,0.4248
1816.5000,39.5945,0.0000,8.2170,0.0000,0.4248
1816.6000,39.5860,0.0000,8.8197,0.0000,0.4248
1816.7000,39.5818,0.0000,9.7313,0.0000,0.4247
1816.8000,39.5820,0.0000,10.4173,0.0000,0.4247
1816.9000,39.5843,0.0000,10.8662,0.0000,0.4246
1817.0000,39.5888,0.0000,11.2699,0.0000,0.4246
1817.1000,39.5949,0.0000,11.5711,0.0000,0.4246
1817.2000,39.6022,0.0000,11.7647,0.0000,0.4245
1817.3000,39.6102,0.0000,12.0266,0.0000,0.4245
1817.4000,39.6200,0.0000,12.3733,0.0000,0.4244
1817.5000,39.6313,0.0000,12.6593,0.0000,0.4244
1817.6000,39.6437,0.0000,12.8318,0.0000,0.4244
1817.7000,39.6565,0.0000,13.0858,0.0000,0.4243
1817.8000,39.6713,0.0000,13.4901,0.0000,0.4243
1817.9000,39.6879,0.0000,13.8977,0.0000,0.4242
1818.0000,39.7065,0.0000,14.0558,0.0000,0.4242
1818.1000,39.7245,0.0000,13.7701,0.0000,0.4241
1818.2000,39.7403,0.0000,13.1365,0.0000,0.4241
1818.3000,39.7522,0.0000,12.2749,0.0000,0.4241
1818.4000,39.7597,0.0000,11.5397,0.0000,0.4240
1818.5000,39.7646,0.0000,11.1074,0.0000,0.4240
1818.6000,39.7680,0.0000,10.9098,0.0000,0.4239
1818.7000,39.7710,0.0000,10.9298,0.0000,0.4239
1818.8000,39.7746,0.0000,10.8885,0.0000,0.4239
1818.9000,39.7772,0.0000,10.5146,0.0000,0.4238
1819.0000,39.7772,0.0000,9.9230,0.0000,0.4238
1819.1000,39.7742,0.0000,9.1265,0.0000,0.4238
1819.2000,39.7667,0.0000,7.9365,0.0000,0.4237
1819.3000,39.7524,0.0000,6.7303,0.0000,0.4237
1819.4000,39.7334,0.0000,5.7521,0.0000,0.4237
1819.5000,39.7099,0.0000,4.9085,0.0000,0.4237
1819.6000,39.6830,0.0000,4.3825,0.0000,0.4237
1819.7000,39.6546,0.0000,4.2380,0.0000,0.4236
1819.8000,39.6264,0.0000,4.3174,0.0000,0.4236
1819.9000,39.5988,0.0000,4.4375,0.0000,0.4236
1820.0000,39.5719,0.0000,4.7377,0.0000,0.4236
1820.1000,39.5472,0.0000,-3.4328,0.0000,0.4236
1820.2000,39.4423,0.0000,-20.2461,0.0000,0.4236
1820.3000,39.2568,0.0000,-36.9995,0.0000,0.4237
1820.4000,38.9901,0.0000,-53.5828,0.0000,0.4238
1820.5000,38.6420,0.0000,-70.0104,0.0000,0.4240
1820.6000,38.2108,0.0000,-77.7205,0.0000,0.4241
1820.7000,37.7795,0.0000,-76.9181,0.0000,0.4243
1820.8000,37.3483,0.0000,-76.1131,0.0000,0.4244
1820.9000,36.9170,0.0000,-75.3057,0.0000,0.4246
1821.0000,36.4858,0.0000,-74.4957,0.0000,0.4248
1821.1000,36.0545,0.0000,-73.6833,0.0000,0.4249
1821.2000,35.6233,0.0000,-72.8685,0.0000,0.4251
1821.3000,35.1920,0.0000,-72.0512,0.0000,0.4252
1821.4000,34.7608,0.0000,-71.2316,0.0000,0.4254
1821.5000,34.3295,0.0000,-70.4097,0.0000,0.4255
1821.6000,33.8983,0.0000,-69.5854,0.0000,0.4257
1821.7000,33.4670,0.0000,-68.7589,0.0000,0.4258
1821.8000,33.0358,0.0000,-67.9301,0.0000,0.4260
1821.9000,32.6045,0.0000,-67.0990,0.0000,0.4261
1822.0000,32.1733,0.0000,-66.2658,0.0000,0.4262
1822.1000,31.7420,0.0000,-65.4304,0.0000,0.4264
1822.2000,31.3108,0.0000,-64.5929,0.0000,0.4265
1822.3000,30.8795,0.0000,-63.7533,0.0000,0.4266
1822.4000,30.4483,0.0000,-62.9115,0.0000,0.4268
1822.5000,30.0170,0.0000,-62.0678,0.0000,0.4269
1822.6000,29.5858,0.0000,-61.2220,0.0000,0.4270
1822.7000,29.1545,0.0000,-60.3742,0.0000,0.4272
1822.8000,28.7233,0.0000,-59.5244,0.0000,0.4273
1822.9000,28.2920,0.0000,-58.6727,0.0000,0.4274
1823.0000,27.8608,0.0000,-57.8191,0.0000,0.4275
1823.1000,27.4295,0.0000,-56.9637,0.0000,0.4276
1823.2000,26.9983,0.0000,-56.1063,0.0000,0.4278
1823.3000,26.5670,0.0000,-55.2472,0.0000,0.4279
1823.4000,26.1358,0.0000,-54.3863,0.0000,0.4280
1823.5000,25.7045,0.0000,-53.5236,0.0000,0.4281
1823.6000,25.2733,0.0000,-52.6592,0.0000,0.4282
1823.7000,24.8420,0.0000,-51.7930,0.0000,0.4283
1823.8000,24.4108,0.0000,-50.9252,0.0000,0.4284
1823.9000,23.9795,0.0000,-50.0558,0.0000,0.4285
1824.0000,23.5483,0.0000,-49.1847,0.0000,0.4286
1824.1000,23.1170,0.0000,-48.3121,0.0000,0.4287
1824.2000,22.6858,0.0000,-47.4379,0.0000,0.4288
1824.3000,22.2545,0.0000,-46.5621,0.0000,0.4289
1824.4000,21.8233,0.0000,-45.6849,0.0000,0.4290
1824.5000,21.3920,0.0000,-44.8062,0.0000,0.4291
1824.6000,20.9608,0.0000,-43.9261,0.0000,0.4292
1824.7000,20.5295,0.0000,-43.0445,0.0000,0.4293
1824.8000,20.0983,0.0000,-42.1616,0.0000,0.4294
1824.9000,19.6670,0.0000,-41.2773,0.0000,0.4294
1825.0000,19.2358,0.0000,-40.3916,0.0000,0.4295
1825.1000,18.8045,0.0000,-39.5047,0.0000,0.4296
1825.2000,18.3733,0.0000,-38.6165,0.0000,0.4297
1825.3000,17.9420,0.0000,-37.7271,0.0000,0.4298
1825.4000,17.5108,0.0000,-36.8365,0.0000,0.4298
1825.5000,17.0795,0.0000,-35.9447,0.0000,0.4299
1825.6000,16.6483,0.0000,-35.0517,0.0000,0.4300
1825.7000,16.2170,0.0000,-34.1576,0.0000,0.4300
1825.8000,15.7858,0.0000,-33.2624,0.0000,0.4301
1825.9000,15.3545,0.0000,-32.3662,0.0000,0.4302
1826.0000,14.9233,0.0000,-31.4689,0.0000,0.4302
1826.1000,14.4920,0.0000,-30.5706,0.0000,0.4303
1826.2000,14.0608,0.0000,-29.6714,0.0000,0.4303
1826.3000,13.6295,0.0000,-28.7712,0.0000,0.4304
1826.4000,13.1983,0.0000,-27.8701,0.0000,0.4304
1826.5000,12.7670,0.0000,-26.9680,0.0000,0.4305
1826.6000,12.3358,0.0000,-26.0652,0.0000,0.4305
1826.7000,11.9045,0.0000,-25.1615,0.0000,0.4306
1826.8000,11.4733,0.0000,-24.2570,0.0000,0.4306
1826.9000,11.0420,0.0000,-23.3517,0.0000,0.4307
1827.0000,10.6108,0.0000,-22.4457,0.0000,0.4307
1827.1000,10.1795,0.0000,-21.5389,0.0000,0.4307
1827.2000,9.7483,0.0000,-20.6315,0.0000,0.4308
1827.3000,9.3170,0.0000,-19.7234,0.0000,0.4308
1827.4000,8.8858,0.0000,-18.8147,0.0000,0.4308
1827.5000,8.4545,0.0000,-17.9054,0.0000,0.4309
1827.6000,8.0233,0.0000,-16.9955,0.0000,0.4309
1827.7000,7.5920,0.0000,-16.0851,0.0000,0.4309
1827.8000,7.1608,0.0000,-15.1742,0.0000,0.4309
1827.9000,6.7295,0.0000,-14.2628,0.0000,0.4310
1828.0000,6.2983,0.0000,-13.3509,0.0000,0.4310
1828.1000,5.8670,0.0000,-12.3405,0.0000,0.4310
1828.2000,5.4421,0.0000,-11.1742,0.0000,0.4310
1828.3000,5.0299,0.0000,-9.9125,0.0000,0.4310
1828.4000,4.6362,0.0000,-8.6154,0.0000,0.4310
1828.5000,4.2665,0.0000,-7.3312,0.0000,0.4310
1828.6000,3.9258,0.0000,-6.1625,0.0000,0.4310
1828.7000,3.6123,0.0000,-5.1711,0.0000,0.4310
1828.8000,3.3238,0.0000,-4.3714,0.0000,0.4310
1828.9000,3.0543,0.0000,-3.7201,0.0000,0.4310
1829.0000,2.8025,0.0000,-3.1578,0.0000,0.4310
1829.1000,2.5675,0.0000,-2.6732,0.0000,0.4310
1829.2000,2.3481,0.0000,-2.2563,0.0000,0.4309
1829.3000,2.1433,0.0000,-1.8751,0.0000,0.4309
1829.4000,1.9565,0.0000,-1.5348,0.0000,0.4309
1829.5000,1.7859,0.0000,-1.2537,0.0000,0.4309
1829.6000,1.6302,0.0000,-1.0216,0.0000,0.4309
1829.7000,1.4881,0.0000,-0.8303,0.0000,0.4309
1829.8000,1.3583,0.0000,-0.6726,0.0000,0.4309
1829.9000,1.2399,0.0000,-0.5430,0.0000,0.4309
1830.0000,1.1318,0.0000,-0.4365,0.0000,0.4309
1830.1000,1.0331,0.0000,-0.3491,0.0000,0.4309
1830.2000,0.9430,0.0000,-0.2776,0.0000,0.4309
1830.3000,0.8608,0.0000,-0.2191,0.0000,0.4309
1830.4000,0.7858,0.0000,-0.1715,0.0000,0.4309
1830.5000,0.7173,0.0000,-0.1328,0.0000,0.4309
1830.6000,0.6547,0.0000,-0.1014,0.0000,0.4309
1830.7000,0.5976,0.0000,-0.0761,0.0000,0.4309
1830.8000,0.5455,0.0000,-0.0557,0.0000,0.4309
1830.9000,0.4980,0.0000,-0.0394,0.0000,0.4309
1831.0000,0.4546,0.0000,-0.0264,0.0000,0.4309
1831.1000,0.4149,0.0000,-0.0161,0.0000,0.4308
1831.2000,0.3788,0.0000,-0.0081,0.0000,0.4308
1831.3000,0.3457,0.0000,-0.0019,0.0000,0.4308
1831.4000,0.3156,0.0000,0.0029,0.0000,0.4308
1831.5000,0.2881,0.0000,0.0065,0.0000,0.4308
1831.6000,0.2630,0.0000,0.0091,0.0000,0.4308
1831.7000,0.2400,0.0000,0.0110,0.0000,0.4308
1831.8000,0.2191,0.0000,0.0122,0.0000,0.4308
1831.9000,0.2000,0.0000,-0.0837,0.0000,0.4308
1832.0000,0.0000,0.0000,-0.0000,0.0000,0.4308
1832.1000,0.0000,0.0000,0.0000,0.0000,0.4308
1832.2000,0.0000,0.0000,0.0000,0.0000,0.4308
1832.3000,0.0000,0.0000,0.0000,0.0000,0.4308
1832.4000,0.0000,0.0000,0.0000,0.0000,0.4308
1832.5000,0.0000,0.0000,0.0000,0.0000,0.4308
1832.6000,0.0000,0.0000,0.0000,0.0000,0.4308
1832.7000,0.0000,0.0000,0.0000,0.0000,0.4308
1832.8000,0.0000,0.0000,0.0000,0.0000,0.4308
1832.9000,0.0000,0.0000,0.0000,0.0000,0.4308
1833.0000,0.0000,0.0000,0.0000,0.0000,0.4307
1833.1000,0.0000,0.0000,0.0000,0.0000,0.4307
1833.2000,0.0000,0.0000,0.0000,0.0000,0.4307
1833.3000,0.0000,0.0000,0.0000,0.0000,0.4307
1833.4000,0.0000,0.0000,0.0000,0.0000,0.4307
1833.5000,0.0000,0.0000,0.0000,0.0000,0.4307
1833.6000,0.0000,0.0000,0.0000,0.0000,0.4307
1833.7000,0.0000,0.0000,0.0000,0.0000,0.4307
1833.8000,0.0000,0.0000,0.0000,0.0000,0.4307
1833.9000,0.0000,0.0000,0.0000,0.0000,0.4307
1834.0000,0.0000,0.0000,0.0000,0.0000,0.4307
1834.1000,0.0000,0.0000,0.0000,0.0000,0.4307
1834.2000,0.0000,0.0000,0.0000,0.0000,0.4307
1834.3000,0.0000,0.0000,0.0000,0.0000,0.4307
1834.4000,0.0000,0.0000,0.0000,0.0000,0.4307
1834.5000,0.0000,0.0000,0.0000,0.0000,0.4307
1834.6000,0.0000,0.0000,0.0000,0.0000,0.4307
1834.7000,0.0000,0.0000,0.0000,0.0000,0.4307
1834.8000,0.0000,0.0000,0.0000,0.0000,0.4307
1834.9000,0.0000,0.0000,0.0000,0.0000,0.4306
1835.0000,0.0000,0.0000,0.0000,0.0000,0.4306
1835.1000,0.0000,0.0000,0.0000,0.0000,0.4306
1835.2000,0.0000,0.0000,0.0000,0.0000,0.4306
1835.3000,0.0000,0.0000,0.0000,0.0000,0.4306
1835.4000,0.0000,0.0000,0.0000,0.0000,0.4306
1835.5000,0.0000,0.0000,0.0000,0.0000,0.4306
1835.6000,0.0000,0.0000,0.0000,0.0000,0.4306
1835.7000,0.0000,0.0000,0.0000,0.0000,0.4306
1835.8000,0.0000,0.0000,0.0000,0.0000,0.4306
1835.9000,0.0000,0.0000,0.0000,0.0000,0.4306
1836.0000,0.0000,0.0000,0.0000,0.0000,0.4306
1836.1000,0.0000,0.0000,0.0000,0.0000,0.4306
1836.2000,0.0000,0.0000,0.0000,0.0000,0.4306
1836.3000,0.0000,0.0000,0.0000,0.0000,0.4306
1836.4000,0.0000,0.0000,0.0000,0.0000,0.4306
1836.5000,0.0000,0.0000,0.0000,0.0000,0.4306
1836.6000,0.0000,0.0000,0.0000,0.0000,0.4306
1836.7000,0.0000,0.0000,0.0000,0.0000,0.4306
1836.8000,0.0000,0.0000,0.0000,0.0000,0.4306
1836.9000,0.0000,0.0000,0.0000,0.0000,0.4305
1837.0000,0.0000,0.0000,0.0000,0.0000,0.4305
1837.1000,0.0000,0.0000,0.0000,0.0000,0.4305
1837.2000,0.0000,0.0000,0.0000,0.0000,0.4305
1837.3000,0.0000,0.0000,0.0000,0.0000,0.4305
1837.4000,0.0000,0.0000,0.0000,0.0000,0.4305
1837.5000,0.0000,0.0000,0.0000,0.0000,0.4305
1837.6000,0.0000,0.0000,0.0000,0.0000,0.4305
1837.7000,0.0000,0.0000,0.0000,0.0000,0.4305
1837.8000,0.0000,0.0000,0.0000,0.0000,0.4305
1837.9000,0.0000,0.0000,0.0000,0.0000,0.4305
1838.0000,0.0000,0.0000,0.0000,0.0000,0.4305
1838.1000,0.0000,0.0000,0.0000,0.0000,0.4305
1838.2000,0.0000,0.0000,0.0000,0.0000,0.4305
1838.3000,0.0000,0.0000,0.0000,0.0000,0.4305
1838.4000,0.0000,0.0000,0.0000,0.0000,0.4305
1838.5000,0.0000,0.0000,0.0000,0.0000,0.4305
1838.6000,0.0000,0.0000,0.0000,0.0000,0.4305
1838.7000,0.0000,0.0000,0.0000,0.0000,0.4305
1838.8000,0.0000,0.0000,0.0000,0.0000,0.4304
1838.9000,0.0000,0.0000,0.0000,0.0000,0.4304
1839.0000,0.0000,0.0000,0.0000,0.0000,0.4304
1839.1000,0.0000,0.0000,0.0000,0.0000,0.4304
1839.2000,0.0000,0.0000,0.0000,0.0000,0.4304
1839.3000,0.0000,0.0000,0.0000,0.0000,0.4304
1839.4000,0.0000,0.0000,0.0000,0.0000,0.4304
1839.5000,0.0000,0.0000,0.0000,0.0000,0.4304
1839.6000,0.0000,0.0000,0.0000,0.0000,0.4304
1839.7000,0.0000,0.0000,0.0000,0.0000,0.4304
1839.8000,0.0000,0.0000,0.0000,0.0000,0.4304
1839.9000,0.0000,0.0000,0.0000,0.0000,0.4304
1840.0000,0.0000,0.0000,0.0000,0.0000,0.4304
1840.1000,0.0000,0.0000,0.0000,0.0000,0.4304
1840.2000,0.0000,0.0000,0.0000,0.0000,0.4304
1840.3000,0.0000,0.0000,0.0000,0.0000,0.4304
1840.4000,0.0000,0.0000,0.0000,0.0000,0.4304
1840.5000,0.0000,0.0000,0.0000,0.0000,0.4304
1840.6000,0.0000,0.0000,0.0000,0.0000,0.4304
1840.7000,0.0000,0.0000,0.0000,0.0000,0.4303
1840.8000,0.0000,0.0000,0.0000,0.0000,0.4303
1840.9000,0.0000,0.0000,0.0000,0.0000,0.4303
1841.0000,0.0000,0.0000,0.0000,0.0000,0.4303
1841.1000,0.0000,0.0000,0.0000,0.0000,0.4303
1841.2000,0.0000,0.0000,0.0000,0.0000,0.4303
1841.3000,0.0000,0.0000,0.0000,0.0000,0.4303
1841.4000,0.0000,0.0000,0.0000,0.0000,0.4303
1841.5000,0.0000,0.0000,0.0000,0.0000,0.4303
1841.6000,0.0000,0.0000,0.0000,0.0000,0.4303
1841.7000,0.0000,0.0000,0.0000,0.0000,0.4303
1841.8000,0.0000,0.0000,0.0000,0.0000,0.4303
1841.9000,0.0000,0.0000,0.0000,0.0000,0.4303
1842.0000,0.0000,0.0000,0.0000,0.0000,0.4303
1842.1000,0.0000,0.0000,0.0000,0.0000,0.4303
1842.2000,0.0000,0.0000,0.0000,0.0000,0.4303
1842.3000,0.0000,0.0000,0.0000,0.0000,0.4303
1842.4000,0.0000,0.0000,0.0000,0.0000,0.4303
1842.5000,0.0000,0.0000,0.0000,0.0000,0.4303
1842.6000,0.0000,0.0000,0.0000,0.0000,0.4303
1842.7000,0.0000,0.0000,0.0000,0.0000,0.4302
1842.8000,0.0000,0.0000,0.0000,0.0000,0.4302
1842.9000,0.0000,0.0000,0.0000,0.0000,0.4302
1843.0000,0.0000,0.0000,0.0000,0.0000,0.4302
1843.1000,0.0000,0.0000,0.0000,0.0000,0.4302
1843.2000,0.0000,0.0000,0.0000,0.0000,0.4302
1843.3000,0.0000,0.0000,0.0000,0.0000,0.4302
1843.4000,0.0000,0.0000,0.0000,0.0000,0.4302
1843.5000,0.0000,0.0000,0.0000,0.0000,0.4302
1843.6000,0.0000,0.0000,0.0000,0.0000,0.4302
1843.7000,0.0000,0.0000,0.0000,0.0000,0.4302
1843.8000,0.0000,0.0000,0.0000,0.0000,0.4302
1843.9000,0.0000,0.0000,0.0000,0.0000,0.4302
1844.0000,0.0000,0.0000,0.0000,0.0000,0.4302
1844.1000,0.0000,0.0000,0.0000,0.0000,0.4302
1844.2000,0.0000,0.0000,0.0000,0.0000,0.4302
1844.3000,0.0000,0.0000,0.0000,0.0000,0.4302
1844.4000,0.0000,0.0000,0.0000,0.0000,0.4302
1844.5000,0.0000,0.0000,0.0000,0.0000,0.4302
1844.6000,0.0000,0.0000,0.0000,0.0000,0.4301
1844.7000,0.0000,0.0000,0.0000,0.0000,0.4301
1844.8000,0.0000,0.0000,0.0000,0.0000,0.4301
1844.9000,0.0000,0.0000,0.0000,0.0000,0.4301
1845.0000,0.0000,0.0000,0.0000,0.0000,0.4301
1845.1000,0.0000,0.0000,0.0000,0.0000,0.4301
1845.2000,0.0000,0.0000,0.0000,0.0000,0.4301
1845.3000,0.0000,0.0000,0.0000,0.0000,0.4301
1845.4000,0.0000,0.0000,0.0000,0.0000,0.4301
1845.5000,0.0000,0.0000,0.0000,0.0000,0.4301
1845.6000,0.0000,0.0000,0.0000,0.0000,0.4301
1845.7000,0.0000,0.0000,0.0000,0.0000,0.4301
1845.8000,0.0000,0.0000,0.0000,0.0000,0.4301
1845.9000,0.0000,0.0000,0.0000,0.0000,0.4301
1846.0000,0.0000,0.0000,0.0000,0.0000,0.4301
1846.1000,0.0000,0.0000,0.0000,0.0000,0.4301
1846.2000,0.0000,0.0000,0.0000,0.0000,0.4301
1846.3000,0.0000,0.0000,0.0000,0.0000,0.4301
1846.4000,0.0000,0.0000,0.0000,0.0000,0.4301
1846.5000,0.0000,0.0000,0.0000,0.0000,0.4301
1846.6000,0.0000,0.0000,0.0000,0.0000,0.4300
1846.7000,0.0000,0.0000,0.0000,0.0000,0.4300
1846.8000,0.0000,0.0000,0.0000,0.0000,0.4300
1846.9000,0.0000,0.0000,0.0000,0.0000,0.4300
1847.0000,0.0000,0.0000,0.0000,0.0000,0.4300
1847.1000,0.0000,0.0000,0.0000,0.0000,0.4300
1847.2000,0.0000,0.0000,0.0000,0.0000,0.4300
1847.3000,0.0000,0.0000,0.0000,0.0000,0.4300
1847.4000,0.0000,0.0000,0.0000,0.0000,0.4300
1847.5000,0.0000,0.0000,0.0000,0.0000,0.4300
1847.6000,0.0000,0.0000,0.0000,0.0000,0.4300
1847.7000,0.0000,0.0000,0.0000,0.0000,0.4300
1847.8000,0.0000,0.0000,0.0000,0.0000,0.4300
1847.9000,0.0000,0.0000,0.0000,0.0000,0.4300
1848.0000,0.0000,0.0000,0.0000,0.0000,0.4300
1848.1000,0.0000,0.0000,0.0000,0.0000,0.4300
1848.2000,0.0000,0.0000,0.0000,0.0000,0.4300
1848.3000,0.0000,0.0000,0.0000,0.0000,0.4300
1848.4000,0.0000,0.0000,0.0000,0.0000,0.4300
1848.5000,0.0000,0.0000,0.0000,0.0000,0.4299
1848.6000,0.0000,0.0000,0.0000,0.0000,0.4299
1848.7000,0.0000,0.0000,0.0000,0.0000,0.4299
1848.8000,0.0000,0.0000,0.0000,0.0000,0.4299
1848.9000,0.0000,0.0000,0.0000,0.0000,0.4299
1849.0000,0.0000,0.0000,0.0000,0.0000,0.4299
1849.1000,0.0000,0.0000,0.0000,0.0000,0.4299
1849.2000,0.0000,0.0000,0.0000,0.0000,0.4299
1849.3000,0.0000,0.0000,0.0000,0.0000,0.4299
1849.4000,0.0000,0.0000,0.0000,0.0000,0.4299
1849.5000,0.0000,0.0000,0.0000,0.0000,0.4299
1849.6000,0.0000,0.0000,0.0000,0.0000,0.4299
1849.7000,0.0000,0.0000,0.0000,0.0000,0.4299
1849.8000,0.0000,0.0000,0.0000,0.0000,0.4299
1849.9000,0.0000,0.0000,0.0000,0.0000,0.4299
1850.0000,0.0000,0.0000,0.0000,0.0000,0.4299
1850.1000,0.0000,0.0000,0.0000,0.0000,0.4299
1850.2000,0.0000,0.0000,0.0000,0.0000,0.4299
1850.3000,0.0000,0.0000,0.0000,0.0000,0.4299
1850.4000,0.0000,0.0000,0.0000,0.0000,0.4298
1850.5000,0.0000,0.0000,0.0000,0.0000,0.4298
1850.6000,0.0000,0.0000,0.0000,0.0000,0.4298
1850.7000,0.0000,0.0000,0.0000,0.0000,0.4298
1850.8000,0.0000,0.0000,0.0000,0.0000,0.4298
1850.9000,0.0000,0.0000,0.0000,0.0000,0.4298
1851.0000,0.0000,0.0000,0.0000,0.0000,0.4298
1851.1000,0.0000,0.0000,0.0000,0.0000,0.4298
1851.2000,0.0000,0.0000,0.0000,0.0000,0.4298
1851.3000,0.0000,0.0000,0.0000,0.0000,0.4298
1851.4000,0.0000,0.0000,0.0000,0.0000,0.4298
1851.5000,0.0000,0.0000,0.0000,0.0000,0.4298
1851.6000,0.0000,0.0000,0.0000,0.0000,0.4298
1851.7000,0.0000,0.0000,0.0000,0.0000,0.4298
1851.8000,0.0000,0.0000,0.0000,0.0000,0.4298
1851.9000,0.0000,0.0000,0.0000,0.0000,0.4298
1852.0000,0.0000,0.0000,0.0000,0.0000,0.4298
1852.1000,0.0000,0.0000,0.0000,0.0000,0.4298
1852.2000,0.0000,0.0000,0.0000,0.0000,0.4298
1852.3000,0.0000,0.0000,0.0000,0.0000,0.4298
1852.4000,0.0000,0.0000,0.0000,0.0000,0.4297
1852.5000,0.0000,0.0000,0.0000,0.0000,0.4297
1852.6000,0.0000,0.0000,0.0000,0.0000,0.4297
1852.7000,0.0000,0.0000,0.0000,0.0000,0.4297
1852.8000,0.0000,0.0000,0.0000,0.0000,0.4297
1852.9000,0.0000,0.0000,0.0000,0.0000,0.4297
1853.0000,0.0000,0.0000,0.0000,0.0000,0.4297
1853.1000,0.0000,0.0000,0.0000,0.0000,0.4297
1853.2000,0.0000,0.0000,0.0000,0.0000,0.4297
1853.3000,0.0000,0.0000,0.0000,0.0000,0.4297
1853.4000,0.0000,0.0000,0.0000,0.0000,0.4297
1853.5000,0.0000,0.0000,0.0000,0.0000,0.4297
1853.6000,0.0000,0.0000,0.0000,0.0000,0.4297
1853.7000,0.0000,0.0000,0.0000,0.0000,0.4297
1853.8000,0.0000,0.0000,0.0000,0.0000,0.4297
1853.9000,0.0000,0.0000,0.0000,0.0000,0.4297
1854.0000,0.0000,0.0000,0.0000,0.0000,0.4297
1854.1000,0.0000,0.0000,0.0000,0.0000,0.4297
1854.2000,0.0000,0.0000,0.0000,0.0000,0.4297
1854.3000,0.0000,0.0000,0.0000,0.0000,0.4296
1854.4000,0.0000,0.0000,0.0000,0.0000,0.4296
1854.5000,0.0000,0.0000,0.0000,0.0000,0.4296
1854.6000,0.0000,0.0000,0.0000,0.0000,0.4296
1854.7000,0.0000,0.0000,0.0000,0.0000,0.4296
1854.8000,0.0000,0.0000,0.0000,0.0000,0.4296
1854.9000,0.0000,0.0000,0.0000,0.0000,0.4296
1855.0000,0.0000,0.0000,0.0000,0.0000,0.4296
1855.1000,0.0000,0.0000,0.0000,0.0000,0.4296
1855.2000,0.0000,0.0000,0.0000,0.0000,0.4296
1855.3000,0.0000,0.0000,0.0000,0.0000,0.4296
1855.4000,0.0000,0.0000,0.0000,0.0000,0.4296
1855.5000,0.0000,0.0000,0.0000,0.0000,0.4296
1855.6000,0.0000,0.0000,0.0000,0.0000,0.4296
1855.7000,0.0000,0.0000,0.0000,0.0000,0.4296
1855.8000,0.0000,0.0000,0.0000,0.0000,0.4296
1855.9000,0.0000,0.0000,0.0000,0.0000,0.4296
1856.0000,0.0000,0.0000,0.0000,0.0000,0.4296
1856.1000,0.0000,0.0000,0.0000,0.0000,0.4296
1856.2000,0.0000,0.0000,0.0000,0.0000,0.4295
1856.3000,0.0000,0.0000,0.0000,0.0000,0.4295
1856.4000,0.0000,0.0000,0.0000,0.0000,0.4295
1856.5000,0.0000,0.0000,0.0000,0.0000,0.4295
1856.6000,0.0000,0.0000,0.0000,0.0000,0.4295
1856.7000,0.0000,0.0000,0.0000,0.0000,0.4295
1856.8000,0.0000,0.0000,0.0000,0.0000,0.4295
1856.9000,0.0000,0.0000,0.0000,0.0000,0.4295
1857.0000,0.0000,0.0000,0.0000,0.0000,0.4295
1857.1000,0.0000,0.0000,0.0000,0.0000,0.4295
1857.2000,0.0000,0.0000,0.0000,0.0000,0.4295
1857.3000,0.0000,0.0000,0.0000,0.0000,0.4295
1857.4000,0.0000,0.0000,0.0000,0.0000,0.4295
1857.5000,0.0000,0.0000,0.0000,0.0000,0.4295
1857.6000,0.0000,0.0000,0.0000,0.0000,0.4295
1857.7000,0.0000,0.0000,0.0000,0.0000,0.4295
1857.8000,0.0000,0.0000,0.0000,0.0000,0.4295
1857.9000,0.0000,0.0000,0.0000,0.0000,0.4295
1858.0000,0.0000,0.0000,0.0000,0.0000,0.4295
1858.1000,0.0000,0.0000,0.0000,0.0000,0.4295
1858.2000,0.0000,0.0000,0.0000,0.0000,0.4294
1858.3000,0.0000,0.0000,0.0000,0.0000,0.4294
1858.4000,0.0000,0.0000,0.0000,0.0000,0.4294
1858.5000,0.0000,0.0000,0.0000,0.0000,0.4294
1858.6000,0.0000,0.0000,0.0000,0.0000,0.4294
1858.7000,0.0000,0.0000,0.0000,0.0000,0.4294
1858.8000,0.0000,0.0000,0.0000,0.0000,0.4294
1858.9000,0.0000,0.0000,0.0000,0.0000,0.4294
1859.0000,0.0000,0.0000,0.0000,0.0000,0.4294
1859.1000,0.0000,0.0000,0.0000,0.0000,0.4294
1859.2000,0.0000,0.0000,0.0000,0.0000,0.4294
1859.3000,0.0000,0.0000,0.0000,0.0000,0.4294
1859.4000,0.0000,0.0000,0.0000,0.0000,0.4294
1859.5000,0.0000,0.0000,0.0000,0.0000,0.4294
1859.6000,0.0000,0.0000,0.0000,0.0000,0.4294
1859.7000,0.0000,0.0000,0.0000,0.0000,0.4294
1859.8000,0.0000,0.0000,0.0000,0.0000,0.4294
1859.9000,0.0000,0.0000,0.0000,0.0000,0.4294
1860.0000,0.0000,0.0000,0.0000,0.0000,0.4294
1860.1000,0.0000,0.0000,0.0000,0.0000,0.4293
1860.2000,0.0000,0.0000,0.0000,0.0000,0.4293
1860.3000,0.0000,0.0000,0.0000,0.0000,0.4293
1860.4000,0.0000,0.0000,0.0000,0.0000,0.4293
1860.5000,0.0000,0.0000,0.0000,0.0000,0.4293
1860.6000,0.0000,0.0000,0.0000,0.0000,0.4293
1860.7000,0.0000,0.0000,0.0000,0.0000,0.4293
1860.8000,0.0000,0.0000,0.0000,0.0000,0.4293
1860.9000,0.0000,0.0000,0.0000,0.0000,0.4293
1861.0000,0.0000,0.0000,0.0000,0.0000,0.4293
1861.1000,0.0000,0.0000,0.0000,0.0000,0.4293
1861.2000,0.0000,0.0000,0.0000,0.0000,0.4293
1861.3000,0.0000,0.0000,0.0000,0.0000,0.4293
1861.4000,0.0000,0.0000,0.0000,0.0000,0.4293
1861.5000,0.0000,0.0000,0.0000,0.0000,0.4293
1861.6000,0.0000,0.0000,0.0000,0.0000,0.4293
1861.7000,0.0000,0.0000,0.0000,0.0000,0.4293
1861.8000,0.0000,0.0000,0.0000,0.0000,0.4293
1861.9000,0.0000,0.0000,0.0000,0.0000,0.4293
1862.0000,0.0000,0.0000,0.0000,0.0000,0.4292
1862.1000,0.0000,0.0000,0.0000,0.0000,0.4292
1862.2000,0.0000,0.0000,0.0000,0.0000,0.4292
1862.3000,0.0000,0.0000,0.0000,0.0000,0.4292
1862.4000,0.0000,0.0000,0.0000,0.0000,0.4292
1862.5000,0.0000,0.0000,0.0000,0.0000,0.4292
1862.6000,0.0000,0.0000,0.0000,0.0000,0.4292
1862.7000,0.0000,0.0000,0.0000,0.0000,0.4292
1862.8000,0.0000,0.0000,0.0000,0.0000,0.4292
1862.9000,0.0000,0.0000,0.0000,0.0000,0.4292
1863.0000,0.0000,0.0000,0.0000,0.0000,0.4292
1863.1000,0.0000,0.0000,0.0000,0.0000,0.4292
1863.2000,0.0000,0.0000,0.0000,0.0000,0.4292
1863.3000,0.0000,0.0000,0.0000,0.0000,0.4292
1863.4000,0.0000,0.0000,0.0000,0.0000,0.4292
1863.5000,0.0000,0.0000,0.0000,0.0000,0.4292
1863.6000,0.0000,0.0000,0.0000,0.0000,0.4292
1863.7000,0.0000,0.0000,0.0000,0.0000,0.4292
1863.8000,0.0000,0.0000,0.0000,0.0000,0.4292
1863.9000,0.0000,0.0000,0.0000,0.0000,0.4292
1864.0000,0.0000,0.0000,0.0000,0.0000,0.4291
1864.1000,0.0000,0.0000,0.0000,0.0000,0.4291
1864.2000,0.0000,0.0000,0.0000,0.0000,0.4291
1864.3000,0.0000,0.0000,0.0000,0.0000,0.4291
1864.4000,0.0000,0.0000,0.0000,0.0000,0.4291
1864.5000,0.0000,0.0000,0.0000,0.0000,0.4291
1864.6000,0.0000,0.0000,0.0000,0.0000,0.4291
1864.7000,0.0000,0.0000,0.0000,0.0000,0.4291
1864.8000,0.0000,0.0000,0.0000,0.0000,0.4291
1864.9000,0.0000,0.0000,0.0000,0.0000,0.4291
1865.0000,0.0000,0.0000,0.0000,0.0000,0.4291
1865.1000,0.0000,0.0000,0.0000,0.0000,0.4291
1865.2000,0.0000,0.0000,0.0000,0.0000,0.4291
1865.3000,0.0000,0.0000,0.0000,0.0000,0.4291
1865.4000,0.0000,0.0000,0.0000,0.0000,0.4291
1865.5000,0.0000,0.0000,0.0000,0.0000,0.4291
1865.6000,0.0000,0.0000,0.0000,0.0000,0.4291
1865.7000,0.0000,0.0000,0.0000,0.0000,0.4291
1865.8000,0.0000,0.0000,0.0000,0.0000,0.4291
1865.9000,0.0000,0.0000,0.0000,0.0000,0.4290
1866.0000,0.0000,0.0000,0.0000,0.0000,0.4290
1866.1000,0.0000,0.0000,0.0000,0.0000,0.4290
1866.2000,0.0000,0.0000,0.0000,0.0000,0.4290
1866.3000,0.0000,0.0000,0.0000,0.0000,0.4290
1866.4000,0.0000,0.0000,0.0000,0.0000,0.4290
1866.5000,0.0000,0.0000,0.0000,0.0000,0.4290
1866.6000,0.0000,0.0000,0.0000,0.0000,0.4290
1866.7000,0.0000,0.0000,0.0000,0.0000,0.4290
1866.8000,0.0000,0.0000,0.0000,0.0000,0.4290
1866.9000,0.0000,0.0000,0.0000,0.0000,0.4290
1867.0000,0.0000,0.0000,0.0000,0.0000,0.4290
1867.1000,0.0000,0.0000,0.0000,0.0000,0.4290
1867.2000,0.0000,0.0000,0.0000,0.0000,0.4290
1867.3000,0.0000,0.0000,0.0000,0.0000,0.4290
1867.4000,0.0000,0.0000,0.0000,0.0000,0.4290
1867.5000,0.0000,0.0000,0.0000,0.0000,0.4290
1867.6000,0.0000,0.0000,0.0000,0.0000,0.4290
1867.7000,0.0000,0.0000,0.0000,0.0000,0.4290
1867.8000,0.0000,0.0000,0.0000,0.0000,0.4289
1867.9000,0.0000,0.0000,0.0000,0.0000,0.4289
1868.0000,0.0000,0.0000,0.0000,0.0000,0.4289
1868.1000,0.0000,0.0000,0.0000,0.0000,0.4289
1868.2000,0.0000,0.0000,0.0000,0.0000,0.4289
1868.3000,0.0000,0.0000,0.0000,0.0000,0.4289
1868.4000,0.0000,0.0000,0.0000,0.0000,0.4289
1868.5000,0.0000,0.0000,0.0000,0.0000,0.4289
1868.6000,0.0000,0.0000,0.0000,0.0000,0.4289
1868.7000,0.0000,0.0000,0.0000,0.0000,0.4289
1868.8000,0.0000,0.0000,0.0000,0.0000,0.4289
1868.9000,0.0000,0.0000,0.0000,0.0000,0.4289
1869.0000,0.0000,0.0000,0.0000,0.0000,0.4289
1869.1000,0.0000,0.0000,0.0000,0.0000,0.4289
1869.2000,0.0000,0.0000,0.0000,0.0000,0.4289
1869.3000,0.0000,0.0000,0.0000,0.0000,0.4289
1869.4000,0.0000,0.0000,0.0000,0.0000,0.4289
1869.5000,0.0000,0.0000,0.0000,0.0000,0.4289
1869.6000,0.0000,0.0000,0.0000,0.0000,0.4289
1869.7000,0.0000,0.0000,0.0000,0.0000,0.4289
1869.8000,0.0000,0.0000,0.0000,0.0000,0.4288
1869.9000,0.0000,0.0000,0.0000,0.0000,0.4288
1870.0000,0.0000,0.0000,0.0000,0.0000,0.4288
1870.1000,0.0000,0.0000,0.0000,0.0000,0.4288
1870.2000,0.0000,0.0000,0.0000,0.0000,0.4288
1870.3000,0.0000,0.0000,0.0000,0.0000,0.4288
1870.4000,0.0000,0.0000,0.0000,0.0000,0.4288
1870.5000,0.0000,0.0000,0.0000,0.0000,0.4288
1870.6000,0.0000,0.0000,0.0000,0.0000,0.4288
1870.7000,0.0000,0.0000,0.0000,0.0000,0.4288
1870.8000,0.0000,0.0000,0.0000,0.0000,0.4288
1870.9000,0.0000,0.0000,0.0000,0.0000,0.4288
1871.0000,0.0000,0.0000,0.0000,0.0000,0.4288
1871.1000,0.0000,0.0000,0.0000,0.0000,0.4288
1871.2000,0.0000,0.0000,0.0000,0.0000,0.4288
1871.3000,0.0000,0.0000,0.0000,0.0000,0.4288
1871.4000,0.0000,0.0000,0.0000,0.0000,0.4288
1871.5000,0.0000,0.0000,0.0000,0.0000,0.4288
1871.6000,0.0000,0.0000,0.0000,0.0000,0.4288
1871.7000,0.0000,0.0000,0.0000,0.0000,0.4287
1871.8000,0.0000,0.0000,0.0000,0.0000,0.4287
1871.9000,0.0000,0.0000,0.0000,0.0000,0.4287
1872.0000,0.0000,0.0000,0.0000,0.0000,0.4287
1872.1000,0.0000,0.0000,0.0000,0.0000,0.4287
1872.2000,0.0000,0.0000,0.0000,0.0000,0.4287
1872.3000,0.0000,0.0000,0.0000,0.0000,0.4287
1872.4000,0.0000,0.0000,0.0000,0.0000,0.4287
1872.5000,0.0000,0.0000,0.0000,0.0000,0.4287
1872.6000,0.0000,0.0000,0.0000,0.0000,0.4287
1872.7000,0.0000,0.0000,0.0000,0.0000,0.4287
1872.8000,0.0000,0.0000,0.0000,0.0000,0.4287
1872.9000,0.0000,0.0000,0.0000,0.0000,0.4287
1873.0000,0.0000,0.0000,0.0000,0.0000,0.4287
1873.1000,0.0000,0.0000,0.0000,0.0000,0.4287
1873.2000,0.0000,0.0000,0.0000,0.0000,0.4287
1873.3000,0.0000,0.0000,0.0000,0.0000,0.4287
1873.4000,0.0000,0.0000,0.0000,0.0000,0.4287
1873.5000,0.0000,0.0000,0.0000,0.0000,0.4287
1873.6000,0.0000,0.0000,0.0000,0.0000,0.4286
1873.7000,0.0000,0.0000,0.0000,0.0000,0.4286
1873.8000,0.0000,0.0000,0.0000,0.0000,0.4286
1873.9000,0.0000,0.0000,0.0000,0.0000,0.4286
1874.0000,0.0000,0.0000,0.0000,0.0000,0.4286
1874.1000,0.0000,0.0000,0.0000,0.0000,0.4286
1874.2000,0.0000,0.0000,0.0000,0.0000,0.4286
1874.3000,0.0000,0.0000,0.0000,0.0000,0.4286
1874.4000,0.0000,0.0000,0.0000,0.0000,0.4286
1874.5000,0.0000,0.0000,0.0000,0.0000,0.4286
1874.6000,0.0000,0.0000,0.0000,0.0000,0.4286
1874.7000,0.0000,0.0000,0.0000,0.0000,0.4286
1874.8000,0.0000,0.0000,0.0000,0.0000,0.4286
1874.9000,0.0000,0.0000,0.0000,0.0000,0.4286
1875.0000,0.0000,0.0000,0.0000,0.0000,0.4286
1875.1000,0.0000,0.0000,0.0000,0.0000,0.4286
1875.2000,0.0000,0.0000,0.0000,0.0000,0.4286
1875.3000,0.0000,0.0000,0.0000,0.0000,0.4286
1875.4000,0.0000,0.0000,0.0000,0.0000,0.4286
1875.5000,0.0000,0.0000,0.0000,0.0000,0.4286
1875.6000,0.0000,0.0000,0.0000,0.0000,0.4285
1875.7000,0.0000,0.0000,0.0000,0.0000,0.4285
1875.8000,0.0000,0.0000,0.0000,0.0000,0.4285
1875.9000,0.0000,0.0000,0.0000,0.0000,0.4285
1876.0000,0.0000,0.0000,0.0000,0.0000,0.4285
1876.1000,0.0000,0.0000,0.0000,0.0000,0.4285
1876.2000,0.0000,0.0000,0.0000,0.0000,0.4285
1876.3000,0.0000,0.0000,0.0000,0.0000,0.4285
1876.4000,0.0000,0.0000,0.0000,0.0000,0.4285
1876.5000,0.0000,0.0000,0.0000,0.0000,0.4285
1876.6000,0.0000,0.0000,0.0000,0.0000,0.4285
1876.7000,0.0000,0.0000,0.0000,0.0000,0.4285
1876.8000,0.0000,0.0000,0.0000,0.0000,0.4285
1876.9000,0.0000,0.0000,0.0000,0.0000,0.4285
1877.0000,0.0000,0.0000,0.0000,0.0000,0.4285
1877.1000,0.0000,0.0000,0.0000,0.0000,0.4285
1877.2000,0.0000,0.0000,0.0000,0.0000,0.4285
1877.3000,0.0000,0.0000,0.0000,0.0000,0.4285
1877.4000,0.0000,0.0000,0.0000,0.0000,0.4285
1877.5000,0.0000,0.0000,0.0000,0.0000,0.4284
1877.6000,0.0000,0.0000,0.0000,0.0000,0.4284
1877.7000,0.0000,0.0000,0.0000,0.0000,0.4284
1877.8000,0.0000,0.0000,0.0000,0.0000,0.4284
1877.9000,0.0000,0.0000,0.0000,0.0000,0.4284
1878.0000,0.0000,0.0000,0.0000,0.0000,0.4284
1878.1000,0.0000,0.0000,0.0000,0.0000,0.4284
1878.2000,0.0000,0.0000,0.0000,0.0000,0.4284
1878.3000,0.0000,0.0000,0.0000,0.0000,0.4284
1878.4000,0.0000,0.0000,0.0000,0.0000,0.4284
1878.5000,0.0000,0.0000,0.0000,0.0000,0.4284
1878.6000,0.0000,0.0000,0.0000,0.0000,0.4284
1878.7000,0.0000,0.0000,0.0000,0.0000,0.4284
1878.8000,0.0000,0.0000,0.0000,0.0000,0.4284
1878.9000,0.0000,0.0000,0.0000,0.0000,0.4284
1879.0000,0.0000,0.0000,0.0000,0.0000,0.4284
1879.1000,0.0000,0.0000,0.0000,0.0000,0.4284
1879.2000,0.0000,0.0000,0.0000,0.0000,0.4284
1879.3000,0.0000,0.0000,0.0000,0.0000,0.4284
1879.4000,0.0000,0.0000,0.0000,0.0000,0.4284
1879.5000,0.0000,0.0000,0.0000,0.0000,0.4283
1879.6000,0.0000,0.0000,0.0000,0.0000,0.4283
1879.7000,0.0000,0.0000,0.0000,0.0000,0.4283
1879.8000,0.0000,0.0000,0.0000,0.0000,0.4283
1879.9000,0.0000,0.0000,0.0000,0.0000,0.4283
1880.0000,0.0000,0.0000,0.0000,0.0000,0.4283
1880.1000,0.0000,0.0000,0.0000,0.0000,0.4283
1880.2000,0.0000,0.0000,0.0000,0.0000,0.4283
1880.3000,0.0000,0.0000,0.0000,0.0000,0.4283
1880.4000,0.0000,0.0000,0.0000,0.0000,0.4283
1880.5000,0.0000,0.0000,0.0000,0.0000,0.4283
1880.6000,0.0000,0.0000,0.0000,0.0000,0.4283
1880.7000,0.0000,0.0000,0.0000,0.0000,0.4283
1880.8000,0.0000,0.0000,0.0000,0.0000,0.4283
1880.9000,0.0000,0.0000,0.0000,0.0000,0.4283
1881.0000,0.0000,0.0000,0.0000,0.0000,0.4283
1881.1000,0.0000,0.0000,0.0000,0.0000,0.4283
1881.2000,0.0000,0.0000,0.0000,0.0000,0.4283
1881.3000,0.0000,0.0000,0.0000,0.0000,0.4283
1881.4000,0.0000,0.0000,0.0000,0.0000,0.4282
1881.5000,0.0000,0.0000,0.0000,0.0000,0.4282
1881.6000,0.0000,0.0000,0.0000,0.0000,0.4282
1881.7000,0.0000,0.0000,0.0000,0.0000,0.4282
1881.8000,0.0000,0.0000,0.0000,0.0000,0.4282
1881.9000,0.0000,0.0000,0.0000,0.0000,0.4282
1882.0000,0.0000,0.0000,0.0000,0.0000,0.4282
1882.1000,0.0000,0.0000,0.0000,0.0000,0.4282
1882.2000,0.0000,0.0000,0.0000,0.0000,0.4282
1882.3000,0.0000,0.0000,0.0000,0.0000,0.4282
1882.4000,0.0000,0.0000,0.0000,0.0000,0.4282
1882.5000,0.0000,0.0000,0.0000,0.0000,0.4282
1882.6000,0.0000,0.0000,0.0000,0.0000,0.4282
1882.7000,0.0000,0.0000,0.0000,0.0000,0.4282
1882.8000,0.0000,0.0000,0.0000,0.0000,0.4282
1882.9000,0.0000,0.0000,0.0000,0.0000,0.4282
1883.0000,0.0000,0.0000,0.0000,0.0000,0.4282
1883.1000,0.0000,0.0000,0.0000,0.0000,0.4282
1883.2000,0.0000,0.0000,0.0000,0.0000,0.4282
1883.3000,0.0000,0.0000,0.0000,0.0000,0.4281
1883.4000,0.0000,0.0000,0.0000,0.0000,0.4281
1883.5000,0.0000,0.0000,0.0000,0.0000,0.4281
1883.6000,0.0000,0.0000,0.0000,0.0000,0.4281
1883.7000,0.0000,0.0000,0.0000,0.0000,0.4281
1883.8000,0.0000,0.0000,0.0000,0.0000,0.4281
1883.9000,0.0000,0.0000,0.0000,0.0000,0.4281
1884.0000,0.0000,0.0000,0.0000,0.0000,0.4281
1884.1000,0.0000,0.0000,0.0000,0.0000,0.4281
1884.2000,0.0000,0.0000,0.0000,0.0000,0.4281
1884.3000,0.0000,0.0000,0.0000,0.0000,0.4281
1884.4000,0.0000,0.0000,0.0000,0.0000,0.4281
1884.5000,0.0000,0.0000,0.0000,0.0000,0.4281
1884.6000,0.0000,0.0000,0.0000,0.0000,0.4281
1884.7000,0.0000,0.0000,0.0000,0.0000,0.4281
1884.8000,0.0000,0.0000,0.0000,0.0000,0.4281
1884.9000,0.0000,0.0000,0.0000,0.0000,0.4281
1885.0000,0.0000,0.0000,0.0000,0.0000,0.4281
1885.1000,0.0000,0.0000,0.0000,0.0000,0.4281
1885.2000,0.0000,0.0000,0.0000,0.0000,0.4281
1885.3000,0.0000,0.0000,0.0000,0.0000,0.4280
1885.4000,0.0000,0.0000,0.0000,0.0000,0.4280
1885.5000,0.0000,0.0000,0.0000,0.0000,0.4280
1885.6000,0.0000,0.0000,0.0000,0.0000,0.4280
1885.7000,0.0000,0.0000,0.0000,0.0000,0.4280
1885.8000,0.0000,0.0000,0.0000,0.0000,0.4280
1885.9000,0.0000,0.0000,0.0000,0.0000,0.4280
1886.0000,0.0000,0.0000,0.0000,0.0000,0.4280
1886.1000,0.0000,0.0000,0.0000,0.0000,0.4280
1886.2000,0.0000,0.0000,0.0000,0.0000,0.4280
1886.3000,0.0000,0.0000,0.0000,0.0000,0.4280
1886.4000,0.0000,0.0000,0.0000,0.0000,0.4280
1886.5000,0.0000,0.0000,0.0000,0.0000,0.4280
1886.6000,0.0000,0.0000,0.0000,0.0000,0.4280
1886.7000,0.0000,0.0000,0.0000,0.0000,0.4280
1886.8000,0.0000,0.0000,0.0000,0.0000,0.4280
1886.9000,0.0000,0.0000,0.0000,0.0000,0.4280
1887.0000,0.0000,0.0000,0.0000,0.0000,0.4280
1887.1000,0.0000,0.0000,0.0000,0.0000,0.4280
1887.2000,0.0000,0.0000,0.0000,0.0000,0.4279
1887.3000,0.0000,0.0000,0.0000,0.0000,0.4279
1887.4000,0.0000,0.0000,0.0000,0.0000,0.4279
1887.5000,0.0000,0.0000,0.0000,0.0000,0.4279
1887.6000,0.0000,0.0000,0.0000,0.0000,0.4279
1887.7000,0.0000,0.0000,0.0000,0.0000,0.4279
1887.8000,0.0000,0.0000,0.0000,0.0000,0.4279
1887.9000,0.0000,0.0000,0.0000,0.0000,0.4279
1888.0000,0.0000,0.0000,0.0000,0.0000,0.4279
1888.1000,0.0000,0.0000,0.0000,0.0000,0.4279
1888.2000,0.0000,0.0000,0.0000,0.0000,0.4279
1888.3000,0.0000,0.0000,0.0000,0.0000,0.4279
1888.4000,0.0000,0.0000,0.0000,0.0000,0.4279
1888.5000,0.0000,0.0000,0.0000,0.0000,0.4279
1888.6000,0.0000,0.0000,0.0000,0.0000,0.4279
1888.7000,0.0000,0.0000,0.0000,0.0000,0.4279
1888.8000,0.0000,0.0000,0.0000,0.0000,0.4279
1888.9000,0.0000,0.0000,0.0000,0.0000,0.4279
1889.0000,0.0000,0.0000,0.0000,0.0000,0.4279
1889.1000,0.0000,0.0000,0.0000,0.0000,0.4278
1889.2000,0.0000,0.0000,0.0000,0.0000,0.4278
1889.3000,0.0000,0.0000,0.0000,0.0000,0.4278
1889.4000,0.0000,0.0000,0.0000,0.0000,0.4278
1889.5000,0.0000,0.0000,0.0000,0.0000,0.4278
1889.6000,0.0000,0.0000,0.0000,0.0000,0.4278
1889.7000,0.0000,0.0000,0.0000,0.0000,0.4278
1889.8000,0.0000,0.0000,0.0000,0.0000,0.4278
1889.9000,0.0000,0.0000,0.0000,0.0000,0.4278
1890.0000,0.0000,0.0000,0.0000,0.0000,0.4278
1890.1000,0.0000,0.0000,0.0000,0.0000,0.4278
1890.2000,0.0000,0.0000,0.0000,0.0000,0.4278
1890.3000,0.0000,0.0000,0.0000,0.0000,0.4278
1890.4000,0.0000,0.0000,0.0000,0.0000,0.4278
1890.5000,0.0000,0.0000,0.0000,0.0000,0.4278
1890.6000,0.0000,0.0000,0.0000,0.0000,0.4278
1890.7000,0.0000,0.0000,0.0000,0.0000,0.4278
1890.8000,0.0000,0.0000,0.0000,0.0000,0.4278
1890.9000,0.0000,0.0000,0.0000,0.0000,0.4278
1891.0000,0.0000,0.0000,0.0000,0.0000,0.4278
1891.1000,0.0000,0.0000,0.0000,0.0000,0.4277
1891.2000,0.0000,0.0000,0.0000,0.0000,0.4277
1891.3000,0.0000,0.0000,0.0000,0.0000,0.4277
1891.4000,0.0000,0.0000,0.0000,0.0000,0.4277
1891.5000,0.0000,0.0000,0.0000,0.0000,0.4277
1891.6000,0.0000,0.0000,0.0000,0.0000,0.4277
1891.7000,0.0000,0.0000,0.0000,0.0000,0.4277
1891.8000,0.0000,0.0000,0.0000,0.0000,0.4277
1891.9000,0.0000,0.0000,0.0000,0.0000,0.4277
1892.0000,0.0000,0.0000,0.0000,0.0000,0.4277
1892.1000,0.0000,0.0000,0.0000,0.0000,0.4277
1892.2000,0.0000,0.0000,0.0000,0.0000,0.4277
1892.3000,0.0000,0.0000,0.0000,0.0000,0.4277
1892.4000,0.0000,0.0000,0.0000,0.0000,0.4277
1892.5000,0.0000,0.0000,0.0000,0.0000,0.4277
1892.6000,0.0000,0.0000,0.0000,0.0000,0.4277
1892.7000,0.0000,0.0000,0.0000,0.0000,0.4277
1892.8000,0.0000,0.0000,0.0000,0.0000,0.4277
1892.9000,0.0000,0.0000,0.0000,0.0000,0.4277
1893.0000,0.0000,0.0000,0.0000,0.0000,0.4276
1893.1000,0.0000,0.0000,0.0000,0.0000,0.4276
1893.2000,0.0000,0.0000,0.0000,0.0000,0.4276
1893.3000,0.0000,0.0000,0.0000,0.0000,0.4276
1893.4000,0.0000,0.0000,0.0000,0.0000,0.4276
1893.5000,0.0000,0.0000,0.0000,0.0000,0.4276
1893.6000,0.0000,0.0000,0.0000,0.0000,0.4276
1893.7000,0.0000,0.0000,0.0000,0.0000,0.4276
1893.8000,0.0000,0.0000,0.0000,0.0000,0.4276
1893.9000,0.0000,0.0000,0.0000,0.0000,0.4276
1894.0000,0.0000,0.0000,0.0000,0.0000,0.4276
1894.1000,0.0000,0.0000,0.0000,0.0000,0.4276
1894.2000,0.0000,0.0000,0.0000,0.0000,0.4276
1894.3000,0.0000,0.0000,0.0000,0.0000,0.4276
1894.4000,0.0000,0.0000,0.0000,0.0000,0.4276
1894.5000,0.0000,0.0000,0.0000,0.0000,0.4276
1894.6000,0.0000,0.0000,0.0000,0.0000,0.4276
1894.7000,0.0000,0.0000,0.0000,0.0000,0.4276
1894.8000,0.0000,0.0000,0.0000,0.0000,0.4276
1894.9000,0.0000,0.0000,0.0000,0.0000,0.4275
1895.0000,0.0000,0.0000,0.0000,0.0000,0.4275
1895.1000,0.0000,0.0000,0.0000,0.0000,0.4275
1895.2000,0.0000,0.0000,0.0000,0.0000,0.4275
1895.3000,0.0000,0.0000,0.0000,0.0000,0.4275
1895.4000,0.0000,0.0000,0.0000,0.0000,0.4275
1895.5000,0.0000,0.0000,0.0000,0.0000,0.4275
1895.6000,0.0000,0.0000,0.0000,0.0000,0.4275
1895.7000,0.0000,0.0000,0.0000,0.0000,0.4275
1895.8000,0.0000,0.0000,0.0000,0.0000,0.4275
1895.9000,0.0000,0.0000,0.0000,0.0000,0.4275
1896.0000,0.0000,0.0000,0.0000,0.0000,0.4275
1896.1000,0.0000,0.0000,0.0000,0.0000,0.4275
1896.2000,0.0000,0.0000,0.0000,0.0000,0.4275
1896.3000,0.0000,0.0000,0.0000,0.0000,0.4275
1896.4000,0.0000,0.0000,0.0000,0.0000,0.4275
1896.5000,0.0000,0.0000,0.0000,0.0000,0.4275
1896.6000,0.0000,0.0000,0.0000,0.0000,0.4275
1896.7000,0.0000,0.0000,0.0000,0.0000,0.4275
1896.8000,0.0000,0.0000,0.0000,0.0000,0.4275
1896.9000,0.0000,0.0000,0.0000,0.0000,0.4274
1897.0000,0.0000,0.0000,0.0000,0.0000,0.4274
1897.1000,0.0000,0.0000,0.0000,0.0000,0.4274
1897.2000,0.0000,0.0000,0.0000,0.0000,0.4274
1897.3000,0.0000,0.0000,0.0000,0.0000,0.4274
1897.4000,0.0000,0.0000,0.0000,0.0000,0.4274
1897.5000,0.0000,0.0000,0.0000,0.0000,0.4274
1897.6000,0.0000,0.0000,0.0000,0.0000,0.4274
1897.7000,0.0000,0.0000,0.0000,0.0000,0.4274
1897.8000,0.0000,0.0000,0.0000,0.0000,0.4274
1897.9000,0.0000,0.0000,0.0000,0.0000,0.4274
1898.0000,0.0000,0.0000,0.0000,0.0000,0.4274
1898.1000,0.0000,0.0000,0.0000,0.0000,0.4274
1898.2000,0.0000,0.0000,0.0000,0.0000,0.4274
1898.3000,0.0000,0.0000,0.0000,0.0000,0.4274
1898.4000,0.0000,0.0000,0.0000,0.0000,0.4274
1898.5000,0.0000,0.0000,0.0000,0.0000,0.4274
1898.6000,0.0000,0.0000,0.0000,0.0000,0.4274
1898.7000,0.0000,0.0000,0.0000,0.0000,0.4274
1898.8000,0.0000,0.0000,0.0000,0.0000,0.4273
1898.9000,0.0000,0.0000,0.0000,0.0000,0.4273
1899.0000,0.0000,0.0000,0.0000,0.0000,0.4273
1899.1000,0.0000,0.0000,0.0000,0.0000,0.4273
1899.2000,0.0000,0.0000,0.0000,0.0000,0.4273
1899.3000,0.0000,0.0000,0.0000,0.0000,0.4273
1899.4000,0.0000,0.0000,0.0000,0.0000,0.4273
1899.5000,0.0000,0.0000,0.0000,0.0000,0.4273
1899.6000,0.0000,0.0000,0.0000,0.0000,0.4273
1899.7000,0.0000,0.0000,0.0000,0.0000,0.4273
1899.8000,0.0000,0.0000,0.0000,0.0000,0.4273
1899.9000,0.0000,0.0000,0.0000,0.0000,0.4273
1900.0000,0.0000,0.0000,0.0000,0.0000,0.4273
1900.1000,0.0000,0.0000,0.0000,0.0000,0.4273
1900.2000,0.0000,0.0000,0.0000,0.0000,0.4273
1900.3000,0.0000,0.0000,0.0000,0.0000,0.4273
1900.4000,0.0000,0.0000,0.0000,0.0000,0.4273
1900.5000,0.0000,0.0000,0.0000,0.0000,0.4273
1900.6000,0.0000,0.0000,0.0000,0.0000,0.4273
1900.7000,0.0000,0.0000,0.0000,0.0000,0.4272
1900.8000,0.0000,0.0000,0.0000,0.0000,0.4272
1900.9000,0.0000,0.0000,0.0000,0.0000,0.4272
1901.0000,0.0000,0.0000,0.0000,0.0000,0.4272
1901.1000,0.0000,0.0000,0.0000,0.0000,0.4272
1901.2000,0.0000,0.0000,0.0000,0.0000,0.4272
1901.3000,0.0000,0.0000,0.0000,0.0000,0.4272
1901.4000,0.0000,0.0000,0.0000,0.0000,0.4272
1901.5000,0.0000,0.0000,0.0000,0.0000,0.4272
1901.6000,0.0000,0.0000,0.0000,0.0000,0.4272
1901.7000,0.0000,0.0000,0.0000,0.0000,0.4272
1901.8000,0.0000,0.0000,0.0000,0.0000,0.4272
1901.9000,0.0000,0.0000,0.0000,0.0000,0.4272
1902.0000,0.0000,0.0000,0.0000,0.0000,0.4272
1902.1000,0.0000,0.0000,0.0000,0.0000,0.4272
1902.2000,0.0000,0.0000,0.0000,0.0000,0.4272
1902.3000,0.0000,0.0000,0.0000,0.0000,0.4272
1902.4000,0.0000,0.0000,0.0000,0.0000,0.4272
1902.5000,0.0000,0.0000,0.0000,0.0000,0.4272
1902.6000,0.0000,0.0000,0.0000,0.0000,0.4272
1902.7000,0.0000,0.0000,0.0000,0.0000,0.4271
1902.8000,0.0000,0.0000,0.0000,0.0000,0.4271
1902.9000,0.0000,0.0000,0.0000,0.0000,0.4271
1903.0000,0.0000,0.0000,0.0000,0.0000,0.4271
1903.1000,0.0000,0.0000,0.0000,0.0000,0.4271
1903.2000,0.0000,0.0000,0.0000,0.0000,0.4271
1903.3000,0.0000,0.0000,0.0000,0.0000,0.4271
1903.4000,0.0000,0.0000,0.0000,0.0000,0.4271
1903.5000,0.0000,0.0000,0.0000,0.0000,0.4271
1903.6000,0.0000,0.0000,0.0000,0.0000,0.4271
1903.7000,0.0000,0.0000,0.0000,0.0000,0.4271
1903.8000,0.0000,0.0000,0.0000,0.0000,0.4271
1903.9000,0.0000,0.0000,0.0000,0.0000,0.4271
1904.0000,0.0000,0.0000,0.0000,0.0000,0.4271
1904.1000,0.2652,0.0000,0.4156,0.0000,0.4271
1904.2000,0.5305,0.0000,0.9553,0.0000,0.4271
1904.3000,0.8842,0.0000,2.0063,0.0000,0.4270
1904.4000,1.3262,0.0000,3.3199,0.0000,0.4270
1904.5000,1.7683,0.0000,4.4267,0.0000,0.4270
1904.6000,2.2104,0.0000,5.5334,0.0000,0.4269
1904.7000,2.6524,0.0000,6.6402,0.0000,0.4269
1904.8000,3.0944,0.0000,7.7470,0.0000,0.4269
1904.9000,3.5364,0.0000,8.8537,0.0000,0.4268
1905.0000,3.9784,0.0000,9.9604,0.0000,0.4268
1905.1000,4.4204,0.0000,11.0668,0.0000,0.4267
1905.2000,4.8623,0.0000,12.1730,0.0000,0.4267
1905.3000,5.3041,0.0000,13.2789,0.0000,0.4266
1905.4000,5.7459,0.0000,14.3843,0.0000,0.4266
1905.5000,6.1876,0.0000,15.4892,0.0000,0.4265
1905.6000,6.6292,0.0000,16.5934,0.0000,0.4265
1905.7000,7.0707,0.0000,17.6968,0.0000,0.4264
1905.8000,7.5120,0.0000,18.7992,0.0000,0.4263
1905.9000,7.9533,0.0000,19.9006,0.0000,0.4263
1906.0000,8.3944,0.0000,21.0006,0.0000,0.4262
1906.1000,8.8353,0.0000,22.0991,0.0000,0.4261
1906.2000,9.2760,0.0000,23.1960,0.0000,0.4260
1906.3000,9.7165,0.0000,24.2910,0.0000,0.4260
1906.4000,10.1568,0.0000,25.3840,0.0000,0.4259
1906.5000,10.5968,0.0000,26.4746,0.0000,0.4258
1906.6000,11.0365,0.0000,27.5626,0.0000,0.4257
1906.7000,11.4759,0.0000,28.6478,0.0000,0.4256
1906.8000,11.9151,0.0000,29.7300,0.0000,0.4255
1906.9000,12.3538,0.0000,30.8089,0.0000,0.4254
1907.0000,12.7922,0.0000,31.8841,0.0000,0.4253
1907.1000,13.2302,0.0000,32.9555,0.0000,0.4252
1907.2000,13.6677,0.0000,34.0226,0.0000,0.4251
1907.3000,14.1048,0.0000,35.0853,0.0000,0.4250
1907.4000,14.5414,0.0000,36.1431,0.0000,0.4249
1907.5000,14.9774,0.0000,37.1958,0.0000,0.4247
1907.6000,15.4129,0.0000,38.2431,0.0000,0.4246
1907.7000,15.8479,0.0000,39.2845,0.0000,0.4245
1907.8000,16.2822,0.0000,40.3198,0.0000,0.4244
1907.9000,16.7158,0.0000,41.3485,0.0000,0.4242
1908.0000,17.1488,0.0000,42.3704,0.0000,0.4241
1908.1000,17.5810,0.0000,43.3851,0.0000,0.4240
1908.2000,18.0125,0.0000,44.3921,0.0000,0.4238
1908.3000,18.4431,0.0000,45.3912,0.0000,0.4237
1908.4000,18.8730,0.0000,46.3819,0.0000,0.4236
1908.5000,19.3019,0.0000,47.3639,0.0000,0.4234
1908.6000,19.7300,0.0000,48.3367,0.0000,0.4233
1908.7000,20.1571,0.0000,49.3000,0.0000,0.4231
1908.8000,20.5832,0.0000,50.2534,0.0000,0.4230
1908.9000,21.0082,0.0000,51.1425,0.0000,0.4228
1909.0000,21.4313,0.0000,51.8642,0.0000,0.4227
1909.1000,21.8505,0.0000,52.3684,0.0000,0.4225
1909.2000,22.2643,0.0000,52.6529,0.0000,0.4223
1909.3000,22.6711,0.0000,52.7162,0.0000,0.4222
1909.4000,23.0695,0.0000,52.6165,0.0000,0.4220
1909.5000,23.4591,0.0000,52.4653,0.0000,0.4219
1909.6000,23.8404,0.0000,52.3147,0.0000,0.4217
1909.7000,24.2137,0.0000,52.1644,0.0000,0.4215
1909.8000,24.5794,0.0000,52.0145,0.0000,0.4214
1909.9000,24.9379,0.0000,51.8649,0.0000,0.4212
1910.0000,25.2895,0.0000,51.7155,0.0000,0.4211
1910.1000,25.6344,0.0000,51.5662,0.0000,0.4209
1910.2000,25.9730,0.0000,51.4172,0.0000,0.4208
1910.3000,26.3055,0.0000,51.2682,0.0000,0.4206
1910.4000,26.6321,0.0000,51.1194,0.0000,0.4205
1910.5000,26.9530,0.0000,50.9708,0.0000,0.4203
1910.6000,27.2685,0.0000,50.8222,0.0000,0.4202
1910.7000,27.5787,0.0000,50.6737,0.0000,0.4200
1910.8000,27.8839,0.0000,50.5254,0.0000,0.4199
1910.9000,28.1841,0.0000,50.3772,0.0000,0.4197
1911.0000,28.4796,0.0000,50.2291,0.0000,0.4196
1911.1000,28.7705,0.0000,50.0811,0.0000,0.4194
1911.2000,29.0569,0.0000,49.9333,0.0000,0.4193
1911.3000,29.3391,0.0000,49.7857,0.0000,0.4191
1911.4000,29.6170,0.0000,49.6382,0.0000,0.4190
1911.5000,29.8908,0.0000,49.4909,0.0000,0.4188
1911.6000,30.1607,0.0000,49.3438,0.0000,0.4187
1911.7000,30.4268,0.0000,49.1969,0.0000,0.4185
1911.8000,30.6891,0.0000,49.0503,0.0000,0.4184
1911.9000,30.9477,0.0000,48.9039,0.0000,0.4182
1912.0000,31.2028,0.0000,48.7577,0.0000,0.4181
1912.1000,31.4545,0.0000,48.6118,0.0000,0.4180
1912.2000,31.7027,0.0000,48.4662,0.0000,0.4178
1912.3000,31.9477,0.0000,48.3209,0.0000,0.4177
1912.4000,32.1895,0.0000,48.1759,0.0000,0.4175
1912.5000,32.4281,0.0000,48.0312,0.0000,0.4174
1912.6000,32.6637,0.0000,47.8869,0.0000,0.4172
1912.7000,32.8963,0.0000,47.7429,0.0000,0.4171
1912.8000,33.1260,0.0000,47.5993,0.0000,0.4170
1912.9000,33.3528,0.0000,47.4561,0.0000,0.4168
1913.0000,33.5768,0.0000,47.3133,0.0000,0.4167
1913.1000,33.7980,0.0000,47.1709,0.0000,0.4165
1913.2000,34.0166,0.0000,47.0289,0.0000,0.4164
1913.3000,34.2326,0.0000,46.8873,0.0000,0.4163
1913.4000,34.4460,0.0000,46.7462,0.0000,0.4161
1913.5000,34.6569,0.0000,46.6055,0.0000,0.4160
1913.6000,34.8653,0.0000,46.4653,0.0000,0.4158
1913.7000,35.0713,0.0000,46.3256,0.0000,0.4157
1913.8000,35.2749,0.0000,46.1864,0.0000,0.4156
1913.9000,35.4762,0.0000,46.0476,0.0000,0.4154
1914.0000,35.6753,0.0000,45.9094,0.0000,0.4153
1914.1000,35.8720,0.0000,45.7716,0.0000,0.4152
1914.2000,36.0666,0.0000,45.6344,0.0000,0.4150
1914.3000,36.2590,0.0000,45.4978,0.0000,0.4149
1914.4000,36.4494,0.0000,45.3616,0.0000,0.4148
1914.5000,36.6376,0.0000,45.2261,0.0000,0.4146
1914.6000,36.8238,0.0000,45.0910,1.8750,0.4146
1914.7000,37.0079,0.0000,44.9566,1.8750,0.4145
1914.8000,37.1901,0.0000,44.8227,1.8750,0.4145
1914.9000,37.3704,0.0000,44.6894,1.8750,0.4144
1915.0000,37.5487,0.0000,44.5566,1.8750,0.4143
1915.1000,37.7252,0.0000,44.4245,1.8750,0.4143
1915.2000,37.8999,0.0000,44.2929,1.8750,0.4142
1915.3000,38.0727,0.0000,44.1620,1.8750,0.4142
1915.4000,38.2437,0.0000,44.0316,1.8750,0.4141
1915.5000,38.4130,0.0000,43.9019,1.8750,0.4140
1915.6000,38.5805,0.0000,43.7728,1.8750,0.4140
1915.7000,38.7463,0.0000,43.6443,1.8750,0.4139
1915.8000,38.9105,0.0000,43.5164,1.8750,0.4139
1915.9000,39.0730,0.0000,43.3892,1.8750,0.4138
1916.0000,39.2339,0.0000,43.2626,1.8750,0.4138
1916.1000,39.3932,0.0000,43.1366,1.8750,0.4137
1916.2000,39.5509,0.0000,43.0112,1.8750,0.4136
1916.3000,39.7071,0.0000,42.8865,1.8750,0.4136
1916.4000,39.8617,0.0000,42.7625,1.8750,0.4135
1916.5000,40.0148,0.0000,42.6391,1.8750,0.4135
1916.6000,40.1664,0.0000,42.5163,1.8750,0.4134
1916.7000,40.3166,0.0000,42.3942,1.8750,0.4134
1916.8000,40.4653,0.0000,42.2728,1.8750,0.4133
1916.9000,40.6126,0.0000,42.1520,1.8750,0.4133
1917.0000,40.7585,0.0000,42.0319,1.8750,0.4132
1917.1000,40.9030,0.0000,41.9124,1.8750,0.4132
1917.2000,41.0462,0.0000,41.7936,1.8750,0.4131
1917.3000,41.1880,0.0000,41.6754,1.8750,0.4131
1917.4000,41.3285,0.0000,41.5579,1.8750,0.4130
1917.5000,41.4676,0.0000,41.4411,1.8750,0.4130
1917.6000,41.6055,0.0000,41.3249,1.8750,0.4129
1917.7000,41.7421,0.0000,41.2094,1.8750,0.4129
1917.8000,41.8775,0.0000,41.0946,1.8750,0.4128
1917.9000,42.0116,0.0000,40.9804,1.8750,0.4128
1918.0000,42.1444,0.0000,40.8669,1.8750,0.4127
1918.1000,42.2761,0.0000,40.7540,1.8750,0.4127
1918.2000,42.4066,0.0000,40.6419,1.8750,0.4126
1918.3000,42.5359,0.0000,40.5303,1.8750,0.4126
1918.4000,42.6640,0.0000,40.4195,1.8750,0.4125
1918.5000,42.7910,0.0000,40.3093,1.8750,0.4125
1918.6000,42.9169,0.0000,40.1998,1.8750,0.4124
1918.7000,43.0416,0.0000,40.0909,1.8750,0.4124
1918.8000,43.1652,0.0000,39.9827,1.8750,0.4123
1918.9000,43.2878,0.0000,39.8752,1.8750,0.4123
1919.0000,43.4092,0.0000,39.7683,1.8750,0.4122
1919.1000,43.5296,0.0000,39.6620,1.8750,0.4122
1919.2000,43.6490,0.0000,39.5565,1.8750,0.4122
1919.3000,43.7673,0.0000,39.4516,1.8750,0.4121
1919.4000,43.8846,0.0000,39.3473,1.8750,0.4121
1919.5000,44.0008,0.0000,39.2437,1.8750,0.4120
1919.6000,44.1161,0.0000,39.1407,1.8750,0.4120
1919.7000,44.2303,0.0000,39.0384,1.8750,0.4119
1919.8000,44.3436,0.0000,38.9367,1.8750,0.4119
1919.9000,44.4560,0.0000,38.8357,1.8750,0.4119
1920.0000,44.5673,0.0000,38.7353,1.8750,0.4118
1920.1000,44.6778,0.0000,38.6356,1.8750,0.4118
1920.2000,44.7872,0.0000,38.5365,1.8750,0.4117
1920.3000,44.8958,0.0000,38.4381,1.8750,0.4117
1920.4000,45.0035,0.0000,38.3402,1.8750,0.4116
1920.5000,45.1102,0.0000,38.2430,1.8750,0.4116
1920.6000,45.2161,0.0000,38.1465,1.8750,0.4116
1920.7000,45.3210,0.0000,38.0505,1.8750,0.4115
1920.8000,45.4251,0.0000,37.9552,1.8750,0.4115
1920.9000,45.5284,0.0000,38.9046,1.8750,0.4114
1921.0000,45.6394,0.0000,40.9355,1.8750,0.4114
1921.1000,45.7585,0.0000,43.0274,1.8750,0.4113
1921.2000,45.8857,0.0000,45.1638,1.8750,0.4113
1921.3000,46.0210,0.0000,47.1919,1.8750,0.4112
1921.4000,46.1635,0.0000,47.9611,1.8750,0.4111
1921.5000,46.3036,0.0000,47.2349,1.8750,0.4111
1921.6000,46.4387,0.0000,46.0272,1.8750,0.4110
1921.7000,46.5676,0.0000,44.6728,1.8750,0.4109
1921.8000,46.6903,0.0000,43.3316,1.8750,0.4109
1921.9000,46.8072,0.0000,42.0585,1.8750,0.4108
1922.0000,46.9186,0.0000,40.9340,1.8750,0.4108
1922.1000,47.0254,0.0000,39.9246,1.8750,0.4107
1922.2000,47.1276,0.0000,38.7903,1.8750,0.4107
1922.3000,47.2244,0.0000,37.5330,1.8750,0.4107
1922.4000,47.3158,0.0000,36.0840,1.8750,0.4106
1922.5000,47.4002,0.0000,34.5022,1.8750,0.4106
1922.6000,47.4783,0.0000,33.0692,1.8750,0.4106
1922.7000,47.5507,0.0000,31.7090,1.8750,0.4105
1922.8000,47.6174,0.0000,30.4299,1.8750,0.4105
1922.9000,47.6792,0.0000,29.6015,1.8750,0.4105
1923.0000,47.7389,0.0000,29.2486,1.8750,0.4105
1923.1000,47.7975,0.0000,28.9714,1.8750,0.4105
1923.2000,47.8546,0.0000,28.8090,1.8750,0.4105
1923.3000,47.9114,0.0000,28.6351,1.8750,0.4105
1923.4000,47.9668,0.0000,28.0632,1.8750,0.4104
1923.5000,48.0188,0.0000,27.1208,1.8750,0.4104
1923.6000,48.0664,0.0000,25.9533,1.8750,0.4104
1923.7000,48.1089,0.0000,24.8558,1.8750,0.4104
1923.8000,48.1476,0.0000,23.9516,1.8750,0.4104
1923.9000,48.1827,0.0000,23.1637,1.8750,0.4104
1924.0000,48.2150,0.0000,22.5583,1.8750,0.4104
1924.1000,48.2453,0.0000,22.1174,1.8750,0.4104
1924.2000,48.2740,0.0000,21.5121,1.8750,0.4104
1924.3000,48.2993,0.0000,20.7649,1.8750,0.4104
1924.4000,48.3220,0.0000,20.1587,1.8750,0.4104
1924.5000,48.3425,0.0000,19.6271,1.8750,0.4105
1924.6000,48.3609,0.0000,19.2237,1.8750,0.4105
1924.7000,48.3781,0.0000,18.9539,1.8750,0.4105
1924.8000,48.3943,0.0000,18.7043,1.8750,0.4105
1924.9000,48.4095,0.0000,18.3944,1.8750,0.4105
1925.0000,48.4233,0.0000,18.2701,1.8750,0.4105
1925.1000,48.4374,0.0000,18.2003,1.8750,0.4105
1925.2000,48.4505,0.0000,17.9482,1.8750,0.4105
1925.3000,48.4627,0.0000,17.8259,1.8750,0.4106
1925.4000,48.4747,0.0000,17.9136,1.8750,0.4106
1925.5000,48.4875,0.0000,17.7721,1.8750,0.4106
1925.6000,48.4984,0.0000,17.3360,1.8750,0.4106
1925.7000,48.5077,0.0000,16.9440,1.8750,0.4106
1925.8000,48.5155,0.0000,16.6360,1.8750,0.4106
1925.9000,48.5224,0.0000,16.4202,1.8750,0.4107
1926.0000,48.5285,0.0000,16.3449,1.8750,0.4107
1926.1000,48.5348,0.0000,16.4677,1.8750,0.4107
1926.2000,48.5418,0.0000,16.6532,1.8750,0.4107
1926.3000,48.5495,0.0000,16.6570,1.8750,0.4107
1926.4000,48.5565,0.0000,16.2570,1.8750,0.4107
1926.5000,48.5610,0.0000,15.4724,1.8750,0.4108
1926.6000,48.5619,0.0000,14.6025,1.8750,0.4108
1926.7000,48.5597,0.0000,14.0520,1.8750,0.4108
1926.8000,48.5563,0.0000,13.8202,1.8750,0.4108
1926.9000,48.5522,0.0000,13.6045,1.8750,0.4109
1927.0000,48.5472,0.0000,13.3924,1.8750,0.4109
1927.1000,48.5415,0.0000,13.2247,1.8750,0.4109
1927.2000,48.5352,0.0000,12.7291,1.8750,0.4109
1927.3000,48.5257,0.0000,11.9200,1.8750,0.4110
1927.4000,48.5132,0.0000,11.2672,1.8750,0.4110
1927.5000,48.4987,0.0000,10.8002,1.8750,0.4110
1927.6000,48.4825,0.0000,10.2476,1.8750,0.4111
1927.7000,48.4637,0.0000,9.7423,1.8750,0.4111
1927.8000,48.4437,0.0000,9.4387,1.8750,0.4111
1927.9000,48.4227,0.0000,9.2932,1.8750,0.4112
1928.0000,48.4016,0.0000,9.4561,1.8750,0.4112
1928.1000,48.3819,0.0000,9.9201,1.8750,0.4113
1928.2000,48.3646,0.0000,10.5918,1.8750,0.4113
1928.3000,48.3501,0.0000,11.1674,1.8750,0.4113
1928.4000,48.3373,0.0000,11.6017,1.8750,0.4114
1928.5000,48.3264,0.0000,11.9330,1.8750,0.4114
1928.6000,48.3162,0.0000,12.0849,1.8750,0.4114
1928.7000,48.3065,0.0000,11.9744,1.8750,0.4114
1928.8000,48.2955,0.0000,11.8378,1.8750,0.4115
1928.9000,48.2847,0.0000,11.8313,1.8750,0.4115
1929.0000,48.2737,0.0000,11.9389,1.8750,0.4115
1929.1000,48.2638,0.0000,12.1703,1.8750,0.4116
1929.2000,48.2547,0.0000,12.4490,1.8750,0.4116
1929.3000,48.2470,0.0000,12.6477,1.8750,0.4116
1929.4000,48.2395,0.0000,12.7044,1.8750,0.4116
1929.5000,48.2323,0.0000,12.8373,1.8750,0.4117
1929.6000,48.2258,0.0000,13.0008,1.8750,0.4117
1929.7000,48.2200,0.0000,13.2579,1.8750,0.4117
1929.8000,48.2155,0.0000,13.6019,1.8750,0.4118
1929.9000,48.2123,0.0000,14.0368,1.8750,0.4118
1930.0000,48.2113,0.0000,14.4209,1.8750,0.4118
1930.1000,48.2112,0.0000,14.8184,1.8750,0.4118
1930.2000,48.2133,0.0000,15.1228,1.8750,0.4118
1930.3000,48.2155,0.0000,15.4656,1.8750,0.4119
1930.4000,48.2202,0.0000,15.9150,1.8750,0.4119
1930.5000,48.2260,0.0000,16.0935,1.8750,0.4119
1930.6000,48.2321,0.0000,16.2437,1.8750,0.4119
1930.7000,48.2390,0.0000,16.4745,1.8750,0.4119
1930.8000,48.2469,0.0000,16.5178,1.8750,0.4120
1930.9000,48.2541,0.0000,16.3132,1.8750,0.4120
1931.0000,48.2603,0.0000,16.0511,1.8750,0.4120
1931.1000,48.2654,0.0000,15.7773,1.8750,0.4120
1931.2000,48.2695,0.0000,15.8109,1.8750,0.4120
1931.3000,48.2749,0.0000,16.0484,1.8750,0.4121
1931.4000,48.2808,0.0000,16.4218,1.8750,0.4121
1931.5000,48.2890,0.0000,17.2186,1.8750,0.4121
1931.6000,48.3011,0.0000,18.0297,1.8750,0.4121
1931.7000,48.3157,0.0000,18.5194,1.8750,0.4121
1931.8000,48.3315,0.0000,19.2066,1.8750,0.4121
1931.9000,48.3513,0.0000,19.9492,1.8750,0.4121
1932.0000,48.3729,0.0000,20.2151,1.8750,0.4121
1932.1000,48.3947,0.0000,20.2072,1.8750,0.4122
1932.2000,48.4160,0.0000,20.2933,1.8750,0.4122
1932.3000,48.4384,0.0000,20.4296,1.8750,0.4122
1932.4000,48.4607,0.0000,20.4296,1.8750,0.4122
1932.5000,48.4829,0.0000,20.4608,1.8750,0.4122
1932.6000,48.5053,0.0000,20.7314,1.8750,0.4122
1932.7000,48.5295,0.0000,20.9138,1.8750,0.4122
1932.8000,48.5532,0.0000,20.8364,1.8750,0.4122
1932.9000,48.5767,0.0000,20.8803,1.8750,0.4122
1933.0000,48.6006,0.0000,21.1851,1.8750,0.4122
1933.1000,48.6263,0.0000,21.6037,1.8750,0.4122
1933.2000,48.6533,0.0000,22.0243,1.8750,0.4122
1933.3000,48.6821,0.0000,22.2816,1.8750,0.4122
1933.4000,48.7110,0.0000,22.3595,1.8750,0.4122
1933.5000,48.7402,0.0000,22.4194,1.8750,0.4122
1933.6000,48.7694,0.0000,22.2082,1.8750,0.4122
1933.7000,48.7968,0.0000,21.8286,1.8750,0.4122
1933.8000,48.8229,0.0000,21.7284,1.8750,0.4122
1933.9000,48.8494,0.0000,21.9228,1.8750,0.4123
1934.0000,48.8768,0.0000,22.1335,1.8750,0.4123
1934.1000,48.9048,0.0000,22.4515,1.8750,0.4123
1934.2000,48.9345,0.0000,22.7300,1.8750,0.4123
1934.3000,48.9645,0.0000,22.5560,1.8750,0.4123
1934.4000,48.9927,0.0000,21.9902,1.8750,0.4123
1934.5000,49.0181,0.0000,21.1338,1.8750,0.4123
1934.6000,49.0396,0.0000,20.1838,1.8750,0.4123
1934.7000,49.0576,0.0000,19.3822,1.8750,0.4123
1934.8000,49.0728,0.0000,18.7576,1.8750,0.4123
1934.9000,49.0859,0.0000,18.4185,1.8750,0.4123
1935.0000,49.0984,0.0000,18.4275,1.8750,0.4123
1935.1000,49.1115,0.0000,18.6534,1.8750,0.4123
1935.2000,49.1257,0.0000,18.8002,1.8750,0.4124
1935.3000,49.1399,0.0000,18.9032,1.8750,0.4124
1935.4000,49.1548,0.0000,18.8685,1.8750,0.4124
1935.5000,49.1686,0.0000,18.7627,1.8750,0.4124
1935.6000,49.1826,0.0000,18.5733,1.8750,0.4124
1935.7000,49.1949,0.0000,18.2488,1.8750,0.4124
1935.8000,49.2064,0.0000,18.0776,1.8750,0.4124
1935.9000,49.2173,0.0000,18.2763,1.8750,0.4124
1936.0000,49.2303,0.0000,18.4451,1.8750,0.4125
1936.1000,49.2424,0.0000,18.3977,1.8750,0.4125
1936.2000,49.2549,0.0000,18.5031,1.8750,0.4125
1936.3000,49.2678,0.0000,18.6985,1.8750,0.4125
1936.4000,49.2818,0.0000,18.9777,1.8750,0.4125
1936.5000,49.2967,0.0000,19.4520,1.8750,0.4125
1936.6000,49.3142,0.0000,20.2369,1.8750,0.4125
1936.7000,49.3351,0.0000,21.1410,1.8750,0.4125
1936.8000,49.3594,0.0000,21.7217,1.8750,0.4125
1936.9000,49.3846,0.0000,21.7884,1.8750,0.4125
1937.0000,49.4093,0.0000,21.5949,1.8750,0.4125
1937.1000,49.4329,0.0000,21.3220,1.8750,0.4126
1937.2000,49.4553,0.0000,21.0864,1.8750,0.4126
1937.3000,49.4770,0.0000,21.0251,1.8750,0.4126
1937.4000,49.4989,0.0000,21.0223,1.8750,0.4126
1937.5000,49.5204,0.0000,20.9740,1.8750,0.4126
1937.6000,49.5418,0.0000,20.8542,1.8750,0.4126
1937.7000,49.5622,0.0000,20.6466,1.8750,0.4126
1937.8000,49.5819,0.0000,20.4429,1.8750,0.4126
1937.9000,49.6007,0.0000,20.2286,1.8750,0.4126
1938.0000,49.6187,0.0000,20.0238,1.8750,0.4126
1938.1000,49.6359,0.0000,19.8281,1.8750,0.4126
1938.2000,49.6523,0.0000,19.6410,1.8750,0.4126
1938.3000,49.6679,0.0000,19.4623,1.8750,0.4126
1938.4000,49.6828,0.0000,19.2914,1.8750,0.4127
1938.5000,49.6971,0.0000,19.1282,1.8750,0.4127
1938.6000,49.7108,0.0000,18.9722,1.8750,0.4127
1938.7000,49.7238,0.0000,18.8232,1.8750,0.4127
1938.8000,49.7362,0.0000,18.6808,1.8750,0.4127
1938.9000,49.7481,0.0000,18.5448,1.8750,0.4127
1939.0000,49.7594,0.0000,18.4148,1.8750,0.4127
1939.1000,49.7702,0.0000,18.2905,1.8750,0.4127
1939.2000,49.7806,0.0000,18.1719,1.8750,0.4128
1939.3000,49.7904,0.0000,18.0585,1.8750,0.4128
1939.4000,49.7999,0.0000,17.9502,1.8750,0.4128
1939.5000,49.8089,0.0000,17.8467,1.8750,0.4128
1939.6000,49.8175,0.0000,17.7478,1.8750,0.4128
1939.7000,49.8257,0.0000,17.6534,1.8750,0.4128
1939.8000,49.8335,0.0000,17.5632,1.8750,0.4128
1939.9000,49.8410,0.0000,17.4770,1.8750,0.4129
1940.0000,49.8482,0.0000,17.3946,1.8750,0.4129
1940.1000,49.8550,0.0000,17.3160,1.8750,0.4129
1940.2000,49.8615,0.0000,17.2409,1.8750,0.4129
1940.3000,49.8678,0.0000,17.1691,1.8750,0.4129
1940.4000,49.8737,0.0000,17.1005,1.8750,0.4129
1940.5000,49.8794,0.0000,17.0350,1.8750,0.4130
1940.6000,49.8848,0.0000,16.9725,1.8750,0.4130
1940.7000,49.8900,0.0000,16.9127,1.8750,0.4130
1940.8000,49.8950,0.0000,16.8556,1.8750,0.4130
1940.9000,49.8997,0.0000,16.6873,1.8750,0.4130
1941.0000,49.9033,0.0000,16.4137,1.8750,0.4130
1941.1000,49.9060,0.0000,16.2657,1.8750,0.4131
1941.2000,49.9085,0.0000,16.0157,1.8750,0.4131
1941.3000,49.9092,0.0000,15.4195,1.8750,0.4131
1941.4000,49.9072,0.0000,14.9072,1.8750,0.4131
1941.5000,49.9041,0.0000,14.7375,1.8750,0.4132
1941.6000,49.9008,0.0000,14.4926,1.8750,0.4132
1941.7000,49.8959,0.0000,14.3695,1.8750,0.4132
1941.8000,49.8917,0.0000,14.8154,1.8750,0.4132
1941.9000,49.8901,0.0000,15.2413,1.8750,0.4132
1942.0000,49.8892,0.0000,15.2636,1.8750,0.4133
1942.1000,49.8878,0.0000,15.1716,1.8750,0.4133
1942.2000,49.8861,0.0000,14.9751,1.8750,0.4133
1942.3000,49.8833,0.0000,14.5670,1.8750,0.4133
1942.4000,49.8786,0.0000,14.1257,1.8750,0.4134
1942.5000,49.8723,0.0000,13.5297,1.8750,0.4134
1942.6000,49.8632,0.0000,12.6585,1.8750,0.4134
1942.7000,49.8504,0.0000,11.6149,1.8750,0.4134
1942.8000,49.8333,0.0000,10.4528,1.8750,0.4135
1942.9000,49.8118,0.0000,9.5313,1.8750,0.4135
1943.0000,49.7879,0.0000,9.0466,1.8750,0.4135
1943.1000,49.7628,0.0000,8.8206,1.8750,0.4136
1943.2000,49.7372,0.0000,8.7766,1.8750,0.4136
1943.3000,49.7119,0.0000,8.9392,1.8750,0.4137
1943.4000,49.6877,0.0000,9.0833,1.8750,0.4137
1943.5000,49.6635,0.0000,9.1633,1.8750,0.4137
1943.6000,49.6400,0.0000,9.3093,1.8750,0.4138
1943.7000,49.6170,0.0000,9.5065,1.8750,0.4138
1943.8000,49.5951,0.0000,9.6158,1.8750,0.4138
1943.9000,49.5730,0.0000,9.7350,1.8750,0.4139
1944.0000,49.5521,0.0000,9.9981,1.8750,0.4139
1944.1000,49.5321,0.0000,10.4676,1.8750,0.4139
1944.2000,49.5148,0.0000,11.1896,1.8750,0.4140
1944.3000,49.5004,0.0000,12.0097,1.8750,0.4140
1944.4000,49.4894,0.0000,12.5344,1.8750,0.4140
1944.5000,49.4791,0.0000,12.6717,1.8750,0.4141
1944.6000,49.4692,0.0000,12.5249,1.8750,0.4141
1944.7000,49.4578,0.0000,12.2008,1.8750,0.4141
1944.8000,49.4454,0.0000,11.9653,1.8750,0.4142
1944.9000,49.4323,0.0000,11.9953,1.8750,0.4142
1945.0000,49.4202,0.0000,12.2742,1.8750,0.4142
1945.1000,49.4092,0.0000,12.8081,1.8750,0.4142
1945.2000,49.4013,0.0000,13.2333,1.8750,0.4143
1945.3000,49.3936,0.0000,13.3330,1.8750,0.4143
1945.4000,49.3865,0.0000,13.3787,1.8750,0.4143
1945.5000,49.3792,0.0000,13.2308,1.8750,0.4143
1945.6000,49.3709,0.0000,12.7504,1.8750,0.4144
1945.7000,49.3600,0.0000,12.2765,1.8750,0.4144
1945.8000,49.3482,0.0000,12.0002,1.8750,0.4144
1945.9000,49.3352,0.0000,11.8586,1.8750,0.4145
1946.0000,49.3223,0.0000,11.9343,1.8750,0.4145
1946.1000,49.3099,0.0000,12.0418,1.8750,0.4145
1946.2000,49.2980,0.0000,12.2642,1.8750,0.4145
1946.3000,49.2873,0.0000,12.6958,1.8750,0.4146
1946.4000,49.2787,0.0000,12.9581,1.8750,0.4146
1946.5000,49.2701,0.0000,12.9579,1.8750,0.4146
1946.6000,49.2615,0.0000,13.0755,1.8750,0.4147
1946.7000,49.2539,0.0000,13.1577,1.8750,0.4147
1946.8000,49.2460,0.0000,13.0313,1.8750,0.4147
1946.9000,49.2374,0.0000,12.8884,1.8750,0.4147
1947.0000,49.2284,0.0000,12.7869,1.8750,0.4148
1947.1000,49.2191,0.0000,13.0125,1.8750,0.4148
1947.2000,49.2119,0.0000,13.7088,1.8750,0.4148
1947.3000,49.2079,0.0000,14.6448,1.8750,0.4148
1947.4000,49.2079,0.0000,15.7823,1.8750,0.4149
1947.5000,49.2127,0.0000,17.0071,1.8750,0.4149
1947.6000,49.2221,0.0000,17.9656,1.8750,0.4149
1947.7000,49.2342,0.0000,18.7186,1.8750,0.4149
1947.8000,49.2493,0.0000,19.2840,1.8750,0.4149
1947.9000,49.2656,0.0000,19.5402,1.8750,0.4149
1948.0000,49.2826,0.0000,19.8495,1.8750,0.4149
1948.1000,49.3012,0.0000,20.1388,1.8750,0.4149
1948.2000,49.3203,0.0000,19.9099,1.8750,0.4150
1948.3000,49.3370,0.0000,19.4360,1.8750,0.4150
1948.4000,49.3524,0.0000,19.2117,1.8750,0.4150
1948.5000,49.3674,0.0000,18.8497,1.8750,0.4150
1948.6000,49.3799,0.0000,18.4491,1.8750,0.4150
1948.7000,49.3917,0.0000,18.3304,1.8750,0.4150
1948.8000,49.4033,0.0000,18.0326,1.8750,0.4150
1948.9000,49.4128,0.0000,17.3161,1.8750,0.4150
1949.0000,49.4188,0.0000,16.6295,1.8750,0.4151
1949.1000,49.4230,0.0000,15.9530,1.8750,0.4151
1949.2000,49.4239,0.0000,15.0130,1.8750,0.4151
1949.3000,49.4209,0.0000,14.2017,1.8750,0.4151
1949.4000,49.4156,0.0000,13.7395,1.8750,0.4152
1949.5000,49.4091,0.0000,13.3737,1.8750,0.4152
1949.6000,49.4010,0.0000,12.6787,1.8750,0.4152
1949.7000,49.3893,0.0000,11.8154,1.8750,0.4152
1949.8000,49.3746,0.0000,10.9598,1.8750,0.4153
1949.9000,49.3564,0.0000,10.0824,1.8750,0.4153
1950.0000,49.3350,0.0000,9.3064,1.8750,0.4153
1950.1000,49.3110,0.0000,8.9168,1.8750,0.4154
1950.2000,49.2868,0.0000,9.3395,1.8750,0.4154
1950.3000,49.2660,0.0000,10.2941,1.8750,0.4154
1950.4000,49.2492,0.0000,11.1764,1.8750,0.4155
1950.5000,49.2353,0.0000,12.0698,1.8750,0.4155
1950.6000,49.2254,0.0000,13.1803,1.8750,0.4155
1950.7000,49.2200,0.0000,14.1597,1.8750,0.4156
1950.8000,49.2176,0.0000,14.9231,1.8750,0.4156
1950.9000,49.2181,0.0000,15.5311,1.8750,0.4156
1951.0000,49.2204,0.0000,15.6542,1.8750,0.4156
1951.1000,49.2219,0.0000,15.1882,1.8750,0.4156
1951.2000,49.2206,0.0000,14.2925,1.8750,0.4157
1951.3000,49.2151,0.0000,13.0888,1.8750,0.4157
1951.4000,49.2046,0.0000,11.7633,1.8750,0.4157
1951.5000,49.1891,0.0000,10.6542,1.8750,0.4158
1951.6000,49.1701,0.0000,9.8265,1.8750,0.4158
1951.7000,49.1483,0.0000,9.0534,1.8750,0.4158
1951.8000,49.1235,0.0000,8.6417,1.8750,0.4159
1951.9000,49.0986,0.0000,8.8905,1.8750,0.4159
1952.0000,49.0758,0.0000,9.2980,1.8750,0.4159
1952.1000,49.0541,0.0000,9.7337,1.8750,0.4160
1952.2000,49.0347,0.0000,10.3625,1.8750,0.4160
1952.3000,49.0179,0.0000,10.7030,1.8750,0.4160
1952.4000,49.0012,0.0000,10.5359,1.8750,0.4161
1952.5000,48.9832,0.0000,10.6652,1.8750,0.4161
1952.6000,48.9676,0.0000,11.1350,1.8750,0.4161
1952.7000,48.9533,0.0000,11.3679,1.8750,0.4162
1952.8000,48.9395,0.0000,11.5731,1.8750,0.4162
1952.9000,48.9269,0.0000,11.9985,1.8750,0.4162
1953.0000,48.9164,0.0000,12.2575,1.8750,0.4163
1953.1000,48.9058,0.0000,12.1895,1.8750,0.4163
1953.2000,48.8949,0.0000,12.1063,1.8750,0.4163
1953.3000,48.8837,0.0000,11.9606,1.8750,0.4164
1953.4000,48.8717,0.0000,11.5097,1.8750,0.4164
1953.5000,48.8570,0.0000,10.8146,1.8750,0.4164
1953.6000,48.8397,0.0000,10.2233,1.8750,0.4165
1953.7000,48.8205,0.0000,9.9104,1.8750,0.4165
1953.8000,48.8009,0.0000,9.8506,1.8750,0.4165
1953.9000,48.7813,0.0000,10.1882,1.8750,0.4166
1954.0000,48.7644,0.0000,10.8809,1.8750,0.4166
1954.1000,48.7502,0.0000,11.6033,1.8750,0.4166
1954.2000,48.7389,0.0000,12.1269,1.8750,0.4166
1954.3000,48.7289,0.0000,12.4137,1.8750,0.4167
1954.4000,48.7199,0.0000,12.4446,1.8750,0.4167
1954.5000,48.7101,0.0000,12.3458,1.8750,0.4167
1954.6000,48.7003,0.0000,12.2495,1.8750,0.4168
1954.7000,48.6899,0.0000,12.1840,1.8750,0.4168
1954.8000,48.6797,0.0000,12.2496,1.8750,0.4168
1954.9000,48.6698,0.0000,12.5672,1.8750,0.4169
1955.0000,48.6620,0.0000,12.9171,1.8750,0.4169
1955.1000,48.6549,0.0000,12.9861,1.8750,0.4169
1955.2000,48.6477,0.0000,13.0269,1.8750,0.4169
1955.3000,48.6409,0.0000,13.1361,1.8750,0.4170
1955.4000,48.6346,0.0000,13.2453,1.8750,0.4170
1955.5000,48.6287,0.0000,13.5368,1.8750,0.4170
1955.6000,48.6247,0.0000,14.1491,1.8750,0.4170
1955.7000,48.6235,0.0000,14.8216,1.8750,0.4171
1955.8000,48.6247,0.0000,15.4366,1.8750,0.4171
1955.9000,48.6284,0.0000,16.0401,1.8750,0.4171
1956.0000,48.6343,0.0000,16.5345,1.8750,0.4171
1956.1000,48.6417,0.0000,16.9650,1.8750,0.4171
1956.2000,48.6509,0.0000,17.1535,1.8750,0.4171
1956.3000,48.6597,0.0000,16.9302,1.8750,0.4172
1956.4000,48.6672,0.0000,16.3977,1.8750,0.4172
1956.5000,48.6718,0.0000,15.7327,1.8750,0.4172
1956.6000,48.6741,0.0000,15.1222,1.8750,0.4172
1956.7000,48.6740,0.0000,14.8341,1.8750,0.4172
1956.8000,48.6740,0.0000,14.7803,1.8750,0.4173
1956.9000,48.6735,0.0000,14.6847,1.8750,0.4173
1957.0000,48.6728,0.0000,14.4517,1.8750,0.4173
1957.1000,48.6705,0.0000,13.7214,1.8750,0.4173
1957.2000,48.6641,0.0000,12.5663,1.8750,0.4174
1957.3000,48.6529,0.0000,11.4993,1.8750,0.4174
1957.4000,48.6383,0.0000,10.6466,1.8750,0.4174
1957.5000,48.6205,0.0000,10.0255,1.8750,0.4175
1957.6000,48.6011,0.0000,9.8942,1.8750,0.4175
1957.7000,48.5824,0.0000,10.1526,1.8750,0.4175
1957.8000,48.5651,0.0000,10.4947,1.8750,0.4176
1957.9000,48.5491,0.0000,10.7857,1.8750,0.4176
1958.0000,48.5341,0.0000,10.8177,1.8750,0.4176
1958.1000,48.5184,0.0000,10.6902,1.8750,0.4177
1958.2000,48.5025,0.0000,10.6355,1.8750,0.4177
1958.3000,48.4864,0.0000,10.7705,1.8750,0.4177
1958.4000,48.4716,0.0000,11.1552,1.8750,0.4178
1958.5000,48.4586,0.0000,11.6820,1.8750,0.4178
1958.6000,48.4480,0.0000,12.1806,1.8750,0.4178
1958.7000,48.4389,0.0000,12.5598,1.8750,0.4179
1958.8000,48.4313,0.0000,12.8022,1.8750,0.4179
1958.9000,48.4241,0.0000,12.5518,1.8750,0.4179
1959.0000,48.4146,0.0000,11.8825,1.8750,0.4179
1959.1000,48.4022,0.0000,11.4205,1.8750,0.4180
1959.2000,48.3891,0.0000,11.2393,1.8750,0.4180
1959.3000,48.3754,0.0000,11.2496,1.8750,0.4180
1959.4000,48.3625,0.0000,11.6639,1.8750,0.4181
1959.5000,48.3520,0.0000,12.2298,1.8750,0.4181
1959.6000,48.3435,0.0000,12.4381,1.8750,0.4181
1959.7000,48.3348,0.0000,12.3207,1.8750,0.4182
1959.8000,48.3254,0.0000,11.8965,1.8750,0.4182
1959.9000,48.3134,0.0000,11.4369,1.8750,0.4182
1960.0000,48.3004,0.0000,11.5543,1.8750,0.4182
1960.1000,48.2894,0.0000,11.9732,1.8750,0.4183
1960.2000,48.2798,0.0000,12.6014,1.8750,0.4183
1960.3000,48.2737,0.0000,13.6756,1.8750,0.4183
1960.4000,48.2725,0.0000,14.6234,1.8750,0.4184
1960.5000,48.2738,0.0000,15.2032,1.8750,0.4184
1960.6000,48.2771,0.0000,15.8367,1.8750,0.4184
1960.7000,48.2834,0.0000,16.3407,1.8750,0.4184
1960.8000,48.2907,0.0000,16.2986,1.8750,0.4184
1960.9000,48.2965,0.0000,16.1531,1.8750,0.4185
1961.0000,48.3026,0.0000,15.9937,1.8750,0.4185
1961.1000,48.3073,0.0000,15.7957,1.8750,0.4185
1961.2000,48.3118,0.0000,15.6483,1.8750,0.4185
1961.3000,48.3152,0.0000,15.3930,1.8750,0.4185
1961.4000,48.3177,0.0000,15.1619,1.8750,0.4186
1961.5000,48.3194,0.0000,14.8944,1.8750,0.4186
1961.6000,48.3198,0.0000,14.5551,1.8750,0.4186
1961.7000,48.3187,0.0000,14.2117,1.8750,0.4186
1961.8000,48.3165,0.0000,14.1622,1.8750,0.4186
1961.9000,48.3151,0.0000,14.2078,1.8750,0.4187
1962.0000,48.3132,0.0000,14.1589,1.8750,0.4187
1962.1000,48.3114,0.0000,14.0327,1.8750,0.4187
1962.2000,48.3085,0.0000,13.7803,1.8750,0.4187
1962.3000,48.3048,0.0000,13.5622,1.8750,0.4188
1962.4000,48.3002,0.0000,13.3867,1.8750,0.4188
1962.5000,48.2951,0.0000,13.4838,1.8750,0.4188
1962.6000,48.2913,0.0000,13.8940,1.8750,0.4188
1962.7000,48.2894,0.0000,14.2668,1.8750,0.4189
1962.8000,48.2886,0.0000,14.6704,1.8750,0.4189
1962.9000,48.2899,0.0000,15.3315,1.8750,0.4189
1963.0000,48.2942,0.0000,15.8185,1.8750,0.4189
1963.1000,48.2993,0.0000,15.9472,1.8750,0.4190
1963.2000,48.3045,0.0000,16.2043,1.8750,0.4190
1963.3000,48.3116,0.0000,16.5154,1.8750,0.4190
1963.4000,48.3193,0.0000,16.7360,1.8750,0.4190
1963.5000,48.3280,0.0000,17.2497,1.8750,0.4190
1963.6000,48.3397,0.0000,17.7979,1.8750,0.4190
1963.7000,48.3527,0.0000,18.1561,1.8750,0.4191
1963.8000,48.3670,0.0000,18.3465,1.8750,0.4191
1963.9000,48.3814,0.0000,18.0730,1.8750,0.4191
1964.0000,48.3936,0.0000,17.2906,1.8750,0.4191
1964.1000,48.4018,0.0000,16.3318,1.8750,0.4191
1964.2000,48.4065,0.0000,15.4540,1.8750,0.4191
1964.3000,48.4078,0.0000,14.6674,1.8750,0.4192
1964.4000,48.4063,0.0000,14.1811,1.8750,0.4192
1964.5000,48.4039,0.0000,14.0277,1.8750,0.4192
1964.6000,48.4012,0.0000,14.1057,1.8750,0.4192
1964.7000,48.3994,0.0000,14.3322,1.8750,0.4193
1964.8000,48.3985,0.0000,14.4998,1.8750,0.4193
1964.9000,48.3980,0.0000,14.5393,1.8750,0.4193
1965.0000,48.3974,0.0000,14.5067,1.8750,0.4193
1965.1000,48.3966,0.0000,14.3885,1.8750,0.4194
1965.2000,48.3951,0.0000,14.0231,1.8750,0.4194
1965.3000,48.3915,0.0000,13.6278,1.8750,0.4194
1965.4000,48.3869,0.0000,13.4724,1.8750,0.4194
1965.5000,48.3822,0.0000,13.6558,1.8750,0.4195
1965.6000,48.3790,0.0000,14.1554,1.8750,0.4195
1965.7000,48.3782,0.0000,14.8660,1.8750,0.4195
1965.8000,48.3806,0.0000,15.5297,1.8750,0.4195
1965.9000,48.3849,0.0000,15.9176,1.8750,0.4195
1966.0000,48.3903,0.0000,16.1354,1.8750,0.4196
1966.1000,48.3963,0.0000,16.4856,1.8750,0.4196
1966.2000,48.4044,0.0000,17.0628,1.8750,0.4196
1966.3000,48.4148,0.0000,17.9705,1.8750,0.4196
1966.4000,48.4300,0.0000,19.3734,1.8750,0.4196
1966.5000,48.4513,0.0000,21.0268,1.8750,0.4196
1966.6000,48.4792,0.0000,22.5678,1.8750,0.4196
1966.7000,48.5123,0.0000,23.7684,1.8750,0.4196
1966.8000,48.5494,0.0000,24.6143,1.8750,0.4196
1966.9000,48.5889,0.0000,25.1965,1.8750,0.4196
1967.0000,48.6303,0.0000,25.3829,1.8750,0.4196
1967.1000,48.6710,0.0000,25.1486,1.8750,0.4196
1967.2000,48.7103,0.0000,24.8027,1.8750,0.4196
1967.3000,48.7480,0.0000,24.3558,1.8750,0.4196
1967.4000,48.7836,0.0000,23.5211,1.8750,0.4196
1967.5000,48.8147,0.0000,22.6089,1.8750,0.4196
1967.6000,48.8431,0.0000,21.8654,1.8750,0.4196
1967.7000,48.8682,0.0000,21.1878,1.8750,0.4196
1967.8000,48.8912,0.0000,20.7791,1.8750,0.4196
1967.9000,48.9131,0.0000,20.6515,1.8750,0.4196
1968.0000,48.9350,0.0000,20.3939,1.8750,0.4196
1968.1000,48.9547,0.0000,19.8822,1.8750,0.4196
1968.2000,48.9726,0.0000,19.2588,1.8750,0.4197
1968.3000,48.9874,0.0000,18.4726,1.8750,0.4197
1968.4000,48.9991,0.0000,17.6320,1.8750,0.4197
1968.5000,49.0074,0.0000,17.0523,1.8750,0.4197
1968.6000,49.0146,0.0000,16.7910,1.8750,0.4197
1968.7000,49.0209,0.0000,16.7582,1.8750,0.4197
1968.8000,49.0278,0.0000,16.7886,1.8750,0.4198
1968.9000,49.0343,0.0000,16.5493,1.8750,0.4198
1969.0000,49.0393,0.0000,16.0026,1.8750,0.4198
1969.1000,49.0415,0.0000,15.4603,1.8750,0.4198
1969.2000,49.0424,0.0000,15.1536,1.8750,0.4198
1969.3000,49.0422,0.0000,15.1693,1.8750,0.4199
1969.4000,49.0432,0.0000,15.6033,1.8750,0.4199
1969.5000,49.0464,0.0000,16.1788,1.8750,0.4199
1969.6000,49.0518,0.0000,16.6243,1.8750,0.4199
1969.7000,49.0584,0.0000,16.7897,1.8750,0.4199
1969.8000,49.0650,0.0000,16.7088,1.8750,0.4199
1969.9000,49.0710,0.0000,16.7013,1.8750,0.4200
1970.0000,49.0775,0.0000,16.9994,1.8750,0.4200
1970.1000,49.0857,0.0000,17.3287,1.8750,0.4200
1970.2000,49.0947,0.0000,17.7476,1.8750,0.4200
1970.3000,49.1062,0.0000,18.0696,1.8750,0.4200
1970.4000,49.1176,0.0000,17.9396,1.8750,0.4200
1970.5000,49.1279,0.0000,17.4934,1.8750,0.4201
1970.6000,49.1359,0.0000,16.9756,1.8750,0.4201
1970.7000,49.1422,0.0000,16.3583,1.8750,0.4201
1970.8000,49.1454,0.0000,15.9191,1.8750,0.4201
1970.9000,49.1483,0.0000,15.8088,1.8750,0.4201
1971.0000,49.1506,0.0000,15.8012,1.8750,0.4202
1971.1000,49.1535,0.0000,15.8147,1.8750,0.4202
1971.2000,49.1559,0.0000,15.7244,1.8750,0.4202
1971.3000,49.1581,0.0000,15.5764,1.8750,0.4202
1971.4000,49.1594,0.0000,15.5530,1.8750,0.4202
1971.5000,49.1613,0.0000,15.5111,1.8750,0.4203
1971.6000,49.1623,0.0000,15.1137,1.8750,0.4203
1971.7000,49.1612,0.0000,14.8152,1.8750,0.4203
1971.8000,49.1598,0.0000,14.5834,1.8750,0.4203
1971.9000,49.1570,0.0000,14.0548,1.8750,0.4203
1972.0000,49.1516,0.0000,13.5200,1.8750,0.4204
1972.1000,49.1446,0.0000,13.5635,1.8750,0.4204
1972.2000,49.1396,0.0000,13.9211,1.8750,0.4204
1972.3000,49.1354,0.0000,14.4012,1.8750,0.4204
1972.4000,49.1341,0.0000,15.3111,1.8750,0.4205
1972.5000,49.1369,0.0000,16.4559,1.8750,0.4205
1972.6000,49.1444,0.0000,17.4357,1.8750,0.4205
1972.7000,49.1547,0.0000,18.2513,1.8750,0.4205
1972.8000,49.1684,0.0000,19.0819,1.8750,0.4205
1972.9000,49.1850,0.0000,19.7300,1.8750,0.4205
1973.0000,49.2036,0.0000,19.9472,1.8750,0.4205
1973.1000,49.2218,0.0000,19.8302,1.8750,0.4206
1973.2000,49.2393,0.0000,19.5667,1.8750,0.4206
1973.3000,49.2554,0.0000,19.0295,1.8750,0.4206
1973.4000,49.2688,0.0000,18.4159,1.8750,0.4206
1973.5000,49.2801,0.0000,18.4481,1.8750,0.4206
1973.6000,49.2936,0.0000,19.1053,1.8750,0.4206
1973.7000,49.3099,0.0000,19.8093,1.8750,0.4206
1973.8000,49.3288,0.0000,20.6364,1.8750,0.4206
1973.9000,49.3513,0.0000,21.5016,1.8750,0.4206
1974.0000,49.3766,0.0000,21.8522,1.8750,0.4206
1974.1000,49.4017,0.0000,21.7265,1.8750,0.4206
1974.2000,49.4259,0.0000,21.6218,1.8750,0.4206
1974.3000,49.4500,0.0000,21.5059,1.8750,0.4207
1974.4000,49.4733,0.0000,21.0916,1.8750,0.4207
1974.5000,49.4941,0.0000,20.6283,1.8750,0.4207
1974.6000,49.5137,0.0000,20.2191,1.8750,0.4207
1974.7000,49.5313,0.0000,19.7078,1.8750,0.4207
1974.8000,49.5468,0.0000,19.3178,1.8750,0.4207
1974.9000,49.5614,0.0000,19.1934,1.8750,0.4207
1975.0000,49.5759,0.0000,18.9984,1.8750,0.4207
1975.1000,49.5889,0.0000,18.8290,1.8750,0.4207
1975.2000,49.6021,0.0000,18.7370,1.8750,0.4207
1975.3000,49.6144,0.0000,18.3396,1.8750,0.4208
1975.4000,49.6245,0.0000,17.7793,1.8750,0.4208
1975.5000,49.6324,0.0000,17.3009,1.8750,0.4208
1975.6000,49.6388,0.0000,16.7459,1.8750,0.4208
1975.7000,49.6424,0.0000,16.1803,1.8750,0.4208
1975.8000,49.6446,0.0000,15.9614,1.8750,0.4208
1975.9000,49.6465,0.0000,15.8959,1.8750,0.4209
1976.0000,49.6481,0.0000,15.7049,1.8750,0.4209
1976.1000,49.6486,0.0000,15.6375,1.8750,0.4209
1976.2000,49.6497,0.0000,15.8406,1.8750,0.4209
1976.3000,49.6518,0.0000,16.0175,1.8750,0.4209
1976.4000,49.6542,0.0000,16.3579,1.8750,0.4210
1976.5000,49.6588,0.0000,17.1365,1.8750,0.4210
1976.6000,49.6672,0.0000,17.9969,1.8750,0.4210
1976.7000,49.6783,0.0000,18.5682,1.8750,0.4210
1976.8000,49.6909,0.0000,18.8164,1.8750,0.4210
1976.9000,49.7039,0.0000,18.7625,1.8750,0.4210
1977.0000,49.7160,0.0000,18.2914,1.8750,0.4210
1977.1000,49.7253,0.0000,17.7519,1.8750,0.4211
1977.2000,49.7333,0.0000,17.2794,1.8750,0.4211
1977.3000,49.7390,0.0000,16.7962,1.8750,0.4211
1977.4000,49.7433,0.0000,16.4966,1.8750,0.4211
1977.5000,49.7467,0.0000,16.4709,1.8750,0.4211
1977.6000,49.7508,0.0000,16.4669,1.8750,0.4211
1977.7000,49.7541,0.0000,16.3186,1.8750,0.4212
1977.8000,49.7570,0.0000,16.1339,1.8750,0.4212
1977.9000,49.7590,0.0000,15.9207,1.8750,0.4212
1978.0000,49.7603,0.0000,15.8600,1.8750,0.4212
1978.1000,49.7617,0.0000,15.7397,1.8750,0.4212
1978.2000,49.7621,0.0000,15.5544,1.8750,0.4213
1978.3000,49.7622,0.0000,15.3013,1.8750,0.4213
1978.4000,49.7607,0.0000,14.7922,1.8750,0.4213
1978.5000,49.7568,0.0000,14.1270,1.8750,0.4213
1978.6000,49.7503,0.0000,13.4123,1.8750,0.4214
1978.7000,49.7411,0.0000,12.9105,1.8750,0.4214
1978.8000,49.7308,0.0000,12.6636,1.8750,0.4214
1978.9000,49.7197,0.0000,12.6350,1.8750,0.4214
1979.0000,49.7092,0.0000,12.5553,1.8750,0.4215
1979.1000,49.6976,0.0000,12.5206,1.8750,0.4215
1979.2000,49.6869,0.0000,12.3318,1.8750,0.4215
1979.3000,49.6739,0.0000,11.8456,1.8750,0.4216
1979.4000,49.6596,0.0000,11.1775,1.8750,0.4216
1979.5000,49.6416,0.0000,10.4698,1.8750,0.4216
1979.6000,49.6219,0.0000,9.8449,1.8750,0.4217
1979.7000,49.5992,0.0000,9.2660,1.8750,0.4217
1979.8000,49.5752,0.0000,9.0085,1.8750,0.4217
1979.9000,49.5507,0.0000,8.8880,1.8750,0.4218
1980.0000,49.5258,0.0000,8.6985,1.8750,0.4218
1980.1000,49.4999,0.0000,8.5351,1.8750,0.4218
1980.2000,49.4740,0.0000,8.4169,1.8750,0.4219
1980.3000,49.4472,0.0000,8.2321,1.8750,0.4219
1980.4000,49.4199,0.0000,7.9793,1.8750,0.4220
1980.5000,49.3914,0.0000,7.9608,1.8750,0.4220
1980.6000,49.3641,0.0000,8.3650,1.8750,0.4220
1980.7000,49.3387,0.0000,8.7908,1.8750,0.4221
1980.8000,49.3147,0.0000,8.9891,1.8750,0.4221
1980.9000,49.2909,0.0000,9.2044,1.8750,0.4222
1981.0000,49.2687,0.0000,9.4029,1.8750,0.4222
1981.1000,49.2465,0.0000,9.3696,1.8750,0.4222
1981.2000,49.2241,0.0000,9.5995,1.8750,0.4223
1981.3000,49.2038,0.0000,10.3611,1.8750,0.4223
1981.4000,49.1873,0.0000,11.2320,1.8750,0.4223
1981.5000,49.1737,0.0000,11.9214,1.8750,0.4224
1981.6000,49.1626,0.0000,12.4208,1.8750,0.4224
1981.7000,49.1529,0.0000,12.7312,1.8750,0.4224
1981.8000,49.1442,0.0000,12.8122,1.8750,0.4224
1981.9000,49.1352,0.0000,12.6499,1.8750,0.4225
1982.0000,49.1252,0.0000,12.3368,1.8750,0.4225
1982.1000,49.1138,0.0000,12.2795,1.8750,0.4225
1982.2000,49.1035,0.0000,12.4745,1.8750,0.4226
1982.3000,49.0937,0.0000,12.7534,1.8750,0.4226
1982.4000,49.0855,0.0000,13.3898,1.8750,0.4226
1982.5000,49.0806,0.0000,14.2285,1.8750,0.4226
1982.6000,49.0789,0.0000,14.7559,1.8750,0.4227
1982.7000,49.0781,0.0000,14.9327,1.8750,0.4227
1982.8000,49.0778,0.0000,15.0313,1.8750,0.4227
1982.9000,49.0777,0.0000,15.0379,1.8750,0.4227
1983.0000,49.0774,0.0000,14.8083,1.8750,0.4227
1983.1000,49.0756,0.0000,14.5024,1.8750,0.4228
1983.2000,49.0730,0.0000,14.4051,1.8750,0.4228
1983.3000,49.0704,0.0000,14.2504,1.8750,0.4228
1983.4000,49.0666,0.0000,13.9862,1.8750,0.4228
1983.5000,49.0620,0.0000,14.0861,1.8750,0.4229
1983.6000,49.0590,0.0000,14.4376,1.8750,0.4229
1983.7000,49.0571,0.0000,14.5306,1.8750,0.4229
1983.8000,49.0549,0.0000,14.6503,1.8750,0.4229
1983.9000,49.0539,0.0000,15.3032,1.8750,0.4230
1984.0000,49.0567,0.0000,16.1620,1.8750,0.4230
1984.1000,49.0623,0.0000,16.7261,1.8750,0.4230
1984.2000,49.0694,0.0000,17.3446,1.8750,0.4230
1984.3000,49.0798,0.0000,18.1859,1.8750,0.4230
1984.4000,49.0933,0.0000,18.5792,1.8750,0.4230
1984.5000,49.1066,0.0000,18.3564,1.8750,0.4230
1984.6000,49.1183,0.0000,17.9181,1.8750,0.4231
1984.7000,49.1282,0.0000,17.2697,1.8750,0.4231
1984.8000,49.1349,0.0000,16.1618,1.8750,0.4231
1984.9000,49.1362,0.0000,14.8539,1.8750,0.4231
1985.0000,49.1329,0.0000,13.7827,1.8750,0.4231
1985.1000,49.1260,0.0000,12.8484,1.8750,0.4232
1985.2000,49.1155,0.0000,12.0135,1.8750,0.4232
1985.3000,49.1022,0.0000,11.6067,1.8750,0.4232
1985.4000,49.0886,0.0000,11.3194,1.8750,0.4233
1985.5000,49.0732,0.0000,10.8697,1.8750,0.4233
1985.6000,49.0562,0.0000,10.5975,1.8750,0.4233
1985.7000,49.0388,0.0000,10.3400,1.8750,0.4234
1985.8000,49.0199,0.0000,9.7956,1.8750,0.4234
1985.9000,48.9984,0.0000,9.2266,1.8750,0.4234
1986.0000,48.9751,0.0000,8.9208,1.8750,0.4235
1986.1000,48.9513,0.0000,8.7625,1.8750,0.4235
1986.2000,48.9270,0.0000,8.5872,1.8750,0.4235
1986.3000,48.9019,0.0000,8.4245,1.8750,0.4236
1986.4000,48.8764,0.0000,8.4440,1.8750,0.4236
1986.5000,48.8515,0.0000,8.6693,1.8750,0.4237
1986.6000,48.8278,0.0000,9.0135,1.8750,0.4237
1986.7000,48.8057,0.0000,9.4758,1.8750,0.4237
1986.8000,48.7857,0.0000,10.1692,1.8750,0.4238
1986.9000,48.7691,0.0000,11.0199,1.8750,0.4238
1987.0000,48.7557,0.0000,11.7159,1.8750,0.4238
1987.1000,48.7445,0.0000,12.4060,1.8750,0.4239
1987.2000,48.7365,0.0000,13.1970,1.8750,0.4239
1987.3000,48.7314,0.0000,13.6894,1.8750,0.4239
1987.4000,48.7273,0.0000,13.8008,1.8750,0.4239
1987.5000,48.7231,0.0000,13.9772,1.8750,0.4240
1987.6000,48.7204,0.0000,14.0562,1.8750,0.4240
1987.7000,48.7168,0.0000,13.7853,1.8750,0.4240
1987.8000,48.7120,0.0000,13.3337,1.8750,0.4240
1987.9000,48.7049,0.0000,13.0846,1.8750,0.4241
1988.0000,48.6982,0.0000,13.0498,1.8750,0.4241
1988.1000,48.6909,0.0000,12.9301,1.8750,0.4241
1988.2000,48.6833,0.0000,12.8797,1.8750,0.4242
1988.3000,48.6757,0.0000,13.2896,1.8750,0.4242
1988.4000,48.6712,0.0000,13.8048,1.8750,0.4242
1988.5000,48.6676,0.0000,13.8835,1.8750,0.4242
1988.6000,48.6638,0.0000,13.8366,1.8750,0.4243
1988.7000,48.6599,0.0000,14.1788,1.8750,0.4243
1988.8000,48.6588,0.0000,14.5319,1.8750,0.4243
1988.9000,48.6575,0.0000,14.4121,1.8750,0.4243
1989.0000,48.6555,0.0000,14.2210,1.8750,0.4243
1989.1000,48.6528,0.0000,14.1766,1.8750,0.4244
1989.2000,48.6504,0.0000,13.9214,1.8750,0.4244
1989.3000,48.6458,0.0000,13.3437,1.8750,0.4244
1989.4000,48.6389,0.0000,12.7437,1.8750,0.4244
1989.5000,48.6296,0.0000,11.9946,1.8750,0.4245
1989.6000,48.6170,0.0000,11.3426,1.8750,0.4245
1989.7000,48.6027,0.0000,10.7529,1.8750,0.4245
1989.8000,48.5856,0.0000,10.2724,1.8750,0.4246
1989.9000,48.5676,0.0000,10.5517,1.8750,0.4246
1990.0000,48.5527,0.0000,11.5838,1.8750,0.4246
1990.1000,48.5428,0.0000,12.6611,1.8750,0.4247
1990.2000,48.5363,0.0000,13.8675,1.8750,0.4247
1990.3000,48.5359,0.0000,15.3775,1.8750,0.4247
1990.4000,48.5411,0.0000,16.3917,1.8750,0.4247
1990.5000,48.5485,0.0000,16.8429,1.8750,0.4248
1990.6000,48.5573,0.0000,17.0291,1.8750,0.4248
1990.7000,48.5661,0.0000,16.6500,1.8750,0.4248
1990.8000,48.5718,0.0000,15.8580,1.8750,0.4248
1990.9000,48.5744,0.0000,15.1387,1.8750,0.4248
1991.0000,48.5746,0.0000,14.4855,1.8750,0.4249
1991.1000,48.5721,0.0000,13.7932,1.8750,0.4249
1991.2000,48.5669,0.0000,13.4682,1.8750,0.4249
1991.3000,48.5619,0.0000,13.4845,1.8750,0.4249
1991.4000,48.5568,0.0000,13.5121,1.8750,0.4250
1991.5000,48.5521,0.0000,13.4535,1.8750,0.4250
1991.6000,48.5466,0.0000,13.3229,1.8750,0.4250
1991.7000,48.5409,0.0000,13.1620,1.8750,0.4250
1991.8000,48.5341,0.0000,12.7530,1.8750,0.4251
1991.9000,48.5253,0.0000,12.1266,1.8750,0.4251
1992.0000,48.5137,0.0000,11.6220,1.8750,0.4251
1992.1000,48.5009,0.0000,11.4458,1.8750,0.4252
1992.2000,48.4880,0.0000,11.5076,1.8750,0.4252
1992.3000,48.4758,0.0000,11.8507,1.8750,0.4252
1992.4000,48.4657,0.0000,12.3390,1.8750,0.4252
1992.5000,48.4573,0.0000,12.7282,1.8750,0.4253
1992.6000,48.4502,0.0000,12.8955,1.8750,0.4253
1992.7000,48.4431,0.0000,12.6216,1.8750,0.4253
1992.8000,48.4339,0.0000,11.9867,1.8750,0.4254
1992.9000,48.4220,0.0000,11.4024,1.8750,0.4254
1993.0000,48.4083,0.0000,10.9919,1.8750,0.4254
1993.1000,48.3932,0.0000,10.6933,1.8750,0.4255
1993.2000,48.3772,0.0000,10.7086,1.8750,0.4255
1993.3000,48.3622,0.0000,10.9333,1.8750,0.4255
1993.4000,48.3481,0.0000,11.1770,1.8750,0.4255
1993.5000,48.3351,0.0000,11.5496,1.8750,0.4256
1993.6000,48.3239,0.0000,12.2401,1.8750,0.4256
1993.7000,48.3164,0.0000,13.0351,1.8750,0.4256
1993.8000,48.3114,0.0000,13.4527,1.8750,0.4257
1993.9000,48.3072,0.0000,13.4185,1.8750,0.4257
1994.0000,48.3020,0.0000,13.1936,1.8750,0.4257
1994.1000,48.2960,0.0000,13.0047,1.8750,0.4257
1994.2000,48.2894,0.0000,12.9747,1.8750,0.4258
1994.3000,48.2832,0.0000,13.5115,1.8750,0.4258
1994.4000,48.2807,0.0000,14.5878,1.8750,0.4258
1994.5000,48.2830,0.0000,15.5524,1.8750,0.4258
1994.6000,48.2881,0.0000,16.2111,1.8750,0.4259
1994.7000,48.2955,0.0000,16.7783,1.8750,0.4259
1994.8000,48.3050,0.0000,17.2014,1.8750,0.4259
1994.9000,48.3156,0.0000,17.6125,1.8750,0.4259
1995.0000,48.3283,0.0000,18.1866,1.8750,0.4259
1995.1000,48.3433,0.0000,18.4506,1.8750,0.4259
1995.2000,48.3580,0.0000,18.3989,1.8750,0.4259
1995.3000,48.3726,0.0000,18.3620,1.8750,0.4260
1995.4000,48.3868,0.0000,18.1349,1.8750,0.4260
1995.5000,48.3996,0.0000,17.7052,1.8750,0.4260
1995.6000,48.4104,0.0000,17.5415,1.8750,0.4260
1995.7000,48.4218,0.0000,17.4743,1.8750,0.4260
1995.8000,48.4321,0.0000,17.0330,1.8750,0.4260
1995.9000,48.4400,0.0000,16.5806,1.8750,0.4261
1996.0000,48.4467,0.0000,16.4424,1.8750,0.4261
1996.1000,48.4536,0.0000,16.4787,1.8750,0.4261
1996.2000,48.4605,0.0000,16.6999,1.8750,0.4261
1996.3000,48.4690,0.0000,17.2607,1.8750,0.4261
1996.4000,48.4803,0.0000,17.9001,1.8750,0.4261
1996.5000,48.4937,0.0000,18.1162,1.8750,0.4262
1996.6000,48.5066,0.0000,17.8679,1.8750,0.4262
1996.7000,48.5180,0.0000,17.3325,1.8750,0.4262
1996.8000,48.5267,0.0000,16.8101,1.8750,0.4262
1996.9000,48.5340,0.0000,16.4353,1.8750,0.4262
1997.0000,48.5398,0.0000,16.3059,1.8750,0.4262
1997.1000,48.5460,0.0000,16.5615,1.8750,0.4263
1997.2000,48.5537,0.0000,16.8572,1.8750,0.4263
1997.3000,48.5623,0.0000,16.7442,1.8750,0.4263
1997.4000,48.5690,0.0000,16.5121,1.8750,0.4263
1997.5000,48.5757,0.0000,16.6068,1.8750,0.4263
1997.6000,48.5832,0.0000,16.5085,1.8750,0.4263
1997.7000,48.5891,0.0000,16.2627,1.8750,0.4264
1997.8000,48.5946,0.0000,16.4695,1.8750,0.4264
1997.9000,48.6021,0.0000,16.7191,1.8750,0.4264
1998.0000,48.6095,0.0000,16.5709,1.8750,0.4264
1998.1000,48.6158,0.0000,16.5000,1.8750,0.4264
1998.2000,48.6227,0.0000,16.5906,1.8750,0.4265
1998.3000,48.6296,0.0000,16.4010,1.8750,0.4265
1998.4000,48.6350,0.0000,15.7725,1.8750,0.4265
1998.5000,48.6370,0.0000,14.8070,1.8750,0.4265
1998.6000,48.6349,0.0000,13.6874,1.8750,0.4265
1998.7000,48.6283,0.0000,12.6274,1.8750,0.4266
1998.8000,48.6179,0.0000,11.9524,1.8750,0.4266
1998.9000,48.6061,0.0000,12.1890,1.8750,0.4266
1999.0000,48.5976,0.0000,13.3215,1.8750,0.4267
1999.1000,48.5946,0.0000,14.7641,1.8750,0.4267
1999.2000,48.5973,0.0000,16.0500,1.8750,0.4267
1999.3000,48.6043,0.0000,16.8877,1.8750,0.4267
1999.4000,48.6136,0.0000,17.2876,1.8750,0.4267
1999.5000,48.6236,0.0000,17.3234,1.8750,0.4267
1999.6000,48.6331,0.0000,17.1841,1.8750,0.4268
1999.7000,48.6420,0.0000,17.3413,1.8750,0.4268
1999.8000,48.6526,0.0000,17.6886,1.8750,0.4268
1999.9000,48.6642,0.0000,17.7226,1.8750,0.4268
2000.0000,48.6750,0.0000,17.7392,1.8750,0.4268
2000.1000,48.6866,0.0000,17.9894,1.8750,0.4268
2000.2000,48.6993,0.0000,18.2304,1.8750,0.4268
2000.3000,48.7128,0.0000,18.5688,1.8750,0.4269
2000.4000,48.7281,0.0000,19.0017,1.8750,0.4269
2000.5000,48.7448,0.0000,19.3625,1.8750,0.4269
2000.6000,48.7628,0.0000,19.5764,1.8750,0.4269
2000.7000,48.7810,0.0000,19.6153,1.8750,0.4269
2000.8000,48.7992,0.0000,19.6384,1.8750,0.4269
2000.9000,48.8176,0.0000,19.8769,1.8750,0.4269
2001.0000,48.8375,0.0000,19.9897,1.8750,0.4269
2001.1000,48.8566,0.0000,19.9110,1.8750,0.4269
2001.2000,48.8758,0.0000,19.7307,1.8750,0.4270
2001.3000,48.8935,0.0000,19.3148,1.8750,0.4270
2001.4000,48.9094,0.0000,18.7849,1.8750,0.4270
2001.5000,48.9228,0.0000,18.4928,1.8750,0.4270
2001.6000,48.9364,0.0000,18.4018,1.8750,0.4270
2001.7000,48.9491,0.0000,18.3198,1.8750,0.4270
2001.8000,48.9620,0.0000,18.3174,1.8750,0.4270
2001.9000,48.9746,0.0000,18.0708,1.8750,0.4270
2002.0000,48.9855,0.0000,17.4396,1.8750,0.4271
2002.1000,48.9932,0.0000,16.6887,1.8750,0.4271
2002.2000,48.9983,0.0000,15.9581,1.8750,0.4271
2002.3000,49.0003,0.0000,15.1818,1.8750,0.4271
2002.4000,48.9994,0.0000,14.7016,1.8750,0.4271
2002.5000,48.9977,0.0000,14.5784,1.8750,0.4272
2002.6000,48.9959,0.0000,14.6040,1.8750,0.4272
2002.7000,48.9944,0.0000,14.9177,1.8750,0.4272
2002.8000,48.9950,0.0000,15.5916,1.8750,0.4272
2002.9000,48.9987,0.0000,16.3224,1.8750,0.4272
2003.0000,49.0049,0.0000,16.9454,1.8750,0.4273
2003.1000,49.0134,0.0000,17.4637,1.8750,0.4273
2003.2000,49.0236,0.0000,17.7065,1.8750,0.4273
2003.3000,49.0339,0.0000,17.5586,1.8750,0.4273
2003.4000,49.0428,0.0000,17.1249,1.8750,0.4273
2003.5000,49.0498,0.0000,16.5983,1.8750,0.4273
2003.6000,49.0546,0.0000,16.1957,1.8750,0.4274
2003.7000,49.0584,0.0000,15.9335,1.8750,0.4274
2003.8000,49.0613,0.0000,15.6894,1.8750,0.4274
2003.9000,49.0632,0.0000,15.4775,1.8750,0.4274
2004.0000,49.0644,0.0000,15.1142,1.8750,0.4274
2004.1000,49.0635,0.0000,14.3416,1.8750,0.4275
2004.2000,49.0588,0.0000,13.4305,1.8750,0.4275
2004.3000,49.0509,0.0000,12.4921,1.8750,0.4275
2004.4000,49.0389,0.0000,11.7564,1.8750,0.4276
2004.5000,49.0254,0.0000,11.6090,1.8750,0.4276
2004.6000,49.0124,0.0000,11.8569,1.8750,0.4276
2004.7000,49.0009,0.0000,12.1351,1.8750,0.4276
2004.8000,48.9901,0.0000,12.6118,1.8750,0.4277
2004.9000,48.9823,0.0000,13.1409,1.8750,0.4277
2005.0000,48.9755,0.0000,13.5491,1.8750,0.4277
2005.1000,48.9709,0.0000,14.0528,1.8750,0.4277
2005.2000,48.9681,0.0000,14.6381,1.8750,0.4278
2005.3000,48.9680,0.0000,15.1166,1.8750,0.4278
2005.4000,48.9689,0.0000,15.5358,1.8750,0.4278
2005.5000,48.9720,0.0000,15.9340,1.8750,0.4278
2005.6000,48.9759,0.0000,16.2182,1.8750,0.4279
2005.7000,48.9812,0.0000,2.5832,1.8750,0.4279
2005.8000,48.8800,0.0000,-24.9188,1.8750,0.4280
2005.9000,48.6731,0.0000,-52.2469,1.8750,0.4282
2006.0000,48.3595,0.0000,-79.3757,1.8750,0.4284
2006.1000,47.9388,0.0000,-106.0416,1.8750,0.4287
2006.2000,47.4107,0.0000,-118.5114,1.8750,0.4289
2006.3000,46.8825,0.0000,-117.3322,1.8750,0.4291
2006.4000,46.3543,0.0000,-116.1482,1.8750,0.4293
2006.5000,45.8262,0.0000,-114.9596,1.8750,0.4296
2006.6000,45.2980,0.0000,-113.7663,1.8750,0.4298
2006.7000,44.7699,0.0000,-112.5684,1.8750,0.4300
2006.8000,44.2417,0.0000,-111.3660,1.8750,0.4302
2006.9000,43.7136,0.0000,-110.1591,1.8750,0.4305
2007.0000,43.1854,0.0000,-108.9479,1.8750,0.4307
2007.1000,42.6572,0.0000,-107.7322,1.8750,0.4309
2007.2000,42.1291,0.0000,-106.5123,1.8750,0.4311
2007.3000,41.6009,0.0000,-105.2881,1.8750,0.4314
2007.4000,41.0728,0.0000,-104.0596,1.8750,0.4316
2007.5000,40.5446,0.0000,-102.8271,1.8750,0.4318
2007.6000,40.0165,0.0000,-101.5904,1.8750,0.4320
2007.7000,39.4883,0.0000,-100.3497,1.8750,0.4323
2007.8000,38.9601,0.0000,-99.1050,1.8750,0.4325
2007.9000,38.4320,0.0000,-97.8564,1.8750,0.4327
2008.0000,37.9038,0.0000,-96.6038,1.8750,0.4329
2008.1000,37.3757,0.0000,-95.3475,1.8750,0.4332
2008.2000,36.8475,0.0000,-94.0873,1.8750,0.4334
2008.3000,36.3194,0.0000,-92.8235,1.8750,0.4336
2008.4000,35.7912,0.0000,-91.5560,1.8750,0.4338
2008.5000,35.2630,0.0000,-90.2848,1.8750,0.4341
2008.6000,34.7349,0.0000,-89.0101,1.8750,0.4343
2008.7000,34.2067,0.0000,-87.7319,1.8750,0.4345
2008.8000,33.6786,0.0000,-86.4502,1.8750,0.4347
2008.9000,33.1504,0.0000,-85.1651,1.8750,0.4350
2009.0000,32.6222,0.0000,-83.8767,1.8750,0.4352
2009.1000,32.0941,0.0000,-82.5850,1.8750,0.4354
2009.2000,31.5659,0.0000,-81.2900,1.8750,0.4356
2009.3000,31.0378,0.0000,-79.9918,1.8750,0.4359
2009.4000,30.5096,0.0000,-78.6905,1.8750,0.4361
2009.5000,29.9815,0.0000,-77.3861,1.8750,0.4363
2009.6000,29.4533,0.0000,-76.0787,1.8750,0.4365
2009.7000,28.9251,0.0000,-74.7683,1.8750,0.4368
2009.8000,28.3970,0.0000,-73.4550,1.8750,0.4370
2009.9000,27.8688,0.0000,-72.1388,1.8750,0.4372
2010.0000,27.3407,0.0000,-70.8198,1.8750,0.4374
2010.1000,26.8125,0.0000,-69.4981,1.8750,0.4376
2010.2000,26.2844,0.0000,-68.1736,1.8750,0.4378
2010.3000,25.7562,0.0000,-66.8465,1.8750,0.4380
2010.4000,25.2280,0.0000,-65.5167,1.8750,0.4383
2010.5000,24.6999,0.0000,-64.1845,1.8750,0.4385
2010.6000,24.1717,0.0000,-62.8497,1.8750,0.4386
2010.7000,23.6436,0.0000,-61.5125,1.8750,0.4388
2010.8000,23.1154,0.0000,-60.1728,1.8750,0.4390
2010.9000,22.5873,0.0000,-58.8309,1.8750,0.4392
2011.0000,22.0591,0.0000,-57.4867,1.8750,0.4394
2011.1000,21.5309,0.0000,-56.1402,1.8750,0.4396
2011.2000,21.0028,0.0000,-54.7916,1.8750,0.4398
2011.3000,20.4746,0.0000,-53.4408,1.8750,0.4399
2011.4000,19.9465,0.0000,-52.0880,1.8750,0.4401
2011.5000,19.4183,0.0000,-50.7331,1.8750,0.4403
2011.6000,18.8901,0.0000,-49.3763,1.8750,0.4404
2011.7000,18.3620,0.0000,-48.0176,1.8750,0.4406
2011.8000,17.8338,0.0000,-46.6570,1.8750,0.4408
2011.9000,17.3057,0.0000,-45.2947,1.8750,0.4409
2012.0000,16.7775,0.0000,-43.9305,1.8750,0.4411
2012.1000,16.2494,0.0000,-42.5647,1.8750,0.4412
2012.2000,15.7212,0.0000,-41.1972,1.8750,0.4414
2012.3000,15.1930,0.0000,-39.8282,1.8750,0.4415
2012.4000,14.6649,0.0000,-38.4576,1.8750,0.4417
2012.5000,14.1367,0.0000,-37.0855,1.8750,0.4418
2012.6000,13.6086,0.0000,-35.7120,1.8750,0.4419
2012.7000,13.0804,0.0000,-34.3372,1.8750,0.4421
2012.8000,12.5523,0.0000,-32.9610,1.8750,0.4422
2012.9000,12.0241,0.0000,-31.5835,1.8750,0.4423
2013.0000,11.4959,0.0000,-30.2048,1.8750,0.4424
2013.1000,10.9678,0.0000,-28.8250,1.8750,0.4426
2013.2000,10.4396,0.0000,-27.4440,1.8750,0.4427
2013.3000,9.9115,0.0000,-26.0620,1.8750,0.4428
2013.4000,9.3833,0.0000,-24.6790,1.8750,0.4429
2013.5000,8.8552,0.0000,-23.2951,1.8750,0.4430
2013.6000,8.3270,0.0000,-21.9102,1.8750,0.4431
2013.7000,7.7988,0.0000,-20.0023,1.8750,0.4432
2013.8000,7.2960,0.0000,-17.7387,1.8750,0.4433
2013.9000,6.8184,0.0000,-15.6671,1.8750,0.4434
2014.0000,6.3661,0.0000,-13.7775,1.8750,0.4435
2014.1000,5.9391,0.0000,-11.9980,1.8750,0.4435
2014.2000,5.5413,0.0000,-10.6260,1.8750,0.4436
2014.3000,5.1531,0.0000,-9.5487,1.8750,0.4437
2014.4000,4.7798,0.0000,-8.4197,1.8750,0.4437
2014.5000,4.4263,0.0000,-7.2820,1.8750,0.4438
2014.6000,4.0970,0.0000,-6.2120,1.8750,0.4439
2014.7000,3.7922,0.0000,-5.2768,1.8750,0.4439
2014.8000,3.5101,0.0000,-4.4788,1.8750,0.4440
2014.9000,3.2490,0.0000,-3.7983,1.8750,0.4441
2015.0000,3.0073,0.0000,-3.2181,1.8750,0.4441
2015.1000,2.7836,0.0000,-2.7237,1.8750,0.4442
2015.2000,2.5765,0.0000,-2.3026,1.8750,0.4443
2015.3000,2.3848,0.0000,-1.9441,1.8750,0.4443
2015.4000,2.2074,0.0000,-1.6390,1.8750,0.4444
2015.5000,2.0432,0.0000,-1.3797,1.8750,0.4444
2015.6000,1.8912,0.0000,-1.1593,1.8750,0.4445
2015.7000,1.7505,0.0000,-0.9722,1.8750,0.4446
2015.8000,1.6203,0.0000,-0.8134,1.8750,0.4446
2015.9000,1.4997,0.0000,-0.6789,1.8750,0.4447
2016.0000,1.3882,0.0000,-0.5649,1.8750,0.4448
2016.1000,1.2849,0.0000,-0.4685,1.8750,0.4448
2016.2000,1.1893,0.0000,-0.3871,1.8750,0.4449
2016.3000,1.1008,0.0000,-0.3184,1.8750,0.4449
2016.4000,1.0189,0.0000,-0.2605,1.8750,0.4450
2016.5000,0.9431,0.0000,-0.2118,1.8750,0.4451
2016.6000,0.8730,0.0000,-0.1710,1.8750,0.4451
2016.7000,0.8080,0.0000,-0.1368,1.8750,0.4452
2016.8000,0.7479,0.0000,-0.1082,1.8750,0.4453
2016.9000,0.6923,0.0000,-0.0843,1.8750,0.4453
2017.0000,0.6408,0.0000,-0.0645,1.8750,0.4454
2017.1000,0.5931,0.0000,-0.0482,1.8750,0.4454
2017.2000,0.5490,0.0000,-0.0346,1.8750,0.4455
2017.3000,0.5082,0.0000,-0.0236,1.8750,0.4456
2017.4000,0.4704,0.0000,-0.0145,1.8750,0.4456
2017.5000,0.4354,0.0000,-0.0072,1.8750,0.4457
2017.6000,0.4030,0.0000,-0.0013,1.8750,0.4458
2017.7000,0.3730,0.0000,0.0034,1.8750,0.4458
2017.8000,0.3452,0.0000,0.0070,1.8750,0.4459
2017.9000,0.3196,0.0000,0.0099,1.8750,0.4459
2018.0000,0.2958,0.0000,0.0120,1.8750,0.4460
2018.1000,0.2738,0.0000,0.0136,1.8750,0.4461
2018.2000,0.2534,0.0000,0.0147,1.8750,0.4461
2018.3000,0.2346,0.0000,0.0154,1.8750,0.4462
2018.4000,0.2171,0.0000,0.0158,1.8750,0.4463
2018.5000,0.2010,0.0000,-0.0830,1.8750,0.4463
2018.6000,0.0000,0.0000,-0.0000,1.8750,0.4464
2018.7000,0.0000,0.0000,0.0000,1.8750,0.4464
2018.8000,0.0000,0.0000,0.0000,1.8750,0.4465
2018.9000,0.0000,0.0000,0.0000,1.8750,0.4466
2019.0000,0.0000,0.0000,0.0000,1.8750,0.4466
2019.1000,0.0000,0.0000,0.0000,1.8750,0.4467
2019.2000,0.0000,0.0000,0.0000,1.8750,0.4468
2019.3000,0.0000,0.0000,0.0000,1.8750,0.4468
2019.4000,0.0000,0.0000,0.0000,1.8750,0.4469
2019.5000,0.0000,0.0000,0.0000,1.8750,0.4469
2019.6000,0.0000,0.0000,0.0000,1.8750,0.4470
2019.7000,0.0000,0.0000,0.0000,1.8750,0.4471
2019.8000,0.0000,0.0000,0.0000,1.8750,0.4471
2019.9000,0.0000,0.0000,0.0000,1.8750,0.4472
2020.0000,0.0000,0.0000,0.0000,1.8750,0.4473
2020.1000,0.0000,0.0000,0.0000,1.8750,0.4473
2020.2000,0.0000,0.0000,0.0000,1.8750,0.4474
2020.3000,0.0000,0.0000,0.0000,1.8750,0.4474
2020.4000,0.0000,0.0000,0.0000,1.8750,0.4475
2020.5000,0.0000,0.0000,0.0000,1.8750,0.4476
2020.6000,0.0000,0.0000,0.0000,1.8750,0.4476
2020.7000,0.0000,0.0000,0.0000,1.8750,0.4477
2020.8000,0.0000,0.0000,0.0000,1.8750,0.4478
2020.9000,0.0000,0.0000,0.0000,1.8750,0.4478
2021.0000,0.0000,0.0000,0.0000,1.8750,0.4479
2021.1000,0.0000,0.0000,0.0000,1.8750,0.4479
2021.2000,0.0000,0.0000,0.0000,1.8750,0.4480
2021.3000,0.0000,0.0000,0.0000,1.8750,0.4481
2021.4000,0.0000,0.0000,0.0000,1.8750,0.4481
2021.5000,0.0000,0.0000,0.0000,1.8750,0.4482
2021.6000,0.0000,0.0000,0.0000,1.8750,0.4483
2021.7000,0.0000,0.0000,0.0000,1.8750,0.4483
2021.8000,0.0000,0.0000,0.0000,1.8750,0.4484
2021.9000,0.0000,0.0000,0.0000,1.8750,0.4484
2022.0000,0.0000,0.0000,0.0000,1.8750,0.4485
2022.1000,0.0000,0.0000,0.0000,1.8750,0.4486
2022.2000,0.0000,0.0000,0.0000,1.8750,0.4486
2022.3000,0.0000,0.0000,0.0000,1.8750,0.4487
2022.4000,0.0000,0.0000,0.0000,1.8750,0.4488
2022.5000,0.0000,0.0000,0.0000,1.8750,0.4488
2022.6000,0.0000,0.0000,0.0000,1.8750,0.4489
2022.7000,0.0000,0.0000,0.0000,1.8750,0.4489
2022.8000,0.0000,0.0000,0.0000,1.8750,0.4490
2022.9000,0.0000,0.0000,0.0000,1.8750,0.4491
2023.0000,0.0000,0.0000,0.0000,1.8750,0.4491
2023.1000,0.0000,0.0000,0.0000,1.8750,0.4492
2023.2000,0.0000,0.0000,0.0000,1.8750,0.4493
2023.3000,0.0000,0.0000,0.0000,1.8750,0.4493
2023.4000,0.0000,0.0000,0.0000,1.8750,0.4494
2023.5000,0.0000,0.0000,0.0000,1.8750,0.4494
2023.6000,0.0000,0.0000,0.0000,1.8750,0.4495
2023.7000,0.0000,0.0000,0.0000,1.8750,0.4496
2023.8000,0.0000,0.0000,0.0000,1.8750,0.4496
2023.9000,0.0000,0.0000,0.0000,1.8750,0.4497
2024.0000,0.0000,0.0000,0.0000,1.8750,0.4498
2024.1000,0.0000,0.0000,0.0000,1.8750,0.4498
2024.2000,0.0000,0.0000,0.0000,1.8750,0.4499
2024.3000,0.0000,0.0000,0.0000,1.8750,0.4499
2024.4000,0.0000,0.0000,0.0000,1.8750,0.4500
2024.5000,0.0000,0.0000,0.0000,1.8750,0.4501
2024.6000,0.0000,0.0000,0.0000,1.8750,0.4501
2024.7000,0.0000,0.0000,0.0000,1.8750,0.4502
2024.8000,0.0000,0.0000,0.0000,1.8750,0.4503
2024.9000,0.0000,0.0000,0.0000,1.8750,0.4503
2025.0000,0.0000,0.0000,0.0000,1.8750,0.4504
2025.1000,0.0000,0.0000,0.0000,1.8750,0.4504
2025.2000,0.0000,0.0000,0.0000,1.8750,0.4505
2025.3000,0.0000,0.0000,0.0000,1.8750,0.4506
2025.4000,0.0000,0.0000,0.0000,1.8750,0.4506
2025.5000,0.0000,0.0000,0.0000,1.8750,0.4507
2025.6000,0.0000,0.0000,0.0000,1.8750,0.4508
2025.7000,0.0000,0.0000,0.0000,1.8750,0.4508
2025.8000,0.0000,0.0000,0.0000,1.8750,0.4509
2025.9000,0.0000,0.0000,0.0000,1.8750,0.4509
2026.0000,0.0000,0.0000,0.0000,1.8750,0.4510
2026.1000,0.0000,0.0000,0.0000,1.8750,0.4511
2026.2000,0.0000,0.0000,0.0000,1.8750,0.4511
2026.3000,0.0000,0.0000,0.0000,1.8750,0.4512
2026.4000,0.0000,0.0000,0.0000,1.8750,0.4513
2026.5000,0.0000,0.0000,0.0000,1.8750,0.4513
2026.6000,0.0000,0.0000,0.0000,1.8750,0.4514
2026.7000,0.0000,0.0000,0.0000,1.8750,0.4514
2026.8000,0.0000,0.0000,0.0000,1.8750,0.4515
2026.9000,0.0000,0.0000,0.0000,1.8750,0.4516
2027.0000,0.0000,0.0000,0.0000,1.8750,0.4516
2027.1000,0.0000,0.0000,0.0000,1.8750,0.4517
2027.2000,0.0000,0.0000,0.0000,1.8750,0.4518
2027.3000,0.0000,0.0000,0.0000,1.8750,0.4518
2027.4000,0.0000,0.0000,0.0000,1.8750,0.4519
2027.5000,0.0000,0.0000,0.0000,1.8750,0.4519
2027.6000,0.0000,0.0000,0.0000,1.8750,0.4520
2027.7000,0.0000,0.0000,0.0000,1.8750,0.4521
2027.8000,0.0000,0.0000,0.0000,1.8750,0.4521
2027.9000,0.0000,0.0000,0.0000,1.8750,0.4522
2028.0000,0.0000,0.0000,0.0000,1.8750,0.4523
2028.1000,0.0000,0.0000,0.0000,1.8750,0.4523
2028.2000,0.0000,0.0000,0.0000,1.8750,0.4524
2028.3000,0.0000,0.0000,0.0000,1.8750,0.4524
2028.4000,0.0000,0.0000,0.0000,1.8750,0.4525
2028.5000,0.0000,0.0000,0.0000,1.8750,0.4526
2028.6000,0.0000,0.0000,0.0000,1.8750,0.4526
2028.7000,0.0000,0.0000,0.0000,1.8750,0.4527
2028.8000,0.0000,0.0000,0.0000,1.8750,0.4528
2028.9000,0.0000,0.0000,0.0000,1.8750,0.4528
2029.0000,0.0000,0.0000,0.0000,1.8750,0.4529
2029.1000,0.0000,0.0000,0.0000,1.8750,0.4529
2029.2000,0.0000,0.0000,0.0000,1.8750,0.4530
2029.3000,0.0000,0.0000,0.0000,1.8750,0.4531
2029.4000,0.0000,0.0000,0.0000,1.8750,0.4531
2029.5000,0.0000,0.0000,0.0000,1.8750,0.4532
2029.6000,0.0000,0.0000,0.0000,1.8750,0.4533
2029.7000,0.0000,0.0000,0.0000,1.8750,0.4533
2029.8000,0.0000,0.0000,0.0000,1.8750,0.4534
2029.9000,0.0000,0.0000,0.0000,1.8750,0.4534
2030.0000,0.0000,0.0000,0.0000,1.8750,0.4535
2030.1000,0.0000,0.0000,0.0000,1.8750,0.4536
2030.2000,0.0000,0.0000,0.0000,1.8750,0.4536
2030.3000,0.0000,0.0000,0.0000,1.8750,0.4537
2030.4000,0.0000,0.0000,0.0000,1.8750,0.4538
2030.5000,0.0000,0.0000,0.0000,1.8750,0.4538
2030.6000,0.0000,0.0000,0.0000,1.8750,0.4539
2030.7000,0.0000,0.0000,0.0000,1.8750,0.4539
2030.8000,0.0000,0.0000,0.0000,1.8750,0.4540
2030.9000,0.0000,0.0000,0.0000,1.8750,0.4541
2031.0000,0.0000,0.0000,0.0000,1.8750,0.4541
2031.1000,0.0000,0.0000,0.0000,1.8750,0.4542
2031.2000,0.0000,0.0000,0.0000,1.8750,0.4543
2031.3000,0.0000,0.0000,0.0000,1.8750,0.4543
2031.4000,0.0000,0.0000,0.0000,1.8750,0.4544
2031.5000,0.0000,0.0000,0.0000,1.8750,0.4544
2031.6000,0.0000,0.0000,0.0000,1.8750,0.4545
2031.7000,0.0000,0.0000,0.0000,1.8750,0.4546
2031.8000,0.0000,0.0000,0.0000,1.8750,0.4546
2031.9000,0.0000,0.0000,0.0000,1.8750,0.4547
2032.0000,0.0000,0.0000,0.0000,1.8750,0.4548
2032.1000,0.0000,0.0000,0.0000,1.8750,0.4548
2032.2000,0.0000,0.0000,0.0000,1.8750,0.4549
2032.3000,0.0000,0.0000,0.0000,1.8750,0.4549
2032.4000,0.0000,0.0000,0.0000,1.8750,0.4550
2032.5000,0.0000,0.0000,0.0000,1.8750,0.4551
2032.6000,0.0000,0.0000,0.0000,1.8750,0.4551
2032.7000,0.0000,0.0000,0.0000,1.8750,0.4552
2032.8000,0.0000,0.0000,0.0000,1.8750,0.4553
2032.9000,0.0000,0.0000,0.0000,1.8750,0.4553
2033.0000,0.0000,0.0000,0.0000,1.8750,0.4554
2033.1000,0.0000,0.0000,0.0000,1.8750,0.4554
2033.2000,0.0000,0.0000,0.0000,1.8750,0.4555
2033.3000,0.0000,0.0000,0.0000,1.8750,0.4556
2033.4000,0.0000,0.0000,0.0000,1.8750,0.4556
2033.5000,0.0000,0.0000,0.0000,1.8750,0.4557
2033.6000,0.0000,0.0000,0.0000,1.8750,0.4558
2033.7000,0.0000,0.0000,0.0000,1.8750,0.4558
2033.8000,0.0000,0.0000,0.0000,1.8750,0.4559
2033.9000,0.0000,0.0000,0.0000,1.8750,0.4559
2034.0000,0.0000,0.0000,0.0000,1.8750,0.4560
2034.1000,0.0000,0.0000,0.0000,1.8750,0.4561
2034.2000,0.0000,0.0000,0.0000,1.8750,0.4561
2034.3000,0.0000,0.0000,0.0000,1.8750,0.4562
2034.4000,0.0000,0.0000,0.0000,1.8750,0.4563
2034.5000,0.0000,0.0000,0.0000,1.8750,0.4563
2034.6000,0.0000,0.0000,0.0000,1.8750,0.4564
2034.7000,0.0000,0.0000,0.0000,1.8750,0.4564
2034.8000,0.0000,0.0000,0.0000,1.8750,0.4565
2034.9000,0.0000,0.0000,0.0000,1.8750,0.4566
2035.0000,0.0000,0.0000,0.0000,1.8750,0.4566
2035.1000,0.0000,0.0000,0.0000,1.8750,0.4567
2035.2000,0.0000,0.0000,0.0000,1.8750,0.4568
2035.3000,0.0000,0.0000,0.0000,1.8750,0.4568
2035.4000,0.0000,0.0000,0.0000,1.8750,0.4569
2035.5000,0.0000,0.0000,0.0000,1.8750,0.4569
2035.6000,0.0000,0.0000,0.0000,1.8750,0.4570
2035.7000,0.0000,0.0000,0.0000,1.8750,0.4571
2035.8000,0.0000,0.0000,0.0000,1.8750,0.4571
2035.9000,0.0000,0.0000,0.0000,1.8750,0.4572
2036.0000,0.0000,0.0000,0.0000,1.8750,0.4573
2036.1000,0.0000,0.0000,0.0000,1.8750,0.4573
2036.2000,0.0000,0.0000,0.0000,1.8750,0.4574
2036.3000,0.0000,0.0000,0.0000,1.8750,0.4574
2036.4000,0.0000,0.0000,0.0000,1.8750,0.4575
2036.5000,0.0000,0.0000,0.0000,1.8750,0.4576
2036.6000,0.0000,0.0000,0.0000,1.8750,0.4576
2036.7000,0.0000,0.0000,0.0000,1.8750,0.4577
2036.8000,0.0000,0.0000,0.0000,1.8750,0.4578
2036.9000,0.0000,0.0000,0.0000,1.8750,0.4578
2037.0000,0.0000,0.0000,0.0000,1.8750,0.4579
2037.1000,0.0000,0.0000,0.0000,1.8750,0.4579
2037.2000,0.0000,0.0000,0.0000,1.8750,0.4580
2037.3000,0.0000,0.0000,0.0000,1.8750,0.4581
2037.4000,0.0000,0.0000,0.0000,1.8750,0.4581
2037.5000,0.0000,0.0000,0.0000,1.8750,0.4582
2037.6000,0.0000,0.0000,0.0000,1.8750,0.4583
2037.7000,0.0000,0.0000,0.0000,1.8750,0.4583
2037.8000,0.0000,0.0000,0.0000,1.8750,0.4584
2037.9000,0.0000,0.0000,0.0000,1.8750,0.4584
2038.0000,0.0000,0.0000,0.0000,1.8750,0.4585
2038.1000,0.0000,0.0000,0.0000,1.8750,0.4586
2038.2000,0.0000,0.0000,0.0000,1.8750,0.4586
2038.3000,0.0000,0.0000,0.0000,1.8750,0.4587
2038.4000,0.0000,0.0000,0.0000,1.8750,0.4588
2038.5000,0.0000,0.0000,0.0000,1.8750,0.4588
2038.6000,0.0000,0.0000,0.0000,1.8750,0.4589
2038.7000,0.0000,0.0000,0.0000,1.8750,0.4590
2038.8000,0.0000,0.0000,0.0000,1.8750,0.4590
2038.9000,0.0000,0.0000,0.0000,1.8750,0.4591
2039.0000,0.0000,0.0000,0.0000,1.8750,0.4591
2039.1000,0.0000,0.0000,0.0000,1.8750,0.4592
2039.2000,0.0000,0.0000,0.0000,1.8750,0.4593
2039.3000,0.0000,0.0000,0.0000,1.8750,0.4593
2039.4000,0.0000,0.0000,0.0000,1.8750,0.4594
2039.5000,0.0000,0.0000,0.0000,1.8750,0.4595
2039.6000,0.0000,0.0000,0.0000,1.8750,0.4595
2039.7000,0.0000,0.0000,0.0000,1.8750,0.4596
2039.8000,0.0000,0.0000,0.0000,1.8750,0.4596
2039.9000,0.0000,0.0000,0.0000,1.8750,0.4597
2040.0000,0.0000,0.0000,0.0000,1.8750,0.4598
2040.1000,0.0000,0.0000,0.0000,1.8750,0.4598
2040.2000,0.0000,0.0000,0.0000,1.8750,0.4599
2040.3000,0.0000,0.0000,0.0000,1.8750,0.4600
2040.4000,0.0000,0.0000,0.0000,1.8750,0.4600
2040.5000,0.0000,0.0000,0.0000,1.8750,0.4601
2040.6000,0.0000,0.0000,0.0000,1.8750,0.4601
2040.7000,0.2628,0.0000,0.4083,1.8750,0.4602
2040.8000,0.5256,0.0000,0.9386,1.8750,0.4602
2040.9000,0.8760,0.0000,1.9708,1.8750,0.4603
2041.0000,1.3140,0.0000,3.2611,1.8750,0.4603
2041.1000,1.7520,0.0000,4.3481,1.8750,0.4604
2041.2000,2.1900,0.0000,5.4352,1.8750,0.4604
2041.3000,2.6280,0.0000,6.5223,1.8750,0.4605
2041.4000,3.0659,0.0000,7.6092,1.8750,0.4605
2041.5000,3.5038,0.0000,8.6961,1.8750,0.4605
2041.6000,3.9417,0.0000,9.7827,1.8750,0.4605
2041.7000,4.3796,0.0000,10.8690,1.8750,0.4606
2041.8000,4.8173,0.0000,11.9549,1.8750,0.4606
2041.9000,5.2550,0.0000,13.0402,1.8750,0.4606
2042.0000,5.6926,0.0000,14.1248,1.8750,0.4606
2042.1000,6.1301,0.0000,15.2086,1.8750,0.4606
2042.2000,6.5675,0.0000,16.2913,1.8750,0.4607
2042.3000,7.0048,0.0000,17.3728,1.8750,0.4607
2042.4000,7.4418,0.0000,18.4529,1.8750,0.4607
2042.5000,7.8787,0.0000,19.5314,1.8750,0.4607
2042.6000,8.3154,0.0000,20.6079,1.8750,0.4607
2042.7000,8.7519,0.0000,21.6824,1.8750,0.4607
2042.8000,9.1881,0.0000,22.7544,1.8750,0.4607
2042.9000,9.6240,0.0000,23.8238,1.8750,0.4606
2043.0000,10.0596,0.0000,24.8903,1.8750,0.4606
2043.1000,10.4949,0.0000,25.9534,1.8750,0.4606
2043.2000,10.9299,0.0000,27.0130,1.8750,0.4606
2043.3000,11.3644,0.0000,28.0687,1.8750,0.4606
2043.4000,11.7985,0.0000,29.1202,1.8750,0.4606
2043.5000,12.2321,0.0000,30.1670,1.8750,0.4605
2043.6000,12.6652,0.0000,31.2089,1.8750,0.4605
2043.7000,13.0978,0.0000,32.2454,1.8750,0.4605
2043.8000,13.5299,0.0000,33.2761,1.8750,0.4604
2043.9000,13.9613,0.0000,34.3007,1.8750,0.4604
2044.0000,14.3921,0.0000,35.3188,1.8750,0.4604
2044.1000,14.8221,0.0000,36.3299,1.8750,0.4603
2044.2000,15.2515,0.0000,37.3335,1.8750,0.4603
2044.3000,15.6801,0.0000,38.3294,1.8750,0.4602
2044.4000,16.1078,0.0000,39.3170,1.8750,0.4602
2044.5000,16.5348,0.0000,40.2958,1.8750,0.4601
2044.6000,16.9608,0.0000,41.2654,1.8750,0.4601
2044.7000,17.3858,0.0000,42.2254,1.8750,0.4600
2044.8000,17.8099,0.0000,43.1753,1.8750,0.4599
2044.9000,18.2329,0.0000,44.1146,1.8750,0.4599
2045.0000,18.6548,0.0000,45.0428,1.8750,0.4598
2045.1000,19.0756,0.0000,45.9595,1.8750,0.4597
2045.2000,19.4952,0.0000,46.8642,1.8750,0.4597
2045.3000,19.9136,0.0000,47.7565,1.8750,0.4596
2045.4000,20.3307,0.0000,48.6357,1.8750,0.4595
2045.5000,20.7464,0.0000,49.5016,1.8750,0.4594
2045.6000,21.1608,0.0000,50.3535,1.8750,0.4594
2045.7000,21.5737,0.0000,51.1911,1.8750,0.4593
2045.8000,21.9851,0.0000,52.0139,1.8750,0.4592
2045.9000,22.3949,0.0000,52.8213,1.8750,0.4591
2046.0000,22.8032,0.0000,53.6131,1.8750,0.4590
2046.1000,23.2098,0.0000,54.3886,1.8750,0.4589
2046.2000,23.6147,0.0000,55.1476,1.8750,0.4588
2046.3000,24.0178,0.0000,55.8895,1.8750,0.4587
2046.4000,24.4191,0.0000,56.6140,1.8750,0.4586
2046.5000,24.8186,0.0000,57.3206,1.8750,0.4585
2046.6000,25.2161,0.0000,58.0090,1.8750,0.4584
2046.7000,25.6117,0.0000,58.6788,1.8750,0.4583
2046.8000,26.0052,0.0000,59.3295,1.8750,0.4582
2046.9000,26.3966,0.0000,59.9609,1.8750,0.4581
2047.0000,26.7860,0.0000,60.5727,1.8750,0.4580
2047.1000,27.1731,0.0000,61.1645,1.8750,0.4579
2047.2000,27.5580,0.0000,61.7360,1.8750,0.4578
2047.3000,27.9406,0.0000,62.2869,1.8750,0.4577
2047.4000,28.3209,0.0000,62.8169,1.8750,0.4576
2047.5000,28.6988,0.0000,63.3259,1.8750,0.4574
2047.6000,29.0742,0.0000,63.8136,1.8750,0.4573
2047.7000,29.4472,0.0000,64.2798,1.8750,0.4572
2047.8000,29.8176,0.0000,64.7242,1.8750,0.4571
2047.9000,30.1855,0.0000,65.1469,1.8750,0.4570
2048.0000,30.5507,0.0000,65.5475,1.8750,0.4568
2048.1000,30.9133,0.0000,65.9260,1.8750,0.4567
2048.2000,31.2731,0.0000,66.2823,1.8750,0.4566
2048.3000,31.6302,0.0000,66.6163,1.8750,0.4565
2048.4000,31.9845,0.0000,66.9279,1.8750,0.4563
2048.5000,32.3359,0.0000,67.2173,1.8750,0.4562
2048.6000,32.6845,0.0000,67.4610,1.8750,0.4561
2048.7000,33.0299,0.0000,67.5907,1.8750,0.4560
2048.8000,33.3713,0.0000,67.5621,1.8750,0.4558
2048.9000,33.7079,0.0000,67.3785,1.8750,0.4557
2049.0000,34.0390,0.0000,67.0436,1.8750,0.4556
2049.1000,34.3641,0.0000,66.5855,1.8750,0.4555
2049.2000,34.6827,0.0000,66.0800,1.8750,0.4553
2049.3000,34.9950,0.0000,65.5771,1.8750,0.4552
2049.4000,35.3013,0.0000,65.0771,1.8750,0.4551
2049.5000,35.6016,0.0000,64.5799,1.8750,0.4550
2049.6000,35.8962,0.0000,64.0856,1.8750,0.4549
2049.7000,36.1853,0.0000,63.5944,1.8750,0.4548
2049.8000,36.4689,0.0000,63.1063,1.8750,0.4546
2049.9000,36.7473,0.0000,62.6214,1.8750,0.4545
2050.0000,37.0205,0.0000,62.1397,1.8750,0.4544
2050.1000,37.2887,0.0000,61.6613,1.8750,0.4543
2050.2000,37.5521,0.0000,61.1863,1.8750,0.4542
2050.3000,37.8108,0.0000,60.7148,1.8750,0.4541
2050.4000,38.0648,0.0000,60.2467,1.8750,0.4540
2050.5000,38.3143,0.0000,59.7822,1.8750,0.4539
2050.6000,38.5594,0.0000,59.3212,1.8750,0.4538
2050.7000,38.8002,0.0000,58.8639,1.8750,0.4537
2050.8000,39.0368,0.0000,58.4102,1.8750,0.4536
2050.9000,39.2693,0.0000,57.9603,1.8750,0.4535
2051.0000,39.4979,0.0000,57.5140,1.8750,0.4534
2051.1000,39.7225,0.0000,57.0715,1.8750,0.4533
2051.2000,39.9433,0.0000,56.6328,1.8750,0.4532
2051.3000,40.1604,0.0000,56.1979,1.8750,0.4531
2051.4000,40.3738,0.0000,55.7668,1.8750,0.4530
2051.5000,40.5837,0.0000,55.3396,1.8750,0.4529
2051.6000,40.7901,0.0000,54.9162,1.8750,0.4528
2051.7000,40.9930,0.0000,53.4313,1.8750,0.4528
2051.8000,41.1828,0.0000,50.9237,1.8750,0.4527
2051.9000,41.3602,0.0000,48.5011,1.8750,0.4526
2052.0000,41.5255,0.0000,45.8886,1.8750,0.4525
2052.1000,41.6770,0.0000,43.2130,1.8750,0.4525
2052.2000,41.8163,0.0000,41.5961,1.8750,0.4524
2052.3000,41.9517,0.0000,40.7075,1.8750,0.4524
2052.4000,42.0815,0.0000,39.7161,1.8750,0.4523
2052.5000,42.2066,0.0000,39.0532,1.8750,0.4523
2052.6000,42.3292,0.0000,38.1694,1.8750,0.4523
2052.7000,42.4451,0.0000,36.9896,1.8750,0.4522
2052.8000,42.5560,0.0000,36.1744,1.8750,0.4522
2052.9000,42.6637,0.0000,35.2755,1.8750,0.4522
2053.0000,42.7656,0.0000,34.0379,1.8750,0.4521
2053.1000,42.8614,0.0000,32.9278,1.8750,0.4521
2053.2000,42.9527,0.0000,31.9178,1.8750,0.4521
2053.3000,43.0388,0.0000,30.8968,1.8750,0.4521
2053.4000,43.1205,0.0000,30.1941,1.8750,0.4520
2053.5000,43.1997,0.0000,29.6439,1.8750,0.4520
2053.6000,43.2759,0.0000,28.9810,1.8750,0.4520
2053.7000,43.3488,0.0000,28.4531,1.8750,0.4520
2053.8000,43.4198,0.0000,27.9514,1.8750,0.4520
2053.9000,43.4877,0.0000,27.1801,1.8750,0.4520
2054.0000,43.5516,0.0000,26.4179,1.8750,0.4520
2054.1000,43.6124,0.0000,25.7941,1.8750,0.4520
2054.2000,43.6704,0.0000,25.0328,1.8750,0.4520
2054.3000,43.7243,0.0000,24.0450,1.8750,0.4519
2054.4000,43.7733,0.0000,23.1626,1.8750,0.4519
2054.5000,43.8193,0.0000,22.4570,1.8750,0.4520
2054.6000,43.8620,0.0000,21.7868,1.8750,0.4520
2054.7000,43.9018,0.0000,21.1787,1.8750,0.4520
2054.8000,43.9391,0.0000,20.7911,1.8750,0.4520
2054.9000,43.9754,0.0000,20.5214,1.8750,0.4520
2055.0000,44.0101,0.0000,20.1169,1.8750,0.4520
2055.1000,44.0427,0.0000,19.7456,1.8750,0.4520
2055.2000,44.0740,0.0000,19.6184,1.8750,0.4520
2055.3000,44.1054,0.0000,19.5089,1.8750,0.4520
2055.4000,44.1356,0.0000,19.1939,1.8750,0.4520
2055.5000,44.1640,0.0000,18.8130,1.8750,0.4520
2055.6000,44.1908,0.0000,18.2128,1.8750,0.4521
2055.7000,44.2140,0.0000,17.4021,1.8750,0.4521
2055.8000,44.2337,0.0000,16.6265,1.8750,0.4521
2055.9000,44.2502,0.0000,16.0145,1.8750,0.4521
2056.0000,44.2646,0.0000,15.9476,1.8750,0.4521
2056.1000,44.2805,0.0000,16.5099,1.8750,0.4521
2056.2000,44.2996,0.0000,17.2686,1.8750,0.4522
2056.3000,44.3218,0.0000,17.9703,1.8750,0.4522
2056.4000,44.3468,0.0000,18.4510,1.8750,0.4522
2056.5000,44.3729,0.0000,18.3240,1.8750,0.4522
2056.6000,44.3967,0.0000,17.7802,1.8750,0.4522
2056.7000,44.4181,0.0000,17.1988,1.8750,0.4522
2056.8000,44.4368,0.0000,16.8089,1.8750,0.4523
2056.9000,44.4548,0.0000,16.7797,1.8750,0.4523
2057.0000,44.4731,0.0000,16.8956,1.8750,0.4523
2057.1000,44.4920,0.0000,17.1761,1.8750,0.4523
2057.2000,44.5127,0.0000,17.4869,1.8750,0.4523
2057.3000,44.5341,0.0000,17.5701,1.8750,0.4523
2057.4000,44.5553,0.0000,17.5230,1.8750,0.4524
2057.5000,44.5762,0.0000,17.4659,1.8750,0.4524
2057.6000,44.5968,0.0000,17.3568,1.8750,0.4524
2057.7000,44.6167,0.0000,17.4129,1.8750,0.4524
2057.8000,44.6377,0.0000,17.6778,1.8750,0.4524
2057.9000,44.6597,0.0000,17.6971,1.8750,0.4524
2058.0000,44.6807,0.0000,17.3562,1.8750,0.4524
2058.1000,44.6997,0.0000,16.8363,1.8750,0.4525
2058.2000,44.7163,0.0000,16.1232,1.8750,0.4525
2058.3000,44.7291,0.0000,15.0627,1.8750,0.4525
2058.4000,44.7367,0.0000,14.1059,1.8750,0.4525
2058.5000,44.7415,0.0000,13.7146,1.8750,0.4526
2058.6000,44.7457,0.0000,13.7230,1.8750,0.4526
2058.7000,44.7505,0.0000,13.9346,1.8750,0.4526
2058.8000,44.7564,0.0000,14.5375,1.8750,0.4526
2058.9000,44.7663,0.0000,15.3012,1.8750,0.4526
2059.0000,44.7787,0.0000,15.7830,1.8750,0.4527
2059.1000,44.7926,0.0000,16.0875,1.8750,0.4527
2059.2000,44.8074,0.0000,16.3280,1.8750,0.4527
2059.3000,44.8233,0.0000,16.2174,1.8750,0.4527
2059.4000,44.8371,0.0000,15.7453,1.8750,0.4527
2059.5000,44.8489,0.0000,15.3857,1.8750,0.4528
2059.6000,44.8597,0.0000,15.0917,1.8750,0.4528
2059.7000,44.8690,0.0000,14.6339,1.8750,0.4528
2059.8000,44.8758,0.0000,14.2100,1.8750,0.4528
2059.9000,44.8815,0.0000,14.0075,1.8750,0.4529
2060.0000,44.8866,0.0000,13.7961,1.8750,0.4529
2060.1000,44.8905,0.0000,13.5429,1.8750,0.4529
2060.2000,44.8935,0.0000,13.4863,1.8750,0.4529
2060.3000,44.8968,0.0000,13.5291,1.8750,0.4530
2060.4000,44.9002,0.0000,13.7831,1.8750,0.4530
2060.5000,44.9057,0.0000,14.3477,1.8750,0.4530
2060.6000,44.9137,0.0000,14.8784,1.8750,0.4530
2060.7000,44.9236,0.0000,15.4537,1.8750,0.4531
2060.8000,44.9365,0.0000,16.2206,1.8750,0.4531
2060.9000,44.9528,0.0000,16.6613,1.8750,0.4531
2061.0000,44.9692,0.0000,16.5289,1.8750,0.4531
2061.1000,44.9843,0.0000,16.1768,1.8750,0.4531
2061.2000,44.9978,0.0000,15.5187,1.8750,0.4532
2061.3000,45.0073,0.0000,14.4271,1.8750,0.4532
2061.4000,45.0115,0.0000,13.2786,1.8750,0.4532
2061.5000,45.0113,0.0000,12.3163,1.8750,0.4532
2061.6000,45.0075,0.0000,11.6495,1.8750,0.4533
2061.7000,45.0018,0.0000,11.3313,1.8750,0.4533
2061.8000,44.9953,0.0000,11.2414,1.8750,0.4533
2061.9000,44.9888,0.0000,11.4067,1.8750,0.4534
2062.0000,44.9837,0.0000,11.7897,1.8750,0.4534
2062.1000,44.9805,0.0000,11.8731,1.8750,0.4534
2062.2000,44.9762,0.0000,11.5474,1.8750,0.4534
2062.3000,44.9702,0.0000,11.4327,1.8750,0.4535
2062.4000,44.9649,0.0000,11.4680,1.8750,0.4535
2062.5000,44.9593,0.0000,11.3528,1.8750,0.4535
2062.6000,44.9531,0.0000,11.4207,1.8750,0.4536
2062.7000,44.9480,0.0000,11.6497,1.8750,0.4536
2062.8000,44.9437,0.0000,11.7161,1.8750,0.4536
2062.9000,44.9393,0.0000,11.7098,1.8750,0.4537
2063.0000,44.9349,0.0000,11.7587,1.8750,0.4537
2063.1000,44.9309,0.0000,11.9188,1.8750,0.4537
2063.2000,44.9280,0.0000,12.3993,1.8750,0.4538
2063.3000,44.9280,0.0000,13.0782,1.8750,0.4538
2063.4000,44.9307,0.0000,13.8087,1.8750,0.4538
2063.5000,44.9369,0.0000,14.7411,1.8750,0.4538
2063.6000,44.9474,0.0000,15.6491,1.8750,0.4538
2063.7000,44.9612,0.0000,16.2314,1.8750,0.4539
2063.8000,44.9765,0.0000,16.7354,1.8750,0.4539
2063.9000,44.9944,0.0000,17.2468,1.8750,0.4539
2064.0000,45.0140,0.0000,17.6549,1.8750,0.4539
2064.1000,45.0352,0.0000,17.9118,1.8750,0.4539
2064.2000,45.0568,0.0000,18.0859,1.8750,0.4539
2064.3000,45.0794,0.0000,17.9820,1.8750,0.4540
2064.4000,45.1000,0.0000,17.7043,1.8750,0.4540
2064.5000,45.1201,0.0000,17.5409,1.8750,0.4540
2064.6000,45.1392,0.0000,17.5812,1.8750,0.4540
2064.7000,45.1596,0.0000,17.7318,1.8750,0.4540
2064.8000,45.1799,0.0000,17.9021,1.8750,0.4540
2064.9000,45.2016,0.0000,17.9152,1.8750,0.4541
2065.0000,45.2218,0.0000,17.4561,1.8750,0.4541
2065.1000,45.2396,0.0000,16.8057,1.8750,0.4541
2065.2000,45.2543,0.0000,16.1467,1.8750,0.4541
2065.3000,45.2665,0.0000,15.5275,1.8750,0.4541
2065.4000,45.2760,0.0000,15.0105,1.8750,0.4541
2065.5000,45.2838,0.0000,14.8699,1.8750,0.4542
2065.6000,45.2921,0.0000,15.0752,1.8750,0.4542
2065.7000,45.3016,0.0000,15.6008,1.8750,0.4542
2065.8000,45.3142,0.0000,16.3536,1.8750,0.4542
2065.9000,45.3299,0.0000,17.0351,1.8750,0.4542
2066.0000,45.3482,0.0000,17.5193,1.8750,0.4543
2066.1000,45.3678,0.0000,17.8331,1.8750,0.4543
2066.2000,45.3885,0.0000,17.7484,1.8750,0.4543
2066.3000,45.4074,0.0000,17.4058,1.8750,0.4543
2066.4000,45.4252,0.0000,17.2091,1.8750,0.4543
2066.5000,45.4422,0.0000,17.0809,1.8750,0.4543
2066.6000,45.4589,0.0000,16.9380,1.8750,0.4544
2066.7000,45.4747,0.0000,16.8775,1.8750,0.4544
2066.8000,45.4908,0.0000,16.7873,1.8750,0.4544
2066.9000,45.5057,0.0000,16.5484,1.8750,0.4544
2067.0000,45.5197,0.0000,16.3923,1.8750,0.4544
2067.1000,45.5334,0.0000,16.0883,1.8750,0.4544
2067.2000,45.5448,0.0000,15.6228,1.8750,0.4545
2067.3000,45.5545,0.0000,15.2957,1.8750,0.4545
2067.4000,45.5631,0.0000,15.0590,1.8750,0.4545
2067.5000,45.5708,0.0000,14.7404,1.8750,0.4545
2067.6000,45.5768,0.0000,14.5721,1.8750,0.4546
2067.7000,45.5831,0.0000,14.6280,1.8750,0.4546
2067.8000,45.5895,0.0000,14.8226,1.8750,0.4546
2067.9000,45.5973,0.0000,15.1580,1.8750,0.4546
2068.0000,45.6065,0.0000,15.6834,1.8750,0.4546
2068.1000,45.6186,0.0000,16.1464,1.8750,0.4547
2068.2000,45.6315,0.0000,16.5081,1.8750,0.4547
2068.3000,45.6466,0.0000,16.8458,1.8750,0.4547
2068.4000,45.6623,0.0000,16.8808,1.8750,0.4547
2068.5000,45.6776,0.0000,2.5231,1.8750,0.4548
2068.6000,45.5744,0.0000,-25.8687,1.8750,0.4549
2068.7000,45.3547,0.0000,-53.9602,1.8750,0.4551
2068.8000,45.0171,0.0000,-81.7010,1.8750,0.4553
2068.9000,44.5620,0.0000,-108.5582,1.8750,0.4555
2069.0000,43.9908,0.0000,-120.8387,1.8750,0.4558
2069.1000,43.4195,0.0000,-119.4004,1.8750,0.4560
2069.2000,42.8482,0.0000,-117.9570,1.8750,0.4562
2069.3000,42.2769,0.0000,-116.5085,1.8750,0.4564
2069.4000,41.7057,0.0000,-115.0550,1.8750,0.4567
2069.5000,41.1344,0.0000,-113.5965,1.8750,0.4569
2069.6000,40.5631,0.0000,-112.1332,1.8750,0.4571
2069.7000,39.9919,0.0000,-110.6651,1.8750,0.4573
2069.8000,39.4206,0.0000,-109.1923,1.8750,0.4576
2069.9000,38.8493,0.0000,-107.7148,1.8750,0.4578
2070.0000,38.2780,0.0000,-106.2327,1.8750,0.4580
2070.1000,37.7068,0.0000,-104.7461,1.8750,0.4582
2070.2000,37.1355,0.0000,-103.2550,1.8750,0.4585
2070.3000,36.5642,0.0000,-101.7596,1.8750,0.4587
2070.4000,35.9929,0.0000,-100.2598,1.8750,0.4589
2070.5000,35.4217,0.0000,-98.7557,1.8750,0.4591
2070.6000,34.8504,0.0000,-97.2475,1.8750,0.4594
2070.7000,34.2791,0.0000,-95.7352,1.8750,0.4596
2070.8000,33.7078,0.0000,-94.2188,1.8750,0.4598
2070.9000,33.1366,0.0000,-92.6984,1.8750,0.4600
2071.0000,32.5653,0.0000,-91.1741,1.8750,0.4603
2071.1000,31.9940,0.0000,-89.6459,1.8750,0.4605
2071.2000,31.4227,0.0000,-88.1140,1.8750,0.4607
2071.3000,30.8515,0.0000,-86.5783,1.8750,0.4609
2071.4000,30.2802,0.0000,-85.0390,1.8750,0.4612
2071.5000,29.7089,0.0000,-83.4961,1.8750,0.4614
2071.6000,29.1376,0.0000,-81.9497,1.8750,0.4616
2071.7000,28.5664,0.0000,-80.3999,1.8750,0.4618
2071.8000,27.9951,0.0000,-78.8466,1.8750,0.4621
2071.9000,27.4238,0.0000,-77.2901,1.8750,0.4623
2072.0000,26.8525,0.0000,-75.7303,1.8750,0.4625
2072.1000,26.2813,0.0000,-74.1674,1.8750,0.4627
2072.2000,25.7100,0.0000,-72.6013,1.8750,0.4629
2072.3000,25.1387,0.0000,-71.0322,1.8750,0.4632
2072.4000,24.5675,0.0000,-69.4602,1.8750,0.4634
2072.5000,23.9962,0.0000,-67.8852,1.8750,0.4636
2072.6000,23.4249,0.0000,-66.3074,1.8750,0.4638
2072.7000,22.8536,0.0000,-64.7268,1.8750,0.4640
2072.8000,22.2824,0.0000,-63.1435,1.8750,0.4642
2072.9000,21.7111,0.0000,-61.5576,1.8750,0.4644
2073.0000,21.1398,0.0000,-59.9691,1.8750,0.4646
2073.1000,20.5685,0.0000,-58.3781,1.8750,0.4647
2073.2000,19.9973,0.0000,-56.7847,1.8750,0.4649
2073.3000,19.4260,0.0000,-55.1889,1.8750,0.4651
2073.4000,18.8547,0.0000,-53.5908,1.8750,0.4653
2073.5000,18.2834,0.0000,-51.9905,1.8750,0.4655
2073.6000,17.7122,0.0000,-50.3880,1.8750,0.4656
2073.7000,17.1409,0.0000,-48.7835,1.8750,0.4658
2073.8000,16.5696,0.0000,-47.1769,1.8750,0.4659
2073.9000,15.9983,0.0000,-45.5683,1.8750,0.4661
2074.0000,15.4271,0.0000,-43.9579,1.8750,0.4663
2074.1000,14.8558,0.0000,-42.3456,1.8750,0.4664
2074.2000,14.2845,0.0000,-40.7316,1.8750,0.4665
2074.3000,13.7132,0.0000,-39.1159,1.8750,0.4667
2074.4000,13.1420,0.0000,-37.4985,1.8750,0.4668
2074.5000,12.5707,0.0000,-35.8797,1.8750,0.4670
2074.6000,11.9994,0.0000,-34.2593,1.8750,0.4671
2074.7000,11.4282,0.0000,-32.6375,1.8750,0.4672
2074.8000,10.8569,0.0000,-31.0143,1.8750,0.4673
2074.9000,10.2856,0.0000,-29.3899,1.8750,0.4675
2075.0000,9.7143,0.0000,-27.7643,1.8750,0.4676
2075.1000,9.1431,0.0000,-26.1375,1.8750,0.4677
2075.2000,8.5718,0.0000,-24.5096,1.8750,0.4678
2075.3000,8.0005,0.0000,-22.8807,1.8750,0.4679
2075.4000,7.4292,0.0000,-21.2509,1.8750,0.4680
2075.5000,6.8580,0.0000,-19.6202,1.8750,0.4681
2075.6000,6.2867,0.0000,-17.8985,1.8750,0.4682
2075.7000,5.7208,0.0000,-15.9513,1.8750,0.4682
2075.8000,5.1719,0.0000,-13.8179,1.8750,0.4683
2075.9000,4.6502,0.0000,-11.4514,1.8750,0.4684
2076.0000,4.1804,0.0000,-9.0883,1.8750,0.4685
2076.1000,3.7677,0.0000,-7.0569,1.8750,0.4685
2076.2000,3.4116,0.0000,-5.4319,1.8750,0.4686
2076.3000,3.1051,0.0000,-4.1813,1.8750,0.4686
2076.4000,2.8418,0.0000,-3.3334,1.8750,0.4687
2076.5000,2.6008,0.0000,-2.7565,1.8750,0.4688
2076.6000,2.3803,0.0000,-2.2762,1.8750,0.4688
2076.7000,2.1784,0.0000,-1.8767,1.8750,0.4689
2076.8000,1.9937,0.0000,-1.5446,1.8750,0.4690
2076.9000,1.8246,0.0000,-1.2688,1.8750,0.4690
2077.0000,1.6699,0.0000,-1.0398,1.8750,0.4691
2077.1000,1.5283,0.0000,-0.8500,1.8750,0.4691
2077.2000,1.3987,0.0000,-0.6928,1.8750,0.4692
2077.3000,1.2801,0.0000,-0.5627,1.8750,0.4693
2077.4000,1.1716,0.0000,-0.4553,1.8750,0.4693
2077.5000,1.0722,0.0000,-0.3666,1.8750,0.4694
2077.6000,0.9813,0.0000,-0.2936,1.8750,0.4695
2077.7000,0.8981,0.0000,-0.2336,1.8750,0.4695
2077.8000,0.8219,0.0000,-0.1844,1.8750,0.4696
2077.9000,0.7522,0.0000,-0.1441,1.8750,0.4696
2078.0000,0.6885,0.0000,-0.1113,1.8750,0.4697
2078.1000,0.6301,0.0000,-0.0846,1.8750,0.4698
2078.2000,0.5767,0.0000,-0.0629,1.8750,0.4698
2078.3000,0.5278,0.0000,-0.0454,1.8750,0.4699
2078.4000,0.4830,0.0000,-0.0314,1.8750,0.4700
2078.5000,0.4420,0.0000,-0.0203,1.8750,0.4700
2078.6000,0.4046,0.0000,-0.0114,1.8750,0.4701
2078.7000,0.3703,0.0000,-0.0045,1.8750,0.4701
2078.8000,0.3389,0.0000,0.0009,1.8750,0.4702
2078.9000,0.3101,0.0000,0.0050,1.8750,0.4703
2079.0000,0.2838,0.0000,0.0081,1.8750,0.4703
2079.1000,0.2598,0.0000,0.0103,1.8750,0.4704
2079.2000,0.2377,0.0000,0.0119,1.8750,0.4705
2079.3000,0.2176,0.0000,0.0130,1.8750,0.4705
2079.4000,0.1991,0.0000,-0.0825,1.8750,0.4706
2079.5000,0.0000,0.0000,-0.0000,1.8750,0.4706
2079.6000,0.0000,0.0000,0.0000,1.8750,0.4707
2079.7000,0.0000,0.0000,0.0000,1.8750,0.4708
2079.8000,0.0000,0.0000,0.0000,1.8750,0.4708
2079.9000,0.0000,0.0000,0.0000,1.8750,0.4709
2080.0000,0.0000,0.0000,0.0000,1.8750,0.4710
2080.1000,0.0000,0.0000,0.0000,1.8750,0.4710
2080.2000,0.0000,0.0000,0.0000,1.8750,0.4711
2080.3000,0.0000,0.0000,0.0000,1.8750,0.4711
2080.4000,0.0000,0.0000,0.0000,1.8750,0.4712
2080.5000,0.0000,0.0000,0.0000,1.8750,0.4713
2080.6000,0.0000,0.0000,0.0000,1.8750,0.4713
2080.7000,0.0000,0.0000,0.0000,1.8750,0.4714
2080.8000,0.0000,0.0000,0.0000,1.8750,0.4715
2080.9000,0.0000,0.0000,0.0000,1.8750,0.4715
2081.0000,0.0000,0.0000,0.0000,1.8750,0.4716
2081.1000,0.0000,0.0000,0.0000,1.8750,0.4716
2081.2000,0.0000,0.0000,0.0000,1.8750,0.4717
2081.3000,0.0000,0.0000,0.0000,1.8750,0.4718
2081.4000,0.0000,0.0000,0.0000,1.8750,0.4718
2081.5000,0.0000,0.0000,0.0000,1.8750,0.4719
2081.6000,0.0000,0.0000,0.0000,1.8750,0.4720
2081.7000,0.0000,0.0000,0.0000,1.8750,0.4720
2081.8000,0.0000,0.0000,0.0000,1.8750,0.4721
2081.9000,0.0000,0.0000,0.0000,1.8750,0.4721
2082.0000,0.0000,0.0000,0.0000,1.8750,0.4722
2082.1000,0.0000,0.0000,0.0000,1.8750,0.4723
2082.2000,0.0000,0.0000,0.0000,1.8750,0.4723
2082.3000,0.0000,0.0000,0.0000,1.8750,0.4724
2082.4000,0.0000,0.0000,0.0000,1.8750,0.4725
2082.5000,0.0000,0.0000,0.0000,1.8750,0.4725
2082.6000,0.0000,0.0000,0.0000,1.8750,0.4726
2082.7000,0.0000,0.0000,0.0000,1.8750,0.4726
2082.8000,0.0000,0.0000,0.0000,1.8750,0.4727
2082.9000,0.0000,0.0000,0.0000,1.8750,0.4728
2083.0000,0.0000,0.0000,0.0000,1.8750,0.4728
2083.1000,0.0000,0.0000,0.0000,1.8750,0.4729
2083.2000,0.0000,0.0000,0.0000,1.8750,0.4730
2083.3000,0.0000,0.0000,0.0000,1.8750,0.4730
2083.4000,0.0000,0.0000,0.0000,1.8750,0.4731
2083.5000,0.0000,0.0000,0.0000,1.8750,0.4731
2083.6000,0.0000,0.0000,0.0000,1.8750,0.4732
2083.7000,0.0000,0.0000,0.0000,1.8750,0.4733
2083.8000,0.0000,0.0000,0.0000,1.8750,0.4733
2083.9000,0.0000,0.0000,0.0000,1.8750,0.4734
2084.0000,0.0000,0.0000,0.0000,1.8750,0.4735
2084.1000,0.0000,0.0000,0.0000,1.8750,0.4735
2084.2000,0.0000,0.0000,0.0000,1.8750,0.4736
2084.3000,0.0000,0.0000,0.0000,1.8750,0.4736
2084.4000,0.0000,0.0000,0.0000,1.8750,0.4737
2084.5000,0.0000,0.0000,0.0000,1.8750,0.4738
2084.6000,0.0000,0.0000,0.0000,1.8750,0.4738
2084.7000,0.0000,0.0000,0.0000,1.8750,0.4739
2084.8000,0.0000,0.0000,0.0000,1.8750,0.4740
2084.9000,0.0000,0.0000,0.0000,1.8750,0.4740
2085.0000,0.0000,0.0000,0.0000,1.8750,0.4741
2085.1000,0.0000,0.0000,0.0000,1.8750,0.4741
2085.2000,0.0000,0.0000,0.0000,1.8750,0.4742
2085.3000,0.0000,0.0000,0.0000,1.8750,0.4743
2085.4000,0.0000,0.0000,0.0000,1.8750,0.4743
2085.5000,0.0000,0.0000,0.0000,1.8750,0.4744
2085.6000,0.0000,0.0000,0.0000,1.8750,0.4745
2085.7000,0.0000,0.0000,0.0000,1.8750,0.4745
2085.8000,0.0000,0.0000,0.0000,1.8750,0.4746
2085.9000,0.0000,0.0000,0.0000,1.8750,0.4746
2086.0000,0.0000,0.0000,0.0000,1.8750,0.4747
2086.1000,0.0000,0.0000,0.0000,1.8750,0.4748
2086.2000,0.0000,0.0000,0.0000,1.8750,0.4748
2086.3000,0.0000,0.0000,0.0000,1.8750,0.4749
2086.4000,0.0000,0.0000,0.0000,1.8750,0.4750
2086.5000,0.0000,0.0000,0.0000,1.8750,0.4750
2086.6000,0.0000,0.0000,0.0000,1.8750,0.4751
2086.7000,0.0000,0.0000,0.0000,1.8750,0.4751
2086.8000,0.0000,0.0000,0.0000,1.8750,0.4752
2086.9000,0.0000,0.0000,0.0000,1.8750,0.4753
2087.0000,0.0000,0.0000,0.0000,1.8750,0.4753
2087.1000,0.0000,0.0000,0.0000,1.8750,0.4754
2087.2000,0.0000,0.0000,0.0000,1.8750,0.4755
2087.3000,0.0000,0.0000,0.0000,1.8750,0.4755
2087.4000,0.0000,0.0000,0.0000,1.8750,0.4756
2087.5000,0.0000,0.0000,0.0000,1.8750,0.4756
2087.6000,0.0000,0.0000,0.0000,1.8750,0.4757
2087.7000,0.0000,0.0000,0.0000,1.8750,0.4758
2087.8000,0.0000,0.0000,0.0000,1.8750,0.4758
2087.9000,0.0000,0.0000,0.0000,1.8750,0.4759
2088.0000,0.0000,0.0000,0.0000,1.8750,0.4760
2088.1000,0.0000,0.0000,0.0000,1.8750,0.4760
2088.2000,0.0000,0.0000,0.0000,1.8750,0.4761
2088.3000,0.0000,0.0000,0.0000,1.8750,0.4761
2088.4000,0.0000,0.0000,0.0000,1.8750,0.4762
2088.5000,0.0000,0.0000,0.0000,1.8750,0.4763
2088.6000,0.0000,0.0000,0.0000,1.8750,0.4763
2088.7000,0.0000,0.0000,0.0000,1.8750,0.4764
2088.8000,0.0000,0.0000,0.0000,1.8750,0.4765
2088.9000,0.0000,0.0000,0.0000,1.8750,0.4765
2089.0000,0.0000,0.0000,0.0000,1.8750,0.4766
2089.1000,0.0000,0.0000,0.0000,1.8750,0.4766
2089.2000,0.0000,0.0000,0.0000,1.8750,0.4767
2089.3000,0.0000,0.0000,0.0000,1.8750,0.4768
2089.4000,0.0000,0.0000,0.0000,1.8750,0.4768
2089.5000,0.0000,0.0000,0.0000,1.8750,0.4769
2089.6000,0.0000,0.0000,0.0000,1.8750,0.4770
2089.7000,0.0000,0.0000,0.0000,1.8750,0.4770
2089.8000,0.0000,0.0000,0.0000,1.8750,0.4771
2089.9000,0.0000,0.0000,0.0000,1.8750,0.4771
2090.0000,0.0000,0.0000,0.0000,1.8750,0.4772
2090.1000,0.0000,0.0000,0.0000,1.8750,0.4773
2090.2000,0.0000,0.0000,0.0000,1.8750,0.4773
2090.3000,0.0000,0.0000,0.0000,1.8750,0.4774
2090.4000,0.0000,0.0000,0.0000,1.8750,0.4775
2090.5000,0.0000,0.0000,0.0000,1.8750,0.4775
2090.6000,0.0000,0.0000,0.0000,1.8750,0.4776
2090.7000,0.0000,0.0000,0.0000,1.8750,0.4776
2090.8000,0.0000,0.0000,0.0000,1.8750,0.4777
2090.9000,0.0000,0.0000,0.0000,1.8750,0.4778
2091.0000,0.0000,0.0000,0.0000,1.8750,0.4778
2091.1000,0.0000,0.0000,0.0000,1.8750,0.4779
2091.2000,0.0000,0.0000,0.0000,1.8750,0.4780
2091.3000,0.0000,0.0000,0.0000,1.8750,0.4780
2091.4000,0.0000,0.0000,0.0000,1.8750,0.4781
2091.5000,0.0000,0.0000,0.0000,1.8750,0.4781
2091.6000,0.0000,0.0000,0.0000,1.8750,0.4782
2091.7000,0.0000,0.0000,0.0000,1.8750,0.4783
2091.8000,0.0000,0.0000,0.0000,1.8750,0.4783
2091.9000,0.0000,0.0000,0.0000,1.8750,0.4784
2092.0000,0.0000,0.0000,0.0000,1.8750,0.4785
2092.1000,0.0000,0.0000,0.0000,1.8750,0.4785
2092.2000,0.0000,0.0000,0.0000,1.8750,0.4786
2092.3000,0.0000,0.0000,0.0000,1.8750,0.4786
2092.4000,0.0000,0.0000,0.0000,1.8750,0.4787
2092.5000,0.0000,0.0000,0.0000,1.8750,0.4788
2092.6000,0.0000,0.0000,0.0000,1.8750,0.4788
2092.7000,0.0000,0.0000,0.0000,1.8750,0.4789
2092.8000,0.0000,0.0000,0.0000,1.8750,0.4790
2092.9000,0.0000,0.0000,0.0000,1.8750,0.4790
2093.0000,0.0000,0.0000,0.0000,1.8750,0.4791
2093.1000,0.0000,0.0000,0.0000,1.8750,0.4791
2093.2000,0.0000,0.0000,0.0000,1.8750,0.4792
2093.3000,0.0000,0.0000,0.0000,1.8750,0.4793
2093.4000,0.0000,0.0000,0.0000,1.8750,0.4793
2093.5000,0.0000,0.0000,0.0000,1.8750,0.4794
2093.6000,0.0000,0.0000,0.0000,1.8750,0.4795
2093.7000,0.0000,0.0000,0.0000,1.8750,0.4795
2093.8000,0.0000,0.0000,0.0000,1.8750,0.4796
2093.9000,0.0000,0.0000,0.0000,1.8750,0.4796
2094.0000,0.0000,0.0000,0.0000,1.8750,0.4797
2094.1000,0.0000,0.0000,0.0000,1.8750,0.4798
2094.2000,0.0000,0.0000,0.0000,1.8750,0.4798
2094.3000,0.0000,0.0000,0.0000,1.8750,0.4799
2094.4000,0.0000,0.0000,0.0000,1.8750,0.4800
2094.5000,0.0000,0.0000,0.0000,1.8750,0.4800
2094.6000,0.0000,0.0000,0.0000,1.8750,0.4801
2094.7000,0.0000,0.0000,0.0000,1.8750,0.4801
2094.8000,0.0000,0.0000,0.0000,1.8750,0.4802
2094.9000,0.0000,0.0000,0.0000,1.8750,0.4803
2095.0000,0.0000,0.0000,0.0000,1.8750,0.4803
2095.1000,0.0000,0.0000,0.0000,1.8750,0.4804
2095.2000,0.0000,0.0000,0.0000,1.8750,0.4805
2095.3000,0.0000,0.0000,0.0000,1.8750,0.4805
2095.4000,0.0000,0.0000,0.0000,1.8750,0.4806
2095.5000,0.0000,0.0000,0.0000,1.8750,0.4806
2095.6000,0.0000,0.0000,0.0000,1.8750,0.4807
2095.7000,0.0000,0.0000,0.0000,1.8750,0.4808
2095.8000,0.0000,0.0000,0.0000,1.8750,0.4808
2095.9000,0.0000,0.0000,0.0000,1.8750,0.4809
2096.0000,0.0000,0.0000,0.0000,1.8750,0.4810
2096.1000,0.0000,0.0000,0.0000,1.8750,0.4810
2096.2000,0.0000,0.0000,0.0000,1.8750,0.4811
2096.3000,0.0000,0.0000,0.0000,1.8750,0.4811
2096.4000,0.0000,0.0000,0.0000,1.8750,0.4812
2096.5000,0.0000,0.0000,0.0000,1.8750,0.4813
2096.6000,0.0000,0.0000,0.0000,1.8750,0.4813
2096.7000,0.0000,0.0000,0.0000,1.8750,0.4814
2096.8000,0.0000,0.0000,0.0000,1.8750,0.4815
2096.9000,0.0000,0.0000,0.0000,1.8750,0.4815
2097.0000,0.0000,0.0000,0.0000,1.8750,0.4816
2097.1000,0.0000,0.0000,0.0000,1.8750,0.4816
2097.2000,0.0000,0.0000,0.0000,1.8750,0.4817
2097.3000,0.0000,0.0000,0.0000,1.8750,0.4818
2097.4000,0.0000,0.0000,0.0000,1.8750,0.4818
2097.5000,0.0000,0.0000,0.0000,1.8750,0.4819
2097.6000,0.2113,0.0000,0.2708,1.8750,0.4820
2097.7000,0.4227,0.0000,0.6204,1.8750,0.4820
2097.8000,0.7045,0.0000,1.2969,1.8750,0.4821
2097.9000,1.0567,0.0000,2.1425,1.8750,0.4821
2098.0000,1.4090,0.0000,2.8566,1.8750,0.4822
2098.1000,1.7612,0.0000,3.5707,1.8750,0.4822
2098.2000,2.1134,0.0000,4.2847,1.8750,0.4823
2098.3000,2.4655,0.0000,4.9984,1.8750,0.4823
2098.4000,2.8177,0.0000,5.7119,1.8750,0.4823
2098.5000,3.1697,0.0000,6.4249,1.8750,0.4824
2098.6000,3.5217,0.0000,7.1375,1.8750,0.4824
2098.7000,3.8737,0.0000,7.8493,1.8750,0.4824
2098.8000,4.2255,0.0000,8.5603,1.8750,0.4825
2098.9000,4.5771,0.0000,9.2703,1.8750,0.4825
2099.0000,4.9287,0.0000,9.9791,1.8750,0.4825
2099.1000,5.2800,0.0000,10.6865,1.8750,0.4826
2099.2000,5.6312,0.0000,11.3921,1.8750,0.4826
2099.3000,5.9821,0.0000,12.0959,1.8750,0.4826
2099.4000,6.3328,0.0000,12.7975,1.8750,0.4826
2099.5000,6.6832,0.0000,13.4966,1.8750,0.4827
2099.6000,7.0333,0.0000,14.1930,1.8750,0.4827
2099.7000,7.3830,0.0000,14.8863,1.8750,0.4827
2099.8000,7.7323,0.0000,15.5762,1.8750,0.4827
2099.9000,8.0812,0.0000,16.2624,1.8750,0.4827
