t_s,v_kmh,grade_pct,P_wheel_kW,fuel_g_per_s,SOC
0.0000,0.2384,0.0000,0.3396,0.0000,0.5500
0.1000,0.4768,0.0000,0.7796,0.0000,0.5500
0.2000,0.7947,0.0000,1.6338,0.0000,0.5500
0.3000,1.1920,0.0000,2.7016,0.0000,0.5499
0.4000,1.5894,0.0000,3.6022,0.0000,0.5499
0.5000,1.9867,0.0000,4.5028,0.0000,0.5499
0.6000,2.3840,0.0000,5.4035,0.0000,0.5499
0.7000,2.7813,0.0000,6.3042,0.0000,0.5498
0.8000,3.1787,0.0000,7.2049,0.0000,0.5498
0.9000,3.5759,0.0000,8.1056,0.0000,0.5498
1.0000,3.9732,0.0000,9.0062,0.0000,0.5497
1.1000,4.3704,0.0000,9.9067,0.0000,0.5497
1.2000,4.7676,0.0000,10.8070,0.0000,0.5496
1.3000,5.1648,0.0000,11.7072,0.0000,0.5496
1.4000,5.5619,0.0000,12.6071,0.0000,0.5495
1.5000,5.9589,0.0000,13.5066,0.0000,0.5495
1.6000,6.3559,0.0000,14.4058,0.0000,0.5494
1.7000,6.7527,0.0000,15.3044,0.0000,0.5494
1.8000,7.1495,0.0000,16.2025,0.0000,0.5493
1.9000,7.5462,0.0000,17.0998,0.0000,0.5492
2.0000,7.9428,0.0000,17.9964,0.0000,0.5492
2.1000,8.3393,0.0000,18.8921,0.0000,0.5491
2.2000,8.7356,0.0000,19.7868,0.0000,0.5491
2.3000,9.1317,0.0000,20.6803,0.0000,0.5490
2.4000,9.5277,0.0000,21.5726,0.0000,0.5489
2.5000,9.9236,0.0000,22.4635,0.0000,0.5488
2.6000,10.3192,0.0000,23.3528,0.0000,0.5488
2.7000,10.7146,0.0000,24.2404,0.0000,0.5487
2.8000,11.1098,0.0000,25.1262,0.0000,0.5486
2.9000,11.5047,0.0000,26.0100,0.0000,0.5485
3.0000,11.8994,0.0000,26.8915,0.0000,0.5484
3.1000,12.2937,0.0000,27.7708,0.0000,0.5483
3.2000,12.6878,0.0000,28.6475,0.0000,0.5482
3.3000,13.0816,0.0000,29.5214,0.0000,0.5481
3.4000,13.4750,0.0000,30.3925,0.0000,0.5480
3.5000,13.8680,0.0000,31.2604,0.0000,0.5479
3.6000,14.2607,0.0000,32.1251,0.0000,0.5478
3.7000,14.6529,0.0000,32.9862,0.0000,0.5477
3.8000,15.0447,0.0000,33.8436,0.0000,0.5476
3.9000,15.4361,0.0000,34.6970,0.0000,0.5475
4.0000,15.8270,0.0000,35.5463,0.0000,0.5474
4.1000,16.2174,0.0000,36.3912,0.0000,0.5473
4.2000,16.6072,0.0000,37.2315,0.0000,0.5472
4.3000,16.9966,0.0000,38.0669,0.0000,0.5471
4.4000,17.3853,0.0000,38.8972,0.0000,0.5469
4.5000,17.7734,0.0000,39.7223,0.0000,0.5468
4.6000,18.1609,0.0000,40.5417,0.0000,0.5467
4.7000,18.5478,0.0000,41.3553,0.0000,0.5466
4.8000,18.9339,0.0000,42.1629,0.0000,0.5464
4.9000,19.3194,0.0000,42.9641,0.0000,0.5463
5.0000,19.7041,0.0000,43.7588,0.0000,0.5462
5.1000,20.0880,0.0000,44.5467,0.0000,0.5460
5.2000,20.4712,0.0000,45.3275,0.0000,0.5459
5.3000,20.8535,0.0000,46.1009,0.0000,0.5458
5.4000,21.2349,0.0000,46.8668,0.0000,0.5456
5.5000,21.6155,0.0000,47.6248,0.0000,0.5455
5.6000,21.9952,0.0000,48.3747,0.0000,0.5453
5.7000,22.3739,0.0000,49.1162,0.0000,0.5452
5.8000,22.7516,0.0000,49.8492,0.0000,0.5450
5.9000,23.1283,0.0000,50.5732,0.0000,0.5449
6.0000,23.5040,0.0000,51.2881,0.0000,0.5447
6.1000,23.8786,0.0000,51.9467,0.0000,0.5446
6.2000,24.2514,0.0000,52.4673,0.0000,0.5444
6.3000,24.6210,0.0000,52.8153,0.0000,0.5442
6.4000,24.9865,0.0000,52.9900,0.0000,0.5441
6.5000,25.3465,0.0000,52.9909,0.0000,0.5439
6.6000,25.7002,0.0000,52.8686,0.0000,0.5438
6.7000,26.0472,0.0000,52.7102,0.0000,0.5436
6.8000,26.3878,0.0000,52.5520,0.0000,0.5435
6.9000,26.7222,0.0000,52.3939,0.0000,0.5433
7.0000,27.0507,0.0000,52.2359,0.0000,0.5431
7.1000,27.3736,0.0000,52.0780,0.0000,0.5430
7.2000,27.6910,0.0000,51.9203,0.0000,0.5428
7.3000,28.0030,0.0000,51.7627,0.0000,0.5427
7.4000,28.3100,0.0000,51.6052,0.0000,0.5425
7.5000,28.6120,0.0000,51.4478,0.0000,0.5424
7.6000,28.9092,0.0000,51.2906,0.0000,0.5422
7.7000,29.2018,0.0000,51.1335,0.0000,0.5421
7.8000,29.4899,0.0000,50.9766,0.0000,0.5419
7.9000,29.7736,0.0000,50.8199,0.0000,0.5418
8.0000,30.0531,0.0000,50.6634,0.0000,0.5416
8.1000,30.3285,0.0000,50.5070,0.0000,0.5415
8.2000,30.5998,0.0000,50.3509,0.0000,0.5413
8.3000,30.8673,0.0000,50.1951,0.0000,0.5412
8.4000,31.1311,0.0000,50.0395,0.0000,0.5410
8.5000,31.3911,0.0000,49.8842,0.0000,0.5409
8.6000,31.6476,0.0000,49.7292,0.0000,0.5407
8.7000,31.9005,0.0000,49.5744,0.0000,0.5406
8.8000,32.1501,0.0000,49.4201,0.0000,0.5404
8.9000,32.3963,0.0000,49.2660,0.0000,0.5403
9.0000,32.6393,0.0000,49.1123,0.0000,0.5401
9.1000,32.8791,0.0000,48.9589,0.0000,0.5400
9.2000,33.1158,0.0000,48.8060,0.0000,0.5399
9.3000,33.3495,0.0000,48.6534,0.0000,0.5397
9.4000,33.5802,0.0000,48.5013,0.0000,0.5396
9.5000,33.8081,0.0000,48.3496,0.0000,0.5394
9.6000,34.0331,0.0000,48.1983,0.0000,0.5393
9.7000,34.2553,0.0000,48.0475,0.0000,0.5391
9.8000,34.4749,0.0000,47.8971,0.0000,0.5390
9.9000,34.6917,0.0000,47.7473,0.0000,0.5389
10.0000,34.9060,0.0000,47.5979,0.0000,0.5387
10.1000,35.1178,0.0000,47.4490,0.0000,0.5386
10.2000,35.3270,0.0000,47.3006,0.0000,0.5384
10.3000,35.5338,0.0000,47.1528,0.0000,0.5383
10.4000,35.7382,0.0000,47.0055,0.0000,0.5382
10.5000,35.9402,0.0000,46.8588,0.0000,0.5380
10.6000,36.1399,0.0000,46.7126,0.0000,0.5379
10.7000,36.3374,0.0000,46.5670,0.0000,0.5377
10.8000,36.5326,0.0000,46.4219,0.0000,0.5376
10.9000,36.7257,0.0000,46.2774,0.0000,0.5375
11.0000,36.9166,0.0000,46.1336,0.0000,0.5373
11.1000,37.1054,0.0000,45.9903,0.0000,0.5372
11.2000,37.2921,0.0000,45.8477,0.0000,0.5371
11.3000,37.4768,0.0000,45.7056,0.0000,0.5369
11.4000,37.6595,0.0000,45.5642,0.0000,0.5368
11.5000,37.8402,0.0000,45.4235,0.0000,0.5367
11.6000,38.0190,0.0000,45.2833,0.0000,0.5365
11.7000,38.1959,0.0000,45.1438,0.0000,0.5364
11.8000,38.3710,0.0000,45.0050,0.0000,0.5363
11.9000,38.5441,0.0000,44.8668,0.0000,0.5361
12.0000,38.7155,0.0000,44.7293,0.0000,0.5360
12.1000,38.8851,0.0000,44.5924,0.0000,0.5359
12.2000,39.0530,0.0000,44.4563,0.0000,0.5357
12.3000,39.2191,0.0000,44.3208,0.0000,0.5356
12.4000,39.3835,0.0000,44.1859,0.0000,0.5355
12.5000,39.5463,0.0000,44.0518,0.0000,0.5354
12.6000,39.7074,0.0000,43.9183,0.0000,0.5352
12.7000,39.8668,0.0000,43.7856,0.0000,0.5351
12.8000,40.0247,0.0000,43.6535,0.0000,0.5350
12.9000,40.1811,0.0000,43.5222,0.0000,0.5348
13.0000,40.3358,0.0000,43.3915,0.0000,0.5347
13.1000,40.4891,0.0000,43.2615,0.0000,0.5346
13.2000,40.6408,0.0000,43.1323,0.0000,0.5345
13.3000,40.7910,0.0000,43.0037,0.0000,0.5343
13.4000,40.9398,0.0000,42.8759,0.0000,0.5342
13.5000,41.0872,0.0000,42.7487,0.0000,0.5341
13.6000,41.2331,0.0000,42.6223,0.0000,0.5340
13.7000,41.3776,0.0000,42.4966,0.0000,0.5338
13.8000,41.5208,0.0000,42.3716,0.0000,0.5337
13.9000,41.6626,0.0000,42.2473,0.0000,0.5336
14.0000,41.8030,0.0000,42.1238,0.0000,0.5335
14.1000,41.9421,0.0000,42.0009,0.0000,0.5333
14.2000,42.0799,0.0000,41.8788,0.0000,0.5332
14.3000,42.2164,0.0000,41.7574,0.0000,0.5331
14.4000,42.3517,0.0000,41.6367,0.0000,0.5330
14.5000,42.4856,0.0000,41.5167,0.0000,0.5328
14.6000,42.6184,0.0000,41.3975,0.0000,0.5327
14.7000,42.7499,0.0000,41.2789,0.0000,0.5326
14.8000,42.8802,0.0000,41.1611,0.0000,0.5325
14.9000,43.0093,0.0000,41.0440,0.0000,0.5324
15.0000,43.1373,0.0000,40.9276,0.0000,0.5322
15.1000,43.2641,0.0000,40.8120,0.0000,0.5321
15.2000,43.3897,0.0000,40.6970,0.0000,0.5320
15.3000,43.5142,0.0000,40.5827,0.0000,0.5319
15.4000,43.6376,0.0000,40.4692,0.0000,0.5318
15.5000,43.7598,0.0000,40.3564,0.0000,0.5316
15.6000,43.8810,0.0000,40.2442,0.0000,0.5315
15.7000,44.0011,0.0000,40.1328,0.0000,0.5314
15.8000,44.1202,0.0000,40.0221,0.0000,0.5313
15.9000,44.2382,0.0000,39.9121,0.0000,0.5312
16.0000,44.3551,0.0000,39.8028,0.0000,0.5310
16.1000,44.4711,0.0000,39.6942,0.0000,0.5309
16.2000,44.5860,0.0000,39.5863,0.0000,0.5308
16.3000,44.6999,0.0000,39.4791,0.0000,0.5307
16.4000,44.8128,0.0000,39.3726,0.0000,0.5306
16.5000,44.9247,0.0000,39.2667,0.0000,0.5305
16.6000,45.0357,0.0000,39.1616,0.0000,0.5303
16.7000,45.1457,0.0000,39.0572,0.0000,0.5302
16.8000,45.2548,0.0000,38.9534,0.0000,0.5301
16.9000,45.3629,0.0000,38.8503,0.0000,0.5300
17.0000,45.4702,0.0000,38.7479,0.0000,0.5299
17.1000,45.5765,0.0000,38.6462,0.0000,0.5298
17.2000,45.6819,0.0000,38.5451,0.0000,0.5297
17.3000,45.7864,0.0000,38.4447,0.0000,0.5295
17.4000,45.8900,0.0000,38.3450,0.0000,0.5294
17.5000,45.9928,0.0000,38.2460,0.0000,0.5293
17.6000,46.0947,0.0000,38.1476,0.0000,0.5292
17.7000,46.1957,0.0000,38.0499,0.0000,0.5291
17.8000,46.2959,0.0000,39.0876,0.0000,0.5290
17.9000,46.4045,0.0000,41.2985,0.0000,0.5289
18.0000,46.5218,0.0000,43.5714,0.0000,0.5287
18.1000,46.6477,0.0000,45.7668,0.0000,0.5286
18.2000,46.7815,0.0000,47.7292,0.0000,0.5285
18.3000,46.9220,0.0000,48.2994,0.0000,0.5283
18.4000,47.0589,0.0000,47.4448,0.0000,0.5282
18.5000,47.1911,0.0000,46.3013,0.0000,0.5280
18.6000,47.3175,0.0000,45.0209,0.0000,0.5279
18.7000,47.4382,0.0000,43.7716,0.0000,0.5278
18.8000,47.5535,0.0000,42.5720,0.0000,0.5277
18.9000,47.6636,0.0000,41.4207,0.0000,0.5275
19.0000,47.7687,0.0000,40.3158,0.0000,0.5274
19.1000,47.8691,0.0000,39.2362,0.0000,0.5273
19.2000,47.9649,0.0000,38.2006,0.0000,0.5272
19.3000,48.0563,0.0000,37.2271,0.0000,0.5271
19.4000,48.1436,0.0000,36.2937,0.0000,0.5270
19.5000,48.2270,0.0000,35.3989,0.0000,0.5269
19.6000,48.3066,0.0000,34.5204,0.0000,0.5268
19.7000,48.3825,0.0000,33.6735,0.0000,0.5267
19.8000,48.4549,0.0000,32.8831,0.0000,0.5266
19.9000,48.5241,0.0000,32.1309,0.0000,0.5265
20.0000,48.5902,0.0000,31.4104,0.0000,0.5264
20.1000,48.6532,0.0000,30.7614,0.0000,0.5263
20.2000,48.7138,0.0000,30.1452,0.0000,0.5262
20.3000,48.7717,0.0000,29.5142,0.0000,0.5261
20.4000,48.8270,0.0000,28.9052,0.0000,0.5260
20.5000,48.8797,0.0000,28.3222,0.0000,0.5259
20.6000,48.9302,0.0000,27.7643,0.0000,0.5259
20.7000,48.9783,0.0000,27.2303,0.0000,0.5258
20.8000,49.0243,0.0000,26.7194,0.0000,0.5257
20.9000,49.0682,0.0000,26.2305,0.0000,0.5256
21.0000,49.1101,0.0000,25.7628,0.0000,0.5255
21.1000,49.1502,0.0000,25.3153,0.0000,0.5255
21.2000,49.1884,0.0000,24.8873,0.0000,0.5254
21.3000,49.2249,0.0000,24.4779,0.0000,0.5253
21.4000,49.2598,0.0000,24.0863,0.0000,0.5252
21.5000,49.2931,0.0000,23.7118,0.0000,0.5252
21.6000,49.3249,0.0000,23.3537,0.0000,0.5251
21.7000,49.3553,0.0000,23.0113,0.0000,0.5250
21.8000,49.3843,0.0000,22.6838,0.0000,0.5249
21.9000,49.4120,0.0000,22.3708,0.0000,0.5249
22.0000,49.4385,0.0000,22.0714,0.0000,0.5248
22.1000,49.4637,0.0000,21.7853,0.0000,0.5247
22.2000,49.4879,0.0000,21.3866,0.0000,0.5247
22.3000,49.5100,0.0000,20.6963,0.0000,0.5246
22.4000,49.5287,0.0000,19.7384,0.0000,0.5246
22.5000,49.5434,0.0000,18.8099,0.0000,0.5245
22.6000,49.5550,0.0000,18.2267,0.0000,0.5244
22.7000,49.5652,0.0000,17.9954,0.0000,0.5244
22.8000,49.5749,0.0000,18.1995,0.0000,0.5243
22.9000,49.5866,0.0000,18.7937,0.0000,0.5243
23.0000,49.6009,0.0000,19.1247,0.0000,0.5242
23.1000,49.6150,0.0000,18.9224,0.0000,0.5241
23.2000,49.6276,0.0000,18.6017,0.0000,0.5241
23.3000,49.6393,0.0000,18.1826,0.0000,0.5240
23.4000,49.6486,0.0000,17.6663,0.0000,0.5240
23.5000,49.6563,0.0000,17.5307,0.0000,0.5239
23.6000,49.6646,0.0000,17.5809,0.0000,0.5239
23.7000,49.6726,0.0000,17.2712,0.0000,0.5238
23.8000,49.6785,0.0000,16.7666,0.0000,0.5238
23.9000,49.6826,0.0000,16.2483,0.0000,0.5237
24.0000,49.6846,0.0000,15.5792,0.0000,0.5237
24.1000,49.6836,0.0000,15.0538,0.0000,0.5236
24.2000,49.6816,0.0000,15.1686,0.0000,0.5236
24.3000,49.6815,0.0000,15.6446,0.0000,0.5235
24.4000,49.6831,0.0000,16.1851,0.0000,0.5235
24.5000,49.6871,0.0000,16.9685,0.0000,0.5234
24.6000,49.6947,0.0000,17.7594,0.0000,0.5233
24.7000,49.7046,0.0000,18.1893,0.0000,0.5233
24.8000,49.7154,0.0000,18.4391,0.0000,0.5232
24.9000,49.7272,0.0000,18.6427,0.0000,0.5232
25.0000,49.7394,0.0000,18.6367,0.0000,0.5231
25.1000,49.7512,0.0000,18.5093,0.0000,0.5231
25.2000,49.7624,0.0000,18.3808,0.0000,0.5230
25.3000,49.7731,0.0000,18.2581,0.0000,0.5229
25.4000,49.7833,0.0000,18.1409,0.0000,0.5229
25.5000,49.7930,0.0000,18.0289,0.0000,0.5228
25.6000,49.8023,0.0000,17.9219,0.0000,0.5228
25.7000,49.8112,0.0000,17.8197,0.0000,0.5227
25.8000,49.8197,0.0000,17.7221,0.0000,0.5227
25.9000,49.8278,0.0000,17.6288,0.0000,0.5226
26.0000,49.8356,0.0000,17.5396,0.0000,0.5226
26.1000,49.8430,0.0000,17.4545,0.0000,0.5225
26.2000,49.8500,0.0000,17.3732,0.0000,0.5224
26.3000,49.8568,0.0000,17.2955,0.0000,0.5224
26.4000,49.8632,0.0000,17.2213,0.0000,0.5223
26.5000,49.8694,0.0000,17.1504,0.0000,0.5223
26.6000,49.8753,0.0000,17.0826,0.0000,0.5222
26.7000,49.8809,0.0000,17.0180,0.0000,0.5222
26.8000,49.8862,0.0000,16.9562,0.0000,0.5221
26.9000,49.8914,0.0000,16.8971,0.0000,0.5221
27.0000,49.8963,0.0000,16.8408,0.0000,0.5220
27.1000,49.9009,0.0000,16.7869,0.0000,0.5220
27.2000,49.9054,0.0000,16.7355,0.0000,0.5219
27.3000,49.9096,0.0000,16.6863,0.0000,0.5219
27.4000,49.9137,0.0000,16.6394,0.0000,0.5218
27.5000,49.9176,0.0000,16.5946,0.0000,0.5217
27.6000,49.9213,0.0000,16.5518,0.0000,0.5217
27.7000,49.9248,0.0000,16.5109,0.0000,0.5216
27.8000,49.9282,0.0000,16.4718,0.0000,0.5216
27.9000,49.9314,0.0000,16.4345,0.0000,0.5215
28.0000,49.9345,0.0000,16.3989,0.0000,0.5215
28.1000,49.9375,0.0000,16.3648,0.0000,0.5214
28.2000,49.9403,0.0000,16.3323,0.0000,0.5214
28.3000,49.9430,0.0000,16.3013,0.0000,0.5213
28.4000,49.9455,0.0000,16.2716,0.0000,0.5213
28.5000,49.9480,0.0000,16.2433,0.0000,0.5212
28.6000,49.9503,0.0000,16.2163,0.0000,0.5212
28.7000,49.9526,0.0000,16.1904,0.0000,0.5211
28.8000,49.9547,0.0000,16.1658,0.0000,0.5211
28.9000,49.9567,0.0000,16.1422,0.0000,0.5210
29.0000,49.9587,0.0000,16.1197,0.0000,0.5210
29.1000,49.9605,0.0000,16.0982,0.0000,0.5209
29.2000,49.9623,0.0000,16.0777,0.0000,0.5209
29.3000,49.9640,0.0000,16.0581,0.0000,0.5208
29.4000,49.9656,0.0000,16.0393,0.0000,0.5208
29.5000,49.9672,0.0000,16.0214,0.0000,0.5207
29.6000,49.9687,0.0000,16.0044,0.0000,0.5207
29.7000,49.9701,0.0000,15.9880,0.0000,0.5206
29.8000,49.9714,0.0000,15.9725,0.0000,0.5206
29.9000,49.9727,0.0000,15.9576,0.0000,0.5205
30.0000,49.9739,0.0000,15.9434,0.0000,0.5205
30.1000,49.9751,0.0000,15.9298,0.0000,0.5204
30.2000,49.9762,0.0000,15.9168,0.0000,0.5204
30.3000,49.9773,0.0000,15.9045,0.0000,0.5203
30.4000,49.9783,0.0000,15.8926,0.0000,0.5203
30.5000,49.9793,0.0000,15.8813,0.0000,0.5202
30.6000,49.9802,0.0000,15.8706,0.0000,0.5202
30.7000,49.9811,0.0000,15.8603,0.0000,0.5201
30.8000,49.9820,0.0000,15.8504,0.0000,0.5201
30.9000,49.9828,0.0000,15.8410,0.0000,0.5200
31.0000,49.9836,0.0000,15.8321,0.0000,0.5199
31.1000,49.9843,0.0000,15.8235,0.0000,0.5199
31.2000,49.9850,0.0000,15.8153,0.0000,0.5198
31.3000,49.9857,0.0000,15.8075,0.0000,0.5198
31.4000,49.9863,0.0000,15.8000,0.0000,0.5197
31.5000,49.9869,0.0000,15.7929,0.0000,0.5197
31.6000,49.9875,0.0000,15.7861,0.0000,0.5196
31.7000,49.9881,0.0000,15.7796,0.0000,0.5196
31.8000,49.9886,0.0000,15.7734,0.0000,0.5195
31.9000,49.9891,0.0000,15.7675,0.0000,0.5195
32.0000,49.9896,0.0000,15.7618,0.0000,0.5194
32.1000,49.9901,0.0000,15.7564,0.0000,0.5194
32.2000,49.9905,0.0000,15.7512,0.0000,0.5193
32.3000,49.9910,0.0000,15.7463,0.0000,0.5193
32.4000,49.9914,0.0000,15.7416,0.0000,0.5192
32.5000,49.9918,0.0000,15.7371,0.0000,0.5192
32.6000,49.9921,0.0000,15.7328,0.0000,0.5191
32.7000,49.9925,0.0000,15.7287,0.0000,0.5191
32.8000,49.9928,0.0000,15.7248,0.0000,0.5190
32.9000,49.9931,0.0000,15.7210,0.0000,0.5190
33.0000,49.9935,0.0000,15.7175,0.0000,0.5189
33.1000,49.9937,0.0000,15.7141,0.0000,0.5189
33.2000,49.9940,0.0000,15.7108,0.0000,0.5188
33.3000,49.9943,0.0000,15.7077,0.0000,0.5188
33.4000,49.9946,0.0000,15.7047,0.0000,0.5187
33.5000,49.9948,0.0000,15.7019,0.0000,0.5187
33.6000,49.9950,0.0000,15.6992,0.0000,0.5186
33.7000,49.9953,0.0000,15.6966,0.0000,0.5186
33.8000,49.9955,0.0000,15.6941,0.0000,0.5185
33.9000,49.9957,0.0000,15.6917,0.0000,0.5185
34.0000,49.9959,0.0000,15.6895,0.0000,0.5184
34.1000,49.9961,0.0000,15.6873,0.0000,0.5184
34.2000,49.9962,0.0000,15.6853,0.0000,0.5183
34.3000,49.9964,0.0000,15.6833,0.0000,0.5183
34.4000,49.9966,0.0000,15.6814,0.0000,0.5182
34.5000,49.9967,0.0000,15.6796,0.0000,0.5182
34.6000,49.9969,0.0000,15.6779,0.0000,0.5181
34.7000,49.9970,0.0000,15.6763,0.0000,0.5181
34.8000,49.9971,0.0000,15.6747,0.0000,0.5180
34.9000,49.9973,0.0000,15.6732,0.0000,0.5180
35.0000,49.9974,0.0000,15.6718,0.0000,0.5179
35.1000,49.9975,0.0000,15.6705,0.0000,0.5179
35.2000,49.9976,0.0000,15.6692,0.0000,0.5178
35.3000,49.9977,0.0000,15.6679,0.0000,0.5178
35.4000,49.9978,0.0000,15.6667,0.0000,0.5177
35.5000,49.9979,0.0000,15.6656,0.0000,0.5177
35.6000,49.9980,0.0000,15.6645,0.0000,0.5176
35.7000,49.9981,0.0000,15.6635,0.0000,0.5176
35.8000,49.9982,0.0000,15.6625,0.0000,0.5175
35.9000,49.9983,0.0000,15.6616,0.0000,0.5175
36.0000,49.9984,0.0000,15.6607,0.0000,0.5174
36.1000,49.9984,0.0000,15.6598,0.0000,0.5174
36.2000,49.9985,0.0000,15.6590,0.0000,0.5173
36.3000,49.9986,0.0000,15.6582,0.0000,0.5173
36.4000,49.9986,0.0000,15.6575,0.0000,0.5172
36.5000,49.9987,0.0000,15.6568,0.0000,0.5172
36.6000,49.9988,0.0000,15.6561,0.0000,0.5171
36.7000,49.9988,0.0000,15.6554,0.0000,0.5171
36.8000,49.9989,0.0000,15.6548,0.0000,0.5170
36.9000,49.9989,0.0000,15.6542,0.0000,0.5170
37.0000,49.9990,0.0000,15.6536,0.0000,0.5169
37.1000,49.9990,0.0000,15.6531,0.0000,0.5169
37.2000,49.9991,0.0000,15.6526,0.0000,0.5168
37.3000,49.9991,0.0000,15.6521,0.0000,0.5168
37.4000,49.9991,0.0000,15.6516,0.0000,0.5167
37.5000,49.9992,0.0000,15.6512,0.0000,0.5167
37.6000,49.9992,0.0000,15.6507,0.0000,0.5166
37.7000,49.9992,0.0000,15.6503,0.0000,0.5166
37.8000,49.9993,0.0000,15.6499,0.0000,0.5165
37.9000,49.9993,0.0000,15.6496,0.0000,0.5165
38.0000,49.9993,0.0000,15.6492,0.0000,0.5164
38.1000,49.9994,0.0000,15.6489,0.0000,0.5164
38.2000,49.9994,0.0000,15.6485,0.0000,0.5163
38.3000,49.9994,0.0000,15.6482,0.0000,0.5163
38.4000,49.9995,0.0000,15.6479,0.0000,0.5162
38.5000,49.9995,0.0000,15.6476,0.0000,0.5162
38.6000,49.9995,0.0000,15.6474,0.0000,0.5161
38.7000,49.9995,0.0000,15.6471,0.0000,0.5161
38.8000,49.9995,0.0000,15.6469,0.0000,0.5160
38.9000,49.9996,0.0000,15.6466,0.0000,0.5160
39.0000,49.9996,0.0000,15.6464,0.0000,0.5159
39.1000,49.9996,0.0000,15.6462,0.0000,0.5159
39.2000,49.9996,0.0000,15.6460,0.0000,0.5158
39.3000,49.9996,0.0000,15.6458,0.0000,0.5158
39.4000,49.9997,0.0000,15.6456,0.0000,0.5157
39.5000,49.9997,0.0000,15.6454,0.0000,0.5157
39.6000,49.9997,0.0000,15.6453,0.0000,0.5156
39.7000,49.9997,0.0000,15.6451,0.0000,0.5156
39.8000,49.9997,0.0000,15.6449,0.0000,0.5155
39.9000,49.9997,0.0000,15.6448,0.0000,0.5155
40.0000,49.9997,0.0000,15.6446,0.0000,0.5154
40.1000,49.9998,0.0000,15.6445,0.0000,0.5154
40.2000,49.9998,0.0000,15.6444,0.0000,0.5153
40.3000,49.9998,0.0000,15.6443,0.0000,0.5153
40.4000,49.9998,0.0000,15.6441,0.0000,0.5152
40.5000,49.9998,0.0000,15.6440,0.0000,0.5152
40.6000,49.9998,0.0000,15.6439,0.0000,0.5151
40.7000,49.9998,0.0000,15.6438,0.0000,0.5151
40.8000,49.9998,0.0000,15.6437,0.0000,0.5150
40.9000,49.9998,0.0000,15.6436,0.0000,0.5150
41.0000,49.9998,0.0000,15.6435,0.0000,0.5149
41.1000,49.9998,0.0000,15.6434,0.0000,0.5149
41.2000,49.9998,0.0000,15.6434,0.0000,0.5148
41.3000,49.9999,0.0000,15.6433,0.0000,0.5148
41.4000,49.9999,0.0000,15.6432,0.0000,0.5147
41.5000,49.9999,0.0000,15.6431,0.0000,0.5147
41.6000,49.9999,0.0000,15.6431,0.0000,0.5146
41.7000,49.9999,0.0000,15.6430,0.0000,0.5146
41.8000,49.9999,0.0000,15.6429,0.0000,0.5145
41.9000,49.9999,0.0000,15.6429,0.0000,0.5145
42.0000,49.9999,0.0000,15.6428,0.0000,0.5144
42.1000,49.9999,0.0000,15.6428,0.0000,0.5144
42.2000,49.9999,0.0000,15.6427,0.0000,0.5143
42.3000,49.9999,0.0000,15.6427,0.0000,0.5143
42.4000,49.9999,0.0000,15.6426,0.0000,0.5142
42.5000,49.9999,0.0000,15.6426,0.0000,0.5142
42.6000,49.9999,0.0000,15.6425,0.0000,0.5141
42.7000,49.9999,0.0000,15.6425,0.0000,0.5141
42.8000,49.9999,0.0000,15.6425,0.0000,0.5140
42.9000,49.9999,0.0000,15.6424,0.0000,0.5140
43.0000,49.9999,0.0000,15.6424,0.0000,0.5139
43.1000,49.9999,0.0000,15.6423,0.0000,0.5139
43.2000,49.9999,0.0000,15.6423,0.0000,0.5138
43.3000,49.9999,0.0000,15.6423,0.0000,0.5138
43.4000,49.9999,0.0000,15.6423,0.0000,0.5137
43.5000,49.9999,0.0000,15.6422,0.0000,0.5137
43.6000,50.0000,0.0000,15.6422,0.0000,0.5136
43.7000,50.0000,0.0000,15.6422,0.0000,0.5136
43.8000,50.0000,0.0000,15.6421,0.0000,0.5135
43.9000,50.0000,0.0000,15.6421,0.0000,0.5135
44.0000,50.0000,0.0000,15.6421,0.0000,0.5134
44.1000,50.0000,0.0000,15.6421,0.0000,0.5134
44.2000,50.0000,0.0000,15.6421,0.0000,0.5133
44.3000,50.0000,0.0000,15.6420,0.0000,0.5133
44.4000,50.0000,0.0000,15.6420,0.0000,0.5132
44.5000,50.0000,0.0000,15.6420,0.0000,0.5132
44.6000,50.0000,0.0000,15.6420,0.0000,0.5131
44.7000,50.0000,0.0000,15.6420,0.0000,0.5131
44.8000,50.0000,0.0000,15.6420,0.0000,0.5130
44.9000,50.0000,0.0000,15.6419,0.0000,0.5130
45.0000,50.0000,0.0000,15.6419,0.0000,0.5129
45.1000,50.0000,0.0000,15.6419,0.0000,0.5129
45.2000,50.0000,0.0000,15.6419,0.0000,0.5128
45.3000,50.0000,0.0000,15.6419,0.0000,0.5128
45.4000,50.0000,0.0000,15.6419,0.0000,0.5127
45.5000,50.0000,0.0000,15.6419,0.0000,0.5127
45.6000,50.0000,0.0000,15.6418,0.0000,0.5126
45.7000,50.0000,0.0000,15.6418,0.0000,0.5126
45.8000,50.0000,0.0000,15.6418,0.0000,0.5125
45.9000,50.0000,0.0000,15.6418,0.0000,0.5125
46.0000,50.0000,0.0000,15.6418,0.0000,0.5124
46.1000,50.0000,0.0000,15.6418,0.0000,0.5124
46.2000,50.0000,0.0000,15.6418,0.0000,0.5123
46.3000,50.0000,0.0000,15.6418,0.0000,0.5123
46.4000,50.0000,0.0000,15.6418,0.0000,0.5122
46.5000,50.0000,0.0000,15.6418,0.0000,0.5122
46.6000,50.0000,0.0000,15.6418,0.0000,0.5121
46.7000,50.0000,0.0000,15.6418,0.0000,0.5121
46.8000,50.0000,0.0000,15.6418,0.0000,0.5120
46.9000,50.0000,0.0000,15.6417,0.0000,0.5120
47.0000,50.0000,0.0000,15.6417,0.0000,0.5119
47.1000,50.0000,0.0000,15.6417,0.0000,0.5119
47.2000,50.0000,0.0000,15.6417,0.0000,0.5118
47.3000,50.0000,0.0000,15.6417,0.0000,0.5118
47.4000,50.0000,0.0000,15.6417,0.0000,0.5117
47.5000,50.0000,0.0000,15.6417,0.0000,0.5117
47.6000,50.0000,0.0000,15.6417,0.0000,0.5116
47.7000,50.0000,0.0000,15.6417,0.0000,0.5116
47.8000,50.0000,0.0000,15.6417,0.0000,0.5115
47.9000,50.0000,0.0000,15.6417,0.0000,0.5115
48.0000,50.0000,0.0000,15.6417,0.0000,0.5114
48.1000,50.0000,0.0000,15.6417,0.0000,0.5114
48.2000,50.0000,0.0000,15.6417,0.0000,0.5113
48.3000,50.0000,0.0000,15.6417,0.0000,0.5113
48.4000,50.0000,0.0000,15.6417,0.0000,0.5112
48.5000,50.0000,0.0000,15.6417,0.0000,0.5112
48.6000,50.0000,0.0000,15.6417,0.0000,0.5111
48.7000,50.0000,0.0000,15.6417,0.0000,0.5111
48.8000,50.0000,0.0000,15.6417,0.0000,0.5110
48.9000,50.0000,0.0000,15.6417,0.0000,0.5110
49.0000,50.0000,0.0000,15.6417,0.0000,0.5109
49.1000,50.0000,0.0000,15.6417,0.0000,0.5109
49.2000,50.0000,0.0000,15.6417,0.0000,0.5108
49.3000,50.0000,0.0000,15.6417,0.0000,0.5108
49.4000,50.0000,0.0000,15.6417,0.0000,0.5107
49.5000,50.0000,0.0000,15.6417,0.0000,0.5107
49.6000,50.0000,0.0000,15.6417,0.0000,0.5106
49.7000,50.0000,0.0000,15.6417,0.0000,0.5106
49.8000,50.0000,0.0000,15.6417,0.0000,0.5105
49.9000,50.0000,0.0000,15.6417,0.0000,0.5105
50.0000,50.0000,0.0000,15.6416,0.0000,0.5104
50.1000,50.0000,0.0000,15.6416,0.0000,0.5104
50.2000,50.0000,0.0000,15.6416,0.0000,0.5103
50.3000,50.0000,0.0000,15.6416,0.0000,0.5103
50.4000,50.0000,0.0000,15.6416,0.0000,0.5102
50.5000,50.0000,0.0000,15.6416,0.0000,0.5102
50.6000,50.0000,0.0000,15.6416,0.0000,0.5101
50.7000,50.0000,0.0000,15.6416,0.0000,0.5101
50.8000,50.0000,0.0000,15.6416,0.0000,0.5100
50.9000,50.0000,0.0000,15.6416,0.0000,0.5100
51.0000,50.0000,0.0000,15.6416,0.0000,0.5099
51.1000,50.0000,0.0000,15.6416,0.0000,0.5099
51.2000,50.0000,0.0000,15.6416,0.0000,0.5098
51.3000,50.0000,0.0000,15.6416,0.0000,0.5098
51.4000,50.0000,0.0000,15.6416,0.0000,0.5097
51.5000,50.0000,0.0000,15.6416,0.0000,0.5097
51.6000,50.0000,0.0000,15.6416,0.0000,0.5096
51.7000,50.0000,0.0000,15.6416,0.0000,0.5096
51.8000,50.0000,0.0000,15.6416,0.0000,0.5095
51.9000,50.0000,0.0000,15.6416,0.0000,0.5095
52.0000,50.0000,0.0000,15.6416,0.0000,0.5094
52.1000,50.0000,0.0000,15.6416,0.0000,0.5094
52.2000,50.0000,0.0000,15.6416,0.0000,0.5093
52.3000,50.0000,0.0000,15.6416,0.0000,0.5093
52.4000,50.0000,0.0000,15.6416,0.0000,0.5092
52.5000,50.0000,0.0000,15.6416,0.0000,0.5092
52.6000,50.0000,0.0000,15.6416,0.0000,0.5091
52.7000,50.0000,0.0000,15.6416,0.0000,0.5091
52.8000,50.0000,0.0000,15.6416,0.0000,0.5090
52.9000,50.0000,0.0000,15.6416,0.0000,0.5090
53.0000,50.0000,0.0000,15.6416,0.0000,0.5089
53.1000,50.0000,0.0000,15.6416,0.0000,0.5089
53.2000,50.0000,0.0000,15.6416,0.0000,0.5088
53.3000,50.0000,0.0000,15.6416,0.0000,0.5088
53.4000,50.0000,0.0000,15.6416,0.0000,0.5087
53.5000,50.0000,0.0000,15.6416,0.0000,0.5087
53.6000,50.0000,0.0000,15.6416,0.0000,0.5086
53.7000,50.0000,0.0000,15.6416,0.0000,0.5086
53.8000,50.0000,0.0000,15.6416,0.0000,0.5085
53.9000,50.0000,0.0000,15.6416,0.0000,0.5085
54.0000,50.0000,0.0000,15.6416,0.0000,0.5084
54.1000,50.0000,0.0000,15.6416,0.0000,0.5084
54.2000,50.0000,0.0000,15.6416,0.0000,0.5083
54.3000,50.0000,0.0000,15.6416,0.0000,0.5083
54.4000,50.0000,0.0000,15.6416,0.0000,0.5082
54.5000,50.0000,0.0000,15.6416,0.0000,0.5082
54.6000,50.0000,0.0000,15.6416,0.0000,0.5081
54.7000,50.0000,0.0000,15.6416,0.0000,0.5081
54.8000,50.0000,0.0000,15.6416,0.0000,0.5080
54.9000,50.0000,0.0000,15.6416,0.0000,0.5080
55.0000,50.0000,0.0000,15.6416,0.0000,0.5079
55.1000,50.0000,0.0000,15.6416,0.0000,0.5079
55.2000,50.0000,0.0000,15.6416,0.0000,0.5078
55.3000,50.0000,0.0000,15.6416,0.0000,0.5078
55.4000,50.0000,0.0000,15.6416,0.0000,0.5077
55.5000,50.0000,0.0000,15.6416,0.0000,0.5077
55.6000,50.0000,0.0000,15.6416,0.0000,0.5076
55.7000,50.0000,0.0000,15.6416,0.0000,0.5076
55.8000,50.0000,0.0000,15.6416,0.0000,0.5075
55.9000,50.0000,0.0000,15.6416,0.0000,0.5075
56.0000,50.0000,0.0000,15.6416,0.0000,0.5074
56.1000,50.0000,0.0000,15.6416,0.0000,0.5074
56.2000,50.0000,0.0000,15.6120,0.0000,0.5073
56.3000,49.9998,0.0000,15.5322,0.0000,0.5073
56.4000,49.9992,0.0000,15.3091,0.0000,0.5072
56.5000,49.9973,0.0000,14.9998,0.0000,0.5072
56.6000,49.9943,0.0000,14.8801,0.0000,0.5071
56.7000,49.9915,0.0000,14.9422,0.0000,0.5071
56.8000,49.9891,0.0000,15.0529,0.0000,0.5070
56.9000,49.9871,0.0000,15.3055,0.0000,0.5070
57.0000,49.9866,0.0000,15.6430,0.0000,0.5069
57.1000,49.9872,0.0000,15.7896,0.0000,0.5069
57.2000,49.9878,0.0000,15.7260,0.0000,0.5068
57.3000,49.9879,0.0000,15.6650,0.0000,0.5068
57.4000,49.9880,0.0000,15.5596,0.0000,0.5067
57.5000,49.9873,0.0000,15.4586,0.0000,0.5067
57.6000,49.9867,0.0000,15.4661,0.0000,0.5066
57.7000,49.9861,0.0000,15.4109,0.0000,0.5066
57.8000,49.9850,0.0000,15.3352,0.0000,0.5065
57.9000,49.9838,0.0000,15.4292,0.0000,0.5065
58.0000,49.9835,0.0000,15.5421,0.0000,0.5064
58.1000,49.9832,0.0000,15.5459,0.0000,0.5064
58.2000,49.9828,0.0000,15.6380,0.0000,0.5063
58.3000,49.9832,0.0000,15.7492,0.0000,0.5063
58.4000,49.9837,0.0000,15.5638,0.0000,0.5062
58.5000,49.9827,0.0000,15.2200,0.0000,0.5062
58.6000,49.9806,0.0000,14.7328,0.0000,0.5061
58.7000,49.9759,0.0000,13.7580,0.0000,0.5061
58.8000,49.9665,0.0000,12.5556,0.0000,0.5060
58.9000,49.9528,0.0000,11.9117,0.0000,0.5060
59.0000,49.9385,0.0000,11.6508,0.0000,0.5060
59.1000,49.9229,0.0000,11.5909,0.0000,0.5059
59.2000,49.9083,0.0000,12.1902,0.0000,0.5059
59.3000,49.8972,0.0000,13.0092,0.0000,0.5058
59.4000,49.8888,0.0000,13.4969,0.0000,0.5058
59.5000,49.8815,0.0000,14.0303,0.0000,0.5058
59.6000,49.8772,0.0000,14.5603,0.0000,0.5057
59.7000,49.8738,0.0000,14.8678,0.0000,0.5057
59.8000,49.8719,0.0000,15.2980,0.0000,0.5056
59.9000,49.8718,0.0000,15.5406,0.0000,0.5056
60.0000,49.8717,0.0000,15.5188,0.0000,0.5055
60.1000,49.8715,0.0000,15.7175,0.0000,0.5055
60.2000,49.8729,0.0000,16.0615,0.0000,0.5054
60.3000,49.8753,0.0000,16.2780,0.0000,0.5054
60.4000,49.8783,0.0000,16.6160,0.0000,0.5053
60.5000,49.8832,0.0000,16.9152,0.0000,0.5053
60.6000,49.8885,0.0000,16.9305,0.0000,0.5052
60.7000,49.8935,0.0000,16.8726,0.0000,0.5051
60.8000,49.8983,0.0000,16.8173,0.0000,0.5051
60.9000,49.9029,0.0000,16.7645,0.0000,0.5050
61.0000,49.9072,0.0000,16.7141,0.0000,0.5050
61.1000,49.9114,0.0000,16.6659,0.0000,0.5049
61.2000,49.9154,0.0000,16.6199,0.0000,0.5049
61.3000,49.9192,0.0000,16.5759,0.0000,0.5048
61.4000,49.9228,0.0000,16.5340,0.0000,0.5048
61.5000,49.9263,0.0000,16.4939,0.0000,0.5047
61.6000,49.9296,0.0000,16.4556,0.0000,0.5047
61.7000,49.9328,0.0000,16.4190,0.0000,0.5046
61.8000,49.9358,0.0000,16.3841,0.0000,0.5046
61.9000,49.9387,0.0000,16.3507,0.0000,0.5045
62.0000,49.9415,0.0000,16.3188,0.0000,0.5045
62.1000,49.9441,0.0000,16.2884,0.0000,0.5044
62.2000,49.9466,0.0000,16.2593,0.0000,0.5044
62.3000,49.9490,0.0000,16.2315,0.0000,0.5043
62.4000,49.9513,0.0000,16.2050,0.0000,0.5043
62.5000,49.9535,0.0000,16.1797,0.0000,0.5042
62.6000,49.9556,0.0000,16.1555,0.0000,0.5042
62.7000,49.9576,0.0000,16.1324,0.0000,0.5041
62.8000,49.9595,0.0000,16.1103,0.0000,0.5041
62.9000,49.9613,0.0000,16.0893,0.0000,0.5040
63.0000,49.9631,0.0000,16.0691,0.0000,0.5039
63.1000,49.9647,0.0000,16.0499,0.0000,0.5039
63.2000,49.9663,0.0000,16.0315,0.0000,0.5038
63.3000,49.9678,0.0000,16.0140,0.0000,0.5038
63.4000,49.9693,0.0000,15.9973,0.0000,0.5037
63.5000,49.9707,0.0000,15.9813,0.0000,0.5037
63.6000,49.9720,0.0000,15.9660,0.0000,0.5036
63.7000,49.9732,0.0000,15.9514,0.0000,0.5036
63.8000,49.9744,0.0000,15.9375,0.0000,0.5035
63.9000,49.9756,0.0000,15.9242,0.0000,0.5035
64.0000,49.9767,0.0000,15.9115,0.0000,0.5034
64.1000,49.9777,0.0000,15.8993,0.0000,0.5034
64.2000,49.9787,0.0000,15.8877,0.0000,0.5033
64.3000,49.9797,0.0000,15.8767,0.0000,0.5033
64.4000,49.9806,0.0000,15.8661,0.0000,0.5032
64.5000,49.9815,0.0000,15.8560,0.0000,0.5032
64.6000,49.9823,0.0000,15.8463,0.0000,0.5031
64.7000,49.9831,0.0000,15.8371,0.0000,0.5031
64.8000,49.9839,0.0000,15.8283,0.0000,0.5030
64.9000,49.9846,0.0000,15.8199,0.0000,0.5030
65.0000,49.9853,0.0000,15.8119,0.0000,0.5029
65.1000,49.9860,0.0000,15.7586,0.0000,0.5029
65.2000,49.9862,0.0000,15.7074,0.0000,0.5028
65.3000,49.9865,0.0000,15.7043,0.0000,0.5028
65.4000,49.9868,0.0000,15.6433,0.0000,0.5027
65.5000,49.9866,0.0000,15.5848,0.0000,0.5027
65.6000,49.9864,0.0000,15.5230,0.0000,0.5026
65.7000,49.9858,0.0000,15.4636,0.0000,0.5026
65.8000,49.9851,0.0000,15.4708,0.0000,0.5025
65.9000,49.9845,0.0000,15.5356,0.0000,0.5025
66.0000,49.9844,0.0000,15.5743,0.0000,0.5024
66.1000,49.9841,0.0000,15.6629,0.0000,0.5024
66.2000,49.9846,0.0000,15.7170,0.0000,0.5023
66.3000,49.9847,0.0000,15.6588,0.0000,0.5023
66.4000,49.9848,0.0000,15.5624,0.0000,0.5022
66.5000,49.9842,0.0000,15.4934,0.0000,0.5022
66.6000,49.9838,0.0000,15.5229,0.0000,0.5021
66.7000,49.9834,0.0000,15.5444,0.0000,0.5021
66.8000,49.9831,0.0000,15.4181,0.0000,0.5020
66.9000,49.9818,0.0000,15.2579,0.0000,0.5020
67.0000,49.9803,0.0000,14.9034,0.0000,0.5019
67.1000,49.9763,0.0000,14.2049,0.0000,0.5019
67.2000,49.9696,0.0000,13.4948,0.0000,0.5018
67.3000,49.9602,0.0000,13.0003,0.0000,0.5018
67.4000,49.9498,0.0000,12.5402,0.0000,0.5018
67.5000,49.9370,0.0000,12.3606,0.0000,0.5017
67.6000,49.9253,0.0000,12.6274,0.0000,0.5017
67.7000,49.9145,0.0000,12.7866,0.0000,0.5016
67.8000,49.9041,0.0000,12.9342,0.0000,0.5016
67.9000,49.8945,0.0000,13.5180,0.0000,0.5016
68.0000,49.8885,0.0000,14.1991,0.0000,0.5015
68.1000,49.8841,0.0000,14.5444,0.0000,0.5015
68.2000,49.8807,0.0000,14.9436,0.0000,0.5014
68.3000,49.8794,0.0000,15.2117,0.0000,0.5014
68.4000,49.8780,0.0000,14.9717,0.0000,0.5013
68.5000,49.8749,0.0000,14.7146,0.0000,0.5013
68.6000,49.8716,0.0000,14.8402,0.0000,0.5012
68.7000,49.8694,0.0000,15.1327,0.0000,0.5012
68.8000,49.8683,0.0000,15.5539,0.0000,0.5011
68.9000,49.8693,0.0000,16.1130,0.0000,0.5011
69.0000,49.8725,0.0000,16.5209,0.0000,0.5010
69.1000,49.8766,0.0000,16.7052,0.0000,0.5010
69.2000,49.8811,0.0000,16.8150,0.0000,0.5009
69.3000,49.8860,0.0000,16.8595,0.0000,0.5009
69.4000,49.8909,0.0000,16.8665,0.0000,0.5008
69.5000,49.8958,0.0000,16.8459,0.0000,0.5007
69.6000,49.9005,0.0000,16.7918,0.0000,0.5007
69.7000,49.9050,0.0000,16.7402,0.0000,0.5006
69.8000,49.9092,0.0000,16.6908,0.0000,0.5006
69.9000,49.9133,0.0000,16.6437,0.0000,0.5005
70.0000,49.9172,0.0000,16.5987,0.0000,0.5005
70.1000,49.9210,0.0000,16.5557,0.0000,0.5004
70.2000,49.9245,0.0000,16.5146,0.0000,0.5004
70.3000,49.9279,0.0000,16.4754,0.0000,0.5003
70.4000,49.9312,0.0000,16.4379,0.0000,0.5003
70.5000,49.9343,0.0000,16.4021,0.0000,0.5002
70.6000,49.9372,0.0000,16.3680,0.0000,0.5002
70.7000,49.9400,0.0000,16.3353,0.0000,0.5001
70.8000,49.9427,0.0000,16.3041,0.0000,0.5001
70.9000,49.9453,0.0000,16.2743,0.0000,0.5000
71.0000,49.9478,0.0000,16.2459,0.0000,0.5000
71.1000,49.9501,0.0000,16.2187,0.0000,0.4999
71.2000,49.9524,0.0000,16.1928,0.0000,0.4999
71.3000,49.9545,0.0000,16.1680,0.0000,0.4998
71.4000,49.9566,0.0000,16.1443,0.0000,0.4998
71.5000,49.9585,0.0000,16.1217,0.0000,0.4997
71.6000,49.9604,0.0000,16.1002,0.0000,0.4997
71.7000,49.9622,0.0000,16.0795,0.0000,0.4996
71.8000,49.9639,0.0000,16.0598,0.0000,0.4996
71.9000,49.9655,0.0000,16.0410,0.0000,0.4995
72.0000,49.9670,0.0000,16.0231,0.0000,0.4994
72.1000,49.9685,0.0000,16.0059,0.0000,0.4994
72.2000,49.9699,0.0000,15.9895,0.0000,0.4993
72.3000,49.9713,0.0000,15.9739,0.0000,0.4993
72.4000,49.9726,0.0000,15.9589,0.0000,0.4992
72.5000,49.9738,0.0000,15.9447,0.0000,0.4992
72.6000,49.9750,0.0000,15.9310,0.0000,0.4991
72.7000,49.9761,0.0000,15.9180,0.0000,0.4991
72.8000,49.9772,0.0000,15.9056,0.0000,0.4990
72.9000,49.9782,0.0000,15.8937,0.0000,0.4990
73.0000,49.9792,0.0000,15.8824,0.0000,0.4989
73.1000,49.9801,0.0000,15.8716,0.0000,0.4989
73.2000,49.9810,0.0000,15.8612,0.0000,0.4988
73.3000,49.9819,0.0000,15.8513,0.0000,0.4988
73.4000,49.9827,0.0000,15.8419,0.0000,0.4987
73.5000,49.9835,0.0000,15.8329,0.0000,0.4987
73.6000,49.9842,0.0000,15.8243,0.0000,0.4986
73.7000,49.9849,0.0000,15.8161,0.0000,0.4986
73.8000,49.9856,0.0000,15.8082,0.0000,0.4985
73.9000,49.9863,0.0000,15.8007,0.0000,0.4985
74.0000,49.9869,0.0000,15.7936,0.0000,0.4984
74.1000,49.9875,0.0000,15.7867,0.0000,0.4984
74.2000,49.9880,0.0000,15.7802,0.0000,0.4983
74.3000,49.9886,0.0000,15.7740,0.0000,0.4983
74.4000,49.9891,0.0000,15.7680,0.0000,0.4982
74.5000,49.9896,0.0000,15.7623,0.0000,0.4982
74.6000,49.9900,0.0000,15.7569,0.0000,0.4981
74.7000,49.9905,0.0000,15.7517,0.0000,0.4981
74.8000,49.9909,0.0000,15.7468,0.0000,0.4980
74.9000,49.9913,0.0000,15.7420,0.0000,0.4980
75.0000,49.9917,0.0000,15.7375,0.0000,0.4979
75.1000,49.9921,0.0000,15.7332,0.0000,0.4979
75.2000,49.9924,0.0000,15.7291,0.0000,0.4978
75.3000,49.9928,0.0000,15.7251,0.0000,0.4978
75.4000,49.9931,0.0000,15.7214,0.0000,0.4977
75.5000,49.9934,0.0000,15.7178,0.0000,0.4977
75.6000,49.9937,0.0000,15.7144,0.0000,0.4976
75.7000,49.9940,0.0000,15.7111,0.0000,0.4976
75.8000,49.9943,0.0000,15.7080,0.0000,0.4975
75.9000,49.9945,0.0000,15.7050,0.0000,0.4975
76.0000,49.9948,0.0000,15.7021,0.0000,0.4974
76.1000,49.9950,0.0000,15.6994,0.0000,0.4974
76.2000,49.9952,0.0000,15.6968,0.0000,0.4973
76.3000,49.9954,0.0000,15.6943,0.0000,0.4973
76.4000,49.9957,0.0000,15.6920,0.0000,0.4972
76.5000,49.9958,0.0000,15.6897,0.0000,0.4972
76.6000,49.9960,0.0000,15.6875,0.0000,0.4971
76.7000,49.9962,0.0000,15.6855,0.0000,0.4971
76.8000,49.9964,0.0000,15.6835,0.0000,0.4970
76.9000,49.9965,0.0000,15.6816,0.0000,0.4970
77.0000,49.9967,0.0000,15.6798,0.0000,0.4969
77.1000,49.9969,0.0000,15.6781,0.0000,0.4969
77.2000,49.9970,0.0000,15.6737,0.0000,0.4968
77.3000,49.9971,0.0000,15.5194,0.0000,0.4968
77.4000,49.9961,0.0000,15.0929,0.0000,0.4967
77.5000,49.9930,0.0000,14.3799,0.0000,0.4967
77.6000,49.9866,0.0000,13.5635,0.0000,0.4966
77.7000,49.9773,0.0000,12.7455,0.0000,0.4966
77.8000,49.9648,0.0000,11.7923,0.0000,0.4966
77.9000,49.9484,0.0000,11.2243,0.0000,0.4965
78.0000,49.9317,0.0000,11.1927,0.0000,0.4965
78.1000,49.9151,0.0000,11.0444,0.0000,0.4964
78.2000,49.8973,0.0000,10.9448,0.0000,0.4964
78.3000,49.8800,0.0000,11.4687,0.0000,0.4964
78.4000,49.8662,0.0000,11.9100,0.0000,0.4963
78.5000,49.8524,0.0000,11.8079,0.0000,0.4963
78.6000,49.8379,0.0000,11.6640,0.0000,0.4962
78.7000,49.8230,0.0000,11.5453,0.0000,0.4962
78.8000,49.8077,0.0000,11.2391,0.0000,0.4962
78.9000,49.7905,0.0000,10.8095,0.0000,0.4961
79.0000,49.7720,0.0000,10.6191,0.0000,0.4961
79.1000,49.7535,0.0000,10.8834,0.0000,0.4961
79.2000,49.7370,0.0000,11.0978,0.0000,0.4960
79.3000,49.7202,0.0000,10.9861,0.0000,0.4960
79.4000,49.7030,0.0000,10.8016,0.0000,0.4959
79.5000,49.6848,0.0000,10.8241,0.0000,0.4959
79.6000,49.6678,0.0000,11.1888,0.0000,0.4959
79.7000,49.6525,0.0000,11.8959,0.0000,0.4958
79.8000,49.6409,0.0000,12.8851,0.0000,0.4958
79.9000,49.6332,0.0000,14.1060,0.0000,0.4957
80.0000,49.6310,0.0000,14.9986,0.0000,0.4957
80.1000,49.6300,0.0000,15.1411,0.0000,0.4956
80.2000,49.6289,0.0000,14.8111,0.0000,0.4956
80.3000,49.6254,0.0000,14.0734,0.0000,0.4956
80.4000,49.6187,0.0000,13.0601,0.0000,0.4955
80.5000,49.6075,0.0000,12.1420,0.0000,0.4955
80.6000,49.5939,0.0000,11.5176,0.0000,0.4954
80.7000,49.5780,0.0000,11.2070,0.0000,0.4954
80.8000,49.5621,0.0000,11.3521,0.0000,0.4954
80.9000,49.5474,0.0000,11.6547,0.0000,0.4953
81.0000,49.5338,0.0000,12.0384,0.0000,0.4953
81.1000,49.5221,0.0000,12.4446,0.0000,0.4952
81.2000,49.5116,0.0000,12.8053,0.0000,0.4952
81.3000,49.5027,0.0000,13.0644,0.0000,0.4951
81.4000,49.4943,0.0000,12.9476,0.0000,0.4951
81.5000,49.4845,0.0000,12.4761,0.0000,0.4951
81.6000,49.4725,0.0000,12.1627,0.0000,0.4950
81.7000,49.4604,0.0000,12.0543,0.0000,0.4950
81.8000,49.4476,0.0000,11.9526,0.0000,0.4949
81.9000,49.4348,0.0000,12.3853,0.0000,0.4949
82.0000,49.4254,0.0000,13.3585,0.0000,0.4949
82.1000,49.4201,0.0000,14.2000,0.0000,0.4948
82.2000,49.4171,0.0000,14.6778,0.0000,0.4948
82.3000,49.4154,0.0000,15.0467,0.0000,0.4947
82.4000,49.4153,0.0000,15.3484,0.0000,0.4947
82.5000,49.4159,0.0000,15.4145,0.0000,0.4946
82.6000,49.4162,0.0000,15.1473,0.0000,0.4946
82.7000,49.4148,0.0000,14.7801,0.0000,0.4945
82.8000,49.4124,0.0000,14.6173,0.0000,0.4945
82.9000,49.4098,0.0000,14.6245,0.0000,0.4944
83.0000,49.4074,0.0000,14.8230,0.0000,0.4944
83.1000,49.4063,0.0000,15.3464,0.0000,0.4943
83.2000,49.4079,0.0000,16.3377,0.0000,0.4943
83.3000,49.4143,0.0000,17.4932,0.0000,0.4942
83.4000,49.4248,0.0000,18.5565,0.0000,0.4942
83.5000,49.4393,0.0000,19.5955,0.0000,0.4941
83.6000,49.4576,0.0000,20.5027,0.0000,0.4940
83.7000,49.4789,0.0000,20.9933,0.0000,0.4940
83.8000,49.5008,0.0000,21.1155,0.0000,0.4939
83.9000,49.5230,0.0000,21.0736,0.0000,0.4938
84.0000,49.5445,0.0000,20.8691,0.0000,0.4938
84.1000,49.5650,0.0000,20.6359,0.0000,0.4937
84.2000,49.5845,0.0000,20.4131,0.0000,0.4937
84.3000,49.6032,0.0000,20.2001,0.0000,0.4936
84.4000,49.6211,0.0000,19.9966,0.0000,0.4935
84.5000,49.6381,0.0000,19.8021,0.0000,0.4935
84.6000,49.6544,0.0000,19.6162,0.0000,0.4934
84.7000,49.6700,0.0000,19.4385,0.0000,0.4933
84.8000,49.6848,0.0000,19.2688,0.0000,0.4933
84.9000,49.6990,0.0000,19.1065,0.0000,0.4932
85.0000,49.7126,0.0000,18.9515,0.0000,0.4932
85.1000,49.7255,0.0000,18.7307,0.0000,0.4931
85.2000,49.7373,0.0000,18.5192,0.0000,0.4931
85.3000,49.7486,0.0000,18.2700,0.0000,0.4930
85.4000,49.7584,0.0000,17.9444,0.0000,0.4929
85.5000,49.7672,0.0000,17.7354,0.0000,0.4929
85.6000,49.7754,0.0000,17.6953,0.0000,0.4928
85.7000,49.7838,0.0000,17.6751,0.0000,0.4928
85.8000,49.7918,0.0000,17.7030,0.0000,0.4927
85.9000,49.8004,0.0000,17.8172,0.0000,0.4927
86.0000,49.8092,0.0000,17.8241,0.0000,0.4926
86.1000,49.8178,0.0000,17.7439,0.0000,0.4925
86.2000,49.8260,0.0000,17.6497,0.0000,0.4925
86.3000,49.8338,0.0000,17.5596,0.0000,0.4924
86.4000,49.8413,0.0000,17.4736,0.0000,0.4924
86.5000,49.8485,0.0000,17.3914,0.0000,0.4923
86.6000,49.8553,0.0000,17.3129,0.0000,0.4923
86.7000,49.8618,0.0000,17.2379,0.0000,0.4922
86.8000,49.8680,0.0000,17.1662,0.0000,0.4922
86.9000,49.8740,0.0000,17.0978,0.0000,0.4921
87.0000,49.8796,0.0000,17.0324,0.0000,0.4921
87.1000,49.8850,0.0000,16.9700,0.0000,0.4920
87.2000,49.8902,0.0000,16.9104,0.0000,0.4919
87.3000,49.8952,0.0000,16.8534,0.0000,0.4919
87.4000,49.8999,0.0000,16.7990,0.0000,0.4918
87.5000,49.9044,0.0000,16.7470,0.0000,0.4918
87.6000,49.9087,0.0000,16.6973,0.0000,0.4917
87.7000,49.9128,0.0000,16.6499,0.0000,0.4917
87.8000,49.9167,0.0000,16.6046,0.0000,0.4916
87.9000,49.9205,0.0000,16.5614,0.0000,0.4916
88.0000,49.9240,0.0000,16.5200,0.0000,0.4915
88.1000,49.9275,0.0000,16.4806,0.0000,0.4915
88.2000,49.9307,0.0000,16.4429,0.0000,0.4914
88.3000,49.9338,0.0000,16.4069,0.0000,0.4914
88.4000,49.9368,0.0000,16.3725,0.0000,0.4913
88.5000,49.9397,0.0000,16.3396,0.0000,0.4913
88.6000,49.9424,0.0000,16.3082,0.0000,0.4912
88.7000,49.9450,0.0000,16.2783,0.0000,0.4912
88.8000,49.9474,0.0000,16.2497,0.0000,0.4911
88.9000,49.9498,0.0000,16.2223,0.0000,0.4911
89.0000,49.9521,0.0000,16.1962,0.0000,0.4910
89.1000,49.9542,0.0000,16.1713,0.0000,0.4910
89.2000,49.9563,0.0000,16.1475,0.0000,0.4909
89.3000,49.9583,0.0000,16.1247,0.0000,0.4909
89.4000,49.9601,0.0000,16.1030,0.0000,0.4908
89.5000,49.9619,0.0000,16.0823,0.0000,0.4907
89.6000,49.9636,0.0000,16.0624,0.0000,0.4907
89.7000,49.9653,0.0000,16.0435,0.0000,0.4906
89.8000,49.9668,0.0000,16.0254,0.0000,0.4906
89.9000,49.9683,0.0000,16.0082,0.0000,0.4905
90.0000,49.9698,0.0000,15.9917,0.0000,0.4905
90.1000,49.9711,0.0000,15.9760,0.0000,0.4904
90.2000,49.9724,0.0000,15.9609,0.0000,0.4904
90.3000,49.9737,0.0000,15.9466,0.0000,0.4903
90.4000,49.9748,0.0000,15.9328,0.0000,0.4903
90.5000,49.9760,0.0000,15.9197,0.0000,0.4902
90.6000,49.9771,0.0000,15.9072,0.0000,0.4902
90.7000,49.9781,0.0000,15.8953,0.0000,0.4901
90.8000,49.9791,0.0000,15.8839,0.0000,0.4901
90.9000,49.9800,0.0000,15.8730,0.0000,0.4900
91.0000,49.9809,0.0000,15.8626,0.0000,0.4900
91.1000,49.9818,0.0000,15.8526,0.0000,0.4899
91.2000,49.9826,0.0000,15.8431,0.0000,0.4899
91.3000,49.9834,0.0000,15.8341,0.0000,0.4898
91.4000,49.9841,0.0000,15.8254,0.0000,0.4898
91.5000,49.9848,0.0000,15.8171,0.0000,0.4897
91.6000,49.9855,0.0000,15.8093,0.0000,0.4897
91.7000,49.9862,0.0000,15.8017,0.0000,0.4896
91.8000,49.9868,0.0000,15.7945,0.0000,0.4896
91.9000,49.9874,0.0000,15.7876,0.0000,0.4895
92.0000,49.9880,0.0000,15.7811,0.0000,0.4895
92.1000,49.9885,0.0000,15.7748,0.0000,0.4894
92.2000,49.9890,0.0000,15.7688,0.0000,0.4894
92.3000,49.9895,0.0000,15.7631,0.0000,0.4893
92.4000,49.9900,0.0000,15.7482,0.0000,0.4893
92.5000,49.9904,0.0000,15.7339,0.0000,0.4892
92.6000,49.9907,0.0000,15.7297,0.0000,0.4892
92.7000,49.9911,0.0000,15.7257,0.0000,0.4891
92.8000,49.9914,0.0000,15.7219,0.0000,0.4891
92.9000,49.9917,0.0000,15.7277,0.0000,0.4890
93.0000,49.9921,0.0000,15.7332,0.0000,0.4890
93.1000,49.9924,0.0000,15.7291,0.0000,0.4889
93.2000,49.9928,0.0000,15.7252,0.0000,0.4889
93.3000,49.9931,0.0000,15.7214,0.0000,0.4888
93.4000,49.9934,0.0000,15.7178,0.0000,0.4888
93.5000,49.9937,0.0000,15.7144,0.0000,0.4887
93.6000,49.9940,0.0000,15.7111,0.0000,0.4887
93.7000,49.9943,0.0000,15.7080,0.0000,0.4886
93.8000,49.9945,0.0000,15.7050,0.0000,0.4886
93.9000,49.9948,0.0000,15.7021,0.0000,0.4885
94.0000,49.9950,0.0000,15.6994,0.0000,0.4885
94.1000,49.9952,0.0000,15.6968,0.0000,0.4884
94.2000,49.9954,0.0000,15.6943,0.0000,0.4884
94.3000,49.9957,0.0000,15.6920,0.0000,0.4883
94.4000,49.9958,0.0000,15.6897,0.0000,0.4883
94.5000,49.9960,0.0000,15.6875,0.0000,0.4882
94.6000,49.9962,0.0000,15.6855,0.0000,0.4882
94.7000,49.9964,0.0000,15.6835,0.0000,0.4881
94.8000,49.9965,0.0000,15.6816,0.0000,0.4881
94.9000,49.9967,0.0000,15.6798,0.0000,0.4880
95.0000,49.9969,0.0000,15.6781,0.0000,0.4880
95.1000,49.9970,0.0000,15.6765,0.0000,0.4879
95.2000,49.9971,0.0000,15.6749,0.0000,0.4879
95.3000,49.9973,0.0000,15.6734,0.0000,0.4878
95.4000,49.9974,0.0000,15.6720,0.0000,0.4878
95.5000,49.9975,0.0000,15.6706,0.0000,0.4877
95.6000,49.9976,0.0000,15.6693,0.0000,0.4877
95.7000,49.9977,0.0000,15.6680,0.0000,0.4876
95.8000,49.9978,0.0000,15.6669,0.0000,0.4876
95.9000,49.9979,0.0000,15.6657,0.0000,0.4875
96.0000,49.9980,0.0000,15.6646,0.0000,0.4875
96.1000,49.9981,0.0000,15.6636,0.0000,0.4874
96.2000,49.9982,0.0000,15.6626,0.0000,0.4874
96.3000,49.9983,0.0000,15.6617,0.0000,0.4873
96.4000,49.9983,0.0000,15.6608,0.0000,0.4873
96.5000,49.9984,0.0000,15.6599,0.0000,0.4872
96.6000,49.9985,0.0000,15.6591,0.0000,0.4872
96.7000,49.9986,0.0000,15.6583,0.0000,0.4871
96.8000,49.9986,0.0000,15.6575,0.0000,0.4871
96.9000,49.9987,0.0000,15.6568,0.0000,0.4870
97.0000,49.9987,0.0000,15.6561,0.0000,0.4870
97.1000,49.9988,0.0000,15.6555,0.0000,0.4869
97.2000,49.9989,0.0000,15.6549,0.0000,0.4869
97.3000,49.9989,0.0000,15.6543,0.0000,0.4868
97.4000,49.9990,0.0000,15.6537,0.0000,0.4868
97.5000,49.9990,0.0000,15.6532,0.0000,0.4867
97.6000,49.9990,0.0000,15.6526,0.0000,0.4867
97.7000,49.9991,0.0000,15.6521,0.0000,0.4866
97.8000,49.9991,0.0000,15.6517,0.0000,0.4866
97.9000,49.9992,0.0000,15.6512,0.0000,0.4865
98.0000,49.9992,0.0000,15.6508,0.0000,0.4865
98.1000,49.9992,0.0000,15.6504,0.0000,0.4864
98.2000,49.9993,0.0000,15.6500,0.0000,0.4864
98.3000,49.9993,0.0000,15.6496,0.0000,0.4863
98.4000,49.9993,0.0000,15.6492,0.0000,0.4863
98.5000,49.9994,0.0000,15.5933,0.0000,0.4862
98.6000,49.9990,0.0000,15.5283,0.0000,0.4862
98.7000,49.9985,0.0000,15.4906,0.0000,0.4861
98.8000,49.9978,0.0000,15.2898,0.0000,0.4861
98.9000,49.9959,0.0000,14.8468,0.0000,0.4860
99.0000,49.9919,0.0000,14.3912,0.0000,0.4860
99.1000,49.9865,0.0000,13.9965,0.0000,0.4859
99.2000,49.9795,0.0000,13.5976,0.0000,0.4859
99.3000,49.9711,0.0000,13.6320,0.0000,0.4858
99.4000,49.9644,0.0000,14.1634,0.0000,0.4858
99.5000,49.9601,0.0000,14.7587,0.0000,0.4857
99.6000,49.9580,0.0000,15.1921,0.0000,0.4857
99.7000,49.9569,0.0000,15.4422,0.0000,0.4856
99.8000,49.9566,0.0000,15.4520,0.0000,0.4856
99.9000,49.9557,0.0000,15.3489,0.0000,0.4855
100.0000,49.9546,0.0000,15.3016,0.0000,0.4855
100.1000,49.9533,0.0000,15.3882,0.0000,0.4854
100.2000,49.9529,0.0000,15.6772,0.0000,0.4854
100.3000,49.9538,0.0000,15.7126,0.0000,0.4853
100.4000,49.9537,0.0000,14.9921,0.0000,0.4853
100.5000,49.9491,0.0000,14.1361,0.0000,0.4853
100.6000,49.9425,0.0000,13.6804,0.0000,0.4852
100.7000,49.9345,0.0000,13.2968,0.0000,0.4852
100.8000,49.9251,0.0000,12.9313,0.0000,0.4851
100.9000,49.9144,0.0000,12.8343,0.0000,0.4851
101.0000,49.9043,0.0000,12.8702,0.0000,0.4850
101.1000,49.8939,0.0000,12.3456,0.0000,0.4850
101.2000,49.8798,0.0000,11.3708,0.0000,0.4850
101.3000,49.8621,0.0000,10.7288,0.0000,0.4849
101.4000,49.8433,0.0000,10.6102,0.0000,0.4849
101.5000,49.8247,0.0000,10.5979,0.0000,0.4849
101.6000,49.8058,0.0000,10.8373,0.0000,0.4848
101.7000,49.7892,0.0000,11.7217,0.0000,0.4848
101.8000,49.7771,0.0000,12.6648,0.0000,0.4847
101.9000,49.7676,0.0000,13.1481,0.0000,0.4847
102.0000,49.7593,0.0000,13.3663,0.0000,0.4846
102.1000,49.7515,0.0000,13.7058,0.0000,0.4846
102.2000,49.7457,0.0000,13.9216,0.0000,0.4846
102.3000,49.7396,0.0000,14.0813,0.0000,0.4845
102.4000,49.7351,0.0000,14.5883,0.0000,0.4845
102.5000,49.7328,0.0000,14.9951,0.0000,0.4844
102.6000,49.7314,0.0000,15.2009,0.0000,0.4844
102.7000,49.7307,0.0000,15.5913,0.0000,0.4843
102.8000,49.7323,0.0000,16.1244,0.0000,0.4843
102.9000,49.7357,0.0000,16.6598,0.0000,0.4842
103.0000,49.7412,0.0000,17.2806,0.0000,0.4842
103.1000,49.7493,0.0000,17.6051,0.0000,0.4841
103.2000,49.7573,0.0000,17.3820,0.0000,0.4840
103.3000,49.7636,0.0000,16.9304,0.0000,0.4840
103.4000,49.7682,0.0000,16.5422,0.0000,0.4839
103.5000,49.7715,0.0000,16.1581,0.0000,0.4839
103.6000,49.7732,0.0000,15.8820,0.0000,0.4838
103.7000,49.7744,0.0000,15.8150,0.0000,0.4838
103.8000,49.7755,0.0000,15.7207,0.0000,0.4837
103.9000,49.7761,0.0000,15.5058,0.0000,0.4837
104.0000,49.7756,0.0000,15.3861,0.0000,0.4836
104.1000,49.7752,0.0000,15.4712,0.0000,0.4836
104.2000,49.7753,0.0000,15.6142,0.0000,0.4835
104.3000,49.7760,0.0000,15.7803,0.0000,0.4835
104.4000,49.7774,0.0000,15.8737,0.0000,0.4834
104.5000,49.7788,0.0000,15.9541,0.0000,0.4834
104.6000,49.7808,0.0000,16.0166,0.0000,0.4833
104.7000,49.7827,0.0000,15.7155,0.0000,0.4833
104.8000,49.7824,0.0000,15.1861,0.0000,0.4832
104.9000,49.7802,0.0000,14.7653,0.0000,0.4832
105.0000,49.7767,0.0000,14.4811,0.0000,0.4831
105.1000,49.7725,0.0000,14.2704,0.0000,0.4831
105.2000,49.7674,0.0000,14.3108,0.0000,0.4830
105.3000,49.7634,0.0000,14.5630,0.0000,0.4830
105.4000,49.7603,0.0000,14.8008,0.0000,0.4830
105.5000,49.7582,0.0000,14.8910,0.0000,0.4829
105.6000,49.7557,0.0000,14.6105,0.0000,0.4829
105.7000,49.7515,0.0000,14.3805,0.0000,0.4828
105.8000,49.7473,0.0000,14.1799,0.0000,0.4828
105.9000,49.7416,0.0000,13.7303,0.0000,0.4827
106.0000,49.7340,0.0000,13.3960,0.0000,0.4827
106.1000,49.7258,0.0000,13.4766,0.0000,0.4826
106.2000,49.7188,0.0000,13.6635,0.0000,0.4826
106.3000,49.7120,0.0000,13.9719,0.0000,0.4825
106.4000,49.7075,0.0000,14.7476,0.0000,0.4825
106.5000,49.7066,0.0000,15.6391,0.0000,0.4824
106.6000,49.7088,0.0000,16.5121,0.0000,0.4824
106.7000,49.7146,0.0000,17.3420,0.0000,0.4823
106.8000,49.7231,0.0000,17.9700,0.0000,0.4823
106.9000,49.7335,0.0000,18.3209,0.0000,0.4822
107.0000,49.7447,0.0000,18.4647,0.0000,0.4822
107.1000,49.7562,0.0000,18.4520,0.0000,0.4821
107.2000,49.7671,0.0000,18.3261,0.0000,0.4821
107.3000,49.7776,0.0000,18.2059,0.0000,0.4820
107.4000,49.7876,0.0000,18.0910,0.0000,0.4819
107.5000,49.7972,0.0000,17.9812,0.0000,0.4819
107.6000,49.8063,0.0000,17.8763,0.0000,0.4818
107.7000,49.8150,0.0000,17.7761,0.0000,0.4818
107.8000,49.8233,0.0000,17.6804,0.0000,0.4817
107.9000,49.8313,0.0000,17.5890,0.0000,0.4817
108.0000,49.8389,0.0000,17.5017,0.0000,0.4816
108.1000,49.8461,0.0000,17.4182,0.0000,0.4815
108.2000,49.8531,0.0000,17.3385,0.0000,0.4815
108.3000,49.8597,0.0000,17.2624,0.0000,0.4814
108.4000,49.8660,0.0000,17.1896,0.0000,0.4814
108.5000,49.8720,0.0000,17.1202,0.0000,0.4813
108.6000,49.8778,0.0000,17.0538,0.0000,0.4813
108.7000,49.8833,0.0000,16.9904,0.0000,0.4812
108.8000,49.8885,0.0000,16.9298,0.0000,0.4812
108.9000,49.8935,0.0000,16.8720,0.0000,0.4811
109.0000,49.8983,0.0000,16.8167,0.0000,0.4811
109.1000,49.9029,0.0000,16.7640,0.0000,0.4810
109.2000,49.9073,0.0000,16.7136,0.0000,0.4810
109.3000,49.9115,0.0000,16.6654,0.0000,0.4809
109.4000,49.9154,0.0000,16.6194,0.0000,0.4809
109.5000,49.9192,0.0000,16.5755,0.0000,0.4808
109.6000,49.9229,0.0000,16.5335,0.0000,0.4807
109.7000,49.9263,0.0000,16.4934,0.0000,0.4807
109.8000,49.9297,0.0000,16.4552,0.0000,0.4806
109.9000,49.9328,0.0000,16.4186,0.0000,0.4806
110.0000,49.9358,0.0000,16.3837,0.0000,0.4805
110.1000,49.9387,0.0000,16.3503,0.0000,0.4805
110.2000,49.9415,0.0000,16.3185,0.0000,0.4804
110.3000,49.9441,0.0000,16.2881,0.0000,0.4804
110.4000,49.9466,0.0000,16.2590,0.0000,0.4803
110.5000,49.9490,0.0000,16.2312,0.0000,0.4803
110.6000,49.9513,0.0000,16.2047,0.0000,0.4802
110.7000,49.9535,0.0000,16.1794,0.0000,0.4802
110.8000,49.9556,0.0000,16.1552,0.0000,0.4801
110.9000,49.9576,0.0000,16.1322,0.0000,0.4801
111.0000,49.9595,0.0000,16.1101,0.0000,0.4800
111.1000,49.9613,0.0000,16.0890,0.0000,0.4800
111.2000,49.9631,0.0000,16.0689,0.0000,0.4799
111.3000,49.9647,0.0000,16.0497,0.0000,0.4799
111.4000,49.9663,0.0000,16.0313,0.0000,0.4798
111.5000,49.9678,0.0000,16.0138,0.0000,0.4798
111.6000,49.9693,0.0000,15.9971,0.0000,0.4797
111.7000,49.9707,0.0000,15.9811,0.0000,0.4797
111.8000,49.9720,0.0000,15.9658,0.0000,0.4796
111.9000,49.9733,0.0000,15.9512,0.0000,0.4796
112.0000,49.9745,0.0000,15.9373,0.0000,0.4795
112.1000,49.9756,0.0000,15.9240,0.0000,0.4795
112.2000,49.9767,0.0000,15.9113,0.0000,0.4794
112.3000,49.9778,0.0000,15.8473,0.0000,0.4794
112.4000,49.9784,0.0000,15.7047,0.0000,0.4793
112.5000,49.9783,0.0000,15.5823,0.0000,0.4793
112.6000,49.9780,0.0000,15.5465,0.0000,0.4792
112.7000,49.9777,0.0000,15.5500,0.0000,0.4792
112.8000,49.9774,0.0000,15.6052,0.0000,0.4791
112.9000,49.9775,0.0000,15.7394,0.0000,0.4791
113.0000,49.9783,0.0000,15.8538,0.0000,0.4790
113.1000,49.9792,0.0000,15.8819,0.0000,0.4790
113.2000,49.9802,0.0000,15.8711,0.0000,0.4789
113.3000,49.9811,0.0000,15.8608,0.0000,0.4789
113.4000,49.9819,0.0000,15.8509,0.0000,0.4788
113.5000,49.9827,0.0000,15.8415,0.0000,0.4788
113.6000,49.9835,0.0000,15.8325,0.0000,0.4787
113.7000,49.9843,0.0000,15.8239,0.0000,0.4787
113.8000,49.9850,0.0000,15.8157,0.0000,0.4786
113.9000,49.9856,0.0000,15.8079,0.0000,0.4786
114.0000,49.9863,0.0000,15.8004,0.0000,0.4785
114.1000,49.9869,0.0000,15.7933,0.0000,0.4784
114.2000,49.9875,0.0000,15.7864,0.0000,0.4784
114.3000,49.9881,0.0000,15.7799,0.0000,0.4783
114.4000,49.9886,0.0000,15.7737,0.0000,0.4783
114.5000,49.9891,0.0000,15.7678,0.0000,0.4782
114.6000,49.9896,0.0000,15.7621,0.0000,0.4782
114.7000,49.9901,0.0000,15.7567,0.0000,0.4781
114.8000,49.9905,0.0000,15.7515,0.0000,0.4781
114.9000,49.9909,0.0000,15.7465,0.0000,0.4780
115.0000,49.9913,0.0000,15.7418,0.0000,0.4780
115.1000,49.9917,0.0000,15.7373,0.0000,0.4779
115.2000,49.9921,0.0000,15.7330,0.0000,0.4779
115.3000,49.9925,0.0000,15.7289,0.0000,0.4778
115.4000,49.9928,0.0000,15.7250,0.0000,0.4778
115.5000,49.9931,0.0000,15.7212,0.0000,0.4777
115.6000,49.9934,0.0000,15.7176,0.0000,0.4777
115.7000,49.9937,0.0000,15.7142,0.0000,0.4776
115.8000,49.9940,0.0000,15.7110,0.0000,0.4776
115.9000,49.9943,0.0000,15.7078,0.0000,0.4775
116.0000,49.9945,0.0000,15.7049,0.0000,0.4775
116.1000,49.9948,0.0000,15.7020,0.0000,0.4774
116.2000,49.9950,0.0000,15.6993,0.0000,0.4774
116.3000,49.9952,0.0000,15.6967,0.0000,0.4773
116.4000,49.9955,0.0000,15.6066,0.0000,0.4773
116.5000,49.9950,0.0000,15.4100,0.0000,0.4772
116.6000,49.9937,0.0000,15.1020,0.0000,0.4772
116.7000,49.9910,0.0000,14.8747,0.0000,0.4771
116.8000,49.9880,0.0000,14.7153,0.0000,0.4771
116.9000,49.9840,0.0000,14.6925,0.0000,0.4771
117.0000,49.9809,0.0000,14.9244,0.0000,0.4770
117.1000,49.9787,0.0000,15.2659,0.0000,0.4770
117.2000,49.9781,0.0000,15.5316,0.0000,0.4769
117.3000,49.9780,0.0000,15.7276,0.0000,0.4769
117.4000,49.9789,0.0000,15.8731,0.0000,0.4768
117.5000,49.9798,0.0000,15.8689,0.0000,0.4768
117.6000,49.9807,0.0000,15.8650,0.0000,0.4767
117.7000,49.9816,0.0000,15.8549,0.0000,0.4767
117.8000,49.9824,0.0000,15.8453,0.0000,0.4766
117.9000,49.9832,0.0000,15.8362,0.0000,0.4766
118.0000,49.9840,0.0000,15.8274,0.0000,0.4765
118.1000,49.9847,0.0000,15.8191,0.0000,0.4764
118.2000,49.9854,0.0000,15.8111,0.0000,0.4764
118.3000,49.9860,0.0000,15.8035,0.0000,0.4763
118.4000,49.9867,0.0000,15.7962,0.0000,0.4763
118.5000,49.9873,0.0000,15.7892,0.0000,0.4762
118.6000,49.9878,0.0000,15.7826,0.0000,0.4762
118.7000,49.9884,0.0000,15.7762,0.0000,0.4761
118.8000,49.9889,0.0000,15.7702,0.0000,0.4761
118.9000,49.9894,0.0000,15.7644,0.0000,0.4760
119.0000,49.9899,0.0000,15.7589,0.0000,0.4760
119.1000,49.9903,0.0000,15.7536,0.0000,0.4759
119.2000,49.9908,0.0000,15.7486,0.0000,0.4759
119.3000,49.9912,0.0000,15.7194,0.0000,0.4758
119.4000,49.9914,0.0000,15.6221,0.0000,0.4758
119.5000,49.9911,0.0000,15.3557,0.0000,0.4757
119.6000,49.9893,0.0000,14.8320,0.0000,0.4757
119.7000,49.9850,0.0000,14.1627,0.0000,0.4757
119.8000,49.9782,0.0000,13.3879,0.0000,0.4756
119.9000,49.9681,0.0000,12.8867,0.0000,0.4756
120.0000,49.9575,0.0000,12.8327,0.0000,0.4755
120.1000,49.9470,0.0000,12.9188,0.0000,0.4755
120.2000,49.9372,0.0000,13.0222,0.0000,0.4754
120.3000,49.9275,0.0000,13.0827,0.0000,0.4754
120.4000,49.9181,0.0000,12.5408,0.0000,0.4754
120.5000,49.9045,0.0000,11.4422,0.0000,0.4753
120.6000,49.8868,0.0000,10.5341,0.0000,0.4753
120.7000,49.8663,0.0000,9.6718,0.0000,0.4752
120.8000,49.8422,0.0000,8.8665,0.0000,0.4752
120.9000,49.8157,0.0000,8.3846,0.0000,0.4752
121.0000,49.7881,0.0000,8.1059,0.0000,0.4752
121.1000,49.7595,0.0000,7.8744,0.0000,0.4751
121.2000,49.7302,0.0000,7.9032,0.0000,0.4751
121.3000,49.7020,0.0000,8.2261,0.0000,0.4751
121.4000,49.6753,0.0000,8.6479,0.0000,0.4750
121.5000,49.6504,0.0000,9.2228,0.0000,0.4750
121.6000,49.6281,0.0000,9.7838,0.0000,0.4750
121.7000,49.6075,0.0000,10.2035,0.0000,0.4749
121.8000,49.5885,0.0000,10.6195,0.0000,0.4749
121.9000,49.5712,0.0000,11.0973,0.0000,0.4749
122.0000,49.5559,0.0000,11.3384,0.0000,0.4748
122.1000,49.5405,0.0000,11.4339,0.0000,0.4748
122.2000,49.5260,0.0000,11.4762,0.0000,0.4747
122.3000,49.5109,0.0000,11.1451,0.0000,0.4747
122.4000,49.4939,0.0000,10.5398,0.0000,0.4747
122.5000,49.4744,0.0000,10.1248,0.0000,0.4746
122.6000,49.4543,0.0000,9.8943,0.0000,0.4746
122.7000,49.4330,0.0000,9.4444,0.0000,0.4746
122.8000,49.4096,0.0000,9.0764,0.0000,0.4745
122.9000,49.3856,0.0000,9.3077,0.0000,0.4745
123.0000,49.3640,0.0000,10.0284,0.0000,0.4745
123.1000,49.3456,0.0000,10.7818,0.0000,0.4744
123.2000,49.3299,0.0000,11.7313,0.0000,0.4744
123.3000,49.3188,0.0000,12.8898,0.0000,0.4743
123.4000,49.3120,0.0000,13.8237,0.0000,0.4743
123.5000,49.3081,0.0000,14.3576,0.0000,0.4743
123.6000,49.3054,0.0000,14.5890,0.0000,0.4742
123.7000,49.3033,0.0000,14.8275,0.0000,0.4742
123.8000,49.3024,0.0000,15.1493,0.0000,0.4741
123.9000,49.3028,0.0000,15.2002,0.0000,0.4741
124.0000,49.3023,0.0000,14.9309,0.0000,0.4740
124.1000,49.3006,0.0000,14.7902,0.0000,0.4740
124.2000,49.2990,0.0000,14.7294,0.0000,0.4739
124.3000,49.2968,0.0000,14.5688,0.0000,0.4739
124.4000,49.2941,0.0000,14.6613,0.0000,0.4738
124.5000,49.2926,0.0000,15.1162,0.0000,0.4738
124.6000,49.2933,0.0000,15.6131,0.0000,0.4737
124.7000,49.2957,0.0000,15.8775,0.0000,0.4737
124.8000,49.2984,0.0000,15.9774,0.0000,0.4736
124.9000,49.3015,0.0000,16.1566,0.0000,0.4736
125.0000,49.3056,0.0000,16.5735,0.0000,0.4735
125.1000,49.3119,0.0000,17.1540,0.0000,0.4735
125.2000,49.3204,0.0000,17.8755,0.0000,0.4734
125.3000,49.3322,0.0000,18.8225,0.0000,0.4734
125.4000,49.3479,0.0000,19.8303,0.0000,0.4733
125.5000,49.3673,0.0000,20.5767,0.0000,0.4732
125.6000,49.3886,0.0000,21.0742,0.0000,0.4732
125.7000,49.4117,0.0000,21.5596,0.0000,0.4731
125.8000,49.4365,0.0000,21.8546,0.0000,0.4730
125.9000,49.4617,0.0000,21.7675,0.0000,0.4730
126.0000,49.4858,0.0000,21.4516,0.0000,0.4729
126.1000,49.5085,0.0000,21.0953,0.0000,0.4728
126.2000,49.5297,0.0000,20.6798,0.0000,0.4728
126.3000,49.5491,0.0000,19.9664,0.0000,0.4727
126.4000,49.5647,0.0000,18.9461,0.0000,0.4726
126.5000,49.5763,0.0000,17.9498,0.0000,0.4726
126.6000,49.5843,0.0000,17.0654,0.0000,0.4725
126.7000,49.5891,0.0000,16.2388,0.0000,0.4725
126.8000,49.5908,0.0000,15.7684,0.0000,0.4724
126.9000,49.5919,0.0000,15.8133,0.0000,0.4724
127.0000,49.5940,0.0000,16.1029,0.0000,0.4723
127.1000,49.5973,0.0000,16.3506,0.0000,0.4723
127.2000,49.6012,0.0000,16.5460,0.0000,0.4722
127.3000,49.6061,0.0000,16.6898,0.0000,0.4722
127.4000,49.6110,0.0000,16.5430,0.0000,0.4721
127.5000,49.6147,0.0000,15.9269,0.0000,0.4721
127.6000,49.6150,0.0000,15.1399,0.0000,0.4720
127.7000,49.6127,0.0000,14.3674,0.0000,0.4720
127.8000,49.6071,0.0000,13.8247,0.0000,0.4719
127.9000,49.6007,0.0000,13.7051,0.0000,0.4719
128.0000,49.5942,0.0000,13.8406,0.0000,0.4718
128.1000,49.5889,0.0000,14.0883,0.0000,0.4718
128.2000,49.5843,0.0000,14.6215,0.0000,0.4717
128.3000,49.5830,0.0000,15.0881,0.0000,0.4717
128.4000,49.5820,0.0000,15.1485,0.0000,0.4716
128.5000,49.5812,0.0000,15.1323,0.0000,0.4716
128.6000,49.5801,0.0000,15.0837,0.0000,0.4716
128.7000,49.5789,0.0000,14.8386,0.0000,0.4715
128.8000,49.5760,0.0000,14.6203,0.0000,0.4715
128.9000,49.5731,0.0000,14.5083,0.0000,0.4714
129.0000,49.5693,0.0000,14.3398,0.0000,0.4714
129.1000,49.5652,0.0000,14.4818,0.0000,0.4713
129.2000,49.5625,0.0000,14.7714,0.0000,0.4713
129.3000,49.5606,0.0000,14.8348,0.0000,0.4712
129.4000,49.5584,0.0000,14.8042,0.0000,0.4712
129.5000,49.5563,0.0000,14.5243,0.0000,0.4711
129.6000,49.5519,0.0000,13.7330,0.0000,0.4711
129.7000,49.5438,0.0000,12.9747,0.0000,0.4710
129.8000,49.5337,0.0000,12.4224,0.0000,0.4710
129.9000,49.5215,0.0000,11.7451,0.0000,0.4710
130.0000,49.5063,0.0000,11.3338,0.0000,0.4709
130.1000,49.4909,0.0000,11.3152,0.0000,0.4709
130.2000,49.4756,0.0000,11.2989,0.0000,0.4708
130.3000,49.4602,0.0000,11.4296,0.0000,0.4708
130.4000,49.4460,0.0000,11.9125,0.0000,0.4708
130.5000,49.4343,0.0000,12.5799,0.0000,0.4707
130.6000,49.4252,0.0000,13.0046,0.0000,0.4707
130.7000,49.4168,0.0000,13.1953,0.0000,0.4706
130.8000,49.4092,0.0000,13.3031,0.0000,0.4706
130.9000,49.4017,0.0000,13.4822,0.0000,0.4706
131.0000,49.3955,0.0000,13.8974,0.0000,0.4705
131.1000,49.3912,0.0000,14.5562,0.0000,0.4705
131.2000,49.3901,0.0000,15.2144,0.0000,0.4704
131.3000,49.3908,0.0000,15.5602,0.0000,0.4704
131.4000,49.3923,0.0000,15.3799,0.0000,0.4703
131.5000,49.3916,0.0000,14.6816,0.0000,0.4703
131.6000,49.3878,0.0000,13.9248,0.0000,0.4702
131.7000,49.3813,0.0000,13.1443,0.0000,0.4702
131.8000,49.3715,0.0000,12.4795,0.0000,0.4701
131.9000,49.3601,0.0000,12.3006,0.0000,0.4701
132.0000,49.3490,0.0000,12.4634,0.0000,0.4701
132.1000,49.3388,0.0000,12.5781,0.0000,0.4700
132.2000,49.3286,0.0000,12.4938,0.0000,0.4700
132.3000,49.3178,0.0000,12.3398,0.0000,0.4699
132.4000,49.3065,0.0000,12.2632,0.0000,0.4699
132.5000,49.2952,0.0000,12.1847,0.0000,0.4698
132.6000,49.2833,0.0000,12.0841,0.0000,0.4698
132.7000,49.2713,0.0000,12.2103,0.0000,0.4698
132.8000,49.2604,0.0000,12.4002,0.0000,0.4697
132.9000,49.2498,0.0000,12.3357,0.0000,0.4697
133.0000,49.2385,0.0000,11.9101,0.0000,0.4696
133.1000,49.2248,0.0000,11.4208,0.0000,0.4696
133.2000,49.2098,0.0000,10.9543,0.0000,0.4696
133.3000,49.1925,0.0000,10.3401,0.0000,0.4695
133.4000,49.1729,0.0000,9.7567,0.0000,0.4695
133.5000,49.1512,0.0000,9.5001,0.0000,0.4695
133.6000,49.1296,0.0000,9.2419,0.0000,0.4694
133.7000,49.1060,0.0000,9.0332,0.0000,0.4694
133.8000,49.0830,0.0000,9.2796,0.0000,0.4694
133.9000,49.0614,0.0000,9.7634,0.0000,0.4693
134.0000,49.0421,0.0000,10.4753,0.0000,0.4693
134.1000,49.0261,0.0000,11.3728,0.0000,0.4693
134.2000,49.0138,0.0000,11.8052,0.0000,0.4692
134.3000,49.0011,0.0000,11.6572,0.0000,0.4692
134.4000,48.9877,0.0000,11.5437,0.0000,0.4691
134.5000,48.9742,0.0000,11.4896,0.0000,0.4691
134.6000,48.9605,0.0000,11.4583,0.0000,0.4691
134.7000,48.9468,0.0000,11.8262,0.0000,0.4690
134.8000,48.9360,0.0000,12.5376,0.0000,0.4690
134.9000,48.9278,0.0000,12.8369,0.0000,0.4689
135.0000,48.9194,0.0000,12.5293,0.0000,0.4689
135.1000,48.9089,0.0000,12.0058,0.0000,0.4689
135.2000,48.8964,0.0000,11.6968,0.0000,0.4688
135.3000,48.8836,0.0000,11.4923,0.0000,0.4688
135.4000,48.8695,0.0000,11.5906,0.0000,0.4687
135.5000,48.8575,0.0000,12.1717,0.0000,0.4687
135.6000,48.8481,0.0000,12.6831,0.0000,0.4687
135.7000,48.8400,0.0000,13.1223,0.0000,0.4686
135.8000,48.8340,0.0000,13.5792,0.0000,0.4686
135.9000,48.8295,0.0000,13.8631,0.0000,0.4685
136.0000,48.8257,0.0000,14.2228,0.0000,0.4685
136.1000,48.8241,0.0000,14.9058,0.0000,0.4684
136.2000,48.8255,0.0000,15.2819,0.0000,0.4684
136.3000,48.8268,0.0000,15.4684,0.0000,0.4683
136.4000,48.8297,0.0000,15.8216,0.0000,0.4683
136.5000,48.8336,0.0000,15.7415,0.0000,0.4682
136.6000,48.8359,0.0000,15.2481,0.0000,0.4682
136.7000,48.8360,0.0000,14.8131,0.0000,0.4681
136.8000,48.8349,0.0000,14.4902,0.0000,0.4681
136.9000,48.8326,0.0000,14.1312,0.0000,0.4680
137.0000,48.8287,0.0000,13.9720,0.0000,0.4680
137.1000,48.8251,0.0000,14.3729,0.0000,0.4680
137.2000,48.8244,0.0000,15.2807,0.0000,0.4679
137.3000,48.8278,0.0000,16.4013,0.0000,0.4679
137.4000,48.8357,0.0000,17.7077,0.0000,0.4678
137.5000,48.8492,0.0000,18.8645,0.0000,0.4677
137.6000,48.8660,0.0000,19.6445,0.0000,0.4677
137.7000,48.8855,0.0000,20.2241,0.0000,0.4676
137.8000,48.9066,0.0000,20.4765,0.0000,0.4675
137.9000,48.9279,0.0000,20.2518,0.0000,0.4675
138.0000,48.9472,0.0000,19.7608,0.0000,0.4674
138.1000,48.9646,0.0000,19.0147,0.0000,0.4674
138.2000,48.9781,0.0000,17.9801,0.0000,0.4673
138.3000,48.9874,0.0000,16.8252,0.0000,0.4673
138.4000,48.9919,0.0000,15.6299,0.0000,0.4672
138.5000,48.9920,0.0000,14.6397,0.0000,0.4672
138.6000,48.9889,0.0000,14.0264,0.0000,0.4671
138.7000,48.9843,0.0000,13.6231,0.0000,0.4671
138.8000,48.9781,0.0000,13.3296,0.0000,0.4670
138.9000,48.9712,0.0000,13.4308,0.0000,0.4670
139.0000,48.9658,0.0000,13.8203,0.0000,0.4669
139.1000,48.9620,0.0000,14.2189,0.0000,0.4669
139.2000,48.9597,0.0000,14.4993,0.0000,0.4668
139.3000,48.9581,0.0000,14.7318,0.0000,0.4668
139.4000,48.9575,0.0000,14.8658,0.0000,0.4667
139.5000,48.9570,0.0000,14.9080,0.0000,0.4667
139.6000,48.9568,0.0000,14.8802,0.0000,0.4667
139.7000,48.9560,0.0000,14.7288,0.0000,0.4666
139.8000,48.9546,0.0000,14.5125,0.0000,0.4666
139.9000,48.9521,0.0000,14.1605,0.0000,0.4665
140.0000,48.9481,0.0000,13.8575,0.0000,0.4665
140.1000,48.9433,0.0000,13.8368,0.0000,0.4664
140.2000,48.9391,0.0000,13.9616,0.0000,0.4664
140.3000,48.9353,0.0000,14.1711,0.0000,0.4663
140.4000,48.9327,0.0000,14.4806,0.0000,0.4663
140.5000,48.9313,0.0000,14.7053,0.0000,0.4662
140.6000,48.9305,0.0000,14.6840,0.0000,0.4662
140.7000,48.9289,0.0000,14.4646,0.0000,0.4661
140.8000,48.9264,0.0000,14.2698,0.0000,0.4661
140.9000,48.9233,0.0000,14.2427,0.0000,0.4660
141.0000,48.9206,0.0000,14.1270,0.0000,0.4660
141.1000,48.9167,0.0000,13.6457,0.0000,0.4660
141.2000,48.9103,0.0000,13.1305,0.0000,0.4659
141.3000,48.9024,0.0000,12.4893,0.0000,0.4659
141.4000,48.8910,0.0000,11.5176,0.0000,0.4658
141.5000,48.8757,0.0000,10.7158,0.0000,0.4658
141.6000,48.8582,0.0000,10.5763,0.0000,0.4658
141.7000,48.8419,0.0000,10.8680,0.0000,0.4657
141.8000,48.8267,0.0000,11.4733,0.0000,0.4657
141.9000,48.8151,0.0000,12.5392,0.0000,0.4656
142.0000,48.8083,0.0000,13.6115,0.0000,0.4656
142.1000,48.8050,0.0000,14.1320,0.0000,0.4656
142.2000,48.8022,0.0000,14.3969,0.0000,0.4655
142.3000,48.8010,0.0000,14.7027,0.0000,0.4655
142.4000,48.8005,0.0000,15.0445,0.0000,0.4654
142.5000,48.8019,0.0000,15.7358,0.0000,0.4654
142.6000,48.8069,0.0000,16.9110,0.0000,0.4653
142.7000,48.8173,0.0000,18.4250,0.0000,0.4653
142.8000,48.8339,0.0000,19.7710,0.0000,0.4652
142.9000,48.8547,0.0000,20.5978,0.0000,0.4651
143.0000,48.8776,0.0000,20.9236,0.0000,0.4651
143.1000,48.9008,0.0000,21.1451,0.0000,0.4650
143.2000,48.9252,0.0000,21.3372,0.0000,0.4649
143.3000,48.9498,0.0000,21.1446,0.0000,0.4649
143.4000,48.9726,0.0000,20.8601,0.0000,0.4648
143.5000,48.9948,0.0000,20.6544,0.0000,0.4647
143.6000,49.0159,0.0000,20.2663,0.0000,0.4647
143.7000,49.0350,0.0000,19.6550,0.0000,0.4646
143.8000,49.0513,0.0000,19.3436,0.0000,0.4646
143.9000,49.0679,0.0000,19.3571,0.0000,0.4645
144.0000,49.0842,0.0000,19.4145,0.0000,0.4644
144.1000,49.1012,0.0000,19.3945,0.0000,0.4644
144.2000,49.1173,0.0000,19.3933,0.0000,0.4643
144.3000,49.1342,0.0000,19.6376,0.0000,0.4642
144.4000,49.1521,0.0000,19.8111,0.0000,0.4642
144.5000,49.1702,0.0000,19.9600,0.0000,0.4641
144.6000,49.1891,0.0000,20.2146,0.0000,0.4641
144.7000,49.2091,0.0000,20.5670,0.0000,0.4640
144.8000,49.2306,0.0000,20.9416,0.0000,0.4639
144.9000,49.2533,0.0000,21.3245,0.0000,0.4639
145.0000,49.2776,0.0000,21.6930,0.0000,0.4638
145.1000,49.3031,0.0000,21.9558,0.0000,0.4637
145.2000,49.3292,0.0000,21.7911,0.0000,0.4637
145.3000,49.3533,0.0000,21.2622,0.0000,0.4636
145.4000,49.3753,0.0000,20.7549,0.0000,0.4635
145.5000,49.3953,0.0000,20.3902,0.0000,0.4635
145.6000,49.4144,0.0000,20.3284,0.0000,0.4634
145.7000,49.4338,0.0000,20.4452,0.0000,0.4633
145.8000,49.4537,0.0000,20.6044,0.0000,0.4633
145.9000,49.4743,0.0000,20.8218,0.0000,0.4632
146.0000,49.4957,0.0000,20.8919,0.0000,0.4632
146.1000,49.5167,0.0000,20.7355,0.0000,0.4631
146.2000,49.5368,0.0000,20.6585,0.0000,0.4630
146.3000,49.5571,0.0000,20.6487,0.0000,0.4630
146.4000,49.5770,0.0000,20.4991,0.0000,0.4629
146.5000,49.5960,0.0000,20.2823,0.0000,0.4628
146.6000,49.6142,0.0000,20.0616,0.0000,0.4628
146.7000,49.6315,0.0000,19.8506,0.0000,0.4627
146.8000,49.6480,0.0000,19.6508,0.0000,0.4627
146.9000,49.6636,0.0000,19.4599,0.0000,0.4626
147.0000,49.6785,0.0000,19.2891,0.0000,0.4625
147.1000,49.6928,0.0000,19.1394,0.0000,0.4625
147.2000,49.7066,0.0000,18.9964,0.0000,0.4624
147.3000,49.7197,0.0000,18.8579,0.0000,0.4624
147.4000,49.7323,0.0000,18.7256,0.0000,0.4623
147.5000,49.7443,0.0000,18.5875,0.0000,0.4622
147.6000,49.7558,0.0000,18.4556,0.0000,0.4622
147.7000,49.7668,0.0000,18.3296,0.0000,0.4621
147.8000,49.7773,0.0000,18.2092,0.0000,0.4621
147.9000,49.7873,0.0000,18.0942,0.0000,0.4620
148.0000,49.7969,0.0000,17.9842,0.0000,0.4620
148.1000,49.8060,0.0000,17.8792,0.0000,0.4619
148.2000,49.8148,0.0000,17.7789,0.0000,0.4618
148.3000,49.8231,0.0000,17.6831,0.0000,0.4618
148.4000,49.8311,0.0000,17.5915,0.0000,0.4617
148.5000,49.8387,0.0000,17.5041,0.0000,0.4617
148.6000,49.8459,0.0000,17.4205,0.0000,0.4616
148.7000,49.8529,0.0000,17.3407,0.0000,0.4616
148.8000,49.8595,0.0000,17.2645,0.0000,0.4615
148.9000,49.8658,0.0000,17.1917,0.0000,0.4615
149.0000,49.8718,0.0000,17.1221,0.0000,0.4614
149.1000,49.8776,0.0000,17.0556,0.0000,0.4613
149.2000,49.8831,0.0000,16.9922,0.0000,0.4613
149.3000,49.8884,0.0000,16.9315,0.0000,0.4612
149.4000,49.8934,0.0000,16.8690,0.0000,0.4612
149.5000,49.8982,0.0000,16.8093,0.0000,0.4611
149.6000,49.9027,0.0000,16.7568,0.0000,0.4611
149.7000,49.9071,0.0000,16.7067,0.0000,0.4610
149.8000,49.9112,0.0000,16.6589,0.0000,0.4610
149.9000,49.9152,0.0000,16.6177,0.0000,0.4609
150.0000,49.9190,0.0000,16.5784,0.0000,0.4609
150.1000,49.9226,0.0000,16.5364,0.0000,0.4608
150.2000,49.9261,0.0000,16.4962,0.0000,0.4608
150.3000,49.9294,0.0000,16.4578,0.0000,0.4607
150.4000,49.9326,0.0000,16.4211,0.0000,0.4607
150.5000,49.9356,0.0000,16.3860,0.0000,0.4606
150.6000,49.9385,0.0000,16.3526,0.0000,0.4606
150.7000,49.9413,0.0000,16.3206,0.0000,0.4605
150.8000,49.9439,0.0000,16.2901,0.0000,0.4605
150.9000,49.9465,0.0000,16.2610,0.0000,0.4604
151.0000,49.9489,0.0000,16.2331,0.0000,0.4603
151.1000,49.9512,0.0000,16.2065,0.0000,0.4603
151.2000,49.9534,0.0000,16.1811,0.0000,0.4602
151.3000,49.9555,0.0000,16.1569,0.0000,0.4602
151.4000,49.9575,0.0000,16.1337,0.0000,0.4601
151.5000,49.9594,0.0000,16.1116,0.0000,0.4601
151.6000,49.9612,0.0000,16.0905,0.0000,0.4600
151.7000,49.9630,0.0000,16.0703,0.0000,0.4600
151.8000,49.9646,0.0000,16.0510,0.0000,0.4599
151.9000,49.9662,0.0000,16.0326,0.0000,0.4599
152.0000,49.9677,0.0000,16.0150,0.0000,0.4598
152.1000,49.9692,0.0000,15.9982,0.0000,0.4598
152.2000,49.9706,0.0000,15.9822,0.0000,0.4597
152.3000,49.9719,0.0000,15.9669,0.0000,0.4597
152.4000,49.9732,0.0000,15.9522,0.0000,0.4596
152.5000,49.9744,0.0000,15.9383,0.0000,0.4596
152.6000,49.9755,0.0000,15.9249,0.0000,0.4595
152.7000,49.9766,0.0000,15.9122,0.0000,0.4595
152.8000,49.9777,0.0000,15.9000,0.0000,0.4594
152.9000,49.9787,0.0000,15.8884,0.0000,0.4594
153.0000,49.9796,0.0000,15.8773,0.0000,0.4593
153.1000,49.9806,0.0000,15.8667,0.0000,0.4593
153.2000,49.9814,0.0000,15.8566,0.0000,0.4592
153.3000,49.9823,0.0000,15.8469,0.0000,0.4592
153.4000,49.9831,0.0000,15.8377,0.0000,0.4591
153.5000,49.9838,0.0000,15.8288,0.0000,0.4591
153.6000,49.9846,0.0000,15.8204,0.0000,0.4590
153.7000,49.9853,0.0000,15.8124,0.0000,0.4590
153.8000,49.9859,0.0000,15.8047,0.0000,0.4589
153.9000,49.9866,0.0000,15.7911,0.0000,0.4589
154.0000,49.9871,0.0000,15.7601,0.0000,0.4588
154.1000,49.9875,0.0000,15.5929,0.0000,0.4588
154.2000,49.9868,0.0000,15.2145,0.0000,0.4587
154.3000,49.9843,0.0000,14.8210,0.0000,0.4587
154.4000,49.9807,0.0000,14.5548,0.0000,0.4586
154.5000,49.9762,0.0000,14.3020,0.0000,0.4586
154.6000,49.9707,0.0000,14.1808,0.0000,0.4585
154.7000,49.9653,0.0000,14.3465,0.0000,0.4585
154.8000,49.9610,0.0000,14.5740,0.0000,0.4584
154.9000,49.9574,0.0000,14.8149,0.0000,0.4584
155.0000,49.9550,0.0000,15.1723,0.0000,0.4583
155.1000,49.9541,0.0000,15.5307,0.0000,0.4583
155.2000,49.9544,0.0000,15.8103,0.0000,0.4582
155.3000,49.9556,0.0000,16.0401,0.0000,0.4582
155.4000,49.9576,0.0000,16.0785,0.0000,0.4581
155.5000,49.9591,0.0000,16.0045,0.0000,0.4581
155.6000,49.9605,0.0000,15.9879,0.0000,0.4580
155.7000,49.9619,0.0000,15.9721,0.0000,0.4580
155.8000,49.9632,0.0000,15.9570,0.0000,0.4579
155.9000,49.9644,0.0000,15.9967,0.0000,0.4579
156.0000,49.9660,0.0000,15.9744,0.0000,0.4578
156.1000,49.9671,0.0000,15.8699,0.0000,0.4578
156.2000,49.9679,0.0000,15.5764,0.0000,0.4577
156.3000,49.9668,0.0000,15.0629,0.0000,0.4577
156.4000,49.9637,0.0000,14.3776,0.0000,0.4576
156.5000,49.9574,0.0000,13.5487,0.0000,0.4576
156.6000,49.9481,0.0000,12.8226,0.0000,0.4576
156.7000,49.9363,0.0000,12.3705,0.0000,0.4575
156.8000,49.9236,0.0000,12.0725,0.0000,0.4575
156.9000,49.9097,0.0000,11.9778,0.0000,0.4574
157.0000,49.8963,0.0000,12.1427,0.0000,0.4574
157.1000,49.8837,0.0000,12.1717,0.0000,0.4574
157.2000,49.8706,0.0000,12.0445,0.0000,0.4573
157.3000,49.8570,0.0000,12.1494,0.0000,0.4573
157.4000,49.8448,0.0000,12.5105,0.0000,0.4572
157.5000,49.8340,0.0000,12.9635,0.0000,0.4572
157.6000,49.8253,0.0000,13.3904,0.0000,0.4571
157.7000,49.8178,0.0000,13.8242,0.0000,0.4571
157.8000,49.8124,0.0000,14.0181,0.0000,0.4571
157.9000,49.8063,0.0000,13.8367,0.0000,0.4570
158.0000,49.7996,0.0000,13.4457,0.0000,0.4570
158.1000,49.7906,0.0000,13.2605,0.0000,0.4569
158.2000,49.7825,0.0000,13.1866,0.0000,0.4569
158.3000,49.7730,0.0000,13.1407,0.0000,0.4568
158.4000,49.7646,0.0000,13.4427,0.0000,0.4568
158.5000,49.7574,0.0000,13.6885,0.0000,0.4567
158.6000,49.7509,0.0000,13.5745,0.0000,0.4567
158.7000,49.7429,0.0000,13.5787,0.0000,0.4567
158.8000,49.7364,0.0000,13.9537,0.0000,0.4566
158.9000,49.7313,0.0000,14.0006,0.0000,0.4566
159.0000,49.7252,0.0000,13.8977,0.0000,0.4565
159.1000,49.7193,0.0000,13.8389,0.0000,0.4565
159.2000,49.7128,0.0000,13.3685,0.0000,0.4564
159.3000,49.7034,0.0000,12.4027,0.0000,0.4564
159.4000,49.6896,0.0000,11.6920,0.0000,0.4563
159.5000,49.6748,0.0000,11.5214,0.0000,0.4563
159.6000,49.6598,0.0000,11.5539,0.0000,0.4563
159.7000,49.6453,0.0000,11.7841,0.0000,0.4562
159.8000,49.6321,0.0000,12.2463,0.0000,0.4562
159.9000,49.6212,0.0000,12.7059,0.0000,0.4561
160.0000,49.6115,0.0000,12.8756,0.0000,0.4561
160.1000,49.6020,0.0000,13.1148,0.0000,0.4561
160.2000,49.5941,0.0000,13.4578,0.0000,0.4560
160.3000,49.5872,0.0000,13.5789,0.0000,0.4560
160.4000,49.5803,0.0000,13.5503,0.0000,0.4559
160.5000,49.5732,0.0000,13.8131,0.0000,0.4559
160.6000,49.5684,0.0000,14.1631,0.0000,0.4558
160.7000,49.5640,0.0000,14.4420,0.0000,0.4558
160.8000,49.5613,0.0000,15.0658,0.0000,0.4557
160.9000,49.5616,0.0000,15.8731,0.0000,0.4557
161.0000,49.5651,0.0000,16.5925,0.0000,0.4556
161.1000,49.5709,0.0000,17.3751,0.0000,0.4556
161.2000,49.5803,0.0000,18.2861,0.0000,0.4555
161.3000,49.5930,0.0000,19.0067,0.0000,0.4555
161.4000,49.6078,0.0000,19.4808,0.0000,0.4554
161.5000,49.6241,0.0000,19.7355,0.0000,0.4553
161.6000,49.6407,0.0000,19.7304,0.0000,0.4553
161.7000,49.6568,0.0000,19.5828,0.0000,0.4552
161.8000,49.6723,0.0000,19.3812,0.0000,0.4552
161.9000,49.6868,0.0000,19.1827,0.0000,0.4551
162.0000,49.7006,0.0000,19.0242,0.0000,0.4550
162.1000,49.7139,0.0000,18.8727,0.0000,0.4550
162.2000,49.7265,0.0000,18.7279,0.0000,0.4549
162.3000,49.7386,0.0000,18.6208,0.0000,0.4549
162.4000,49.7503,0.0000,18.5186,0.0000,0.4548
162.5000,49.7616,0.0000,18.3898,0.0000,0.4548
162.6000,49.7723,0.0000,18.2667,0.0000,0.4547
162.7000,49.7826,0.0000,18.1491,0.0000,0.4546
162.8000,49.7923,0.0000,18.0367,0.0000,0.4546
162.9000,49.8017,0.0000,17.9294,0.0000,0.4545
163.0000,49.8106,0.0000,17.8268,0.0000,0.4545
163.1000,49.8191,0.0000,17.7288,0.0000,0.4544
163.2000,49.8273,0.0000,17.6353,0.0000,0.4544
163.3000,49.8350,0.0000,17.5458,0.0000,0.4543
163.4000,49.8425,0.0000,17.3012,0.0000,0.4543
163.5000,49.8484,0.0000,16.9699,0.0000,0.4542
163.6000,49.8532,0.0000,16.7082,0.0000,0.4541
163.7000,49.8571,0.0000,16.4254,0.0000,0.4541
163.8000,49.8598,0.0000,16.1397,0.0000,0.4540
163.9000,49.8615,0.0000,15.9098,0.0000,0.4540
164.0000,49.8625,0.0000,15.9057,0.0000,0.4539
164.1000,49.8642,0.0000,16.0677,0.0000,0.4539
164.2000,49.8664,0.0000,16.1700,0.0000,0.4538
164.3000,49.8688,0.0000,16.0413,0.0000,0.4538
164.4000,49.8700,0.0000,15.7951,0.0000,0.4537
164.5000,49.8706,0.0000,15.5634,0.0000,0.4537
164.6000,49.8700,0.0000,15.2961,0.0000,0.4536
164.7000,49.8686,0.0000,15.1861,0.0000,0.4536
164.8000,49.8672,0.0000,15.3220,0.0000,0.4535
164.9000,49.8667,0.0000,15.7729,0.0000,0.4535
165.0000,49.8688,0.0000,16.2311,0.0000,0.4534
165.1000,49.8718,0.0000,16.4111,0.0000,0.4534
165.2000,49.8752,0.0000,16.5224,0.0000,0.4533
165.3000,49.8791,0.0000,16.6638,0.0000,0.4533
165.4000,49.8835,0.0000,16.7169,0.0000,0.4532
165.5000,49.8878,0.0000,16.6680,0.0000,0.4532
165.6000,49.8918,0.0000,16.7043,0.0000,0.4531
165.7000,49.8963,0.0000,16.7394,0.0000,0.4531
165.8000,49.9006,0.0000,16.6801,0.0000,0.4530
165.9000,49.9046,0.0000,16.3733,0.0000,0.4530
166.0000,49.9066,0.0000,15.9514,0.0000,0.4529
166.1000,49.9074,0.0000,15.6367,0.0000,0.4529
166.2000,49.9070,0.0000,15.3396,0.0000,0.4528
166.3000,49.9055,0.0000,15.0782,0.0000,0.4528
166.4000,49.9031,0.0000,14.7601,0.0000,0.4527
166.5000,49.8993,0.0000,14.1180,0.0000,0.4527
166.6000,49.8921,0.0000,13.4176,0.0000,0.4526
166.7000,49.8830,0.0000,12.8072,0.0000,0.4526
166.8000,49.8712,0.0000,12.1050,0.0000,0.4525
166.9000,49.8568,0.0000,11.5144,0.0000,0.4525
167.0000,49.8406,0.0000,11.1119,0.0000,0.4525
167.1000,49.8232,0.0000,10.6049,0.0000,0.4524
167.2000,49.8032,0.0000,9.9754,0.0000,0.4524
167.3000,49.7812,0.0000,9.4832,0.0000,0.4524
167.4000,49.7575,0.0000,9.1547,0.0000,0.4523
167.5000,49.7331,0.0000,8.9389,0.0000,0.4523
167.6000,49.7079,0.0000,8.7720,0.0000,0.4523
167.7000,49.6822,0.0000,8.7235,0.0000,0.4522
167.8000,49.6568,0.0000,8.7358,0.0000,0.4522
167.9000,49.6313,0.0000,9.0282,0.0000,0.4522
168.0000,49.6082,0.0000,9.6905,0.0000,0.4521
168.1000,49.5879,0.0000,10.4372,0.0000,0.4521
168.2000,49.5704,0.0000,11.0506,0.0000,0.4521
168.3000,49.5549,0.0000,11.6575,0.0000,0.4520
168.4000,49.5422,0.0000,12.0420,0.0000,0.4520
168.5000,49.5296,0.0000,11.8508,0.0000,0.4519
168.6000,49.5154,0.0000,11.3095,0.0000,0.4519
168.7000,49.4988,0.0000,10.8108,0.0000,0.4519
168.8000,49.4809,0.0000,10.2279,0.0000,0.4518
168.9000,49.4599,0.0000,9.6906,0.0000,0.4518
169.0000,49.4380,0.0000,9.6538,0.0000,0.4518
169.1000,49.4168,0.0000,9.7471,0.0000,0.4517
169.2000,49.3957,0.0000,9.6681,0.0000,0.4517
169.3000,49.3739,0.0000,9.8445,0.0000,0.4517
169.4000,49.3543,0.0000,10.1071,0.0000,0.4516
169.5000,49.3346,0.0000,9.9411,0.0000,0.4516
169.6000,49.3137,0.0000,9.8728,0.0000,0.4516
169.7000,49.2936,0.0000,10.2388,0.0000,0.4515
169.8000,49.2756,0.0000,10.6805,0.0000,0.4515
169.9000,49.2590,0.0000,11.0728,0.0000,0.4515
170.0000,49.2441,0.0000,11.6913,0.0000,0.4514
170.1000,49.2322,0.0000,12.4386,0.0000,0.4514
170.2000,49.2231,0.0000,13.1120,0.0000,0.4513
170.3000,49.2164,0.0000,13.8739,0.0000,0.4513
170.4000,49.2132,0.0000,14.7631,0.0000,0.4512
170.5000,49.2133,0.0000,15.7709,0.0000,0.4512
170.6000,49.2178,0.0000,16.7849,0.0000,0.4511
170.7000,49.2258,0.0000,17.6000,0.0000,0.4511
170.8000,49.2364,0.0000,17.9347,0.0000,0.4510
170.9000,49.2469,0.0000,17.8018,0.0000,0.4510
171.0000,49.2565,0.0000,17.4889,0.0000,0.4509
171.1000,49.2645,0.0000,17.0167,0.0000,0.4509
171.2000,49.2705,0.0000,16.5356,0.0000,0.4508
171.3000,49.2748,0.0000,16.1591,0.0000,0.4508
171.4000,49.2778,0.0000,15.9479,0.0000,0.4507
171.5000,49.2805,0.0000,15.7882,0.0000,0.4507
171.6000,49.2823,0.0000,15.6437,0.0000,0.4506
171.7000,49.2839,0.0000,15.4827,0.0000,0.4506
171.8000,49.2844,0.0000,15.4346,0.0000,0.4505
171.9000,49.2856,0.0000,15.9512,0.0000,0.4505
172.0000,49.2901,0.0000,16.6767,0.0000,0.4504
172.1000,49.2968,0.0000,17.3110,0.0000,0.4503
172.2000,49.3062,0.0000,17.9552,0.0000,0.4503
172.3000,49.3178,0.0000,18.2915,0.0000,0.4502
172.4000,49.3297,0.0000,18.0301,0.0000,0.4502
172.5000,49.3392,0.0000,17.4765,0.0000,0.4501
172.6000,49.3468,0.0000,16.9401,0.0000,0.4501
172.7000,49.3522,0.0000,16.5538,0.0000,0.4500
172.8000,49.3568,0.0000,16.2232,0.0000,0.4500
172.9000,49.3596,0.0000,15.7690,0.0000,0.4499
173.0000,49.3607,0.0000,15.4917,0.0000,0.4499
173.1000,49.3615,0.0000,15.2818,0.0000,0.4498
173.2000,49.3610,0.0000,14.8887,0.0000,0.4498
173.3000,49.3587,0.0000,14.7142,0.0000,0.4497
173.4000,49.3569,0.0000,14.7633,0.0000,0.4497
173.5000,49.3550,0.0000,14.8304,0.0000,0.4496
173.6000,49.3537,0.0000,14.9447,0.0000,0.4496
173.7000,49.3526,0.0000,15.0257,0.0000,0.4495
173.8000,49.3520,0.0000,15.0466,0.0000,0.4495
173.9000,49.3511,0.0000,14.9102,0.0000,0.4494
174.0000,49.3494,0.0000,14.5267,0.0000,0.4494
174.1000,49.3456,0.0000,14.1088,0.0000,0.4493
174.2000,49.3407,0.0000,13.8481,0.0000,0.4493
174.3000,49.3349,0.0000,13.4688,0.0000,0.4492
174.4000,49.3272,0.0000,13.0590,0.0000,0.4492
174.5000,49.3183,0.0000,12.7396,0.0000,0.4492
174.6000,49.3081,0.0000,12.6342,0.0000,0.4491
174.7000,49.2985,0.0000,12.5326,0.0000,0.4491
174.8000,49.2876,0.0000,12.5101,0.0000,0.4490
174.9000,49.2778,0.0000,12.6091,0.0000,0.4490
175.0000,49.2677,0.0000,12.6111,0.0000,0.4490
175.1000,49.2580,0.0000,12.5033,0.0000,0.4489
175.2000,49.2471,0.0000,12.3742,0.0000,0.4489
175.3000,49.2365,0.0000,12.2192,0.0000,0.4488
175.4000,49.2244,0.0000,11.8349,0.0000,0.4488
175.5000,49.2109,0.0000,11.2173,0.0000,0.4488
175.6000,49.1942,0.0000,10.5753,0.0000,0.4487
175.7000,49.1758,0.0000,10.1186,0.0000,0.4487
175.8000,49.1556,0.0000,9.6442,0.0000,0.4486
175.9000,49.1336,0.0000,9.5158,0.0000,0.4486
176.0000,49.1126,0.0000,9.8329,0.0000,0.4486
176.1000,49.0931,0.0000,9.9839,0.0000,0.4485
176.2000,49.0733,0.0000,9.7089,0.0000,0.4485
176.3000,49.0518,0.0000,9.5204,0.0000,0.4485
176.4000,49.0306,0.0000,9.7139,0.0000,0.4484
176.5000,49.0106,0.0000,9.9993,0.0000,0.4484
176.6000,48.9917,0.0000,10.3676,0.0000,0.4484
176.7000,48.9747,0.0000,11.1040,0.0000,0.4483
176.8000,48.9615,0.0000,12.1802,0.0000,0.4483
176.9000,48.9528,0.0000,12.7944,0.0000,0.4483
177.0000,48.9444,0.0000,12.9874,0.0000,0.4482
177.1000,48.9373,0.0000,13.3458,0.0000,0.4482
177.2000,48.9317,0.0000,13.4348,0.0000,0.4481
177.3000,48.9253,0.0000,13.0193,0.0000,0.4481
177.4000,48.9165,0.0000,12.7287,0.0000,0.4480
177.5000,48.9078,0.0000,12.8327,0.0000,0.4480
177.6000,48.8999,0.0000,12.8540,0.0000,0.4480
177.7000,48.8914,0.0000,12.9536,0.0000,0.4479
177.8000,48.8843,0.0000,13.1544,0.0000,0.4479
177.9000,48.8774,0.0000,13.2727,0.0000,0.4478
178.0000,48.8712,0.0000,13.3665,0.0000,0.4478
178.1000,48.8651,0.0000,13.4123,0.0000,0.4477
178.2000,48.8593,0.0000,13.2611,0.0000,0.4477
178.3000,48.8521,0.0000,13.1666,0.0000,0.4476
178.4000,48.8455,0.0000,13.4068,0.0000,0.4476
178.5000,48.8402,0.0000,13.7821,0.0000,0.4476
178.6000,48.8366,0.0000,14.1916,0.0000,0.4475
178.7000,48.8344,0.0000,14.6746,0.0000,0.4475
178.8000,48.8346,0.0000,15.2650,0.0000,0.4474
178.9000,48.8369,0.0000,15.7865,0.0000,0.4474
179.0000,48.8411,0.0000,16.0327,0.0000,0.4473
179.1000,48.8454,0.0000,16.1448,0.0000,0.4473
179.2000,48.8504,0.0000,16.3958,0.0000,0.4472
179.3000,48.8566,0.0000,16.4704,0.0000,0.4472
179.4000,48.8621,0.0000,16.1156,0.0000,0.4471
179.5000,48.8656,0.0000,15.8273,0.0000,0.4471
179.6000,48.8689,0.0000,15.8707,0.0000,0.4470
179.7000,48.8726,0.0000,15.9371,0.0000,0.4470
179.8000,48.8764,0.0000,15.7961,0.0000,0.4469
179.9000,48.8791,0.0000,15.5406,0.0000,0.4469
180.0000,48.8809,0.0000,15.1905,0.0000,0.4468
180.1000,48.8808,0.0000,14.7399,0.0000,0.4468
180.2000,48.8791,0.0000,14.3243,0.0000,0.4467
180.3000,48.8759,0.0000,14.2296,0.0000,0.4467
180.4000,48.8735,0.0000,14.5488,0.0000,0.4466
180.5000,48.8727,0.0000,14.8522,0.0000,0.4466
180.6000,48.8727,0.0000,14.6155,0.0000,0.4465
180.7000,48.8700,0.0000,13.8558,0.0000,0.4465
180.8000,48.8641,0.0000,12.7257,0.0000,0.4464
180.9000,48.8528,0.0000,11.3042,0.0000,0.4464
181.0000,48.8360,0.0000,10.0461,0.0000,0.4464
181.1000,48.8150,0.0000,9.4792,0.0000,0.4463
181.2000,48.7938,0.0000,9.5809,0.0000,0.4463
181.3000,48.7737,0.0000,9.8579,0.0000,0.4463
181.4000,48.7548,0.0000,10.4619,0.0000,0.4462
181.5000,48.7394,0.0000,11.3351,0.0000,0.4462
181.6000,48.7273,0.0000,11.9680,0.0000,0.4462
181.7000,48.7169,0.0000,12.3442,0.0000,0.4461
181.8000,48.7078,0.0000,12.6507,0.0000,0.4461
181.9000,48.6997,0.0000,12.7157,0.0000,0.4460
182.0000,48.6912,0.0000,12.5810,0.0000,0.4460
182.1000,48.6821,0.0000,12.6820,0.0000,0.4459
182.2000,48.6744,0.0000,13.1630,0.0000,0.4459
182.3000,48.6691,0.0000,14.0499,0.0000,0.4459
182.4000,48.6682,0.0000,15.2351,0.0000,0.4458
182.5000,48.6722,0.0000,16.3615,0.0000,0.4458
182.6000,48.6800,0.0000,17.1151,0.0000,0.4457
182.7000,48.6898,0.0000,17.4541,0.0000,0.4456
182.8000,48.7002,0.0000,17.3884,0.0000,0.4456
182.9000,48.7094,0.0000,16.9065,0.0000,0.4455
183.0000,48.7161,0.0000,16.2751,0.0000,0.4455
183.1000,48.7203,0.0000,15.8016,0.0000,0.4454
183.2000,48.7233,0.0000,15.4886,0.0000,0.4454
183.3000,48.7251,0.0000,15.1165,0.0000,0.4453
183.4000,48.7252,0.0000,14.7047,0.0000,0.4453
183.5000,48.7238,0.0000,14.5425,0.0000,0.4452
183.6000,48.7226,0.0000,14.2991,0.0000,0.4452
183.7000,48.7193,0.0000,13.6800,0.0000,0.4451
183.8000,48.7134,0.0000,13.2322,0.0000,0.4451
183.9000,48.7067,0.0000,12.8752,0.0000,0.4451
184.0000,48.6980,0.0000,12.1399,0.0000,0.4450
184.1000,48.6856,0.0000,11.4318,0.0000,0.4450
184.2000,48.6715,0.0000,10.9180,0.0000,0.4449
184.3000,48.6552,0.0000,10.3966,0.0000,0.4449
184.4000,48.6371,0.0000,10.1415,0.0000,0.4449
184.5000,48.6189,0.0000,10.0217,0.0000,0.4448
184.6000,48.5999,0.0000,9.8202,0.0000,0.4448
184.7000,48.5802,0.0000,9.9119,0.0000,0.4448
184.8000,48.5620,0.0000,10.2307,0.0000,0.4447
184.9000,48.5448,0.0000,10.4830,0.0000,0.4447
185.0000,48.5287,0.0000,10.9550,0.0000,0.4447
185.1000,48.5153,0.0000,11.6022,0.0000,0.4446
185.2000,48.5042,0.0000,12.1772,0.0000,0.4446
185.3000,48.4953,0.0000,12.7810,0.0000,0.4445
185.4000,48.4890,0.0000,13.2548,0.0000,0.4445
185.5000,48.4838,0.0000,13.5231,0.0000,0.4445
185.6000,48.4796,0.0000,13.8962,0.0000,0.4444
185.7000,48.4773,0.0000,14.3625,0.0000,0.4444
185.8000,48.4767,0.0000,14.6648,0.0000,0.4443
185.9000,48.4768,0.0000,15.0038,0.0000,0.4443
186.0000,48.4789,0.0000,15.6017,0.0000,0.4442
186.1000,48.4836,0.0000,16.1985,0.0000,0.4442
186.2000,48.4903,0.0000,16.7382,0.0000,0.4441
186.3000,48.4992,0.0000,17.5299,0.0000,0.4441
186.4000,48.5121,0.0000,18.4585,0.0000,0.4440
186.5000,48.5281,0.0000,19.2014,0.0000,0.4439
186.6000,48.5466,0.0000,19.7641,0.0000,0.4439
186.7000,48.5670,0.0000,20.2257,0.0000,0.4438
186.8000,48.5890,0.0000,20.4874,0.0000,0.4438
186.9000,48.6113,0.0000,20.5105,0.0000,0.4437
187.0000,48.6333,0.0000,20.3901,0.0000,0.4436
187.1000,48.6545,0.0000,20.2197,0.0000,0.4436
187.2000,48.6751,0.0000,20.0019,0.0000,0.4435
187.3000,48.6945,0.0000,19.7788,0.0000,0.4434
187.4000,48.7133,0.0000,19.5594,0.0000,0.4434
187.5000,48.7309,0.0000,19.2023,0.0000,0.4433
187.6000,48.7469,0.0000,18.8388,0.0000,0.4433
187.7000,48.7616,0.0000,18.5562,0.0000,0.4432
187.8000,48.7752,0.0000,18.2536,0.0000,0.4431
187.9000,48.7875,0.0000,18.3740,0.0000,0.4431
188.0000,48.8020,0.0000,19.1563,0.0000,0.4430
188.1000,48.8203,0.0000,20.0634,0.0000,0.4430
188.2000,48.8417,0.0000,20.9071,0.0000,0.4429
188.3000,48.8664,0.0000,21.8929,0.0000,0.4428
188.4000,48.8954,0.0000,22.7137,0.0000,0.4428
188.5000,48.9262,0.0000,22.8827,0.0000,0.4427
188.6000,48.9563,0.0000,22.7217,0.0000,0.4426
188.7000,48.9857,0.0000,22.5087,0.0000,0.4426
188.8000,49.0139,0.0000,22.3204,0.0000,0.4425
188.9000,49.0418,0.0000,21.9730,0.0000,0.4424
189.0000,49.0672,0.0000,21.7728,0.0000,0.4424
189.1000,49.0933,0.0000,21.9493,0.0000,0.4423
189.2000,49.1199,0.0000,22.1943,0.0000,0.4422
189.3000,49.1478,0.0000,22.2437,0.0000,0.4422
189.4000,49.1746,0.0000,22.2417,0.0000,0.4421
189.5000,49.2023,0.0000,22.4341,0.0000,0.4420
189.6000,49.2305,0.0000,22.5976,0.0000,0.4419
189.7000,49.2592,0.0000,22.7297,0.0000,0.4419
189.8000,49.2882,0.0000,22.8372,0.0000,0.4418
189.9000,49.3177,0.0000,22.9536,0.0000,0.4417
190.0000,49.3474,0.0000,22.8906,0.0000,0.4417
190.1000,49.3762,0.0000,22.6066,0.0000,0.4416
190.2000,49.4036,0.0000,22.1918,0.0000,0.4415
190.3000,49.4291,0.0000,21.8109,0.0000,0.4415
190.4000,49.4534,0.0000,21.4723,0.0000,0.4414
190.5000,49.4761,0.0000,20.9009,0.0000,0.4413
190.6000,49.4960,0.0000,20.2294,0.0000,0.4413
190.7000,49.5135,0.0000,19.8671,0.0000,0.4412
190.8000,49.5304,0.0000,19.7084,0.0000,0.4411
190.9000,49.5467,0.0000,19.5869,0.0000,0.4411
191.0000,49.5626,0.0000,19.7344,0.0000,0.4410
191.1000,49.5799,0.0000,20.0765,0.0000,0.4410
191.2000,49.5984,0.0000,20.1973,0.0000,0.4409
191.3000,49.6164,0.0000,20.0415,0.0000,0.4408
191.4000,49.6336,0.0000,19.7564,0.0000,0.4408
191.5000,49.6494,0.0000,19.4881,0.0000,0.4407
191.6000,49.6645,0.0000,19.1213,0.0000,0.4407
191.7000,49.6775,0.0000,18.3353,0.0000,0.4406
191.8000,49.6865,0.0000,17.1897,0.0000,0.4405
191.9000,49.6907,0.0000,16.0512,0.0000,0.4405
192.0000,49.6910,0.0000,15.1365,0.0000,0.4404
192.1000,49.6883,0.0000,14.8388,0.0000,0.4404
192.2000,49.6864,0.0000,15.4017,0.0000,0.4403
192.3000,49.6879,0.0000,16.3387,0.0000,0.4403
192.4000,49.6931,0.0000,16.9833,0.0000,0.4402
192.5000,49.6995,0.0000,17.1660,0.0000,0.4402
192.6000,49.7061,0.0000,17.0321,0.0000,0.4401
192.7000,49.7115,0.0000,16.4343,0.0000,0.4401
192.8000,49.7135,0.0000,15.6161,0.0000,0.4400
192.9000,49.7126,0.0000,15.1025,0.0000,0.4400
193.0000,49.7107,0.0000,14.8298,0.0000,0.4399
193.1000,49.7078,0.0000,14.4075,0.0000,0.4399
193.2000,49.7027,0.0000,14.1166,0.0000,0.4398
193.3000,49.6976,0.0000,14.2949,0.0000,0.4398
193.4000,49.6939,0.0000,14.7238,0.0000,0.4397
193.5000,49.6920,0.0000,15.2859,0.0000,0.4397
193.6000,49.6926,0.0000,16.1173,0.0000,0.4396
193.7000,49.6971,0.0000,16.9894,0.0000,0.4396
193.8000,49.7043,0.0000,17.4375,0.0000,0.4395
193.9000,49.7121,0.0000,17.6630,0.0000,0.4395
194.0000,49.7210,0.0000,17.9431,0.0000,0.4394
194.1000,49.7309,0.0000,18.0300,0.0000,0.4394
194.2000,49.7403,0.0000,17.9805,0.0000,0.4393
194.3000,49.7498,0.0000,18.1130,0.0000,0.4393
194.4000,49.7603,0.0000,18.2905,0.0000,0.4392
194.5000,49.7711,0.0000,18.2811,0.0000,0.4391
194.6000,49.7814,0.0000,18.1629,0.0000,0.4391
194.7000,49.7912,0.0000,18.0499,0.0000,0.4390
194.8000,49.8006,0.0000,17.9420,0.0000,0.4390
194.9000,49.8096,0.0000,17.8389,0.0000,0.4389
195.0000,49.8181,0.0000,17.7404,0.0000,0.4389
195.1000,49.8263,0.0000,17.6462,0.0000,0.4388
195.2000,49.8341,0.0000,17.5563,0.0000,0.4387
195.3000,49.8416,0.0000,17.4705,0.0000,0.4387
195.4000,49.8487,0.0000,17.3884,0.0000,0.4386
195.5000,49.8555,0.0000,17.3100,0.0000,0.4386
195.6000,49.8620,0.0000,17.2352,0.0000,0.4385
195.7000,49.8682,0.0000,17.1637,0.0000,0.4385
195.8000,49.8742,0.0000,17.0953,0.0000,0.4384
195.9000,49.8798,0.0000,17.0301,0.0000,0.4384
196.0000,49.8852,0.0000,16.9677,0.0000,0.4383
196.1000,49.8904,0.0000,16.9082,0.0000,0.4383
196.2000,49.8953,0.0000,16.8513,0.0000,0.4382
196.3000,49.9000,0.0000,16.7970,0.0000,0.4382
196.4000,49.9045,0.0000,16.7451,0.0000,0.4381
196.5000,49.9088,0.0000,16.6955,0.0000,0.4380
196.6000,49.9129,0.0000,16.6482,0.0000,0.4380
196.7000,49.9169,0.0000,16.6030,0.0000,0.4379
196.8000,49.9206,0.0000,16.5598,0.0000,0.4379
196.9000,49.9242,0.0000,16.5185,0.0000,0.4378
197.0000,49.9276,0.0000,16.4791,0.0000,0.4378
197.1000,49.9308,0.0000,16.4415,0.0000,0.4377
197.2000,49.9340,0.0000,16.4056,0.0000,0.4377
197.3000,49.9369,0.0000,16.3712,0.0000,0.4376
197.4000,49.9398,0.0000,16.3384,0.0000,0.4376
197.5000,49.9425,0.0000,16.3071,0.0000,0.4375
197.6000,49.9451,0.0000,16.2772,0.0000,0.4375
197.7000,49.9475,0.0000,16.2486,0.0000,0.4374
197.8000,49.9499,0.0000,16.2213,0.0000,0.4374
197.9000,49.9522,0.0000,16.1953,0.0000,0.4373
198.0000,49.9543,0.0000,16.1704,0.0000,0.4373
198.1000,49.9564,0.0000,16.1466,0.0000,0.4372
198.2000,49.9583,0.0000,16.1239,0.0000,0.4372
198.3000,49.9602,0.0000,16.1022,0.0000,0.4371
198.4000,49.9620,0.0000,16.0815,0.0000,0.4371
198.5000,49.9637,0.0000,16.0617,0.0000,0.4370
198.6000,49.9653,0.0000,16.0428,0.0000,0.4370
198.7000,49.9669,0.0000,16.0248,0.0000,0.4369
198.8000,49.9684,0.0000,16.0076,0.0000,0.4369
198.9000,49.9698,0.0000,15.9911,0.0000,0.4368
199.0000,49.9712,0.0000,15.9754,0.0000,0.4368
199.1000,49.9725,0.0000,15.9604,0.0000,0.4367
199.2000,49.9737,0.0000,15.9460,0.0000,0.4367
199.3000,49.9749,0.0000,15.9323,0.0000,0.4366
199.4000,49.9760,0.0000,15.9193,0.0000,0.4365
199.5000,49.9771,0.0000,15.9068,0.0000,0.4365
199.6000,49.9781,0.0000,15.8949,0.0000,0.4364
199.7000,49.9791,0.0000,15.8835,0.0000,0.4364
199.8000,49.9801,0.0000,15.8726,0.0000,0.4363
199.9000,49.9809,0.0000,15.8622,0.0000,0.4363
200.0000,49.9818,0.0000,15.8523,0.0000,0.4362
200.1000,49.9826,0.0000,15.8428,0.0000,0.4362
200.2000,49.9834,0.0000,15.8337,0.0000,0.4361
200.3000,49.9842,0.0000,15.8251,0.0000,0.4361
200.4000,49.9849,0.0000,15.8169,0.0000,0.4360
200.5000,49.9855,0.0000,15.8090,0.0000,0.4360
200.6000,49.9862,0.0000,15.8014,0.0000,0.4359
200.7000,49.9868,0.0000,15.7942,0.0000,0.4359
200.8000,49.9874,0.0000,15.7874,0.0000,0.4358
200.9000,49.9880,0.0000,15.7808,0.0000,0.4358
201.0000,49.9885,0.0000,15.7746,0.0000,0.4357
201.1000,49.9890,0.0000,15.7686,0.0000,0.4357
201.2000,49.9895,0.0000,15.7629,0.0000,0.4356
201.3000,49.9900,0.0000,15.7574,0.0000,0.4356
201.4000,49.9905,0.0000,15.7522,0.0000,0.4355
201.5000,49.9909,0.0000,15.7472,0.0000,0.4355
201.6000,49.9913,0.0000,15.7425,0.0000,0.4354
201.7000,49.9917,0.0000,15.7379,0.0000,0.4354
201.8000,49.9921,0.0000,15.7336,0.0000,0.4353
201.9000,49.9924,0.0000,15.7295,0.0000,0.4353
202.0000,49.9928,0.0000,15.7255,0.0000,0.4352
202.1000,49.9931,0.0000,15.7217,0.0000,0.4352
202.2000,49.9934,0.0000,15.7181,0.0000,0.4351
202.3000,49.9937,0.0000,15.7147,0.0000,0.4351
202.4000,49.9940,0.0000,15.7114,0.0000,0.4350
202.5000,49.9942,0.0000,15.7083,0.0000,0.4350
202.6000,49.9945,0.0000,15.7053,0.0000,0.4349
202.7000,49.9948,0.0000,15.7024,0.0000,0.4349
202.8000,49.9950,0.0000,15.6997,0.0000,0.4348
202.9000,49.9952,0.0000,15.6971,0.0000,0.4348
203.0000,49.9954,0.0000,15.6946,0.0000,0.4347
203.1000,49.9956,0.0000,15.6922,0.0000,0.4347
203.2000,49.9958,0.0000,15.6899,0.0000,0.4346
203.3000,49.9960,0.0000,15.6877,0.0000,0.4346
203.4000,49.9962,0.0000,15.6857,0.0000,0.4345
203.5000,49.9964,0.0000,15.6837,0.0000,0.4345
203.6000,49.9965,0.0000,15.6818,0.0000,0.4344
203.7000,49.9967,0.0000,15.6800,0.0000,0.4344
203.8000,49.9968,0.0000,15.6782,0.0000,0.4343
203.9000,49.9970,0.0000,15.6766,0.0000,0.4343
204.0000,49.9971,0.0000,15.6750,0.0000,0.4342
204.1000,49.9972,0.0000,15.6735,0.0000,0.4342
204.2000,49.9974,0.0000,15.6721,0.0000,0.4341
204.3000,49.9975,0.0000,15.6707,0.0000,0.4341
204.4000,49.9976,0.0000,15.6694,0.0000,0.4340
204.5000,49.9977,0.0000,15.6682,0.0000,0.4340
204.6000,49.9978,0.0000,15.6670,0.0000,0.4339
204.7000,49.9979,0.0000,15.6658,0.0000,0.4339
204.8000,49.9980,0.0000,15.6647,0.0000,0.4338
204.9000,49.9981,0.0000,15.6637,0.0000,0.4338
205.0000,49.9982,0.0000,15.6627,0.0000,0.4337
205.1000,49.9983,0.0000,15.6618,0.0000,0.4337
205.2000,49.9983,0.0000,15.6608,0.0000,0.4336
205.3000,49.9984,0.0000,15.6600,0.0000,0.4336
205.4000,49.9985,0.0000,15.6592,0.0000,0.4335
205.5000,49.9986,0.0000,15.6584,0.0000,0.4335
205.6000,49.9986,0.0000,15.6576,0.0000,0.4334
205.7000,49.9987,0.0000,15.6569,0.0000,0.4334
205.8000,49.9987,0.0000,15.6562,0.0000,0.4333
205.9000,49.9988,0.0000,15.6555,0.0000,0.4333
206.0000,49.9989,0.0000,15.6549,0.0000,0.4332
206.1000,49.9989,0.0000,15.6543,0.0000,0.4332
206.2000,49.9990,0.0000,15.6538,0.0000,0.4331
206.3000,49.9990,0.0000,15.6532,0.0000,0.4331
206.4000,49.9990,0.0000,15.6527,0.0000,0.4330
206.5000,49.9991,0.0000,15.6522,0.0000,0.4330
206.6000,49.9991,0.0000,15.6517,0.0000,0.4329
206.7000,49.9992,0.0000,15.6513,0.0000,0.4329
206.8000,49.9992,0.0000,15.6508,0.0000,0.4328
206.9000,49.9992,0.0000,15.6504,0.0000,0.4328
207.0000,49.9993,0.0000,15.6500,0.0000,0.4327
207.1000,49.9993,0.0000,15.6496,0.0000,0.4327
207.2000,49.9993,0.0000,15.6493,0.0000,0.4326
207.3000,49.9994,0.0000,15.6489,0.0000,0.4326
207.4000,49.9994,0.0000,15.6486,0.0000,0.4325
207.5000,49.9994,0.0000,15.6483,0.0000,0.4325
207.6000,49.9995,0.0000,15.6480,0.0000,0.4324
207.7000,49.9995,0.0000,15.6477,0.0000,0.4324
207.8000,49.9995,0.0000,15.6474,0.0000,0.4323
207.9000,49.9995,0.0000,15.6472,0.0000,0.4323
208.0000,49.9995,0.0000,15.6469,0.0000,0.4322
208.1000,49.9996,0.0000,15.6467,0.0000,0.4322
208.2000,49.9996,0.0000,15.6465,0.0000,0.4321
208.3000,49.9996,0.0000,15.6462,0.0000,0.4321
208.4000,49.9996,0.0000,15.6460,0.0000,0.4320
208.5000,49.9996,0.0000,15.6458,0.0000,0.4320
208.6000,49.9997,0.0000,15.6456,0.0000,0.4319
208.7000,49.9997,0.0000,15.6455,0.0000,0.4319
208.8000,49.9997,0.0000,15.6453,0.0000,0.4318
208.9000,49.9997,0.0000,15.6451,0.0000,0.4318
209.0000,49.9997,0.0000,15.6450,0.0000,0.4317
209.1000,49.9997,0.0000,15.6448,0.0000,0.4317
209.2000,49.9997,0.0000,15.6447,0.0000,0.4316
209.3000,49.9997,0.0000,15.6445,0.0000,0.4316
209.4000,49.9998,0.0000,15.6444,0.0000,0.4315
209.5000,49.9998,0.0000,15.6443,0.0000,0.4315
209.6000,49.9998,0.0000,15.6442,0.0000,0.4314
209.7000,49.9998,0.0000,15.6440,0.0000,0.4314
209.8000,49.9998,0.0000,15.6439,0.0000,0.4313
209.9000,49.9998,0.0000,15.6438,0.0000,0.4313
210.0000,49.9998,0.0000,15.6437,0.0000,0.4312
210.1000,49.9998,0.0000,15.6436,0.0000,0.4312
210.2000,49.9998,0.0000,15.6435,0.0000,0.4311
210.3000,49.9998,0.0000,15.6435,0.0000,0.4311
210.4000,49.9998,0.0000,15.6434,0.0000,0.4310
210.5000,49.9999,0.0000,15.6433,0.0000,0.4310
210.6000,49.9999,0.0000,15.5958,0.0000,0.4309
210.7000,49.9995,0.0000,15.5441,0.0000,0.4309
210.8000,49.9991,0.0000,15.5422,0.0000,0.4308
210.9000,49.9988,0.0000,15.5464,0.0000,0.4308
211.0000,49.9984,0.0000,15.5140,0.0000,0.4307
211.1000,49.9978,0.0000,15.5303,0.0000,0.4307
211.2000,49.9976,0.0000,15.5886,0.0000,0.4306
211.3000,49.9974,0.0000,15.5969,0.0000,0.4306
211.4000,49.9973,0.0000,15.5988,0.0000,0.4305
211.5000,49.9971,0.0000,15.6370,0.0000,0.4305
211.6000,49.9972,0.0000,15.6736,0.0000,0.4304
211.7000,49.9974,0.0000,15.6722,0.0000,0.4304
211.8000,49.9975,0.0000,15.6708,0.0000,0.4303
211.9000,49.9976,0.0000,15.6695,0.0000,0.4303
212.0000,49.9977,0.0000,15.6682,0.0000,0.4302
212.1000,49.9978,0.0000,15.6670,0.0000,0.4302
212.2000,49.9979,0.0000,3.0702,0.0000,0.4302
212.3000,49.9029,0.0000,-22.1089,0.0000,0.4302
212.4000,49.7127,0.0000,-47.1301,0.0000,0.4303
212.5000,49.4274,0.0000,-71.8487,0.0000,0.4305
212.6000,49.0469,0.0000,-96.1193,0.0000,0.4306
212.7000,48.5714,0.0000,-107.5599,0.0000,0.4308
212.8000,48.0958,0.0000,-106.6402,0.0000,0.4309
212.9000,47.6202,0.0000,-105.7167,0.0000,0.4311
213.0000,47.1446,0.0000,-104.7892,0.0000,0.4312
213.1000,46.6690,0.0000,-103.8579,0.0000,0.4314
213.2000,46.1935,0.0000,-102.9227,0.0000,0.4316
213.3000,45.7179,0.0000,-101.9837,0.0000,0.4317
213.4000,45.2423,0.0000,-101.0411,0.0000,0.4319
213.5000,44.7667,0.0000,-100.0947,0.0000,0.4320
213.6000,44.2912,0.0000,-99.1446,0.0000,0.4322
213.7000,43.8156,0.0000,-98.1909,0.0000,0.4324
213.8000,43.3400,0.0000,-97.2336,0.0000,0.4325
213.9000,42.8644,0.0000,-96.2727,0.0000,0.4327
214.0000,42.3889,0.0000,-95.3084,0.0000,0.4328
214.1000,41.9133,0.0000,-94.3406,0.0000,0.4330
214.2000,41.4377,0.0000,-93.3693,0.0000,0.4331
214.3000,40.9621,0.0000,-92.3946,0.0000,0.4333
214.4000,40.4865,0.0000,-91.4166,0.0000,0.4335
214.5000,40.0110,0.0000,-90.4353,0.0000,0.4336
214.6000,39.5354,0.0000,-89.4507,0.0000,0.4338
214.7000,39.0598,0.0000,-88.4628,0.0000,0.4339
214.8000,38.5842,0.0000,-87.4718,0.0000,0.4341
214.9000,38.1087,0.0000,-86.4776,0.0000,0.4342
215.0000,37.6331,0.0000,-85.4802,0.0000,0.4344
215.1000,37.1575,0.0000,-84.4798,0.0000,0.4346
215.2000,36.6819,0.0000,-83.4763,0.0000,0.4347
215.3000,36.2063,0.0000,-82.4698,0.0000,0.4349
215.4000,35.7308,0.0000,-81.4604,0.0000,0.4350
215.5000,35.2552,0.0000,-80.4480,0.0000,0.4352
215.6000,34.7796,0.0000,-79.4328,0.0000,0.4354
215.7000,34.3040,0.0000,-78.4147,0.0000,0.4355
215.8000,33.8285,0.0000,-77.3938,0.0000,0.4357
215.9000,33.3529,0.0000,-76.3701,0.0000,0.4358
216.0000,32.8773,0.0000,-75.3436,0.0000,0.4360
216.1000,32.4017,0.0000,-74.3145,0.0000,0.4361
216.2000,31.9261,0.0000,-73.2827,0.0000,0.4363
216.3000,31.4506,0.0000,-72.2484,0.0000,0.4365
216.4000,30.9750,0.0000,-71.2114,0.0000,0.4366
216.5000,30.4994,0.0000,-70.1719,0.0000,0.4367
216.6000,30.0238,0.0000,-69.1299,0.0000,0.4369
216.7000,29.5483,0.0000,-68.0854,0.0000,0.4370
216.8000,29.0727,0.0000,-67.0385,0.0000,0.4372
216.9000,28.5971,0.0000,-65.9893,0.0000,0.4373
217.0000,28.1215,0.0000,-64.9376,0.0000,0.4375
217.1000,27.6459,0.0000,-63.8837,0.0000,0.4376
217.2000,27.1704,0.0000,-62.8275,0.0000,0.4377
217.3000,26.6948,0.0000,-61.7691,0.0000,0.4378
217.4000,26.2192,0.0000,-60.7085,0.0000,0.4380
217.5000,25.7436,0.0000,-59.6458,0.0000,0.4381
217.6000,25.2681,0.0000,-58.5809,0.0000,0.4382
217.7000,24.7925,0.0000,-57.5140,0.0000,0.4383
217.8000,24.3169,0.0000,-56.4451,0.0000,0.4385
217.9000,23.8413,0.0000,-55.3741,0.0000,0.4386
218.0000,23.3657,0.0000,-54.3012,0.0000,0.4387
218.1000,22.8902,0.0000,-53.2264,0.0000,0.4388
218.2000,22.4146,0.0000,-52.1497,0.0000,0.4389
218.3000,21.9390,0.0000,-51.0712,0.0000,0.4390
218.4000,21.4634,0.0000,-49.9908,0.0000,0.4391
218.5000,20.9879,0.0000,-48.9087,0.0000,0.4392
218.6000,20.5123,0.0000,-47.8249,0.0000,0.4393
218.7000,20.0367,0.0000,-46.7394,0.0000,0.4394
218.8000,19.5611,0.0000,-45.6523,0.0000,0.4395
218.9000,19.0855,0.0000,-44.5636,0.0000,0.4396
219.0000,18.6100,0.0000,-43.4733,0.0000,0.4397
219.1000,18.1344,0.0000,-42.3815,0.0000,0.4397
219.2000,17.6588,0.0000,-41.2882,0.0000,0.4398
219.3000,17.1832,0.0000,-40.1934,0.0000,0.4399
219.4000,16.7077,0.0000,-39.0972,0.0000,0.4400
219.5000,16.2321,0.0000,-37.9997,0.0000,0.4400
219.6000,15.7565,0.0000,-36.9008,0.0000,0.4401
219.7000,15.2809,0.0000,-35.8007,0.0000,0.4402
219.8000,14.8054,0.0000,-34.6993,0.0000,0.4403
219.9000,14.3298,0.0000,-33.5967,0.0000,0.4403
220.0000,13.8542,0.0000,-32.4929,0.0000,0.4404
220.1000,13.3786,0.0000,-31.3879,0.0000,0.4404
220.2000,12.9030,0.0000,-30.2819,0.0000,0.4405
220.3000,12.4275,0.0000,-29.1748,0.0000,0.4405
220.4000,11.9519,0.0000,-28.0667,0.0000,0.4406
220.5000,11.4763,0.0000,-26.9576,0.0000,0.4406
220.6000,11.0007,0.0000,-25.8476,0.0000,0.4407
220.7000,10.5252,0.0000,-24.7367,0.0000,0.4407
220.8000,10.0496,0.0000,-23.6249,0.0000,0.4408
220.9000,9.5740,0.0000,-22.5123,0.0000,0.4408
221.0000,9.0984,0.0000,-21.3989,0.0000,0.4409
221.1000,8.6228,0.0000,-20.2848,0.0000,0.4409
221.2000,8.1473,0.0000,-19.1699,0.0000,0.4409
221.3000,7.6717,0.0000,-18.0544,0.0000,0.4409
221.4000,7.1961,0.0000,-16.9383,0.0000,0.4410
221.5000,6.7205,0.0000,-15.8215,0.0000,0.4410
221.6000,6.2450,0.0000,-14.6733,0.0000,0.4410
221.7000,5.7712,0.0000,-13.3796,0.0000,0.4410
221.8000,5.3076,0.0000,-11.9177,0.0000,0.4410
221.9000,4.8616,0.0000,-10.4620,0.0000,0.4410
222.0000,4.4333,0.0000,-9.0359,0.0000,0.4410
222.1000,4.0303,0.0000,-7.6245,0.0000,0.4410
222.2000,3.6575,0.0000,-6.3571,0.0000,0.4410
222.3000,3.3126,0.0000,-5.2848,0.0000,0.4410
222.4000,2.9936,0.0000,-4.3270,0.0000,0.4410
222.5000,2.7054,0.0000,-3.4919,0.0000,0.4410
222.6000,2.4449,0.0000,-2.8139,0.0000,0.4410
222.7000,2.2095,0.0000,-2.2638,0.0000,0.4410
222.8000,1.9968,0.0000,-1.8178,0.0000,0.4410
222.9000,1.8046,0.0000,-1.4565,0.0000,0.4410
223.0000,1.6308,0.0000,-1.1642,0.0000,0.4410
223.1000,1.4738,0.0000,-0.9279,0.0000,0.4410
223.2000,1.3319,0.0000,-0.7370,0.0000,0.4410
223.3000,1.2037,0.0000,-0.5832,0.0000,0.4409
223.4000,1.0878,0.0000,-0.4594,0.0000,0.4409
223.5000,0.9831,0.0000,-0.3599,0.0000,0.4409
223.6000,0.8884,0.0000,-0.2801,0.0000,0.4409
223.7000,0.8029,0.0000,-0.2162,0.0000,0.4409
223.8000,0.7256,0.0000,-0.1653,0.0000,0.4409
223.9000,0.6557,0.0000,-0.1248,0.0000,0.4409
224.0000,0.5926,0.0000,-0.0927,0.0000,0.4409
224.1000,0.5355,0.0000,-0.0673,0.0000,0.4409
224.2000,0.4840,0.0000,-0.0475,0.0000,0.4409
224.3000,0.4374,0.0000,-0.0319,0.0000,0.4409
224.4000,0.3953,0.0000,-0.0199,0.0000,0.4409
224.5000,0.3572,0.0000,-0.0107,0.0000,0.4409
224.6000,0.3228,0.0000,-0.0037,0.0000,0.4409
224.7000,0.2917,0.0000,0.0015,0.0000,0.4409
224.8000,0.2637,0.0000,0.0053,0.0000,0.4409
224.9000,0.2383,0.0000,0.0081,0.0000,0.4409
225.0000,0.2153,0.0000,-0.1010,0.0000,0.4409
225.1000,0.0000,0.0000,-0.0000,0.0000,0.4409
225.2000,0.0000,0.0000,0.0000,0.0000,0.4408
225.3000,0.0000,0.0000,0.0000,0.0000,0.4408
225.4000,0.0000,0.0000,0.0000,0.0000,0.4408
225.5000,0.0000,0.0000,0.0000,0.0000,0.4408
225.6000,0.0000,0.0000,0.0000,0.0000,0.4408
225.7000,0.0000,0.0000,0.0000,0.0000,0.4408
225.8000,0.0000,0.0000,0.0000,0.0000,0.4408
225.9000,0.0000,0.0000,0.0000,0.0000,0.4408
226.0000,0.0000,0.0000,0.0000,0.0000,0.4408
226.1000,0.0000,0.0000,0.0000,0.0000,0.4408
226.2000,0.0000,0.0000,0.0000,0.0000,0.4408
226.3000,0.0000,0.0000,0.0000,0.0000,0.4408
226.4000,0.0000,0.0000,0.0000,0.0000,0.4408
226.5000,0.0000,0.0000,0.0000,0.0000,0.4408
226.6000,0.0000,0.0000,0.0000,0.0000,0.4408
226.7000,0.0000,0.0000,0.0000,0.0000,0.4408
226.8000,0.0000,0.0000,0.0000,0.0000,0.4408
226.9000,0.0000,0.0000,0.0000,0.0000,0.4408
227.0000,0.0000,0.0000,0.0000,0.0000,0.4408
227.1000,0.0000,0.0000,0.0000,0.0000,0.4407
227.2000,0.0000,0.0000,0.0000,0.0000,0.4407
227.3000,0.0000,0.0000,0.0000,0.0000,0.4407
227.4000,0.0000,0.0000,0.0000,0.0000,0.4407
227.5000,0.0000,0.0000,0.0000,0.0000,0.4407
227.6000,0.0000,0.0000,0.0000,0.0000,0.4407
227.7000,0.0000,0.0000,0.0000,0.0000,0.4407
227.8000,0.0000,0.0000,0.0000,0.0000,0.4407
227.9000,0.0000,0.0000,0.0000,0.0000,0.4407
228.0000,0.0000,0.0000,0.0000,0.0000,0.4407
228.1000,0.0000,0.0000,0.0000,0.0000,0.4407
228.2000,0.0000,0.0000,0.0000,0.0000,0.4407
228.3000,0.0000,0.0000,0.0000,0.0000,0.4407
228.4000,0.0000,0.0000,0.0000,0.0000,0.4407
228.5000,0.0000,0.0000,0.0000,0.0000,0.4407
228.6000,0.0000,0.0000,0.0000,0.0000,0.4407
228.7000,0.0000,0.0000,0.0000,0.0000,0.4407
228.8000,0.0000,0.0000,0.0000,0.0000,0.4407
228.9000,0.0000,0.0000,0.0000,0.0000,0.4407
229.0000,0.0000,0.0000,0.0000,0.0000,0.4407
229.1000,0.0000,0.0000,0.0000,0.0000,0.4406
229.2000,0.0000,0.0000,0.0000,0.0000,0.4406
229.3000,0.0000,0.0000,0.0000,0.0000,0.4406
229.4000,0.0000,0.0000,0.0000,0.0000,0.4406
229.5000,0.0000,0.0000,0.0000,0.0000,0.4406
229.6000,0.0000,0.0000,0.0000,0.0000,0.4406
229.7000,0.0000,0.0000,0.0000,0.0000,0.4406
229.8000,0.0000,0.0000,0.0000,0.0000,0.4406
229.9000,0.0000,0.0000,0.0000,0.0000,0.4406
230.0000,0.0000,0.0000,0.0000,0.0000,0.4406
230.1000,0.0000,0.0000,0.0000,0.0000,0.4406
230.2000,0.0000,0.0000,0.0000,0.0000,0.4406
230.3000,0.0000,0.0000,0.0000,0.0000,0.4406
230.4000,0.0000,0.0000,0.0000,0.0000,0.4406
230.5000,0.0000,0.0000,0.0000,0.0000,0.4406
230.6000,0.0000,0.0000,0.0000,0.0000,0.4406
230.7000,0.0000,0.0000,0.0000,0.0000,0.4406
230.8000,0.0000,0.0000,0.0000,0.0000,0.4406
230.9000,0.0000,0.0000,0.0000,0.0000,0.4406
231.0000,0.0000,0.0000,0.0000,0.0000,0.4405
231.1000,0.0000,0.0000,0.0000,0.0000,0.4405
231.2000,0.0000,0.0000,0.0000,0.0000,0.4405
231.3000,0.0000,0.0000,0.0000,0.0000,0.4405
231.4000,0.0000,0.0000,0.0000,0.0000,0.4405
231.5000,0.0000,0.0000,0.0000,0.0000,0.4405
231.6000,0.0000,0.0000,0.0000,0.0000,0.4405
231.7000,0.0000,0.0000,0.0000,0.0000,0.4405
231.8000,0.0000,0.0000,0.0000,0.0000,0.4405
231.9000,0.0000,0.0000,0.0000,0.0000,0.4405
232.0000,0.0000,0.0000,0.0000,0.0000,0.4405
232.1000,0.0000,0.0000,0.0000,0.0000,0.4405
232.2000,0.0000,0.0000,0.0000,0.0000,0.4405
232.3000,0.0000,0.0000,0.0000,0.0000,0.4405
232.4000,0.0000,0.0000,0.0000,0.0000,0.4405
232.5000,0.0000,0.0000,0.0000,0.0000,0.4405
232.6000,0.0000,0.0000,0.0000,0.0000,0.4405
232.7000,0.0000,0.0000,0.0000,0.0000,0.4405
232.8000,0.0000,0.0000,0.0000,0.0000,0.4405
232.9000,0.0000,0.0000,0.0000,0.0000,0.4404
233.0000,0.0000,0.0000,0.0000,0.0000,0.4404
233.1000,0.0000,0.0000,0.0000,0.0000,0.4404
233.2000,0.0000,0.0000,0.0000,0.0000,0.4404
233.3000,0.0000,0.0000,0.0000,0.0000,0.4404
233.4000,0.0000,0.0000,0.0000,0.0000,0.4404
233.5000,0.0000,0.0000,0.0000,0.0000,0.4404
233.6000,0.0000,0.0000,0.0000,0.0000,0.4404
233.7000,0.0000,0.0000,0.0000,0.0000,0.4404
233.8000,0.0000,0.0000,0.0000,0.0000,0.4404
233.9000,0.0000,0.0000,0.0000,0.0000,0.4404
234.0000,0.0000,0.0000,0.0000,0.0000,0.4404
234.1000,0.0000,0.0000,0.0000,0.0000,0.4404
234.2000,0.0000,0.0000,0.0000,0.0000,0.4404
234.3000,0.0000,0.0000,0.0000,0.0000,0.4404
234.4000,0.0000,0.0000,0.0000,0.0000,0.4404
234.5000,0.0000,0.0000,0.0000,0.0000,0.4404
234.6000,0.0000,0.0000,0.0000,0.0000,0.4404
234.7000,0.0000,0.0000,0.0000,0.0000,0.4404
234.8000,0.0000,0.0000,0.0000,0.0000,0.4404
234.9000,0.0000,0.0000,0.0000,0.0000,0.4403
235.0000,0.0000,0.0000,0.0000,0.0000,0.4403
235.1000,0.0000,0.0000,0.0000,0.0000,0.4403
235.2000,0.0000,0.0000,0.0000,0.0000,0.4403
235.3000,0.0000,0.0000,0.0000,0.0000,0.4403
235.4000,0.0000,0.0000,0.0000,0.0000,0.4403
235.5000,0.0000,0.0000,0.0000,0.0000,0.4403
235.6000,0.0000,0.0000,0.0000,0.0000,0.4403
235.7000,0.0000,0.0000,0.0000,0.0000,0.4403
235.8000,0.0000,0.0000,0.0000,0.0000,0.4403
235.9000,0.0000,0.0000,0.0000,0.0000,0.4403
236.0000,0.0000,0.0000,0.0000,0.0000,0.4403
236.1000,0.0000,0.0000,0.0000,0.0000,0.4403
236.2000,0.0000,0.0000,0.0000,0.0000,0.4403
236.3000,0.0000,0.0000,0.0000,0.0000,0.4403
236.4000,0.0000,0.0000,0.0000,0.0000,0.4403
236.5000,0.0000,0.0000,0.0000,0.0000,0.4403
236.6000,0.0000,0.0000,0.0000,0.0000,0.4403
236.7000,0.0000,0.0000,0.0000,0.0000,0.4403
236.8000,0.0000,0.0000,0.0000,0.0000,0.4402
236.9000,0.0000,0.0000,0.0000,0.0000,0.4402
237.0000,0.0000,0.0000,0.0000,0.0000,0.4402
237.1000,0.0000,0.0000,0.0000,0.0000,0.4402
237.2000,0.0000,0.0000,0.0000,0.0000,0.4402
237.3000,0.0000,0.0000,0.0000,0.0000,0.4402
237.4000,0.0000,0.0000,0.0000,0.0000,0.4402
237.5000,0.0000,0.0000,0.0000,0.0000,0.4402
237.6000,0.0000,0.0000,0.0000,0.0000,0.4402
237.7000,0.0000,0.0000,0.0000,0.0000,0.4402
237.8000,0.0000,0.0000,0.0000,0.0000,0.4402
237.9000,0.0000,0.0000,0.0000,0.0000,0.4402
238.0000,0.0000,0.0000,0.0000,0.0000,0.4402
238.1000,0.0000,0.0000,0.0000,0.0000,0.4402
238.2000,0.0000,0.0000,0.0000,0.0000,0.4402
238.3000,0.0000,0.0000,0.0000,0.0000,0.4402
238.4000,0.0000,0.0000,0.0000,0.0000,0.4402
238.5000,0.0000,0.0000,0.0000,0.0000,0.4402
238.6000,0.0000,0.0000,0.0000,0.0000,0.4402
238.7000,0.0000,0.0000,0.0000,0.0000,0.4402
238.8000,0.0000,0.0000,0.0000,0.0000,0.4401
238.9000,0.0000,0.0000,0.0000,0.0000,0.4401
239.0000,0.0000,0.0000,0.0000,0.0000,0.4401
239.1000,0.0000,0.0000,0.0000,0.0000,0.4401
239.2000,0.2147,0.0000,0.2788,0.0000,0.4401
239.3000,0.4293,0.0000,0.6389,0.0000,0.4401
239.4000,0.7155,0.0000,1.3360,0.0000,0.4401
239.5000,1.0732,0.0000,2.2073,0.0000,0.4401
239.6000,1.4310,0.0000,2.9430,0.0000,0.4400
239.7000,1.7887,0.0000,3.6787,0.0000,0.4400
239.8000,2.1464,0.0000,4.4142,0.0000,0.4400
239.9000,2.5041,0.0000,5.1495,0.0000,0.4400
240.0000,2.8617,0.0000,5.8845,0.0000,0.4399
240.1000,3.2193,0.0000,6.6190,0.0000,0.4399
240.2000,3.5768,0.0000,7.3530,0.0000,0.4399
240.3000,3.9342,0.0000,8.0863,0.0000,0.4398
240.4000,4.2914,0.0000,8.8186,0.0000,0.4398
240.5000,4.6486,0.0000,9.5498,0.0000,0.4398
240.6000,5.0056,0.0000,10.2797,0.0000,0.4397
240.7000,5.3624,0.0000,11.0080,0.0000,0.4397
240.8000,5.7190,0.0000,11.7346,0.0000,0.4396
240.9000,6.0754,0.0000,12.4590,0.0000,0.4396
241.0000,6.4314,0.0000,13.1811,0.0000,0.4395
241.1000,6.7872,0.0000,13.9006,0.0000,0.4395
241.2000,7.1427,0.0000,14.6170,0.0000,0.4394
241.3000,7.4977,0.0000,15.3302,0.0000,0.4394
241.4000,7.8524,0.0000,16.0396,0.0000,0.4393
241.5000,8.2065,0.0000,16.7451,0.0000,0.4393
241.6000,8.5602,0.0000,17.4461,0.0000,0.4392
241.7000,8.9134,0.0000,18.1423,0.0000,0.4391
241.8000,9.2659,0.0000,18.8332,0.0000,0.4391
241.9000,9.6178,0.0000,19.5186,0.0000,0.4390
242.0000,9.9690,0.0000,20.1979,0.0000,0.4389
242.1000,10.3195,0.0000,20.8706,0.0000,0.4389
242.2000,10.6692,0.0000,21.5364,0.0000,0.4388
242.3000,11.0180,0.0000,22.1948,0.0000,0.4387
242.4000,11.3660,0.0000,22.8453,0.0000,0.4386
242.5000,11.7130,0.0000,23.4874,0.0000,0.4386
242.6000,12.0590,0.0000,24.1207,0.0000,0.4385
242.7000,12.4039,0.0000,24.7446,0.0000,0.4384
242.8000,12.7476,0.0000,25.3588,0.0000,0.4383
242.9000,13.0902,0.0000,25.9627,0.0000,0.4382
243.0000,13.4316,0.0000,26.5558,0.0000,0.4382
243.1000,13.7716,0.0000,27.1376,0.0000,0.4381
243.2000,14.1102,0.0000,27.7077,0.0000,0.4380
243.3000,14.4475,0.0000,28.2657,0.0000,0.4379
243.4000,14.7832,0.0000,28.8109,0.0000,0.4378
243.5000,15.1173,0.0000,29.3430,0.0000,0.4377
243.6000,15.4498,0.0000,29.8615,0.0000,0.4376
243.7000,15.7806,0.0000,30.3660,0.0000,0.4375
243.8000,16.1096,0.0000,30.8561,0.0000,0.4374
243.9000,16.4369,0.0000,31.3312,0.0000,0.4373
244.0000,16.7622,0.0000,31.7911,0.0000,0.4372
244.1000,17.0855,0.0000,32.2354,0.0000,0.4371
244.2000,17.4068,0.0000,32.6636,0.0000,0.4370
244.3000,17.7261,0.0000,33.0754,0.0000,0.4369
244.4000,18.0432,0.0000,33.4705,0.0000,0.4368
244.5000,18.3580,0.0000,33.8486,0.0000,0.4367
244.6000,18.6706,0.0000,34.2094,0.0000,0.4366
244.7000,18.9809,0.0000,34.5526,0.0000,0.4365
244.8000,19.2887,0.0000,34.8781,0.0000,0.4364
244.9000,19.5941,0.0000,35.1855,0.0000,0.4363
245.0000,19.8969,0.0000,35.4747,0.0000,0.4362
245.1000,20.1972,0.0000,35.7456,0.0000,0.4361
245.2000,20.4948,0.0000,35.9980,0.0000,0.4360
245.3000,20.7898,0.0000,36.2318,0.0000,0.4358
245.4000,21.0820,0.0000,36.4469,0.0000,0.4357
245.5000,21.3714,0.0000,36.6433,0.0000,0.4356
245.6000,21.6579,0.0000,36.8210,0.0000,0.4355
245.7000,21.9415,0.0000,36.9800,0.0000,0.4354
245.8000,22.2222,0.0000,37.1202,0.0000,0.4353
245.9000,22.4999,0.0000,37.2419,0.0000,0.4352
246.0000,22.7746,0.0000,37.3450,0.0000,0.4351
246.1000,23.0462,0.0000,37.4298,0.0000,0.4349
246.2000,23.3147,0.0000,37.4963,0.0000,0.4348
246.3000,23.5800,0.0000,37.5447,0.0000,0.4347
246.4000,23.8421,0.0000,37.5753,0.0000,0.4346
246.5000,24.1010,0.0000,37.5883,0.0000,0.4345
246.6000,24.3567,0.0000,37.5840,0.0000,0.4344
246.7000,24.6091,0.0000,37.5625,0.0000,0.4343
246.8000,24.8582,0.0000,37.5243,0.0000,0.4341
246.9000,25.1039,0.0000,37.4697,0.0000,0.4340
247.0000,25.3463,0.0000,37.3990,0.0000,0.4339
247.1000,25.5853,0.0000,37.3126,0.0000,0.4338
247.2000,25.8210,0.0000,37.2108,0.0000,0.4337
247.3000,26.0532,0.0000,37.0942,0.0000,0.4336
247.4000,26.2820,0.0000,36.9630,0.0000,0.4335
247.5000,26.5074,0.0000,36.8178,0.0000,0.4334
247.6000,26.7294,0.0000,36.6589,0.0000,0.4333
247.7000,26.9479,0.0000,36.4870,0.0000,0.4331
247.8000,27.1630,0.0000,35.4282,0.0000,0.4330
247.9000,27.3625,0.0000,33.4964,0.0000,0.4329
248.0000,27.5471,0.0000,31.6147,0.0000,0.4328
248.1000,27.7174,0.0000,29.6840,0.0000,0.4328
248.2000,27.8728,0.0000,27.6244,0.0000,0.4327
248.3000,28.0128,0.0000,26.3865,0.0000,0.4326
248.4000,28.1495,0.0000,25.9502,0.0000,0.4325
248.5000,28.2818,0.0000,25.2144,0.0000,0.4324
248.6000,28.4068,0.0000,24.3067,0.0000,0.4324
248.7000,28.5254,0.0000,23.4348,0.0000,0.4323
248.8000,28.6374,0.0000,22.5961,0.0000,0.4322
248.9000,28.7435,0.0000,21.7116,0.0000,0.4321
249.0000,28.8426,0.0000,20.9570,0.0000,0.4321
249.1000,28.9378,0.0000,20.3782,0.0000,0.4320
249.2000,29.0283,0.0000,19.6569,0.0000,0.4320
249.3000,29.1132,0.0000,18.8901,0.0000,0.4319
249.4000,29.1929,0.0000,18.2480,0.0000,0.4318
249.5000,29.2686,0.0000,17.6426,0.0000,0.4318
249.6000,29.3399,0.0000,17.0358,0.0000,0.4317
249.7000,29.4071,0.0000,16.6800,0.0000,0.4317
249.8000,29.4732,0.0000,16.5258,0.0000,0.4316
249.9000,29.5380,0.0000,16.4794,0.0000,0.4316
250.0000,29.6029,0.0000,16.5784,0.0000,0.4315
250.1000,29.6683,0.0000,16.5913,0.0000,0.4315
250.2000,29.7329,0.0000,16.2925,0.0000,0.4314
250.3000,29.7940,0.0000,15.7342,0.0000,0.4314
250.4000,29.8509,0.0000,14.9793,0.0000,0.4313
250.5000,29.9020,0.0000,14.0840,0.0000,0.4313
250.6000,29.9473,0.0000,13.3393,0.0000,0.4312
250.7000,29.9886,0.0000,12.7779,0.0000,0.4312
250.8000,30.0265,0.0000,12.1685,0.0000,0.4312
250.9000,30.0600,0.0000,11.4797,0.0000,0.4311
251.0000,30.0890,0.0000,10.7069,0.0000,0.4311
251.1000,30.1126,0.0000,9.8397,0.0000,0.4310
251.2000,30.1306,0.0000,9.1393,0.0000,0.4310
251.3000,30.1453,0.0000,8.8035,0.0000,0.4310
251.4000,30.1590,0.0000,8.6723,0.0000,0.4310
251.5000,30.1720,0.0000,8.5830,0.0000,0.4309
251.6000,30.1846,0.0000,8.6531,0.0000,0.4309
251.7000,30.1984,0.0000,8.8672,0.0000,0.4309
251.8000,30.2136,0.0000,9.0047,0.0000,0.4308
251.9000,30.2290,0.0000,8.9502,0.0000,0.4308
252.0000,30.2434,0.0000,8.7615,0.0000,0.4308
252.1000,30.2564,0.0000,8.4437,0.0000,0.4307
252.2000,30.2668,0.0000,7.9248,0.0000,0.4307
252.3000,30.2733,0.0000,7.4500,0.0000,0.4307
252.4000,30.2777,0.0000,7.3112,0.0000,0.4307
252.5000,30.2824,0.0000,7.4582,0.0000,0.4306
252.6000,30.2887,0.0000,7.6008,0.0000,0.4306
252.7000,30.2951,0.0000,7.6081,0.0000,0.4306
252.8000,30.3014,0.0000,7.3818,0.0000,0.4306
252.9000,30.3051,0.0000,6.9130,0.0000,0.4305
253.0000,30.3055,0.0000,6.3736,0.0000,0.4305
253.1000,30.3024,0.0000,5.9313,0.0000,0.4305
253.2000,30.2974,0.0000,5.7167,0.0000,0.4305
253.3000,30.2916,0.0000,5.7335,0.0000,0.4304
253.4000,30.2868,0.0000,5.8202,0.0000,0.4304
253.5000,30.2821,0.0000,5.8816,0.0000,0.4304
253.6000,30.2781,0.0000,5.9635,0.0000,0.4304
253.7000,30.2745,0.0000,6.1325,0.0000,0.4303
253.8000,30.2726,0.0000,6.3035,0.0000,0.4303
253.9000,30.2711,0.0000,6.5005,0.0000,0.4303
254.0000,30.2716,0.0000,6.7372,0.0000,0.4303
254.1000,30.2731,0.0000,6.8994,0.0000,0.4302
254.2000,30.2757,0.0000,6.9785,0.0000,0.4302
254.3000,30.2781,0.0000,6.9338,0.0000,0.4302
254.4000,30.2801,0.0000,6.8030,0.0000,0.4302
254.5000,30.2809,0.0000,6.6797,0.0000,0.4301
254.6000,30.2814,0.0000,6.6328,0.0000,0.4301
254.7000,30.2816,0.0000,6.4840,0.0000,0.4301
254.8000,30.2802,0.0000,6.3395,0.0000,0.4301
254.9000,30.2787,0.0000,6.3235,0.0000,0.4300
255.0000,30.2771,0.0000,6.4610,0.0000,0.4300
255.1000,30.2772,0.0000,6.8029,0.0000,0.4300
255.2000,30.2799,0.0000,7.2506,0.0000,0.4300
255.3000,30.2856,0.0000,7.6200,0.0000,0.4299
255.4000,30.2928,0.0000,8.0677,0.0000,0.4299
255.5000,30.3041,0.0000,8.6090,0.0000,0.4299
255.6000,30.3181,0.0000,8.9627,0.0000,0.4299
255.7000,30.3337,0.0000,9.2314,0.0000,0.4298
255.8000,30.3509,0.0000,9.5235,0.0000,0.4298
255.9000,30.3700,0.0000,9.7154,0.0000,0.4298
256.0000,30.3895,0.0000,9.7727,0.0000,0.4297
256.1000,30.4093,0.0000,9.7210,0.0000,0.4297
256.2000,30.4280,0.0000,9.6917,0.0000,0.4297
256.3000,30.4473,0.0000,9.8225,0.0000,0.4296
256.4000,30.4676,0.0000,9.8478,0.0000,0.4296
256.5000,30.4871,0.0000,9.7675,0.0000,0.4296
256.6000,30.5062,0.0000,9.7686,0.0000,0.4295
256.7000,30.5257,0.0000,9.7841,0.0000,0.4295
256.8000,30.5449,0.0000,9.6987,0.0000,0.4295
256.9000,30.5632,0.0000,9.6509,0.0000,0.4294
257.0000,30.5817,0.0000,9.5066,0.0000,0.4294
257.1000,30.5981,0.0000,9.2115,0.0000,0.4294
257.2000,30.6129,0.0000,8.7969,0.0000,0.4293
257.3000,30.6241,0.0000,8.2808,0.0000,0.4293
257.4000,30.6325,0.0000,7.6234,0.0000,0.4293
257.5000,30.6356,0.0000,6.8949,0.0000,0.4293
257.6000,30.6350,0.0000,6.3458,0.0000,0.4292
257.7000,30.6313,0.0000,6.0013,0.0000,0.4292
257.8000,30.6265,0.0000,5.9037,0.0000,0.4292
257.9000,30.6216,0.0000,6.0001,0.0000,0.4292
258.0000,30.6179,0.0000,6.3265,0.0000,0.4291
258.1000,30.6171,0.0000,6.8280,0.0000,0.4291
258.2000,30.6197,0.0000,7.2452,0.0000,0.4291
258.3000,30.6239,0.0000,7.3638,0.0000,0.4291
258.4000,30.6280,0.0000,7.3637,0.0000,0.4290
258.5000,30.6322,0.0000,7.2809,0.0000,0.4290
258.6000,30.6352,0.0000,6.9736,0.0000,0.4290
258.7000,30.6356,0.0000,6.4770,0.0000,0.4290
258.8000,30.6325,0.0000,6.0129,0.0000,0.4289
258.9000,30.6272,0.0000,5.7003,0.0000,0.4289
259.0000,30.6203,0.0000,5.3513,0.0000,0.4289
259.1000,30.6107,0.0000,5.0016,0.0000,0.4289
259.2000,30.5995,0.0000,4.8874,0.0000,0.4288
259.3000,30.5886,0.0000,4.9808,0.0000,0.4288
259.4000,30.5785,0.0000,5.1703,0.0000,0.4288
259.5000,30.5700,0.0000,5.4632,0.0000,0.4288
259.6000,30.5636,0.0000,5.8117,0.0000,0.4288
259.7000,30.5594,0.0000,6.2472,0.0000,0.4287
259.8000,30.5583,0.0000,6.6250,0.0000,0.4287
259.9000,30.5588,0.0000,6.6986,0.0000,0.4287
260.0000,30.5587,0.0000,6.5893,0.0000,0.4287
260.1000,30.5578,0.0000,6.4259,0.0000,0.4286
260.2000,30.5557,0.0000,6.1494,0.0000,0.4286
260.3000,30.5514,0.0000,5.9783,0.0000,0.4286
260.4000,30.5472,0.0000,6.1283,0.0000,0.4286
260.5000,30.5448,0.0000,6.4687,0.0000,0.4285
260.6000,30.5447,0.0000,6.8328,0.0000,0.4285
260.7000,30.5468,0.0000,7.1148,0.0000,0.4285
260.8000,30.5503,0.0000,7.1923,0.0000,0.4285
260.9000,30.5533,0.0000,7.0539,0.0000,0.4284
261.0000,30.5551,0.0000,6.6603,0.0000,0.4284
261.1000,30.5532,0.0000,5.9285,0.0000,0.4284
261.2000,30.5459,0.0000,5.1891,0.0000,0.4284
261.3000,30.5350,0.0000,4.5836,0.0000,0.4284
261.4000,30.5202,0.0000,4.0241,0.0000,0.4283
261.5000,30.5024,0.0000,3.5986,0.0000,0.4283
261.6000,30.4824,0.0000,-1.6140,0.0000,0.4283
261.7000,30.4001,0.0000,-11.7351,0.0000,0.4283
261.8000,30.2545,0.0000,-21.8113,0.0000,0.4284
261.9000,30.0459,0.0000,-31.7121,0.0000,0.4285
262.0000,29.7742,0.0000,-41.2995,0.0000,0.4285
262.1000,29.4407,0.0000,-45.6917,0.0000,0.4286
262.2000,29.1072,0.0000,-45.2085,0.0000,0.4287
262.3000,28.7738,0.0000,-44.7240,0.0000,0.4288
262.4000,28.4403,0.0000,-44.2385,0.0000,0.4289
262.5000,28.1068,0.0000,-43.7518,0.0000,0.4290
262.6000,27.7733,0.0000,-43.2639,0.0000,0.4291
262.7000,27.4399,0.0000,-42.7750,0.0000,0.4292
262.8000,27.1064,0.0000,-42.2849,0.0000,0.4293
262.9000,26.7729,0.0000,-41.7937,0.0000,0.4294
263.0000,26.4394,0.0000,-41.3015,0.0000,0.4294
263.1000,26.1059,0.0000,-40.8082,0.0000,0.4295
263.2000,25.7725,0.0000,-40.3138,0.0000,0.4296
263.3000,25.4390,0.0000,-39.8184,0.0000,0.4297
263.4000,25.1055,0.0000,-39.3220,0.0000,0.4298
263.5000,24.7720,0.0000,-38.8246,0.0000,0.4298
263.6000,24.4386,0.0000,-38.3261,0.0000,0.4299
263.7000,24.1051,0.0000,-37.8267,0.0000,0.4300
263.8000,23.7716,0.0000,-37.3263,0.0000,0.4301
263.9000,23.4381,0.0000,-36.8250,0.0000,0.4302
264.0000,23.1046,0.0000,-36.3227,0.0000,0.4302
264.1000,22.7712,0.0000,-35.8195,0.0000,0.4303
264.2000,22.4377,0.0000,-35.3153,0.0000,0.4304
264.3000,22.1042,0.0000,-34.8103,0.0000,0.4304
264.4000,21.7707,0.0000,-34.3043,0.0000,0.4305
264.5000,21.4373,0.0000,-33.7975,0.0000,0.4306
264.6000,21.1038,0.0000,-33.2899,0.0000,0.4306
264.7000,20.7703,0.0000,-32.7813,0.0000,0.4307
264.8000,20.4368,0.0000,-32.2720,0.0000,0.4308
264.9000,20.1034,0.0000,-31.7618,0.0000,0.4308
265.0000,19.7699,0.0000,-31.2508,0.0000,0.4309
265.1000,19.4364,0.0000,-30.7390,0.0000,0.4310
265.2000,19.1029,0.0000,-30.2264,0.0000,0.4310
265.3000,18.7694,0.0000,-29.7131,0.0000,0.4311
265.4000,18.4360,0.0000,-29.1990,0.0000,0.4311
265.5000,18.1025,0.0000,-28.6841,0.0000,0.4312
265.6000,17.7690,0.0000,-28.1686,0.0000,0.4312
265.7000,17.4355,0.0000,-27.6523,0.0000,0.4313
265.8000,17.1021,0.0000,-27.1353,0.0000,0.4313
265.9000,16.7686,0.0000,-26.6176,0.0000,0.4314
266.0000,16.4351,0.0000,-26.0993,0.0000,0.4314
266.1000,16.1016,0.0000,-25.5802,0.0000,0.4315
266.2000,15.7681,0.0000,-25.0606,0.0000,0.4315
266.3000,15.4347,0.0000,-24.5403,0.0000,0.4316
266.4000,15.1012,0.0000,-24.0193,0.0000,0.4316
266.5000,14.7677,0.0000,-23.4978,0.0000,0.4317
266.6000,14.4342,0.0000,-22.9757,0.0000,0.4317
266.7000,14.1008,0.0000,-22.4530,0.0000,0.4318
266.8000,13.7673,0.0000,-21.9297,0.0000,0.4318
266.9000,13.4338,0.0000,-21.4059,0.0000,0.4318
267.0000,13.1003,0.0000,-20.8815,0.0000,0.4319
267.1000,12.7668,0.0000,-20.3566,0.0000,0.4319
267.2000,12.4334,0.0000,-19.8312,0.0000,0.4320
267.3000,12.0999,0.0000,-19.3052,0.0000,0.4320
267.4000,11.7664,0.0000,-18.7788,0.0000,0.4320
267.5000,11.4329,0.0000,-18.2520,0.0000,0.4321
267.6000,11.0995,0.0000,-17.7246,0.0000,0.4321
267.7000,10.7660,0.0000,-17.1968,0.0000,0.4321
267.8000,10.4325,0.0000,-16.6686,0.0000,0.4321
267.9000,10.0990,0.0000,-16.1400,0.0000,0.4322
268.0000,9.7656,0.0000,-15.6109,0.0000,0.4322
268.1000,9.4321,0.0000,-15.0815,0.0000,0.4322
268.2000,9.0986,0.0000,-14.5517,0.0000,0.4322
268.3000,8.7651,0.0000,-14.0215,0.0000,0.4323
268.4000,8.4316,0.0000,-13.4909,0.0000,0.4323
268.5000,8.0982,0.0000,-12.9601,0.0000,0.4323
268.6000,7.7647,0.0000,-12.4289,0.0000,0.4323
268.7000,7.4312,0.0000,-11.8973,0.0000,0.4323
268.8000,7.0977,0.0000,-11.3655,0.0000,0.4324
268.9000,6.7643,0.0000,-10.8334,0.0000,0.4324
269.0000,6.4308,0.0000,-10.3010,0.0000,0.4324
269.1000,6.0973,0.0000,-9.7684,0.0000,0.4324
269.2000,5.7638,0.0000,-9.1784,0.0000,0.4324
269.3000,5.4341,0.0000,-8.4908,0.0000,0.4324
269.4000,5.1120,0.0000,-7.7326,0.0000,0.4324
269.5000,4.8012,0.0000,-6.9330,0.0000,0.4324
269.6000,4.5050,0.0000,-6.1170,0.0000,0.4324
269.7000,4.2268,0.0000,-5.4816,0.0000,0.4324
269.8000,3.9538,0.0000,-5.0134,0.0000,0.4324
269.9000,3.6865,0.0000,-4.5571,0.0000,0.4324
270.0000,3.4256,0.0000,-4.1170,0.0000,0.4324
270.1000,3.1713,0.0000,-3.6965,0.0000,0.4324
270.2000,2.9240,0.0000,-3.2050,0.0000,0.4324
270.3000,2.6961,0.0000,-2.6908,0.0000,0.4324
270.4000,2.4859,0.0000,-2.2563,0.0000,0.4324
270.5000,2.2921,0.0000,-1.8893,0.0000,0.4323
270.6000,2.1134,0.0000,-1.5796,0.0000,0.4323
270.7000,1.9486,0.0000,-1.3183,0.0000,0.4323
270.8000,1.7967,0.0000,-1.0981,0.0000,0.4323
270.9000,1.6566,0.0000,-0.9127,0.0000,0.4323
271.0000,1.5274,0.0000,-0.7567,0.0000,0.4323
271.1000,1.4083,0.0000,-0.6255,0.0000,0.4323
271.2000,1.2985,0.0000,-0.5154,0.0000,0.4323
271.3000,1.1973,0.0000,-0.4231,0.0000,0.4323
271.4000,1.1040,0.0000,-0.3457,0.0000,0.4323
271.5000,1.0179,0.0000,-0.2811,0.0000,0.4323
271.6000,0.9385,0.0000,-0.2271,0.0000,0.4323
271.7000,0.8654,0.0000,-0.1822,0.0000,0.4323
271.8000,0.7979,0.0000,-0.1448,0.0000,0.4323
271.9000,0.7357,0.0000,-0.1138,0.0000,0.4323
272.0000,0.6783,0.0000,-0.0882,0.0000,0.4323
272.1000,0.6254,0.0000,-0.0671,0.0000,0.4323
272.2000,0.5767,0.0000,-0.0498,0.0000,0.4323
272.3000,0.5317,0.0000,-0.0356,0.0000,0.4323
272.4000,0.4903,0.0000,-0.0241,0.0000,0.4322
272.5000,0.4520,0.0000,-0.0148,0.0000,0.4322
272.6000,0.4168,0.0000,-0.0073,0.0000,0.4322
272.7000,0.3843,0.0000,-0.0014,0.0000,0.4322
272.8000,0.3543,0.0000,0.0033,0.0000,0.4322
272.9000,0.3267,0.0000,0.0069,0.0000,0.4322
273.0000,0.3012,0.0000,0.0097,0.0000,0.4322
273.1000,0.2778,0.0000,0.0118,0.0000,0.4322
273.2000,0.2561,0.0000,0.0132,0.0000,0.4322
273.3000,0.2361,0.0000,0.0142,0.0000,0.4322
273.4000,0.2177,0.0000,0.0148,0.0000,0.4322
273.5000,0.2007,0.0000,-0.0832,0.0000,0.4322
273.6000,0.0000,0.0000,-0.0000,0.0000,0.4322
273.7000,0.0000,0.0000,0.0000,0.0000,0.4322
273.8000,0.0000,0.0000,0.0000,0.0000,0.4322
273.9000,0.0000,0.0000,0.0000,0.0000,0.4322
274.0000,0.0000,0.0000,0.0000,0.0000,0.4322
274.1000,0.0000,0.0000,0.0000,0.0000,0.4322
274.2000,0.0000,0.0000,0.0000,0.0000,0.4322
274.3000,0.0000,0.0000,0.0000,0.0000,0.4321
274.4000,0.0000,0.0000,0.0000,0.0000,0.4321
274.5000,0.0000,0.0000,0.0000,0.0000,0.4321
274.6000,0.0000,0.0000,0.0000,0.0000,0.4321
274.7000,0.0000,0.0000,0.0000,0.0000,0.4321
274.8000,0.0000,0.0000,0.0000,0.0000,0.4321
274.9000,0.0000,0.0000,0.0000,0.0000,0.4321
275.0000,0.0000,0.0000,0.0000,0.0000,0.4321
275.1000,0.0000,0.0000,0.0000,0.0000,0.4321
275.2000,0.0000,0.0000,0.0000,0.0000,0.4321
275.3000,0.0000,0.0000,0.0000,0.0000,0.4321
275.4000,0.0000,0.0000,0.0000,0.0000,0.4321
275.5000,0.0000,0.0000,0.0000,0.0000,0.4321
275.6000,0.0000,0.0000,0.0000,0.0000,0.4321
275.7000,0.0000,0.0000,0.0000,0.0000,0.4321
275.8000,0.0000,0.0000,0.0000,0.0000,0.4321
275.9000,0.0000,0.0000,0.0000,0.0000,0.4321
276.0000,0.0000,0.0000,0.0000,0.0000,0.4321
276.1000,0.0000,0.0000,0.0000,0.0000,0.4321
276.2000,0.0000,0.0000,0.0000,0.0000,0.4321
276.3000,0.0000,0.0000,0.0000,0.0000,0.4320
276.4000,0.0000,0.0000,0.0000,0.0000,0.4320
276.5000,0.0000,0.0000,0.0000,0.0000,0.4320
276.6000,0.0000,0.0000,0.0000,0.0000,0.4320
276.7000,0.0000,0.0000,0.0000,0.0000,0.4320
276.8000,0.0000,0.0000,0.0000,0.0000,0.4320
276.9000,0.0000,0.0000,0.0000,0.0000,0.4320
277.0000,0.0000,0.0000,0.0000,0.0000,0.4320
277.1000,0.0000,0.0000,0.0000,0.0000,0.4320
277.2000,0.0000,0.0000,0.0000,0.0000,0.4320
277.3000,0.0000,0.0000,0.0000,0.0000,0.4320
277.4000,0.0000,0.0000,0.0000,0.0000,0.4320
277.5000,0.0000,0.0000,0.0000,0.0000,0.4320
277.6000,0.0000,0.0000,0.0000,0.0000,0.4320
277.7000,0.0000,0.0000,0.0000,0.0000,0.4320
277.8000,0.0000,0.0000,0.0000,0.0000,0.4320
277.9000,0.0000,0.0000,0.0000,0.0000,0.4320
278.0000,0.0000,0.0000,0.0000,0.0000,0.4320
278.1000,0.0000,0.0000,0.0000,0.0000,0.4320
278.2000,0.0000,0.0000,0.0000,0.0000,0.4319
278.3000,0.0000,0.0000,0.0000,0.0000,0.4319
278.4000,0.0000,0.0000,0.0000,0.0000,0.4319
278.5000,0.0000,0.0000,0.0000,0.0000,0.4319
278.6000,0.0000,0.0000,0.0000,0.0000,0.4319
278.7000,0.0000,0.0000,0.0000,0.0000,0.4319
278.8000,0.0000,0.0000,0.0000,0.0000,0.4319
278.9000,0.0000,0.0000,0.0000,0.0000,0.4319
279.0000,0.0000,0.0000,0.0000,0.0000,0.4319
279.1000,0.0000,0.0000,0.0000,0.0000,0.4319
279.2000,0.0000,0.0000,0.0000,0.0000,0.4319
279.3000,0.0000,0.0000,0.0000,0.0000,0.4319
279.4000,0.0000,0.0000,0.0000,0.0000,0.4319
279.5000,0.0000,0.0000,0.0000,0.0000,0.4319
279.6000,0.0000,0.0000,0.0000,0.0000,0.4319
279.7000,0.0000,0.0000,0.0000,0.0000,0.4319
279.8000,0.0000,0.0000,0.0000,0.0000,0.4319
279.9000,0.0000,0.0000,0.0000,0.0000,0.4319
280.0000,0.0000,0.0000,0.0000,0.0000,0.4319
280.1000,0.0000,0.0000,0.0000,0.0000,0.4318
280.2000,0.0000,0.0000,0.0000,0.0000,0.4318
280.3000,0.0000,0.0000,0.0000,0.0000,0.4318
280.4000,0.0000,0.0000,0.0000,0.0000,0.4318
280.5000,0.0000,0.0000,0.0000,0.0000,0.4318
280.6000,0.0000,0.0000,0.0000,0.0000,0.4318
280.7000,0.0000,0.0000,0.0000,0.0000,0.4318
280.8000,0.0000,0.0000,0.0000,0.0000,0.4318
280.9000,0.0000,0.0000,0.0000,0.0000,0.4318
281.0000,0.0000,0.0000,0.0000,0.0000,0.4318
281.1000,0.0000,0.0000,0.0000,0.0000,0.4318
281.2000,0.0000,0.0000,0.0000,0.0000,0.4318
281.3000,0.0000,0.0000,0.0000,0.0000,0.4318
281.4000,0.0000,0.0000,0.0000,0.0000,0.4318
281.5000,0.0000,0.0000,0.0000,0.0000,0.4318
281.6000,0.0000,0.0000,0.0000,0.0000,0.4318
281.7000,0.0000,0.0000,0.0000,0.0000,0.4318
281.8000,0.0000,0.0000,0.0000,0.0000,0.4318
281.9000,0.0000,0.0000,0.0000,0.0000,0.4318
282.0000,0.0000,0.0000,0.0000,0.0000,0.4318
282.1000,0.0000,0.0000,0.0000,0.0000,0.4317
282.2000,0.0000,0.0000,0.0000,0.0000,0.4317
282.3000,0.0000,0.0000,0.0000,0.0000,0.4317
282.4000,0.0000,0.0000,0.0000,0.0000,0.4317
282.5000,0.0000,0.0000,0.0000,0.0000,0.4317
282.6000,0.0000,0.0000,0.0000,0.0000,0.4317
282.7000,0.0000,0.0000,0.0000,0.0000,0.4317
282.8000,0.0000,0.0000,0.0000,0.0000,0.4317
282.9000,0.0000,0.0000,0.0000,0.0000,0.4317
283.0000,0.0000,0.0000,0.0000,0.0000,0.4317
283.1000,0.0000,0.0000,0.0000,0.0000,0.4317
283.2000,0.0000,0.0000,0.0000,0.0000,0.4317
283.3000,0.0000,0.0000,0.0000,0.0000,0.4317
283.4000,0.0000,0.0000,0.0000,0.0000,0.4317
283.5000,0.0000,0.0000,0.0000,0.0000,0.4317
283.6000,0.0000,0.0000,0.0000,0.0000,0.4317
283.7000,0.0000,0.0000,0.0000,0.0000,0.4317
283.8000,0.0000,0.0000,0.0000,0.0000,0.4317
283.9000,0.0000,0.0000,0.0000,0.0000,0.4317
284.0000,0.0000,0.0000,0.0000,0.0000,0.4316
284.1000,0.0000,0.0000,0.0000,0.0000,0.4316
284.2000,0.0000,0.0000,0.0000,0.0000,0.4316
284.3000,0.0000,0.0000,0.0000,0.0000,0.4316
284.4000,0.0000,0.0000,0.0000,0.0000,0.4316
284.5000,0.0000,0.0000,0.0000,0.0000,0.4316
284.6000,0.0000,0.0000,0.0000,0.0000,0.4316
284.7000,0.0000,0.0000,0.0000,0.0000,0.4316
284.8000,0.0000,0.0000,0.0000,0.0000,0.4316
284.9000,0.0000,0.0000,0.0000,0.0000,0.4316
285.0000,0.0000,0.0000,0.0000,0.0000,0.4316
285.1000,0.0000,0.0000,0.0000,0.0000,0.4316
285.2000,0.0000,0.0000,0.0000,0.0000,0.4316
285.3000,0.0000,0.0000,0.0000,0.0000,0.4316
285.4000,0.0000,0.0000,0.0000,0.0000,0.4316
285.5000,0.0000,0.0000,0.0000,0.0000,0.4316
285.6000,0.0000,0.0000,0.0000,0.0000,0.4316
285.7000,0.0000,0.0000,0.0000,0.0000,0.4316
285.8000,0.0000,0.0000,0.0000,0.0000,0.4316
285.9000,0.0000,0.0000,0.0000,0.0000,0.4315
286.0000,0.0000,0.0000,0.0000,0.0000,0.4315
286.1000,0.0000,0.0000,0.0000,0.0000,0.4315
286.2000,0.0000,0.0000,0.0000,0.0000,0.4315
286.3000,0.0000,0.0000,0.0000,0.0000,0.4315
286.4000,0.0000,0.0000,0.0000,0.0000,0.4315
286.5000,0.0000,0.0000,0.0000,0.0000,0.4315
286.6000,0.0000,0.0000,0.0000,0.0000,0.4315
286.7000,0.0000,0.0000,0.0000,0.0000,0.4315
286.8000,0.0000,0.0000,0.0000,0.0000,0.4315
286.9000,0.0000,0.0000,0.0000,0.0000,0.4315
287.0000,0.0000,0.0000,0.0000,0.0000,0.4315
287.1000,0.0000,0.0000,0.0000,0.0000,0.4315
287.2000,0.0000,0.0000,0.0000,0.0000,0.4315
287.3000,0.0000,0.0000,0.0000,0.0000,0.4315
287.4000,0.0000,0.0000,0.0000,0.0000,0.4315
287.5000,0.0000,0.0000,0.0000,0.0000,0.4315
287.6000,0.0000,0.0000,0.0000,0.0000,0.4315
287.7000,0.0000,0.0000,0.0000,0.0000,0.4315
287.8000,0.0000,0.0000,0.0000,0.0000,0.4315
287.9000,0.0000,0.0000,0.0000,0.0000,0.4314
288.0000,0.0000,0.0000,0.0000,0.0000,0.4314
288.1000,0.0000,0.0000,0.0000,0.0000,0.4314
288.2000,0.0000,0.0000,0.0000,0.0000,0.4314
288.3000,0.0000,0.0000,0.0000,0.0000,0.4314
288.4000,0.0000,0.0000,0.0000,0.0000,0.4314
288.5000,0.0000,0.0000,0.0000,0.0000,0.4314
288.6000,0.0000,0.0000,0.0000,0.0000,0.4314
288.7000,0.0000,0.0000,0.0000,0.0000,0.4314
288.8000,0.0000,0.0000,0.0000,0.0000,0.4314
288.9000,0.0000,0.0000,0.0000,0.0000,0.4314
289.0000,0.0000,0.0000,0.0000,0.0000,0.4314
289.1000,0.0000,0.0000,0.0000,0.0000,0.4314
289.2000,0.0000,0.0000,0.0000,0.0000,0.4314
289.3000,0.0000,0.0000,0.0000,0.0000,0.4314
289.4000,0.0000,0.0000,0.0000,0.0000,0.4314
289.5000,0.0000,0.0000,0.0000,0.0000,0.4314
289.6000,0.0000,0.0000,0.0000,0.0000,0.4314
289.7000,0.0000,0.0000,0.0000,0.0000,0.4314
289.8000,0.0000,0.0000,0.0000,0.0000,0.4313
289.9000,0.0000,0.0000,0.0000,0.0000,0.4313
290.0000,0.0000,0.0000,0.0000,0.0000,0.4313
290.1000,0.0000,0.0000,0.0000,0.0000,0.4313
290.2000,0.0000,0.0000,0.0000,0.0000,0.4313
290.3000,0.0000,0.0000,0.0000,0.0000,0.4313
290.4000,0.0000,0.0000,0.0000,0.0000,0.4313
290.5000,0.0000,0.0000,0.0000,0.0000,0.4313
290.6000,0.0000,0.0000,0.0000,0.0000,0.4313
290.7000,0.0000,0.0000,0.0000,0.0000,0.4313
290.8000,0.0000,0.0000,0.0000,0.0000,0.4313
290.9000,0.0000,0.0000,0.0000,0.0000,0.4313
291.0000,0.0000,0.0000,0.0000,0.0000,0.4313
291.1000,0.0000,0.0000,0.0000,0.0000,0.4313
291.2000,0.0000,0.0000,0.0000,0.0000,0.4313
291.3000,0.0000,0.0000,0.0000,0.0000,0.4313
291.4000,0.0000,0.0000,0.0000,0.0000,0.4313
291.5000,0.0000,0.0000,0.0000,0.0000,0.4313
291.6000,0.0000,0.0000,0.0000,0.0000,0.4313
291.7000,0.0000,0.0000,0.0000,0.0000,0.4313
291.8000,0.0000,0.0000,0.0000,0.0000,0.4312
291.9000,0.0000,0.0000,0.0000,0.0000,0.4312
292.0000,0.0000,0.0000,0.0000,0.0000,0.4312
292.1000,0.0000,0.0000,0.0000,0.0000,0.4312
292.2000,0.0000,0.0000,0.0000,0.0000,0.4312
292.3000,0.0000,0.0000,0.0000,0.0000,0.4312
292.4000,0.0000,0.0000,0.0000,0.0000,0.4312
292.5000,0.0000,0.0000,0.0000,0.0000,0.4312
292.6000,0.0000,0.0000,0.0000,0.0000,0.4312
292.7000,0.0000,0.0000,0.0000,0.0000,0.4312
292.8000,0.0000,0.0000,0.0000,0.0000,0.4312
292.9000,0.0000,0.0000,0.0000,0.0000,0.4312
293.0000,0.0000,0.0000,0.0000,0.0000,0.4312
293.1000,0.0000,0.0000,0.0000,0.0000,0.4312
293.2000,0.0000,0.0000,0.0000,0.0000,0.4312
293.3000,0.0000,0.0000,0.0000,0.0000,0.4312
293.4000,0.0000,0.0000,0.0000,0.0000,0.4312
293.5000,0.0000,0.0000,0.0000,0.0000,0.4312
293.6000,0.0000,0.0000,0.0000,0.0000,0.4312
293.7000,0.0000,0.0000,0.0000,0.0000,0.4311
293.8000,0.0000,0.0000,0.0000,0.0000,0.4311
293.9000,0.0000,0.0000,0.0000,0.0000,0.4311
294.0000,0.0000,0.0000,0.0000,0.0000,0.4311
294.1000,0.0000,0.0000,0.0000,0.0000,0.4311
294.2000,0.0000,0.0000,0.0000,0.0000,0.4311
294.3000,0.0000,0.0000,0.0000,0.0000,0.4311
294.4000,0.0000,0.0000,0.0000,0.0000,0.4311
294.5000,0.0000,0.0000,0.0000,0.0000,0.4311
294.6000,0.0000,0.0000,0.0000,0.0000,0.4311
294.7000,0.0000,0.0000,0.0000,0.0000,0.4311
294.8000,0.0000,0.0000,0.0000,0.0000,0.4311
294.9000,0.0000,0.0000,0.0000,0.0000,0.4311
295.0000,0.0000,0.0000,0.0000,0.0000,0.4311
295.1000,0.0000,0.0000,0.0000,0.0000,0.4311
295.2000,0.0000,0.0000,0.0000,0.0000,0.4311
295.3000,0.0000,0.0000,0.0000,0.0000,0.4311
295.4000,0.0000,0.0000,0.0000,0.0000,0.4311
295.5000,0.0000,0.0000,0.0000,0.0000,0.4311
295.6000,0.0000,0.0000,0.0000,0.0000,0.4310
295.7000,0.0000,0.0000,0.0000,0.0000,0.4310
295.8000,0.0000,0.0000,0.0000,0.0000,0.4310
295.9000,0.0000,0.0000,0.0000,0.0000,0.4310
296.0000,0.0000,0.0000,0.0000,0.0000,0.4310
296.1000,0.0000,0.0000,0.0000,0.0000,0.4310
296.2000,0.0000,0.0000,0.0000,0.0000,0.4310
296.3000,0.0000,0.0000,0.0000,0.0000,0.4310
296.4000,0.0000,0.0000,0.0000,0.0000,0.4310
296.5000,0.0000,0.0000,0.0000,0.0000,0.4310
296.6000,0.0000,0.0000,0.0000,0.0000,0.4310
296.7000,0.0000,0.0000,0.0000,0.0000,0.4310
296.8000,0.0000,0.0000,0.0000,0.0000,0.4310
296.9000,0.0000,0.0000,0.0000,0.0000,0.4310
297.0000,0.0000,0.0000,0.0000,0.0000,0.4310
297.1000,0.0000,0.0000,0.0000,0.0000,0.4310
297.2000,0.0000,0.0000,0.0000,0.0000,0.4310
297.3000,0.0000,0.0000,0.0000,0.0000,0.4310
297.4000,0.0000,0.0000,0.0000,0.0000,0.4310
297.5000,0.0000,0.0000,0.0000,0.0000,0.4310
297.6000,0.0000,0.0000,0.0000,0.0000,0.4309
297.7000,0.0000,0.0000,0.0000,0.0000,0.4309
297.8000,0.0000,0.0000,0.0000,0.0000,0.4309
297.9000,0.0000,0.0000,0.0000,0.0000,0.4309
298.0000,0.0000,0.0000,0.0000,0.0000,0.4309
298.1000,0.0000,0.0000,0.0000,0.0000,0.4309
298.2000,0.0000,0.0000,0.0000,0.0000,0.4309
298.3000,0.0000,0.0000,0.0000,0.0000,0.4309
298.4000,0.0000,0.0000,0.0000,0.0000,0.4309
298.5000,0.0000,0.0000,0.0000,0.0000,0.4309
298.6000,0.0000,0.0000,0.0000,0.0000,0.4309
298.7000,0.0000,0.0000,0.0000,0.0000,0.4309
298.8000,0.0000,0.0000,0.0000,0.0000,0.4309
298.9000,0.0000,0.0000,0.0000,0.0000,0.4309
299.0000,0.0000,0.0000,0.0000,0.0000,0.4309
299.1000,0.0000,0.0000,0.0000,0.0000,0.4309
299.2000,0.0000,0.0000,0.0000,0.0000,0.4309
299.3000,0.0000,0.0000,0.0000,0.0000,0.4309
299.4000,0.0000,0.0000,0.0000,0.0000,0.4309
299.5000,0.0000,0.0000,0.0000,0.0000,0.4308
299.6000,0.0000,0.0000,0.0000,0.0000,0.4308
299.7000,0.0000,0.0000,0.0000,0.0000,0.4308
299.8000,0.0000,0.0000,0.0000,0.0000,0.4308
299.9000,0.0000,0.0000,0.0000,0.0000,0.4308
